2.697099
2.697099
2.441537
2.441537
2.534033
2.534033
2.421660
2.421660
2.469902
2.469902
2.405254
2.405254
2.292673
2.292673
2.273111
2.273111
2.246881
2.246881
2.101452
2.101452
2.023120
2.023120
1.995734
1.995734
1.904983
1.904983
1.821764
1.821764
1.859196
1.859196
1.727873
1.727873
1.749287
1.749287
1.638440
1.638440
1.705725
1.705725
1.627516
1.627516
1.568931
1.568931
1.592614
1.592614
1.648849
1.648849
1.368055
1.368055
1.473927
1.473927
1.590750
1.590750
1.354055
1.354055
1.547190
1.547190
1.351479
1.351479
1.387583
1.387583
1.564825
1.564825
1.265270
1.265270
1.182257
1.182257
1.140489
1.140489
1.262354
1.262354
1.325546
1.325546
1.067448
1.067448
1.268578
1.268578
1.185511
1.185511
1.172653
1.172653
1.256514
1.256514
0.913144
0.913144
0.993884
0.993884
1.074982
1.074982
0.929261
0.929261
0.843451
0.843451
0.908655
0.908655
0.994732
0.994732
0.684704
0.684704
1.119084
1.119084
0.872079
0.872079
0.923406
0.923406
0.823684
0.823684
0.925132
0.925132
0.896479
0.896479
0.900086
0.900086
0.965972
0.965972
0.816632
0.816632
0.875247
0.875247
0.805000
0.805000
0.925645
0.925645
0.939586
0.939586
0.666613
0.666613
0.915525
0.915525
0.672075
0.672075
0.723978
0.723978
0.959535
0.959535
0.829516
0.829516
0.863744
0.863744
0.981387
0.981387
0.876212
0.876212
0.962344
0.962344
0.481586
0.481586
0.633324
0.633324
0.614462
0.614462
0.810967
0.810967
0.821268
0.821268
0.677251
0.677251
0.786401
0.786401
0.701192
0.701192
0.840118
0.840118
0.748505
0.748505
0.599425
0.599425
0.562479
0.562479
0.713641
0.713641
0.709246
0.709246
0.768961
0.768961
0.676149
0.676149
0.659770
0.659770
0.708703
0.708703
0.642788
0.642788
0.704941
0.704941
0.688462
0.688462
0.714320
0.714320
0.729871
0.729871
0.641693
0.641693
0.703845
0.703845
0.784950
0.784950
1.020962
1.020962
0.874233
0.874233
0.656091
0.656091
0.941106
0.941106
0.753099
0.753099
0.876028
0.876028
0.735092
0.735092
0.727271
0.727271
0.782788
0.782788
0.555165
0.555165
0.635406
0.635406
0.792860
0.792860
0.852130
0.852130
0.498874
0.498874
0.576473
0.576473
0.969086
0.969086
0.719361
0.719361
0.598826
0.598826
0.623535
0.623535
0.746162
0.746162
0.792679
0.792679
0.714654
0.714654
0.704898
0.704898
0.858227
0.858227
0.854193
0.854193
0.708100
0.708100
0.502319
0.502319
0.647752
0.647752
0.954455
0.954455
0.789866
0.789866
0.485954
0.485954
0.640915
0.640915
0.510335
0.510335
0.520954
0.520954
0.530183
0.530183
0.629326
0.629326
0.519579
0.519579
0.893833
0.893833
0.657224
0.657224
0.716822
0.716822
0.631684
0.631684
0.709915
0.709915
0.632000
0.632000
0.613077
0.613077
0.846135
0.846135
0.748262
0.748262
0.689163
0.689163
0.652396
0.652396
0.805513
0.805513
0.551794
0.551794
0.520045
0.520045
0.547362
0.547362
0.643937
0.643937
0.515504
0.515504
0.601825
0.601825
0.639043
0.639043
0.372148
0.372148
0.822721
0.822721
0.583429
0.583429
0.849877
0.849877
0.482284
0.482284
0.690634
0.690634
0.660015
0.660015
0.532319
0.532319
0.438742
0.438742
0.495615
0.495615
0.654783
0.654783
0.652652
0.652652
0.581217
0.581217
0.907822
0.907822
0.603233
0.603233
0.988887
0.988887
0.496752
0.496752
0.495941
0.495941
0.519715
0.519715
0.678939
0.678939
0.687762
0.687762
0.597083
0.597083
0.995343
0.995343
0.788800
0.788800
0.492278
0.492278
0.871937
0.871937
0.749087
0.749087
0.561983
0.561983
0.708074
0.708074
0.607107
0.607107
0.686509
0.686509
0.642492
0.642492
0.733535
0.733535
0.664319
0.664319
0.584477
0.584477
0.629773
0.629773
0.486976
0.486976
0.518151
0.518151
0.450400
0.450400
0.482409
0.482409
0.692256
0.692256
0.807418
0.807418
0.555984
0.555984
0.399859
0.399859
0.650740
0.650740
0.586350
0.586350
0.649094
0.649094
0.674884
0.674884
0.556175
0.556175
0.448663
0.448663
0.430817
0.430817
0.773376
0.773376
0.640040
0.640040
0.530362
0.530362
0.824202
0.824202
0.598603
0.598603
0.568182
0.568182
0.537325
0.537325
0.813169
0.813169
0.686638
0.686638
0.683351
0.683351
0.564588
0.564588
0.604982
0.604982
0.507131
0.507131
0.635882
0.635882
0.558933
0.558933
0.419755
0.419755
0.539867
0.539867
0.640079
0.640079
0.581888
0.581888
0.539889
0.539889
0.689303
0.689303
0.586676
0.586676
0.822492
0.822492
0.831122
0.831122
0.532799
0.532799
0.637774
0.637774
0.423000
0.423000
0.667627
0.667627
0.480622
0.480622
0.689058
0.689058
0.431258
0.431258
0.540331
0.540331
0.400335
0.400335
0.361984
0.361984
0.485641
0.485641
0.412456
0.412456
0.447707
0.447707
0.344273
0.344273
0.706214
0.706214
0.455192
0.455192
0.477273
0.477273
0.657687
0.657687
0.704132
0.704132
0.467122
0.467122
0.893955
0.893955
0.676724
0.676724
0.456864
0.456864
0.343388
0.343388
0.542183
0.542183
0.605114
0.605114
0.688706
0.688706
0.495646
0.495646
0.575721
0.575721
0.715978
0.715978
0.334039
0.334039
0.551273
0.551273
0.393510
0.393510
0.528802
0.528802
0.698068
0.698068
0.653178
0.653178
0.562521
0.562521
0.781784
0.781784
0.434770
0.434770
0.535451
0.535451
0.627599
0.627599
0.471767
0.471767
0.554401
0.554401
0.491148
0.491148
0.404416
0.404416
0.548289
0.548289
0.554771
0.554771
0.738255
0.738255
0.773463
0.773463
0.497811
0.497811
0.630036
0.630036
0.856567
0.856567
0.473646
0.473646
0.943970
0.943970
0.553402
0.553402
0.736528
0.736528
0.598390
0.598390
0.581993
0.581993
0.551295
0.551295
0.430855
0.430855
0.429977
0.429977
0.524466
0.524466
0.536818
0.536818
0.445373
0.445373
0.457782
0.457782
0.403703
0.403703
0.417591
0.417591
0.456500
0.456500
0.325754
0.325754
0.446295
0.446295
0.543282
0.543282
0.395338
0.395338
0.566687
0.566687
0.915169
0.915169
0.572454
0.572454
0.499117
0.499117
0.604734
0.604734
0.317191
0.317191
0.616547
0.616547
0.276146
0.276146
0.637705
0.637705
0.521355
0.521355
0.323249
0.323249
0.579424
0.579424
0.777323
0.777323
0.404480
0.404480
0.417883
0.417883
0.697048
0.697048
0.660530
0.660530
0.547573
0.547573
0.482024
0.482024
0.323131
0.323131
0.532782
0.532782
0.596018
0.596018
0.587613
0.587613
0.460259
0.460259
0.617495
0.617495
0.531078
0.531078
0.727087
0.727087
0.605927
0.605927
0.496202
0.496202
0.639343
0.639343
0.364570
0.364570
0.721005
0.721005
0.431475
0.431475
0.575838
0.575838
0.516196
0.516196
0.416034
0.416034
0.483744
0.483744
0.539502
0.539502
0.488150
0.488150
0.630129
0.630129
0.614860
0.614860
0.514053
0.514053
0.459327
0.459327
0.492379
0.492379
0.298823
0.298823
0.409830
0.409830
0.377308
0.377308
0.615768
0.615768
0.414309
0.414309
0.485394
0.485394
0.726020
0.726020
0.540521
0.540521
0.609373
0.609373
0.444047
0.444047
0.607433
0.607433
0.494676
0.494676
0.409558
0.409558
0.580636
0.580636
0.388919
0.388919
0.537698
0.537698
0.467305
0.467305
0.646271
0.646271
0.606126
0.606126
0.910747
0.910747
0.393201
0.393201
0.417233
0.417233
0.491906
0.491906
0.449452
0.449452
0.317230
0.317230
0.650208
0.650208
0.563546
0.563546
0.754115
0.754115
0.436651
0.436651
0.457957
0.457957
0.426922
0.426922
0.441161
0.441161
0.405292
0.405292
0.462319
0.462319
0.687892
0.687892
0.630020
0.630020
0.675199
0.675199
0.669246
0.669246
0.513611
0.513611
0.363073
0.363073
0.727149
0.727149
0.537148
0.537148
0.368232
0.368232
0.420572
0.420572
0.285942
0.285942
0.574328
0.574328
0.655442
0.655442
0.578347
0.578347
0.759560
0.759560
0.467408
0.467408
0.660175
0.660175
0.522203
0.522203
0.517702
0.517702
0.613628
0.613628
0.330059
0.330059
0.777383
0.777383
0.352251
0.352251
0.443469
0.443469
0.472385
0.472385
0.654795
0.654795
0.581783
0.581783
0.499384
0.499384
0.600440
0.600440
0.435671
0.435671
0.452902
0.452902
0.370909
0.370909
0.468914
0.468914
0.515334
0.515334
0.494338
0.494338
0.588817
0.588817
0.570324
0.570324
0.519664
0.519664
0.505444
0.505444
0.363851
0.363851
0.449481
0.449481
0.656074
0.656074
0.785889
0.785889
0.559623
0.559623
0.515280
0.515280
0.832105
0.832105
0.523623
0.523623
0.509686
0.509686
0.688007
0.688007
0.643746
0.643746
0.681466
0.681466
0.561196
0.561196
0.523991
0.523991
0.447514
0.447514
0.469826
0.469826
0.603477
0.603477
0.368849
0.368849
0.421452
0.421452
0.586065
0.586065
0.847080
0.847080
0.297963
0.297963
0.376189
0.376189
0.514756
0.514756
0.340339
0.340339
0.437475
0.437475
0.471082
0.471082
0.429719
0.429719
0.632387
0.632387
0.551995
0.551995
0.742142
0.742142
0.556855
0.556855
0.437816
0.437816
0.427584
0.427584
0.542276
0.542276
0.356979
0.356979
0.515314
0.515314
0.591580
0.591580
0.573089
0.573089
0.573030
0.573030
0.338754
0.338754
0.470831
0.470831
0.544732
0.544732
0.337858
0.337858
0.455369
0.455369
0.781627
0.781627
0.446056
0.446056
0.351282
0.351282
0.296600
0.296600
0.486170
0.486170
0.392087
0.392087
0.600973
0.600973
0.294519
0.294519
0.365004
0.365004
0.406273
0.406273
0.711716
0.711716
0.590238
0.590238
0.393007
0.393007
0.464851
0.464851
0.524012
0.524012
0.488974
0.488974
0.542212
0.542212
0.467192
0.467192
0.436095
0.436095
0.566038
0.566038
0.475820
0.475820
0.363273
0.363273
0.326389
0.326389
0.440274
0.440274
0.449669
0.449669
0.477351
0.477351
0.314065
0.314065
0.478180
0.478180
0.524018
0.524018
0.737580
0.737580
0.357866
0.357866
0.545984
0.545984
0.209936
0.209936
0.522193
0.522193
0.650499
0.650499
0.492124
0.492124
0.416663
0.416663
0.480891
0.480891
0.537865
0.537865
0.737277
0.737277
0.439962
0.439962
0.517605
0.517605
0.442386
0.442386
0.780980
0.780980
0.429352
0.429352
0.584192
0.584192
0.569381
0.569381
0.878343
0.878343
0.365686
0.365686
0.616998
0.616998
0.436470
0.436470
0.519596
0.519596
0.755782
0.755782
0.363535
0.363535
0.697987
0.697987
0.691087
0.691087
0.786221
0.786221
0.642348
0.642348
0.346972
0.346972
0.429121
0.429121
0.413189
0.413189
0.576791
0.576791
0.610620
0.610620
0.378787
0.378787
0.341233
0.341233
0.189976
0.189976
0.562546
0.562546
0.513510
0.513510
0.317730
0.317730
0.640553
0.640553
0.511875
0.511875
0.430854
0.430854
0.318691
0.318691
0.484673
0.484673
0.416599
0.416599
0.467259
0.467259
0.387590
0.387590
0.442269
0.442269
0.381000
0.381000
0.549174
0.549174
0.749984
0.749984
0.574849
0.574849
0.435272
0.435272
0.461853
0.461853
0.344749
0.344749
0.558346
0.558346
0.372113
0.372113
0.504436
0.504436
0.407511
0.407511
0.682799
0.682799
0.440576
0.440576
0.354577
0.354577
0.623678
0.623678
0.534096
0.534096
0.519290
0.519290
0.259355
0.259355
0.512568
0.512568
0.212973
0.212973
0.403059
0.403059
0.525790
0.525790
0.396692
0.396692
0.661316
0.661316
0.458729
0.458729
0.440758
0.440758
0.469536
0.469536
0.380909
0.380909
0.521778
0.521778
0.470121
0.470121
0.611414
0.611414
0.603419
0.603419
0.365499
0.365499
0.631190
0.631190
0.443132
0.443132
0.569733
0.569733
0.385925
0.385925
0.335243
0.335243
0.467843
0.467843
0.310080
0.310080
0.561232
0.561232
0.462568
0.462568
0.610299
0.610299
0.468121
0.468121
0.395512
0.395512
0.372338
0.372338
0.458955
0.458955
0.411203
0.411203
0.442213
0.442213
0.538071
0.538071
0.428983
0.428983
0.696004
0.696004
0.393759
0.393759
0.497462
0.497462
0.398639
0.398639
0.360288
0.360288
0.268328
0.268328
0.452454
0.452454
0.617981
0.617981
0.307611
0.307611
0.839785
0.839785
0.270744
0.270744
0.262618
0.262618
0.711560
0.711560
0.348278
0.348278
0.595202
0.595202
0.396946
0.396946
0.511239
0.511239
0.416306
0.416306
0.439451
0.439451
0.404357
0.404357
0.460192
0.460192
0.522254
0.522254
0.621440
0.621440
0.392015
0.392015
0.446327
0.446327
0.724669
0.724669
0.412755
0.412755
0.569570
0.569570
0.583523
0.583523
0.527221
0.527221
0.443216
0.443216
0.477843
0.477843
0.511096
0.511096
0.301497
0.301497
0.456019
0.456019
0.625948
0.625948
0.493389
0.493389
0.411998
0.411998
0.481656
0.481656
0.441777
0.441777
0.391627
0.391627
0.471646
0.471646
0.346647
0.346647
0.426104
0.426104
0.685370
0.685370
0.520900
0.520900
0.831121
0.831121
0.785809
0.785809
0.599132
0.599132
0.662967
0.662967
0.271599
0.271599
0.217070
0.217070
0.319510
0.319510
0.602438
0.602438
0.430092
0.430092
0.673938
0.673938
0.724499
0.724499
0.445543
0.445543
0.191365
0.191365
0.386005
0.386005
0.615960
0.615960
0.479594
0.479594
0.515869
0.515869
0.576300
0.576300
0.432426
0.432426
0.385205
0.385205
0.515799
0.515799
0.394074
0.394074
0.342665
0.342665
0.674666
0.674666
0.426376
0.426376
0.471769
0.471769
0.717902
0.717902
0.352834
0.352834
0.564577
0.564577
0.736186
0.736186
0.492834
0.492834
0.485312
0.485312
0.515650
0.515650
0.656413
0.656413
0.426265
0.426265
0.553218
0.553218
0.315550
0.315550
0.426781
0.426781
0.458085
0.458085
0.617963
0.617963
0.490746
0.490746
0.629785
0.629785
0.542685
0.542685
0.730606
0.730606
0.490652
0.490652
0.266248
0.266248
0.265061
0.265061
0.358487
0.358487
0.505117
0.505117
0.323904
0.323904
0.502553
0.502553
0.469904
0.469904
0.371970
0.371970
0.576094
0.576094
0.494994
0.494994
0.368541
0.368541
0.600783
0.600783
0.435370
0.435370
0.494895
0.494895
0.581200
0.581200
0.466524
0.466524
0.766882
0.766882
0.493029
0.493029
0.480931
0.480931
0.409843
0.409843
0.266880
0.266880
0.202326
0.202326
0.542273
0.542273
0.649795
0.649795
0.538469
0.538469
0.518005
0.518005
0.740613
0.740613
0.592626
0.592626
0.659831
0.659831
0.420839
0.420839
0.237234
0.237234
0.510214
0.510214
0.540292
0.540292
0.813042
0.813042
0.378389
0.378389
0.431480
0.431480
0.603606
0.603606
0.459207
0.459207
0.375423
0.375423
0.503478
0.503478
0.412803
0.412803
0.541434
0.541434
0.493837
0.493837
0.503126
0.503126
0.320780
0.320780
0.404251
0.404251
0.376115
0.376115
0.277966
0.277966
0.372113
0.372113
0.662850
0.662850
0.327925
0.327925
0.600362
0.600362
0.221513
0.221513
0.499688
0.499688
0.816303
0.816303
0.405978
0.405978
0.493053
0.493053
0.546187
0.546187
0.195123
0.195123
0.322595
0.322595
0.616617
0.616617
0.292042
0.292042
0.440064
0.440064
0.807139
0.807139
0.594704
0.594704
0.808622
0.808622
0.589567
0.589567
0.498938
0.498938
0.355011
0.355011
0.715997
0.715997
0.263771
0.263771
0.619126
0.619126
0.439057
0.439057
0.554349
0.554349
0.378173
0.378173
0.360938
0.360938
0.289007
0.289007
0.504301
0.504301
0.452832
0.452832
0.408889
0.408889
0.386056
0.386056
0.750659
0.750659
0.410337
0.410337
0.315021
0.315021
0.445649
0.445649
0.527804
0.527804
0.477477
0.477477
0.425804
0.425804
0.436042
0.436042
0.508122
0.508122
0.268412
0.268412
0.530856
0.530856
0.509929
0.509929
0.402648
0.402648
0.443111
0.443111
0.403497
0.403497
0.496136
0.496136
0.480294
0.480294
0.421279
0.421279
0.659816
0.659816
0.497408
0.497408
0.449319
0.449319
0.445493
0.445493
0.465113
0.465113
0.416496
0.416496
0.643712
0.643712
0.421302
0.421302
0.550543
0.550543
0.440075
0.440075
0.514221
0.514221
0.585445
0.585445
0.328673
0.328673
0.389896
0.389896
0.509546
0.509546
0.448336
0.448336
0.405506
0.405506
0.463064
0.463064
0.455323
0.455323
0.197911
0.197911
0.372429
0.372429
0.201798
0.201798
0.352983
0.352983
0.455982
0.455982
0.515631
0.515631
0.437066
0.437066
0.514603
0.514603
0.398263
0.398263
0.388187
0.388187
0.345870
0.345870
0.326245
0.326245
0.257999
0.257999
0.416718
0.416718
0.671740
0.671740
0.472952
0.472952
0.412149
0.412149
0.303940
0.303940
0.217356
0.217356
0.712417
0.712417
0.482953
0.482953
0.498035
0.498035
0.376701
0.376701
0.718445
0.718445
0.427254
0.427254
0.288853
0.288853
0.428015
0.428015
0.377160
0.377160
0.400215
0.400215
0.449619
0.449619
0.391990
0.391990
0.288217
0.288217
0.329576
0.329576
0.407335
0.407335
0.511076
0.511076
0.549534
0.549534
0.606904
0.606904
0.384847
0.384847
0.510361
0.510361
0.693988
0.693988
0.409918
0.409918
0.278306
0.278306
0.551900
0.551900
0.284786
0.284786
0.262102
0.262102
0.606943
0.606943
0.654553
0.654553
0.625059
0.625059
0.344729
0.344729
0.650686
0.650686
0.522715
0.522715
0.597508
0.597508
0.563969
0.563969
0.608852
0.608852
0.442359
0.442359
0.528586
0.528586
0.450108
0.450108
0.432004
0.432004
0.381947
0.381947
0.261076
0.261076
0.404929
0.404929
0.225646
0.225646
0.480372
0.480372
0.375382
0.375382
0.363353
0.363353
0.287527
0.287527
0.588141
0.588141
0.343589
0.343589
0.392078
0.392078
0.417166
0.417166
0.309540
0.309540
0.285818
0.285818
0.335162
0.335162
0.511266
0.511266
0.702249
0.702249
0.619553
0.619553
0.735032
0.735032
0.315886
0.315886
0.461364
0.461364
0.484024
0.484024
0.637216
0.637216
0.518882
0.518882
0.322298
0.322298
0.464353
0.464353
0.324463
0.324463
0.580870
0.580870
0.539666
0.539666
0.447887
0.447887
0.976337
0.976337
0.664941
0.664941
0.533919
0.533919
0.339565
0.339565
0.531803
0.531803
0.576527
0.576527
0.390211
0.390211
0.523908
0.523908
0.484965
0.484965
0.640516
0.640516
0.340898
0.340898
0.527756
0.527756
0.451225
0.451225
0.681576
0.681576
0.374430
0.374430
0.278050
0.278050
0.688213
0.688213
0.518144
0.518144
0.490064
0.490064
0.376396
0.376396
0.821987
0.821987
0.553200
0.553200
0.330491
0.330491
0.371975
0.371975
0.449213
0.449213
0.560798
0.560798
0.545054
0.545054
0.377832
0.377832
0.439433
0.439433
0.487503
0.487503
0.409036
0.409036
0.418486
0.418486
0.451377
0.451377
0.426122
0.426122
0.322850
0.322850
0.503873
0.503873
0.569888
0.569888
0.455119
0.455119
0.524382
0.524382
0.266103
0.266103
0.401857
0.401857
0.706204
0.706204
0.267752
0.267752
0.436269
0.436269
0.336491
0.336491
0.571269
0.571269
0.420801
0.420801
0.652764
0.652764
0.362495
0.362495
0.464694
0.464694
0.409695
0.409695
0.304867
0.304867
0.386331
0.386331
0.188645
0.188645
0.474005
0.474005
0.939122
0.939122
0.710972
0.710972
0.241804
0.241804
0.293456
0.293456
0.372886
0.372886
0.333088
0.333088
0.463349
0.463349
0.288734
0.288734
0.616111
0.616111
0.471478
0.471478
0.531476
0.531476
0.528466
0.528466
0.697260
0.697260
0.453254
0.453254
0.458279
0.458279
0.510550
0.510550
0.426566
0.426566
0.378706
0.378706
0.532694
0.532694
0.516881
0.516881
0.406772
0.406772
0.213773
0.213773
0.487338
0.487338
0.610805
0.610805
0.546162
0.546162
0.519634
0.519634
0.674753
0.674753
0.609651
0.609651
0.475614
0.475614
0.430577
0.430577
0.319360
0.319360
0.520211
0.520211
0.440357
0.440357
0.348103
0.348103
0.925252
0.925252
0.479175
0.479175
0.668088
0.668088
0.639367
0.639367
0.646923
0.646923
0.370924
0.370924
0.335647
0.335647
0.364662
0.364662
0.612052
0.612052
0.489188
0.489188
0.350740
0.350740
0.355621
0.355621
0.369600
0.369600
0.511012
0.511012
0.356986
0.356986
0.585104
0.585104
0.420559
0.420559
0.306159
0.306159
0.347973
0.347973
0.395970
0.395970
0.417950
0.417950
0.306760
0.306760
0.309568
0.309568
0.402554
0.402554
0.297087
0.297087
0.526129
0.526129
0.714882
0.714882
0.385778
0.385778
0.319673
0.319673
0.258877
0.258877
0.366126
0.366126
0.427484
0.427484
0.364354
0.364354
0.488637
0.488637
0.524438
0.524438
0.560384
0.560384
0.447024
0.447024
0.526998
0.526998
0.472072
0.472072
0.247071
0.247071
0.787146
0.787146
0.514815
0.514815
0.333594
0.333594
0.595025
0.595025
0.421383
0.421383
0.424412
0.424412
0.491265
0.491265
0.538778
0.538778
0.478070
0.478070
0.421827
0.421827
0.446781
0.446781
0.448422
0.448422
0.410709
0.410709
0.469098
0.469098
0.263698
0.263698
0.336760
0.336760
0.230908
0.230908
0.426296
0.426296
0.571381
0.571381
0.444351
0.444351
0.689434
0.689434
0.520220
0.520220
0.323916
0.323916
0.494913
0.494913
0.380592
0.380592
0.648651
0.648651
0.201098
0.201098
0.470781
0.470781
0.548164
0.548164
0.311537
0.311537
0.500002
0.500002
0.365733
0.365733
0.274590
0.274590
0.679418
0.679418
0.578759
0.578759
0.295919
0.295919
0.575124
0.575124
0.701328
0.701328
0.626892
0.626892
0.370851
0.370851
0.158313
0.158313
0.577849
0.577849
0.292617
0.292617
0.436567
0.436567
0.465155
0.465155
0.269795
0.269795
0.441344
0.441344
0.500605
0.500605
0.426476
0.426476
0.503410
0.503410
0.232066
0.232066
0.324315
0.324315
0.314680
0.314680
0.445846
0.445846
0.407233
0.407233
0.656753
0.656753
0.296443
0.296443
0.374905
0.374905
0.499476
0.499476
0.457854
0.457854
0.391779
0.391779
0.644466
0.644466
0.446543
0.446543
0.475516
0.475516
0.694853
0.694853
0.179743
0.179743
0.399235
0.399235
0.286447
0.286447
0.523829
0.523829
0.263577
0.263577
0.739973
0.739973
0.452213
0.452213
0.585206
0.585206
0.538953
0.538953
0.333061
0.333061
0.250430
0.250430
0.517552
0.517552
0.429214
0.429214
0.584251
0.584251
0.323676
0.323676
0.463043
0.463043
0.606636
0.606636
0.758044
0.758044
0.863539
0.863539
0.410377
0.410377
0.471292
0.471292
0.294162
0.294162
0.316104
0.316104
0.436533
0.436533
0.477899
0.477899
0.450838
0.450838
0.326274
0.326274
0.307306
0.307306
0.397213
0.397213
0.454135
0.454135
0.161404
0.161404
0.414855
0.414855
0.440330
0.440330
0.353109
0.353109
0.571592
0.571592
0.433564
0.433564
0.379844
0.379844
0.418932
0.418932
0.305502
0.305502
0.275315
0.275315
0.446889
0.446889
0.399559
0.399559
0.538427
0.538427
0.536797
0.536797
0.532570
0.532570
0.522498
0.522498
0.337641
0.337641
0.781042
0.781042
0.336660
0.336660
0.472173
0.472173
0.295905
0.295905
0.511218
0.511218
0.220128
0.220128
0.535579
0.535579
0.420475
0.420475
0.425653
0.425653
0.420179
0.420179
0.393013
0.393013
0.251191
0.251191
0.297669
0.297669
0.254537
0.254537
0.624534
0.624534
0.540668
0.540668
0.362206
0.362206
0.337601
0.337601
0.213354
0.213354
0.387143
0.387143
0.478366
0.478366
0.612522
0.612522
0.538463
0.538463
0.484349
0.484349
0.545233
0.545233
0.348737
0.348737
0.422660
0.422660
0.511533
0.511533
0.334450
0.334450
0.377877
0.377877
0.234511
0.234511
0.429448
0.429448
0.499055
0.499055
0.485770
0.485770
0.347459
0.347459
0.833012
0.833012
0.209312
0.209312
0.374924
0.374924
0.293589
0.293589
0.456846
0.456846
0.280560
0.280560
0.411465
0.411465
0.172340
0.172340
0.492960
0.492960
0.427564
0.427564
0.578088
0.578088
0.264081
0.264081
0.423921
0.423921
0.452647
0.452647
0.313655
0.313655
0.333876
0.333876
0.459334
0.459334
0.308846
0.308846
0.520345
0.520345
0.401886
0.401886
0.345727
0.345727
0.356993
0.356993
0.315076
0.315076
0.569211
0.569211
0.499736
0.499736
0.409558
0.409558
0.450920
0.450920
0.372844
0.372844
0.548331
0.548331
0.440720
0.440720
0.534241
0.534241
0.353877
0.353877
0.621052
0.621052
0.436468
0.436468
0.752095
0.752095
0.490189
0.490189
0.557902
0.557902
0.296262
0.296262
0.488473
0.488473
0.408945
0.408945
0.862974
0.862974
0.383188
0.383188
0.452141
0.452141
0.357273
0.357273
0.488652
0.488652
0.289679
0.289679
0.475179
0.475179
0.618313
0.618313
0.399810
0.399810
0.607969
0.607969
0.731163
0.731163
0.307764
0.307764
0.419695
0.419695
0.448933
0.448933
0.486946
0.486946
0.371404
0.371404
0.411063
0.411063
0.529633
0.529633
0.570351
0.570351
0.607374
0.607374
0.617014
0.617014
0.397479
0.397479
0.425246
0.425246
0.358652
0.358652
0.405903
0.405903
0.422147
0.422147
0.333085
0.333085
0.406493
0.406493
0.427691
0.427691
0.556413
0.556413
0.491118
0.491118
0.415355
0.415355
0.456420
0.456420
0.558790
0.558790
0.555002
0.555002
0.268111
0.268111
0.275512
0.275512
0.545833
0.545833
0.328001
0.328001
0.397293
0.397293
0.479358
0.479358
0.335691
0.335691
0.301665
0.301665
0.542469
0.542469
0.346227
0.346227
0.319596
0.319596
0.728800
0.728800
0.325015
0.325015
0.347152
0.347152
0.793193
0.793193
0.608895
0.608895
0.198507
0.198507
0.572517
0.572517
0.457575
0.457575
0.504345
0.504345
0.987318
0.987318
0.517396
0.517396
0.350053
0.350053
0.352188
0.352188
0.503707
0.503707
0.242016
0.242016
0.549394
0.549394
0.570034
0.570034
0.281915
0.281915
0.395518
0.395518
0.301020
0.301020
0.330951
0.330951
0.475087
0.475087
0.550918
0.550918
0.743669
0.743669
0.484768
0.484768
0.265638
0.265638
0.362420
0.362420
0.383040
0.383040
0.167615
0.167615
0.517778
0.517778
0.324133
0.324133
0.455747
0.455747
0.387274
0.387274
0.429677
0.429677
0.314295
0.314295
0.382795
0.382795
0.243846
0.243846
0.301807
0.301807
0.527563
0.527563
0.492787
0.492787
0.233864
0.233864
0.320804
0.320804
0.342170
0.342170
0.417398
0.417398
0.574265
0.574265
0.484187
0.484187
0.572908
0.572908
0.447639
0.447639
0.437878
0.437878
0.238825
0.238825
0.184028
0.184028
0.267213
0.267213
0.399125
0.399125
0.405279
0.405279
0.355317
0.355317
0.586551
0.586551
0.628581
0.628581
0.362436
0.362436
0.484139
0.484139
0.592461
0.592461
0.390427
0.390427
0.463589
0.463589
0.569371
0.569371
0.418362
0.418362
0.484343
0.484343
0.696125
0.696125
0.307359
0.307359
0.455732
0.455732
0.465426
0.465426
0.495103
0.495103
0.484705
0.484705
0.369068
0.369068
0.294154
0.294154
0.720794
0.720794
0.424518
0.424518
0.804941
0.804941
0.509127
0.509127
0.501447
0.501447
0.181230
0.181230
0.596684
0.596684
0.288818
0.288818
0.386234
0.386234
0.411229
0.411229
0.556507
0.556507
0.326146
0.326146
0.478069
0.478069
0.559083
0.559083
0.332749
0.332749
0.539319
0.539319
0.266117
0.266117
0.439524
0.439524
0.460082
0.460082
0.475401
0.475401
0.282286
0.282286
0.165874
0.165874
0.483519
0.483519
0.391197
0.391197
0.425206
0.425206
0.350108
0.350108
0.360437
0.360437
0.278419
0.278419
0.285954
0.285954
0.281220
0.281220
0.565023
0.565023
0.439128
0.439128
0.524931
0.524931
0.641373
0.641373
0.383709
0.383709
0.461224
0.461224
0.486695
0.486695
0.417921
0.417921
0.576536
0.576536
0.336746
0.336746
0.431696
0.431696
0.630792
0.630792
0.512835
0.512835
0.309764
0.309764
0.346489
0.346489
0.375967
0.375967
0.492424
0.492424
0.532913
0.532913
0.591174
0.591174
0.630130
0.630130
0.518636
0.518636
0.501583
0.501583
0.515027
0.515027
0.466474
0.466474
0.595070
0.595070
0.455798
0.455798
0.301351
0.301351
0.278572
0.278572
0.436903
0.436903
0.385218
0.385218
0.222442
0.222442
0.437959
0.437959
0.524159
0.524159
0.316884
0.316884
0.284488
0.284488
0.512314
0.512314
0.444046
0.444046
0.646101
0.646101
0.337167
0.337167
0.357483
0.357483
0.407644
0.407644
0.910471
0.910471
0.212715
0.212715
0.699770
0.699770
0.522366
0.522366
0.399253
0.399253
0.261483
0.261483
0.303616
0.303616
0.443890
0.443890
0.578046
0.578046
0.278499
0.278499
0.535282
0.535282
0.488672
0.488672
0.372043
0.372043
0.341427
0.341427
0.456670
0.456670
0.695948
0.695948
0.457593
0.457593
0.259169
0.259169
0.739963
0.739963
0.572869
0.572869
0.668639
0.668639
0.471425
0.471425
0.241869
0.241869
0.527638
0.527638
0.412648
0.412648
0.243476
0.243476
0.375128
0.375128
0.120976
0.120976
0.372543
0.372543
0.243794
0.243794
0.747527
0.747527
0.428908
0.428908
0.503335
0.503335
0.481486
0.481486
0.501776
0.501776
0.485560
0.485560
0.394273
0.394273
0.191528
0.191528
0.463740
0.463740
0.203650
0.203650
0.653708
0.653708
0.442599
0.442599
0.521101
0.521101
0.232015
0.232015
0.638746
0.638746
0.482139
0.482139
0.372756
0.372756
0.340340
0.340340
0.377714
0.377714
0.192487
0.192487
0.380792
0.380792
0.306301
0.306301
0.506162
0.506162
0.165887
0.165887
0.345520
0.345520
0.590730
0.590730
0.269166
0.269166
0.226667
0.226667
0.341669
0.341669
0.883724
0.883724
0.430565
0.430565
0.378523
0.378523
0.367155
0.367155
0.273043
0.273043
0.443590
0.443590
0.445038
0.445038
0.463634
0.463634
0.419846
0.419846
0.652100
0.652100
0.578847
0.578847
0.214340
0.214340
0.261107
0.261107
0.335759
0.335759
0.473914
0.473914
0.320474
0.320474
0.434018
0.434018
0.396272
0.396272
0.508737
0.508737
0.599239
0.599239
0.324715
0.324715
0.391948
0.391948
0.392978
0.392978
0.707810
0.707810
0.308073
0.308073
0.340598
0.340598
0.218852
0.218852
0.505769
0.505769
0.650407
0.650407
0.642199
0.642199
0.231183
0.231183
0.434015
0.434015
0.585338
0.585338
0.436969
0.436969
0.658406
0.658406
0.444753
0.444753
0.682125
0.682125
0.427387
0.427387
0.269051
0.269051
0.344344
0.344344
0.365550
0.365550
0.288440
0.288440
0.287858
0.287858
0.512439
0.512439
0.323517
0.323517
0.462950
0.462950
0.269980
0.269980
0.389610
0.389610
0.305387
0.305387
0.635367
0.635367
0.383802
0.383802
0.537235
0.537235
0.355769
0.355769
0.512588
0.512588
0.263983
0.263983
0.322536
0.322536
0.401960
0.401960
0.221658
0.221658
0.255952
0.255952
0.425419
0.425419
0.203082
0.203082
0.549913
0.549913
0.800308
0.800308
0.566526
0.566526
0.493261
0.493261
0.406278
0.406278
0.410830
0.410830
0.324517
0.324517
0.460292
0.460292
0.899915
0.899915
0.382828
0.382828
0.410472
0.410472
0.238014
0.238014
0.532889
0.532889
0.200938
0.200938
0.581187
0.581187
0.351502
0.351502
0.351740
0.351740
0.370322
0.370322
0.464042
0.464042
0.389177
0.389177
0.561744
0.561744
0.331597
0.331597
0.260331
0.260331
0.621778
0.621778
0.309759
0.309759
0.340937
0.340937
0.464443
0.464443
0.396957
0.396957
0.449105
0.449105
0.254838
0.254838
0.375477
0.375477
0.336073
0.336073
0.306912
0.306912
0.325567
0.325567
0.537084
0.537084
0.490497
0.490497
0.508508
0.508508
0.415383
0.415383
0.326971
0.326971
0.180442
0.180442
0.314299
0.314299
0.393597
0.393597
0.220054
0.220054
0.440241
0.440241
0.319875
0.319875
0.448841
0.448841
0.536115
0.536115
0.463319
0.463319
0.471700
0.471700
0.294125
0.294125
0.348060
0.348060
0.314965
0.314965
0.357036
0.357036
0.384372
0.384372
0.483120
0.483120
0.393003
0.393003
0.464134
0.464134
0.667859
0.667859
0.265674
0.265674
0.527866
0.527866
0.464771
0.464771
0.385041
0.385041
0.443544
0.443544
0.427391
0.427391
0.464890
0.464890
0.397085
0.397085
0.355739
0.355739
0.568587
0.568587
0.477154
0.477154
0.406390
0.406390
0.272733
0.272733
0.435418
0.435418
0.432688
0.432688
0.372993
0.372993
0.317895
0.317895
0.623654
0.623654
0.620775
0.620775
0.640294
0.640294
0.244939
0.244939
0.305229
0.305229
0.666322
0.666322
0.324535
0.324535
0.385539
0.385539
0.427341
0.427341
0.725485
0.725485
0.636518
0.636518
0.475151
0.475151
0.604496
0.604496
0.388246
0.388246
0.294660
0.294660
0.446602
0.446602
0.684098
0.684098
0.255751
0.255751
0.397724
0.397724
0.403958
0.403958
0.585566
0.585566
0.468771
0.468771
0.619105
0.619105
0.396590
0.396590
0.454277
0.454277
0.955854
0.955854
0.373492
0.373492
0.486159
0.486159
0.362891
0.362891
0.346760
0.346760
0.815524
0.815524
0.603454
0.603454
0.411992
0.411992
0.252587
0.252587
0.586846
0.586846
0.135457
0.135457
0.305735
0.305735
0.409541
0.409541
0.712245
0.712245
0.475321
0.475321
0.707377
0.707377
0.247048
0.247048
0.395408
0.395408
0.503887
0.503887
0.690132
0.690132
0.427432
0.427432
0.588801
0.588801
0.273283
0.273283
0.239072
0.239072
0.548080
0.548080
0.324729
0.324729
0.348054
0.348054
0.393860
0.393860
0.302097
0.302097
0.411461
0.411461
0.345539
0.345539
0.250404
0.250404
0.228017
0.228017
0.477680
0.477680
0.314590
0.314590
0.304121
0.304121
0.532452
0.532452
0.429031
0.429031
0.552180
0.552180
0.334890
0.334890
0.391135
0.391135
0.409670
0.409670
0.282456
0.282456
0.182927
0.182927
0.428392
0.428392
0.237473
0.237473
0.470275
0.470275
0.580029
0.580029
0.451445
0.451445
0.302388
0.302388
0.392374
0.392374
0.286194
0.286194
0.543839
0.543839
0.233903
0.233903
0.466789
0.466789
0.136868
0.136868
0.376822
0.376822
0.359077
0.359077
0.540653
0.540653
0.352876
0.352876
0.228684
0.228684
0.583529
0.583529
0.421759
0.421759
0.227967
0.227967
0.398116
0.398116
0.573488
0.573488
0.305167
0.305167
0.456469
0.456469
0.345671
0.345671
0.319337
0.319337
0.462163
0.462163
0.369633
0.369633
0.486356
0.486356
0.303033
0.303033
0.677772
0.677772
0.630164
0.630164
0.700696
0.700696
0.520619
0.520619
0.539560
0.539560
0.226061
0.226061
0.653374
0.653374
0.371383
0.371383
0.311434
0.311434
0.806315
0.806315
0.247451
0.247451
0.475216
0.475216
0.469400
0.469400
0.624335
0.624335
0.374952
0.374952
0.432972
0.432972
0.508516
0.508516
0.320674
0.320674
0.428404
0.428404
0.434221
0.434221
0.830436
0.830436
0.532245
0.532245
0.413232
0.413232
0.223169
0.223169
0.461712
0.461712
0.552579
0.552579
0.459007
0.459007
0.532180
0.532180
0.287473
0.287473
0.532522
0.532522
0.594731
0.594731
0.275602
0.275602
0.317316
0.317316
0.444130
0.444130
0.494768
0.494768
0.490719
0.490719
0.245718
0.245718
0.376865
0.376865
0.389001
0.389001
0.527843
0.527843
0.191862
0.191862
0.629340
0.629340
0.276978
0.276978
0.478899
0.478899
0.367314
0.367314
0.165934
0.165934
0.623710
0.623710
0.475541
0.475541
0.354448
0.354448
0.376364
0.376364
0.215498
0.215498
0.296282
0.296282
0.553877
0.553877
0.457425
0.457425
0.404753
0.404753
0.480852
0.480852
0.500070
0.500070
0.534452
0.534452
0.633452
0.633452
0.358166
0.358166
0.271862
0.271862
0.259908
0.259908
0.470873
0.470873
0.536051
0.536051
0.292206
0.292206
0.440417
0.440417
0.628828
0.628828
0.361774
0.361774
0.751742
0.751742
0.512803
0.512803
0.502215
0.502215
0.555712
0.555712
0.601852
0.601852
0.537819
0.537819
0.190633
0.190633
0.176425
0.176425
0.390344
0.390344
0.285052
0.285052
0.459663
0.459663
0.325677
0.325677
0.551619
0.551619
0.717311
0.717311
0.218982
0.218982
0.489436
0.489436
0.363668
0.363668
0.840336
0.840336
0.370818
0.370818
0.279997
0.279997
0.560972
0.560972
0.251194
0.251194
0.400138
0.400138
0.445660
0.445660
0.341302
0.341302
0.329196
0.329196
0.409267
0.409267
0.343036
0.343036
0.568091
0.568091
0.497597
0.497597
0.312880
0.312880
0.739860
0.739860
0.380630
0.380630
0.312137
0.312137
0.483538
0.483538
0.587785
0.587785
0.288563
0.288563
0.404869
0.404869
0.394508
0.394508
0.326953
0.326953
0.315865
0.315865
0.270055
0.270055
0.663983
0.663983
0.745929
0.745929
0.244042
0.244042
0.429326
0.429326
0.345836
0.345836
0.432683
0.432683
0.202130
0.202130
0.622695
0.622695
0.555277
0.555277
0.380060
0.380060
0.353195
0.353195
0.526503
0.526503
0.438444
0.438444
0.613899
0.613899
0.237555
0.237555
0.242311
0.242311
0.303457
0.303457
0.190626
0.190626
0.348237
0.348237
0.348194
0.348194
0.216236
0.216236
0.621374
0.621374
0.234525
0.234525
0.655031
0.655031
0.216146
0.216146
0.354311
0.354311
0.347861
0.347861
0.544662
0.544662
0.674576
0.674576
0.394945
0.394945
0.475238
0.475238
0.258530
0.258530
0.706079
0.706079
0.744259
0.744259
0.601154
0.601154
0.516041
0.516041
0.254729
0.254729
0.318609
0.318609
0.198528
0.198528
0.618621
0.618621
0.204431
0.204431
0.188036
0.188036
0.493908
0.493908
0.395304
0.395304
0.323887
0.323887
0.306777
0.306777
0.695179
0.695179
0.344743
0.344743
0.394310
0.394310
0.438661
0.438661
0.311949
0.311949
0.377288
0.377288
0.329150
0.329150
0.352184
0.352184
0.396500
0.396500
0.379587
0.379587
0.331667
0.331667
0.428490
0.428490
0.482983
0.482983
0.430351
0.430351
0.640983
0.640983
0.615646
0.615646
0.477112
0.477112
0.335671
0.335671
0.378457
0.378457
0.341698
0.341698
0.314052
0.314052
0.368385
0.368385
0.585198
0.585198
0.456032
0.456032
0.362889
0.362889
0.287775
0.287775
0.174549
0.174549
0.598226
0.598226
0.321857
0.321857
0.325659
0.325659
0.293825
0.293825
0.513823
0.513823
0.397165
0.397165
0.320815
0.320815
0.437578
0.437578
0.352604
0.352604
0.291567
0.291567
0.312343
0.312343
0.634560
0.634560
0.693771
0.693771
0.650548
0.650548
0.570241
0.570241
0.304146
0.304146
0.397852
0.397852
0.445503
0.445503
0.307893
0.307893
0.306471
0.306471
0.539681
0.539681
0.436478
0.436478
0.316683
0.316683
0.439998
0.439998
0.104619
0.104619
0.538692
0.538692
0.264529
0.264529
0.411066
0.411066
0.349681
0.349681
0.308129
0.308129
0.386942
0.386942
0.451609
0.451609
0.360598
0.360598
0.345143
0.345143
0.251431
0.251431
0.478487
0.478487
0.306343
0.306343
0.430706
0.430706
0.359871
0.359871
0.642409
0.642409
0.351992
0.351992
0.336322
0.336322
0.362818
0.362818
0.327059
0.327059
0.488875
0.488875
0.432787
0.432787
0.236258
0.236258
0.303344
0.303344
0.290201
0.290201
0.637753
0.637753
0.340755
0.340755
0.518614
0.518614
0.376763
0.376763
0.621494
0.621494
0.305662
0.305662
0.308966
0.308966
0.274217
0.274217
0.344762
0.344762
0.320359
0.320359
0.485669
0.485669
0.521039
0.521039
0.430821
0.430821
0.503434
0.503434
0.398494
0.398494
0.390220
0.390220
0.389554
0.389554
0.516793
0.516793
0.443401
0.443401
0.502013
0.502013
0.658577
0.658577
0.446814
0.446814
0.368819
0.368819
0.233511
0.233511
0.419231
0.419231
0.290938
0.290938
0.410267
0.410267
0.205310
0.205310
0.555456
0.555456
0.304539
0.304539
0.474848
0.474848
0.332810
0.332810
0.357467
0.357467
0.511864
0.511864
0.399893
0.399893
0.227935
0.227935
0.480252
0.480252
0.696962
0.696962
0.432921
0.432921
0.624889
0.624889
0.443689
0.443689
0.447400
0.447400
0.243319
0.243319
0.347756
0.347756
0.469041
0.469041
0.310693
0.310693
0.420271
0.420271
0.329272
0.329272
0.638039
0.638039
0.438671
0.438671
0.354709
0.354709
0.460542
0.460542
0.255789
0.255789
0.486599
0.486599
0.477861
0.477861
0.229121
0.229121
0.431399
0.431399
0.292748
0.292748
0.268778
0.268778
0.770126
0.770126
0.617920
0.617920
0.249158
0.249158
0.500326
0.500326
0.435646
0.435646
0.411692
0.411692
0.582774
0.582774
0.514725
0.514725
0.482774
0.482774
0.504826
0.504826
0.364873
0.364873
0.390215
0.390215
0.373272
0.373272
0.336327
0.336327
0.223324
0.223324
0.253831
0.253831
0.416620
0.416620
0.539258
0.539258
0.253156
0.253156
0.289409
0.289409
0.295450
0.295450
0.334869
0.334869
0.503766
0.503766
0.590058
0.590058
0.657615
0.657615
0.256102
0.256102
0.631588
0.631588
0.582472
0.582472
0.319046
0.319046
0.496786
0.496786
0.400495
0.400495
0.463005
0.463005
0.757618
0.757618
0.531318
0.531318
0.266940
0.266940
0.333011
0.333011
0.264026
0.264026
0.356941
0.356941
0.244907
0.244907
0.468381
0.468381
0.361181
0.361181
0.385581
0.385581
0.713341
0.713341
0.660359
0.660359
0.591099
0.591099
0.560321
0.560321
0.317081
0.317081
0.509529
0.509529
0.262454
0.262454
0.343469
0.343469
0.387706
0.387706
0.246991
0.246991
0.229364
0.229364
0.277525
0.277525
0.337144
0.337144
0.546338
0.546338
0.366356
0.366356
0.498675
0.498675
0.267916
0.267916
0.273668
0.273668
0.348597
0.348597
0.458875
0.458875
0.422329
0.422329
0.413500
0.413500
0.297878
0.297878
0.262154
0.262154
0.425414
0.425414
0.399730
0.399730
0.393250
0.393250
0.377910
0.377910
0.412775
0.412775
0.491334
0.491334
0.593999
0.593999
0.368110
0.368110
0.215883
0.215883
0.468280
0.468280
0.534258
0.534258
0.455210
0.455210
0.371575
0.371575
0.321256
0.321256
0.269562
0.269562
0.449186
0.449186
0.735647
0.735647
0.280733
0.280733
0.495758
0.495758
0.600560
0.600560
0.374810
0.374810
0.426205
0.426205
0.326894
0.326894
0.471658
0.471658
0.461909
0.461909
0.572675
0.572675
0.269341
0.269341
0.286417
0.286417
0.168667
0.168667
0.473351
0.473351
0.416453
0.416453
0.399917
0.399917
0.304193
0.304193
0.596575
0.596575
0.375773
0.375773
0.503307
0.503307
0.211377
0.211377
0.311333
0.311333
0.337635
0.337635
0.670578
0.670578
0.418420
0.418420
0.650569
0.650569
0.581107
0.581107
0.434561
0.434561
0.352964
0.352964
0.559755
0.559755
0.472576
0.472576
0.264879
0.264879
0.503769
0.503769
0.237603
0.237603
0.381210
0.381210
0.659483
0.659483
0.402397
0.402397
0.420413
0.420413
0.466685
0.466685
0.349321
0.349321
0.455771
0.455771
0.474240
0.474240
0.428503
0.428503
0.439024
0.439024
0.480837
0.480837
0.541916
0.541916
0.342042
0.342042
0.315043
0.315043
0.271307
0.271307
0.237370
0.237370
0.085329
0.085329
0.476477
0.476477
0.190239
0.190239
0.280088
0.280088
0.332898
0.332898
0.414132
0.414132
0.278766
0.278766
0.271239
0.271239
0.587639
0.587639
0.506141
0.506141
0.614975
0.614975
0.345811
0.345811
0.313828
0.313828
0.334766
0.334766
0.584738
0.584738
0.597219
0.597219
0.379037
0.379037
0.367166
0.367166
0.438842
0.438842
0.272689
0.272689
0.485020
0.485020
0.726941
0.726941
0.795805
0.795805
0.352627
0.352627
0.552586
0.552586
0.600172
0.600172
0.348005
0.348005
0.795176
0.795176
0.267340
0.267340
0.339665
0.339665
0.257762
0.257762
0.488318
0.488318
0.416478
0.416478
0.357636
0.357636
0.449524
0.449524
0.357859
0.357859
0.570784
0.570784
0.239376
0.239376
0.449380
0.449380
0.320695
0.320695
0.541869
0.541869
0.411561
0.411561
0.570610
0.570610
0.544982
0.544982
0.274339
0.274339
0.398494
0.398494
0.374277
0.374277
0.307310
0.307310
0.577218
0.577218
0.411607
0.411607
0.319313
0.319313
0.481313
0.481313
0.349239
0.349239
0.359929
0.359929
0.390112
0.390112
0.518123
0.518123
0.185231
0.185231
0.399247
0.399247
0.499410
0.499410
0.408742
0.408742
0.409449
0.409449
0.253486
0.253486
0.307888
0.307888
0.447266
0.447266
0.457786
0.457786
0.342781
0.342781
0.438171
0.438171
0.408087
0.408087
0.407070
0.407070
0.589900
0.589900
0.575278
0.575278
0.435371
0.435371
1.003667
1.003667
0.432971
0.432971
0.445004
0.445004
0.416198
0.416198
0.605741
0.605741
0.511619
0.511619
0.322186
0.322186
0.146209
0.146209
0.457340
0.457340
0.453360
0.453360
0.354553
0.354553
0.306547
0.306547
0.323988
0.323988
0.296857
0.296857
0.389104
0.389104
0.648547
0.648547
0.352667
0.352667
0.472203
0.472203
0.373302
0.373302
0.369181
0.369181
0.530548
0.530548
0.459061
0.459061
0.179325
0.179325
0.343086
0.343086
0.360706
0.360706
0.315128
0.315128
0.293003
0.293003
0.493548
0.493548
0.459027
0.459027
0.381550
0.381550
0.428547
0.428547
0.414282
0.414282
0.351038
0.351038
0.335144
0.335144
0.451477
0.451477
0.227009
0.227009
0.390128
0.390128
0.399875
0.399875
0.598176
0.598176
0.753360
0.753360
0.436868
0.436868
0.542757
0.542757
0.504685
0.504685
0.506248
0.506248
0.284110
0.284110
0.464254
0.464254
0.609898
0.609898
0.564982
0.564982
0.236803
0.236803
0.151270
0.151270
0.525207
0.525207
0.533523
0.533523
0.428059
0.428059
0.193814
0.193814
0.614816
0.614816
0.315778
0.315778
0.437873
0.437873
0.222380
0.222380
0.314956
0.314956
0.262469
0.262469
0.219545
0.219545
0.284182
0.284182
0.622363
0.622363
0.477439
0.477439
0.234973
0.234973
0.305522
0.305522
0.293372
0.293372
0.349859
0.349859
0.270684
0.270684
0.274214
0.274214
0.168340
0.168340
0.261999
0.261999
0.455453
0.455453
0.331664
0.331664
0.421326
0.421326
0.350350
0.350350
0.470108
0.470108
0.465845
0.465845
0.422624
0.422624
0.503627
0.503627
0.330835
0.330835
0.702100
0.702100
0.487663
0.487663
0.363498
0.363498
0.309853
0.309853
0.454174
0.454174
0.238248
0.238248
0.553123
0.553123
0.400219
0.400219
0.605560
0.605560
0.281337
0.281337
0.315928
0.315928
0.389566
0.389566
0.811826
0.811826
0.211718
0.211718
0.514211
0.514211
0.386674
0.386674
0.413280
0.413280
0.592555
0.592555
0.401594
0.401594
0.869862
0.869862
0.381438
0.381438
0.387752
0.387752
0.448165
0.448165
0.411642
0.411642
0.378502
0.378502
0.396641
0.396641
0.224236
0.224236
0.419463
0.419463
0.406559
0.406559
0.333279
0.333279
0.413275
0.413275
0.447964
0.447964
0.400125
0.400125
0.355906
0.355906
0.437972
0.437972
0.182357
0.182357
0.478302
0.478302
0.672450
0.672450
0.215518
0.215518
0.431228
0.431228
0.505467
0.505467
0.422852
0.422852
0.403713
0.403713
0.565354
0.565354
0.359380
0.359380
0.290240
0.290240
0.336998
0.336998
0.281341
0.281341
0.360608
0.360608
0.327701
0.327701
0.287785
0.287785
0.240055
0.240055
0.479459
0.479459
0.300984
0.300984
0.514117
0.514117
0.446197
0.446197
0.659120
0.659120
0.381796
0.381796
0.246520
0.246520
0.687835
0.687835
0.334331
0.334331
0.311571
0.311571
0.684603
0.684603
0.504629
0.504629
0.627842
0.627842
0.395276
0.395276
0.328377
0.328377
0.297468
0.297468
0.637454
0.637454
0.466196
0.466196
0.649209
0.649209
0.582648
0.582648
0.310681
0.310681
0.303772
0.303772
0.442792
0.442792
0.536107
0.536107
0.311058
0.311058
0.302154
0.302154
0.407177
0.407177
0.230248
0.230248
0.328184
0.328184
0.309597
0.309597
0.421277
0.421277
0.451494
0.451494
0.333145
0.333145
0.441850
0.441850
0.188159
0.188159
0.412711
0.412711
0.359687
0.359687
0.545809
0.545809
0.672779
0.672779
0.494560
0.494560
0.297706
0.297706
0.447690
0.447690
0.382746
0.382746
0.489856
0.489856
0.243011
0.243011
0.370089
0.370089
0.515054
0.515054
0.329184
0.329184
0.389227
0.389227
0.624795
0.624795
0.185301
0.185301
0.500025
0.500025
0.198067
0.198067
0.293058
0.293058
0.199166
0.199166
0.257989
0.257989
0.513581
0.513581
0.234405
0.234405
0.660070
0.660070
0.494277
0.494277
0.478882
0.478882
0.517200
0.517200
0.302963
0.302963
0.569194
0.569194
0.282425
0.282425
0.465181
0.465181
0.405562
0.405562
0.228528
0.228528
0.341105
0.341105
0.322903
0.322903
0.543947
0.543947
0.522319
0.522319
0.391153
0.391153
0.388296
0.388296
0.257992
0.257992
0.358165
0.358165
0.215654
0.215654
0.262705
0.262705
0.585516
0.585516
0.339760
0.339760
0.430453
0.430453
0.557374
0.557374
0.469967
0.469967
0.279235
0.279235
0.157651
0.157651
0.180168
0.180168
0.399575
0.399575
0.431353
0.431353
0.337328
0.337328
0.551067
0.551067
0.315523
0.315523
0.324899
0.324899
0.548655
0.548655
0.611404
0.611404
0.326968
0.326968
0.491274
0.491274
0.388916
0.388916
0.252227
0.252227
0.517078
0.517078
0.536837
0.536837
0.411193
0.411193
0.752411
0.752411
0.365108
0.365108
0.387296
0.387296
0.250051
0.250051
0.368408
0.368408
0.371544
0.371544
0.350313
0.350313
0.412271
0.412271
0.473285
0.473285
0.515870
0.515870
0.264607
0.264607
0.490863
0.490863
0.638906
0.638906
0.347360
0.347360
0.395580
0.395580
0.594748
0.594748
0.373736
0.373736
0.538344
0.538344
0.250398
0.250398
0.283646
0.283646
0.380631
0.380631
0.330181
0.330181
0.347804
0.347804
0.350376
0.350376
0.341346
0.341346
0.571464
0.571464
0.228523
0.228523
0.348836
0.348836
0.449728
0.449728
0.465109
0.465109
0.464336
0.464336
0.581731
0.581731
0.357751
0.357751
0.459141
0.459141
0.386410
0.386410
0.405593
0.405593
0.238530
0.238530
0.348612
0.348612
0.255562
0.255562
0.201759
0.201759
0.326926
0.326926
0.531028
0.531028
0.271738
0.271738
0.269106
0.269106
0.318934
0.318934
0.230875
0.230875
0.480968
0.480968
0.456522
0.456522
0.390624
0.390624
0.505700
0.505700
0.309073
0.309073
0.580964
0.580964
0.518540
0.518540
0.788766
0.788766
0.244844
0.244844
0.524930
0.524930
0.330287
0.330287
0.444125
0.444125
0.552371
0.552371
0.609484
0.609484
0.330459
0.330459
0.525709
0.525709
0.376648
0.376648
0.419590
0.419590
0.643154
0.643154
0.390707
0.390707
0.375965
0.375965
0.164115
0.164115
0.388699
0.388699
0.395743
0.395743
0.385439
0.385439
0.372831
0.372831
0.305602
0.305602
0.450898
0.450898
0.648099
0.648099
0.578594
0.578594
0.314799
0.314799
0.270338
0.270338
0.218843
0.218843
0.326493
0.326493
0.508479
0.508479
0.289125
0.289125
0.320313
0.320313
0.428411
0.428411
0.330873
0.330873
0.362191
0.362191
0.363802
0.363802
0.410971
0.410971
0.287335
0.287335
0.291149
0.291149
0.454892
0.454892
0.248800
0.248800
0.220900
0.220900
0.633761
0.633761
0.158353
0.158353
0.776090
0.776090
0.565641
0.565641
0.470842
0.470842
0.321963
0.321963
0.474389
0.474389
0.490953
0.490953
0.524332
0.524332
0.455667
0.455667
0.364630
0.364630
0.588828
0.588828
0.289282
0.289282
0.597952
0.597952
0.538726
0.538726
0.290114
0.290114
0.467752
0.467752
0.291338
0.291338
0.194620
0.194620
0.632287
0.632287
0.431438
0.431438
0.430002
0.430002
0.476855
0.476855
0.563857
0.563857
0.302870
0.302870
0.464326
0.464326
0.378131
0.378131
0.559790
0.559790
0.503657
0.503657
0.225825
0.225825
0.378023
0.378023
0.177597
0.177597
0.267628
0.267628
0.418088
0.418088
0.475691
0.475691
0.192294
0.192294
0.246063
0.246063
0.281825
0.281825
0.398969
0.398969
0.211088
0.211088
0.421852
0.421852
0.333378
0.333378
0.374649
0.374649
0.431550
0.431550
0.345500
0.345500
0.365562
0.365562
0.467267
0.467267
0.363417
0.363417
0.489286
0.489286
0.574998
0.574998
0.364469
0.364469
0.519521
0.519521
0.440179
0.440179
0.209875
0.209875
0.420382
0.420382
0.250571
0.250571
0.294161
0.294161
0.280448
0.280448
0.196926
0.196926
0.480410
0.480410
0.518121
0.518121
0.389661
0.389661
0.317172
0.317172
0.465936
0.465936
0.290946
0.290946
0.287210
0.287210
0.208442
0.208442
0.392892
0.392892
0.804881
0.804881
0.401756
0.401756
0.716282
0.716282
0.331093
0.331093
0.502534
0.502534
0.429651
0.429651
0.488131
0.488131
0.178290
0.178290
0.315941
0.315941
0.494606
0.494606
0.257972
0.257972
0.495581
0.495581
0.469690
0.469690
0.373618
0.373618
0.448927
0.448927
0.406183
0.406183
0.247919
0.247919
0.433739
0.433739
0.500814
0.500814
0.086430
0.086430
0.412910
0.412910
0.287721
0.287721
0.441168
0.441168
0.489993
0.489993
0.598576
0.598576
0.399385
0.399385
0.238161
0.238161
0.204235
0.204235
0.444844
0.444844
0.319965
0.319965
0.333221
0.333221
0.374795
0.374795
0.559039
0.559039
0.586173
0.586173
0.698089
0.698089
0.419973
0.419973
0.364127
0.364127
0.453145
0.453145
0.297122
0.297122
0.562952
0.562952
0.313862
0.313862
0.380552
0.380552
0.682285
0.682285
0.510616
0.510616
0.567881
0.567881
0.322048
0.322048
0.399838
0.399838
0.189596
0.189596
0.379707
0.379707
0.333917
0.333917
0.261286
0.261286
0.417654
0.417654
0.472761
0.472761
0.168474
0.168474
0.380200
0.380200
0.125736
0.125736
0.447038
0.447038
0.350933
0.350933
0.332062
0.332062
0.623541
0.623541
0.814815
0.814815
0.440140
0.440140
0.209946
0.209946
0.471676
0.471676
0.262023
0.262023
0.465162
0.465162
0.394061
0.394061
0.165181
0.165181
0.394557
0.394557
0.297700
0.297700
0.485005
0.485005
0.188960
0.188960
0.375443
0.375443
0.428243
0.428243
0.454026
0.454026
0.460845
0.460845
0.460582
0.460582
0.410134
0.410134
0.275069
0.275069
0.498099
0.498099
0.442648
0.442648
0.274466
0.274466
0.624325
0.624325
0.376777
0.376777
0.585767
0.585767
0.507181
0.507181
0.448413
0.448413
0.327567
0.327567
0.407770
0.407770
0.437392
0.437392
0.245631
0.245631
0.383867
0.383867
0.354285
0.354285
0.490708
0.490708
0.391121
0.391121
0.546778
0.546778
0.392644
0.392644
0.322419
0.322419
0.450310
0.450310
0.468575
0.468575
0.250586
0.250586
0.428091
0.428091
0.426853
0.426853
0.271303
0.271303
0.294103
0.294103
0.396486
0.396486
0.616046
0.616046
0.527336
0.527336
0.238936
0.238936
0.269969
0.269969
0.217970
0.217970
0.143983
0.143983
0.387274
0.387274
0.503621
0.503621
0.341170
0.341170
0.859037
0.859037
0.234286
0.234286
0.726466
0.726466
0.413381
0.413381
0.360362
0.360362
0.362224
0.362224
0.320353
0.320353
0.621433
0.621433
0.453024
0.453024
0.418180
0.418180
0.321351
0.321351
0.371017
0.371017
0.238831
0.238831
0.438486
0.438486
0.538978
0.538978
0.328084
0.328084
0.383134
0.383134
0.468041
0.468041
0.492112
0.492112
0.534673
0.534673
0.421970
0.421970
0.728069
0.728069
0.288015
0.288015
0.688726
0.688726
0.662213
0.662213
0.530258
0.530258
0.321695
0.321695
0.596324
0.596324
0.214968
0.214968
0.302095
0.302095
0.487503
0.487503
0.382138
0.382138
0.406512
0.406512
0.250521
0.250521
0.114175
0.114175
0.417015
0.417015
0.345547
0.345547
0.305487
0.305487
0.357260
0.357260
0.519943
0.519943
0.402170
0.402170
0.760590
0.760590
0.428164
0.428164
0.220876
0.220876
0.289297
0.289297
0.349505
0.349505
0.449585
0.449585
0.327547
0.327547
0.231009
0.231009
0.438811
0.438811
0.253287
0.253287
0.223847
0.223847
0.262300
0.262300
0.229566
0.229566
0.724168
0.724168
0.422260
0.422260
0.430802
0.430802
0.518701
0.518701
0.424248
0.424248
0.413425
0.413425
0.366613
0.366613
0.440190
0.440190
0.373465
0.373465
0.335165
0.335165
0.292095
0.292095
0.219503
0.219503
0.175085
0.175085
0.419681
0.419681
0.315794
0.315794
0.541818
0.541818
0.319031
0.319031
0.199624
0.199624
0.304744
0.304744
0.656527
0.656527
0.261059
0.261059
0.432639
0.432639
0.333239
0.333239
0.421372
0.421372
0.318485
0.318485
0.438628
0.438628
0.390689
0.390689
0.346661
0.346661
0.619425
0.619425
0.427980
0.427980
0.404216
0.404216
0.302788
0.302788
0.663524
0.663524
0.288903
0.288903
0.622538
0.622538
0.248315
0.248315
0.637140
0.637140
0.516188
0.516188
0.241391
0.241391
0.233490
0.233490
0.344018
0.344018
0.967522
0.967522
0.695932
0.695932
0.277832
0.277832
0.585776
0.585776
0.272538
0.272538
0.458710
0.458710
0.211609
0.211609
0.329247
0.329247
0.369701
0.369701
0.402830
0.402830
0.698884
0.698884
0.319160
0.319160
0.318510
0.318510
0.335865
0.335865
0.393754
0.393754
0.413839
0.413839
0.407491
0.407491
0.395003
0.395003
0.275420
0.275420
0.243638
0.243638
0.370273
0.370273
0.392798
0.392798
0.274941
0.274941
0.410019
0.410019
0.257506
0.257506
0.400179
0.400179
0.364921
0.364921
0.202626
0.202626
0.508305
0.508305
0.355000
0.355000
0.411700
0.411700
0.661408
0.661408
0.425730
0.425730
0.580177
0.580177
0.441263
0.441263
0.545174
0.545174
0.568378
0.568378
0.409635
0.409635
0.435282
0.435282
0.467437
0.467437
0.448881
0.448881
0.458591
0.458591
0.455187
0.455187
0.426077
0.426077
0.368079
0.368079
0.412862
0.412862
0.665012
0.665012
0.308303
0.308303
0.470276
0.470276
0.485445
0.485445
0.390523
0.390523
0.461978
0.461978
0.369977
0.369977
0.419885
0.419885
0.335313
0.335313
0.531450
0.531450
0.396762
0.396762
0.331955
0.331955
0.326059
0.326059
0.393251
0.393251
0.853407
0.853407
0.274441
0.274441
0.156939
0.156939
0.472236
0.472236
0.438897
0.438897
0.394386
0.394386
0.298817
0.298817
0.618906
0.618906
0.229655
0.229655
0.492153
0.492153
0.351772
0.351772
0.511279
0.511279
0.247341
0.247341
0.512591
0.512591
0.567607
0.567607
0.474727
0.474727
0.419678
0.419678
0.311782
0.311782
0.212450
0.212450
0.265385
0.265385
0.442896
0.442896
0.485821
0.485821
0.576427
0.576427
0.452438
0.452438
0.232476
0.232476
0.283737
0.283737
0.399573
0.399573
0.315041
0.315041
0.128379
0.128379
0.190397
0.190397
0.365067
0.365067
0.322212
0.322212
0.408813
0.408813
0.431394
0.431394
0.301298
0.301298
0.339026
0.339026
0.605904
0.605904
0.383358
0.383358
0.470512
0.470512
0.512477
0.512477
0.276978
0.276978
0.303944
0.303944
0.585791
0.585791
0.296907
0.296907
0.678588
0.678588
0.490480
0.490480
0.322046
0.322046
0.323695
0.323695
0.518876
0.518876
0.554778
0.554778
0.427882
0.427882
0.283975
0.283975
0.646955
0.646955
0.515006
0.515006
0.348188
0.348188
0.317638
0.317638
0.178993
0.178993
0.230582
0.230582
0.254503
0.254503
0.537394
0.537394
0.304213
0.304213
0.287828
0.287828
0.310746
0.310746
0.257709
0.257709
0.438150
0.438150
0.446743
0.446743
0.363553
0.363553
0.457055
0.457055
0.239325
0.239325
0.415649
0.415649
0.298688
0.298688
0.329549
0.329549
0.402708
0.402708
0.496835
0.496835
0.324670
0.324670
0.581599
0.581599
0.349024
0.349024
0.318523
0.318523
0.654778
0.654778
0.220716
0.220716
0.455664
0.455664
0.248701
0.248701
0.241759
0.241759
0.256110
0.256110
0.590641
0.590641
0.426703
0.426703
0.344817
0.344817
0.526381
0.526381
0.635766
0.635766
0.173439
0.173439
0.492729
0.492729
0.204819
0.204819
0.364537
0.364537
0.439897
0.439897
0.340480
0.340480
0.420915
0.420915
0.450337
0.450337
0.523376
0.523376
0.276496
0.276496
0.421608
0.421608
0.675164
0.675164
0.452563
0.452563
0.533836
0.533836
0.452119
0.452119
0.453564
0.453564
0.603807
0.603807
0.373106
0.373106
0.594621
0.594621
0.420556
0.420556
0.301355
0.301355
0.353688
0.353688
0.479527
0.479527
0.163410
0.163410
0.399610
0.399610
0.535733
0.535733
0.413514
0.413514
0.295022
0.295022
0.432687
0.432687
0.377605
0.377605
0.157843
0.157843
0.559785
0.559785
0.239311
0.239311
0.247658
0.247658
0.478472
0.478472
0.622452
0.622452
0.479406
0.479406
0.420905
0.420905
0.415013
0.415013
0.220334
0.220334
0.303807
0.303807
0.279256
0.279256
0.469656
0.469656
0.341289
0.341289
0.339710
0.339710
0.341990
0.341990
0.430953
0.430953
0.383186
0.383186
0.416906
0.416906
0.308392
0.308392
0.367009
0.367009
0.582298
0.582298
0.354601
0.354601
0.256912
0.256912
0.451516
0.451516
0.254161
0.254161
0.191364
0.191364
0.344866
0.344866
0.266000
0.266000
0.335259
0.335259
0.409759
0.409759
0.339127
0.339127
0.292608
0.292608
0.479893
0.479893
0.379896
0.379896
0.209213
0.209213
0.315827
0.315827
0.256459
0.256459
0.350973
0.350973
0.308354
0.308354
0.457538
0.457538
0.505936
0.505936
0.300075
0.300075
0.247939
0.247939
0.384504
0.384504
0.368622
0.368622
0.518852
0.518852
0.550374
0.550374
0.374057
0.374057
0.497686
0.497686
0.219261
0.219261
0.529154
0.529154
0.574249
0.574249
0.270190
0.270190
0.550620
0.550620
0.832031
0.832031
0.452947
0.452947
0.395305
0.395305
0.207391
0.207391
0.735570
0.735570
0.231982
0.231982
0.335888
0.335888
0.382466
0.382466
0.360388
0.360388
0.164288
0.164288
0.424578
0.424578
0.372290
0.372290
0.442401
0.442401
0.306017
0.306017
0.342510
0.342510
0.554507
0.554507
0.361881
0.361881
0.297695
0.297695
0.380353
0.380353
0.722117
0.722117
0.561726
0.561726
0.453385
0.453385
0.288458
0.288458
0.569745
0.569745
0.295360
0.295360
0.336265
0.336265
0.523614
0.523614
0.345354
0.345354
0.205007
0.205007
0.329894
0.329894
0.388305
0.388305
0.303149
0.303149
0.290866
0.290866
0.458922
0.458922
0.311289
0.311289
0.434444
0.434444
0.455102
0.455102
0.411127
0.411127
0.243091
0.243091
0.433598
0.433598
0.330656
0.330656
0.449772
0.449772
0.157003
0.157003
0.469889
0.469889
0.619508
0.619508
0.276094
0.276094
0.267616
0.267616
0.164355
0.164355
0.613535
0.613535
0.189979
0.189979
0.192804
0.192804
0.171461
0.171461
0.422354
0.422354
0.405321
0.405321
0.128264
0.128264
0.526644
0.526644
0.572242
0.572242
0.409147
0.409147
0.425027
0.425027
0.353525
0.353525
0.186247
0.186247
0.379240
0.379240
0.357341
0.357341
0.369113
0.369113
0.334597
0.334597
0.294055
0.294055
0.410648
0.410648
0.271525
0.271525
0.363217
0.363217
0.448384
0.448384
0.637247
0.637247
0.650306
0.650306
0.387712
0.387712
0.548675
0.548675
0.514090
0.514090
0.531675
0.531675
0.542115
0.542115
0.398031
0.398031
0.421090
0.421090
0.399508
0.399508
0.496394
0.496394
0.549671
0.549671
0.381784
0.381784
0.652047
0.652047
0.555043
0.555043
0.578907
0.578907
0.434901
0.434901
0.474618
0.474618
0.462982
0.462982
0.441751
0.441751
0.350834
0.350834
0.385909
0.385909
0.324502
0.324502
0.275807
0.275807
0.276784
0.276784
0.442345
0.442345
0.306203
0.306203
0.629618
0.629618
0.484472
0.484472
0.570234
0.570234
0.184339
0.184339
0.355106
0.355106
0.369382
0.369382
0.339474
0.339474
0.247864
0.247864
0.372422
0.372422
0.304660
0.304660
0.402831
0.402831
0.207536
0.207536
0.570966
0.570966
0.271776
0.271776
0.295326
0.295326
0.352954
0.352954
0.365386
0.365386
0.238204
0.238204
0.390776
0.390776
0.367748
0.367748
0.570001
0.570001
0.522216
0.522216
0.382446
0.382446
0.357585
0.357585
0.540307
0.540307
0.311772
0.311772
0.490530
0.490530
0.547528
0.547528
0.672799
0.672799
0.393498
0.393498
0.418038
0.418038
0.305172
0.305172
0.409473
0.409473
0.196940
0.196940
0.378068
0.378068
0.336508
0.336508
0.271240
0.271240
0.368318
0.368318
0.437661
0.437661
0.774453
0.774453
0.462207
0.462207
0.467293
0.467293
0.471103
0.471103
0.421446
0.421446
0.410587
0.410587
0.460449
0.460449
0.275350
0.275350
0.158614
0.158614
0.541839
0.541839
0.335739
0.335739
0.545547
0.545547
0.261235
0.261235
0.465421
0.465421
0.526062
0.526062
0.383567
0.383567
0.522821
0.522821
0.471283
0.471283
0.439949
0.439949
0.823746
0.823746
0.432637
0.432637
0.327554
0.327554
0.279930
0.279930
0.424189
0.424189
0.274490
0.274490
0.329245
0.329245
0.456331
0.456331
0.336165
0.336165
0.420874
0.420874
0.394687
0.394687
0.250677
0.250677
0.215666
0.215666
0.469335
0.469335
0.264749
0.264749
0.410258
0.410258
0.248762
0.248762
0.271262
0.271262
0.320889
0.320889
0.789789
0.789789
0.183694
0.183694
0.179097
0.179097
0.485933
0.485933
0.233330
0.233330
0.654069
0.654069
0.409014
0.409014
0.362954
0.362954
0.293306
0.293306
0.307647
0.307647
0.489525
0.489525
0.467247
0.467247
0.326563
0.326563
0.413515
0.413515
0.416987
0.416987
0.352263
0.352263
0.184770
0.184770
0.404560
0.404560
0.428968
0.428968
0.581663
0.581663
0.527177
0.527177
0.601602
0.601602
0.692795
0.692795
0.280742
0.280742
0.450839
0.450839
0.195737
0.195737
0.447062
0.447062
0.463833
0.463833
0.381984
0.381984
0.312319
0.312319
0.248733
0.248733
0.242065
0.242065
0.378296
0.378296
0.543870
0.543870
0.538660
0.538660
0.235470
0.235470
0.275280
0.275280
0.157050
0.157050
0.552522
0.552522
0.237609
0.237609
0.519290
0.519290
0.127552
0.127552
0.478552
0.478552
0.687131
0.687131
0.282379
0.282379
0.652299
0.652299
0.424732
0.424732
0.396881
0.396881
0.411242
0.411242
0.209328
0.209328
0.252024
0.252024
0.285431
0.285431
0.254345
0.254345
0.287874
0.287874
0.549905
0.549905
0.593719
0.593719
0.189998
0.189998
0.240118
0.240118
0.449858
0.449858
0.485176
0.485176
0.362069
0.362069
0.452583
0.452583
0.523796
0.523796
0.543114
0.543114
0.411270
0.411270
0.366120
0.366120
0.339563
0.339563
0.311792
0.311792
0.424881
0.424881
0.356051
0.356051
0.369364
0.369364
0.400374
0.400374
0.468667
0.468667
0.543999
0.543999
0.165811
0.165811
0.339161
0.339161
0.532691
0.532691
0.381878
0.381878
0.206838
0.206838
0.340510
0.340510
0.458446
0.458446
0.368298
0.368298
0.183508
0.183508
0.361202
0.361202
0.247470
0.247470
0.402121
0.402121
0.655214
0.655214
0.259566
0.259566
0.464723
0.464723
0.662452
0.662452
0.314393
0.314393
0.274074
0.274074
0.273692
0.273692
0.314368
0.314368
0.483522
0.483522
0.371764
0.371764
0.418174
0.418174
0.822161
0.822161
0.346892
0.346892
0.424995
0.424995
0.296153
0.296153
0.394882
0.394882
0.229794
0.229794
0.237872
0.237872
0.370264
0.370264
0.410196
0.410196
0.488206
0.488206
0.143134
0.143134
0.767072
0.767072
0.451351
0.451351
0.400861
0.400861
0.491232
0.491232
0.328697
0.328697
0.286362
0.286362
0.284658
0.284658
0.382497
0.382497
0.254599
0.254599
0.418856
0.418856
0.494148
0.494148
0.366248
0.366248
0.335067
0.335067
0.301291
0.301291
0.530165
0.530165
0.563825
0.563825
0.453975
0.453975
0.508065
0.508065
0.187870
0.187870
0.583676
0.583676
0.224311
0.224311
0.488755
0.488755
0.388427
0.388427
0.290245
0.290245
0.423439
0.423439
0.242899
0.242899
0.332065
0.332065
0.481340
0.481340
0.303398
0.303398
0.511693
0.511693
0.356839
0.356839
0.306257
0.306257
0.415111
0.415111
0.384189
0.384189
0.430878
0.430878
0.546072
0.546072
0.922198
0.922198
0.363719
0.363719
0.557278
0.557278
0.540029
0.540029
0.360608
0.360608
0.468511
0.468511
0.663184
0.663184
0.457546
0.457546
0.323768
0.323768
0.189793
0.189793
0.243927
0.243927
0.371115
0.371115
0.305124
0.305124
0.196988
0.196988
0.188651
0.188651
0.572850
0.572850
0.383516
0.383516
0.237754
0.237754
0.507739
0.507739
0.303687
0.303687
0.392854
0.392854
0.221452
0.221452
0.361767
0.361767
0.310776
0.310776
0.547058
0.547058
0.215714
0.215714
0.558863
0.558863
0.238187
0.238187
0.252925
0.252925
0.342226
0.342226
0.697055
0.697055
0.356783
0.356783
0.330970
0.330970
0.476311
0.476311
0.332551
0.332551
0.195950
0.195950
0.318502
0.318502
0.367631
0.367631
0.312483
0.312483
0.173336
0.173336
0.330496
0.330496
0.558101
0.558101
0.229366
0.229366
0.460426
0.460426
0.376147
0.376147
0.287213
0.287213
0.206660
0.206660
0.573035
0.573035
0.162863
0.162863
0.271087
0.271087
0.520728
0.520728
0.356798
0.356798
0.336036
0.336036
0.162459
0.162459
0.399779
0.399779
0.195875
0.195875
0.444662
0.444662
0.408657
0.408657
0.323445
0.323445
0.510593
0.510593
0.445800
0.445800
0.311174
0.311174
0.676673
0.676673
0.674667
0.674667
0.492239
0.492239
0.604253
0.604253
0.365063
0.365063
0.269465
0.269465
0.370396
0.370396
0.334415
0.334415
0.300618
0.300618
0.480853
0.480853
0.465218
0.465218
0.286773
0.286773
0.357488
0.357488
0.305657
0.305657
0.404366
0.404366
0.248542
0.248542
0.315117
0.315117
0.464892
0.464892
0.355198
0.355198
0.542697
0.542697
0.393388
0.393388
0.547499
0.547499
0.276352
0.276352
0.207102
0.207102
0.323824
0.323824
0.401438
0.401438
0.320596
0.320596
0.423237
0.423237
0.275561
0.275561
0.199767
0.199767
0.370882
0.370882
0.524212
0.524212
0.831657
0.831657
0.412012
0.412012
0.436686
0.436686
0.446427
0.446427
0.476911
0.476911
0.655325
0.655325
0.667856
0.667856
0.417846
0.417846
0.699329
0.699329
0.662613
0.662613
0.333868
0.333868
0.222994
0.222994
0.411494
0.411494
0.197205
0.197205
0.350572
0.350572
0.253103
0.253103
0.151231
0.151231
0.326948
0.326948
0.528370
0.528370
0.331875
0.331875
0.444537
0.444537
0.530683
0.530683
0.341005
0.341005
0.315656
0.315656
0.363564
0.363564
0.469128
0.469128
0.411683
0.411683
0.316976
0.316976
0.307919
0.307919
0.188940
0.188940
0.596799
0.596799
0.307121
0.307121
0.441329
0.441329
0.198304
0.198304
0.703752
0.703752
0.697268
0.697268
0.273384
0.273384
0.358130
0.358130
0.430019
0.430019
0.320049
0.320049
0.286533
0.286533
0.206168
0.206168
0.398352
0.398352
0.270937
0.270937
0.498953
0.498953
0.465463
0.465463
0.739813
0.739813
0.263849
0.263849
0.491435
0.491435
0.484693
0.484693
0.529923
0.529923
0.547537
0.547537
0.190714
0.190714
0.397867
0.397867
0.832259
0.832259
0.349165
0.349165
0.428562
0.428562
0.398500
0.398500
0.313675
0.313675
0.728384
0.728384
0.207034
0.207034
0.307826
0.307826
0.515170
0.515170
0.363417
0.363417
0.379553
0.379553
0.263673
0.263673
0.305369
0.305369
0.498938
0.498938
0.258641
0.258641
0.336342
0.336342
0.246390
0.246390
0.512541
0.512541
0.173583
0.173583
0.255031
0.255031
0.482677
0.482677
0.314219
0.314219
0.226463
0.226463
0.318218
0.318218
0.573863
0.573863
0.404561
0.404561
0.331340
0.331340
0.201429
0.201429
0.216121
0.216121
0.545999
0.545999
0.348897
0.348897
0.449554
0.449554
0.494092
0.494092
0.406979
0.406979
0.369714
0.369714
0.246582
0.246582
0.373939
0.373939
0.207011
0.207011
0.462318
0.462318
0.680535
0.680535
0.460516
0.460516
0.414583
0.414583
0.425534
0.425534
0.517937
0.517937
0.676709
0.676709
0.400087
0.400087
0.335208
0.335208
0.290232
0.290232
0.308222
0.308222
0.732697
0.732697
0.306718
0.306718
0.208431
0.208431
0.314437
0.314437
0.368597
0.368597
0.260179
0.260179
0.263758
0.263758
0.576445
0.576445
0.497734
0.497734
0.227924
0.227924
0.290816
0.290816
0.524319
0.524319
0.480694
0.480694
0.443312
0.443312
0.367350
0.367350
0.612653
0.612653
0.252268
0.252268
0.316260
0.316260
0.746043
0.746043
0.245398
0.245398
0.310558
0.310558
0.650685
0.650685
0.133402
0.133402
0.245029
0.245029
0.298329
0.298329
0.334224
0.334224
0.157799
0.157799
0.353105
0.353105
0.426911
0.426911
0.385899
0.385899
0.456808
0.456808
0.670341
0.670341
0.307276
0.307276
0.284680
0.284680
0.320273
0.320273
0.397656
0.397656
0.488401
0.488401
0.503186
0.503186
0.340051
0.340051
0.347291
0.347291
0.435991
0.435991
0.304401
0.304401
0.180821
0.180821
0.398456
0.398456
0.590728
0.590728
0.543080
0.543080
0.436176
0.436176
0.619282
0.619282
0.342142
0.342142
0.315890
0.315890
0.127888
0.127888
0.194090
0.194090
0.269665
0.269665
0.377987
0.377987
0.343247
0.343247
0.304521
0.304521
0.308359
0.308359
0.541796
0.541796
0.245070
0.245070
0.265503
0.265503
0.390693
0.390693
0.333483
0.333483
0.472672
0.472672
0.452008
0.452008
0.278416
0.278416
0.463622
0.463622
0.509713
0.509713
0.139456
0.139456
0.243011
0.243011
0.467591
0.467591
0.541097
0.541097
0.262401
0.262401
0.241021
0.241021
0.677084
0.677084
0.612733
0.612733
0.524502
0.524502
0.525556
0.525556
0.528874
0.528874
0.360048
0.360048
0.428912
0.428912
0.506861
0.506861
0.344550
0.344550
0.279285
0.279285
0.351714
0.351714
0.464545
0.464545
0.453892
0.453892
0.452190
0.452190
0.217063
0.217063
0.297608
0.297608
0.382155
0.382155
0.370110
0.370110
0.288009
0.288009
0.430678
0.430678
0.382975
0.382975
0.310302
0.310302
0.592473
0.592473
0.459650
0.459650
0.433265
0.433265
0.322215
0.322215
0.315526
0.315526
0.470112
0.470112
0.159813
0.159813
0.420506
0.420506
0.285511
0.285511
0.624070
0.624070
0.592841
0.592841
0.348580
0.348580
0.275387
0.275387
0.230694
0.230694
0.433170
0.433170
0.209383
0.209383
0.453242
0.453242
0.538288
0.538288
0.447627
0.447627
0.268940
0.268940
0.310389
0.310389
0.223839
0.223839
0.219253
0.219253
0.311798
0.311798
0.312530
0.312530
0.328361
0.328361
0.463642
0.463642
0.359200
0.359200
0.289175
0.289175
0.367248
0.367248
0.306121
0.306121
0.348132
0.348132
0.369004
0.369004
0.224347
0.224347
0.348737
0.348737
0.369833
0.369833
0.399513
0.399513
0.448803
0.448803
0.323755
0.323755
0.203722
0.203722
0.428011
0.428011
0.511298
0.511298
0.625080
0.625080
0.255452
0.255452
0.741993
0.741993
0.375957
0.375957
0.532677
0.532677
0.620724
0.620724
0.312530
0.312530
0.337168
0.337168
0.235556
0.235556
0.326144
0.326144
0.344135
0.344135
0.322434
0.322434
0.461084
0.461084
0.218936
0.218936
0.300970
0.300970
0.309954
0.309954
0.294213
0.294213
0.505311
0.505311
0.882979
0.882979
0.659741
0.659741
0.282654
0.282654
0.624716
0.624716
0.559935
0.559935
0.447752
0.447752
0.147560
0.147560
0.273253
0.273253
0.265024
0.265024
0.445757
0.445757
0.322137
0.322137
0.338358
0.338358
0.324498
0.324498
0.368268
0.368268
0.317450
0.317450
0.331277
0.331277
0.153374
0.153374
0.233316
0.233316
0.228192
0.228192
0.477101
0.477101
0.271977
0.271977
0.498368
0.498368
0.442865
0.442865
0.370615
0.370615
0.588761
0.588761
0.477068
0.477068
0.244108
0.244108
0.393122
0.393122
0.328737
0.328737
0.191285
0.191285
0.773329
0.773329
0.396592
0.396592
0.571810
0.571810
0.316715
0.316715
0.573755
0.573755
0.225912
0.225912
0.526351
0.526351
0.468775
0.468775
0.270427
0.270427
0.372271
0.372271
0.394397
0.394397
0.344358
0.344358
0.287518
0.287518
0.368720
0.368720
0.380095
0.380095
0.340557
0.340557
0.345508
0.345508
0.544699
0.544699
0.353085
0.353085
0.272929
0.272929
0.296084
0.296084
0.226889
0.226889
0.193495
0.193495
0.638420
0.638420
0.250296
0.250296
0.361814
0.361814
0.479958
0.479958
0.370354
0.370354
0.481922
0.481922
0.202222
0.202222
0.265321
0.265321
0.343838
0.343838
0.479800
0.479800
0.397792
0.397792
0.233761
0.233761
0.279542
0.279542
0.197216
0.197216
0.461785
0.461785
0.422608
0.422608
0.306910
0.306910
0.471199
0.471199
0.359744
0.359744
0.375584
0.375584
0.266422
0.266422
0.432563
0.432563
0.175732
0.175732
0.335493
0.335493
0.261566
0.261566
0.659383
0.659383
0.480334
0.480334
0.403266
0.403266
0.805465
0.805465
0.418231
0.418231
0.233260
0.233260
0.483419
0.483419
0.805987
0.805987
0.496891
0.496891
0.421083
0.421083
0.277222
0.277222
0.318136
0.318136
0.356960
0.356960
0.144475
0.144475
0.239952
0.239952
0.290377
0.290377
0.346011
0.346011
0.356391
0.356391
0.549040
0.549040
0.335200
0.335200
0.281598
0.281598
0.231221
0.231221
0.436266
0.436266
0.484123
0.484123
0.280897
0.280897
0.472738
0.472738
0.349554
0.349554
0.298107
0.298107
0.335755
0.335755
0.125625
0.125625
0.426547
0.426547
0.331583
0.331583
0.505932
0.505932
0.422335
0.422335
0.278464
0.278464
0.333200
0.333200
0.619650
0.619650
0.518545
0.518545
0.212432
0.212432
0.706165
0.706165
0.276666
0.276666
0.647252
0.647252
0.456444
0.456444
0.411079
0.411079
0.544285
0.544285
0.191953
0.191953
0.223296
0.223296
0.375998
0.375998
0.162945
0.162945
0.200330
0.200330
0.408747
0.408747
0.768537
0.768537
0.342294
0.342294
0.407331
0.407331
0.519018
0.519018
0.449850
0.449850
0.310091
0.310091
0.443176
0.443176
0.153949
0.153949
0.419938
0.419938
0.405106
0.405106
0.285407
0.285407
0.441556
0.441556
0.416830
0.416830
0.370955
0.370955
0.496896
0.496896
0.807278
0.807278
0.609352
0.609352
0.461310
0.461310
0.597166
0.597166
0.509463
0.509463
0.624940
0.624940
0.346520
0.346520
0.543422
0.543422
0.522482
0.522482
0.515598
0.515598
0.359926
0.359926
0.360823
0.360823
0.175188
0.175188
0.537353
0.537353
0.382231
0.382231
0.391136
0.391136
0.388518
0.388518
0.404143
0.404143
0.377179
0.377179
0.397048
0.397048
0.390462
0.390462
0.618984
0.618984
0.273466
0.273466
0.268350
0.268350
0.612742
0.612742
0.233678
0.233678
0.501008
0.501008
0.378820
0.378820
0.310984
0.310984
0.186916
0.186916
0.644881
0.644881
0.426141
0.426141
0.474400
0.474400
0.211427
0.211427
0.258935
0.258935
0.346917
0.346917
0.209528
0.209528
0.561483
0.561483
0.133319
0.133319
0.285928
0.285928
0.275586
0.275586
0.428310
0.428310
0.194412
0.194412
0.494438
0.494438
0.356872
0.356872
0.221821
0.221821
0.619774
0.619774
0.350936
0.350936
0.284315
0.284315
0.216805
0.216805
0.258915
0.258915
0.229444
0.229444
0.199675
0.199675
0.415141
0.415141
0.323509
0.323509
0.245896
0.245896
0.230893
0.230893
0.349847
0.349847
0.691878
0.691878
0.551153
0.551153
0.716732
0.716732
0.368860
0.368860
0.494821
0.494821
0.441004
0.441004
0.318806
0.318806
0.495856
0.495856
0.224573
0.224573
0.209558
0.209558
0.577700
0.577700
0.422674
0.422674
0.366680
0.366680
0.338380
0.338380
0.400933
0.400933
0.268272
0.268272
0.201772
0.201772
0.449305
0.449305
0.586825
0.586825
0.213598
0.213598
0.294632
0.294632
0.219045
0.219045
0.671055
0.671055
0.352256
0.352256
0.558358
0.558358
0.411264
0.411264
0.590993
0.590993
0.403050
0.403050
0.258040
0.258040
0.766808
0.766808
0.518247
0.518247
0.473768
0.473768
0.491258
0.491258
0.400386
0.400386
0.595567
0.595567
0.331610
0.331610
0.299399
0.299399
0.227450
0.227450
0.250189
0.250189
0.474986
0.474986
0.239036
0.239036
0.190481
0.190481
0.618899
0.618899
0.267358
0.267358
0.302757
0.302757
0.404160
0.404160
0.226314
0.226314
0.498880
0.498880
0.374231
0.374231
0.321842
0.321842
0.445970
0.445970
0.306334
0.306334
0.449732
0.449732
0.293430
0.293430
0.187562
0.187562
0.493197
0.493197
0.259869
0.259869
0.367636
0.367636
0.646637
0.646637
0.290940
0.290940
0.229671
0.229671
0.223427
0.223427
0.552048
0.552048
0.643099
0.643099
0.191972
0.191972
0.518235
0.518235
0.355484
0.355484
0.475286
0.475286
0.415515
0.415515
0.294347
0.294347
0.273466
0.273466
0.319857
0.319857
0.573455
0.573455
0.445721
0.445721
0.239304
0.239304
0.191162
0.191162
0.443953
0.443953
0.541728
0.541728
0.419725
0.419725
0.449185
0.449185
0.342184
0.342184
0.263650
0.263650
0.269774
0.269774
0.424214
0.424214
0.307985
0.307985
0.310837
0.310837
0.200851
0.200851
0.361105
0.361105
0.174842
0.174842
0.400371
0.400371
0.899269
0.899269
0.171108
0.171108
0.262568
0.262568
0.421313
0.421313
0.626444
0.626444
0.334973
0.334973
0.429488
0.429488
0.530928
0.530928
0.451900
0.451900
0.510088
0.510088
0.619932
0.619932
0.754532
0.754532
0.475659
0.475659
0.298837
0.298837
0.244026
0.244026
0.285424
0.285424
0.316980
0.316980
0.249621
0.249621
0.326234
0.326234
0.449598
0.449598
0.363074
0.363074
0.363207
0.363207
0.252754
0.252754
0.318072
0.318072
0.469105
0.469105
0.208647
0.208647
0.501453
0.501453
0.435103
0.435103
0.453687
0.453687
0.322972
0.322972
0.285934
0.285934
0.460525
0.460525
0.296758
0.296758
0.274395
0.274395
0.443834
0.443834
0.162503
0.162503
0.407026
0.407026
0.352200
0.352200
0.401524
0.401524
0.273484
0.273484
0.455098
0.455098
0.602221
0.602221
0.445570
0.445570
0.561027
0.561027
0.351522
0.351522
0.186428
0.186428
0.312364
0.312364
0.385405
0.385405
0.583457
0.583457
0.341147
0.341147
0.371441
0.371441
0.398249
0.398249
0.371135
0.371135
0.311661
0.311661
0.503216
0.503216
0.292599
0.292599
0.343637
0.343637
0.581773
0.581773
0.335788
0.335788
0.182229
0.182229
0.858097
0.858097
0.239610
0.239610
0.339231
0.339231
0.406899
0.406899
0.630329
0.630329
0.781647
0.781647
0.290928
0.290928
0.204469
0.204469
0.199674
0.199674
0.352628
0.352628
0.267716
0.267716
0.286483
0.286483
0.269117
0.269117
0.642487
0.642487
0.340565
0.340565
0.293856
0.293856
0.352834
0.352834
0.421276
0.421276
0.268394
0.268394
0.196000
0.196000
0.208973
0.208973
0.321776
0.321776
0.289464
0.289464
0.327140
0.327140
0.463724
0.463724
0.620380
0.620380
0.164745
0.164745
0.285308
0.285308
0.306570
0.306570
0.317017
0.317017
0.870901
0.870901
0.716406
0.716406
0.401474
0.401474
0.575753
0.575753
0.386882
0.386882
0.333867
0.333867
0.418187
0.418187
0.382232
0.382232
0.132669
0.132669
0.632756
0.632756
0.169838
0.169838
0.595435
0.595435
0.422285
0.422285
0.336802
0.336802
0.231340
0.231340
0.243835
0.243835
0.293007
0.293007
0.534996
0.534996
0.361512
0.361512
0.399583
0.399583
0.480693
0.480693
0.396887
0.396887
0.472983
0.472983
0.239424
0.239424
0.313041
0.313041
0.607859
0.607859
0.217647
0.217647
0.364378
0.364378
0.433622
0.433622
0.424221
0.424221
0.283402
0.283402
0.430375
0.430375
0.531994
0.531994
0.304824
0.304824
0.281004
0.281004
0.116629
0.116629
0.411468
0.411468
0.474779
0.474779
0.230856
0.230856
0.516457
0.516457
0.282817
0.282817
0.374454
0.374454
0.419643
0.419643
0.469450
0.469450
0.404828
0.404828
0.373175
0.373175
0.435576
0.435576
0.290877
0.290877
0.516493
0.516493
0.428682
0.428682
0.559370
0.559370
0.260681
0.260681
0.441243
0.441243
0.709846
0.709846
0.758779
0.758779
0.458704
0.458704
0.167516
0.167516
0.490127
0.490127
0.350527
0.350527
0.634371
0.634371
0.395900
0.395900
0.258725
0.258725
0.521769
0.521769
0.453987
0.453987
0.297758
0.297758
0.524119
0.524119
0.425261
0.425261
0.289189
0.289189
0.395813
0.395813
0.117565
0.117565
0.482355
0.482355
0.299727
0.299727
0.497803
0.497803
0.444880
0.444880
0.114880
0.114880
0.281128
0.281128
0.330995
0.330995
0.318815
0.318815
0.195795
0.195795
0.310284
0.310284
0.349378
0.349378
0.317028
0.317028
0.518010
0.518010
0.376336
0.376336
0.503347
0.503347
0.162758
0.162758
0.260117
0.260117
0.328803
0.328803
0.276267
0.276267
0.262569
0.262569
0.455280
0.455280
0.396222
0.396222
0.394798
0.394798
0.353432
0.353432
0.391573
0.391573
0.439806
0.439806
0.289564
0.289564
0.294428
0.294428
0.202638
0.202638
0.451079
0.451079
0.376910
0.376910
0.243676
0.243676
0.434886
0.434886
0.301806
0.301806
0.235966
0.235966
0.531177
0.531177
0.600064
0.600064
0.256716
0.256716
0.593729
0.593729
0.189430
0.189430
0.364922
0.364922
0.278493
0.278493
0.214356
0.214356
0.592318
0.592318
0.642682
0.642682
0.198398
0.198398
0.542985
0.542985
0.530424
0.530424
0.427016
0.427016
0.418121
0.418121
0.426619
0.426619
0.322660
0.322660
0.233014
0.233014
0.409768
0.409768
0.410877
0.410877
0.279120
0.279120
0.277415
0.277415
0.261698
0.261698
0.429623
0.429623
0.447399
0.447399
0.201570
0.201570
0.558619
0.558619
0.527348
0.527348
0.126597
0.126597
0.352811
0.352811
0.316300
0.316300
0.367304
0.367304
0.433468
0.433468
0.172044
0.172044
0.414144
0.414144
0.421885
0.421885
0.605574
0.605574
0.399774
0.399774
0.431047
0.431047
0.323283
0.323283
0.627238
0.627238
0.401582
0.401582
0.319411
0.319411
0.407942
0.407942
0.423790
0.423790
0.578260
0.578260
0.267102
0.267102
0.305798
0.305798
0.349719
0.349719
0.488564
0.488564
0.483791
0.483791
0.243996
0.243996
0.357136
0.357136
0.393137
0.393137
0.424200
0.424200
0.306075
0.306075
0.194871
0.194871
0.491374
0.491374
0.316990
0.316990
0.547091
0.547091
0.507946
0.507946
0.519967
0.519967
0.388868
0.388868
0.291499
0.291499
0.290087
0.290087
0.233682
0.233682
0.508893
0.508893
0.257084
0.257084
0.312236
0.312236
0.270527
0.270527
0.399520
0.399520
0.343486
0.343486
0.422867
0.422867
0.190487
0.190487
0.488955
0.488955
0.312693
0.312693
0.614013
0.614013
0.489072
0.489072
0.473923
0.473923
0.398068
0.398068
0.140152
0.140152
0.671447
0.671447
0.388406
0.388406
0.214074
0.214074
0.370872
0.370872
0.548369
0.548369
0.275590
0.275590
0.375539
0.375539
0.689123
0.689123
0.442895
0.442895
0.525171
0.525171
0.320111
0.320111
0.279209
0.279209
0.321861
0.321861
0.522474
0.522474
0.620046
0.620046
0.288719
0.288719
0.137425
0.137425
0.269332
0.269332
0.271792
0.271792
0.346199
0.346199
0.222220
0.222220
0.303226
0.303226
0.338712
0.338712
0.572175
0.572175
0.421214
0.421214
0.260822
0.260822
0.711621
0.711621
0.376835
0.376835
0.591464
0.591464
0.280912
0.280912
0.226747
0.226747
0.243832
0.243832
0.290255
0.290255
0.354513
0.354513
0.409186
0.409186
0.112220
0.112220
0.438753
0.438753
0.269122
0.269122
0.302821
0.302821
0.142096
0.142096
0.538977
0.538977
0.282920
0.282920
0.312083
0.312083
0.431813
0.431813
0.371884
0.371884
0.382415
0.382415
0.496749
0.496749
0.342692
0.342692
0.509009
0.509009
0.455193
0.455193
0.296329
0.296329
0.481950
0.481950
0.293119
0.293119
0.315330
0.315330
0.595639
0.595639
0.214143
0.214143
0.761092
0.761092
0.333021
0.333021
0.300694
0.300694
0.408478
0.408478
0.265902
0.265902
0.285234
0.285234
0.554254
0.554254
0.097961
0.097961
0.225033
0.225033
0.544373
0.544373
0.237589
0.237589
0.411514
0.411514
0.558017
0.558017
0.513687
0.513687
0.784075
0.784075
0.365997
0.365997
0.309979
0.309979
0.368837
0.368837
0.435723
0.435723
0.469497
0.469497
0.215362
0.215362
0.366919
0.366919
0.493762
0.493762
0.494602
0.494602
0.425985
0.425985
0.333884
0.333884
0.386099
0.386099
0.404517
0.404517
0.397202
0.397202
0.238922
0.238922
0.310577
0.310577
0.482018
0.482018
0.180805
0.180805
0.316330
0.316330
0.300083
0.300083
0.421558
0.421558
0.380090
0.380090
0.264953
0.264953
0.340535
0.340535
0.612955
0.612955
0.402480
0.402480
0.459981
0.459981
0.304233
0.304233
0.288973
0.288973
0.297026
0.297026
0.460255
0.460255
0.445458
0.445458
0.231868
0.231868
0.283935
0.283935
0.614433
0.614433
0.446116
0.446116
0.329807
0.329807
0.372021
0.372021
0.382669
0.382669
0.517321
0.517321
0.340726
0.340726
0.399843
0.399843
0.536449
0.536449
0.239383
0.239383
0.355941
0.355941
0.346927
0.346927
0.380067
0.380067
0.767521
0.767521
0.177247
0.177247
0.423241
0.423241
0.357921
0.357921
0.439750
0.439750
0.303905
0.303905
0.294749
0.294749
0.159762
0.159762
0.361725
0.361725
0.530619
0.530619
0.289662
0.289662
0.445066
0.445066
0.544316
0.544316
0.246529
0.246529
0.211687
0.211687
0.195277
0.195277
0.393736
0.393736
0.579645
0.579645
0.334259
0.334259
0.153860
0.153860
0.383196
0.383196
0.571021
0.571021
0.349548
0.349548
0.330406
0.330406
0.519342
0.519342
0.361408
0.361408
0.107889
0.107889
0.399879
0.399879
0.255323
0.255323
0.786484
0.786484
0.325009
0.325009
0.351738
0.351738
0.519932
0.519932
0.261352
0.261352
0.217560
0.217560
0.417678
0.417678
0.578807
0.578807
0.414189
0.414189
0.529879
0.529879
0.295508
0.295508
0.531742
0.531742
0.146684
0.146684
0.246031
0.246031
0.287164
0.287164
0.459697
0.459697
0.160258
0.160258
0.521081
0.521081
0.416779
0.416779
0.503215
0.503215
0.530950
0.530950
0.485092
0.485092
0.257444
0.257444
0.237994
0.237994
0.241096
0.241096
0.433175
0.433175
0.233561
0.233561
0.347910
0.347910
0.562661
0.562661
0.576629
0.576629
0.397454
0.397454
0.564373
0.564373
0.332514
0.332514
0.479689
0.479689
0.353550
0.353550
0.477656
0.477656
0.266699
0.266699
0.151525
0.151525
0.393647
0.393647
0.302962
0.302962
0.534827
0.534827
0.192806
0.192806
0.453461
0.453461
0.219779
0.219779
0.340751
0.340751
0.275529
0.275529
0.766340
0.766340
0.470068
0.470068
0.525824
0.525824
0.390410
0.390410
0.623537
0.623537
0.511883
0.511883
0.327440
0.327440
0.866861
0.866861
0.306450
0.306450
0.231054
0.231054
0.256154
0.256154
0.300244
0.300244
0.418555
0.418555
0.538958
0.538958
0.421888
0.421888
0.400957
0.400957
0.414163
0.414163
0.375746
0.375746
0.255704
0.255704
0.356971
0.356971
0.235841
0.235841
0.201040
0.201040
0.531421
0.531421
0.318262
0.318262
0.536331
0.536331
0.434880
0.434880
0.241076
0.241076
0.464683
0.464683
0.363233
0.363233
0.616425
0.616425
0.671878
0.671878
0.287895
0.287895
0.196961
0.196961
0.333604
0.333604
0.407563
0.407563
0.294851
0.294851
0.182749
0.182749
0.564262
0.564262
0.212218
0.212218
0.267804
0.267804
0.334638
0.334638
0.385831
0.385831
0.432114
0.432114
0.306928
0.306928
0.430110
0.430110
0.490312
0.490312
0.360396
0.360396
0.470771
0.470771
0.383147
0.383147
0.586677
0.586677
0.185559
0.185559
0.273219
0.273219
0.881391
0.881391
0.276385
0.276385
0.456763
0.456763
0.370449
0.370449
0.714696
0.714696
0.558595
0.558595
0.182333
0.182333
0.285076
0.285076
0.507940
0.507940
0.456107
0.456107
0.359751
0.359751
0.496723
0.496723
0.458435
0.458435
0.383541
0.383541
0.220128
0.220128
0.558217
0.558217
0.519038
0.519038
0.859061
0.859061
0.234702
0.234702
0.402708
0.402708
0.316143
0.316143
0.244810
0.244810
0.395092
0.395092
0.147635
0.147635
0.174696
0.174696
0.239650
0.239650
0.388383
0.388383
0.524136
0.524136
0.526637
0.526637
0.537811
0.537811
0.256708
0.256708
0.576838
0.576838
0.517461
0.517461
0.395408
0.395408
0.372787
0.372787
0.217830
0.217830
0.204361
0.204361
0.282541
0.282541
0.255117
0.255117
0.379367
0.379367
0.358804
0.358804
0.237661
0.237661
0.608599
0.608599
0.405209
0.405209
0.237733
0.237733
0.695095
0.695095
0.408554
0.408554
0.170801
0.170801
0.246444
0.246444
0.505244
0.505244
0.320774
0.320774
0.229551
0.229551
0.436986
0.436986
0.143537
0.143537
0.426041
0.426041
0.324547
0.324547
0.427144
0.427144
0.363796
0.363796
0.181537
0.181537
0.337873
0.337873
0.438845
0.438845
0.203752
0.203752
0.353820
0.353820
0.457549
0.457549
0.247915
0.247915
0.382652
0.382652
0.353797
0.353797
0.419399
0.419399
0.277601
0.277601
0.222390
0.222390
0.564471
0.564471
0.422488
0.422488
0.384956
0.384956
0.445923
0.445923
0.316138
0.316138
0.512857
0.512857
0.460638
0.460638
0.316228
0.316228
0.236487
0.236487
0.228865
0.228865
0.213239
0.213239
0.357368
0.357368
0.362504
0.362504
0.358058
0.358058
0.304396
0.304396
0.289626
0.289626
0.193939
0.193939
0.616192
0.616192
0.455057
0.455057
0.335968
0.335968
0.252359
0.252359
0.559507
0.559507
0.559103
0.559103
0.432339
0.432339
0.321067
0.321067
0.503770
0.503770
0.254094
0.254094
0.290826
0.290826
0.331948
0.331948
0.432843
0.432843
0.520774
0.520774
0.214789
0.214789
0.476982
0.476982
0.415690
0.415690
0.457378
0.457378
0.327299
0.327299
0.328839
0.328839
0.547545
0.547545
0.422218
0.422218
0.315717
0.315717
0.416875
0.416875
0.258941
0.258941
0.510814
0.510814
0.456918
0.456918
0.590823
0.590823
0.571680
0.571680
0.291207
0.291207
0.294828
0.294828
0.227127
0.227127
0.246184
0.246184
0.204730
0.204730
0.314561
0.314561
0.292432
0.292432
0.549741
0.549741
0.399522
0.399522
0.407697
0.407697
0.657241
0.657241
0.435433
0.435433
0.208106
0.208106
0.494890
0.494890
0.623475
0.623475
0.404212
0.404212
0.480667
0.480667
0.423173
0.423173
0.426278
0.426278
0.438396
0.438396
0.346387
0.346387
0.282149
0.282149
0.232957
0.232957
0.152896
0.152896
0.418792
0.418792
0.576322
0.576322
0.289098
0.289098
0.303032
0.303032
0.398527
0.398527
0.579445
0.579445
0.293208
0.293208
0.452501
0.452501
0.507012
0.507012
0.298180
0.298180
0.377325
0.377325
0.438791
0.438791
0.270576
0.270576
0.296144
0.296144
0.590030
0.590030
0.302873
0.302873
0.483032
0.483032
0.380519
0.380519
0.506670
0.506670
0.188634
0.188634
0.403137
0.403137
0.564292
0.564292
0.492709
0.492709
0.292400
0.292400
0.642066
0.642066
0.334428
0.334428
0.393427
0.393427
0.324046
0.324046
0.394476
0.394476
0.338047
0.338047
0.223990
0.223990
0.292229
0.292229
0.397047
0.397047
0.428669
0.428669
0.133413
0.133413
0.296655
0.296655
0.217383
0.217383
0.364646
0.364646
0.580073
0.580073
0.486246
0.486246
0.307539
0.307539
0.599735
0.599735
0.216352
0.216352
0.607928
0.607928
0.322689
0.322689
0.469765
0.469765
0.190263
0.190263
0.477964
0.477964
0.335796
0.335796
0.210725
0.210725
0.258930
0.258930
0.288564
0.288564
0.274592
0.274592
0.448255
0.448255
0.310656
0.310656
0.395170
0.395170
0.357214
0.357214
0.365162
0.365162
0.160684
0.160684
0.507076
0.507076
0.224779
0.224779
0.320401
0.320401
0.422432
0.422432
0.262904
0.262904
0.733810
0.733810
0.398279
0.398279
0.326296
0.326296
0.286979
0.286979
0.459583
0.459583
0.505854
0.505854
0.389774
0.389774
0.200458
0.200458
0.448035
0.448035
0.383708
0.383708
0.197760
0.197760
0.364824
0.364824
0.280805
0.280805
0.418549
0.418549
0.247326
0.247326
0.252678
0.252678
0.356415
0.356415
0.335028
0.335028
0.263694
0.263694
0.515033
0.515033
0.444552
0.444552
0.344832
0.344832
0.467745
0.467745
0.284059
0.284059
0.459155
0.459155
0.367627
0.367627
0.168702
0.168702
0.277389
0.277389
0.520554
0.520554
0.365223
0.365223
0.305131
0.305131
0.624047
0.624047
0.474746
0.474746
0.173921
0.173921
0.478353
0.478353
0.272020
0.272020
0.374260
0.374260
0.694133
0.694133
0.301790
0.301790
0.368310
0.368310
0.207170
0.207170
0.446779
0.446779
0.267892
0.267892
0.535003
0.535003
0.368740
0.368740
0.350237
0.350237
0.479329
0.479329
0.447138
0.447138
0.331315
0.331315
0.444071
0.444071
0.188303
0.188303
0.392727
0.392727
0.176594
0.176594
0.243067
0.243067
0.491280
0.491280
0.196384
0.196384
0.393921
0.393921
0.443593
0.443593
0.249241
0.249241
0.345897
0.345897
0.249036
0.249036
0.322539
0.322539
0.259759
0.259759
0.477583
0.477583
0.387247
0.387247
0.545322
0.545322
0.297053
0.297053
0.305292
0.305292
0.388180
0.388180
0.282277
0.282277
0.522260
0.522260
0.273921
0.273921
0.666601
0.666601
0.369011
0.369011
0.229660
0.229660
0.286859
0.286859
0.212935
0.212935
0.553001
0.553001
0.432705
0.432705
0.546937
0.546937
0.557899
0.557899
0.231727
0.231727
0.252079
0.252079
0.250921
0.250921
0.278489
0.278489
0.751451
0.751451
0.231083
0.231083
0.195935
0.195935
0.330055
0.330055
0.310321
0.310321
0.465683
0.465683
0.633143
0.633143
0.388868
0.388868
0.631341
0.631341
0.466376
0.466376
0.182593
0.182593
0.517835
0.517835
0.661824
0.661824
0.542075
0.542075
0.256499
0.256499
0.259679
0.259679
0.182463
0.182463
0.360050
0.360050
0.192734
0.192734
0.326545
0.326545
0.250789
0.250789
0.617189
0.617189
0.546144
0.546144
0.364702
0.364702
0.341242
0.341242
0.471662
0.471662
0.492107
0.492107
0.181634
0.181634
0.561694
0.561694
0.205173
0.205173
0.483214
0.483214
0.613030
0.613030
0.416448
0.416448
0.597267
0.597267
0.123290
0.123290
0.393278
0.393278
0.301295
0.301295
0.288459
0.288459
0.280020
0.280020
0.481602
0.481602
0.713322
0.713322
0.539574
0.539574
0.415744
0.415744
0.331717
0.331717
0.314726
0.314726
0.322756
0.322756
0.566654
0.566654
0.457863
0.457863
0.294172
0.294172
0.317024
0.317024
0.456023
0.456023
0.376950
0.376950
0.290777
0.290777
0.347489
0.347489
0.443597
0.443597
0.334266
0.334266
0.235181
0.235181
0.411900
0.411900
0.440113
0.440113
0.305227
0.305227
0.615156
0.615156
0.270027
0.270027
0.360175
0.360175
0.320160
0.320160
0.216352
0.216352
0.444017
0.444017
0.381540
0.381540
0.411588
0.411588
0.400260
0.400260
0.621342
0.621342
0.379304
0.379304
0.301533
0.301533
0.486640
0.486640
0.236218
0.236218
0.501711
0.501711
0.343781
0.343781
0.723851
0.723851
0.457667
0.457667
0.220285
0.220285
0.485503
0.485503
0.399214
0.399214
0.435136
0.435136
0.307729
0.307729
0.538428
0.538428
0.191284
0.191284
0.529120
0.529120
0.577486
0.577486
0.333360
0.333360
0.502039
0.502039
0.370584
0.370584
0.430513
0.430513
0.261000
0.261000
0.302961
0.302961
0.241191
0.241191
0.404580
0.404580
0.272752
0.272752
0.440694
0.440694
0.179522
0.179522
0.437166
0.437166
0.199911
0.199911
0.448131
0.448131
0.431909
0.431909
0.530733
0.530733
0.620296
0.620296
0.240335
0.240335
0.267934
0.267934
0.453025
0.453025
0.217162
0.217162
0.593315
0.593315
0.594637
0.594637
0.298941
0.298941
0.415248
0.415248
0.212855
0.212855
0.302490
0.302490
0.164170
0.164170
0.640182
0.640182
0.308324
0.308324
0.135910
0.135910
0.216901
0.216901
0.506138
0.506138
0.369833
0.369833
0.346153
0.346153
0.331152
0.331152
0.379176
0.379176
0.277952
0.277952
0.376296
0.376296
0.319693
0.319693
0.274538
0.274538
0.345769
0.345769
0.187499
0.187499
0.423101
0.423101
0.159958
0.159958
0.294101
0.294101
0.626276
0.626276
0.222372
0.222372
0.391280
0.391280
0.453143
0.453143
0.466517
0.466517
0.479536
0.479536
0.327701
0.327701
0.307455
0.307455
0.513102
0.513102
0.277361
0.277361
0.193627
0.193627
0.318159
0.318159
0.382998
0.382998
0.544746
0.544746
0.442833
0.442833
0.286452
0.286452
0.567463
0.567463
0.335791
0.335791
0.382067
0.382067
0.452071
0.452071
0.259196
0.259196
0.293566
0.293566
0.525784
0.525784
0.274535
0.274535
0.412556
0.412556
0.427900
0.427900
0.290417
0.290417
0.523598
0.523598
0.404104
0.404104
0.311846
0.311846
0.294271
0.294271
0.283777
0.283777
0.486959
0.486959
0.653923
0.653923
0.176696
0.176696
0.531725
0.531725
0.245538
0.245538
0.343153
0.343153
0.264260
0.264260
0.238599
0.238599
0.167470
0.167470
0.252878
0.252878
0.622744
0.622744
0.342798
0.342798
0.549496
0.549496
0.254102
0.254102
0.270229
0.270229
0.294499
0.294499
0.301629
0.301629
0.257059
0.257059
0.465009
0.465009
0.277755
0.277755
0.391494
0.391494
0.266024
0.266024
0.702765
0.702765
0.410386
0.410386
0.325174
0.325174
0.279474
0.279474
0.444107
0.444107
0.426982
0.426982
0.459864
0.459864
0.477399
0.477399
0.309541
0.309541
0.223943
0.223943
0.272724
0.272724
0.415227
0.415227
0.298102
0.298102
0.500311
0.500311
0.108965
0.108965
0.434365
0.434365
0.367324
0.367324
0.240894
0.240894
0.315491
0.315491
0.245193
0.245193
0.343027
0.343027
0.637334
0.637334
0.359459
0.359459
0.446600
0.446600
0.460788
0.460788
0.265410
0.265410
0.497196
0.497196
0.335862
0.335862
0.476031
0.476031
0.533707
0.533707
0.454965
0.454965
0.226722
0.226722
0.351251
0.351251
0.258814
0.258814
0.184584
0.184584
0.247301
0.247301
0.291650
0.291650
0.123723
0.123723
0.656326
0.656326
0.318494
0.318494
0.386849
0.386849
0.496135
0.496135
0.564205
0.564205
0.470975
0.470975
0.490727
0.490727
0.327261
0.327261
0.598125
0.598125
0.490352
0.490352
0.140260
0.140260
0.303665
0.303665
0.423864
0.423864
0.194568
0.194568
0.260940
0.260940
0.225460
0.225460
0.442262
0.442262
0.248058
0.248058
0.260076
0.260076
0.323398
0.323398
0.198938
0.198938
0.250460
0.250460
0.295685
0.295685
0.620435
0.620435
0.389616
0.389616
0.534711
0.534711
0.178455
0.178455
0.691626
0.691626
0.484656
0.484656
0.748701
0.748701
0.440011
0.440011
0.374467
0.374467
0.498711
0.498711
0.732497
0.732497
0.204643
0.204643
0.461070
0.461070
0.232340
0.232340
0.324347
0.324347
0.386309
0.386309
0.335706
0.335706
0.244690
0.244690
0.212484
0.212484
0.285888
0.285888
0.282960
0.282960
0.276265
0.276265
0.429413
0.429413
0.335377
0.335377
0.419037
0.419037
0.532428
0.532428
0.447589
0.447589
0.344845
0.344845
0.320241
0.320241
0.444887
0.444887
0.348039
0.348039
0.192008
0.192008
0.465280
0.465280
0.200780
0.200780
0.296888
0.296888
0.564901
0.564901
0.397628
0.397628
0.578353
0.578353
0.527050
0.527050
0.225548
0.225548
0.615564
0.615564
0.544496
0.544496
0.601750
0.601750
0.379562
0.379562
0.438502
0.438502
0.465057
0.465057
0.495158
0.495158
0.477861
0.477861
0.243728
0.243728
0.179323
0.179323
0.409167
0.409167
0.525188
0.525188
0.500905
0.500905
0.515952
0.515952
0.457689
0.457689
0.214973
0.214973
0.140842
0.140842
0.325393
0.325393
0.261504
0.261504
0.294052
0.294052
0.437573
0.437573
0.412247
0.412247
0.462014
0.462014
0.255853
0.255853
0.789830
0.789830
0.233243
0.233243
0.464537
0.464537
0.423082
0.423082
0.337934
0.337934
0.508433
0.508433
0.306917
0.306917
0.385649
0.385649
0.220976
0.220976
0.297054
0.297054
0.350780
0.350780
0.353116
0.353116
0.426502
0.426502
0.330147
0.330147
0.575187
0.575187
0.286802
0.286802
0.215730
0.215730
0.381088
0.381088
0.470286
0.470286
0.361677
0.361677
0.316361
0.316361
0.225102
0.225102
0.250603
0.250603
0.204244
0.204244
0.702848
0.702848
0.557861
0.557861
0.258934
0.258934
0.574796
0.574796
0.255629
0.255629
0.305240
0.305240
0.389836
0.389836
0.394275
0.394275
0.814581
0.814581
0.546211
0.546211
0.486858
0.486858
0.256260
0.256260
0.387519
0.387519
0.317479
0.317479
0.507248
0.507248
0.163608
0.163608
0.344178
0.344178
0.281770
0.281770
0.256012
0.256012
0.618572
0.618572
0.409813
0.409813
0.179203
0.179203
0.508074
0.508074
0.284285
0.284285
0.218163
0.218163
0.560607
0.560607
0.261239
0.261239
0.494758
0.494758
0.596033
0.596033
0.427860
0.427860
0.206225
0.206225
0.498856
0.498856
0.368493
0.368493
0.386692
0.386692
0.198952
0.198952
0.391946
0.391946
0.483927
0.483927
0.208232
0.208232
0.280943
0.280943
0.205967
0.205967
0.269999
0.269999
0.285796
0.285796
0.228131
0.228131
0.442733
0.442733
0.276670
0.276670
0.234815
0.234815
0.351507
0.351507
0.376325
0.376325
0.241081
0.241081
0.534860
0.534860
0.317597
0.317597
0.292835
0.292835
0.347034
0.347034
0.353267
0.353267
0.243755
0.243755
0.154151
0.154151
0.592883
0.592883
0.157182
0.157182
0.187904
0.187904
0.406423
0.406423
0.233448
0.233448
0.360158
0.360158
0.540127
0.540127
0.604659
0.604659
0.486778
0.486778
0.503942
0.503942
0.227213
0.227213
0.208826
0.208826
0.302734
0.302734
0.507737
0.507737
0.493975
0.493975
0.347675
0.347675
0.324404
0.324404
0.278480
0.278480
0.742828
0.742828
0.530623
0.530623
0.176658
0.176658
0.481675
0.481675
0.714792
0.714792
0.367462
0.367462
0.501375
0.501375
0.327996
0.327996
0.253419
0.253419
0.527248
0.527248
0.336546
0.336546
0.536338
0.536338
0.436957
0.436957
0.249029
0.249029
0.368550
0.368550
0.216559
0.216559
0.307560
0.307560
0.632092
0.632092
0.309560
0.309560
0.410568
0.410568
0.320038
0.320038
0.311983
0.311983
0.431421
0.431421
0.739873
0.739873
0.270284
0.270284
0.451346
0.451346
0.598589
0.598589
0.227685
0.227685
0.324186
0.324186
0.441428
0.441428
0.322855
0.322855
0.557648
0.557648
0.597921
0.597921
0.470556
0.470556
0.866574
0.866574
0.644659
0.644659
0.137863
0.137863
0.272615
0.272615
0.412942
0.412942
0.450630
0.450630
0.187253
0.187253
0.188722
0.188722
0.541570
0.541570
0.292248
0.292248
0.439297
0.439297
0.358196
0.358196
0.290235
0.290235
0.083775
0.083775
0.317426
0.317426
0.412226
0.412226
0.440402
0.440402
0.253106
0.253106
0.215016
0.215016
0.223637
0.223637
0.597157
0.597157
0.293591
0.293591
0.142594
0.142594
0.327406
0.327406
0.261110
0.261110
0.474734
0.474734
0.563860
0.563860
0.204783
0.204783
0.228665
0.228665
0.691638
0.691638
0.268353
0.268353
0.280413
0.280413
0.368359
0.368359
0.153571
0.153571
0.221389
0.221389
0.250552
0.250552
0.322576
0.322576
0.531566
0.531566
0.198100
0.198100
0.341280
0.341280
0.377914
0.377914
0.333869
0.333869
0.462418
0.462418
0.389173
0.389173
0.400108
0.400108
0.523015
0.523015
0.452142
0.452142
0.258911
0.258911
0.273335
0.273335
0.379834
0.379834
0.241142
0.241142
0.303509
0.303509
0.528960
0.528960
0.320967
0.320967
0.280232
0.280232
0.456647
0.456647
0.397612
0.397612
0.446311
0.446311
0.364948
0.364948
0.185936
0.185936
0.496748
0.496748
0.449872
0.449872
0.370963
0.370963
0.337573
0.337573
0.219604
0.219604
0.236478
0.236478
0.439763
0.439763
0.414319
0.414319
0.557450
0.557450
0.417275
0.417275
0.477569
0.477569
0.396735
0.396735
0.283862
0.283862
0.267496
0.267496
0.248406
0.248406
0.346846
0.346846
0.288694
0.288694
0.246713
0.246713
0.622795
0.622795
0.361187
0.361187
0.576218
0.576218
0.313508
0.313508
0.323460
0.323460
0.365379
0.365379
0.259113
0.259113
0.360049
0.360049
0.221642
0.221642
0.386734
0.386734
0.308478
0.308478
0.365265
0.365265
0.404540
0.404540
0.142012
0.142012
0.268634
0.268634
0.411068
0.411068
0.588909
0.588909
0.242767
0.242767
0.414081
0.414081
0.216748
0.216748
0.264666
0.264666
0.427720
0.427720
0.233355
0.233355
0.600273
0.600273
0.441796
0.441796
0.301332
0.301332
0.339033
0.339033
0.575928
0.575928
0.453999
0.453999
0.459882
0.459882
0.385445
0.385445
0.468885
0.468885
0.220237
0.220237
0.587670
0.587670
0.460419
0.460419
0.494922
0.494922
0.355465
0.355465
0.250439
0.250439
0.259605
0.259605
0.700170
0.700170
0.199539
0.199539
0.530729
0.530729
0.495562
0.495562
0.535901
0.535901
0.481610
0.481610
0.970478
0.970478
0.317023
0.317023
0.286592
0.286592
0.548934
0.548934
0.455912
0.455912
0.258562
0.258562
0.358304
0.358304
0.317264
0.317264
0.253615
0.253615
0.387617
0.387617
0.377884
0.377884
0.213542
0.213542
0.492244
0.492244
0.276935
0.276935
0.195309
0.195309
0.314662
0.314662
0.345596
0.345596
0.081414
0.081414
0.266107
0.266107
0.777287
0.777287
0.579508
0.579508
0.174640
0.174640
0.437082
0.437082
0.658296
0.658296
0.432100
0.432100
0.242438
0.242438
0.741509
0.741509
0.433513
0.433513
0.254832
0.254832
0.656004
0.656004
0.429098
0.429098
0.402597
0.402597
0.462025
0.462025
0.319566
0.319566
0.242371
0.242371
0.359585
0.359585
0.327724
0.327724
0.341721
0.341721
0.334801
0.334801
0.603285
0.603285
0.254209
0.254209
0.339217
0.339217
0.464537
0.464537
0.429598
0.429598
0.447371
0.447371
0.231049
0.231049
0.402156
0.402156
0.378821
0.378821
0.625603
0.625603
0.232899
0.232899
0.548803
0.548803
0.210552
0.210552
0.504533
0.504533
0.285930
0.285930
0.229685
0.229685
0.595834
0.595834
0.552602
0.552602
0.253088
0.253088
0.376806
0.376806
0.272795
0.272795
0.299780
0.299780
0.410134
0.410134
0.359872
0.359872
0.388648
0.388648
0.334180
0.334180
0.203185
0.203185
0.204287
0.204287
0.646968
0.646968
0.318213
0.318213
0.280150
0.280150
0.321171
0.321171
0.224685
0.224685
0.287694
0.287694
0.384500
0.384500
0.386059
0.386059
0.284263
0.284263
0.401321
0.401321
0.210960
0.210960
0.326081
0.326081
0.282425
0.282425
0.236534
0.236534
0.251775
0.251775
0.422500
0.422500
0.310029
0.310029
0.323654
0.323654
0.344067
0.344067
0.337884
0.337884
0.294029
0.294029
0.470340
0.470340
0.346297
0.346297
0.382130
0.382130
0.337836
0.337836
0.294476
0.294476
0.195812
0.195812
0.365254
0.365254
0.328168
0.328168
0.337404
0.337404
0.243602
0.243602
0.653107
0.653107
0.421613
0.421613
0.386170
0.386170
0.597947
0.597947
0.302852
0.302852
0.405166
0.405166
0.290491
0.290491
0.279245
0.279245
0.235815
0.235815
0.441451
0.441451
0.359584
0.359584
0.272537
0.272537
0.105499
0.105499
0.173858
0.173858
0.380433
0.380433
0.640469
0.640469
0.237441
0.237441
0.271649
0.271649
0.247692
0.247692
0.446751
0.446751
0.253708
0.253708
0.430451
0.430451
0.306282
0.306282
0.597705
0.597705
0.107846
0.107846
0.286847
0.286847
0.680560
0.680560
0.731266
0.731266
0.699664
0.699664
0.342128
0.342128
0.417445
0.417445
0.260450
0.260450
0.260661
0.260661
0.340419
0.340419
0.432884
0.432884
0.345116
0.345116
0.312564
0.312564
0.346980
0.346980
0.381826
0.381826
0.459862
0.459862
0.336312
0.336312
0.458418
0.458418
0.305755
0.305755
0.319968
0.319968
0.191910
0.191910
0.248711
0.248711
0.345475
0.345475
0.261341
0.261341
0.436510
0.436510
0.300733
0.300733
0.156103
0.156103
0.247751
0.247751
0.303429
0.303429
0.505597
0.505597
0.365058
0.365058
0.176442
0.176442
0.121013
0.121013
0.202815
0.202815
0.245989
0.245989
0.478665
0.478665
0.363768
0.363768
0.419095
0.419095
0.464070
0.464070
0.163601
0.163601
0.395982
0.395982
0.687937
0.687937
0.353929
0.353929
0.427486
0.427486
0.239449
0.239449
0.253144
0.253144
0.386191
0.386191
0.584816
0.584816
0.267359
0.267359
0.453659
0.453659
0.539818
0.539818
0.293419
0.293419
0.299935
0.299935
0.094174
0.094174
0.270568
0.270568
0.243710
0.243710
0.741379
0.741379
0.284636
0.284636
0.526189
0.526189
0.284633
0.284633
0.450812
0.450812
0.385052
0.385052
0.303992
0.303992
0.239982
0.239982
0.469561
0.469561
0.472346
0.472346
0.355008
0.355008
0.737784
0.737784
0.493737
0.493737
0.461819
0.461819
0.409956
0.409956
0.427412
0.427412
0.410604
0.410604
0.423774
0.423774
0.518203
0.518203
0.443778
0.443778
0.201289
0.201289
0.420946
0.420946
0.627181
0.627181
0.444233
0.444233
0.400001
0.400001
0.437883
0.437883
0.420407
0.420407
0.277515
0.277515
0.684546
0.684546
0.199761
0.199761
0.342097
0.342097
0.192939
0.192939
0.305214
0.305214
0.373277
0.373277
0.435678
0.435678
0.441144
0.441144
0.441948
0.441948
0.411892
0.411892
0.466083
0.466083
0.718993
0.718993
0.268713
0.268713
0.476524
0.476524
0.232929
0.232929
0.330782
0.330782
0.333538
0.333538
0.496531
0.496531
0.218087
0.218087
0.295336
0.295336
0.467204
0.467204
0.439516
0.439516
0.311154
0.311154
0.308742
0.308742
0.555009
0.555009
0.622845
0.622845
0.606131
0.606131
0.112627
0.112627
0.718871
0.718871
0.243409
0.243409
0.337053
0.337053
0.419965
0.419965
0.356898
0.356898
0.246306
0.246306
0.299921
0.299921
0.469129
0.469129
0.292453
0.292453
0.337052
0.337052
0.473912
0.473912
0.424852
0.424852
0.353511
0.353511
0.396860
0.396860
0.174707
0.174707
0.388166
0.388166
0.388756
0.388756
0.263430
0.263430
0.249863
0.249863
0.309343
0.309343
0.369969
0.369969
0.331383
0.331383
0.231417
0.231417
0.601149
0.601149
0.301056
0.301056
0.469319
0.469319
0.438268
0.438268
0.485146
0.485146
0.327649
0.327649
0.322238
0.322238
0.234064
0.234064
0.411793
0.411793
0.249357
0.249357
0.275222
0.275222
0.476613
0.476613
0.308869
0.308869
0.475420
0.475420
0.317147
0.317147
0.525142
0.525142
0.184405
0.184405
0.335973
0.335973
0.311574
0.311574
0.567900
0.567900
0.701878
0.701878
0.411435
0.411435
0.419434
0.419434
0.271177
0.271177
0.359331
0.359331
0.416231
0.416231
0.401823
0.401823
0.215296
0.215296
0.364569
0.364569
0.695022
0.695022
0.460290
0.460290
0.346657
0.346657
0.298795
0.298795
0.282603
0.282603
0.388826
0.388826
0.295041
0.295041
0.244143
0.244143
0.198721
0.198721
0.510931
0.510931
0.172474
0.172474
0.263343
0.263343
0.387954
0.387954
0.429115
0.429115
0.531458
0.531458
0.381304
0.381304
0.345016
0.345016
0.240866
0.240866
0.228867
0.228867
0.303167
0.303167
0.367150
0.367150
0.317694
0.317694
0.397102
0.397102
0.550774
0.550774
0.499281
0.499281
0.329653
0.329653
0.386055
0.386055
0.340023
0.340023
0.243018
0.243018
0.531172
0.531172
0.403363
0.403363
0.216773
0.216773
0.328994
0.328994
0.298331
0.298331
0.387653
0.387653
0.488293
0.488293
0.487805
0.487805
0.349428
0.349428
0.430367
0.430367
0.175575
0.175575
0.416363
0.416363
0.291993
0.291993
0.632645
0.632645
0.183687
0.183687
0.444008
0.444008
0.496665
0.496665
0.219203
0.219203
0.378283
0.378283
0.227400
0.227400
0.123625
0.123625
0.331453
0.331453
0.222831
0.222831
0.363566
0.363566
0.322607
0.322607
0.275162
0.275162
0.291314
0.291314
0.276101
0.276101
0.219153
0.219153
0.539578
0.539578
0.701212
0.701212
0.264876
0.264876
0.229411
0.229411
0.586587
0.586587
0.496624
0.496624
0.393246
0.393246
0.279648
0.279648
0.387288
0.387288
0.283257
0.283257
0.317509
0.317509
0.388486
0.388486
0.316358
0.316358
0.856761
0.856761
0.195964
0.195964
0.542597
0.542597
0.244834
0.244834
0.179860
0.179860
0.502194
0.502194
0.189584
0.189584
0.115848
0.115848
0.256851
0.256851
0.510899
0.510899
0.247829
0.247829
0.559523
0.559523
0.403948
0.403948
0.429053
0.429053
0.218458
0.218458
0.321475
0.321475
0.346511
0.346511
0.227735
0.227735
0.445319
0.445319
0.437821
0.437821
0.777885
0.777885
0.630365
0.630365
0.353430
0.353430
0.174689
0.174689
0.192417
0.192417
0.379516
0.379516
0.572040
0.572040
0.571411
0.571411
0.294799
0.294799
0.311340
0.311340
0.487717
0.487717
0.358681
0.358681
0.617570
0.617570
0.359147
0.359147
0.283700
0.283700
0.293216
0.293216
0.192115
0.192115
0.456154
0.456154
0.304755
0.304755
0.643628
0.643628
0.222576
0.222576
0.242017
0.242017
0.291443
0.291443
0.586635
0.586635
0.346759
0.346759
0.426853
0.426853
0.326730
0.326730
0.270619
0.270619
0.426607
0.426607
0.490640
0.490640
0.584191
0.584191
0.138998
0.138998
0.300396
0.300396
0.293269
0.293269
0.547447
0.547447
0.342676
0.342676
0.552445
0.552445
0.512259
0.512259
0.213406
0.213406
0.566869
0.566869
0.481534
0.481534
0.350074
0.350074
0.270959
0.270959
0.222057
0.222057
0.225703
0.225703
0.388968
0.388968
0.396730
0.396730
0.465022
0.465022
0.420988
0.420988
0.209367
0.209367
0.430779
0.430779
0.381129
0.381129
0.286476
0.286476
0.385222
0.385222
0.292570
0.292570
0.338667
0.338667
0.282053
0.282053
0.378351
0.378351
0.652929
0.652929
0.510528
0.510528
0.609668
0.609668
0.422919
0.422919
0.244627
0.244627
0.267427
0.267427
0.392180
0.392180
0.340054
0.340054
0.268363
0.268363
0.337911
0.337911
0.498090
0.498090
0.343983
0.343983
0.266443
0.266443
0.930095
0.930095
0.157942
0.157942
0.585510
0.585510
0.661207
0.661207
0.335266
0.335266
0.389740
0.389740
0.228579
0.228579
0.361799
0.361799
0.262792
0.262792
0.252621
0.252621
0.190086
0.190086
0.104269
0.104269
0.287467
0.287467
0.205701
0.205701
0.376064
0.376064
0.594187
0.594187
0.283877
0.283877
0.433733
0.433733
0.261247
0.261247
0.241079
0.241079
0.348778
0.348778
0.180260
0.180260
0.521150
0.521150
0.367709
0.367709
0.415454
0.415454
0.598102
0.598102
0.395086
0.395086
0.486542
0.486542
0.254846
0.254846
0.417222
0.417222
0.328407
0.328407
0.278363
0.278363
0.323111
0.323111
0.374401
0.374401
0.259751
0.259751
0.396240
0.396240
0.300098
0.300098
0.220146
0.220146
0.483102
0.483102
0.504866
0.504866
0.504048
0.504048
0.339566
0.339566
0.110309
0.110309
0.380686
0.380686
0.408156
0.408156
0.463582
0.463582
0.152843
0.152843
0.234387
0.234387
0.278467
0.278467
0.360774
0.360774
0.273850
0.273850
0.233286
0.233286
0.219691
0.219691
0.246939
0.246939
0.519644
0.519644
0.341552
0.341552
0.269676
0.269676
0.361300
0.361300
0.288151
0.288151
0.437150
0.437150
0.587734
0.587734
0.311671
0.311671
0.336142
0.336142
0.370254
0.370254
0.306841
0.306841
0.281501
0.281501
0.236978
0.236978
0.145762
0.145762
0.141040
0.141040
0.302242
0.302242
0.308532
0.308532
0.754817
0.754817
0.557078
0.557078
0.307970
0.307970
0.438771
0.438771
0.443223
0.443223
0.243609
0.243609
0.397260
0.397260
0.479147
0.479147
0.412842
0.412842
0.413036
0.413036
0.381427
0.381427
0.264749
0.264749
0.268213
0.268213
0.314514
0.314514
0.477573
0.477573
0.270993
0.270993
0.386765
0.386765
0.199854
0.199854
0.408301
0.408301
0.370536
0.370536
0.390216
0.390216
0.447112
0.447112
0.256248
0.256248
0.300711
0.300711
0.311553
0.311553
0.329029
0.329029
0.489545
0.489545
0.380039
0.380039
0.344749
0.344749
0.251856
0.251856
0.355818
0.355818
0.774900
0.774900
0.382740
0.382740
0.202962
0.202962
0.359794
0.359794
0.390075
0.390075
0.378785
0.378785
0.263386
0.263386
0.496249
0.496249
0.448639
0.448639
0.344870
0.344870
0.764698
0.764698
0.199573
0.199573
0.479003
0.479003
0.444189
0.444189
0.408909
0.408909
0.426283
0.426283
0.137014
0.137014
0.205301
0.205301
0.261350
0.261350
0.269952
0.269952
0.419220
0.419220
0.392918
0.392918
0.487292
0.487292
0.253696
0.253696
0.274321
0.274321
0.808367
0.808367
0.334124
0.334124
0.354644
0.354644
0.191030
0.191030
0.319733
0.319733
0.543373
0.543373
0.544713
0.544713
0.385066
0.385066
0.515956
0.515956
0.257402
0.257402
0.370793
0.370793
0.390622
0.390622
0.349524
0.349524
0.331260
0.331260
0.826514
0.826514
0.247768
0.247768
0.215649
0.215649
0.307538
0.307538
0.622401
0.622401
0.478984
0.478984
0.279278
0.279278
0.362765
0.362765
0.303962
0.303962
0.289786
0.289786
0.481717
0.481717
0.327238
0.327238
0.304779
0.304779
0.382929
0.382929
0.525159
0.525159
0.285807
0.285807
0.273740
0.273740
0.504425
0.504425
0.362943
0.362943
0.955016
0.955016
0.484055
0.484055
0.261093
0.261093
0.134474
0.134474
0.299349
0.299349
0.379557
0.379557
0.527411
0.527411
0.358036
0.358036
0.281021
0.281021
0.411894
0.411894
0.500288
0.500288
0.260041
0.260041
0.277149
0.277149
0.232292
0.232292
0.522797
0.522797
0.378630
0.378630
0.963900
0.963900
0.185992
0.185992
0.468281
0.468281
0.125836
0.125836
0.241072
0.241072
0.203752
0.203752
0.482321
0.482321
0.168700
0.168700
0.606310
0.606310
0.604046
0.604046
0.411677
0.411677
0.385938
0.385938
0.558848
0.558848
0.155441
0.155441
0.143592
0.143592
0.506742
0.506742
0.199237
0.199237
0.532342
0.532342
0.465192
0.465192
0.327680
0.327680
0.422747
0.422747
0.353066
0.353066
0.560424
0.560424
0.346139
0.346139
0.431911
0.431911
0.395682
0.395682
0.304948
0.304948
0.129813
0.129813
0.290479
0.290479
0.403289
0.403289
0.528811
0.528811
0.339569
0.339569
0.367389
0.367389
0.460086
0.460086
0.200252
0.200252
0.291663
0.291663
0.466890
0.466890
0.314355
0.314355
0.570074
0.570074
0.533909
0.533909
0.352853
0.352853
0.158661
0.158661
0.250168
0.250168
0.337028
0.337028
0.525756
0.525756
0.195428
0.195428
0.429876
0.429876
0.184669
0.184669
0.357280
0.357280
0.306274
0.306274
0.417129
0.417129
0.263160
0.263160
0.342644
0.342644
0.107017
0.107017
0.353803
0.353803
0.235370
0.235370
0.492002
0.492002
0.444361
0.444361
0.476850
0.476850
0.370277
0.370277
0.532592
0.532592
0.458841
0.458841
0.382137
0.382137
0.273954
0.273954
0.347965
0.347965
0.314234
0.314234
0.616832
0.616832
0.356799
0.356799
0.424393
0.424393
0.443929
0.443929
0.688200
0.688200
0.269368
0.269368
0.642485
0.642485
0.107424
0.107424
0.167117
0.167117
0.327254
0.327254
0.320842
0.320842
0.484572
0.484572
0.284716
0.284716
0.461603
0.461603
0.486471
0.486471
0.249419
0.249419
0.321147
0.321147
0.360392
0.360392
0.561759
0.561759
0.291959
0.291959
0.594739
0.594739
0.201418
0.201418
0.276536
0.276536
0.313126
0.313126
0.405671
0.405671
0.242180
0.242180
0.307008
0.307008
0.311336
0.311336
0.355943
0.355943
0.486375
0.486375
0.378448
0.378448
0.392169
0.392169
0.271855
0.271855
0.346105
0.346105
0.452263
0.452263
0.699397
0.699397
0.378714
0.378714
0.349242
0.349242
0.399659
0.399659
0.281851
0.281851
0.498197
0.498197
0.678197
0.678197
0.392207
0.392207
0.304848
0.304848
0.323569
0.323569
0.239260
0.239260
0.254961
0.254961
0.556692
0.556692
0.180585
0.180585
0.236057
0.236057
0.195513
0.195513
0.169875
0.169875
0.264186
0.264186
0.291654
0.291654
0.364337
0.364337
0.537673
0.537673
0.542392
0.542392
0.267614
0.267614
0.189124
0.189124
0.417894
0.417894
0.270223
0.270223
0.224797
0.224797
0.330229
0.330229
0.392517
0.392517
0.283110
0.283110
0.357257
0.357257
0.398782
0.398782
0.369335
0.369335
0.315062
0.315062
0.259413
0.259413
0.351875
0.351875
0.576443
0.576443
0.280199
0.280199
0.227372
0.227372
0.601470
0.601470
0.574433
0.574433
0.297349
0.297349
0.558359
0.558359
0.273952
0.273952
0.278125
0.278125
0.160483
0.160483
0.387092
0.387092
0.398156
0.398156
0.674964
0.674964
0.235387
0.235387
0.361443
0.361443
0.480739
0.480739
0.434143
0.434143
0.322389
0.322389
0.387597
0.387597
0.588372
0.588372
0.401413
0.401413
0.333746
0.333746
0.306280
0.306280
0.174801
0.174801
0.258045
0.258045
0.281818
0.281818
0.385405
0.385405
0.418657
0.418657
0.729066
0.729066
0.528233
0.528233
0.312321
0.312321
0.343724
0.343724
0.183336
0.183336
0.265830
0.265830
0.363999
0.363999
0.277395
0.277395
0.469131
0.469131
0.344759
0.344759
0.331080
0.331080
0.450244
0.450244
0.236872
0.236872
0.328394
0.328394
0.352804
0.352804
0.439357
0.439357
0.386492
0.386492
0.237706
0.237706
0.236048
0.236048
0.286027
0.286027
0.259797
0.259797
0.365112
0.365112
0.395885
0.395885
0.200098
0.200098
0.581808
0.581808
0.301045
0.301045
0.395711
0.395711
0.471961
0.471961
0.369659
0.369659
0.359400
0.359400
0.289813
0.289813
0.193147
0.193147
0.249541
0.249541
0.450399
0.450399
0.826403
0.826403
0.359193
0.359193
0.306194
0.306194
0.239735
0.239735
0.501443
0.501443
0.203874
0.203874
0.259733
0.259733
0.479026
0.479026
0.271730
0.271730
0.496790
0.496790
0.469232
0.469232
0.176458
0.176458
0.376634
0.376634
0.549369
0.549369
0.247083
0.247083
0.558859
0.558859
0.562430
0.562430
0.484197
0.484197
0.381055
0.381055
0.435366
0.435366
0.525295
0.525295
0.335370
0.335370
0.442483
0.442483
0.353008
0.353008
0.370080
0.370080
0.456572
0.456572
0.215894
0.215894
0.319914
0.319914
0.261640
0.261640
0.511265
0.511265
0.308345
0.308345
0.482355
0.482355
0.348953
0.348953
0.124650
0.124650
0.755629
0.755629
0.294310
0.294310
0.408015
0.408015
0.223414
0.223414
0.544835
0.544835
0.277755
0.277755
0.456435
0.456435
0.556994
0.556994
0.297878
0.297878
0.404315
0.404315
0.472279
0.472279
0.369419
0.369419
0.316795
0.316795
0.395467
0.395467
0.437050
0.437050
0.273981
0.273981
0.292668
0.292668
0.187229
0.187229
0.282497
0.282497
0.362420
0.362420
0.246709
0.246709
0.475657
0.475657
0.416613
0.416613
0.161056
0.161056
0.320331
0.320331
0.166773
0.166773
0.534735
0.534735
0.346559
0.346559
0.344348
0.344348
0.294994
0.294994
0.352579
0.352579
0.573285
0.573285
0.470321
0.470321
0.582596
0.582596
0.499941
0.499941
0.299542
0.299542
0.217695
0.217695
0.259658
0.259658
0.312346
0.312346
0.398345
0.398345
0.348474
0.348474
0.293169
0.293169
0.212617
0.212617
0.138286
0.138286
0.405483
0.405483
0.207347
0.207347
0.519216
0.519216
0.493880
0.493880
0.403129
0.403129
0.200233
0.200233
0.357054
0.357054
0.333518
0.333518
0.410830
0.410830
0.505360
0.505360
0.321822
0.321822
0.296422
0.296422
0.509757
0.509757
0.363464
0.363464
0.427163
0.427163
0.278752
0.278752
0.144400
0.144400
0.486705
0.486705
0.389232
0.389232
0.416466
0.416466
0.196158
0.196158
0.852710
0.852710
0.542446
0.542446
0.751905
0.751905
0.327739
0.327739
0.467584
0.467584
0.177910
0.177910
0.319272
0.319272
0.235693
0.235693
0.336141
0.336141
0.169996
0.169996
0.266665
0.266665
0.388526
0.388526
0.367101
0.367101
0.404173
0.404173
0.530054
0.530054
0.239145
0.239145
0.282970
0.282970
0.410402
0.410402
0.417360
0.417360
0.464792
0.464792
0.144276
0.144276
0.351959
0.351959
0.303215
0.303215
0.234532
0.234532
0.507475
0.507475
0.208722
0.208722
0.403000
0.403000
0.425324
0.425324
0.384642
0.384642
0.423793
0.423793
0.391205
0.391205
0.373243
0.373243
0.644382
0.644382
0.363913
0.363913
0.327592
0.327592
0.434813
0.434813
0.298019
0.298019
0.628203
0.628203
0.373890
0.373890
0.363985
0.363985
0.584721
0.584721
0.288574
0.288574
0.281501
0.281501
0.264155
0.264155
0.203904
0.203904
0.207546
0.207546
0.397490
0.397490
0.363967
0.363967
0.742411
0.742411
0.155657
0.155657
0.237012
0.237012
0.258668
0.258668
0.229518
0.229518
0.817346
0.817346
0.461169
0.461169
0.335183
0.335183
0.305869
0.305869
0.356656
0.356656
0.315244
0.315244
0.277472
0.277472
0.295359
0.295359
0.853883
0.853883
0.289693
0.289693
0.660975
0.660975
0.373367
0.373367
0.408691
0.408691
0.342887
0.342887
0.267161
0.267161
0.299820
0.299820
0.222401
0.222401
0.454029
0.454029
0.421623
0.421623
0.339892
0.339892
0.403594
0.403594
0.413824
0.413824
0.343575
0.343575
0.125506
0.125506
0.210959
0.210959
0.467485
0.467485
0.349648
0.349648
0.213254
0.213254
0.295908
0.295908
0.466778
0.466778
0.319072
0.319072
0.308723
0.308723
0.271723
0.271723
0.402041
0.402041
0.450481
0.450481
0.304854
0.304854
0.409946
0.409946
0.716504
0.716504
0.297381
0.297381
0.578472
0.578472
0.351580
0.351580
0.320409
0.320409
0.319796
0.319796
0.385730
0.385730
0.165369
0.165369
0.461073
0.461073
0.271832
0.271832
0.252525
0.252525
0.301619
0.301619
0.447789
0.447789
0.262544
0.262544
0.464535
0.464535
0.499386
0.499386
0.418727
0.418727
0.480418
0.480418
0.936818
0.936818
0.372148
0.372148
0.320367
0.320367
0.320641
0.320641
0.364430
0.364430
0.397999
0.397999
0.380275
0.380275
0.366808
0.366808
0.267384
0.267384
0.485207
0.485207
0.203044
0.203044
0.442829
0.442829
0.373390
0.373390
0.368248
0.368248
0.697232
0.697232
0.382503
0.382503
0.327870
0.327870
0.243010
0.243010
0.204314
0.204314
0.373037
0.373037
0.245369
0.245369
0.243140
0.243140
0.193521
0.193521
0.239095
0.239095
0.356556
0.356556
0.479101
0.479101
0.231590
0.231590
0.241569
0.241569
0.264709
0.264709
0.251667
0.251667
0.164151
0.164151
0.134847
0.134847
0.455679
0.455679
0.347091
0.347091
0.424387
0.424387
0.603566
0.603566
0.426363
0.426363
0.456420
0.456420
0.372385
0.372385
0.416864
0.416864
0.458174
0.458174
0.404247
0.404247
0.358740
0.358740
0.372957
0.372957
0.303480
0.303480
0.242515
0.242515
0.555381
0.555381
0.656406
0.656406
0.249615
0.249615
0.341761
0.341761
0.357138
0.357138
0.299289
0.299289
0.603514
0.603514
0.397004
0.397004
0.503079
0.503079
0.315095
0.315095
0.256579
0.256579
0.364535
0.364535
0.602286
0.602286
0.342124
0.342124
0.221019
0.221019
0.446307
0.446307
0.207994
0.207994
0.279612
0.279612
0.140990
0.140990
0.284154
0.284154
0.481159
0.481159
0.283393
0.283393
0.349087
0.349087
0.396579
0.396579
0.320014
0.320014
0.490884
0.490884
0.197278
0.197278
0.180839
0.180839
0.227993
0.227993
0.236387
0.236387
0.317876
0.317876
0.379710
0.379710
0.353475
0.353475
0.285240
0.285240
0.356080
0.356080
0.483619
0.483619
0.658090
0.658090
0.370506
0.370506
0.245645
0.245645
0.454519
0.454519
0.480807
0.480807
0.301138
0.301138
0.369991
0.369991
0.408778
0.408778
0.851822
0.851822
0.324431
0.324431
0.605158
0.605158
0.255043
0.255043
0.372316
0.372316
0.185692
0.185692
0.296333
0.296333
0.559073
0.559073
0.355899
0.355899
0.479558
0.479558
0.519972
0.519972
0.340512
0.340512
0.386490
0.386490
0.296023
0.296023
0.455713
0.455713
0.475750
0.475750
0.328487
0.328487
0.204965
0.204965
0.503937
0.503937
0.439731
0.439731
0.225161
0.225161
0.185209
0.185209
0.455285
0.455285
0.436495
0.436495
0.091054
0.091054
0.586283
0.586283
0.315471
0.315471
0.276918
0.276918
0.677707
0.677707
0.279684
0.279684
0.482613
0.482613
0.342330
0.342330
0.304746
0.304746
0.385880
0.385880
0.658550
0.658550
0.374397
0.374397
0.183995
0.183995
0.478352
0.478352
0.655338
0.655338
0.233506
0.233506
0.509337
0.509337
0.236677
0.236677
0.344864
0.344864
0.291021
0.291021
0.275297
0.275297
0.446750
0.446750
0.377774
0.377774
0.700713
0.700713
0.212715
0.212715
0.311267
0.311267
0.232503
0.232503
0.313987
0.313987
0.130554
0.130554
0.513743
0.513743
0.287448
0.287448
0.306573
0.306573
0.223242
0.223242
0.163707
0.163707
0.177784
0.177784
0.472108
0.472108
0.370856
0.370856
0.370467
0.370467
0.401092
0.401092
0.361406
0.361406
0.190061
0.190061
0.407719
0.407719
0.367127
0.367127
0.315827
0.315827
0.194378
0.194378
0.299173
0.299173
0.298412
0.298412
0.259448
0.259448
0.160228
0.160228
0.303617
0.303617
0.451787
0.451787
0.469951
0.469951
0.570169
0.570169
0.324154
0.324154
0.275190
0.275190
0.400388
0.400388
0.153469
0.153469
0.730395
0.730395
0.258245
0.258245
0.572742
0.572742
0.179156
0.179156
0.408234
0.408234
0.414821
0.414821
0.447235
0.447235
0.448770
0.448770
0.387785
0.387785
0.355337
0.355337
0.504389
0.504389
0.610115
0.610115
0.454922
0.454922
0.875320
0.875320
0.517610
0.517610
0.383831
0.383831
0.316199
0.316199
0.571657
0.571657
0.295465
0.295465
0.428069
0.428069
0.379023
0.379023
0.236363
0.236363
0.313772
0.313772
0.257952
0.257952
0.271339
0.271339
0.176876
0.176876
0.540198
0.540198
0.375966
0.375966
0.192119
0.192119
0.346307
0.346307
0.377623
0.377623
0.291947
0.291947
0.262067
0.262067
0.397055
0.397055
0.471171
0.471171
0.231790
0.231790
0.346132
0.346132
0.239993
0.239993
0.293079
0.293079
0.320016
0.320016
0.244233
0.244233
0.362472
0.362472
0.212366
0.212366
0.256756
0.256756
0.471151
0.471151
0.318410
0.318410
0.260890
0.260890
0.356720
0.356720
0.302948
0.302948
0.349349
0.349349
0.356044
0.356044
0.326139
0.326139
0.551170
0.551170
0.352289
0.352289
0.264058
0.264058
0.477340
0.477340
0.401921
0.401921
0.427784
0.427784
0.437932
0.437932
0.293388
0.293388
0.181888
0.181888
0.225018
0.225018
0.453630
0.453630
0.695388
0.695388
0.257832
0.257832
0.249552
0.249552
0.756727
0.756727
0.383615
0.383615
0.499087
0.499087
0.279592
0.279592
0.256306
0.256306
0.541676
0.541676
0.743709
0.743709
0.448115
0.448115
0.823722
0.823722
0.511643
0.511643
0.311745
0.311745
0.349010
0.349010
0.416379
0.416379
0.428246
0.428246
0.460580
0.460580
0.385298
0.385298
0.203636
0.203636
0.144708
0.144708
0.275992
0.275992
0.454521
0.454521
0.291903
0.291903
0.158522
0.158522
0.331564
0.331564
0.326869
0.326869
0.313170
0.313170
0.214428
0.214428
0.280712
0.280712
0.259970
0.259970
0.287576
0.287576
0.192087
0.192087
0.252284
0.252284
0.242368
0.242368
0.409324
0.409324
0.194708
0.194708
0.450946
0.450946
0.177836
0.177836
0.270601
0.270601
0.651571
0.651571
0.184853
0.184853
0.270502
0.270502
0.313415
0.313415
0.171531
0.171531
0.459469
0.459469
0.451985
0.451985
0.281537
0.281537
0.231459
0.231459
0.451984
0.451984
0.495143
0.495143
0.293667
0.293667
0.588349
0.588349
0.280516
0.280516
0.411389
0.411389
0.531514
0.531514
0.393406
0.393406
0.299566
0.299566
0.227596
0.227596
0.633174
0.633174
0.303827
0.303827
0.583897
0.583897
0.329973
0.329973
0.473231
0.473231
0.541159
0.541159
0.316238
0.316238
0.579087
0.579087
0.442082
0.442082
0.347968
0.347968
0.558712
0.558712
0.272521
0.272521
0.724441
0.724441
0.181881
0.181881
0.494440
0.494440
0.428606
0.428606
0.424368
0.424368
0.394954
0.394954
0.139515
0.139515
0.219068
0.219068
0.278740
0.278740
0.298318
0.298318
0.236872
0.236872
0.593374
0.593374
0.335912
0.335912
0.254970
0.254970
0.160733
0.160733
0.436191
0.436191
0.155882
0.155882
0.297056
0.297056
0.442550
0.442550
0.191891
0.191891
0.332536
0.332536
0.349371
0.349371
0.421279
0.421279
0.359011
0.359011
0.171280
0.171280
0.193104
0.193104
0.316870
0.316870
0.385864
0.385864
0.188258
0.188258
0.425679
0.425679
0.232823
0.232823
0.310205
0.310205
0.362266
0.362266
0.701773
0.701773
0.216742
0.216742
0.279118
0.279118
0.313246
0.313246
0.527756
0.527756
0.637224
0.637224
0.448191
0.448191
0.487951
0.487951
0.226890
0.226890
0.531023
0.531023
0.874386
0.874386
0.198834
0.198834
0.327009
0.327009
0.440846
0.440846
0.514914
0.514914
0.451059
0.451059
0.682973
0.682973
0.765606
0.765606
0.646979
0.646979
0.288392
0.288392
0.275414
0.275414
0.463934
0.463934
0.330201
0.330201
0.482502
0.482502
0.723763
0.723763
0.296851
0.296851
0.382908
0.382908
0.128110
0.128110
0.418628
0.418628
0.262463
0.262463
0.089959
0.089959
0.272297
0.272297
0.380798
0.380798
0.185397
0.185397
0.384628
0.384628
0.384584
0.384584
0.265481
0.265481
0.471013
0.471013
0.565533
0.565533
0.267251
0.267251
0.347654
0.347654
0.281965
0.281965
0.303027
0.303027
0.565360
0.565360
0.525487
0.525487
0.205726
0.205726
0.458751
0.458751
0.381529
0.381529
0.323120
0.323120
0.314887
0.314887
0.438770
0.438770
0.483752
0.483752
0.287937
0.287937
0.459516
0.459516
0.281661
0.281661
0.357673
0.357673
0.238635
0.238635
0.192676
0.192676
0.458504
0.458504
0.255693
0.255693
0.525376
0.525376
0.426202
0.426202
0.450118
0.450118
0.175635
0.175635
0.379379
0.379379
0.445594
0.445594
0.354022
0.354022
0.757192
0.757192
0.216209
0.216209
0.524135
0.524135
0.290165
0.290165
0.271420
0.271420
0.365978
0.365978
0.479426
0.479426
0.518490
0.518490
0.155619
0.155619
0.285210
0.285210
0.476455
0.476455
0.287160
0.287160
0.347984
0.347984
0.285640
0.285640
0.540088
0.540088
0.408541
0.408541
0.262024
0.262024
0.250983
0.250983
0.210496
0.210496
0.403110
0.403110
0.562562
0.562562
0.459842
0.459842
0.110813
0.110813
0.231303
0.231303
0.366030
0.366030
0.601275
0.601275
0.324804
0.324804
0.247495
0.247495
0.287549
0.287549
0.198356
0.198356
0.204118
0.204118
0.370361
0.370361
0.428411
0.428411
0.480770
0.480770
0.200570
0.200570
0.346639
0.346639
0.518253
0.518253
0.771705
0.771705
0.439375
0.439375
0.347658
0.347658
0.416124
0.416124
0.373380
0.373380
0.295151
0.295151
0.283515
0.283515
0.182317
0.182317
0.148540
0.148540
0.252597
0.252597
0.314887
0.314887
0.437532
0.437532
0.403799
0.403799
0.251368
0.251368
0.311643
0.311643
0.404660
0.404660
0.428422
0.428422
0.399466
0.399466
0.317297
0.317297
0.525243
0.525243
0.427744
0.427744
0.253382
0.253382
0.294080
0.294080
0.169433
0.169433
0.332295
0.332295
0.176572
0.176572
0.356914
0.356914
0.379772
0.379772
0.447518
0.447518
0.503143
0.503143
0.467283
0.467283
0.327534
0.327534
0.565329
0.565329
0.218713
0.218713
0.348582
0.348582
0.438677
0.438677
0.201145
0.201145
0.335989
0.335989
0.233323
0.233323
0.496172
0.496172
0.145567
0.145567
0.471776
0.471776
0.767343
0.767343
0.408207
0.408207
0.286807
0.286807
0.229398
0.229398
0.217781
0.217781
0.200961
0.200961
0.323384
0.323384
0.477798
0.477798
0.246018
0.246018
0.396402
0.396402
0.268774
0.268774
0.286608
0.286608
0.592570
0.592570
0.359513
0.359513
0.536971
0.536971
0.367297
0.367297
0.306279
0.306279
0.400256
0.400256
0.428114
0.428114
0.342837
0.342837
0.332600
0.332600
0.344173
0.344173
0.210493
0.210493
0.474537
0.474537
0.292912
0.292912
0.486980
0.486980
0.368120
0.368120
0.509433
0.509433
0.370603
0.370603
0.248784
0.248784
0.320120
0.320120
0.302232
0.302232
0.265487
0.265487
0.388822
0.388822
0.234559
0.234559
0.353049
0.353049
0.436177
0.436177
0.295974
0.295974
0.432257
0.432257
0.329677
0.329677
0.320589
0.320589
0.744979
0.744979
0.212256
0.212256
0.425374
0.425374
0.263858
0.263858
0.528732
0.528732
0.493523
0.493523
0.543714
0.543714
0.363694
0.363694
0.258633
0.258633
0.647890
0.647890
0.550195
0.550195
0.479499
0.479499
0.377291
0.377291
0.607183
0.607183
0.528210
0.528210
0.561201
0.561201
0.192938
0.192938
0.488921
0.488921
0.306515
0.306515
0.506625
0.506625
0.251389
0.251389
0.344366
0.344366
0.353227
0.353227
0.338901
0.338901
0.187085
0.187085
0.270282
0.270282
0.250886
0.250886
0.394176
0.394176
0.393832
0.393832
0.461194
0.461194
0.269840
0.269840
0.402214
0.402214
0.238858
0.238858
0.243630
0.243630
0.448548
0.448548
0.320054
0.320054
0.190278
0.190278
0.270451
0.270451
0.879840
0.879840
0.483005
0.483005
0.219604
0.219604
0.184303
0.184303
0.535960
0.535960
0.313492
0.313492
0.297462
0.297462
0.465776
0.465776
0.398200
0.398200
0.206530
0.206530
0.106753
0.106753
0.270182
0.270182
0.462435
0.462435
0.192285
0.192285
0.364052
0.364052
0.383337
0.383337
0.317380
0.317380
0.650242
0.650242
0.419744
0.419744
0.669512
0.669512
0.441261
0.441261
0.407865
0.407865
0.383864
0.383864
0.615352
0.615352
0.224325
0.224325
0.390331
0.390331
0.200625
0.200625
0.175948
0.175948
0.758716
0.758716
0.301015
0.301015
0.604984
0.604984
0.211248
0.211248
0.281885
0.281885
0.338858
0.338858
0.299664
0.299664
0.306772
0.306772
0.269661
0.269661
0.406903
0.406903
0.403429
0.403429
0.326960
0.326960
0.395935
0.395935
0.417115
0.417115
0.254838
0.254838
0.367165
0.367165
0.500300
0.500300
0.387623
0.387623
0.359418
0.359418
0.259834
0.259834
0.459093
0.459093
0.303655
0.303655
0.202520
0.202520
0.678028
0.678028
0.444894
0.444894
0.319385
0.319385
0.294700
0.294700
0.374354
0.374354
0.274395
0.274395
0.251610
0.251610
0.330550
0.330550
0.468578
0.468578
0.309166
0.309166
0.231481
0.231481
0.404434
0.404434
0.460681
0.460681
0.170381
0.170381
0.538930
0.538930
0.474682
0.474682
0.315069
0.315069
0.355099
0.355099
0.331775
0.331775
0.546311
0.546311
0.407859
0.407859
0.263237
0.263237
0.356716
0.356716
0.415037
0.415037
0.228852
0.228852
0.270101
0.270101
0.358712
0.358712
0.348764
0.348764
0.766621
0.766621
0.503085
0.503085
0.568060
0.568060
0.439533
0.439533
0.554030
0.554030
0.362622
0.362622
0.456587
0.456587
0.339803
0.339803
0.362237
0.362237
0.431202
0.431202
0.185870
0.185870
0.618996
0.618996
0.208254
0.208254
0.486059
0.486059
0.253941
0.253941
0.382526
0.382526
0.207224
0.207224
0.259061
0.259061
0.326971
0.326971
0.180382
0.180382
0.174084
0.174084
0.345688
0.345688
0.287238
0.287238
0.115234
0.115234
0.199412
0.199412
0.348882
0.348882
0.324302
0.324302
0.276369
0.276369
0.609474
0.609474
0.685638
0.685638
0.183437
0.183437
0.238037
0.238037
0.330572
0.330572
0.803314
0.803314
0.465075
0.465075
0.176229
0.176229
0.570397
0.570397
0.187681
0.187681
0.284972
0.284972
0.596536
0.596536
0.382442
0.382442
0.364323
0.364323
0.235303
0.235303
0.220694
0.220694
0.219616
0.219616
0.166400
0.166400
0.552734
0.552734
0.501055
0.501055
0.270627
0.270627
0.411647
0.411647
0.720470
0.720470
0.279105
0.279105
0.213886
0.213886
0.394562
0.394562
0.377078
0.377078
0.255884
0.255884
0.334356
0.334356
0.310409
0.310409
0.298972
0.298972
0.371174
0.371174
0.314552
0.314552
0.382104
0.382104
0.507197
0.507197
0.211938
0.211938
0.341336
0.341336
0.350725
0.350725
0.197315
0.197315
0.283389
0.283389
0.425550
0.425550
0.328290
0.328290
0.145302
0.145302
0.441462
0.441462
0.736003
0.736003
0.242200
0.242200
0.378669
0.378669
0.233717
0.233717
0.206977
0.206977
0.316322
0.316322
0.435146
0.435146
0.215579
0.215579
0.320700
0.320700
0.317584
0.317584
0.346485
0.346485
0.247318
0.247318
0.426368
0.426368
0.403499
0.403499
0.372208
0.372208
0.586954
0.586954
0.416339
0.416339
0.453816
0.453816
0.417525
0.417525
0.259235
0.259235
0.325709
0.325709
0.486092
0.486092
0.460621
0.460621
0.554477
0.554477
0.658031
0.658031
0.396039
0.396039
0.472387
0.472387
0.346663
0.346663
0.506039
0.506039
0.350985
0.350985
0.291061
0.291061
0.382373
0.382373
0.407976
0.407976
0.471723
0.471723
0.388130
0.388130
0.450654
0.450654
0.361083
0.361083
0.367414
0.367414
0.363801
0.363801
0.413902
0.413902
0.231596
0.231596
0.293900
0.293900
0.284444
0.284444
0.289029
0.289029
0.287374
0.287374
0.478490
0.478490
0.310321
0.310321
0.251993
0.251993
0.186294
0.186294
0.230608
0.230608
0.280397
0.280397
0.205806
0.205806
0.267038
0.267038
0.239071
0.239071
0.256907
0.256907
0.272959
0.272959
0.380957
0.380957
0.181901
0.181901
0.368671
0.368671
0.337561
0.337561
0.378561
0.378561
0.386853
0.386853
0.293633
0.293633
0.388701
0.388701
0.419457
0.419457
0.280771
0.280771
0.313969
0.313969
0.523111
0.523111
0.298391
0.298391
0.163486
0.163486
0.149621
0.149621
0.752627
0.752627
0.366960
0.366960
0.262322
0.262322
0.281061
0.281061
0.346411
0.346411
0.483085
0.483085
0.392461
0.392461
0.392211
0.392211
0.244037
0.244037
0.135746
0.135746
0.587162
0.587162
0.297132
0.297132
0.388296
0.388296
0.379819
0.379819
0.410076
0.410076
0.264666
0.264666
0.388811
0.388811
0.456901
0.456901
0.366521
0.366521
0.368103
0.368103
0.405791
0.405791
0.418291
0.418291
0.461654
0.461654
0.510660
0.510660
0.398637
0.398637
0.156957
0.156957
0.240028
0.240028
0.482166
0.482166
0.482443
0.482443
0.398876
0.398876
0.205990
0.205990
0.367615
0.367615
0.393670
0.393670
0.437921
0.437921
0.465720
0.465720
0.397594
0.397594
0.347927
0.347927
0.298266
0.298266
0.290761
0.290761
0.455703
0.455703
0.273687
0.273687
0.391174
0.391174
0.717391
0.717391
0.305466
0.305466
0.596145
0.596145
0.440076
0.440076
0.533155
0.533155
0.368430
0.368430
0.153625
0.153625
0.141594
0.141594
0.349329
0.349329
0.302583
0.302583
0.259454
0.259454
0.403508
0.403508
0.231125
0.231125
0.344156
0.344156
0.256734
0.256734
0.338088
0.338088
0.350102
0.350102
0.145651
0.145651
0.146626
0.146626
0.494783
0.494783
0.380992
0.380992
0.156876
0.156876
0.230250
0.230250
0.283085
0.283085
0.582372
0.582372
0.333600
0.333600
0.193676
0.193676
0.417867
0.417867
0.408856
0.408856
0.486304
0.486304
0.499184
0.499184
0.254247
0.254247
0.428704
0.428704
0.507137
0.507137
0.572306
0.572306
0.289030
0.289030
0.364533
0.364533
0.335729
0.335729
0.274828
0.274828
0.291676
0.291676
0.392257
0.392257
0.475955
0.475955
0.249041
0.249041
0.508629
0.508629
0.366908
0.366908
0.222251
0.222251
0.265476
0.265476
0.240242
0.240242
0.329055
0.329055
0.351046
0.351046
0.346042
0.346042
0.413647
0.413647
0.390048
0.390048
0.193525
0.193525
0.480146
0.480146
0.594312
0.594312
0.615922
0.615922
0.535296
0.535296
0.416822
0.416822
0.386536
0.386536
0.395587
0.395587
0.462152
0.462152
0.304112
0.304112
0.159185
0.159185
0.319327
0.319327
0.483020
0.483020
0.641574
0.641574
0.422249
0.422249
0.348527
0.348527
0.292943
0.292943
0.482820
0.482820
0.563091
0.563091
0.587801
0.587801
0.457069
0.457069
0.378965
0.378965
0.508699
0.508699
0.625122
0.625122
0.435270
0.435270
0.204976
0.204976
0.395156
0.395156
0.188744
0.188744
0.485753
0.485753
0.400580
0.400580
0.443214
0.443214
0.336724
0.336724
0.284288
0.284288
0.171443
0.171443
0.239323
0.239323
0.404877
0.404877
0.281176
0.281176
0.245066
0.245066
0.411740
0.411740
0.250587
0.250587
0.356669
0.356669
0.286134
0.286134
0.448803
0.448803
0.589707
0.589707
0.253898
0.253898
0.301502
0.301502
0.428692
0.428692
0.548965
0.548965
0.860764
0.860764
0.351375
0.351375
0.331790
0.331790
0.334546
0.334546
0.300876
0.300876
0.362073
0.362073
0.707703
0.707703
0.580896
0.580896
0.270633
0.270633
0.477714
0.477714
0.479811
0.479811
0.169863
0.169863
0.269643
0.269643
0.469609
0.469609
0.193896
0.193896
0.140200
0.140200
0.270603
0.270603
0.321628
0.321628
0.319584
0.319584
0.312742
0.312742
0.394150
0.394150
0.520052
0.520052
0.373367
0.373367
0.451911
0.451911
0.219013
0.219013
0.266699
0.266699
0.620286
0.620286
0.336685
0.336685
0.372083
0.372083
0.257223
0.257223
0.274886
0.274886
0.283650
0.283650
0.237874
0.237874
0.236179
0.236179
0.496560
0.496560
0.517693
0.517693
0.310736
0.310736
0.449595
0.449595
0.246435
0.246435
0.450455
0.450455
0.202247
0.202247
0.377210
0.377210
0.314065
0.314065
0.387929
0.387929
0.201749
0.201749
0.242749
0.242749
0.318495
0.318495
0.353685
0.353685
0.299636
0.299636
0.388294
0.388294
0.651858
0.651858
0.757537
0.757537
0.339605
0.339605
0.376426
0.376426
0.325880
0.325880
0.439735
0.439735
0.245723
0.245723
0.432772
0.432772
0.661854
0.661854
0.318199
0.318199
0.219170
0.219170
0.339640
0.339640
0.520144
0.520144
0.338459
0.338459
0.179115
0.179115
0.432112
0.432112
0.310584
0.310584
0.337866
0.337866
0.351354
0.351354
0.401569
0.401569
0.433163
0.433163
0.235803
0.235803
0.284196
0.284196
0.406791
0.406791
0.496661
0.496661
0.526729
0.526729
0.433933
0.433933
0.227655
0.227655
0.304033
0.304033
0.335328
0.335328
0.505861
0.505861
0.365403
0.365403
0.393402
0.393402
0.346297
0.346297
0.545305
0.545305
0.339859
0.339859
0.428786
0.428786
0.141974
0.141974
0.485873
0.485873
0.601652
0.601652
0.384963
0.384963
0.579263
0.579263
0.341683
0.341683
0.356515
0.356515
0.349868
0.349868
0.370863
0.370863
0.256156
0.256156
0.560462
0.560462
0.215220
0.215220
0.262417
0.262417
0.444140
0.444140
0.213736
0.213736
0.146461
0.146461
0.352246
0.352246
0.492583
0.492583
0.266649
0.266649
0.244672
0.244672
0.322511
0.322511
0.389410
0.389410
0.182672
0.182672
0.317553
0.317553
0.544508
0.544508
0.445454
0.445454
0.416846
0.416846
0.330039
0.330039
0.087338
0.087338
0.441687
0.441687
0.528557
0.528557
0.265310
0.265310
0.460770
0.460770
0.343603
0.343603
0.271960
0.271960
0.162408
0.162408
0.203706
0.203706
0.301585
0.301585
0.260572
0.260572
0.591534
0.591534
0.246486
0.246486
0.386468
0.386468
0.624080
0.624080
0.241496
0.241496
0.171544
0.171544
0.459980
0.459980
0.755867
0.755867
0.197085
0.197085
0.274701
0.274701
0.386015
0.386015
0.241702
0.241702
0.271338
0.271338
0.265146
0.265146
0.335608
0.335608
0.272108
0.272108
0.198693
0.198693
0.258606
0.258606
0.438871
0.438871
0.234332
0.234332
0.307766
0.307766
0.251363
0.251363
0.521296
0.521296
0.277255
0.277255
0.514833
0.514833
0.129616
0.129616
0.438760
0.438760
0.321106
0.321106
0.686678
0.686678
0.270248
0.270248
0.215319
0.215319
0.274399
0.274399
0.646832
0.646832
0.405294
0.405294
0.482155
0.482155
0.373274
0.373274
0.207611
0.207611
0.447573
0.447573
0.294157
0.294157
0.403985
0.403985
0.556609
0.556609
0.336438
0.336438
0.457216
0.457216
0.335384
0.335384
0.660237
0.660237
0.216172
0.216172
0.401638
0.401638
0.325009
0.325009
0.344565
0.344565
0.377865
0.377865
0.495554
0.495554
0.320747
0.320747
0.429913
0.429913
0.435049
0.435049
0.406408
0.406408
0.140798
0.140798
0.348961
0.348961
0.362134
0.362134
0.269094
0.269094
0.419554
0.419554
0.417569
0.417569
0.243165
0.243165
0.349961
0.349961
0.306456
0.306456
0.445292
0.445292
0.284179
0.284179
0.271524
0.271524
0.238308
0.238308
0.352845
0.352845
0.314793
0.314793
0.236453
0.236453
0.265405
0.265405
0.429374
0.429374
0.361441
0.361441
0.284075
0.284075
0.375477
0.375477
0.351584
0.351584
0.341935
0.341935
0.221160
0.221160
0.521262
0.521262
0.319216
0.319216
0.385675
0.385675
0.639663
0.639663
0.528779
0.528779
0.251519
0.251519
0.370762
0.370762
0.404547
0.404547
0.366695
0.366695
0.200914
0.200914
0.433141
0.433141
0.313593
0.313593
0.258176
0.258176
0.425236
0.425236
0.335075
0.335075
0.312203
0.312203
0.430122
0.430122
0.539780
0.539780
0.164801
0.164801
0.434271
0.434271
0.352192
0.352192
0.532368
0.532368
0.498720
0.498720
0.307461
0.307461
0.276147
0.276147
0.311441
0.311441
0.209801
0.209801
0.424701
0.424701
0.561748
0.561748
0.435464
0.435464
0.301141
0.301141
0.090138
0.090138
0.376993
0.376993
0.523117
0.523117
0.399825
0.399825
0.251106
0.251106
0.645967
0.645967
0.295496
0.295496
0.211596
0.211596
0.501486
0.501486
0.265515
0.265515
0.473619
0.473619
0.205478
0.205478
0.263853
0.263853
0.388832
0.388832
0.357993
0.357993
0.532266
0.532266
0.157437
0.157437
0.662121
0.662121
0.344166
0.344166
0.159741
0.159741
0.335403
0.335403
0.170405
0.170405
0.311861
0.311861
0.465161
0.465161
0.174648
0.174648
0.283719
0.283719
0.421178
0.421178
0.292836
0.292836
0.360631
0.360631
0.332247
0.332247
0.429005
0.429005
0.534218
0.534218
0.390536
0.390536
0.356594
0.356594
0.268997
0.268997
0.476714
0.476714
0.368609
0.368609
0.153592
0.153592
0.181322
0.181322
0.147728
0.147728
0.364521
0.364521
0.165176
0.165176
0.578172
0.578172
0.674950
0.674950
0.473839
0.473839
0.849801
0.849801
0.371272
0.371272
0.291687
0.291687
0.161453
0.161453
0.241158
0.241158
0.685015
0.685015
0.301661
0.301661
0.192263
0.192263
0.475543
0.475543
0.417952
0.417952
0.509212
0.509212
0.163081
0.163081
0.437715
0.437715
0.301888
0.301888
0.153145
0.153145
0.364422
0.364422
0.372460
0.372460
0.440405
0.440405
0.262957
0.262957
0.418713
0.418713
0.235687
0.235687
0.335440
0.335440
0.449582
0.449582
0.262152
0.262152
0.555980
0.555980
0.260327
0.260327
0.277032
0.277032
0.398191
0.398191
0.337053
0.337053
0.281091
0.281091
0.335010
0.335010
0.542560
0.542560
0.299569
0.299569
0.271218
0.271218
0.214963
0.214963
0.340056
0.340056
0.170456
0.170456
0.379016
0.379016
0.425715
0.425715
0.378878
0.378878
0.168367
0.168367
0.233830
0.233830
0.197946
0.197946
0.403358
0.403358
0.832968
0.832968
0.403075
0.403075
0.375409
0.375409
0.248325
0.248325
0.269076
0.269076
0.598733
0.598733
0.477237
0.477237
0.331739
0.331739
0.345846
0.345846
0.324574
0.324574
0.368711
0.368711
0.833230
0.833230
0.539514
0.539514
0.234817
0.234817
0.223878
0.223878
0.478130
0.478130
0.384118
0.384118
0.472465
0.472465
0.512694
0.512694
0.329636
0.329636
0.236684
0.236684
0.165928
0.165928
0.640419
0.640419
0.258561
0.258561
0.498801
0.498801
0.448240
0.448240
0.463405
0.463405
0.277004
0.277004
0.302119
0.302119
0.410802
0.410802
0.403823
0.403823
0.319450
0.319450
0.316645
0.316645
0.462014
0.462014
0.474849
0.474849
0.190538
0.190538
1.004983
1.004983
0.323383
0.323383
0.377783
0.377783
0.411354
0.411354
0.165716
0.165716
0.341290
0.341290
0.525289
0.525289
0.489542
0.489542
0.255609
0.255609
0.356199
0.356199
0.277686
0.277686
0.208338
0.208338
0.423430
0.423430
0.758747
0.758747
0.244493
0.244493
0.305960
0.305960
0.213221
0.213221
0.288712
0.288712
0.356689
0.356689
0.319980
0.319980
0.322671
0.322671
0.297732
0.297732
0.605636
0.605636
0.384535
0.384535
0.142404
0.142404
0.562240
0.562240
0.302166
0.302166
0.306277
0.306277
0.285848
0.285848
0.358328
0.358328
0.346691
0.346691
0.127641
0.127641
0.564515
0.564515
0.360114
0.360114
0.412396
0.412396
0.152343
0.152343
0.328200
0.328200
0.258055
0.258055
0.326661
0.326661
0.429803
0.429803
0.469060
0.469060
0.312070
0.312070
0.279379
0.279379
0.343662
0.343662
0.257177
0.257177
0.173869
0.173869
0.276422
0.276422
0.367968
0.367968
0.311578
0.311578
0.209865
0.209865
0.404132
0.404132
0.541089
0.541089
0.156368
0.156368
0.544437
0.544437
0.306991
0.306991
0.349233
0.349233
0.405071
0.405071
0.435430
0.435430
0.524775
0.524775
0.261017
0.261017
0.209089
0.209089
0.427427
0.427427
0.485955
0.485955
0.519451
0.519451
0.289693
0.289693
0.693158
0.693158
0.487904
0.487904
0.311184
0.311184
0.422632
0.422632
0.403085
0.403085
0.313522
0.313522
0.377220
0.377220
0.422035
0.422035
0.254520
0.254520
0.290443
0.290443
0.412543
0.412543
0.313613
0.313613
0.531530
0.531530
0.255241
0.255241
0.331969
0.331969
0.420429
0.420429
0.162713
0.162713
0.461898
0.461898
0.204985
0.204985
0.463731
0.463731
0.490520
0.490520
0.322653
0.322653
0.197733
0.197733
0.442516
0.442516
0.176455
0.176455
0.456527
0.456527
0.435107
0.435107
0.424730
0.424730
0.269926
0.269926
0.166348
0.166348
0.515150
0.515150
0.892712
0.892712
0.432122
0.432122
0.343699
0.343699
0.522576
0.522576
0.400780
0.400780
0.438849
0.438849
0.516454
0.516454
0.210155
0.210155
0.218302
0.218302
0.647870
0.647870
0.513981
0.513981
0.206608
0.206608
0.487603
0.487603
0.221029
0.221029
0.275266
0.275266
0.297039
0.297039
0.284031
0.284031
0.432117
0.432117
0.342495
0.342495
0.349526
0.349526
0.342040
0.342040
0.348969
0.348969
0.231916
0.231916
0.506505
0.506505
0.460475
0.460475
0.236991
0.236991
0.327763
0.327763
0.336617
0.336617
0.540473
0.540473
0.485157
0.485157
0.214412
0.214412
0.231569
0.231569
0.282366
0.282366
0.175442
0.175442
0.360599
0.360599
0.292623
0.292623
0.288424
0.288424
0.364212
0.364212
0.329798
0.329798
0.390430
0.390430
0.397765
0.397765
0.241134
0.241134
0.185351
0.185351
0.518671
0.518671
0.624183
0.624183
0.386176
0.386176
0.197442
0.197442
0.378176
0.378176
0.522765
0.522765
0.410390
0.410390
0.534602
0.534602
0.195002
0.195002
0.153153
0.153153
0.616988
0.616988
0.334365
0.334365
0.399446
0.399446
0.445226
0.445226
0.316032
0.316032
0.567832
0.567832
0.354276
0.354276
0.470400
0.470400
0.767004
0.767004
0.329251
0.329251
0.431720
0.431720
0.357641
0.357641
0.342508
0.342508
0.310822
0.310822
0.364043
0.364043
0.310796
0.310796
0.298598
0.298598
0.466495
0.466495
0.184302
0.184302
0.388925
0.388925
0.141871
0.141871
0.570914
0.570914
0.263380
0.263380
0.385773
0.385773
0.613937
0.613937
0.456665
0.456665
0.258813
0.258813
0.140008
0.140008
0.295935
0.295935
0.314346
0.314346
0.177907
0.177907
0.199417
0.199417
0.302773
0.302773
0.580766
0.580766
0.198609
0.198609
0.203391
0.203391
0.394395
0.394395
0.442021
0.442021
0.340059
0.340059
0.158577
0.158577
0.369426
0.369426
0.322539
0.322539
0.388894
0.388894
0.328584
0.328584
0.566815
0.566815
0.500531
0.500531
0.340055
0.340055
0.321515
0.321515
0.417291
0.417291
0.250769
0.250769
0.432373
0.432373
0.269350
0.269350
0.317712
0.317712
0.430656
0.430656
0.243179
0.243179
0.302477
0.302477
0.333479
0.333479
0.573275
0.573275
0.188687
0.188687
0.432199
0.432199
0.579171
0.579171
0.427646
0.427646
0.239528
0.239528
0.321228
0.321228
0.383202
0.383202
0.238622
0.238622
0.453095
0.453095
0.273011
0.273011
0.285852
0.285852
0.407084
0.407084
0.281235
0.281235
0.400533
0.400533
0.297492
0.297492
0.386297
0.386297
0.583536
0.583536
0.439638
0.439638
0.479156
0.479156
0.462330
0.462330
0.311826
0.311826
0.360346
0.360346
0.254290
0.254290
0.233450
0.233450
0.384155
0.384155
0.324666
0.324666
0.453650
0.453650
0.264285
0.264285
0.463335
0.463335
0.218085
0.218085
0.366544
0.366544
0.391683
0.391683
0.522086
0.522086
0.462641
0.462641
0.480794
0.480794
0.249528
0.249528
0.425734
0.425734
0.349390
0.349390
0.304985
0.304985
0.454370
0.454370
0.384046
0.384046
0.329710
0.329710
0.321211
0.321211
0.582871
0.582871
0.132243
0.132243
0.403323
0.403323
0.285084
0.285084
0.165953
0.165953
0.321785
0.321785
0.133546
0.133546
0.248021
0.248021
0.156206
0.156206
0.264498
0.264498
0.311865
0.311865
0.156144
0.156144
0.370290
0.370290
0.514275
0.514275
0.549918
0.549918
0.621317
0.621317
0.489322
0.489322
0.318788
0.318788
0.081422
0.081422
0.332106
0.332106
0.161539
0.161539
0.535077
0.535077
0.273270
0.273270
0.780280
0.780280
0.316694
0.316694
0.213938
0.213938
0.336512
0.336512
0.398200
0.398200
0.237660
0.237660
0.195048
0.195048
0.309765
0.309765
0.627094
0.627094
0.402482
0.402482
0.211530
0.211530
0.208605
0.208605
0.637074
0.637074
0.352308
0.352308
0.309567
0.309567
0.516336
0.516336
0.482347
0.482347
0.417904
0.417904
0.311326
0.311326
0.291389
0.291389
0.376256
0.376256
0.394358
0.394358
0.223562
0.223562
0.439415
0.439415
0.219053
0.219053
0.173812
0.173812
0.358330
0.358330
0.345834
0.345834
0.180415
0.180415
0.311937
0.311937
0.534473
0.534473
0.503491
0.503491
0.409028
0.409028
0.211130
0.211130
0.464824
0.464824
0.393800
0.393800
0.334853
0.334853
0.222981
0.222981
0.196261
0.196261
0.364637
0.364637
0.463538
0.463538
0.440824
0.440824
0.377266
0.377266
0.420688
0.420688
0.486532
0.486532
0.483254
0.483254
0.180855
0.180855
0.339811
0.339811
0.459080
0.459080
0.557619
0.557619
0.880599
0.880599
0.360945
0.360945
0.431051
0.431051
0.255075
0.255075
0.433588
0.433588
0.324146
0.324146
0.271552
0.271552
0.278233
0.278233
0.311757
0.311757
0.277789
0.277789
0.209437
0.209437
0.389994
0.389994
0.370274
0.370274
0.128930
0.128930
0.243276
0.243276
0.129978
0.129978
0.385703
0.385703
0.382571
0.382571
0.370717
0.370717
0.308914
0.308914
0.174724
0.174724
0.224040
0.224040
0.573519
0.573519
0.403572
0.403572
0.317239
0.317239
0.446960
0.446960
0.369026
0.369026
0.378877
0.378877
0.333753
0.333753
0.633966
0.633966
0.266900
0.266900
0.190069
0.190069
0.426450
0.426450
0.297542
0.297542
0.425673
0.425673
0.352046
0.352046
0.381733
0.381733
0.499655
0.499655
0.681780
0.681780
0.543101
0.543101
0.836926
0.836926
0.465964
0.465964
0.143460
0.143460
0.241924
0.241924
0.252202
0.252202
0.565411
0.565411
0.139550
0.139550
0.201094
0.201094
0.439752
0.439752
0.342285
0.342285
0.316596
0.316596
0.426407
0.426407
0.609422
0.609422
0.279671
0.279671
0.351943
0.351943
0.541092
0.541092
0.643471
0.643471
0.339757
0.339757
0.225880
0.225880
0.252686
0.252686
0.262595
0.262595
0.565238
0.565238
0.434487
0.434487
0.300228
0.300228
0.349611
0.349611
0.235525
0.235525
0.834083
0.834083
0.280046
0.280046
0.359719
0.359719
0.498171
0.498171
0.222421
0.222421
0.388118
0.388118
0.322857
0.322857
0.650524
0.650524
0.309190
0.309190
0.743221
0.743221
0.272125
0.272125
0.369578
0.369578
0.316330
0.316330
0.321279
0.321279
0.212815
0.212815
0.255801
0.255801
0.205559
0.205559
0.940672
0.940672
0.295169
0.295169
0.368397
0.368397
0.574605
0.574605
0.302290
0.302290
0.472033
0.472033
0.458418
0.458418
0.558759
0.558759
0.361041
0.361041
0.396653
0.396653
0.502841
0.502841
0.435955
0.435955
0.636704
0.636704
0.308152
0.308152
0.334735
0.334735
0.263834
0.263834
0.258425
0.258425
0.392752
0.392752
0.318859
0.318859
0.321760
0.321760
0.391051
0.391051
0.300416
0.300416
0.335433
0.335433
0.167630
0.167630
0.213913
0.213913
0.428548
0.428548
0.320573
0.320573
0.251984
0.251984
0.267884
0.267884
0.205783
0.205783
0.374740
0.374740
0.394422
0.394422
0.238722
0.238722
0.128097
0.128097
0.265539
0.265539
0.100918
0.100918
0.212416
0.212416
0.496768
0.496768
0.210962
0.210962
0.736913
0.736913
0.360359
0.360359
0.548099
0.548099
0.757539
0.757539
0.371922
0.371922
0.274513
0.274513
0.485126
0.485126
0.237314
0.237314
0.326426
0.326426
0.389894
0.389894
0.090054
0.090054
0.276718
0.276718
0.303099
0.303099
0.377731
0.377731
0.267778
0.267778
0.342151
0.342151
0.382576
0.382576
0.342523
0.342523
0.410174
0.410174
0.660736
0.660736
0.337247
0.337247
0.303458
0.303458
0.317780
0.317780
0.388542
0.388542
0.376656
0.376656
0.250123
0.250123
0.375280
0.375280
0.190137
0.190137
0.341497
0.341497
0.251795
0.251795
0.335948
0.335948
0.183917
0.183917
0.283374
0.283374
0.353836
0.353836
0.474257
0.474257
0.190852
0.190852
0.648365
0.648365
0.358063
0.358063
0.458702
0.458702
0.359659
0.359659
0.253558
0.253558
0.277402
0.277402
0.228699
0.228699
0.453911
0.453911
0.176526
0.176526
0.354993
0.354993
0.317274
0.317274
0.281690
0.281690
0.448932
0.448932
0.331827
0.331827
0.379471
0.379471
0.284044
0.284044
0.439674
0.439674
0.439651
0.439651
0.536618
0.536618
0.410905
0.410905
0.331959
0.331959
0.410088
0.410088
0.653468
0.653468
0.628249
0.628249
0.210075
0.210075
0.469282
0.469282
0.458094
0.458094
0.293820
0.293820
0.169275
0.169275
0.325942
0.325942
0.563875
0.563875
0.247056
0.247056
0.342157
0.342157
0.321900
0.321900
0.473569
0.473569
0.412318
0.412318
0.348918
0.348918
0.461535
0.461535
0.271619
0.271619
0.261175
0.261175
0.326377
0.326377
0.216700
0.216700
0.289801
0.289801
0.322149
0.322149
0.352105
0.352105
0.624053
0.624053
0.353130
0.353130
0.171529
0.171529
0.177126
0.177126
0.433133
0.433133
0.315405
0.315405
0.405757
0.405757
0.451800
0.451800
0.266059
0.266059
0.438414
0.438414
0.221713
0.221713
0.354993
0.354993
0.302309
0.302309
0.331663
0.331663
0.440974
0.440974
0.197532
0.197532
0.274701
0.274701
0.179508
0.179508
0.270455
0.270455
0.466695
0.466695
0.362357
0.362357
0.319255
0.319255
0.312412
0.312412
0.555318
0.555318
0.336974
0.336974
0.339604
0.339604
0.405080
0.405080
0.378543
0.378543
0.318290
0.318290
0.210988
0.210988
0.351970
0.351970
0.384403
0.384403
0.585797
0.585797
0.268644
0.268644
0.403726
0.403726
0.214214
0.214214
0.412712
0.412712
0.398652
0.398652
0.222102
0.222102
0.294123
0.294123
0.336536
0.336536
0.574853
0.574853
0.259750
0.259750
0.387507
0.387507
0.333108
0.333108
0.510813
0.510813
0.395259
0.395259
0.535768
0.535768
0.429545
0.429545
0.270282
0.270282
0.426706
0.426706
0.261563
0.261563
0.296742
0.296742
0.468395
0.468395
0.315014
0.315014
0.392303
0.392303
0.237076
0.237076
0.336983
0.336983
0.348585
0.348585
0.364900
0.364900
0.352872
0.352872
0.165729
0.165729
0.422621
0.422621
0.310780
0.310780
0.363004
0.363004
0.189604
0.189604
0.276960
0.276960
0.195319
0.195319
0.418688
0.418688
0.272652
0.272652
0.463839
0.463839
0.289551
0.289551
0.432872
0.432872
0.402371
0.402371
0.325542
0.325542
0.565378
0.565378
0.316512
0.316512
0.301514
0.301514
0.262593
0.262593
0.341948
0.341948
0.556341
0.556341
0.673626
0.673626
0.407918
0.407918
0.337589
0.337589
0.455346
0.455346
0.260759
0.260759
0.628080
0.628080
0.552355
0.552355
0.206357
0.206357
0.524645
0.524645
0.560874
0.560874
0.433993
0.433993
0.190694
0.190694
0.353054
0.353054
0.387967
0.387967
0.276839
0.276839
0.221964
0.221964
0.248525
0.248525
0.305080
0.305080
0.474246
0.474246
0.313188
0.313188
0.228337
0.228337
0.295496
0.295496
0.646674
0.646674
0.370862
0.370862
0.224734
0.224734
0.653791
0.653791
0.215936
0.215936
0.164051
0.164051
0.294648
0.294648
0.295351
0.295351
0.484517
0.484517
0.392871
0.392871
0.504421
0.504421
0.228169
0.228169
0.259196
0.259196
0.286705
0.286705
0.417846
0.417846
0.437786
0.437786
0.285142
0.285142
0.661006
0.661006
0.138037
0.138037
0.292890
0.292890
0.339072
0.339072
0.378915
0.378915
0.321490
0.321490
0.327582
0.327582
0.230374
0.230374
0.300426
0.300426
0.322734
0.322734
0.308769
0.308769
0.222786
0.222786
0.247339
0.247339
0.164609
0.164609
0.453940
0.453940
0.530428
0.530428
0.280989
0.280989
0.467272
0.467272
0.208754
0.208754
0.357642
0.357642
0.318526
0.318526
0.339367
0.339367
0.275495
0.275495
0.233440
0.233440
0.355805
0.355805
0.235986
0.235986
0.525284
0.525284
0.370094
0.370094
0.202945
0.202945
0.384136
0.384136
0.531670
0.531670
0.196324
0.196324
0.284918
0.284918
0.324022
0.324022
0.485939
0.485939
0.433165
0.433165
0.242233
0.242233
0.332114
0.332114
0.445647
0.445647
0.261276
0.261276
0.289813
0.289813
0.251571
0.251571
0.287538
0.287538
0.108877
0.108877
0.648315
0.648315
0.282728
0.282728
0.431456
0.431456
0.357298
0.357298
0.163170
0.163170
0.703877
0.703877
0.277005
0.277005
0.305255
0.305255
0.404727
0.404727
0.309686
0.309686
0.293958
0.293958
0.314212
0.314212
0.194269
0.194269
0.434141
0.434141
0.381180
0.381180
0.601548
0.601548
0.541002
0.541002
0.232525
0.232525
0.364012
0.364012
0.622436
0.622436
0.357581
0.357581
0.409692
0.409692
0.446545
0.446545
0.237084
0.237084
0.473595
0.473595
0.484714
0.484714
0.446585
0.446585
0.586293
0.586293
0.540272
0.540272
0.311131
0.311131
0.311314
0.311314
0.417551
0.417551
0.294356
0.294356
0.472094
0.472094
0.332167
0.332167
0.285136
0.285136
0.372788
0.372788
0.458231
0.458231
0.238475
0.238475
0.354408
0.354408
0.488342
0.488342
0.460646
0.460646
0.253299
0.253299
0.357749
0.357749
0.429334
0.429334
0.140746
0.140746
0.373940
0.373940
0.740690
0.740690
0.209635
0.209635
0.455155
0.455155
0.495683
0.495683
0.292745
0.292745
0.342439
0.342439
0.186088
0.186088
0.549694
0.549694
0.397051
0.397051
0.458612
0.458612
0.243159
0.243159
0.309136
0.309136
0.338582
0.338582
0.382343
0.382343
0.151922
0.151922
0.259244
0.259244
0.440819
0.440819
0.386201
0.386201
0.398396
0.398396
0.523665
0.523665
0.442351
0.442351
0.251261
0.251261
0.697817
0.697817
0.262257
0.262257
0.319227
0.319227
0.234283
0.234283
0.503007
0.503007
0.439365
0.439365
0.249972
0.249972
0.422312
0.422312
0.231581
0.231581
0.423593
0.423593
0.399991
0.399991
0.846946
0.846946
0.643702
0.643702
0.314388
0.314388
0.200860
0.200860
0.299974
0.299974
0.360384
0.360384
0.437154
0.437154
0.320858
0.320858
0.244567
0.244567
0.367623
0.367623
0.560047
0.560047
0.316147
0.316147
0.292576
0.292576
0.180987
0.180987
0.387896
0.387896
0.455292
0.455292
0.202721
0.202721
0.429707
0.429707
0.348223
0.348223
0.387200
0.387200
0.413003
0.413003
0.214488
0.214488
0.446561
0.446561
0.120565
0.120565
0.364471
0.364471
0.328582
0.328582
0.537675
0.537675
0.375297
0.375297
0.253231
0.253231
0.181158
0.181158
0.399361
0.399361
0.320562
0.320562
0.469328
0.469328
0.269046
0.269046
0.358433
0.358433
0.436209
0.436209
0.258933
0.258933
0.355011
0.355011
0.180426
0.180426
0.410572
0.410572
0.381059
0.381059
0.168479
0.168479
0.237130
0.237130
0.642204
0.642204
0.393875
0.393875
0.284890
0.284890
0.602626
0.602626
0.307111
0.307111
0.201850
0.201850
0.368861
0.368861
0.319402
0.319402
0.409788
0.409788
0.462443
0.462443
0.473594
0.473594
0.341942
0.341942
0.410261
0.410261
0.296679
0.296679
0.580735
0.580735
0.414464
0.414464
0.253483
0.253483
0.327929
0.327929
0.330727
0.330727
0.356862
0.356862
0.260148
0.260148
0.712289
0.712289
0.258843
0.258843
0.630987
0.630987
0.276043
0.276043
0.289726
0.289726
0.222520
0.222520
0.331024
0.331024
0.388478
0.388478
0.654783
0.654783
0.374657
0.374657
0.364897
0.364897
0.494633
0.494633
0.227670
0.227670
0.359468
0.359468
0.544773
0.544773
0.338423
0.338423
0.250427
0.250427
0.294891
0.294891
0.490710
0.490710
0.463053
0.463053
0.117774
0.117774
0.226175
0.226175
0.501226
0.501226
0.414805
0.414805
0.472038
0.472038
0.174587
0.174587
0.390675
0.390675
0.298439
0.298439
0.313169
0.313169
0.480936
0.480936
0.796172
0.796172
0.160548
0.160548
0.163301
0.163301
0.197959
0.197959
0.210892
0.210892
0.271159
0.271159
0.096265
0.096265
0.476516
0.476516
0.226088
0.226088
0.512470
0.512470
0.350147
0.350147
0.320134
0.320134
0.235287
0.235287
0.258971
0.258971
0.351649
0.351649
0.486106
0.486106
0.591958
0.591958
0.405654
0.405654
0.326526
0.326526
0.527135
0.527135
0.250343
0.250343
0.260337
0.260337
0.420553
0.420553
0.299253
0.299253
0.187485
0.187485
0.120480
0.120480
0.316426
0.316426
0.544987
0.544987
0.390551
0.390551
0.568374
0.568374
0.260447
0.260447
0.561532
0.561532
0.576244
0.576244
0.220599
0.220599
0.310308
0.310308
0.545536
0.545536
0.442360
0.442360
0.351250
0.351250
0.264717
0.264717
0.125222
0.125222
0.399834
0.399834
0.301139
0.301139
0.207840
0.207840
0.389557
0.389557
0.153328
0.153328
0.142932
0.142932
0.619296
0.619296
0.214068
0.214068
0.367725
0.367725
0.288672
0.288672
0.284359
0.284359
0.235070
0.235070
0.239876
0.239876
0.364268
0.364268
0.345624
0.345624
0.422929
0.422929
0.440430
0.440430
0.336263
0.336263
0.322780
0.322780
0.464524
0.464524
0.368802
0.368802
0.158669
0.158669
0.367432
0.367432
0.187142
0.187142
0.430778
0.430778
0.319747
0.319747
0.237432
0.237432
0.338038
0.338038
0.277354
0.277354
0.384520
0.384520
0.320787
0.320787
0.527369
0.527369
0.399265
0.399265
0.217554
0.217554
0.414843
0.414843
0.618316
0.618316
0.594637
0.594637
0.292747
0.292747
0.368636
0.368636
0.344162
0.344162
0.637405
0.637405
0.236177
0.236177
0.375649
0.375649
0.279983
0.279983
0.524775
0.524775
0.403481
0.403481
0.662961
0.662961
0.499193
0.499193
0.662194
0.662194
0.347280
0.347280
0.478952
0.478952
0.282632
0.282632
0.246905
0.246905
0.361196
0.361196
0.493158
0.493158
0.342016
0.342016
0.376621
0.376621
0.542739
0.542739
0.288379
0.288379
0.207917
0.207917
0.335005
0.335005
0.305261
0.305261
0.472107
0.472107
0.150449
0.150449
0.554726
0.554726
0.422526
0.422526
0.337967
0.337967
0.348515
0.348515
0.353207
0.353207
0.206190
0.206190
0.194948
0.194948
0.436926
0.436926
0.256140
0.256140
0.294893
0.294893
0.332001
0.332001
0.419777
0.419777
0.225234
0.225234
0.213157
0.213157
0.357093
0.357093
0.481567
0.481567
0.121361
0.121361
0.291676
0.291676
0.194688
0.194688
0.351884
0.351884
0.306310
0.306310
0.653557
0.653557
0.507097
0.507097
0.488218
0.488218
0.121731
0.121731
0.287635
0.287635
0.291987
0.291987
0.315408
0.315408
0.339564
0.339564
0.452415
0.452415
0.270493
0.270493
0.386894
0.386894
0.495831
0.495831
0.526581
0.526581
0.431278
0.431278
0.438740
0.438740
0.277470
0.277470
0.264565
0.264565
0.348691
0.348691
0.560533
0.560533
0.376170
0.376170
0.307316
0.307316
0.354898
0.354898
0.368833
0.368833
0.326824
0.326824
0.334421
0.334421
0.297962
0.297962
0.336115
0.336115
0.192104
0.192104
0.125569
0.125569
0.525468
0.525468
0.426701
0.426701
0.523281
0.523281
0.449080
0.449080
0.238727
0.238727
0.162117
0.162117
0.346488
0.346488
0.359102
0.359102
0.286170
0.286170
0.386584
0.386584
0.522994
0.522994
0.459047
0.459047
0.339534
0.339534
0.156104
0.156104
0.319987
0.319987
0.385496
0.385496
0.152489
0.152489
0.266494
0.266494
0.431278
0.431278
0.339860
0.339860
0.444261
0.444261
0.230911
0.230911
0.585652
0.585652
0.394123
0.394123
0.300869
0.300869
0.543403
0.543403
0.321099
0.321099
0.228008
0.228008
0.675013
0.675013
0.253042
0.253042
0.294674
0.294674
0.373896
0.373896
0.400153
0.400153
0.457164
0.457164
0.302697
0.302697
0.240783
0.240783
0.361232
0.361232
0.284641
0.284641
0.230537
0.230537
0.194515
0.194515
0.314027
0.314027
0.129649
0.129649
0.222212
0.222212
0.507498
0.507498
0.494278
0.494278
0.276046
0.276046
0.666900
0.666900
0.616741
0.616741
0.221053
0.221053
0.221731
0.221731
0.574883
0.574883
0.236484
0.236484
0.140024
0.140024
0.192883
0.192883
0.303618
0.303618
0.330465
0.330465
0.147402
0.147402
0.557073
0.557073
0.711947
0.711947
0.436435
0.436435
0.342378
0.342378
0.341086
0.341086
0.640273
0.640273
0.601943
0.601943
0.376677
0.376677
0.286402
0.286402
0.483023
0.483023
0.194800
0.194800
0.431114
0.431114
0.176250
0.176250
0.405030
0.405030
0.469968
0.469968
0.266485
0.266485
0.311590
0.311590
0.220436
0.220436
0.203519
0.203519
0.251852
0.251852
0.257585
0.257585
0.412406
0.412406
0.311009
0.311009
0.416075
0.416075
0.398707
0.398707
0.214789
0.214789
0.442056
0.442056
0.298554
0.298554
0.376682
0.376682
0.779454
0.779454
0.307732
0.307732
0.131950
0.131950
0.406202
0.406202
0.294507
0.294507
0.366943
0.366943
0.200126
0.200126
0.356008
0.356008
0.356880
0.356880
0.432826
0.432826
0.638232
0.638232
0.339730
0.339730
0.460385
0.460385
0.290193
0.290193
0.220448
0.220448
0.200817
0.200817
0.340155
0.340155
0.344452
0.344452
0.373301
0.373301
0.222185
0.222185
0.404059
0.404059
0.546944
0.546944
0.606494
0.606494
0.361070
0.361070
0.478492
0.478492
0.186840
0.186840
0.504474
0.504474
0.347456
0.347456
0.670800
0.670800
0.363092
0.363092
0.353585
0.353585
0.288845
0.288845
0.326119
0.326119
0.599219
0.599219
0.331266
0.331266
0.181974
0.181974
0.343180
0.343180
0.397183
0.397183
0.447145
0.447145
0.234978
0.234978
0.192217
0.192217
0.239776
0.239776
0.212442
0.212442
0.426550
0.426550
0.419332
0.419332
0.304937
0.304937
0.241286
0.241286
0.694245
0.694245
0.427867
0.427867
0.224092
0.224092
0.256955
0.256955
0.320953
0.320953
0.282997
0.282997
0.234285
0.234285
0.447981
0.447981
0.360005
0.360005
0.363598
0.363598
0.337139
0.337139
0.518220
0.518220
0.469701
0.469701
0.279023
0.279023
0.389887
0.389887
0.177000
0.177000
0.300542
0.300542
0.422534
0.422534
0.518610
0.518610
0.251812
0.251812
0.275742
0.275742
0.439800
0.439800
0.274347
0.274347
0.217105
0.217105
0.367163
0.367163
0.922694
0.922694
0.331171
0.331171
0.458872
0.458872
0.275421
0.275421
0.267852
0.267852
0.354903
0.354903
0.298193
0.298193
0.075677
0.075677
0.391502
0.391502
0.311496
0.311496
0.397791
0.397791
0.425432
0.425432
0.200940
0.200940
0.312081
0.312081
0.585366
0.585366
0.254274
0.254274
0.435964
0.435964
0.536846
0.536846
0.377331
0.377331
0.345760
0.345760
0.331457
0.331457
0.188659
0.188659
0.339820
0.339820
0.458309
0.458309
0.305428
0.305428
0.583565
0.583565
0.555776
0.555776
0.162178
0.162178
0.329901
0.329901
0.149043
0.149043
0.469490
0.469490
0.219446
0.219446
0.437497
0.437497
0.233900
0.233900
0.217901
0.217901
0.467415
0.467415
0.268671
0.268671
0.302202
0.302202
0.523643
0.523643
0.419356
0.419356
0.144399
0.144399
0.400324
0.400324
0.358089
0.358089
0.550476
0.550476
0.762678
0.762678
0.151732
0.151732
0.458754
0.458754
0.326457
0.326457
0.408793
0.408793
0.444128
0.444128
0.546482
0.546482
0.341872
0.341872
0.324454
0.324454
0.242274
0.242274
0.356030
0.356030
0.291451
0.291451
0.630286
0.630286
0.247627
0.247627
0.432380
0.432380
0.464044
0.464044
0.394474
0.394474
0.254244
0.254244
0.222502
0.222502
0.407408
0.407408
0.369031
0.369031
0.300573
0.300573
0.304942
0.304942
0.159715
0.159715
0.461538
0.461538
0.620773
0.620773
0.400542
0.400542
0.278037
0.278037
0.401502
0.401502
0.131905
0.131905
0.179280
0.179280
0.253366
0.253366
0.354232
0.354232
0.272717
0.272717
0.575791
0.575791
0.380693
0.380693
0.500836
0.500836
0.325019
0.325019
0.500175
0.500175
0.374793
0.374793
0.269734
0.269734
0.334194
0.334194
0.253118
0.253118
0.507449
0.507449
0.435067
0.435067
0.340659
0.340659
0.470434
0.470434
0.469046
0.469046
0.462915
0.462915
0.222965
0.222965
0.220988
0.220988
0.379901
0.379901
0.365202
0.365202
0.339805
0.339805
0.413745
0.413745
0.219630
0.219630
0.187902
0.187902
0.260002
0.260002
0.323314
0.323314
0.180174
0.180174
0.218665
0.218665
0.446636
0.446636
0.392144
0.392144
0.203421
0.203421
0.239889
0.239889
0.312410
0.312410
0.490079
0.490079
0.175997
0.175997
0.239852
0.239852
0.295660
0.295660
0.636047
0.636047
0.731063
0.731063
0.252016
0.252016
0.216467
0.216467
0.527729
0.527729
0.254412
0.254412
0.534272
0.534272
0.382802
0.382802
0.406086
0.406086
0.282268
0.282268
0.281607
0.281607
0.221679
0.221679
0.266863
0.266863
0.415554
0.415554
0.327864
0.327864
0.396424
0.396424
0.356018
0.356018
0.355574
0.355574
0.333333
0.333333
0.391015
0.391015
0.343686
0.343686
0.326048
0.326048
0.300995
0.300995
0.240844
0.240844
0.445885
0.445885
0.303994
0.303994
0.270376
0.270376
0.262481
0.262481
0.195061
0.195061
0.178476
0.178476
0.272273
0.272273
0.142605
0.142605
0.313624
0.313624
0.215097
0.215097
0.230095
0.230095
0.388886
0.388886
0.359201
0.359201
0.463489
0.463489
0.339479
0.339479
0.492781
0.492781
0.500652
0.500652
0.283420
0.283420
0.268278
0.268278
0.355834
0.355834
0.279195
0.279195
0.403087
0.403087
0.405443
0.405443
0.252939
0.252939
0.475708
0.475708
0.291172
0.291172
0.229910
0.229910
0.374225
0.374225
0.188958
0.188958
0.371573
0.371573
0.250368
0.250368
0.750550
0.750550
0.408358
0.408358
0.494418
0.494418
0.419109
0.419109
0.393066
0.393066
0.334833
0.334833
0.225246
0.225246
0.323884
0.323884
0.315719
0.315719
0.315857
0.315857
0.388520
0.388520
0.403903
0.403903
0.299491
0.299491
0.227732
0.227732
0.330920
0.330920
0.417558
0.417558
0.415688
0.415688
0.237010
0.237010
0.315109
0.315109
0.622174
0.622174
0.545932
0.545932
0.436999
0.436999
0.174867
0.174867
0.273342
0.273342
0.179304
0.179304
0.338698
0.338698
0.520569
0.520569
0.636754
0.636754
0.263705
0.263705
0.411092
0.411092
0.186343
0.186343
0.303314
0.303314
0.118434
0.118434
0.409873
0.409873
0.266178
0.266178
0.534982
0.534982
0.259021
0.259021
0.484257
0.484257
0.804555
0.804555
0.415119
0.415119
0.278665
0.278665
0.185333
0.185333
0.247161
0.247161
0.293053
0.293053
0.351092
0.351092
0.227984
0.227984
0.517969
0.517969
0.369729
0.369729
0.592246
0.592246
0.379705
0.379705
0.581349
0.581349
0.225510
0.225510
0.194995
0.194995
0.365347
0.365347
0.322047
0.322047
0.457897
0.457897
0.384467
0.384467
0.258591
0.258591
0.294484
0.294484
0.338409
0.338409
0.376094
0.376094
0.327482
0.327482
0.288855
0.288855
0.366975
0.366975
0.462903
0.462903
0.411152
0.411152
0.401934
0.401934
0.546555
0.546555
0.454198
0.454198
0.137272
0.137272
0.289009
0.289009
0.214589
0.214589
0.216439
0.216439
0.187919
0.187919
0.301255
0.301255
0.323583
0.323583
0.504710
0.504710
0.291289
0.291289
0.353143
0.353143
0.243445
0.243445
0.311712
0.311712
0.637968
0.637968
0.419553
0.419553
0.419052
0.419052
0.370988
0.370988
0.335134
0.335134
0.395401
0.395401
0.356148
0.356148
0.284026
0.284026
0.330706
0.330706
0.511242
0.511242
0.371396
0.371396
0.471678
0.471678
0.374923
0.374923
0.229239
0.229239
0.441542
0.441542
0.503540
0.503540
0.464104
0.464104
0.381310
0.381310
0.441601
0.441601
0.404651
0.404651
0.160958
0.160958
0.387467
0.387467
0.168266
0.168266
0.546461
0.546461
0.392096
0.392096
0.477995
0.477995
0.468273
0.468273
0.338214
0.338214
0.490457
0.490457
0.970811
0.970811
0.118215
0.118215
0.739613
0.739613
0.422750
0.422750
0.152016
0.152016
0.435336
0.435336
0.272860
0.272860
0.340261
0.340261
0.513950
0.513950
0.199385
0.199385
0.699670
0.699670
0.273589
0.273589
0.147571
0.147571
0.367492
0.367492
0.239316
0.239316
0.271804
0.271804
0.286537
0.286537
0.383976
0.383976
0.409840
0.409840
0.180243
0.180243
0.254676
0.254676
0.494670
0.494670
0.309055
0.309055
0.458403
0.458403
0.549595
0.549595
0.335543
0.335543
0.623072
0.623072
0.289177
0.289177
0.388723
0.388723
0.335190
0.335190
0.527539
0.527539
0.526587
0.526587
0.551954
0.551954
0.380775
0.380775
0.282054
0.282054
0.158866
0.158866
0.184927
0.184927
0.242087
0.242087
0.383713
0.383713
0.335208
0.335208
0.501237
0.501237
0.223588
0.223588
0.340950
0.340950
0.202122
0.202122
0.601554
0.601554
0.786326
0.786326
0.255636
0.255636
0.496663
0.496663
0.280293
0.280293
0.263248
0.263248
0.273809
0.273809
0.374203
0.374203
0.475612
0.475612
0.447649
0.447649
0.494641
0.494641
0.396511
0.396511
0.287659
0.287659
0.263318
0.263318
0.158008
0.158008
0.332877
0.332877
0.436292
0.436292
0.383524
0.383524
0.469669
0.469669
0.354290
0.354290
0.116301
0.116301
0.349727
0.349727
0.306363
0.306363
0.214964
0.214964
0.280547
0.280547
0.269677
0.269677
0.317302
0.317302
0.381828
0.381828
0.279138
0.279138
0.446717
0.446717
0.364679
0.364679
0.371601
0.371601
0.357184
0.357184
0.174440
0.174440
0.510876
0.510876
0.340914
0.340914
0.345374
0.345374
0.312421
0.312421
0.192913
0.192913
0.386692
0.386692
0.474496
0.474496
0.314486
0.314486
0.345968
0.345968
0.198673
0.198673
0.296403
0.296403
0.198066
0.198066
0.341390
0.341390
0.322680
0.322680
0.378150
0.378150
0.304410
0.304410
0.444995
0.444995
0.272563
0.272563
0.368861
0.368861
0.640907
0.640907
0.349645
0.349645
0.400047
0.400047
0.503911
0.503911
0.536201
0.536201
0.339635
0.339635
0.265187
0.265187
0.313454
0.313454
0.298090
0.298090
0.249759
0.249759
0.502430
0.502430
0.306922
0.306922
0.348076
0.348076
0.273107
0.273107
0.320217
0.320217
0.361151
0.361151
0.522982
0.522982
0.258006
0.258006
0.305946
0.305946
0.312258
0.312258
0.489272
0.489272
0.192855
0.192855
0.380332
0.380332
0.672847
0.672847
0.368836
0.368836
0.228577
0.228577
0.600493
0.600493
0.393224
0.393224
0.347039
0.347039
0.244359
0.244359
0.255347
0.255347
0.592151
0.592151
0.402180
0.402180
0.492214
0.492214
0.289248
0.289248
0.296162
0.296162
0.270910
0.270910
0.174155
0.174155
0.202847
0.202847
0.210903
0.210903
0.480564
0.480564
0.424205
0.424205
0.414296
0.414296
0.245209
0.245209
0.158207
0.158207
0.294227
0.294227
0.482205
0.482205
0.467284
0.467284
0.530942
0.530942
0.238392
0.238392
0.172637
0.172637
0.420488
0.420488
0.419939
0.419939
0.502701
0.502701
0.184704
0.184704
0.312587
0.312587
0.611657
0.611657
0.397046
0.397046
0.316527
0.316527
0.277826
0.277826
0.298430
0.298430
0.163523
0.163523
0.637878
0.637878
0.781081
0.781081
0.136359
0.136359
0.348230
0.348230
0.582114
0.582114
0.234179
0.234179
0.325580
0.325580
0.189178
0.189178
0.345644
0.345644
0.233361
0.233361
0.308369
0.308369
0.447010
0.447010
0.529896
0.529896
0.649504
0.649504
0.299074
0.299074
0.282929
0.282929
0.357788
0.357788
0.505977
0.505977
0.435843
0.435843
0.201127
0.201127
0.251886
0.251886
0.530887
0.530887
0.296065
0.296065
0.245226
0.245226
0.435120
0.435120
0.358487
0.358487
0.303105
0.303105
0.228500
0.228500
0.267211
0.267211
0.410523
0.410523
0.442460
0.442460
0.229586
0.229586
0.483449
0.483449
0.626078
0.626078
0.207962
0.207962
0.391776
0.391776
0.383953
0.383953
0.170649
0.170649
0.381450
0.381450
0.294104
0.294104
0.329488
0.329488
0.349079
0.349079
0.282030
0.282030
0.370881
0.370881
0.290700
0.290700
0.206829
0.206829
0.519268
0.519268
0.427937
0.427937
0.269009
0.269009
0.357143
0.357143
0.489665
0.489665
0.331533
0.331533
0.182155
0.182155
0.494505
0.494505
0.547370
0.547370
0.272241
0.272241
0.623276
0.623276
0.209112
0.209112
0.084676
0.084676
0.337936
0.337936
0.295008
0.295008
0.453571
0.453571
0.489131
0.489131
0.173392
0.173392
0.330618
0.330618
0.206415
0.206415
0.507119
0.507119
0.422699
0.422699
0.286308
0.286308
0.590153
0.590153
0.273637
0.273637
0.691851
0.691851
0.698036
0.698036
0.413918
0.413918
0.355962
0.355962
0.378550
0.378550
0.461526
0.461526
0.393521
0.393521
0.224585
0.224585
0.283546
0.283546
0.377240
0.377240
0.252237
0.252237
0.141705
0.141705
0.199904
0.199904
0.429572
0.429572
0.576210
0.576210
0.259356
0.259356
0.228590
0.228590
0.448986
0.448986
0.322983
0.322983
0.061729
0.061729
0.410239
0.410239
0.430214
0.430214
0.377598
0.377598
0.334104
0.334104
0.242275
0.242275
0.264632
0.264632
0.413555
0.413555
0.308563
0.308563
0.430460
0.430460
0.341775
0.341775
0.443178
0.443178
0.532682
0.532682
0.278450
0.278450
0.452070
0.452070
0.401593
0.401593
0.282585
0.282585
0.497356
0.497356
0.278807
0.278807
0.530479
0.530479
0.646078
0.646078
0.262170
0.262170
0.201686
0.201686
0.263469
0.263469
0.183657
0.183657
0.265695
0.265695
0.366543
0.366543
0.157014
0.157014
0.174142
0.174142
0.781810
0.781810
0.262436
0.262436
0.358101
0.358101
0.226898
0.226898
0.374927
0.374927
0.170696
0.170696
0.455380
0.455380
0.303421
0.303421
0.292045
0.292045
0.344278
0.344278
0.477751
0.477751
0.298214
0.298214
0.401113
0.401113
0.496287
0.496287
0.127293
0.127293
0.308324
0.308324
0.456939
0.456939
0.492957
0.492957
0.487532
0.487532
0.242244
0.242244
0.455933
0.455933
0.448300
0.448300
0.214193
0.214193
0.306569
0.306569
0.264318
0.264318
0.300018
0.300018
0.313538
0.313538
0.301703
0.301703
0.315404
0.315404
0.297047
0.297047
0.585950
0.585950
0.237174
0.237174
0.255850
0.255850
0.318504
0.318504
0.348329
0.348329
0.377108
0.377108
0.203289
0.203289
0.250740
0.250740
0.562158
0.562158
0.451055
0.451055
0.369766
0.369766
0.557679
0.557679
0.278392
0.278392
0.387406
0.387406
0.269159
0.269159
0.493481
0.493481
0.290271
0.290271
0.482863
0.482863
0.150804
0.150804
0.343659
0.343659
0.333957
0.333957
0.182928
0.182928
0.520767
0.520767
0.582233
0.582233
0.431510
0.431510
0.288510
0.288510
0.273207
0.273207
0.404388
0.404388
0.397278
0.397278
0.383707
0.383707
0.215617
0.215617
0.310751
0.310751
0.411169
0.411169
0.359481
0.359481
0.894655
0.894655
0.314124
0.314124
0.662062
0.662062
0.218872
0.218872
0.368796
0.368796
0.154790
0.154790
0.300829
0.300829
0.333844
0.333844
0.222484
0.222484
0.423812
0.423812
0.223727
0.223727
0.277314
0.277314
0.199528
0.199528
0.609033
0.609033
0.541343
0.541343
0.374473
0.374473
0.447786
0.447786
0.371624
0.371624
0.334367
0.334367
0.345209
0.345209
0.361475
0.361475
0.502924
0.502924
0.335714
0.335714
0.607696
0.607696
0.280582
0.280582
0.374870
0.374870
0.259307
0.259307
0.261163
0.261163
0.344636
0.344636
0.596329
0.596329
0.208017
0.208017
0.245431
0.245431
0.410974
0.410974
0.561387
0.561387
0.574530
0.574530
0.227332
0.227332
0.309855
0.309855
0.193246
0.193246
0.214078
0.214078
0.195055
0.195055
0.414971
0.414971
0.275781
0.275781
0.786985
0.786985
0.465141
0.465141
0.126220
0.126220
0.428815
0.428815
0.237421
0.237421
0.219487
0.219487
0.199084
0.199084
0.452046
0.452046
0.209433
0.209433
0.252524
0.252524
0.247309
0.247309
0.262400
0.262400
0.184823
0.184823
0.753183
0.753183
0.347938
0.347938
0.699879
0.699879
0.566211
0.566211
0.435470
0.435470
0.222458
0.222458
0.211640
0.211640
0.192504
0.192504
0.369405
0.369405
0.230864
0.230864
0.383378
0.383378
0.389458
0.389458
0.398008
0.398008
0.298471
0.298471
0.280172
0.280172
0.616606
0.616606
0.244499
0.244499
0.352100
0.352100
0.604062
0.604062
0.314585
0.314585
0.302024
0.302024
0.282710
0.282710
0.205761
0.205761
0.449048
0.449048
0.215492
0.215492
0.158221
0.158221
0.493755
0.493755
0.247672
0.247672
0.350174
0.350174
0.515135
0.515135
0.381813
0.381813
0.457923
0.457923
0.379035
0.379035
0.576511
0.576511
0.505932
0.505932
0.320622
0.320622
0.462753
0.462753
0.277145
0.277145
0.164875
0.164875
0.284274
0.284274
0.348046
0.348046
0.341088
0.341088
0.526104
0.526104
0.421548
0.421548
0.190195
0.190195
0.424632
0.424632
0.292129
0.292129
0.414809
0.414809
0.291804
0.291804
0.245352
0.245352
0.361203
0.361203
0.414717
0.414717
0.434783
0.434783
0.227289
0.227289
0.286565
0.286565
0.406508
0.406508
0.682476
0.682476
0.416058
0.416058
0.240274
0.240274
0.193935
0.193935
0.357934
0.357934
0.207766
0.207766
0.406114
0.406114
0.328864
0.328864
0.337561
0.337561
0.570115
0.570115
0.271186
0.271186
0.542393
0.542393
0.402417
0.402417
0.319674
0.319674
0.440791
0.440791
0.217561
0.217561
0.253460
0.253460
0.372678
0.372678
0.326299
0.326299
0.539508
0.539508
0.341241
0.341241
0.239378
0.239378
0.389104
0.389104
0.551948
0.551948
0.457117
0.457117
0.436839
0.436839
0.130935
0.130935
0.559826
0.559826
0.327091
0.327091
0.409820
0.409820
0.479049
0.479049
0.445321
0.445321
0.278424
0.278424
0.436590
0.436590
0.423469
0.423469
0.327289
0.327289
0.377776
0.377776
0.409332
0.409332
0.761831
0.761831
0.401519
0.401519
0.366238
0.366238
0.216752
0.216752
0.421993
0.421993
0.316400
0.316400
0.261129
0.261129
0.208773
0.208773
0.375777
0.375777
0.406781
0.406781
0.325788
0.325788
0.503338
0.503338
0.392319
0.392319
0.203341
0.203341
0.510179
0.510179
0.476860
0.476860
0.346532
0.346532
0.208761
0.208761
0.435135
0.435135
0.501104
0.501104
0.230150
0.230150
0.416389
0.416389
0.352915
0.352915
0.482466
0.482466
0.445510
0.445510
0.471011
0.471011
0.415922
0.415922
0.202703
0.202703
0.542261
0.542261
0.258272
0.258272
0.140583
0.140583
0.281176
0.281176
0.179560
0.179560
0.198871
0.198871
0.296323
0.296323
0.377936
0.377936
0.229515
0.229515
0.378154
0.378154
0.381040
0.381040
0.216438
0.216438
0.381204
0.381204
0.382186
0.382186
0.399061
0.399061
0.475875
0.475875
0.244098
0.244098
0.375746
0.375746
0.581072
0.581072
0.261865
0.261865
0.321737
0.321737
0.239046
0.239046
0.189984
0.189984
0.261904
0.261904
0.451269
0.451269
0.236585
0.236585
0.356953
0.356953
0.213302
0.213302
0.503230
0.503230
0.311961
0.311961
0.555397
0.555397
0.354381
0.354381
0.321457
0.321457
0.363511
0.363511
0.167739
0.167739
0.361428
0.361428
0.333763
0.333763
0.361747
0.361747
0.329687
0.329687
0.258037
0.258037
0.356405
0.356405
0.271966
0.271966
0.419668
0.419668
0.191011
0.191011
0.317200
0.317200
0.207280
0.207280
0.311674
0.311674
0.157398
0.157398
0.264358
0.264358
0.465342
0.465342
0.441355
0.441355
0.359431
0.359431
0.505632
0.505632
0.285621
0.285621
0.366717
0.366717
0.316699
0.316699
0.495249
0.495249
0.413736
0.413736
0.457729
0.457729
0.296218
0.296218
0.121180
0.121180
0.239578
0.239578
0.224869
0.224869
0.324616
0.324616
0.451110
0.451110
0.414672
0.414672
0.420977
0.420977
0.196127
0.196127
0.234823
0.234823
0.541384
0.541384
0.246326
0.246326
0.318411
0.318411
0.134592
0.134592
0.426790
0.426790
0.174896
0.174896
0.432628
0.432628
0.155248
0.155248
0.313006
0.313006
0.243618
0.243618
0.381241
0.381241
0.208631
0.208631
0.340488
0.340488
0.330670
0.330670
0.376182
0.376182
0.315495
0.315495
0.192368
0.192368
0.194949
0.194949
0.344174
0.344174
0.308586
0.308586
0.504615
0.504615
0.199266
0.199266
0.319211
0.319211
0.520436
0.520436
0.298596
0.298596
0.281414
0.281414
0.467731
0.467731
0.437469
0.437469
0.462396
0.462396
0.563866
0.563866
0.494297
0.494297
0.534137
0.534137
0.186648
0.186648
0.229599
0.229599
0.311103
0.311103
0.431599
0.431599
0.365728
0.365728
0.505689
0.505689
0.483816
0.483816
0.635467
0.635467
0.386422
0.386422
0.693138
0.693138
0.355057
0.355057
0.344467
0.344467
0.408478
0.408478
0.191928
0.191928
0.362375
0.362375
0.181917
0.181917
0.565494
0.565494
0.359002
0.359002
0.309186
0.309186
0.398331
0.398331
0.436037
0.436037
0.540648
0.540648
0.082421
0.082421
0.420347
0.420347
0.456176
0.456176
0.328876
0.328876
0.359127
0.359127
0.080887
0.080887
0.278825
0.278825
0.435246
0.435246
0.283424
0.283424
0.218225
0.218225
0.299996
0.299996
0.190463
0.190463
0.584633
0.584633
0.201362
0.201362
0.437540
0.437540
0.283476
0.283476
0.157428
0.157428
0.309994
0.309994
0.423368
0.423368
0.376585
0.376585
0.376946
0.376946
0.504481
0.504481
0.528399
0.528399
0.366142
0.366142
0.443098
0.443098
0.473508
0.473508
0.410708
0.410708
0.332386
0.332386
0.263366
0.263366
0.223307
0.223307
0.240220
0.240220
0.460291
0.460291
0.294630
0.294630
0.245048
0.245048
0.461475
0.461475
0.409727
0.409727
0.436045
0.436045
0.258633
0.258633
0.460121
0.460121
0.411869
0.411869
0.574346
0.574346
0.426616
0.426616
0.325050
0.325050
0.343705
0.343705
0.474662
0.474662
0.362146
0.362146
0.462362
0.462362
0.238127
0.238127
0.730561
0.730561
0.212138
0.212138
0.266016
0.266016
0.337702
0.337702
0.312207
0.312207
0.294235
0.294235
0.461458
0.461458
0.491973
0.491973
0.433390
0.433390
0.355644
0.355644
0.508018
0.508018
0.661049
0.661049
0.518722
0.518722
0.188362
0.188362
0.152741
0.152741
0.239919
0.239919
0.427688
0.427688
0.208655
0.208655
0.396817
0.396817
0.204465
0.204465
0.152114
0.152114
0.494880
0.494880
0.627796
0.627796
0.319252
0.319252
0.303055
0.303055
0.288430
0.288430
0.293649
0.293649
0.261319
0.261319
0.281715
0.281715
0.452516
0.452516
0.304843
0.304843
0.204197
0.204197
0.491883
0.491883
0.367068
0.367068
0.291080
0.291080
0.330069
0.330069
0.866779
0.866779
0.246189
0.246189
0.327170
0.327170
0.464669
0.464669
0.305609
0.305609
0.569424
0.569424
0.715556
0.715556
0.306162
0.306162
0.363001
0.363001
0.377822
0.377822
0.198398
0.198398
0.404590
0.404590
0.145170
0.145170
0.419509
0.419509
0.367705
0.367705
0.232695
0.232695
0.230398
0.230398
0.276007
0.276007
0.217607
0.217607
0.098316
0.098316
0.289543
0.289543
0.377336
0.377336
0.312720
0.312720
0.538680
0.538680
0.318684
0.318684
0.385892
0.385892
0.381767
0.381767
0.303859
0.303859
0.480254
0.480254
0.512436
0.512436
0.273907
0.273907
0.215751
0.215751
0.467123
0.467123
0.206166
0.206166
0.204994
0.204994
0.210636
0.210636
0.557429
0.557429
0.381327
0.381327
0.286344
0.286344
0.278746
0.278746
0.579004
0.579004
0.352328
0.352328
0.533153
0.533153
0.336539
0.336539
0.391488
0.391488
0.308425
0.308425
0.369974
0.369974
0.314040
0.314040
0.473888
0.473888
0.275843
0.275843
0.359520
0.359520
0.375791
0.375791
0.232340
0.232340
0.214950
0.214950
0.334344
0.334344
0.142651
0.142651
0.181944
0.181944
0.551831
0.551831
0.143826
0.143826
0.349297
0.349297
0.262112
0.262112
0.404881
0.404881
0.540309
0.540309
0.271663
0.271663
0.499319
0.499319
0.448921
0.448921
0.374878
0.374878
0.187257
0.187257
0.557880
0.557880
0.330726
0.330726
0.221369
0.221369
0.269863
0.269863
0.397523
0.397523
0.125274
0.125274
0.236435
0.236435
0.350897
0.350897
0.354705
0.354705
0.384813
0.384813
0.348023
0.348023
0.260368
0.260368
0.467382
0.467382
0.256339
0.256339
0.321484
0.321484
0.496791
0.496791
0.292848
0.292848
0.444356
0.444356
0.145683
0.145683
0.585333
0.585333
0.335452
0.335452
0.395578
0.395578
0.507134
0.507134
0.195338
0.195338
0.130642
0.130642
0.715618
0.715618
0.525753
0.525753
0.562239
0.562239
0.239981
0.239981
0.426200
0.426200
0.177174
0.177174
0.495099
0.495099
0.258506
0.258506
0.520469
0.520469
0.432136
0.432136
0.434253
0.434253
0.444648
0.444648
0.217999
0.217999
0.279197
0.279197
0.366952
0.366952
0.169690
0.169690
0.363317
0.363317
0.257806
0.257806
0.221111
0.221111
0.325351
0.325351
0.440249
0.440249
0.342578
0.342578
0.296479
0.296479
0.350250
0.350250
0.289616
0.289616
0.432735
0.432735
0.475960
0.475960
0.208452
0.208452
0.830811
0.830811
0.401767
0.401767
0.397372
0.397372
0.218931
0.218931
0.280669
0.280669
0.331359
0.331359
0.283095
0.283095
0.371284
0.371284
0.292751
0.292751
0.235028
0.235028
0.353412
0.353412
0.261963
0.261963
0.329381
0.329381
0.181012
0.181012
0.385610
0.385610
0.455613
0.455613
0.669577
0.669577
0.261014
0.261014
0.337937
0.337937
0.517701
0.517701
0.567867
0.567867
0.364085
0.364085
0.147371
0.147371
0.203324
0.203324
0.517945
0.517945
0.196751
0.196751
0.420133
0.420133
0.390754
0.390754
0.324675
0.324675
0.540848
0.540848
0.191108
0.191108
0.354295
0.354295
0.285778
0.285778
0.345070
0.345070
0.283215
0.283215
0.526918
0.526918
0.548715
0.548715
0.265065
0.265065
0.255626
0.255626
0.172269
0.172269
0.211389
0.211389
0.380163
0.380163
0.346984
0.346984
0.389155
0.389155
0.472936
0.472936
0.266933
0.266933
0.393549
0.393549
0.199834
0.199834
0.270043
0.270043
0.257306
0.257306
0.156390
0.156390
0.507857
0.507857
0.529716
0.529716
0.190262
0.190262
0.291164
0.291164
0.285163
0.285163
0.538590
0.538590
0.398281
0.398281
0.401957
0.401957
0.372924
0.372924
0.446343
0.446343
0.477609
0.477609
0.392295
0.392295
0.482819
0.482819
0.280421
0.280421
0.442490
0.442490
0.234969
0.234969
0.515467
0.515467
0.513884
0.513884
0.375726
0.375726
0.453616
0.453616
0.242639
0.242639
0.219717
0.219717
0.430964
0.430964
0.473752
0.473752
0.494789
0.494789
0.392342
0.392342
0.216772
0.216772
0.839239
0.839239
0.271088
0.271088
0.478201
0.478201
0.233787
0.233787
0.256569
0.256569
0.341204
0.341204
0.501928
0.501928
0.320741
0.320741
0.297049
0.297049
0.388670
0.388670
0.276680
0.276680
0.302723
0.302723
0.359352
0.359352
0.186796
0.186796
0.301432
0.301432
0.496738
0.496738
0.295305
0.295305
0.367011
0.367011
0.206934
0.206934
0.407439
0.407439
0.180992
0.180992
0.285878
0.285878
0.248283
0.248283
0.467029
0.467029
0.302858
0.302858
0.362401
0.362401
0.270033
0.270033
0.152303
0.152303
0.373234
0.373234
0.418455
0.418455
0.145802
0.145802
0.235287
0.235287
0.228941
0.228941
0.676992
0.676992
0.356274
0.356274
0.338067
0.338067
0.355991
0.355991
0.355445
0.355445
0.181930
0.181930
0.544188
0.544188
0.587154
0.587154
0.159509
0.159509
0.362866
0.362866
0.378009
0.378009
0.278159
0.278159
0.525364
0.525364
0.329667
0.329667
0.391059
0.391059
0.954487
0.954487
0.424618
0.424618
0.296205
0.296205
0.735314
0.735314
0.298997
0.298997
0.088594
0.088594
0.141377
0.141377
0.448765
0.448765
0.245502
0.245502
0.144898
0.144898
0.206966
0.206966
0.582188
0.582188
0.176654
0.176654
0.573087
0.573087
0.293342
0.293342
0.244524
0.244524
0.466248
0.466248
0.582771
0.582771
0.486088
0.486088
0.244882
0.244882
0.189927
0.189927
0.183626
0.183626
0.362083
0.362083
0.271363
0.271363
0.402343
0.402343
0.447379
0.447379
0.461606
0.461606
0.177957
0.177957
0.554299
0.554299
0.339697
0.339697
0.243995
0.243995
0.443653
0.443653
0.310534
0.310534
0.454767
0.454767
0.399340
0.399340
0.418143
0.418143
0.439997
0.439997
0.287720
0.287720
0.327100
0.327100
0.400184
0.400184
0.349954
0.349954
0.296855
0.296855
0.246171
0.246171
0.282234
0.282234
0.407355
0.407355
0.294525
0.294525
0.169584
0.169584
0.553360
0.553360
0.425255
0.425255
0.347400
0.347400
0.339810
0.339810
0.313773
0.313773
0.396758
0.396758
0.742545
0.742545
0.397177
0.397177
0.393569
0.393569
0.439233
0.439233
0.282219
0.282219
0.526172
0.526172
0.560503
0.560503
0.302780
0.302780
0.343182
0.343182
0.450242
0.450242
0.291848
0.291848
0.247677
0.247677
0.232336
0.232336
0.812312
0.812312
0.608130
0.608130
0.458711
0.458711
0.607776
0.607776
0.333738
0.333738
0.265021
0.265021
0.331786
0.331786
0.239499
0.239499
0.350934
0.350934
0.297897
0.297897
0.354275
0.354275
0.210423
0.210423
0.209173
0.209173
0.325866
0.325866
0.304820
0.304820
0.390554
0.390554
0.170137
0.170137
0.290861
0.290861
0.270673
0.270673
0.145753
0.145753
0.288046
0.288046
0.519588
0.519588
0.340164
0.340164
0.364108
0.364108
0.296431
0.296431
0.333204
0.333204
0.413730
0.413730
0.387087
0.387087
0.398585
0.398585
0.301294
0.301294
0.427456
0.427456
0.212933
0.212933
0.269804
0.269804
0.294768
0.294768
0.565304
0.565304
0.539556
0.539556
0.200543
0.200543
0.310350
0.310350
0.236850
0.236850
0.356504
0.356504
0.618299
0.618299
0.215596
0.215596
0.652897
0.652897
0.372191
0.372191
0.211786
0.211786
0.599135
0.599135
0.213032
0.213032
0.235973
0.235973
0.152100
0.152100
0.405079
0.405079
0.222548
0.222548
0.252064
0.252064
0.286947
0.286947
0.217430
0.217430
0.342465
0.342465
0.286323
0.286323
0.268426
0.268426
0.622502
0.622502
0.334481
0.334481
0.517876
0.517876
0.460925
0.460925
0.281422
0.281422
0.408032
0.408032
0.409049
0.409049
0.405895
0.405895
0.331785
0.331785
0.362254
0.362254
0.397038
0.397038
0.803074
0.803074
0.306884
0.306884
0.273572
0.273572
0.355669
0.355669
0.199730
0.199730
0.399887
0.399887
0.427460
0.427460
0.181523
0.181523
0.189075
0.189075
0.263115
0.263115
0.393760
0.393760
0.247774
0.247774
0.375764
0.375764
0.252531
0.252531
0.448543
0.448543
0.292138
0.292138
0.220183
0.220183
0.360948
0.360948
0.520371
0.520371
0.749901
0.749901
0.301359
0.301359
0.288704
0.288704
0.297882
0.297882
0.374611
0.374611
0.243660
0.243660
0.335420
0.335420
0.452124
0.452124
0.288296
0.288296
0.206636
0.206636
0.475202
0.475202
0.296128
0.296128
0.449793
0.449793
0.140819
0.140819
0.374113
0.374113
0.142695
0.142695
0.258656
0.258656
0.209709
0.209709
0.272580
0.272580
0.408292
0.408292
0.222075
0.222075
0.450204
0.450204
0.439747
0.439747
0.258422
0.258422
0.144624
0.144624
0.311157
0.311157
0.145087
0.145087
0.246187
0.246187
0.414786
0.414786
0.321763
0.321763
0.250630
0.250630
0.276361
0.276361
0.456772
0.456772
0.162933
0.162933
0.349063
0.349063
0.626793
0.626793
0.312442
0.312442
0.331462
0.331462
0.458683
0.458683
0.397229
0.397229
0.318517
0.318517
0.202948
0.202948
0.678629
0.678629
0.405338
0.405338
0.185164
0.185164
0.401753
0.401753
0.281683
0.281683
0.288134
0.288134
0.353728
0.353728
0.395468
0.395468
0.229238
0.229238
0.280366
0.280366
0.355681
0.355681
0.217032
0.217032
0.512987
0.512987
0.372311
0.372311
0.381275
0.381275
0.686958
0.686958
0.399533
0.399533
0.479881
0.479881
0.293147
0.293147
0.356116
0.356116
0.412097
0.412097
0.327789
0.327789
0.317244
0.317244
0.442566
0.442566
0.350322
0.350322
0.576612
0.576612
0.228621
0.228621
0.222483
0.222483
0.326006
0.326006
0.298339
0.298339
0.394611
0.394611
0.173817
0.173817
0.382253
0.382253
0.195867
0.195867
0.305417
0.305417
0.343142
0.343142
0.102989
0.102989
0.355554
0.355554
0.341883
0.341883
0.278365
0.278365
0.236403
0.236403
0.510305
0.510305
0.236072
0.236072
0.455340
0.455340
0.467465
0.467465
0.162897
0.162897
0.531251
0.531251
0.294011
0.294011
0.467483
0.467483
0.425668
0.425668
0.373945
0.373945
0.395213
0.395213
0.332671
0.332671
0.283210
0.283210
0.477110
0.477110
0.300620
0.300620
0.228313
0.228313
0.732555
0.732555
0.304281
0.304281
0.399902
0.399902
0.396168
0.396168
0.213377
0.213377
0.256430
0.256430
0.343650
0.343650
0.376175
0.376175
0.359374
0.359374
0.243180
0.243180
0.306963
0.306963
0.531308
0.531308
0.200923
0.200923
0.585626
0.585626
0.304960
0.304960
0.574443
0.574443
0.155608
0.155608
0.292351
0.292351
0.643681
0.643681
0.216246
0.216246
0.307478
0.307478
0.391617
0.391617
0.362208
0.362208
0.248740
0.248740
0.419340
0.419340
0.222580
0.222580
0.537121
0.537121
0.156077
0.156077
0.251026
0.251026
0.576460
0.576460
0.385689
0.385689
0.409574
0.409574
0.263777
0.263777
0.218081
0.218081
0.472721
0.472721
0.568398
0.568398
0.197809
0.197809
0.801385
0.801385
0.213257
0.213257
0.585674
0.585674
0.215997
0.215997
0.498168
0.498168
0.323667
0.323667
0.286154
0.286154
0.299948
0.299948
0.220949
0.220949
0.177000
0.177000
0.309364
0.309364
0.448299
0.448299
0.528647
0.528647
0.604670
0.604670
0.209657
0.209657
0.152714
0.152714
0.701082
0.701082
0.353459
0.353459
0.256033
0.256033
0.234551
0.234551
0.242338
0.242338
0.233854
0.233854
0.399304
0.399304
0.595729
0.595729
0.278684
0.278684
0.253137
0.253137
0.228309
0.228309
0.305076
0.305076
0.480560
0.480560
0.271761
0.271761
0.404807
0.404807
1.259384
1.259384
0.301918
0.301918
0.250581
0.250581
0.431736
0.431736
0.301188
0.301188
0.186636
0.186636
0.394965
0.394965
0.459993
0.459993
0.242938
0.242938
0.567250
0.567250
0.400525
0.400525
0.321346
0.321346
0.404519
0.404519
0.304480
0.304480
0.344712
0.344712
0.271893
0.271893
0.364649
0.364649
0.319788
0.319788
0.525380
0.525380
0.279160
0.279160
0.373015
0.373015
0.360670
0.360670
0.471732
0.471732
0.371571
0.371571
0.438218
0.438218
0.408523
0.408523
0.313471
0.313471
0.184401
0.184401
0.307593
0.307593
0.286927
0.286927
0.301499
0.301499
0.451655
0.451655
0.328186
0.328186
0.256126
0.256126
0.162237
0.162237
0.343051
0.343051
0.356349
0.356349
0.610951
0.610951
0.210612
0.210612
0.623608
0.623608
0.233861
0.233861
0.218155
0.218155
0.209203
0.209203
0.238948
0.238948
0.132787
0.132787
0.637082
0.637082
0.487820
0.487820
0.293200
0.293200
0.290202
0.290202
0.630060
0.630060
0.565517
0.565517
0.301679
0.301679
0.307358
0.307358
0.745129
0.745129
0.799687
0.799687
0.312876
0.312876
0.438944
0.438944
0.860306
0.860306
0.281130
0.281130
0.226057
0.226057
0.262515
0.262515
0.372904
0.372904
0.154821
0.154821
0.265482
0.265482
0.232046
0.232046
0.326619
0.326619
0.473934
0.473934
0.475931
0.475931
0.370640
0.370640
0.239686
0.239686
0.449730
0.449730
0.170197
0.170197
0.192527
0.192527
0.529750
0.529750
0.273196
0.273196
0.310823
0.310823
0.215821
0.215821
0.351489
0.351489
0.359744
0.359744
0.340270
0.340270
0.371255
0.371255
0.193266
0.193266
0.700907
0.700907
0.408620
0.408620
0.370700
0.370700
0.500283
0.500283
0.625731
0.625731
0.270259
0.270259
0.112177
0.112177
0.224805
0.224805
0.292224
0.292224
0.169386
0.169386
0.590941
0.590941
0.358535
0.358535
0.364455
0.364455
0.281654
0.281654
0.278207
0.278207
0.479810
0.479810
0.312980
0.312980
0.336511
0.336511
0.540212
0.540212
0.372875
0.372875
0.339343
0.339343
0.397765
0.397765
0.361369
0.361369
0.477748
0.477748
0.277229
0.277229
0.570732
0.570732
0.290527
0.290527
0.499921
0.499921
0.435278
0.435278
0.350459
0.350459
0.177187
0.177187
0.175683
0.175683
0.314648
0.314648
0.326033
0.326033
0.475979
0.475979
0.412251
0.412251
0.214155
0.214155
0.303640
0.303640
0.455980
0.455980
0.323592
0.323592
0.270260
0.270260
0.415710
0.415710
0.336248
0.336248
0.198845
0.198845
0.270935
0.270935
0.260740
0.260740
0.424414
0.424414
0.223494
0.223494
0.593423
0.593423
0.176935
0.176935
0.399563
0.399563
0.922106
0.922106
0.193703
0.193703
0.294141
0.294141
0.204145
0.204145
0.545046
0.545046
0.449220
0.449220
0.343566
0.343566
0.240535
0.240535
0.416296
0.416296
0.584889
0.584889
0.182602
0.182602
0.331169
0.331169
0.411832
0.411832
0.249509
0.249509
0.319650
0.319650
0.598566
0.598566
0.253887
0.253887
0.380437
0.380437
0.397444
0.397444
0.185162
0.185162
0.370396
0.370396
0.363388
0.363388
0.386634
0.386634
0.158072
0.158072
0.360226
0.360226
0.375900
0.375900
0.308923
0.308923
0.320032
0.320032
0.356902
0.356902
0.251666
0.251666
0.434344
0.434344
0.502773
0.502773
0.217234
0.217234
0.433228
0.433228
0.545504
0.545504
0.170231
0.170231
0.427858
0.427858
0.350316
0.350316
0.219689
0.219689
0.251851
0.251851
0.278876
0.278876
0.329780
0.329780
0.272650
0.272650
0.350816
0.350816
0.448107
0.448107
0.252694
0.252694
0.459489
0.459489
0.315186
0.315186
0.181538
0.181538
0.259544
0.259544
0.556200
0.556200
0.191421
0.191421
0.418692
0.418692
0.281175
0.281175
0.315122
0.315122
0.307319
0.307319
0.159387
0.159387
0.337134
0.337134
0.132250
0.132250
0.148948
0.148948
0.553157
0.553157
0.338974
0.338974
0.211454
0.211454
0.259172
0.259172
0.181646
0.181646
0.402572
0.402572
0.633678
0.633678
0.334454
0.334454
0.217855
0.217855
0.244472
0.244472
0.127360
0.127360
0.462863
0.462863
0.256663
0.256663
0.481550
0.481550
0.327295
0.327295
0.264676
0.264676
0.281522
0.281522
0.196072
0.196072
0.331733
0.331733
0.411393
0.411393
0.545225
0.545225
0.482944
0.482944
0.440826
0.440826
0.673349
0.673349
0.257312
0.257312
0.468735
0.468735
0.321829
0.321829
0.646597
0.646597
0.147563
0.147563
0.269270
0.269270
0.254383
0.254383
0.202520
0.202520
0.346143
0.346143
0.127829
0.127829
0.488687
0.488687
0.469584
0.469584
0.378379
0.378379
0.448639
0.448639
0.363487
0.363487
0.135747
0.135747
0.355263
0.355263
0.391349
0.391349
0.291288
0.291288
0.161615
0.161615
0.319601
0.319601
0.240958
0.240958
0.399677
0.399677
0.155806
0.155806
0.195340
0.195340
0.875460
0.875460
0.307491
0.307491
0.245422
0.245422
0.422280
0.422280
0.220332
0.220332
0.145888
0.145888
0.497659
0.497659
0.242390
0.242390
0.565883
0.565883
0.281923
0.281923
0.189192
0.189192
0.259691
0.259691
0.244269
0.244269
0.506117
0.506117
0.314142
0.314142
0.391495
0.391495
0.231879
0.231879
0.221063
0.221063
0.297809
0.297809
0.138847
0.138847
0.217185
0.217185
0.307111
0.307111
0.531535
0.531535
0.409833
0.409833
0.277845
0.277845
0.549164
0.549164
0.374098
0.374098
0.293894
0.293894
0.188763
0.188763
0.453880
0.453880
0.615313
0.615313
0.210950
0.210950
0.272599
0.272599
0.251997
0.251997
0.494027
0.494027
0.428124
0.428124
0.575389
0.575389
0.343487
0.343487
0.170402
0.170402
0.483003
0.483003
0.455942
0.455942
0.328728
0.328728
0.464491
0.464491
0.408389
0.408389
0.558898
0.558898
0.433979
0.433979
0.292065
0.292065
0.356063
0.356063
0.343722
0.343722
0.529930
0.529930
0.316801
0.316801
0.281898
0.281898
0.147403
0.147403
0.317423
0.317423
0.437113
0.437113
0.641305
0.641305
0.291150
0.291150
0.302625
0.302625
0.393510
0.393510
0.549696
0.549696
0.580277
0.580277
0.321965
0.321965
0.165726
0.165726
0.509661
0.509661
0.272009
0.272009
0.622821
0.622821
0.366870
0.366870
0.360765
0.360765
0.461550
0.461550
0.309061
0.309061
0.255864
0.255864
0.296925
0.296925
0.768180
0.768180
0.368440
0.368440
0.353962
0.353962
0.198523
0.198523
0.512706
0.512706
0.386167
0.386167
0.503573
0.503573
0.291083
0.291083
0.142876
0.142876
0.455895
0.455895
0.298957
0.298957
0.256920
0.256920
0.452790
0.452790
0.659940
0.659940
0.211108
0.211108
0.243269
0.243269
0.149905
0.149905
0.356044
0.356044
0.853918
0.853918
0.497681
0.497681
0.409231
0.409231
0.230438
0.230438
0.271232
0.271232
0.170822
0.170822
0.356064
0.356064
0.398914
0.398914
0.425366
0.425366
0.184091
0.184091
0.482376
0.482376
0.254558
0.254558
0.652852
0.652852
0.284694
0.284694
0.243193
0.243193
0.300360
0.300360
0.486902
0.486902
0.183905
0.183905
0.258636
0.258636
0.449383
0.449383
0.430866
0.430866
0.433219
0.433219
0.339503
0.339503
0.273221
0.273221
0.369829
0.369829
0.351580
0.351580
0.326071
0.326071
0.485859
0.485859
0.267994
0.267994
0.460769
0.460769
0.234607
0.234607
0.305354
0.305354
0.314067
0.314067
0.438105
0.438105
0.328202
0.328202
0.172301
0.172301
0.251551
0.251551
0.188942
0.188942
0.310564
0.310564
0.303720
0.303720
0.156537
0.156537
0.361852
0.361852
0.250469
0.250469
0.285920
0.285920
0.438291
0.438291
0.217776
0.217776
0.399527
0.399527
0.304338
0.304338
0.188277
0.188277
0.367636
0.367636
0.927495
0.927495
0.366295
0.366295
0.213378
0.213378
0.282457
0.282457
0.311681
0.311681
0.252865
0.252865
0.356677
0.356677
0.237500
0.237500
0.184132
0.184132
0.395010
0.395010
0.165181
0.165181
0.597802
0.597802
0.314402
0.314402
0.164854
0.164854
0.443007
0.443007
0.482805
0.482805
0.053035
0.053035
0.300386
0.300386
0.489073
0.489073
0.226747
0.226747
0.203061
0.203061
0.281288
0.281288
0.515712
0.515712
0.407106
0.407106
0.415172
0.415172
0.402533
0.402533
0.323939
0.323939
0.186846
0.186846
0.301452
0.301452
0.751174
0.751174
0.321223
0.321223
0.547158
0.547158
0.471060
0.471060
0.170165
0.170165
0.239706
0.239706
0.456366
0.456366
0.293726
0.293726
0.273942
0.273942
0.216864
0.216864
0.246663
0.246663
0.182792
0.182792
0.183125
0.183125
0.327234
0.327234
0.221036
0.221036
0.226652
0.226652
0.456616
0.456616
0.401297
0.401297
0.486143
0.486143
0.375505
0.375505
0.292404
0.292404
0.296857
0.296857
0.345558
0.345558
0.248922
0.248922
0.219891
0.219891
0.593450
0.593450
0.372261
0.372261
0.579253
0.579253
0.545104
0.545104
0.234025
0.234025
0.371356
0.371356
0.795659
0.795659
0.108116
0.108116
0.322433
0.322433
0.499601
0.499601
0.133463
0.133463
0.236587
0.236587
0.298049
0.298049
0.305840
0.305840
0.404168
0.404168
0.382136
0.382136
0.261401
0.261401
0.343222
0.343222
0.224135
0.224135
0.299459
0.299459
0.588581
0.588581
0.552831
0.552831
0.322533
0.322533
0.321636
0.321636
0.218452
0.218452
0.215615
0.215615
0.255721
0.255721
0.271032
0.271032
0.127599
0.127599
0.344511
0.344511
0.421276
0.421276
0.381770
0.381770
0.236453
0.236453
0.594547
0.594547
0.178543
0.178543
0.654077
0.654077
0.573303
0.573303
0.588206
0.588206
0.463790
0.463790
0.361960
0.361960
0.478565
0.478565
0.204457
0.204457
0.312085
0.312085
0.422646
0.422646
0.265872
0.265872
0.368073
0.368073
0.487593
0.487593
0.367086
0.367086
0.403322
0.403322
0.259969
0.259969
0.391320
0.391320
0.461611
0.461611
0.308778
0.308778
0.287856
0.287856
0.611931
0.611931
0.394240
0.394240
0.483152
0.483152
0.431394
0.431394
0.289954
0.289954
0.333762
0.333762
0.400838
0.400838
0.844967
0.844967
0.214452
0.214452
0.267357
0.267357
0.282211
0.282211
0.261485
0.261485
0.413233
0.413233
0.408223
0.408223
0.312266
0.312266
0.488304
0.488304
0.271560
0.271560
0.453466
0.453466
0.459686
0.459686
0.437020
0.437020
0.229599
0.229599
0.591162
0.591162
0.479180
0.479180
0.484925
0.484925
0.259104
0.259104
0.331109
0.331109
0.234043
0.234043
0.350618
0.350618
0.477939
0.477939
0.263921
0.263921
0.597186
0.597186
0.249036
0.249036
0.163815
0.163815
0.249450
0.249450
0.310070
0.310070
0.421028
0.421028
0.261573
0.261573
0.209198
0.209198
0.263615
0.263615
0.450145
0.450145
0.324398
0.324398
0.424820
0.424820
0.610010
0.610010
0.494483
0.494483
0.179459
0.179459
0.500153
0.500153
0.760256
0.760256
0.299006
0.299006
0.352273
0.352273
0.216784
0.216784
0.212316
0.212316
0.490934
0.490934
0.343312
0.343312
0.470831
0.470831
0.253883
0.253883
0.386943
0.386943
0.438428
0.438428
0.240667
0.240667
0.192112
0.192112
0.505416
0.505416
0.328662
0.328662
0.297833
0.297833
0.236564
0.236564
0.486213
0.486213
0.486803
0.486803
0.481491
0.481491
0.357378
0.357378
0.204276
0.204276
0.164758
0.164758
0.262359
0.262359
0.485024
0.485024
0.200740
0.200740
0.362703
0.362703
0.294915
0.294915
0.339453
0.339453
0.393553
0.393553
0.275895
0.275895
0.653233
0.653233
0.318390
0.318390
0.307553
0.307553
0.342089
0.342089
0.343340
0.343340
0.537341
0.537341
0.239437
0.239437
0.217944
0.217944
0.407566
0.407566
0.317779
0.317779
0.503900
0.503900
0.331637
0.331637
0.345832
0.345832
0.499373
0.499373
0.705287
0.705287
0.391403
0.391403
0.239888
0.239888
0.282881
0.282881
0.364556
0.364556
0.260341
0.260341
0.381039
0.381039
0.382372
0.382372
0.342023
0.342023
0.303806
0.303806
0.259236
0.259236
0.223505
0.223505
0.282860
0.282860
0.264123
0.264123
0.336662
0.336662
0.459631
0.459631
0.294614
0.294614
0.492869
0.492869
0.231573
0.231573
0.229402
0.229402
0.306466
0.306466
0.487573
0.487573
0.338086
0.338086
0.434797
0.434797
0.208794
0.208794
0.208009
0.208009
0.295789
0.295789
0.655052
0.655052
0.473640
0.473640
0.542126
0.542126
0.291502
0.291502
0.302933
0.302933
0.327223
0.327223
0.217958
0.217958
0.355364
0.355364
0.438797
0.438797
0.491891
0.491891
0.365551
0.365551
0.168734
0.168734
0.225591
0.225591
0.406261
0.406261
0.286543
0.286543
0.410560
0.410560
0.256309
0.256309
0.355979
0.355979
0.439337
0.439337
0.604734
0.604734
0.305527
0.305527
0.394311
0.394311
0.284386
0.284386
0.450055
0.450055
0.275636
0.275636
0.350082
0.350082
0.263582
0.263582
0.254405
0.254405
0.229678
0.229678
0.455917
0.455917
0.297253
0.297253
0.280830
0.280830
0.301837
0.301837
0.595030
0.595030
0.367071
0.367071
0.409946
0.409946
0.177032
0.177032
0.268960
0.268960
0.352469
0.352469
0.379923
0.379923
0.346119
0.346119
0.277719
0.277719
0.297801
0.297801
0.379293
0.379293
0.431350
0.431350
0.241259
0.241259
0.421884
0.421884
0.596469
0.596469
0.289228
0.289228
0.286560
0.286560
0.215658
0.215658
0.409276
0.409276
0.371646
0.371646
0.438039
0.438039
0.400547
0.400547
0.335034
0.335034
0.324074
0.324074
0.418315
0.418315
0.300978
0.300978
0.526386
0.526386
0.556167
0.556167
0.443140
0.443140
0.635670
0.635670
0.515893
0.515893
0.572368
0.572368
0.233689
0.233689
0.350020
0.350020
0.445997
0.445997
0.191563
0.191563
0.296549
0.296549
0.322087
0.322087
0.292831
0.292831
0.440097
0.440097
0.271660
0.271660
0.544759
0.544759
0.255084
0.255084
0.233336
0.233336
0.266422
0.266422
0.539606
0.539606
0.520524
0.520524
0.552180
0.552180
0.335939
0.335939
0.286346
0.286346
0.257419
0.257419
0.246566
0.246566
0.339826
0.339826
0.328306
0.328306
0.411880
0.411880
0.201887
0.201887
0.504388
0.504388
0.360622
0.360622
0.313571
0.313571
0.343784
0.343784
0.219421
0.219421
0.336824
0.336824
0.152698
0.152698
0.210706
0.210706
0.339785
0.339785
0.374315
0.374315
0.313476
0.313476
0.510872
0.510872
0.448372
0.448372
0.296948
0.296948
0.281343
0.281343
0.169628
0.169628
0.605159
0.605159
0.439642
0.439642
0.299513
0.299513
0.414340
0.414340
0.244543
0.244543
0.170980
0.170980
0.191619
0.191619
0.247354
0.247354
0.301715
0.301715
0.356869
0.356869
0.255768
0.255768
0.335322
0.335322
0.250437
0.250437
0.451058
0.451058
0.424079
0.424079
0.204369
0.204369
0.548442
0.548442
0.420158
0.420158
0.435646
0.435646
0.123610
0.123610
0.420106
0.420106
0.406851
0.406851
0.353297
0.353297
0.285142
0.285142
0.176204
0.176204
0.201844
0.201844
0.304454
0.304454
0.770410
0.770410
0.411122
0.411122
0.306921
0.306921
0.347075
0.347075
0.422423
0.422423
0.285746
0.285746
0.301664
0.301664
0.386199
0.386199
0.464293
0.464293
0.816736
0.816736
0.603482
0.603482
0.374461
0.374461
0.780794
0.780794
0.260604
0.260604
0.291011
0.291011
0.474455
0.474455
0.241467
0.241467
0.329490
0.329490
0.641836
0.641836
0.249626
0.249626
0.275648
0.275648
0.452334
0.452334
0.373219
0.373219
0.270364
0.270364
0.243047
0.243047
0.209890
0.209890
0.389011
0.389011
0.399754
0.399754
0.589595
0.589595
0.463087
0.463087
0.282921
0.282921
0.293855
0.293855
0.321727
0.321727
0.316553
0.316553
0.601438
0.601438
0.409851
0.409851
0.220794
0.220794
0.268074
0.268074
0.424673
0.424673
0.341599
0.341599
0.326936
0.326936
0.247326
0.247326
0.357140
0.357140
0.288655
0.288655
0.417149
0.417149
0.234390
0.234390
0.423315
0.423315
0.256168
0.256168
0.145994
0.145994
0.440363
0.440363
0.311337
0.311337
0.523827
0.523827
0.351686
0.351686
0.188492
0.188492
0.320051
0.320051
0.122095
0.122095
0.476370
0.476370
0.410068
0.410068
0.587761
0.587761
0.337892
0.337892
0.461156
0.461156
0.181707
0.181707
0.616439
0.616439
0.265100
0.265100
0.239778
0.239778
0.500063
0.500063
0.356340
0.356340
0.200029
0.200029
0.277137
0.277137
0.216545
0.216545
0.198095
0.198095
0.156377
0.156377
0.245596
0.245596
0.402224
0.402224
0.128944
0.128944
0.575956
0.575956
0.413749
0.413749
0.665141
0.665141
0.343459
0.343459
0.292361
0.292361
0.400514
0.400514
0.221729
0.221729
0.574279
0.574279
0.170328
0.170328
0.469888
0.469888
0.284796
0.284796
0.416597
0.416597
0.138471
0.138471
0.345531
0.345531
0.168833
0.168833
0.488078
0.488078
0.301111
0.301111
0.249916
0.249916
0.339934
0.339934
0.329253
0.329253
0.425811
0.425811
0.189814
0.189814
0.178035
0.178035
0.287035
0.287035
0.341579
0.341579
0.367930
0.367930
0.527778
0.527778
0.432538
0.432538
0.235180
0.235180
0.363044
0.363044
0.528637
0.528637
0.199540
0.199540
0.458325
0.458325
0.687964
0.687964
0.297282
0.297282
0.238577
0.238577
0.527242
0.527242
0.283767
0.283767
0.386639
0.386639
0.200443
0.200443
0.431128
0.431128
0.549436
0.549436
0.206890
0.206890
0.379741
0.379741
0.530939
0.530939
0.223432
0.223432
0.291079
0.291079
0.411971
0.411971
0.172157
0.172157
0.336505
0.336505
0.360045
0.360045
0.443882
0.443882
0.273399
0.273399
0.267838
0.267838
0.297266
0.297266
0.290717
0.290717
0.264423
0.264423
0.308945
0.308945
0.344073
0.344073
0.441303
0.441303
0.306471
0.306471
0.299613
0.299613
0.299414
0.299414
0.332999
0.332999
0.330954
0.330954
0.412953
0.412953
0.370858
0.370858
0.177690
0.177690
0.517528
0.517528
0.343188
0.343188
0.503827
0.503827
0.367184
0.367184
0.573608
0.573608
0.231214
0.231214
0.778362
0.778362
0.255736
0.255736
0.275514
0.275514
0.475152
0.475152
0.388983
0.388983
0.400555
0.400555
0.326048
0.326048
0.477385
0.477385
0.367540
0.367540
0.311802
0.311802
0.263243
0.263243
0.249941
0.249941
0.298767
0.298767
0.558621
0.558621
0.413242
0.413242
0.337941
0.337941
0.219553
0.219553
0.392209
0.392209
0.335827
0.335827
0.219490
0.219490
0.262869
0.262869
0.437017
0.437017
0.391542
0.391542
0.249229
0.249229
0.499504
0.499504
0.216959
0.216959
0.130659
0.130659
0.307003
0.307003
0.388325
0.388325
0.176656
0.176656
0.527781
0.527781
0.281570
0.281570
0.253745
0.253745
0.239348
0.239348
0.262001
0.262001
0.256188
0.256188
0.698730
0.698730
0.301715
0.301715
0.469333
0.469333
0.355740
0.355740
0.174591
0.174591
0.527210
0.527210
0.566277
0.566277
0.377274
0.377274
0.329955
0.329955
0.164428
0.164428
0.306604
0.306604
0.268596
0.268596
0.294224
0.294224
0.710816
0.710816
0.148227
0.148227
0.354282
0.354282
0.233327
0.233327
0.287218
0.287218
0.352005
0.352005
0.308354
0.308354
0.390747
0.390747
0.350809
0.350809
0.352310
0.352310
0.598817
0.598817
0.523789
0.523789
0.464383
0.464383
0.284627
0.284627
0.473799
0.473799
0.324808
0.324808
0.309179
0.309179
0.559476
0.559476
0.167921
0.167921
0.451252
0.451252
0.404359
0.404359
0.464272
0.464272
0.174262
0.174262
0.313302
0.313302
0.316480
0.316480
0.289267
0.289267
0.306387
0.306387
0.288671
0.288671
0.679462
0.679462
0.537956
0.537956
0.227371
0.227371
0.228224
0.228224
0.443758
0.443758
0.266905
0.266905
0.142182
0.142182
0.277170
0.277170
0.371419
0.371419
0.282680
0.282680
0.245486
0.245486
0.173611
0.173611
0.309187
0.309187
0.248011
0.248011
0.217579
0.217579
0.668600
0.668600
0.547144
0.547144
0.364648
0.364648
0.194414
0.194414
0.235495
0.235495
0.298578
0.298578
0.392362
0.392362
0.462221
0.462221
0.348493
0.348493
0.344168
0.344168
0.434242
0.434242
0.215429
0.215429
0.280413
0.280413
0.575682
0.575682
0.256690
0.256690
0.286645
0.286645
0.357959
0.357959
0.341874
0.341874
0.743358
0.743358
0.467298
0.467298
0.500711
0.500711
0.256351
0.256351
0.576059
0.576059
0.366692
0.366692
0.317491
0.317491
0.281611
0.281611
0.335045
0.335045
0.431971
0.431971
0.386205
0.386205
0.392950
0.392950
0.477248
0.477248
0.416931
0.416931
0.250427
0.250427
0.537089
0.537089
0.407789
0.407789
0.243259
0.243259
0.201843
0.201843
0.343520
0.343520
0.403308
0.403308
0.389623
0.389623
0.368419
0.368419
0.330962
0.330962
0.474308
0.474308
0.428819
0.428819
0.212889
0.212889
0.273136
0.273136
0.400405
0.400405
0.151836
0.151836
0.464436
0.464436
0.312693
0.312693
0.132227
0.132227
0.327118
0.327118
0.311056
0.311056
0.336608
0.336608
0.298420
0.298420
0.577304
0.577304
0.196505
0.196505
0.332808
0.332808
0.468231
0.468231
0.477640
0.477640
0.377158
0.377158
0.193624
0.193624
0.241180
0.241180
0.340514
0.340514
0.617000
0.617000
0.699467
0.699467
0.339773
0.339773
0.492757
0.492757
0.206093
0.206093
0.364755
0.364755
0.295137
0.295137
0.404924
0.404924
0.282666
0.282666
0.195677
0.195677
0.288967
0.288967
0.157845
0.157845
0.242650
0.242650
0.172925
0.172925
0.239095
0.239095
0.394594
0.394594
0.322112
0.322112
0.498406
0.498406
0.492754
0.492754
0.410302
0.410302
0.301376
0.301376
0.450434
0.450434
0.664177
0.664177
0.297441
0.297441
0.174774
0.174774
0.530907
0.530907
0.351034
0.351034
0.273694
0.273694
0.272538
0.272538
0.131034
0.131034
0.246689
0.246689
0.261142
0.261142
0.200592
0.200592
0.260261
0.260261
0.180680
0.180680
0.302598
0.302598
0.343738
0.343738
0.450880
0.450880
0.272748
0.272748
0.232022
0.232022
0.228621
0.228621
0.142074
0.142074
0.381384
0.381384
0.412507
0.412507
0.390264
0.390264
0.460602
0.460602
0.432279
0.432279
0.146234
0.146234
0.281195
0.281195
0.138146
0.138146
0.388396
0.388396
0.563955
0.563955
0.649943
0.649943
0.294833
0.294833
0.586879
0.586879
0.364347
0.364347
0.244338
0.244338
0.116638
0.116638
0.262693
0.262693
0.334235
0.334235
0.381758
0.381758
0.264267
0.264267
0.347691
0.347691
0.386770
0.386770
0.272742
0.272742
0.435531
0.435531
0.402171
0.402171
0.192156
0.192156
0.248267
0.248267
0.426502
0.426502
0.179250
0.179250
0.359602
0.359602
0.273642
0.273642
0.157425
0.157425
0.302066
0.302066
0.244336
0.244336
0.212381
0.212381
0.269320
0.269320
0.373294
0.373294
0.360248
0.360248
0.247303
0.247303
0.513312
0.513312
0.357164
0.357164
0.398978
0.398978
0.185985
0.185985
0.322804
0.322804
0.277537
0.277537
0.201379
0.201379
0.369802
0.369802
0.478643
0.478643
0.397718
0.397718
0.673939
0.673939
0.335977
0.335977
0.422956
0.422956
0.315783
0.315783
0.479764
0.479764
0.540653
0.540653
0.273773
0.273773
0.474718
0.474718
0.263399
0.263399
0.292247
0.292247
0.295184
0.295184
0.433112
0.433112
0.239182
0.239182
0.144895
0.144895
0.372293
0.372293
0.594678
0.594678
0.175352
0.175352
0.340755
0.340755
0.340505
0.340505
0.241362
0.241362
0.306946
0.306946
0.320646
0.320646
0.332505
0.332505
0.457557
0.457557
0.398670
0.398670
0.600632
0.600632
0.300834
0.300834
0.396017
0.396017
0.525270
0.525270
0.244375
0.244375
0.384025
0.384025
0.369024
0.369024
0.209112
0.209112
0.366583
0.366583
0.468422
0.468422
0.265659
0.265659
0.329930
0.329930
0.247521
0.247521
0.569053
0.569053
0.288501
0.288501
0.834664
0.834664
0.333904
0.333904
0.226933
0.226933
0.224800
0.224800
0.350753
0.350753
0.302776
0.302776
0.274304
0.274304
0.352156
0.352156
0.519744
0.519744
0.149902
0.149902
0.204317
0.204317
0.337149
0.337149
0.176605
0.176605
0.625694
0.625694
0.236628
0.236628
0.422600
0.422600
0.174227
0.174227
0.538761
0.538761
0.245243
0.245243
0.470945
0.470945
0.326308
0.326308
0.302388
0.302388
0.233724
0.233724
0.244258
0.244258
0.428703
0.428703
0.283183
0.283183
0.535670
0.535670
0.471292
0.471292
0.367616
0.367616
0.327211
0.327211
0.348956
0.348956
0.465388
0.465388
0.218669
0.218669
0.431047
0.431047
0.332734
0.332734
0.377956
0.377956
0.444164
0.444164
0.449594
0.449594
0.362542
0.362542
0.392734
0.392734
0.295532
0.295532
0.379903
0.379903
0.336792
0.336792
0.163112
0.163112
0.287121
0.287121
0.256760
0.256760
0.368095
0.368095
0.388065
0.388065
0.304614
0.304614
0.311165
0.311165
0.212745
0.212745
0.237990
0.237990
0.494232
0.494232
0.315253
0.315253
0.325455
0.325455
0.266433
0.266433
0.645823
0.645823
0.251138
0.251138
0.354026
0.354026
0.525170
0.525170
0.342923
0.342923
0.133956
0.133956
0.179613
0.179613
0.504060
0.504060
0.256521
0.256521
0.303795
0.303795
0.663224
0.663224
0.505257
0.505257
1.006574
1.006574
0.305861
0.305861
0.427678
0.427678
0.752528
0.752528
0.226591
0.226591
0.286193
0.286193
0.324721
0.324721
0.191045
0.191045
0.364193
0.364193
0.501155
0.501155
0.369314
0.369314
0.478514
0.478514
0.353272
0.353272
0.231474
0.231474
0.369212
0.369212
0.397378
0.397378
0.219120
0.219120
0.489317
0.489317
0.599908
0.599908
0.614800
0.614800
0.543438
0.543438
0.312385
0.312385
0.562120
0.562120
0.390234
0.390234
0.349050
0.349050
0.321677
0.321677
0.193592
0.193592
0.332771
0.332771
0.212535
0.212535
0.163230
0.163230
0.411421
0.411421
0.308779
0.308779
0.533238
0.533238
0.217057
0.217057
0.172508
0.172508
0.525928
0.525928
0.323153
0.323153
0.488117
0.488117
0.276555
0.276555
0.372295
0.372295
0.441559
0.441559
0.517378
0.517378
0.437563
0.437563
0.447215
0.447215
0.319548
0.319548
0.372967
0.372967
0.418052
0.418052
0.555471
0.555471
0.473175
0.473175
0.433877
0.433877
0.416242
0.416242
0.160836
0.160836
0.313672
0.313672
0.170336
0.170336
0.380752
0.380752
0.452309
0.452309
0.231284
0.231284
0.435121
0.435121
0.343322
0.343322
0.323800
0.323800
0.420278
0.420278
0.404406
0.404406
0.297070
0.297070
0.179427
0.179427
0.449160
0.449160
0.326181
0.326181
0.294818
0.294818
0.305163
0.305163
0.391616
0.391616
0.318056
0.318056
0.327661
0.327661
0.258101
0.258101
0.478308
0.478308
0.164789
0.164789
0.342737
0.342737
0.349079
0.349079
0.442908
0.442908
0.274512
0.274512
0.616008
0.616008
0.193563
0.193563
0.399808
0.399808
0.319948
0.319948
0.477025
0.477025
0.224246
0.224246
0.227246
0.227246
0.231497
0.231497
0.356132
0.356132
0.365330
0.365330
0.263204
0.263204
0.526435
0.526435
0.546709
0.546709
0.262667
0.262667
0.275923
0.275923
0.359796
0.359796
0.386332
0.386332
0.169507
0.169507
0.307920
0.307920
0.436462
0.436462
0.607136
0.607136
0.398981
0.398981
0.165564
0.165564
0.463099
0.463099
0.544182
0.544182
0.282516
0.282516
0.234739
0.234739
0.493591
0.493591
0.471857
0.471857
0.193080
0.193080
0.174976
0.174976
0.547451
0.547451
0.447951
0.447951
0.427823
0.427823
0.338132
0.338132
0.392309
0.392309
0.621031
0.621031
0.531329
0.531329
0.289276
0.289276
0.402418
0.402418
0.327245
0.327245
0.184620
0.184620
0.504999
0.504999
0.349014
0.349014
0.210144
0.210144
0.635177
0.635177
0.169823
0.169823
0.245231
0.245231
0.173852
0.173852
0.331723
0.331723
0.273638
0.273638
0.385279
0.385279
0.463769
0.463769
0.154070
0.154070
0.245425
0.245425
0.348494
0.348494
0.327466
0.327466
0.190853
0.190853
0.287207
0.287207
0.497177
0.497177
0.324225
0.324225
0.337292
0.337292
0.628192
0.628192
0.566345
0.566345
0.149144
0.149144
0.289908
0.289908
0.377736
0.377736
0.277153
0.277153
0.382161
0.382161
0.276995
0.276995
0.433554
0.433554
0.093137
0.093137
0.392172
0.392172
0.287091
0.287091
0.482818
0.482818
0.216193
0.216193
0.405042
0.405042
0.374292
0.374292
0.267788
0.267788
0.123873
0.123873
0.236673
0.236673
0.501346
0.501346
0.231345
0.231345
0.227591
0.227591
0.315706
0.315706
0.347264
0.347264
0.401789
0.401789
0.221058
0.221058
0.210975
0.210975
0.210126
0.210126
0.676811
0.676811
0.357524
0.357524
0.626159
0.626159
0.260627
0.260627
0.191080
0.191080
0.626388
0.626388
0.255779
0.255779
0.205216
0.205216
0.215555
0.215555
0.211213
0.211213
0.215932
0.215932
0.413037
0.413037
0.423157
0.423157
0.322823
0.322823
0.492632
0.492632
0.355105
0.355105
0.348383
0.348383
0.290853
0.290853
0.356744
0.356744
0.539995
0.539995
0.318826
0.318826
0.501867
0.501867
0.225211
0.225211
0.541031
0.541031
0.405901
0.405901
0.336182
0.336182
0.589611
0.589611
0.119068
0.119068
0.501475
0.501475
0.496057
0.496057
0.481746
0.481746
0.326173
0.326173
0.115586
0.115586
0.259350
0.259350
0.177561
0.177561
0.322029
0.322029
0.408906
0.408906
0.226811
0.226811
0.477224
0.477224
0.527738
0.527738
0.476116
0.476116
0.370875
0.370875
0.303048
0.303048
0.338443
0.338443
0.356532
0.356532
0.202579
0.202579
0.196358
0.196358
0.335501
0.335501
0.284468
0.284468
0.333042
0.333042
0.270750
0.270750
0.290086
0.290086
0.169122
0.169122
0.391543
0.391543
0.345067
0.345067
0.513996
0.513996
0.228049
0.228049
0.185514
0.185514
0.367441
0.367441
0.299511
0.299511
0.270340
0.270340
0.153586
0.153586
0.318598
0.318598
0.211284
0.211284
0.447771
0.447771
0.396571
0.396571
0.294948
0.294948
0.677875
0.677875
0.347957
0.347957
0.299202
0.299202
0.292274
0.292274
0.425226
0.425226
0.466765
0.466765
0.481426
0.481426
0.423171
0.423171
0.386470
0.386470
0.394255
0.394255
0.235339
0.235339
0.293980
0.293980
0.395455
0.395455
0.172668
0.172668
0.313700
0.313700
0.239720
0.239720
0.343193
0.343193
0.627683
0.627683
0.345723
0.345723
0.240163
0.240163
0.316986
0.316986
0.158778
0.158778
0.223319
0.223319
0.292504
0.292504
0.407936
0.407936
0.252295
0.252295
0.234025
0.234025
0.357083
0.357083
0.144942
0.144942
0.423795
0.423795
0.340445
0.340445
0.224090
0.224090
0.156244
0.156244
0.231682
0.231682
0.376576
0.376576
0.347518
0.347518
0.399259
0.399259
0.289965
0.289965
0.195077
0.195077
0.415512
0.415512
0.317046
0.317046
0.202008
0.202008
0.247998
0.247998
0.267638
0.267638
0.759709
0.759709
0.330585
0.330585
0.239479
0.239479
0.538698
0.538698
0.349582
0.349582
0.265634
0.265634
0.125118
0.125118
0.194115
0.194115
0.546411
0.546411
0.262233
0.262233
0.206687
0.206687
0.354960
0.354960
0.433353
0.433353
0.312503
0.312503
0.468958
0.468958
0.318485
0.318485
0.383353
0.383353
0.208073
0.208073
0.435372
0.435372
0.430027
0.430027
0.435444
0.435444
0.347652
0.347652
0.428660
0.428660
0.231361
0.231361
0.406508
0.406508
0.415573
0.415573
0.549967
0.549967
0.190691
0.190691
0.412031
0.412031
0.499625
0.499625
0.222449
0.222449
0.264964
0.264964
0.256685
0.256685
0.264389
0.264389
0.387492
0.387492
0.352137
0.352137
0.544807
0.544807
0.226245
0.226245
0.509933
0.509933
0.462740
0.462740
0.581429
0.581429
0.587107
0.587107
0.343785
0.343785
0.236755
0.236755
0.418519
0.418519
0.214523
0.214523
0.269395
0.269395
0.421931
0.421931
0.683153
0.683153
0.311367
0.311367
0.404143
0.404143
0.162080
0.162080
0.531924
0.531924
0.356590
0.356590
0.331166
0.331166
0.374007
0.374007
0.360741
0.360741
0.360008
0.360008
0.433608
0.433608
0.418802
0.418802
0.392537
0.392537
0.410379
0.410379
0.214610
0.214610
0.462666
0.462666
0.324939
0.324939
0.252606
0.252606
0.296952
0.296952
0.367095
0.367095
0.308067
0.308067
0.620860
0.620860
0.364791
0.364791
0.353944
0.353944
0.217250
0.217250
0.209936
0.209936
0.615395
0.615395
0.524418
0.524418
0.313460
0.313460
0.480269
0.480269
0.477917
0.477917
0.408478
0.408478
0.181470
0.181470
0.385830
0.385830
0.281648
0.281648
0.283979
0.283979
0.485267
0.485267
0.285706
0.285706
0.208022
0.208022
0.476476
0.476476
0.349956
0.349956
0.536993
0.536993
0.324609
0.324609
0.273714
0.273714
0.244030
0.244030
0.432611
0.432611
0.418611
0.418611
0.197292
0.197292
0.330525
0.330525
0.361934
0.361934
0.169230
0.169230
0.665452
0.665452
0.245397
0.245397
0.383594
0.383594
0.518583
0.518583
0.315451
0.315451
0.500322
0.500322
0.346056
0.346056
0.175351
0.175351
0.376798
0.376798
0.236357
0.236357
0.366805
0.366805
0.462638
0.462638
0.328076
0.328076
0.261285
0.261285
0.536041
0.536041
0.270335
0.270335
0.552121
0.552121
0.450295
0.450295
0.831518
0.831518
0.361175
0.361175
0.166059
0.166059
0.273169
0.273169
0.440919
0.440919
0.368048
0.368048
0.396975
0.396975
0.294643
0.294643
0.221826
0.221826
0.437336
0.437336
0.648493
0.648493
0.193542
0.193542
0.195765
0.195765
0.211665
0.211665
0.339442
0.339442
0.289214
0.289214
0.206124
0.206124
0.432304
0.432304
0.180169
0.180169
0.263152
0.263152
0.337070
0.337070
0.240420
0.240420
0.162748
0.162748
0.236810
0.236810
0.211058
0.211058
0.445056
0.445056
0.314153
0.314153
0.607360
0.607360
0.451897
0.451897
0.243775
0.243775
0.381214
0.381214
0.484601
0.484601
0.646641
0.646641
0.717099
0.717099
0.291569
0.291569
0.336318
0.336318
0.078478
0.078478
0.325028
0.325028
0.381278
0.381278
0.318863
0.318863
0.269508
0.269508
0.329865
0.329865
0.264051
0.264051
0.238308
0.238308
0.165688
0.165688
0.360243
0.360243
0.269296
0.269296
0.341232
0.341232
0.174731
0.174731
0.458044
0.458044
0.323703
0.323703
0.406695
0.406695
0.307654
0.307654
0.302650
0.302650
0.367872
0.367872
0.375699
0.375699
0.347084
0.347084
0.160777
0.160777
0.264762
0.264762
0.486232
0.486232
0.441220
0.441220
0.249823
0.249823
0.373814
0.373814
0.435012
0.435012
0.252628
0.252628
0.196377
0.196377
0.395131
0.395131
0.483765
0.483765
0.470285
0.470285
0.210055
0.210055
0.316876
0.316876
0.493082
0.493082
0.173264
0.173264
0.347764
0.347764
0.698594
0.698594
0.174336
0.174336
0.347174
0.347174
0.397500
0.397500
0.552645
0.552645
0.520065
0.520065
0.222773
0.222773
0.682380
0.682380
0.333155
0.333155
0.330157
0.330157
0.389533
0.389533
0.417425
0.417425
0.342605
0.342605
0.408914
0.408914
0.447203
0.447203
0.463704
0.463704
0.244656
0.244656
0.556244
0.556244
0.677817
0.677817
0.241420
0.241420
0.268561
0.268561
0.267296
0.267296
0.291474
0.291474
0.339449
0.339449
0.229371
0.229371
0.497577
0.497577
0.233891
0.233891
0.145677
0.145677
0.288261
0.288261
0.209399
0.209399
0.273124
0.273124
0.367983
0.367983
0.285146
0.285146
0.439741
0.439741
0.198594
0.198594
0.225395
0.225395
0.125027
0.125027
0.191241
0.191241
0.255796
0.255796
0.546561
0.546561
0.321706
0.321706
0.433651
0.433651
0.213821
0.213821
0.115425
0.115425
0.344391
0.344391
0.502071
0.502071
0.485256
0.485256
0.343455
0.343455
0.540729
0.540729
0.558205
0.558205
0.216782
0.216782
0.462051
0.462051
0.319766
0.319766
0.466701
0.466701
0.347404
0.347404
0.499980
0.499980
0.279114
0.279114
0.128514
0.128514
0.279977
0.279977
0.394458
0.394458
0.444972
0.444972
0.206883
0.206883
0.258685
0.258685
0.431041
0.431041
0.098584
0.098584
0.338879
0.338879
0.235917
0.235917
0.316051
0.316051
0.385175
0.385175
0.409243
0.409243
0.153191
0.153191
0.188126
0.188126
0.363542
0.363542
0.408126
0.408126
0.380845
0.380845
0.516718
0.516718
0.502733
0.502733
0.355719
0.355719
0.553952
0.553952
0.183475
0.183475
0.361287
0.361287
0.642139
0.642139
0.460428
0.460428
0.353518
0.353518
0.229279
0.229279
0.524659
0.524659
0.511059
0.511059
0.623394
0.623394
0.306810
0.306810
0.302080
0.302080
0.537517
0.537517
0.452273
0.452273
0.563219
0.563219
0.219076
0.219076
0.392663
0.392663
0.209421
0.209421
0.225044
0.225044
0.402700
0.402700
0.453531
0.453531
0.284795
0.284795
0.416853
0.416853
0.277759
0.277759
0.275191
0.275191
0.376073
0.376073
0.358353
0.358353
0.265210
0.265210
0.354015
0.354015
0.332107
0.332107
0.136412
0.136412
0.347806
0.347806
0.254470
0.254470
0.669027
0.669027
0.546527
0.546527
0.095680
0.095680
0.437094
0.437094
0.330756
0.330756
0.603389
0.603389
0.216374
0.216374
0.473099
0.473099
0.608022
0.608022
0.253628
0.253628
0.465118
0.465118
0.309857
0.309857
0.370611
0.370611
0.159115
0.159115
0.532948
0.532948
0.506584
0.506584
0.190379
0.190379
0.441549
0.441549
0.296001
0.296001
0.411040
0.411040
0.373171
0.373171
0.138310
0.138310
0.223611
0.223611
0.207478
0.207478
0.375095
0.375095
0.306414
0.306414
0.278476
0.278476
0.336287
0.336287
0.326204
0.326204
0.450077
0.450077
0.255334
0.255334
0.336760
0.336760
0.427872
0.427872
0.247082
0.247082
0.476329
0.476329
0.352063
0.352063
0.567488
0.567488
0.193812
0.193812
0.253910
0.253910
0.234469
0.234469
0.161608
0.161608
0.277894
0.277894
0.140675
0.140675
0.429823
0.429823
0.443853
0.443853
0.423949
0.423949
0.354012
0.354012
0.410538
0.410538
0.367576
0.367576
0.359996
0.359996
0.346709
0.346709
0.256034
0.256034
0.160839
0.160839
0.438950
0.438950
0.258321
0.258321
0.252089
0.252089
0.352792
0.352792
0.386281
0.386281
0.471547
0.471547
0.350099
0.350099
0.425694
0.425694
0.268773
0.268773
0.347120
0.347120
0.444874
0.444874
0.213106
0.213106
0.218758
0.218758
0.377014
0.377014
0.557541
0.557541
0.489326
0.489326
0.451967
0.451967
0.372855
0.372855
0.428095
0.428095
0.150950
0.150950
0.344009
0.344009
0.250226
0.250226
0.184084
0.184084
0.402699
0.402699
0.336386
0.336386
0.340544
0.340544
0.393093
0.393093
0.592899
0.592899
0.516037
0.516037
0.430450
0.430450
0.325811
0.325811
0.590921
0.590921
0.151463
0.151463
0.272434
0.272434
0.140313
0.140313
0.242589
0.242589
0.488093
0.488093
0.436789
0.436789
0.164877
0.164877
0.201194
0.201194
0.689924
0.689924
0.476234
0.476234
0.438805
0.438805
0.405397
0.405397
0.354281
0.354281
0.285077
0.285077
0.419742
0.419742
0.390468
0.390468
0.459584
0.459584
0.442579
0.442579
0.325707
0.325707
0.277857
0.277857
0.378378
0.378378
0.207994
0.207994
0.283832
0.283832
0.326478
0.326478
0.289395
0.289395
0.407787
0.407787
0.445470
0.445470
0.358327
0.358327
0.526785
0.526785
0.274520
0.274520
0.358898
0.358898
0.364929
0.364929
0.254926
0.254926
0.175808
0.175808
0.564185
0.564185
0.547073
0.547073
0.281171
0.281171
0.655291
0.655291
0.337226
0.337226
0.263811
0.263811
0.266571
0.266571
0.193298
0.193298
0.700468
0.700468
0.345018
0.345018
0.158375
0.158375
0.466394
0.466394
0.135871
0.135871
0.389441
0.389441
0.470145
0.470145
0.460751
0.460751
0.614862
0.614862
0.144435
0.144435
0.290587
0.290587
0.417596
0.417596
0.327812
0.327812
0.308583
0.308583
0.467925
0.467925
0.232236
0.232236
0.334124
0.334124
0.400071
0.400071
0.474371
0.474371
0.260878
0.260878
0.460549
0.460549
0.237065
0.237065
0.168486
0.168486
0.215612
0.215612
0.271412
0.271412
0.439330
0.439330
0.226697
0.226697
0.327237
0.327237
0.358898
0.358898
0.201226
0.201226
0.258426
0.258426
0.318730
0.318730
0.371149
0.371149
0.368636
0.368636
0.398658
0.398658
0.448877
0.448877
0.311028
0.311028
0.441986
0.441986
0.368619
0.368619
0.352970
0.352970
0.120533
0.120533
0.131227
0.131227
0.364034
0.364034
0.333181
0.333181
0.213858
0.213858
0.205856
0.205856
0.492051
0.492051
0.393241
0.393241
0.217997
0.217997
0.318969
0.318969
0.359656
0.359656
0.379490
0.379490
0.791345
0.791345
0.203799
0.203799
0.319195
0.319195
0.159222
0.159222
0.463163
0.463163
0.721330
0.721330
0.394770
0.394770
0.197809
0.197809
0.521923
0.521923
0.318361
0.318361
0.220295
0.220295
0.272912
0.272912
0.337808
0.337808
0.411651
0.411651
0.287683
0.287683
0.438557
0.438557
0.359611
0.359611
0.210550
0.210550
0.392822
0.392822
0.150492
0.150492
0.350949
0.350949
0.118367
0.118367
0.285632
0.285632
0.772489
0.772489
0.214969
0.214969
0.278034
0.278034
0.440215
0.440215
0.536865
0.536865
0.456206
0.456206
0.243401
0.243401
0.322328
0.322328
0.244907
0.244907
0.265194
0.265194
0.158728
0.158728
0.408080
0.408080
0.307954
0.307954
0.178048
0.178048
0.138652
0.138652
0.350445
0.350445
0.221304
0.221304
0.569456
0.569456
0.355814
0.355814
0.232825
0.232825
0.411401
0.411401
0.461155
0.461155
0.220176
0.220176
0.359692
0.359692
0.314983
0.314983
0.625896
0.625896
0.303835
0.303835
0.293577
0.293577
0.350157
0.350157
0.369534
0.369534
0.392331
0.392331
0.482743
0.482743
0.525877
0.525877
0.361896
0.361896
0.328726
0.328726
0.492685
0.492685
0.393677
0.393677
0.212863
0.212863
0.276262
0.276262
0.203785
0.203785
0.576528
0.576528
0.486288
0.486288
0.478478
0.478478
0.386515
0.386515
0.310824
0.310824
0.431766
0.431766
0.187390
0.187390
0.186955
0.186955
0.154158
0.154158
0.268959
0.268959
0.293696
0.293696
0.320778
0.320778
0.304853
0.304853
0.460702
0.460702
0.427315
0.427315
0.334991
0.334991
0.518078
0.518078
0.404573
0.404573
0.375299
0.375299
0.282281
0.282281
0.253075
0.253075
0.384250
0.384250
0.404588
0.404588
0.227633
0.227633
0.481662
0.481662
0.218573
0.218573
0.220929
0.220929
0.260151
0.260151
0.503341
0.503341
0.564756
0.564756
0.199554
0.199554
0.457900
0.457900
0.200700
0.200700
0.391070
0.391070
0.329444
0.329444
0.222147
0.222147
0.330801
0.330801
0.208581
0.208581
0.187087
0.187087
0.339767
0.339767
0.269999
0.269999
0.827501
0.827501
0.402506
0.402506
0.191841
0.191841
0.344423
0.344423
0.340856
0.340856
0.284089
0.284089
0.417766
0.417766
0.606379
0.606379
0.291217
0.291217
0.270260
0.270260
0.300450
0.300450
0.586872
0.586872
0.452846
0.452846
0.255620
0.255620
0.480428
0.480428
0.227412
0.227412
0.336740
0.336740
0.620010
0.620010
0.467417
0.467417
0.231658
0.231658
0.234193
0.234193
0.349383
0.349383
0.562051
0.562051
0.644739
0.644739
0.278599
0.278599
0.389810
0.389810
0.248475
0.248475
0.354611
0.354611
0.274700
0.274700
0.447174
0.447174
0.172204
0.172204
0.586874
0.586874
0.211682
0.211682
0.413756
0.413756
0.263575
0.263575
0.308495
0.308495
0.099396
0.099396
0.217074
0.217074
0.416597
0.416597
0.311984
0.311984
0.250720
0.250720
0.461067
0.461067
0.370532
0.370532
0.412202
0.412202
0.525992
0.525992
0.760607
0.760607
0.373300
0.373300
0.133264
0.133264
0.098424
0.098424
0.441617
0.441617
0.296389
0.296389
0.734850
0.734850
0.350658
0.350658
0.236641
0.236641
0.335100
0.335100
0.419924
0.419924
0.389425
0.389425
0.339633
0.339633
0.268380
0.268380
0.552476
0.552476
0.294503
0.294503
0.307233
0.307233
0.372240
0.372240
0.466075
0.466075
0.368379
0.368379
0.445732
0.445732
0.256405
0.256405
0.321203
0.321203
0.470320
0.470320
0.339763
0.339763
0.309862
0.309862
0.317503
0.317503
0.512973
0.512973
0.183087
0.183087
0.172970
0.172970
0.201852
0.201852
0.259182
0.259182
0.242755
0.242755
0.337496
0.337496
0.193343
0.193343
0.326621
0.326621
0.318478
0.318478
0.296148
0.296148
0.337560
0.337560
0.439072
0.439072
0.510106
0.510106
0.276407
0.276407
0.407492
0.407492
0.253975
0.253975
0.345409
0.345409
0.242587
0.242587
0.541745
0.541745
0.314672
0.314672
0.568023
0.568023
0.339899
0.339899
0.519772
0.519772
0.494243
0.494243
0.736361
0.736361
0.491240
0.491240
0.621885
0.621885
0.349939
0.349939
0.160073
0.160073
0.400931
0.400931
0.260739
0.260739
0.433179
0.433179
0.223152
0.223152
0.316583
0.316583
0.508265
0.508265
0.140873
0.140873
0.437422
0.437422
0.195979
0.195979
0.371541
0.371541
0.134705
0.134705
0.276500
0.276500
0.368665
0.368665
0.386452
0.386452
0.441320
0.441320
0.154757
0.154757
0.224159
0.224159
0.157128
0.157128
0.466042
0.466042
0.361504
0.361504
0.304558
0.304558
0.136456
0.136456
0.331798
0.331798
0.252005
0.252005
0.469911
0.469911
0.112788
0.112788
0.569603
0.569603
0.347000
0.347000
0.362864
0.362864
0.334531
0.334531
0.345386
0.345386
0.407717
0.407717
0.407771
0.407771
0.169007
0.169007
0.355290
0.355290
0.321747
0.321747
0.270852
0.270852
0.543352
0.543352
0.224440
0.224440
0.263898
0.263898
0.248150
0.248150
0.269471
0.269471
0.303858
0.303858
0.167386
0.167386
0.457599
0.457599
0.585381
0.585381
0.363927
0.363927
0.528168
0.528168
0.353613
0.353613
0.214550
0.214550
0.403395
0.403395
0.325868
0.325868
0.676373
0.676373
0.125286
0.125286
0.813497
0.813497
0.355564
0.355564
0.373613
0.373613
0.292150
0.292150
0.191398
0.191398
0.292855
0.292855
0.120336
0.120336
0.273559
0.273559
0.232057
0.232057
0.266452
0.266452
0.237156
0.237156
0.274012
0.274012
0.479460
0.479460
0.220917
0.220917
0.365913
0.365913
0.758076
0.758076
0.535476
0.535476
0.315575
0.315575
0.491096
0.491096
0.439756
0.439756
0.649577
0.649577
0.245699
0.245699
0.460378
0.460378
0.400093
0.400093
0.188061
0.188061
0.432158
0.432158
0.362282
0.362282
0.305521
0.305521
0.336236
0.336236
0.329971
0.329971
0.348325
0.348325
0.231420
0.231420
0.242576
0.242576
0.350647
0.350647
0.238717
0.238717
0.232665
0.232665
0.576885
0.576885
0.245565
0.245565
0.209051
0.209051
0.170496
0.170496
0.386799
0.386799
0.370093
0.370093
0.424169
0.424169
0.302613
0.302613
0.506882
0.506882
0.292446
0.292446
0.461892
0.461892
0.383365
0.383365
0.454179
0.454179
0.321913
0.321913
0.198829
0.198829
0.150557
0.150557
0.434305
0.434305
0.269931
0.269931
0.410590
0.410590
0.216470
0.216470
0.562187
0.562187
0.379234
0.379234
0.178416
0.178416
0.509023
0.509023
0.397417
0.397417
0.248608
0.248608
0.469847
0.469847
0.327844
0.327844
0.311147
0.311147
0.526018
0.526018
0.280160
0.280160
0.335511
0.335511
0.314518
0.314518
0.312872
0.312872
0.398012
0.398012
0.343089
0.343089
0.352098
0.352098
0.227786
0.227786
0.189818
0.189818
0.195282
0.195282
0.254282
0.254282
0.370744
0.370744
0.280558
0.280558
0.314652
0.314652
0.361393
0.361393
0.493748
0.493748
0.475594
0.475594
0.574101
0.574101
0.608271
0.608271
0.181392
0.181392
0.287854
0.287854
0.787140
0.787140
0.219292
0.219292
0.794029
0.794029
0.339707
0.339707
0.370328
0.370328
0.413340
0.413340
0.307850
0.307850
0.131143
0.131143
0.337670
0.337670
0.310502
0.310502
0.424472
0.424472
0.312713
0.312713
0.438576
0.438576
0.236864
0.236864
0.292387
0.292387
0.361983
0.361983
0.394101
0.394101
0.343737
0.343737
0.328827
0.328827
0.327566
0.327566
0.335176
0.335176
0.350889
0.350889
0.202910
0.202910
0.343701
0.343701
0.245895
0.245895
0.284199
0.284199
0.361162
0.361162
0.176269
0.176269
0.360344
0.360344
0.295749
0.295749
0.257326
0.257326
0.269992
0.269992
0.267188
0.267188
0.480559
0.480559
0.398475
0.398475
0.364674
0.364674
0.595539
0.595539
0.251769
0.251769
0.211522
0.211522
0.475555
0.475555
0.166935
0.166935
0.421794
0.421794
0.456699
0.456699
0.289825
0.289825
0.450948
0.450948
0.358141
0.358141
0.298804
0.298804
0.474977
0.474977
0.353413
0.353413
0.335709
0.335709
0.274482
0.274482
0.276434
0.276434
0.246972
0.246972
0.295355
0.295355
0.195253
0.195253
0.327242
0.327242
0.269055
0.269055
0.137225
0.137225
0.158795
0.158795
0.328309
0.328309
0.323429
0.323429
0.330021
0.330021
0.177550
0.177550
0.461821
0.461821
0.558375
0.558375
0.272806
0.272806
0.327282
0.327282
0.226984
0.226984
0.411250
0.411250
0.294320
0.294320
0.174381
0.174381
0.773220
0.773220
0.418358
0.418358
0.307790
0.307790
0.586849
0.586849
0.275149
0.275149
0.377555
0.377555
0.370004
0.370004
0.425112
0.425112
0.232394
0.232394
0.364752
0.364752
0.442434
0.442434
0.599081
0.599081
0.301423
0.301423
0.506833
0.506833
0.475429
0.475429
0.497363
0.497363
0.464070
0.464070
0.347851
0.347851
0.343600
0.343600
0.400746
0.400746
0.357132
0.357132
0.486432
0.486432
0.304290
0.304290
0.339620
0.339620
0.379954
0.379954
0.229336
0.229336
0.457971
0.457971
0.200801
0.200801
0.165428
0.165428
0.466203
0.466203
0.274692
0.274692
0.315986
0.315986
0.226922
0.226922
0.281106
0.281106
0.419227
0.419227
0.363961
0.363961
0.259633
0.259633
0.305901
0.305901
0.454201
0.454201
0.254941
0.254941
0.299580
0.299580
0.543903
0.543903
0.606312
0.606312
0.173294
0.173294
0.312849
0.312849
0.669883
0.669883
0.440935
0.440935
0.395637
0.395637
0.366389
0.366389
0.238765
0.238765
0.203508
0.203508
0.152567
0.152567
0.673582
0.673582
0.495616
0.495616
0.285900
0.285900
0.523858
0.523858
0.404683
0.404683
0.376361
0.376361
0.222074
0.222074
0.397358
0.397358
0.291374
0.291374
0.296297
0.296297
0.153210
0.153210
0.280221
0.280221
0.472997
0.472997
0.371775
0.371775
0.578280
0.578280
0.269323
0.269323
0.314505
0.314505
0.240869
0.240869
0.294664
0.294664
0.284172
0.284172
0.447261
0.447261
0.295979
0.295979
0.548506
0.548506
0.346810
0.346810
0.332805
0.332805
0.288261
0.288261
0.312884
0.312884
0.190392
0.190392
0.324233
0.324233
0.367014
0.367014
0.524109
0.524109
0.358343
0.358343
0.277912
0.277912
0.147337
0.147337
0.553138
0.553138
0.367672
0.367672
0.159060
0.159060
0.204977
0.204977
0.309598
0.309598
0.146014
0.146014
0.435269
0.435269
0.220391
0.220391
0.582430
0.582430
0.244512
0.244512
0.416868
0.416868
0.337612
0.337612
0.275230
0.275230
0.248926
0.248926
0.242733
0.242733
0.580225
0.580225
0.184928
0.184928
0.379100
0.379100
0.206987
0.206987
0.536830
0.536830
0.204782
0.204782
0.271211
0.271211
0.291568
0.291568
0.595100
0.595100
0.251339
0.251339
0.237659
0.237659
0.263452
0.263452
0.485145
0.485145
0.378962
0.378962
0.291396
0.291396
0.477658
0.477658
0.409066
0.409066
0.258630
0.258630
0.201505
0.201505
0.377488
0.377488
0.405682
0.405682
0.497885
0.497885
0.404572
0.404572
0.669941
0.669941
0.393020
0.393020
0.682943
0.682943
0.339358
0.339358
0.559546
0.559546
0.220844
0.220844
0.236751
0.236751
0.215976
0.215976
0.379327
0.379327
0.241141
0.241141
0.425461
0.425461
0.374086
0.374086
0.366664
0.366664
0.172682
0.172682
0.142593
0.142593
0.281529
0.281529
0.322069
0.322069
0.445525
0.445525
0.164659
0.164659
0.224149
0.224149
0.169227
0.169227
0.329992
0.329992
0.291761
0.291761
0.187972
0.187972
0.531688
0.531688
0.338915
0.338915
0.544041
0.544041
0.273372
0.273372
0.220697
0.220697
0.264919
0.264919
0.287262
0.287262
0.303308
0.303308
0.423623
0.423623
0.422626
0.422626
0.370133
0.370133
0.246118
0.246118
0.509973
0.509973
0.455832
0.455832
0.221770
0.221770
0.278272
0.278272
0.331723
0.331723
0.315540
0.315540
0.327664
0.327664
0.521517
0.521517
0.479692
0.479692
0.571458
0.571458
0.271183
0.271183
0.276961
0.276961
0.293741
0.293741
0.355059
0.355059
0.292568
0.292568
0.403161
0.403161
0.269540
0.269540
0.310169
0.310169
0.374625
0.374625
0.261313
0.261313
0.141241
0.141241
0.337297
0.337297
0.129905
0.129905
0.204245
0.204245
0.307531
0.307531
0.379929
0.379929
0.336863
0.336863
0.783886
0.783886
0.394509
0.394509
0.288564
0.288564
0.413650
0.413650
0.155016
0.155016
0.542503
0.542503
0.444659
0.444659
0.446581
0.446581
0.176222
0.176222
0.259750
0.259750
0.276548
0.276548
0.448714
0.448714
0.274925
0.274925
0.475845
0.475845
0.260737
0.260737
0.384540
0.384540
0.237693
0.237693
0.415263
0.415263
0.230604
0.230604
0.317748
0.317748
0.704523
0.704523
0.338096
0.338096
0.336815
0.336815
0.135522
0.135522
0.492279
0.492279
0.411592
0.411592
0.137709
0.137709
0.426407
0.426407
0.210812
0.210812
0.376227
0.376227
0.606154
0.606154
0.307326
0.307326
0.490325
0.490325
0.513300
0.513300
0.363083
0.363083
0.195601
0.195601
0.267970
0.267970
0.271287
0.271287
0.617521
0.617521
0.692192
0.692192
0.379874
0.379874
0.252036
0.252036
0.354224
0.354224
0.199192
0.199192
0.554690
0.554690
0.094526
0.094526
0.258837
0.258837
0.341712
0.341712
0.271564
0.271564
0.301423
0.301423
0.277240
0.277240
0.360591
0.360591
0.172554
0.172554
0.190872
0.190872
0.111202
0.111202
0.330362
0.330362
0.230682
0.230682
0.558325
0.558325
0.328617
0.328617
0.360146
0.360146
0.414679
0.414679
0.379753
0.379753
0.192934
0.192934
0.422752
0.422752
0.393473
0.393473
0.361866
0.361866
0.484525
0.484525
0.289852
0.289852
0.487698
0.487698
0.537567
0.537567
0.153631
0.153631
0.232892
0.232892
0.513846
0.513846
0.368471
0.368471
0.356051
0.356051
0.346552
0.346552
0.189216
0.189216
0.236862
0.236862
0.581942
0.581942
0.266359
0.266359
0.287265
0.287265
0.285611
0.285611
0.257023
0.257023
0.482141
0.482141
0.602251
0.602251
0.267136
0.267136
0.182956
0.182956
0.160879
0.160879
0.236243
0.236243
0.310978
0.310978
0.262551
0.262551
0.299109
0.299109
0.278957
0.278957
0.330544
0.330544
0.491380
0.491380
0.456020
0.456020
0.355696
0.355696
0.298840
0.298840
0.205268
0.205268
0.483641
0.483641
0.388074
0.388074
0.273649
0.273649
0.476496
0.476496
0.517071
0.517071
0.203645
0.203645
0.366753
0.366753
0.542241
0.542241
1.031960
1.031960
0.136750
0.136750
0.542710
0.542710
0.268974
0.268974
0.247370
0.247370
0.271906
0.271906
0.446953
0.446953
0.459345
0.459345
0.421866
0.421866
0.439637
0.439637
0.221812
0.221812
0.437551
0.437551
0.499045
0.499045
0.152425
0.152425
0.696883
0.696883
0.312162
0.312162
0.431545
0.431545
0.301165
0.301165
0.181046
0.181046
0.557643
0.557643
0.389489
0.389489
0.435132
0.435132
0.446048
0.446048
0.242726
0.242726
0.359125
0.359125
0.384865
0.384865
0.274767
0.274767
0.181298
0.181298
0.224281
0.224281
0.279517
0.279517
0.405895
0.405895
0.179395
0.179395
0.330514
0.330514
0.363153
0.363153
0.170135
0.170135
0.522431
0.522431
0.260884
0.260884
0.303870
0.303870
0.164519
0.164519
0.616433
0.616433
0.258212
0.258212
0.490054
0.490054
0.457117
0.457117
0.665947
0.665947
0.549286
0.549286
0.338214
0.338214
0.330849
0.330849
0.309277
0.309277
0.322467
0.322467
0.325129
0.325129
0.200144
0.200144
0.208292
0.208292
0.228748
0.228748
0.189597
0.189597
0.391694
0.391694
0.394058
0.394058
0.257901
0.257901
0.226631
0.226631
0.212874
0.212874
0.340227
0.340227
0.208633
0.208633
0.220042
0.220042
0.206683
0.206683
0.412275
0.412275
0.224939
0.224939
0.157667
0.157667
0.536140
0.536140
0.293982
0.293982
0.477378
0.477378
0.228280
0.228280
0.230833
0.230833
0.340635
0.340635
0.452259
0.452259
0.212291
0.212291
0.348183
0.348183
0.409673
0.409673
0.293451
0.293451
0.414762
0.414762
0.334236
0.334236
0.340110
0.340110
0.396799
0.396799
0.360638
0.360638
0.350958
0.350958
0.514535
0.514535
0.610919
0.610919
0.527654
0.527654
0.421680
0.421680
0.283746
0.283746
0.320259
0.320259
0.378222
0.378222
0.232588
0.232588
0.568686
0.568686
0.457260
0.457260
0.688865
0.688865
0.234068
0.234068
0.133026
0.133026
0.252654
0.252654
0.146339
0.146339
0.414630
0.414630
0.349374
0.349374
0.335819
0.335819
0.304423
0.304423
0.352715
0.352715
0.239673
0.239673
0.375031
0.375031
0.450681
0.450681
0.325972
0.325972
0.214284
0.214284
0.187980
0.187980
0.445413
0.445413
0.300288
0.300288
0.350632
0.350632
0.314142
0.314142
0.313045
0.313045
0.359643
0.359643
0.508922
0.508922
0.380532
0.380532
0.344936
0.344936
0.278555
0.278555
0.318088
0.318088
0.372250
0.372250
0.418101
0.418101
0.508026
0.508026
0.372967
0.372967
0.502849
0.502849
0.399961
0.399961
0.276902
0.276902
0.553426
0.553426
0.296491
0.296491
0.356256
0.356256
0.443115
0.443115
0.474847
0.474847
0.318477
0.318477
0.448271
0.448271
0.306568
0.306568
0.381492
0.381492
0.385873
0.385873
0.120849
0.120849
0.281287
0.281287
0.452355
0.452355
0.547782
0.547782
0.167329
0.167329
0.182137
0.182137
0.159203
0.159203
0.336576
0.336576
0.258701
0.258701
0.611269
0.611269
0.215038
0.215038
0.370859
0.370859
0.316221
0.316221
0.394576
0.394576
0.267773
0.267773
0.410857
0.410857
0.281013
0.281013
0.289748
0.289748
0.240441
0.240441
0.162958
0.162958
0.432993
0.432993
0.183808
0.183808
0.455336
0.455336
0.380710
0.380710
0.607104
0.607104
0.643219
0.643219
0.409674
0.409674
0.336461
0.336461
0.181379
0.181379
0.224570
0.224570
0.473503
0.473503
0.521842
0.521842
0.414770
0.414770
0.483126
0.483126
0.532888
0.532888
0.296457
0.296457
0.496715
0.496715
0.402613
0.402613
0.317907
0.317907
0.378808
0.378808
0.189060
0.189060
0.204228
0.204228
0.226248
0.226248
0.452158
0.452158
0.449618
0.449618
0.320586
0.320586
0.305014
0.305014
0.420383
0.420383
0.284759
0.284759
0.426248
0.426248
0.375201
0.375201
0.262718
0.262718
0.423218
0.423218
0.419418
0.419418
0.172188
0.172188
0.255562
0.255562
0.275399
0.275399
0.280186
0.280186
0.223402
0.223402
0.329567
0.329567
0.384984
0.384984
0.119764
0.119764
0.681647
0.681647
0.296836
0.296836
0.433144
0.433144
0.437661
0.437661
0.219275
0.219275
0.584565
0.584565
0.554975
0.554975
0.451283
0.451283
0.392978
0.392978
0.542784
0.542784
0.475894
0.475894
0.292385
0.292385
0.254061
0.254061
0.508066
0.508066
0.191852
0.191852
0.252222
0.252222
0.169601
0.169601
0.292451
0.292451
0.302214
0.302214
0.305262
0.305262
0.406870
0.406870
0.350958
0.350958
0.180260
0.180260
0.371643
0.371643
0.168535
0.168535
0.381311
0.381311
0.114666
0.114666
0.192953
0.192953
0.842449
0.842449
0.443196
0.443196
0.503462
0.503462
0.350050
0.350050
0.373360
0.373360
0.181083
0.181083
0.165995
0.165995
0.263920
0.263920
0.418853
0.418853
0.727886
0.727886
0.439385
0.439385
0.675702
0.675702
0.406855
0.406855
0.379408
0.379408
0.257244
0.257244
0.533778
0.533778
0.431507
0.431507
0.497373
0.497373
0.218828
0.218828
0.579250
0.579250
0.193740
0.193740
0.479224
0.479224
0.324833
0.324833
0.219331
0.219331
0.100889
0.100889
0.423628
0.423628
0.291998
0.291998
0.443975
0.443975
0.165311
0.165311
0.442857
0.442857
0.463373
0.463373
0.212195
0.212195
0.221780
0.221780
0.446785
0.446785
0.528897
0.528897
0.375974
0.375974
0.409403
0.409403
0.311451
0.311451
0.268191
0.268191
0.238956
0.238956
0.251070
0.251070
0.378833
0.378833
0.537511
0.537511
0.456045
0.456045
0.459987
0.459987
0.533645
0.533645
0.328555
0.328555
0.347166
0.347166
0.137956
0.137956
0.215136
0.215136
0.564850
0.564850
0.183267
0.183267
0.354125
0.354125
0.262528
0.262528
0.120648
0.120648
0.390478
0.390478
0.537909
0.537909
0.398529
0.398529
0.641549
0.641549
0.198753
0.198753
0.526323
0.526323
0.435256
0.435256
0.255546
0.255546
0.177754
0.177754
0.203265
0.203265
0.227381
0.227381
0.372655
0.372655
0.332237
0.332237
0.265347
0.265347
0.229196
0.229196
0.273564
0.273564
0.248340
0.248340
0.241587
0.241587
0.344507
0.344507
0.297356
0.297356
0.170285
0.170285
0.248178
0.248178
0.338862
0.338862
0.182922
0.182922
0.340708
0.340708
0.621046
0.621046
0.533410
0.533410
0.433053
0.433053
0.205008
0.205008
0.235221
0.235221
0.233487
0.233487
0.312402
0.312402
0.345153
0.345153
0.252420
0.252420
0.391536
0.391536
0.248536
0.248536
0.343834
0.343834
0.407977
0.407977
0.674704
0.674704
0.113494
0.113494
0.403613
0.403613
0.554127
0.554127
0.240408
0.240408
0.363109
0.363109
0.164265
0.164265
0.632347
0.632347
0.280373
0.280373
0.744414
0.744414
0.488453
0.488453
0.320020
0.320020
0.187537
0.187537
0.161650
0.161650
0.162430
0.162430
0.262304
0.262304
0.446727
0.446727
0.446109
0.446109
0.399876
0.399876
0.335675
0.335675
0.384779
0.384779
0.168120
0.168120
0.194512
0.194512
0.427991
0.427991
0.204078
0.204078
0.401055
0.401055
0.508408
0.508408
0.095205
0.095205
0.231370
0.231370
0.277102
0.277102
0.567850
0.567850
0.536740
0.536740
0.363466
0.363466
0.335026
0.335026
0.233823
0.233823
0.380832
0.380832
0.213046
0.213046
0.393224
0.393224
0.563943
0.563943
0.315537
0.315537
0.585694
0.585694
0.116467
0.116467
0.294945
0.294945
0.299306
0.299306
0.296062
0.296062
0.139145
0.139145
0.376044
0.376044
0.495156
0.495156
0.630198
0.630198
0.167073
0.167073
0.665138
0.665138
0.487247
0.487247
0.134907
0.134907
0.260808
0.260808
0.186872
0.186872
0.193704
0.193704
0.174254
0.174254
0.344156
0.344156
0.473987
0.473987
0.303735
0.303735
0.263232
0.263232
0.253978
0.253978
0.302064
0.302064
0.236304
0.236304
0.598325
0.598325
0.417978
0.417978
0.371166
0.371166
0.503630
0.503630
0.594846
0.594846
0.182286
0.182286
0.249908
0.249908
0.325323
0.325323
0.121013
0.121013
0.158508
0.158508
0.396991
0.396991
0.644414
0.644414
0.279375
0.279375
0.235589
0.235589
0.350200
0.350200
0.366543
0.366543
0.425160
0.425160
0.316792
0.316792
0.254550
0.254550
0.316093
0.316093
0.234133
0.234133
0.192904
0.192904
0.340921
0.340921
0.453895
0.453895
0.326575
0.326575
0.393336
0.393336
0.539552
0.539552
0.262400
0.262400
0.335165
0.335165
0.305796
0.305796
0.445215
0.445215
0.289798
0.289798
0.433903
0.433903
0.336345
0.336345
0.666047
0.666047
0.551633
0.551633
0.143080
0.143080
0.503545
0.503545
0.262825
0.262825
0.176149
0.176149
0.615565
0.615565
0.456636
0.456636
0.347809
0.347809
0.513430
0.513430
0.523914
0.523914
0.432267
0.432267
0.239718
0.239718
0.268705
0.268705
0.100577
0.100577
0.580356
0.580356
0.419377
0.419377
0.216738
0.216738
0.672934
0.672934
0.759328
0.759328
0.247395
0.247395
0.279685
0.279685
0.504563
0.504563
0.181466
0.181466
0.427181
0.427181
0.313326
0.313326
0.464231
0.464231
0.178462
0.178462
0.380130
0.380130
0.270633
0.270633
0.465519
0.465519
0.289176
0.289176
0.409349
0.409349
0.431529
0.431529
0.293989
0.293989
0.339274
0.339274
0.692912
0.692912
0.241643
0.241643
0.406693
0.406693
0.342487
0.342487
0.225597
0.225597
0.337375
0.337375
0.171199
0.171199
0.298141
0.298141
0.179463
0.179463
0.573389
0.573389
0.385330
0.385330
0.225691
0.225691
0.343766
0.343766
0.373858
0.373858
0.386071
0.386071
0.441759
0.441759
0.319304
0.319304
0.554117
0.554117
0.585131
0.585131
0.272085
0.272085
0.370813
0.370813
0.165041
0.165041
0.175260
0.175260
0.355299
0.355299
0.228587
0.228587
0.242723
0.242723
0.486184
0.486184
0.328580
0.328580
0.364009
0.364009
0.400430
0.400430
0.371620
0.371620
0.485464
0.485464
0.499613
0.499613
0.467678
0.467678
0.432647
0.432647
0.295650
0.295650
0.204631
0.204631
0.260146
0.260146
0.238145
0.238145
0.245351
0.245351
0.301015
0.301015
0.523724
0.523724
0.145114
0.145114
0.227178
0.227178
0.673736
0.673736
0.448540
0.448540
0.279871
0.279871
0.387661
0.387661
0.272531
0.272531
0.385509
0.385509
0.207684
0.207684
0.172555
0.172555
0.471694
0.471694
0.325655
0.325655
0.186377
0.186377
0.206485
0.206485
0.238172
0.238172
0.257567
0.257567
0.535936
0.535936
0.458379
0.458379
0.440701
0.440701
0.436889
0.436889
0.250393
0.250393
0.343410
0.343410
0.203202
0.203202
0.531712
0.531712
0.501180
0.501180
0.393741
0.393741
0.318715
0.318715
0.163424
0.163424
0.415369
0.415369
0.256512
0.256512
0.256575
0.256575
0.239961
0.239961
0.605984
0.605984
0.448915
0.448915
0.519650
0.519650
0.277826
0.277826
0.382876
0.382876
0.564289
0.564289
0.581791
0.581791
0.235831
0.235831
0.329790
0.329790
0.293353
0.293353
0.507045
0.507045
0.629442
0.629442
0.341782
0.341782
0.302564
0.302564
0.236882
0.236882
0.224078
0.224078
0.231065
0.231065
0.240618
0.240618
0.425331
0.425331
0.313347
0.313347
0.239608
0.239608
0.248459
0.248459
0.259927
0.259927
0.404152
0.404152
0.145704
0.145704
0.286150
0.286150
0.429682
0.429682
0.268080
0.268080
0.269490
0.269490
0.310425
0.310425
0.693591
0.693591
0.179518
0.179518
0.233816
0.233816
0.407491
0.407491
0.373873
0.373873
0.300398
0.300398
0.480957
0.480957
0.305495
0.305495
0.418307
0.418307
0.350540
0.350540
0.243870
0.243870
0.186934
0.186934
0.295236
0.295236
0.214293
0.214293
0.576385
0.576385
0.236222
0.236222
0.351397
0.351397
0.249017
0.249017
0.279995
0.279995
0.312384
0.312384
0.189674
0.189674
0.218924
0.218924
0.188425
0.188425
0.518388
0.518388
0.326079
0.326079
0.433233
0.433233
0.407281
0.407281
0.295809
0.295809
0.339383
0.339383
0.416785
0.416785
0.144366
0.144366
0.317040
0.317040
0.698604
0.698604
0.515001
0.515001
0.427616
0.427616
0.233962
0.233962
0.329003
0.329003
0.307623
0.307623
0.310129
0.310129
0.290117
0.290117
0.532691
0.532691
0.197434
0.197434
0.906940
0.906940
0.206715
0.206715
0.283356
0.283356
0.231071
0.231071
0.252418
0.252418
0.287329
0.287329
0.381259
0.381259
0.312002
0.312002
0.214284
0.214284
0.311327
0.311327
0.229174
0.229174
0.168013
0.168013
0.438659
0.438659
0.227666
0.227666
0.166573
0.166573
0.356514
0.356514
0.252399
0.252399
0.146272
0.146272
0.164027
0.164027
0.451629
0.451629
0.644313
0.644313
0.151185
0.151185
0.292733
0.292733
0.348604
0.348604
0.448338
0.448338
0.318652
0.318652
0.473924
0.473924
0.548268
0.548268
0.408939
0.408939
0.277054
0.277054
0.383577
0.383577
0.259920
0.259920
0.514228
0.514228
0.259725
0.259725
0.306924
0.306924
0.326373
0.326373
0.389268
0.389268
0.431356
0.431356
0.325887
0.325887
0.319035
0.319035
0.402580
0.402580
0.249200
0.249200
0.269760
0.269760
0.447945
0.447945
0.241189
0.241189
0.697272
0.697272
0.378994
0.378994
0.274898
0.274898
0.429419
0.429419
0.488302
0.488302
0.438753
0.438753
0.372806
0.372806
0.350139
0.350139
0.608277
0.608277
0.344399
0.344399
0.433500
0.433500
0.153683
0.153683
0.362780
0.362780
0.365861
0.365861
0.185501
0.185501
0.427081
0.427081
0.200126
0.200126
0.137309
0.137309
0.451846
0.451846
0.156472
0.156472
0.239930
0.239930
0.421136
0.421136
0.379808
0.379808
0.217217
0.217217
0.193378
0.193378
0.544524
0.544524
0.301456
0.301456
0.326634
0.326634
0.423568
0.423568
0.229857
0.229857
0.232401
0.232401
0.189238
0.189238
0.697391
0.697391
0.558069
0.558069
0.425397
0.425397
0.407945
0.407945
0.285864
0.285864
0.495751
0.495751
0.223271
0.223271
0.206441
0.206441
0.458863
0.458863
0.430932
0.430932
0.332289
0.332289
0.306203
0.306203
0.340359
0.340359
0.219547
0.219547
0.545037
0.545037
0.286102
0.286102
0.670372
0.670372
0.597759
0.597759
0.339104
0.339104
0.351292
0.351292
0.395696
0.395696
0.418343
0.418343
0.281778
0.281778
0.215570
0.215570
0.239006
0.239006
0.429481
0.429481
0.636741
0.636741
0.329555
0.329555
0.269897
0.269897
0.224149
0.224149
0.255506
0.255506
0.388723
0.388723
0.102569
0.102569
0.281316
0.281316
0.345872
0.345872
0.263133
0.263133
0.146811
0.146811
0.203486
0.203486
0.479035
0.479035
0.141286
0.141286
0.089749
0.089749
0.256280
0.256280
0.305458
0.305458
0.556905
0.556905
0.333325
0.333325
0.540878
0.540878
0.449069
0.449069
0.173544
0.173544
0.379540
0.379540
0.369153
0.369153
0.449737
0.449737
0.171624
0.171624
0.621069
0.621069
0.534099
0.534099
0.412308
0.412308
0.106201
0.106201
0.367505
0.367505
0.395515
0.395515
0.295823
0.295823
0.238973
0.238973
0.435062
0.435062
0.322756
0.322756
0.158225
0.158225
0.129506
0.129506
0.452033
0.452033
0.186626
0.186626
0.368700
0.368700
0.508196
0.508196
0.469100
0.469100
0.433449
0.433449
0.243618
0.243618
0.392690
0.392690
0.360801
0.360801
0.420970
0.420970
0.386220
0.386220
0.214959
0.214959
0.330920
0.330920
0.413252
0.413252
0.500062
0.500062
0.259071
0.259071
0.328786
0.328786
0.345704
0.345704
0.340498
0.340498
0.253293
0.253293
0.491723
0.491723
0.505404
0.505404
0.523341
0.523341
0.385707
0.385707
0.636485
0.636485
0.151093
0.151093
0.091544
0.091544
0.294380
0.294380
0.340062
0.340062
0.325294
0.325294
0.265482
0.265482
0.272670
0.272670
0.469153
0.469153
0.406789
0.406789
0.372785
0.372785
0.495176
0.495176
0.353391
0.353391
0.377819
0.377819
0.144670
0.144670
0.393514
0.393514
0.463409
0.463409
0.705516
0.705516
0.546055
0.546055
0.290397
0.290397
0.329453
0.329453
0.269750
0.269750
0.347629
0.347629
0.264101
0.264101
0.433923
0.433923
0.361628
0.361628
0.221969
0.221969
0.247056
0.247056
0.264058
0.264058
0.166888
0.166888
0.307928
0.307928
0.372062
0.372062
0.561928
0.561928
0.458132
0.458132
0.181401
0.181401
0.214481
0.214481
0.167924
0.167924
0.130402
0.130402
0.311397
0.311397
0.418262
0.418262
0.227898
0.227898
0.329840
0.329840
0.222872
0.222872
0.258758
0.258758
0.297835
0.297835
0.090274
0.090274
0.188984
0.188984
0.264072
0.264072
0.235419
0.235419
0.605329
0.605329
0.558152
0.558152
0.261058
0.261058
0.639751
0.639751
0.604788
0.604788
0.237481
0.237481
0.619743
0.619743
0.268060
0.268060
0.345140
0.345140
0.327600
0.327600
0.172033
0.172033
0.532940
0.532940
0.283894
0.283894
0.317959
0.317959
0.289065
0.289065
0.643850
0.643850
0.484880
0.484880
0.091194
0.091194
0.406235
0.406235
0.298574
0.298574
0.202215
0.202215
0.276041
0.276041
0.514727
0.514727
0.414389
0.414389
0.372781
0.372781
0.181015
0.181015
0.274470
0.274470
0.347843
0.347843
0.230288
0.230288
0.495534
0.495534
0.369066
0.369066
0.567222
0.567222
0.245649
0.245649
0.359683
0.359683
0.519628
0.519628
0.798151
0.798151
0.278795
0.278795
0.246339
0.246339
0.326219
0.326219
0.286781
0.286781
0.414764
0.414764
0.300543
0.300543
0.411358
0.411358
0.172202
0.172202
0.228725
0.228725
0.270181
0.270181
0.297988
0.297988
0.203460
0.203460
0.393590
0.393590
0.181343
0.181343
0.310991
0.310991
0.611880
0.611880
0.372917
0.372917
0.311371
0.311371
0.384866
0.384866
0.269955
0.269955
0.197012
0.197012
0.324282
0.324282
0.299788
0.299788
0.626456
0.626456
0.549191
0.549191
0.365524
0.365524
0.259140
0.259140
0.288855
0.288855
0.205410
0.205410
0.461841
0.461841
0.572980
0.572980
0.438718
0.438718
0.361189
0.361189
0.343839
0.343839
0.388964
0.388964
0.153922
0.153922
0.223073
0.223073
0.418543
0.418543
0.374733
0.374733
0.415424
0.415424
0.366005
0.366005
0.220213
0.220213
0.258417
0.258417
0.553577
0.553577
0.233831
0.233831
0.879000
0.879000
0.207301
0.207301
0.466389
0.466389
0.243068
0.243068
0.464351
0.464351
0.368157
0.368157
0.334001
0.334001
0.213409
0.213409
0.482180
0.482180
0.443150
0.443150
0.373527
0.373527
0.418362
0.418362
0.243209
0.243209
0.325496
0.325496
0.268592
0.268592
0.239162
0.239162
0.335389
0.335389
0.290446
0.290446
0.498135
0.498135
0.475144
0.475144
0.418921
0.418921
0.249486
0.249486
0.518319
0.518319
0.285011
0.285011
0.187359
0.187359
0.352618
0.352618
0.478178
0.478178
0.398342
0.398342
0.264748
0.264748
0.160173
0.160173
0.492565
0.492565
0.385879
0.385879
0.327333
0.327333
0.230414
0.230414
0.363091
0.363091
0.480838
0.480838
0.596423
0.596423
0.360933
0.360933
0.205870
0.205870
0.208794
0.208794
0.154908
0.154908
0.386668
0.386668
0.156768
0.156768
0.631812
0.631812
0.264399
0.264399
0.433846
0.433846
0.272853
0.272853
0.254373
0.254373
0.268758
0.268758
0.194756
0.194756
0.261118
0.261118
0.422922
0.422922
0.165028
0.165028
0.391364
0.391364
0.305227
0.305227
0.462226
0.462226
0.228378
0.228378
0.727096
0.727096
0.290823
0.290823
0.260407
0.260407
0.273501
0.273501
0.121207
0.121207
0.245880
0.245880
0.456749
0.456749
0.472407
0.472407
0.442404
0.442404
0.479231
0.479231
0.395204
0.395204
0.202749
0.202749
0.345375
0.345375
0.373890
0.373890
0.477732
0.477732
0.235096
0.235096
0.298661
0.298661
0.179027
0.179027
0.186234
0.186234
0.812002
0.812002
0.370122
0.370122
0.197036
0.197036
0.408994
0.408994
0.556782
0.556782
0.232058
0.232058
0.264580
0.264580
0.220777
0.220777
0.353874
0.353874
0.293038
0.293038
0.407965
0.407965
0.487227
0.487227
0.491914
0.491914
0.540528
0.540528
0.290024
0.290024
0.280774
0.280774
0.637833
0.637833
0.254587
0.254587
0.363358
0.363358
0.420125
0.420125
0.344647
0.344647
0.436695
0.436695
0.260016
0.260016
0.436531
0.436531
0.310212
0.310212
0.215377
0.215377
0.267629
0.267629
0.170852
0.170852
0.771417
0.771417
0.412842
0.412842
0.252928
0.252928
0.378360
0.378360
0.339427
0.339427
0.360646
0.360646
0.142660
0.142660
0.460024
0.460024
0.314522
0.314522
0.363037
0.363037
0.379728
0.379728
0.364107
0.364107
0.234043
0.234043
0.445608
0.445608
0.256325
0.256325
0.511065
0.511065
0.251357
0.251357
0.461687
0.461687
0.356481
0.356481
0.375529
0.375529
0.462690
0.462690
0.509288
0.509288
0.335338
0.335338
0.301491
0.301491
0.140526
0.140526
0.304619
0.304619
0.286300
0.286300
0.371154
0.371154
0.362214
0.362214
0.711660
0.711660
0.462453
0.462453
0.306676
0.306676
0.272566
0.272566
0.241397
0.241397
0.236150
0.236150
0.308172
0.308172
0.250108
0.250108
0.519608
0.519608
0.286447
0.286447
0.235819
0.235819
0.457643
0.457643
0.333426
0.333426
0.129710
0.129710
0.156869
0.156869
0.729607
0.729607
0.355720
0.355720
0.242480
0.242480
0.240374
0.240374
0.306422
0.306422
0.704061
0.704061
0.300796
0.300796
0.358653
0.358653
0.192457
0.192457
0.232236
0.232236
0.208903
0.208903
0.528539
0.528539
0.617949
0.617949
0.315069
0.315069
0.291105
0.291105
0.260140
0.260140
0.249274
0.249274
0.367527
0.367527
0.584739
0.584739
0.400674
0.400674
0.139418
0.139418
0.474430
0.474430
0.326792
0.326792
0.509997
0.509997
0.399212
0.399212
0.385497
0.385497
0.297303
0.297303
0.340096
0.340096
0.192583
0.192583
0.139777
0.139777
0.267862
0.267862
0.367680
0.367680
0.249981
0.249981
0.247742
0.247742
0.435399
0.435399
0.374764
0.374764
0.486348
0.486348
0.284003
0.284003
0.277836
0.277836
0.202704
0.202704
0.201733
0.201733
0.290463
0.290463
0.155427
0.155427
0.226596
0.226596
0.421943
0.421943
0.344115
0.344115
0.599491
0.599491
0.608167
0.608167
0.314246
0.314246
0.772480
0.772480
0.389406
0.389406
0.315649
0.315649
0.224288
0.224288
0.431924
0.431924
0.235836
0.235836
0.431608
0.431608
0.189493
0.189493
0.497706
0.497706
0.379113
0.379113
0.266587
0.266587
0.257936
0.257936
0.254812
0.254812
0.131436
0.131436
0.193459
0.193459
0.123997
0.123997
0.290769
0.290769
0.389592
0.389592
0.393276
0.393276
0.273829
0.273829
0.260961
0.260961
0.350120
0.350120
0.407847
0.407847
0.409531
0.409531
0.330447
0.330447
0.449753
0.449753
0.223224
0.223224
0.319906
0.319906
0.258397
0.258397
0.229212
0.229212
0.556532
0.556532
0.292246
0.292246
0.565032
0.565032
0.345171
0.345171
0.154728
0.154728
0.365427
0.365427
0.287559
0.287559
0.289531
0.289531
0.386753
0.386753
0.365477
0.365477
0.289601
0.289601
0.615892
0.615892
0.319556
0.319556
0.635683
0.635683
0.249044
0.249044
0.576311
0.576311
0.513843
0.513843
0.268641
0.268641
0.310209
0.310209
0.242220
0.242220
0.344852
0.344852
0.319204
0.319204
0.248622
0.248622
0.342017
0.342017
0.247149
0.247149
0.216136
0.216136
0.461819
0.461819
0.348328
0.348328
0.407121
0.407121
0.299281
0.299281
0.454677
0.454677
0.332000
0.332000
0.589257
0.589257
0.222425
0.222425
0.318901
0.318901
0.298603
0.298603
0.227338
0.227338
0.363750
0.363750
0.539892
0.539892
0.499960
0.499960
0.382840
0.382840
0.330796
0.330796
0.357728
0.357728
0.437314
0.437314
0.469204
0.469204
0.173330
0.173330
0.274257
0.274257
0.347979
0.347979
0.337654
0.337654
0.369347
0.369347
0.212646
0.212646
0.137080
0.137080
0.194388
0.194388
0.304773
0.304773
0.291124
0.291124
0.270437
0.270437
0.489720
0.489720
0.495151
0.495151
0.437919
0.437919
0.197935
0.197935
0.256751
0.256751
0.292963
0.292963
0.252201
0.252201
0.234614
0.234614
0.378347
0.378347
0.161473
0.161473
0.516089
0.516089
0.240649
0.240649
0.583718
0.583718
0.162622
0.162622
0.351070
0.351070
0.336003
0.336003
0.168860
0.168860
0.286835
0.286835
0.397992
0.397992
0.208321
0.208321
0.271198
0.271198
0.236111
0.236111
0.288442
0.288442
0.305682
0.305682
0.299707
0.299707
0.475058
0.475058
0.377406
0.377406
0.513323
0.513323
0.739898
0.739898
0.671137
0.671137
0.234488
0.234488
0.154949
0.154949
0.235065
0.235065
0.212854
0.212854
0.700198
0.700198
0.160364
0.160364
0.413158
0.413158
0.166820
0.166820
0.534229
0.534229
0.147366
0.147366
0.374570
0.374570
0.626337
0.626337
0.346783
0.346783
0.146416
0.146416
0.317975
0.317975
0.162724
0.162724
0.429565
0.429565
0.455751
0.455751
0.501999
0.501999
0.168460
0.168460
0.418059
0.418059
0.318294
0.318294
0.344345
0.344345
0.244815
0.244815
0.310673
0.310673
0.265191
0.265191
0.272569
0.272569
0.769769
0.769769
0.210204
0.210204
0.301894
0.301894
0.308862
0.308862
0.172709
0.172709
0.321608
0.321608
0.362957
0.362957
0.283473
0.283473
0.155935
0.155935
0.282215
0.282215
0.253154
0.253154
0.258959
0.258959
0.390108
0.390108
0.307729
0.307729
0.314753
0.314753
0.596014
0.596014
0.195257
0.195257
0.320853
0.320853
0.342872
0.342872
0.412691
0.412691
0.279921
0.279921
0.405774
0.405774
0.266146
0.266146
0.349623
0.349623
0.250704
0.250704
0.263520
0.263520
0.327399
0.327399
0.259598
0.259598
0.200885
0.200885
0.325946
0.325946
0.185275
0.185275
0.541139
0.541139
0.257411
0.257411
0.665469
0.665469
0.227080
0.227080
0.287953
0.287953
0.152111
0.152111
0.524679
0.524679
0.347253
0.347253
0.664556
0.664556
0.437363
0.437363
0.255829
0.255829
0.305642
0.305642
0.196559
0.196559
0.788658
0.788658
0.423687
0.423687
0.316530
0.316530
0.414010
0.414010
0.451596
0.451596
0.440981
0.440981
0.608778
0.608778
0.413376
0.413376
0.210709
0.210709
0.679560
0.679560
0.573992
0.573992
0.414356
0.414356
0.210981
0.210981
0.559922
0.559922
0.198564
0.198564
0.298836
0.298836
0.311634
0.311634
0.335125
0.335125
0.390137
0.390137
0.376409
0.376409
0.367691
0.367691
0.225412
0.225412
0.173621
0.173621
0.420905
0.420905
0.423712
0.423712
0.479966
0.479966
0.368426
0.368426
0.538958
0.538958
0.237512
0.237512
0.388288
0.388288
0.211527
0.211527
0.305294
0.305294
0.302355
0.302355
0.302932
0.302932
0.307780
0.307780
0.478358
0.478358
0.187321
0.187321
0.480682
0.480682
0.671348
0.671348
0.502605
0.502605
0.151796
0.151796
0.431451
0.431451
0.416895
0.416895
0.587151
0.587151
0.245953
0.245953
0.237222
0.237222
0.199715
0.199715
0.172512
0.172512
0.437119
0.437119
0.294985
0.294985
0.164732
0.164732
0.500250
0.500250
0.245933
0.245933
0.281933
0.281933
0.557586
0.557586
0.203798
0.203798
0.485457
0.485457
0.426894
0.426894
0.258065
0.258065
0.415127
0.415127
0.308437
0.308437
0.513112
0.513112
0.317210
0.317210
0.340430
0.340430
0.646047
0.646047
0.597641
0.597641
0.205569
0.205569
0.167708
0.167708
0.232023
0.232023
0.345100
0.345100
0.384531
0.384531
0.355205
0.355205
0.477431
0.477431
0.330362
0.330362
0.351826
0.351826
0.375813
0.375813
0.384466
0.384466
0.548761
0.548761
0.228129
0.228129
0.377241
0.377241
0.734847
0.734847
0.496692
0.496692
0.351561
0.351561
0.145784
0.145784
0.255204
0.255204
0.338419
0.338419
0.264373
0.264373
0.323686
0.323686
0.218970
0.218970
0.384567
0.384567
0.431773
0.431773
0.286149
0.286149
0.349463
0.349463
0.230765
0.230765
0.422864
0.422864
0.292209
0.292209
0.261925
0.261925
0.340827
0.340827
0.474730
0.474730
0.501761
0.501761
0.287081
0.287081
0.217822
0.217822
0.283591
0.283591
0.234757
0.234757
0.224290
0.224290
0.361066
0.361066
0.393491
0.393491
0.293287
0.293287
0.368890
0.368890
0.391154
0.391154
0.155536
0.155536
0.208353
0.208353
0.390622
0.390622
0.235984
0.235984
0.458775
0.458775
0.323174
0.323174
0.444375
0.444375
0.197641
0.197641
0.346028
0.346028
0.386595
0.386595
0.227639
0.227639
0.332902
0.332902
0.243329
0.243329
0.230863
0.230863
0.343455
0.343455
0.308344
0.308344
0.171495
0.171495
0.272947
0.272947
0.245417
0.245417
0.221577
0.221577
0.282447
0.282447
0.239631
0.239631
0.333933
0.333933
0.607785
0.607785
0.116322
0.116322
0.426822
0.426822
0.231922
0.231922
0.704029
0.704029
0.391949
0.391949
0.567736
0.567736
0.300152
0.300152
0.156678
0.156678
0.201276
0.201276
0.113325
0.113325
0.262830
0.262830
0.329478
0.329478
0.281917
0.281917
0.318728
0.318728
0.625496
0.625496
0.412037
0.412037
0.273575
0.273575
0.312263
0.312263
0.331702
0.331702
0.451539
0.451539
0.260849
0.260849
0.678453
0.678453
0.218307
0.218307
0.317362
0.317362
0.544057
0.544057
0.659279
0.659279
0.154837
0.154837
0.357309
0.357309
0.544226
0.544226
0.290039
0.290039
0.645494
0.645494
0.319559
0.319559
0.506145
0.506145
0.155580
0.155580
0.290801
0.290801
0.363839
0.363839
0.270507
0.270507
0.321024
0.321024
0.743840
0.743840
0.299412
0.299412
0.200663
0.200663
0.399957
0.399957
0.274107
0.274107
0.456080
0.456080
0.162467
0.162467
0.239390
0.239390
0.242174
0.242174
0.321079
0.321079
0.466467
0.466467
0.423282
0.423282
0.240425
0.240425
0.236330
0.236330
0.910751
0.910751
0.194404
0.194404
0.410067
0.410067
0.161839
0.161839
0.516275
0.516275
0.147354
0.147354
0.581207
0.581207
0.156403
0.156403
0.107079
0.107079
0.262317
0.262317
0.280226
0.280226
0.293747
0.293747
0.239450
0.239450
0.399840
0.399840
0.341446
0.341446
0.370182
0.370182
0.244351
0.244351
0.323894
0.323894
0.621264
0.621264
0.283114
0.283114
0.489779
0.489779
0.501526
0.501526
0.492631
0.492631
0.305895
0.305895
0.399059
0.399059
0.334736
0.334736
0.243436
0.243436
0.176309
0.176309
0.222395
0.222395
0.426001
0.426001
0.383859
0.383859
0.403568
0.403568
0.461129
0.461129
0.220703
0.220703
0.255878
0.255878
0.973295
0.973295
0.435836
0.435836
0.217351
0.217351
0.171666
0.171666
0.425102
0.425102
0.191584
0.191584
0.157013
0.157013
0.326553
0.326553
0.148505
0.148505
0.435685
0.435685
0.244018
0.244018
0.104223
0.104223
0.556063
0.556063
0.409511
0.409511
0.222974
0.222974
0.434351
0.434351
0.239105
0.239105
0.549324
0.549324
0.502026
0.502026
0.161592
0.161592
0.231087
0.231087
0.197646
0.197646
0.178263
0.178263
0.431655
0.431655
0.505981
0.505981
0.409800
0.409800
0.288120
0.288120
0.218112
0.218112
0.428264
0.428264
0.511897
0.511897
0.627479
0.627479
0.370124
0.370124
0.385884
0.385884
0.268218
0.268218
0.235586
0.235586
0.455344
0.455344
0.450414
0.450414
0.243586
0.243586
0.312893
0.312893
0.217465
0.217465
0.605562
0.605562
0.441469
0.441469
0.238886
0.238886
0.462834
0.462834
0.337282
0.337282
0.508821
0.508821
0.314613
0.314613
0.215930
0.215930
0.341100
0.341100
0.689059
0.689059
0.356676
0.356676
0.376481
0.376481
0.121705
0.121705
0.341447
0.341447
0.338411
0.338411
0.562003
0.562003
0.238262
0.238262
0.389453
0.389453
0.424758
0.424758
0.320347
0.320347
0.396378
0.396378
0.414704
0.414704
0.271594
0.271594
0.304929
0.304929
0.383524
0.383524
0.431711
0.431711
0.200602
0.200602
0.314924
0.314924
0.214475
0.214475
0.214278
0.214278
0.243274
0.243274
0.274756
0.274756
0.271436
0.271436
0.535847
0.535847
0.356170
0.356170
0.295277
0.295277
0.291126
0.291126
0.431500
0.431500
0.515077
0.515077
0.183176
0.183176
0.356822
0.356822
0.494375
0.494375
0.303544
0.303544
0.239459
0.239459
0.171568
0.171568
0.174071
0.174071
0.306599
0.306599
0.233388
0.233388
0.211728
0.211728
0.694718
0.694718
0.351121
0.351121
0.311307
0.311307
0.720297
0.720297
0.248714
0.248714
0.373855
0.373855
0.247285
0.247285
0.196120
0.196120
0.166044
0.166044
0.376912
0.376912
0.460834
0.460834
0.361853
0.361853
0.398931
0.398931
0.271907
0.271907
0.539045
0.539045
0.326415
0.326415
0.494687
0.494687
0.210958
0.210958
0.429322
0.429322
0.357112
0.357112
0.459099
0.459099
0.312083
0.312083
0.380088
0.380088
0.237983
0.237983
0.374178
0.374178
0.628932
0.628932
0.413887
0.413887
0.336962
0.336962
0.266909
0.266909
0.149449
0.149449
0.593642
0.593642
0.113206
0.113206
0.229727
0.229727
0.585760
0.585760
0.192604
0.192604
0.220082
0.220082
0.269267
0.269267
0.361211
0.361211
0.385716
0.385716
0.283968
0.283968
0.501559
0.501559
0.384733
0.384733
0.198726
0.198726
0.234675
0.234675
0.516751
0.516751
0.231968
0.231968
0.259305
0.259305
0.145653
0.145653
0.269240
0.269240
0.328114
0.328114
0.181409
0.181409
0.306705
0.306705
0.415237
0.415237
0.324389
0.324389
0.297098
0.297098
0.255245
0.255245
0.270546
0.270546
0.457907
0.457907
0.491813
0.491813
0.463746
0.463746
0.434104
0.434104
0.802089
0.802089
0.281373
0.281373
0.546742
0.546742
0.747815
0.747815
0.623937
0.623937
0.401274
0.401274
0.474529
0.474529
0.205597
0.205597
0.286238
0.286238
0.191474
0.191474
0.342813
0.342813
0.350439
0.350439
0.308592
0.308592
0.394607
0.394607
0.355727
0.355727
0.232697
0.232697
0.557791
0.557791
0.194688
0.194688
0.355685
0.355685
0.278885
0.278885
0.473799
0.473799
0.232596
0.232596
0.174198
0.174198
0.246216
0.246216
0.276335
0.276335
0.119614
0.119614
0.260711
0.260711
0.281846
0.281846
0.179392
0.179392
0.371126
0.371126
0.377918
0.377918
0.349137
0.349137
0.643316
0.643316
0.387955
0.387955
0.307142
0.307142
0.468430
0.468430
0.254597
0.254597
0.507594
0.507594
0.246711
0.246711
0.632151
0.632151
0.209671
0.209671
0.321235
0.321235
0.338699
0.338699
0.314242
0.314242
0.215285
0.215285
0.480943
0.480943
0.841277
0.841277
0.492401
0.492401
0.336855
0.336855
0.432781
0.432781
0.153467
0.153467
0.319723
0.319723
0.573079
0.573079
0.366687
0.366687
0.358976
0.358976
0.274379
0.274379
0.223751
0.223751
0.210480
0.210480
0.505822
0.505822
0.243913
0.243913
0.699205
0.699205
0.221407
0.221407
0.211174
0.211174
0.451645
0.451645
0.213113
0.213113
0.481735
0.481735
0.178588
0.178588
0.342022
0.342022
0.233327
0.233327
0.285450
0.285450
0.204876
0.204876
0.219714
0.219714
0.377754
0.377754
0.260455
0.260455
0.294057
0.294057
0.330195
0.330195
0.276773
0.276773
0.130633
0.130633
0.642489
0.642489
0.291277
0.291277
0.300397
0.300397
0.188873
0.188873
0.336569
0.336569
0.265459
0.265459
0.263182
0.263182
0.279944
0.279944
0.183403
0.183403
0.309947
0.309947
0.422832
0.422832
0.250542
0.250542
0.535312
0.535312
0.272242
0.272242
0.265826
0.265826
0.234948
0.234948
0.287324
0.287324
0.244974
0.244974
0.542039
0.542039
0.189820
0.189820
0.217365
0.217365
0.208821
0.208821
0.528003
0.528003
0.426287
0.426287
0.259175
0.259175
0.380560
0.380560
0.543213
0.543213
0.370728
0.370728
0.162159
0.162159
0.483542
0.483542
0.436949
0.436949
0.267662
0.267662
0.431474
0.431474
0.183319
0.183319
0.366294
0.366294
0.647137
0.647137
0.293867
0.293867
0.264302
0.264302
0.364883
0.364883
0.191650
0.191650
0.242766
0.242766
0.229179
0.229179
0.180316
0.180316
0.107521
0.107521
0.186544
0.186544
0.242093
0.242093
0.304872
0.304872
0.500982
0.500982
0.188681
0.188681
0.300610
0.300610
0.298195
0.298195
0.315677
0.315677
0.311938
0.311938
0.278791
0.278791
0.341055
0.341055
0.696541
0.696541
0.257726
0.257726
0.724712
0.724712
0.492056
0.492056
0.226002
0.226002
0.180272
0.180272
0.288768
0.288768
0.150524
0.150524
0.294665
0.294665
0.350504
0.350504
0.512283
0.512283
0.488792
0.488792
0.352971
0.352971
0.346466
0.346466
0.149876
0.149876
0.318960
0.318960
0.469844
0.469844
0.218272
0.218272
0.670843
0.670843
0.257119
0.257119
0.425499
0.425499
0.357654
0.357654
0.527158
0.527158
0.931604
0.931604
0.597508
0.597508
0.264379
0.264379
0.388427
0.388427
0.376348
0.376348
0.238675
0.238675
0.260791
0.260791
0.277411
0.277411
0.296159
0.296159
0.152728
0.152728
0.646522
0.646522
0.394602
0.394602
0.712201
0.712201
0.369323
0.369323
0.213600
0.213600
0.498724
0.498724
0.423582
0.423582
0.522924
0.522924
0.200900
0.200900
0.353065
0.353065
0.347151
0.347151
0.449823
0.449823
0.325464
0.325464
0.397726
0.397726
0.260778
0.260778
0.102237
0.102237
0.264705
0.264705
0.397469
0.397469
0.157751
0.157751
0.409579
0.409579
0.195730
0.195730
0.551029
0.551029
0.513033
0.513033
0.317815
0.317815
0.367497
0.367497
0.182438
0.182438
0.368627
0.368627
0.249199
0.249199
0.651873
0.651873
0.384510
0.384510
0.246360
0.246360
0.176691
0.176691
0.332289
0.332289
0.182911
0.182911
0.378482
0.378482
0.242748
0.242748
0.559300
0.559300
0.676591
0.676591
0.581371
0.581371
0.216003
0.216003
0.193233
0.193233
0.296071
0.296071
0.354283
0.354283
0.167051
0.167051
0.198953
0.198953
0.208536
0.208536
0.269314
0.269314
0.191602
0.191602
0.604018
0.604018
0.398148
0.398148
0.318446
0.318446
0.443775
0.443775
0.349276
0.349276
0.189399
0.189399
0.549752
0.549752
0.416869
0.416869
0.177340
0.177340
0.450206
0.450206
0.146743
0.146743
0.995022
0.995022
0.245624
0.245624
0.304639
0.304639
0.287466
0.287466
0.211101
0.211101
0.634660
0.634660
0.337080
0.337080
0.308869
0.308869
0.315827
0.315827
0.241019
0.241019
0.425246
0.425246
0.287461
0.287461
0.615875
0.615875
0.406321
0.406321
0.675321
0.675321
0.246583
0.246583
0.298412
0.298412
0.386559
0.386559
0.286299
0.286299
0.371152
0.371152
0.246073
0.246073
0.371952
0.371952
0.299593
0.299593
0.340967
0.340967
0.292329
0.292329
0.429754
0.429754
0.548410
0.548410
0.383109
0.383109
0.239289
0.239289
0.388309
0.388309
0.206890
0.206890
0.513879
0.513879
0.478557
0.478557
0.160547
0.160547
0.363817
0.363817
0.261576
0.261576
0.388074
0.388074
0.224822
0.224822
0.379449
0.379449
0.524646
0.524646
0.124685
0.124685
0.325579
0.325579
0.275296
0.275296
0.339926
0.339926
0.340843
0.340843
0.432316
0.432316
0.407168
0.407168
0.333489
0.333489
0.648542
0.648542
0.261683
0.261683
0.572231
0.572231
0.230193
0.230193
0.276478
0.276478
0.540527
0.540527
0.312086
0.312086
0.517286
0.517286
0.275190
0.275190
0.455236
0.455236
0.512676
0.512676
0.193347
0.193347
0.235757
0.235757
0.215143
0.215143
0.192159
0.192159
0.428700
0.428700
0.403453
0.403453
0.642976
0.642976
0.431316
0.431316
0.326038
0.326038
0.515882
0.515882
0.552017
0.552017
0.233124
0.233124
0.390481
0.390481
0.521939
0.521939
0.202171
0.202171
0.382085
0.382085
0.195791
0.195791
0.228589
0.228589
0.175047
0.175047
0.147128
0.147128
0.442832
0.442832
0.161541
0.161541
0.510204
0.510204
0.423177
0.423177
0.672488
0.672488
0.228824
0.228824
0.202467
0.202467
0.437346
0.437346
0.585520
0.585520
0.321282
0.321282
0.320023
0.320023
0.209811
0.209811
0.347284
0.347284
0.209835
0.209835
0.259363
0.259363
0.511197
0.511197
0.418271
0.418271
0.376502
0.376502
0.169326
0.169326
0.387505
0.387505
0.239803
0.239803
0.324426
0.324426
0.568039
0.568039
0.260076
0.260076
0.300975
0.300975
0.146055
0.146055
0.295808
0.295808
0.429094
0.429094
0.331693
0.331693
0.268269
0.268269
0.305726
0.305726
0.301242
0.301242
0.402271
0.402271
0.280167
0.280167
0.369106
0.369106
0.304288
0.304288
0.165762
0.165762
0.144551
0.144551
0.114346
0.114346
0.391910
0.391910
0.405249
0.405249
0.290354
0.290354
0.539776
0.539776
0.844317
0.844317
0.214972
0.214972
0.246673
0.246673
0.529079
0.529079
0.233681
0.233681
0.470218
0.470218
0.332870
0.332870
0.281224
0.281224
0.429606
0.429606
0.385979
0.385979
0.399281
0.399281
0.257663
0.257663
0.287358
0.287358
0.151108
0.151108
0.272875
0.272875
0.301744
0.301744
0.412151
0.412151
0.288641
0.288641
0.399643
0.399643
0.317508
0.317508
0.143805
0.143805
0.425987
0.425987
0.261015
0.261015
0.166859
0.166859
0.434792
0.434792
0.324779
0.324779
0.191860
0.191860
0.382842
0.382842
0.214024
0.214024
0.356768
0.356768
0.399889
0.399889
0.068439
0.068439
0.156157
0.156157
0.187174
0.187174
0.260423
0.260423
0.245591
0.245591
0.166276
0.166276
0.367636
0.367636
0.260109
0.260109
0.257051
0.257051
0.600099
0.600099
0.225638
0.225638
0.409149
0.409149
0.715985
0.715985
0.506494
0.506494
0.280294
0.280294
0.558747
0.558747
0.442617
0.442617
0.195737
0.195737
0.247225
0.247225
0.304165
0.304165
0.374396
0.374396
0.377087
0.377087
0.294929
0.294929
0.220110
0.220110
0.181797
0.181797
0.267679
0.267679
0.479923
0.479923
0.236787
0.236787
0.440506
0.440506
0.375485
0.375485
0.375215
0.375215
0.243782
0.243782
0.334840
0.334840
0.380827
0.380827
0.470476
0.470476
0.354409
0.354409
0.148871
0.148871
0.474108
0.474108
0.229937
0.229937
0.292638
0.292638
0.296955
0.296955
0.507382
0.507382
0.515449
0.515449
0.283978
0.283978
0.390384
0.390384
0.126999
0.126999
0.341228
0.341228
0.251449
0.251449
0.141500
0.141500
0.623271
0.623271
0.437896
0.437896
0.293953
0.293953
0.258444
0.258444
0.454951
0.454951
0.584237
0.584237
0.338572
0.338572
0.325062
0.325062
0.409733
0.409733
0.341200
0.341200
0.650015
0.650015
0.505153
0.505153
0.213592
0.213592
0.295044
0.295044
0.293028
0.293028
0.376300
0.376300
0.648524
0.648524
0.395507
0.395507
0.287658
0.287658
0.454664
0.454664
0.249489
0.249489
0.187769
0.187769
0.138349
0.138349
0.213562
0.213562
0.250472
0.250472
0.207326
0.207326
0.368651
0.368651
0.372076
0.372076
0.261115
0.261115
0.249159
0.249159
0.245346
0.245346
0.222187
0.222187
0.321090
0.321090
0.369775
0.369775
0.321780
0.321780
0.295056
0.295056
0.249398
0.249398
0.365381
0.365381
0.577511
0.577511
0.103372
0.103372
0.679520
0.679520
0.171451
0.171451
0.291945
0.291945
0.482971
0.482971
0.471178
0.471178
0.202067
0.202067
0.738690
0.738690
0.319581
0.319581
0.326195
0.326195
0.403859
0.403859
0.327162
0.327162
0.238012
0.238012
0.478858
0.478858
0.374487
0.374487
0.231088
0.231088
0.327582
0.327582
0.227558
0.227558
0.169772
0.169772
0.311096
0.311096
0.163679
0.163679
0.378139
0.378139
0.450068
0.450068
0.239742
0.239742
0.308474
0.308474
0.199697
0.199697
0.258477
0.258477
0.303239
0.303239
0.310215
0.310215
0.389048
0.389048
0.374993
0.374993
0.414892
0.414892
0.277381
0.277381
0.313967
0.313967
0.300729
0.300729
0.337489
0.337489
0.302764
0.302764
0.565614
0.565614
0.363632
0.363632
0.181470
0.181470
0.403873
0.403873
0.164900
0.164900
0.270721
0.270721
0.363986
0.363986
0.435277
0.435277
0.146679
0.146679
0.258449
0.258449
0.335072
0.335072
0.402317
0.402317
0.249040
0.249040
0.378608
0.378608
0.543113
0.543113
0.523729
0.523729
0.406846
0.406846
0.293848
0.293848
0.153128
0.153128
0.238890
0.238890
0.352969
0.352969
0.300141
0.300141
0.373055
0.373055
0.517106
0.517106
0.390576
0.390576
0.259331
0.259331
0.210772
0.210772
0.552552
0.552552
0.479145
0.479145
0.412777
0.412777
0.341697
0.341697
0.332693
0.332693
0.303213
0.303213
0.460587
0.460587
0.373827
0.373827
0.505532
0.505532
0.459912
0.459912
0.248811
0.248811
0.548725
0.548725
0.340894
0.340894
0.388448
0.388448
0.324566
0.324566
0.286848
0.286848
0.515524
0.515524
0.301357
0.301357
0.622226
0.622226
0.209039
0.209039
0.597167
0.597167
0.278555
0.278555
0.338336
0.338336
0.821047
0.821047
0.457299
0.457299
0.233888
0.233888
0.302967
0.302967
0.252078
0.252078
0.196326
0.196326
0.573755
0.573755
0.524975
0.524975
0.413184
0.413184
0.481307
0.481307
0.272631
0.272631
0.361461
0.361461
0.300167
0.300167
0.130601
0.130601
0.236323
0.236323
0.229164
0.229164
0.598397
0.598397
0.284313
0.284313
0.358685
0.358685
0.487917
0.487917
0.246103
0.246103
0.351387
0.351387
0.238059
0.238059
0.555679
0.555679
0.190441
0.190441
0.185317
0.185317
0.331810
0.331810
0.189436
0.189436
0.576711
0.576711
0.894312
0.894312
0.387070
0.387070
0.183944
0.183944
0.472114
0.472114
0.416377
0.416377
0.237480
0.237480
0.188015
0.188015
0.455135
0.455135
0.745942
0.745942
0.163618
0.163618
0.358284
0.358284
0.182073
0.182073
0.463176
0.463176
0.383626
0.383626
0.441056
0.441056
0.455108
0.455108
0.237466
0.237466
0.390499
0.390499
0.318826
0.318826
0.247873
0.247873
0.171482
0.171482
0.329985
0.329985
0.375169
0.375169
0.339144
0.339144
0.352681
0.352681
0.498964
0.498964
0.393523
0.393523
0.434735
0.434735
0.344940
0.344940
0.499949
0.499949
0.278985
0.278985
0.292194
0.292194
0.384529
0.384529
0.276759
0.276759
0.515387
0.515387
0.350481
0.350481
0.138059
0.138059
0.156660
0.156660
0.379653
0.379653
0.409071
0.409071
0.331215
0.331215
0.389354
0.389354
0.244235
0.244235
0.245569
0.245569
0.142025
0.142025
0.164974
0.164974
0.361950
0.361950
0.369474
0.369474
0.461494
0.461494
0.140586
0.140586
0.263365
0.263365
0.692461
0.692461
0.109764
0.109764
0.517507
0.517507
0.351982
0.351982
0.373569
0.373569
0.236047
0.236047
0.154888
0.154888
0.369270
0.369270
0.515273
0.515273
0.398232
0.398232
0.243155
0.243155
0.358323
0.358323
0.095099
0.095099
0.328470
0.328470
0.362803
0.362803
0.273268
0.273268
0.408421
0.408421
0.332112
0.332112
0.412889
0.412889
0.402739
0.402739
0.459513
0.459513
0.202102
0.202102
0.419140
0.419140
0.317713
0.317713
0.441532
0.441532
0.358104
0.358104
0.383146
0.383146
0.330115
0.330115
0.303222
0.303222
0.525694
0.525694
0.318557
0.318557
0.189401
0.189401
0.184924
0.184924
0.399001
0.399001
0.179409
0.179409
0.337886
0.337886
0.173261
0.173261
0.310533
0.310533
0.590464
0.590464
0.355513
0.355513
0.226321
0.226321
0.553794
0.553794
0.389523
0.389523
0.278980
0.278980
0.258215
0.258215
0.204935
0.204935
0.514683
0.514683
0.504098
0.504098
0.541374
0.541374
0.447353
0.447353
0.373539
0.373539
0.343439
0.343439
0.348894
0.348894
0.330088
0.330088
0.229331
0.229331
0.423905
0.423905
0.248963
0.248963
0.449914
0.449914
0.502818
0.502818
0.503600
0.503600
0.332210
0.332210
0.157684
0.157684
0.256667
0.256667
0.647564
0.647564
0.407638
0.407638
0.273608
0.273608
0.369678
0.369678
0.336490
0.336490
0.218974
0.218974
0.317726
0.317726
0.335400
0.335400
0.338041
0.338041
0.178991
0.178991
0.241592
0.241592
0.274548
0.274548
0.301987
0.301987
0.405341
0.405341
0.521307
0.521307
0.340427
0.340427
0.309887
0.309887
0.151487
0.151487
0.346423
0.346423
0.467025
0.467025
0.397796
0.397796
0.312403
0.312403
0.360162
0.360162
0.218787
0.218787
0.245497
0.245497
0.376841
0.376841
0.480656
0.480656
0.422167
0.422167
0.532268
0.532268
0.251496
0.251496
0.418204
0.418204
0.289285
0.289285
0.244112
0.244112
0.379280
0.379280
0.502090
0.502090
0.452770
0.452770
0.345615
0.345615
0.291036
0.291036
0.385294
0.385294
0.658374
0.658374
0.265251
0.265251
0.442672
0.442672
0.176248
0.176248
0.455789
0.455789
0.525856
0.525856
0.387682
0.387682
0.147413
0.147413
0.387571
0.387571
0.381164
0.381164
0.214366
0.214366
0.368728
0.368728
0.302958
0.302958
0.243899
0.243899
0.393358
0.393358
0.405698
0.405698
0.287800
0.287800
0.247472
0.247472
0.251449
0.251449
0.339203
0.339203
0.365109
0.365109
0.248658
0.248658
0.201858
0.201858
0.136412
0.136412
0.393991
0.393991
0.666225
0.666225
0.350735
0.350735
0.274341
0.274341
0.376810
0.376810
0.146159
0.146159
0.306962
0.306962
0.502468
0.502468
0.711991
0.711991
0.154664
0.154664
0.494516
0.494516
0.719910
0.719910
0.947354
0.947354
0.372833
0.372833
0.338250
0.338250
0.315797
0.315797
0.264427
0.264427
0.525439
0.525439
0.180052
0.180052
0.163749
0.163749
0.357614
0.357614
0.475636
0.475636
0.269051
0.269051
0.314232
0.314232
0.215329
0.215329
0.315453
0.315453
0.511556
0.511556
0.124472
0.124472
0.317370
0.317370
0.211658
0.211658
0.284853
0.284853
0.475737
0.475737
0.255005
0.255005
0.332353
0.332353
0.321866
0.321866
0.302729
0.302729
0.397439
0.397439
0.388217
0.388217
0.205821
0.205821
0.268959
0.268959
0.319577
0.319577
0.259802
0.259802
0.126605
0.126605
0.469420
0.469420
0.390237
0.390237
0.237388
0.237388
0.106132
0.106132
0.309364
0.309364
0.394141
0.394141
0.403854
0.403854
0.288763
0.288763
0.195067
0.195067
0.402879
0.402879
0.498472
0.498472
0.431398
0.431398
0.473736
0.473736
0.216481
0.216481
0.458227
0.458227
0.127505
0.127505
0.341074
0.341074
0.477745
0.477745
0.379425
0.379425
0.438144
0.438144
0.349729
0.349729
0.338977
0.338977
0.624455
0.624455
0.310867
0.310867
0.502939
0.502939
0.215369
0.215369
0.536662
0.536662
0.238727
0.238727
0.350901
0.350901
0.407226
0.407226
0.351565
0.351565
0.222650
0.222650
0.306925
0.306925
0.299633
0.299633
0.491391
0.491391
0.440246
0.440246
0.473345
0.473345
0.145888
0.145888
0.383918
0.383918
0.528169
0.528169
0.325501
0.325501
0.144715
0.144715
0.394674
0.394674
0.162716
0.162716
0.453166
0.453166
0.301037
0.301037
0.309701
0.309701
0.536876
0.536876
0.239286
0.239286
0.551769
0.551769
0.662964
0.662964
0.382070
0.382070
0.243240
0.243240
0.166703
0.166703
0.575329
0.575329
0.119751
0.119751
0.231947
0.231947
0.303579
0.303579
0.307750
0.307750
0.364127
0.364127
0.371425
0.371425
0.377149
0.377149
0.541278
0.541278
0.426434
0.426434
0.465846
0.465846
0.248689
0.248689
0.255945
0.255945
0.352567
0.352567
0.167183
0.167183
0.407014
0.407014
0.162690
0.162690
0.260327
0.260327
0.334189
0.334189
0.281764
0.281764
0.187570
0.187570
0.312750
0.312750
0.298418
0.298418
0.539744
0.539744
0.351017
0.351017
0.241829
0.241829
0.378058
0.378058
0.296745
0.296745
0.353600
0.353600
0.404484
0.404484
0.473295
0.473295
0.489436
0.489436
0.384687
0.384687
0.133590
0.133590
0.589517
0.589517
0.447537
0.447537
0.220466
0.220466
0.269061
0.269061
0.409566
0.409566
0.272987
0.272987
0.403338
0.403338
0.232809
0.232809
0.399851
0.399851
0.212714
0.212714
0.180128
0.180128
0.304176
0.304176
0.124756
0.124756
0.344075
0.344075
0.559246
0.559246
0.373679
0.373679
0.625061
0.625061
0.286586
0.286586
0.132053
0.132053
0.167767
0.167767
0.186411
0.186411
0.349988
0.349988
0.366925
0.366925
0.280167
0.280167
0.175758
0.175758
0.383300
0.383300
0.249893
0.249893
0.481301
0.481301
0.397444
0.397444
0.368492
0.368492
0.143601
0.143601
0.292376
0.292376
0.304564
0.304564
0.411676
0.411676
0.363378
0.363378
0.140070
0.140070
0.414286
0.414286
0.486271
0.486271
0.434182
0.434182
0.460100
0.460100
0.204837
0.204837
0.300335
0.300335
0.132033
0.132033
0.211482
0.211482
0.283264
0.283264
0.247593
0.247593
0.344363
0.344363
0.324253
0.324253
0.378478
0.378478
0.190219
0.190219
0.383747
0.383747
0.306578
0.306578
0.254243
0.254243
0.377354
0.377354
0.291169
0.291169
0.277443
0.277443
0.537468
0.537468
0.573331
0.573331
0.343977
0.343977
0.334298
0.334298
0.447746
0.447746
0.349574
0.349574
0.259762
0.259762
0.384735
0.384735
0.583434
0.583434
0.467077
0.467077
0.285284
0.285284
0.287746
0.287746
0.231024
0.231024
0.204875
0.204875
0.667756
0.667756
0.299299
0.299299
0.273320
0.273320
0.593066
0.593066
0.384215
0.384215
0.710231
0.710231
0.382858
0.382858
0.384822
0.384822
0.228080
0.228080
0.550123
0.550123
0.367587
0.367587
0.232036
0.232036
0.246729
0.246729
0.320895
0.320895
0.192358
0.192358
0.275878
0.275878
0.316678
0.316678
0.226186
0.226186
0.217930
0.217930
0.244327
0.244327
0.535064
0.535064
0.457154
0.457154
0.513874
0.513874
0.168507
0.168507
0.430450
0.430450
0.261055
0.261055
0.234848
0.234848
0.380703
0.380703
0.273175
0.273175
0.374855
0.374855
0.288440
0.288440
0.278308
0.278308
0.300266
0.300266
0.236318
0.236318
0.311507
0.311507
0.442005
0.442005
0.302522
0.302522
0.277942
0.277942
0.867375
0.867375
0.374564
0.374564
0.146783
0.146783
0.328423
0.328423
0.517299
0.517299
0.454380
0.454380
0.162728
0.162728
0.484462
0.484462
0.172149
0.172149
0.312335
0.312335
0.241062
0.241062
0.524112
0.524112
0.289187
0.289187
0.222884
0.222884
0.300170
0.300170
0.386710
0.386710
0.301510
0.301510
0.385822
0.385822
0.288590
0.288590
0.328245
0.328245
0.289691
0.289691
0.339416
0.339416
0.247709
0.247709
0.285072
0.285072
0.176755
0.176755
0.376648
0.376648
0.328624
0.328624
0.397366
0.397366
0.325447
0.325447
0.201853
0.201853
0.212649
0.212649
0.523575
0.523575
0.313601
0.313601
0.280558
0.280558
0.364226
0.364226
0.315136
0.315136
0.475683
0.475683
0.164164
0.164164
0.410169
0.410169
0.668992
0.668992
0.329037
0.329037
0.481535
0.481535
0.202729
0.202729
0.261145
0.261145
0.431687
0.431687
0.362752
0.362752
0.538956
0.538956
0.139065
0.139065
0.349966
0.349966
0.219620
0.219620
0.328412
0.328412
0.515804
0.515804
0.141732
0.141732
0.468122
0.468122
0.194657
0.194657
0.531580
0.531580
0.179175
0.179175
0.309399
0.309399
0.149529
0.149529
0.207946
0.207946
0.562814
0.562814
0.231883
0.231883
0.294409
0.294409
0.115787
0.115787
0.232485
0.232485
0.235887
0.235887
0.307303
0.307303
0.418015
0.418015
0.352371
0.352371
0.603221
0.603221
0.267631
0.267631
0.344257
0.344257
0.279877
0.279877
0.255910
0.255910
0.364864
0.364864
0.339935
0.339935
0.242565
0.242565
0.548949
0.548949
0.355759
0.355759
0.181473
0.181473
0.315440
0.315440
0.524074
0.524074
0.211943
0.211943
0.273300
0.273300
0.379838
0.379838
0.468724
0.468724
0.516838
0.516838
0.522757
0.522757
0.225963
0.225963
0.212988
0.212988
0.574208
0.574208
0.458628
0.458628
0.155784
0.155784
0.365601
0.365601
0.297726
0.297726
0.352957
0.352957
0.370935
0.370935
0.206800
0.206800
0.598668
0.598668
0.212687
0.212687
0.399437
0.399437
0.215185
0.215185
0.308024
0.308024
0.140631
0.140631
0.240231
0.240231
0.337709
0.337709
0.621690
0.621690
0.443215
0.443215
0.173396
0.173396
0.348411
0.348411
0.179724
0.179724
0.518884
0.518884
0.357257
0.357257
0.244688
0.244688
0.227909
0.227909
0.328669
0.328669
0.242555
0.242555
0.426675
0.426675
0.571243
0.571243
0.573885
0.573885
0.266674
0.266674
0.429281
0.429281
0.560729
0.560729
0.238511
0.238511
0.481847
0.481847
0.826459
0.826459
0.218219
0.218219
0.528966
0.528966
0.284520
0.284520
0.194027
0.194027
0.363023
0.363023
0.343349
0.343349
0.226280
0.226280
0.177056
0.177056
0.306383
0.306383
0.201130
0.201130
0.228647
0.228647
0.278902
0.278902
0.274143
0.274143
0.436926
0.436926
0.420601
0.420601
0.281237
0.281237
0.427542
0.427542
0.387007
0.387007
0.518537
0.518537
0.380585
0.380585
0.212963
0.212963
0.124008
0.124008
0.671135
0.671135
0.271642
0.271642
0.323429
0.323429
0.473720
0.473720
0.265454
0.265454
0.315355
0.315355
0.554485
0.554485
0.220498
0.220498
0.247202
0.247202
0.439119
0.439119
0.331649
0.331649
0.238573
0.238573
0.154902
0.154902
0.173469
0.173469
0.275389
0.275389
0.291496
0.291496
0.421303
0.421303
0.206832
0.206832
0.524013
0.524013
0.485516
0.485516
0.232565
0.232565
0.230521
0.230521
0.167668
0.167668
0.496401
0.496401
0.487075
0.487075
0.323903
0.323903
0.239390
0.239390
0.566720
0.566720
0.488670
0.488670
0.164527
0.164527
0.480851
0.480851
0.352725
0.352725
0.328608
0.328608
0.350225
0.350225
0.535091
0.535091
0.297400
0.297400
0.331390
0.331390
0.372745
0.372745
0.531234
0.531234
0.293450
0.293450
0.376290
0.376290
0.406040
0.406040
0.351806
0.351806
0.281890
0.281890
0.351334
0.351334
0.298988
0.298988
0.235863
0.235863
0.292708
0.292708
0.384900
0.384900
0.223295
0.223295
0.732486
0.732486
0.311061
0.311061
0.674924
0.674924
0.463015
0.463015
0.596594
0.596594
0.365790
0.365790
0.248822
0.248822
0.195684
0.195684
0.354996
0.354996
0.611170
0.611170
0.189978
0.189978
0.424572
0.424572
0.290511
0.290511
0.145826
0.145826
0.363607
0.363607
0.208686
0.208686
0.162746
0.162746
0.277070
0.277070
0.131328
0.131328
0.329172
0.329172
0.178857
0.178857
0.433747
0.433747
0.199267
0.199267
0.250338
0.250338
0.257425
0.257425
0.352139
0.352139
0.624726
0.624726
0.228993
0.228993
0.394340
0.394340
0.236098
0.236098
0.622563
0.622563
0.221764
0.221764
0.525169
0.525169
0.339942
0.339942
0.114355
0.114355
0.393807
0.393807
0.323787
0.323787
0.547816
0.547816
0.669995
0.669995
0.254473
0.254473
0.354276
0.354276
0.862038
0.862038
0.204129
0.204129
0.421325
0.421325
0.470023
0.470023
0.386495
0.386495
0.241954
0.241954
0.651647
0.651647
0.171651
0.171651
0.344691
0.344691
0.705806
0.705806
0.296486
0.296486
0.227696
0.227696
0.201232
0.201232
0.648735
0.648735
0.280268
0.280268
0.694845
0.694845
0.297498
0.297498
0.503534
0.503534
0.222776
0.222776
0.320616
0.320616
0.604207
0.604207
0.321167
0.321167
0.196876
0.196876
0.418117
0.418117
0.459471
0.459471
0.185173
0.185173
0.224473
0.224473
0.363294
0.363294
0.412302
0.412302
0.207010
0.207010
0.274352
0.274352
0.186852
0.186852
0.263677
0.263677
0.444264
0.444264
0.402713
0.402713
0.206645
0.206645
0.460324
0.460324
0.163951
0.163951
0.296384
0.296384
0.252525
0.252525
0.267242
0.267242
0.290931
0.290931
0.377741
0.377741
0.503313
0.503313
0.256888
0.256888
0.195456
0.195456
0.205031
0.205031
0.279839
0.279839
0.450906
0.450906
0.315913
0.315913
0.221580
0.221580
0.214444
0.214444
0.300224
0.300224
0.263263
0.263263
0.203299
0.203299
0.244273
0.244273
0.251214
0.251214
0.544937
0.544937
0.218445
0.218445
0.329791
0.329791
0.137995
0.137995
0.340654
0.340654
0.256210
0.256210
0.411653
0.411653
0.497355
0.497355
0.359307
0.359307
0.674218
0.674218
0.292126
0.292126
0.412497
0.412497
0.316285
0.316285
0.287652
0.287652
0.497991
0.497991
0.537335
0.537335
0.279267
0.279267
0.294518
0.294518
0.244475
0.244475
0.415645
0.415645
0.294262
0.294262
0.361200
0.361200
0.293910
0.293910
0.246633
0.246633
0.319014
0.319014
0.325154
0.325154
0.277093
0.277093
0.424581
0.424581
0.327349
0.327349
0.489554
0.489554
0.295277
0.295277
0.435975
0.435975
0.185613
0.185613
0.588666
0.588666
0.266883
0.266883
0.239317
0.239317
0.458820
0.458820
0.156913
0.156913
0.245671
0.245671
0.204958
0.204958
0.547869
0.547869
0.183542
0.183542
0.271449
0.271449
0.200170
0.200170
0.267020
0.267020
0.274279
0.274279
0.508180
0.508180
0.384750
0.384750
0.313233
0.313233
0.149245
0.149245
0.265013
0.265013
0.208158
0.208158
0.569020
0.569020
0.401759
0.401759
0.427516
0.427516
0.368166
0.368166
0.403301
0.403301
0.216793
0.216793
0.224943
0.224943
0.282782
0.282782
0.434533
0.434533
0.308816
0.308816
0.481646
0.481646
0.214892
0.214892
0.243514
0.243514
0.161317
0.161317
0.307900
0.307900
0.299692
0.299692
0.390482
0.390482
0.204357
0.204357
0.425252
0.425252
0.088006
0.088006
0.347599
0.347599
0.249942
0.249942
0.535645
0.535645
0.286153
0.286153
0.279000
0.279000
0.357905
0.357905
0.421564
0.421564
0.469502
0.469502
0.408383
0.408383
0.374197
0.374197
0.329275
0.329275
0.381299
0.381299
0.701090
0.701090
0.289620
0.289620
0.250501
0.250501
0.553634
0.553634
0.369303
0.369303
0.270259
0.270259
0.324866
0.324866
0.220658
0.220658
0.494060
0.494060
0.284240
0.284240
0.489870
0.489870
0.152115
0.152115
0.235492
0.235492
0.443574
0.443574
0.218370
0.218370
0.340516
0.340516
0.249250
0.249250
0.183254
0.183254
0.195199
0.195199
0.296981
0.296981
0.312782
0.312782
0.354789
0.354789
0.580923
0.580923
0.316558
0.316558
0.579518
0.579518
0.266307
0.266307
0.426558
0.426558
0.567426
0.567426
0.284862
0.284862
0.681058
0.681058
0.199639
0.199639
0.637838
0.637838
0.257583
0.257583
0.247445
0.247445
0.363152
0.363152
0.412163
0.412163
0.304780
0.304780
0.159935
0.159935
0.497405
0.497405
0.243690
0.243690
0.230158
0.230158
0.486741
0.486741
0.398778
0.398778
0.580136
0.580136
0.645146
0.645146
0.411712
0.411712
0.312713
0.312713
0.286259
0.286259
0.335099
0.335099
0.412084
0.412084
0.401931
0.401931
0.376184
0.376184
0.393757
0.393757
0.398183
0.398183
0.294021
0.294021
0.540677
0.540677
0.424407
0.424407
0.356050
0.356050
0.314928
0.314928
0.242778
0.242778
0.129085
0.129085
0.301701
0.301701
0.196800
0.196800
0.309960
0.309960
0.479002
0.479002
0.246546
0.246546
0.321729
0.321729
0.356127
0.356127
0.178521
0.178521
0.245165
0.245165
0.376685
0.376685
0.277870
0.277870
0.176096
0.176096
0.322497
0.322497
0.678189
0.678189
0.144193
0.144193
0.315715
0.315715
0.514639
0.514639
0.312155
0.312155
0.399974
0.399974
0.245520
0.245520
0.576554
0.576554
0.274352
0.274352
0.242119
0.242119
0.478785
0.478785
0.346901
0.346901
0.259114
0.259114
0.363408
0.363408
0.237866
0.237866
0.323463
0.323463
0.313680
0.313680
0.237293
0.237293
0.419328
0.419328
0.644316
0.644316
0.569132
0.569132
0.298016
0.298016
0.327628
0.327628
0.202695
0.202695
0.518944
0.518944
0.284269
0.284269
0.266287
0.266287
0.848377
0.848377
0.546044
0.546044
0.408993
0.408993
0.394496
0.394496
0.201760
0.201760
0.288637
0.288637
0.379243
0.379243
0.263881
0.263881
0.214230
0.214230
0.547742
0.547742
0.358976
0.358976
0.237895
0.237895
0.459062
0.459062
0.369415
0.369415
0.133313
0.133313
0.399540
0.399540
0.348004
0.348004
0.296934
0.296934
0.164752
0.164752
0.447642
0.447642
0.344853
0.344853
0.290566
0.290566
0.514209
0.514209
0.371779
0.371779
0.249269
0.249269
0.302219
0.302219
0.353528
0.353528
0.193826
0.193826
0.218988
0.218988
0.223497
0.223497
0.391633
0.391633
0.493620
0.493620
0.739991
0.739991
0.423756
0.423756
0.383191
0.383191
0.379632
0.379632
0.227869
0.227869
0.427423
0.427423
0.309049
0.309049
0.349299
0.349299
0.413103
0.413103
0.219055
0.219055
0.130449
0.130449
0.377876
0.377876
0.125641
0.125641
0.314910
0.314910
0.170879
0.170879
0.116973
0.116973
0.665762
0.665762
0.390898
0.390898
0.284922
0.284922
0.402370
0.402370
0.367829
0.367829
0.195785
0.195785
0.197617
0.197617
0.483391
0.483391
0.352883
0.352883
0.206516
0.206516
0.732130
0.732130
0.318762
0.318762
0.270693
0.270693
0.316377
0.316377
0.356861
0.356861
0.374875
0.374875
0.262195
0.262195
0.540659
0.540659
0.358630
0.358630
0.238971
0.238971
0.337531
0.337531
0.478842
0.478842
0.469610
0.469610
0.203137
0.203137
0.226355
0.226355
0.630419
0.630419
0.461024
0.461024
0.566063
0.566063
0.184307
0.184307
0.198812
0.198812
0.319432
0.319432
0.295954
0.295954
0.328851
0.328851
0.242296
0.242296
0.285975
0.285975
0.221994
0.221994
0.238079
0.238079
0.316311
0.316311
0.603914
0.603914
0.153615
0.153615
0.281003
0.281003
0.422519
0.422519
0.446705
0.446705
0.327184
0.327184
0.316404
0.316404
0.326732
0.326732
0.306088
0.306088
0.240441
0.240441
0.470491
0.470491
0.207145
0.207145
0.292897
0.292897
0.233381
0.233381
0.161445
0.161445
0.577828
0.577828
0.530965
0.530965
0.786252
0.786252
0.290878
0.290878
0.192392
0.192392
0.172635
0.172635
0.407374
0.407374
0.336952
0.336952
0.279332
0.279332
0.401039
0.401039
0.196179
0.196179
0.238990
0.238990
0.263926
0.263926
0.427668
0.427668
0.407300
0.407300
0.489008
0.489008
0.201443
0.201443
0.183595
0.183595
0.257857
0.257857
0.204468
0.204468
0.335635
0.335635
0.229421
0.229421
0.606334
0.606334
0.221058
0.221058
0.522199
0.522199
0.447959
0.447959
0.272897
0.272897
0.299154
0.299154
0.425371
0.425371
0.197696
0.197696
0.400351
0.400351
0.125958
0.125958
0.452423
0.452423
0.334912
0.334912
0.401031
0.401031
0.334242
0.334242
0.210735
0.210735
0.254085
0.254085
0.432236
0.432236
0.534717
0.534717
0.432745
0.432745
0.415179
0.415179
0.427200
0.427200
0.255734
0.255734
0.284140
0.284140
0.434109
0.434109
0.369463
0.369463
0.184683
0.184683
0.772469
0.772469
0.330986
0.330986
0.403403
0.403403
0.306229
0.306229
0.347203
0.347203
0.446200
0.446200
0.142101
0.142101
0.492045
0.492045
0.327304
0.327304
0.324683
0.324683
0.412204
0.412204
0.598830
0.598830
0.532395
0.532395
0.450307
0.450307
0.128854
0.128854
0.319480
0.319480
0.225796
0.225796
0.227467
0.227467
0.396378
0.396378
0.186126
0.186126
0.612105
0.612105
0.322704
0.322704
0.272607
0.272607
0.439373
0.439373
0.317069
0.317069
0.213971
0.213971
0.217076
0.217076
0.257013
0.257013
0.198020
0.198020
0.243570
0.243570
0.416751
0.416751
0.913504
0.913504
0.247739
0.247739
0.174013
0.174013
0.627666
0.627666
0.514315
0.514315
0.395611
0.395611
0.210499
0.210499
0.543732
0.543732
0.400891
0.400891
0.112073
0.112073
0.306425
0.306425
0.346532
0.346532
0.253362
0.253362
0.277450
0.277450
0.236767
0.236767
0.166291
0.166291
0.442057
0.442057
0.760706
0.760706
0.571450
0.571450
0.349046
0.349046
0.243418
0.243418
0.166288
0.166288
0.230579
0.230579
0.306173
0.306173
0.487918
0.487918
0.210889
0.210889
0.183860
0.183860
0.538925
0.538925
0.202701
0.202701
0.229018
0.229018
0.350726
0.350726
0.319898
0.319898
0.313869
0.313869
0.240119
0.240119
0.487407
0.487407
0.583932
0.583932
0.452090
0.452090
0.365288
0.365288
0.359436
0.359436
0.577908
0.577908
0.332244
0.332244
0.179537
0.179537
0.612791
0.612791
0.270376
0.270376
0.419418
0.419418
0.209233
0.209233
0.335580
0.335580
0.318452
0.318452
0.330115
0.330115
0.281921
0.281921
0.355605
0.355605
0.297701
0.297701
0.332548
0.332548
0.557719
0.557719
0.568064
0.568064
0.327612
0.327612
0.581866
0.581866
0.176218
0.176218
0.175702
0.175702
0.233153
0.233153
0.162108
0.162108
0.333276
0.333276
0.328625
0.328625
0.270417
0.270417
0.476573
0.476573
0.694370
0.694370
0.191310
0.191310
0.231583
0.231583
0.223072
0.223072
0.385091
0.385091
0.436047
0.436047
0.244281
0.244281
0.237609
0.237609
0.243040
0.243040
0.440136
0.440136
0.202849
0.202849
0.209778
0.209778
0.442505
0.442505
0.293744
0.293744
0.284714
0.284714
0.265344
0.265344
0.256823
0.256823
0.228926
0.228926
0.174607
0.174607
0.205060
0.205060
0.292097
0.292097
0.231329
0.231329
0.275405
0.275405
0.288713
0.288713
0.319109
0.319109
0.353866
0.353866
0.699702
0.699702
0.317777
0.317777
0.140485
0.140485
0.556532
0.556532
0.320242
0.320242
0.260328
0.260328
0.291664
0.291664
0.321627
0.321627
0.510967
0.510967
0.455688
0.455688
0.122764
0.122764
0.550362
0.550362
0.655574
0.655574
0.215877
0.215877
0.295612
0.295612
0.338080
0.338080
0.292792
0.292792
0.269605
0.269605
0.264992
0.264992
0.400576
0.400576
0.340208
0.340208
0.207314
0.207314
0.154743
0.154743
0.298314
0.298314
0.417085
0.417085
0.527424
0.527424
0.353391
0.353391
0.385831
0.385831
0.425135
0.425135
0.615403
0.615403
0.462670
0.462670
0.692139
0.692139
0.358813
0.358813
0.392072
0.392072
0.172325
0.172325
0.137564
0.137564
0.337091
0.337091
0.331760
0.331760
0.327455
0.327455
0.746691
0.746691
0.237041
0.237041
0.556197
0.556197
0.225531
0.225531
0.375375
0.375375
0.359997
0.359997
0.222881
0.222881
0.567055
0.567055
0.262923
0.262923
0.526553
0.526553
0.225560
0.225560
0.165020
0.165020
0.291796
0.291796
0.234020
0.234020
0.179284
0.179284
0.408547
0.408547
0.389292
0.389292
0.376358
0.376358
0.269861
0.269861
0.182955
0.182955
0.162635
0.162635
0.409731
0.409731
0.427782
0.427782
0.246635
0.246635
0.297082
0.297082
0.204329
0.204329
0.311639
0.311639
0.146845
0.146845
0.238116
0.238116
0.195759
0.195759
0.231085
0.231085
0.626689
0.626689
0.297402
0.297402
0.232078
0.232078
0.459853
0.459853
0.379557
0.379557
0.343380
0.343380
0.299448
0.299448
0.264393
0.264393
0.334080
0.334080
0.378513
0.378513
0.311373
0.311373
0.360409
0.360409
0.518474
0.518474
0.380762
0.380762
0.249411
0.249411
0.262488
0.262488
0.205826
0.205826
0.335426
0.335426
0.790345
0.790345
0.321459
0.321459
0.520323
0.520323
0.412670
0.412670
0.311311
0.311311
0.675635
0.675635
0.459353
0.459353
0.284521
0.284521
0.236247
0.236247
0.576518
0.576518
0.536609
0.536609
0.290839
0.290839
0.333302
0.333302
0.343603
0.343603
0.220063
0.220063
0.242888
0.242888
0.352974
0.352974
0.247324
0.247324
0.332928
0.332928
0.424218
0.424218
0.322097
0.322097
0.474929
0.474929
0.519285
0.519285
0.284633
0.284633
0.167243
0.167243
0.444953
0.444953
0.244918
0.244918
0.276350
0.276350
0.403839
0.403839
0.360333
0.360333
0.230400
0.230400
0.452781
0.452781
0.447697
0.447697
0.192269
0.192269
0.283258
0.283258
0.286640
0.286640
0.092776
0.092776
0.454430
0.454430
0.460181
0.460181
0.229899
0.229899
0.456596
0.456596
0.379611
0.379611
0.307412
0.307412
0.643390
0.643390
0.290109
0.290109
0.248187
0.248187
0.356189
0.356189
0.175905
0.175905
0.173960
0.173960
0.278116
0.278116
0.460226
0.460226
0.406977
0.406977
0.439939
0.439939
0.259317
0.259317
0.322494
0.322494
0.306185
0.306185
0.364839
0.364839
0.441671
0.441671
0.466410
0.466410
0.644473
0.644473
0.220325
0.220325
0.352456
0.352456
0.118072
0.118072
0.185009
0.185009
0.146890
0.146890
0.235074
0.235074
0.758365
0.758365
0.266278
0.266278
0.399776
0.399776
0.353232
0.353232
0.378531
0.378531
0.293028
0.293028
0.311269
0.311269
0.265640
0.265640
0.295269
0.295269
0.245581
0.245581
0.403798
0.403798
0.309724
0.309724
0.396905
0.396905
0.629916
0.629916
0.203606
0.203606
0.241244
0.241244
0.447792
0.447792
0.212771
0.212771
0.232965
0.232965
0.234471
0.234471
0.457696
0.457696
0.421102
0.421102
0.308860
0.308860
0.468874
0.468874
0.390528
0.390528
0.173144
0.173144
0.538814
0.538814
0.464517
0.464517
0.318250
0.318250
0.584624
0.584624
0.255089
0.255089
0.514829
0.514829
0.341340
0.341340
0.310403
0.310403
0.431846
0.431846
0.451383
0.451383
0.198336
0.198336
0.206738
0.206738
0.337365
0.337365
0.422794
0.422794
0.598274
0.598274
0.247390
0.247390
0.119577
0.119577
0.360705
0.360705
0.254397
0.254397
0.324143
0.324143
0.236875
0.236875
0.286803
0.286803
0.343930
0.343930
0.173145
0.173145
0.276172
0.276172
0.238047
0.238047
0.262155
0.262155
0.492720
0.492720
0.502983
0.502983
0.390871
0.390871
0.295467
0.295467
0.220058
0.220058
0.435443
0.435443
0.259632
0.259632
0.278836
0.278836
0.321410
0.321410
0.218571
0.218571
0.211793
0.211793
0.318260
0.318260
0.220159
0.220159
0.482788
0.482788
0.373413
0.373413
0.273516
0.273516
0.190868
0.190868
0.446728
0.446728
0.318692
0.318692
0.488197
0.488197
0.415624
0.415624
0.245786
0.245786
0.178741
0.178741
0.450860
0.450860
0.340223
0.340223
0.378873
0.378873
0.283927
0.283927
0.337798
0.337798
0.231308
0.231308
0.452792
0.452792
0.431363
0.431363
0.244409
0.244409
0.445681
0.445681
0.451830
0.451830
0.225434
0.225434
0.431405
0.431405
0.844589
0.844589
0.311907
0.311907
0.373606
0.373606
0.780004
0.780004
0.333517
0.333517
0.470659
0.470659
0.393992
0.393992
0.179862
0.179862
0.316990
0.316990
0.286555
0.286555
0.213861
0.213861
0.529245
0.529245
0.418536
0.418536
0.446355
0.446355
0.326657
0.326657
0.218832
0.218832
0.470734
0.470734
0.298466
0.298466
0.248186
0.248186
0.195050
0.195050
0.270257
0.270257
0.473581
0.473581
0.432861
0.432861
0.309990
0.309990
0.430910
0.430910
0.310456
0.310456
0.324519
0.324519
0.314323
0.314323
0.180903
0.180903
0.221728
0.221728
0.739560
0.739560
0.275969
0.275969
0.368118
0.368118
0.211521
0.211521
0.548451
0.548451
0.285278
0.285278
0.332914
0.332914
0.230670
0.230670
0.159044
0.159044
0.403459
0.403459
0.303418
0.303418
0.316128
0.316128
0.324169
0.324169
0.365150
0.365150
0.272830
0.272830
0.271784
0.271784
0.726859
0.726859
0.196366
0.196366
0.313741
0.313741
0.192690
0.192690
0.489572
0.489572
0.437677
0.437677
0.327708
0.327708
0.362463
0.362463
0.402107
0.402107
0.253833
0.253833
0.161135
0.161135
0.372932
0.372932
0.222733
0.222733
0.293899
0.293899
0.317585
0.317585
0.334737
0.334737
0.421212
0.421212
0.326726
0.326726
0.267833
0.267833
0.255834
0.255834
0.506565
0.506565
0.336957
0.336957
0.285659
0.285659
0.181562
0.181562
0.485287
0.485287
0.281378
0.281378
0.349327
0.349327
0.375002
0.375002
0.509982
0.509982
0.250071
0.250071
0.329869
0.329869
0.255222
0.255222
0.459941
0.459941
0.411712
0.411712
0.288167
0.288167
0.355121
0.355121
0.185217
0.185217
0.142964
0.142964
0.605966
0.605966
0.256604
0.256604
0.208081
0.208081
0.285811
0.285811
0.275527
0.275527
0.131403
0.131403
0.197553
0.197553
0.401965
0.401965
0.539009
0.539009
0.294558
0.294558
0.319677
0.319677
0.461064
0.461064
0.490187
0.490187
0.464873
0.464873
0.331141
0.331141
0.396627
0.396627
0.371018
0.371018
0.163646
0.163646
0.415486
0.415486
0.337309
0.337309
0.263988
0.263988
0.520314
0.520314
0.573821
0.573821
0.348646
0.348646
0.450133
0.450133
0.536896
0.536896
0.286708
0.286708
0.201917
0.201917
0.502713
0.502713
0.181724
0.181724
0.294367
0.294367
0.542426
0.542426
0.356492
0.356492
0.197660
0.197660
0.514590
0.514590
0.386617
0.386617
0.217181
0.217181
0.302947
0.302947
0.557290
0.557290
0.114397
0.114397
0.380382
0.380382
0.199637
0.199637
0.119415
0.119415
0.317017
0.317017
0.240730
0.240730
0.347446
0.347446
0.279172
0.279172
0.313981
0.313981
0.493893
0.493893
0.309868
0.309868
0.506253
0.506253
0.277430
0.277430
0.207031
0.207031
0.265537
0.265537
0.635304
0.635304
0.404924
0.404924
0.233824
0.233824
0.412520
0.412520
0.221444
0.221444
0.306789
0.306789
0.527685
0.527685
0.395637
0.395637
0.323703
0.323703
0.266597
0.266597
0.232841
0.232841
0.560121
0.560121
0.426844
0.426844
0.307167
0.307167
0.319538
0.319538
0.376370
0.376370
0.486566
0.486566
0.394342
0.394342
0.458972
0.458972
0.270710
0.270710
0.290314
0.290314
0.362250
0.362250
0.362967
0.362967
0.347404
0.347404
1.094196
1.094196
0.438636
0.438636
0.186049
0.186049
0.398009
0.398009
0.366140
0.366140
0.193674
0.193674
0.384068
0.384068
0.242549
0.242549
0.460295
0.460295
0.202905
0.202905
0.295992
0.295992
0.117818
0.117818
0.262851
0.262851
0.452172
0.452172
0.560671
0.560671
0.619560
0.619560
0.202532
0.202532
0.306859
0.306859
0.553881
0.553881
0.341507
0.341507
0.215033
0.215033
0.538738
0.538738
0.168638
0.168638
0.206071
0.206071
0.289953
0.289953
0.414140
0.414140
0.372758
0.372758
0.603920
0.603920
0.348672
0.348672
0.304771
0.304771
0.208853
0.208853
0.509631
0.509631
0.280689
0.280689
0.236422
0.236422
0.286667
0.286667
0.253433
0.253433
0.175714
0.175714
0.604389
0.604389
0.239696
0.239696
0.207115
0.207115
0.347825
0.347825
0.180080
0.180080
0.407700
0.407700
0.561510
0.561510
0.156480
0.156480
0.442470
0.442470
0.209395
0.209395
0.635930
0.635930
0.411502
0.411502
0.477926
0.477926
0.442461
0.442461
0.290165
0.290165
0.193734
0.193734
0.337593
0.337593
0.163899
0.163899
0.131080
0.131080
0.436389
0.436389
0.296191
0.296191
0.395597
0.395597
0.173308
0.173308
0.264835
0.264835
0.193627
0.193627
0.379528
0.379528
0.159804
0.159804
0.440989
0.440989
0.150522
0.150522
0.236667
0.236667
0.274562
0.274562
0.168905
0.168905
0.351239
0.351239
0.541349
0.541349
0.328356
0.328356
0.245726
0.245726
0.571418
0.571418
0.310300
0.310300
0.177168
0.177168
0.337339
0.337339
0.299958
0.299958
0.381986
0.381986
0.531270
0.531270
0.159337
0.159337
0.252741
0.252741
0.452792
0.452792
0.245111
0.245111
0.458279
0.458279
0.461038
0.461038
0.281591
0.281591
0.425218
0.425218
0.430782
0.430782
0.244627
0.244627
0.333595
0.333595
0.472248
0.472248
0.390878
0.390878
0.279213
0.279213
0.228929
0.228929
0.586775
0.586775
0.284308
0.284308
0.251755
0.251755
0.503178
0.503178
0.443773
0.443773
0.365942
0.365942
0.298513
0.298513
0.341559
0.341559
0.143594
0.143594
0.353500
0.353500
0.222681
0.222681
0.152471
0.152471
0.571592
0.571592
0.261010
0.261010
0.566222
0.566222
0.124010
0.124010
0.341001
0.341001
0.219995
0.219995
0.218281
0.218281
0.314781
0.314781
0.380533
0.380533
0.504988
0.504988
0.407777
0.407777
0.291090
0.291090
0.664053
0.664053
0.275131
0.275131
0.249790
0.249790
0.325918
0.325918
0.317585
0.317585
0.219458
0.219458
0.383829
0.383829
0.243417
0.243417
0.248730
0.248730
0.291750
0.291750
0.205766
0.205766
0.439696
0.439696
0.547015
0.547015
0.211797
0.211797
0.433095
0.433095
0.216168
0.216168
0.462195
0.462195
0.151375
0.151375
0.240155
0.240155
0.271670
0.271670
0.389666
0.389666
0.212422
0.212422
0.388977
0.388977
0.333345
0.333345
0.352813
0.352813
0.417304
0.417304
0.104868
0.104868
0.316747
0.316747
0.269664
0.269664
0.399310
0.399310
0.315069
0.315069
0.408432
0.408432
0.448656
0.448656
0.370580
0.370580
0.187096
0.187096
0.219085
0.219085
0.333693
0.333693
0.239245
0.239245
0.208281
0.208281
0.525550
0.525550
0.188194
0.188194
0.313307
0.313307
0.717982
0.717982
0.250987
0.250987
0.298065
0.298065
0.293378
0.293378
0.340628
0.340628
0.206773
0.206773
0.323512
0.323512
0.307067
0.307067
0.237248
0.237248
0.198680
0.198680
0.589612
0.589612
0.227005
0.227005
0.315726
0.315726
0.315084
0.315084
0.108725
0.108725
0.229876
0.229876
0.200466
0.200466
0.753495
0.753495
0.139498
0.139498
0.255696
0.255696
0.325463
0.325463
0.438608
0.438608
0.343634
0.343634
0.284540
0.284540
0.420799
0.420799
0.593395
0.593395
0.264242
0.264242
0.462945
0.462945
0.690050
0.690050
0.191702
0.191702
0.334744
0.334744
0.331363
0.331363
0.209860
0.209860
0.253909
0.253909
0.126025
0.126025
0.326980
0.326980
0.277020
0.277020
0.397480
0.397480
0.339217
0.339217
0.775272
0.775272
0.339349
0.339349
0.305081
0.305081
0.377037
0.377037
0.279459
0.279459
0.486933
0.486933
0.182425
0.182425
0.665459
0.665459
0.404259
0.404259
0.308692
0.308692
0.169190
0.169190
0.390473
0.390473
0.227044
0.227044
0.449351
0.449351
0.312289
0.312289
0.205488
0.205488
0.282800
0.282800
0.351905
0.351905
0.417571
0.417571
0.377364
0.377364
0.222764
0.222764
0.408060
0.408060
0.238227
0.238227
0.343720
0.343720
0.403380
0.403380
0.252503
0.252503
0.512641
0.512641
0.535175
0.535175
0.319067
0.319067
0.059044
0.059044
0.357778
0.357778
0.223073
0.223073
0.390247
0.390247
0.509620
0.509620
0.346511
0.346511
0.172170
0.172170
0.315904
0.315904
0.700945
0.700945
0.245951
0.245951
0.397617
0.397617
0.284496
0.284496
0.430121
0.430121
0.219263
0.219263
0.405062
0.405062
0.181053
0.181053
0.923664
0.923664
0.337551
0.337551
0.549994
0.549994
0.414718
0.414718
0.534163
0.534163
0.212407
0.212407
0.345733
0.345733
0.521807
0.521807
0.291778
0.291778
0.154481
0.154481
0.249289
0.249289
0.468683
0.468683
0.147580
0.147580
0.790645
0.790645
0.105265
0.105265
0.271692
0.271692
0.351810
0.351810
0.435542
0.435542
0.813000
0.813000
0.327335
0.327335
0.451028
0.451028
0.440157
0.440157
0.216750
0.216750
0.197694
0.197694
0.141091
0.141091
0.558842
0.558842
0.312688
0.312688
0.217765
0.217765
0.227363
0.227363
0.459514
0.459514
0.341523
0.341523
0.424134
0.424134
0.215878
0.215878
0.243502
0.243502
0.276858
0.276858
0.279141
0.279141
0.184784
0.184784
0.192716
0.192716
0.243769
0.243769
0.588784
0.588784
0.548740
0.548740
0.494072
0.494072
0.261161
0.261161
0.332183
0.332183
0.209802
0.209802
0.280427
0.280427
0.306758
0.306758
0.212357
0.212357
0.108385
0.108385
0.356067
0.356067
0.410928
0.410928
0.300115
0.300115
0.416471
0.416471
0.356689
0.356689
0.320425
0.320425
0.482851
0.482851
0.276120
0.276120
0.327653
0.327653
0.577562
0.577562
0.293007
0.293007
0.248355
0.248355
0.302506
0.302506
0.430417
0.430417
0.323424
0.323424
0.269804
0.269804
0.561090
0.561090
0.374012
0.374012
0.541132
0.541132
0.376891
0.376891
0.338196
0.338196
0.362760
0.362760
0.254633
0.254633
0.216104
0.216104
0.277355
0.277355
0.403698
0.403698
0.465627
0.465627
0.390956
0.390956
0.511395
0.511395
0.379622
0.379622
0.272735
0.272735
0.333066
0.333066
0.295361
0.295361
0.462262
0.462262
0.322084
0.322084
0.241798
0.241798
0.732653
0.732653
0.291123
0.291123
0.312636
0.312636
0.232198
0.232198
0.260303
0.260303
0.262474
0.262474
0.277382
0.277382
0.180708
0.180708
0.348725
0.348725
0.234638
0.234638
0.358474
0.358474
0.236667
0.236667
0.233217
0.233217
0.541657
0.541657
0.352084
0.352084
0.327386
0.327386
0.349866
0.349866
0.268512
0.268512
0.216757
0.216757
0.434589
0.434589
0.307653
0.307653
0.248832
0.248832
0.257727
0.257727
0.366963
0.366963
0.631113
0.631113
0.371215
0.371215
0.263643
0.263643
0.350779
0.350779
0.563338
0.563338
0.726410
0.726410
0.357785
0.357785
0.196526
0.196526
0.255631
0.255631
0.225852
0.225852
0.370572
0.370572
0.315783
0.315783
0.267004
0.267004
0.389862
0.389862
0.262497
0.262497
0.475768
0.475768
0.240914
0.240914
0.399770
0.399770
0.583045
0.583045
0.218451
0.218451
0.262857
0.262857
0.490139
0.490139
0.446350
0.446350
0.094729
0.094729
0.302344
0.302344
0.324406
0.324406
0.447280
0.447280
0.138615
0.138615
0.313682
0.313682
0.165104
0.165104
0.214529
0.214529
0.450006
0.450006
0.483989
0.483989
0.327592
0.327592
0.368369
0.368369
0.322853
0.322853
0.271304
0.271304
0.385284
0.385284
0.195892
0.195892
0.546131
0.546131
0.351963
0.351963
0.413824
0.413824
0.456963
0.456963
0.610155
0.610155
0.204259
0.204259
0.190158
0.190158
0.219000
0.219000
0.338629
0.338629
0.299599
0.299599
0.460479
0.460479
0.488331
0.488331
0.136023
0.136023
0.538604
0.538604
0.443823
0.443823
0.253817
0.253817
0.484741
0.484741
0.664333
0.664333
0.232561
0.232561
0.343964
0.343964
0.382531
0.382531
0.335591
0.335591
0.217807
0.217807
0.213324
0.213324
0.239047
0.239047
0.402733
0.402733
0.288170
0.288170
0.377754
0.377754
0.262401
0.262401
0.423761
0.423761
0.522357
0.522357
0.248923
0.248923
0.250271
0.250271
0.425538
0.425538
0.529522
0.529522
0.204225
0.204225
0.342842
0.342842
0.180387
0.180387
0.225057
0.225057
0.208545
0.208545
0.498940
0.498940
0.379643
0.379643
0.196438
0.196438
0.368683
0.368683
0.308433
0.308433
0.255584
0.255584
0.227751
0.227751
0.270283
0.270283
0.468698
0.468698
0.451146
0.451146
0.552408
0.552408
0.566810
0.566810
0.197073
0.197073
0.357383
0.357383
0.567596
0.567596
0.207317
0.207317
0.455085
0.455085
0.581806
0.581806
0.304181
0.304181
0.441312
0.441312
0.264754
0.264754
0.392955
0.392955
0.500875
0.500875
0.420166
0.420166
0.206140
0.206140
0.303876
0.303876
0.390506
0.390506
0.447105
0.447105
0.323320
0.323320
0.316224
0.316224
0.399288
0.399288
0.645405
0.645405
0.220055
0.220055
0.183995
0.183995
0.356431
0.356431
0.274893
0.274893
0.212315
0.212315
0.269880
0.269880
0.508553
0.508553
0.740131
0.740131
0.337638
0.337638
0.510349
0.510349
0.119194
0.119194
0.217869
0.217869
0.327750
0.327750
0.264033
0.264033
0.292138
0.292138
0.344667
0.344667
0.363975
0.363975
0.184786
0.184786
0.627796
0.627796
0.300841
0.300841
0.404986
0.404986
0.391219
0.391219
0.231996
0.231996
0.178814
0.178814
0.377435
0.377435
0.150956
0.150956
0.187981
0.187981
0.155956
0.155956
0.266597
0.266597
0.377474
0.377474
0.248449
0.248449
0.331783
0.331783
0.191843
0.191843
0.513329
0.513329
0.176092
0.176092
0.471328
0.471328
0.602313
0.602313
0.276152
0.276152
0.390849
0.390849
0.317884
0.317884
0.181158
0.181158
0.356041
0.356041
0.444621
0.444621
0.277498
0.277498
0.270858
0.270858
0.482116
0.482116
0.321665
0.321665
0.299143
0.299143
0.501126
0.501126
0.294465
0.294465
0.242433
0.242433
0.374248
0.374248
0.301396
0.301396
0.320741
0.320741
0.476957
0.476957
0.486965
0.486965
0.480271
0.480271
0.520512
0.520512
0.314080
0.314080
0.500728
0.500728
0.417417
0.417417
0.155869
0.155869
0.617399
0.617399
0.182087
0.182087
0.320714
0.320714
0.343087
0.343087
0.318518
0.318518
0.429670
0.429670
0.484649
0.484649
0.750685
0.750685
0.477408
0.477408
0.221897
0.221897
0.258518
0.258518
0.150478
0.150478
0.558051
0.558051
0.359033
0.359033
0.568311
0.568311
0.360479
0.360479
0.575987
0.575987
0.297322
0.297322
0.844995
0.844995
0.196915
0.196915
0.281872
0.281872
0.307226
0.307226
0.466362
0.466362
0.266962
0.266962
0.183046
0.183046
0.168644
0.168644
0.302610
0.302610
0.180915
0.180915
0.264562
0.264562
0.274860
0.274860
0.436287
0.436287
0.427749
0.427749
0.219014
0.219014
0.316855
0.316855
0.110680
0.110680
0.263110
0.263110
0.407005
0.407005
0.267177
0.267177
0.222560
0.222560
0.192825
0.192825
0.427819
0.427819
0.396998
0.396998
0.611396
0.611396
0.316747
0.316747
0.293125
0.293125
0.248383
0.248383
0.176395
0.176395
0.206888
0.206888
0.332368
0.332368
0.215618
0.215618
0.275085
0.275085
0.265570
0.265570
0.298964
0.298964
0.538856
0.538856
0.348764
0.348764
0.371765
0.371765
0.450567
0.450567
0.462491
0.462491
0.729111
0.729111
0.304965
0.304965
0.535319
0.535319
0.357626
0.357626
0.231885
0.231885
0.293727
0.293727
0.353566
0.353566
0.381550
0.381550
0.217358
0.217358
0.224048
0.224048
0.147454
0.147454
0.260938
0.260938
0.351126
0.351126
0.306698
0.306698
0.398356
0.398356
0.137320
0.137320
0.295571
0.295571
0.421481
0.421481
0.142372
0.142372
0.181476
0.181476
0.289958
0.289958
0.296102
0.296102
0.289949
0.289949
0.282721
0.282721
0.418221
0.418221
0.251909
0.251909
0.293457
0.293457
0.291349
0.291349
0.173261
0.173261
0.170883
0.170883
0.397000
0.397000
0.480419
0.480419
0.372043
0.372043
0.395735
0.395735
0.375596
0.375596
0.278483
0.278483
0.229287
0.229287
0.308354
0.308354
0.470230
0.470230
0.596595
0.596595
0.243406
0.243406
0.225696
0.225696
0.492642
0.492642
0.338706
0.338706
0.234887
0.234887
0.191357
0.191357
0.300786
0.300786
0.373886
0.373886
0.412584
0.412584
0.485911
0.485911
0.315511
0.315511
0.236230
0.236230
0.648802
0.648802
0.292900
0.292900
0.386354
0.386354
0.416446
0.416446
0.146916
0.146916
0.342162
0.342162
0.136885
0.136885
0.343345
0.343345
0.362314
0.362314
0.309348
0.309348
0.282215
0.282215
0.334269
0.334269
0.650209
0.650209
0.256507
0.256507
0.162210
0.162210
0.205066
0.205066
0.417242
0.417242
0.471646
0.471646
0.219520
0.219520
0.545288
0.545288
0.517355
0.517355
0.242253
0.242253
0.289225
0.289225
0.164028
0.164028
0.376113
0.376113
0.242678
0.242678
0.420819
0.420819
0.341979
0.341979
0.176292
0.176292
0.384414
0.384414
0.297980
0.297980
0.147084
0.147084
0.282894
0.282894
0.228719
0.228719
0.414465
0.414465
0.191751
0.191751
0.419652
0.419652
0.406362
0.406362
0.502978
0.502978
0.511233
0.511233
0.174135
0.174135
0.321986
0.321986
0.302570
0.302570
0.286272
0.286272
0.277454
0.277454
0.668217
0.668217
0.364949
0.364949
0.496471
0.496471
0.211920
0.211920
0.274035
0.274035
0.348795
0.348795
0.526122
0.526122
0.187518
0.187518
0.691821
0.691821
0.267497
0.267497
0.482643
0.482643
0.643354
0.643354
0.667718
0.667718
0.279218
0.279218
0.298979
0.298979
0.323132
0.323132
0.572284
0.572284
0.383334
0.383334
0.256934
0.256934
0.299787
0.299787
0.334693
0.334693
0.483662
0.483662
0.468077
0.468077
0.173887
0.173887
0.179672
0.179672
0.378277
0.378277
0.301713
0.301713
0.387319
0.387319
0.363471
0.363471
0.413809
0.413809
0.162976
0.162976
0.190954
0.190954
0.120103
0.120103
0.446741
0.446741
0.411518
0.411518
0.075912
0.075912
0.177069
0.177069
0.179239
0.179239
0.241113
0.241113
0.558062
0.558062
0.372839
0.372839
0.383585
0.383585
0.418037
0.418037
0.342435
0.342435
0.212019
0.212019
0.374864
0.374864
0.380284
0.380284
0.563580
0.563580
0.410391
0.410391
0.258592
0.258592
0.179933
0.179933
0.242001
0.242001
0.300419
0.300419
0.345199
0.345199
0.377995
0.377995
0.304021
0.304021
0.405645
0.405645
0.625969
0.625969
0.161144
0.161144
0.383712
0.383712
0.284366
0.284366
0.631245
0.631245
0.217570
0.217570
0.319584
0.319584
0.417035
0.417035
0.190924
0.190924
0.505379
0.505379
0.485736
0.485736
0.265936
0.265936
0.283545
0.283545
0.453833
0.453833
0.201718
0.201718
0.206467
0.206467
0.171750
0.171750
0.451148
0.451148
0.274617
0.274617
0.427900
0.427900
0.157154
0.157154
0.414577
0.414577
0.596354
0.596354
0.207836
0.207836
0.461944
0.461944
0.182097
0.182097
0.138939
0.138939
0.363498
0.363498
0.376970
0.376970
0.341005
0.341005
0.362377
0.362377
0.305412
0.305412
0.486566
0.486566
0.292691
0.292691
0.633979
0.633979
0.386854
0.386854
0.395698
0.395698
0.183382
0.183382
0.287571
0.287571
0.319555
0.319555
0.326646
0.326646
0.252650
0.252650
0.341446
0.341446
0.430603
0.430603
0.649959
0.649959
0.245757
0.245757
0.413535
0.413535
0.228543
0.228543
0.307743
0.307743
0.367339
0.367339
0.317610
0.317610
0.355109
0.355109
0.156672
0.156672
0.251930
0.251930
0.340145
0.340145
0.264637
0.264637
0.282967
0.282967
0.283456
0.283456
0.204545
0.204545
0.621505
0.621505
0.277189
0.277189
0.378299
0.378299
0.123482
0.123482
0.331941
0.331941
0.327872
0.327872
0.277022
0.277022
0.324936
0.324936
0.249160
0.249160
0.273775
0.273775
0.230155
0.230155
0.393461
0.393461
0.525963
0.525963
0.190250
0.190250
0.443971
0.443971
0.388249
0.388249
0.654189
0.654189
0.534572
0.534572
0.356500
0.356500
0.295679
0.295679
0.241086
0.241086
0.340411
0.340411
0.237885
0.237885
0.425570
0.425570
0.340600
0.340600
0.407033
0.407033
0.348470
0.348470
0.384767
0.384767
0.286161
0.286161
0.237447
0.237447
0.609622
0.609622
0.405054
0.405054
0.201597
0.201597
0.349736
0.349736
0.361842
0.361842
0.297205
0.297205
0.421522
0.421522
0.379671
0.379671
0.923579
0.923579
0.621336
0.621336
0.279244
0.279244
0.308172
0.308172
0.406265
0.406265
0.354438
0.354438
0.269454
0.269454
0.272540
0.272540
0.204890
0.204890
0.340571
0.340571
0.249002
0.249002
0.155193
0.155193
0.456760
0.456760
0.131239
0.131239
0.359809
0.359809
0.198643
0.198643
0.400622
0.400622
0.214636
0.214636
0.083897
0.083897
0.408251
0.408251
0.343248
0.343248
0.205652
0.205652
0.092772
0.092772
0.154928
0.154928
0.537293
0.537293
0.379688
0.379688
0.428836
0.428836
0.340352
0.340352
0.256668
0.256668
0.466732
0.466732
0.424032
0.424032
0.448055
0.448055
0.314365
0.314365
0.359465
0.359465
0.268891
0.268891
0.176107
0.176107
0.408200
0.408200
0.172466
0.172466
0.476728
0.476728
0.452417
0.452417
0.308018
0.308018
0.202810
0.202810
0.475131
0.475131
0.451899
0.451899
0.268746
0.268746
0.433024
0.433024
0.276147
0.276147
0.330007
0.330007
0.331654
0.331654
0.256622
0.256622
0.274335
0.274335
0.264336
0.264336
0.278763
0.278763
0.432773
0.432773
0.242597
0.242597
0.318445
0.318445
0.313399
0.313399
0.426803
0.426803
0.516209
0.516209
0.271036
0.271036
0.206198
0.206198
0.464199
0.464199
0.249119
0.249119
0.312171
0.312171
0.230007
0.230007
0.373971
0.373971
0.469206
0.469206
0.216230
0.216230
0.323124
0.323124
0.336547
0.336547
0.408968
0.408968
0.352609
0.352609
0.315198
0.315198
0.375974
0.375974
0.231305
0.231305
0.407364
0.407364
0.097482
0.097482
0.236368
0.236368
0.489230
0.489230
0.440855
0.440855
0.471054
0.471054
0.368455
0.368455
0.430303
0.430303
0.487110
0.487110
0.466397
0.466397
0.510871
0.510871
0.132973
0.132973
0.138316
0.138316
0.264624
0.264624
0.253595
0.253595
0.455612
0.455612
0.263797
0.263797
0.552795
0.552795
0.205016
0.205016
0.532492
0.532492
0.331487
0.331487
0.210910
0.210910
0.340904
0.340904
0.259957
0.259957
0.345897
0.345897
0.618948
0.618948
0.154395
0.154395
0.323243
0.323243
0.511330
0.511330
0.493469
0.493469
0.214458
0.214458
0.405387
0.405387
0.294226
0.294226
0.159501
0.159501
0.435991
0.435991
0.248727
0.248727
0.295157
0.295157
0.204208
0.204208
0.786965
0.786965
0.647382
0.647382
0.432176
0.432176
0.274394
0.274394
0.318265
0.318265
0.317746
0.317746
0.259471
0.259471
0.508065
0.508065
0.508023
0.508023
0.536178
0.536178
0.221528
0.221528
0.338281
0.338281
0.398321
0.398321
0.205733
0.205733
0.402813
0.402813
0.267744
0.267744
0.374558
0.374558
0.226236
0.226236
0.329008
0.329008
0.224925
0.224925
0.151957
0.151957
0.305572
0.305572
0.129660
0.129660
0.439513
0.439513
0.490859
0.490859
0.363080
0.363080
0.471705
0.471705
0.209157
0.209157
0.415890
0.415890
0.384949
0.384949
0.163402
0.163402
0.610503
0.610503
0.210843
0.210843
0.729152
0.729152
0.357420
0.357420
0.241831
0.241831
0.248595
0.248595
0.098575
0.098575
0.304912
0.304912
0.351611
0.351611
0.335215
0.335215
0.129053
0.129053
0.256487
0.256487
0.216312
0.216312
0.433779
0.433779
0.362662
0.362662
0.257761
0.257761
0.517107
0.517107
0.581663
0.581663
0.513590
0.513590
0.215430
0.215430
0.567240
0.567240
0.277922
0.277922
0.304946
0.304946
0.284950
0.284950
0.416501
0.416501
0.201485
0.201485
0.394551
0.394551
0.283175
0.283175
0.677639
0.677639
0.289817
0.289817
0.178547
0.178547
0.344552
0.344552
0.175502
0.175502
0.536243
0.536243
0.173038
0.173038
0.201773
0.201773
0.181549
0.181549
0.175673
0.175673
0.331160
0.331160
0.261671
0.261671
0.548226
0.548226
0.152650
0.152650
0.325549
0.325549
0.471489
0.471489
0.151287
0.151287
0.274469
0.274469
0.408635
0.408635
0.329007
0.329007
0.411740
0.411740
0.507031
0.507031
0.269390
0.269390
0.189445
0.189445
0.262998
0.262998
0.389107
0.389107
0.228743
0.228743
0.380463
0.380463
0.225633
0.225633
0.195522
0.195522
0.336021
0.336021
0.205919
0.205919
0.646779
0.646779
0.468844
0.468844
0.439301
0.439301
0.327782
0.327782
0.176977
0.176977
0.371654
0.371654
0.398518
0.398518
0.374703
0.374703
0.302727
0.302727
0.397183
0.397183
0.491734
0.491734
0.223475
0.223475
0.601930
0.601930
0.489540
0.489540
0.512537
0.512537
0.308400
0.308400
0.375061
0.375061
0.441222
0.441222
0.450905
0.450905
0.132840
0.132840
0.145057
0.145057
0.699930
0.699930
0.184569
0.184569
0.188672
0.188672
0.466320
0.466320
0.387697
0.387697
0.322301
0.322301
0.282476
0.282476
0.150833
0.150833
0.338336
0.338336
0.541291
0.541291
0.240013
0.240013
0.302175
0.302175
0.501359
0.501359
0.163212
0.163212
0.173510
0.173510
0.193211
0.193211
0.237937
0.237937
0.376882
0.376882
0.339823
0.339823
0.236005
0.236005
0.409497
0.409497
0.576301
0.576301
0.285455
0.285455
0.191871
0.191871
0.206699
0.206699
0.305503
0.305503
0.295226
0.295226
0.441739
0.441739
0.389861
0.389861
0.565357
0.565357
0.191691
0.191691
0.414509
0.414509
0.135688
0.135688
0.185621
0.185621
0.161184
0.161184
0.510458
0.510458
0.461297
0.461297
0.351200
0.351200
0.226773
0.226773
0.309256
0.309256
0.254705
0.254705
0.337025
0.337025
0.249910
0.249910
0.521107
0.521107
0.270149
0.270149
0.445598
0.445598
0.278169
0.278169
0.353221
0.353221
0.526457
0.526457
0.312969
0.312969
0.479111
0.479111
0.209246
0.209246
0.356870
0.356870
0.352594
0.352594
0.264788
0.264788
0.287073
0.287073
0.205864
0.205864
0.235694
0.235694
0.408597
0.408597
0.201015
0.201015
0.435439
0.435439
0.250753
0.250753
0.240192
0.240192
0.445860
0.445860
0.305446
0.305446
0.170239
0.170239
0.318069
0.318069
0.370511
0.370511
0.400257
0.400257
0.420097
0.420097
0.447678
0.447678
0.332548
0.332548
0.229343
0.229343
0.318218
0.318218
0.738065
0.738065
0.551143
0.551143
0.181339
0.181339
0.188042
0.188042
0.676779
0.676779
0.190650
0.190650
0.701612
0.701612
0.262508
0.262508
0.331743
0.331743
0.446054
0.446054
0.285253
0.285253
0.167588
0.167588
0.418999
0.418999
0.557089
0.557089
0.514362
0.514362
0.262566
0.262566
0.297769
0.297769
0.308855
0.308855
0.328039
0.328039
0.257364
0.257364
0.389320
0.389320
0.565610
0.565610
0.294373
0.294373
0.471488
0.471488
0.352578
0.352578
0.734239
0.734239
0.381200
0.381200
0.342991
0.342991
0.295958
0.295958
0.321786
0.321786
0.442422
0.442422
0.569003
0.569003
0.401073
0.401073
0.294409
0.294409
0.234322
0.234322
0.152876
0.152876
0.292452
0.292452
0.247005
0.247005
0.241751
0.241751
0.205730
0.205730
0.195914
0.195914
0.221961
0.221961
0.265885
0.265885
0.330065
0.330065
0.421401
0.421401
0.254852
0.254852
0.198670
0.198670
0.305627
0.305627
0.610434
0.610434
0.212959
0.212959
0.303065
0.303065
0.475109
0.475109
0.233100
0.233100
0.631237
0.631237
0.392046
0.392046
0.754663
0.754663
0.212133
0.212133
0.309683
0.309683
0.333093
0.333093
0.295397
0.295397
0.362409
0.362409
0.208992
0.208992
0.339121
0.339121
0.270231
0.270231
0.355651
0.355651
0.205427
0.205427
0.387446
0.387446
0.543102
0.543102
0.738051
0.738051
0.317647
0.317647
0.513765
0.513765
0.509333
0.509333
0.244355
0.244355
0.581529
0.581529
0.308439
0.308439
0.251815
0.251815
0.654238
0.654238
0.343437
0.343437
0.144819
0.144819
0.434384
0.434384
0.332799
0.332799
0.338405
0.338405
0.369588
0.369588
0.238146
0.238146
0.455917
0.455917
0.268766
0.268766
0.593134
0.593134
0.714622
0.714622
0.184620
0.184620
0.461044
0.461044
0.217498
0.217498
0.276613
0.276613
0.163990
0.163990
0.375384
0.375384
0.257628
0.257628
0.534040
0.534040
0.459810
0.459810
0.273909
0.273909
0.210844
0.210844
0.197153
0.197153
0.656258
0.656258
0.328453
0.328453
0.152871
0.152871
0.568321
0.568321
0.272624
0.272624
0.384735
0.384735
0.281216
0.281216
0.451995
0.451995
0.453151
0.453151
0.497410
0.497410
0.295680
0.295680
0.551461
0.551461
0.264189
0.264189
0.497481
0.497481
0.141434
0.141434
0.288584
0.288584
0.477495
0.477495
0.338453
0.338453
0.553445
0.553445
0.252135
0.252135
0.606733
0.606733
0.502049
0.502049
0.235138
0.235138
0.186195
0.186195
0.535997
0.535997
0.328303
0.328303
0.588200
0.588200
0.254635
0.254635
0.422807
0.422807
0.649590
0.649590
0.287956
0.287956
0.286067
0.286067
0.140045
0.140045
0.421138
0.421138
0.774260
0.774260
0.164574
0.164574
0.224185
0.224185
0.279614
0.279614
0.209398
0.209398
0.221757
0.221757
0.318133
0.318133
0.237353
0.237353
0.223780
0.223780
0.338649
0.338649
0.283364
0.283364
0.189455
0.189455
0.389713
0.389713
0.344691
0.344691
0.288365
0.288365
0.288631
0.288631
0.098867
0.098867
0.248633
0.248633
0.275566
0.275566
0.248659
0.248659
0.298124
0.298124
0.510540
0.510540
0.233478
0.233478
0.205087
0.205087
0.486718
0.486718
0.154435
0.154435
0.275146
0.275146
0.255283
0.255283
0.166976
0.166976
0.218013
0.218013
0.182649
0.182649
0.185621
0.185621
0.434022
0.434022
0.298127
0.298127
0.531314
0.531314
0.502357
0.502357
0.210809
0.210809
0.236227
0.236227
0.268585
0.268585
0.407201
0.407201
0.343982
0.343982
0.840415
0.840415
0.441557
0.441557
0.324733
0.324733
0.140453
0.140453
0.382088
0.382088
0.350227
0.350227
0.251551
0.251551
0.197552
0.197552
0.427135
0.427135
0.490769
0.490769
0.417844
0.417844
0.350759
0.350759
0.449317
0.449317
0.319532
0.319532
0.400371
0.400371
0.209808
0.209808
0.094526
0.094526
0.398773
0.398773
0.144170
0.144170
0.276030
0.276030
0.281571
0.281571
0.378313
0.378313
0.207083
0.207083
0.296134
0.296134
0.511162
0.511162
0.210736
0.210736
0.316342
0.316342
0.365443
0.365443
0.275067
0.275067
0.231883
0.231883
0.321173
0.321173
0.159779
0.159779
0.360321
0.360321
0.252871
0.252871
0.395615
0.395615
0.297506
0.297506
0.443135
0.443135
0.365599
0.365599
0.221057
0.221057
0.392176
0.392176
0.269300
0.269300
0.219553
0.219553
0.309896
0.309896
0.417581
0.417581
0.357501
0.357501
0.382232
0.382232
0.233780
0.233780
0.146619
0.146619
0.215437
0.215437
0.209240
0.209240
0.398382
0.398382
0.310112
0.310112
0.849344
0.849344
0.337511
0.337511
0.347125
0.347125
0.382981
0.382981
0.151073
0.151073
0.346965
0.346965
0.287483
0.287483
0.305624
0.305624
0.429528
0.429528
0.471069
0.471069
0.272240
0.272240
0.580600
0.580600
0.253388
0.253388
0.273416
0.273416
0.302297
0.302297
0.409241
0.409241
0.233423
0.233423
0.336486
0.336486
0.237519
0.237519
0.394776
0.394776
0.545902
0.545902
0.420445
0.420445
0.227203
0.227203
0.194507
0.194507
0.246309
0.246309
0.200200
0.200200
0.367389
0.367389
0.325588
0.325588
0.313003
0.313003
0.272727
0.272727
0.251872
0.251872
0.441372
0.441372
0.685687
0.685687
0.095278
0.095278
0.558134
0.558134
0.330630
0.330630
0.394488
0.394488
0.720179
0.720179
0.434528
0.434528
0.630447
0.630447
0.246001
0.246001
0.319875
0.319875
0.274891
0.274891
0.493111
0.493111
0.416242
0.416242
0.213370
0.213370
0.240223
0.240223
0.263920
0.263920
0.272657
0.272657
0.212941
0.212941
0.340074
0.340074
0.154373
0.154373
0.300385
0.300385
0.189604
0.189604
0.345290
0.345290
0.520044
0.520044
0.259780
0.259780
0.253754
0.253754
0.486737
0.486737
0.229003
0.229003
0.230056
0.230056
0.200215
0.200215
0.215323
0.215323
0.288638
0.288638
0.302745
0.302745
0.220646
0.220646
0.417468
0.417468
0.375736
0.375736
0.099307
0.099307
0.256542
0.256542
0.419583
0.419583
0.146741
0.146741
0.363166
0.363166
0.283691
0.283691
0.485826
0.485826
0.452277
0.452277
0.540350
0.540350
0.435356
0.435356
0.199805
0.199805
0.358108
0.358108
0.223425
0.223425
0.299619
0.299619
0.600398
0.600398
0.334738
0.334738
0.352795
0.352795
0.406620
0.406620
0.246421
0.246421
0.372357
0.372357
0.373782
0.373782
0.573685
0.573685
0.337117
0.337117
0.128739
0.128739
0.256568
0.256568
0.314052
0.314052
0.153106
0.153106
0.197292
0.197292
0.785162
0.785162
0.348818
0.348818
0.149686
0.149686
0.315928
0.315928
0.433708
0.433708
0.329808
0.329808
0.136906
0.136906
0.482275
0.482275
0.579262
0.579262
0.293946
0.293946
0.244768
0.244768
0.297926
0.297926
0.270094
0.270094
0.167628
0.167628
0.505371
0.505371
0.210483
0.210483
0.314128
0.314128
0.376823
0.376823
0.337789
0.337789
0.551879
0.551879
0.515034
0.515034
0.427619
0.427619
0.289504
0.289504
0.242553
0.242553
0.378296
0.378296
0.487147
0.487147
0.388501
0.388501
0.181412
0.181412
0.245690
0.245690
0.333869
0.333869
0.459233
0.459233
0.383352
0.383352
0.219614
0.219614
0.472708
0.472708
0.137672
0.137672
0.404852
0.404852
0.411369
0.411369
0.294991
0.294991
0.534775
0.534775
0.178563
0.178563
0.593333
0.593333
0.265448
0.265448
0.486321
0.486321
0.600709
0.600709
0.117724
0.117724
0.392563
0.392563
0.247987
0.247987
0.211931
0.211931
0.531165
0.531165
0.253426
0.253426
0.309572
0.309572
0.383839
0.383839
0.252158
0.252158
0.337557
0.337557
0.361729
0.361729
0.360784
0.360784
0.298067
0.298067
0.227632
0.227632
0.460376
0.460376
0.471029
0.471029
0.281319
0.281319
0.302077
0.302077
0.477792
0.477792
0.287477
0.287477
0.195589
0.195589
0.301208
0.301208
0.324141
0.324141
0.227146
0.227146
0.305160
0.305160
0.485610
0.485610
0.300324
0.300324
0.767263
0.767263
0.311500
0.311500
0.752843
0.752843
0.484740
0.484740
0.388548
0.388548
0.247776
0.247776
0.644248
0.644248
0.331676
0.331676
0.203197
0.203197
0.220308
0.220308
0.331518
0.331518
0.508033
0.508033
0.342124
0.342124
0.386046
0.386046
0.452405
0.452405
0.309631
0.309631
0.311743
0.311743
0.355402
0.355402
0.423835
0.423835
0.505702
0.505702
0.260818
0.260818
0.469523
0.469523
0.389291
0.389291
0.389045
0.389045
0.462637
0.462637
0.250502
0.250502
0.254234
0.254234
0.345830
0.345830
0.291079
0.291079
0.485442
0.485442
0.190054
0.190054
0.241770
0.241770
0.279083
0.279083
0.296979
0.296979
0.197767
0.197767
0.359899
0.359899
0.756839
0.756839
0.436152
0.436152
0.242775
0.242775
0.199097
0.199097
0.420815
0.420815
0.356693
0.356693
0.318272
0.318272
0.481883
0.481883
0.170305
0.170305
0.295332
0.295332
0.418357
0.418357
0.116421
0.116421
0.462143
0.462143
0.267841
0.267841
0.294981
0.294981
0.407233
0.407233
0.448104
0.448104
0.478950
0.478950
0.168384
0.168384
0.166119
0.166119
0.329500
0.329500
0.305427
0.305427
0.381699
0.381699
0.576721
0.576721
0.223356
0.223356
0.157072
0.157072
0.307826
0.307826
0.246113
0.246113
0.309201
0.309201
0.228318
0.228318
0.194051
0.194051
0.178043
0.178043
0.798594
0.798594
0.386160
0.386160
0.266885
0.266885
0.305505
0.305505
0.133066
0.133066
0.293717
0.293717
0.790004
0.790004
0.273056
0.273056
0.247057
0.247057
0.129575
0.129575
0.295443
0.295443
0.430016
0.430016
0.285027
0.285027
0.231237
0.231237
0.362050
0.362050
0.095552
0.095552
0.484707
0.484707
0.479642
0.479642
0.210417
0.210417
0.447378
0.447378
0.321953
0.321953
0.213416
0.213416
0.344857
0.344857
0.585443
0.585443
0.230884
0.230884
0.109436
0.109436
0.128168
0.128168
0.606826
0.606826
0.811742
0.811742
0.244143
0.244143
0.307136
0.307136
0.489660
0.489660
0.222690
0.222690
0.091046
0.091046
0.423635
0.423635
0.229337
0.229337
0.321938
0.321938
0.369628
0.369628
0.321318
0.321318
0.329761
0.329761
0.198974
0.198974
0.238339
0.238339
0.371982
0.371982
0.428669
0.428669
0.228481
0.228481
0.064595
0.064595
0.534873
0.534873
0.482202
0.482202
0.280400
0.280400
0.142667
0.142667
0.431147
0.431147
0.212470
0.212470
0.301712
0.301712
0.375843
0.375843
0.224699
0.224699
0.307642
0.307642
0.480182
0.480182
0.327772
0.327772
0.429465
0.429465
0.296167
0.296167
0.293406
0.293406
0.242857
0.242857
0.459615
0.459615
0.399625
0.399625
0.166888
0.166888
0.255350
0.255350
0.260156
0.260156
0.543158
0.543158
0.288237
0.288237
0.307144
0.307144
0.295533
0.295533
0.226555
0.226555
0.619665
0.619665
0.151375
0.151375
0.504479
0.504479
0.538506
0.538506
0.458045
0.458045
0.563714
0.563714
0.307268
0.307268
0.154962
0.154962
0.516212
0.516212
0.407928
0.407928
0.246567
0.246567
0.238446
0.238446
0.309276
0.309276
0.165074
0.165074
0.297576
0.297576
0.255818
0.255818
0.319723
0.319723
0.381252
0.381252
0.356424
0.356424
0.197590
0.197590
0.257962
0.257962
0.358990
0.358990
0.511040
0.511040
0.489072
0.489072
0.451768
0.451768
0.375709
0.375709
0.182169
0.182169
0.819554
0.819554
0.207785
0.207785
0.400435
0.400435
0.302974
0.302974
0.232390
0.232390
0.143655
0.143655
0.400740
0.400740
0.809712
0.809712
0.286130
0.286130
0.420718
0.420718
0.194849
0.194849
0.398010
0.398010
0.527170
0.527170
0.519476
0.519476
0.312193
0.312193
0.286654
0.286654
0.206910
0.206910
0.340821
0.340821
0.575213
0.575213
0.249022
0.249022
0.657288
0.657288
0.225548
0.225548
0.410764
0.410764
0.334068
0.334068
0.305936
0.305936
0.567845
0.567845
0.523269
0.523269
0.411358
0.411358
0.326978
0.326978
0.378011
0.378011
0.266654
0.266654
0.350647
0.350647
0.520083
0.520083
0.291495
0.291495
0.355057
0.355057
0.315581
0.315581
0.351764
0.351764
0.339065
0.339065
0.386829
0.386829
0.302400
0.302400
0.455340
0.455340
0.210444
0.210444
0.338315
0.338315
0.256460
0.256460
0.217409
0.217409
0.323423
0.323423
0.335429
0.335429
0.281164
0.281164
0.241258
0.241258
0.535921
0.535921
0.336535
0.336535
0.362323
0.362323
0.197814
0.197814
0.524703
0.524703
0.554653
0.554653
0.215121
0.215121
0.108152
0.108152
0.370118
0.370118
0.221448
0.221448
0.275031
0.275031
0.513024
0.513024
0.300600
0.300600
0.412782
0.412782
0.441100
0.441100
0.183591
0.183591
0.169408
0.169408
0.401568
0.401568
0.247527
0.247527
0.312696
0.312696
0.296484
0.296484
0.600186
0.600186
0.654100
0.654100
0.163830
0.163830
0.366409
0.366409
0.119176
0.119176
0.325412
0.325412
0.255365
0.255365
0.455447
0.455447
0.341595
0.341595
0.146648
0.146648
0.455243
0.455243
0.341067
0.341067
0.157331
0.157331
0.238418
0.238418
0.187761
0.187761
0.249230
0.249230
0.423352
0.423352
0.182973
0.182973
0.339514
0.339514
0.420846
0.420846
0.350138
0.350138
0.447353
0.447353
0.382307
0.382307
0.222261
0.222261
0.310667
0.310667
0.421087
0.421087
0.307478
0.307478
0.309562
0.309562
0.333224
0.333224
0.455467
0.455467
0.368285
0.368285
0.354139
0.354139
0.608495
0.608495
0.262258
0.262258
0.342348
0.342348
0.199628
0.199628
0.477972
0.477972
0.174740
0.174740
0.282788
0.282788
0.251130
0.251130
0.337701
0.337701
0.190037
0.190037
0.203904
0.203904
0.461133
0.461133
0.435900
0.435900
0.114424
0.114424
0.338807
0.338807
0.255152
0.255152
0.216753
0.216753
0.220551
0.220551
0.339010
0.339010
0.423055
0.423055
0.164257
0.164257
0.325286
0.325286
0.405965
0.405965
0.362410
0.362410
0.128308
0.128308
0.194029
0.194029
0.579817
0.579817
0.221222
0.221222
0.677199
0.677199
0.365223
0.365223
0.390082
0.390082
0.286115
0.286115
0.375625
0.375625
0.289908
0.289908
0.275985
0.275985
0.337997
0.337997
0.338854
0.338854
0.329798
0.329798
0.292825
0.292825
0.413724
0.413724
0.435035
0.435035
0.319305
0.319305
0.518154
0.518154
0.381803
0.381803
0.514873
0.514873
0.601623
0.601623
0.271748
0.271748
0.226336
0.226336
0.413446
0.413446
0.208203
0.208203
0.388221
0.388221
0.438317
0.438317
0.239349
0.239349
0.175803
0.175803
0.309830
0.309830
0.219745
0.219745
0.461202
0.461202
0.253684
0.253684
0.136713
0.136713
0.457387
0.457387
0.209929
0.209929
0.533464
0.533464
0.214645
0.214645
0.295050
0.295050
0.698530
0.698530
0.403722
0.403722
0.413089
0.413089
0.187123
0.187123
0.379287
0.379287
0.203387
0.203387
0.354558
0.354558
0.487763
0.487763
0.240857
0.240857
0.146700
0.146700
0.287421
0.287421
0.246725
0.246725
0.343435
0.343435
0.267164
0.267164
0.767813
0.767813
0.311409
0.311409
0.251191
0.251191
0.380220
0.380220
0.124912
0.124912
0.529835
0.529835
0.256138
0.256138
0.143946
0.143946
0.143360
0.143360
0.114114
0.114114
0.358724
0.358724
0.552265
0.552265
0.234014
0.234014
0.550375
0.550375
0.450209
0.450209
0.333239
0.333239
0.460803
0.460803
0.794940
0.794940
0.130371
0.130371
0.968485
0.968485
0.126126
0.126126
0.415702
0.415702
0.559881
0.559881
0.393583
0.393583
0.345773
0.345773
0.327411
0.327411
0.331098
0.331098
0.642051
0.642051
0.373195
0.373195
0.570867
0.570867
0.533677
0.533677
0.765822
0.765822
0.229567
0.229567
0.311034
0.311034
0.276511
0.276511
0.182828
0.182828
0.273287
0.273287
0.472612
0.472612
0.496848
0.496848
0.268806
0.268806
0.505785
0.505785
0.264387
0.264387
0.287861
0.287861
0.479160
0.479160
0.242203
0.242203
0.393083
0.393083
0.276914
0.276914
0.291561
0.291561
0.314975
0.314975
0.457451
0.457451
0.553432
0.553432
0.241361
0.241361
0.181193
0.181193
0.382273
0.382273
0.213648
0.213648
0.278029
0.278029
0.217793
0.217793
0.295435
0.295435
0.306882
0.306882
0.303341
0.303341
0.296257
0.296257
0.276240
0.276240
0.388815
0.388815
0.323551
0.323551
0.258464
0.258464
0.167240
0.167240
0.234911
0.234911
0.429717
0.429717
0.425575
0.425575
0.214001
0.214001
0.344687
0.344687
0.293907
0.293907
0.460672
0.460672
0.346854
0.346854
0.336495
0.336495
0.347901
0.347901
0.257249
0.257249
0.493853
0.493853
0.110675
0.110675
0.318448
0.318448
0.270487
0.270487
0.243388
0.243388
0.260967
0.260967
0.298871
0.298871
0.369016
0.369016
0.288437
0.288437
0.555010
0.555010
0.188823
0.188823
0.549973
0.549973
0.362363
0.362363
0.087337
0.087337
0.219247
0.219247
0.353738
0.353738
0.274548
0.274548
0.146873
0.146873
0.358608
0.358608
0.392075
0.392075
0.261319
0.261319
0.329660
0.329660
0.408475
0.408475
0.284697
0.284697
0.294118
0.294118
0.455364
0.455364
0.329118
0.329118
0.335104
0.335104
0.345781
0.345781
0.385018
0.385018
0.202872
0.202872
0.251479
0.251479
0.209404
0.209404
0.391044
0.391044
0.430946
0.430946
0.213360
0.213360
0.477580
0.477580
0.346020
0.346020
0.375927
0.375927
0.518784
0.518784
0.224348
0.224348
0.176649
0.176649
0.340978
0.340978
0.257196
0.257196
0.337577
0.337577
0.268519
0.268519
0.330473
0.330473
0.275442
0.275442
0.510766
0.510766
0.619932
0.619932
0.423178
0.423178
0.324138
0.324138
0.150350
0.150350
0.209156
0.209156
0.236578
0.236578
0.602781
0.602781
0.586873
0.586873
0.169464
0.169464
0.829785
0.829785
0.182863
0.182863
0.251619
0.251619
0.395389
0.395389
0.231361
0.231361
0.548597
0.548597
0.461493
0.461493
0.359277
0.359277
0.450560
0.450560
0.338665
0.338665
0.538396
0.538396
0.520294
0.520294
0.276053
0.276053
0.186551
0.186551
0.171376
0.171376
0.221100
0.221100
0.235651
0.235651
0.398011
0.398011
0.096801
0.096801
0.365821
0.365821
0.460090
0.460090
0.209100
0.209100
0.247971
0.247971
0.284162
0.284162
0.376066
0.376066
0.320200
0.320200
0.294868
0.294868
0.582288
0.582288
0.231465
0.231465
0.360207
0.360207
0.500720
0.500720
0.364904
0.364904
0.266626
0.266626
0.451696
0.451696
0.268366
0.268366
0.111090
0.111090
0.306170
0.306170
0.268667
0.268667
0.551797
0.551797
0.255091
0.255091
0.381479
0.381479
0.222906
0.222906
0.285604
0.285604
0.386009
0.386009
0.609297
0.609297
0.246075
0.246075
0.392043
0.392043
0.386533
0.386533
0.466499
0.466499
0.231665
0.231665
0.308265
0.308265
0.553788
0.553788
0.332715
0.332715
0.453501
0.453501
0.362782
0.362782
0.191809
0.191809
0.153161
0.153161
0.296398
0.296398
0.286339
0.286339
0.416955
0.416955
0.739317
0.739317
0.138041
0.138041
0.376580
0.376580
0.315087
0.315087
0.233953
0.233953
0.217037
0.217037
0.418566
0.418566
0.365762
0.365762
0.297543
0.297543
0.179829
0.179829
0.252364
0.252364
0.466958
0.466958
0.532662
0.532662
0.246414
0.246414
0.166569
0.166569
0.771351
0.771351
0.282534
0.282534
0.412889
0.412889
0.234010
0.234010
0.244454
0.244454
0.186481
0.186481
0.399282
0.399282
0.425709
0.425709
0.325049
0.325049
0.456456
0.456456
0.199757
0.199757
0.435387
0.435387
0.404324
0.404324
0.411432
0.411432
0.378251
0.378251
0.319911
0.319911
0.145628
0.145628
0.211530
0.211530
0.287872
0.287872
0.624476
0.624476
0.272369
0.272369
0.318949
0.318949
0.403229
0.403229
0.689992
0.689992
0.462055
0.462055
0.360889
0.360889
0.341209
0.341209
0.419025
0.419025
0.175875
0.175875
0.279509
0.279509
0.167226
0.167226
0.191001
0.191001
0.265745
0.265745
0.361441
0.361441
0.359650
0.359650
0.390221
0.390221
0.466820
0.466820
0.287077
0.287077
0.152756
0.152756
0.194552
0.194552
0.741548
0.741548
0.233778
0.233778
0.377242
0.377242
0.266431
0.266431
0.267596
0.267596
0.484651
0.484651
0.276040
0.276040
0.269714
0.269714
0.475437
0.475437
0.207704
0.207704
0.264092
0.264092
0.554371
0.554371
0.260596
0.260596
0.337320
0.337320
0.496060
0.496060
0.266490
0.266490
0.154427
0.154427
0.215040
0.215040
0.302017
0.302017
0.578813
0.578813
0.114894
0.114894
0.314490
0.314490
0.200859
0.200859
0.340198
0.340198
0.381944
0.381944
0.218609
0.218609
0.387682
0.387682
0.391559
0.391559
0.279013
0.279013
0.385417
0.385417
0.241705
0.241705
0.190096
0.190096
0.178500
0.178500
0.334817
0.334817
0.489385
0.489385
0.359053
0.359053
0.511885
0.511885
0.612668
0.612668
0.114572
0.114572
0.334358
0.334358
0.652773
0.652773
0.361962
0.361962
0.337282
0.337282
0.301315
0.301315
0.412557
0.412557
0.276644
0.276644
0.286209
0.286209
0.215737
0.215737
0.221286
0.221286
0.528136
0.528136
0.309838
0.309838
0.358243
0.358243
0.286200
0.286200
0.224462
0.224462
0.195830
0.195830
0.525017
0.525017
0.306944
0.306944
0.264286
0.264286
0.521481
0.521481
0.247728
0.247728
0.365533
0.365533
0.148803
0.148803
0.493251
0.493251
0.279901
0.279901
0.443515
0.443515
0.271357
0.271357
0.334351
0.334351
0.324781
0.324781
0.431589
0.431589
0.365434
0.365434
0.324472
0.324472
0.899831
0.899831
0.370186
0.370186
0.186320
0.186320
0.570920
0.570920
0.138147
0.138147
0.323412
0.323412
0.145418
0.145418
0.261754
0.261754
0.263853
0.263853
0.203105
0.203105
0.198315
0.198315
0.155027
0.155027
0.220637
0.220637
0.432451
0.432451
0.505675
0.505675
0.182249
0.182249
0.286755
0.286755
0.415011
0.415011
0.326464
0.326464
0.359961
0.359961
0.171297
0.171297
0.243447
0.243447
0.378648
0.378648
0.377830
0.377830
0.494783
0.494783
0.430273
0.430273
0.200094
0.200094
0.477007
0.477007
0.297297
0.297297
0.276664
0.276664
0.696967
0.696967
0.342809
0.342809
0.369564
0.369564
0.317035
0.317035
0.420224
0.420224
0.499337
0.499337
0.228376
0.228376
0.319962
0.319962
0.347991
0.347991
0.331791
0.331791
0.320123
0.320123
0.295398
0.295398
0.570740
0.570740
0.450872
0.450872
0.317047
0.317047
0.270206
0.270206
0.372046
0.372046
0.202276
0.202276
0.479156
0.479156
0.292495
0.292495
0.354219
0.354219
0.663069
0.663069
0.393728
0.393728
0.245408
0.245408
0.256061
0.256061
0.239223
0.239223
0.248680
0.248680
0.475022
0.475022
0.442071
0.442071
0.375926
0.375926
0.209641
0.209641
0.215859
0.215859
0.199654
0.199654
0.247373
0.247373
0.191299
0.191299
0.586523
0.586523
0.150794
0.150794
0.605197
0.605197
0.437717
0.437717
0.376030
0.376030
0.287094
0.287094
0.253716
0.253716
0.272015
0.272015
0.169884
0.169884
0.415460
0.415460
0.171773
0.171773
0.481125
0.481125
0.230882
0.230882
0.233999
0.233999
0.435445
0.435445
0.264330
0.264330
0.305892
0.305892
0.244912
0.244912
0.529705
0.529705
0.259438
0.259438
0.231879
0.231879
0.292680
0.292680
0.691885
0.691885
0.245075
0.245075
0.335736
0.335736
0.120883
0.120883
0.334349
0.334349
0.610098
0.610098
0.609674
0.609674
0.797090
0.797090
0.409842
0.409842
0.178154
0.178154
0.322335
0.322335
0.579881
0.579881
0.198521
0.198521
0.302374
0.302374
0.378140
0.378140
0.252531
0.252531
0.209959
0.209959
0.472905
0.472905
0.467150
0.467150
0.219816
0.219816
0.275916
0.275916
0.112620
0.112620
0.342110
0.342110
0.361853
0.361853
0.410808
0.410808
0.550623
0.550623
0.507613
0.507613
0.124158
0.124158
0.393430
0.393430
0.329754
0.329754
0.405651
0.405651
0.203670
0.203670
0.388807
0.388807
0.146072
0.146072
0.244867
0.244867
0.359294
0.359294
0.443947
0.443947
0.484159
0.484159
0.375597
0.375597
0.381260
0.381260
0.415525
0.415525
0.372217
0.372217
0.192987
0.192987
0.418700
0.418700
0.986600
0.986600
0.251285
0.251285
0.312436
0.312436
0.260619
0.260619
0.501065
0.501065
0.364382
0.364382
0.647353
0.647353
0.502211
0.502211
0.233488
0.233488
0.330597
0.330597
0.224625
0.224625
0.221935
0.221935
0.535626
0.535626
0.378352
0.378352
0.489157
0.489157
0.576201
0.576201
0.148414
0.148414
0.183000
0.183000
0.248280
0.248280
0.235808
0.235808
0.207517
0.207517
0.376936
0.376936
0.298058
0.298058
0.207779
0.207779
0.432857
0.432857
0.354476
0.354476
0.303866
0.303866
0.249688
0.249688
0.232971
0.232971
0.265315
0.265315
0.385625
0.385625
0.371904
0.371904
0.312272
0.312272
0.391537
0.391537
0.250134
0.250134
0.353096
0.353096
0.331914
0.331914
0.339351
0.339351
0.378247
0.378247
0.379067
0.379067
0.147788
0.147788
0.540905
0.540905
0.435343
0.435343
0.278319
0.278319
0.448191
0.448191
0.506972
0.506972
0.230285
0.230285
0.454067
0.454067
0.202790
0.202790
0.178643
0.178643
0.350451
0.350451
0.272848
0.272848
0.454026
0.454026
0.202128
0.202128
0.328732
0.328732
0.506573
0.506573
0.264706
0.264706
0.290498
0.290498
0.198950
0.198950
0.420940
0.420940
0.118981
0.118981
0.343970
0.343970
0.726841
0.726841
0.361224
0.361224
0.218962
0.218962
0.129515
0.129515
0.342484
0.342484
0.161860
0.161860
0.431714
0.431714
0.216105
0.216105
0.296176
0.296176
0.117877
0.117877
0.405110
0.405110
0.852008
0.852008
0.311708
0.311708
0.269738
0.269738
0.443516
0.443516
0.364168
0.364168
0.555777
0.555777
0.239166
0.239166
0.126610
0.126610
0.276776
0.276776
0.652282
0.652282
0.268706
0.268706
0.440335
0.440335
0.305618
0.305618
0.230227
0.230227
0.345983
0.345983
0.162066
0.162066
0.155606
0.155606
0.478820
0.478820
0.378508
0.378508
0.437696
0.437696
0.340292
0.340292
0.530938
0.530938
0.322480
0.322480
0.427079
0.427079
0.118208
0.118208
0.153951
0.153951
0.171754
0.171754
0.360487
0.360487
0.451596
0.451596
0.466889
0.466889
0.262965
0.262965
0.258351
0.258351
0.352337
0.352337
0.159431
0.159431
0.441417
0.441417
0.113490
0.113490
0.400057
0.400057
0.578093
0.578093
0.386701
0.386701
0.369553
0.369553
0.322672
0.322672
0.335712
0.335712
0.241544
0.241544
0.249453
0.249453
0.221138
0.221138
0.194034
0.194034
0.160470
0.160470
0.405273
0.405273
0.403315
0.403315
0.296592
0.296592
0.289356
0.289356
0.304909
0.304909
0.547543
0.547543
0.297074
0.297074
0.173679
0.173679
0.343993
0.343993
0.195283
0.195283
0.308723
0.308723
0.385700
0.385700
0.354445
0.354445
0.254637
0.254637
0.432842
0.432842
0.313927
0.313927
0.300832
0.300832
0.252881
0.252881
0.274008
0.274008
0.468902
0.468902
0.366271
0.366271
0.250808
0.250808
0.228457
0.228457
0.332099
0.332099
0.358676
0.358676
0.363165
0.363165
0.489516
0.489516
0.307425
0.307425
0.255554
0.255554
0.203421
0.203421
0.480788
0.480788
0.306414
0.306414
0.134573
0.134573
0.353810
0.353810
0.797693
0.797693
0.521493
0.521493
0.520932
0.520932
0.260945
0.260945
0.303328
0.303328
0.246286
0.246286
0.546324
0.546324
0.740899
0.740899
0.420739
0.420739
0.243761
0.243761
0.308187
0.308187
0.207224
0.207224
0.277885
0.277885
0.528367
0.528367
0.403232
0.403232
0.487841
0.487841
0.208414
0.208414
0.340001
0.340001
0.332027
0.332027
0.216440
0.216440
0.170535
0.170535
0.354591
0.354591
0.161202
0.161202
0.391962
0.391962
0.088207
0.088207
0.545045
0.545045
0.246354
0.246354
0.469078
0.469078
0.329442
0.329442
0.243222
0.243222
0.290624
0.290624
0.210444
0.210444
0.159547
0.159547
0.299771
0.299771
0.151623
0.151623
0.313232
0.313232
0.486938
0.486938
0.141910
0.141910
0.132345
0.132345
0.339807
0.339807
0.152337
0.152337
0.196270
0.196270
0.199034
0.199034
0.377764
0.377764
0.183215
0.183215
0.654513
0.654513
0.314040
0.314040
0.171275
0.171275
0.572326
0.572326
0.440583
0.440583
0.228396
0.228396
0.328127
0.328127
0.429852
0.429852
0.223425
0.223425
0.186788
0.186788
0.198792
0.198792
0.230917
0.230917
0.313787
0.313787
0.502450
0.502450
0.632067
0.632067
0.334487
0.334487
0.354875
0.354875
0.289788
0.289788
0.272113
0.272113
0.361234
0.361234
0.421922
0.421922
0.257051
0.257051
0.459178
0.459178
0.392718
0.392718
0.317091
0.317091
0.468483
0.468483
0.159906
0.159906
0.261945
0.261945
0.210672
0.210672
0.222995
0.222995
0.546136
0.546136
0.300006
0.300006
0.184612
0.184612
0.628116
0.628116
0.342574
0.342574
0.502607
0.502607
0.336365
0.336365
0.289534
0.289534
0.497505
0.497505
0.260584
0.260584
0.234023
0.234023
0.139713
0.139713
0.151216
0.151216
0.383350
0.383350
0.279767
0.279767
0.351697
0.351697
0.323791
0.323791
0.140722
0.140722
0.402117
0.402117
0.585584
0.585584
0.245184
0.245184
0.216699
0.216699
0.851271
0.851271
0.354925
0.354925
0.459926
0.459926
0.203505
0.203505
0.325192
0.325192
0.199450
0.199450
0.497030
0.497030
0.438116
0.438116
0.473606
0.473606
0.506838
0.506838
0.584895
0.584895
0.217734
0.217734
0.451167
0.451167
0.231101
0.231101
0.083177
0.083177
0.372558
0.372558
0.423024
0.423024
0.479389
0.479389
0.347722
0.347722
0.443115
0.443115
0.393574
0.393574
0.420194
0.420194
0.530823
0.530823
0.353389
0.353389
0.320394
0.320394
0.379090
0.379090
0.336482
0.336482
0.206409
0.206409
0.468480
0.468480
0.336044
0.336044
0.492456
0.492456
0.608070
0.608070
0.383906
0.383906
0.409076
0.409076
0.430950
0.430950
0.572679
0.572679
0.223063
0.223063
0.318105
0.318105
0.430259
0.430259
0.201554
0.201554
0.152043
0.152043
0.324622
0.324622
0.270495
0.270495
0.333311
0.333311
0.137899
0.137899
0.203930
0.203930
0.244151
0.244151
0.335291
0.335291
0.407359
0.407359
0.323947
0.323947
0.461434
0.461434
0.718830
0.718830
0.350475
0.350475
0.219963
0.219963
0.427062
0.427062
0.316353
0.316353
0.169630
0.169630
0.474532
0.474532
0.358636
0.358636
0.155031
0.155031
0.258114
0.258114
0.281632
0.281632
0.336969
0.336969
0.650274
0.650274
0.187184
0.187184
0.502932
0.502932
0.396461
0.396461
0.645109
0.645109
0.207328
0.207328
0.154719
0.154719
0.197218
0.197218
0.374209
0.374209
0.585308
0.585308
0.144430
0.144430
0.344331
0.344331
0.265605
0.265605
0.452517
0.452517
0.259236
0.259236
0.218954
0.218954
0.284857
0.284857
0.314439
0.314439
0.260451
0.260451
0.580395
0.580395
0.279381
0.279381
0.145274
0.145274
0.104333
0.104333
0.388489
0.388489
0.250536
0.250536
0.322825
0.322825
0.470004
0.470004
0.614797
0.614797
0.184619
0.184619
0.208629
0.208629
0.712474
0.712474
0.460485
0.460485
0.272195
0.272195
0.175888
0.175888
0.281477
0.281477
0.432699
0.432699
0.376688
0.376688
0.315659
0.315659
0.194380
0.194380
0.307470
0.307470
0.531807
0.531807
0.435533
0.435533
0.535698
0.535698
0.440646
0.440646
0.366890
0.366890
0.182920
0.182920
0.385677
0.385677
0.224165
0.224165
0.302684
0.302684
0.563200
0.563200
0.102102
0.102102
0.231542
0.231542
0.336984
0.336984
0.351578
0.351578
0.224836
0.224836
0.459909
0.459909
0.310881
0.310881
0.376784
0.376784
0.569812
0.569812
0.336425
0.336425
0.228621
0.228621
0.318380
0.318380
0.549432
0.549432
0.297672
0.297672
0.281638
0.281638
0.275798
0.275798
0.344438
0.344438
0.272990
0.272990
0.428508
0.428508
0.343409
0.343409
0.294748
0.294748
0.391407
0.391407
0.239477
0.239477
0.245721
0.245721
0.203093
0.203093
0.446414
0.446414
0.284561
0.284561
0.338674
0.338674
0.150969
0.150969
0.264879
0.264879
0.293988
0.293988
0.317431
0.317431
0.105629
0.105629
0.260986
0.260986
0.383277
0.383277
0.405969
0.405969
0.280497
0.280497
0.379559
0.379559
0.369128
0.369128
0.261295
0.261295
0.213978
0.213978
0.234636
0.234636
0.170252
0.170252
0.605947
0.605947
0.372798
0.372798
0.327622
0.327622
0.248763
0.248763
0.492519
0.492519
0.502726
0.502726
0.250182
0.250182
0.360845
0.360845
0.413350
0.413350
0.691672
0.691672
0.459429
0.459429
0.208037
0.208037
0.395518
0.395518
0.337861
0.337861
0.469990
0.469990
0.373165
0.373165
0.221295
0.221295
0.517572
0.517572
0.230837
0.230837
0.216231
0.216231
0.279166
0.279166
0.316955
0.316955
0.592616
0.592616
0.330805
0.330805
0.127091
0.127091
0.238982
0.238982
0.259375
0.259375
0.422199
0.422199
0.260403
0.260403
0.497150
0.497150
0.163397
0.163397
0.378287
0.378287
0.305775
0.305775
0.364806
0.364806
0.288755
0.288755
0.554113
0.554113
0.656596
0.656596
0.385229
0.385229
0.179183
0.179183
0.356262
0.356262
0.674883
0.674883
0.198043
0.198043
0.304058
0.304058
0.253724
0.253724
0.321470
0.321470
0.407379
0.407379
0.393615
0.393615
0.458435
0.458435
0.082474
0.082474
0.426952
0.426952
0.246755
0.246755
0.508007
0.508007
0.267352
0.267352
0.589651
0.589651
0.773287
0.773287
0.339788
0.339788
0.281734
0.281734
0.338713
0.338713
0.281141
0.281141
0.261496
0.261496
0.165721
0.165721
0.175030
0.175030
0.268151
0.268151
0.387910
0.387910
0.236389
0.236389
0.543210
0.543210
0.240230
0.240230
0.262214
0.262214
0.315041
0.315041
0.156862
0.156862
0.273565
0.273565
0.257131
0.257131
0.502788
0.502788
0.598044
0.598044
0.368370
0.368370
0.290012
0.290012
0.277112
0.277112
0.204784
0.204784
0.306919
0.306919
0.344523
0.344523
0.171993
0.171993
0.201669
0.201669
0.271135
0.271135
0.488890
0.488890
0.168088
0.168088
0.206222
0.206222
0.342197
0.342197
0.470140
0.470140
0.480780
0.480780
0.263467
0.263467
0.237554
0.237554
0.199683
0.199683
0.426081
0.426081
0.184120
0.184120
0.244302
0.244302
0.380035
0.380035
0.391181
0.391181
0.224737
0.224737
0.200945
0.200945
0.295840
0.295840
0.324958
0.324958
0.273588
0.273588
0.657445
0.657445
0.343972
0.343972
0.403104
0.403104
0.469144
0.469144
0.499483
0.499483
0.129838
0.129838
0.477838
0.477838
0.593965
0.593965
0.332406
0.332406
0.520901
0.520901
0.242239
0.242239
0.514639
0.514639
0.230818
0.230818
0.235941
0.235941
0.582320
0.582320
0.240747
0.240747
0.316630
0.316630
0.317471
0.317471
0.863376
0.863376
0.398640
0.398640
0.569225
0.569225
0.158390
0.158390
0.193007
0.193007
0.301529
0.301529
0.435227
0.435227
0.276492
0.276492
0.263301
0.263301
0.364002
0.364002
0.290017
0.290017
0.400609
0.400609
0.526957
0.526957
0.278475
0.278475
0.145550
0.145550
0.493899
0.493899
0.198088
0.198088
0.346987
0.346987
0.308508
0.308508
0.185790
0.185790
0.468219
0.468219
0.482921
0.482921
0.254439
0.254439
0.261287
0.261287
0.235261
0.235261
0.364564
0.364564
0.588922
0.588922
0.150925
0.150925
0.399025
0.399025
0.265199
0.265199
0.075745
0.075745
0.242819
0.242819
0.329438
0.329438
0.237290
0.237290
0.274882
0.274882
0.253140
0.253140
0.307384
0.307384
0.391255
0.391255
0.269605
0.269605
0.153894
0.153894
0.335446
0.335446
0.706361
0.706361
0.182189
0.182189
0.201088
0.201088
0.362989
0.362989
0.208560
0.208560
0.211976
0.211976
0.268368
0.268368
0.471749
0.471749
0.259323
0.259323
0.505568
0.505568
0.252669
0.252669
0.302098
0.302098
0.304055
0.304055
0.269751
0.269751
0.438780
0.438780
0.358289
0.358289
0.227728
0.227728
0.329476
0.329476
0.412988
0.412988
0.421755
0.421755
0.586526
0.586526
0.275383
0.275383
0.443441
0.443441
0.270522
0.270522
0.454219
0.454219
0.435231
0.435231
0.317883
0.317883
0.336603
0.336603
0.494128
0.494128
0.160054
0.160054
0.509621
0.509621
0.450989
0.450989
0.286315
0.286315
0.282375
0.282375
0.459614
0.459614
0.427362
0.427362
0.347704
0.347704
0.182054
0.182054
0.470796
0.470796
0.499761
0.499761
0.114805
0.114805
0.192974
0.192974
0.388026
0.388026
0.197852
0.197852
0.314147
0.314147
0.243224
0.243224
0.411887
0.411887
0.365353
0.365353
0.173215
0.173215
0.570636
0.570636
0.219963
0.219963
0.246863
0.246863
0.397950
0.397950
0.266718
0.266718
0.379670
0.379670
0.428380
0.428380
0.360370
0.360370
0.293438
0.293438
0.309675
0.309675
0.177687
0.177687
0.207809
0.207809
0.461894
0.461894
0.177239
0.177239
0.417699
0.417699
0.175300
0.175300
0.310683
0.310683
0.491013
0.491013
0.287836
0.287836
0.461199
0.461199
0.369373
0.369373
0.472522
0.472522
0.530767
0.530767
0.524253
0.524253
0.355574
0.355574
0.361841
0.361841
0.199175
0.199175
0.570181
0.570181
0.317304
0.317304
0.274488
0.274488
0.227459
0.227459
0.259827
0.259827
0.365484
0.365484
0.478955
0.478955
0.306549
0.306549
0.277366
0.277366
0.410687
0.410687
0.286104
0.286104
0.266950
0.266950
0.313163
0.313163
0.210045
0.210045
0.570064
0.570064
0.305883
0.305883
0.389746
0.389746
0.335922
0.335922
0.460939
0.460939
0.156013
0.156013
0.226088
0.226088
0.439973
0.439973
0.549772
0.549772
0.174589
0.174589
0.476322
0.476322
0.361519
0.361519
0.564157
0.564157
0.176810
0.176810
0.537193
0.537193
0.204471
0.204471
0.289818
0.289818
0.362304
0.362304
0.702499
0.702499
0.522869
0.522869
0.470919
0.470919
0.226424
0.226424
0.335772
0.335772
0.169089
0.169089
0.362222
0.362222
0.294205
0.294205
0.911477
0.911477
0.309005
0.309005
0.185041
0.185041
0.317064
0.317064
0.342618
0.342618
0.270955
0.270955
0.329200
0.329200
0.343392
0.343392
0.130865
0.130865
0.304586
0.304586
0.576222
0.576222
0.306207
0.306207
0.357683
0.357683
0.201502
0.201502
0.199096
0.199096
0.510016
0.510016
0.420466
0.420466
0.364690
0.364690
0.249332
0.249332
0.224436
0.224436
0.347439
0.347439
0.090784
0.090784
0.434235
0.434235
0.277268
0.277268
0.174972
0.174972
0.159724
0.159724
0.173465
0.173465
0.258925
0.258925
0.358271
0.358271
0.289456
0.289456
0.204026
0.204026
0.270394
0.270394
0.378390
0.378390
0.585112
0.585112
0.285275
0.285275
0.339985
0.339985
0.378118
0.378118
0.511447
0.511447
