2.965415
2.965415
2.945591
2.945591
2.850432
2.850432
2.656066
2.656066
2.557319
2.557319
2.753733
2.753733
2.536080
2.536080
2.405646
2.405646
2.431708
2.431708
1.968852
1.968852
2.010927
2.010927
1.921815
1.921815
1.725961
1.725961
1.567730
1.567730
1.538523
1.538523
1.291901
1.291901
1.248315
1.248315
1.192672
1.192672
0.969052
0.969052
0.786354
0.786354
1.094446
1.094446
0.956690
0.956690
0.772682
0.772682
0.732745
0.732745
0.851363
0.851363
0.793771
0.793771
0.691084
0.691084
0.781146
0.781146
0.532202
0.532202
0.614081
0.614081
0.515636
0.515636
0.534981
0.534981
0.534428
0.534428
0.479587
0.479587
0.848914
0.848914
0.855013
0.855013
0.731608
0.731608
0.631189
0.631189
0.637029
0.637029
0.528712
0.528712
0.382213
0.382213
0.553453
0.553453
0.530060
0.530060
0.558324
0.558324
0.501238
0.501238
0.347002
0.347002
0.471883
0.471883
0.566177
0.566177
0.488441
0.488441
0.275797
0.275797
0.468117
0.468117
0.325624
0.325624
0.711939
0.711939
0.447164
0.447164
0.570764
0.570764
0.756761
0.756761
0.398957
0.398957
0.735455
0.735455
0.457171
0.457171
0.322816
0.322816
0.568336
0.568336
0.369278
0.369278
0.535815
0.535815
0.435015
0.435015
0.646762
0.646762
0.421991
0.421991
0.472070
0.472070
0.404761
0.404761
0.437053
0.437053
0.804750
0.804750
0.532283
0.532283
0.476674
0.476674
0.355530
0.355530
0.435210
0.435210
0.361093
0.361093
0.491119
0.491119
0.433657
0.433657
0.293503
0.293503
0.393874
0.393874
0.395477
0.395477
0.437903
0.437903
0.482323
0.482323
0.424021
0.424021
0.211506
0.211506
0.307965
0.307965
0.316889
0.316889
0.351386
0.351386
0.291671
0.291671
0.471491
0.471491
0.263699
0.263699
0.432767
0.432767
0.329071
0.329071
0.398842
0.398842
0.464295
0.464295
0.481571
0.481571
0.291670
0.291670
0.385774
0.385774
0.526959
0.526959
0.236137
0.236137
0.338601
0.338601
0.399734
0.399734
0.540459
0.540459
0.266417
0.266417
0.435255
0.435255
0.388691
0.388691
0.490775
0.490775
0.121150
0.121150
0.314520
0.314520
0.242496
0.242496
0.238875
0.238875
0.355008
0.355008
0.528136
0.528136
0.202565
0.202565
0.281310
0.281310
0.368338
0.368338
0.481700
0.481700
0.622022
0.622022
0.324159
0.324159
0.370984
0.370984
0.377584
0.377584
0.248475
0.248475
0.314580
0.314580
0.278479
0.278479
0.263181
0.263181
0.335884
0.335884
0.329360
0.329360
0.550977
0.550977
0.191499
0.191499
0.490083
0.490083
0.230740
0.230740
0.352546
0.352546
0.518152
0.518152
0.397030
0.397030
0.503564
0.503564
0.284225
0.284225
0.332284
0.332284
0.349142
0.349142
0.343622
0.343622
0.376218
0.376218
0.226706
0.226706
0.334947
0.334947
0.279684
0.279684
0.238757
0.238757
0.147801
0.147801
0.315840
0.315840
0.257235
0.257235
0.413997
0.413997
0.378988
0.378988
0.357948
0.357948
0.268560
0.268560
0.524354
0.524354
0.131784
0.131784
0.649472
0.649472
0.296439
0.296439
0.464826
0.464826
0.272418
0.272418
0.195901
0.195901
0.467426
0.467426
0.271481
0.271481
0.379779
0.379779
0.210709
0.210709
0.192697
0.192697
0.434332
0.434332
0.386298
0.386298
0.408901
0.408901
0.348556
0.348556
0.195139
0.195139
0.285805
0.285805
0.277651
0.277651
0.359107
0.359107
0.312124
0.312124
0.199449
0.199449
0.395912
0.395912
0.363588
0.363588
0.395365
0.395365
0.468665
0.468665
0.435354
0.435354
0.275312
0.275312
0.158795
0.158795
0.222986
0.222986
0.213396
0.213396
0.195815
0.195815
0.435571
0.435571
0.193956
0.193956
0.327260
0.327260
0.471014
0.471014
0.230409
0.230409
0.250888
0.250888
0.206427
0.206427
0.184390
0.184390
0.313386
0.313386
0.512131
0.512131
0.308926
0.308926
0.527036
0.527036
0.176420
0.176420
0.015448
0.015448
0.167206
0.167206
0.213809
0.213809
0.435409
0.435409
0.254037
0.254037
0.270443
0.270443
0.392187
0.392187
0.172746
0.172746
0.467418
0.467418
0.169729
0.169729
0.301432
0.301432
0.268649
0.268649
0.406374
0.406374
0.151801
0.151801
0.175464
0.175464
0.415616
0.415616
0.270541
0.270541
0.247994
0.247994
0.146456
0.146456
0.384150
0.384150
0.419051
0.419051
0.413775
0.413775
0.196345
0.196345
0.261207
0.261207
0.366180
0.366180
0.416635
0.416635
0.217515
0.217515
0.377243
0.377243
0.184973
0.184973
0.208055
0.208055
0.256660
0.256660
0.294472
0.294472
0.297840
0.297840
0.300022
0.300022
0.079053
0.079053
0.249383
0.249383
0.243099
0.243099
0.278157
0.278157
0.355562
0.355562
0.379991
0.379991
0.402658
0.402658
0.272907
0.272907
0.380121
0.380121
0.268517
0.268517
0.460046
0.460046
0.313585
0.313585
0.183232
0.183232
0.434922
0.434922
0.587583
0.587583
0.168997
0.168997
0.135315
0.135315
0.322386
0.322386
0.250740
0.250740
0.410534
0.410534
0.254588
0.254588
0.309379
0.309379
0.289946
0.289946
0.272281
0.272281
0.237406
0.237406
0.264309
0.264309
0.316190
0.316190
0.190073
0.190073
0.322469
0.322469
0.213963
0.213963
0.408380
0.408380
0.160699
0.160699
0.281938
0.281938
0.313923
0.313923
0.276719
0.276719
0.180352
0.180352
0.237990
0.237990
0.209717
0.209717
0.171289
0.171289
0.228837
0.228837
0.298717
0.298717
0.228203
0.228203
0.142752
0.142752
0.283151
0.283151
0.163744
0.163744
0.347364
0.347364
0.360616
0.360616
0.465162
0.465162
0.199038
0.199038
0.168033
0.168033
0.239376
0.239376
0.237311
0.237311
0.324485
0.324485
0.424086
0.424086
0.210776
0.210776
0.277804
0.277804
0.351020
0.351020
0.166996
0.166996
0.377541
0.377541
0.484890
0.484890
0.265779
0.265779
0.721039
0.721039
0.176748
0.176748
0.366881
0.366881
0.331164
0.331164
0.177225
0.177225
0.125959
0.125959
0.222279
0.222279
0.399002
0.399002
0.298359
0.298359
0.379059
0.379059
0.192335
0.192335
0.245166
0.245166
0.245666
0.245666
0.095030
0.095030
0.139917
0.139917
0.217772
0.217772
0.264164
0.264164
0.361611
0.361611
0.294518
0.294518
0.189208
0.189208
0.170872
0.170872
0.262489
0.262489
0.299593
0.299593
0.239961
0.239961
0.289345
0.289345
0.384492
0.384492
0.314897
0.314897
0.182081
0.182081
0.305459
0.305459
0.263289
0.263289
0.245138
0.245138
0.199811
0.199811
0.196064
0.196064
0.134693
0.134693
0.109705
0.109705
0.491998
0.491998
0.383702
0.383702
0.380801
0.380801
0.584704
0.584704
0.184778
0.184778
0.150653
0.150653
0.177770
0.177770
0.092380
0.092380
0.338271
0.338271
0.166273
0.166273
0.240166
0.240166
0.187366
0.187366
0.496171
0.496171
0.263688
0.263688
0.308177
0.308177
0.199627
0.199627
0.166108
0.166108
0.246359
0.246359
0.174120
0.174120
0.249891
0.249891
0.218658
0.218658
0.228876
0.228876
0.285782
0.285782
0.322634
0.322634
0.504600
0.504600
0.243253
0.243253
0.114432
0.114432
0.227463
0.227463
0.244476
0.244476
0.297609
0.297609
0.162869
0.162869
0.226221
0.226221
0.182187
0.182187
0.428787
0.428787
0.069458
0.069458
0.079025
0.079025
0.194071
0.194071
0.293622
0.293622
0.162017
0.162017
0.280352
0.280352
0.139160
0.139160
0.355304
0.355304
0.365717
0.365717
0.217403
0.217403
0.131754
0.131754
0.487982
0.487982
0.153879
0.153879
0.221615
0.221615
0.265482
0.265482
0.111003
0.111003
0.460768
0.460768
0.119031
0.119031
0.272302
0.272302
0.272800
0.272800
0.164955
0.164955
0.246304
0.246304
0.296841
0.296841
0.230558
0.230558
0.245229
0.245229
0.406609
0.406609
0.093520
0.093520
0.176640
0.176640
0.191983
0.191983
0.153317
0.153317
0.222754
0.222754
0.470096
0.470096
0.033077
0.033077
0.308688
0.308688
0.259806
0.259806
0.270898
0.270898
0.150965
0.150965
0.297745
0.297745
0.203718
0.203718
0.178895
0.178895
0.132425
0.132425
0.184162
0.184162
0.146175
0.146175
0.201141
0.201141
0.318715
0.318715
0.215089
0.215089
0.248336
0.248336
0.246892
0.246892
0.169739
0.169739
0.304297
0.304297
0.194825
0.194825
0.191339
0.191339
0.231469
0.231469
0.267706
0.267706
0.207691
0.207691
0.336708
0.336708
0.361004
0.361004
0.213499
0.213499
0.420136
0.420136
0.155346
0.155346
0.438835
0.438835
0.251305
0.251305
0.230094
0.230094
0.233004
0.233004
0.279255
0.279255
0.246947
0.246947
0.120358
0.120358
0.558888
0.558888
0.476429
0.476429
0.275362
0.275362
0.270008
0.270008
0.114759
0.114759
0.264343
0.264343
0.397223
0.397223
0.099734
0.099734
0.185733
0.185733
0.446204
0.446204
0.305758
0.305758
0.170782
0.170782
0.286349
0.286349
0.284114
0.284114
0.310632
0.310632
0.222048
0.222048
0.090930
0.090930
0.324646
0.324646
0.324039
0.324039
0.318121
0.318121
0.230166
0.230166
0.182360
0.182360
0.402295
0.402295
0.375643
0.375643
0.113526
0.113526
0.425030
0.425030
0.131599
0.131599
0.193079
0.193079
0.497793
0.497793
0.117790
0.117790
0.147942
0.147942
0.187945
0.187945
0.109413
0.109413
0.155331
0.155331
0.235833
0.235833
0.288941
0.288941
0.171991
0.171991
0.111170
0.111170
0.253633
0.253633
0.150195
0.150195
0.080200
0.080200
0.260423
0.260423
0.404934
0.404934
0.148634
0.148634
0.152142
0.152142
0.345792
0.345792
0.173951
0.173951
0.332215
0.332215
0.114229
0.114229
0.213212
0.213212
0.275923
0.275923
0.189048
0.189048
0.209580
0.209580
0.353060
0.353060
0.208329
0.208329
0.520624
0.520624
0.160468
0.160468
0.116834
0.116834
0.363323
0.363323
0.218380
0.218380
0.310926
0.310926
0.420117
0.420117
0.171594
0.171594
0.363436
0.363436
0.146935
0.146935
0.319756
0.319756
0.198480
0.198480
0.275469
0.275469
0.116253
0.116253
0.217804
0.217804
0.447414
0.447414
0.143348
0.143348
0.297056
0.297056
0.480214
0.480214
0.157403
0.157403
0.145649
0.145649
0.251809
0.251809
0.114328
0.114328
0.166511
0.166511
0.143768
0.143768
0.240185
0.240185
0.151122
0.151122
0.328985
0.328985
0.177376
0.177376
0.354930
0.354930
0.177314
0.177314
0.176792
0.176792
0.193835
0.193835
0.190314
0.190314
0.222054
0.222054
0.401910
0.401910
0.195575
0.195575
0.152449
0.152449
0.139483
0.139483
0.409925
0.409925
0.066373
0.066373
0.329041
0.329041
0.173084
0.173084
0.272902
0.272902
0.232929
0.232929
0.281190
0.281190
0.250916
0.250916
0.328232
0.328232
0.304102
0.304102
0.140337
0.140337
0.144719
0.144719
0.102374
0.102374
0.155418
0.155418
0.191458
0.191458
0.184673
0.184673
0.258816
0.258816
0.206684
0.206684
0.207607
0.207607
0.406156
0.406156
0.234556
0.234556
0.102041
0.102041
0.221184
0.221184
0.246913
0.246913
0.302051
0.302051
0.271695
0.271695
0.133649
0.133649
0.213500
0.213500
0.246399
0.246399
0.240679
0.240679
0.341620
0.341620
0.213159
0.213159
0.265065
0.265065
0.175826
0.175826
0.286946
0.286946
0.120064
0.120064
0.261221
0.261221
0.198660
0.198660
0.387193
0.387193
0.152980
0.152980
0.206494
0.206494
0.155511
0.155511
0.236720
0.236720
0.218754
0.218754
0.160420
0.160420
0.480536
0.480536
0.133534
0.133534
0.094660
0.094660
0.181865
0.181865
0.103705
0.103705
0.082608
0.082608
0.222414
0.222414
0.135434
0.135434
0.246036
0.246036
0.357122
0.357122
0.221178
0.221178
0.188301
0.188301
0.119488
0.119488
0.205065
0.205065
0.235972
0.235972
0.140590
0.140590
0.126382
0.126382
0.293796
0.293796
0.171735
0.171735
0.091756
0.091756
0.204820
0.204820
0.198007
0.198007
0.265290
0.265290
0.083866
0.083866
0.288187
0.288187
0.125261
0.125261
0.155772
0.155772
0.146495
0.146495
0.217278
0.217278
0.227859
0.227859
0.271819
0.271819
0.083065
0.083065
0.366225
0.366225
0.175366
0.175366
0.384515
0.384515
0.129159
0.129159
0.208817
0.208817
0.138986
0.138986
0.126375
0.126375
0.276490
0.276490
0.219883
0.219883
0.416278
0.416278
0.192791
0.192791
0.232934
0.232934
0.110914
0.110914
0.256302
0.256302
0.091916
0.091916
0.546943
0.546943
0.083019
0.083019
0.144351
0.144351
0.136659
0.136659
0.144924
0.144924
0.155287
0.155287
0.077256
0.077256
0.321931
0.321931
0.398372
0.398372
0.088206
0.088206
0.298909
0.298909
0.241147
0.241147
0.611957
0.611957
0.523570
0.523570
0.097729
0.097729
0.396261
0.396261
0.154618
0.154618
0.069080
0.069080
0.115219
0.115219
0.167937
0.167937
0.224182
0.224182
0.191178
0.191178
0.109043
0.109043
0.195829
0.195829
0.372337
0.372337
0.432041
0.432041
0.329927
0.329927
0.137405
0.137405
0.233585
0.233585
0.151634
0.151634
0.246175
0.246175
0.255366
0.255366
0.191020
0.191020
0.285932
0.285932
0.196187
0.196187
0.223702
0.223702
0.253559
0.253559
0.131487
0.131487
0.101263
0.101263
0.282102
0.282102
0.148753
0.148753
0.137751
0.137751
0.443362
0.443362
0.457344
0.457344
0.508286
0.508286
0.201541
0.201541
0.256976
0.256976
0.220015
0.220015
0.173747
0.173747
0.402020
0.402020
0.038303
0.038303
0.148892
0.148892
0.060388
0.060388
0.124561
0.124561
0.279871
0.279871
0.305563
0.305563
0.112653
0.112653
0.065251
0.065251
0.193809
0.193809
0.401453
0.401453
0.290786
0.290786
0.448862
0.448862
0.211469
0.211469
0.180215
0.180215
0.209512
0.209512
0.288683
0.288683
0.112218
0.112218
0.205010
0.205010
0.154180
0.154180
0.156723
0.156723
0.300949
0.300949
0.267164
0.267164
0.453199
0.453199
0.102621
0.102621
0.314037
0.314037
0.305753
0.305753
0.164085
0.164085
0.211902
0.211902
0.083699
0.083699
0.195555
0.195555
0.152704
0.152704
0.303103
0.303103
0.371946
0.371946
0.259066
0.259066
0.208538
0.208538
0.191641
0.191641
0.148123
0.148123
0.094777
0.094777
0.084432
0.084432
0.097194
0.097194
0.400320
0.400320
0.107005
0.107005
0.265246
0.265246
0.211441
0.211441
0.374870
0.374870
0.402457
0.402457
0.322273
0.322273
0.236655
0.236655
0.177460
0.177460
0.093939
0.093939
0.162714
0.162714
0.089316
0.089316
0.233830
0.233830
0.086733
0.086733
0.181069
0.181069
0.178076
0.178076
0.132613
0.132613
0.095652
0.095652
0.180468
0.180468
0.273446
0.273446
0.072656
0.072656
0.212790
0.212790
0.359124
0.359124
0.209608
0.209608
0.135761
0.135761
0.114825
0.114825
0.386128
0.386128
0.190546
0.190546
0.146046
0.146046
0.131094
0.131094
0.365155
0.365155
0.192741
0.192741
0.076180
0.076180
0.158485
0.158485
0.347718
0.347718
0.239881
0.239881
0.186288
0.186288
0.111487
0.111487
0.113354
0.113354
0.171449
0.171449
0.241439
0.241439
0.325894
0.325894
0.228219
0.228219
0.170875
0.170875
0.161061
0.161061
0.089508
0.089508
0.157048
0.157048
0.234377
0.234377
0.261197
0.261197
0.312509
0.312509
0.123878
0.123878
0.277774
0.277774
0.092904
0.092904
0.149222
0.149222
0.088780
0.088780
0.212997
0.212997
0.145701
0.145701
0.164090
0.164090
0.061680
0.061680
0.250343
0.250343
0.256597
0.256597
0.193449
0.193449
0.216595
0.216595
0.156763
0.156763
0.262163
0.262163
0.087919
0.087919
0.183401
0.183401
0.180491
0.180491
0.213033
0.213033
0.400357
0.400357
0.283535
0.283535
0.365791
0.365791
0.154757
0.154757
0.102748
0.102748
0.164063
0.164063
0.264808
0.264808
0.072559
0.072559
0.165912
0.165912
0.306675
0.306675
0.217825
0.217825
0.089402
0.089402
0.185862
0.185862
0.153205
0.153205
0.279232
0.279232
0.154995
0.154995
0.306705
0.306705
0.133526
0.133526
0.180703
0.180703
0.145156
0.145156
0.083061
0.083061
0.186286
0.186286
0.226263
0.226263
0.300757
0.300757
0.199256
0.199256
0.203167
0.203167
0.185881
0.185881
0.120302
0.120302
0.049280
0.049280
0.271986
0.271986
0.095642
0.095642
0.188450
0.188450
0.301016
0.301016
0.401412
0.401412
0.203209
0.203209
0.156607
0.156607
0.405064
0.405064
0.142885
0.142885
0.178859
0.178859
0.184376
0.184376
0.399466
0.399466
0.379447
0.379447
0.243545
0.243545
0.425941
0.425941
0.122232
0.122232
0.465845
0.465845
0.102666
0.102666
0.056400
0.056400
0.154419
0.154419
0.135666
0.135666
0.319245
0.319245
0.200341
0.200341
0.159987
0.159987
0.147366
0.147366
0.101065
0.101065
0.203252
0.203252
0.136196
0.136196
0.202052
0.202052
0.353658
0.353658
0.189099
0.189099
0.170128
0.170128
0.572071
0.572071
0.180497
0.180497
0.102950
0.102950
0.192663
0.192663
0.097130
0.097130
0.195374
0.195374
0.104405
0.104405
0.245830
0.245830
0.094398
0.094398
0.207222
0.207222
0.107854
0.107854
0.118792
0.118792
0.083782
0.083782
0.124664
0.124664
0.391772
0.391772
0.367305
0.367305
0.228396
0.228396
0.111345
0.111345
0.215988
0.215988
0.245812
0.245812
0.248475
0.248475
0.161541
0.161541
0.318046
0.318046
0.168964
0.168964
0.339167
0.339167
0.136131
0.136131
0.099970
0.099970
0.255430
0.255430
0.280227
0.280227
0.162636
0.162636
0.097915
0.097915
0.348677
0.348677
0.216112
0.216112
0.042822
0.042822
0.220752
0.220752
0.249912
0.249912
0.099010
0.099010
0.044081
0.044081
0.132784
0.132784
0.273406
0.273406
0.216773
0.216773
0.101374
0.101374
0.305421
0.305421
0.343067
0.343067
0.284880
0.284880
0.052812
0.052812
0.057833
0.057833
0.193218
0.193218
0.173807
0.173807
0.386035
0.386035
0.177863
0.177863
0.140409
0.140409
0.135860
0.135860
0.336895
0.336895
0.348226
0.348226
0.143060
0.143060
0.165857
0.165857
0.382462
0.382462
0.242543
0.242543
0.110051
0.110051
0.245923
0.245923
0.073279
0.073279
0.134167
0.134167
0.073183
0.073183
0.167021
0.167021
0.174728
0.174728
0.259457
0.259457
0.114301
0.114301
0.109420
0.109420
0.221791
0.221791
0.159497
0.159497
0.136229
0.136229
0.334944
0.334944
0.311365
0.311365
0.353925
0.353925
0.223236
0.223236
0.054997
0.054997
0.073302
0.073302
0.302294
0.302294
0.529539
0.529539
0.270945
0.270945
0.256843
0.256843
0.261604
0.261604
0.176147
0.176147
0.513776
0.513776
0.191309
0.191309
0.112360
0.112360
0.128030
0.128030
0.250721
0.250721
0.135807
0.135807
0.172186
0.172186
0.223766
0.223766
0.182166
0.182166
0.086699
0.086699
0.102360
0.102360
0.181694
0.181694
0.246476
0.246476
0.389320
0.389320
0.416551
0.416551
0.227348
0.227348
0.382721
0.382721
0.071265
0.071265
0.140776
0.140776
0.073406
0.073406
0.064365
0.064365
0.556676
0.556676
0.131499
0.131499
0.480652
0.480652
0.284516
0.284516
0.161104
0.161104
0.092711
0.092711
0.354161
0.354161
0.242447
0.242447
0.328690
0.328690
0.358699
0.358699
0.093400
0.093400
0.076599
0.076599
0.279053
0.279053
0.126803
0.126803
0.069397
0.069397
0.076595
0.076595
0.190805
0.190805
0.139348
0.139348
0.208524
0.208524
0.335337
0.335337
0.098528
0.098528
0.098537
0.098537
0.107750
0.107750
0.175087
0.175087
0.223798
0.223798
0.158636
0.158636
0.140724
0.140724
0.182283
0.182283
0.104066
0.104066
0.149826
0.149826
0.078044
0.078044
0.203197
0.203197
0.125628
0.125628
0.223728
0.223728
0.065623
0.065623
0.112535
0.112535
0.022502
0.022502
0.215740
0.215740
0.261570
0.261570
0.207150
0.207150
0.169549
0.169549
0.153768
0.153768
0.357958
0.357958
0.145922
0.145922
0.181001
0.181001
0.325335
0.325335
0.104421
0.104421
0.264354
0.264354
0.209103
0.209103
0.134844
0.134844
0.052221
0.052221
0.079555
0.079555
0.111621
0.111621
0.395605
0.395605
0.560258
0.560258
0.393165
0.393165
0.144915
0.144915
0.168216
0.168216
0.264504
0.264504
0.108343
0.108343
0.357333
0.357333
0.064576
0.064576
0.228401
0.228401
0.185514
0.185514
0.132052
0.132052
0.349132
0.349132
0.342775
0.342775
0.184653
0.184653
0.164320
0.164320
0.109866
0.109866
0.285250
0.285250
0.252329
0.252329
0.191494
0.191494
0.072193
0.072193
0.168643
0.168643
0.375706
0.375706
0.388767
0.388767
0.111910
0.111910
0.286573
0.286573
0.099994
0.099994
0.287985
0.287985
0.193357
0.193357
0.152315
0.152315
0.119092
0.119092
0.375107
0.375107
0.160018
0.160018
0.224517
0.224517
0.098277
0.098277
0.262457
0.262457
0.129136
0.129136
0.281514
0.281514
0.152198
0.152198
0.282653
0.282653
0.211152
0.211152
0.489877
0.489877
0.078925
0.078925
0.281925
0.281925
0.170390
0.170390
0.066874
0.066874
0.369971
0.369971
0.384771
0.384771
0.182700
0.182700
0.476348
0.476348
0.122662
0.122662
0.126831
0.126831
0.051266
0.051266
0.093938
0.093938
0.094062
0.094062
0.226651
0.226651
0.265697
0.265697
0.113635
0.113635
0.146467
0.146467
0.324309
0.324309
0.176297
0.176297
0.109365
0.109365
0.059414
0.059414
0.087712
0.087712
0.097700
0.097700
0.123636
0.123636
0.074296
0.074296
0.207598
0.207598
0.108275
0.108275
0.155344
0.155344
0.147302
0.147302
0.067791
0.067791
0.260382
0.260382
0.162953
0.162953
0.175610
0.175610
0.176641
0.176641
0.264780
0.264780
0.271390
0.271390
0.259821
0.259821
0.230188
0.230188
0.250348
0.250348
0.241416
0.241416
0.339942
0.339942
0.095853
0.095853
0.121684
0.121684
0.165825
0.165825
0.208163
0.208163
0.202576
0.202576
0.346443
0.346443
0.114711
0.114711
0.155656
0.155656
0.136936
0.136936
0.064612
0.064612
0.202562
0.202562
0.109180
0.109180
0.155536
0.155536
0.249868
0.249868
0.217549
0.217549
0.068661
0.068661
0.135521
0.135521
0.146714
0.146714
0.122699
0.122699
0.139042
0.139042
0.513311
0.513311
0.214260
0.214260
0.125955
0.125955
0.120929
0.120929
0.127288
0.127288
0.173860
0.173860
0.428572
0.428572
0.057880
0.057880
0.132354
0.132354
0.264275
0.264275
0.133112
0.133112
0.162733
0.162733
0.306259
0.306259
0.228418
0.228418
0.085877
0.085877
0.134242
0.134242
0.275733
0.275733
0.077229
0.077229
0.426294
0.426294
0.331944
0.331944
0.250254
0.250254
0.176818
0.176818
0.236810
0.236810
0.279082
0.279082
0.146048
0.146048
0.346947
0.346947
0.190098
0.190098
0.193907
0.193907
0.161714
0.161714
0.120056
0.120056
0.215228
0.215228
0.092407
0.092407
0.123267
0.123267
0.216379
0.216379
0.157535
0.157535
0.091309
0.091309
0.349772
0.349772
0.614965
0.614965
0.126256
0.126256
0.166899
0.166899
0.068645
0.068645
0.158354
0.158354
0.070796
0.070796
0.086221
0.086221
0.070989
0.070989
0.142809
0.142809
0.521209
0.521209
0.170052
0.170052
0.217240
0.217240
0.155029
0.155029
0.279051
0.279051
0.074168
0.074168
0.208187
0.208187
0.131082
0.131082
0.088677
0.088677
0.145426
0.145426
0.213041
0.213041
0.389577
0.389577
0.052878
0.052878
0.098722
0.098722
0.096215
0.096215
0.032586
0.032586
0.319971
0.319971
0.084733
0.084733
0.310362
0.310362
0.094852
0.094852
0.109696
0.109696
0.080741
0.080741
0.200801
0.200801
0.068937
0.068937
0.041237
0.041237
0.130479
0.130479
0.235112
0.235112
0.130889
0.130889
0.095671
0.095671
0.052256
0.052256
0.168769
0.168769
0.171764
0.171764
0.360617
0.360617
0.196968
0.196968
0.112005
0.112005
0.504321
0.504321
4.433810
4.433810
0.334936
0.334936
0.144816
0.144816
0.141066
0.141066
0.228246
0.228246
0.219149
0.219149
0.179638
0.179638
0.201722
0.201722
0.081682
0.081682
0.204053
0.204053
0.285429
0.285429
0.213195
0.213195
0.192568
0.192568
0.095932
0.095932
0.118053
0.118053
0.291851
0.291851
0.139401
0.139401
0.204299
0.204299
0.089901
0.089901
0.066728
0.066728
0.099414
0.099414
0.119345
0.119345
0.224547
0.224547
0.206318
0.206318
0.332794
0.332794
0.169580
0.169580
0.103067
0.103067
0.244638
0.244638
0.127084
0.127084
0.238897
0.238897
0.157769
0.157769
0.141991
0.141991
0.117234
0.117234
0.056521
0.056521
0.312905
0.312905
0.145857
0.145857
0.102591
0.102591
0.080176
0.080176
0.129852
0.129852
0.226023
0.226023
0.125762
0.125762
0.074905
0.074905
0.163465
0.163465
0.160681
0.160681
0.088923
0.088923
0.167947
0.167947
0.060612
0.060612
0.212557
0.212557
0.065680
0.065680
0.284436
0.284436
0.437739
0.437739
0.213992
0.213992
0.219725
0.219725
0.195768
0.195768
0.162297
0.162297
0.162582
0.162582
0.264726
0.264726
0.090055
0.090055
0.166933
0.166933
0.333419
0.333419
0.115522
0.115522
0.057221
0.057221
0.142706
0.142706
0.217252
0.217252
0.078220
0.078220
0.301622
0.301622
0.160681
0.160681
0.092896
0.092896
0.101051
0.101051
0.428292
0.428292
0.157178
0.157178
0.236083
0.236083
0.258704
0.258704
0.077433
0.077433
0.121513
0.121513
0.423155
0.423155
0.188411
0.188411
0.075341
0.075341
0.085248
0.085248
0.121423
0.121423
0.278945
0.278945
0.261580
0.261580
0.461905
0.461905
0.279357
0.279357
0.143315
0.143315
0.073607
0.073607
0.387080
0.387080
0.158326
0.158326
0.187465
0.187465
0.180150
0.180150
0.232518
0.232518
0.237327
0.237327
0.188066
0.188066
0.177731
0.177731
0.145801
0.145801
0.188500
0.188500
0.310828
0.310828
0.063314
0.063314
0.142667
0.142667
0.186594
0.186594
0.161821
0.161821
0.150056
0.150056
0.368218
0.368218
0.126931
0.126931
0.132029
0.132029
0.359392
0.359392
0.305835
0.305835
0.054176
0.054176
0.135213
0.135213
0.202321
0.202321
0.091574
0.091574
0.073884
0.073884
0.207524
0.207524
0.188693
0.188693
0.333300
0.333300
0.149016
0.149016
0.086503
0.086503
0.068344
0.068344
0.285133
0.285133
0.682274
0.682274
0.044150
0.044150
0.915630
0.915630
0.178584
0.178584
0.115321
0.115321
0.230264
0.230264
0.190694
0.190694
0.261241
0.261241
0.161212
0.161212
0.114922
0.114922
0.104109
0.104109
0.241275
0.241275
0.300082
0.300082
0.077457
0.077457
0.500357
0.500357
0.050499
0.050499
0.172487
0.172487
0.109918
0.109918
0.174809
0.174809
0.492320
0.492320
0.122996
0.122996
0.162269
0.162269
0.152151
0.152151
0.159790
0.159790
0.121998
0.121998
0.117630
0.117630
0.121163
0.121163
0.254038
0.254038
0.305724
0.305724
0.303324
0.303324
0.136335
0.136335
0.099115
0.099115
0.477612
0.477612
0.129673
0.129673
0.041770
0.041770
0.057065
0.057065
0.071076
0.071076
0.246866
0.246866
0.287386
0.287386
0.156208
0.156208
0.199358
0.199358
0.264001
0.264001
0.233875
0.233875
0.192595
0.192595
0.100401
0.100401
0.129530
0.129530
0.073804
0.073804
0.147918
0.147918
0.180604
0.180604
0.081260
0.081260
0.082723
0.082723
0.121547
0.121547
0.074591
0.074591
0.467656
0.467656
0.373643
0.373643
0.041495
0.041495
0.057252
0.057252
0.258940
0.258940
0.186660
0.186660
0.066669
0.066669
0.111015
0.111015
0.341820
0.341820
0.122185
0.122185
0.246943
0.246943
0.219189
0.219189
0.281545
0.281545
0.086609
0.086609
0.092403
0.092403
0.341482
0.341482
0.212345
0.212345
0.155240
0.155240
0.084872
0.084872
0.126953
0.126953
0.118824
0.118824
0.073233
0.073233
0.513761
0.513761
0.526292
0.526292
0.010355
0.010355
0.099965
0.099965
0.191554
0.191554
0.106688
0.106688
0.099624
0.099624
0.146814
0.146814
0.314317
0.314317
0.142600
0.142600
0.220389
0.220389
0.224441
0.224441
0.124941
0.124941
0.167831
0.167831
0.121705
0.121705
0.251039
0.251039
0.082378
0.082378
0.114220
0.114220
0.176192
0.176192
0.209012
0.209012
0.109611
0.109611
0.226419
0.226419
0.079252
0.079252
0.129013
0.129013
0.247605
0.247605
0.100603
0.100603
0.298051
0.298051
0.075835
0.075835
0.283862
0.283862
0.202947
0.202947
0.266439
0.266439
0.152039
0.152039
0.277929
0.277929
0.170831
0.170831
0.041156
0.041156
0.141277
0.141277
0.106231
0.106231
0.097886
0.097886
0.212551
0.212551
0.212873
0.212873
0.308812
0.308812
0.247916
0.247916
0.277208
0.277208
0.230408
0.230408
0.089274
0.089274
0.273583
0.273583
0.183281
0.183281
0.267144
0.267144
0.293600
0.293600
0.189982
0.189982
0.184079
0.184079
0.175726
0.175726
0.225825
0.225825
0.174803
0.174803
0.088630
0.088630
0.096711
0.096711
0.269836
0.269836
0.284194
0.284194
0.059085
0.059085
0.175963
0.175963
0.093436
0.093436
0.179243
0.179243
0.089219
0.089219
0.323297
0.323297
0.085599
0.085599
0.239223
0.239223
0.297444
0.297444
0.096223
0.096223
0.234604
0.234604
0.385105
0.385105
0.357420
0.357420
0.069051
0.069051
0.059705
0.059705
0.128753
0.128753
0.143425
0.143425
0.400519
0.400519
0.062341
0.062341
0.130905
0.130905
0.092930
0.092930
0.054900
0.054900
0.176919
0.176919
0.203232
0.203232
0.146228
0.146228
0.045297
0.045297
0.131724
0.131724
0.094704
0.094704
0.125414
0.125414
0.197928
0.197928
0.117919
0.117919
0.106245
0.106245
0.217536
0.217536
0.078099
0.078099
0.178654
0.178654
0.128273
0.128273
0.304840
0.304840
0.171268
0.171268
0.338532
0.338532
0.272323
0.272323
0.198429
0.198429
0.108501
0.108501
0.492603
0.492603
0.313429
0.313429
0.192233
0.192233
0.327688
0.327688
0.108516
0.108516
0.450988
0.450988
0.260054
0.260054
0.252550
0.252550
0.090050
0.090050
0.071575
0.071575
0.178577
0.178577
0.250588
0.250588
0.135790
0.135790
0.075179
0.075179
0.480603
0.480603
0.178902
0.178902
0.084339
0.084339
0.227273
0.227273
0.056727
0.056727
0.122758
0.122758
0.367387
0.367387
0.186824
0.186824
0.362215
0.362215
0.215290
0.215290
0.428096
0.428096
0.177752
0.177752
0.246773
0.246773
0.069501
0.069501
0.224991
0.224991
0.048986
0.048986
0.266841
0.266841
0.252006
0.252006
0.157875
0.157875
0.052609
0.052609
0.304399
0.304399
0.070715
0.070715
0.343856
0.343856
0.195682
0.195682
0.442492
0.442492
0.132322
0.132322
0.253551
0.253551
0.133302
0.133302
0.392734
0.392734
0.265085
0.265085
0.088873
0.088873
0.093779
0.093779
0.163221
0.163221
0.161121
0.161121
0.076409
0.076409
0.105752
0.105752
0.105572
0.105572
0.049939
0.049939
0.064971
0.064971
0.097762
0.097762
0.054103
0.054103
0.167910
0.167910
0.157287
0.157287
0.048933
0.048933
0.318095
0.318095
0.373837
0.373837
0.208250
0.208250
0.046745
0.046745
0.224978
0.224978
0.116323
0.116323
0.170011
0.170011
0.080037
0.080037
0.088675
0.088675
0.187975
0.187975
0.488965
0.488965
0.444008
0.444008
0.079017
0.079017
0.135870
0.135870
0.177635
0.177635
0.107585
0.107585
0.142555
0.142555
0.359405
0.359405
0.198458
0.198458
0.089490
0.089490
0.192044
0.192044
0.074434
0.074434
0.087143
0.087143
0.163689
0.163689
0.206793
0.206793
0.109696
0.109696
0.119944
0.119944
0.116424
0.116424
0.651582
0.651582
0.135281
0.135281
0.239202
0.239202
0.174347
0.174347
0.215287
0.215287
0.116596
0.116596
0.113998
0.113998
0.168272
0.168272
0.085912
0.085912
0.127965
0.127965
0.218056
0.218056
0.096166
0.096166
0.016290
0.016290
0.216187
0.216187
0.443406
0.443406
0.775462
0.775462
0.097129
0.097129
0.032415
0.032415
0.101734
0.101734
0.206114
0.206114
0.123561
0.123561
0.135950
0.135950
0.077450
0.077450
0.090182
0.090182
0.101287
0.101287
0.124808
0.124808
0.022793
0.022793
0.273978
0.273978
0.264933
0.264933
0.092357
0.092357
0.058603
0.058603
0.116506
0.116506
0.377023
0.377023
0.383446
0.383446
0.098116
0.098116
0.320669
0.320669
0.218083
0.218083
0.499871
0.499871
0.113991
0.113991
0.174539
0.174539
0.107573
0.107573
0.169450
0.169450
0.262916
0.262916
0.034016
0.034016
0.142689
0.142689
0.067456
0.067456
0.125770
0.125770
0.172248
0.172248
0.097125
0.097125
0.090035
0.090035
0.367695
0.367695
0.172216
0.172216
0.179274
0.179274
0.143012
0.143012
0.168759
0.168759
0.066273
0.066273
0.148413
0.148413
0.178306
0.178306
0.137598
0.137598
0.100967
0.100967
0.270373
0.270373
0.179420
0.179420
0.060310
0.060310
0.239800
0.239800
0.359765
0.359765
0.044856
0.044856
0.403883
0.403883
0.669535
0.669535
0.179987
0.179987
0.141938
0.141938
0.083553
0.083553
0.238835
0.238835
0.090162
0.090162
0.198314
0.198314
0.098078
0.098078
0.135579
0.135579
0.081325
0.081325
0.205956
0.205956
0.182448
0.182448
0.248088
0.248088
0.316002
0.316002
0.159295
0.159295
0.187868
0.187868
0.120064
0.120064
0.461597
0.461597
0.142838
0.142838
0.038761
0.038761
0.107263
0.107263
0.090287
0.090287
0.043893
0.043893
0.252983
0.252983
0.389656
0.389656
0.202772
0.202772
0.172280
0.172280
0.197240
0.197240
0.373794
0.373794
0.055611
0.055611
0.162861
0.162861
0.073519
0.073519
0.065736
0.065736
0.195939
0.195939
0.176216
0.176216
0.210541
0.210541
0.232069
0.232069
0.224975
0.224975
0.051717
0.051717
0.086364
0.086364
0.249392
0.249392
0.310785
0.310785
0.253881
0.253881
0.056740
0.056740
0.191275
0.191275
0.440612
0.440612
0.149917
0.149917
0.130594
0.130594
0.438615
0.438615
0.128744
0.128744
0.158060
0.158060
0.226510
0.226510
0.213561
0.213561
0.064904
0.064904
0.423009
0.423009
0.346565
0.346565
0.192061
0.192061
0.377946
0.377946
0.056971
0.056971
0.237372
0.237372
0.089322
0.089322
0.329745
0.329745
0.116589
0.116589
0.113979
0.113979
0.087026
0.087026
0.163369
0.163369
0.073906
0.073906
0.111141
0.111141
0.164210
0.164210
0.145376
0.145376
0.132249
0.132249
0.045332
0.045332
0.359206
0.359206
0.432985
0.432985
0.170344
0.170344
0.285794
0.285794
0.131881
0.131881
0.096090
0.096090
0.152277
0.152277
0.047313
0.047313
0.125526
0.125526
0.411972
0.411972
0.080146
0.080146
0.211968
0.211968
0.140402
0.140402
0.104902
0.104902
0.113518
0.113518
0.070638
0.070638
0.121342
0.121342
0.175772
0.175772
0.109909
0.109909
0.085260
0.085260
0.194035
0.194035
0.112016
0.112016
0.123551
0.123551
0.096481
0.096481
0.121840
0.121840
0.115769
0.115769
0.076288
0.076288
0.058769
0.058769
0.271068
0.271068
0.455225
0.455225
0.051224
0.051224
0.096358
0.096358
0.151992
0.151992
0.133000
0.133000
0.089514
0.089514
0.079372
0.079372
0.347153
0.347153
0.374639
0.374639
0.084049
0.084049
0.068265
0.068265
0.076109
0.076109
0.240885
0.240885
0.359225
0.359225
0.099082
0.099082
0.202450
0.202450
0.140948
0.140948
0.783022
0.783022
0.175410
0.175410
0.413837
0.413837
0.083664
0.083664
0.108236
0.108236
0.061588
0.061588
0.110228
0.110228
0.214450
0.214450
0.168262
0.168262
0.112056
0.112056
0.160125
0.160125
0.159531
0.159531
0.022455
0.022455
0.164371
0.164371
0.106248
0.106248
0.121463
0.121463
0.177773
0.177773
0.130676
0.130676
0.116879
0.116879
0.062976
0.062976
0.064463
0.064463
0.198992
0.198992
0.261583
0.261583
2.248311
2.248311
0.246105
0.246105
0.102005
0.102005
0.098151
0.098151
0.132407
0.132407
0.284508
0.284508
0.369224
0.369224
0.223247
0.223247
0.137931
0.137931
0.283724
0.283724
0.051007
0.051007
0.092529
0.092529
0.109620
0.109620
0.086557
0.086557
0.347027
0.347027
0.173273
0.173273
0.086143
0.086143
0.226801
0.226801
0.072307
0.072307
0.088669
0.088669
0.083327
0.083327
0.278815
0.278815
0.177607
0.177607
0.205669
0.205669
0.117438
0.117438
0.057402
0.057402
0.109432
0.109432
0.253744
0.253744
0.135956
0.135956
0.161578
0.161578
0.239960
0.239960
0.122560
0.122560
0.037028
0.037028
0.114958
0.114958
0.360930
0.360930
0.100338
0.100338
0.097081
0.097081
0.175789
0.175789
0.087747
0.087747
0.347971
0.347971
0.055659
0.055659
0.180909
0.180909
0.084938
0.084938
0.106102
0.106102
0.176490
0.176490
0.096932
0.096932
0.429880
0.429880
0.077550
0.077550
0.269622
0.269622
0.100072
0.100072
0.075993
0.075993
0.185901
0.185901
0.174582
0.174582
0.117237
0.117237
0.207734
0.207734
0.138257
0.138257
0.077952
0.077952
0.159008
0.159008
0.185356
0.185356
0.138073
0.138073
0.069820
0.069820
0.302691
0.302691
0.136744
0.136744
0.198909
0.198909
0.157332
0.157332
0.268495
0.268495
0.463501
0.463501
0.176624
0.176624
0.307947
0.307947
0.310183
0.310183
0.087090
0.087090
0.187959
0.187959
0.330958
0.330958
0.200872
0.200872
0.352678
0.352678
0.094093
0.094093
0.079951
0.079951
0.398042
0.398042
0.130646
0.130646
0.076182
0.076182
0.410276
0.410276
0.124477
0.124477
0.040145
0.040145
0.059044
0.059044
0.220964
0.220964
0.066220
0.066220
0.237828
0.237828
0.125352
0.125352
0.402464
0.402464
0.307025
0.307025
0.609440
0.609440
0.115048
0.115048
0.109102
0.109102
0.366584
0.366584
0.639418
0.639418
0.222395
0.222395
0.110173
0.110173
0.242566
0.242566
0.034218
0.034218
0.328514
0.328514
0.111875
0.111875
0.145295
0.145295
0.138003
0.138003
0.299434
0.299434
0.115577
0.115577
0.108926
0.108926
0.211680
0.211680
0.137942
0.137942
0.141739
0.141739
0.134235
0.134235
0.070134
0.070134
0.039825
0.039825
0.099843
0.099843
0.214547
0.214547
0.162749
0.162749
0.122698
0.122698
0.233107
0.233107
0.180054
0.180054
0.346728
0.346728
0.100236
0.100236
0.166779
0.166779
0.094781
0.094781
0.144912
0.144912
0.261010
0.261010
0.107414
0.107414
0.120273
0.120273
0.043417
0.043417
0.084023
0.084023
0.051351
0.051351
0.091173
0.091173
0.171788
0.171788
0.254571
0.254571
0.074902
0.074902
0.210527
0.210527
0.304740
0.304740
0.097676
0.097676
0.073970
0.073970
0.473074
0.473074
0.050052
0.050052
0.093808
0.093808
0.074920
0.074920
0.415432
0.415432
0.103489
0.103489
0.077033
0.077033
0.183547
0.183547
0.188892
0.188892
0.105603
0.105603
0.086597
0.086597
0.102550
0.102550
0.179085
0.179085
0.213504
0.213504
0.114807
0.114807
0.164549
0.164549
0.151733
0.151733
0.222143
0.222143
0.437087
0.437087
0.236321
0.236321
0.041622
0.041622
0.051319
0.051319
0.067962
0.067962
0.199212
0.199212
0.073556
0.073556
0.131520
0.131520
0.076501
0.076501
0.043335
0.043335
0.296834
0.296834
0.144015
0.144015
0.095992
0.095992
0.421718
0.421718
0.269264
0.269264
0.052060
0.052060
0.164392
0.164392
0.154436
0.154436
0.081920
0.081920
0.509061
0.509061
0.387429
0.387429
0.142296
0.142296
0.224443
0.224443
0.329915
0.329915
0.140322
0.140322
0.050307
0.050307
0.211687
0.211687
0.244917
0.244917
0.151986
0.151986
0.143136
0.143136
0.178928
0.178928
0.114494
0.114494
0.187183
0.187183
0.192180
0.192180
0.199435
0.199435
0.296227
0.296227
0.059032
0.059032
0.179822
0.179822
0.063021
0.063021
0.171117
0.171117
0.074369
0.074369
0.034128
0.034128
0.138546
0.138546
0.335701
0.335701
0.438356
0.438356
0.047421
0.047421
0.114114
0.114114
0.046379
0.046379
0.562566
0.562566
0.142367
0.142367
0.100797
0.100797
0.127303
0.127303
0.327573
0.327573
0.076702
0.076702
0.132409
0.132409
0.249813
0.249813
0.125932
0.125932
0.439633
0.439633
0.039270
0.039270
0.348821
0.348821
0.116693
0.116693
0.476924
0.476924
0.122302
0.122302
0.031399
0.031399
0.233010
0.233010
0.084085
0.084085
0.229446
0.229446
0.056190
0.056190
0.163031
0.163031
0.304839
0.304839
0.140495
0.140495
0.022348
0.022348
0.339993
0.339993
0.128158
0.128158
0.188948
0.188948
0.055657
0.055657
0.185842
0.185842
0.060742
0.060742
0.103836
0.103836
0.040397
0.040397
0.400762
0.400762
0.113902
0.113902
0.188712
0.188712
0.187766
0.187766
0.131955
0.131955
0.090501
0.090501
0.094592
0.094592
0.090009
0.090009
0.162619
0.162619
0.162914
0.162914
0.073635
0.073635
0.160291
0.160291
0.103927
0.103927
0.207002
0.207002
0.242781
0.242781
0.171611
0.171611
0.085939
0.085939
0.488968
0.488968
0.253091
0.253091
0.049599
0.049599
0.171342
0.171342
0.072597
0.072597
0.413607
0.413607
0.026731
0.026731
0.266413
0.266413
0.026233
0.026233
0.229854
0.229854
0.327808
0.327808
0.114337
0.114337
0.260344
0.260344
0.067748
0.067748
0.162920
0.162920
0.114630
0.114630
0.327015
0.327015
0.179227
0.179227
0.090604
0.090604
0.238591
0.238591
0.327736
0.327736
0.173991
0.173991
0.192123
0.192123
0.067602
0.067602
0.406087
0.406087
0.159425
0.159425
0.283041
0.283041
0.301914
0.301914
0.215138
0.215138
0.201231
0.201231
0.160017
0.160017
0.043053
0.043053
0.058982
0.058982
0.139480
0.139480
0.175136
0.175136
0.075772
0.075772
0.039542
0.039542
0.167303
0.167303
0.090314
0.090314
0.264123
0.264123
0.179986
0.179986
0.374016
0.374016
0.099919
0.099919
0.193908
0.193908
0.071677
0.071677
0.056048
0.056048
0.094097
0.094097
0.436896
0.436896
0.102552
0.102552
0.051748
0.051748
0.113523
0.113523
0.171256
0.171256
0.477827
0.477827
0.289561
0.289561
0.313392
0.313392
0.183793
0.183793
0.059965
0.059965
0.345184
0.345184
0.063489
0.063489
0.135926
0.135926
0.185191
0.185191
0.192067
0.192067
0.326656
0.326656
0.076039
0.076039
0.184683
0.184683
0.195908
0.195908
0.052928
0.052928
0.207784
0.207784
0.281061
0.281061
0.061132
0.061132
0.043623
0.043623
0.474637
0.474637
0.117178
0.117178
0.227845
0.227845
0.252649
0.252649
0.248851
0.248851
0.145080
0.145080
0.165634
0.165634
0.063245
0.063245
0.108837
0.108837
0.042178
0.042178
0.075145
0.075145
0.146735
0.146735
0.078862
0.078862
0.065804
0.065804
0.110274
0.110274
0.058597
0.058597
0.047482
0.047482
0.222929
0.222929
0.113018
0.113018
0.183943
0.183943
0.055781
0.055781
0.125635
0.125635
0.094162
0.094162
0.154001
0.154001
0.231442
0.231442
0.082696
0.082696
0.235256
0.235256
0.055995
0.055995
0.150381
0.150381
0.128529
0.128529
0.217060
0.217060
0.119485
0.119485
0.498113
0.498113
0.048382
0.048382
0.187600
0.187600
0.236030
0.236030
0.202898
0.202898
0.050028
0.050028
0.188453
0.188453
0.160590
0.160590
0.273363
0.273363
0.233331
0.233331
0.125167
0.125167
0.107637
0.107637
0.329487
0.329487
0.432484
0.432484
0.118639
0.118639
0.142017
0.142017
0.093064
0.093064
0.245965
0.245965
0.339018
0.339018
0.165273
0.165273
0.121235
0.121235
0.360023
0.360023
0.080487
0.080487
0.212494
0.212494
0.148325
0.148325
0.202833
0.202833
0.170345
0.170345
0.127911
0.127911
0.194018
0.194018
0.345391
0.345391
0.092030
0.092030
0.065820
0.065820
0.241258
0.241258
0.087811
0.087811
0.248034
0.248034
0.105188
0.105188
0.542203
0.542203
0.047504
0.047504
0.379344
0.379344
0.232987
0.232987
0.103361
0.103361
0.156027
0.156027
0.066457
0.066457
0.096906
0.096906
0.067558
0.067558
0.120009
0.120009
0.129910
0.129910
0.303843
0.303843
0.144563
0.144563
0.131001
0.131001
0.124440
0.124440
0.158378
0.158378
0.327888
0.327888
0.256199
0.256199
0.282220
0.282220
0.182601
0.182601
0.067017
0.067017
0.108701
0.108701
0.410935
0.410935
0.144944
0.144944
0.129880
0.129880
0.163288
0.163288
0.382054
0.382054
0.277775
0.277775
0.060012
0.060012
0.107849
0.107849
0.096352
0.096352
0.069931
0.069931
0.051281
0.051281
0.102599
0.102599
0.099600
0.099600
0.175454
0.175454
0.388765
0.388765
0.073286
0.073286
0.118150
0.118150
0.131903
0.131903
0.062359
0.062359
0.169782
0.169782
0.109696
0.109696
0.106338
0.106338
0.280889
0.280889
0.333490
0.333490
0.181550
0.181550
0.111199
0.111199
0.178430
0.178430
0.106057
0.106057
0.090783
0.090783
0.226280
0.226280
0.186632
0.186632
0.120588
0.120588
0.064239
0.064239
0.048425
0.048425
0.123700
0.123700
0.142090
0.142090
0.248814
0.248814
0.170675
0.170675
0.089172
0.089172
0.242699
0.242699
0.214410
0.214410
0.042113
0.042113
0.067947
0.067947
0.046165
0.046165
0.161869
0.161869
0.243454
0.243454
0.117758
0.117758
0.091030
0.091030
0.415262
0.415262
0.179071
0.179071
0.200325
0.200325
0.247092
0.247092
0.136940
0.136940
0.356548
0.356548
0.118066
0.118066
0.060558
0.060558
0.402444
0.402444
0.118368
0.118368
0.237286
0.237286
0.191465
0.191465
0.038623
0.038623
0.338637
0.338637
0.123192
0.123192
0.100104
0.100104
0.033144
0.033144
0.240334
0.240334
0.167079
0.167079
0.116257
0.116257
0.182055
0.182055
0.045609
0.045609
0.199926
0.199926
0.240153
0.240153
0.052470
0.052470
0.194947
0.194947
0.280400
0.280400
0.199778
0.199778
0.120455
0.120455
0.162027
0.162027
0.087385
0.087385
0.097803
0.097803
0.234810
0.234810
0.106305
0.106305
0.095411
0.095411
0.036787
0.036787
0.284424
0.284424
0.178678
0.178678
0.221543
0.221543
0.153571
0.153571
0.484710
0.484710
0.113415
0.113415
0.129915
0.129915
0.154184
0.154184
0.236312
0.236312
0.333570
0.333570
0.116322
0.116322
0.053557
0.053557
0.405924
0.405924
0.177623
0.177623
0.176834
0.176834
0.111477
0.111477
0.155300
0.155300
0.122884
0.122884
0.198751
0.198751
0.087345
0.087345
0.112526
0.112526
0.091931
0.091931
0.234104
0.234104
0.272389
0.272389
0.036989
0.036989
0.122642
0.122642
0.039703
0.039703
0.225501
0.225501
0.074364
0.074364
0.049614
0.049614
0.109879
0.109879
0.124372
0.124372
0.068060
0.068060
0.172257
0.172257
0.453612
0.453612
0.060024
0.060024
0.312116
0.312116
0.139578
0.139578
0.224623
0.224623
0.515613
0.515613
0.257827
0.257827
0.255385
0.255385
0.046725
0.046725
0.049485
0.049485
0.056764
0.056764
0.203864
0.203864
0.323772
0.323772
0.255188
0.255188
0.158124
0.158124
0.091195
0.091195
0.221204
0.221204
0.118599
0.118599
0.588414
0.588414
0.123025
0.123025
0.141601
0.141601
0.253313
0.253313
0.058244
0.058244
0.281065
0.281065
0.114521
0.114521
0.232392
0.232392
0.085389
0.085389
0.122136
0.122136
0.292066
0.292066
0.104618
0.104618
0.181799
0.181799
0.432749
0.432749
0.064014
0.064014
0.104982
0.104982
0.347276
0.347276
0.221126
0.221126
0.113056
0.113056
0.403569
0.403569
0.085402
0.085402
0.122215
0.122215
0.077263
0.077263
0.108750
0.108750
0.143215
0.143215
0.196151
0.196151
0.042668
0.042668
0.314982
0.314982
0.471996
0.471996
0.175766
0.175766
0.161353
0.161353
0.051506
0.051506
0.316858
0.316858
0.085450
0.085450
0.320385
0.320385
0.128959
0.128959
0.055774
0.055774
0.183497
0.183497
0.044391
0.044391
0.002144
0.002144
0.113569
0.113569
0.215078
0.215078
0.222283
0.222283
0.083431
0.083431
0.026219
0.026219
0.058391
0.058391
0.378828
0.378828
0.182011
0.182011
0.679934
0.679934
0.208790
0.208790
0.046918
0.046918
0.118355
0.118355
0.169909
0.169909
0.104830
0.104830
0.110217
0.110217
0.143149
0.143149
0.248017
0.248017
0.060750
0.060750
0.286777
0.286777
0.122478
0.122478
0.088913
0.088913
0.167582
0.167582
0.046860
0.046860
0.225255
0.225255
0.186515
0.186515
0.086646
0.086646
0.107170
0.107170
0.112288
0.112288
0.467901
0.467901
0.243895
0.243895
0.294400
0.294400
0.098523
0.098523
0.345780
0.345780
0.080122
0.080122
0.134157
0.134157
0.195790
0.195790
0.083429
0.083429
0.210340
0.210340
0.376532
0.376532
0.135785
0.135785
0.124213
0.124213
0.302594
0.302594
0.234705
0.234705
0.303680
0.303680
0.150817
0.150817
0.057998
0.057998
0.115533
0.115533
0.262863
0.262863
0.115662
0.115662
0.098599
0.098599
0.223786
0.223786
0.059035
0.059035
0.132445
0.132445
0.156503
0.156503
0.089730
0.089730
0.037482
0.037482
0.160734
0.160734
0.116948
0.116948
0.072859
0.072859
0.130132
0.130132
0.162398
0.162398
0.049766
0.049766
0.082649
0.082649
0.130601
0.130601
0.089294
0.089294
0.078531
0.078531
0.093231
0.093231
0.053353
0.053353
0.088991
0.088991
0.089376
0.089376
0.204553
0.204553
0.241187
0.241187
0.404836
0.404836
0.106496
0.106496
0.044207
0.044207
0.078880
0.078880
0.076774
0.076774
0.076948
0.076948
0.032155
0.032155
0.441474
0.441474
0.332033
0.332033
0.061071
0.061071
0.187794
0.187794
0.082055
0.082055
0.222096
0.222096
0.264119
0.264119
0.116127
0.116127
0.055157
0.055157
0.180495
0.180495
0.241771
0.241771
0.209944
0.209944
0.360563
0.360563
0.193877
0.193877
0.122291
0.122291
0.137602
0.137602
0.158805
0.158805
0.192382
0.192382
0.155627
0.155627
0.107794
0.107794
0.104875
0.104875
0.127490
0.127490
0.400686
0.400686
0.258867
0.258867
0.106757
0.106757
0.038874
0.038874
0.126934
0.126934
0.053417
0.053417
0.303161
0.303161
0.519139
0.519139
0.102438
0.102438
0.456804
0.456804
0.061506
0.061506
0.149259
0.149259
0.272986
0.272986
0.197731
0.197731
0.052968
0.052968
0.093730
0.093730
0.118684
0.118684
0.137265
0.137265
0.064023
0.064023
0.245876
0.245876
0.247369
0.247369
0.045113
0.045113
0.139981
0.139981
0.145683
0.145683
0.035607
0.035607
0.165161
0.165161
0.134042
0.134042
0.106844
0.106844
0.071805
0.071805
0.051817
0.051817
0.029547
0.029547
0.348047
0.348047
0.085049
0.085049
0.291675
0.291675
0.103730
0.103730
0.175629
0.175629
0.257129
0.257129
0.234090
0.234090
0.221848
0.221848
0.273265
0.273265
0.161936
0.161936
0.092518
0.092518
0.042594
0.042594
0.066071
0.066071
0.569996
0.569996
0.259885
0.259885
0.142928
0.142928
0.069982
0.069982
0.096334
0.096334
0.319085
0.319085
0.103050
0.103050
0.607020
0.607020
0.118178
0.118178
0.193920
0.193920
0.286924
0.286924
0.351458
0.351458
0.143529
0.143529
0.086753
0.086753
0.134460
0.134460
0.223414
0.223414
0.109207
0.109207
0.077966
0.077966
0.375489
0.375489
0.254863
0.254863
0.238402
0.238402
0.093138
0.093138
0.092396
0.092396
0.247455
0.247455
0.171737
0.171737
0.461581
0.461581
0.147004
0.147004
0.159256
0.159256
0.094318
0.094318
0.131665
0.131665
0.115106
0.115106
0.032480
0.032480
0.075681
0.075681
0.189017
0.189017
0.512908
0.512908
0.039482
0.039482
0.101320
0.101320
0.196232
0.196232
0.380409
0.380409
0.068717
0.068717
0.029884
0.029884
0.174899
0.174899
0.084660
0.084660
0.231875
0.231875
0.309337
0.309337
0.168792
0.168792
0.161851
0.161851
0.479302
0.479302
0.225732
0.225732
0.096503
0.096503
0.097238
0.097238
0.122435
0.122435
0.024127
0.024127
0.134527
0.134527
0.313416
0.313416
0.058898
0.058898
0.035293
0.035293
0.144863
0.144863
0.158521
0.158521
0.137627
0.137627
0.293850
0.293850
0.188082
0.188082
0.056834
0.056834
0.034629
0.034629
0.230327
0.230327
0.098887
0.098887
0.325739
0.325739
0.049734
0.049734
0.052718
0.052718
0.086868
0.086868
0.278631
0.278631
0.255995
0.255995
0.195289
0.195289
0.219959
0.219959
0.204530
0.204530
0.114544
0.114544
0.090366
0.090366
0.268595
0.268595
0.095764
0.095764
0.206162
0.206162
0.348332
0.348332
0.175079
0.175079
0.067182
0.067182
0.240396
0.240396
0.132663
0.132663
0.076557
0.076557
0.135712
0.135712
0.234583
0.234583
0.620649
0.620649
0.111421
0.111421
0.167840
0.167840
0.387003
0.387003
0.065205
0.065205
0.137441
0.137441
0.246422
0.246422
0.218446
0.218446
0.087395
0.087395
0.050887
0.050887
0.163766
0.163766
0.098460
0.098460
0.245077
0.245077
0.466122
0.466122
0.127364
0.127364
0.049333
0.049333
0.089006
0.089006
0.152328
0.152328
0.154828
0.154828
0.280506
0.280506
0.295494
0.295494
0.157242
0.157242
0.059650
0.059650
0.197132
0.197132
0.159732
0.159732
0.203896
0.203896
0.179922
0.179922
0.427379
0.427379
0.147514
0.147514
0.136019
0.136019
0.122221
0.122221
0.106748
0.106748
0.150271
0.150271
0.194930
0.194930
0.051340
0.051340
0.101596
0.101596
0.094432
0.094432
0.052901
0.052901
0.042812
0.042812
0.170861
0.170861
0.210958
0.210958
0.074900
0.074900
0.347057
0.347057
0.358269
0.358269
0.118784
0.118784
0.083026
0.083026
0.167794
0.167794
0.076901
0.076901
0.153484
0.153484
0.267280
0.267280
0.116083
0.116083
0.139864
0.139864
0.053758
0.053758
0.083190
0.083190
0.067708
0.067708
0.059840
0.059840
0.242074
0.242074
0.105484
0.105484
0.129319
0.129319
0.268759
0.268759
0.283138
0.283138
0.080368
0.080368
0.127969
0.127969
0.282514
0.282514
0.144624
0.144624
0.206002
0.206002
0.281728
0.281728
0.046317
0.046317
0.069086
0.069086
0.181821
0.181821
0.178296
0.178296
0.456097
0.456097
0.213199
0.213199
0.242997
0.242997
0.407801
0.407801
0.155213
0.155213
0.185173
0.185173
0.056651
0.056651
0.149534
0.149534
0.095702
0.095702
0.064387
0.064387
0.176189
0.176189
0.414521
0.414521
0.363548
0.363548
0.096036
0.096036
0.088064
0.088064
0.187350
0.187350
0.032466
0.032466
0.104072
0.104072
0.065900
0.065900
0.050160
0.050160
0.241803
0.241803
0.076597
0.076597
0.079251
0.079251
0.062791
0.062791
0.073728
0.073728
0.160126
0.160126
0.466885
0.466885
0.180934
0.180934
0.190151
0.190151
0.026976
0.026976
0.094519
0.094519
0.242577
0.242577
0.330334
0.330334
0.210139
0.210139
0.202922
0.202922
0.150288
0.150288
0.319027
0.319027
0.100061
0.100061
0.221977
0.221977
0.096225
0.096225
0.227300
0.227300
0.310763
0.310763
0.214177
0.214177
0.286499
0.286499
0.107109
0.107109
0.066655
0.066655
0.082268
0.082268
0.069991
0.069991
0.049605
0.049605
0.046297
0.046297
0.402224
0.402224
0.214542
0.214542
0.111834
0.111834
0.066671
0.066671
0.305282
0.305282
0.094572
0.094572
0.289691
0.289691
0.079797
0.079797
0.191399
0.191399
0.200945
0.200945
0.058575
0.058575
0.203740
0.203740
0.217464
0.217464
0.378856
0.378856
0.165781
0.165781
0.096779
0.096779
0.226985
0.226985
0.059233
0.059233
0.025734
0.025734
0.102224
0.102224
0.386754
0.386754
0.187392
0.187392
0.290000
0.290000
0.111051
0.111051
0.078509
0.078509
0.169924
0.169924
0.349195
0.349195
0.081658
0.081658
0.196899
0.196899
0.448030
0.448030
0.056121
0.056121
0.241928
0.241928
0.222098
0.222098
0.296006
0.296006
0.040002
0.040002
0.048369
0.048369
0.150338
0.150338
0.007091
0.007091
0.118256
0.118256
0.133673
0.133673
0.209921
0.209921
0.062827
0.062827
0.075383
0.075383
0.315050
0.315050
0.114928
0.114928
0.074637
0.074637
0.071070
0.071070
0.080446
0.080446
0.134720
0.134720
0.281761
0.281761
0.183301
0.183301
0.097120
0.097120
0.121884
0.121884
0.256436
0.256436
0.516255
0.516255
0.155817
0.155817
0.122849
0.122849
0.049689
0.049689
0.067387
0.067387
0.159248
0.159248
0.398955
0.398955
0.222613
0.222613
0.218628
0.218628
0.271436
0.271436
0.078184
0.078184
0.160118
0.160118
0.114254
0.114254
0.188992
0.188992
0.162360
0.162360
0.052924
0.052924
0.244965
0.244965
0.122194
0.122194
0.164854
0.164854
0.132521
0.132521
0.164508
0.164508
0.201175
0.201175
0.143619
0.143619
0.052822
0.052822
0.088583
0.088583
0.232317
0.232317
0.446492
0.446492
0.107069
0.107069
0.044380
0.044380
0.068216
0.068216
0.074564
0.074564
0.203834
0.203834
0.298039
0.298039
0.080005
0.080005
0.096598
0.096598
0.154412
0.154412
0.068499
0.068499
0.610505
0.610505
0.196136
0.196136
0.275917
0.275917
0.196582
0.196582
0.018248
0.018248
0.242817
0.242817
0.198039
0.198039
0.164840
0.164840
0.123139
0.123139
0.123068
0.123068
0.076182
0.076182
0.113952
0.113952
0.181338
0.181338
0.121073
0.121073
0.054487
0.054487
0.154640
0.154640
0.193839
0.193839
0.398534
0.398534
0.114556
0.114556
0.194458
0.194458
0.264276
0.264276
0.179964
0.179964
0.067550
0.067550
0.181808
0.181808
0.133680
0.133680
0.278409
0.278409
0.111994
0.111994
0.218682
0.218682
0.230480
0.230480
0.253739
0.253739
0.205717
0.205717
0.124435
0.124435
0.121500
0.121500
0.056012
0.056012
0.231544
0.231544
0.114493
0.114493
0.113485
0.113485
0.048177
0.048177
0.081045
0.081045
0.107120
0.107120
0.097260
0.097260
0.216855
0.216855
0.111853
0.111853
0.043676
0.043676
0.191749
0.191749
0.184784
0.184784
0.234832
0.234832
0.034530
0.034530
0.247146
0.247146
0.079050
0.079050
0.115279
0.115279
0.063924
0.063924
0.106688
0.106688
0.075517
0.075517
0.064490
0.064490
0.192145
0.192145
0.194776
0.194776
0.376825
0.376825
0.213466
0.213466
0.473634
0.473634
0.170867
0.170867
0.351922
0.351922
0.083649
0.083649
0.051867
0.051867
0.421590
0.421590
0.121101
0.121101
0.043716
0.043716
0.202788
0.202788
0.119080
0.119080
0.189662
0.189662
0.204387
0.204387
0.035609
0.035609
0.201421
0.201421
0.154886
0.154886
0.544099
0.544099
0.204561
0.204561
0.140283
0.140283
0.064867
0.064867
0.239658
0.239658
0.081184
0.081184
0.060277
0.060277
0.223576
0.223576
0.089573
0.089573
0.386034
0.386034
0.067712
0.067712
0.043719
0.043719
0.040176
0.040176
0.094578
0.094578
0.091688
0.091688
0.086862
0.086862
0.131585
0.131585
0.166734
0.166734
0.123097
0.123097
0.058724
0.058724
0.030324
0.030324
0.033361
0.033361
0.060101
0.060101
0.091990
0.091990
0.148115
0.148115
0.392424
0.392424
0.060452
0.060452
0.128997
0.128997
0.688511
0.688511
0.190588
0.190588
0.142731
0.142731
0.134724
0.134724
0.040986
0.040986
0.562684
0.562684
0.061608
0.061608
0.290173
0.290173
0.262582
0.262582
0.150200
0.150200
0.963867
0.963867
0.066022
0.066022
0.540157
0.540157
0.045000
0.045000
0.059766
0.059766
0.196785
0.196785
0.065442
0.065442
0.516267
0.516267
0.085242
0.085242
0.060508
0.060508
0.139919
0.139919
0.077582
0.077582
0.105900
0.105900
0.132762
0.132762
0.229768
0.229768
0.171053
0.171053
0.163505
0.163505
0.113546
0.113546
0.058422
0.058422
0.298367
0.298367
0.056031
0.056031
0.078833
0.078833
0.262483
0.262483
0.033842
0.033842
0.045594
0.045594
0.411264
0.411264
0.033881
0.033881
0.040653
0.040653
0.247157
0.247157
0.180915
0.180915
0.089501
0.089501
0.215945
0.215945
0.143241
0.143241
0.134866
0.134866
0.211307
0.211307
0.501725
0.501725
0.319696
0.319696
0.232020
0.232020
0.204176
0.204176
0.055868
0.055868
0.129524
0.129524
0.212240
0.212240
0.100899
0.100899
0.247490
0.247490
0.066952
0.066952
0.149425
0.149425
0.077469
0.077469
0.230569
0.230569
0.106416
0.106416
0.149934
0.149934
0.080217
0.080217
0.026836
0.026836
0.108338
0.108338
0.222376
0.222376
0.145786
0.145786
0.103835
0.103835
0.061205
0.061205
0.055406
0.055406
0.159188
0.159188
0.088036
0.088036
0.059771
0.059771
0.130112
0.130112
0.194602
0.194602
0.050953
0.050953
0.203548
0.203548
0.105589
0.105589
0.104880
0.104880
0.118254
0.118254
0.166391
0.166391
0.100453
0.100453
0.377515
0.377515
0.058015
0.058015
0.319820
0.319820
0.067922
0.067922
0.206224
0.206224
0.036386
0.036386
0.123477
0.123477
0.059249
0.059249
0.460025
0.460025
0.127057
0.127057
0.260714
0.260714
0.112517
0.112517
0.264184
0.264184
0.283548
0.283548
0.210120
0.210120
0.203343
0.203343
0.278233
0.278233
0.119137
0.119137
0.220866
0.220866
0.317783
0.317783
0.050289
0.050289
0.360978
0.360978
0.172674
0.172674
0.064119
0.064119
0.207081
0.207081
0.104336
0.104336
0.359704
0.359704
0.254181
0.254181
0.562669
0.562669
0.119104
0.119104
0.090633
0.090633
0.197734
0.197734
0.210940
0.210940
0.045657
0.045657
0.120145
0.120145
0.058569
0.058569
0.124775
0.124775
0.051918
0.051918
0.255273
0.255273
0.111676
0.111676
0.236925
0.236925
0.328316
0.328316
0.090943
0.090943
0.082916
0.082916
0.057916
0.057916
0.323314
0.323314
0.059007
0.059007
0.126759
0.126759
0.085127
0.085127
0.149014
0.149014
0.097412
0.097412
0.097240
0.097240
0.473432
0.473432
0.278048
0.278048
0.036961
0.036961
0.512098
0.512098
0.067622
0.067622
0.094052
0.094052
0.287995
0.287995
0.117298
0.117298
0.246584
0.246584
0.182702
0.182702
0.142104
0.142104
0.352999
0.352999
0.043634
0.043634
0.099951
0.099951
0.075013
0.075013
0.102200
0.102200
0.051798
0.051798
0.358367
0.358367
0.024034
0.024034
0.155774
0.155774
0.430351
0.430351
0.181695
0.181695
0.044315
0.044315
0.139035
0.139035
0.501035
0.501035
0.231407
0.231407
0.052936
0.052936
0.313351
0.313351
0.199163
0.199163
0.120299
0.120299
0.114535
0.114535
0.146789
0.146789
0.071091
0.071091
0.154873
0.154873
0.210783
0.210783
0.056475
0.056475
0.124749
0.124749
0.084294
0.084294
0.097627
0.097627
0.243116
0.243116
0.142281
0.142281
0.091618
0.091618
0.127665
0.127665
0.165496
0.165496
0.303726
0.303726
0.286335
0.286335
0.488850
0.488850
0.107492
0.107492
0.088013
0.088013
0.118899
0.118899
0.291146
0.291146
0.211846
0.211846
0.560599
0.560599
0.053530
0.053530
0.172054
0.172054
0.364081
0.364081
0.196164
0.196164
0.126000
0.126000
0.045480
0.045480
0.470628
0.470628
0.042848
0.042848
0.277975
0.277975
0.294646
0.294646
0.073873
0.073873
0.062145
0.062145
0.218914
0.218914
0.113650
0.113650
0.114549
0.114549
0.283123
0.283123
0.153027
0.153027
0.095586
0.095586
0.050893
0.050893
0.064870
0.064870
0.191203
0.191203
0.039292
0.039292
0.224661
0.224661
0.147376
0.147376
0.263211
0.263211
0.071946
0.071946
0.030236
0.030236
0.108283
0.108283
0.087201
0.087201
0.351735
0.351735
0.078088
0.078088
0.108772
0.108772
0.294835
0.294835
0.077139
0.077139
0.092081
0.092081
0.075398
0.075398
0.111248
0.111248
0.046087
0.046087
0.097657
0.097657
0.083981
0.083981
0.070365
0.070365
0.218478
0.218478
0.215753
0.215753
0.057069
0.057069
0.413448
0.413448
0.053048
0.053048
0.088975
0.088975
0.082632
0.082632
0.158511
0.158511
0.187644
0.187644
0.023616
0.023616
0.225968
0.225968
0.182986
0.182986
0.348078
0.348078
0.092774
0.092774
0.258638
0.258638
0.320723
0.320723
0.187707
0.187707
0.044430
0.044430
0.042559
0.042559
0.100083
0.100083
0.062671
0.062671
0.165241
0.165241
0.110630
0.110630
0.303593
0.303593
0.038994
0.038994
0.228230
0.228230
0.473693
0.473693
0.060316
0.060316
0.059247
0.059247
0.085970
0.085970
0.155397
0.155397
0.139357
0.139357
0.082181
0.082181
0.055445
0.055445
0.174898
0.174898
0.406807
0.406807
0.233161
0.233161
0.692069
0.692069
0.118574
0.118574
0.080163
0.080163
0.062655
0.062655
0.035707
0.035707
0.241727
0.241727
0.236299
0.236299
0.062335
0.062335
0.416875
0.416875
0.119453
0.119453
0.147518
0.147518
0.199278
0.199278
0.049559
0.049559
0.419375
0.419375
0.277981
0.277981
0.093850
0.093850
0.175441
0.175441
0.100395
0.100395
0.134881
0.134881
0.168136
0.168136
0.033921
0.033921
0.024828
0.024828
0.084107
0.084107
0.075224
0.075224
0.306924
0.306924
0.126502
0.126502
0.080720
0.080720
0.234002
0.234002
0.394463
0.394463
0.061644
0.061644
0.256647
0.256647
0.486243
0.486243
0.114358
0.114358
0.069718
0.069718
0.098277
0.098277
0.291865
0.291865
0.178576
0.178576
0.221752
0.221752
0.149828
0.149828
0.062319
0.062319
0.184625
0.184625
0.083546
0.083546
0.157928
0.157928
0.183759
0.183759
0.169103
0.169103
0.135851
0.135851
0.206096
0.206096
0.160138
0.160138
0.122278
0.122278
0.365021
0.365021
0.086775
0.086775
0.239828
0.239828
0.045714
0.045714
0.199650
0.199650
0.140023
0.140023
0.175176
0.175176
0.224032
0.224032
0.086437
0.086437
0.023112
0.023112
0.178045
0.178045
0.165644
0.165644
0.095140
0.095140
0.245248
0.245248
0.152955
0.152955
0.076480
0.076480
0.045331
0.045331
0.153681
0.153681
0.058449
0.058449
0.152312
0.152312
0.091600
0.091600
0.093873
0.093873
0.074065
0.074065
0.345605
0.345605
0.295615
0.295615
0.372665
0.372665
0.061974
0.061974
0.056603
0.056603
0.049869
0.049869
0.128906
0.128906
0.136221
0.136221
0.318024
0.318024
0.119135
0.119135
0.032346
0.032346
0.126144
0.126144
0.032825
0.032825
0.179827
0.179827
0.296965
0.296965
0.239320
0.239320
0.085018
0.085018
0.089009
0.089009
0.096375
0.096375
0.408309
0.408309
0.372083
0.372083
0.170704
0.170704
0.182636
0.182636
0.263278
0.263278
0.260533
0.260533
0.145468
0.145468
0.162635
0.162635
0.111221
0.111221
0.093442
0.093442
0.379060
0.379060
0.040648
0.040648
0.231195
0.231195
0.065975
0.065975
0.369732
0.369732
0.252851
0.252851
0.270261
0.270261
0.154839
0.154839
0.195812
0.195812
0.253022
0.253022
0.137224
0.137224
0.141551
0.141551
0.129967
0.129967
0.315776
0.315776
0.214821
0.214821
0.441270
0.441270
0.144915
0.144915
0.151920
0.151920
0.020899
0.020899
0.122641
0.122641
0.119826
0.119826
0.121134
0.121134
0.122340
0.122340
0.197403
0.197403
0.215484
0.215484
0.106893
0.106893
0.134421
0.134421
0.406756
0.406756
0.156545
0.156545
0.065122
0.065122
0.218999
0.218999
0.034757
0.034757
0.220439
0.220439
0.145227
0.145227
0.089867
0.089867
0.097839
0.097839
0.297417
0.297417
0.030809
0.030809
0.192566
0.192566
0.154120
0.154120
0.204988
0.204988
0.071070
0.071070
0.046633
0.046633
0.155226
0.155226
0.080463
0.080463
0.060952
0.060952
0.054925
0.054925
0.326521
0.326521
0.112381
0.112381
0.119108
0.119108
0.214299
0.214299
0.251506
0.251506
0.127273
0.127273
0.219562
0.219562
0.328671
0.328671
0.087945
0.087945
0.081621
0.081621
0.108742
0.108742
0.037834
0.037834
0.099764
0.099764
0.031628
0.031628
0.168030
0.168030
0.072300
0.072300
0.280402
0.280402
0.072303
0.072303
0.118323
0.118323
0.108260
0.108260
0.234539
0.234539
0.016685
0.016685
0.112684
0.112684
0.197669
0.197669
0.124717
0.124717
0.618811
0.618811
0.079327
0.079327
0.091591
0.091591
0.113957
0.113957
0.146097
0.146097
0.122905
0.122905
0.137420
0.137420
0.317605
0.317605
0.260571
0.260571
0.106448
0.106448
0.275880
0.275880
0.094402
0.094402
0.437843
0.437843
0.142115
0.142115
0.316264
0.316264
0.037999
0.037999
0.086204
0.086204
0.080076
0.080076
0.056081
0.056081
0.165586
0.165586
0.243750
0.243750
0.206077
0.206077
0.121577
0.121577
0.055923
0.055923
0.078202
0.078202
0.103803
0.103803
0.333109
0.333109
0.121716
0.121716
0.258556
0.258556
0.124877
0.124877
0.208379
0.208379
0.051873
0.051873
0.229889
0.229889
0.072353
0.072353
0.181912
0.181912
0.156332
0.156332
0.334264
0.334264
0.044976
0.044976
0.051858
0.051858
0.279395
0.279395
0.122898
0.122898
0.098386
0.098386
0.128151
0.128151
0.243092
0.243092
0.084478
0.084478
0.059715
0.059715
0.110233
0.110233
0.029638
0.029638
0.056058
0.056058
0.189658
0.189658
0.247242
0.247242
0.422440
0.422440
0.150308
0.150308
0.131032
0.131032
0.050946
0.050946
0.320537
0.320537
0.252841
0.252841
0.212161
0.212161
0.090333
0.090333
0.108400
0.108400
0.120971
0.120971
0.281176
0.281176
0.091255
0.091255
0.062817
0.062817
0.245206
0.245206
0.062248
0.062248
0.132913
0.132913
0.121180
0.121180
0.053074
0.053074
0.096943
0.096943
0.045831
0.045831
0.135871
0.135871
0.041086
0.041086
0.116734
0.116734
0.316115
0.316115
0.295474
0.295474
0.199438
0.199438
0.069884
0.069884
0.696735
0.696735
0.091088
0.091088
0.048636
0.048636
0.094337
0.094337
0.144340
0.144340
0.113079
0.113079
0.329492
0.329492
0.283663
0.283663
0.144050
0.144050
0.142918
0.142918
0.073015
0.073015
0.115974
0.115974
0.253223
0.253223
0.433105
0.433105
0.049247
0.049247
0.334584
0.334584
0.177917
0.177917
0.095677
0.095677
0.068757
0.068757
0.115356
0.115356
0.038468
0.038468
0.264951
0.264951
0.201327
0.201327
0.066705
0.066705
0.038813
0.038813
0.056875
0.056875
0.115487
0.115487
0.206994
0.206994
0.101089
0.101089
0.144046
0.144046
0.110234
0.110234
0.165831
0.165831
0.191942
0.191942
0.102508
0.102508
0.046371
0.046371
0.058051
0.058051
0.130324
0.130324
0.138307
0.138307
0.285535
0.285535
0.071769
0.071769
0.076220
0.076220
0.224064
0.224064
0.110966
0.110966
0.270014
0.270014
0.156031
0.156031
0.128708
0.128708
0.197730
0.197730
0.466086
0.466086
0.214779
0.214779
0.084054
0.084054
0.231875
0.231875
0.090170
0.090170
0.172501
0.172501
0.517626
0.517626
0.090647
0.090647
0.282044
0.282044
0.058460
0.058460
0.128891
0.128891
0.068693
0.068693
0.099090
0.099090
0.265270
0.265270
0.089933
0.089933
0.139918
0.139918
0.232122
0.232122
0.106462
0.106462
0.106578
0.106578
0.225959
0.225959
0.058652
0.058652
0.106217
0.106217
0.162754
0.162754
0.307490
0.307490
0.202213
0.202213
0.188711
0.188711
0.085136
0.085136
0.086011
0.086011
0.227885
0.227885
0.226908
0.226908
0.049064
0.049064
0.259035
0.259035
0.067317
0.067317
0.347112
0.347112
0.145720
0.145720
0.272292
0.272292
0.387943
0.387943
0.057886
0.057886
0.048884
0.048884
0.055071
0.055071
0.125938
0.125938
0.329773
0.329773
0.126500
0.126500
0.216882
0.216882
0.101779
0.101779
0.301164
0.301164
0.161056
0.161056
0.089646
0.089646
0.211167
0.211167
0.209831
0.209831
0.175067
0.175067
0.129049
0.129049
0.165721
0.165721
0.445563
0.445563
0.161544
0.161544
0.254573
0.254573
0.075398
0.075398
0.047175
0.047175
0.092611
0.092611
0.344601
0.344601
0.112609
0.112609
0.224376
0.224376
0.138953
0.138953
0.411871
0.411871
0.247471
0.247471
0.258362
0.258362
0.109721
0.109721
0.000261
0.000261
0.064593
0.064593
0.212461
0.212461
0.075483
0.075483
0.113164
0.113164
0.061207
0.061207
0.118403
0.118403
0.041295
0.041295
0.207719
0.207719
0.264360
0.264360
0.554467
0.554467
0.168178
0.168178
0.320410
0.320410
0.157873
0.157873
0.224984
0.224984
0.537513
0.537513
0.579203
0.579203
0.150951
0.150951
0.136504
0.136504
0.052354
0.052354
0.047026
0.047026
0.110137
0.110137
0.073841
0.073841
0.171264
0.171264
0.187981
0.187981
0.137007
0.137007
0.041786
0.041786
0.179792
0.179792
0.443580
0.443580
0.210012
0.210012
0.132176
0.132176
0.229614
0.229614
0.063216
0.063216
0.285589
0.285589
0.213984
0.213984
0.177646
0.177646
0.182469
0.182469
0.064598
0.064598
0.195210
0.195210
0.227820
0.227820
0.137740
0.137740
0.086572
0.086572
0.051991
0.051991
0.167476
0.167476
0.100718
0.100718
0.032933
0.032933
0.137505
0.137505
0.179435
0.179435
0.160785
0.160785
0.073638
0.073638
0.068688
0.068688
0.427729
0.427729
0.107384
0.107384
0.091543
0.091543
0.072977
0.072977
0.029308
0.029308
0.491331
0.491331
0.118847
0.118847
0.298769
0.298769
0.260053
0.260053
0.070423
0.070423
0.255122
0.255122
0.241996
0.241996
0.045931
0.045931
0.075185
0.075185
0.047902
0.047902
0.107325
0.107325
0.263846
0.263846
0.056531
0.056531
0.086002
0.086002
0.086862
0.086862
0.067108
0.067108
0.171493
0.171493
0.067955
0.067955
0.382876
0.382876
0.316141
0.316141
0.146254
0.146254
0.099701
0.099701
0.067712
0.067712
0.247403
0.247403
0.352053
0.352053
0.338147
0.338147
0.326277
0.326277
0.055850
0.055850
0.251452
0.251452
0.221037
0.221037
0.075945
0.075945
0.298219
0.298219
0.255785
0.255785
0.040929
0.040929
0.074588
0.074588
0.185575
0.185575
0.399644
0.399644
0.434042
0.434042
0.134298
0.134298
0.116561
0.116561
0.331819
0.331819
0.074040
0.074040
0.047443
0.047443
0.294326
0.294326
0.109507
0.109507
0.146813
0.146813
0.207701
0.207701
0.138213
0.138213
0.167547
0.167547
0.133479
0.133479
0.125627
0.125627
0.144701
0.144701
0.090901
0.090901
0.136424
0.136424
0.079838
0.079838
0.045301
0.045301
0.037150
0.037150
0.584177
0.584177
0.144717
0.144717
0.443497
0.443497
0.166199
0.166199
0.203359
0.203359
0.112368
0.112368
0.239857
0.239857
0.150380
0.150380
0.108664
0.108664
0.135421
0.135421
0.071655
0.071655
0.247355
0.247355
0.083995
0.083995
0.099090
0.099090
0.121687
0.121687
0.156429
0.156429
0.062516
0.062516
0.073321
0.073321
0.078808
0.078808
0.096082
0.096082
0.281167
0.281167
0.314873
0.314873
0.312722
0.312722
0.024281
0.024281
0.103533
0.103533
0.086657
0.086657
0.096227
0.096227
0.223126
0.223126
0.069580
0.069580
0.162850
0.162850
0.260885
0.260885
0.195478
0.195478
0.500347
0.500347
0.132433
0.132433
0.068447
0.068447
0.280891
0.280891
0.020291
0.020291
0.205929
0.205929
0.124666
0.124666
0.134306
0.134306
0.034077
0.034077
0.167850
0.167850
0.234310
0.234310
0.186428
0.186428
0.123474
0.123474
0.086079
0.086079
0.128926
0.128926
0.153628
0.153628
0.086778
0.086778
0.040015
0.040015
0.063478
0.063478
0.074555
0.074555
0.034186
0.034186
0.116625
0.116625
0.131911
0.131911
0.159259
0.159259
0.093258
0.093258
0.144267
0.144267
0.166955
0.166955
0.076652
0.076652
0.139709
0.139709
0.228766
0.228766
0.181984
0.181984
0.200869
0.200869
0.298884
0.298884
0.249979
0.249979
0.121094
0.121094
0.058861
0.058861
0.109784
0.109784
0.126259
0.126259
0.047097
0.047097
0.244885
0.244885
0.105974
0.105974
0.056825
0.056825
0.047125
0.047125
0.061513
0.061513
0.107850
0.107850
0.164125
0.164125
0.161089
0.161089
0.256099
0.256099
0.152080
0.152080
0.068360
0.068360
0.207035
0.207035
0.009681
0.009681
0.319963
0.319963
0.185874
0.185874
0.509981
0.509981
0.229832
0.229832
0.161376
0.161376
0.298769
0.298769
0.457344
0.457344
0.090165
0.090165
0.155307
0.155307
0.068745
0.068745
0.257011
0.257011
0.184919
0.184919
0.150407
0.150407
0.137042
0.137042
0.085076
0.085076
0.032346
0.032346
0.123251
0.123251
0.151185
0.151185
0.080441
0.080441
0.056235
0.056235
0.089703
0.089703
0.078152
0.078152
0.073000
0.073000
0.187215
0.187215
0.039033
0.039033
0.118536
0.118536
0.095344
0.095344
0.075538
0.075538
0.192553
0.192553
0.462509
0.462509
0.033903
0.033903
0.084722
0.084722
0.085340
0.085340
0.130909
0.130909
0.159553
0.159553
0.049083
0.049083
0.260546
0.260546
0.140293
0.140293
0.191933
0.191933
0.139416
0.139416
0.123196
0.123196
0.275177
0.275177
0.102312
0.102312
0.039539
0.039539
0.116459
0.116459
0.145125
0.145125
0.155243
0.155243
0.186430
0.186430
0.038704
0.038704
0.169453
0.169453
0.073896
0.073896
0.120625
0.120625
0.109890
0.109890
0.070195
0.070195
0.165697
0.165697
0.180276
0.180276
0.188585
0.188585
0.185770
0.185770
0.160468
0.160468
0.191760
0.191760
0.075964
0.075964
0.039682
0.039682
0.112605
0.112605
0.088250
0.088250
0.109784
0.109784
0.042673
0.042673
0.088395
0.088395
0.099897
0.099897
0.186466
0.186466
0.331509
0.331509
0.063848
0.063848
0.097332
0.097332
0.099128
0.099128
0.058461
0.058461
0.094025
0.094025
0.087408
0.087408
0.279837
0.279837
0.068785
0.068785
0.315296
0.315296
0.166581
0.166581
0.042253
0.042253
0.066066
0.066066
0.090344
0.090344
0.167986
0.167986
0.032058
0.032058
0.029257
0.029257
0.104006
0.104006
0.502488
0.502488
0.301267
0.301267
0.153724
0.153724
0.141121
0.141121
0.165575
0.165575
0.549775
0.549775
0.441241
0.441241
0.332404
0.332404
0.061807
0.061807
0.095175
0.095175
0.093663
0.093663
0.124551
0.124551
0.203362
0.203362
0.170633
0.170633
0.026265
0.026265
0.127692
0.127692
0.197921
0.197921
0.044370
0.044370
0.067788
0.067788
0.078216
0.078216
0.243341
0.243341
0.252991
0.252991
0.058394
0.058394
0.084189
0.084189
0.651625
0.651625
0.152950
0.152950
0.099551
0.099551
0.207628
0.207628
0.092388
0.092388
0.039618
0.039618
0.196285
0.196285
0.129088
0.129088
0.153287
0.153287
0.269366
0.269366
0.066544
0.066544
0.030903
0.030903
0.156154
0.156154
0.130497
0.130497
0.131904
0.131904
0.202095
0.202095
0.256534
0.256534
0.174761
0.174761
0.175183
0.175183
0.445267
0.445267
0.132559
0.132559
0.203268
0.203268
0.079319
0.079319
0.073253
0.073253
0.043554
0.043554
0.141136
0.141136
0.077600
0.077600
0.203472
0.203472
0.380870
0.380870
0.141650
0.141650
0.058348
0.058348
0.620215
0.620215
0.290262
0.290262
0.221923
0.221923
0.192642
0.192642
0.121785
0.121785
0.195083
0.195083
0.056511
0.056511
0.173323
0.173323
0.150118
0.150118
0.293265
0.293265
0.185296
0.185296
0.059807
0.059807
0.399333
0.399333
0.126770
0.126770
0.213901
0.213901
0.120958
0.120958
0.116340
0.116340
0.238602
0.238602
0.064170
0.064170
0.106300
0.106300
0.074956
0.074956
0.053965
0.053965
0.082188
0.082188
0.112997
0.112997
0.241554
0.241554
0.230560
0.230560
0.084706
0.084706
0.504197
0.504197
0.062840
0.062840
0.083967
0.083967
0.098158
0.098158
0.557496
0.557496
0.216259
0.216259
0.273226
0.273226
0.109592
0.109592
0.065192
0.065192
0.185706
0.185706
0.068975
0.068975
0.341228
0.341228
0.311176
0.311176
0.443212
0.443212
0.190870
0.190870
0.516981
0.516981
0.053587
0.053587
0.176894
0.176894
0.225779
0.225779
0.037018
0.037018
0.189123
0.189123
0.105906
0.105906
0.208215
0.208215
0.102649
0.102649
0.172238
0.172238
0.125511
0.125511
0.020983
0.020983
0.081307
0.081307
0.198670
0.198670
0.234786
0.234786
0.386899
0.386899
0.158568
0.158568
0.079238
0.079238
0.310350
0.310350
0.426540
0.426540
0.166383
0.166383
0.074377
0.074377
0.298246
0.298246
0.121396
0.121396
0.037420
0.037420
0.054802
0.054802
0.119352
0.119352
0.044182
0.044182
0.079327
0.079327
0.132375
0.132375
0.274237
0.274237
0.062979
0.062979
0.405055
0.405055
0.087522
0.087522
0.096282
0.096282
0.168130
0.168130
0.592471
0.592471
0.043702
0.043702
0.336776
0.336776
0.042905
0.042905
0.101960
0.101960
0.114308
0.114308
0.060864
0.060864
0.059750
0.059750
0.060847
0.060847
0.052887
0.052887
0.114642
0.114642
0.171282
0.171282
0.072380
0.072380
0.048059
0.048059
0.119927
0.119927
0.020367
0.020367
0.110587
0.110587
0.227002
0.227002
0.065157
0.065157
0.041669
0.041669
0.090164
0.090164
0.073327
0.073327
0.579287
0.579287
0.206729
0.206729
0.075826
0.075826
0.234785
0.234785
0.062114
0.062114
0.238996
0.238996
0.452887
0.452887
0.260640
0.260640
0.089011
0.089011
0.337477
0.337477
0.099555
0.099555
0.159490
0.159490
0.141479
0.141479
0.164794
0.164794
0.070390
0.070390
0.057742
0.057742
0.189584
0.189584
0.252291
0.252291
0.229813
0.229813
0.264065
0.264065
0.274941
0.274941
0.113824
0.113824
0.304439
0.304439
0.223102
0.223102
0.158693
0.158693
0.091775
0.091775
0.162958
0.162958
0.051547
0.051547
0.031681
0.031681
0.198911
0.198911
0.286690
0.286690
0.118701
0.118701
0.166092
0.166092
0.172760
0.172760
0.123444
0.123444
0.048618
0.048618
0.228665
0.228665
0.186935
0.186935
0.125390
0.125390
0.184194
0.184194
0.080127
0.080127
0.072434
0.072434
0.279936
0.279936
0.072560
0.072560
0.042075
0.042075
0.129687
0.129687
0.243843
0.243843
0.303804
0.303804
0.236199
0.236199
0.315649
0.315649
0.119696
0.119696
0.093884
0.093884
0.087957
0.087957
0.129061
0.129061
0.070367
0.070367
0.177641
0.177641
0.150501
0.150501
0.094704
0.094704
0.031891
0.031891
0.118423
0.118423
0.186898
0.186898
0.049284
0.049284
0.028871
0.028871
0.102421
0.102421
0.381717
0.381717
0.028813
0.028813
0.280236
0.280236
0.043403
0.043403
0.271662
0.271662
0.246126
0.246126
0.034618
0.034618
0.158060
0.158060
0.193244
0.193244
0.032589
0.032589
0.069226
0.069226
0.078020
0.078020
0.189480
0.189480
0.521437
0.521437
0.113084
0.113084
0.048066
0.048066
0.279262
0.279262
0.155653
0.155653
0.439036
0.439036
0.094684
0.094684
0.202713
0.202713
0.431981
0.431981
0.185010
0.185010
0.145608
0.145608
0.125676
0.125676
0.369185
0.369185
0.139196
0.139196
0.049145
0.049145
0.145444
0.145444
0.034027
0.034027
0.117015
0.117015
0.102870
0.102870
0.162703
0.162703
0.053775
0.053775
0.040297
0.040297
0.100482
0.100482
0.068743
0.068743
0.330583
0.330583
0.051303
0.051303
0.018855
0.018855
0.079947
0.079947
0.298336
0.298336
0.066824
0.066824
0.029527
0.029527
0.179619
0.179619
0.299455
0.299455
0.296439
0.296439
0.444927
0.444927
0.177189
0.177189
0.110584
0.110584
0.190326
0.190326
0.041566
0.041566
0.058831
0.058831
0.385839
0.385839
0.083811
0.083811
0.232747
0.232747
0.227499
0.227499
0.050426
0.050426
0.094995
0.094995
0.113706
0.113706
0.089175
0.089175
0.141956
0.141956
0.258653
0.258653
0.169940
0.169940
0.212270
0.212270
0.096779
0.096779
0.211236
0.211236
0.153055
0.153055
0.310025
0.310025
0.289797
0.289797
0.319872
0.319872
0.045771
0.045771
0.298894
0.298894
0.034205
0.034205
0.615001
0.615001
0.089744
0.089744
0.176653
0.176653
0.055488
0.055488
0.102410
0.102410
0.037225
0.037225
0.048880
0.048880
0.250415
0.250415
0.115636
0.115636
0.108413
0.108413
0.268898
0.268898
0.009738
0.009738
0.101187
0.101187
0.303922
0.303922
0.160277
0.160277
0.048650
0.048650
0.084034
0.084034
0.052210
0.052210
0.232750
0.232750
0.208776
0.208776
0.306762
0.306762
0.178549
0.178549
0.441527
0.441527
0.132380
0.132380
0.042618
0.042618
0.036380
0.036380
0.173810
0.173810
0.294340
0.294340
0.137046
0.137046
0.207787
0.207787
0.368045
0.368045
0.117860
0.117860
0.409203
0.409203
0.148829
0.148829
0.081795
0.081795
0.074943
0.074943
0.294617
0.294617
0.243373
0.243373
0.100142
0.100142
0.189271
0.189271
0.059722
0.059722
0.091701
0.091701
0.166557
0.166557
0.133840
0.133840
0.136258
0.136258
0.184466
0.184466
0.051889
0.051889
0.058105
0.058105
0.131988
0.131988
0.057031
0.057031
0.088769
0.088769
0.114373
0.114373
0.119571
0.119571
0.173724
0.173724
0.056920
0.056920
0.073399
0.073399
0.074799
0.074799
0.091664
0.091664
0.052907
0.052907
0.091545
0.091545
0.068542
0.068542
0.198625
0.198625
0.039155
0.039155
0.037935
0.037935
0.046366
0.046366
0.075917
0.075917
0.197513
0.197513
0.568434
0.568434
0.249498
0.249498
0.211011
0.211011
0.328355
0.328355
0.335453
0.335453
0.181303
0.181303
0.103302
0.103302
0.159525
0.159525
0.442434
0.442434
0.059267
0.059267
0.416436
0.416436
0.307701
0.307701
0.246990
0.246990
0.071344
0.071344
0.149275
0.149275
0.275439
0.275439
0.141216
0.141216
0.146799
0.146799
0.320455
0.320455
0.166181
0.166181
0.142666
0.142666
0.064257
0.064257
0.135315
0.135315
0.072959
0.072959
0.135951
0.135951
0.196879
0.196879
0.251074
0.251074
0.129568
0.129568
0.103379
0.103379
0.138236
0.138236
0.137248
0.137248
0.086910
0.086910
0.124874
0.124874
0.094177
0.094177
0.290940
0.290940
0.027490
0.027490
0.039676
0.039676
0.110447
0.110447
0.095913
0.095913
0.082579
0.082579
0.184392
0.184392
0.273037
0.273037
0.113607
0.113607
0.049621
0.049621
0.157405
0.157405
0.335252
0.335252
0.531702
0.531702
0.171820
0.171820
0.050278
0.050278
0.271913
0.271913
0.103161
0.103161
0.058957
0.058957
0.131551
0.131551
0.288671
0.288671
0.298558
0.298558
0.397906
0.397906
0.035734
0.035734
0.092435
0.092435
0.068229
0.068229
0.260779
0.260779
0.069343
0.069343
0.140241
0.140241
0.106057
0.106057
0.151873
0.151873
0.094446
0.094446
0.176940
0.176940
0.241153
0.241153
0.058613
0.058613
0.252034
0.252034
0.238047
0.238047
0.374256
0.374256
0.222980
0.222980
0.080737
0.080737
0.178619
0.178619
0.279828
0.279828
0.181576
0.181576
0.127565
0.127565
0.157714
0.157714
0.083258
0.083258
0.092875
0.092875
0.271414
0.271414
0.116572
0.116572
0.049361
0.049361
0.148292
0.148292
0.071046
0.071046
0.109209
0.109209
0.144890
0.144890
0.187614
0.187614
0.251631
0.251631
0.040004
0.040004
0.771427
0.771427
0.123435
0.123435
0.108485
0.108485
0.200213
0.200213
0.132728
0.132728
0.085520
0.085520
0.042543
0.042543
0.269439
0.269439
0.361639
0.361639
0.324947
0.324947
0.147070
0.147070
0.092953
0.092953
0.250635
0.250635
0.111194
0.111194
0.129671
0.129671
0.204080
0.204080
0.118456
0.118456
0.059632
0.059632
0.201004
0.201004
0.226154
0.226154
0.081047
0.081047
0.050692
0.050692
0.240484
0.240484
0.077060
0.077060
0.257515
0.257515
0.312035
0.312035
0.078821
0.078821
0.053955
0.053955
0.062607
0.062607
0.050461
0.050461
0.149037
0.149037
0.096906
0.096906
0.170237
0.170237
0.083175
0.083175
0.173511
0.173511
0.167995
0.167995
0.140345
0.140345
0.166651
0.166651
0.273299
0.273299
0.081467
0.081467
0.061151
0.061151
0.156581
0.156581
0.404773
0.404773
0.148484
0.148484
0.195669
0.195669
0.157044
0.157044
0.060128
0.060128
0.087232
0.087232
0.019029
0.019029
0.169258
0.169258
0.000972
0.000972
0.147554
0.147554
0.146165
0.146165
0.073281
0.073281
0.090973
0.090973
0.088822
0.088822
0.342277
0.342277
0.087768
0.087768
0.143279
0.143279
0.394797
0.394797
0.164357
0.164357
0.167882
0.167882
0.461355
0.461355
0.285799
0.285799
0.024870
0.024870
0.048053
0.048053
0.323846
0.323846
0.142170
0.142170
0.073706
0.073706
0.170389
0.170389
0.181661
0.181661
0.148967
0.148967
0.097659
0.097659
0.406811
0.406811
0.080058
0.080058
0.087370
0.087370
0.130986
0.130986
0.111093
0.111093
0.160107
0.160107
0.095936
0.095936
0.071811
0.071811
0.102448
0.102448
0.105202
0.105202
0.157568
0.157568
0.105895
0.105895
0.044236
0.044236
0.290293
0.290293
0.070416
0.070416
0.092929
0.092929
0.182316
0.182316
0.163310
0.163310
0.377118
0.377118
0.233857
0.233857
0.039272
0.039272
0.162387
0.162387
0.122915
0.122915
0.156397
0.156397
0.234921
0.234921
0.045237
0.045237
0.312169
0.312169
0.032488
0.032488
0.104848
0.104848
0.073749
0.073749
0.122033
0.122033
0.069529
0.069529
0.169638
0.169638
0.194860
0.194860
0.045281
0.045281
0.252070
0.252070
0.120037
0.120037
0.062261
0.062261
0.206597
0.206597
0.184276
0.184276
0.114325
0.114325
0.247621
0.247621
0.232175
0.232175
0.171688
0.171688
0.671479
0.671479
0.039263
0.039263
0.083310
0.083310
0.038720
0.038720
0.182649
0.182649
0.225902
0.225902
0.232217
0.232217
0.106742
0.106742
0.151760
0.151760
0.126000
0.126000
0.043944
0.043944
0.040255
0.040255
0.151258
0.151258
0.331440
0.331440
0.131319
0.131319
0.075483
0.075483
0.070262
0.070262
0.339129
0.339129
0.025633
0.025633
0.040941
0.040941
0.082664
0.082664
0.100054
0.100054
0.091751
0.091751
0.251934
0.251934
0.080790
0.080790
0.160457
0.160457
0.084380
0.084380
0.043787
0.043787
0.171832
0.171832
0.349489
0.349489
0.051509
0.051509
0.215459
0.215459
0.474716
0.474716
0.020043
0.020043
0.064318
0.064318
0.194586
0.194586
0.071672
0.071672
0.380378
0.380378
0.201284
0.201284
0.142957
0.142957
0.105426
0.105426
0.070856
0.070856
0.132684
0.132684
0.144970
0.144970
0.158022
0.158022
0.059532
0.059532
0.087452
0.087452
0.193465
0.193465
0.141133
0.141133
0.274611
0.274611
0.402904
0.402904
0.140927
0.140927
0.084617
0.084617
0.133803
0.133803
0.200773
0.200773
0.253887
0.253887
0.080817
0.080817
0.078939
0.078939
0.309469
0.309469
0.306483
0.306483
0.061302
0.061302
0.185160
0.185160
0.062946
0.062946
0.256231
0.256231
0.327212
0.327212
0.070024
0.070024
0.127880
0.127880
0.069109
0.069109
0.508888
0.508888
0.383559
0.383559
0.184546
0.184546
0.209480
0.209480
0.052205
0.052205
0.036652
0.036652
0.145550
0.145550
0.146786
0.146786
0.145774
0.145774
0.196192
0.196192
0.154626
0.154626
0.076520
0.076520
0.055843
0.055843
0.166973
0.166973
0.485819
0.485819
0.051179
0.051179
0.079800
0.079800
0.068432
0.068432
0.183344
0.183344
0.082024
0.082024
0.065258
0.065258
0.095210
0.095210
0.083050
0.083050
0.105494
0.105494
0.270951
0.270951
0.065291
0.065291
0.086207
0.086207
0.236301
0.236301
0.109534
0.109534
0.337710
0.337710
0.024432
0.024432
0.392089
0.392089
0.203612
0.203612
0.129233
0.129233
0.430112
0.430112
0.080793
0.080793
0.124499
0.124499
0.061904
0.061904
0.110444
0.110444
0.117811
0.117811
0.133006
0.133006
0.055333
0.055333
0.151426
0.151426
0.669414
0.669414
0.190828
0.190828
0.085352
0.085352
0.130089
0.130089
0.328624
0.328624
0.064907
0.064907
0.300257
0.300257
0.070921
0.070921
0.075077
0.075077
0.462657
0.462657
0.033065
0.033065
0.021946
0.021946
0.197318
0.197318
0.212520
0.212520
0.077865
0.077865
0.094346
0.094346
0.381235
0.381235
0.050267
0.050267
0.004306
0.004306
0.322814
0.322814
0.117984
0.117984
0.120665
0.120665
0.058363
0.058363
0.066262
0.066262
0.062583
0.062583
0.120304
0.120304
0.080490
0.080490
0.280193
0.280193
0.079347
0.079347
0.063782
0.063782
0.253736
0.253736
0.125821
0.125821
0.109727
0.109727
0.092142
0.092142
0.388549
0.388549
0.269777
0.269777
0.262408
0.262408
0.187325
0.187325
0.301790
0.301790
0.139939
0.139939
0.034465
0.034465
0.188287
0.188287
0.128499
0.128499
0.198486
0.198486
0.487974
0.487974
0.128884
0.128884
0.436585
0.436585
0.083381
0.083381
0.104486
0.104486
0.155239
0.155239
0.093404
0.093404
0.107451
0.107451
0.191735
0.191735
0.207997
0.207997
0.428182
0.428182
0.168099
0.168099
0.105288
0.105288
0.078806
0.078806
0.049469
0.049469
0.253664
0.253664
0.082813
0.082813
0.081409
0.081409
0.279829
0.279829
0.062327
0.062327
0.435864
0.435864
0.033308
0.033308
0.523717
0.523717
0.470773
0.470773
0.164582
0.164582
0.046776
0.046776
0.080064
0.080064
0.162945
0.162945
0.147528
0.147528
0.123957
0.123957
0.105177
0.105177
0.055645
0.055645
0.047393
0.047393
0.252323
0.252323
0.046057
0.046057
0.066649
0.066649
0.076798
0.076798
0.128160
0.128160
0.046872
0.046872
0.191061
0.191061
0.175124
0.175124
0.182529
0.182529
0.131742
0.131742
0.183176
0.183176
0.400626
0.400626
0.100493
0.100493
0.407354
0.407354
0.061107
0.061107
0.109903
0.109903
0.403557
0.403557
0.142862
0.142862
0.048735
0.048735
0.131888
0.131888
0.042978
0.042978
0.045496
0.045496
0.151321
0.151321
0.102576
0.102576
0.074129
0.074129
0.057802
0.057802
0.098286
0.098286
0.165633
0.165633
0.140850
0.140850
0.234811
0.234811
0.256796
0.256796
0.232037
0.232037
0.185367
0.185367
0.340917
0.340917
0.046759
0.046759
0.288563
0.288563
0.181143
0.181143
0.145676
0.145676
0.166596
0.166596
0.219585
0.219585
0.093522
0.093522
0.063381
0.063381
0.306579
0.306579
0.235662
0.235662
0.250636
0.250636
0.089681
0.089681
0.099079
0.099079
0.050493
0.050493
0.270477
0.270477
0.080437
0.080437
0.061487
0.061487
0.079678
0.079678
0.119830
0.119830
0.237253
0.237253
0.177045
0.177045
0.531627
0.531627
0.059018
0.059018
0.062351
0.062351
0.113729
0.113729
0.087184
0.087184
0.169222
0.169222
0.059059
0.059059
0.180620
0.180620
0.058364
0.058364
0.067030
0.067030
0.136934
0.136934
0.091306
0.091306
0.032579
0.032579
0.110696
0.110696
0.150882
0.150882
0.056932
0.056932
0.276012
0.276012
0.047251
0.047251
0.178494
0.178494
0.156117
0.156117
0.087700
0.087700
0.339444
0.339444
0.060124
0.060124
0.050901
0.050901
0.092918
0.092918
0.052092
0.052092
0.172316
0.172316
0.049697
0.049697
0.196099
0.196099
0.286204
0.286204
0.094285
0.094285
0.203236
0.203236
0.309017
0.309017
0.121176
0.121176
0.249875
0.249875
0.303929
0.303929
0.168471
0.168471
0.187838
0.187838
0.028500
0.028500
0.068417
0.068417
0.227003
0.227003
0.084071
0.084071
0.420400
0.420400
0.342112
0.342112
0.120675
0.120675
0.102354
0.102354
0.182918
0.182918
0.225663
0.225663
0.099629
0.099629
0.267826
0.267826
0.155517
0.155517
0.060362
0.060362
0.091571
0.091571
0.110200
0.110200
0.186397
0.186397
0.039622
0.039622
0.192784
0.192784
0.102665
0.102665
0.078715
0.078715
0.041160
0.041160
0.179447
0.179447
0.117868
0.117868
0.099592
0.099592
0.272192
0.272192
0.337359
0.337359
0.356464
0.356464
0.086837
0.086837
0.039620
0.039620
0.447318
0.447318
0.106068
0.106068
0.096578
0.096578
0.068772
0.068772
0.146053
0.146053
0.153943
0.153943
0.090589
0.090589
0.126144
0.126144
0.060467
0.060467
0.156839
0.156839
0.149770
0.149770
0.335554
0.335554
0.275500
0.275500
0.239013
0.239013
0.002051
0.002051
0.173556
0.173556
0.170881
0.170881
0.017910
0.017910
0.030400
0.030400
0.110759
0.110759
0.094870
0.094870
0.122203
0.122203
0.288859
0.288859
0.205120
0.205120
0.053673
0.053673
0.128855
0.128855
0.400252
0.400252
0.111345
0.111345
0.095414
0.095414
0.139466
0.139466
0.064822
0.064822
0.157995
0.157995
0.116990
0.116990
0.253725
0.253725
0.220370
0.220370
0.065125
0.065125
0.226140
0.226140
0.099748
0.099748
0.154525
0.154525
0.116944
0.116944
0.378093
0.378093
0.059385
0.059385
0.111916
0.111916
0.224609
0.224609
0.096572
0.096572
0.095735
0.095735
0.167301
0.167301
0.257788
0.257788
0.276321
0.276321
0.383037
0.383037
0.081838
0.081838
0.147680
0.147680
0.219502
0.219502
0.075055
0.075055
0.214799
0.214799
0.126376
0.126376
0.042010
0.042010
0.264981
0.264981
0.058031
0.058031
0.083808
0.083808
0.222385
0.222385
0.089106
0.089106
0.183805
0.183805
0.039327
0.039327
0.138309
0.138309
0.069509
0.069509
0.040540
0.040540
0.129802
0.129802
0.241659
0.241659
0.338185
0.338185
0.461050
0.461050
0.131221
0.131221
0.035008
0.035008
0.072926
0.072926
0.114432
0.114432
0.277831
0.277831
0.105255
0.105255
0.111902
0.111902
0.057800
0.057800
0.097017
0.097017
0.281954
0.281954
0.211153
0.211153
0.137549
0.137549
0.150883
0.150883
0.400270
0.400270
0.099914
0.099914
0.060763
0.060763
0.050821
0.050821
0.174305
0.174305
0.123677
0.123677
0.163105
0.163105
0.050416
0.050416
0.190264
0.190264
0.045389
0.045389
0.101988
0.101988
0.100005
0.100005
0.202193
0.202193
0.064401
0.064401
0.305579
0.305579
0.028104
0.028104
0.127782
0.127782
0.126515
0.126515
0.485964
0.485964
0.082013
0.082013
0.027758
0.027758
0.467699
0.467699
0.146871
0.146871
0.240464
0.240464
0.301101
0.301101
0.303628
0.303628
0.023298
0.023298
0.419953
0.419953
0.082284
0.082284
0.102483
0.102483
0.278409
0.278409
0.148458
0.148458
0.193184
0.193184
0.164477
0.164477
0.064931
0.064931
0.116908
0.116908
0.122667
0.122667
0.092454
0.092454
0.121622
0.121622
0.645862
0.645862
0.401229
0.401229
0.233565
0.233565
0.105311
0.105311
0.072273
0.072273
0.057917
0.057917
0.122133
0.122133
0.154871
0.154871
0.344812
0.344812
0.340129
0.340129
0.112703
0.112703
0.249116
0.249116
0.155122
0.155122
0.135615
0.135615
0.098281
0.098281
0.087617
0.087617
0.168348
0.168348
0.082752
0.082752
0.126407
0.126407
0.389443
0.389443
0.214553
0.214553
0.248300
0.248300
0.069976
0.069976
0.282736
0.282736
0.061857
0.061857
0.091302
0.091302
0.052314
0.052314
0.218646
0.218646
0.036570
0.036570
0.151949
0.151949
0.081922
0.081922
0.170463
0.170463
0.258394
0.258394
0.145694
0.145694
0.052274
0.052274
0.251228
0.251228
0.121906
0.121906
0.023945
0.023945
0.241916
0.241916
0.151697
0.151697
0.054051
0.054051
0.068775
0.068775
0.134958
0.134958
0.041719
0.041719
0.045345
0.045345
0.258456
0.258456
0.152283
0.152283
0.474131
0.474131
0.197046
0.197046
0.072479
0.072479
0.196934
0.196934
0.107664
0.107664
0.185256
0.185256
0.278636
0.278636
0.088064
0.088064
0.051513
0.051513
0.166357
0.166357
0.146544
0.146544
0.208758
0.208758
0.085021
0.085021
0.068732
0.068732
0.115200
0.115200
0.057477
0.057477
0.275345
0.275345
0.312378
0.312378
0.374698
0.374698
0.050431
0.050431
0.187250
0.187250
0.174785
0.174785
0.250836
0.250836
0.325262
0.325262
0.250763
0.250763
0.123059
0.123059
0.277474
0.277474
0.115971
0.115971
0.121054
0.121054
0.067775
0.067775
0.110658
0.110658
0.018473
0.018473
0.242565
0.242565
0.069566
0.069566
0.041312
0.041312
0.112683
0.112683
0.080435
0.080435
0.034672
0.034672
0.029512
0.029512
0.173915
0.173915
0.000075
0.000075
0.057645
0.057645
0.363163
0.363163
0.125142
0.125142
0.092850
0.092850
0.076053
0.076053
0.075837
0.075837
0.039960
0.039960
0.119958
0.119958
0.077742
0.077742
0.133509
0.133509
0.059499
0.059499
0.230813
0.230813
0.344727
0.344727
0.180643
0.180643
0.084366
0.084366
0.112820
0.112820
0.161671
0.161671
0.042440
0.042440
0.269803
0.269803
0.225591
0.225591
0.097601
0.097601
0.161380
0.161380
0.250506
0.250506
0.138412
0.138412
0.313877
0.313877
0.110258
0.110258
0.099217
0.099217
0.074101
0.074101
0.163333
0.163333
0.041761
0.041761
0.065390
0.065390
0.448722
0.448722
0.220847
0.220847
0.186223
0.186223
0.295858
0.295858
0.102324
0.102324
0.279309
0.279309
0.121999
0.121999
0.112600
0.112600
0.371498
0.371498
0.146263
0.146263
0.095180
0.095180
0.271698
0.271698
0.086168
0.086168
0.079059
0.079059
0.080649
0.080649
0.110130
0.110130
0.101394
0.101394
0.178760
0.178760
0.111825
0.111825
0.091645
0.091645
0.124937
0.124937
0.133872
0.133872
0.200746
0.200746
0.082108
0.082108
0.376046
0.376046
0.674938
0.674938
0.213121
0.213121
0.124422
0.124422
0.062341
0.062341
0.322505
0.322505
0.043868
0.043868
0.148650
0.148650
0.158636
0.158636
0.098318
0.098318
0.146445
0.146445
0.038461
0.038461
0.078715
0.078715
0.097425
0.097425
0.172586
0.172586
0.100369
0.100369
0.173204
0.173204
0.085704
0.085704
0.290588
0.290588
0.183573
0.183573
0.082637
0.082637
0.113174
0.113174
0.124474
0.124474
0.162913
0.162913
0.409991
0.409991
0.215243
0.215243
0.158688
0.158688
0.225764
0.225764
0.246307
0.246307
0.049317
0.049317
0.047061
0.047061
0.097910
0.097910
0.058093
0.058093
0.111014
0.111014
0.070633
0.070633
0.112810
0.112810
0.083119
0.083119
0.032912
0.032912
0.207481
0.207481
0.504505
0.504505
0.214782
0.214782
0.481627
0.481627
0.239669
0.239669
0.104010
0.104010
0.095188
0.095188
0.358499
0.358499
0.261572
0.261572
0.075963
0.075963
0.193740
0.193740
0.097442
0.097442
0.105847
0.105847
0.097509
0.097509
0.090540
0.090540
0.114100
0.114100
0.153421
0.153421
0.078475
0.078475
0.025903
0.025903
0.043569
0.043569
0.092168
0.092168
0.043480
0.043480
0.056792
0.056792
0.249859
0.249859
0.132287
0.132287
0.022290
0.022290
0.083957
0.083957
0.175509
0.175509
0.144595
0.144595
0.048810
0.048810
0.245670
0.245670
0.072280
0.072280
0.029622
0.029622
0.290364
0.290364
0.199712
0.199712
0.110042
0.110042
0.140283
0.140283
0.158506
0.158506
0.179178
0.179178
0.204425
0.204425
0.080708
0.080708
0.327541
0.327541
0.167997
0.167997
0.087288
0.087288
0.041125
0.041125
0.241313
0.241313
0.309021
0.309021
0.170498
0.170498
0.044281
0.044281
0.099457
0.099457
0.155765
0.155765
0.135962
0.135962
0.034825
0.034825
0.066320
0.066320
0.256912
0.256912
0.129133
0.129133
0.081946
0.081946
0.139838
0.139838
0.217486
0.217486
0.124163
0.124163
0.081920
0.081920
0.373858
0.373858
0.436117
0.436117
0.066478
0.066478
0.031542
0.031542
0.223022
0.223022
0.025888
0.025888
0.062415
0.062415
0.046764
0.046764
0.109060
0.109060
0.123175
0.123175
0.141764
0.141764
0.254037
0.254037
0.303687
0.303687
0.098957
0.098957
0.197230
0.197230
0.048393
0.048393
0.257262
0.257262
0.402773
0.402773
0.189100
0.189100
0.121879
0.121879
0.104124
0.104124
0.083067
0.083067
0.400677
0.400677
0.105925
0.105925
0.106237
0.106237
0.285547
0.285547
0.027919
0.027919
0.498688
0.498688
0.173671
0.173671
0.210898
0.210898
0.123851
0.123851
0.098355
0.098355
0.251665
0.251665
0.555654
0.555654
0.040423
0.040423
0.498645
0.498645
0.261801
0.261801
0.093843
0.093843
0.093457
0.093457
0.187615
0.187615
0.114128
0.114128
0.000408
0.000408
0.087546
0.087546
0.172184
0.172184
0.143385
0.143385
0.437611
0.437611
0.198301
0.198301
0.334198
0.334198
0.061572
0.061572
0.406601
0.406601
0.253148
0.253148
0.034641
0.034641
0.449299
0.449299
0.144377
0.144377
0.033085
0.033085
0.155752
0.155752
0.207944
0.207944
0.209197
0.209197
0.061218
0.061218
0.218295
0.218295
0.180543
0.180543
0.243112
0.243112
0.068928
0.068928
0.521361
0.521361
0.180285
0.180285
0.116854
0.116854
0.147427
0.147427
0.207221
0.207221
0.061989
0.061989
0.411098
0.411098
0.043352
0.043352
0.094373
0.094373
0.064952
0.064952
0.057360
0.057360
0.066065
0.066065
0.318717
0.318717
0.092414
0.092414
0.045419
0.045419
0.057034
0.057034
0.021776
0.021776
0.116351
0.116351
0.074180
0.074180
0.092993
0.092993
0.177892
0.177892
0.108553
0.108553
0.154428
0.154428
0.113883
0.113883
0.255172
0.255172
0.191814
0.191814
0.233874
0.233874
0.406693
0.406693
0.468627
0.468627
0.158401
0.158401
0.101098
0.101098
0.047358
0.047358
0.090196
0.090196
0.096881
0.096881
0.125545
0.125545
0.096265
0.096265
0.106489
0.106489
0.067378
0.067378
0.156470
0.156470
0.185181
0.185181
0.090001
0.090001
0.065774
0.065774
0.144896
0.144896
0.278474
0.278474
0.046677
0.046677
0.495346
0.495346
0.232397
0.232397
0.101024
0.101024
0.164639
0.164639
0.229950
0.229950
0.402604
0.402604
0.058898
0.058898
0.081397
0.081397
0.248133
0.248133
0.086812
0.086812
0.033589
0.033589
0.083029
0.083029
0.113984
0.113984
0.308969
0.308969
0.185466
0.185466
0.039411
0.039411
0.432981
0.432981
0.516475
0.516475
0.126971
0.126971
0.090439
0.090439
0.505004
0.505004
0.019228
0.019228
0.161907
0.161907
0.101569
0.101569
0.058641
0.058641
0.071813
0.071813
0.082007
0.082007
0.108619
0.108619
0.104339
0.104339
0.213703
0.213703
0.035337
0.035337
0.137278
0.137278
0.256498
0.256498
0.117979
0.117979
0.313663
0.313663
0.234782
0.234782
0.148182
0.148182
0.135820
0.135820
0.265267
0.265267
0.026672
0.026672
0.091460
0.091460
0.199280
0.199280
0.144682
0.144682
0.070959
0.070959
0.140389
0.140389
0.376686
0.376686
0.280416
0.280416
0.124085
0.124085
0.135071
0.135071
0.134051
0.134051
0.083339
0.083339
0.219441
0.219441
0.078295
0.078295
0.195740
0.195740
0.038701
0.038701
0.068815
0.068815
0.268837
0.268837
0.180339
0.180339
0.481135
0.481135
0.092049
0.092049
0.189712
0.189712
0.083278
0.083278
0.070970
0.070970
0.125433
0.125433
0.033010
0.033010
0.149058
0.149058
0.140554
0.140554
0.075274
0.075274
0.228115
0.228115
0.096652
0.096652
0.211712
0.211712
0.077509
0.077509
0.226166
0.226166
0.042984
0.042984
0.256479
0.256479
0.043368
0.043368
0.055534
0.055534
0.034065
0.034065
0.018160
0.018160
0.268188
0.268188
0.038047
0.038047
0.110735
0.110735
0.336808
0.336808
0.133279
0.133279
0.353312
0.353312
0.166997
0.166997
0.282349
0.282349
0.044336
0.044336
0.089262
0.089262
0.069433
0.069433
0.152887
0.152887
0.071283
0.071283
0.089871
0.089871
0.119742
0.119742
0.142564
0.142564
0.146942
0.146942
0.191916
0.191916
0.146854
0.146854
0.182513
0.182513
0.035635
0.035635
0.448346
0.448346
0.096315
0.096315
0.185300
0.185300
0.039140
0.039140
0.409017
0.409017
0.139595
0.139595
0.265737
0.265737
0.118000
0.118000
0.137605
0.137605
0.196235
0.196235
0.140624
0.140624
0.037934
0.037934
0.236278
0.236278
0.180182
0.180182
0.061756
0.061756
0.100958
0.100958
0.121837
0.121837
0.113386
0.113386
0.134745
0.134745
0.206003
0.206003
0.043562
0.043562
0.164991
0.164991
0.051575
0.051575
0.047316
0.047316
0.045675
0.045675
0.105906
0.105906
0.065389
0.065389
0.196908
0.196908
0.080227
0.080227
0.008797
0.008797
0.283123
0.283123
0.040026
0.040026
0.133542
0.133542
0.061803
0.061803
0.272989
0.272989
0.284472
0.284472
0.034916
0.034916
0.106214
0.106214
0.159448
0.159448
0.033285
0.033285
0.054680
0.054680
0.024244
0.024244
0.066155
0.066155
0.182304
0.182304
0.171737
0.171737
0.488297
0.488297
0.173318
0.173318
0.077484
0.077484
0.052642
0.052642
0.075074
0.075074
0.105888
0.105888
0.115440
0.115440
0.144350
0.144350
0.145522
0.145522
0.064456
0.064456
0.095764
0.095764
0.161733
0.161733
0.061856
0.061856
0.093603
0.093603
0.040299
0.040299
0.038222
0.038222
0.062736
0.062736
0.094951
0.094951
0.134350
0.134350
0.177630
0.177630
0.543314
0.543314
0.049470
0.049470
0.235626
0.235626
0.035545
0.035545
0.082129
0.082129
0.340380
0.340380
0.052244
0.052244
0.071944
0.071944
0.062326
0.062326
0.252239
0.252239
0.211608
0.211608
0.299223
0.299223
0.075986
0.075986
0.249665
0.249665
0.220054
0.220054
0.292302
0.292302
0.144517
0.144517
0.118597
0.118597
0.163822
0.163822
0.183636
0.183636
0.141538
0.141538
0.367586
0.367586
0.135253
0.135253
0.077314
0.077314
0.130950
0.130950
0.154477
0.154477
0.047576
0.047576
0.055055
0.055055
0.534625
0.534625
0.132952
0.132952
0.149507
0.149507
0.109575
0.109575
0.147147
0.147147
0.200792
0.200792
0.034107
0.034107
0.100159
0.100159
0.055957
0.055957
0.363319
0.363319
0.078987
0.078987
0.025184
0.025184
0.085631
0.085631
0.280637
0.280637
0.101931
0.101931
0.271023
0.271023
0.155511
0.155511
0.422216
0.422216
0.119546
0.119546
0.050946
0.050946
0.487954
0.487954
0.377108
0.377108
0.021733
0.021733
0.096861
0.096861
0.454752
0.454752
0.238138
0.238138
0.124224
0.124224
0.124273
0.124273
0.187103
0.187103
0.212315
0.212315
0.189001
0.189001
0.174286
0.174286
0.362295
0.362295
0.071153
0.071153
0.063572
0.063572
0.194887
0.194887
0.352731
0.352731
0.062263
0.062263
0.075422
0.075422
0.097085
0.097085
0.074627
0.074627
0.144713
0.144713
0.052314
0.052314
0.152361
0.152361
0.211066
0.211066
0.191156
0.191156
0.064937
0.064937
0.125540
0.125540
0.339239
0.339239
0.089272
0.089272
0.041766
0.041766
0.195440
0.195440
0.091839
0.091839
0.110154
0.110154
0.155539
0.155539
0.391551
0.391551
0.101843
0.101843
0.100715
0.100715
0.065789
0.065789
0.100990
0.100990
0.253160
0.253160
0.052835
0.052835
0.243348
0.243348
0.196335
0.196335
0.094548
0.094548
0.062701
0.062701
0.281820
0.281820
0.113606
0.113606
0.092037
0.092037
0.244677
0.244677
0.223620
0.223620
0.367981
0.367981
0.250597
0.250597
0.048823
0.048823
0.121133
0.121133
0.216425
0.216425
0.246360
0.246360
0.266616
0.266616
0.153456
0.153456
0.048984
0.048984
0.137997
0.137997
0.431090
0.431090
0.393562
0.393562
0.064236
0.064236
0.117596
0.117596
0.084634
0.084634
0.079676
0.079676
0.173874
0.173874
0.049716
0.049716
0.271533
0.271533
0.068653
0.068653
0.146946
0.146946
0.172934
0.172934
0.167612
0.167612
0.293836
0.293836
0.241142
0.241142
0.019470
0.019470
0.110329
0.110329
0.081806
0.081806
0.419502
0.419502
0.231922
0.231922
0.047029
0.047029
0.348698
0.348698
0.637755
0.637755
0.125823
0.125823
0.024305
0.024305
0.121875
0.121875
0.178818
0.178818
0.085580
0.085580
0.088252
0.088252
0.113081
0.113081
0.243865
0.243865
0.028317
0.028317
0.242224
0.242224
0.037890
0.037890
0.038809
0.038809
0.179543
0.179543
0.157032
0.157032
0.251048
0.251048
0.068637
0.068637
0.044018
0.044018
0.052383
0.052383
0.115945
0.115945
0.135741
0.135741
0.111723
0.111723
0.067748
0.067748
0.167325
0.167325
0.125982
0.125982
0.056071
0.056071
0.149967
0.149967
0.398719
0.398719
0.178550
0.178550
0.000579
0.000579
0.043348
0.043348
0.103648
0.103648
0.056537
0.056537
0.373554
0.373554
0.053974
0.053974
0.133357
0.133357
0.102024
0.102024
0.023647
0.023647
0.163979
0.163979
0.096676
0.096676
0.197765
0.197765
0.087465
0.087465
0.263461
0.263461
0.237458
0.237458
0.095726
0.095726
0.104186
0.104186
0.146049
0.146049
0.258627
0.258627
0.136324
0.136324
0.108750
0.108750
0.142124
0.142124
0.082416
0.082416
0.097154
0.097154
0.090043
0.090043
0.296516
0.296516
0.308546
0.308546
0.345321
0.345321
0.100422
0.100422
0.051500
0.051500
0.110042
0.110042
0.258009
0.258009
0.055967
0.055967
0.204957
0.204957
0.124811
0.124811
0.451206
0.451206
0.189842
0.189842
0.033557
0.033557
0.166060
0.166060
0.064427
0.064427
0.147287
0.147287
0.077693
0.077693
0.143896
0.143896
0.118787
0.118787
0.162345
0.162345
0.067274
0.067274
0.069294
0.069294
0.260550
0.260550
0.043912
0.043912
0.236572
0.236572
0.030977
0.030977
0.023018
0.023018
0.103539
0.103539
0.070088
0.070088
0.255806
0.255806
0.191887
0.191887
0.129105
0.129105
0.245875
0.245875
0.248027
0.248027
0.066068
0.066068
0.472078
0.472078
0.461671
0.461671
0.140866
0.140866
0.062154
0.062154
0.133328
0.133328
0.314448
0.314448
0.015947
0.015947
0.146388
0.146388
0.051705
0.051705
0.153773
0.153773
0.104566
0.104566
0.104631
0.104631
0.137514
0.137514
0.283799
0.283799
0.044657
0.044657
0.033532
0.033532
0.064987
0.064987
0.062007
0.062007
0.146194
0.146194
0.280280
0.280280
0.224552
0.224552
0.098573
0.098573
0.196255
0.196255
0.101664
0.101664
0.074179
0.074179
0.246818
0.246818
0.038066
0.038066
0.336657
0.336657
0.129492
0.129492
0.292801
0.292801
0.168885
0.168885
0.273957
0.273957
0.138815
0.138815
0.118488
0.118488
0.054943
0.054943
0.081583
0.081583
0.094592
0.094592
0.181224
0.181224
0.102724
0.102724
0.307131
0.307131
0.085996
0.085996
0.513311
0.513311
0.115534
0.115534
0.095638
0.095638
0.039146
0.039146
0.302261
0.302261
0.147385
0.147385
0.059896
0.059896
0.226237
0.226237
0.040533
0.040533
0.308130
0.308130
0.085717
0.085717
0.041069
0.041069
0.159582
0.159582
0.514040
0.514040
0.185747
0.185747
0.261256
0.261256
0.267660
0.267660
0.636938
0.636938
0.033191
0.033191
0.204496
0.204496
0.064956
0.064956
0.055537
0.055537
0.404425
0.404425
0.405630
0.405630
0.210763
0.210763
0.276599
0.276599
0.110315
0.110315
0.297648
0.297648
0.063426
0.063426
0.040080
0.040080
0.117265
0.117265
0.046644
0.046644
0.227739
0.227739
0.169079
0.169079
0.178504
0.178504
0.220652
0.220652
0.226984
0.226984
0.016698
0.016698
0.092252
0.092252
0.116038
0.116038
0.076936
0.076936
0.021197
0.021197
0.076979
0.076979
0.378377
0.378377
0.082832
0.082832
0.139860
0.139860
0.060770
0.060770
0.106642
0.106642
0.103392
0.103392
0.305925
0.305925
0.100874
0.100874
0.054878
0.054878
0.178449
0.178449
0.060784
0.060784
0.194248
0.194248
0.415462
0.415462
0.113656
0.113656
0.256694
0.256694
0.102592
0.102592
0.250482
0.250482
0.276462
0.276462
0.141396
0.141396
0.066099
0.066099
0.037441
0.037441
0.095923
0.095923
0.048689
0.048689
0.257787
0.257787
0.155918
0.155918
0.055989
0.055989
0.204003
0.204003
0.155777
0.155777
0.124162
0.124162
0.046608
0.046608
0.165164
0.165164
0.253213
0.253213
0.438676
0.438676
0.072581
0.072581
0.364024
0.364024
0.282449
0.282449
0.202577
0.202577
0.406154
0.406154
0.351822
0.351822
0.053220
0.053220
0.063249
0.063249
0.108523
0.108523
0.108427
0.108427
0.071844
0.071844
0.181563
0.181563
0.065475
0.065475
0.067099
0.067099
0.183387
0.183387
0.159836
0.159836
0.041351
0.041351
0.076862
0.076862
0.166953
0.166953
0.002368
0.002368
0.286386
0.286386
0.049936
0.049936
0.084327
0.084327
0.163513
0.163513
0.197275
0.197275
0.067430
0.067430
0.227624
0.227624
0.154486
0.154486
0.122433
0.122433
0.101253
0.101253
0.076956
0.076956
0.122291
0.122291
0.346059
0.346059
0.172677
0.172677
0.039968
0.039968
0.076681
0.076681
0.068730
0.068730
0.026309
0.026309
0.237650
0.237650
0.054166
0.054166
0.034996
0.034996
0.217522
0.217522
0.214874
0.214874
0.029465
0.029465
0.106247
0.106247
0.263235
0.263235
0.121587
0.121587
0.063243
0.063243
0.079533
0.079533
0.047614
0.047614
0.153608
0.153608
0.146605
0.146605
0.097047
0.097047
0.140517
0.140517
0.270794
0.270794
0.104923
0.104923
0.081132
0.081132
0.048661
0.048661
0.039474
0.039474
0.050697
0.050697
0.126845
0.126845
0.032956
0.032956
0.392798
0.392798
0.259809
0.259809
0.032733
0.032733
0.085939
0.085939
0.151003
0.151003
0.089815
0.089815
0.063952
0.063952
0.109875
0.109875
0.099930
0.099930
0.048803
0.048803
0.036126
0.036126
0.048811
0.048811
0.174489
0.174489
0.131677
0.131677
0.160216
0.160216
0.127792
0.127792
0.245229
0.245229
0.181886
0.181886
0.039250
0.039250
0.179089
0.179089
0.305495
0.305495
0.202988
0.202988
0.054122
0.054122
0.219692
0.219692
0.122986
0.122986
0.048540
0.048540
0.267746
0.267746
0.428318
0.428318
0.103182
0.103182
0.255940
0.255940
0.080503
0.080503
0.181891
0.181891
0.167054
0.167054
0.086583
0.086583
0.079885
0.079885
0.178540
0.178540
0.045850
0.045850
0.234305
0.234305
0.142159
0.142159
0.053492
0.053492
0.107853
0.107853
0.046973
0.046973
0.061217
0.061217
0.070718
0.070718
0.016314
0.016314
0.248356
0.248356
0.233948
0.233948
0.242951
0.242951
0.216179
0.216179
0.053876
0.053876
0.097514
0.097514
0.056595
0.056595
0.434669
0.434669
0.148493
0.148493
0.184311
0.184311
0.177521
0.177521
0.051327
0.051327
0.188424
0.188424
0.453369
0.453369
0.118925
0.118925
0.096347
0.096347
0.067632
0.067632
0.140139
0.140139
0.235484
0.235484
0.159528
0.159528
0.230512
0.230512
0.139837
0.139837
0.188799
0.188799
0.135724
0.135724
0.234256
0.234256
0.046712
0.046712
0.799935
0.799935
0.061400
0.061400
0.063997
0.063997
0.206698
0.206698
0.080498
0.080498
0.569796
0.569796
0.149542
0.149542
0.043969
0.043969
0.094424
0.094424
0.050355
0.050355
0.155034
0.155034
0.389692
0.389692
0.211134
0.211134
0.181992
0.181992
0.053085
0.053085
0.213299
0.213299
0.137961
0.137961
0.186608
0.186608
0.094184
0.094184
0.178911
0.178911
0.032122
0.032122
0.346536
0.346536
0.079597
0.079597
0.057929
0.057929
0.155947
0.155947
0.265389
0.265389
0.062548
0.062548
0.133200
0.133200
0.053659
0.053659
0.275464
0.275464
0.140810
0.140810
0.118403
0.118403
0.383768
0.383768
0.098354
0.098354
0.100132
0.100132
0.114873
0.114873
0.155095
0.155095
0.108579
0.108579
0.130152
0.130152
0.405549
0.405549
0.074185
0.074185
0.098220
0.098220
0.319110
0.319110
0.177229
0.177229
0.366558
0.366558
0.137062
0.137062
0.079158
0.079158
0.093554
0.093554
0.229870
0.229870
0.176211
0.176211
0.200915
0.200915
0.224500
0.224500
0.154736
0.154736
0.185767
0.185767
0.042926
0.042926
0.044511
0.044511
0.086166
0.086166
0.165156
0.165156
0.061201
0.061201
0.273208
0.273208
0.020727
0.020727
0.134327
0.134327
0.215482
0.215482
0.196112
0.196112
0.229183
0.229183
0.415760
0.415760
0.187621
0.187621
0.148766
0.148766
0.184833
0.184833
0.320307
0.320307
0.093770
0.093770
0.249352
0.249352
0.086422
0.086422
0.107841
0.107841
0.737470
0.737470
0.429725
0.429725
0.111529
0.111529
0.279916
0.279916
0.193672
0.193672
0.027748
0.027748
0.148310
0.148310
0.045914
0.045914
0.037209
0.037209
0.162860
0.162860
0.226915
0.226915
0.038173
0.038173
0.060966
0.060966
0.047997
0.047997
0.181770
0.181770
0.290259
0.290259
0.293285
0.293285
0.073816
0.073816
0.197036
0.197036
0.086550
0.086550
0.008896
0.008896
0.515664
0.515664
0.178521
0.178521
0.027943
0.027943
0.252249
0.252249
0.167319
0.167319
0.080908
0.080908
0.212159
0.212159
0.132427
0.132427
0.162352
0.162352
0.191759
0.191759
0.162027
0.162027
0.138394
0.138394
0.208325
0.208325
0.249514
0.249514
0.103799
0.103799
0.107504
0.107504
0.115658
0.115658
0.108587
0.108587
0.407930
0.407930
0.060636
0.060636
0.238433
0.238433
0.102138
0.102138
0.314791
0.314791
0.038895
0.038895
0.127970
0.127970
0.197739
0.197739
0.134553
0.134553
0.268235
0.268235
0.248354
0.248354
0.267045
0.267045
0.068755
0.068755
0.109048
0.109048
0.166161
0.166161
0.210895
0.210895
0.134388
0.134388
0.067324
0.067324
0.185160
0.185160
0.259077
0.259077
0.032140
0.032140
0.051506
0.051506
0.066880
0.066880
0.029508
0.029508
0.044899
0.044899
0.195954
0.195954
0.087928
0.087928
0.135324
0.135324
0.043907
0.043907
0.315285
0.315285
0.121651
0.121651
0.048252
0.048252
0.220256
0.220256
0.065385
0.065385
0.082705
0.082705
0.224718
0.224718
0.046349
0.046349
0.045718
0.045718
0.369911
0.369911
0.079458
0.079458
0.292245
0.292245
0.164846
0.164846
0.233903
0.233903
0.100993
0.100993
0.066157
0.066157
0.099297
0.099297
0.213083
0.213083
0.483593
0.483593
0.373287
0.373287
0.418639
0.418639
0.114758
0.114758
0.052408
0.052408
0.068617
0.068617
0.108333
0.108333
0.051741
0.051741
0.532501
0.532501
0.070697
0.070697
0.161741
0.161741
0.075318
0.075318
0.063510
0.063510
0.090760
0.090760
0.227666
0.227666
0.045008
0.045008
0.118446
0.118446
0.099525
0.099525
0.166747
0.166747
0.136016
0.136016
0.220765
0.220765
0.048201
0.048201
0.365185
0.365185
0.091884
0.091884
0.095635
0.095635
0.059233
0.059233
0.144451
0.144451
0.076841
0.076841
0.125258
0.125258
0.252138
0.252138
0.180483
0.180483
0.083561
0.083561
0.059268
0.059268
0.212672
0.212672
0.077339
0.077339
0.275773
0.275773
0.055470
0.055470
0.098930
0.098930
0.046121
0.046121
0.176747
0.176747
0.237727
0.237727
0.120929
0.120929
0.119641
0.119641
0.112322
0.112322
0.094465
0.094465
0.121646
0.121646
0.092917
0.092917
0.092828
0.092828
0.184877
0.184877
0.189482
0.189482
0.120959
0.120959
0.294033
0.294033
0.018726
0.018726
0.083151
0.083151
0.048152
0.048152
0.088854
0.088854
0.203929
0.203929
0.052526
0.052526
0.097423
0.097423
0.185320
0.185320
0.039982
0.039982
0.203615
0.203615
0.106409
0.106409
0.079961
0.079961
0.316811
0.316811
0.118268
0.118268
0.168210
0.168210
0.085856
0.085856
0.093977
0.093977
0.335765
0.335765
0.201976
0.201976
0.132755
0.132755
0.190135
0.190135
0.037747
0.037747
0.294916
0.294916
0.242609
0.242609
0.044680
0.044680
0.382392
0.382392
0.052201
0.052201
0.256442
0.256442
0.056359
0.056359
0.251589
0.251589
0.106498
0.106498
0.132438
0.132438
0.151324
0.151324
0.142821
0.142821
0.148688
0.148688
0.059276
0.059276
0.071296
0.071296
0.394393
0.394393
0.196056
0.196056
0.272475
0.272475
0.093545
0.093545
0.078146
0.078146
0.272114
0.272114
0.076928
0.076928
0.028892
0.028892
0.113884
0.113884
0.084208
0.084208
0.675198
0.675198
0.024241
0.024241
0.084522
0.084522
0.118243
0.118243
0.034787
0.034787
0.047805
0.047805
0.102668
0.102668
0.074853
0.074853
0.155871
0.155871
0.089907
0.089907
0.172795
0.172795
0.024402
0.024402
0.636702
0.636702
0.595938
0.595938
0.174609
0.174609
0.185960
0.185960
0.124383
0.124383
0.140451
0.140451
0.309686
0.309686
0.002112
0.002112
0.408671
0.408671
0.045969
0.045969
0.040053
0.040053
0.106190
0.106190
0.407229
0.407229
0.079418
0.079418
0.253324
0.253324
0.300831
0.300831
0.038359
0.038359
0.101372
0.101372
0.050523
0.050523
0.042556
0.042556
0.054924
0.054924
0.417111
0.417111
0.191113
0.191113
0.183762
0.183762
0.042213
0.042213
0.155965
0.155965
0.524612
0.524612
0.193553
0.193553
0.317974
0.317974
0.136795
0.136795
0.091090
0.091090
0.187389
0.187389
0.111035
0.111035
0.210637
0.210637
0.463567
0.463567
0.159975
0.159975
0.345776
0.345776
0.270827
0.270827
0.211317
0.211317
0.159145
0.159145
0.185328
0.185328
0.234848
0.234848
0.116218
0.116218
0.070640
0.070640
0.109815
0.109815
0.221653
0.221653
0.170225
0.170225
0.100812
0.100812
0.183766
0.183766
0.070203
0.070203
0.151482
0.151482
0.119252
0.119252
0.431688
0.431688
0.099514
0.099514
0.234140
0.234140
0.042243
0.042243
0.244888
0.244888
0.099757
0.099757
0.259247
0.259247
0.291292
0.291292
0.045241
0.045241
0.307156
0.307156
0.081025
0.081025
0.059937
0.059937
0.080714
0.080714
0.280256
0.280256
0.053055
0.053055
0.138437
0.138437
0.210533
0.210533
0.114195
0.114195
0.098549
0.098549
0.126995
0.126995
0.226025
0.226025
0.092763
0.092763
0.155547
0.155547
0.026357
0.026357
0.026777
0.026777
0.158829
0.158829
0.040670
0.040670
0.198462
0.198462
0.040448
0.040448
0.253878
0.253878
0.344936
0.344936
0.045729
0.045729
0.178961
0.178961
0.193514
0.193514
0.238165
0.238165
0.118377
0.118377
0.359044
0.359044
0.105950
0.105950
0.061706
0.061706
0.168380
0.168380
0.064133
0.064133
0.034462
0.034462
0.080252
0.080252
0.106397
0.106397
0.167565
0.167565
0.090649
0.090649
0.201936
0.201936
0.137889
0.137889
0.033550
0.033550
0.222182
0.222182
0.034776
0.034776
0.069780
0.069780
0.241160
0.241160
0.059110
0.059110
0.332887
0.332887
0.043093
0.043093
0.019357
0.019357
0.459394
0.459394
0.051508
0.051508
0.106950
0.106950
0.123967
0.123967
0.048983
0.048983
0.207505
0.207505
0.140166
0.140166
0.118156
0.118156
0.079624
0.079624
0.232253
0.232253
0.344736
0.344736
0.030739
0.030739
0.161972
0.161972
0.073365
0.073365
0.083030
0.083030
0.091860
0.091860
0.058178
0.058178
0.047105
0.047105
0.085593
0.085593
0.117170
0.117170
0.224652
0.224652
0.141553
0.141553
0.135701
0.135701
0.174443
0.174443
0.033699
0.033699
0.117067
0.117067
0.037811
0.037811
0.201563
0.201563
0.201885
0.201885
0.121274
0.121274
0.247906
0.247906
0.172513
0.172513
0.297671
0.297671
0.087732
0.087732
0.162592
0.162592
0.192253
0.192253
0.050680
0.050680
0.168104
0.168104
0.192651
0.192651
0.297545
0.297545
0.240184
0.240184
0.111010
0.111010
0.056873
0.056873
0.153200
0.153200
0.168295
0.168295
0.025648
0.025648
0.241524
0.241524
0.180175
0.180175
0.077555
0.077555
0.235375
0.235375
0.080462
0.080462
0.280934
0.280934
0.364148
0.364148
0.216826
0.216826
0.145891
0.145891
0.249868
0.249868
0.061065
0.061065
0.239863
0.239863
0.120934
0.120934
0.258781
0.258781
0.332007
0.332007
0.068950
0.068950
0.177145
0.177145
0.170559
0.170559
0.234881
0.234881
0.093121
0.093121
0.105481
0.105481
0.148613
0.148613
0.108548
0.108548
0.216688
0.216688
0.023247
0.023247
0.024564
0.024564
0.221462
0.221462
0.031951
0.031951
0.141759
0.141759
0.304775
0.304775
0.199517
0.199517
0.140840
0.140840
0.235814
0.235814
0.268751
0.268751
0.081495
0.081495
0.137641
0.137641
0.036889
0.036889
0.174468
0.174468
0.033351
0.033351
0.142738
0.142738
0.236797
0.236797
0.074723
0.074723
0.128680
0.128680
0.213915
0.213915
0.176289
0.176289
0.101012
0.101012
0.455301
0.455301
0.085054
0.085054
0.000000
0.000000
0.147365
0.147365
0.051732
0.051732
0.134196
0.134196
0.084046
0.084046
0.227644
0.227644
0.153338
0.153338
0.284084
0.284084
0.225926
0.225926
0.063914
0.063914
0.087196
0.087196
0.192352
0.192352
0.140471
0.140471
0.017055
0.017055
0.312308
0.312308
0.066278
0.066278
0.181573
0.181573
0.037789
0.037789
0.502239
0.502239
0.095271
0.095271
0.055419
0.055419
0.341620
0.341620
0.232878
0.232878
0.060323
0.060323
0.090549
0.090549
0.047782
0.047782
0.618648
0.618648
0.042938
0.042938
0.076117
0.076117
0.164270
0.164270
0.057326
0.057326
0.153079
0.153079
0.116890
0.116890
0.131024
0.131024
0.302732
0.302732
0.054161
0.054161
0.118668
0.118668
0.062904
0.062904
0.368542
0.368542
0.133994
0.133994
0.056556
0.056556
0.365603
0.365603
0.198531
0.198531
0.083120
0.083120
0.192469
0.192469
0.059113
0.059113
0.399628
0.399628
0.075786
0.075786
0.163870
0.163870
0.116329
0.116329
0.274916
0.274916
0.498174
0.498174
0.096268
0.096268
0.182983
0.182983
0.187752
0.187752
0.342887
0.342887
0.318110
0.318110
0.130802
0.130802
0.180075
0.180075
0.233127
0.233127
0.260580
0.260580
0.220097
0.220097
0.083658
0.083658
0.312593
0.312593
0.535968
0.535968
0.136907
0.136907
0.059915
0.059915
0.296278
0.296278
0.011712
0.011712
0.087530
0.087530
0.283279
0.283279
0.080713
0.080713
0.052560
0.052560
0.026932
0.026932
0.199784
0.199784
0.139569
0.139569
0.057667
0.057667
0.077872
0.077872
0.241966
0.241966
0.147379
0.147379
0.061482
0.061482
0.199324
0.199324
0.127029
0.127029
0.100501
0.100501
0.127924
0.127924
0.044798
0.044798
0.024628
0.024628
0.090843
0.090843
0.240423
0.240423
0.397433
0.397433
0.039874
0.039874
0.122679
0.122679
0.055239
0.055239
0.427661
0.427661
0.235337
0.235337
0.129341
0.129341
0.042394
0.042394
0.110579
0.110579
0.222647
0.222647
0.126936
0.126936
0.059176
0.059176
0.091175
0.091175
0.243807
0.243807
0.064229
0.064229
0.043228
0.043228
0.456580
0.456580
0.181065
0.181065
0.308538
0.308538
0.107779
0.107779
0.057883
0.057883
0.286955
0.286955
0.047430
0.047430
0.084412
0.084412
0.315955
0.315955
0.178863
0.178863
0.055873
0.055873
0.080996
0.080996
0.095032
0.095032
0.236172
0.236172
0.161218
0.161218
0.188969
0.188969
0.193711
0.193711
0.104775
0.104775
0.049034
0.049034
0.080299
0.080299
0.050640
0.050640
0.156845
0.156845
0.062767
0.062767
0.102247
0.102247
0.560597
0.560597
0.085685
0.085685
0.066292
0.066292
0.103785
0.103785
0.035458
0.035458
0.120017
0.120017
0.192882
0.192882
0.085863
0.085863
0.227177
0.227177
0.077101
0.077101
0.292140
0.292140
0.248229
0.248229
0.336273
0.336273
0.066357
0.066357
0.085631
0.085631
0.223633
0.223633
0.202066
0.202066
0.170185
0.170185
0.266443
0.266443
0.115864
0.115864
0.052364
0.052364
0.084649
0.084649
0.070820
0.070820
0.196203
0.196203
0.227865
0.227865
0.060295
0.060295
0.195283
0.195283
0.241440
0.241440
0.041590
0.041590
0.082178
0.082178
0.043554
0.043554
0.060424
0.060424
0.073774
0.073774
0.316290
0.316290
0.168152
0.168152
0.082952
0.082952
0.041724
0.041724
0.111805
0.111805
0.047054
0.047054
0.023128
0.023128
0.122071
0.122071
0.040046
0.040046
0.128124
0.128124
0.106094
0.106094
0.045960
0.045960
0.091528
0.091528
0.040363
0.040363
0.084491
0.084491
0.227715
0.227715
0.292660
0.292660
0.124412
0.124412
0.111860
0.111860
0.177372
0.177372
0.194004
0.194004
0.120635
0.120635
0.066953
0.066953
0.113423
0.113423
0.734330
0.734330
0.085205
0.085205
0.148678
0.148678
0.293302
0.293302
0.386795
0.386795
0.135223
0.135223
0.126022
0.126022
0.034787
0.034787
0.073235
0.073235
0.249683
0.249683
0.001114
0.001114
0.157575
0.157575
0.177964
0.177964
0.217568
0.217568
0.220535
0.220535
0.024255
0.024255
0.485172
0.485172
0.051149
0.051149
0.178572
0.178572
0.056582
0.056582
0.168817
0.168817
0.341266
0.341266
0.338979
0.338979
0.037308
0.037308
0.209026
0.209026
0.076672
0.076672
0.485471
0.485471
0.123718
0.123718
0.487731
0.487731
0.215087
0.215087
0.185934
0.185934
0.090559
0.090559
0.100825
0.100825
0.171981
0.171981
0.118264
0.118264
0.388851
0.388851
0.127044
0.127044
0.024950
0.024950
0.039936
0.039936
0.144963
0.144963
0.067047
0.067047
0.199900
0.199900
0.085047
0.085047
0.334664
0.334664
0.201914
0.201914
0.026294
0.026294
0.169182
0.169182
0.102978
0.102978
0.224228
0.224228
0.043908
0.043908
0.290692
0.290692
0.153547
0.153547
0.343462
0.343462
0.034131
0.034131
0.113424
0.113424
0.117662
0.117662
0.080996
0.080996
0.087243
0.087243
0.099892
0.099892
0.036095
0.036095
0.053556
0.053556
0.070311
0.070311
0.122547
0.122547
0.104101
0.104101
0.268391
0.268391
0.107458
0.107458
0.240117
0.240117
0.451875
0.451875
0.139773
0.139773
0.028560
0.028560
0.087818
0.087818
0.140205
0.140205
0.243723
0.243723
0.027375
0.027375
0.077889
0.077889
0.048676
0.048676
0.249012
0.249012
0.203050
0.203050
0.145357
0.145357
0.418694
0.418694
0.058798
0.058798
0.122125
0.122125
0.516315
0.516315
0.080651
0.080651
0.075193
0.075193
0.068343
0.068343
0.060570
0.060570
0.365318
0.365318
0.121296
0.121296
0.079472
0.079472
0.051341
0.051341
0.142466
0.142466
0.120446
0.120446
0.057337
0.057337
0.133308
0.133308
0.396131
0.396131
0.194272
0.194272
0.230378
0.230378
0.212017
0.212017
0.051913
0.051913
0.030784
0.030784
0.184077
0.184077
0.045450
0.045450
0.167393
0.167393
0.186640
0.186640
0.109249
0.109249
0.185254
0.185254
0.107855
0.107855
0.247792
0.247792
0.172631
0.172631
0.155720
0.155720
0.038122
0.038122
0.127005
0.127005
0.086529
0.086529
0.117430
0.117430
0.113721
0.113721
0.233940
0.233940
0.170576
0.170576
0.251653
0.251653
0.046810
0.046810
0.167600
0.167600
0.077529
0.077529
0.238217
0.238217
0.046578
0.046578
0.193460
0.193460
0.117757
0.117757
0.081075
0.081075
0.127932
0.127932
0.048106
0.048106
0.071547
0.071547
0.213093
0.213093
0.043362
0.043362
0.253697
0.253697
0.045948
0.045948
0.107672
0.107672
0.057193
0.057193
0.087017
0.087017
0.089960
0.089960
0.050186
0.050186
0.096428
0.096428
0.237624
0.237624
0.185548
0.185548
0.093686
0.093686
0.319366
0.319366
0.051011
0.051011
0.053717
0.053717
0.232205
0.232205
0.075891
0.075891
0.431882
0.431882
0.050704
0.050704
0.084214
0.084214
0.210413
0.210413
0.129429
0.129429
0.279717
0.279717
0.215091
0.215091
0.077448
0.077448
0.157870
0.157870
0.110358
0.110358
0.180671
0.180671
0.267262
0.267262
0.258755
0.258755
0.068854
0.068854
0.041328
0.041328
0.043565
0.043565
0.131447
0.131447
0.277257
0.277257
0.049983
0.049983
0.083658
0.083658
0.064611
0.064611
0.044765
0.044765
0.179185
0.179185
0.096979
0.096979
0.205013
0.205013
0.079659
0.079659
0.297865
0.297865
0.245548
0.245548
0.371436
0.371436
0.225986
0.225986
0.062663
0.062663
0.296277
0.296277
0.056817
0.056817
0.320535
0.320535
0.286726
0.286726
0.141946
0.141946
0.189604
0.189604
0.058594
0.058594
0.511633
0.511633
0.113777
0.113777
0.069988
0.069988
0.056039
0.056039
0.181484
0.181484
0.211763
0.211763
0.158409
0.158409
0.204026
0.204026
0.060730
0.060730
0.271606
0.271606
0.153651
0.153651
0.200177
0.200177
0.109988
0.109988
0.046445
0.046445
0.087384
0.087384
0.244382
0.244382
0.017613
0.017613
0.196488
0.196488
0.055886
0.055886
0.046573
0.046573
0.000963
0.000963
0.050121
0.050121
0.050634
0.050634
0.024149
0.024149
0.075241
0.075241
0.082939
0.082939
0.529783
0.529783
0.102484
0.102484
0.270984
0.270984
0.093837
0.093837
0.227828
0.227828
0.055063
0.055063
0.095641
0.095641
0.136640
0.136640
0.139338
0.139338
0.357267
0.357267
0.270714
0.270714
0.068025
0.068025
0.139696
0.139696
0.177193
0.177193
0.450079
0.450079
0.078501
0.078501
0.120374
0.120374
0.138721
0.138721
0.300874
0.300874
0.226519
0.226519
0.178761
0.178761
0.241679
0.241679
0.169366
0.169366
0.016357
0.016357
0.074677
0.074677
0.385170
0.385170
0.130635
0.130635
0.155617
0.155617
0.123852
0.123852
0.062451
0.062451
0.364056
0.364056
0.352592
0.352592
0.027286
0.027286
0.138474
0.138474
0.212602
0.212602
0.239988
0.239988
0.113391
0.113391
0.306501
0.306501
0.114574
0.114574
0.087169
0.087169
0.247213
0.247213
0.455357
0.455357
0.084398
0.084398
0.077327
0.077327
0.140975
0.140975
0.075634
0.075634
0.156246
0.156246
0.077333
0.077333
0.183985
0.183985
0.181249
0.181249
0.220383
0.220383
0.033061
0.033061
0.149502
0.149502
0.193947
0.193947
0.151100
0.151100
0.062244
0.062244
0.076899
0.076899
0.129189
0.129189
0.084513
0.084513
0.090967
0.090967
0.032256
0.032256
0.113934
0.113934
0.055880
0.055880
0.230047
0.230047
0.047490
0.047490
0.242483
0.242483
0.059711
0.059711
0.070109
0.070109
0.066217
0.066217
0.282437
0.282437
0.073014
0.073014
0.068691
0.068691
0.041547
0.041547
0.274036
0.274036
0.073754
0.073754
0.224493
0.224493
0.362047
0.362047
0.137814
0.137814
0.089398
0.089398
0.092652
0.092652
0.047293
0.047293
0.152535
0.152535
0.031029
0.031029
0.159391
0.159391
0.321509
0.321509
0.095723
0.095723
0.311438
0.311438
0.206295
0.206295
0.150308
0.150308
0.101045
0.101045
0.065007
0.065007
0.074361
0.074361
0.075366
0.075366
0.156493
0.156493
0.070940
0.070940
0.179395
0.179395
0.173209
0.173209
0.485929
0.485929
0.090803
0.090803
0.026960
0.026960
0.029628
0.029628
0.132217
0.132217
0.038852
0.038852
0.091449
0.091449
0.098315
0.098315
0.050101
0.050101
0.103928
0.103928
0.110845
0.110845
0.177676
0.177676
0.288785
0.288785
0.317928
0.317928
0.236920
0.236920
0.224777
0.224777
0.173468
0.173468
0.241654
0.241654
0.130992
0.130992
0.038290
0.038290
0.121461
0.121461
0.387409
0.387409
0.179958
0.179958
0.018406
0.018406
0.193556
0.193556
0.120917
0.120917
0.145712
0.145712
0.150175
0.150175
0.046180
0.046180
0.143535
0.143535
0.111216
0.111216
0.045550
0.045550
0.061913
0.061913
0.067025
0.067025
0.118871
0.118871
0.435343
0.435343
0.091704
0.091704
0.090549
0.090549
0.253936
0.253936
0.050699
0.050699
0.069592
0.069592
0.281925
0.281925
0.263556
0.263556
0.247296
0.247296
0.070795
0.070795
0.117759
0.117759
0.260506
0.260506
0.211203
0.211203
0.021595
0.021595
0.098556
0.098556
0.069599
0.069599
0.335850
0.335850
0.341937
0.341937
0.206366
0.206366
0.199916
0.199916
0.276296
0.276296
0.043830
0.043830
0.032214
0.032214
0.350273
0.350273
0.341820
0.341820
0.103791
0.103791
0.173113
0.173113
0.048750
0.048750
0.068786
0.068786
0.093630
0.093630
0.059063
0.059063
0.151527
0.151527
0.052164
0.052164
0.237691
0.237691
0.125631
0.125631
0.230885
0.230885
0.080840
0.080840
0.061476
0.061476
0.692784
0.692784
0.074802
0.074802
0.033867
0.033867
0.232188
0.232188
0.211588
0.211588
0.165189
0.165189
0.155813
0.155813
0.270704
0.270704
0.182756
0.182756
0.098831
0.098831
0.117395
0.117395
0.187865
0.187865
0.088534
0.088534
0.397327
0.397327
0.078549
0.078549
0.242604
0.242604
0.124246
0.124246
0.171450
0.171450
0.078577
0.078577
0.036105
0.036105
0.717725
0.717725
0.200020
0.200020
0.076626
0.076626
0.434703
0.434703
0.046728
0.046728
0.324030
0.324030
0.140470
0.140470
0.073405
0.073405
0.295112
0.295112
0.312607
0.312607
0.135036
0.135036
0.130925
0.130925
0.270221
0.270221
0.224236
0.224236
0.062385
0.062385
0.109185
0.109185
0.067027
0.067027
0.467266
0.467266
0.029999
0.029999
0.281945
0.281945
0.035653
0.035653
0.313474
0.313474
0.175956
0.175956
0.077020
0.077020
0.168282
0.168282
0.017315
0.017315
0.164630
0.164630
0.411934
0.411934
0.098931
0.098931
0.072664
0.072664
0.043270
0.043270
0.074560
0.074560
0.067053
0.067053
0.101561
0.101561
0.512254
0.512254
0.150870
0.150870
0.262967
0.262967
0.149677
0.149677
0.034239
0.034239
0.156430
0.156430
0.056016
0.056016
0.251013
0.251013
0.064508
0.064508
0.106341
0.106341
0.121021
0.121021
0.059586
0.059586
0.162874
0.162874
0.064493
0.064493
0.352373
0.352373
0.064671
0.064671
0.185004
0.185004
0.453803
0.453803
0.052230
0.052230
0.087810
0.087810
0.076704
0.076704
0.228087
0.228087
0.097902
0.097902
0.050291
0.050291
0.053567
0.053567
0.290324
0.290324
0.108353
0.108353
0.164895
0.164895
0.236839
0.236839
0.221289
0.221289
0.086559
0.086559
0.107478
0.107478
0.103503
0.103503
0.196458
0.196458
0.280399
0.280399
0.072326
0.072326
0.085789
0.085789
0.078202
0.078202
0.224363
0.224363
0.043705
0.043705
0.103670
0.103670
0.167845
0.167845
0.110457
0.110457
0.130532
0.130532
0.394702
0.394702
0.168766
0.168766
0.183534
0.183534
0.474487
0.474487
0.296341
0.296341
0.088536
0.088536
0.276148
0.276148
0.323577
0.323577
0.211371
0.211371
0.028570
0.028570
0.213388
0.213388
0.110731
0.110731
0.132107
0.132107
0.110760
0.110760
0.072466
0.072466
0.186037
0.186037
0.071242
0.071242
0.053552
0.053552
0.044449
0.044449
0.088340
0.088340
0.191713
0.191713
0.071122
0.071122
0.225785
0.225785
0.098643
0.098643
0.155254
0.155254
0.260565
0.260565
0.075859
0.075859
0.072947
0.072947
0.107667
0.107667
0.084148
0.084148
0.120331
0.120331
0.030430
0.030430
0.023063
0.023063
0.042551
0.042551
0.052576
0.052576
0.084255
0.084255
0.213875
0.213875
0.163822
0.163822
0.107316
0.107316
0.283083
0.283083
0.227278
0.227278
0.100771
0.100771
0.650306
0.650306
0.287360
0.287360
0.123181
0.123181
0.117444
0.117444
0.038668
0.038668
0.165229
0.165229
0.186463
0.186463
0.227832
0.227832
0.184549
0.184549
0.180396
0.180396
0.080981
0.080981
0.056414
0.056414
0.117936
0.117936
0.276160
0.276160
0.149405
0.149405
0.325234
0.325234
0.068587
0.068587
0.056141
0.056141
0.190043
0.190043
0.207512
0.207512
0.468258
0.468258
0.076320
0.076320
0.052850
0.052850
0.077547
0.077547
0.197107
0.197107
0.349359
0.349359
0.013875
0.013875
0.192538
0.192538
0.115253
0.115253
0.070087
0.070087
0.197548
0.197548
0.160629
0.160629
0.105617
0.105617
0.131572
0.131572
0.069632
0.069632
0.101081
0.101081
0.386949
0.386949
0.117825
0.117825
0.176682
0.176682
0.249671
0.249671
0.049435
0.049435
0.074394
0.074394
0.031852
0.031852
0.162969
0.162969
0.361304
0.361304
0.083093
0.083093
0.135902
0.135902
0.099366
0.099366
0.133177
0.133177
0.113171
0.113171
0.139029
0.139029
0.142108
0.142108
0.138713
0.138713
0.265035
0.265035
0.313531
0.313531
0.188637
0.188637
0.152705
0.152705
0.064682
0.064682
0.150184
0.150184
0.178963
0.178963
0.119448
0.119448
0.091091
0.091091
0.028499
0.028499
0.069485
0.069485
0.141426
0.141426
0.124292
0.124292
0.083101
0.083101
0.093218
0.093218
0.156480
0.156480
0.241244
0.241244
0.028581
0.028581
0.162215
0.162215
0.065376
0.065376
0.115783
0.115783
0.033915
0.033915
0.158031
0.158031
0.015746
0.015746
0.219105
0.219105
0.092869
0.092869
0.173983
0.173983
0.113373
0.113373
0.155916
0.155916
0.030594
0.030594
0.091513
0.091513
0.250939
0.250939
0.038098
0.038098
0.049292
0.049292
0.181415
0.181415
0.136656
0.136656
0.104279
0.104279
0.433266
0.433266
0.157533
0.157533
0.158542
0.158542
0.075981
0.075981
0.165804
0.165804
0.157490
0.157490
0.024072
0.024072
0.164302
0.164302
0.122698
0.122698
0.141297
0.141297
0.280611
0.280611
0.171058
0.171058
0.401397
0.401397
0.439315
0.439315
0.032719
0.032719
0.073012
0.073012
0.051147
0.051147
0.130327
0.130327
0.067245
0.067245
0.022381
0.022381
0.365191
0.365191
0.129617
0.129617
0.075452
0.075452
0.171733
0.171733
0.447808
0.447808
0.304306
0.304306
0.096107
0.096107
0.112279
0.112279
0.322070
0.322070
0.282501
0.282501
0.149958
0.149958
0.142608
0.142608
0.123252
0.123252
0.228128
0.228128
0.028666
0.028666
0.072865
0.072865
0.104763
0.104763
0.055950
0.055950
0.141733
0.141733
0.133360
0.133360
0.119481
0.119481
0.042810
0.042810
0.110059
0.110059
0.063999
0.063999
0.123056
0.123056
0.312101
0.312101
0.118433
0.118433
0.172413
0.172413
0.240682
0.240682
0.067764
0.067764
0.054728
0.054728
0.113853
0.113853
0.023699
0.023699
0.180078
0.180078
0.188646
0.188646
0.033282
0.033282
0.243172
0.243172
0.033726
0.033726
0.054131
0.054131
0.047113
0.047113
0.191320
0.191320
0.092257
0.092257
0.181144
0.181144
0.380816
0.380816
0.149026
0.149026
0.124137
0.124137
0.049909
0.049909
0.041697
0.041697
0.024195
0.024195
0.121019
0.121019
0.197210
0.197210
0.056753
0.056753
0.239130
0.239130
0.438464
0.438464
0.154657
0.154657
0.041657
0.041657
0.058263
0.058263
0.453164
0.453164
0.138816
0.138816
0.251587
0.251587
0.103509
0.103509
0.170812
0.170812
0.040951
0.040951
0.470549
0.470549
0.231742
0.231742
0.036987
0.036987
0.062226
0.062226
0.098583
0.098583
0.085009
0.085009
0.086456
0.086456
0.108485
0.108485
0.074141
0.074141
0.226242
0.226242
0.086794
0.086794
0.280122
0.280122
0.095803
0.095803
0.057946
0.057946
0.171743
0.171743
0.041380
0.041380
0.096017
0.096017
0.141168
0.141168
0.283652
0.283652
0.118065
0.118065
0.175511
0.175511
0.289163
0.289163
0.146967
0.146967
0.054797
0.054797
0.172119
0.172119
0.034242
0.034242
0.126970
0.126970
0.090268
0.090268
0.478284
0.478284
0.153575
0.153575
0.271203
0.271203
0.065804
0.065804
0.073530
0.073530
0.072315
0.072315
0.043766
0.043766
0.493442
0.493442
0.459158
0.459158
0.035590
0.035590
0.151751
0.151751
0.181766
0.181766
0.170976
0.170976
0.245747
0.245747
0.161364
0.161364
0.269558
0.269558
0.022078
0.022078
0.144752
0.144752
0.152758
0.152758
0.394885
0.394885
0.588950
0.588950
0.154885
0.154885
0.135630
0.135630
0.170999
0.170999
0.118574
0.118574
0.234751
0.234751
0.154929
0.154929
0.064413
0.064413
0.198425
0.198425
0.093326
0.093326
0.070490
0.070490
0.048961
0.048961
0.069438
0.069438
0.094934
0.094934
0.395132
0.395132
0.336440
0.336440
0.034231
0.034231
0.119146
0.119146
0.307805
0.307805
0.137301
0.137301
0.400624
0.400624
0.066162
0.066162
0.210874
0.210874
0.150155
0.150155
0.385238
0.385238
0.084191
0.084191
0.194321
0.194321
0.034665
0.034665
0.037056
0.037056
0.224453
0.224453
0.057925
0.057925
0.100155
0.100155
0.020643
0.020643
0.057563
0.057563
0.262230
0.262230
0.385732
0.385732
0.229666
0.229666
0.370792
0.370792
0.292217
0.292217
0.056795
0.056795
0.215341
0.215341
0.129899
0.129899
0.027093
0.027093
0.028104
0.028104
0.078391
0.078391
0.104558
0.104558
0.044549
0.044549
0.107743
0.107743
0.047215
0.047215
0.171862
0.171862
0.164220
0.164220
0.000230
0.000230
0.053534
0.053534
0.122251
0.122251
0.099188
0.099188
0.052261
0.052261
0.100013
0.100013
0.043021
0.043021
0.337240
0.337240
0.107110
0.107110
0.044950
0.044950
0.189887
0.189887
0.169329
0.169329
0.417056
0.417056
0.121860
0.121860
0.449425
0.449425
0.077374
0.077374
0.353381
0.353381
0.080494
0.080494
0.070621
0.070621
0.157694
0.157694
0.047866
0.047866
0.092326
0.092326
0.097413
0.097413
0.206445
0.206445
0.113072
0.113072
0.186022
0.186022
0.129237
0.129237
0.043613
0.043613
0.255058
0.255058
0.060311
0.060311
0.059673
0.059673
0.152170
0.152170
0.039425
0.039425
0.085847
0.085847
0.072680
0.072680
0.402755
0.402755
0.043684
0.043684
0.093988
0.093988
0.160251
0.160251
0.096168
0.096168
0.020798
0.020798
0.104020
0.104020
0.064382
0.064382
0.560583
0.560583
0.247965
0.247965
0.201364
0.201364
0.542654
0.542654
0.398026
0.398026
0.225226
0.225226
0.126012
0.126012
0.167884
0.167884
0.034933
0.034933
0.114505
0.114505
0.070379
0.070379
0.081821
0.081821
0.058935
0.058935
0.182842
0.182842
0.122462
0.122462
0.240320
0.240320
0.035684
0.035684
0.212106
0.212106
0.092590
0.092590
0.099370
0.099370
0.267817
0.267817
0.178317
0.178317
0.273027
0.273027
0.132326
0.132326
0.163368
0.163368
0.131324
0.131324
0.154038
0.154038
0.051006
0.051006
0.091812
0.091812
0.149113
0.149113
0.274435
0.274435
0.329512
0.329512
0.086539
0.086539
0.305630
0.305630
0.049980
0.049980
0.114194
0.114194
0.303961
0.303961
0.106667
0.106667
0.220110
0.220110
0.131473
0.131473
0.204352
0.204352
0.272828
0.272828
0.064946
0.064946
0.085929
0.085929
0.132934
0.132934
0.125693
0.125693
0.088252
0.088252
0.072488
0.072488
0.097402
0.097402
0.166433
0.166433
0.061770
0.061770
0.177046
0.177046
0.193220
0.193220
0.113672
0.113672
0.079303
0.079303
0.215880
0.215880
0.134922
0.134922
0.185031
0.185031
0.030088
0.030088
0.184303
0.184303
0.083968
0.083968
0.171387
0.171387
0.224275
0.224275
0.085857
0.085857
0.259656
0.259656
0.093361
0.093361
0.045460
0.045460
0.287998
0.287998
0.057822
0.057822
0.235234
0.235234
0.071822
0.071822
0.398797
0.398797
0.321570
0.321570
0.225178
0.225178
0.036208
0.036208
0.380112
0.380112
0.074963
0.074963
0.260679
0.260679
0.067379
0.067379
0.069105
0.069105
0.115415
0.115415
0.079867
0.079867
0.055319
0.055319
0.104577
0.104577
0.303120
0.303120
0.209345
0.209345
0.299384
0.299384
0.161728
0.161728
0.036131
0.036131
0.029350
0.029350
0.132523
0.132523
0.061578
0.061578
0.234666
0.234666
0.174236
0.174236
0.074741
0.074741
0.110839
0.110839
0.195570
0.195570
0.067716
0.067716
0.110457
0.110457
0.164755
0.164755
0.015383
0.015383
0.258884
0.258884
0.060598
0.060598
0.154579
0.154579
0.198623
0.198623
0.092549
0.092549
0.581449
0.581449
0.150165
0.150165
0.100412
0.100412
0.222171
0.222171
0.111176
0.111176
0.077190
0.077190
0.033423
0.033423
0.190035
0.190035
0.161192
0.161192
0.103229
0.103229
0.120495
0.120495
0.074866
0.074866
0.036444
0.036444
0.535839
0.535839
0.279023
0.279023
0.255498
0.255498
0.071498
0.071498
0.055484
0.055484
0.123622
0.123622
0.065490
0.065490
0.116925
0.116925
0.098314
0.098314
0.109801
0.109801
0.142203
0.142203
0.391279
0.391279
0.172589
0.172589
0.173104
0.173104
0.248859
0.248859
0.214217
0.214217
0.118686
0.118686
0.113973
0.113973
0.085903
0.085903
0.140402
0.140402
0.121504
0.121504
0.116800
0.116800
0.073203
0.073203
0.061189
0.061189
0.090033
0.090033
0.262760
0.262760
0.071578
0.071578
0.046007
0.046007
0.314296
0.314296
0.156317
0.156317
0.240314
0.240314
0.151797
0.151797
0.220741
0.220741
0.093276
0.093276
0.001049
0.001049
0.186468
0.186468
0.215183
0.215183
0.074800
0.074800
0.046893
0.046893
0.100285
0.100285
0.187371
0.187371
0.132271
0.132271
0.177193
0.177193
0.101617
0.101617
0.369809
0.369809
0.133934
0.133934
0.084115
0.084115
0.239935
0.239935
0.086214
0.086214
0.121970
0.121970
0.096461
0.096461
0.475897
0.475897
0.080135
0.080135
0.058359
0.058359
0.066799
0.066799
0.066722
0.066722
0.235341
0.235341
0.159851
0.159851
0.175027
0.175027
0.137148
0.137148
0.106695
0.106695
0.486949
0.486949
0.172852
0.172852
0.063881
0.063881
0.220594
0.220594
0.082036
0.082036
0.162411
0.162411
0.229437
0.229437
0.080836
0.080836
0.213075
0.213075
0.232277
0.232277
0.082497
0.082497
0.038991
0.038991
0.335742
0.335742
0.343062
0.343062
0.169107
0.169107
0.099189
0.099189
0.273207
0.273207
0.116021
0.116021
0.147598
0.147598
0.116880
0.116880
0.045034
0.045034
0.112045
0.112045
0.035522
0.035522
0.077516
0.077516
0.373613
0.373613
0.405231
0.405231
0.106973
0.106973
0.069055
0.069055
0.379784
0.379784
0.309870
0.309870
0.164365
0.164365
0.113793
0.113793
0.084702
0.084702
0.061492
0.061492
0.126061
0.126061
0.072975
0.072975
0.264643
0.264643
0.053412
0.053412
0.404250
0.404250
0.123123
0.123123
0.079203
0.079203
0.273073
0.273073
0.130979
0.130979
0.578628
0.578628
0.037076
0.037076
0.127984
0.127984
0.051916
0.051916
0.084001
0.084001
0.248330
0.248330
0.210888
0.210888
0.269693
0.269693
0.230375
0.230375
0.039194
0.039194
0.085839
0.085839
0.225155
0.225155
0.435201
0.435201
0.373242
0.373242
0.095020
0.095020
0.032770
0.032770
0.116671
0.116671
0.112829
0.112829
0.274154
0.274154
0.085460
0.085460
0.078211
0.078211
0.073552
0.073552
0.047068
0.047068
0.214884
0.214884
0.149343
0.149343
0.620441
0.620441
0.092045
0.092045
0.068029
0.068029
0.133099
0.133099
0.098608
0.098608
0.097221
0.097221
0.072020
0.072020
0.207279
0.207279
0.174957
0.174957
0.152862
0.152862
0.142454
0.142454
0.277016
0.277016
0.112483
0.112483
0.371485
0.371485
0.138519
0.138519
0.265960
0.265960
0.376106
0.376106
0.097673
0.097673
0.068964
0.068964
0.149568
0.149568
0.330098
0.330098
0.064041
0.064041
0.062294
0.062294
0.036226
0.036226
0.096935
0.096935
0.019692
0.019692
0.131491
0.131491
0.262417
0.262417
0.094109
0.094109
0.069439
0.069439
0.109395
0.109395
0.177254
0.177254
0.085875
0.085875
0.132820
0.132820
0.151371
0.151371
0.194551
0.194551
0.062374
0.062374
0.191737
0.191737
0.174392
0.174392
0.028272
0.028272
0.017159
0.017159
0.421952
0.421952
0.098190
0.098190
0.118921
0.118921
0.106865
0.106865
0.047683
0.047683
0.106338
0.106338
0.215703
0.215703
0.080300
0.080300
0.123031
0.123031
0.142108
0.142108
0.103031
0.103031
0.117665
0.117665
0.046974
0.046974
0.196035
0.196035
0.052947
0.052947
0.087425
0.087425
0.169224
0.169224
0.111236
0.111236
0.168762
0.168762
0.070494
0.070494
0.139960
0.139960
0.107950
0.107950
0.078773
0.078773
0.165228
0.165228
0.267840
0.267840
0.100956
0.100956
0.035138
0.035138
0.062689
0.062689
0.252257
0.252257
0.095555
0.095555
0.245526
0.245526
0.199013
0.199013
0.141306
0.141306
0.230127
0.230127
0.063825
0.063825
0.148584
0.148584
0.104218
0.104218
0.090295
0.090295
0.126406
0.126406
0.027062
0.027062
0.237968
0.237968
0.266184
0.266184
0.352152
0.352152
0.170313
0.170313
0.356465
0.356465
0.078071
0.078071
0.026761
0.026761
0.065826
0.065826
0.119385
0.119385
0.052388
0.052388
0.261332
0.261332
0.254643
0.254643
0.052629
0.052629
0.112266
0.112266
0.080278
0.080278
0.205138
0.205138
0.080976
0.080976
0.062797
0.062797
0.285798
0.285798
0.048582
0.048582
0.003930
0.003930
0.189040
0.189040
0.268644
0.268644
0.461245
0.461245
0.054339
0.054339
0.338668
0.338668
0.147457
0.147457
0.072416
0.072416
0.214567
0.214567
0.108188
0.108188
0.065921
0.065921
0.161241
0.161241
0.123376
0.123376
0.176429
0.176429
0.064246
0.064246
0.112173
0.112173
0.284219
0.284219
0.126199
0.126199
0.071561
0.071561
0.029889
0.029889
0.192106
0.192106
0.200490
0.200490
0.064841
0.064841
0.081212
0.081212
0.180869
0.180869
0.237288
0.237288
0.168211
0.168211
0.219354
0.219354
0.145071
0.145071
0.175822
0.175822
0.277426
0.277426
0.262524
0.262524
0.350400
0.350400
0.031709
0.031709
0.059042
0.059042
0.087292
0.087292
0.145483
0.145483
0.515015
0.515015
0.192444
0.192444
0.029183
0.029183
0.175193
0.175193
0.107405
0.107405
0.062488
0.062488
1.124429
1.124429
0.048610
0.048610
0.073646
0.073646
0.018602
0.018602
0.068467
0.068467
0.546013
0.546013
0.069994
0.069994
0.043343
0.043343
0.054607
0.054607
0.282333
0.282333
0.164542
0.164542
0.047892
0.047892
0.268294
0.268294
0.167687
0.167687
0.111760
0.111760
0.125377
0.125377
0.315670
0.315670
0.418063
0.418063
0.248500
0.248500
0.166522
0.166522
0.230469
0.230469
0.090005
0.090005
0.189585
0.189585
0.113952
0.113952
0.236732
0.236732
0.097832
0.097832
0.054892
0.054892
0.182307
0.182307
0.126580
0.126580
0.108700
0.108700
0.061353
0.061353
0.138627
0.138627
0.041833
0.041833
0.304164
0.304164
0.053790
0.053790
0.134282
0.134282
0.043300
0.043300
0.373990
0.373990
0.085745
0.085745
0.084007
0.084007
0.064651
0.064651
0.112143
0.112143
0.023938
0.023938
0.297282
0.297282
0.071304
0.071304
0.082627
0.082627
0.074165
0.074165
0.055693
0.055693
0.063204
0.063204
0.083420
0.083420
0.085672
0.085672
0.355247
0.355247
0.045928
0.045928
0.248402
0.248402
0.181206
0.181206
0.134438
0.134438
0.061385
0.061385
0.319955
0.319955
0.056189
0.056189
0.019575
0.019575
0.087501
0.087501
0.149430
0.149430
0.085296
0.085296
0.130601
0.130601
0.176396
0.176396
0.479794
0.479794
0.138035
0.138035
0.167382
0.167382
0.214376
0.214376
0.106348
0.106348
0.061689
0.061689
0.234712
0.234712
0.053596
0.053596
0.129474
0.129474
0.150109
0.150109
0.201653
0.201653
0.092952
0.092952
0.088978
0.088978
0.470091
0.470091
0.466132
0.466132
0.088052
0.088052
0.069661
0.069661
0.081427
0.081427
0.065628
0.065628
0.166480
0.166480
0.051136
0.051136
0.108985
0.108985
0.106434
0.106434
0.041295
0.041295
0.071363
0.071363
0.110976
0.110976
0.179967
0.179967
0.083214
0.083214
0.180231
0.180231
0.067750
0.067750
0.245584
0.245584
0.106076
0.106076
0.295733
0.295733
0.410808
0.410808
0.198207
0.198207
0.295711
0.295711
0.089290
0.089290
0.105417
0.105417
0.249299
0.249299
0.210129
0.210129
0.066845
0.066845
0.114386
0.114386
0.179478
0.179478
0.284842
0.284842
0.010912
0.010912
0.150778
0.150778
0.199977
0.199977
0.063033
0.063033
0.222216
0.222216
0.025004
0.025004
0.121546
0.121546
0.335227
0.335227
0.037778
0.037778
0.326582
0.326582
0.168808
0.168808
0.078082
0.078082
0.426472
0.426472
0.163608
0.163608
0.228141
0.228141
0.081866
0.081866
0.048412
0.048412
0.153628
0.153628
0.074227
0.074227
0.225603
0.225603
0.109882
0.109882
0.136944
0.136944
0.164447
0.164447
0.051048
0.051048
0.256002
0.256002
0.198494
0.198494
0.042630
0.042630
0.027911
0.027911
0.062097
0.062097
0.287442
0.287442
0.206331
0.206331
0.132507
0.132507
0.101503
0.101503
0.047090
0.047090
0.183580
0.183580
0.111915
0.111915
0.120852
0.120852
0.124898
0.124898
0.171128
0.171128
0.040919
0.040919
0.040062
0.040062
0.095979
0.095979
0.070987
0.070987
0.165892
0.165892
0.240554
0.240554
0.278541
0.278541
0.059541
0.059541
0.051103
0.051103
0.126759
0.126759
0.083023
0.083023
0.113487
0.113487
0.058522
0.058522
0.318166
0.318166
0.437003
0.437003
0.044649
0.044649
0.365246
0.365246
0.149990
0.149990
0.321724
0.321724
0.049971
0.049971
0.219566
0.219566
0.499701
0.499701
0.056407
0.056407
0.143218
0.143218
0.273053
0.273053
0.042935
0.042935
0.040084
0.040084
0.056808
0.056808
0.018940
0.018940
0.063393
0.063393
0.117474
0.117474
0.097366
0.097366
0.746509
0.746509
0.064524
0.064524
0.224974
0.224974
0.108167
0.108167
0.077528
0.077528
0.162140
0.162140
0.052945
0.052945
0.129509
0.129509
0.617811
0.617811
0.240335
0.240335
0.041404
0.041404
0.045471
0.045471
0.530403
0.530403
0.071895
0.071895
0.335045
0.335045
0.118092
0.118092
0.208910
0.208910
0.161575
0.161575
0.046335
0.046335
0.036946
0.036946
0.057142
0.057142
0.082867
0.082867
0.399887
0.399887
0.056411
0.056411
0.383546
0.383546
0.155431
0.155431
0.055617
0.055617
0.090028
0.090028
0.309252
0.309252
0.099606
0.099606
0.100704
0.100704
0.081902
0.081902
0.239910
0.239910
0.365713
0.365713
0.150643
0.150643
0.106529
0.106529
0.064139
0.064139
0.021503
0.021503
0.034701
0.034701
0.033411
0.033411
0.096970
0.096970
0.107376
0.107376
0.167954
0.167954
0.138616
0.138616
0.082185
0.082185
0.108797
0.108797
0.127860
0.127860
0.203862
0.203862
0.028045
0.028045
0.173276
0.173276
0.072297
0.072297
0.085822
0.085822
0.053517
0.053517
0.094812
0.094812
0.064145
0.064145
0.333013
0.333013
0.180180
0.180180
0.144997
0.144997
0.050618
0.050618
0.140509
0.140509
0.123434
0.123434
0.125802
0.125802
0.099726
0.099726
0.310427
0.310427
0.160129
0.160129
0.257383
0.257383
0.220108
0.220108
0.120588
0.120588
0.125362
0.125362
0.210178
0.210178
0.187351
0.187351
0.174018
0.174018
0.116608
0.116608
0.027599
0.027599
0.088315
0.088315
0.096294
0.096294
0.188639
0.188639
0.072653
0.072653
0.165996
0.165996
0.083942
0.083942
0.179324
0.179324
0.523782
0.523782
0.174937
0.174937
0.130368
0.130368
0.044127
0.044127
0.015976
0.015976
0.082481
0.082481
0.140109
0.140109
0.072672
0.072672
0.205214
0.205214
0.374463
0.374463
0.241520
0.241520
0.466961
0.466961
0.115477
0.115477
0.155295
0.155295
0.108146
0.108146
0.499088
0.499088
0.189047
0.189047
0.080395
0.080395
0.062408
0.062408
0.080299
0.080299
0.051211
0.051211
0.135891
0.135891
0.108047
0.108047
0.074577
0.074577
0.263065
0.263065
0.075472
0.075472
0.458584
0.458584
0.075716
0.075716
0.035445
0.035445
0.080466
0.080466
0.237497
0.237497
0.067761
0.067761
0.055155
0.055155
0.059692
0.059692
0.166794
0.166794
0.143349
0.143349
0.148531
0.148531
0.121726
0.121726
0.094019
0.094019
0.216650
0.216650
0.053172
0.053172
0.129890
0.129890
0.066600
0.066600
0.121791
0.121791
0.105564
0.105564
0.229939
0.229939
0.058245
0.058245
0.081699
0.081699
0.079805
0.079805
0.243676
0.243676
0.015776
0.015776
0.281012
0.281012
0.270935
0.270935
0.172835
0.172835
0.433840
0.433840
0.246892
0.246892
0.049029
0.049029
0.157036
0.157036
0.047139
0.047139
0.081027
0.081027
0.042851
0.042851
0.097715
0.097715
0.039713
0.039713
0.341565
0.341565
0.318863
0.318863
0.076654
0.076654
0.297974
0.297974
0.223554
0.223554
0.070349
0.070349
0.138516
0.138516
0.071769
0.071769
0.321754
0.321754
0.064046
0.064046
0.275180
0.275180
0.040175
0.040175
0.066553
0.066553
0.048099
0.048099
0.235096
0.235096
0.144714
0.144714
0.092862
0.092862
0.060701
0.060701
0.092922
0.092922
0.045127
0.045127
0.102241
0.102241
0.079807
0.079807
0.132895
0.132895
0.140173
0.140173
0.104156
0.104156
0.000269
0.000269
0.243673
0.243673
0.116143
0.116143
0.224138
0.224138
0.150650
0.150650
0.032954
0.032954
0.046480
0.046480
0.135330
0.135330
0.211620
0.211620
0.193808
0.193808
0.102178
0.102178
0.283883
0.283883
0.057959
0.057959
0.086404
0.086404
0.078853
0.078853
0.031732
0.031732
0.091263
0.091263
0.051721
0.051721
0.107519
0.107519
0.221682
0.221682
0.178365
0.178365
0.269997
0.269997
0.153282
0.153282
0.086039
0.086039
0.094404
0.094404
0.221388
0.221388
0.074758
0.074758
0.114686
0.114686
0.155854
0.155854
0.127232
0.127232
0.024646
0.024646
0.319611
0.319611
0.586260
0.586260
0.166314
0.166314
0.088423
0.088423
0.055193
0.055193
0.082403
0.082403
0.256097
0.256097
0.178621
0.178621
0.168756
0.168756
0.118980
0.118980
0.152165
0.152165
0.125281
0.125281
0.141966
0.141966
0.144449
0.144449
0.136762
0.136762
0.118651
0.118651
0.080395
0.080395
0.065002
0.065002
0.060082
0.060082
0.071448
0.071448
0.132708
0.132708
0.218248
0.218248
0.229416
0.229416
0.114465
0.114465
0.045670
0.045670
0.057450
0.057450
0.149399
0.149399
0.061214
0.061214
0.395282
0.395282
0.197671
0.197671
0.134488
0.134488
0.133775
0.133775
0.200877
0.200877
0.094716
0.094716
0.101871
0.101871
0.151205
0.151205
0.212898
0.212898
0.028452
0.028452
0.052391
0.052391
0.064520
0.064520
0.226023
0.226023
0.102048
0.102048
0.096521
0.096521
0.132920
0.132920
0.123763
0.123763
0.229228
0.229228
0.207325
0.207325
0.261352
0.261352
0.031290
0.031290
0.127495
0.127495
0.129365
0.129365
0.151645
0.151645
0.594036
0.594036
0.051213
0.051213
0.046742
0.046742
0.407317
0.407317
0.244261
0.244261
0.308625
0.308625
0.030140
0.030140
0.065475
0.065475
0.616799
0.616799
0.060738
0.060738
0.072355
0.072355
0.054453
0.054453
0.104200
0.104200
0.128609
0.128609
0.158791
0.158791
0.243154
0.243154
0.122842
0.122842
0.314596
0.314596
0.070202
0.070202
0.419874
0.419874
0.115310
0.115310
0.117000
0.117000
0.042339
0.042339
0.138616
0.138616
0.390903
0.390903
0.091857
0.091857
0.032353
0.032353
0.201078
0.201078
0.225930
0.225930
0.119147
0.119147
0.022219
0.022219
0.057303
0.057303
0.106742
0.106742
0.038678
0.038678
0.278082
0.278082
0.016220
0.016220
0.120757
0.120757
0.097168
0.097168
0.218505
0.218505
0.069844
0.069844
0.481533
0.481533
0.027862
0.027862
0.048226
0.048226
0.142265
0.142265
0.118957
0.118957
0.026359
0.026359
0.361724
0.361724
0.147286
0.147286
0.125134
0.125134
0.240909
0.240909
0.064068
0.064068
0.195218
0.195218
0.154762
0.154762
0.128876
0.128876
0.072334
0.072334
0.292807
0.292807
0.025349
0.025349
0.279217
0.279217
0.148759
0.148759
0.136270
0.136270
0.278910
0.278910
0.136546
0.136546
0.131505
0.131505
0.119987
0.119987
0.068577
0.068577
0.014667
0.014667
0.146142
0.146142
0.194419
0.194419
0.232585
0.232585
0.258257
0.258257
0.066017
0.066017
0.024984
0.024984
0.330257
0.330257
0.014327
0.014327
0.035389
0.035389
0.092747
0.092747
0.218499
0.218499
0.092966
0.092966
0.311253
0.311253
0.131726
0.131726
0.025291
0.025291
0.255939
0.255939
0.071580
0.071580
0.232829
0.232829
0.059003
0.059003
0.138129
0.138129
0.047518
0.047518
0.153394
0.153394
0.176459
0.176459
0.248172
0.248172
0.159214
0.159214
0.100922
0.100922
0.083300
0.083300
0.155909
0.155909
0.541766
0.541766
0.072420
0.072420
0.153929
0.153929
0.089435
0.089435
0.191095
0.191095
0.382316
0.382316
0.020280
0.020280
0.301070
0.301070
0.289196
0.289196
0.060800
0.060800
0.157740
0.157740
0.561913
0.561913
0.102893
0.102893
0.079912
0.079912
0.054917
0.054917
0.505276
0.505276
0.061340
0.061340
0.286141
0.286141
0.039330
0.039330
0.303279
0.303279
0.047894
0.047894
0.121298
0.121298
0.035108
0.035108
0.060489
0.060489
0.074445
0.074445
0.180560
0.180560
0.140420
0.140420
0.224577
0.224577
0.153600
0.153600
0.257889
0.257889
0.428576
0.428576
0.112958
0.112958
0.155568
0.155568
0.174978
0.174978
0.196934
0.196934
0.255491
0.255491
0.356948
0.356948
0.247360
0.247360
0.026435
0.026435
0.055875
0.055875
0.189885
0.189885
0.154119
0.154119
0.181951
0.181951
0.131494
0.131494
0.137050
0.137050
0.130133
0.130133
0.098738
0.098738
0.086159
0.086159
0.050655
0.050655
0.049473
0.049473
0.089745
0.089745
0.137621
0.137621
0.240781
0.240781
0.050680
0.050680
0.241800
0.241800
0.095354
0.095354
0.159008
0.159008
0.039667
0.039667
0.294287
0.294287
0.112374
0.112374
0.040353
0.040353
0.202518
0.202518
0.204561
0.204561
0.159440
0.159440
0.069019
0.069019
0.126814
0.126814
0.228060
0.228060
0.202072
0.202072
0.328469
0.328469
0.415317
0.415317
0.048311
0.048311
0.048824
0.048824
0.042514
0.042514
0.044308
0.044308
0.057711
0.057711
0.211708
0.211708
0.229360
0.229360
0.062730
0.062730
0.206096
0.206096
0.240792
0.240792
0.404844
0.404844
0.082358
0.082358
0.052245
0.052245
0.390494
0.390494
0.378540
0.378540
0.146394
0.146394
0.299401
0.299401
0.049506
0.049506
0.125891
0.125891
0.217992
0.217992
0.245775
0.245775
0.202749
0.202749
0.034575
0.034575
0.115854
0.115854
0.288822
0.288822
0.079899
0.079899
0.078681
0.078681
0.133831
0.133831
0.122148
0.122148
0.090657
0.090657
0.044735
0.044735
0.029900
0.029900
0.092068
0.092068
0.079777
0.079777
0.193500
0.193500
0.060674
0.060674
0.095593
0.095593
0.213318
0.213318
0.308868
0.308868
0.182725
0.182725
0.047549
0.047549
0.248789
0.248789
0.101720
0.101720
0.079176
0.079176
0.052538
0.052538
0.119871
0.119871
0.129817
0.129817
0.055303
0.055303
0.084591
0.084591
0.155114
0.155114
0.328975
0.328975
0.085237
0.085237
0.168319
0.168319
0.310886
0.310886
0.085520
0.085520
0.308563
0.308563
0.069210
0.069210
0.078555
0.078555
0.113617
0.113617
0.219369
0.219369
0.089912
0.089912
0.049021
0.049021
0.089722
0.089722
0.197214
0.197214
0.042060
0.042060
0.065457
0.065457
0.056425
0.056425
0.424962
0.424962
0.027826
0.027826
0.092132
0.092132
0.095632
0.095632
0.096330
0.096330
0.270281
0.270281
0.172073
0.172073
0.357815
0.357815
0.031591
0.031591
0.607576
0.607576
0.137727
0.137727
0.042501
0.042501
0.059791
0.059791
0.054504
0.054504
0.082921
0.082921
0.091901
0.091901
0.041448
0.041448
0.188326
0.188326
0.207466
0.207466
0.011725
0.011725
0.043306
0.043306
0.137550
0.137550
0.319220
0.319220
0.116998
0.116998
0.171994
0.171994
0.153145
0.153145
0.161315
0.161315
0.136286
0.136286
0.192265
0.192265
0.725515
0.725515
0.103093
0.103093
0.076810
0.076810
0.059601
0.059601
0.139354
0.139354
0.142823
0.142823
0.193667
0.193667
0.017620
0.017620
0.158670
0.158670
0.066799
0.066799
0.025372
0.025372
0.086066
0.086066
0.543799
0.543799
0.112290
0.112290
0.153717
0.153717
0.393860
0.393860
0.119357
0.119357
0.040560
0.040560
0.123342
0.123342
0.136265
0.136265
0.430510
0.430510
0.123712
0.123712
0.124597
0.124597
0.080910
0.080910
0.224753
0.224753
0.498191
0.498191
0.050449
0.050449
0.163149
0.163149
0.080579
0.080579
0.018712
0.018712
0.294289
0.294289
0.125371
0.125371
0.006498
0.006498
0.448577
0.448577
0.056121
0.056121
0.050493
0.050493
0.080465
0.080465
0.268664
0.268664
0.072333
0.072333
0.102032
0.102032
0.041752
0.041752
0.033609
0.033609
0.317189
0.317189
0.046029
0.046029
0.065637
0.065637
0.249277
0.249277
0.342749
0.342749
0.159918
0.159918
0.046951
0.046951
0.011393
0.011393
0.192853
0.192853
0.218974
0.218974
0.196842
0.196842
0.279777
0.279777
0.050345
0.050345
0.227624
0.227624
0.196233
0.196233
0.131169
0.131169
0.102731
0.102731
0.074023
0.074023
0.052698
0.052698
0.235025
0.235025
0.082713
0.082713
0.083375
0.083375
0.100194
0.100194
0.176641
0.176641
0.061558
0.061558
0.127888
0.127888
0.085396
0.085396
0.040505
0.040505
0.106188
0.106188
0.189852
0.189852
0.028205
0.028205
0.057120
0.057120
0.116594
0.116594
0.173279
0.173279
0.055670
0.055670
0.105283
0.105283
0.061251
0.061251
0.228628
0.228628
0.055101
0.055101
0.216343
0.216343
0.292647
0.292647
0.075753
0.075753
0.026947
0.026947
0.154636
0.154636
0.079570
0.079570
0.257099
0.257099
0.305317
0.305317
0.031036
0.031036
0.075754
0.075754
0.172780
0.172780
0.174799
0.174799
0.063828
0.063828
0.341186
0.341186
0.066899
0.066899
0.239362
0.239362
0.057941
0.057941
0.056844
0.056844
0.144476
0.144476
0.155538
0.155538
0.070411
0.070411
0.106744
0.106744
0.033983
0.033983
0.203072
0.203072
0.052566
0.052566
0.198883
0.198883
0.273021
0.273021
0.265815
0.265815
0.233754
0.233754
0.034409
0.034409
0.340119
0.340119
0.149060
0.149060
0.270766
0.270766
0.063669
0.063669
0.151288
0.151288
0.042276
0.042276
0.096256
0.096256
0.144829
0.144829
0.206550
0.206550
0.041351
0.041351
0.123794
0.123794
0.163720
0.163720
0.249839
0.249839
0.246686
0.246686
0.312127
0.312127
0.196603
0.196603
0.043962
0.043962
0.045087
0.045087
0.136791
0.136791
0.047068
0.047068
0.139397
0.139397
0.081124
0.081124
0.077757
0.077757
0.269890
0.269890
0.070056
0.070056
0.397347
0.397347
0.031803
0.031803
0.138018
0.138018
0.298034
0.298034
0.095429
0.095429
0.041175
0.041175
0.239450
0.239450
0.192097
0.192097
0.043118
0.043118
0.120271
0.120271
0.178919
0.178919
0.042354
0.042354
0.074843
0.074843
0.265011
0.265011
0.211711
0.211711
0.185837
0.185837
0.107111
0.107111
0.102428
0.102428
0.146997
0.146997
0.133718
0.133718
0.041570
0.041570
0.041146
0.041146
0.306270
0.306270
0.158786
0.158786
0.260297
0.260297
0.080469
0.080469
0.141536
0.141536
0.228433
0.228433
0.059863
0.059863
0.326210
0.326210
0.039755
0.039755
0.536864
0.536864
0.101414
0.101414
0.306412
0.306412
0.117852
0.117852
0.129935
0.129935
0.311993
0.311993
0.213881
0.213881
0.165586
0.165586
0.132029
0.132029
0.092318
0.092318
0.154150
0.154150
0.139779
0.139779
0.039157
0.039157
0.032510
0.032510
0.186797
0.186797
0.196507
0.196507
0.441559
0.441559
0.081354
0.081354
0.161769
0.161769
0.095152
0.095152
0.125789
0.125789
0.144471
0.144471
0.366166
0.366166
0.100792
0.100792
0.454469
0.454469
0.107135
0.107135
0.102647
0.102647
0.741662
0.741662
0.122740
0.122740
0.046701
0.046701
0.100017
0.100017
0.090766
0.090766
0.252002
0.252002
0.126046
0.126046
0.052880
0.052880
0.114347
0.114347
0.388896
0.388896
0.049706
0.049706
0.035423
0.035423
0.213030
0.213030
0.211525
0.211525
0.101966
0.101966
0.435030
0.435030
0.167039
0.167039
0.373540
0.373540
0.051418
0.051418
0.064447
0.064447
0.381423
0.381423
0.053235
0.053235
0.032756
0.032756
0.318200
0.318200
0.151086
0.151086
0.342363
0.342363
0.038517
0.038517
0.060403
0.060403
0.055774
0.055774
0.147852
0.147852
0.234814
0.234814
0.148582
0.148582
0.073928
0.073928
0.156711
0.156711
0.499028
0.499028
0.045662
0.045662
0.053537
0.053537
0.060941
0.060941
0.085302
0.085302
0.040648
0.040648
0.103865
0.103865
0.142760
0.142760
0.042168
0.042168
0.080036
0.080036
0.049679
0.049679
0.418399
0.418399
0.116013
0.116013
0.077973
0.077973
0.337567
0.337567
0.134337
0.134337
0.035117
0.035117
0.003422
0.003422
0.202238
0.202238
0.019886
0.019886
0.129046
0.129046
0.071570
0.071570
0.265528
0.265528
0.154142
0.154142
0.175378
0.175378
0.045058
0.045058
0.057087
0.057087
0.312703
0.312703
0.089948
0.089948
0.197201
0.197201
0.092145
0.092145
0.031081
0.031081
0.736768
0.736768
0.117649
0.117649
0.056570
0.056570
0.195591
0.195591
0.120615
0.120615
0.060073
0.060073
0.426597
0.426597
0.051733
0.051733
0.105631
0.105631
0.071487
0.071487
0.060514
0.060514
0.236920
0.236920
0.419865
0.419865
0.222289
0.222289
0.109499
0.109499
0.276155
0.276155
0.073914
0.073914
0.127664
0.127664
0.175725
0.175725
0.440014
0.440014
0.086221
0.086221
0.067738
0.067738
0.243580
0.243580
0.411618
0.411618
0.049012
0.049012
0.049128
0.049128
0.051220
0.051220
0.091350
0.091350
0.310060
0.310060
0.067086
0.067086
0.211212
0.211212
0.044837
0.044837
0.058219
0.058219
0.150027
0.150027
0.209134
0.209134
0.509406
0.509406
0.139450
0.139450
0.058645
0.058645
0.313398
0.313398
0.238967
0.238967
0.215521
0.215521
0.167102
0.167102
0.157980
0.157980
0.036368
0.036368
0.153915
0.153915
0.283522
0.283522
0.026860
0.026860
0.348881
0.348881
0.158061
0.158061
0.034682
0.034682
0.095162
0.095162
0.047503
0.047503
0.279377
0.279377
0.176109
0.176109
0.489112
0.489112
0.235584
0.235584
0.205363
0.205363
0.103805
0.103805
0.038509
0.038509
0.142643
0.142643
0.155975
0.155975
0.253886
0.253886
0.159707
0.159707
0.271263
0.271263
0.126328
0.126328
0.188926
0.188926
0.071833
0.071833
0.119323
0.119323
0.014058
0.014058
0.400289
0.400289
0.147224
0.147224
0.097079
0.097079
0.046888
0.046888
0.352614
0.352614
0.030810
0.030810
0.321889
0.321889
0.026076
0.026076
0.132494
0.132494
0.238940
0.238940
0.022373
0.022373
0.109288
0.109288
0.165530
0.165530
0.056858
0.056858
0.020018
0.020018
0.267499
0.267499
0.129774
0.129774
0.090215
0.090215
0.068280
0.068280
0.142538
0.142538
0.042242
0.042242
0.017760
0.017760
0.306132
0.306132
0.066835
0.066835
0.215894
0.215894
0.156243
0.156243
0.115184
0.115184
0.106172
0.106172
0.088888
0.088888
0.225908
0.225908
0.185926
0.185926
0.027391
0.027391
0.036143
0.036143
0.289127
0.289127
0.062579
0.062579
0.084188
0.084188
0.297868
0.297868
0.068322
0.068322
0.160876
0.160876
0.029433
0.029433
0.069947
0.069947
0.020989
0.020989
0.068130
0.068130
0.077550
0.077550
0.135755
0.135755
0.241755
0.241755
0.061231
0.061231
0.027512
0.027512
0.098465
0.098465
0.050577
0.050577
0.026728
0.026728
0.046316
0.046316
0.089882
0.089882
0.245199
0.245199
0.142095
0.142095
0.031388
0.031388
0.100755
0.100755
0.035116
0.035116
0.115180
0.115180
0.362324
0.362324
0.108033
0.108033
0.238831
0.238831
0.306417
0.306417
0.462862
0.462862
0.086737
0.086737
0.086687
0.086687
0.033709
0.033709
0.105756
0.105756
0.150552
0.150552
0.161622
0.161622
0.073045
0.073045
0.076140
0.076140
0.119316
0.119316
0.077108
0.077108
0.059005
0.059005
0.044735
0.044735
0.111744
0.111744
0.093073
0.093073
0.202261
0.202261
0.042421
0.042421
0.119195
0.119195
0.077426
0.077426
0.106185
0.106185
0.160271
0.160271
0.029844
0.029844
0.169342
0.169342
0.120136
0.120136
0.094692
0.094692
0.327989
0.327989
0.094444
0.094444
0.030042
0.030042
0.574730
0.574730
0.062862
0.062862
0.159854
0.159854
0.082546
0.082546
0.178123
0.178123
0.303299
0.303299
0.022574
0.022574
0.191536
0.191536
0.170129
0.170129
0.083802
0.083802
0.213568
0.213568
0.139066
0.139066
0.189524
0.189524
0.244271
0.244271
0.371637
0.371637
0.120540
0.120540
0.101588
0.101588
0.040362
0.040362
0.189123
0.189123
0.528427
0.528427
0.298845
0.298845
1.547576
1.547576
0.049011
0.049011
0.307198
0.307198
0.416046
0.416046
0.150687
0.150687
0.142921
0.142921
0.190544
0.190544
0.051984
0.051984
0.231782
0.231782
0.127113
0.127113
0.031568
0.031568
0.062731
0.062731
0.038610
0.038610
0.252644
0.252644
0.052885
0.052885
0.277429
0.277429
0.052910
0.052910
0.131944
0.131944
0.157110
0.157110
0.171759
0.171759
0.055416
0.055416
0.243316
0.243316
0.077881
0.077881
0.092617
0.092617
0.112080
0.112080
0.074584
0.074584
0.050492
0.050492
0.110919
0.110919
0.023312
0.023312
0.030702
0.030702
0.403112
0.403112
0.327540
0.327540
0.223978
0.223978
0.138466
0.138466
0.140036
0.140036
0.232626
0.232626
0.212924
0.212924
0.109940
0.109940
0.240923
0.240923
0.085837
0.085837
0.046712
0.046712
0.098321
0.098321
0.072411
0.072411
0.121935
0.121935
0.041099
0.041099
0.085738
0.085738
0.036812
0.036812
0.039092
0.039092
0.048387
0.048387
0.035703
0.035703
0.052095
0.052095
0.090229
0.090229
0.094061
0.094061
0.081778
0.081778
0.359083
0.359083
0.140410
0.140410
0.137112
0.137112
0.220612
0.220612
0.313252
0.313252
0.172168
0.172168
0.142939
0.142939
0.157889
0.157889
0.067024
0.067024
0.309516
0.309516
0.150764
0.150764
0.156501
0.156501
0.186406
0.186406
0.126364
0.126364
0.290779
0.290779
0.154931
0.154931
0.025685
0.025685
0.200787
0.200787
0.061637
0.061637
0.061238
0.061238
0.098918
0.098918
0.158025
0.158025
0.109441
0.109441
0.069165
0.069165
0.216385
0.216385
0.314345
0.314345
0.335596
0.335596
0.062825
0.062825
0.086034
0.086034
0.201549
0.201549
0.071848
0.071848
0.300132
0.300132
0.077308
0.077308
0.106143
0.106143
0.364507
0.364507
0.176523
0.176523
0.110269
0.110269
0.252741
0.252741
0.130417
0.130417
0.435292
0.435292
0.081140
0.081140
0.371135
0.371135
0.156637
0.156637
0.096167
0.096167
0.357194
0.357194
0.302576
0.302576
0.189108
0.189108
0.381459
0.381459
0.098992
0.098992
0.068694
0.068694
0.072201
0.072201
0.114333
0.114333
0.026483
0.026483
0.232703
0.232703
0.086790
0.086790
0.228619
0.228619
0.063712
0.063712
0.061669
0.061669
0.270568
0.270568
0.018759
0.018759
0.085565
0.085565
0.203592
0.203592
0.050232
0.050232
0.082396
0.082396
0.099336
0.099336
0.062528
0.062528
0.249993
0.249993
0.060471
0.060471
0.220192
0.220192
0.374595
0.374595
0.039799
0.039799
0.411089
0.411089
0.085808
0.085808
0.050226
0.050226
0.102211
0.102211
0.514294
0.514294
0.217982
0.217982
0.216005
0.216005
0.125090
0.125090
0.359735
0.359735
0.076314
0.076314
0.086456
0.086456
0.077611
0.077611
0.163391
0.163391
0.261759
0.261759
0.116315
0.116315
0.069887
0.069887
0.320716
0.320716
0.168268
0.168268
0.041729
0.041729
0.367698
0.367698
0.250355
0.250355
0.060673
0.060673
0.058429
0.058429
0.057963
0.057963
0.322636
0.322636
0.312877
0.312877
0.167445
0.167445
0.195335
0.195335
0.241526
0.241526
0.203216
0.203216
0.245689
0.245689
0.009405
0.009405
0.060081
0.060081
0.108280
0.108280
0.063914
0.063914
0.050777
0.050777
0.212797
0.212797
0.041046
0.041046
0.050254
0.050254
0.117254
0.117254
0.235198
0.235198
0.078174
0.078174
0.126713
0.126713
0.056227
0.056227
0.097559
0.097559
0.181430
0.181430
0.544799
0.544799
0.120888
0.120888
0.207134
0.207134
0.118940
0.118940
0.034058
0.034058
0.067290
0.067290
0.066453
0.066453
0.177487
0.177487
0.099551
0.099551
0.057441
0.057441
0.100793
0.100793
0.241741
0.241741
0.025981
0.025981
0.178738
0.178738
0.091238
0.091238
0.086139
0.086139
0.169432
0.169432
0.091091
0.091091
0.066817
0.066817
0.202752
0.202752
0.218020
0.218020
0.163720
0.163720
0.154777
0.154777
0.142942
0.142942
0.158090
0.158090
0.001112
0.001112
0.156177
0.156177
0.199791
0.199791
0.236039
0.236039
0.085457
0.085457
0.043300
0.043300
0.374891
0.374891
0.057876
0.057876
0.121867
0.121867
0.041555
0.041555
0.217846
0.217846
0.124989
0.124989
0.149418
0.149418
0.052718
0.052718
0.155722
0.155722
0.208848
0.208848
0.115955
0.115955
0.138824
0.138824
0.250789
0.250789
0.029279
0.029279
0.389638
0.389638
0.229763
0.229763
0.145124
0.145124
0.082907
0.082907
0.130739
0.130739
0.191443
0.191443
0.053864
0.053864
0.239868
0.239868
0.099333
0.099333
0.051287
0.051287
0.112393
0.112393
0.135641
0.135641
0.045364
0.045364
0.154965
0.154965
0.281740
0.281740
0.027422
0.027422
0.110536
0.110536
0.045218
0.045218
0.258718
0.258718
0.188603
0.188603
0.082783
0.082783
0.111556
0.111556
0.076432
0.076432
0.062542
0.062542
0.249794
0.249794
0.073173
0.073173
0.057871
0.057871
0.105421
0.105421
0.083061
0.083061
0.230041
0.230041
0.094595
0.094595
0.043086
0.043086
0.211469
0.211469
0.224394
0.224394
0.098374
0.098374
0.063827
0.063827
0.134515
0.134515
0.062524
0.062524
0.116110
0.116110
0.113586
0.113586
0.149249
0.149249
0.166225
0.166225
0.061164
0.061164
0.097908
0.097908
0.390855
0.390855
0.094350
0.094350
0.496264
0.496264
0.100467
0.100467
0.204236
0.204236
0.278085
0.278085
0.227689
0.227689
0.153526
0.153526
0.068894
0.068894
0.346148
0.346148
0.207334
0.207334
0.183425
0.183425
0.140982
0.140982
0.134505
0.134505
0.032824
0.032824
0.036412
0.036412
0.041702
0.041702
0.119778
0.119778
0.266648
0.266648
0.269004
0.269004
0.182379
0.182379
0.116988
0.116988
0.108878
0.108878
0.205909
0.205909
0.053458
0.053458
0.055635
0.055635
0.327155
0.327155
0.124537
0.124537
0.041563
0.041563
0.116317
0.116317
0.109053
0.109053
0.066743
0.066743
0.053099
0.053099
0.056699
0.056699
0.424484
0.424484
0.182801
0.182801
0.027853
0.027853
0.043221
0.043221
0.159082
0.159082
0.341902
0.341902
0.087948
0.087948
0.118469
0.118469
0.276480
0.276480
0.112276
0.112276
0.231380
0.231380
0.212631
0.212631
0.187349
0.187349
0.334876
0.334876
0.134654
0.134654
0.024719
0.024719
0.181852
0.181852
0.154691
0.154691
0.052882
0.052882
0.407381
0.407381
0.087060
0.087060
0.235225
0.235225
0.089862
0.089862
0.097670
0.097670
0.117827
0.117827
0.279463
0.279463
0.055668
0.055668
0.048450
0.048450
0.170094
0.170094
0.572920
0.572920
0.190384
0.190384
0.225920
0.225920
0.236956
0.236956
0.441423
0.441423
0.058426
0.058426
0.113561
0.113561
0.168035
0.168035
0.149036
0.149036
0.044888
0.044888
0.128049
0.128049
0.112179
0.112179
0.042913
0.042913
0.420996
0.420996
0.038373
0.038373
0.319799
0.319799
0.079285
0.079285
0.138238
0.138238
0.087698
0.087698
0.090487
0.090487
0.100203
0.100203
0.042135
0.042135
0.097502
0.097502
0.083343
0.083343
0.081231
0.081231
0.033140
0.033140
0.417383
0.417383
0.055464
0.055464
0.160798
0.160798
0.175052
0.175052
0.038655
0.038655
0.235178
0.235178
0.125219
0.125219
0.046620
0.046620
0.348389
0.348389
0.027051
0.027051
0.647860
0.647860
0.078228
0.078228
0.167603
0.167603
0.095423
0.095423
0.047755
0.047755
0.213550
0.213550
0.093392
0.093392
0.090526
0.090526
0.062902
0.062902
0.142372
0.142372
0.091242
0.091242
0.189977
0.189977
0.039584
0.039584
0.076809
0.076809
0.206054
0.206054
0.316665
0.316665
0.103719
0.103719
0.175133
0.175133
0.298642
0.298642
0.114097
0.114097
0.315454
0.315454
0.359038
0.359038
0.235767
0.235767
0.080467
0.080467
0.132018
0.132018
0.050661
0.050661
0.219177
0.219177
0.289419
0.289419
0.228216
0.228216
0.025490
0.025490
0.085639
0.085639
0.143625
0.143625
0.097905
0.097905
0.000180
0.000180
0.177953
0.177953
0.022652
0.022652
0.100538
0.100538
0.238824
0.238824
0.179629
0.179629
0.078396
0.078396
0.116736
0.116736
0.152500
0.152500
0.041436
0.041436
0.127811
0.127811
0.083811
0.083811
0.145673
0.145673
0.080053
0.080053
0.195583
0.195583
0.377092
0.377092
0.284141
0.284141
0.052828
0.052828
0.060450
0.060450
0.103759
0.103759
0.095148
0.095148
0.258831
0.258831
0.109292
0.109292
0.285951
0.285951
0.063937
0.063937
0.047635
0.047635
0.058921
0.058921
0.420048
0.420048
0.159610
0.159610
0.084472
0.084472
0.194566
0.194566
0.040138
0.040138
0.323743
0.323743
0.042980
0.042980
0.258061
0.258061
0.116612
0.116612
0.113696
0.113696
0.227115
0.227115
0.039573
0.039573
0.078683
0.078683
0.069497
0.069497
0.064147
0.064147
0.126942
0.126942
0.188776
0.188776
0.086198
0.086198
0.117491
0.117491
0.229701
0.229701
0.099339
0.099339
0.066864
0.066864
0.072291
0.072291
0.153550
0.153550
0.170980
0.170980
0.265539
0.265539
0.179682
0.179682
0.047153
0.047153
0.300627
0.300627
0.055692
0.055692
0.363424
0.363424
0.247607
0.247607
0.078474
0.078474
0.082422
0.082422
0.044788
0.044788
0.205399
0.205399
0.074344
0.074344
0.223428
0.223428
0.192511
0.192511
0.109008
0.109008
0.326130
0.326130
0.103030
0.103030
0.200107
0.200107
0.517828
0.517828
0.120812
0.120812
0.018789
0.018789
0.316173
0.316173
0.053877
0.053877
0.301652
0.301652
0.088309
0.088309
0.126423
0.126423
0.219628
0.219628
0.059165
0.059165
0.348877
0.348877
0.025094
0.025094
0.164185
0.164185
0.060495
0.060495
0.073807
0.073807
0.067141
0.067141
0.139099
0.139099
0.280649
0.280649
0.193813
0.193813
0.503962
0.503962
0.070775
0.070775
0.232224
0.232224
0.206941
0.206941
0.174735
0.174735
0.058822
0.058822
0.053325
0.053325
0.067999
0.067999
0.193301
0.193301
0.290244
0.290244
0.022334
0.022334
0.172800
0.172800
0.094002
0.094002
0.318739
0.318739
0.112784
0.112784
0.324048
0.324048
0.063299
0.063299
0.149160
0.149160
0.209022
0.209022
0.064734
0.064734
0.206013
0.206013
0.054446
0.054446
0.094604
0.094604
0.093892
0.093892
0.040539
0.040539
0.303469
0.303469
0.082742
0.082742
0.108276
0.108276
0.356981
0.356981
0.103879
0.103879
0.518978
0.518978
0.035549
0.035549
0.042618
0.042618
0.086826
0.086826
0.010301
0.010301
0.217325
0.217325
0.043591
0.043591
0.261870
0.261870
0.110053
0.110053
0.084535
0.084535
0.216355
0.216355
0.275147
0.275147
0.202916
0.202916
0.136034
0.136034
0.172597
0.172597
0.252112
0.252112
0.027797
0.027797
0.077452
0.077452
0.140837
0.140837
0.075204
0.075204
0.095066
0.095066
0.349179
0.349179
0.128929
0.128929
0.043625
0.043625
0.095039
0.095039
0.018625
0.018625
0.492547
0.492547
0.138196
0.138196
0.071199
0.071199
0.130119
0.130119
0.032592
0.032592
0.070374
0.070374
0.061320
0.061320
0.049578
0.049578
0.285939
0.285939
0.247069
0.247069
0.229162
0.229162
0.076994
0.076994
0.173827
0.173827
0.305565
0.305565
0.071135
0.071135
0.080304
0.080304
0.306290
0.306290
0.185493
0.185493
0.064652
0.064652
0.496701
0.496701
0.125916
0.125916
0.033517
0.033517
0.101144
0.101144
0.226425
0.226425
0.104675
0.104675
0.473208
0.473208
0.249057
0.249057
0.189657
0.189657
0.028757
0.028757
0.126535
0.126535
0.110116
0.110116
0.036041
0.036041
0.215346
0.215346
0.033353
0.033353
0.030550
0.030550
0.049163
0.049163
0.073068
0.073068
0.081747
0.081747
0.541228
0.541228
0.041522
0.041522
0.149258
0.149258
0.157235
0.157235
0.047605
0.047605
0.073789
0.073789
0.142946
0.142946
0.079594
0.079594
0.194421
0.194421
0.251305
0.251305
0.084358
0.084358
0.026481
0.026481
0.052433
0.052433
0.189482
0.189482
0.081265
0.081265
0.091641
0.091641
0.156505
0.156505
0.135833
0.135833
0.178327
0.178327
0.037606
0.037606
0.115366
0.115366
0.519646
0.519646
0.199303
0.199303
0.488895
0.488895
0.015896
0.015896
0.228614
0.228614
0.147493
0.147493
0.149367
0.149367
0.101326
0.101326
0.300188
0.300188
0.074762
0.074762
0.298709
0.298709
0.084353
0.084353
0.351510
0.351510
0.190935
0.190935
0.255053
0.255053
0.077823
0.077823
0.071380
0.071380
0.285059
0.285059
0.066469
0.066469
0.199423
0.199423
0.023345
0.023345
0.414215
0.414215
0.365125
0.365125
0.064756
0.064756
0.047076
0.047076
0.051648
0.051648
0.172378
0.172378
0.172593
0.172593
0.297292
0.297292
0.261053
0.261053
0.070445
0.070445
0.099815
0.099815
0.085097
0.085097
0.063845
0.063845
0.320419
0.320419
0.172695
0.172695
0.100620
0.100620
0.119738
0.119738
0.055255
0.055255
0.118965
0.118965
0.067940
0.067940
0.192956
0.192956
0.026547
0.026547
0.392046
0.392046
0.053105
0.053105
0.059161
0.059161
0.253964
0.253964
0.141597
0.141597
0.339281
0.339281
0.151313
0.151313
0.045097
0.045097
0.044784
0.044784
0.442783
0.442783
0.055450
0.055450
0.117828
0.117828
0.211679
0.211679
0.050097
0.050097
0.131089
0.131089
0.151132
0.151132
0.173568
0.173568
0.039032
0.039032
0.123780
0.123780
0.139049
0.139049
0.112626
0.112626
0.048250
0.048250
0.130399
0.130399
0.037385
0.037385
0.134528
0.134528
0.128651
0.128651
0.200966
0.200966
0.133634
0.133634
0.196319
0.196319
0.188586
0.188586
0.037901
0.037901
0.092720
0.092720
0.118615
0.118615
0.114543
0.114543
0.021824
0.021824
0.233373
0.233373
0.141668
0.141668
0.175469
0.175469
0.085367
0.085367
0.232805
0.232805
0.081843
0.081843
0.251551
0.251551
0.265467
0.265467
0.094410
0.094410
0.077724
0.077724
0.262325
0.262325
0.075323
0.075323
0.048350
0.048350
0.034529
0.034529
0.059854
0.059854
0.212760
0.212760
0.109211
0.109211
0.277496
0.277496
0.047433
0.047433
0.221326
0.221326
0.124861
0.124861
0.152072
0.152072
0.275322
0.275322
0.060805
0.060805
0.259262
0.259262
0.063637
0.063637
0.159028
0.159028
0.301636
0.301636
0.050362
0.050362
0.127666
0.127666
0.061536
0.061536
0.056283
0.056283
0.078318
0.078318
0.149410
0.149410
0.452763
0.452763
0.687484
0.687484
0.135282
0.135282
0.082615
0.082615
0.048575
0.048575
0.248678
0.248678
0.105403
0.105403
0.041804
0.041804
0.093195
0.093195
0.036967
0.036967
0.188762
0.188762
0.256067
0.256067
0.076819
0.076819
0.027230
0.027230
0.095851
0.095851
0.083130
0.083130
0.071669
0.071669
0.101868
0.101868
0.393187
0.393187
0.187675
0.187675
0.071961
0.071961
0.155986
0.155986
0.024738
0.024738
0.091142
0.091142
0.097015
0.097015
0.156036
0.156036
0.247720
0.247720
0.021302
0.021302
0.037035
0.037035
0.279468
0.279468
0.327187
0.327187
0.034962
0.034962
0.338193
0.338193
0.096738
0.096738
0.101800
0.101800
0.340460
0.340460
0.041302
0.041302
0.260070
0.260070
0.092680
0.092680
0.227805
0.227805
0.070912
0.070912
0.074949
0.074949
0.051281
0.051281
0.039488
0.039488
0.258633
0.258633
0.186185
0.186185
0.177639
0.177639
0.217290
0.217290
0.136184
0.136184
0.109896
0.109896
0.170098
0.170098
0.212105
0.212105
0.311520
0.311520
0.085675
0.085675
0.082457
0.082457
0.114072
0.114072
0.155943
0.155943
0.209035
0.209035
0.229135
0.229135
0.053689
0.053689
0.511240
0.511240
0.128077
0.128077
0.241149
0.241149
0.022795
0.022795
0.062685
0.062685
0.104563
0.104563
0.163372
0.163372
0.010484
0.010484
0.059152
0.059152
0.136524
0.136524
0.376412
0.376412
0.109859
0.109859
0.128594
0.128594
0.080994
0.080994
0.189404
0.189404
0.039731
0.039731
0.000078
0.000078
0.122588
0.122588
0.114206
0.114206
0.087467
0.087467
0.211438
0.211438
0.036083
0.036083
0.094467
0.094467
0.032749
0.032749
0.368149
0.368149
0.140799
0.140799
0.048820
0.048820
0.180128
0.180128
0.265189
0.265189
0.251438
0.251438
0.580578
0.580578
0.118305
0.118305
0.043215
0.043215
0.105105
0.105105
0.426329
0.426329
0.290972
0.290972
0.029034
0.029034
0.215658
0.215658
0.618331
0.618331
0.279404
0.279404
0.032063
0.032063
0.050990
0.050990
0.132615
0.132615
0.093805
0.093805
0.218210
0.218210
0.168150
0.168150
0.081539
0.081539
0.080554
0.080554
0.191419
0.191419
0.309182
0.309182
0.032764
0.032764
0.080832
0.080832
0.160442
0.160442
0.075972
0.075972
0.139548
0.139548
0.530250
0.530250
0.167695
0.167695
0.095824
0.095824
0.415015
0.415015
0.113204
0.113204
0.051707
0.051707
0.306338
0.306338
0.213149
0.213149
0.066053
0.066053
0.018837
0.018837
0.124501
0.124501
0.047606
0.047606
0.103302
0.103302
0.115999
0.115999
0.302586
0.302586
0.113064
0.113064
0.064692
0.064692
0.088581
0.088581
0.091495
0.091495
0.368129
0.368129
0.129976
0.129976
0.066775
0.066775
0.202704
0.202704
0.081560
0.081560
0.161691
0.161691
0.075302
0.075302
0.281676
0.281676
0.027092
0.027092
0.103119
0.103119
0.018609
0.018609
0.112514
0.112514
0.083351
0.083351
0.177121
0.177121
0.158795
0.158795
0.030804
0.030804
0.035246
0.035246
0.243722
0.243722
0.503384
0.503384
0.106472
0.106472
0.033857
0.033857
0.222648
0.222648
0.133587
0.133587
0.044877
0.044877
0.082309
0.082309
0.096624
0.096624
0.121361
0.121361
0.071145
0.071145
0.101126
0.101126
0.149119
0.149119
0.102742
0.102742
0.139543
0.139543
0.061356
0.061356
0.266109
0.266109
0.040828
0.040828
0.105862
0.105862
0.095141
0.095141
0.179752
0.179752
0.341436
0.341436
0.038057
0.038057
0.061288
0.061288
0.051194
0.051194
0.061501
0.061501
0.049462
0.049462
0.018693
0.018693
0.143717
0.143717
0.345001
0.345001
0.067677
0.067677
0.156432
0.156432
0.443507
0.443507
0.056630
0.056630
0.137354
0.137354
0.188243
0.188243
0.315876
0.315876
0.238992
0.238992
0.198121
0.198121
0.069812
0.069812
0.338827
0.338827
0.063798
0.063798
0.205158
0.205158
0.029023
0.029023
0.066434
0.066434
0.061451
0.061451
0.223714
0.223714
0.058556
0.058556
0.253574
0.253574
0.213285
0.213285
0.089112
0.089112
0.192317
0.192317
0.074079
0.074079
0.083493
0.083493
0.032856
0.032856
0.235868
0.235868
0.054499
0.054499
0.020852
0.020852
0.155676
0.155676
0.085286
0.085286
0.351826
0.351826
0.021787
0.021787
0.140725
0.140725
0.085447
0.085447
0.378624
0.378624
0.075585
0.075585
0.048241
0.048241
0.077978
0.077978
0.136466
0.136466
0.403471
0.403471
0.032821
0.032821
0.135308
0.135308
0.645514
0.645514
0.153230
0.153230
0.183088
0.183088
0.129681
0.129681
0.050799
0.050799
0.249966
0.249966
0.127321
0.127321
0.082265
0.082265
0.068260
0.068260
0.175901
0.175901
0.024851
0.024851
0.164715
0.164715
0.172741
0.172741
0.147792
0.147792
0.193080
0.193080
0.186722
0.186722
0.121120
0.121120
0.035994
0.035994
0.050323
0.050323
0.134247
0.134247
0.067931
0.067931
0.157152
0.157152
0.163377
0.163377
0.197319
0.197319
0.348660
0.348660
0.370710
0.370710
0.113832
0.113832
0.095707
0.095707
0.123011
0.123011
0.232134
0.232134
0.139251
0.139251
0.034776
0.034776
0.044608
0.044608
0.038025
0.038025
0.153629
0.153629
0.333590
0.333590
0.279524
0.279524
0.195622
0.195622
0.131398
0.131398
0.090721
0.090721
0.085451
0.085451
0.062908
0.062908
0.054151
0.054151
0.489730
0.489730
0.141941
0.141941
0.037985
0.037985
0.031579
0.031579
0.084529
0.084529
0.293224
0.293224
0.000188
0.000188
0.111294
0.111294
0.507638
0.507638
0.059645
0.059645
0.089949
0.089949
0.102021
0.102021
0.181538
0.181538
0.318548
0.318548
0.070551
0.070551
0.092149
0.092149
0.085141
0.085141
0.041194
0.041194
0.071296
0.071296
0.114026
0.114026
0.059716
0.059716
0.103765
0.103765
0.293226
0.293226
0.242770
0.242770
0.061044
0.061044
0.045980
0.045980
0.102793
0.102793
0.189022
0.189022
0.054411
0.054411
0.060563
0.060563
0.065439
0.065439
0.243746
0.243746
0.057885
0.057885
0.042180
0.042180
0.243726
0.243726
0.310508
0.310508
0.064063
0.064063
0.294600
0.294600
0.095131
0.095131
0.117553
0.117553
0.066329
0.066329
0.254189
0.254189
0.683080
0.683080
0.214163
0.214163
0.092082
0.092082
0.037013
0.037013
0.110607
0.110607
0.040045
0.040045
0.398066
0.398066
0.105283
0.105283
0.537749
0.537749
0.021775
0.021775
0.148893
0.148893
0.190819
0.190819
0.089215
0.089215
0.135384
0.135384
0.182324
0.182324
0.020209
0.020209
0.071618
0.071618
0.311402
0.311402
0.047125
0.047125
0.144195
0.144195
0.056464
0.056464
0.054023
0.054023
0.093675
0.093675
0.023117
0.023117
0.133869
0.133869
0.019334
0.019334
0.066649
0.066649
0.027376
0.027376
0.204255
0.204255
0.041484
0.041484
0.210722
0.210722
0.177143
0.177143
0.187482
0.187482
0.081477
0.081477
0.076338
0.076338
0.272636
0.272636
0.024565
0.024565
0.342300
0.342300
0.176191
0.176191
0.464746
0.464746
0.187083
0.187083
0.140902
0.140902
0.088365
0.088365
0.027180
0.027180
0.062411
0.062411
0.148045
0.148045
0.220550
0.220550
0.028447
0.028447
0.144974
0.144974
0.070325
0.070325
0.141398
0.141398
0.043288
0.043288
0.065742
0.065742
0.717211
0.717211
0.162329
0.162329
0.044009
0.044009
0.078289
0.078289
0.130653
0.130653
0.400590
0.400590
0.095928
0.095928
0.083647
0.083647
0.128513
0.128513
0.190020
0.190020
0.213547
0.213547
0.101603
0.101603
0.222526
0.222526
0.045135
0.045135
0.550420
0.550420
0.047998
0.047998
0.173035
0.173035
0.274086
0.274086
0.148390
0.148390
0.067924
0.067924
0.175952
0.175952
0.181840
0.181840
0.393352
0.393352
0.287857
0.287857
0.087322
0.087322
0.105144
0.105144
0.017733
0.017733
0.086922
0.086922
0.106077
0.106077
0.254786
0.254786
0.473355
0.473355
0.169694
0.169694
0.023461
0.023461
0.317094
0.317094
0.107740
0.107740
0.071347
0.071347
0.091669
0.091669
0.325105
0.325105
0.274399
0.274399
0.084602
0.084602
0.045635
0.045635
0.092678
0.092678
0.150784
0.150784
0.343489
0.343489
0.060077
0.060077
0.044579
0.044579
0.207752
0.207752
0.154994
0.154994
0.231444
0.231444
0.153381
0.153381
0.045676
0.045676
0.215081
0.215081
0.212999
0.212999
0.093935
0.093935
0.060175
0.060175
0.049213
0.049213
0.161530
0.161530
0.044441
0.044441
0.366444
0.366444
0.189256
0.189256
0.641484
0.641484
0.060689
0.060689
0.041377
0.041377
0.033900
0.033900
0.155915
0.155915
0.096024
0.096024
0.330917
0.330917
0.281295
0.281295
0.093438
0.093438
0.202429
0.202429
0.079755
0.079755
0.134734
0.134734
0.057733
0.057733
0.050652
0.050652
0.092761
0.092761
0.173209
0.173209
0.139743
0.139743
0.084097
0.084097
0.191057
0.191057
0.016113
0.016113
0.105617
0.105617
0.044299
0.044299
0.119618
0.119618
0.089881
0.089881
0.136628
0.136628
0.213408
0.213408
0.163393
0.163393
0.074270
0.074270
0.116551
0.116551
0.249556
0.249556
0.133168
0.133168
0.091856
0.091856
0.255657
0.255657
0.035233
0.035233
0.087564
0.087564
0.056744
0.056744
0.202732
0.202732
0.068706
0.068706
0.266309
0.266309
0.027165
0.027165
0.047601
0.047601
0.110113
0.110113
0.113471
0.113471
0.147200
0.147200
0.464086
0.464086
0.143834
0.143834
0.169803
0.169803
3.326084
3.326084
0.134284
0.134284
0.084683
0.084683
0.189625
0.189625
0.100403
0.100403
0.027761
0.027761
0.012852
0.012852
0.160720
0.160720
0.211937
0.211937
0.043298
0.043298
0.072872
0.072872
0.404800
0.404800
0.039884
0.039884
0.221088
0.221088
0.219475
0.219475
0.026567
0.026567
0.044763
0.044763
0.202444
0.202444
0.439982
0.439982
0.258739
0.258739
0.312516
0.312516
0.098788
0.098788
0.097503
0.097503
0.250099
0.250099
0.110264
0.110264
0.193270
0.193270
0.191264
0.191264
0.081093
0.081093
0.105355
0.105355
0.132983
0.132983
0.136486
0.136486
0.075285
0.075285
0.359056
0.359056
0.034888
0.034888
0.058050
0.058050
0.611911
0.611911
0.024727
0.024727
0.401342
0.401342
0.072307
0.072307
0.032240
0.032240
0.093734
0.093734
0.051849
0.051849
0.064590
0.064590
0.018710
0.018710
0.034730
0.034730
0.175168
0.175168
0.332246
0.332246
0.075027
0.075027
0.022648
0.022648
0.137520
0.137520
0.487548
0.487548
0.453871
0.453871
0.276096
0.276096
0.101644
0.101644
0.035509
0.035509
0.089083
0.089083
0.437837
0.437837
0.073905
0.073905
0.028350
0.028350
0.023066
0.023066
0.321290
0.321290
0.143645
0.143645
0.088495
0.088495
0.222755
0.222755
0.187492
0.187492
0.132110
0.132110
0.152715
0.152715
0.027516
0.027516
0.098415
0.098415
0.076227
0.076227
0.028103
0.028103
0.204273
0.204273
0.080594
0.080594
0.057396
0.057396
0.100347
0.100347
0.048450
0.048450
0.080604
0.080604
0.095990
0.095990
0.214711
0.214711
0.022652
0.022652
0.130332
0.130332
0.303180
0.303180
0.159980
0.159980
0.108175
0.108175
0.024681
0.024681
0.113106
0.113106
0.048334
0.048334
0.059189
0.059189
0.092849
0.092849
0.199057
0.199057
0.055274
0.055274
0.217039
0.217039
0.094883
0.094883
0.238236
0.238236
0.200586
0.200586
0.170870
0.170870
0.230136
0.230136
0.085157
0.085157
0.189608
0.189608
0.174737
0.174737
0.411006
0.411006
0.023657
0.023657
0.236980
0.236980
0.050113
0.050113
0.059254
0.059254
0.195422
0.195422
0.050501
0.050501
0.035240
0.035240
0.130041
0.130041
0.313939
0.313939
0.096821
0.096821
0.035925
0.035925
0.044825
0.044825
0.124314
0.124314
0.141466
0.141466
0.133873
0.133873
0.270634
0.270634
0.110826
0.110826
0.670827
0.670827
0.059173
0.059173
0.222593
0.222593
0.159104
0.159104
0.259489
0.259489
0.051724
0.051724
0.135219
0.135219
0.042172
0.042172
0.062842
0.062842
0.079540
0.079540
0.043372
0.043372
0.108738
0.108738
0.089859
0.089859
0.357758
0.357758
0.042587
0.042587
0.094238
0.094238
0.061415
0.061415
0.129727
0.129727
0.102162
0.102162
0.182610
0.182610
0.030480
0.030480
0.219362
0.219362
0.034366
0.034366
0.029648
0.029648
0.197572
0.197572
0.307765
0.307765
0.222229
0.222229
0.066190
0.066190
0.029982
0.029982
0.175192
0.175192
0.416939
0.416939
0.069553
0.069553
0.322150
0.322150
0.277021
0.277021
0.128577
0.128577
0.082617
0.082617
0.044152
0.044152
0.020760
0.020760
0.064184
0.064184
0.031030
0.031030
0.258143
0.258143
0.074273
0.074273
0.361882
0.361882
0.172026
0.172026
0.107039
0.107039
0.060860
0.060860
0.418522
0.418522
0.042790
0.042790
0.434329
0.434329
0.113130
0.113130
0.272099
0.272099
0.174536
0.174536
0.152170
0.152170
0.266483
0.266483
0.107015
0.107015
0.151135
0.151135
0.062452
0.062452
0.106592
0.106592
0.050614
0.050614
0.076233
0.076233
0.070793
0.070793
0.244492
0.244492
0.084390
0.084390
0.092374
0.092374
0.090041
0.090041
0.153105
0.153105
0.059765
0.059765
0.211949
0.211949
0.168206
0.168206
0.214803
0.214803
0.245197
0.245197
0.210204
0.210204
0.103820
0.103820
0.063074
0.063074
0.324724
0.324724
0.424761
0.424761
0.065034
0.065034
0.043979
0.043979
0.000604
0.000604
0.095472
0.095472
0.049219
0.049219
0.356695
0.356695
0.132688
0.132688
0.057206
0.057206
0.075499
0.075499
0.129819
0.129819
0.060842
0.060842
0.224492
0.224492
0.030948
0.030948
0.065407
0.065407
0.240955
0.240955
0.376534
0.376534
0.346488
0.346488
0.097805
0.097805
0.210311
0.210311
0.080780
0.080780
0.067164
0.067164
0.067255
0.067255
0.040581
0.040581
0.197309
0.197309
0.093511
0.093511
0.201407
0.201407
0.112462
0.112462
0.084556
0.084556
0.579400
0.579400
0.271113
0.271113
0.210496
0.210496
0.298436
0.298436
0.127263
0.127263
0.399143
0.399143
0.106977
0.106977
0.162268
0.162268
0.055560
0.055560
0.233447
0.233447
0.072572
0.072572
0.127758
0.127758
0.045626
0.045626
0.123651
0.123651
0.040353
0.040353
0.096773
0.096773
0.094518
0.094518
0.296038
0.296038
0.259964
0.259964
0.075824
0.075824
0.050785
0.050785
0.081183
0.081183
0.168386
0.168386
0.133807
0.133807
0.020473
0.020473
0.298017
0.298017
0.034916
0.034916
0.089415
0.089415
0.269348
0.269348
0.057463
0.057463
0.305464
0.305464
0.109681
0.109681
0.305346
0.305346
0.062773
0.062773
0.073948
0.073948
0.129918
0.129918
0.055990
0.055990
0.319367
0.319367
0.190437
0.190437
0.083794
0.083794
0.094885
0.094885
0.146870
0.146870
0.155662
0.155662
0.060097
0.060097
0.032852
0.032852
0.103065
0.103065
0.083530
0.083530
0.212982
0.212982
0.199646
0.199646
0.127602
0.127602
0.159044
0.159044
0.108206
0.108206
0.168847
0.168847
0.040544
0.040544
0.091353
0.091353
0.058989
0.058989
0.065377
0.065377
0.114121
0.114121
0.424680
0.424680
0.056703
0.056703
0.077784
0.077784
0.099016
0.099016
0.224962
0.224962
0.105917
0.105917
0.062247
0.062247
0.111236
0.111236
0.110665
0.110665
0.075097
0.075097
0.130269
0.130269
0.310630
0.310630
0.493338
0.493338
0.022102
0.022102
0.278471
0.278471
0.069798
0.069798
0.099694
0.099694
0.439221
0.439221
0.203815
0.203815
0.191872
0.191872
0.059790
0.059790
0.104789
0.104789
0.073722
0.073722
0.070921
0.070921
0.210666
0.210666
0.050972
0.050972
0.055328
0.055328
0.043719
0.043719
0.093225
0.093225
0.043750
0.043750
0.315110
0.315110
0.062994
0.062994
0.073302
0.073302
0.036057
0.036057
0.217114
0.217114
0.095408
0.095408
0.493617
0.493617
0.182824
0.182824
0.339585
0.339585
0.152701
0.152701
0.163481
0.163481
0.122684
0.122684
0.083726
0.083726
0.086407
0.086407
0.708882
0.708882
0.128457
0.128457
0.396803
0.396803
0.071446
0.071446
0.393653
0.393653
0.136755
0.136755
0.216570
0.216570
0.511598
0.511598
0.099399
0.099399
0.037433
0.037433
0.054049
0.054049
0.151658
0.151658
0.200746
0.200746
0.126059
0.126059
0.148057
0.148057
0.169895
0.169895
0.145500
0.145500
0.025425
0.025425
0.024484
0.024484
0.242769
0.242769
0.067287
0.067287
0.101354
0.101354
0.112316
0.112316
0.017833
0.017833
0.250900
0.250900
0.256099
0.256099
0.079355
0.079355
0.056761
0.056761
0.086960
0.086960
0.373223
0.373223
0.022862
0.022862
0.232484
0.232484
0.201822
0.201822
0.175457
0.175457
0.018394
0.018394
0.119793
0.119793
0.130144
0.130144
0.098785
0.098785
0.055615
0.055615
0.122906
0.122906
0.050493
0.050493
0.049614
0.049614
0.028078
0.028078
0.124383
0.124383
0.129795
0.129795
0.262540
0.262540
0.119086
0.119086
0.159560
0.159560
0.305806
0.305806
0.236363
0.236363
0.350838
0.350838
0.091983
0.091983
0.069377
0.069377
0.117788
0.117788
0.060750
0.060750
0.093685
0.093685
0.053537
0.053537
0.041198
0.041198
0.064660
0.064660
0.056787
0.056787
0.113205
0.113205
0.238670
0.238670
0.129490
0.129490
0.479672
0.479672
0.141880
0.141880
0.033602
0.033602
0.111579
0.111579
0.131340
0.131340
0.010565
0.010565
0.037824
0.037824
0.438779
0.438779
0.272014
0.272014
0.393840
0.393840
0.127346
0.127346
0.218604
0.218604
0.028968
0.028968
0.103484
0.103484
0.032739
0.032739
0.205146
0.205146
0.076612
0.076612
0.357273
0.357273
0.191308
0.191308
0.203081
0.203081
0.073700
0.073700
0.147329
0.147329
0.033186
0.033186
0.093205
0.093205
0.060985
0.060985
0.191216
0.191216
0.051425
0.051425
0.027038
0.027038
0.042804
0.042804
0.180518
0.180518
0.329014
0.329014
0.198083
0.198083
0.183600
0.183600
0.068573
0.068573
0.390290
0.390290
0.036909
0.036909
0.197944
0.197944
0.057026
0.057026
0.171341
0.171341
0.317105
0.317105
0.129681
0.129681
0.059119
0.059119
0.067326
0.067326
0.118276
0.118276
0.098091
0.098091
0.218170
0.218170
0.080851
0.080851
0.024277
0.024277
0.066140
0.066140
0.066284
0.066284
0.093002
0.093002
0.093019
0.093019
0.342796
0.342796
0.216910
0.216910
0.597227
0.597227
0.145418
0.145418
0.184948
0.184948
0.300923
0.300923
0.115746
0.115746
0.187011
0.187011
0.084358
0.084358
0.039863
0.039863
0.122311
0.122311
0.111327
0.111327
0.113606
0.113606
0.404845
0.404845
0.035940
0.035940
0.410490
0.410490
0.348212
0.348212
0.224471
0.224471
0.075769
0.075769
0.104420
0.104420
0.158161
0.158161
0.128116
0.128116
0.147564
0.147564
0.116781
0.116781
0.248783
0.248783
0.072853
0.072853
0.307161
0.307161
0.159161
0.159161
0.046604
0.046604
0.374141
0.374141
0.158170
0.158170
0.077498
0.077498
0.024950
0.024950
0.062074
0.062074
0.535963
0.535963
0.247096
0.247096
0.223451
0.223451
0.031721
0.031721
0.046827
0.046827
0.122080
0.122080
0.197526
0.197526
0.210113
0.210113
0.035994
0.035994
0.203996
0.203996
0.738927
0.738927
0.123957
0.123957
0.160478
0.160478
0.090738
0.090738
0.043074
0.043074
0.133157
0.133157
0.218776
0.218776
0.110872
0.110872
0.165064
0.165064
0.018102
0.018102
0.080709
0.080709
0.042620
0.042620
0.101294
0.101294
0.119614
0.119614
0.078518
0.078518
0.057231
0.057231
0.115396
0.115396
0.119064
0.119064
0.132608
0.132608
0.092042
0.092042
0.048887
0.048887
0.229556
0.229556
0.084644
0.084644
0.234370
0.234370
0.432649
0.432649
0.063976
0.063976
0.069574
0.069574
0.098408
0.098408
0.243978
0.243978
0.254011
0.254011
0.094379
0.094379
0.209951
0.209951
0.076763
0.076763
0.114465
0.114465
0.182951
0.182951
0.230891
0.230891
0.114096
0.114096
0.050499
0.050499
0.184762
0.184762
0.277147
0.277147
0.094970
0.094970
0.119565
0.119565
0.206795
0.206795
0.059041
0.059041
0.104858
0.104858
0.131888
0.131888
0.182897
0.182897
0.057810
0.057810
0.168369
0.168369
0.125821
0.125821
0.117180
0.117180
0.097570
0.097570
0.572803
0.572803
0.088882
0.088882
0.070594
0.070594
0.197942
0.197942
0.047006
0.047006
0.090734
0.090734
0.151413
0.151413
0.131402
0.131402
0.039256
0.039256
0.118192
0.118192
0.107991
0.107991
0.066189
0.066189
0.069317
0.069317
0.185982
0.185982
0.353119
0.353119
0.204822
0.204822
0.085486
0.085486
0.085138
0.085138
0.417132
0.417132
0.094236
0.094236
0.220827
0.220827
0.045589
0.045589
0.099732
0.099732
0.384897
0.384897
0.050596
0.050596
0.049015
0.049015
0.044150
0.044150
0.165058
0.165058
0.153806
0.153806
0.057771
0.057771
0.035631
0.035631
0.040913
0.040913
0.086026
0.086026
0.033207
0.033207
0.270381
0.270381
0.208247
0.208247
0.024533
0.024533
0.220230
0.220230
0.117316
0.117316
0.122863
0.122863
0.079852
0.079852
0.047532
0.047532
0.027527
0.027527
0.116657
0.116657
0.558273
0.558273
0.095684
0.095684
0.053870
0.053870
0.110016
0.110016
0.073739
0.073739
0.257777
0.257777
0.139217
0.139217
0.083389
0.083389
0.156553
0.156553
0.090908
0.090908
0.098233
0.098233
0.122175
0.122175
0.231826
0.231826
0.201166
0.201166
0.187468
0.187468
0.163230
0.163230
0.112645
0.112645
0.159736
0.159736
0.183776
0.183776
0.063265
0.063265
0.080293
0.080293
0.010190
0.010190
0.040534
0.040534
0.190187
0.190187
0.199925
0.199925
0.027976
0.027976
0.091629
0.091629
0.031152
0.031152
0.243851
0.243851
0.249486
0.249486
0.405332
0.405332
0.039094
0.039094
0.088173
0.088173
0.124232
0.124232
0.156035
0.156035
0.224434
0.224434
0.064110
0.064110
0.051858
0.051858
0.194477
0.194477
0.166059
0.166059
0.112410
0.112410
0.088220
0.088220
0.196928
0.196928
0.318251
0.318251
0.083762
0.083762
0.109995
0.109995
0.045412
0.045412
0.050866
0.050866
0.242676
0.242676
0.085206
0.085206
0.109887
0.109887
0.052388
0.052388
0.330052
0.330052
0.265228
0.265228
0.066181
0.066181
0.278054
0.278054
0.057769
0.057769
0.017552
0.017552
0.118245
0.118245
0.153838
0.153838
0.014979
0.014979
0.211007
0.211007
0.024985
0.024985
0.344134
0.344134
0.218822
0.218822
0.320926
0.320926
0.028870
0.028870
0.102268
0.102268
0.071929
0.071929
0.103556
0.103556
0.091985
0.091985
0.200079
0.200079
0.174598
0.174598
0.566689
0.566689
0.101775
0.101775
0.128461
0.128461
0.041010
0.041010
0.082982
0.082982
0.072949
0.072949
0.066240
0.066240
0.042388
0.042388
0.094556
0.094556
0.173094
0.173094
0.476090
0.476090
0.018794
0.018794
0.112261
0.112261
0.024069
0.024069
0.046936
0.046936
0.138992
0.138992
0.112751
0.112751
0.223566
0.223566
0.960310
0.960310
0.254211
0.254211
0.063041
0.063041
0.174605
0.174605
0.079838
0.079838
0.064388
0.064388
0.062025
0.062025
0.027028
0.027028
0.083194
0.083194
0.173341
0.173341
0.315599
0.315599
0.187349
0.187349
0.109127
0.109127
0.037397
0.037397
0.137235
0.137235
0.188882
0.188882
0.332150
0.332150
0.126641
0.126641
0.077353
0.077353
0.148709
0.148709
0.054832
0.054832
0.275997
0.275997
0.123749
0.123749
0.029844
0.029844
0.305649
0.305649
0.109161
0.109161
0.252360
0.252360
0.272991
0.272991
0.128556
0.128556
0.109128
0.109128
0.101005
0.101005
0.332982
0.332982
0.063810
0.063810
0.465644
0.465644
0.081725
0.081725
0.448811
0.448811
0.250871
0.250871
0.130655
0.130655
0.115726
0.115726
0.064304
0.064304
0.254220
0.254220
0.098527
0.098527
0.106315
0.106315
0.220005
0.220005
0.067485
0.067485
0.276906
0.276906
0.165764
0.165764
0.076559
0.076559
0.191310
0.191310
0.173666
0.173666
0.063003
0.063003
0.037120
0.037120
0.132683
0.132683
0.052820
0.052820
0.160668
0.160668
0.210341
0.210341
0.180519
0.180519
0.075939
0.075939
0.143725
0.143725
0.059614
0.059614
0.287595
0.287595
0.042751
0.042751
0.044834
0.044834
0.089514
0.089514
0.089423
0.089423
0.105331
0.105331
0.192810
0.192810
0.085773
0.085773
0.086253
0.086253
0.189689
0.189689
0.375254
0.375254
0.203210
0.203210
0.139285
0.139285
0.132137
0.132137
0.097914
0.097914
0.151297
0.151297
0.053463
0.053463
0.306914
0.306914
0.314826
0.314826
0.046325
0.046325
0.052887
0.052887
0.047114
0.047114
0.454059
0.454059
0.058363
0.058363
0.085271
0.085271
0.282401
0.282401
0.039748
0.039748
0.104617
0.104617
0.188641
0.188641
0.053603
0.053603
0.109326
0.109326
0.130798
0.130798
0.152924
0.152924
0.016651
0.016651
0.294568
0.294568
0.307811
0.307811
0.166596
0.166596
0.268693
0.268693
0.031561
0.031561
0.416004
0.416004
0.157839
0.157839
0.127561
0.127561
0.023034
0.023034
0.092864
0.092864
0.168152
0.168152
0.030379
0.030379
0.176586
0.176586
0.085736
0.085736
0.180512
0.180512
0.071336
0.071336
0.063217
0.063217
0.132573
0.132573
0.339856
0.339856
0.130663
0.130663
0.012008
0.012008
0.111647
0.111647
0.246760
0.246760
0.355217
0.355217
0.213732
0.213732
0.170693
0.170693
0.023188
0.023188
0.053032
0.053032
0.146499
0.146499
0.115756
0.115756
0.047944
0.047944
0.066882
0.066882
0.124898
0.124898
0.079605
0.079605
0.089223
0.089223
0.058054
0.058054
0.315938
0.315938
0.100746
0.100746
0.076178
0.076178
0.100895
0.100895
0.157743
0.157743
0.273625
0.273625
0.419357
0.419357
0.038377
0.038377
0.272181
0.272181
0.045594
0.045594
0.078150
0.078150
0.088585
0.088585
0.150546
0.150546
0.084358
0.084358
0.037128
0.037128
0.068537
0.068537
0.299782
0.299782
0.195758
0.195758
0.031315
0.031315
0.170609
0.170609
0.470815
0.470815
0.094942
0.094942
0.545587
0.545587
0.040086
0.040086
0.124140
0.124140
0.053523
0.053523
0.055343
0.055343
0.186856
0.186856
0.117333
0.117333
0.064717
0.064717
0.070098
0.070098
0.179731
0.179731
0.021676
0.021676
0.061163
0.061163
0.244135
0.244135
0.323160
0.323160
0.209627
0.209627
0.089614
0.089614
0.143902
0.143902
0.119709
0.119709
0.118947
0.118947
0.266717
0.266717
0.135419
0.135419
0.223901
0.223901
0.105442
0.105442
0.126669
0.126669
0.255493
0.255493
0.120048
0.120048
0.104891
0.104891
0.049555
0.049555
0.118638
0.118638
0.205219
0.205219
0.453218
0.453218
0.067523
0.067523
0.040640
0.040640
0.316665
0.316665
0.316899
0.316899
0.149267
0.149267
0.061985
0.061985
0.462471
0.462471
0.216690
0.216690
0.017996
0.017996
0.188044
0.188044
0.068649
0.068649
0.045832
0.045832
0.159373
0.159373
0.036846
0.036846
0.047917
0.047917
0.072464
0.072464
0.439164
0.439164
0.202728
0.202728
0.080282
0.080282
0.089992
0.089992
0.189147
0.189147
0.073953
0.073953
0.297680
0.297680
0.073681
0.073681
0.055741
0.055741
0.113832
0.113832
0.166615
0.166615
0.042705
0.042705
0.110816
0.110816
0.025699
0.025699
0.179690
0.179690
0.045049
0.045049
0.041114
0.041114
0.553346
0.553346
0.050088
0.050088
0.104113
0.104113
0.430460
0.430460
0.121846
0.121846
0.184861
0.184861
0.142707
0.142707
0.156391
0.156391
0.042358
0.042358
0.065403
0.065403
0.018112
0.018112
0.086769
0.086769
0.290018
0.290018
0.534485
0.534485
0.196737
0.196737
0.145891
0.145891
0.080129
0.080129
0.081566
0.081566
0.279965
0.279965
0.605952
0.605952
0.053721
0.053721
0.273932
0.273932
0.233192
0.233192
0.174592
0.174592
0.205412
0.205412
0.060101
0.060101
0.261946
0.261946
0.042223
0.042223
0.205521
0.205521
0.138231
0.138231
0.415284
0.415284
0.068092
0.068092
0.224930
0.224930
0.124792
0.124792
0.033075
0.033075
0.105512
0.105512
0.184867
0.184867
0.039994
0.039994
0.065762
0.065762
0.150952
0.150952
0.247345
0.247345
0.089923
0.089923
0.059028
0.059028
0.161242
0.161242
0.102467
0.102467
0.072157
0.072157
0.196552
0.196552
0.150210
0.150210
0.079376
0.079376
0.047713
0.047713
0.292759
0.292759
0.180280
0.180280
0.175511
0.175511
0.133372
0.133372
0.056507
0.056507
0.101860
0.101860
0.084968
0.084968
0.105301
0.105301
0.179937
0.179937
0.082319
0.082319
0.150193
0.150193
0.089400
0.089400
0.108598
0.108598
0.045785
0.045785
0.131153
0.131153
0.051479
0.051479
0.355499
0.355499
0.225203
0.225203
0.215667
0.215667
0.293185
0.293185
0.153523
0.153523
0.079939
0.079939
0.025901
0.025901
0.045992
0.045992
0.155746
0.155746
0.333799
0.333799
0.266237
0.266237
0.132767
0.132767
0.170784
0.170784
0.304529
0.304529
0.072428
0.072428
0.158299
0.158299
0.092849
0.092849
0.211125
0.211125
0.060946
0.060946
0.036643
0.036643
0.100927
0.100927
0.215992
0.215992
0.068006
0.068006
0.114988
0.114988
0.173034
0.173034
0.073924
0.073924
0.066451
0.066451
0.056190
0.056190
0.001469
0.001469
0.102639
0.102639
0.074309
0.074309
0.082020
0.082020
0.032209
0.032209
0.112720
0.112720
0.048680
0.048680
0.208794
0.208794
0.093609
0.093609
0.170161
0.170161
0.077060
0.077060
0.215696
0.215696
0.208892
0.208892
0.067279
0.067279
0.163001
0.163001
0.239788
0.239788
0.148946
0.148946
0.063935
0.063935
0.068158
0.068158
0.581068
0.581068
0.016241
0.016241
0.283751
0.283751
0.104827
0.104827
0.071078
0.071078
0.325399
0.325399
0.142748
0.142748
0.111455
0.111455
0.182339
0.182339
0.033824
0.033824
0.097088
0.097088
0.024201
0.024201
0.036941
0.036941
0.395365
0.395365
0.100633
0.100633
0.385361
0.385361
0.084780
0.084780
0.170886
0.170886
0.074753
0.074753
0.135187
0.135187
0.051192
0.051192
0.105553
0.105553
0.190012
0.190012
0.079790
0.079790
0.147735
0.147735
0.179770
0.179770
0.192363
0.192363
0.216746
0.216746
0.063325
0.063325
0.063836
0.063836
0.038855
0.038855
0.271630
0.271630
0.074673
0.074673
0.022983
0.022983
0.347720
0.347720
0.114445
0.114445
0.309634
0.309634
0.364974
0.364974
0.067321
0.067321
0.194601
0.194601
0.308984
0.308984
0.036858
0.036858
0.343506
0.343506
0.187635
0.187635
0.042529
0.042529
0.035403
0.035403
0.059029
0.059029
0.141556
0.141556
0.037251
0.037251
0.081470
0.081470
0.070846
0.070846
0.078210
0.078210
0.067332
0.067332
0.100975
0.100975
0.510377
0.510377
0.095151
0.095151
0.282403
0.282403
0.135506
0.135506
0.043501
0.043501
0.215668
0.215668
0.341970
0.341970
0.146401
0.146401
0.245130
0.245130
0.067363
0.067363
0.099082
0.099082
0.047153
0.047153
0.104533
0.104533
0.117788
0.117788
0.239762
0.239762
0.134848
0.134848
0.133886
0.133886
0.048434
0.048434
0.243605
0.243605
0.131593
0.131593
0.124471
0.124471
0.264665
0.264665
0.176409
0.176409
0.032869
0.032869
0.042354
0.042354
0.087213
0.087213
0.031400
0.031400
0.169930
0.169930
0.034733
0.034733
0.176634
0.176634
0.040833
0.040833
0.217154
0.217154
0.079898
0.079898
0.624785
0.624785
0.110217
0.110217
0.037120
0.037120
0.055270
0.055270
0.687142
0.687142
0.088133
0.088133
0.073627
0.073627
0.065224
0.065224
0.061405
0.061405
0.179125
0.179125
0.050068
0.050068
0.183007
0.183007
0.160089
0.160089
0.108906
0.108906
0.094728
0.094728
0.079800
0.079800
0.253600
0.253600
0.468502
0.468502
0.190462
0.190462
0.416453
0.416453
0.149339
0.149339
0.131368
0.131368
0.123971
0.123971
0.072140
0.072140
0.107908
0.107908
0.186508
0.186508
0.154539
0.154539
0.138251
0.138251
0.120253
0.120253
0.096637
0.096637
0.233047
0.233047
0.082093
0.082093
0.125420
0.125420
0.029985
0.029985
0.228446
0.228446
0.145765
0.145765
0.071693
0.071693
0.072182
0.072182
0.108083
0.108083
0.208805
0.208805
0.058609
0.058609
0.066487
0.066487
0.062701
0.062701
0.408013
0.408013
0.085011
0.085011
0.066536
0.066536
0.076551
0.076551
0.127448
0.127448
0.035824
0.035824
0.267089
0.267089
0.307820
0.307820
0.206381
0.206381
0.608351
0.608351
0.058038
0.058038
0.075946
0.075946
0.103155
0.103155
0.202748
0.202748
0.077907
0.077907
0.468615
0.468615
0.174455
0.174455
0.108459
0.108459
0.176751
0.176751
0.172165
0.172165
0.090706
0.090706
0.082350
0.082350
0.140286
0.140286
0.027283
0.027283
0.415695
0.415695
0.083002
0.083002
0.090637
0.090637
0.065658
0.065658
0.048553
0.048553
0.118268
0.118268
0.114538
0.114538
0.046194
0.046194
0.156507
0.156507
0.495021
0.495021
0.208180
0.208180
0.035008
0.035008
0.161186
0.161186
0.028359
0.028359
0.418433
0.418433
0.182989
0.182989
0.093204
0.093204
0.137085
0.137085
0.070408
0.070408
0.159736
0.159736
0.273523
0.273523
0.073138
0.073138
0.140941
0.140941
0.000126
0.000126
0.228776
0.228776
0.115819
0.115819
0.030108
0.030108
0.194689
0.194689
0.205829
0.205829
0.318053
0.318053
0.126460
0.126460
0.078889
0.078889
0.088309
0.088309
0.224718
0.224718
0.228819
0.228819
0.173022
0.173022
0.110195
0.110195
0.071453
0.071453
0.073914
0.073914
0.038592
0.038592
0.093848
0.093848
0.043857
0.043857
0.129081
0.129081
0.047116
0.047116
0.080018
0.080018
0.052230
0.052230
0.186026
0.186026
0.064596
0.064596
0.042209
0.042209
0.038586
0.038586
0.736734
0.736734
0.146323
0.146323
0.270679
0.270679
0.095402
0.095402
0.178593
0.178593
0.303748
0.303748
0.074211
0.074211
0.104163
0.104163
0.265459
0.265459
0.054914
0.054914
0.135677
0.135677
0.045327
0.045327
0.151541
0.151541
0.167490
0.167490
0.072547
0.072547
0.159943
0.159943
0.104876
0.104876
0.476362
0.476362
0.128907
0.128907
0.305040
0.305040
0.026803
0.026803
0.201648
0.201648
0.075951
0.075951
0.077545
0.077545
0.144809
0.144809
0.105727
0.105727
0.095736
0.095736
0.019594
0.019594
0.092068
0.092068
0.160513
0.160513
0.123526
0.123526
0.087177
0.087177
0.099187
0.099187
0.037020
0.037020
0.095901
0.095901
0.097073
0.097073
0.045410
0.045410
0.288327
0.288327
0.056397
0.056397
0.226850
0.226850
0.066754
0.066754
0.100838
0.100838
0.026771
0.026771
0.108340
0.108340
0.209967
0.209967
0.198817
0.198817
0.144390
0.144390
0.086592
0.086592
0.282827
0.282827
0.044128
0.044128
0.052912
0.052912
0.054151
0.054151
0.048213
0.048213
0.238257
0.238257
0.345273
0.345273
0.052854
0.052854
0.140488
0.140488
0.134332
0.134332
0.071462
0.071462
0.127526
0.127526
0.263646
0.263646
0.043378
0.043378
0.308917
0.308917
0.024507
0.024507
0.129661
0.129661
0.245101
0.245101
0.045708
0.045708
0.722781
0.722781
0.118239
0.118239
0.016863
0.016863
0.019756
0.019756
0.218510
0.218510
0.094621
0.094621
0.193585
0.193585
0.020035
0.020035
0.136067
0.136067
0.021963
0.021963
0.291397
0.291397
0.250125
0.250125
0.078777
0.078777
0.166905
0.166905
0.030019
0.030019
0.570792
0.570792
0.031283
0.031283
0.207623
0.207623
0.157448
0.157448
0.104370
0.104370
0.077771
0.077771
0.035408
0.035408
0.158681
0.158681
0.314059
0.314059
0.048415
0.048415
0.124632
0.124632
0.050839
0.050839
0.062273
0.062273
0.092103
0.092103
0.210850
0.210850
0.490271
0.490271
0.237779
0.237779
0.155033
0.155033
0.259504
0.259504
0.057128
0.057128
0.170217
0.170217
0.149029
0.149029
0.042212
0.042212
0.046865
0.046865
0.206814
0.206814
0.050167
0.050167
0.123737
0.123737
0.079598
0.079598
0.159788
0.159788
0.131622
0.131622
0.030392
0.030392
0.413484
0.413484
0.042239
0.042239
0.132588
0.132588
0.066755
0.066755
0.213269
0.213269
0.074658
0.074658
0.074457
0.074457
0.146497
0.146497
0.291364
0.291364
0.056529
0.056529
0.297409
0.297409
0.198158
0.198158
0.488668
0.488668
0.023210
0.023210
0.196520
0.196520
0.070081
0.070081
0.156350
0.156350
0.030887
0.030887
0.096205
0.096205
0.141450
0.141450
0.280211
0.280211
0.068800
0.068800
0.410992
0.410992
0.135572
0.135572
0.054321
0.054321
0.023078
0.023078
0.341805
0.341805
0.099596
0.099596
0.046340
0.046340
0.530892
0.530892
0.094014
0.094014
0.081909
0.081909
0.040484
0.040484
0.126103
0.126103
0.169026
0.169026
0.041156
0.041156
0.028993
0.028993
0.261149
0.261149
0.036765
0.036765
0.112800
0.112800
0.032215
0.032215
0.318689
0.318689
0.331171
0.331171
0.398185
0.398185
0.359479
0.359479
0.094026
0.094026
0.046371
0.046371
0.165766
0.165766
0.096490
0.096490
0.171394
0.171394
0.094107
0.094107
0.190209
0.190209
0.538726
0.538726
0.226000
0.226000
0.085504
0.085504
0.115265
0.115265
0.000570
0.000570
0.043685
0.043685
0.028841
0.028841
0.099368
0.099368
0.124391
0.124391
0.142010
0.142010
0.270549
0.270549
0.144723
0.144723
0.142846
0.142846
0.138204
0.138204
0.066394
0.066394
0.024435
0.024435
0.222133
0.222133
0.246932
0.246932
0.160083
0.160083
0.083441
0.083441
0.097614
0.097614
0.079390
0.079390
0.033838
0.033838
0.094061
0.094061
0.224946
0.224946
0.049389
0.049389
0.162182
0.162182
0.064194
0.064194
0.014991
0.014991
0.124532
0.124532
0.092354
0.092354
0.025141
0.025141
0.030547
0.030547
0.289694
0.289694
0.094717
0.094717
0.165404
0.165404
0.084954
0.084954
0.134842
0.134842
0.071190
0.071190
0.122754
0.122754
0.059310
0.059310
0.293458
0.293458
0.187245
0.187245
0.085950
0.085950
0.040338
0.040338
0.049755
0.049755
0.078800
0.078800
0.262106
0.262106
0.249762
0.249762
0.110980
0.110980
0.101997
0.101997
0.066809
0.066809
0.262533
0.262533
0.049328
0.049328
0.093160
0.093160
0.101021
0.101021
0.170639
0.170639
0.082969
0.082969
0.127960
0.127960
0.143368
0.143368
0.131446
0.131446
0.034574
0.034574
0.194832
0.194832
0.134136
0.134136
0.078318
0.078318
0.151708
0.151708
0.043245
0.043245
0.078549
0.078549
0.228537
0.228537
0.136782
0.136782
0.381089
0.381089
0.280280
0.280280
0.027438
0.027438
0.132835
0.132835
0.158174
0.158174
0.038425
0.038425
0.123644
0.123644
0.094359
0.094359
0.053253
0.053253
0.084112
0.084112
0.154477
0.154477
0.181068
0.181068
0.013221
0.013221
0.172394
0.172394
0.406274
0.406274
0.233631
0.233631
0.115599
0.115599
0.076967
0.076967
0.179605
0.179605
0.277247
0.277247
0.164070
0.164070
0.052682
0.052682
0.064241
0.064241
0.471202
0.471202
0.279300
0.279300
0.065620
0.065620
0.121408
0.121408
0.142288
0.142288
0.289003
0.289003
0.308347
0.308347
0.172028
0.172028
0.468834
0.468834
0.056729
0.056729
0.099871
0.099871
0.219766
0.219766
0.357685
0.357685
0.129782
0.129782
0.049005
0.049005
0.345679
0.345679
0.183759
0.183759
0.332539
0.332539
0.038281
0.038281
0.049222
0.049222
0.383460
0.383460
0.094748
0.094748
0.047944
0.047944
0.152800
0.152800
0.287143
0.287143
0.028089
0.028089
0.125580
0.125580
0.092674
0.092674
0.174744
0.174744
0.040418
0.040418
0.076637
0.076637
0.160846
0.160846
0.263047
0.263047
0.262932
0.262932
0.583779
0.583779
0.111053
0.111053
0.072748
0.072748
0.031785
0.031785
0.083968
0.083968
0.404117
0.404117
0.117963
0.117963
0.120943
0.120943
0.042175
0.042175
0.087892
0.087892
0.151277
0.151277
0.049554
0.049554
0.304043
0.304043
0.154836
0.154836
0.039549
0.039549
0.134348
0.134348
0.224313
0.224313
0.364397
0.364397
0.219708
0.219708
0.130961
0.130961
0.100903
0.100903
0.316942
0.316942
0.070704
0.070704
0.165890
0.165890
0.129863
0.129863
0.147065
0.147065
0.032516
0.032516
0.307245
0.307245
0.450991
0.450991
0.278029
0.278029
0.065961
0.065961
0.064091
0.064091
0.146120
0.146120
0.446269
0.446269
0.037675
0.037675
0.219746
0.219746
0.090400
0.090400
0.225392
0.225392
0.134750
0.134750
0.460666
0.460666
0.164878
0.164878
0.167618
0.167618
0.375171
0.375171
0.117915
0.117915
0.071392
0.071392
0.126545
0.126545
0.214807
0.214807
0.138403
0.138403
0.086967
0.086967
0.211762
0.211762
0.105097
0.105097
0.059749
0.059749
0.094298
0.094298
0.029013
0.029013
0.056293
0.056293
0.105512
0.105512
0.111753
0.111753
0.023561
0.023561
0.029508
0.029508
0.097338
0.097338
0.149241
0.149241
0.057099
0.057099
0.147302
0.147302
0.207986
0.207986
0.283387
0.283387
0.094932
0.094932
0.075459
0.075459
0.158585
0.158585
0.139697
0.139697
0.208474
0.208474
0.203971
0.203971
0.129860
0.129860
0.105932
0.105932
0.001696
0.001696
0.246026
0.246026
0.281793
0.281793
0.185947
0.185947
0.106493
0.106493
0.304681
0.304681
0.109293
0.109293
0.072395
0.072395
0.123390
0.123390
0.247466
0.247466
0.284507
0.284507
0.052929
0.052929
0.175931
0.175931
0.166162
0.166162
0.069855
0.069855
0.085155
0.085155
0.127573
0.127573
0.145146
0.145146
0.255632
0.255632
0.060145
0.060145
0.531965
0.531965
0.049324
0.049324
0.299369
0.299369
0.153165
0.153165
0.180460
0.180460
0.058372
0.058372
0.009307
0.009307
0.102723
0.102723
0.187040
0.187040
0.041131
0.041131
0.092645
0.092645
0.032899
0.032899
0.050160
0.050160
0.225399
0.225399
0.031419
0.031419
0.050362
0.050362
0.036777
0.036777
0.079000
0.079000
0.159603
0.159603
0.043517
0.043517
0.096521
0.096521
0.078663
0.078663
0.254369
0.254369
0.029012
0.029012
0.588303
0.588303
0.073389
0.073389
0.244281
0.244281
0.067261
0.067261
0.142614
0.142614
0.047801
0.047801
0.139045
0.139045
0.026890
0.026890
0.079021
0.079021
0.324579
0.324579
0.056361
0.056361
0.048138
0.048138
0.280000
0.280000
0.065258
0.065258
0.158083
0.158083
0.086672
0.086672
0.173224
0.173224
0.071280
0.071280
0.019880
0.019880
0.406916
0.406916
0.118406
0.118406
0.134745
0.134745
0.124735
0.124735
0.089777
0.089777
0.052229
0.052229
0.135543
0.135543
0.124615
0.124615
0.135760
0.135760
0.118477
0.118477
0.090648
0.090648
0.108471
0.108471
0.313186
0.313186
0.088997
0.088997
0.153403
0.153403
0.062675
0.062675
0.320097
0.320097
0.127130
0.127130
0.232163
0.232163
0.065131
0.065131
0.256094
0.256094
0.056481
0.056481
0.351133
0.351133
0.028284
0.028284
0.096798
0.096798
0.220478
0.220478
0.085537
0.085537
0.171598
0.171598
0.122712
0.122712
0.111947
0.111947
0.075747
0.075747
0.162663
0.162663
0.109206
0.109206
0.104143
0.104143
0.286325
0.286325
0.085751
0.085751
0.085025
0.085025
0.043021
0.043021
0.093077
0.093077
0.265842
0.265842
0.061606
0.061606
0.079324
0.079324
0.028839
0.028839
0.091328
0.091328
0.311904
0.311904
0.066555
0.066555
0.090286
0.090286
0.149898
0.149898
0.155462
0.155462
0.082078
0.082078
0.229187
0.229187
0.116907
0.116907
0.174504
0.174504
0.443605
0.443605
0.137192
0.137192
0.168685
0.168685
0.101088
0.101088
0.408354
0.408354
0.043714
0.043714
0.169588
0.169588
0.176410
0.176410
0.053032
0.053032
0.037948
0.037948
0.101333
0.101333
0.334502
0.334502
0.103489
0.103489
0.109335
0.109335
0.032017
0.032017
0.062381
0.062381
0.052576
0.052576
0.362386
0.362386
0.155041
0.155041
0.027696
0.027696
0.345191
0.345191
0.375348
0.375348
0.180816
0.180816
0.029930
0.029930
0.391283
0.391283
0.148465
0.148465
0.033936
0.033936
0.035680
0.035680
0.169801
0.169801
0.097102
0.097102
0.267683
0.267683
0.265398
0.265398
0.180332
0.180332
0.185751
0.185751
0.146724
0.146724
0.110474
0.110474
0.139903
0.139903
0.261771
0.261771
0.025933
0.025933
0.056409
0.056409
0.113451
0.113451
0.060949
0.060949
0.095935
0.095935
0.039037
0.039037
0.130312
0.130312
0.022293
0.022293
0.152116
0.152116
0.104775
0.104775
0.450372
0.450372
0.025555
0.025555
0.668009
0.668009
0.119564
0.119564
0.208049
0.208049
0.182631
0.182631
0.232403
0.232403
0.079946
0.079946
0.434439
0.434439
0.195198
0.195198
0.123851
0.123851
0.107593
0.107593
0.122002
0.122002
0.027453
0.027453
0.155908
0.155908
0.150787
0.150787
0.148097
0.148097
0.231913
0.231913
0.067691
0.067691
0.201717
0.201717
0.072855
0.072855
0.025703
0.025703
0.086476
0.086476
0.167902
0.167902
0.103098
0.103098
0.402069
0.402069
0.189583
0.189583
0.037377
0.037377
0.343979
0.343979
0.015147
0.015147
0.224670
0.224670
0.159908
0.159908
0.001505
0.001505
0.077600
0.077600
0.091365
0.091365
0.054998
0.054998
0.298790
0.298790
0.109466
0.109466
0.206793
0.206793
0.067719
0.067719
0.115748
0.115748
0.198691
0.198691
0.023487
0.023487
0.024624
0.024624
0.043147
0.043147
0.076308
0.076308
0.138983
0.138983
0.093770
0.093770
0.251376
0.251376
0.246514
0.246514
0.068227
0.068227
0.596186
0.596186
0.118087
0.118087
0.118715
0.118715
0.116504
0.116504
0.094369
0.094369
0.368634
0.368634
0.086485
0.086485
0.133969
0.133969
0.363751
0.363751
0.417589
0.417589
0.147018
0.147018
0.207006
0.207006
0.029631
0.029631
0.057051
0.057051
0.250250
0.250250
0.077784
0.077784
0.092891
0.092891
0.063361
0.063361
0.159262
0.159262
0.132051
0.132051
0.310228
0.310228
0.460385
0.460385
0.071983
0.071983
0.137855
0.137855
0.297661
0.297661
0.041650
0.041650
0.143628
0.143628
0.164549
0.164549
0.092413
0.092413
0.104194
0.104194
0.050226
0.050226
0.208530
0.208530
0.058044
0.058044
0.137420
0.137420
0.065867
0.065867
0.058079
0.058079
0.109125
0.109125
0.104725
0.104725
0.088472
0.088472
0.126227
0.126227
0.053800
0.053800
0.129665
0.129665
0.073469
0.073469
0.114908
0.114908
0.320601
0.320601
0.108487
0.108487
0.525418
0.525418
0.043797
0.043797
0.252066
0.252066
0.138456
0.138456
0.056987
0.056987
0.079804
0.079804
0.077719
0.077719
0.251173
0.251173
0.021861
0.021861
0.083837
0.083837
0.211859
0.211859
0.227261
0.227261
0.074128
0.074128
0.035810
0.035810
0.401041
0.401041
0.098239
0.098239
0.124077
0.124077
0.204080
0.204080
0.221608
0.221608
0.062649
0.062649
0.200352
0.200352
0.056111
0.056111
0.031205
0.031205
0.094345
0.094345
0.184997
0.184997
0.187154
0.187154
0.146163
0.146163
0.342381
0.342381
0.020843
0.020843
0.086496
0.086496
0.087725
0.087725
0.033480
0.033480
0.265206
0.265206
0.254239
0.254239
0.144882
0.144882
0.036275
0.036275
0.114913
0.114913
0.108329
0.108329
0.289008
0.289008
0.074622
0.074622
0.445233
0.445233
0.058698
0.058698
0.258807
0.258807
0.429752
0.429752
0.052623
0.052623
0.082928
0.082928
0.052314
0.052314
0.202026
0.202026
0.092217
0.092217
0.031742
0.031742
0.135802
0.135802
0.087941
0.087941
0.027300
0.027300
0.073643
0.073643
0.062664
0.062664
0.392542
0.392542
0.109199
0.109199
0.093575
0.093575
0.135713
0.135713
0.080681
0.080681
0.056448
0.056448
0.022272
0.022272
0.136922
0.136922
0.020293
0.020293
0.483837
0.483837
0.032842
0.032842
0.091622
0.091622
0.121996
0.121996
0.210071
0.210071
0.306838
0.306838
0.346655
0.346655
0.124442
0.124442
0.115160
0.115160
0.099370
0.099370
0.170094
0.170094
0.241528
0.241528
0.120395
0.120395
0.079757
0.079757
0.200405
0.200405
0.076717
0.076717
0.080395
0.080395
0.286588
0.286588
0.451732
0.451732
0.068341
0.068341
0.099546
0.099546
0.154668
0.154668
0.235412
0.235412
0.056926
0.056926
0.035822
0.035822
0.221479
0.221479
0.355542
0.355542
0.098141
0.098141
0.155574
0.155574
0.100619
0.100619
0.064892
0.064892
0.084488
0.084488
0.090269
0.090269
0.030134
0.030134
0.055540
0.055540
0.208004
0.208004
0.086711
0.086711
0.106275
0.106275
0.245208
0.245208
0.139455
0.139455
0.096597
0.096597
0.052814
0.052814
0.205719
0.205719
0.028529
0.028529
0.262084
0.262084
0.159018
0.159018
0.096829
0.096829
0.174301
0.174301
0.095181
0.095181
0.220170
0.220170
0.220131
0.220131
0.070238
0.070238
0.220538
0.220538
0.403832
0.403832
0.118030
0.118030
0.228793
0.228793
0.238575
0.238575
0.357004
0.357004
0.090461
0.090461
0.285354
0.285354
0.166312
0.166312
0.374195
0.374195
0.159354
0.159354
0.042784
0.042784
0.041614
0.041614
0.118160
0.118160
0.189044
0.189044
0.037024
0.037024
0.088469
0.088469
0.189422
0.189422
0.117887
0.117887
0.285394
0.285394
0.086259
0.086259
0.041790
0.041790
0.080283
0.080283
0.043313
0.043313
0.497452
0.497452
0.107818
0.107818
0.152287
0.152287
0.055085
0.055085
0.062693
0.062693
0.080757
0.080757
0.165211
0.165211
0.054212
0.054212
0.085196
0.085196
0.140458
0.140458
0.107271
0.107271
0.062970
0.062970
0.087708
0.087708
0.052130
0.052130
0.377459
0.377459
0.070847
0.070847
0.054005
0.054005
0.302737
0.302737
0.077342
0.077342
0.202292
0.202292
0.065235
0.065235
0.052682
0.052682
0.059423
0.059423
0.063225
0.063225
0.161525
0.161525
0.035576
0.035576
0.130529
0.130529
0.332771
0.332771
0.029772
0.029772
0.158079
0.158079
0.232405
0.232405
0.068831
0.068831
0.137999
0.137999
0.131104
0.131104
0.048611
0.048611
0.090256
0.090256
0.277830
0.277830
0.115327
0.115327
0.122562
0.122562
0.062013
0.062013
0.095252
0.095252
0.237423
0.237423
0.068944
0.068944
0.052078
0.052078
0.058545
0.058545
0.113782
0.113782
0.052765
0.052765
0.058660
0.058660
0.063371
0.063371
0.140979
0.140979
0.434862
0.434862
0.165788
0.165788
0.155688
0.155688
0.050080
0.050080
0.120176
0.120176
0.100242
0.100242
0.043926
0.043926
0.065722
0.065722
0.209521
0.209521
0.156153
0.156153
0.217524
0.217524
0.058485
0.058485
0.021040
0.021040
0.066402
0.066402
0.421984
0.421984
0.201905
0.201905
0.317660
0.317660
0.024498
0.024498
0.056146
0.056146
0.067995
0.067995
0.573479
0.573479
0.360581
0.360581
0.148028
0.148028
0.158978
0.158978
0.151066
0.151066
0.067600
0.067600
0.110829
0.110829
0.281860
0.281860
0.094501
0.094501
0.340712
0.340712
0.088991
0.088991
0.253961
0.253961
0.020281
0.020281
0.049884
0.049884
0.283479
0.283479
0.310539
0.310539
0.103925
0.103925
0.045186
0.045186
0.109353
0.109353
0.309284
0.309284
0.018938
0.018938
0.129134
0.129134
0.111817
0.111817
0.211452
0.211452
0.210481
0.210481
0.082656
0.082656
0.102844
0.102844
0.244632
0.244632
0.092794
0.092794
0.304036
0.304036
0.049824
0.049824
0.125240
0.125240
0.310554
0.310554
0.209146
0.209146
0.075805
0.075805
0.052280
0.052280
0.046237
0.046237
0.069697
0.069697
0.064213
0.064213
0.139623
0.139623
0.156776
0.156776
0.178372
0.178372
0.050156
0.050156
0.447494
0.447494
0.265579
0.265579
0.064022
0.064022
0.165463
0.165463
0.137397
0.137397
0.206976
0.206976
0.173211
0.173211
0.030775
0.030775
0.049596
0.049596
0.034378
0.034378
0.051821
0.051821
0.361294
0.361294
0.044839
0.044839
0.158925
0.158925
0.211509
0.211509
0.105132
0.105132
0.053195
0.053195
0.077347
0.077347
0.095297
0.095297
0.220237
0.220237
0.084786
0.084786
0.121019
0.121019
0.420069
0.420069
0.310844
0.310844
0.031613
0.031613
0.037500
0.037500
0.147007
0.147007
0.103865
0.103865
0.397512
0.397512
0.095829
0.095829
0.149855
0.149855
0.461550
0.461550
0.237738
0.237738
0.308865
0.308865
0.442839
0.442839
0.071339
0.071339
0.150432
0.150432
0.147281
0.147281
0.266534
0.266534
0.023699
0.023699
0.089511
0.089511
0.066645
0.066645
0.107638
0.107638
0.216015
0.216015
0.028276
0.028276
0.025696
0.025696
0.121231
0.121231
0.140775
0.140775
0.226744
0.226744
0.124798
0.124798
0.077425
0.077425
0.102424
0.102424
0.368747
0.368747
0.265285
0.265285
0.094710
0.094710
0.130537
0.130537
0.282011
0.282011
0.063440
0.063440
0.019954
0.019954
0.037669
0.037669
0.519366
0.519366
0.118198
0.118198
0.122115
0.122115
0.299347
0.299347
0.084195
0.084195
0.069309
0.069309
0.057832
0.057832
0.247304
0.247304
0.534206
0.534206
0.053019
0.053019
0.087095
0.087095
0.092965
0.092965
0.128473
0.128473
0.451844
0.451844
0.000192
0.000192
0.184633
0.184633
0.296396
0.296396
0.016847
0.016847
0.050854
0.050854
0.275278
0.275278
0.182750
0.182750
0.076216
0.076216
0.078926
0.078926
0.346283
0.346283
0.221169
0.221169
0.035788
0.035788
0.052757
0.052757
0.121720
0.121720
0.079056
0.079056
0.039423
0.039423
0.087923
0.087923
0.089258
0.089258
0.121825
0.121825
0.100007
0.100007
0.032637
0.032637
0.243559
0.243559
0.069023
0.069023
0.197882
0.197882
0.028993
0.028993
0.043700
0.043700
0.256057
0.256057
0.081926
0.081926
0.030034
0.030034
0.136904
0.136904
0.141512
0.141512
0.742884
0.742884
0.054614
0.054614
0.202934
0.202934
0.309344
0.309344
0.062094
0.062094
0.036347
0.036347
0.322011
0.322011
0.190316
0.190316
0.423666
0.423666
0.656392
0.656392
0.421410
0.421410
0.037268
0.037268
0.177542
0.177542
0.013344
0.013344
0.031801
0.031801
0.087036
0.087036
0.053394
0.053394
0.072669
0.072669
0.095956
0.095956
0.186493
0.186493
0.151978
0.151978
0.035733
0.035733
0.052244
0.052244
0.225780
0.225780
0.018517
0.018517
0.191943
0.191943
0.273969
0.273969
0.043074
0.043074
0.039563
0.039563
0.061611
0.061611
0.068636
0.068636
0.236583
0.236583
0.085382
0.085382
0.031463
0.031463
0.329631
0.329631
0.045643
0.045643
0.035231
0.035231
0.094276
0.094276
0.222199
0.222199
0.056344
0.056344
0.061918
0.061918
0.147345
0.147345
0.118730
0.118730
0.056045
0.056045
0.071505
0.071505
0.270534
0.270534
0.148047
0.148047
0.051091
0.051091
0.087845
0.087845
0.038270
0.038270
0.059161
0.059161
0.078431
0.078431
0.089883
0.089883
0.026781
0.026781
0.201388
0.201388
0.200655
0.200655
0.242136
0.242136
0.043247
0.043247
0.037674
0.037674
0.479936
0.479936
0.130117
0.130117
0.107201
0.107201
0.118506
0.118506
0.194027
0.194027
0.023508
0.023508
0.044238
0.044238
0.162760
0.162760
0.245546
0.245546
0.210822
0.210822
0.207961
0.207961
0.107056
0.107056
0.251590
0.251590
0.049913
0.049913
0.114239
0.114239
0.342013
0.342013
0.130365
0.130365
0.126681
0.126681
0.283057
0.283057
0.093227
0.093227
0.416347
0.416347
0.157242
0.157242
0.029231
0.029231
0.354102
0.354102
0.028341
0.028341
0.066764
0.066764
0.054011
0.054011
0.077961
0.077961
0.089013
0.089013
0.121659
0.121659
0.030096
0.030096
0.028113
0.028113
0.509784
0.509784
0.283476
0.283476
0.360281
0.360281
0.195933
0.195933
0.237576
0.237576
0.169619
0.169619
0.178236
0.178236
0.046959
0.046959
0.206149
0.206149
0.140863
0.140863
0.115681
0.115681
0.070112
0.070112
0.356738
0.356738
0.067889
0.067889
0.177140
0.177140
0.164351
0.164351
0.233563
0.233563
0.092552
0.092552
0.093667
0.093667
0.156233
0.156233
0.332817
0.332817
0.102063
0.102063
0.232126
0.232126
0.023103
0.023103
0.104656
0.104656
0.129925
0.129925
0.277651
0.277651
0.140449
0.140449
0.095685
0.095685
0.057378
0.057378
0.115295
0.115295
0.368928
0.368928
0.701809
0.701809
0.042187
0.042187
0.032552
0.032552
0.203820
0.203820
0.240742
0.240742
0.036221
0.036221
0.304433
0.304433
0.088052
0.088052
0.093227
0.093227
0.079187
0.079187
0.086237
0.086237
0.271685
0.271685
0.142344
0.142344
0.118812
0.118812
0.121148
0.121148
0.095031
0.095031
0.151453
0.151453
0.167134
0.167134
0.111297
0.111297
0.262345
0.262345
0.044188
0.044188
0.071645
0.071645
0.095496
0.095496
0.234733
0.234733
0.039146
0.039146
0.371823
0.371823
0.248839
0.248839
0.117039
0.117039
0.195131
0.195131
0.063587
0.063587
0.066964
0.066964
0.163633
0.163633
0.067248
0.067248
0.032659
0.032659
0.048548
0.048548
0.285070
0.285070
0.053998
0.053998
0.162888
0.162888
0.163911
0.163911
0.091895
0.091895
0.100713
0.100713
0.191058
0.191058
0.000833
0.000833
0.356861
0.356861
0.059493
0.059493
0.255952
0.255952
0.267958
0.267958
0.155188
0.155188
0.184642
0.184642
0.056875
0.056875
0.140051
0.140051
0.048563
0.048563
0.301264
0.301264
0.031219
0.031219
0.062057
0.062057
0.102012
0.102012
0.098808
0.098808
0.336884
0.336884
0.078405
0.078405
0.122984
0.122984
0.204015
0.204015
0.086538
0.086538
0.037828
0.037828
0.066081
0.066081
0.201848
0.201848
0.069806
0.069806
0.056330
0.056330
0.116229
0.116229
0.202804
0.202804
0.106667
0.106667
0.116833
0.116833
0.227126
0.227126
0.240876
0.240876
0.346110
0.346110
0.155726
0.155726
0.072236
0.072236
0.181482
0.181482
0.064041
0.064041
0.049149
0.049149
0.172643
0.172643
0.448106
0.448106
0.322716
0.322716
0.135555
0.135555
0.012558
0.012558
0.251951
0.251951
0.054539
0.054539
0.036710
0.036710
0.151676
0.151676
0.207767
0.207767
0.252697
0.252697
0.172143
0.172143
0.233058
0.233058
0.082800
0.082800
0.094299
0.094299
0.071295
0.071295
0.255470
0.255470
0.219446
0.219446
0.114681
0.114681
0.077493
0.077493
0.057596
0.057596
0.211837
0.211837
0.115550
0.115550
0.261581
0.261581
0.244116
0.244116
0.046108
0.046108
0.171397
0.171397
0.083910
0.083910
0.427733
0.427733
0.328381
0.328381
0.603750
0.603750
0.042787
0.042787
0.270954
0.270954
0.083598
0.083598
0.040165
0.040165
0.078568
0.078568
0.183649
0.183649
0.130468
0.130468
0.061656
0.061656
0.256978
0.256978
0.093756
0.093756
0.059149
0.059149
0.154202
0.154202
0.224752
0.224752
0.062783
0.062783
0.024193
0.024193
0.107886
0.107886
0.040945
0.040945
0.059703
0.059703
0.071555
0.071555
0.147041
0.147041
0.129232
0.129232
0.021541
0.021541
0.337271
0.337271
0.153566
0.153566
0.140829
0.140829
0.085462
0.085462
0.169543
0.169543
0.077133
0.077133
0.135617
0.135617
0.419306
0.419306
0.044647
0.044647
0.722526
0.722526
0.300440
0.300440
0.040526
0.040526
0.223848
0.223848
0.157678
0.157678
0.140651
0.140651
0.063888
0.063888
0.052870
0.052870
0.083170
0.083170
0.078673
0.078673
0.091763
0.091763
0.195145
0.195145
0.127484
0.127484
0.107047
0.107047
0.210972
0.210972
0.130022
0.130022
0.135305
0.135305
0.397351
0.397351
0.049668
0.049668
0.220539
0.220539
0.114901
0.114901
0.041048
0.041048
0.176712
0.176712
0.033948
0.033948
0.095513
0.095513
0.107522
0.107522
0.099843
0.099843
0.039390
0.039390
0.431541
0.431541
0.315252
0.315252
0.075934
0.075934
0.155759
0.155759
0.159553
0.159553
0.113032
0.113032
0.045398
0.045398
0.163477
0.163477
0.370549
0.370549
0.037880
0.037880
0.038712
0.038712
0.138459
0.138459
0.043829
0.043829
0.111465
0.111465
0.072188
0.072188
0.077483
0.077483
0.474982
0.474982
0.218956
0.218956
0.025086
0.025086
0.123341
0.123341
0.297796
0.297796
0.100133
0.100133
0.173923
0.173923
0.045951
0.045951
0.312589
0.312589
0.124998
0.124998
0.053939
0.053939
0.023727
0.023727
0.061853
0.061853
0.097956
0.097956
0.245012
0.245012
0.139653
0.139653
0.111494
0.111494
0.044175
0.044175
0.152530
0.152530
0.143813
0.143813
0.108126
0.108126
0.067537
0.067537
0.064117
0.064117
0.598302
0.598302
0.046572
0.046572
0.065353
0.065353
0.031506
0.031506
0.108904
0.108904
0.203431
0.203431
0.152152
0.152152
0.058187
0.058187
0.460126
0.460126
0.028319
0.028319
0.039274
0.039274
0.125522
0.125522
0.319144
0.319144
0.038365
0.038365
0.121231
0.121231
0.257907
0.257907
0.064419
0.064419
0.066727
0.066727
0.048411
0.048411
0.090770
0.090770
0.022249
0.022249
0.090767
0.090767
0.069057
0.069057
0.084412
0.084412
0.070507
0.070507
0.315506
0.315506
0.237888
0.237888
0.133577
0.133577
0.115130
0.115130
0.200757
0.200757
0.000633
0.000633
0.121729
0.121729
0.103312
0.103312
0.034179
0.034179
0.129870
0.129870
0.095034
0.095034
0.392450
0.392450
0.107268
0.107268
0.225388
0.225388
0.224340
0.224340
0.208820
0.208820
0.182924
0.182924
0.257945
0.257945
0.037710
0.037710
0.277081
0.277081
0.089899
0.089899
0.085016
0.085016
0.059908
0.059908
0.117814
0.117814
0.078625
0.078625
0.044483
0.044483
0.167655
0.167655
0.123168
0.123168
0.137725
0.137725
0.069052
0.069052
0.295076
0.295076
0.111668
0.111668
0.063255
0.063255
0.102224
0.102224
0.297525
0.297525
0.183345
0.183345
0.693191
0.693191
0.163945
0.163945
0.237660
0.237660
0.055970
0.055970
0.214357
0.214357
0.045249
0.045249
0.034828
0.034828
0.369074
0.369074
0.058886
0.058886
0.123792
0.123792
0.221226
0.221226
0.182017
0.182017
0.107888
0.107888
0.041871
0.041871
0.093642
0.093642
0.064405
0.064405
0.058676
0.058676
0.170100
0.170100
0.059583
0.059583
0.129056
0.129056
0.047042
0.047042
0.107685
0.107685
0.463542
0.463542
0.359462
0.359462
0.250623
0.250623
0.079552
0.079552
0.096309
0.096309
0.124509
0.124509
0.273377
0.273377
0.081348
0.081348
0.095928
0.095928
0.148346
0.148346
0.271573
0.271573
0.078243
0.078243
0.215773
0.215773
0.025348
0.025348
0.046885
0.046885
0.205208
0.205208
0.112644
0.112644
0.031028
0.031028
0.141831
0.141831
0.099720
0.099720
0.071324
0.071324
0.369451
0.369451
0.106983
0.106983
0.236235
0.236235
0.033622
0.033622
0.033134
0.033134
0.069875
0.069875
0.105428
0.105428
0.192266
0.192266
0.347201
0.347201
0.097187
0.097187
0.125779
0.125779
0.083802
0.083802
0.086402
0.086402
0.028305
0.028305
0.061323
0.061323
0.239471
0.239471
0.021828
0.021828
0.045508
0.045508
0.135164
0.135164
0.089941
0.089941
0.151930
0.151930
0.331959
0.331959
0.027423
0.027423
0.056081
0.056081
0.015240
0.015240
0.322095
0.322095
0.286818
0.286818
0.392113
0.392113
0.103544
0.103544
0.133006
0.133006
0.209627
0.209627
0.342117
0.342117
0.112122
0.112122
0.095676
0.095676
0.075421
0.075421
0.224919
0.224919
0.195169
0.195169
0.516349
0.516349
0.510302
0.510302
0.116436
0.116436
0.149228
0.149228
0.100124
0.100124
0.073481
0.073481
0.328815
0.328815
0.164090
0.164090
0.191774
0.191774
0.070872
0.070872
0.196599
0.196599
0.119041
0.119041
0.065830
0.065830
0.126530
0.126530
0.272664
0.272664
0.094972
0.094972
0.666349
0.666349
0.099732
0.099732
0.226234
0.226234
0.221480
0.221480
0.031451
0.031451
0.120811
0.120811
0.232113
0.232113
0.011389
0.011389
0.054689
0.054689
0.102789
0.102789
0.106284
0.106284
0.174846
0.174846
0.075309
0.075309
0.051490
0.051490
0.211900
0.211900
0.099313
0.099313
0.105470
0.105470
0.243785
0.243785
0.094142
0.094142
0.219658
0.219658
0.090623
0.090623
0.081195
0.081195
0.048822
0.048822
0.118159
0.118159
0.138026
0.138026
0.241402
0.241402
0.094232
0.094232
0.330738
0.330738
0.145454
0.145454
0.175365
0.175365
0.292531
0.292531
0.087950
0.087950
0.248161
0.248161
0.044382
0.044382
0.268754
0.268754
0.071695
0.071695
0.039138
0.039138
0.173661
0.173661
0.121765
0.121765
0.187746
0.187746
0.138927
0.138927
0.080763
0.080763
0.040952
0.040952
0.110333
0.110333
0.075253
0.075253
0.035057
0.035057
0.046516
0.046516
0.096681
0.096681
0.336665
0.336665
0.133201
0.133201
0.073613
0.073613
0.111077
0.111077
0.191826
0.191826
0.092647
0.092647
0.177591
0.177591
0.315354
0.315354
0.149075
0.149075
0.064733
0.064733
0.165254
0.165254
0.055739
0.055739
0.164229
0.164229
0.026333
0.026333
0.143211
0.143211
0.038943
0.038943
0.033193
0.033193
0.049347
0.049347
0.189020
0.189020
0.172317
0.172317
0.091207
0.091207
0.021307
0.021307
0.074083
0.074083
0.179303
0.179303
0.105449
0.105449
0.136296
0.136296
0.068738
0.068738
0.080087
0.080087
0.092777
0.092777
0.255142
0.255142
0.077242
0.077242
0.078128
0.078128
0.175925
0.175925
0.043273
0.043273
0.118803
0.118803
0.121985
0.121985
0.078879
0.078879
0.053075
0.053075
0.126982
0.126982
0.085498
0.085498
0.065432
0.065432
0.173442
0.173442
0.082352
0.082352
0.097855
0.097855
0.102746
0.102746
0.183831
0.183831
0.162690
0.162690
0.190561
0.190561
0.065416
0.065416
0.067330
0.067330
0.117849
0.117849
0.040053
0.040053
0.197940
0.197940
0.072455
0.072455
0.257503
0.257503
0.252720
0.252720
0.018464
0.018464
0.151960
0.151960
0.300103
0.300103
0.114407
0.114407
0.058906
0.058906
0.088226
0.088226
0.102040
0.102040
0.088280
0.088280
0.296919
0.296919
0.150540
0.150540
0.046434
0.046434
0.039384
0.039384
0.397342
0.397342
0.315158
0.315158
0.115764
0.115764
0.113499
0.113499
0.154042
0.154042
0.088323
0.088323
0.091802
0.091802
0.244321
0.244321
0.167917
0.167917
0.272102
0.272102
0.506383
0.506383
0.232842
0.232842
0.043606
0.043606
0.095704
0.095704
0.358417
0.358417
0.022814
0.022814
0.531442
0.531442
0.062662
0.062662
0.111605
0.111605
0.069379
0.069379
0.211629
0.211629
0.159093
0.159093
0.331528
0.331528
0.065753
0.065753
0.280737
0.280737
0.060627
0.060627
0.282724
0.282724
0.101615
0.101615
0.027623
0.027623
0.542599
0.542599
0.061189
0.061189
0.063954
0.063954
0.045644
0.045644
0.067269
0.067269
0.357241
0.357241
0.046710
0.046710
0.228347
0.228347
0.099533
0.099533
0.139538
0.139538
0.075336
0.075336
0.157038
0.157038
0.136756
0.136756
0.087608
0.087608
0.191030
0.191030
0.202639
0.202639
0.033939
0.033939
0.157396
0.157396
0.043146
0.043146
0.380595
0.380595
0.215950
0.215950
0.069394
0.069394
0.051525
0.051525
0.303225
0.303225
0.047369
0.047369
0.120172
0.120172
0.135553
0.135553
0.035142
0.035142
0.028854
0.028854
0.145311
0.145311
0.144103
0.144103
0.082176
0.082176
0.101943
0.101943
0.126166
0.126166
0.341308
0.341308
0.069066
0.069066
0.122754
0.122754
0.044344
0.044344
0.283661
0.283661
0.235919
0.235919
0.324700
0.324700
0.255780
0.255780
0.100290
0.100290
0.136790
0.136790
0.329487
0.329487
0.086550
0.086550
0.026752
0.026752
0.065885
0.065885
0.101326
0.101326
0.133579
0.133579
0.258774
0.258774
0.347282
0.347282
0.205310
0.205310
0.037311
0.037311
0.249299
0.249299
0.250574
0.250574
0.163508
0.163508
0.162493
0.162493
0.385450
0.385450
0.144154
0.144154
0.367937
0.367937
0.048071
0.048071
0.106451
0.106451
0.480046
0.480046
0.212791
0.212791
0.040068
0.040068
0.048907
0.048907
0.260858
0.260858
0.075692
0.075692
0.142088
0.142088
0.057722
0.057722
0.045527
0.045527
0.152844
0.152844
0.239159
0.239159
0.096860
0.096860
0.150710
0.150710
0.205759
0.205759
0.020775
0.020775
0.059869
0.059869
0.305077
0.305077
0.138317
0.138317
0.141781
0.141781
0.120841
0.120841
0.051739
0.051739
0.054130
0.054130
0.017212
0.017212
0.198975
0.198975
0.180840
0.180840
0.113334
0.113334
0.235432
0.235432
0.282401
0.282401
0.178978
0.178978
0.125911
0.125911
0.304320
0.304320
0.092471
0.092471
0.136939
0.136939
0.206328
0.206328
0.051898
0.051898
0.054458
0.054458
0.087057
0.087057
0.105277
0.105277
0.098366
0.098366
0.027312
0.027312
0.090504
0.090504
0.042713
0.042713
0.091708
0.091708
0.055139
0.055139
0.108455
0.108455
0.176856
0.176856
0.130970
0.130970
0.149993
0.149993
0.095848
0.095848
0.037844
0.037844
0.290281
0.290281
0.561937
0.561937
0.203262
0.203262
0.254859
0.254859
0.061193
0.061193
0.085793
0.085793
0.045124
0.045124
0.000358
0.000358
0.059539
0.059539
0.126298
0.126298
0.259633
0.259633
0.211859
0.211859
0.066226
0.066226
0.067197
0.067197
0.383981
0.383981
0.261033
0.261033
0.030643
0.030643
0.078772
0.078772
0.044517
0.044517
0.111705
0.111705
0.035090
0.035090
0.073460
0.073460
0.192216
0.192216
0.014908
0.014908
0.106763
0.106763
0.976325
0.976325
0.242515
0.242515
0.271248
0.271248
0.071936
0.071936
0.069431
0.069431
0.316162
0.316162
0.150095
0.150095
0.041021
0.041021
0.208548
0.208548
0.146811
0.146811
0.058683
0.058683
0.139296
0.139296
0.194163
0.194163
0.285101
0.285101
0.223166
0.223166
0.026815
0.026815
0.036183
0.036183
0.280381
0.280381
0.311303
0.311303
0.127269
0.127269
0.226732
0.226732
0.132142
0.132142
0.306388
0.306388
0.125970
0.125970
0.285905
0.285905
0.055194
0.055194
0.122856
0.122856
0.217754
0.217754
0.129548
0.129548
0.093231
0.093231
0.055281
0.055281
0.176176
0.176176
0.032017
0.032017
0.036919
0.036919
0.110818
0.110818
0.061291
0.061291
0.048540
0.048540
0.040513
0.040513
0.101773
0.101773
0.060155
0.060155
0.022449
0.022449
0.183596
0.183596
0.494151
0.494151
0.067432
0.067432
0.332665
0.332665
0.053527
0.053527
0.087528
0.087528
0.152006
0.152006
0.105971
0.105971
0.034270
0.034270
0.088482
0.088482
0.160386
0.160386
0.249766
0.249766
0.392026
0.392026
0.091328
0.091328
0.054014
0.054014
0.139640
0.139640
0.039893
0.039893
0.045870
0.045870
0.113833
0.113833
0.076954
0.076954
0.040405
0.040405
0.307020
0.307020
0.145043
0.145043
0.206548
0.206548
0.110151
0.110151
0.039049
0.039049
0.244132
0.244132
0.040405
0.040405
0.066826
0.066826
0.123501
0.123501
0.144159
0.144159
0.241242
0.241242
0.045650
0.045650
0.107131
0.107131
0.053136
0.053136
0.505359
0.505359
0.048142
0.048142
0.127102
0.127102
0.339998
0.339998
0.091211
0.091211
0.112989
0.112989
0.169878
0.169878
0.025187
0.025187
0.107613
0.107613
0.289703
0.289703
0.318381
0.318381
0.133216
0.133216
0.140470
0.140470
0.071402
0.071402
0.126874
0.126874
0.170278
0.170278
0.075313
0.075313
0.152174
0.152174
0.077989
0.077989
0.022523
0.022523
0.093512
0.093512
0.044345
0.044345
0.109759
0.109759
0.080382
0.080382
0.174817
0.174817
0.076021
0.076021
0.073544
0.073544
0.093584
0.093584
0.332393
0.332393
0.206855
0.206855
0.271256
0.271256
0.078185
0.078185
0.368064
0.368064
0.077404
0.077404
0.230110
0.230110
0.102983
0.102983
0.118858
0.118858
0.042628
0.042628
0.139614
0.139614
0.112883
0.112883
0.116594
0.116594
0.033096
0.033096
0.234182
0.234182
0.125845
0.125845
0.040460
0.040460
0.095917
0.095917
0.225806
0.225806
0.602079
0.602079
0.055838
0.055838
0.134943
0.134943
0.251564
0.251564
0.146662
0.146662
0.116409
0.116409
0.052140
0.052140
0.060186
0.060186
0.041423
0.041423
0.043543
0.043543
0.160423
0.160423
0.159765
0.159765
0.133103
0.133103
0.128005
0.128005
0.071438
0.071438
0.116881
0.116881
0.026690
0.026690
0.246733
0.246733
0.090641
0.090641
0.278783
0.278783
0.273533
0.273533
0.129265
0.129265
0.111735
0.111735
0.205762
0.205762
0.296088
0.296088
0.057158
0.057158
0.097749
0.097749
0.026637
0.026637
0.124582
0.124582
0.045544
0.045544
0.181614
0.181614
0.112594
0.112594
0.031893
0.031893
0.100031
0.100031
0.044958
0.044958
0.135368
0.135368
0.080002
0.080002
0.087951
0.087951
0.106389
0.106389
0.250557
0.250557
0.254268
0.254268
0.109304
0.109304
0.094843
0.094843
0.155583
0.155583
0.088055
0.088055
0.238000
0.238000
0.462440
0.462440
0.714080
0.714080
0.067136
0.067136
0.140944
0.140944
0.079554
0.079554
0.103233
0.103233
0.391423
0.391423
0.146939
0.146939
0.135118
0.135118
0.002588
0.002588
0.176606
0.176606
0.135187
0.135187
0.072578
0.072578
0.330172
0.330172
0.054325
0.054325
0.061504
0.061504
0.336598
0.336598
0.094847
0.094847
0.074526
0.074526
0.277700
0.277700
0.426675
0.426675
0.030515
0.030515
0.301944
0.301944
0.058166
0.058166
0.103413
0.103413
0.133408
0.133408
0.027849
0.027849
0.091278
0.091278
0.156224
0.156224
0.115501
0.115501
0.173198
0.173198
0.236316
0.236316
0.046269
0.046269
0.153018
0.153018
0.133202
0.133202
0.034072
0.034072
0.174011
0.174011
0.032782
0.032782
0.038887
0.038887
0.215957
0.215957
0.205381
0.205381
0.029351
0.029351
0.198853
0.198853
0.098780
0.098780
0.092224
0.092224
0.056294
0.056294
0.163196
0.163196
0.099276
0.099276
0.074107
0.074107
0.228261
0.228261
0.171093
0.171093
0.071206
0.071206
0.271888
0.271888
0.038541
0.038541
0.047551
0.047551
0.169543
0.169543
0.055426
0.055426
0.054046
0.054046
0.237886
0.237886
0.162150
0.162150
0.285562
0.285562
0.093167
0.093167
0.276089
0.276089
0.060249
0.060249
0.264505
0.264505
0.070623
0.070623
0.340364
0.340364
0.029529
0.029529
0.086962
0.086962
0.108857
0.108857
0.126712
0.126712
0.105745
0.105745
0.024330
0.024330
0.120398
0.120398
0.068264
0.068264
0.216861
0.216861
0.091112
0.091112
0.043816
0.043816
0.082539
0.082539
0.047758
0.047758
0.309410
0.309410
0.157982
0.157982
0.111935
0.111935
0.356539
0.356539
0.260835
0.260835
0.135248
0.135248
0.220877
0.220877
0.337540
0.337540
0.063367
0.063367
0.117768
0.117768
0.080401
0.080401
0.290875
0.290875
0.167267
0.167267
0.081461
0.081461
0.238274
0.238274
0.275361
0.275361
0.062434
0.062434
0.035877
0.035877
0.070490
0.070490
0.056728
0.056728
0.083302
0.083302
0.150946
0.150946
0.264170
0.264170
0.139064
0.139064
0.562076
0.562076
0.029444
0.029444
0.126418
0.126418
0.099452
0.099452
0.057603
0.057603
0.059711
0.059711
0.145034
0.145034
0.067265
0.067265
0.069079
0.069079
0.051658
0.051658
0.420111
0.420111
0.033148
0.033148
0.383580
0.383580
0.075012
0.075012
0.122364
0.122364
0.204523
0.204523
0.542333
0.542333
0.239417
0.239417
0.050041
0.050041
0.032602
0.032602
0.109901
0.109901
0.159396
0.159396
0.031902
0.031902
0.157314
0.157314
0.132731
0.132731
0.117895
0.117895
0.145148
0.145148
0.084066
0.084066
0.063676
0.063676
0.129325
0.129325
0.069771
0.069771
0.072335
0.072335
0.081013
0.081013
0.027762
0.027762
0.141751
0.141751
0.275295
0.275295
0.095763
0.095763
0.207075
0.207075
0.109510
0.109510
0.070693
0.070693
0.041712
0.041712
0.184940
0.184940
0.254048
0.254048
0.041972
0.041972
0.210894
0.210894
0.036660
0.036660
0.021833
0.021833
0.052404
0.052404
0.058948
0.058948
0.340112
0.340112
0.048862
0.048862
0.042229
0.042229
0.082794
0.082794
0.220308
0.220308
0.023099
0.023099
0.144031
0.144031
0.054227
0.054227
0.369531
0.369531
0.359111
0.359111
0.076907
0.076907
0.127102
0.127102
0.425271
0.425271
0.070834
0.070834
0.127384
0.127384
0.038842
0.038842
0.055726
0.055726
0.175136
0.175136
0.081613
0.081613
0.360863
0.360863
0.078108
0.078108
0.111659
0.111659
0.232623
0.232623
0.080968
0.080968
0.147536
0.147536
0.076666
0.076666
0.087795
0.087795
0.557606
0.557606
0.611618
0.611618
0.143761
0.143761
0.101456
0.101456
0.137077
0.137077
0.355762
0.355762
0.192070
0.192070
0.187791
0.187791
0.087632
0.087632
0.241170
0.241170
0.062211
0.062211
0.382401
0.382401
0.094901
0.094901
0.484791
0.484791
0.316216
0.316216
0.031923
0.031923
0.034192
0.034192
0.236759
0.236759
0.074656
0.074656
0.337993
0.337993
0.071085
0.071085
0.198439
0.198439
0.231347
0.231347
0.032741
0.032741
0.050884
0.050884
0.001553
0.001553
0.075283
0.075283
0.196508
0.196508
0.152885
0.152885
0.241536
0.241536
0.088366
0.088366
0.047701
0.047701
0.056730
0.056730
0.253816
0.253816
0.187082
0.187082
0.270569
0.270569
0.061340
0.061340
0.317298
0.317298
0.126209
0.126209
0.146259
0.146259
0.361915
0.361915
0.187847
0.187847
0.075314
0.075314
0.046445
0.046445
0.048939
0.048939
0.199223
0.199223
0.063040
0.063040
0.194701
0.194701
0.089098
0.089098
0.073639
0.073639
0.036713
0.036713
0.268406
0.268406
0.695915
0.695915
0.053012
0.053012
0.079804
0.079804
0.065713
0.065713
0.113802
0.113802
0.037393
0.037393
0.040476
0.040476
0.081592
0.081592
0.043670
0.043670
0.287947
0.287947
0.351043
0.351043
0.033305
0.033305
0.253402
0.253402
0.133185
0.133185
0.156022
0.156022
0.409796
0.409796
0.064884
0.064884
0.219268
0.219268
0.093343
0.093343
0.086263
0.086263
0.076513
0.076513
0.323670
0.323670
0.317762
0.317762
0.254726
0.254726
0.205283
0.205283
0.124719
0.124719
0.068189
0.068189
0.033517
0.033517
0.031494
0.031494
0.338501
0.338501
0.053922
0.053922
0.258198
0.258198
0.133345
0.133345
0.088076
0.088076
0.040055
0.040055
0.108887
0.108887
0.086050
0.086050
0.043185
0.043185
0.142379
0.142379
0.205880
0.205880
0.285187
0.285187
0.227872
0.227872
0.031185
0.031185
0.316453
0.316453
0.029301
0.029301
0.058508
0.058508
0.176871
0.176871
0.137799
0.137799
0.019086
0.019086
0.037723
0.037723
0.211358
0.211358
0.235745
0.235745
0.067782
0.067782
0.635757
0.635757
0.145002
0.145002
0.147040
0.147040
0.104382
0.104382
0.199045
0.199045
0.076446
0.076446
0.064442
0.064442
0.059472
0.059472
0.021496
0.021496
0.074601
0.074601
0.022523
0.022523
0.105598
0.105598
0.075706
0.075706
0.051732
0.051732
0.156648
0.156648
0.328215
0.328215
0.335875
0.335875
0.062399
0.062399
0.027555
0.027555
0.061068
0.061068
0.426200
0.426200
0.216948
0.216948
0.074269
0.074269
0.238350
0.238350
0.041205
0.041205
0.012488
0.012488
0.105094
0.105094
0.175459
0.175459
0.073941
0.073941
0.026766
0.026766
0.199201
0.199201
0.179247
0.179247
0.076101
0.076101
0.029221
0.029221
0.181461
0.181461
0.128156
0.128156
0.086518
0.086518
0.077283
0.077283
0.149280
0.149280
0.138564
0.138564
0.251374
0.251374
0.124249
0.124249
0.063454
0.063454
0.054270
0.054270
0.073577
0.073577
0.046036
0.046036
0.124556
0.124556
0.041734
0.041734
0.163731
0.163731
0.246753
0.246753
0.027934
0.027934
0.206990
0.206990
0.108345
0.108345
0.080008
0.080008
0.437830
0.437830
0.071287
0.071287
0.220684
0.220684
0.120829
0.120829
0.221481
0.221481
0.251696
0.251696
0.212138
0.212138
0.193006
0.193006
0.095806
0.095806
0.284229
0.284229
0.063002
0.063002
0.216821
0.216821
0.415807
0.415807
0.060332
0.060332
0.046658
0.046658
0.082463
0.082463
0.050661
0.050661
0.119391
0.119391
0.047686
0.047686
0.076315
0.076315
0.066603
0.066603
0.238443
0.238443
0.150303
0.150303
0.287761
0.287761
0.228937
0.228937
0.038252
0.038252
0.075628
0.075628
0.250021
0.250021
0.177950
0.177950
0.190747
0.190747
0.114486
0.114486
0.204218
0.204218
0.205941
0.205941
0.130283
0.130283
0.060368
0.060368
0.175047
0.175047
0.030357
0.030357
0.083031
0.083031
0.075691
0.075691
0.171892
0.171892
0.808520
0.808520
0.352665
0.352665
0.123630
0.123630
0.027362
0.027362
0.142674
0.142674
0.117254
0.117254
0.150818
0.150818
0.485593
0.485593
0.140382
0.140382
0.030217
0.030217
0.060142
0.060142
0.075382
0.075382
0.306246
0.306246
0.317658
0.317658
0.026221
0.026221
0.079559
0.079559
0.215603
0.215603
0.070853
0.070853
0.079281
0.079281
0.167106
0.167106
0.066146
0.066146
0.267956
0.267956
0.003488
0.003488
0.222297
0.222297
0.096639
0.096639
0.047827
0.047827
0.118703
0.118703
0.291193
0.291193
0.304397
0.304397
0.649045
0.649045
0.058296
0.058296
0.153818
0.153818
0.123042
0.123042
0.051192
0.051192
0.125905
0.125905
0.040958
0.040958
0.102030
0.102030
0.466531
0.466531
0.074246
0.074246
0.038065
0.038065
0.054416
0.054416
0.273849
0.273849
0.169007
0.169007
0.111490
0.111490
0.081618
0.081618
0.089884
0.089884
0.343358
0.343358
0.048873
0.048873
0.052625
0.052625
0.045294
0.045294
0.197419
0.197419
0.122155
0.122155
0.107977
0.107977
0.039437
0.039437
0.296415
0.296415
0.088627
0.088627
0.090037
0.090037
0.147730
0.147730
0.036202
0.036202
0.045105
0.045105
0.026413
0.026413
0.172283
0.172283
0.073591
0.073591
0.085651
0.085651
0.264894
0.264894
0.197777
0.197777
0.073354
0.073354
0.062302
0.062302
0.029244
0.029244
0.244510
0.244510
0.018144
0.018144
0.073306
0.073306
0.032608
0.032608
0.106896
0.106896
0.022983
0.022983
0.083981
0.083981
0.149507
0.149507
0.511950
0.511950
0.027266
0.027266
0.019550
0.019550
0.323452
0.323452
0.030143
0.030143
0.154439
0.154439
0.040954
0.040954
0.074450
0.074450
0.067436
0.067436
0.094477
0.094477
0.199358
0.199358
0.275705
0.275705
0.045123
0.045123
0.045897
0.045897
0.062758
0.062758
0.070519
0.070519
0.138583
0.138583
0.053447
0.053447
0.373605
0.373605
0.040372
0.040372
0.102166
0.102166
0.027615
0.027615
0.105238
0.105238
0.166392
0.166392
0.088596
0.088596
0.346067
0.346067
0.411385
0.411385
0.077581
0.077581
0.211530
0.211530
0.286531
0.286531
0.102370
0.102370
0.056844
0.056844
0.153969
0.153969
0.089982
0.089982
0.301830
0.301830
0.134293
0.134293
0.146388
0.146388
0.179189
0.179189
0.238912
0.238912
0.072734
0.072734
0.229737
0.229737
0.062300
0.062300
0.541010
0.541010
0.483422
0.483422
0.029580
0.029580
0.051589
0.051589
0.671325
0.671325
0.071119
0.071119
0.049681
0.049681
0.139571
0.139571
0.070285
0.070285
0.401817
0.401817
0.346779
0.346779
0.176581
0.176581
0.319382
0.319382
0.318139
0.318139
0.265734
0.265734
0.051326
0.051326
0.056320
0.056320
0.060888
0.060888
0.191137
0.191137
0.090695
0.090695
0.197473
0.197473
0.057483
0.057483
0.097300
0.097300
0.036144
0.036144
0.073804
0.073804
0.335011
0.335011
0.031398
0.031398
0.193597
0.193597
0.089625
0.089625
0.354806
0.354806
0.154241
0.154241
0.229114
0.229114
0.161129
0.161129
0.213921
0.213921
0.063583
0.063583
0.222155
0.222155
0.168957
0.168957
0.105674
0.105674
0.049828
0.049828
0.012577
0.012577
0.083598
0.083598
0.416788
0.416788
0.055985
0.055985
0.131372
0.131372
0.100638
0.100638
0.319875
0.319875
0.016917
0.016917
0.131220
0.131220
0.085554
0.085554
0.044479
0.044479
0.011130
0.011130
0.057854
0.057854
0.019134
0.019134
0.048743
0.048743
0.047460
0.047460
0.060160
0.060160
0.218070
0.218070
0.086618
0.086618
0.021563
0.021563
0.123711
0.123711
0.316326
0.316326
0.042943
0.042943
0.027261
0.027261
0.139874
0.139874
0.283768
0.283768
0.158848
0.158848
0.200032
0.200032
0.105162
0.105162
0.146795
0.146795
0.430267
0.430267
0.151263
0.151263
0.130976
0.130976
0.175851
0.175851
0.221723
0.221723
0.049284
0.049284
0.102258
0.102258
0.028335
0.028335
0.032230
0.032230
0.124742
0.124742
0.047763
0.047763
0.081190
0.081190
0.574699
0.574699
0.044260
0.044260
0.099853
0.099853
0.325854
0.325854
0.009431
0.009431
0.203899
0.203899
0.099054
0.099054
0.202860
0.202860
0.110731
0.110731
0.057622
0.057622
0.098670
0.098670
0.031719
0.031719
0.316434
0.316434
0.106865
0.106865
0.419733
0.419733
0.083824
0.083824
0.082321
0.082321
0.295674
0.295674
0.001527
0.001527
0.086854
0.086854
0.304487
0.304487
0.118988
0.118988
0.316367
0.316367
0.454107
0.454107
0.209770
0.209770
0.067022
0.067022
0.326326
0.326326
0.062506
0.062506
0.031940
0.031940
0.064139
0.064139
0.078151
0.078151
0.062798
0.062798
0.049691
0.049691
0.016977
0.016977
0.326763
0.326763
0.040627
0.040627
0.058461
0.058461
0.267511
0.267511
0.093002
0.093002
0.027685
0.027685
0.265547
0.265547
0.077285
0.077285
0.171432
0.171432
0.051265
0.051265
0.099340
0.099340
0.150424
0.150424
0.337046
0.337046
0.105202
0.105202
0.058125
0.058125
0.488386
0.488386
0.107771
0.107771
0.199181
0.199181
0.102717
0.102717
0.140287
0.140287
0.053175
0.053175
0.076583
0.076583
0.422684
0.422684
0.090086
0.090086
0.188062
0.188062
0.062404
0.062404
0.127586
0.127586
0.071678
0.071678
0.078708
0.078708
0.192855
0.192855
0.133049
0.133049
0.085995
0.085995
0.160420
0.160420
0.031326
0.031326
0.037769
0.037769
0.066408
0.066408
0.104423
0.104423
0.063726
0.063726
0.096895
0.096895
0.171333
0.171333
0.049859
0.049859
0.644089
0.644089
0.155653
0.155653
0.142216
0.142216
0.031840
0.031840
0.105494
0.105494
0.092773
0.092773
0.172433
0.172433
0.036601
0.036601
0.244911
0.244911
0.263855
0.263855
0.057132
0.057132
0.133415
0.133415
0.045036
0.045036
0.269153
0.269153
0.033429
0.033429
0.134154
0.134154
0.129939
0.129939
0.294630
0.294630
0.110201
0.110201
0.302491
0.302491
0.141610
0.141610
0.317796
0.317796
0.240722
0.240722
0.243133
0.243133
0.153028
0.153028
0.073947
0.073947
0.180814
0.180814
0.082762
0.082762
0.119060
0.119060
0.092480
0.092480
0.218814
0.218814
0.079989
0.079989
0.093000
0.093000
0.267792
0.267792
0.271401
0.271401
0.412774
0.412774
0.159236
0.159236
0.133415
0.133415
0.189874
0.189874
0.088530
0.088530
0.072071
0.072071
0.116260
0.116260
0.033726
0.033726
0.054437
0.054437
0.073281
0.073281
0.134110
0.134110
0.253439
0.253439
0.114821
0.114821
0.482658
0.482658
0.079893
0.079893
0.112665
0.112665
0.161964
0.161964
0.150136
0.150136
0.024020
0.024020
0.193682
0.193682
0.240556
0.240556
0.410324
0.410324
0.015261
0.015261
0.061517
0.061517
0.063718
0.063718
0.152728
0.152728
0.355306
0.355306
0.267611
0.267611
0.375501
0.375501
0.090615
0.090615
0.080308
0.080308
0.028141
0.028141
0.349664
0.349664
0.209817
0.209817
0.017621
0.017621
0.046686
0.046686
0.069099
0.069099
0.036614
0.036614
0.032695
0.032695
0.203839
0.203839
0.085519
0.085519
0.057308
0.057308
0.054695
0.054695
0.229916
0.229916
0.122561
0.122561
0.119645
0.119645
0.083619
0.083619
0.042474
0.042474
0.072882
0.072882
0.424269
0.424269
0.052312
0.052312
0.118792
0.118792
0.300874
0.300874
0.070492
0.070492
0.027611
0.027611
0.228603
0.228603
0.185448
0.185448
0.360351
0.360351
0.189981
0.189981
0.098757
0.098757
0.150235
0.150235
0.075087
0.075087
0.103158
0.103158
0.140987
0.140987
0.073934
0.073934
0.101395
0.101395
0.050484
0.050484
0.264251
0.264251
0.081018
0.081018
0.097935
0.097935
0.056111
0.056111
0.489911
0.489911
0.100775
0.100775
0.140161
0.140161
0.034843
0.034843
0.074924
0.074924
0.257539
0.257539
0.077294
0.077294
0.228149
0.228149
0.102162
0.102162
0.395586
0.395586
0.144845
0.144845
0.060665
0.060665
0.056932
0.056932
0.272720
0.272720
0.035285
0.035285
0.400628
0.400628
0.109113
0.109113
0.025514
0.025514
0.176257
0.176257
0.232301
0.232301
0.079419
0.079419
0.070989
0.070989
0.330104
0.330104
0.112098
0.112098
0.314301
0.314301
0.059008
0.059008
0.178157
0.178157
0.092025
0.092025
0.063209
0.063209
0.136024
0.136024
0.022095
0.022095
0.158873
0.158873
0.105153
0.105153
0.005298
0.005298
0.089085
0.089085
0.038920
0.038920
0.199834
0.199834
0.174777
0.174777
0.131331
0.131331
0.124329
0.124329
0.113133
0.113133
0.108418
0.108418
0.067276
0.067276
0.338346
0.338346
0.255945
0.255945
0.094083
0.094083
0.043098
0.043098
0.125235
0.125235
0.104932
0.104932
0.078186
0.078186
0.184432
0.184432
0.081470
0.081470
0.107561
0.107561
0.067732
0.067732
0.037736
0.037736
0.357286
0.357286
0.211375
0.211375
0.120005
0.120005
0.047679
0.047679
0.070052
0.070052
0.231691
0.231691
0.157964
0.157964
0.331185
0.331185
0.370523
0.370523
0.154870
0.154870
0.431086
0.431086
0.144163
0.144163
0.039498
0.039498
0.297196
0.297196
0.125175
0.125175
0.022670
0.022670
0.070183
0.070183
0.345330
0.345330
0.039127
0.039127
0.063434
0.063434
0.098659
0.098659
0.080026
0.080026
0.087100
0.087100
0.049963
0.049963
0.196726
0.196726
0.141242
0.141242
0.150814
0.150814
0.039132
0.039132
0.120069
0.120069
0.105813
0.105813
0.068735
0.068735
0.312055
0.312055
0.020683
0.020683
0.168223
0.168223
0.368124
0.368124
0.023605
0.023605
0.201226
0.201226
0.067830
0.067830
0.073253
0.073253
0.075290
0.075290
0.110998
0.110998
0.107707
0.107707
0.074387
0.074387
0.129475
0.129475
0.142587
0.142587
0.081225
0.081225
0.094587
0.094587
0.263861
0.263861
0.101121
0.101121
0.034202
0.034202
0.070160
0.070160
0.084702
0.084702
0.367342
0.367342
0.080948
0.080948
0.214946
0.214946
0.028672
0.028672
0.061134
0.061134
0.064684
0.064684
0.140687
0.140687
0.302784
0.302784
0.319078
0.319078
0.156677
0.156677
0.238736
0.238736
0.154153
0.154153
0.228247
0.228247
0.038140
0.038140
0.025139
0.025139
0.128928
0.128928
0.042904
0.042904
0.248991
0.248991
0.292525
0.292525
0.061364
0.061364
0.050829
0.050829
0.231299
0.231299
0.067513
0.067513
0.081743
0.081743
0.154009
0.154009
0.147725
0.147725
0.133107
0.133107
0.152245
0.152245
0.050504
0.050504
0.079694
0.079694
0.086125
0.086125
0.143859
0.143859
0.017191
0.017191
0.207261
0.207261
0.169965
0.169965
0.234737
0.234737
0.108818
0.108818
0.310277
0.310277
0.013306
0.013306
0.281249
0.281249
0.079144
0.079144
0.018682
0.018682
0.100875
0.100875
0.248567
0.248567
0.227296
0.227296
0.154736
0.154736
0.086840
0.086840
0.249998
0.249998
0.174189
0.174189
0.101494
0.101494
0.143999
0.143999
0.105741
0.105741
0.065919
0.065919
0.041927
0.041927
0.026600
0.026600
0.077512
0.077512
0.035444
0.035444
0.142479
0.142479
0.021246
0.021246
0.135069
0.135069
0.072775
0.072775
0.015285
0.015285
0.155187
0.155187
0.052176
0.052176
0.111955
0.111955
0.173110
0.173110
0.288667
0.288667
0.080383
0.080383
0.130888
0.130888
0.226752
0.226752
0.165610
0.165610
0.494573
0.494573
0.251070
0.251070
0.248744
0.248744
0.103769
0.103769
0.126087
0.126087
0.124997
0.124997
0.073873
0.073873
0.322028
0.322028
0.049982
0.049982
0.244471
0.244471
0.187094
0.187094
0.060626
0.060626
0.130284
0.130284
0.029445
0.029445
0.137467
0.137467
0.061656
0.061656
0.187780
0.187780
0.100953
0.100953
0.098540
0.098540
0.330619
0.330619
0.122823
0.122823
0.171686
0.171686
0.168541
0.168541
0.067157
0.067157
0.448495
0.448495
0.221925
0.221925
0.093806
0.093806
0.035954
0.035954
0.288193
0.288193
0.152664
0.152664
0.224019
0.224019
0.232945
0.232945
0.151202
0.151202
0.240623
0.240623
0.115402
0.115402
0.490466
0.490466
0.117706
0.117706
0.212845
0.212845
0.097372
0.097372
0.418888
0.418888
0.753997
0.753997
0.112561
0.112561
0.020383
0.020383
0.208482
0.208482
0.216382
0.216382
0.066597
0.066597
0.324031
0.324031
0.042752
0.042752
0.093821
0.093821
0.125850
0.125850
0.121112
0.121112
0.000699
0.000699
0.028807
0.028807
0.079438
0.079438
0.411908
0.411908
0.069330
0.069330
0.066706
0.066706
0.038678
0.038678
0.016769
0.016769
0.021731
0.021731
0.247503
0.247503
0.296289
0.296289
0.092873
0.092873
0.052522
0.052522
0.161080
0.161080
0.031902
0.031902
0.074166
0.074166
0.665875
0.665875
0.087066
0.087066
0.157993
0.157993
0.230366
0.230366
0.066607
0.066607
0.225775
0.225775
0.027459
0.027459
0.130629
0.130629
0.062681
0.062681
0.106933
0.106933
0.033298
0.033298
0.097309
0.097309
0.087749
0.087749
0.196905
0.196905
0.034682
0.034682
0.182190
0.182190
0.023175
0.023175
0.107698
0.107698
0.115252
0.115252
0.080632
0.080632
0.063861
0.063861
0.017349
0.017349
0.027826
0.027826
0.066989
0.066989
0.326070
0.326070
0.112653
0.112653
0.173918
0.173918
0.165430
0.165430
0.133348
0.133348
0.026661
0.026661
0.123944
0.123944
0.395583
0.395583
0.256714
0.256714
0.276201
0.276201
0.108967
0.108967
0.652658
0.652658
0.097982
0.097982
0.264286
0.264286
0.250600
0.250600
0.037865
0.037865
0.449143
0.449143
0.182229
0.182229
0.080735
0.080735
0.105865
0.105865
0.086355
0.086355
0.109401
0.109401
0.127883
0.127883
0.087237
0.087237
0.034314
0.034314
0.074458
0.074458
0.082587
0.082587
0.091982
0.091982
0.078203
0.078203
0.035005
0.035005
0.274965
0.274965
0.191339
0.191339
0.048520
0.048520
0.032436
0.032436
0.141803
0.141803
0.054342
0.054342
0.109343
0.109343
0.401650
0.401650
0.326300
0.326300
0.310692
0.310692
0.088202
0.088202
0.136580
0.136580
0.191520
0.191520
0.308578
0.308578
0.063385
0.063385
0.119251
0.119251
0.142308
0.142308
0.142713
0.142713
0.263234
0.263234
0.123275
0.123275
0.043935
0.043935
0.241001
0.241001
0.053726
0.053726
0.221953
0.221953
0.193756
0.193756
0.082263
0.082263
0.449093
0.449093
0.335567
0.335567
0.174809
0.174809
0.071184
0.071184
0.141184
0.141184
0.076903
0.076903
0.201335
0.201335
0.041724
0.041724
0.272526
0.272526
0.130176
0.130176
0.080307
0.080307
0.039406
0.039406
0.274737
0.274737
0.028561
0.028561
0.214764
0.214764
0.158326
0.158326
0.126901
0.126901
0.093567
0.093567
0.103279
0.103279
0.062555
0.062555
0.232589
0.232589
0.063901
0.063901
0.219922
0.219922
0.136576
0.136576
0.086478
0.086478
0.213202
0.213202
0.095532
0.095532
0.142706
0.142706
0.078654
0.078654
0.055524
0.055524
0.133928
0.133928
0.073785
0.073785
0.104973
0.104973
0.217741
0.217741
0.603780
0.603780
0.090714
0.090714
0.269288
0.269288
0.044762
0.044762
0.557204
0.557204
0.085142
0.085142
0.045270
0.045270
0.072091
0.072091
0.040135
0.040135
0.223513
0.223513
0.199799
0.199799
0.351078
0.351078
0.073256
0.073256
0.332833
0.332833
0.034693
0.034693
0.122896
0.122896
0.045775
0.045775
0.188854
0.188854
0.393181
0.393181
0.101242
0.101242
0.037181
0.037181
0.036819
0.036819
0.035972
0.035972
0.115007
0.115007
0.169713
0.169713
0.222124
0.222124
0.011190
0.011190
0.206211
0.206211
0.040378
0.040378
0.051460
0.051460
0.219212
0.219212
0.062782
0.062782
0.209789
0.209789
0.120169
0.120169
0.421646
0.421646
0.046732
0.046732
0.072509
0.072509
0.028058
0.028058
0.722142
0.722142
0.179883
0.179883
0.054409
0.054409
0.033150
0.033150
0.061432
0.061432
0.050876
0.050876
0.072238
0.072238
0.251753
0.251753
0.042865
0.042865
0.508280
0.508280
0.026409
0.026409
0.194905
0.194905
0.137828
0.137828
0.152204
0.152204
0.026713
0.026713
0.107651
0.107651
0.032773
0.032773
0.120258
0.120258
0.105091
0.105091
0.368431
0.368431
0.036946
0.036946
0.074502
0.074502
0.074300
0.074300
0.117024
0.117024
0.127501
0.127501
0.145356
0.145356
0.256639
0.256639
0.019828
0.019828
0.055651
0.055651
0.234332
0.234332
0.150781
0.150781
0.082572
0.082572
0.107912
0.107912
0.276671
0.276671
0.191920
0.191920
0.069037
0.069037
0.247384
0.247384
0.226366
0.226366
0.144595
0.144595
0.090980
0.090980
0.115136
0.115136
0.066228
0.066228
0.031945
0.031945
0.083187
0.083187
0.160161
0.160161
0.252310
0.252310
0.101866
0.101866
0.161416
0.161416
0.049315
0.049315
0.072626
0.072626
0.179948
0.179948
0.109405
0.109405
0.204695
0.204695
0.112123
0.112123
0.045629
0.045629
0.068341
0.068341
0.288083
0.288083
0.050630
0.050630
0.181932
0.181932
0.192112
0.192112
0.216480
0.216480
0.158496
0.158496
0.070131
0.070131
0.057747
0.057747
0.244152
0.244152
0.112440
0.112440
0.427228
0.427228
0.176510
0.176510
0.084322
0.084322
0.095757
0.095757
0.021362
0.021362
0.248448
0.248448
0.130116
0.130116
0.074522
0.074522
0.313083
0.313083
0.167827
0.167827
0.063432
0.063432
0.172197
0.172197
0.457485
0.457485
0.125624
0.125624
0.466609
0.466609
0.738037
0.738037
0.080115
0.080115
0.040319
0.040319
0.104493
0.104493
0.478471
0.478471
0.076933
0.076933
0.160964
0.160964
0.219676
0.219676
0.153973
0.153973
0.045187
0.045187
0.047097
0.047097
0.149470
0.149470
0.071224
0.071224
0.354442
0.354442
0.090408
0.090408
0.128012
0.128012
0.084402
0.084402
0.034958
0.034958
0.077312
0.077312
0.156433
0.156433
0.054617
0.054617
0.078294
0.078294
0.211671
0.211671
0.139223
0.139223
0.313611
0.313611
0.278674
0.278674
0.025256
0.025256
0.085230
0.085230
0.228184
0.228184
0.203096
0.203096
0.132620
0.132620
0.104088
0.104088
0.061307
0.061307
0.053457
0.053457
0.170653
0.170653
0.232932
0.232932
0.046918
0.046918
0.086206
0.086206
0.097092
0.097092
0.150289
0.150289
0.141376
0.141376
0.024275
0.024275
0.357030
0.357030
0.151205
0.151205
0.024600
0.024600
0.043699
0.043699
0.087108
0.087108
0.028423
0.028423
0.192711
0.192711
0.053815
0.053815
0.059399
0.059399
0.057835
0.057835
0.017695
0.017695
0.105264
0.105264
0.062218
0.062218
0.160772
0.160772
0.129529
0.129529
0.027663
0.027663
0.490497
0.490497
0.051221
0.051221
0.145094
0.145094
0.126831
0.126831
0.092373
0.092373
0.223553
0.223553
0.050802
0.050802
0.170209
0.170209
0.084777
0.084777
0.059269
0.059269
0.233989
0.233989
0.152904
0.152904
0.022529
0.022529
0.130509
0.130509
0.151596
0.151596
0.076156
0.076156
0.069633
0.069633
0.427226
0.427226
0.259357
0.259357
0.084936
0.084936
0.059729
0.059729
0.272320
0.272320
0.076586
0.076586
0.082985
0.082985
0.095219
0.095219
0.392150
0.392150
0.142727
0.142727
0.062070
0.062070
0.029025
0.029025
0.216857
0.216857
0.149928
0.149928
0.286512
0.286512
0.066893
0.066893
0.782603
0.782603
0.123477
0.123477
0.063008
0.063008
0.138211
0.138211
0.032498
0.032498
0.170919
0.170919
0.161003
0.161003
0.034453
0.034453
0.052213
0.052213
0.334720
0.334720
0.339000
0.339000
0.171437
0.171437
0.087154
0.087154
0.233348
0.233348
0.291560
0.291560
0.148483
0.148483
0.069538
0.069538
0.081216
0.081216
0.077653
0.077653
0.117498
0.117498
0.155539
0.155539
0.025324
0.025324
0.175690
0.175690
0.467249
0.467249
0.071273
0.071273
0.165121
0.165121
0.154634
0.154634
0.055370
0.055370
0.041846
0.041846
0.052012
0.052012
0.118236
0.118236
0.096200
0.096200
0.016174
0.016174
0.074785
0.074785
0.047504
0.047504
0.428401
0.428401
0.061273
0.061273
0.170520
0.170520
0.051713
0.051713
0.060770
0.060770
0.062128
0.062128
0.034238
0.034238
0.140260
0.140260
0.088086
0.088086
0.225330
0.225330
0.128216
0.128216
0.164477
0.164477
0.080369
0.080369
0.263655
0.263655
0.056666
0.056666
0.281536
0.281536
0.228396
0.228396
0.000522
0.000522
0.054231
0.054231
0.190685
0.190685
0.033513
0.033513
0.034417
0.034417
0.364274
0.364274
0.155685
0.155685
0.298810
0.298810
0.090888
0.090888
0.108578
0.108578
0.082576
0.082576
0.017094
0.017094
0.046290
0.046290
0.147879
0.147879
0.067373
0.067373
0.060045
0.060045
0.018788
0.018788
0.239547
0.239547
0.223760
0.223760
0.087114
0.087114
0.097380
0.097380
0.063389
0.063389
0.069361
0.069361
0.011942
0.011942
0.169014
0.169014
0.060110
0.060110
0.333087
0.333087
0.045494
0.045494
0.076304
0.076304
0.288165
0.288165
0.306849
0.306849
0.227706
0.227706
0.167159
0.167159
0.153089
0.153089
0.138571
0.138571
0.048928
0.048928
0.275265
0.275265
0.122086
0.122086
0.180341
0.180341
0.072001
0.072001
0.092475
0.092475
0.170904
0.170904
0.147435
0.147435
0.192002
0.192002
0.085594
0.085594
0.142218
0.142218
0.056511
0.056511
0.053939
0.053939
0.140053
0.140053
0.129164
0.129164
0.202299
0.202299
0.123005
0.123005
0.141579
0.141579
0.102305
0.102305
0.078219
0.078219
0.046666
0.046666
0.176033
0.176033
0.015105
0.015105
0.029124
0.029124
0.034316
0.034316
0.199977
0.199977
0.064363
0.064363
0.090116
0.090116
0.140977
0.140977
0.260481
0.260481
0.365131
0.365131
0.490517
0.490517
0.128777
0.128777
0.292374
0.292374
0.091231
0.091231
0.364154
0.364154
0.118088
0.118088
0.133752
0.133752
0.308391
0.308391
0.104205
0.104205
0.148524
0.148524
0.050048
0.050048
0.174145
0.174145
0.157268
0.157268
0.019104
0.019104
0.318450
0.318450
0.078564
0.078564
0.154050
0.154050
0.100314
0.100314
0.046592
0.046592
0.046008
0.046008
0.059433
0.059433
0.235006
0.235006
0.052086
0.052086
0.058383
0.058383
0.041322
0.041322
0.227470
0.227470
0.124449
0.124449
0.086686
0.086686
0.074124
0.074124
0.212787
0.212787
0.084321
0.084321
0.051464
0.051464
0.056289
0.056289
0.205576
0.205576
0.086261
0.086261
0.013168
0.013168
0.258032
0.258032
0.302576
0.302576
0.068288
0.068288
0.135646
0.135646
0.270496
0.270496
0.359930
0.359930
0.173617
0.173617
0.112778
0.112778
0.120545
0.120545
0.344341
0.344341
0.435635
0.435635
0.062624
0.062624
0.149593
0.149593
0.027155
0.027155
0.171426
0.171426
0.084119
0.084119
0.522167
0.522167
0.237226
0.237226
0.049540
0.049540
0.126298
0.126298
0.071036
0.071036
0.278031
0.278031
0.058160
0.058160
0.098171
0.098171
0.321205
0.321205
0.285236
0.285236
0.068404
0.068404
0.385028
0.385028
0.137561
0.137561
0.603162
0.603162
0.065834
0.065834
0.047848
0.047848
0.261405
0.261405
0.057333
0.057333
0.019986
0.019986
0.025240
0.025240
0.049929
0.049929
0.099337
0.099337
0.356196
0.356196
0.223171
0.223171
0.344477
0.344477
0.075369
0.075369
0.144332
0.144332
0.035858
0.035858
0.048364
0.048364
0.455430
0.455430
0.078023
0.078023
0.108974
0.108974
0.259876
0.259876
0.057747
0.057747
0.130557
0.130557
0.325758
0.325758
0.193670
0.193670
0.146196
0.146196
0.123269
0.123269
0.210937
0.210937
0.273072
0.273072
0.222042
0.222042
0.112159
0.112159
0.039886
0.039886
0.173473
0.173473
0.141076
0.141076
0.036356
0.036356
0.110199
0.110199
0.077632
0.077632
0.059248
0.059248
0.144679
0.144679
0.369051
0.369051
0.131257
0.131257
0.123752
0.123752
0.043866
0.043866
0.055980
0.055980
0.155720
0.155720
0.148062
0.148062
0.242929
0.242929
0.113447
0.113447
0.055888
0.055888
0.090828
0.090828
0.309812
0.309812
0.056660
0.056660
0.100020
0.100020
0.085168
0.085168
0.075559
0.075559
0.171816
0.171816
0.210202
0.210202
0.092498
0.092498
0.063273
0.063273
0.591750
0.591750
0.071048
0.071048
0.053203
0.053203
0.261624
0.261624
0.015744
0.015744
0.281769
0.281769
0.100364
0.100364
0.009730
0.009730
0.089766
0.089766
0.446230
0.446230
0.095757
0.095757
0.627781
0.627781
0.029438
0.029438
0.047085
0.047085
0.046487
0.046487
0.053312
0.053312
0.078414
0.078414
0.282183
0.282183
0.092193
0.092193
0.220710
0.220710
0.169547
0.169547
0.189992
0.189992
0.070473
0.070473
0.072938
0.072938
0.166739
0.166739
0.033265
0.033265
0.197774
0.197774
0.139621
0.139621
0.282818
0.282818
0.065976
0.065976
0.113207
0.113207
0.038430
0.038430
0.192722
0.192722
0.030410
0.030410
0.047041
0.047041
0.089086
0.089086
0.059827
0.059827
0.148259
0.148259
0.153567
0.153567
0.038967
0.038967
0.089276
0.089276
0.049222
0.049222
0.196342
0.196342
0.070503
0.070503
0.043543
0.043543
0.057083
0.057083
0.335213
0.335213
0.037327
0.037327
0.082482
0.082482
0.227020
0.227020
0.041928
0.041928
0.123653
0.123653
0.062445
0.062445
0.087700
0.087700
0.204919
0.204919
0.071652
0.071652
0.017888
0.017888
0.255436
0.255436
0.084578
0.084578
0.137840
0.137840
0.071296
0.071296
0.125710
0.125710
0.182333
0.182333
0.182226
0.182226
0.042746
0.042746
0.097719
0.097719
0.041372
0.041372
0.017626
0.017626
0.040445
0.040445
0.031457
0.031457
0.153083
0.153083
0.079460
0.079460
0.373951
0.373951
0.346160
0.346160
0.023588
0.023588
0.018189
0.018189
0.065441
0.065441
0.045934
0.045934
0.510071
0.510071
0.202235
0.202235
0.189252
0.189252
0.171119
0.171119
0.043644
0.043644
0.190630
0.190630
0.050106
0.050106
0.112063
0.112063
0.069596
0.069596
0.136738
0.136738
0.143514
0.143514
0.067977
0.067977
0.058334
0.058334
0.040636
0.040636
0.042899
0.042899
0.273752
0.273752
0.076026
0.076026
0.367161
0.367161
0.419113
0.419113
0.174738
0.174738
0.028364
0.028364
0.167510
0.167510
0.163956
0.163956
0.423703
0.423703
0.294338
0.294338
0.512055
0.512055
0.152065
0.152065
0.169692
0.169692
0.127375
0.127375
0.129557
0.129557
0.040910
0.040910
0.581325
0.581325
0.068575
0.068575
0.389290
0.389290
0.095725
0.095725
0.088351
0.088351
0.167646
0.167646
0.264845
0.264845
0.183054
0.183054
0.057732
0.057732
0.116422
0.116422
0.142679
0.142679
0.412054
0.412054
0.328624
0.328624
0.288348
0.288348
0.227133
0.227133
0.053397
0.053397
0.118042
0.118042
0.240337
0.240337
0.109513
0.109513
0.286969
0.286969
0.079545
0.079545
0.204274
0.204274
0.115922
0.115922
0.043219
0.043219
0.029956
0.029956
0.106122
0.106122
0.150318
0.150318
0.054105
0.054105
0.205156
0.205156
0.388010
0.388010
0.015882
0.015882
0.130979
0.130979
0.144322
0.144322
0.131788
0.131788
0.181952
0.181952
0.091026
0.091026
0.222629
0.222629
0.121924
0.121924
0.053348
0.053348
0.095937
0.095937
0.277178
0.277178
0.104615
0.104615
0.307759
0.307759
0.088293
0.088293
0.107476
0.107476
0.276043
0.276043
0.042282
0.042282
0.219261
0.219261
0.148043
0.148043
0.235134
0.235134
0.114429
0.114429
0.141780
0.141780
0.080555
0.080555
0.198270
0.198270
0.057989
0.057989
0.265700
0.265700
0.080795
0.080795
0.119948
0.119948
0.038120
0.038120
0.038344
0.038344
0.132718
0.132718
0.088619
0.088619
0.226637
0.226637
0.071809
0.071809
0.267489
0.267489
0.028275
0.028275
0.041828
0.041828
0.085333
0.085333
0.092360
0.092360
0.120666
0.120666
0.334562
0.334562
0.055910
0.055910
0.085242
0.085242
0.064819
0.064819
0.582756
0.582756
0.179353
0.179353
0.102402
0.102402
0.249592
0.249592
0.031765
0.031765
0.105999
0.105999
0.108372
0.108372
0.089288
0.089288
0.098626
0.098626
0.053108
0.053108
0.210996
0.210996
0.153738
0.153738
0.066906
0.066906
0.208485
0.208485
0.075084
0.075084
0.458370
0.458370
0.093545
0.093545
0.336992
0.336992
0.226595
0.226595
0.073598
0.073598
0.000011
0.000011
0.110952
0.110952
0.067080
0.067080
0.177075
0.177075
0.268309
0.268309
0.367140
0.367140
0.276232
0.276232
0.067632
0.067632
0.145039
0.145039
0.077076
0.077076
0.365402
0.365402
0.079633
0.079633
0.095574
0.095574
0.064995
0.064995
0.101485
0.101485
0.113428
0.113428
0.087885
0.087885
0.186828
0.186828
0.112511
0.112511
0.035043
0.035043
0.108153
0.108153
0.643629
0.643629
0.049918
0.049918
0.226779
0.226779
0.117126
0.117126
0.052959
0.052959
0.089469
0.089469
0.501047
0.501047
0.129959
0.129959
0.083497
0.083497
0.048088
0.048088
0.050101
0.050101
0.068616
0.068616
0.096361
0.096361
0.140080
0.140080
0.057703
0.057703
0.030277
0.030277
0.052812
0.052812
0.350882
0.350882
0.120316
0.120316
0.045158
0.045158
0.130988
0.130988
0.116811
0.116811
0.108210
0.108210
0.072057
0.072057
0.103768
0.103768
0.053038
0.053038
0.143072
0.143072
0.105492
0.105492
0.677572
0.677572
0.059715
0.059715
0.096490
0.096490
0.019415
0.019415
0.042831
0.042831
0.097450
0.097450
0.042263
0.042263
0.145669
0.145669
0.424747
0.424747
0.374548
0.374548
0.171319
0.171319
0.149543
0.149543
0.094287
0.094287
0.060234
0.060234
0.123082
0.123082
0.116213
0.116213
0.276097
0.276097
0.346253
0.346253
0.044826
0.044826
0.303817
0.303817
0.090561
0.090561
0.051853
0.051853
0.106797
0.106797
0.216874
0.216874
0.040853
0.040853
0.270349
0.270349
0.018718
0.018718
0.066101
0.066101
0.125974
0.125974
0.223440
0.223440
0.143268
0.143268
0.093121
0.093121
0.030262
0.030262
0.082194
0.082194
0.133727
0.133727
0.242620
0.242620
0.087715
0.087715
0.039991
0.039991
0.138081
0.138081
0.090161
0.090161
0.368542
0.368542
0.028064
0.028064
0.055920
0.055920
0.096535
0.096535
0.122177
0.122177
0.396454
0.396454
0.115606
0.115606
0.148010
0.148010
0.021804
0.021804
0.080305
0.080305
0.343719
0.343719
0.101778
0.101778
0.027706
0.027706
0.030663
0.030663
0.141041
0.141041
0.072171
0.072171
0.126836
0.126836
0.268478
0.268478
0.020270
0.020270
0.320051
0.320051
0.161011
0.161011
0.027184
0.027184
0.065850
0.065850
0.029451
0.029451
0.538798
0.538798
0.179348
0.179348
0.271761
0.271761
0.205520
0.205520
0.135338
0.135338
0.084234
0.084234
0.046439
0.046439
0.037897
0.037897
0.116749
0.116749
0.025445
0.025445
0.187389
0.187389
0.321618
0.321618
0.187499
0.187499
0.109640
0.109640
0.024192
0.024192
0.161443
0.161443
0.089548
0.089548
0.065293
0.065293
0.473116
0.473116
0.047537
0.047537
0.144017
0.144017
0.144260
0.144260
0.250593
0.250593
0.146458
0.146458
0.329553
0.329553
0.452760
0.452760
0.018202
0.018202
0.026248
0.026248
0.109548
0.109548
0.333648
0.333648
0.242658
0.242658
0.064445
0.064445
0.034046
0.034046
0.071387
0.071387
0.232911
0.232911
0.201997
0.201997
0.103285
0.103285
0.121882
0.121882
0.057674
0.057674
0.278146
0.278146
0.142573
0.142573
0.122386
0.122386
0.049730
0.049730
0.015935
0.015935
0.186823
0.186823
0.060284
0.060284
0.214732
0.214732
0.198531
0.198531
0.091856
0.091856
0.038489
0.038489
0.021727
0.021727
0.081265
0.081265
0.259614
0.259614
0.066600
0.066600
0.363248
0.363248
0.137149
0.137149
0.098472
0.098472
0.156850
0.156850
0.017885
0.017885
0.404473
0.404473
0.213459
0.213459
0.093254
0.093254
0.093539
0.093539
0.038395
0.038395
0.405129
0.405129
0.336684
0.336684
0.145775
0.145775
0.019766
0.019766
0.099557
0.099557
0.130423
0.130423
0.110660
0.110660
0.067380
0.067380
0.208002
0.208002
0.195245
0.195245
0.219508
0.219508
0.036046
0.036046
0.058617
0.058617
0.234561
0.234561
0.271092
0.271092
0.062486
0.062486
0.053980
0.053980
0.131427
0.131427
0.113220
0.113220
0.088996
0.088996
0.407781
0.407781
0.146206
0.146206
0.137659
0.137659
0.051418
0.051418
0.529931
0.529931
0.032020
0.032020
0.337605
0.337605
0.085871
0.085871
0.360767
0.360767
0.164300
0.164300
0.141100
0.141100
0.145777
0.145777
0.080997
0.080997
0.025980
0.025980
0.082501
0.082501
0.166277
0.166277
0.088218
0.088218
0.274241
0.274241
0.136238
0.136238
0.113071
0.113071
0.179411
0.179411
0.226869
0.226869
0.039421
0.039421
0.395041
0.395041
0.136887
0.136887
0.106487
0.106487
0.294126
0.294126
0.512948
0.512948
0.091958
0.091958
0.115388
0.115388
0.050791
0.050791
0.062728
0.062728
0.154815
0.154815
0.135133
0.135133
0.208853
0.208853
0.039282
0.039282
0.207318
0.207318
0.250077
0.250077
0.171885
0.171885
0.113721
0.113721
0.096520
0.096520
0.121245
0.121245
0.057825
0.057825
0.156794
0.156794
0.140428
0.140428
0.030393
0.030393
0.386120
0.386120
0.090037
0.090037
0.027681
0.027681
0.078327
0.078327
0.213065
0.213065
0.034277
0.034277
0.124489
0.124489
0.039199
0.039199
0.104270
0.104270
0.224912
0.224912
0.072426
0.072426
0.027995
0.027995
0.333107
0.333107
0.237489
0.237489
0.234599
0.234599
0.358100
0.358100
0.250133
0.250133
0.125447
0.125447
0.103625
0.103625
0.442028
0.442028
0.068416
0.068416
0.222098
0.222098
0.403160
0.403160
0.063091
0.063091
0.199409
0.199409
0.151349
0.151349
0.059687
0.059687
0.108626
0.108626
0.217947
0.217947
0.045099
0.045099
0.159387
0.159387
0.117299
0.117299
0.095280
0.095280
0.224852
0.224852
0.059402
0.059402
0.093292
0.093292
0.091102
0.091102
0.217364
0.217364
0.130224
0.130224
0.175096
0.175096
0.180100
0.180100
0.138785
0.138785
0.019294
0.019294
0.107483
0.107483
0.026197
0.026197
0.320696
0.320696
0.045114
0.045114
0.089909
0.089909
0.060092
0.060092
0.390706
0.390706
0.051798
0.051798
0.092393
0.092393
0.104463
0.104463
0.066740
0.066740
0.147117
0.147117
0.231941
0.231941
0.077195
0.077195
0.104702
0.104702
0.269375
0.269375
0.017505
0.017505
0.103853
0.103853
0.346955
0.346955
0.170997
0.170997
0.170503
0.170503
0.179422
0.179422
0.035707
0.035707
0.093318
0.093318
0.095957
0.095957
0.089936
0.089936
0.053311
0.053311
0.048945
0.048945
0.093666
0.093666
0.145465
0.145465
0.093037
0.093037
0.454460
0.454460
0.058631
0.058631
0.196534
0.196534
0.153838
0.153838
0.121324
0.121324
0.055682
0.055682
0.037504
0.037504
0.254099
0.254099
0.152284
0.152284
0.037348
0.037348
0.059475
0.059475
0.102478
0.102478
0.072483
0.072483
0.180173
0.180173
0.339709
0.339709
0.053321
0.053321
0.193462
0.193462
0.362035
0.362035
0.125946
0.125946
0.024361
0.024361
0.079447
0.079447
0.097315
0.097315
0.080426
0.080426
0.131715
0.131715
0.228565
0.228565
0.083643
0.083643
0.073015
0.073015
0.052103
0.052103
0.055946
0.055946
0.237548
0.237548
0.214072
0.214072
0.033271
0.033271
0.102137
0.102137
0.227384
0.227384
0.139996
0.139996
0.560162
0.560162
0.116952
0.116952
0.192895
0.192895
0.126327
0.126327
0.216878
0.216878
0.075574
0.075574
0.180072
0.180072
0.115140
0.115140
0.119661
0.119661
0.061196
0.061196
0.022124
0.022124
0.055121
0.055121
0.201645
0.201645
0.047623
0.047623
0.056409
0.056409
0.200965
0.200965
0.083842
0.083842
0.098194
0.098194
0.064086
0.064086
0.501692
0.501692
0.055805
0.055805
0.048808
0.048808
0.049678
0.049678
0.059353
0.059353
0.121957
0.121957
0.094832
0.094832
0.091503
0.091503
0.215203
0.215203
0.056411
0.056411
0.084488
0.084488
0.072913
0.072913
0.148047
0.148047
0.319098
0.319098
0.258357
0.258357
0.335285
0.335285
0.203812
0.203812
0.065985
0.065985
0.154123
0.154123
0.205048
0.205048
0.018051
0.018051
0.000114
0.000114
0.018916
0.018916
0.054448
0.054448
0.060203
0.060203
0.128720
0.128720
0.153197
0.153197
0.310498
0.310498
0.122791
0.122791
0.425518
0.425518
0.015351
0.015351
0.075129
0.075129
0.458789
0.458789
0.211793
0.211793
0.091252
0.091252
0.211330
0.211330
0.199110
0.199110
0.082414
0.082414
0.086192
0.086192
0.073858
0.073858
0.115847
0.115847
0.187611
0.187611
0.153145
0.153145
0.421141
0.421141
0.180564
0.180564
0.064079
0.064079
0.083560
0.083560
0.334085
0.334085
0.028205
0.028205
0.192002
0.192002
0.047486
0.047486
0.056627
0.056627
0.030174
0.030174
0.265889
0.265889
0.131873
0.131873
0.236450
0.236450
0.438406
0.438406
0.101972
0.101972
0.030411
0.030411
0.097819
0.097819
0.297084
0.297084
0.250528
0.250528
0.296366
0.296366
0.298580
0.298580
0.132490
0.132490
0.075906
0.075906
0.022956
0.022956
0.150570
0.150570
0.141692
0.141692
0.120941
0.120941
0.250696
0.250696
0.241578
0.241578
0.431949
0.431949
0.169860
0.169860
0.022810
0.022810
0.150295
0.150295
0.206799
0.206799
0.053499
0.053499
0.086219
0.086219
0.170564
0.170564
0.171072
0.171072
0.253636
0.253636
0.208092
0.208092
0.140745
0.140745
0.098190
0.098190
0.406902
0.406902
0.070287
0.070287
0.113308
0.113308
0.131204
0.131204
0.117875
0.117875
0.291042
0.291042
0.044065
0.044065
0.065451
0.065451
0.267230
0.267230
0.022363
0.022363
0.273398
0.273398
0.215795
0.215795
0.104922
0.104922
0.096822
0.096822
0.113490
0.113490
0.093730
0.093730
0.255541
0.255541
0.028445
0.028445
0.446068
0.446068
0.073945
0.073945
0.325755
0.325755
0.159425
0.159425
0.324295
0.324295
0.122291
0.122291
0.040892
0.040892
0.074956
0.074956
0.037480
0.037480
0.016973
0.016973
0.096878
0.096878
0.083255
0.083255
0.052577
0.052577
0.124017
0.124017
0.152146
0.152146
0.011975
0.011975
0.178236
0.178236
0.034436
0.034436
0.156143
0.156143
0.188571
0.188571
0.115485
0.115485
0.135069
0.135069
0.034049
0.034049
0.126345
0.126345
0.009188
0.009188
0.044139
0.044139
0.088096
0.088096
0.100714
0.100714
0.118941
0.118941
0.022422
0.022422
0.057182
0.057182
0.195980
0.195980
0.260294
0.260294
0.151274
0.151274
0.095615
0.095615
0.231431
0.231431
0.019309
0.019309
0.371267
0.371267
0.040238
0.040238
0.263996
0.263996
0.399870
0.399870
0.080838
0.080838
0.154391
0.154391
0.149720
0.149720
0.183485
0.183485
0.039117
0.039117
0.061164
0.061164
0.066652
0.066652
0.231662
0.231662
0.054316
0.054316
0.234440
0.234440
0.045562
0.045562
0.229438
0.229438
0.064480
0.064480
0.112265
0.112265
0.061722
0.061722
0.262264
0.262264
0.121012
0.121012
0.030016
0.030016
0.204343
0.204343
0.234520
0.234520
0.024075
0.024075
0.040326
0.040326
0.161768
0.161768
0.286493
0.286493
0.173598
0.173598
0.153049
0.153049
0.078525
0.078525
0.104067
0.104067
0.091631
0.091631
0.168023
0.168023
0.030110
0.030110
0.061282
0.061282
0.117249
0.117249
0.293486
0.293486
0.231110
0.231110
0.130339
0.130339
0.054299
0.054299
0.471739
0.471739
0.013595
0.013595
0.190715
0.190715
0.164302
0.164302
0.300201
0.300201
0.154410
0.154410
0.087008
0.087008
0.025104
0.025104
0.134946
0.134946
0.184933
0.184933
0.243861
0.243861
0.047993
0.047993
0.230514
0.230514
0.081126
0.081126
0.143514
0.143514
0.317411
0.317411
0.152754
0.152754
0.025833
0.025833
0.094431
0.094431
0.070201
0.070201
0.021380
0.021380
0.058346
0.058346
0.327468
0.327468
0.080627
0.080627
0.229060
0.229060
0.057154
0.057154
0.073806
0.073806
0.108468
0.108468
0.298007
0.298007
0.094679
0.094679
0.402130
0.402130
0.044891
0.044891
0.094226
0.094226
0.049574
0.049574
0.135059
0.135059
0.023046
0.023046
1.108159
1.108159
0.266748
0.266748
0.096996
0.096996
0.039251
0.039251
0.105073
0.105073
0.197529
0.197529
0.173684
0.173684
0.219928
0.219928
0.039139
0.039139
0.021772
0.021772
0.026388
0.026388
0.057795
0.057795
0.128638
0.128638
0.177604
0.177604
0.062879
0.062879
0.203775
0.203775
0.064833
0.064833
0.043448
0.043448
0.437829
0.437829
0.143768
0.143768
0.279704
0.279704
0.047370
0.047370
0.108727
0.108727
0.294290
0.294290
0.274030
0.274030
0.100310
0.100310
0.081703
0.081703
0.075780
0.075780
0.161634
0.161634
0.290092
0.290092
0.065265
0.065265
0.070291
0.070291
0.208165
0.208165
0.174103
0.174103
0.019311
0.019311
0.069361
0.069361
0.142997
0.142997
0.042471
0.042471
0.087906
0.087906
0.348777
0.348777
0.367933
0.367933
0.178140
0.178140
0.119235
0.119235
0.049110
0.049110
0.078381
0.078381
0.198291
0.198291
0.075799
0.075799
0.059890
0.059890
0.164478
0.164478
0.257544
0.257544
0.102751
0.102751
0.165080
0.165080
0.133111
0.133111
0.575657
0.575657
0.034486
0.034486
0.077809
0.077809
0.178059
0.178059
0.256546
0.256546
0.472971
0.472971
0.123715
0.123715
0.122357
0.122357
0.078034
0.078034
0.440580
0.440580
0.113343
0.113343
0.123953
0.123953
0.035833
0.035833
0.072220
0.072220
0.076020
0.076020
0.110504
0.110504
0.094223
0.094223
0.222738
0.222738
0.287451
0.287451
0.301003
0.301003
0.044858
0.044858
0.256654
0.256654
0.040619
0.040619
0.084141
0.084141
0.181303
0.181303
0.124096
0.124096
0.125968
0.125968
0.058474
0.058474
0.263953
0.263953
0.107993
0.107993
0.144526
0.144526
0.062214
0.062214
0.124991
0.124991
0.219595
0.219595
0.060344
0.060344
0.087680
0.087680
0.175640
0.175640
0.079665
0.079665
0.086416
0.086416
0.156347
0.156347
0.026133
0.026133
0.067062
0.067062
0.106511
0.106511
0.112381
0.112381
0.351725
0.351725
0.325883
0.325883
0.090427
0.090427
0.124112
0.124112
0.112958
0.112958
0.061131
0.061131
0.051135
0.051135
0.266232
0.266232
0.201289
0.201289
0.077536
0.077536
0.203121
0.203121
0.120868
0.120868
0.095324
0.095324
0.057357
0.057357
0.137380
0.137380
0.153111
0.153111
0.140571
0.140571
0.023457
0.023457
0.023195
0.023195
0.027091
0.027091
0.209033
0.209033
0.119481
0.119481
0.033021
0.033021
0.047260
0.047260
0.120009
0.120009
0.192436
0.192436
0.024578
0.024578
0.087563
0.087563
0.017133
0.017133
0.098024
0.098024
0.063175
0.063175
0.173661
0.173661
0.117403
0.117403
0.106113
0.106113
0.089995
0.089995
0.213989
0.213989
0.587826
0.587826
0.043063
0.043063
0.382411
0.382411
0.695074
0.695074
0.033594
0.033594
0.115246
0.115246
0.283777
0.283777
0.041014
0.041014
0.025241
0.025241
0.072857
0.072857
0.102133
0.102133
0.090744
0.090744
0.095519
0.095519
0.035969
0.035969
0.014309
0.014309
0.092634
0.092634
0.046302
0.046302
0.082153
0.082153
0.129040
0.129040
0.054689
0.054689
0.206348
0.206348
0.035372
0.035372
0.436180
0.436180
0.062478
0.062478
0.316263
0.316263
0.105719
0.105719
0.070579
0.070579
0.071400
0.071400
0.045460
0.045460
0.013861
0.013861
0.048318
0.048318
0.015574
0.015574
0.025949
0.025949
0.121978
0.121978
0.350278
0.350278
0.090773
0.090773
0.326469
0.326469
0.100779
0.100779
0.400986
0.400986
0.136069
0.136069
0.047994
0.047994
0.152570
0.152570
0.241549
0.241549
0.095701
0.095701
0.145827
0.145827
0.341240
0.341240
0.091948
0.091948
0.168127
0.168127
0.190781
0.190781
0.075612
0.075612
0.171839
0.171839
0.053054
0.053054
0.232871
0.232871
0.253221
0.253221
0.158129
0.158129
0.135050
0.135050
0.196654
0.196654
0.069064
0.069064
0.027938
0.027938
0.456646
0.456646
0.077051
0.077051
0.211787
0.211787
0.064421
0.064421
0.019454
0.019454
0.033600
0.033600
0.180175
0.180175
0.223557
0.223557
0.142797
0.142797
0.042946
0.042946
0.075580
0.075580
0.071151
0.071151
0.157984
0.157984
0.319602
0.319602
0.215101
0.215101
0.050912
0.050912
0.333507
0.333507
0.218429
0.218429
0.148328
0.148328
0.310786
0.310786
0.178023
0.178023
0.233553
0.233553
0.086814
0.086814
0.030497
0.030497
0.156792
0.156792
0.180146
0.180146
0.029017
0.029017
0.286495
0.286495
0.128777
0.128777
0.241939
0.241939
0.183034
0.183034
0.060421
0.060421
0.115265
0.115265
0.224103
0.224103
0.204178
0.204178
0.049156
0.049156
0.028082
0.028082
0.133887
0.133887
0.085314
0.085314
0.031773
0.031773
0.020480
0.020480
0.251839
0.251839
0.018858
0.018858
0.238257
0.238257
0.145175
0.145175
0.098578
0.098578
0.230337
0.230337
0.077286
0.077286
0.249087
0.249087
0.080426
0.080426
0.156091
0.156091
0.077765
0.077765
0.189934
0.189934
0.087396
0.087396
0.264060
0.264060
0.253021
0.253021
0.077675
0.077675
0.017267
0.017267
0.139112
0.139112
0.484029
0.484029
0.047804
0.047804
0.044218
0.044218
0.223877
0.223877
0.054463
0.054463
0.239293
0.239293
0.071078
0.071078
0.052796
0.052796
0.017867
0.017867
0.209494
0.209494
0.143890
0.143890
0.066710
0.066710
0.069922
0.069922
0.042902
0.042902
0.072858
0.072858
0.170319
0.170319
0.117647
0.117647
0.076270
0.076270
0.104422
0.104422
0.202537
0.202537
0.312220
0.312220
0.472066
0.472066
0.028810
0.028810
0.036191
0.036191
0.045037
0.045037
0.184894
0.184894
0.150037
0.150037
0.083727
0.083727
0.245645
0.245645
0.215954
0.215954
0.063428
0.063428
0.062081
0.062081
0.426067
0.426067
0.034141
0.034141
0.011391
0.011391
0.107458
0.107458
0.060118
0.060118
0.078491
0.078491
0.140935
0.140935
0.021160
0.021160
0.125104
0.125104
0.108266
0.108266
0.062834
0.062834
0.043821
0.043821
0.027785
0.027785
0.179240
0.179240
0.319388
0.319388
0.047420
0.047420
0.188991
0.188991
0.454608
0.454608
0.114047
0.114047
0.048102
0.048102
0.096170
0.096170
0.148844
0.148844
0.175479
0.175479
0.034534
0.034534
0.065372
0.065372
0.029011
0.029011
0.181436
0.181436
0.267434
0.267434
0.460760
0.460760
0.032310
0.032310
0.101491
0.101491
0.459182
0.459182
0.162601
0.162601
0.055177
0.055177
0.230529
0.230529
0.187409
0.187409
0.043880
0.043880
0.216223
0.216223
0.103585
0.103585
0.132970
0.132970
0.237596
0.237596
0.039634
0.039634
0.046652
0.046652
0.272698
0.272698
0.273636
0.273636
0.022072
0.022072
0.054119
0.054119
0.026586
0.026586
0.291031
0.291031
0.162272
0.162272
0.092787
0.092787
0.042987
0.042987
0.481971
0.481971
0.106244
0.106244
0.089859
0.089859
0.034565
0.034565
0.222893
0.222893
0.130092
0.130092
0.758536
0.758536
0.106994
0.106994
0.109494
0.109494
0.036763
0.036763
0.068191
0.068191
0.221402
0.221402
0.146149
0.146149
0.089334
0.089334
0.274360
0.274360
0.079254
0.079254
0.030140
0.030140
0.188114
0.188114
0.072611
0.072611
0.087467
0.087467
0.050508
0.050508
0.124204
0.124204
0.238529
0.238529
0.083265
0.083265
0.031398
0.031398
0.316976
0.316976
0.291028
0.291028
0.534863
0.534863
0.210190
0.210190
0.077583
0.077583
0.083305
0.083305
0.032567
0.032567
0.268889
0.268889
0.427813
0.427813
0.435046
0.435046
0.135606
0.135606
0.339543
0.339543
0.044105
0.044105
0.036693
0.036693
0.208910
0.208910
0.109404
0.109404
0.049292
0.049292
0.053701
0.053701
0.038194
0.038194
0.069453
0.069453
0.067320
0.067320
0.113362
0.113362
0.431358
0.431358
0.031832
0.031832
0.169800
0.169800
0.030573
0.030573
0.099953
0.099953
0.164635
0.164635
0.382328
0.382328
0.061017
0.061017
0.020335
0.020335
0.091058
0.091058
0.000342
0.000342
0.094822
0.094822
0.051291
0.051291
0.229333
0.229333
0.157754
0.157754
0.102682
0.102682
0.177294
0.177294
0.382307
0.382307
0.052682
0.052682
0.084155
0.084155
0.044950
0.044950
0.073978
0.073978
0.058578
0.058578
0.081632
0.081632
0.154349
0.154349
0.381516
0.381516
0.132066
0.132066
0.158890
0.158890
0.405724
0.405724
0.148858
0.148858
0.036045
0.036045
0.033045
0.033045
0.247643
0.247643
0.174852
0.174852
0.098852
0.098852
0.147888
0.147888
0.089679
0.089679
0.041274
0.041274
0.228248
0.228248
0.185997
0.185997
0.056277
0.056277
0.346089
0.346089
0.089858
0.089858
0.177419
0.177419
0.206971
0.206971
0.096417
0.096417
0.103678
0.103678
0.067958
0.067958
0.104114
0.104114
0.032044
0.032044
0.110057
0.110057
0.332437
0.332437
0.081818
0.081818
0.150398
0.150398
0.046778
0.046778
0.426376
0.426376
0.113333
0.113333
0.146104
0.146104
0.096583
0.096583
0.346016
0.346016
0.286113
0.286113
0.109943
0.109943
0.130146
0.130146
0.013212
0.013212
0.022822
0.022822
0.128424
0.128424
0.094151
0.094151
0.058124
0.058124
0.303340
0.303340
0.149941
0.149941
0.048442
0.048442
0.061895
0.061895
0.115490
0.115490
0.131385
0.131385
0.034032
0.034032
0.364336
0.364336
0.180128
0.180128
0.331536
0.331536
0.237087
0.237087
0.155467
0.155467
0.100639
0.100639
0.428617
0.428617
0.037740
0.037740
0.261481
0.261481
0.038218
0.038218
0.413383
0.413383
0.036436
0.036436
0.098789
0.098789
0.161214
0.161214
0.226329
0.226329
0.190561
0.190561
0.204467
0.204467
0.113510
0.113510
0.034909
0.034909
0.091220
0.091220
0.247424
0.247424
0.016250
0.016250
0.158641
0.158641
0.094539
0.094539
0.224668
0.224668
0.111477
0.111477
0.605977
0.605977
0.064161
0.064161
0.217770
0.217770
0.124169
0.124169
0.342161
0.342161
0.063629
0.063629
0.096719
0.096719
0.050741
0.050741
0.030728
0.030728
0.076548
0.076548
0.227521
0.227521
0.048527
0.048527
0.334841
0.334841
0.140247
0.140247
0.304933
0.304933
0.022462
0.022462
0.260366
0.260366
0.085998
0.085998
0.114626
0.114626
0.218316
0.218316
0.115255
0.115255
0.063879
0.063879
0.109589
0.109589
0.061183
0.061183
0.260469
0.260469
0.288472
0.288472
0.115235
0.115235
0.040660
0.040660
0.142598
0.142598
0.026432
0.026432
0.441613
0.441613
0.502449
0.502449
0.137099
0.137099
0.033218
0.033218
0.075466
0.075466
0.442715
0.442715
0.102847
0.102847
0.201454
0.201454
0.073678
0.073678
0.330688
0.330688
0.073639
0.073639
0.041889
0.041889
0.160843
0.160843
0.109962
0.109962
0.015748
0.015748
0.159924
0.159924
0.073228
0.073228
0.393178
0.393178
0.026800
0.026800
0.009001
0.009001
0.079985
0.079985
0.070459
0.070459
0.068451
0.068451
0.081244
0.081244
0.320317
0.320317
0.220607
0.220607
0.033849
0.033849
0.020778
0.020778
0.153909
0.153909
0.102751
0.102751
0.118094
0.118094
0.164806
0.164806
0.132766
0.132766
0.323452
0.323452
0.039067
0.039067
0.245955
0.245955
0.025649
0.025649
0.024231
0.024231
0.099242
0.099242
0.154147
0.154147
0.128077
0.128077
0.042541
0.042541
0.165096
0.165096
0.054993
0.054993
0.022049
0.022049
0.325747
0.325747
0.086583
0.086583
0.076843
0.076843
0.120373
0.120373
0.071525
0.071525
0.083266
0.083266
0.083217
0.083217
0.123340
0.123340
0.207410
0.207410
0.216525
0.216525
0.252676
0.252676
0.032040
0.032040
0.061783
0.061783
0.461979
0.461979
0.222079
0.222079
0.033210
0.033210
0.366594
0.366594
0.059708
0.059708
0.266965
0.266965
0.242632
0.242632
0.042549
0.042549
0.208482
0.208482
0.029778
0.029778
0.068175
0.068175
0.055310
0.055310
0.066259
0.066259
0.106672
0.106672
0.043262
0.043262
0.088656
0.088656
0.104314
0.104314
0.347591
0.347591
0.082691
0.082691
0.025370
0.025370
0.213971
0.213971
0.060502
0.060502
0.048372
0.048372
0.061637
0.061637
0.137235
0.137235
0.340443
0.340443
0.107666
0.107666
0.135307
0.135307
0.164005
0.164005
0.132166
0.132166
0.034588
0.034588
0.056336
0.056336
0.082144
0.082144
0.125792
0.125792
0.206370
0.206370
0.101026
0.101026
0.072551
0.072551
0.304151
0.304151
0.214876
0.214876
0.152928
0.152928
0.315934
0.315934
0.119685
0.119685
0.133583
0.133583
0.014974
0.014974
0.063486
0.063486
0.122422
0.122422
0.142221
0.142221
0.239142
0.239142
0.184000
0.184000
0.078527
0.078527
0.670422
0.670422
0.231501
0.231501
0.080227
0.080227
0.236645
0.236645
0.496668
0.496668
0.134667
0.134667
0.249177
0.249177
0.298170
0.298170
0.237609
0.237609
0.073298
0.073298
0.164987
0.164987
0.205842
0.205842
0.082352
0.082352
0.196448
0.196448
0.032530
0.032530
0.103989
0.103989
0.071366
0.071366
0.082855
0.082855
0.121779
0.121779
0.193157
0.193157
0.019209
0.019209
0.031158
0.031158
0.163613
0.163613
0.137167
0.137167
0.143424
0.143424
0.424915
0.424915
0.089793
0.089793
0.058825
0.058825
0.111661
0.111661
0.074486
0.074486
0.073615
0.073615
0.126322
0.126322
0.099734
0.099734
0.047744
0.047744
0.053784
0.053784
0.185734
0.185734
0.123427
0.123427
0.076065
0.076065
0.165700
0.165700
0.049042
0.049042
0.193401
0.193401
0.394824
0.394824
0.055023
0.055023
0.184312
0.184312
0.127441
0.127441
0.039235
0.039235
0.033974
0.033974
0.037266
0.037266
0.219842
0.219842
0.151226
0.151226
0.117384
0.117384
0.109507
0.109507
0.102073
0.102073
0.330379
0.330379
0.200897
0.200897
0.022071
0.022071
0.131583
0.131583
0.064762
0.064762
0.304798
0.304798
0.071452
0.071452
0.106262
0.106262
0.130443
0.130443
0.379639
0.379639
0.258701
0.258701
0.131378
0.131378
0.286457
0.286457
0.075166
0.075166
0.102072
0.102072
0.502587
0.502587
0.030784
0.030784
0.228680
0.228680
0.477219
0.477219
0.109274
0.109274
0.107414
0.107414
0.344124
0.344124
0.051610
0.051610
0.050529
0.050529
0.200902
0.200902
0.052793
0.052793
0.398718
0.398718
0.155588
0.155588
0.085883
0.085883
0.078917
0.078917
0.028854
0.028854
0.056200
0.056200
0.111626
0.111626
0.185655
0.185655
0.042222
0.042222
0.078027
0.078027
0.241815
0.241815
0.093206
0.093206
0.289115
0.289115
0.297734
0.297734
0.225639
0.225639
0.176871
0.176871
0.297042
0.297042
0.094067
0.094067
0.059326
0.059326
0.262866
0.262866
0.070176
0.070176
0.222503
0.222503
0.188660
0.188660
0.018799
0.018799
0.076829
0.076829
0.035274
0.035274
0.155994
0.155994
0.029647
0.029647
0.110874
0.110874
0.222434
0.222434
0.025567
0.025567
0.104490
0.104490
0.188718
0.188718
0.233368
0.233368
0.119782
0.119782
0.078502
0.078502
0.061973
0.061973
0.021888
0.021888
0.011801
0.011801
0.121361
0.121361
0.665196
0.665196
0.461667
0.461667
0.118895
0.118895
0.079253
0.079253
0.161270
0.161270
0.255481
0.255481
0.275402
0.275402
0.059793
0.059793
0.124959
0.124959
0.078078
0.078078
0.062040
0.062040
0.069553
0.069553
0.020987
0.020987
0.084669
0.084669
0.064127
0.064127
0.114735
0.114735
0.104966
0.104966
0.047587
0.047587
0.119256
0.119256
0.068978
0.068978
0.145580
0.145580
0.358126
0.358126
0.145412
0.145412
0.111593
0.111593
0.075197
0.075197
0.175751
0.175751
0.098934
0.098934
0.289292
0.289292
0.114496
0.114496
0.055400
0.055400
0.104901
0.104901
0.027648
0.027648
0.235772
0.235772
0.153933
0.153933
0.123717
0.123717
0.041658
0.041658
0.064066
0.064066
0.071275
0.071275
0.359104
0.359104
0.095648
0.095648
0.248252
0.248252
0.094515
0.094515
0.051910
0.051910
0.197952
0.197952
0.023751
0.023751
0.226385
0.226385
0.141809
0.141809
0.081170
0.081170
0.136608
0.136608
0.064263
0.064263
0.060815
0.060815
0.164626
0.164626
0.212009
0.212009
0.123880
0.123880
0.045447
0.045447
0.034296
0.034296
0.252427
0.252427
0.175881
0.175881
0.034481
0.034481
0.197261
0.197261
0.187982
0.187982
0.013820
0.013820
0.184668
0.184668
0.027944
0.027944
0.120390
0.120390
0.072179
0.072179
0.049301
0.049301
0.340599
0.340599
0.103029
0.103029
0.559469
0.559469
0.110299
0.110299
0.045762
0.045762
0.688797
0.688797
0.041745
0.041745
0.076019
0.076019
0.166716
0.166716
0.228577
0.228577
0.033358
0.033358
0.031913
0.031913
0.070946
0.070946
0.038072
0.038072
0.270940
0.270940
0.079106
0.079106
0.051124
0.051124
0.060759
0.060759
0.037397
0.037397
0.146743
0.146743
0.076660
0.076660
0.450802
0.450802
0.047857
0.047857
0.333036
0.333036
0.260572
0.260572
0.177880
0.177880
0.057864
0.057864
0.494279
0.494279
0.058195
0.058195
0.092694
0.092694
0.112802
0.112802
0.114813
0.114813
0.090031
0.090031
0.296387
0.296387
0.071250
0.071250
0.105194
0.105194
0.168151
0.168151
0.033460
0.033460
0.037352
0.037352
0.050480
0.050480
0.021033
0.021033
0.275296
0.275296
0.377765
0.377765
0.504301
0.504301
0.065388
0.065388
0.052192
0.052192
0.293631
0.293631
0.249570
0.249570
0.031779
0.031779
0.338557
0.338557
0.223310
0.223310
0.107211
0.107211
0.126952
0.126952
0.024794
0.024794
0.194577
0.194577
0.164703
0.164703
0.062582
0.062582
0.214103
0.214103
0.019547
0.019547
0.095659
0.095659
0.346975
0.346975
0.146945
0.146945
0.229883
0.229883
0.273073
0.273073
0.045333
0.045333
0.442215
0.442215
0.335252
0.335252
0.235469
0.235469
0.127717
0.127717
0.125820
0.125820
0.060075
0.060075
0.133546
0.133546
0.062748
0.062748
0.468899
0.468899
0.527019
0.527019
0.067151
0.067151
0.025918
0.025918
0.052817
0.052817
0.060526
0.060526
0.197007
0.197007
0.016778
0.016778
0.087374
0.087374
0.166930
0.166930
0.027528
0.027528
0.231786
0.231786
0.248509
0.248509
0.044921
0.044921
0.404051
0.404051
0.230647
0.230647
0.196696
0.196696
0.121363
0.121363
0.062398
0.062398
0.130878
0.130878
0.162158
0.162158
0.073692
0.073692
0.073697
0.073697
0.148048
0.148048
0.064283
0.064283
0.500205
0.500205
0.184994
0.184994
0.311305
0.311305
0.159598
0.159598
0.164525
0.164525
0.021481
0.021481
0.110938
0.110938
0.071077
0.071077
0.075451
0.075451
0.048745
0.048745
0.185937
0.185937
0.078440
0.078440
0.127796
0.127796
0.095148
0.095148
0.126732
0.126732
0.071237
0.071237
0.039253
0.039253
0.054436
0.054436
0.183872
0.183872
0.412556
0.412556
0.059977
0.059977
0.108562
0.108562
0.057100
0.057100
0.145447
0.145447
0.098339
0.098339
0.098647
0.098647
0.122963
0.122963
0.043033
0.043033
0.031521
0.031521
0.085309
0.085309
0.165997
0.165997
0.078474
0.078474
0.279106
0.279106
0.062520
0.062520
0.307316
0.307316
0.261482
0.261482
0.144060
0.144060
0.208313
0.208313
0.167191
0.167191
0.074560
0.074560
0.328995
0.328995
0.112552
0.112552
0.048326
0.048326
0.039938
0.039938
0.059273
0.059273
0.094838
0.094838
0.112577
0.112577
0.100164
0.100164
0.106848
0.106848
0.236997
0.236997
0.180151
0.180151
0.184193
0.184193
0.058625
0.058625
0.044445
0.044445
0.204867
0.204867
0.135498
0.135498
0.200266
0.200266
0.047808
0.047808
0.159379
0.159379
0.141926
0.141926
0.109076
0.109076
0.317564
0.317564
0.131750
0.131750
0.034343
0.034343
0.137126
0.137126
0.242250
0.242250
0.132016
0.132016
0.110507
0.110507
0.053732
0.053732
0.093222
0.093222
0.104996
0.104996
0.098348
0.098348
0.111713
0.111713
0.062853
0.062853
0.050557
0.050557
0.000317
0.000317
0.211852
0.211852
0.433663
0.433663
0.240668
0.240668
0.081200
0.081200
0.101479
0.101479
0.114200
0.114200
0.071381
0.071381
0.019965
0.019965
0.060700
0.060700
0.103352
0.103352
0.062949
0.062949
0.150303
0.150303
0.065169
0.065169
0.157922
0.157922
0.030070
0.030070
0.082598
0.082598
0.063857
0.063857
0.143512
0.143512
0.034005
0.034005
0.052057
0.052057
0.075920
0.075920
0.124394
0.124394
0.044713
0.044713
0.074040
0.074040
0.113417
0.113417
0.518884
0.518884
0.126591
0.126591
0.129313
0.129313
0.212720
0.212720
0.095776
0.095776
0.029848
0.029848
0.325802
0.325802
0.456508
0.456508
0.140313
0.140313
0.349836
0.349836
0.376851
0.376851
0.149863
0.149863
0.302280
0.302280
0.126081
0.126081
0.309621
0.309621
0.024828
0.024828
0.032709
0.032709
0.513565
0.513565
0.088396
0.088396
0.053300
0.053300
0.152070
0.152070
0.060307
0.060307
0.076746
0.076746
0.303385
0.303385
0.258881
0.258881
0.319505
0.319505
0.389559
0.389559
0.568301
0.568301
0.120003
0.120003
0.092295
0.092295
0.158676
0.158676
0.029428
0.029428
0.076282
0.076282
0.070849
0.070849
0.151528
0.151528
0.091139
0.091139
0.038497
0.038497
0.152809
0.152809
0.115950
0.115950
0.161511
0.161511
0.147783
0.147783
0.046729
0.046729
0.062354
0.062354
0.187621
0.187621
0.040204
0.040204
0.060443
0.060443
0.213964
0.213964
0.178015
0.178015
0.064283
0.064283
0.027398
0.027398
0.186283
0.186283
0.066111
0.066111
0.077059
0.077059
0.206212
0.206212
0.025592
0.025592
0.160842
0.160842
0.050893
0.050893
0.198165
0.198165
0.131703
0.131703
0.252514
0.252514
0.086027
0.086027
0.062662
0.062662
0.117078
0.117078
0.101376
0.101376
0.025079
0.025079
0.499471
0.499471
0.044554
0.044554
0.108473
0.108473
0.323467
0.323467
0.062260
0.062260
0.018745
0.018745
0.077603
0.077603
0.035888
0.035888
0.235534
0.235534
0.117941
0.117941
0.035780
0.035780
0.221434
0.221434
0.247554
0.247554
0.064227
0.064227
0.082931
0.082931
0.077917
0.077917
0.016028
0.016028
0.024080
0.024080
0.070233
0.070233
0.152918
0.152918
0.148956
0.148956
0.278144
0.278144
0.052331
0.052331
0.260535
0.260535
0.027453
0.027453
0.061107
0.061107
0.020177
0.020177
0.041646
0.041646
0.241924
0.241924
0.081434
0.081434
0.097797
0.097797
0.073705
0.073705
0.223189
0.223189
0.225493
0.225493
0.123961
0.123961
0.365060
0.365060
0.484947
0.484947
0.491938
0.491938
0.139102
0.139102
0.067674
0.067674
0.075913
0.075913
0.078815
0.078815
0.193402
0.193402
0.079796
0.079796
0.012285
0.012285
0.082556
0.082556
0.295003
0.295003
0.142328
0.142328
0.109249
0.109249
0.114246
0.114246
0.036832
0.036832
0.047129
0.047129
0.098853
0.098853
0.033027
0.033027
0.053456
0.053456
0.102656
0.102656
0.182324
0.182324
0.069682
0.069682
0.065009
0.065009
0.025862
0.025862
0.321840
0.321840
0.287254
0.287254
0.197120
0.197120
0.730901
0.730901
0.125173
0.125173
0.124817
0.124817
0.148806
0.148806
0.084228
0.084228
0.110511
0.110511
0.034095
0.034095
0.307474
0.307474
0.081771
0.081771
0.252937
0.252937
0.105712
0.105712
0.046184
0.046184
0.102934
0.102934
0.416901
0.416901
0.185286
0.185286
0.043972
0.043972
0.110066
0.110066
0.095240
0.095240
0.269464
0.269464
0.275009
0.275009
0.182764
0.182764
0.091264
0.091264
0.133645
0.133645
0.203951
0.203951
0.069611
0.069611
0.230693
0.230693
0.129934
0.129934
0.369018
0.369018
0.058248
0.058248
0.050709
0.050709
0.033958
0.033958
0.192924
0.192924
0.040648
0.040648
0.064893
0.064893
0.109630
0.109630
0.316796
0.316796
0.081849
0.081849
0.228183
0.228183
0.072071
0.072071
0.031023
0.031023
0.047736
0.047736
0.360528
0.360528
0.004204
0.004204
0.042024
0.042024
0.361817
0.361817
0.311230
0.311230
0.062926
0.062926
0.316625
0.316625
0.082425
0.082425
0.073495
0.073495
0.078982
0.078982
0.038952
0.038952
0.278892
0.278892
0.489363
0.489363
0.097242
0.097242
0.034346
0.034346
0.071685
0.071685
0.062009
0.062009
0.437335
0.437335
0.135616
0.135616
0.072876
0.072876
0.054761
0.054761
0.086013
0.086013
0.034011
0.034011
0.060024
0.060024
0.315357
0.315357
0.164734
0.164734
0.087764
0.087764
0.344904
0.344904
0.122249
0.122249
0.095072
0.095072
0.076996
0.076996
0.104897
0.104897
0.057564
0.057564
0.169460
0.169460
0.161317
0.161317
0.087262
0.087262
0.245336
0.245336
0.292260
0.292260
0.025655
0.025655
0.064953
0.064953
0.105726
0.105726
0.355107
0.355107
0.072631
0.072631
0.690762
0.690762
0.409332
0.409332
0.370390
0.370390
0.189167
0.189167
0.117761
0.117761
0.221823
0.221823
0.196285
0.196285
0.019094
0.019094
0.132120
0.132120
0.115026
0.115026
0.080877
0.080877
0.124893
0.124893
0.057739
0.057739
0.046173
0.046173
0.187993
0.187993
0.197520
0.197520
0.150073
0.150073
0.104159
0.104159
0.081344
0.081344
0.428370
0.428370
0.235717
0.235717
0.030177
0.030177
0.267758
0.267758
0.028374
0.028374
0.172402
0.172402
0.129635
0.129635
0.081880
0.081880
0.079817
0.079817
0.049131
0.049131
0.159452
0.159452
0.189134
0.189134
0.090827
0.090827
0.469048
0.469048
0.160131
0.160131
0.012242
0.012242
0.229308
0.229308
0.113868
0.113868
0.248146
0.248146
0.104186
0.104186
0.029774
0.029774
0.043129
0.043129
0.522651
0.522651
0.092673
0.092673
0.060691
0.060691
0.037794
0.037794
0.121963
0.121963
0.149759
0.149759
0.301551
0.301551
0.034168
0.034168
0.129710
0.129710
0.099139
0.099139
0.054900
0.054900
0.037075
0.037075
0.112253
0.112253
0.052205
0.052205
0.073335
0.073335
0.331086
0.331086
0.022702
0.022702
0.087310
0.087310
0.070901
0.070901
0.162783
0.162783
0.039561
0.039561
0.115751
0.115751
0.127965
0.127965
0.050461
0.050461
0.153761
0.153761
0.314079
0.314079
0.192690
0.192690
0.251461
0.251461
0.270233
0.270233
0.163244
0.163244
0.091125
0.091125
0.148541
0.148541
0.101264
0.101264
0.078280
0.078280
0.118979
0.118979
0.175953
0.175953
0.089706
0.089706
0.463708
0.463708
0.042500
0.042500
0.100856
0.100856
0.048086
0.048086
0.220947
0.220947
0.051695
0.051695
0.036166
0.036166
0.044444
0.044444
0.076977
0.076977
0.272307
0.272307
0.162463
0.162463
0.155388
0.155388
0.230297
0.230297
0.069238
0.069238
0.098516
0.098516
0.052237
0.052237
0.125727
0.125727
0.066171
0.066171
0.094430
0.094430
0.211702
0.211702
0.142647
0.142647
0.249970
0.249970
0.069902
0.069902
0.093305
0.093305
0.147073
0.147073
0.131121
0.131121
0.044128
0.044128
0.076094
0.076094
0.199968
0.199968
0.082384
0.082384
0.074230
0.074230
0.372263
0.372263
0.023733
0.023733
0.124134
0.124134
0.322572
0.322572
0.157107
0.157107
0.199787
0.199787
0.158399
0.158399
0.029971
0.029971
0.301471
0.301471
0.094313
0.094313
0.080722
0.080722
0.147290
0.147290
0.175013
0.175013
0.146828
0.146828
0.062698
0.062698
0.097575
0.097575
0.024513
0.024513
0.223674
0.223674
0.139684
0.139684
0.126358
0.126358
0.007641
0.007641
0.234704
0.234704
0.151408
0.151408
0.035713
0.035713
0.050071
0.050071
0.127403
0.127403
0.302791
0.302791
0.058594
0.058594
0.049063
0.049063
0.043232
0.043232
0.078079
0.078079
0.081102
0.081102
0.269088
0.269088
0.190556
0.190556
0.102636
0.102636
0.186620
0.186620
0.103061
0.103061
0.197311
0.197311
0.571821
0.571821
0.250254
0.250254
0.065084
0.065084
0.103366
0.103366
0.093060
0.093060
0.044874
0.044874
0.076686
0.076686
0.002163
0.002163
0.070162
0.070162
0.127744
0.127744
0.051437
0.051437
0.141992
0.141992
0.262371
0.262371
0.092949
0.092949
0.066192
0.066192
0.267032
0.267032
0.506070
0.506070
0.052214
0.052214
0.268608
0.268608
0.050584
0.050584
0.050753
0.050753
0.023028
0.023028
0.230006
0.230006
0.030270
0.030270
0.050049
0.050049
0.115004
0.115004
0.229883
0.229883
0.178563
0.178563
0.151956
0.151956
0.079291
0.079291
0.124562
0.124562
0.069303
0.069303
0.024509
0.024509
0.178574
0.178574
0.152770
0.152770
0.184073
0.184073
0.025855
0.025855
0.035034
0.035034
0.020524
0.020524
0.167557
0.167557
0.055603
0.055603
0.089035
0.089035
0.071996
0.071996
0.142641
0.142641
0.097522
0.097522
0.214629
0.214629
0.284663
0.284663
0.029680
0.029680
0.186788
0.186788
0.034460
0.034460
0.179154
0.179154
0.320434
0.320434
0.197789
0.197789
0.063048
0.063048
0.027053
0.027053
0.186653
0.186653
0.140870
0.140870
0.132262
0.132262
0.040112
0.040112
0.163646
0.163646
0.256604
0.256604
0.083404
0.083404
0.135392
0.135392
0.148698
0.148698
0.199165
0.199165
0.533993
0.533993
0.078259
0.078259
0.055571
0.055571
0.058177
0.058177
0.031007
0.031007
0.035255
0.035255
0.323795
0.323795
0.210598
0.210598
0.021648
0.021648
0.101052
0.101052
0.125313
0.125313
0.019828
0.019828
0.106038
0.106038
0.086538
0.086538
0.019410
0.019410
0.232704
0.232704
0.055290
0.055290
0.292667
0.292667
0.042345
0.042345
0.208172
0.208172
0.153778
0.153778
0.260156
0.260156
0.264956
0.264956
0.227252
0.227252
0.063507
0.063507
0.037151
0.037151
0.175760
0.175760
0.222226
0.222226
0.107277
0.107277
0.211531
0.211531
0.050896
0.050896
0.220888
0.220888
0.153489
0.153489
0.083960
0.083960
0.373418
0.373418
0.525417
0.525417
0.273733
0.273733
0.123344
0.123344
0.080525
0.080525
0.166900
0.166900
0.051664
0.051664
0.264154
0.264154
0.147227
0.147227
0.089352
0.089352
0.064128
0.064128
0.077666
0.077666
0.078951
0.078951
0.159486
0.159486
0.058051
0.058051
0.034656
0.034656
0.170245
0.170245
0.055007
0.055007
0.339131
0.339131
0.155208
0.155208
0.206374
0.206374
0.180700
0.180700
0.074062
0.074062
0.099843
0.099843
0.521722
0.521722
0.286315
0.286315
0.092840
0.092840
0.161368
0.161368
0.336685
0.336685
0.036264
0.036264
0.418772
0.418772
0.060088
0.060088
0.107374
0.107374
0.062102
0.062102
0.085473
0.085473
0.465590
0.465590
0.083394
0.083394
0.431399
0.431399
0.142150
0.142150
0.146377
0.146377
0.235035
0.235035
0.194653
0.194653
0.084894
0.084894
0.083422
0.083422
0.059758
0.059758
0.108027
0.108027
0.136269
0.136269
0.194139
0.194139
0.246114
0.246114
0.162415
0.162415
0.176031
0.176031
0.055775
0.055775
0.126975
0.126975
0.217274
0.217274
0.246176
0.246176
0.178699
0.178699
0.228022
0.228022
0.141761
0.141761
0.082450
0.082450
0.125490
0.125490
0.216036
0.216036
0.104803
0.104803
0.198241
0.198241
0.031708
0.031708
0.330482
0.330482
0.073596
0.073596
0.084973
0.084973
0.026444
0.026444
0.135354
0.135354
0.044005
0.044005
0.129435
0.129435
0.158246
0.158246
0.340274
0.340274
0.102632
0.102632
0.071293
0.071293
0.036075
0.036075
0.065378
0.065378
0.114733
0.114733
0.137389
0.137389
0.283978
0.283978
0.054953
0.054953
0.188723
0.188723
0.108589
0.108589
0.106131
0.106131
0.034160
0.034160
0.061219
0.061219
0.412672
0.412672
0.096262
0.096262
0.035958
0.035958
0.034176
0.034176
0.057081
0.057081
0.151748
0.151748
0.324878
0.324878
0.054498
0.054498
0.119681
0.119681
0.312154
0.312154
0.071503
0.071503
0.129645
0.129645
0.022747
0.022747
0.171397
0.171397
0.242618
0.242618
0.164430
0.164430
0.079264
0.079264
0.182814
0.182814
0.058383
0.058383
0.067684
0.067684
0.027816
0.027816
0.023782
0.023782
0.067072
0.067072
0.080553
0.080553
0.116159
0.116159
0.115490
0.115490
0.065179
0.065179
0.066010
0.066010
0.386748
0.386748
0.211283
0.211283
0.035418
0.035418
0.150775
0.150775
0.129123
0.129123
0.053716
0.053716
0.049685
0.049685
0.052744
0.052744
0.066807
0.066807
0.039479
0.039479
0.262019
0.262019
0.288981
0.288981
0.163687
0.163687
0.073458
0.073458
0.050414
0.050414
0.099167
0.099167
0.035303
0.035303
0.128065
0.128065
0.072851
0.072851
0.157012
0.157012
0.038587
0.038587
0.097415
0.097415
0.044140
0.044140
0.094227
0.094227
0.031426
0.031426
0.076725
0.076725
0.113946
0.113946
0.132276
0.132276
0.140649
0.140649
0.085594
0.085594
0.099659
0.099659
0.035747
0.035747
0.178250
0.178250
0.190365
0.190365
0.176189
0.176189
0.378213
0.378213
0.306005
0.306005
0.023203
0.023203
0.517757
0.517757
0.243635
0.243635
0.099152
0.099152
0.015967
0.015967
0.124531
0.124531
0.305155
0.305155
0.163541
0.163541
0.236862
0.236862
0.106571
0.106571
0.129413
0.129413
0.107101
0.107101
0.270493
0.270493
0.323165
0.323165
0.210010
0.210010
0.142554
0.142554
0.134458
0.134458
0.145678
0.145678
0.097003
0.097003
0.063295
0.063295
0.064239
0.064239
0.432198
0.432198
0.180040
0.180040
0.147341
0.147341
0.102914
0.102914
0.154664
0.154664
0.288493
0.288493
0.175920
0.175920
0.122856
0.122856
0.098950
0.098950
0.149380
0.149380
0.188670
0.188670
0.124192
0.124192
0.275410
0.275410
0.423554
0.423554
0.156232
0.156232
0.047169
0.047169
0.114791
0.114791
0.111985
0.111985
0.045283
0.045283
0.040101
0.040101
0.053634
0.053634
0.123310
0.123310
0.136085
0.136085
0.168363
0.168363
0.122481
0.122481
0.214004
0.214004
0.017292
0.017292
0.139003
0.139003
0.055283
0.055283
0.051627
0.051627
0.100848
0.100848
0.057218
0.057218
0.245444
0.245444
0.337149
0.337149
0.100271
0.100271
0.270859
0.270859
0.263749
0.263749
0.371231
0.371231
0.136928
0.136928
0.047667
0.047667
0.339713
0.339713
0.266668
0.266668
0.042406
0.042406
0.087139
0.087139
0.043154
0.043154
0.190857
0.190857
0.109934
0.109934
0.198628
0.198628
0.064688
0.064688
0.222863
0.222863
0.062520
0.062520
0.182147
0.182147
0.041686
0.041686
0.062400
0.062400
0.070521
0.070521
0.262843
0.262843
0.034730
0.034730
0.133490
0.133490
0.356142
0.356142
0.019550
0.019550
0.268156
0.268156
0.146868
0.146868
0.086021
0.086021
0.094003
0.094003
0.084396
0.084396
0.140266
0.140266
0.212562
0.212562
0.121483
0.121483
0.483868
0.483868
0.065604
0.065604
0.372446
0.372446
0.093790
0.093790
0.020035
0.020035
0.106329
0.106329
0.038276
0.038276
0.417280
0.417280
0.049074
0.049074
0.163132
0.163132
0.438670
0.438670
0.068308
0.068308
0.121266
0.121266
0.142948
0.142948
0.057336
0.057336
0.065747
0.065747
0.034235
0.034235
0.158423
0.158423
0.157470
0.157470
0.100719
0.100719
0.123055
0.123055
0.196392
0.196392
0.144833
0.144833
0.185941
0.185941
0.508638
0.508638
0.327843
0.327843
0.394918
0.394918
0.026775
0.026775
0.204354
0.204354
0.104641
0.104641
0.047988
0.047988
0.025597
0.025597
0.035745
0.035745
0.167734
0.167734
0.203351
0.203351
0.145318
0.145318
0.051201
0.051201
0.053869
0.053869
0.277366
0.277366
0.095334
0.095334
0.048393
0.048393
0.158829
0.158829
0.015882
0.015882
0.045582
0.045582
0.171987
0.171987
0.158162
0.158162
0.161234
0.161234
0.117904
0.117904
0.072019
0.072019
0.053244
0.053244
0.446561
0.446561
0.443702
0.443702
0.139400
0.139400
0.026175
0.026175
0.059406
0.059406
0.090587
0.090587
0.075849
0.075849
0.312875
0.312875
0.232006
0.232006
0.084175
0.084175
0.006140
0.006140
0.228097
0.228097
0.154406
0.154406
0.051542
0.051542
0.041909
0.041909
0.064994
0.064994
0.167503
0.167503
0.156335
0.156335
0.179681
0.179681
0.031907
0.031907
0.116498
0.116498
0.115093
0.115093
0.021313
0.021313
0.243287
0.243287
0.083854
0.083854
0.099063
0.099063
0.045741
0.045741
0.086292
0.086292
0.143644
0.143644
0.118001
0.118001
0.091780
0.091780
0.032921
0.032921
0.194903
0.194903
0.061369
0.061369
0.058438
0.058438
0.291621
0.291621
0.240868
0.240868
0.067979
0.067979
0.303898
0.303898
0.033314
0.033314
0.112173
0.112173
0.294043
0.294043
0.095897
0.095897
0.174262
0.174262
0.129527
0.129527
0.440534
0.440534
0.065862
0.065862
0.099556
0.099556
0.268557
0.268557
0.135290
0.135290
0.064915
0.064915
0.031106
0.031106
0.100917
0.100917
0.075905
0.075905
0.096582
0.096582
0.046562
0.046562
0.037600
0.037600
0.560355
0.560355
0.045827
0.045827
0.021963
0.021963
0.608559
0.608559
0.163885
0.163885
0.028755
0.028755
0.082188
0.082188
0.081878
0.081878
0.134241
0.134241
0.104601
0.104601
0.219154
0.219154
0.538479
0.538479
0.075226
0.075226
0.178241
0.178241
0.067298
0.067298
0.038068
0.038068
0.188107
0.188107
0.459806
0.459806
0.130341
0.130341
0.167310
0.167310
0.088857
0.088857
0.079042
0.079042
0.253123
0.253123
0.185361
0.185361
0.207580
0.207580
0.100770
0.100770
0.093271
0.093271
0.055249
0.055249
0.121643
0.121643
0.316504
0.316504
0.017402
0.017402
0.105377
0.105377
0.076342
0.076342
0.162036
0.162036
0.502263
0.502263
0.188024
0.188024
0.198327
0.198327
0.190733
0.190733
0.243001
0.243001
0.330726
0.330726
0.101071
0.101071
0.293048
0.293048
0.206418
0.206418
0.085253
0.085253
0.026655
0.026655
0.093556
0.093556
0.500852
0.500852
0.087860
0.087860
0.039928
0.039928
0.207315
0.207315
0.025404
0.025404
0.221060
0.221060
0.022378
0.022378
0.041871
0.041871
0.065908
0.065908
0.052269
0.052269
0.071694
0.071694
0.090536
0.090536
0.236453
0.236453
0.201793
0.201793
0.048032
0.048032
0.038788
0.038788
0.312630
0.312630
0.130031
0.130031
0.049611
0.049611
0.046594
0.046594
0.135702
0.135702
0.123058
0.123058
0.278389
0.278389
0.125519
0.125519
0.310709
0.310709
0.118096
0.118096
0.046085
0.046085
0.342331
0.342331
0.055526
0.055526
0.187066
0.187066
0.062335
0.062335
0.044324
0.044324
0.091151
0.091151
0.060627
0.060627
0.112113
0.112113
0.195615
0.195615
0.085093
0.085093
0.861235
0.861235
0.249575
0.249575
0.013068
0.013068
0.017396
0.017396
0.038757
0.038757
0.276543
0.276543
0.071674
0.071674
0.057984
0.057984
0.044153
0.044153
0.033471
0.033471
0.046235
0.046235
0.097241
0.097241
0.053183
0.053183
0.352302
0.352302
0.021065
0.021065
0.050999
0.050999
0.047072
0.047072
0.155163
0.155163
0.154831
0.154831
0.204874
0.204874
0.091316
0.091316
0.092015
0.092015
0.093668
0.093668
0.054774
0.054774
0.139670
0.139670
0.043480
0.043480
0.069396
0.069396
0.084391
0.084391
0.259308
0.259308
0.022844
0.022844
0.170646
0.170646
0.240780
0.240780
0.133452
0.133452
0.143547
0.143547
0.153340
0.153340
0.056820
0.056820
0.057187
0.057187
0.091670
0.091670
0.056959
0.056959
0.139607
0.139607
0.256730
0.256730
0.138458
0.138458
0.046413
0.046413
0.105712
0.105712
0.074505
0.074505
0.130789
0.130789
0.104259
0.104259
0.483379
0.483379
0.047232
0.047232
0.071663
0.071663
0.043196
0.043196
0.334144
0.334144
0.550204
0.550204
0.051892
0.051892
0.420278
0.420278
0.089082
0.089082
0.152141
0.152141
0.212099
0.212099
0.049188
0.049188
0.062054
0.062054
0.128603
0.128603
0.090855
0.090855
0.032135
0.032135
0.201161
0.201161
0.426117
0.426117
0.310666
0.310666
0.015421
0.015421
0.082061
0.082061
0.211687
0.211687
0.096203
0.096203
0.252189
0.252189
0.139810
0.139810
0.085031
0.085031
0.127313
0.127313
0.077911
0.077911
0.379028
0.379028
0.018645
0.018645
0.135031
0.135031
0.748246
0.748246
0.053535
0.053535
0.055129
0.055129
0.028155
0.028155
0.436073
0.436073
0.149242
0.149242
0.066268
0.066268
0.173835
0.173835
0.127616
0.127616
0.033110
0.033110
0.040124
0.040124
0.098453
0.098453
0.054927
0.054927
0.120173
0.120173
0.023779
0.023779
0.143436
0.143436
0.164648
0.164648
0.228115
0.228115
0.064757
0.064757
0.079663
0.079663
0.127820
0.127820
0.140792
0.140792
0.093960
0.093960
0.084216
0.084216
0.073028
0.073028
0.088534
0.088534
0.185795
0.185795
0.218764
0.218764
0.387242
0.387242
0.046061
0.046061
0.637676
0.637676
0.035565
0.035565
0.047103
0.047103
0.044847
0.044847
0.025192
0.025192
0.418914
0.418914
0.124512
0.124512
0.408154
0.408154
0.326432
0.326432
0.035939
0.035939
0.102946
0.102946
0.082428
0.082428
0.174133
0.174133
0.700815
0.700815
0.018816
0.018816
0.034292
0.034292
0.169370
0.169370
0.143133
0.143133
0.074206
0.074206
0.083343
0.083343
0.069139
0.069139
0.235955
0.235955
0.104722
0.104722
0.156224
0.156224
0.103668
0.103668
0.057643
0.057643
0.423712
0.423712
0.020351
0.020351
0.042340
0.042340
0.165195
0.165195
0.346975
0.346975
0.305279
0.305279
0.288514
0.288514
0.052055
0.052055
0.107114
0.107114
0.076118
0.076118
0.295331
0.295331
0.054405
0.054405
0.131738
0.131738
0.148324
0.148324
0.049519
0.049519
0.071625
0.071625
0.244463
0.244463
0.081025
0.081025
0.191568
0.191568
0.069222
0.069222
0.396426
0.396426
0.143699
0.143699
0.323683
0.323683
0.046627
0.046627
0.080630
0.080630
0.211825
0.211825
0.088544
0.088544
0.054304
0.054304
0.270896
0.270896
0.081440
0.081440
0.064320
0.064320
0.115461
0.115461
0.050098
0.050098
0.050389
0.050389
0.191553
0.191553
0.068824
0.068824
0.269213
0.269213
0.382646
0.382646
0.106096
0.106096
0.117166
0.117166
0.077463
0.077463
0.103062
0.103062
0.212090
0.212090
0.090118
0.090118
0.041541
0.041541
0.110998
0.110998
0.235701
0.235701
0.205790
0.205790
0.045916
0.045916
0.312677
0.312677
0.055643
0.055643
0.192615
0.192615
0.114937
0.114937
0.125041
0.125041
0.515371
0.515371
0.545763
0.545763
0.173555
0.173555
0.084660
0.084660
0.076156
0.076156
0.103041
0.103041
0.165030
0.165030
0.237932
0.237932
0.170641
0.170641
0.076609
0.076609
0.208213
0.208213
0.235924
0.235924
0.048737
0.048737
0.197714
0.197714
0.047931
0.047931
0.102918
0.102918
0.268550
0.268550
0.068523
0.068523
0.019139
0.019139
0.079210
0.079210
0.079615
0.079615
0.016575
0.016575
0.192284
0.192284
0.143885
0.143885
0.044283
0.044283
0.081903
0.081903
0.032205
0.032205
0.166240
0.166240
0.020792
0.020792
0.022189
0.022189
0.094909
0.094909
0.139736
0.139736
0.042346
0.042346
0.097865
0.097865
0.246920
0.246920
0.178821
0.178821
0.269386
0.269386
0.047155
0.047155
0.075478
0.075478
0.132085
0.132085
0.329216
0.329216
0.115576
0.115576
0.071858
0.071858
0.305644
0.305644
0.149606
0.149606
0.093225
0.093225
0.099779
0.099779
0.027665
0.027665
0.039501
0.039501
0.195360
0.195360
0.125364
0.125364
0.086294
0.086294
0.060775
0.060775
0.084624
0.084624
0.106110
0.106110
0.309602
0.309602
0.091902
0.091902
0.214967
0.214967
0.027714
0.027714
0.073983
0.073983
0.494768
0.494768
0.339074
0.339074
0.124838
0.124838
0.087178
0.087178
0.088021
0.088021
0.048210
0.048210
0.077481
0.077481
0.219519
0.219519
0.076727
0.076727
0.070594
0.070594
0.045661
0.045661
0.104044
0.104044
0.108045
0.108045
0.178105
0.178105
0.000055
0.000055
0.025072
0.025072
0.107729
0.107729
0.186727
0.186727
0.157753
0.157753
0.245080
0.245080
0.177573
0.177573
0.425459
0.425459
0.025184
0.025184
0.306573
0.306573
0.174791
0.174791
0.278239
0.278239
0.048675
0.048675
0.061452
0.061452
0.047695
0.047695
0.078288
0.078288
0.094574
0.094574
0.106371
0.106371
0.205057
0.205057
0.137890
0.137890
0.278457
0.278457
0.106553
0.106553
0.057765
0.057765
0.036625
0.036625
0.152081
0.152081
0.158086
0.158086
0.041552
0.041552
0.208711
0.208711
0.213880
0.213880
0.244093
0.244093
0.178011
0.178011
0.204754
0.204754
0.086349
0.086349
0.158271
0.158271
0.029846
0.029846
0.268930
0.268930
0.035008
0.035008
0.015014
0.015014
0.095550
0.095550
0.093331
0.093331
0.269517
0.269517
0.146858
0.146858
0.077586
0.077586
0.111643
0.111643
0.096587
0.096587
0.360333
0.360333
0.428874
0.428874
0.039635
0.039635
0.063348
0.063348
0.044056
0.044056
0.071253
0.071253
0.177227
0.177227
0.081220
0.081220
0.052072
0.052072
0.058863
0.058863
0.046690
0.046690
0.035393
0.035393
0.057298
0.057298
0.043707
0.043707
0.247868
0.247868
0.090566
0.090566
0.079514
0.079514
0.106231
0.106231
0.471483
0.471483
0.114076
0.114076
0.044435
0.044435
0.104404
0.104404
0.308717
0.308717
0.031280
0.031280
0.093748
0.093748
0.165768
0.165768
0.132178
0.132178
0.096139
0.096139
0.315626
0.315626
0.035511
0.035511
0.056165
0.056165
0.028150
0.028150
0.036441
0.036441
0.076985
0.076985
0.087446
0.087446
0.088646
0.088646
0.011987
0.011987
0.345978
0.345978
0.217868
0.217868
0.025234
0.025234
0.231750
0.231750
0.102500
0.102500
0.241061
0.241061
0.075225
0.075225
0.120257
0.120257
0.115766
0.115766
0.010073
0.010073
0.027295
0.027295
0.094795
0.094795
0.167857
0.167857
0.206317
0.206317
0.226744
0.226744
0.244466
0.244466
0.334351
0.334351
0.297859
0.297859
0.333566
0.333566
0.097869
0.097869
0.099851
0.099851
0.232523
0.232523
0.240431
0.240431
0.272519
0.272519
0.145621
0.145621
0.251512
0.251512
0.344411
0.344411
0.377420
0.377420
0.147976
0.147976
0.227523
0.227523
0.107704
0.107704
0.099472
0.099472
0.239440
0.239440
0.106967
0.106967
0.278476
0.278476
0.016282
0.016282
0.057714
0.057714
0.465608
0.465608
0.115536
0.115536
0.060446
0.060446
0.365518
0.365518
0.045650
0.045650
0.083108
0.083108
0.096117
0.096117
0.167155
0.167155
0.095167
0.095167
0.095471
0.095471
0.251272
0.251272
0.123146
0.123146
0.082421
0.082421
0.097374
0.097374
0.081832
0.081832
0.064830
0.064830
0.025222
0.025222
0.244379
0.244379
0.054262
0.054262
0.107165
0.107165
0.128611
0.128611
0.168998
0.168998
0.063083
0.063083
0.340218
0.340218
0.047858
0.047858
0.034340
0.034340
0.055693
0.055693
0.311624
0.311624
0.194255
0.194255
0.301389
0.301389
0.134430
0.134430
0.035559
0.035559
0.051107
0.051107
0.229744
0.229744
0.030602
0.030602
0.187998
0.187998
0.124986
0.124986
0.133262
0.133262
0.109791
0.109791
0.047550
0.047550
0.160895
0.160895
0.066503
0.066503
0.033053
0.033053
0.136552
0.136552
0.059495
0.059495
0.081407
0.081407
0.041914
0.041914
0.129984
0.129984
0.167815
0.167815
0.071397
0.071397
0.149516
0.149516
0.058823
0.058823
0.124847
0.124847
0.254434
0.254434
0.267180
0.267180
0.080815
0.080815
0.333535
0.333535
0.297925
0.297925
0.350433
0.350433
0.055479
0.055479
0.071807
0.071807
0.081783
0.081783
0.386576
0.386576
0.298997
0.298997
0.162893
0.162893
0.073400
0.073400
0.059691
0.059691
0.088154
0.088154
0.050826
0.050826
0.079452
0.079452
0.374614
0.374614
0.064171
0.064171
0.227587
0.227587
0.061959
0.061959
0.324849
0.324849
0.057394
0.057394
0.043005
0.043005
0.064563
0.064563
0.139773
0.139773
0.097527
0.097527
0.269903
0.269903
0.027536
0.027536
0.188002
0.188002
0.190562
0.190562
0.115556
0.115556
0.081476
0.081476
0.031016
0.031016
0.074392
0.074392
0.054173
0.054173
0.148843
0.148843
0.125996
0.125996
0.026078
0.026078
0.286933
0.286933
0.406706
0.406706
0.157275
0.157275
0.279208
0.279208
0.077569
0.077569
0.479500
0.479500
0.762155
0.762155
0.180323
0.180323
0.086240
0.086240
0.098999
0.098999
0.200370
0.200370
0.020977
0.020977
0.068857
0.068857
0.064136
0.064136
0.157142
0.157142
0.135352
0.135352
0.233562
0.233562
0.157698
0.157698
0.183140
0.183140
0.286444
0.286444
0.128113
0.128113
0.042666
0.042666
0.105219
0.105219
0.048972
0.048972
0.434336
0.434336
0.092556
0.092556
0.042508
0.042508
0.028309
0.028309
0.114547
0.114547
0.165251
0.165251
0.073790
0.073790
0.022168
0.022168
0.123275
0.123275
0.122809
0.122809
0.201975
0.201975
0.041452
0.041452
0.150787
0.150787
0.082469
0.082469
0.017128
0.017128
0.171665
0.171665
0.177348
0.177348
0.254067
0.254067
0.527619
0.527619
0.058768
0.058768
0.127947
0.127947
0.098108
0.098108
0.030994
0.030994
0.034816
0.034816
0.102200
0.102200
0.107126
0.107126
0.048208
0.048208
0.053209
0.053209
0.090680
0.090680
0.166795
0.166795
0.059937
0.059937
0.026686
0.026686
0.349900
0.349900
0.208849
0.208849
0.161979
0.161979
0.106764
0.106764
0.150447
0.150447
0.066783
0.066783
0.220871
0.220871
0.068283
0.068283
0.050823
0.050823
0.393058
0.393058
0.053204
0.053204
0.285109
0.285109
0.147941
0.147941
0.103859
0.103859
0.313976
0.313976
0.055264
0.055264
0.277979
0.277979
0.047849
0.047849
0.414047
0.414047
0.413976
0.413976
0.123389
0.123389
0.265992
0.265992
0.039054
0.039054
0.168652
0.168652
0.039297
0.039297
0.096126
0.096126
0.067459
0.067459
0.258828
0.258828
0.076228
0.076228
0.332094
0.332094
0.110771
0.110771
0.022955
0.022955
0.139258
0.139258
0.023190
0.023190
0.397005
0.397005
0.168311
0.168311
0.042094
0.042094
0.186108
0.186108
0.104153
0.104153
0.085423
0.085423
0.099748
0.099748
0.169178
0.169178
0.027025
0.027025
0.060654
0.060654
0.048386
0.048386
0.193312
0.193312
0.038138
0.038138
0.071061
0.071061
0.352145
0.352145
0.057231
0.057231
0.164574
0.164574
0.035273
0.035273
0.049361
0.049361
0.070766
0.070766
0.044949
0.044949
0.132768
0.132768
0.034963
0.034963
0.039482
0.039482
0.029167
0.029167
0.074980
0.074980
0.322746
0.322746
0.041235
0.041235
0.554535
0.554535
0.461303
0.461303
0.147870
0.147870
0.162422
0.162422
0.069108
0.069108
0.034193
0.034193
0.109385
0.109385
0.622228
0.622228
0.040740
0.040740
0.088557
0.088557
0.195552
0.195552
0.027267
0.027267
0.079775
0.079775
0.199322
0.199322
0.069618
0.069618
0.066520
0.066520
0.078046
0.078046
0.082894
0.082894
0.034045
0.034045
0.097068
0.097068
0.052836
0.052836
0.106524
0.106524
0.098021
0.098021
0.153093
0.153093
0.296471
0.296471
0.154519
0.154519
0.092818
0.092818
0.386883
0.386883
0.073818
0.073818
0.223768
0.223768
0.042279
0.042279
0.376107
0.376107
0.186399
0.186399
0.266098
0.266098
0.124234
0.124234
0.310913
0.310913
0.321811
0.321811
0.011714
0.011714
0.115770
0.115770
0.089878
0.089878
0.083387
0.083387
0.420418
0.420418
0.202060
0.202060
0.071188
0.071188
0.151368
0.151368
0.073409
0.073409
0.247991
0.247991
0.054323
0.054323
0.043845
0.043845
0.172211
0.172211
0.105693
0.105693
0.064459
0.064459
0.088274
0.088274
0.292494
0.292494
0.063008
0.063008
0.071784
0.071784
0.022972
0.022972
0.127244
0.127244
0.062221
0.062221
0.035468
0.035468
0.242079
0.242079
0.069771
0.069771
0.085401
0.085401
0.356008
0.356008
0.062398
0.062398
0.123953
0.123953
0.076436
0.076436
0.496782
0.496782
0.066013
0.066013
0.061848
0.061848
0.055639
0.055639
0.066355
0.066355
0.120174
0.120174
0.021156
0.021156
0.093548
0.093548
0.235687
0.235687
0.041012
0.041012
0.150636
0.150636
0.101038
0.101038
0.077387
0.077387
0.112462
0.112462
0.039958
0.039958
0.119146
0.119146
0.122898
0.122898
0.079054
0.079054
0.090124
0.090124
0.128782
0.128782
0.078098
0.078098
0.051320
0.051320
0.204828
0.204828
0.066485
0.066485
0.095434
0.095434
0.306387
0.306387
0.082808
0.082808
0.095869
0.095869
0.055903
0.055903
0.019498
0.019498
0.216354
0.216354
0.329214
0.329214
0.069983
0.069983
0.218157
0.218157
0.145627
0.145627
0.074142
0.074142
0.095174
0.095174
0.121749
0.121749
0.146085
0.146085
0.185050
0.185050
0.113992
0.113992
0.033898
0.033898
0.119347
0.119347
0.055726
0.055726
0.406611
0.406611
0.110065
0.110065
0.113742
0.113742
0.053290
0.053290
0.074233
0.074233
0.049506
0.049506
0.123472
0.123472
0.111170
0.111170
0.044613
0.044613
0.128396
0.128396
0.113839
0.113839
0.029831
0.029831
0.308565
0.308565
0.133977
0.133977
0.306041
0.306041
0.087328
0.087328
0.251686
0.251686
0.237597
0.237597
0.232509
0.232509
0.048670
0.048670
0.214948
0.214948
0.076637
0.076637
0.039801
0.039801
0.031866
0.031866
0.316510
0.316510
0.065379
0.065379
0.033070
0.033070
0.066196
0.066196
0.046227
0.046227
0.071159
0.071159
0.149394
0.149394
0.207682
0.207682
0.466447
0.466447
0.085581
0.085581
0.240585
0.240585
0.385140
0.385140
0.035143
0.035143
0.345403
0.345403
0.053133
0.053133
0.154149
0.154149
0.099219
0.099219
0.022192
0.022192
0.276211
0.276211
0.184201
0.184201
0.055340
0.055340
0.226276
0.226276
0.229949
0.229949
0.113747
0.113747
0.576558
0.576558
0.232179
0.232179
0.045652
0.045652
0.151853
0.151853
0.116466
0.116466
0.184598
0.184598
0.074563
0.074563
0.227697
0.227697
0.077420
0.077420
0.065177
0.065177
0.102542
0.102542
0.187514
0.187514
0.298097
0.298097
0.041416
0.041416
0.231705
0.231705
0.045624
0.045624
0.144538
0.144538
0.065067
0.065067
0.470262
0.470262
0.057808
0.057808
0.091914
0.091914
0.079612
0.079612
0.116917
0.116917
0.276317
0.276317
0.072954
0.072954
0.046137
0.046137
0.060370
0.060370
0.047002
0.047002
0.239634
0.239634
0.259498
0.259498
0.043459
0.043459
0.118344
0.118344
0.126584
0.126584
0.113786
0.113786
0.112518
0.112518
0.126873
0.126873
0.199205
0.199205
0.115256
0.115256
0.128100
0.128100
0.035949
0.035949
0.371038
0.371038
0.061632
0.061632
0.402039
0.402039
0.061290
0.061290
0.037788
0.037788
0.257452
0.257452
0.070551
0.070551
0.019327
0.019327
0.128428
0.128428
0.077454
0.077454
0.402088
0.402088
0.080656
0.080656
0.189554
0.189554
0.306130
0.306130
0.020088
0.020088
0.197077
0.197077
0.089009
0.089009
0.183636
0.183636
0.267673
0.267673
0.207032
0.207032
0.068767
0.068767
0.083183
0.083183
0.124773
0.124773
0.380492
0.380492
0.086508
0.086508
0.047305
0.047305
0.025027
0.025027
0.167270
0.167270
0.242525
0.242525
0.250003
0.250003
0.417197
0.417197
0.027969
0.027969
0.043952
0.043952
0.120383
0.120383
0.023059
0.023059
0.047761
0.047761
0.111332
0.111332
0.064109
0.064109
0.319921
0.319921
0.226720
0.226720
0.319314
0.319314
0.215813
0.215813
0.189703
0.189703
0.018458
0.018458
0.134195
0.134195
0.026381
0.026381
0.230740
0.230740
0.128198
0.128198
0.092703
0.092703
0.229080
0.229080
0.068247
0.068247
0.260372
0.260372
0.078094
0.078094
0.045529
0.045529
0.544380
0.544380
0.086516
0.086516
0.093187
0.093187
0.101036
0.101036
0.295574
0.295574
0.153911
0.153911
0.000276
0.000276
0.044564
0.044564
0.187237
0.187237
0.102302
0.102302
0.156894
0.156894
0.079699
0.079699
0.021095
0.021095
0.083286
0.083286
0.063394
0.063394
0.243605
0.243605
0.182801
0.182801
0.037129
0.037129
0.086553
0.086553
0.038207
0.038207
0.196159
0.196159
0.237536
0.237536
0.040306
0.040306
0.150111
0.150111
0.096898
0.096898
0.125908
0.125908
0.068642
0.068642
0.057895
0.057895
0.140580
0.140580
0.083300
0.083300
0.021136
0.021136
0.065217
0.065217
0.250360
0.250360
0.024816
0.024816
0.078953
0.078953
0.138849
0.138849
0.079139
0.079139
0.029915
0.029915
0.448084
0.448084
0.083604
0.083604
0.043653
0.043653
0.092800
0.092800
0.417932
0.417932
0.040216
0.040216
0.382952
0.382952
0.180722
0.180722
0.033174
0.033174
0.077680
0.077680
0.234697
0.234697
0.186006
0.186006
0.068674
0.068674
0.079851
0.079851
0.029482
0.029482
0.022550
0.022550
0.010003
0.010003
0.100979
0.100979
0.139882
0.139882
0.062824
0.062824
0.089645
0.089645
0.193882
0.193882
0.067760
0.067760
0.014337
0.014337
0.057394
0.057394
0.037362
0.037362
0.188498
0.188498
0.212121
0.212121
0.096463
0.096463
0.146833
0.146833
0.164298
0.164298
0.079772
0.079772
0.022419
0.022419
0.080338
0.080338
0.300501
0.300501
0.029464
0.029464
0.301453
0.301453
0.108204
0.108204
0.029916
0.029916
0.165292
0.165292
0.215478
0.215478
0.070106
0.070106
0.124320
0.124320
0.198344
0.198344
0.084056
0.084056
0.058007
0.058007
0.132261
0.132261
0.059111
0.059111
0.090330
0.090330
0.063602
0.063602
0.407645
0.407645
0.069287
0.069287
0.282436
0.282436
0.169757
0.169757
0.319073
0.319073
0.408179
0.408179
0.052216
0.052216
0.120584
0.120584
0.127802
0.127802
0.097193
0.097193
0.073125
0.073125
0.122771
0.122771
0.192188
0.192188
0.100565
0.100565
0.062202
0.062202
0.291091
0.291091
0.083160
0.083160
0.166409
0.166409
0.156198
0.156198
0.101067
0.101067
0.303534
0.303534
0.095342
0.095342
0.127825
0.127825
0.099254
0.099254
0.114741
0.114741
0.195823
0.195823
0.175698
0.175698
0.196399
0.196399
0.023811
0.023811
0.085420
0.085420
0.153674
0.153674
0.503185
0.503185
0.298060
0.298060
0.172208
0.172208
0.212634
0.212634
0.177524
0.177524
0.071851
0.071851
0.077385
0.077385
0.077103
0.077103
0.046660
0.046660
0.033193
0.033193
0.214075
0.214075
0.056205
0.056205
0.175707
0.175707
0.065162
0.065162
0.171886
0.171886
0.237949
0.237949
0.562612
0.562612
0.581327
0.581327
0.088366
0.088366
0.155194
0.155194
0.086067
0.086067
0.054065
0.054065
0.401131
0.401131
0.072077
0.072077
0.304291
0.304291
0.278369
0.278369
0.055595
0.055595
0.273028
0.273028
0.037928
0.037928
0.046614
0.046614
0.235495
0.235495
0.070227
0.070227
0.134180
0.134180
0.208704
0.208704
0.383909
0.383909
0.905147
0.905147
0.059625
0.059625
0.171075
0.171075
0.142806
0.142806
0.094193
0.094193
0.057101
0.057101
0.071197
0.071197
0.111464
0.111464
0.027015
0.027015
0.087633
0.087633
0.080688
0.080688
0.077191
0.077191
0.062989
0.062989
0.052423
0.052423
0.173658
0.173658
0.074890
0.074890
0.071558
0.071558
0.152770
0.152770
0.049218
0.049218
0.090951
0.090951
0.258251
0.258251
0.197273
0.197273
0.079118
0.079118
0.075576
0.075576
0.122529
0.122529
0.271267
0.271267
0.031123
0.031123
0.652721
0.652721
0.107497
0.107497
0.103825
0.103825
0.155999
0.155999
0.288208
0.288208
0.060241
0.060241
0.358799
0.358799
0.227946
0.227946
0.137027
0.137027
0.090937
0.090937
0.084582
0.084582
0.171893
0.171893
0.055869
0.055869
0.040245
0.040245
0.136479
0.136479
0.162442
0.162442
0.103406
0.103406
0.524874
0.524874
0.024413
0.024413
0.613094
0.613094
0.166743
0.166743
0.005268
0.005268
0.087867
0.087867
0.169656
0.169656
0.202412
0.202412
0.074138
0.074138
0.325327
0.325327
0.021028
0.021028
0.126540
0.126540
0.128602
0.128602
0.043642
0.043642
0.036007
0.036007
0.055514
0.055514
0.109594
0.109594
0.191668
0.191668
0.163727
0.163727
0.294479
0.294479
0.030617
0.030617
0.039454
0.039454
0.157397
0.157397
0.119022
0.119022
0.119677
0.119677
0.118038
0.118038
0.202785
0.202785
0.037128
0.037128
0.044249
0.044249
0.080847
0.080847
0.099424
0.099424
0.342601
0.342601
0.064222
0.064222
0.153150
0.153150
0.095414
0.095414
0.380396
0.380396
0.077643
0.077643
0.117983
0.117983
0.095679
0.095679
0.144247
0.144247
0.198806
0.198806
0.023690
0.023690
0.062081
0.062081
0.177136
0.177136
0.194841
0.194841
0.459693
0.459693
0.031422
0.031422
0.150613
0.150613
0.235066
0.235066
0.041672
0.041672
0.044331
0.044331
0.130394
0.130394
0.148919
0.148919
0.135602
0.135602
0.068674
0.068674
0.250999
0.250999
0.185530
0.185530
0.044571
0.044571
0.047666
0.047666
0.073050
0.073050
0.087927
0.087927
0.217144
0.217144
0.316384
0.316384
0.033376
0.033376
0.072898
0.072898
0.254340
0.254340
0.094384
0.094384
0.138029
0.138029
0.047880
0.047880
0.202663
0.202663
0.212979
0.212979
0.422176
0.422176
0.088271
0.088271
0.147431
0.147431
0.053788
0.053788
0.228471
0.228471
0.106056
0.106056
0.360645
0.360645
0.057699
0.057699
0.050678
0.050678
0.209174
0.209174
0.036804
0.036804
0.056832
0.056832
0.229781
0.229781
0.061451
0.061451
0.210794
0.210794
0.071177
0.071177
0.020089
0.020089
0.385049
0.385049
0.211937
0.211937
0.145145
0.145145
0.135723
0.135723
0.181380
0.181380
0.151654
0.151654
0.047256
0.047256
0.080244
0.080244
0.301342
0.301342
0.060576
0.060576
0.053858
0.053858
0.037037
0.037037
0.053997
0.053997
0.374952
0.374952
0.061815
0.061815
0.215500
0.215500
0.109899
0.109899
0.082984
0.082984
0.082838
0.082838
0.139376
0.139376
0.038436
0.038436
0.043448
0.043448
0.078236
0.078236
0.105068
0.105068
0.206713
0.206713
0.031771
0.031771
0.060436
0.060436
0.266770
0.266770
0.179272
0.179272
0.058665
0.058665
0.087572
0.087572
0.642176
0.642176
0.061824
0.061824
0.459413
0.459413
0.098596
0.098596
0.247827
0.247827
0.365986
0.365986
0.508012
0.508012
0.016025
0.016025
0.027167
0.027167
0.186477
0.186477
0.087200
0.087200
0.084500
0.084500
0.065126
0.065126
0.245455
0.245455
0.062408
0.062408
0.041796
0.041796
0.282616
0.282616
0.165165
0.165165
0.128421
0.128421
0.149841
0.149841
0.072525
0.072525
0.122818
0.122818
0.017350
0.017350
0.045768
0.045768
0.047779
0.047779
0.295981
0.295981
0.428553
0.428553
0.201003
0.201003
0.169188
0.169188
0.171818
0.171818
0.046504
0.046504
0.087984
0.087984
0.103123
0.103123
0.167247
0.167247
0.095381
0.095381
0.155790
0.155790
0.411110
0.411110
0.408311
0.408311
0.070854
0.070854
0.170521
0.170521
0.245568
0.245568
0.154432
0.154432
0.069794
0.069794
0.495344
0.495344
0.048881
0.048881
0.062856
0.062856
0.032911
0.032911
0.549391
0.549391
0.152400
0.152400
0.046719
0.046719
0.095123
0.095123
0.203891
0.203891
0.372773
0.372773
0.220342
0.220342
0.171700
0.171700
0.093977
0.093977
0.050067
0.050067
0.016726
0.016726
0.115844
0.115844
0.123121
0.123121
0.046355
0.046355
0.080994
0.080994
0.130573
0.130573
0.252763
0.252763
0.202144
0.202144
0.074140
0.074140
0.121766
0.121766
0.052995
0.052995
0.127895
0.127895
0.072887
0.072887
0.078548
0.078548
0.040709
0.040709
0.074179
0.074179
0.058493
0.058493
0.165561
0.165561
0.039998
0.039998
0.065595
0.065595
0.072888
0.072888
0.322800
0.322800
0.104480
0.104480
0.204676
0.204676
0.042981
0.042981
0.060111
0.060111
0.123572
0.123572
0.208724
0.208724
0.499461
0.499461
0.060540
0.060540
0.065314
0.065314
0.056546
0.056546
0.291502
0.291502
0.076852
0.076852
0.309640
0.309640
0.078931
0.078931
0.027111
0.027111
0.319659
0.319659
0.176428
0.176428
0.502265
0.502265
0.089131
0.089131
0.293172
0.293172
0.021454
0.021454
0.143881
0.143881
0.028018
0.028018
0.020450
0.020450
0.066742
0.066742
0.023749
0.023749
0.122326
0.122326
0.152929
0.152929
0.356937
0.356937
0.206362
0.206362
0.366126
0.366126
0.186096
0.186096
0.084895
0.084895
0.155777
0.155777
0.050462
0.050462
0.066103
0.066103
0.107737
0.107737
0.060375
0.060375
0.244829
0.244829
0.074579
0.074579
0.062190
0.062190
0.035711
0.035711
0.148089
0.148089
0.048533
0.048533
0.471496
0.471496
0.111488
0.111488
0.048807
0.048807
0.067569
0.067569
0.195647
0.195647
0.020756
0.020756
0.048842
0.048842
0.258251
0.258251
0.166329
0.166329
0.180417
0.180417
0.064419
0.064419
0.083667
0.083667
0.021778
0.021778
0.313466
0.313466
0.155067
0.155067
0.048634
0.048634
0.249878
0.249878
0.243372
0.243372
0.173653
0.173653
0.188244
0.188244
0.105855
0.105855
0.144572
0.144572
0.125344
0.125344
0.174529
0.174529
0.033465
0.033465
0.451447
0.451447
0.632884
0.632884
0.098223
0.098223
0.033795
0.033795
0.257214
0.257214
0.118363
0.118363
0.176401
0.176401
0.047411
0.047411
0.294122
0.294122
0.138075
0.138075
0.408786
0.408786
0.229654
0.229654
0.367968
0.367968
0.068063
0.068063
0.130227
0.130227
0.250709
0.250709
0.214809
0.214809
0.313113
0.313113
0.051304
0.051304
0.422320
0.422320
0.063025
0.063025
0.039077
0.039077
0.036429
0.036429
0.169977
0.169977
0.109515
0.109515
0.235070
0.235070
0.091933
0.091933
0.127839
0.127839
0.076671
0.076671
0.065192
0.065192
0.192586
0.192586
0.320209
0.320209
0.077887
0.077887
0.229013
0.229013
0.054160
0.054160
0.074431
0.074431
0.101820
0.101820
0.027525
0.027525
0.232769
0.232769
0.243160
0.243160
0.040814
0.040814
0.046932
0.046932
0.157298
0.157298
0.105585
0.105585
0.016713
0.016713
0.037570
0.037570
0.025622
0.025622
0.085496
0.085496
0.163514
0.163514
0.081071
0.081071
0.247659
0.247659
0.053505
0.053505
0.254686
0.254686
0.047708
0.047708
0.097195
0.097195
0.238746
0.238746
0.222946
0.222946
0.212310
0.212310
0.093282
0.093282
0.060481
0.060481
0.106916
0.106916
0.112465
0.112465
0.236883
0.236883
0.027650
0.027650
0.072374
0.072374
0.178021
0.178021
0.147692
0.147692
0.111933
0.111933
0.032757
0.032757
0.383467
0.383467
0.161021
0.161021
0.028891
0.028891
0.055679
0.055679
0.097639
0.097639
0.016344
0.016344
0.162246
0.162246
0.180865
0.180865
0.064663
0.064663
0.213422
0.213422
0.250030
0.250030
0.100586
0.100586
0.114750
0.114750
0.135620
0.135620
0.215975
0.215975
0.099984
0.099984
0.024339
0.024339
0.026652
0.026652
0.170424
0.170424
0.160644
0.160644
0.126140
0.126140
0.040031
0.040031
0.037267
0.037267
0.261132
0.261132
0.174684
0.174684
0.237969
0.237969
0.377869
0.377869
0.111112
0.111112
0.034208
0.034208
0.139925
0.139925
0.099316
0.099316
0.060831
0.060831
0.219916
0.219916
0.067458
0.067458
0.106232
0.106232
0.120831
0.120831
0.073787
0.073787
0.327506
0.327506
0.202076
0.202076
0.017266
0.017266
0.120908
0.120908
0.044738
0.044738
0.073867
0.073867
0.077828
0.077828
0.134402
0.134402
0.237006
0.237006
0.347384
0.347384
0.092414
0.092414
0.076238
0.076238
0.100762
0.100762
0.179367
0.179367
0.084492
0.084492
0.177105
0.177105
0.017826
0.017826
0.199573
0.199573
0.022775
0.022775
0.066429
0.066429
0.107929
0.107929
0.102450
0.102450
0.074201
0.074201
0.250574
0.250574
0.136299
0.136299
0.092545
0.092545
0.185915
0.185915
0.210529
0.210529
0.067057
0.067057
0.185205
0.185205
0.026317
0.026317
0.021747
0.021747
0.119158
0.119158
0.177243
0.177243
0.043975
0.043975
0.109258
0.109258
0.225688
0.225688
0.106833
0.106833
0.116893
0.116893
0.565398
0.565398
0.039531
0.039531
0.330791
0.330791
0.062499
0.062499
0.069443
0.069443
0.047145
0.047145
0.054093
0.054093
0.440799
0.440799
0.057288
0.057288
0.171950
0.171950
0.034171
0.034171
0.213461
0.213461
0.274532
0.274532
0.094072
0.094072
0.043260
0.043260
0.244308
0.244308
0.084756
0.084756
0.077302
0.077302
0.310715
0.310715
0.141638
0.141638
0.068296
0.068296
0.022128
0.022128
0.103020
0.103020
0.092999
0.092999
0.113296
0.113296
0.052480
0.052480
0.190659
0.190659
0.286270
0.286270
0.241913
0.241913
0.084048
0.084048
0.042288
0.042288
0.085432
0.085432
0.100113
0.100113
0.058803
0.058803
0.280571
0.280571
0.130901
0.130901
0.020912
0.020912
0.083333
0.083333
0.084006
0.084006
0.304657
0.304657
0.109949
0.109949
0.079613
0.079613
0.093506
0.093506
0.196241
0.196241
0.103871
0.103871
0.070532
0.070532
0.237092
0.237092
0.056402
0.056402
0.064411
0.064411
0.303821
0.303821
0.072107
0.072107
0.135036
0.135036
0.018873
0.018873
0.107242
0.107242
0.105247
0.105247
0.034565
0.034565
0.390596
0.390596
0.120887
0.120887
0.198231
0.198231
0.231338
0.231338
0.039025
0.039025
0.052427
0.052427
0.031403
0.031403
0.201084
0.201084
0.058746
0.058746
0.041772
0.041772
0.607242
0.607242
0.037559
0.037559
0.075566
0.075566
0.113741
0.113741
0.082760
0.082760
0.171001
0.171001
0.069431
0.069431
0.246322
0.246322
0.124335
0.124335
0.140238
0.140238
0.513466
0.513466
0.135852
0.135852
0.064169
0.064169
0.348887
0.348887
0.020807
0.020807
0.452426
0.452426
0.135650
0.135650
0.129569
0.129569
0.051770
0.051770
0.094437
0.094437
0.219811
0.219811
0.077304
0.077304
0.257017
0.257017
0.044212
0.044212
0.028736
0.028736
0.134828
0.134828
0.110123
0.110123
0.162235
0.162235
0.194043
0.194043
0.155022
0.155022
0.179827
0.179827
0.136918
0.136918
0.335841
0.335841
0.314852
0.314852
0.149066
0.149066
0.071619
0.071619
0.078518
0.078518
0.087108
0.087108
0.100196
0.100196
0.189495
0.189495
0.078177
0.078177
0.218493
0.218493
0.120988
0.120988
0.193660
0.193660
0.254707
0.254707
0.057549
0.057549
0.279263
0.279263
0.030496
0.030496
0.029316
0.029316
0.154748
0.154748
0.095311
0.095311
0.063006
0.063006
0.076985
0.076985
0.021075
0.021075
0.434648
0.434648
0.125602
0.125602
0.232058
0.232058
0.119228
0.119228
0.138994
0.138994
0.045936
0.045936
0.246775
0.246775
0.086330
0.086330
0.092619
0.092619
0.095664
0.095664
0.060071
0.060071
0.318671
0.318671
0.083314
0.083314
0.065819
0.065819
0.137616
0.137616
0.027189
0.027189
0.267741
0.267741
0.107378
0.107378
0.346693
0.346693
0.380488
0.380488
0.096623
0.096623
0.059076
0.059076
0.361662
0.361662
0.121864
0.121864
0.018128
0.018128
0.118638
0.118638
0.109266
0.109266
0.028233
0.028233
0.168022
0.168022
0.070563
0.070563
0.285100
0.285100
0.161722
0.161722
0.057145
0.057145
0.266005
0.266005
0.592075
0.592075
0.141689
0.141689
0.196400
0.196400
0.042620
0.042620
0.052815
0.052815
0.085826
0.085826
0.036474
0.036474
0.243500
0.243500
0.165004
0.165004
0.109769
0.109769
0.123166
0.123166
0.021583
0.021583
0.029200
0.029200
0.385387
0.385387
0.309632
0.309632
0.053964
0.053964
0.169935
0.169935
0.043981
0.043981
0.284787
0.284787
0.074044
0.074044
0.339426
0.339426
0.227653
0.227653
0.110217
0.110217
0.060592
0.060592
0.088647
0.088647
0.106204
0.106204
0.029924
0.029924
0.039362
0.039362
0.065096
0.065096
0.322588
0.322588
0.074744
0.074744
0.120673
0.120673
0.105523
0.105523
0.077647
0.077647
0.073476
0.073476
0.106057
0.106057
0.103523
0.103523
0.054874
0.054874
0.044494
0.044494
0.013040
0.013040
0.059725
0.059725
0.055592
0.055592
0.224131
0.224131
0.469733
0.469733
0.049905
0.049905
0.121808
0.121808
0.035422
0.035422
0.112137
0.112137
0.149720
0.149720
0.175318
0.175318
0.059976
0.059976
0.395399
0.395399
0.223139
0.223139
0.022382
0.022382
0.050443
0.050443
0.052689
0.052689
0.056047
0.056047
0.021579
0.021579
0.101887
0.101887
0.055150
0.055150
0.052711
0.052711
0.151552
0.151552
0.273721
0.273721
0.168404
0.168404
0.318946
0.318946
0.039814
0.039814
0.068387
0.068387
0.239534
0.239534
0.177915
0.177915
0.262554
0.262554
0.119765
0.119765
0.253278
0.253278
0.081415
0.081415
0.248609
0.248609
0.034563
0.034563
0.025627
0.025627
0.072163
0.072163
0.126291
0.126291
0.045727
0.045727
0.329271
0.329271
0.094937
0.094937
0.029856
0.029856
0.029338
0.029338
0.294380
0.294380
0.115375
0.115375
0.163047
0.163047
0.100518
0.100518
0.297274
0.297274
0.061946
0.061946
0.060261
0.060261
0.226597
0.226597
0.150861
0.150861
0.078595
0.078595
0.521466
0.521466
0.099794
0.099794
0.117731
0.117731
0.050206
0.050206
0.060404
0.060404
0.124159
0.124159
0.112946
0.112946
0.068161
0.068161
0.433339
0.433339
0.275157
0.275157
0.127787
0.127787
0.106937
0.106937
0.151506
0.151506
0.118550
0.118550
0.037482
0.037482
0.045466
0.045466
0.481503
0.481503
0.207101
0.207101
0.139157
0.139157
0.194707
0.194707
0.275397
0.275397
0.018608
0.018608
0.078464
0.078464
0.047123
0.047123
0.059416
0.059416
0.297981
0.297981
0.345743
0.345743
0.243013
0.243013
0.124804
0.124804
0.093034
0.093034
0.238916
0.238916
0.448231
0.448231
0.378178
0.378178
0.174687
0.174687
0.060905
0.060905
0.113220
0.113220
0.304257
0.304257
0.048151
0.048151
0.115344
0.115344
0.178820
0.178820
0.042835
0.042835
0.192738
0.192738
0.014053
0.014053
0.457279
0.457279
0.479347
0.479347
0.335257
0.335257
0.285078
0.285078
0.088598
0.088598
0.256847
0.256847
0.092316
0.092316
0.289336
0.289336
0.074693
0.074693
0.164023
0.164023
0.040574
0.040574
0.045637
0.045637
0.058470
0.058470
0.128113
0.128113
0.321236
0.321236
0.119785
0.119785
0.237575
0.237575
0.089664
0.089664
0.405726
0.405726
0.198265
0.198265
0.148884
0.148884
0.136448
0.136448
0.115391
0.115391
0.059680
0.059680
0.073891
0.073891
0.194721
0.194721
0.066955
0.066955
0.077426
0.077426
0.113647
0.113647
0.123633
0.123633
0.194875
0.194875
0.011238
0.011238
0.179765
0.179765
0.134988
0.134988
0.016890
0.016890
0.025165
0.025165
0.112114
0.112114
0.166011
0.166011
0.076370
0.076370
0.147635
0.147635
0.099091
0.099091
0.045024
0.045024
0.179833
0.179833
0.081857
0.081857
0.061044
0.061044
0.078076
0.078076
0.052942
0.052942
0.368951
0.368951
0.176760
0.176760
0.065084
0.065084
0.226813
0.226813
0.123491
0.123491
0.064426
0.064426
0.082138
0.082138
0.077507
0.077507
0.227685
0.227685
0.017243
0.017243
0.104097
0.104097
0.112576
0.112576
0.239121
0.239121
0.179088
0.179088
0.055917
0.055917
0.091999
0.091999
0.058198
0.058198
0.099435
0.099435
0.051770
0.051770
0.053530
0.053530
0.276244
0.276244
0.263040
0.263040
0.141775
0.141775
0.096090
0.096090
0.161324
0.161324
0.087923
0.087923
0.069620
0.069620
0.261683
0.261683
0.059681
0.059681
0.214688
0.214688
0.108701
0.108701
0.173246
0.173246
0.024585
0.024585
0.050232
0.050232
0.168718
0.168718
0.219827
0.219827
0.406270
0.406270
0.043947
0.043947
0.402214
0.402214
0.022084
0.022084
0.110096
0.110096
0.160903
0.160903
0.081416
0.081416
0.212104
0.212104
0.203835
0.203835
0.143508
0.143508
0.377150
0.377150
0.267517
0.267517
0.250040
0.250040
0.131430
0.131430
0.153886
0.153886
0.427441
0.427441
0.024038
0.024038
0.042341
0.042341
0.032064
0.032064
0.042505
0.042505
0.149273
0.149273
0.034295
0.034295
0.025987
0.025987
0.198168
0.198168
0.085961
0.085961
0.085249
0.085249
0.043725
0.043725
0.029197
0.029197
0.077220
0.077220
0.049718
0.049718
0.074985
0.074985
0.311532
0.311532
0.091893
0.091893
0.041890
0.041890
0.039562
0.039562
0.162541
0.162541
0.071703
0.071703
0.017419
0.017419
0.071800
0.071800
0.099695
0.099695
0.051652
0.051652
0.055224
0.055224
0.073384
0.073384
0.137691
0.137691
0.213973
0.213973
0.079993
0.079993
0.123070
0.123070
0.111186
0.111186
0.287439
0.287439
0.313954
0.313954
0.270412
0.270412
0.049805
0.049805
0.122761
0.122761
0.148667
0.148667
0.093293
0.093293
0.196479
0.196479
0.172851
0.172851
0.126538
0.126538
0.212029
0.212029
0.037927
0.037927
0.017501
0.017501
0.037213
0.037213
0.081396
0.081396
0.069330
0.069330
0.056613
0.056613
0.112845
0.112845
0.092934
0.092934
0.087867
0.087867
0.059891
0.059891
0.106189
0.106189
0.109034
0.109034
0.078913
0.078913
0.171342
0.171342
0.268899
0.268899
0.117824
0.117824
0.129082
0.129082
0.072895
0.072895
0.149175
0.149175
0.062736
0.062736
0.171391
0.171391
0.077624
0.077624
0.398951
0.398951
0.127323
0.127323
0.072416
0.072416
0.184953
0.184953
0.088643
0.088643
0.213477
0.213477
0.082021
0.082021
0.442939
0.442939
0.046505
0.046505
0.050997
0.050997
0.049273
0.049273
0.528681
0.528681
0.092492
0.092492
0.228959
0.228959
0.063025
0.063025
0.062973
0.062973
0.402517
0.402517
0.258298
0.258298
0.112630
0.112630
0.636151
0.636151
0.353618
0.353618
0.073885
0.073885
0.155930
0.155930
0.091478
0.091478
0.648646
0.648646
0.148135
0.148135
0.187723
0.187723
0.112963
0.112963
0.614403
0.614403
0.122551
0.122551
0.092993
0.092993
0.117043
0.117043
0.032850
0.032850
0.127739
0.127739
0.044085
0.044085
0.297752
0.297752
0.258422
0.258422
0.194944
0.194944
0.180397
0.180397
0.124147
0.124147
0.166448
0.166448
0.102544
0.102544
0.087029
0.087029
0.099992
0.099992
0.033319
0.033319
0.038947
0.038947
0.110729
0.110729
0.224105
0.224105
0.126199
0.126199
0.119012
0.119012
0.108966
0.108966
0.280617
0.280617
0.083465
0.083465
0.192779
0.192779
0.170211
0.170211
0.063372
0.063372
0.365659
0.365659
0.311280
0.311280
0.156514
0.156514
0.130214
0.130214
0.057252
0.057252
0.044535
0.044535
0.047338
0.047338
0.031430
0.031430
0.046652
0.046652
0.211902
0.211902
0.068164
0.068164
0.066662
0.066662
0.023832
0.023832
0.213724
0.213724
0.077214
0.077214
0.264566
0.264566
0.117479
0.117479
0.124593
0.124593
0.126701
0.126701
0.312451
0.312451
0.201686
0.201686
0.095760
0.095760
0.152608
0.152608
0.096562
0.096562
0.171237
0.171237
0.097732
0.097732
0.170474
0.170474
0.080520
0.080520
0.157838
0.157838
0.077370
0.077370
0.102083
0.102083
0.061342
0.061342
0.607394
0.607394
0.239790
0.239790
0.059258
0.059258
0.162569
0.162569
0.135742
0.135742
0.096894
0.096894
0.068102
0.068102
0.298095
0.298095
0.075554
0.075554
0.128757
0.128757
0.401117
0.401117
0.526045
0.526045
0.122209
0.122209
0.079954
0.079954
0.084200
0.084200
0.072876
0.072876
0.079022
0.079022
0.049865
0.049865
0.238088
0.238088
0.037243
0.037243
0.137660
0.137660
0.029269
0.029269
0.033762
0.033762
0.151495
0.151495
0.133725
0.133725
0.145692
0.145692
0.026398
0.026398
0.075953
0.075953
0.057585
0.057585
0.131620
0.131620
2.310900
2.310900
0.080852
0.080852
0.163827
0.163827
0.096663
0.096663
0.315280
0.315280
0.097376
0.097376
0.134595
0.134595
0.177242
0.177242
0.332531
0.332531
0.042003
0.042003
0.080644
0.080644
0.256355
0.256355
0.411120
0.411120
0.090036
0.090036
0.211010
0.211010
0.110190
0.110190
0.046895
0.046895
0.012792
0.012792
0.177381
0.177381
0.053599
0.053599
0.454872
0.454872
0.137483
0.137483
0.151832
0.151832
0.343319
0.343319
0.160258
0.160258
0.038298
0.038298
0.068462
0.068462
0.227491
0.227491
0.162593
0.162593
0.087914
0.087914
0.286325
0.286325
0.085347
0.085347
0.207932
0.207932
0.044466
0.044466
0.035634
0.035634
0.061917
0.061917
0.239040
0.239040
0.115073
0.115073
0.062341
0.062341
0.119224
0.119224
0.202443
0.202443
0.086889
0.086889
0.284810
0.284810
0.082628
0.082628
0.405063
0.405063
0.058378
0.058378
0.045854
0.045854
0.090604
0.090604
0.307579
0.307579
0.107139
0.107139
0.097007
0.097007
0.068249
0.068249
0.041942
0.041942
0.208617
0.208617
0.083467
0.083467
0.203891
0.203891
0.161894
0.161894
0.172741
0.172741
0.080515
0.080515
0.050692
0.050692
0.039158
0.039158
0.187619
0.187619
0.048112
0.048112
0.133582
0.133582
0.086844
0.086844
0.064322
0.064322
0.119466
0.119466
0.074576
0.074576
0.311297
0.311297
0.066921
0.066921
0.054521
0.054521
0.070797
0.070797
0.176814
0.176814
0.158081
0.158081
0.228810
0.228810
0.143018
0.143018
0.081308
0.081308
0.151851
0.151851
0.167119
0.167119
0.037844
0.037844
0.068506
0.068506
0.069530
0.069530
0.180862
0.180862
0.074189
0.074189
0.082480
0.082480
0.235778
0.235778
0.209609
0.209609
0.022735
0.022735
0.052520
0.052520
0.055513
0.055513
0.035221
0.035221
0.196696
0.196696
0.049553
0.049553
0.104508
0.104508
0.095059
0.095059
0.067280
0.067280
0.269612
0.269612
0.082011
0.082011
0.106155
0.106155
0.116668
0.116668
0.069524
0.069524
0.355644
0.355644
0.102360
0.102360
0.220581
0.220581
0.086066
0.086066
0.345108
0.345108
0.187518
0.187518
0.106218
0.106218
0.301134
0.301134
0.114647
0.114647
0.089562
0.089562
0.063954
0.063954
0.247110
0.247110
0.044104
0.044104
0.478023
0.478023
0.041100
0.041100
0.113206
0.113206
0.461304
0.461304
0.080247
0.080247
0.142914
0.142914
0.099292
0.099292
0.056558
0.056558
0.115932
0.115932
0.043248
0.043248
0.187728
0.187728
0.204092
0.204092
0.038365
0.038365
0.034325
0.034325
0.652869
0.652869
0.147620
0.147620
0.163293
0.163293
0.064042
0.064042
0.108347
0.108347
0.085702
0.085702
0.061085
0.061085
0.202333
0.202333
0.050430
0.050430
0.487724
0.487724
0.112849
0.112849
0.115862
0.115862
0.161031
0.161031
0.079742
0.079742
0.077569
0.077569
0.030037
0.030037
0.024722
0.024722
0.064811
0.064811
0.032386
0.032386
0.283044
0.283044
0.271244
0.271244
0.084549
0.084549
0.018107
0.018107
0.136676
0.136676
0.052619
0.052619
0.212038
0.212038
0.086411
0.086411
0.189067
0.189067
0.458909
0.458909
0.170090
0.170090
0.079959
0.079959
0.019184
0.019184
0.033776
0.033776
0.161149
0.161149
0.225829
0.225829
0.073546
0.073546
0.401703
0.401703
0.043609
0.043609
0.055131
0.055131
0.107755
0.107755
0.171326
0.171326
0.239496
0.239496
0.201559
0.201559
0.097781
0.097781
0.043652
0.043652
0.510428
0.510428
0.077533
0.077533
0.103449
0.103449
0.122057
0.122057
0.210958
0.210958
0.115475
0.115475
0.038916
0.038916
0.033273
0.033273
0.055103
0.055103
0.355026
0.355026
0.050290
0.050290
0.056100
0.056100
0.032361
0.032361
0.054262
0.054262
0.518223
0.518223
0.208212
0.208212
0.190702
0.190702
0.040473
0.040473
0.194569
0.194569
0.403774
0.403774
0.131632
0.131632
0.200788
0.200788
0.028315
0.028315
0.000308
0.000308
0.097431
0.097431
0.127710
0.127710
0.095291
0.095291
0.084830
0.084830
0.064828
0.064828
0.230546
0.230546
0.122006
0.122006
0.048605
0.048605
0.227669
0.227669
0.188575
0.188575
0.124297
0.124297
0.216648
0.216648
0.360882
0.360882
0.156423
0.156423
0.119543
0.119543
0.232217
0.232217
0.254768
0.254768
0.048648
0.048648
0.128194
0.128194
0.076922
0.076922
0.291570
0.291570
0.389828
0.389828
0.043741
0.043741
0.259259
0.259259
0.054871
0.054871
0.068718
0.068718
0.169945
0.169945
0.123275
0.123275
0.527369
0.527369
0.299581
0.299581
0.119486
0.119486
0.041858
0.041858
0.301116
0.301116
0.109920
0.109920
0.662163
0.662163
0.039865
0.039865
0.241774
0.241774
0.090686
0.090686
0.029643
0.029643
0.144215
0.144215
0.063548
0.063548
0.021188
0.021188
0.024139
0.024139
0.044285
0.044285
0.053808
0.053808
0.059788
0.059788
0.362042
0.362042
0.441965
0.441965
0.134528
0.134528
0.243956
0.243956
0.157489
0.157489
0.034548
0.034548
0.421923
0.421923
0.176363
0.176363
0.146856
0.146856
0.075857
0.075857
0.109242
0.109242
0.176871
0.176871
0.422673
0.422673
0.071771
0.071771
0.023867
0.023867
0.064343
0.064343
0.053485
0.053485
0.041997
0.041997
0.167820
0.167820
0.330108
0.330108
0.035664
0.035664
0.105146
0.105146
0.028673
0.028673
0.081468
0.081468
0.076499
0.076499
0.032826
0.032826
0.015678
0.015678
0.226088
0.226088
0.114475
0.114475
0.020502
0.020502
0.052657
0.052657
0.152034
0.152034
0.020791
0.020791
0.149054
0.149054
0.009261
0.009261
0.233666
0.233666
0.069356
0.069356
0.102994
0.102994
0.077835
0.077835
0.229580
0.229580
0.315653
0.315653
0.230059
0.230059
0.219280
0.219280
0.025436
0.025436
0.074903
0.074903
0.481547
0.481547
1.012080
1.012080
0.106415
0.106415
0.036777
0.036777
0.160661
0.160661
0.094889
0.094889
0.111082
0.111082
0.083429
0.083429
0.121070
0.121070
0.144318
0.144318
0.159862
0.159862
0.464080
0.464080
0.075518
0.075518
0.227957
0.227957
0.212136
0.212136
0.193100
0.193100
0.105693
0.105693
0.042486
0.042486
0.139093
0.139093
0.153766
0.153766
0.092174
0.092174
0.359336
0.359336
0.113135
0.113135
0.045249
0.045249
0.157783
0.157783
0.062591
0.062591
0.427754
0.427754
0.046287
0.046287
0.183972
0.183972
0.115521
0.115521
0.066063
0.066063
0.206209
0.206209
0.112630
0.112630
0.099008
0.099008
0.104665
0.104665
0.121566
0.121566
0.088402
0.088402
0.102142
0.102142
0.164939
0.164939
0.045883
0.045883
0.036231
0.036231
0.055683
0.055683
0.098355
0.098355
0.067128
0.067128
0.057297
0.057297
0.073632
0.073632
0.021382
0.021382
0.092209
0.092209
0.230615
0.230615
0.299050
0.299050
0.160690
0.160690
0.148954
0.148954
0.198630
0.198630
0.177360
0.177360
0.070951
0.070951
0.033091
0.033091
0.211567
0.211567
0.015267
0.015267
0.068379
0.068379
0.228635
0.228635
0.109473
0.109473
0.075554
0.075554
0.129437
0.129437
0.063235
0.063235
0.014273
0.014273
0.256914
0.256914
0.091794
0.091794
0.040563
0.040563
0.040674
0.040674
0.057977
0.057977
0.173833
0.173833
0.076943
0.076943
0.037778
0.037778
0.122717
0.122717
0.183325
0.183325
0.208396
0.208396
0.067976
0.067976
0.078499
0.078499
0.054187
0.054187
0.236097
0.236097
0.091847
0.091847
0.088593
0.088593
0.168899
0.168899
0.025879
0.025879
0.189472
0.189472
0.314019
0.314019
0.202170
0.202170
0.087112
0.087112
0.269012
0.269012
0.076303
0.076303
0.229449
0.229449
0.031058
0.031058
0.029532
0.029532
0.122192
0.122192
0.027200
0.027200
0.210276
0.210276
0.099984
0.099984
0.225694
0.225694
0.163252
0.163252
0.050330
0.050330
0.268688
0.268688
0.096877
0.096877
0.042200
0.042200
0.160729
0.160729
0.170414
0.170414
0.031865
0.031865
0.127378
0.127378
0.217338
0.217338
0.072699
0.072699
0.446504
0.446504
0.075185
0.075185
0.133187
0.133187
0.195010
0.195010
0.137376
0.137376
0.427593
0.427593
0.362228
0.362228
0.021679
0.021679
0.177706
0.177706
0.104018
0.104018
0.328487
0.328487
0.127107
0.127107
0.097035
0.097035
0.068017
0.068017
0.276261
0.276261
0.112845
0.112845
0.070769
0.070769
0.071685
0.071685
0.148310
0.148310
0.139079
0.139079
0.193293
0.193293
0.210507
0.210507
0.021742
0.021742
0.124888
0.124888
0.130405
0.130405
0.496449
0.496449
0.028280
0.028280
0.088086
0.088086
0.065314
0.065314
0.102610
0.102610
0.167946
0.167946
0.028850
0.028850
0.061783
0.061783
0.204710
0.204710
0.048563
0.048563
0.041139
0.041139
0.033667
0.033667
0.201085
0.201085
0.168318
0.168318
0.079946
0.079946
0.236962
0.236962
0.077838
0.077838
0.320886
0.320886
0.056314
0.056314
0.166409
0.166409
0.207995
0.207995
0.050512
0.050512
0.150130
0.150130
0.051953
0.051953
0.109158
0.109158
0.078588
0.078588
0.129371
0.129371
0.351420
0.351420
0.234585
0.234585
0.576053
0.576053
0.057292
0.057292
0.071581
0.071581
0.104673
0.104673
0.136461
0.136461
0.113597
0.113597
0.046125
0.046125
0.101145
0.101145
0.053877
0.053877
0.152921
0.152921
0.070111
0.070111
0.219231
0.219231
0.078538
0.078538
0.225865
0.225865
0.129666
0.129666
0.032029
0.032029
0.184113
0.184113
0.105947
0.105947
0.029575
0.029575
0.123291
0.123291
0.195605
0.195605
0.235463
0.235463
0.039085
0.039085
0.044920
0.044920
0.065531
0.065531
0.049189
0.049189
0.089464
0.089464
0.073643
0.073643
0.083862
0.083862
0.184380
0.184380
0.060034
0.060034
0.201063
0.201063
0.057868
0.057868
0.292997
0.292997
0.319558
0.319558
0.118548
0.118548
0.220405
0.220405
0.162671
0.162671
0.060994
0.060994
0.500492
0.500492
0.128708
0.128708
0.357116
0.357116
0.215606
0.215606
0.165869
0.165869
0.082155
0.082155
0.165753
0.165753
0.270383
0.270383
0.164719
0.164719
0.090154
0.090154
0.076689
0.076689
0.029269
0.029269
0.312840
0.312840
0.051515
0.051515
0.071279
0.071279
0.048125
0.048125
0.861134
0.861134
0.159099
0.159099
0.302019
0.302019
0.078029
0.078029
0.042111
0.042111
0.196642
0.196642
0.157873
0.157873
0.037751
0.037751
0.053437
0.053437
0.023795
0.023795
0.090416
0.090416
0.113785
0.113785
0.052806
0.052806
0.140370
0.140370
0.065572
0.065572
0.042989
0.042989
0.066042
0.066042
0.074328
0.074328
0.107627
0.107627
0.132173
0.132173
0.151998
0.151998
0.098278
0.098278
0.072552
0.072552
0.199272
0.199272
0.136052
0.136052
0.102198
0.102198
0.081670
0.081670
0.059195
0.059195
0.046781
0.046781
0.031478
0.031478
0.059781
0.059781
0.197010
0.197010
0.085298
0.085298
0.083350
0.083350
0.192745
0.192745
0.047442
0.047442
0.073955
0.073955
0.070195
0.070195
0.046089
0.046089
0.174395
0.174395
0.073911
0.073911
0.022485
0.022485
0.386581
0.386581
0.032436
0.032436
0.034498
0.034498
0.082895
0.082895
0.046385
0.046385
0.185352
0.185352
0.361947
0.361947
0.210467
0.210467
0.052238
0.052238
0.115843
0.115843
0.075748
0.075748
0.347759
0.347759
0.078957
0.078957
0.064744
0.064744
0.053575
0.053575
0.093708
0.093708
0.286577
0.286577
0.138336
0.138336
0.293362
0.293362
0.046150
0.046150
0.275186
0.275186
0.096074
0.096074
0.014407
0.014407
0.465593
0.465593
0.257410
0.257410
0.057862
0.057862
0.027755
0.027755
0.177626
0.177626
0.317143
0.317143
0.117742
0.117742
0.073705
0.073705
0.164873
0.164873
0.131238
0.131238
0.253496
0.253496
0.302210
0.302210
0.058876
0.058876
0.044922
0.044922
0.147270
0.147270
0.483116
0.483116
0.141355
0.141355
0.002772
0.002772
0.177339
0.177339
0.178544
0.178544
0.093859
0.093859
0.034785
0.034785
0.087548
0.087548
0.177813
0.177813
0.056389
0.056389
0.053983
0.053983
