2.323601
2.323601
2.322078
2.322078
2.328779
2.328779
2.323559
2.323559
2.310796
2.310796
2.303092
2.303092
2.328545
2.328545
2.330114
2.330114
2.313352
2.313352
2.292345
2.292345
2.292013
2.292013
2.301918
2.301918
2.318568
2.318568
2.306431
2.306431
2.294196
2.294196
2.305836
2.305836
2.294674
2.294674
2.274736
2.274736
2.296625
2.296625
2.274239
2.274239
2.307909
2.307909
2.267345
2.267345
2.306597
2.306597
2.280297
2.280297
2.267876
2.267876
2.271584
2.271584
2.269746
2.269746
2.286139
2.286139
2.259037
2.259037
2.260560
2.260560
2.259065
2.259065
2.253522
2.253522
2.267776
2.267776
2.250159
2.250159
2.240270
2.240270
2.203689
2.203689
2.233870
2.233870
2.222366
2.222366
2.248762
2.248762
2.253805
2.253805
2.200758
2.200758
2.234904
2.234904
2.189357
2.189357
2.219864
2.219864
2.169858
2.169858
2.189177
2.189177
2.231885
2.231885
2.218538
2.218538
2.183292
2.183292
2.222484
2.222484
2.184321
2.184321
2.165816
2.165816
2.192588
2.192588
2.159914
2.159914
2.152824
2.152824
2.190603
2.190603
2.155677
2.155677
2.138766
2.138766
2.173776
2.173776
2.169116
2.169116
2.119926
2.119926
2.203254
2.203254
2.108959
2.108959
2.101814
2.101814
2.123229
2.123229
2.120884
2.120884
2.088293
2.088293
2.093928
2.093928
2.094623
2.094623
2.140325
2.140325
2.067929
2.067929
2.158112
2.158112
2.144313
2.144313
2.047089
2.047089
2.031209
2.031209
2.071091
2.071091
2.080219
2.080219
2.032520
2.032520
2.068490
2.068490
2.059122
2.059122
2.018000
2.018000
2.046879
2.046879
2.020945
2.020945
2.124125
2.124125
2.032520
2.032520
2.069424
2.069424
2.006909
2.006909
1.977462
1.977462
1.918734
1.918734
2.004140
2.004140
2.055242
2.055242
2.019856
2.019856
1.985357
1.985357
1.994580
1.994580
1.989527
1.989527
1.900145
1.900145
1.887870
1.887870
2.016857
2.016857
1.953240
1.953240
1.933835
1.933835
1.917408
1.917408
1.904796
1.904796
1.821860
1.821860
1.933206
1.933206
1.899940
1.899940
1.937738
1.937738
1.790105
1.790105
1.853177
1.853177
1.780000
1.780000
1.814769
1.814769
1.807571
1.807571
1.844200
1.844200
1.849184
1.849184
1.852145
1.852145
1.702670
1.702670
1.817900
1.817900
1.825638
1.825638
1.766109
1.766109
1.651585
1.651585
1.859498
1.859498
1.744387
1.744387
1.923136
1.923136
1.621873
1.621873
1.789569
1.789569
1.878885
1.878885
1.769565
1.769565
1.745534
1.745534
1.634162
1.634162
1.566364
1.566364
1.753487
1.753487
1.718018
1.718018
1.823232
1.823232
1.779319
1.779319
1.700711
1.700711
1.744136
1.744136
1.829567
1.829567
1.839770
1.839770
1.713395
1.713395
1.653545
1.653545
1.830581
1.830581
1.826680
1.826680
1.787191
1.787191
1.610927
1.610927
1.433181
1.433181
1.733126
1.733126
1.682038
1.682038
1.616596
1.616596
1.620694
1.620694
1.515038
1.515038
1.613623
1.613623
1.637777
1.637777
1.360101
1.360101
1.488832
1.488832
1.455142
1.455142
1.566168
1.566168
1.586728
1.586728
1.569136
1.569136
1.562218
1.562218
1.473525
1.473525
1.541640
1.541640
1.486604
1.486604
1.613933
1.613933
1.498569
1.498569
1.601843
1.601843
1.329456
1.329456
1.318526
1.318526
1.559638
1.559638
1.538249
1.538249
1.608330
1.608330
1.543604
1.543604
1.582789
1.582789
1.534850
1.534850
1.312881
1.312881
1.321231
1.321231
1.263042
1.263042
1.390384
1.390384
1.513614
1.513614
1.494220
1.494220
1.213528
1.213528
1.493689
1.493689
1.455881
1.455881
1.501856
1.501856
1.272330
1.272330
0.995696
0.995696
1.130445
1.130445
1.212559
1.212559
1.526368
1.526368
1.465911
1.465911
1.476899
1.476899
1.312008
1.312008
1.555317
1.555317
1.261783
1.261783
1.134021
1.134021
1.188811
1.188811
1.246260
1.246260
1.446331
1.446331
1.385317
1.385317
1.465904
1.465904
1.057052
1.057052
1.380890
1.380890
1.245000
1.245000
1.325301
1.325301
1.207297
1.207297
1.260535
1.260535
1.163536
1.163536
1.146866
1.146866
1.064324
1.064324
1.122406
1.122406
1.051907
1.051907
1.043549
1.043549
1.267047
1.267047
1.276282
1.276282
1.053266
1.053266
0.942659
0.942659
0.915514
0.915514
0.924680
0.924680
1.110017
1.110017
1.252652
1.252652
0.856741
0.856741
0.972167
0.972167
0.955947
0.955947
1.058715
1.058715
0.897924
0.897924
1.146027
1.146027
1.209413
1.209413
0.901952
0.901952
1.231962
1.231962
1.010962
1.010962
0.908547
0.908547
0.988060
0.988060
1.023160
1.023160
0.904864
0.904864
1.021573
1.021573
1.016662
1.016662
1.013833
1.013833
1.128205
1.128205
1.053166
1.053166
0.974087
0.974087
0.807633
0.807633
1.076938
1.076938
0.862440
0.862440
0.902556
0.902556
1.002697
1.002697
0.882025
0.882025
1.144852
1.144852
0.862563
0.862563
0.785965
0.785965
0.908667
0.908667
0.797361
0.797361
1.010927
1.010927
0.800026
0.800026
1.047282
1.047282
0.920511
0.920511
1.166284
1.166284
1.029247
1.029247
0.965435
0.965435
0.846883
0.846883
0.907527
0.907527
0.769453
0.769453
1.148977
1.148977
0.891162
0.891162
0.978689
0.978689
0.917866
0.917866
0.990224
0.990224
1.088218
1.088218
0.963775
0.963775
0.891457
0.891457
0.902271
0.902271
0.744186
0.744186
1.036057
1.036057
0.958311
0.958311
1.287239
1.287239
0.867311
0.867311
1.016998
1.016998
0.654697
0.654697
0.634120
0.634120
0.629523
0.629523
0.901451
0.901451
0.785477
0.785477
0.771269
0.771269
1.025772
1.025772
0.988110
0.988110
0.995559
0.995559
0.728519
0.728519
0.814618
0.814618
0.779435
0.779435
0.879542
0.879542
0.774530
0.774530
0.756635
0.756635
0.653744
0.653744
0.996223
0.996223
0.937660
0.937660
1.009011
1.009011
0.976944
0.976944
0.871075
0.871075
0.612962
0.612962
0.705269
0.705269
0.780818
0.780818
1.120573
1.120573
0.720428
0.720428
0.631076
0.631076
0.654665
0.654665
0.666756
0.666756
0.818327
0.818327
0.808573
0.808573
0.790429
0.790429
0.648735
0.648735
0.756074
0.756074
0.761547
0.761547
0.696078
0.696078
0.497165
0.497165
0.640725
0.640725
0.654673
0.654673
0.645039
0.645039
0.838830
0.838830
0.891535
0.891535
0.626537
0.626537
0.678270
0.678270
0.625548
0.625548
0.804836
0.804836
0.537546
0.537546
0.947234
0.947234
0.622535
0.622535
0.578272
0.578272
0.804187
0.804187
0.715919
0.715919
0.842276
0.842276
0.822580
0.822580
0.710484
0.710484
0.699043
0.699043
0.642414
0.642414
0.638575
0.638575
0.540859
0.540859
0.733603
0.733603
0.662418
0.662418
0.637984
0.637984
0.685859
0.685859
0.584303
0.584303
0.603388
0.603388
0.639465
0.639465
0.650126
0.650126
0.611951
0.611951
0.655347
0.655347
0.645825
0.645825
0.552957
0.552957
0.496036
0.496036
0.813590
0.813590
0.747638
0.747638
0.573640
0.573640
0.574667
0.574667
0.590488
0.590488
0.622733
0.622733
0.511210
0.511210
0.562939
0.562939
0.693019
0.693019
0.583207
0.583207
0.490988
0.490988
0.542383
0.542383
0.700906
0.700906
0.498538
0.498538
0.489690
0.489690
0.641943
0.641943
0.509334
0.509334
0.654728
0.654728
0.505345
0.505345
0.726041
0.726041
0.578316
0.578316
0.537075
0.537075
0.428573
0.428573
0.543517
0.543517
0.473234
0.473234
0.837055
0.837055
0.676909
0.676909
0.438046
0.438046
0.695682
0.695682
0.567041
0.567041
0.652893
0.652893
0.674324
0.674324
0.704200
0.704200
0.709917
0.709917
0.513616
0.513616
0.528099
0.528099
0.596817
0.596817
0.481860
0.481860
0.515162
0.515162
0.625297
0.625297
0.743027
0.743027
0.485846
0.485846
0.598283
0.598283
0.466131
0.466131
0.644987
0.644987
0.536321
0.536321
0.365487
0.365487
0.610588
0.610588
0.523486
0.523486
0.525716
0.525716
0.476337
0.476337
0.562839
0.562839
0.402617
0.402617
0.412546
0.412546
0.766138
0.766138
0.580668
0.580668
0.450793
0.450793
0.492817
0.492817
0.471226
0.471226
0.467487
0.467487
0.515480
0.515480
0.466998
0.466998
0.543919
0.543919
0.644867
0.644867
0.528694
0.528694
0.565558
0.565558
0.567498
0.567498
0.434610
0.434610
0.613441
0.613441
0.570887
0.570887
0.419789
0.419789
0.597407
0.597407
0.478637
0.478637
0.485814
0.485814
0.492476
0.492476
0.738215
0.738215
0.532575
0.532575
0.507761
0.507761
0.631046
0.631046
0.791804
0.791804
0.377062
0.377062
0.434155
0.434155
0.397278
0.397278
0.415952
0.415952
0.482696
0.482696
0.656853
0.656853
0.483410
0.483410
0.396111
0.396111
0.468074
0.468074
0.480738
0.480738
0.637630
0.637630
0.573176
0.573176
0.555455
0.555455
0.439196
0.439196
0.629277
0.629277
0.705474
0.705474
0.636621
0.636621
0.499853
0.499853
0.512235
0.512235
0.420931
0.420931
0.676490
0.676490
0.442912
0.442912
0.518743
0.518743
0.524818
0.524818
0.624452
0.624452
0.448706
0.448706
0.395783
0.395783
0.436436
0.436436
0.400862
0.400862
0.392440
0.392440
0.452299
0.452299
0.354174
0.354174
0.453527
0.453527
0.512910
0.512910
0.401631
0.401631
0.403607
0.403607
0.355893
0.355893
0.429536
0.429536
0.514555
0.514555
0.417939
0.417939
0.449421
0.449421
0.490046
0.490046
0.522067
0.522067
0.463322
0.463322
0.479043
0.479043
0.450221
0.450221
0.580934
0.580934
0.359006
0.359006
0.369254
0.369254
0.361768
0.361768
0.437028
0.437028
0.490018
0.490018
0.492092
0.492092
0.633581
0.633581
0.637748
0.637748
0.582105
0.582105
0.481604
0.481604
0.433152
0.433152
0.554740
0.554740
0.447977
0.447977
0.344665
0.344665
0.470448
0.470448
0.363187
0.363187
0.366250
0.366250
0.331837
0.331837
0.387380
0.387380
0.639311
0.639311
0.652184
0.652184
0.413453
0.413453
0.307155
0.307155
0.411470
0.411470
0.448933
0.448933
0.299328
0.299328
0.549182
0.549182
0.341364
0.341364
0.422950
0.422950
0.440823
0.440823
0.504366
0.504366
0.394194
0.394194
0.552204
0.552204
0.317296
0.317296
0.339215
0.339215
0.329515
0.329515
0.534948
0.534948
0.541314
0.541314
0.335686
0.335686
0.433605
0.433605
0.409151
0.409151
0.372052
0.372052
0.429841
0.429841
0.282793
0.282793
0.463260
0.463260
0.368096
0.368096
0.443773
0.443773
0.567793
0.567793
0.339456
0.339456
0.544109
0.544109
0.486632
0.486632
0.261461
0.261461
0.320395
0.320395
0.396725
0.396725
0.498835
0.498835
0.486557
0.486557
0.485176
0.485176
0.367729
0.367729
0.526358
0.526358
0.351326
0.351326
0.443432
0.443432
0.474118
0.474118
0.362684
0.362684
0.347580
0.347580
0.322518
0.322518
0.348488
0.348488
0.373209
0.373209
0.317183
0.317183
0.395062
0.395062
0.360776
0.360776
0.473005
0.473005
0.465996
0.465996
0.289365
0.289365
0.395549
0.395549
0.483140
0.483140
0.637442
0.637442
0.358411
0.358411
0.443405
0.443405
0.366444
0.366444
0.297998
0.297998
0.415126
0.415126
0.431291
0.431291
0.275241
0.275241
0.388028
0.388028
0.284642
0.284642
0.536030
0.536030
0.401181
0.401181
0.464048
0.464048
0.344418
0.344418
0.520039
0.520039
0.520354
0.520354
0.205671
0.205671
0.489831
0.489831
0.558485
0.558485
0.263692
0.263692
0.406001
0.406001
0.438003
0.438003
0.533801
0.533801
0.371784
0.371784
0.347564
0.347564
0.436374
0.436374
0.394143
0.394143
0.430000
0.430000
0.402733
0.402733
0.525901
0.525901
0.358213
0.358213
0.258158
0.258158
0.431826
0.431826
0.409912
0.409912
0.368441
0.368441
0.222467
0.222467
0.412083
0.412083
0.306796
0.306796
0.530243
0.530243
0.512234
0.512234
0.402955
0.402955
0.334718
0.334718
0.494680
0.494680
0.372176
0.372176
0.399822
0.399822
0.527442
0.527442
0.288345
0.288345
0.205165
0.205165
0.424562
0.424562
0.255094
0.255094
0.373885
0.373885
0.300162
0.300162
0.539883
0.539883
0.397184
0.397184
0.381065
0.381065
0.252404
0.252404
0.296425
0.296425
0.238399
0.238399
0.408626
0.408626
0.239235
0.239235
0.311399
0.311399
0.342503
0.342503
0.324259
0.324259
0.395065
0.395065
0.257296
0.257296
0.450784
0.450784
0.687317
0.687317
0.233924
0.233924
0.287496
0.287496
0.346039
0.346039
0.398308
0.398308
0.288454
0.288454
0.391811
0.391811
0.288900
0.288900
0.376099
0.376099
0.314901
0.314901
0.350395
0.350395
0.394336
0.394336
0.239886
0.239886
0.428992
0.428992
0.517613
0.517613
0.387808
0.387808
0.245451
0.245451
0.573144
0.573144
0.357455
0.357455
0.360027
0.360027
0.369840
0.369840
0.435181
0.435181
0.312656
0.312656
0.316498
0.316498
0.290041
0.290041
0.202077
0.202077
0.423729
0.423729
0.387694
0.387694
0.294496
0.294496
0.376268
0.376268
0.325123
0.325123
0.383236
0.383236
0.427418
0.427418
0.478989
0.478989
0.261361
0.261361
0.230003
0.230003
0.328089
0.328089
0.461643
0.461643
0.365857
0.365857
0.438414
0.438414
0.351444
0.351444
0.520119
0.520119
0.353147
0.353147
0.261806
0.261806
0.358116
0.358116
0.346288
0.346288
0.363924
0.363924
0.310072
0.310072
0.360745
0.360745
0.434873
0.434873
0.239419
0.239419
0.704464
0.704464
0.359819
0.359819
0.378279
0.378279
0.348775
0.348775
0.238851
0.238851
0.352630
0.352630
0.248789
0.248789
0.288559
0.288559
0.222569
0.222569
0.424141
0.424141
0.397628
0.397628
0.287508
0.287508
0.263145
0.263145
0.290598
0.290598
0.404501
0.404501
0.638353
0.638353
0.334154
0.334154
0.287834
0.287834
0.382684
0.382684
0.327055
0.327055
0.352593
0.352593
0.179986
0.179986
0.343868
0.343868
0.226727
0.226727
0.263752
0.263752
0.326003
0.326003
0.416909
0.416909
0.249671
0.249671
0.278379
0.278379
0.285508
0.285508
0.406079
0.406079
0.206229
0.206229
0.287160
0.287160
0.361758
0.361758
0.498683
0.498683
0.237484
0.237484
0.344781
0.344781
0.439889
0.439889
0.308969
0.308969
0.450534
0.450534
0.417221
0.417221
0.403619
0.403619
0.275917
0.275917
0.236260
0.236260
0.340144
0.340144
0.377873
0.377873
0.457039
0.457039
0.477019
0.477019
0.225837
0.225837
0.343531
0.343531
0.383005
0.383005
0.278875
0.278875
0.250844
0.250844
0.254611
0.254611
0.349041
0.349041
0.349916
0.349916
0.536835
0.536835
0.249009
0.249009
0.287801
0.287801
0.206936
0.206936
0.388925
0.388925
0.399548
0.399548
0.238776
0.238776
0.172836
0.172836
0.247701
0.247701
0.281187
0.281187
0.292964
0.292964
0.149382
0.149382
0.262972
0.262972
0.395961
0.395961
0.332119
0.332119
0.311721
0.311721
0.238399
0.238399
0.293110
0.293110
0.387969
0.387969
0.356476
0.356476
0.259737
0.259737
0.248194
0.248194
0.264614
0.264614
0.315641
0.315641
0.272024
0.272024
0.415689
0.415689
0.344190
0.344190
0.222115
0.222115
0.319448
0.319448
0.393088
0.393088
0.370069
0.370069
0.230205
0.230205
0.251634
0.251634
0.339058
0.339058
0.282306
0.282306
0.406713
0.406713
0.169356
0.169356
0.227936
0.227936
0.432028
0.432028
0.370003
0.370003
0.272406
0.272406
0.311807
0.311807
0.181084
0.181084
0.426004
0.426004
0.161386
0.161386
0.341695
0.341695
0.415901
0.415901
0.327064
0.327064
0.436968
0.436968
0.334632
0.334632
0.284459
0.284459
0.433688
0.433688
0.306978
0.306978
0.199456
0.199456
0.305101
0.305101
0.415884
0.415884
0.306875
0.306875
0.324212
0.324212
0.320610
0.320610
0.285272
0.285272
0.304326
0.304326
0.266367
0.266367
0.270707
0.270707
0.221658
0.221658
0.334739
0.334739
0.249108
0.249108
0.206734
0.206734
0.429895
0.429895
0.286206
0.286206
0.233600
0.233600
0.250048
0.250048
0.165810
0.165810
0.166314
0.166314
0.323631
0.323631
0.371685
0.371685
0.331006
0.331006
0.233339
0.233339
0.474540
0.474540
0.224636
0.224636
0.274770
0.274770
0.260810
0.260810
0.207847
0.207847
0.210023
0.210023
0.300627
0.300627
0.316677
0.316677
0.398388
0.398388
0.175690
0.175690
0.366550
0.366550
0.261178
0.261178
0.215685
0.215685
0.309215
0.309215
0.701643
0.701643
0.229155
0.229155
0.360059
0.360059
0.420083
0.420083
0.295739
0.295739
0.247036
0.247036
0.238612
0.238612
0.272374
0.272374
0.260297
0.260297
0.296460
0.296460
0.274386
0.274386
0.256359
0.256359
0.270277
0.270277
0.317442
0.317442
0.261381
0.261381
0.333167
0.333167
0.215610
0.215610
0.209956
0.209956
0.214308
0.214308
0.381694
0.381694
0.482303
0.482303
0.301905
0.301905
0.534032
0.534032
0.460068
0.460068
0.385375
0.385375
0.267591
0.267591
0.334387
0.334387
0.369146
0.369146
0.455842
0.455842
0.294538
0.294538
0.175562
0.175562
0.310798
0.310798
0.357138
0.357138
0.253649
0.253649
0.173003
0.173003
0.232904
0.232904
0.132234
0.132234
0.312645
0.312645
0.158161
0.158161
0.185821
0.185821
0.391708
0.391708
0.159466
0.159466
0.159287
0.159287
0.276241
0.276241
0.425131
0.425131
0.298735
0.298735
0.301017
0.301017
0.208930
0.208930
0.302431
0.302431
0.307806
0.307806
0.283909
0.283909
0.303612
0.303612
0.215101
0.215101
0.359296
0.359296
0.273990
0.273990
0.358280
0.358280
0.270413
0.270413
0.384182
0.384182
0.202213
0.202213
0.374377
0.374377
0.194369
0.194369
0.313975
0.313975
0.230925
0.230925
0.234923
0.234923
0.245180
0.245180
0.344566
0.344566
0.281141
0.281141
0.320614
0.320614
0.224521
0.224521
0.481233
0.481233
0.480347
0.480347
0.204429
0.204429
0.234898
0.234898
0.254904
0.254904
0.431107
0.431107
0.271009
0.271009
0.224132
0.224132
0.176410
0.176410
0.122993
0.122993
0.170148
0.170148
0.168230
0.168230
0.165213
0.165213
0.210625
0.210625
0.373745
0.373745
0.225776
0.225776
0.341465
0.341465
0.260123
0.260123
0.257424
0.257424
0.343903
0.343903
0.306076
0.306076
0.293837
0.293837
0.311536
0.311536
0.274001
0.274001
0.296064
0.296064
0.195709
0.195709
0.272193
0.272193
0.219191
0.219191
0.300089
0.300089
0.299646
0.299646
0.209963
0.209963
0.214672
0.214672
0.212785
0.212785
0.421198
0.421198
0.329346
0.329346
0.232973
0.232973
0.244780
0.244780
0.140441
0.140441
0.418648
0.418648
0.447909
0.447909
0.179655
0.179655
0.261222
0.261222
0.252235
0.252235
0.278935
0.278935
0.311749
0.311749
0.327189
0.327189
0.386486
0.386486
0.222893
0.222893
0.207829
0.207829
0.294969
0.294969
0.236495
0.236495
0.312310
0.312310
0.263938
0.263938
0.390431
0.390431
0.174764
0.174764
0.253601
0.253601
0.324920
0.324920
0.305615
0.305615
0.152742
0.152742
0.411890
0.411890
0.268066
0.268066
0.259541
0.259541
0.292104
0.292104
0.220646
0.220646
0.367313
0.367313
0.237957
0.237957
0.225326
0.225326
0.308072
0.308072
0.365837
0.365837
0.220836
0.220836
0.296882
0.296882
0.268244
0.268244
0.291972
0.291972
0.339959
0.339959
0.294655
0.294655
0.209782
0.209782
0.497202
0.497202
0.171971
0.171971
0.275356
0.275356
0.135530
0.135530
0.253761
0.253761
0.226023
0.226023
0.209488
0.209488
0.359697
0.359697
0.551337
0.551337
0.361183
0.361183
0.276513
0.276513
0.320690
0.320690
0.324467
0.324467
0.218162
0.218162
0.120486
0.120486
0.211398
0.211398
0.201990
0.201990
0.307810
0.307810
0.245722
0.245722
0.311834
0.311834
0.229841
0.229841
0.323022
0.323022
0.194870
0.194870
0.212621
0.212621
0.428892
0.428892
0.412397
0.412397
0.189194
0.189194
0.249622
0.249622
0.214908
0.214908
0.263502
0.263502
0.116520
0.116520
0.343437
0.343437
0.287373
0.287373
0.275441
0.275441
0.255646
0.255646
0.299064
0.299064
0.235581
0.235581
0.225134
0.225134
0.178701
0.178701
0.204436
0.204436
0.251828
0.251828
0.249514
0.249514
0.143883
0.143883
0.167927
0.167927
0.178404
0.178404
0.133100
0.133100
0.440040
0.440040
0.297962
0.297962
0.134551
0.134551
0.200076
0.200076
0.292429
0.292429
0.200316
0.200316
0.278736
0.278736
0.279598
0.279598
0.308242
0.308242
0.377632
0.377632
0.163721
0.163721
0.287389
0.287389
0.265872
0.265872
0.296194
0.296194
0.172206
0.172206
0.172215
0.172215
0.128807
0.128807
0.225855
0.225855
0.281715
0.281715
0.488797
0.488797
0.247371
0.247371
0.148668
0.148668
0.179030
0.179030
0.241955
0.241955
0.318328
0.318328
0.232098
0.232098
0.255992
0.255992
0.233362
0.233362
0.198841
0.198841
0.272500
0.272500
0.238381
0.238381
0.223306
0.223306
0.195781
0.195781
0.230006
0.230006
0.399691
0.399691
0.110789
0.110789
0.232533
0.232533
0.218508
0.218508
0.315116
0.315116
0.267188
0.267188
0.234000
0.234000
0.226372
0.226372
0.279201
0.279201
0.158406
0.158406
0.257071
0.257071
0.258082
0.258082
0.211022
0.211022
0.455200
0.455200
0.243087
0.243087
0.341842
0.341842
0.167916
0.167916
0.299940
0.299940
0.397977
0.397977
0.130678
0.130678
0.370268
0.370268
0.327657
0.327657
0.260127
0.260127
0.156547
0.156547
0.221234
0.221234
0.135071
0.135071
0.201401
0.201401
0.295080
0.295080
0.247877
0.247877
0.157122
0.157122
0.286351
0.286351
0.078960
0.078960
0.164789
0.164789
0.290273
0.290273
0.250046
0.250046
0.377798
0.377798
0.177107
0.177107
0.095616
0.095616
0.175633
0.175633
0.134667
0.134667
0.216799
0.216799
0.212320
0.212320
0.108779
0.108779
0.167680
0.167680
0.220961
0.220961
0.353377
0.353377
0.172877
0.172877
0.225819
0.225819
0.137743
0.137743
0.360728
0.360728
0.271072
0.271072
0.242774
0.242774
0.229467
0.229467
0.327554
0.327554
0.271006
0.271006
0.199982
0.199982
0.151663
0.151663
0.249383
0.249383
0.381330
0.381330
0.133939
0.133939
0.167810
0.167810
0.241296
0.241296
0.247210
0.247210
0.231426
0.231426
0.239301
0.239301
0.378070
0.378070
0.226255
0.226255
0.184313
0.184313
0.559228
0.559228
0.178308
0.178308
0.127619
0.127619
0.188586
0.188586
0.289599
0.289599
0.151841
0.151841
0.299982
0.299982
0.285481
0.285481
0.213326
0.213326
0.159977
0.159977
0.210519
0.210519
0.346163
0.346163
0.261756
0.261756
0.186716
0.186716
0.275715
0.275715
0.319874
0.319874
0.264563
0.264563
0.307168
0.307168
0.251701
0.251701
0.293322
0.293322
0.110744
0.110744
0.289392
0.289392
0.386142
0.386142
0.281586
0.281586
0.221473
0.221473
0.214731
0.214731
0.449224
0.449224
0.279302
0.279302
0.117000
0.117000
0.386545
0.386545
0.340874
0.340874
0.194795
0.194795
0.669398
0.669398
0.300579
0.300579
0.241711
0.241711
0.228525
0.228525
0.226263
0.226263
0.262898
0.262898
0.207555
0.207555
0.445152
0.445152
0.191526
0.191526
0.200648
0.200648
0.227051
0.227051
0.187934
0.187934
0.339930
0.339930
0.183631
0.183631
0.405671
0.405671
0.260823
0.260823
0.272718
0.272718
0.288978
0.288978
0.185604
0.185604
0.273039
0.273039
0.321903
0.321903
0.206932
0.206932
0.368089
0.368089
0.189323
0.189323
0.229802
0.229802
0.230629
0.230629
0.222195
0.222195
0.157972
0.157972
0.219978
0.219978
0.310100
0.310100
0.288059
0.288059
0.208383
0.208383
0.218273
0.218273
0.239553
0.239553
0.256462
0.256462
0.288026
0.288026
0.294631
0.294631
0.352936
0.352936
0.275601
0.275601
0.178481
0.178481
0.179385
0.179385
0.186068
0.186068
0.168504
0.168504
0.244228
0.244228
0.313243
0.313243
0.421391
0.421391
0.326201
0.326201
0.377250
0.377250
0.219850
0.219850
0.277541
0.277541
0.323227
0.323227
0.130698
0.130698
0.108943
0.108943
0.311095
0.311095
0.175712
0.175712
0.225053
0.225053
0.373707
0.373707
0.247624
0.247624
0.152586
0.152586
0.155536
0.155536
0.164794
0.164794
0.146869
0.146869
0.090523
0.090523
0.235662
0.235662
0.337916
0.337916
0.351021
0.351021
0.146439
0.146439
0.119945
0.119945
0.233141
0.233141
0.169468
0.169468
0.177075
0.177075
0.161022
0.161022
0.151105
0.151105
0.274024
0.274024
0.339005
0.339005
0.219972
0.219972
0.120996
0.120996
0.109487
0.109487
0.112984
0.112984
0.205053
0.205053
0.326183
0.326183
0.190518
0.190518
0.164755
0.164755
0.260061
0.260061
0.250530
0.250530
0.302153
0.302153
0.194625
0.194625
0.312368
0.312368
0.352664
0.352664
0.132825
0.132825
0.180037
0.180037
0.418906
0.418906
0.233290
0.233290
0.192992
0.192992
0.321233
0.321233
0.145767
0.145767
0.136329
0.136329
0.237423
0.237423
0.256456
0.256456
0.237207
0.237207
0.300248
0.300248
0.206081
0.206081
0.241123
0.241123
0.348332
0.348332
0.158598
0.158598
0.183021
0.183021
0.196845
0.196845
0.292584
0.292584
0.373164
0.373164
0.159729
0.159729
0.217435
0.217435
0.089944
0.089944
0.092773
0.092773
0.184959
0.184959
0.133110
0.133110
0.250614
0.250614
0.209662
0.209662
0.182773
0.182773
0.161792
0.161792
0.141228
0.141228
0.217654
0.217654
0.171716
0.171716
0.299275
0.299275
0.337086
0.337086
0.288578
0.288578
0.091326
0.091326
0.182112
0.182112
0.173779
0.173779
0.202596
0.202596
0.163250
0.163250
0.223615
0.223615
0.282105
0.282105
0.157942
0.157942
0.288985
0.288985
0.100864
0.100864
0.154341
0.154341
0.357294
0.357294
0.348208
0.348208
0.262509
0.262509
0.346139
0.346139
0.194309
0.194309
0.212872
0.212872
0.226567
0.226567
0.095312
0.095312
0.235724
0.235724
0.205549
0.205549
0.242681
0.242681
0.249681
0.249681
0.150533
0.150533
0.299847
0.299847
0.319631
0.319631
0.224055
0.224055
0.257033
0.257033
0.064164
0.064164
0.383287
0.383287
0.147096
0.147096
0.263044
0.263044
0.183859
0.183859
0.126310
0.126310
0.218162
0.218162
0.281647
0.281647
0.292107
0.292107
0.129004
0.129004
0.089139
0.089139
0.199420
0.199420
0.215372
0.215372
0.149832
0.149832
0.253994
0.253994
0.146578
0.146578
0.168476
0.168476
0.248862
0.248862
0.141152
0.141152
0.147019
0.147019
0.126015
0.126015
0.142315
0.142315
0.217373
0.217373
0.181677
0.181677
0.307150
0.307150
0.155682
0.155682
0.263177
0.263177
0.296745
0.296745
0.214789
0.214789
0.372157
0.372157
0.140868
0.140868
0.121837
0.121837
0.285201
0.285201
0.302190
0.302190
0.351003
0.351003
0.221868
0.221868
0.382397
0.382397
0.209024
0.209024
0.596634
0.596634
0.256059
0.256059
0.243995
0.243995
0.413717
0.413717
0.388868
0.388868
0.261471
0.261471
0.212422
0.212422
0.090623
0.090623
0.244150
0.244150
0.228165
0.228165
0.223978
0.223978
0.261432
0.261432
0.204136
0.204136
0.231661
0.231661
0.295784
0.295784
0.277020
0.277020
0.222758
0.222758
0.353945
0.353945
0.199904
0.199904
0.208397
0.208397
0.105652
0.105652
0.338071
0.338071
0.107514
0.107514
0.282550
0.282550
0.168339
0.168339
0.261603
0.261603
0.123975
0.123975
0.212816
0.212816
0.179405
0.179405
0.249637
0.249637
0.282009
0.282009
0.320516
0.320516
0.171707
0.171707
0.212481
0.212481
0.304272
0.304272
0.274695
0.274695
0.181984
0.181984
0.264377
0.264377
0.164215
0.164215
0.173431
0.173431
0.270758
0.270758
0.157569
0.157569
0.252944
0.252944
0.487214
0.487214
0.225311
0.225311
0.129411
0.129411
0.185295
0.185295
0.309023
0.309023
0.163386
0.163386
0.338802
0.338802
0.129652
0.129652
0.186189
0.186189
0.254781
0.254781
0.334310
0.334310
0.286724
0.286724
0.112033
0.112033
0.376214
0.376214
0.341842
0.341842
0.155010
0.155010
0.221183
0.221183
0.275372
0.275372
0.126443
0.126443
0.119982
0.119982
0.106589
0.106589
0.460561
0.460561
0.375415
0.375415
0.294057
0.294057
0.212134
0.212134
0.245258
0.245258
0.211000
0.211000
0.197324
0.197324
0.240741
0.240741
0.121172
0.121172
0.280484
0.280484
0.135657
0.135657
0.358485
0.358485
0.183114
0.183114
0.254375
0.254375
0.273769
0.273769
0.298914
0.298914
0.209782
0.209782
0.141697
0.141697
0.251510
0.251510
0.109176
0.109176
0.188068
0.188068
0.204573
0.204573
0.158343
0.158343
0.240100
0.240100
0.203039
0.203039
0.202250
0.202250
0.212682
0.212682
0.291200
0.291200
0.162448
0.162448
0.153386
0.153386
0.217686
0.217686
0.141047
0.141047
0.173005
0.173005
0.170643
0.170643
0.572071
0.572071
0.242421
0.242421
0.076243
0.076243
0.546754
0.546754
0.207101
0.207101
0.169062
0.169062
0.201115
0.201115
0.125907
0.125907
0.206788
0.206788
0.253409
0.253409
0.202492
0.202492
0.243062
0.243062
0.348875
0.348875
0.210112
0.210112
0.206512
0.206512
0.140524
0.140524
0.093279
0.093279
0.166994
0.166994
0.260444
0.260444
0.150407
0.150407
0.125955
0.125955
0.120812
0.120812
0.148783
0.148783
0.381392
0.381392
0.232755
0.232755
0.117957
0.117957
0.178930
0.178930
0.381104
0.381104
0.252853
0.252853
0.195774
0.195774
0.072301
0.072301
0.252721
0.252721
0.274556
0.274556
0.223445
0.223445
0.294944
0.294944
0.128597
0.128597
0.179432
0.179432
0.135031
0.135031
0.156745
0.156745
0.201499
0.201499
0.127279
0.127279
0.287122
0.287122
0.241061
0.241061
0.154163
0.154163
0.324257
0.324257
0.117789
0.117789
0.145243
0.145243
0.169173
0.169173
0.187347
0.187347
0.233304
0.233304
0.157808
0.157808
0.182778
0.182778
0.182248
0.182248
0.211553
0.211553
0.281889
0.281889
0.115942
0.115942
0.242656
0.242656
0.308166
0.308166
0.087115
0.087115
0.249493
0.249493
0.153244
0.153244
0.287203
0.287203
0.415930
0.415930
0.268365
0.268365
0.123062
0.123062
0.326896
0.326896
0.193204
0.193204
0.184755
0.184755
0.226679
0.226679
0.265311
0.265311
0.163061
0.163061
0.079194
0.079194
0.194932
0.194932
0.293254
0.293254
0.239340
0.239340
0.244036
0.244036
0.267994
0.267994
0.104804
0.104804
0.215352
0.215352
0.182633
0.182633
0.100143
0.100143
0.160227
0.160227
0.191405
0.191405
0.193817
0.193817
0.170794
0.170794
0.166639
0.166639
0.132279
0.132279
0.095815
0.095815
0.065956
0.065956
0.259784
0.259784
0.309754
0.309754
0.094699
0.094699
0.208010
0.208010
0.492624
0.492624
0.111778
0.111778
0.109378
0.109378
0.218126
0.218126
0.106294
0.106294
0.208798
0.208798
0.157308
0.157308
0.231424
0.231424
0.507111
0.507111
0.139658
0.139658
0.137096
0.137096
0.200079
0.200079
0.118484
0.118484
0.305508
0.305508
0.169879
0.169879
0.174327
0.174327
0.127450
0.127450
0.126687
0.126687
0.273444
0.273444
0.268108
0.268108
0.142415
0.142415
0.129493
0.129493
0.181229
0.181229
0.429714
0.429714
0.219308
0.219308
0.334712
0.334712
0.285301
0.285301
0.119384
0.119384
0.237184
0.237184
0.120227
0.120227
0.106743
0.106743
0.163957
0.163957
0.203888
0.203888
0.293014
0.293014
0.292871
0.292871
0.158166
0.158166
0.079026
0.079026
0.332489
0.332489
0.099034
0.099034
0.169627
0.169627
0.192282
0.192282
0.331935
0.331935
0.144826
0.144826
0.203939
0.203939
0.190377
0.190377
0.220582
0.220582
0.177988
0.177988
0.450869
0.450869
0.295113
0.295113
0.176956
0.176956
0.126110
0.126110
0.267668
0.267668
0.218259
0.218259
0.194410
0.194410
0.169489
0.169489
0.107284
0.107284
0.494763
0.494763
0.151803
0.151803
0.209109
0.209109
0.162369
0.162369
0.125873
0.125873
0.067445
0.067445
0.162883
0.162883
0.119496
0.119496
0.383449
0.383449
0.294568
0.294568
0.329173
0.329173
0.233237
0.233237
0.289798
0.289798
0.305526
0.305526
0.144476
0.144476
0.102452
0.102452
0.170584
0.170584
0.182792
0.182792
0.175309
0.175309
0.222011
0.222011
0.279901
0.279901
0.197565
0.197565
0.206049
0.206049
0.283262
0.283262
0.136053
0.136053
0.303317
0.303317
0.303721
0.303721
0.184479
0.184479
0.120530
0.120530
0.210696
0.210696
0.262273
0.262273
0.152812
0.152812
0.203977
0.203977
0.140693
0.140693
0.126282
0.126282
0.133123
0.133123
0.123767
0.123767
0.162415
0.162415
0.121030
0.121030
0.093652
0.093652
0.188483
0.188483
0.382447
0.382447
0.150285
0.150285
0.142949
0.142949
0.444416
0.444416
0.121743
0.121743
0.147632
0.147632
0.159084
0.159084
0.298766
0.298766
0.348349
0.348349
0.124210
0.124210
0.354839
0.354839
0.163403
0.163403
0.148435
0.148435
0.157088
0.157088
0.139773
0.139773
0.202136
0.202136
0.402730
0.402730
0.210754
0.210754
0.297132
0.297132
0.234784
0.234784
0.260354
0.260354
0.062748
0.062748
0.139402
0.139402
0.194052
0.194052
0.280352
0.280352
0.262575
0.262575
0.188853
0.188853
0.207782
0.207782
0.086922
0.086922
0.132184
0.132184
0.154649
0.154649
0.223931
0.223931
0.293312
0.293312
0.291542
0.291542
0.204927
0.204927
0.260112
0.260112
0.159426
0.159426
0.236374
0.236374
0.191488
0.191488
0.196052
0.196052
0.139275
0.139275
0.168113
0.168113
0.164682
0.164682
0.165337
0.165337
0.145723
0.145723
0.146197
0.146197
0.183253
0.183253
0.147658
0.147658
0.140379
0.140379
0.423008
0.423008
0.193450
0.193450
0.180309
0.180309
0.101476
0.101476
0.341467
0.341467
0.233785
0.233785
0.264937
0.264937
0.194198
0.194198
0.331849
0.331849
0.136275
0.136275
0.201496
0.201496
0.123482
0.123482
0.187237
0.187237
0.150000
0.150000
0.256400
0.256400
0.132508
0.132508
0.141491
0.141491
0.323941
0.323941
0.482727
0.482727
0.114336
0.114336
0.117716
0.117716
0.208423
0.208423
0.159419
0.159419
0.214622
0.214622
0.113407
0.113407
0.117297
0.117297
0.097726
0.097726
0.148846
0.148846
0.287170
0.287170
0.128524
0.128524
0.155676
0.155676
0.071097
0.071097
0.536323
0.536323
0.237277
0.237277
0.161647
0.161647
0.155241
0.155241
0.167073
0.167073
0.237231
0.237231
0.299003
0.299003
0.137663
0.137663
0.086906
0.086906
0.495434
0.495434
0.242355
0.242355
0.110104
0.110104
0.164446
0.164446
0.176440
0.176440
0.440579
0.440579
0.180557
0.180557
0.120950
0.120950
0.176561
0.176561
0.190315
0.190315
0.189805
0.189805
0.088454
0.088454
0.218031
0.218031
0.157212
0.157212
0.249472
0.249472
0.212525
0.212525
0.236534
0.236534
0.082805
0.082805
0.180340
0.180340
0.254530
0.254530
0.247909
0.247909
0.209600
0.209600
0.107967
0.107967
0.085867
0.085867
0.110475
0.110475
0.220795
0.220795
0.322740
0.322740
0.264559
0.264559
0.114014
0.114014
0.137729
0.137729
0.160422
0.160422
0.201194
0.201194
0.198187
0.198187
0.214916
0.214916
0.283008
0.283008
0.147071
0.147071
0.464027
0.464027
0.151743
0.151743
0.280884
0.280884
0.203609
0.203609
0.314010
0.314010
0.175987
0.175987
0.154087
0.154087
0.369674
0.369674
0.220451
0.220451
0.128740
0.128740
0.168883
0.168883
0.162228
0.162228
0.151163
0.151163
0.287800
0.287800
0.300232
0.300232
0.137467
0.137467
0.492094
0.492094
0.272392
0.272392
0.239513
0.239513
0.142119
0.142119
0.316724
0.316724
0.069351
0.069351
0.262692
0.262692
0.136690
0.136690
0.197030
0.197030
0.164493
0.164493
0.272928
0.272928
0.109153
0.109153
0.146051
0.146051
0.139703
0.139703
0.160462
0.160462
0.225457
0.225457
0.123431
0.123431
0.129132
0.129132
0.126980
0.126980
0.204417
0.204417
0.194244
0.194244
0.282520
0.282520
0.140519
0.140519
0.169652
0.169652
0.384076
0.384076
0.139750
0.139750
0.152077
0.152077
0.169041
0.169041
0.179111
0.179111
0.175204
0.175204
0.158469
0.158469
0.157903
0.157903
0.106221
0.106221
0.324513
0.324513
0.224962
0.224962
0.135495
0.135495
0.219999
0.219999
0.200260
0.200260
0.219486
0.219486
0.166962
0.166962
0.231325
0.231325
0.529940
0.529940
0.232494
0.232494
0.151066
0.151066
0.107754
0.107754
0.195809
0.195809
0.058888
0.058888
0.081952
0.081952
0.229136
0.229136
0.225277
0.225277
0.074002
0.074002
0.181720
0.181720
0.237314
0.237314
0.081680
0.081680
0.241556
0.241556
0.268607
0.268607
0.076623
0.076623
0.269516
0.269516
0.192900
0.192900
0.172506
0.172506
0.224928
0.224928
0.253681
0.253681
0.113862
0.113862
0.226796
0.226796
0.320875
0.320875
0.267387
0.267387
0.232843
0.232843
0.118368
0.118368
0.242854
0.242854
0.158188
0.158188
0.096984
0.096984
0.316025
0.316025
0.176891
0.176891
0.357061
0.357061
0.158604
0.158604
0.098929
0.098929
0.194620
0.194620
0.419753
0.419753
0.423818
0.423818
0.118447
0.118447
0.166528
0.166528
0.193300
0.193300
0.142587
0.142587
0.084731
0.084731
0.177667
0.177667
0.227428
0.227428
0.154520
0.154520
0.155470
0.155470
0.156896
0.156896
0.101548
0.101548
0.181239
0.181239
0.232301
0.232301
0.390920
0.390920
0.155487
0.155487
0.154020
0.154020
0.153658
0.153658
0.171879
0.171879
0.154815
0.154815
0.233167
0.233167
0.231460
0.231460
0.226205
0.226205
0.153848
0.153848
0.312968
0.312968
0.251881
0.251881
0.125127
0.125127
0.110563
0.110563
0.129748
0.129748
0.556041
0.556041
0.215257
0.215257
0.146035
0.146035
0.097816
0.097816
0.094406
0.094406
0.084345
0.084345
0.429701
0.429701
0.146214
0.146214
0.068385
0.068385
0.192374
0.192374
0.133565
0.133565
0.143650
0.143650
0.360534
0.360534
0.186391
0.186391
0.344270
0.344270
0.178471
0.178471
0.074451
0.074451
0.172858
0.172858
0.214051
0.214051
0.157054
0.157054
0.177897
0.177897
0.102516
0.102516
0.217386
0.217386
0.158201
0.158201
0.138016
0.138016
0.071435
0.071435
0.088638
0.088638
0.108567
0.108567
0.192315
0.192315
0.117623
0.117623
0.180482
0.180482
0.309185
0.309185
0.247921
0.247921
0.130639
0.130639
0.182790
0.182790
0.124806
0.124806
0.161854
0.161854
0.250863
0.250863
0.211512
0.211512
0.212375
0.212375
0.469493
0.469493
0.256906
0.256906
0.149916
0.149916
0.096610
0.096610
0.141745
0.141745
0.142470
0.142470
0.132437
0.132437
0.142102
0.142102
0.471127
0.471127
0.178825
0.178825
0.254591
0.254591
0.342731
0.342731
0.098571
0.098571
0.161966
0.161966
0.197430
0.197430
0.131271
0.131271
0.185670
0.185670
0.215046
0.215046
0.202055
0.202055
0.237059
0.237059
0.244378
0.244378
0.286469
0.286469
0.155021
0.155021
0.188949
0.188949
0.120148
0.120148
0.241073
0.241073
0.296491
0.296491
0.287145
0.287145
0.216512
0.216512
0.096418
0.096418
0.252992
0.252992
0.260757
0.260757
0.078263
0.078263
0.231330
0.231330
0.213102
0.213102
0.225297
0.225297
0.090646
0.090646
0.188887
0.188887
0.110741
0.110741
0.300972
0.300972
0.161648
0.161648
0.150161
0.150161
0.116338
0.116338
0.233537
0.233537
0.140402
0.140402
0.219403
0.219403
0.352201
0.352201
0.130437
0.130437
0.213760
0.213760
0.176102
0.176102
0.187152
0.187152
0.262400
0.262400
0.094662
0.094662
0.113618
0.113618
0.068826
0.068826
0.388552
0.388552
0.225773
0.225773
0.323262
0.323262
0.239555
0.239555
0.135392
0.135392
0.068081
0.068081
0.200161
0.200161
0.108525
0.108525
0.168315
0.168315
0.210799
0.210799
0.231025
0.231025
0.141566
0.141566
0.125575
0.125575
0.242479
0.242479
0.115017
0.115017
0.162638
0.162638
0.222067
0.222067
0.280283
0.280283
0.238804
0.238804
0.244558
0.244558
0.279309
0.279309
0.121192
0.121192
0.337784
0.337784
0.116482
0.116482
0.357932
0.357932
0.120325
0.120325
0.313168
0.313168
0.172480
0.172480
0.422991
0.422991
0.258274
0.258274
0.170566
0.170566
0.240960
0.240960
0.115262
0.115262
0.272933
0.272933
0.512258
0.512258
0.230744
0.230744
0.113887
0.113887
0.158731
0.158731
0.181293
0.181293
0.264355
0.264355
0.132498
0.132498
0.170031
0.170031
0.109021
0.109021
0.121160
0.121160
0.143979
0.143979
0.304043
0.304043
0.127221
0.127221
0.207873
0.207873
0.274756
0.274756
0.083574
0.083574
0.273198
0.273198
0.068085
0.068085
0.148997
0.148997
0.215925
0.215925
0.108676
0.108676
0.146673
0.146673
0.232679
0.232679
0.127816
0.127816
0.126923
0.126923
0.137603
0.137603
0.099122
0.099122
0.235889
0.235889
0.259060
0.259060
0.155574
0.155574
0.153573
0.153573
0.183114
0.183114
0.134615
0.134615
0.153439
0.153439
0.248061
0.248061
0.191173
0.191173
0.120173
0.120173
0.123250
0.123250
0.220057
0.220057
0.340749
0.340749
0.123586
0.123586
0.111031
0.111031
0.110841
0.110841
0.338185
0.338185
0.230634
0.230634
0.161285
0.161285
0.228764
0.228764
0.175249
0.175249
0.201889
0.201889
0.072993
0.072993
0.079792
0.079792
0.168316
0.168316
0.122989
0.122989
0.206516
0.206516
0.343295
0.343295
0.052257
0.052257
0.287312
0.287312
0.123636
0.123636
0.159692
0.159692
0.171999
0.171999
0.213676
0.213676
0.169672
0.169672
0.190803
0.190803
0.342018
0.342018
0.250772
0.250772
0.205656
0.205656
0.225153
0.225153
0.124130
0.124130
0.089168
0.089168
0.157144
0.157144
0.127338
0.127338
0.369802
0.369802
0.096314
0.096314
0.169009
0.169009
0.115936
0.115936
0.271436
0.271436
0.173539
0.173539
0.197641
0.197641
0.174369
0.174369
0.261237
0.261237
0.251935
0.251935
0.278164
0.278164
0.173880
0.173880
0.179484
0.179484
0.289262
0.289262
0.128128
0.128128
0.224070
0.224070
0.083270
0.083270
0.087161
0.087161
0.192177
0.192177
0.278435
0.278435
0.145751
0.145751
0.216143
0.216143
0.130511
0.130511
0.090220
0.090220
0.191376
0.191376
0.176166
0.176166
0.121041
0.121041
0.181066
0.181066
0.270653
0.270653
0.193406
0.193406
0.223784
0.223784
0.234911
0.234911
0.084996
0.084996
0.225494
0.225494
0.249413
0.249413
0.207837
0.207837
0.166913
0.166913
0.235994
0.235994
0.106405
0.106405
0.042817
0.042817
0.234806
0.234806
0.207739
0.207739
0.129576
0.129576
0.119488
0.119488
0.128413
0.128413
0.125765
0.125765
0.101543
0.101543
0.167482
0.167482
0.147309
0.147309
0.222455
0.222455
0.109313
0.109313
0.415473
0.415473
0.202551
0.202551
0.387434
0.387434
0.210729
0.210729
0.141760
0.141760
0.140835
0.140835
0.229996
0.229996
0.212695
0.212695
0.288599
0.288599
0.129385
0.129385
0.137616
0.137616
0.093911
0.093911
0.341739
0.341739
0.185419
0.185419
0.411140
0.411140
0.127824
0.127824
0.097058
0.097058
0.190389
0.190389
0.139978
0.139978
0.248693
0.248693
0.252991
0.252991
0.099097
0.099097
0.251632
0.251632
0.251237
0.251237
0.100813
0.100813
0.283170
0.283170
0.251539
0.251539
0.160987
0.160987
0.290690
0.290690
0.074482
0.074482
0.167957
0.167957
0.207585
0.207585
0.231256
0.231256
0.297264
0.297264
0.245190
0.245190
0.140336
0.140336
0.214385
0.214385
0.118645
0.118645
0.273468
0.273468
0.274149
0.274149
0.308948
0.308948
0.086398
0.086398
0.399084
0.399084
0.245995
0.245995
0.269720
0.269720
0.186186
0.186186
0.247701
0.247701
0.396959
0.396959
0.235276
0.235276
0.116335
0.116335
0.259654
0.259654
0.131085
0.131085
0.145388
0.145388
0.144253
0.144253
0.193237
0.193237
0.136774
0.136774
0.075157
0.075157
0.059917
0.059917
0.070486
0.070486
0.172454
0.172454
0.321936
0.321936
0.208637
0.208637
0.233120
0.233120
0.160166
0.160166
0.066067
0.066067
0.131362
0.131362
0.171008
0.171008
0.148263
0.148263
0.301326
0.301326
0.073736
0.073736
0.208540
0.208540
0.146421
0.146421
0.137168
0.137168
0.188085
0.188085
0.270268
0.270268
0.298838
0.298838
0.156173
0.156173
0.076022
0.076022
0.102730
0.102730
0.110633
0.110633
0.231346
0.231346
0.092035
0.092035
0.197216
0.197216
0.210379
0.210379
0.082483
0.082483
0.177720
0.177720
0.384681
0.384681
0.113669
0.113669
0.171377
0.171377
0.065858
0.065858
0.144211
0.144211
0.127263
0.127263
0.178212
0.178212
0.085781
0.085781
0.104141
0.104141
0.106830
0.106830
0.145146
0.145146
0.167434
0.167434
0.142250
0.142250
0.283942
0.283942
0.235321
0.235321
0.144711
0.144711
0.122546
0.122546
0.216188
0.216188
0.135963
0.135963
0.420700
0.420700
0.180222
0.180222
0.102216
0.102216
0.091071
0.091071
0.164374
0.164374
0.101291
0.101291
0.489889
0.489889
0.138689
0.138689
0.298675
0.298675
0.093793
0.093793
0.172537
0.172537
0.157189
0.157189
0.235925
0.235925
0.101977
0.101977
0.106395
0.106395
0.102974
0.102974
0.074077
0.074077
0.088939
0.088939
0.181671
0.181671
0.198354
0.198354
0.133146
0.133146
0.227143
0.227143
0.236196
0.236196
0.260236
0.260236
0.106982
0.106982
0.158747
0.158747
0.140951
0.140951
0.289827
0.289827
0.136176
0.136176
0.150018
0.150018
0.066667
0.066667
0.182855
0.182855
0.268131
0.268131
0.413988
0.413988
0.177828
0.177828
0.158760
0.158760
0.099733
0.099733
0.241469
0.241469
0.341378
0.341378
0.089366
0.089366
0.152826
0.152826
0.095621
0.095621
0.164713
0.164713
0.368794
0.368794
0.231457
0.231457
0.200565
0.200565
0.235062
0.235062
0.136052
0.136052
0.075479
0.075479
0.160567
0.160567
0.101789
0.101789
0.096656
0.096656
0.127911
0.127911
0.201073
0.201073
0.233682
0.233682
0.199400
0.199400
0.148353
0.148353
0.146497
0.146497
0.237299
0.237299
0.190342
0.190342
0.143188
0.143188
0.353122
0.353122
0.194399
0.194399
0.159754
0.159754
0.227854
0.227854
0.572564
0.572564
0.137907
0.137907
0.178342
0.178342
0.153485
0.153485
0.158193
0.158193
0.096748
0.096748
0.091328
0.091328
0.285804
0.285804
0.127674
0.127674
0.133132
0.133132
0.181816
0.181816
0.238170
0.238170
0.077488
0.077488
0.564884
0.564884
0.272033
0.272033
0.111433
0.111433
0.157120
0.157120
0.194683
0.194683
0.252351
0.252351
0.088457
0.088457
0.224919
0.224919
0.326366
0.326366
0.187303
0.187303
0.073838
0.073838
0.085972
0.085972
0.181696
0.181696
0.230086
0.230086
0.203742
0.203742
0.189289
0.189289
0.103133
0.103133
0.083072
0.083072
0.138500
0.138500
0.072028
0.072028
0.268804
0.268804
0.207469
0.207469
0.154717
0.154717
0.318567
0.318567
0.088053
0.088053
0.200952
0.200952
0.181824
0.181824
0.366832
0.366832
0.167658
0.167658
0.440333
0.440333
0.113957
0.113957
0.239163
0.239163
0.274146
0.274146
0.058223
0.058223
0.137428
0.137428
0.193848
0.193848
0.191428
0.191428
0.049936
0.049936
0.229379
0.229379
0.124956
0.124956
0.270716
0.270716
0.123616
0.123616
0.218095
0.218095
0.214479
0.214479
0.399138
0.399138
0.128615
0.128615
0.128351
0.128351
0.128904
0.128904
0.111092
0.111092
0.104765
0.104765
0.104662
0.104662
0.236613
0.236613
0.190924
0.190924
0.108301
0.108301
0.205996
0.205996
0.166833
0.166833
0.218841
0.218841
0.105711
0.105711
0.153226
0.153226
0.241034
0.241034
0.096040
0.096040
0.299207
0.299207
0.110580
0.110580
0.276017
0.276017
0.165801
0.165801
0.253450
0.253450
0.284697
0.284697
0.115856
0.115856
0.219425
0.219425
0.260208
0.260208
0.225184
0.225184
0.102197
0.102197
0.099809
0.099809
0.185291
0.185291
0.113840
0.113840
0.171719
0.171719
0.103663
0.103663
0.210669
0.210669
0.167518
0.167518
0.161437
0.161437
0.321882
0.321882
0.123612
0.123612
0.215932
0.215932
0.168182
0.168182
0.094951
0.094951
0.065267
0.065267
0.128988
0.128988
0.100878
0.100878
0.229086
0.229086
0.112935
0.112935
0.203675
0.203675
0.159186
0.159186
0.210652
0.210652
0.284742
0.284742
0.216190
0.216190
0.218219
0.218219
0.240263
0.240263
0.128455
0.128455
0.069079
0.069079
0.133686
0.133686
0.213259
0.213259
0.097548
0.097548
0.235645
0.235645
0.116679
0.116679
0.132136
0.132136
0.207270
0.207270
0.133801
0.133801
0.215552
0.215552
0.178928
0.178928
0.155705
0.155705
0.109232
0.109232
0.449947
0.449947
0.216300
0.216300
0.093218
0.093218
0.089370
0.089370
0.165812
0.165812
0.240991
0.240991
0.082550
0.082550
0.087989
0.087989
0.127510
0.127510
0.187447
0.187447
0.228949
0.228949
0.144284
0.144284
0.190690
0.190690
0.254040
0.254040
0.091751
0.091751
0.200888
0.200888
0.191758
0.191758
0.151017
0.151017
0.196404
0.196404
0.181866
0.181866
0.165237
0.165237
0.077407
0.077407
0.295262
0.295262
0.260988
0.260988
0.290134
0.290134
0.187790
0.187790
0.141413
0.141413
0.046666
0.046666
0.149411
0.149411
0.137687
0.137687
0.266566
0.266566
0.333278
0.333278
0.147836
0.147836
0.097183
0.097183
0.146916
0.146916
0.189759
0.189759
0.156672
0.156672
0.251450
0.251450
0.245073
0.245073
0.153510
0.153510
0.149148
0.149148
0.166087
0.166087
0.295811
0.295811
0.109957
0.109957
0.486741
0.486741
0.127272
0.127272
0.120911
0.120911
0.215386
0.215386
0.146331
0.146331
0.089492
0.089492
0.130918
0.130918
0.207316
0.207316
0.248164
0.248164
0.182495
0.182495
0.117918
0.117918
0.148334
0.148334
0.241455
0.241455
0.186449
0.186449
0.341336
0.341336
0.084052
0.084052
0.092616
0.092616
0.247525
0.247525
0.116327
0.116327
0.171061
0.171061
0.100457
0.100457
0.052414
0.052414
0.136196
0.136196
0.098011
0.098011
0.106770
0.106770
0.162487
0.162487
0.296198
0.296198
0.134840
0.134840
0.313551
0.313551
0.217364
0.217364
0.101771
0.101771
0.162774
0.162774
0.122816
0.122816
0.122667
0.122667
0.095920
0.095920
0.194006
0.194006
0.205941
0.205941
0.162820
0.162820
0.245083
0.245083
0.334302
0.334302
0.093830
0.093830
0.096206
0.096206
0.187335
0.187335
0.208031
0.208031
0.083802
0.083802
0.063724
0.063724
0.106038
0.106038
0.145670
0.145670
0.116631
0.116631
0.081440
0.081440
0.126489
0.126489
0.186866
0.186866
0.161470
0.161470
0.361447
0.361447
0.175400
0.175400
0.059204
0.059204
0.112995
0.112995
0.511495
0.511495
0.087832
0.087832
0.199642
0.199642
0.111398
0.111398
0.085830
0.085830
0.052121
0.052121
0.278239
0.278239
0.088894
0.088894
0.135902
0.135902
0.079802
0.079802
0.102791
0.102791
0.232056
0.232056
0.233350
0.233350
0.293506
0.293506
0.421604
0.421604
0.194816
0.194816
0.080527
0.080527
0.237240
0.237240
0.255560
0.255560
0.142654
0.142654
0.232439
0.232439
0.181290
0.181290
0.319421
0.319421
0.065180
0.065180
0.169761
0.169761
0.144371
0.144371
0.122558
0.122558
0.221250
0.221250
0.149666
0.149666
0.084725
0.084725
0.077358
0.077358
0.114201
0.114201
0.075966
0.075966
0.323490
0.323490
0.175617
0.175617
0.208801
0.208801
0.093359
0.093359
0.084979
0.084979
0.077635
0.077635
0.171277
0.171277
0.117100
0.117100
0.093562
0.093562
0.128381
0.128381
0.134134
0.134134
0.107997
0.107997
0.228584
0.228584
0.341251
0.341251
0.088356
0.088356
0.153225
0.153225
0.185222
0.185222
0.512813
0.512813
0.116314
0.116314
0.255583
0.255583
0.239116
0.239116
0.063790
0.063790
0.156243
0.156243
0.172682
0.172682
0.213232
0.213232
0.113974
0.113974
0.207379
0.207379
0.263987
0.263987
0.296469
0.296469
0.200597
0.200597
0.225915
0.225915
0.309356
0.309356
0.142207
0.142207
0.187805
0.187805
0.144406
0.144406
0.281088
0.281088
0.325342
0.325342
0.101104
0.101104
0.123060
0.123060
0.306887
0.306887
0.161582
0.161582
0.242623
0.242623
0.221346
0.221346
0.189378
0.189378
0.160022
0.160022
0.286647
0.286647
0.150934
0.150934
0.092266
0.092266
0.203378
0.203378
0.096374
0.096374
0.228813
0.228813
0.374979
0.374979
0.236994
0.236994
0.069657
0.069657
0.216982
0.216982
0.143252
0.143252
0.071507
0.071507
0.131927
0.131927
0.279013
0.279013
0.085898
0.085898
0.198111
0.198111
0.094905
0.094905
0.244327
0.244327
0.243566
0.243566
0.151067
0.151067
0.321146
0.321146
0.075087
0.075087
0.136196
0.136196
0.328301
0.328301
0.133951
0.133951
0.246560
0.246560
0.308107
0.308107
0.126397
0.126397
0.070775
0.070775
0.074859
0.074859
0.274783
0.274783
0.217677
0.217677
0.222234
0.222234
0.140061
0.140061
0.184808
0.184808
0.220564
0.220564
0.092509
0.092509
0.124807
0.124807
0.165765
0.165765
0.178340
0.178340
0.121312
0.121312
0.180713
0.180713
0.174727
0.174727
0.072003
0.072003
0.191390
0.191390
0.200851
0.200851
0.116727
0.116727
0.163121
0.163121
0.055422
0.055422
0.101966
0.101966
0.120308
0.120308
0.211716
0.211716
0.081525
0.081525
0.209642
0.209642
0.215033
0.215033
0.094845
0.094845
0.133609
0.133609
0.310198
0.310198
0.231680
0.231680
0.146923
0.146923
0.077154
0.077154
0.135394
0.135394
0.141462
0.141462
0.230108
0.230108
0.282838
0.282838
0.283143
0.283143
0.437562
0.437562
0.267936
0.267936
0.107342
0.107342
0.197656
0.197656
0.150675
0.150675
0.128959
0.128959
0.420778
0.420778
0.169974
0.169974
0.058832
0.058832
0.200180
0.200180
0.111705
0.111705
0.091823
0.091823
0.142803
0.142803
0.102441
0.102441
0.177699
0.177699
0.108104
0.108104
0.191578
0.191578
0.176225
0.176225
0.134764
0.134764
0.187582
0.187582
0.097883
0.097883
0.319311
0.319311
0.106092
0.106092
0.203959
0.203959
0.083366
0.083366
0.276363
0.276363
0.067583
0.067583
0.279897
0.279897
0.187564
0.187564
0.235488
0.235488
0.228313
0.228313
0.099097
0.099097
0.183537
0.183537
0.107447
0.107447
0.157881
0.157881
0.137212
0.137212
0.102875
0.102875
0.378989
0.378989
0.245024
0.245024
0.092601
0.092601
0.109343
0.109343
0.115881
0.115881
0.122193
0.122193
0.190082
0.190082
0.110598
0.110598
0.071108
0.071108
0.101095
0.101095
0.375319
0.375319
0.132141
0.132141
0.163164
0.163164
0.361390
0.361390
0.095527
0.095527
0.111247
0.111247
0.352133
0.352133
0.207756
0.207756
0.128083
0.128083
0.106950
0.106950
0.126798
0.126798
0.075184
0.075184
0.121463
0.121463
0.166042
0.166042
0.205648
0.205648
0.153901
0.153901
0.160737
0.160737
0.128678
0.128678
0.080159
0.080159
0.084206
0.084206
0.107324
0.107324
0.086592
0.086592
0.105211
0.105211
0.121658
0.121658
0.093340
0.093340
0.129153
0.129153
0.186414
0.186414
0.287619
0.287619
0.139373
0.139373
0.239732
0.239732
0.327843
0.327843
0.462616
0.462616
0.197479
0.197479
0.321447
0.321447
0.152192
0.152192
0.218259
0.218259
0.126530
0.126530
0.192990
0.192990
0.182025
0.182025
0.419104
0.419104
0.311826
0.311826
0.110028
0.110028
0.128015
0.128015
0.044100
0.044100
0.130420
0.130420
0.221203
0.221203
0.074780
0.074780
0.141947
0.141947
0.133934
0.133934
0.098171
0.098171
0.086067
0.086067
0.096421
0.096421
0.364609
0.364609
0.367590
0.367590
0.149771
0.149771
0.112643
0.112643
0.114072
0.114072
0.038831
0.038831
0.104832
0.104832
0.239721
0.239721
0.122136
0.122136
0.149244
0.149244
0.084651
0.084651
0.118469
0.118469
0.167377
0.167377
0.087319
0.087319
0.198494
0.198494
0.120074
0.120074
0.156809
0.156809
0.135918
0.135918
0.152570
0.152570
0.114052
0.114052
0.212993
0.212993
0.140553
0.140553
0.245389
0.245389
0.105600
0.105600
0.203785
0.203785
0.226438
0.226438
0.147295
0.147295
0.058950
0.058950
0.147892
0.147892
0.211220
0.211220
0.190366
0.190366
0.078441
0.078441
0.119298
0.119298
0.144827
0.144827
0.130299
0.130299
0.211759
0.211759
0.159375
0.159375
0.122828
0.122828
0.305871
0.305871
0.149611
0.149611
0.073572
0.073572
0.161547
0.161547
0.200084
0.200084
0.170521
0.170521
0.143178
0.143178
0.151965
0.151965
0.079869
0.079869
0.216658
0.216658
0.118951
0.118951
0.294179
0.294179
0.212908
0.212908
0.201259
0.201259
0.195582
0.195582
0.285154
0.285154
0.365165
0.365165
0.134080
0.134080
0.217750
0.217750
0.099194
0.099194
0.150599
0.150599
0.333422
0.333422
0.077659
0.077659
0.165392
0.165392
0.890730
0.890730
0.202866
0.202866
0.149075
0.149075
0.287070
0.287070
0.277527
0.277527
0.061433
0.061433
0.168355
0.168355
0.091453
0.091453
0.160890
0.160890
0.076348
0.076348
0.149355
0.149355
0.159486
0.159486
0.153530
0.153530
0.238988
0.238988
0.279998
0.279998
0.198846
0.198846
0.076452
0.076452
0.230922
0.230922
0.099519
0.099519
0.210589
0.210589
0.121595
0.121595
0.112345
0.112345
0.213025
0.213025
0.250154
0.250154
0.161145
0.161145
0.267674
0.267674
0.182063
0.182063
0.162720
0.162720
0.124901
0.124901
0.081262
0.081262
0.165364
0.165364
0.129612
0.129612
0.264723
0.264723
0.299552
0.299552
0.125478
0.125478
0.116581
0.116581
0.314641
0.314641
0.209065
0.209065
0.110018
0.110018
0.131931
0.131931
0.077103
0.077103
0.212401
0.212401
0.037467
0.037467
0.327478
0.327478
0.140945
0.140945
0.356002
0.356002
0.084515
0.084515
0.165710
0.165710
0.125383
0.125383
0.095614
0.095614
0.084663
0.084663
0.171362
0.171362
0.301314
0.301314
0.171724
0.171724
0.115522
0.115522
0.247450
0.247450
0.114192
0.114192
0.180713
0.180713
0.120445
0.120445
0.163427
0.163427
0.204781
0.204781
0.179047
0.179047
0.199264
0.199264
0.091292
0.091292
0.206342
0.206342
0.085253
0.085253
0.328762
0.328762
0.255673
0.255673
0.089271
0.089271
0.183560
0.183560
0.133603
0.133603
0.091553
0.091553
0.198151
0.198151
0.307588
0.307588
0.308445
0.308445
0.042482
0.042482
0.132742
0.132742
0.236160
0.236160
0.084102
0.084102
0.086804
0.086804
0.223474
0.223474
0.488736
0.488736
0.199267
0.199267
0.234806
0.234806
0.230516
0.230516
0.206387
0.206387
0.078839
0.078839
0.119248
0.119248
0.392359
0.392359
0.237105
0.237105
0.152388
0.152388
0.273191
0.273191
0.111520
0.111520
0.120928
0.120928
0.088487
0.088487
0.240913
0.240913
0.111592
0.111592
0.228209
0.228209
0.037128
0.037128
0.136525
0.136525
0.187983
0.187983
0.083230
0.083230
0.194675
0.194675
0.088628
0.088628
0.126617
0.126617
0.154062
0.154062
0.084601
0.084601
0.213537
0.213537
0.141427
0.141427
0.247564
0.247564
0.157791
0.157791
0.212537
0.212537
0.151943
0.151943
0.261519
0.261519
0.135601
0.135601
0.186466
0.186466
0.236241
0.236241
0.121318
0.121318
0.434440
0.434440
0.129344
0.129344
0.107499
0.107499
0.206760
0.206760
0.090892
0.090892
0.122351
0.122351
0.180927
0.180927
0.095931
0.095931
0.211824
0.211824
0.055044
0.055044
0.222013
0.222013
0.156768
0.156768
0.119818
0.119818
0.129843
0.129843
0.291233
0.291233
0.136832
0.136832
0.082427
0.082427
0.164443
0.164443
0.075833
0.075833
0.069601
0.069601
0.135996
0.135996
0.082256
0.082256
0.124613
0.124613
0.259516
0.259516
0.110291
0.110291
0.226809
0.226809
0.129754
0.129754
0.306003
0.306003
0.169339
0.169339
0.240893
0.240893
0.296464
0.296464
0.106391
0.106391
0.315355
0.315355
0.089982
0.089982
0.074543
0.074543
0.133790
0.133790
0.156490
0.156490
0.078608
0.078608
0.070773
0.070773
0.206924
0.206924
0.105521
0.105521
0.253372
0.253372
0.113410
0.113410
0.163554
0.163554
0.350395
0.350395
0.172213
0.172213
0.102932
0.102932
0.156902
0.156902
0.128030
0.128030
0.184864
0.184864
0.240754
0.240754
0.341581
0.341581
0.177271
0.177271
0.189469
0.189469
0.138863
0.138863
0.144972
0.144972
0.252266
0.252266
0.064973
0.064973
0.261335
0.261335
0.183395
0.183395
0.179095
0.179095
0.358667
0.358667
0.148826
0.148826
0.072633
0.072633
0.186366
0.186366
0.124592
0.124592
0.127489
0.127489
0.171440
0.171440
0.091179
0.091179
0.161214
0.161214
0.145475
0.145475
0.246840
0.246840
0.230695
0.230695
0.051324
0.051324
0.087845
0.087845
0.300356
0.300356
0.089659
0.089659
0.128088
0.128088
0.103116
0.103116
0.197792
0.197792
0.217607
0.217607
0.151650
0.151650
0.330462
0.330462
0.171081
0.171081
0.072166
0.072166
0.233595
0.233595
0.257421
0.257421
0.124780
0.124780
0.137820
0.137820
0.121134
0.121134
0.163752
0.163752
0.060105
0.060105
0.153521
0.153521
0.063792
0.063792
0.108257
0.108257
0.216797
0.216797
0.186308
0.186308
0.132439
0.132439
0.221088
0.221088
0.104976
0.104976
0.112936
0.112936
0.077369
0.077369
0.144061
0.144061
0.077517
0.077517
0.211074
0.211074
0.243864
0.243864
0.077868
0.077868
0.128310
0.128310
0.113291
0.113291
0.275165
0.275165
0.221025
0.221025
0.168971
0.168971
0.166079
0.166079
0.245960
0.245960
0.164561
0.164561
0.148853
0.148853
0.080414
0.080414
0.127762
0.127762
0.102238
0.102238
0.073380
0.073380
0.280833
0.280833
0.152465
0.152465
0.125931
0.125931
0.235987
0.235987
0.197357
0.197357
0.093069
0.093069
0.152878
0.152878
0.232367
0.232367
0.129543
0.129543
0.222727
0.222727
0.263983
0.263983
0.227328
0.227328
0.267780
0.267780
0.064713
0.064713
0.168326
0.168326
0.081385
0.081385
0.236120
0.236120
0.253081
0.253081
0.177849
0.177849
0.130633
0.130633
0.255089
0.255089
0.125358
0.125358
0.091049
0.091049
0.080437
0.080437
0.369984
0.369984
0.041364
0.041364
0.075427
0.075427
0.120749
0.120749
0.182479
0.182479
0.190251
0.190251
0.229614
0.229614
0.254033
0.254033
0.239429
0.239429
0.200916
0.200916
0.079448
0.079448
0.094260
0.094260
0.063042
0.063042
0.096016
0.096016
0.125796
0.125796
0.112952
0.112952
0.123731
0.123731
0.101204
0.101204
0.242304
0.242304
0.172598
0.172598
0.110577
0.110577
0.213446
0.213446
0.427737
0.427737
0.064447
0.064447
0.042815
0.042815
0.185151
0.185151
0.124781
0.124781
0.144876
0.144876
0.160057
0.160057
0.313779
0.313779
0.201118
0.201118
0.079616
0.079616
0.258438
0.258438
0.059730
0.059730
0.200332
0.200332
0.050004
0.050004
0.095007
0.095007
0.170291
0.170291
0.091207
0.091207
0.083246
0.083246
0.298399
0.298399
0.086464
0.086464
0.288885
0.288885
0.137193
0.137193
0.166354
0.166354
0.140973
0.140973
0.223127
0.223127
0.152007
0.152007
0.324895
0.324895
0.081361
0.081361
0.138996
0.138996
0.293801
0.293801
0.289288
0.289288
0.244410
0.244410
0.190778
0.190778
0.097551
0.097551
0.116851
0.116851
0.061002
0.061002
0.129909
0.129909
0.271628
0.271628
0.120473
0.120473
0.352009
0.352009
0.073264
0.073264
0.222604
0.222604
0.257060
0.257060
0.127993
0.127993
0.331959
0.331959
0.110710
0.110710
0.186083
0.186083
0.182879
0.182879
0.323469
0.323469
0.145313
0.145313
0.145871
0.145871
0.131021
0.131021
0.107041
0.107041
0.218890
0.218890
0.111911
0.111911
0.214430
0.214430
0.126490
0.126490
0.204035
0.204035
0.095998
0.095998
0.332268
0.332268
0.040743
0.040743
0.145437
0.145437
0.142478
0.142478
0.060038
0.060038
0.133765
0.133765
0.199212
0.199212
0.331746
0.331746
0.104965
0.104965
0.111767
0.111767
0.476340
0.476340
0.139382
0.139382
0.345923
0.345923
0.505676
0.505676
0.078630
0.078630
0.144690
0.144690
0.078914
0.078914
0.122368
0.122368
0.161445
0.161445
0.225741
0.225741
0.124011
0.124011
0.171131
0.171131
0.106289
0.106289
0.129121
0.129121
0.074993
0.074993
0.048121
0.048121
0.071494
0.071494
0.132238
0.132238
0.103941
0.103941
0.128297
0.128297
0.223191
0.223191
0.127056
0.127056
0.057761
0.057761
0.168112
0.168112
0.233267
0.233267
0.370904
0.370904
0.246937
0.246937
0.077831
0.077831
0.165389
0.165389
0.262581
0.262581
0.156821
0.156821
0.167510
0.167510
0.179323
0.179323
0.118069
0.118069
0.214116
0.214116
0.123779
0.123779
0.190909
0.190909
0.200449
0.200449
0.154077
0.154077
0.397424
0.397424
0.122922
0.122922
0.191288
0.191288
0.105232
0.105232
0.183253
0.183253
0.218250
0.218250
0.181561
0.181561
0.105649
0.105649
0.169942
0.169942
0.206459
0.206459
0.134972
0.134972
0.130756
0.130756
0.135913
0.135913
0.091205
0.091205
0.209488
0.209488
0.132152
0.132152
0.165747
0.165747
0.168551
0.168551
0.113793
0.113793
0.196792
0.196792
0.054679
0.054679
0.176030
0.176030
0.234118
0.234118
0.071805
0.071805
0.138133
0.138133
0.098382
0.098382
0.115361
0.115361
0.194585
0.194585
0.192630
0.192630
0.065720
0.065720
0.309626
0.309626
0.081556
0.081556
0.096162
0.096162
0.124853
0.124853
0.174550
0.174550
0.076756
0.076756
0.192123
0.192123
0.177628
0.177628
0.083704
0.083704
0.317748
0.317748
0.226195
0.226195
0.100317
0.100317
0.136080
0.136080
0.108838
0.108838
0.078381
0.078381
0.130874
0.130874
0.093081
0.093081
0.287197
0.287197
0.216140
0.216140
0.146392
0.146392
0.267674
0.267674
0.213387
0.213387
0.174051
0.174051
0.071194
0.071194
0.154451
0.154451
0.112796
0.112796
0.390039
0.390039
0.319142
0.319142
0.085843
0.085843
0.162705
0.162705
0.104247
0.104247
0.241948
0.241948
0.124199
0.124199
0.051906
0.051906
0.228543
0.228543
0.151003
0.151003
0.224519
0.224519
0.136963
0.136963
0.169840
0.169840
0.121655
0.121655
0.105234
0.105234
0.067071
0.067071
0.176851
0.176851
0.285504
0.285504
0.268073
0.268073
0.155344
0.155344
0.135172
0.135172
0.098241
0.098241
0.154980
0.154980
0.126565
0.126565
0.123494
0.123494
0.123724
0.123724
0.213076
0.213076
0.097008
0.097008
0.243814
0.243814
0.252691
0.252691
0.194904
0.194904
0.094836
0.094836
0.089806
0.089806
0.097587
0.097587
0.089932
0.089932
0.045088
0.045088
0.127236
0.127236
0.105214
0.105214
0.255708
0.255708
0.176459
0.176459
0.045364
0.045364
0.183560
0.183560
0.379438
0.379438
0.203413
0.203413
0.168620
0.168620
0.188235
0.188235
0.102629
0.102629
0.060456
0.060456
0.149609
0.149609
0.124224
0.124224
0.247768
0.247768
0.130492
0.130492
0.238643
0.238643
0.216027
0.216027
0.289835
0.289835
0.266207
0.266207
0.086040
0.086040
0.204026
0.204026
0.116718
0.116718
0.433401
0.433401
0.120148
0.120148
0.183995
0.183995
0.254339
0.254339
0.440161
0.440161
0.113990
0.113990
0.089217
0.089217
0.149899
0.149899
0.123391
0.123391
0.188755
0.188755
0.196095
0.196095
0.230682
0.230682
0.206440
0.206440
0.083150
0.083150
0.137941
0.137941
0.072123
0.072123
0.180169
0.180169
0.103918
0.103918
0.060771
0.060771
0.118409
0.118409
0.079932
0.079932
0.192024
0.192024
0.121295
0.121295
0.218494
0.218494
0.295527
0.295527
0.166740
0.166740
0.086083
0.086083
0.128777
0.128777
0.216078
0.216078
0.085672
0.085672
0.108240
0.108240
0.097659
0.097659
0.340408
0.340408
0.100367
0.100367
0.109171
0.109171
0.130334
0.130334
0.097173
0.097173
0.152112
0.152112
0.213210
0.213210
0.174142
0.174142
0.113825
0.113825
0.333479
0.333479
0.046013
0.046013
0.272308
0.272308
0.336052
0.336052
0.110034
0.110034
0.113313
0.113313
0.101833
0.101833
0.131638
0.131638
0.077425
0.077425
0.250074
0.250074
0.463198
0.463198
0.261575
0.261575
0.117751
0.117751
0.177505
0.177505
0.250233
0.250233
0.104767
0.104767
0.175768
0.175768
0.145650
0.145650
0.164766
0.164766
0.128906
0.128906
0.113981
0.113981
0.071951
0.071951
0.104988
0.104988
0.178348
0.178348
0.237551
0.237551
0.164537
0.164537
0.079313
0.079313
0.204639
0.204639
0.068713
0.068713
0.191690
0.191690
0.204319
0.204319
0.156058
0.156058
0.207300
0.207300
0.102517
0.102517
0.082546
0.082546
0.194015
0.194015
0.380994
0.380994
0.093223
0.093223
0.122368
0.122368
0.165393
0.165393
0.231867
0.231867
0.155128
0.155128
0.093165
0.093165
0.117443
0.117443
0.177754
0.177754
0.108241
0.108241
0.177308
0.177308
0.207136
0.207136
0.128075
0.128075
0.152567
0.152567
0.195601
0.195601
0.125116
0.125116
0.330533
0.330533
0.235573
0.235573
0.134533
0.134533
0.119713
0.119713
0.141914
0.141914
0.211400
0.211400
0.053621
0.053621
0.162915
0.162915
0.276687
0.276687
0.335968
0.335968
0.094665
0.094665
0.078380
0.078380
0.136785
0.136785
0.066029
0.066029
0.140335
0.140335
0.169717
0.169717
0.192673
0.192673
0.171441
0.171441
0.198824
0.198824
0.150479
0.150479
0.075625
0.075625
0.090262
0.090262
0.065377
0.065377
0.136518
0.136518
0.151595
0.151595
0.074566
0.074566
0.185775
0.185775
0.146787
0.146787
0.163177
0.163177
0.255826
0.255826
0.215248
0.215248
0.217863
0.217863
0.082068
0.082068
0.109569
0.109569
0.151357
0.151357
0.254907
0.254907
0.111337
0.111337
0.089417
0.089417
0.097183
0.097183
0.155323
0.155323
0.042013
0.042013
0.055977
0.055977
0.196764
0.196764
0.110036
0.110036
0.122625
0.122625
0.096949
0.096949
0.114610
0.114610
0.203980
0.203980
0.161860
0.161860
0.177484
0.177484
0.121766
0.121766
0.242167
0.242167
0.141264
0.141264
0.207872
0.207872
0.318612
0.318612
0.153416
0.153416
0.136427
0.136427
0.233894
0.233894
0.266394
0.266394
0.164881
0.164881
0.069176
0.069176
0.082870
0.082870
0.144872
0.144872
0.059341
0.059341
0.078048
0.078048
0.229070
0.229070
0.174363
0.174363
0.112878
0.112878
0.404955
0.404955
0.268502
0.268502
0.155925
0.155925
0.192549
0.192549
0.068867
0.068867
0.127313
0.127313
0.073004
0.073004
0.156869
0.156869
0.130890
0.130890
0.317370
0.317370
0.239340
0.239340
0.207068
0.207068
0.157494
0.157494
0.175502
0.175502
0.130733
0.130733
0.310961
0.310961
0.118152
0.118152
0.152527
0.152527
0.225269
0.225269
0.107555
0.107555
0.208911
0.208911
0.204675
0.204675
0.086927
0.086927
0.206311
0.206311
0.150688
0.150688
0.138743
0.138743
0.100144
0.100144
0.189494
0.189494
0.108504
0.108504
0.203972
0.203972
0.128003
0.128003
0.155776
0.155776
0.119262
0.119262
0.117244
0.117244
0.094957
0.094957
0.085074
0.085074
0.365342
0.365342
0.120061
0.120061
0.365954
0.365954
0.298058
0.298058
0.390133
0.390133
0.319440
0.319440
0.141019
0.141019
0.123780
0.123780
0.297512
0.297512
0.119540
0.119540
0.106942
0.106942
0.134868
0.134868
0.117777
0.117777
0.190129
0.190129
0.149343
0.149343
0.130496
0.130496
0.135632
0.135632
0.165402
0.165402
0.078758
0.078758
0.057732
0.057732
0.192370
0.192370
0.391169
0.391169
0.043480
0.043480
0.157709
0.157709
0.039675
0.039675
0.097849
0.097849
0.102066
0.102066
0.073600
0.073600
0.148736
0.148736
0.178739
0.178739
0.110985
0.110985
0.094337
0.094337
0.188172
0.188172
0.273516
0.273516
0.068318
0.068318
0.288614
0.288614
0.320605
0.320605
0.227985
0.227985
0.168584
0.168584
0.287878
0.287878
0.253538
0.253538
0.119254
0.119254
0.114253
0.114253
0.128710
0.128710
0.230593
0.230593
0.133810
0.133810
0.153264
0.153264
0.075777
0.075777
0.224067
0.224067
0.076323
0.076323
0.052031
0.052031
0.120547
0.120547
0.223125
0.223125
0.169281
0.169281
0.273820
0.273820
0.062293
0.062293
0.156831
0.156831
0.179441
0.179441
0.098801
0.098801
0.094950
0.094950
0.253069
0.253069
0.207578
0.207578
0.147661
0.147661
0.273793
0.273793
0.161654
0.161654
0.125118
0.125118
0.168065
0.168065
0.202244
0.202244
0.136440
0.136440
0.263995
0.263995
0.088570
0.088570
0.129891
0.129891
0.099256
0.099256
0.106182
0.106182
0.066551
0.066551
0.216619
0.216619
0.241946
0.241946
0.203263
0.203263
0.168934
0.168934
0.081821
0.081821
0.102079
0.102079
0.193239
0.193239
0.120007
0.120007
0.111574
0.111574
0.557949
0.557949
0.110922
0.110922
0.198814
0.198814
0.168411
0.168411
0.144859
0.144859
0.050931
0.050931
0.126681
0.126681
0.090095
0.090095
0.127066
0.127066
0.140405
0.140405
0.075700
0.075700
0.104165
0.104165
0.085328
0.085328
0.104087
0.104087
0.183332
0.183332
0.146703
0.146703
0.462461
0.462461
0.280750
0.280750
0.081372
0.081372
0.186889
0.186889
0.133698
0.133698
0.312354
0.312354
0.165686
0.165686
0.137504
0.137504
0.217479
0.217479
0.079496
0.079496
0.067950
0.067950
0.105795
0.105795
0.096156
0.096156
0.218722
0.218722
0.063454
0.063454
0.188370
0.188370
0.137853
0.137853
0.142297
0.142297
0.125715
0.125715
0.095452
0.095452
0.102412
0.102412
0.103407
0.103407
0.091537
0.091537
0.073533
0.073533
0.180007
0.180007
0.124465
0.124465
0.114056
0.114056
0.123090
0.123090
0.109858
0.109858
0.181570
0.181570
0.411517
0.411517
0.186451
0.186451
0.294777
0.294777
0.146265
0.146265
0.153740
0.153740
0.135984
0.135984
0.170562
0.170562
0.099020
0.099020
0.117687
0.117687
0.174610
0.174610
0.100021
0.100021
0.237665
0.237665
0.184692
0.184692
0.196698
0.196698
0.119096
0.119096
0.212802
0.212802
0.191608
0.191608
0.264128
0.264128
0.274354
0.274354
0.208075
0.208075
0.149465
0.149465
0.051888
0.051888
0.100919
0.100919
0.111968
0.111968
0.090322
0.090322
0.152483
0.152483
0.073807
0.073807
0.203135
0.203135
0.142181
0.142181
0.131684
0.131684
0.055855
0.055855
0.099814
0.099814
0.071587
0.071587
0.338200
0.338200
0.169393
0.169393
0.142672
0.142672
0.170860
0.170860
0.472095
0.472095
0.181547
0.181547
0.157203
0.157203
0.134204
0.134204
0.105518
0.105518
0.198917
0.198917
0.153010
0.153010
0.193195
0.193195
0.088041
0.088041
0.326371
0.326371
0.109411
0.109411
0.107078
0.107078
0.092233
0.092233
0.115265
0.115265
0.174932
0.174932
0.235615
0.235615
0.231558
0.231558
0.052598
0.052598
0.107297
0.107297
0.137355
0.137355
0.146579
0.146579
0.091761
0.091761
0.175101
0.175101
0.184297
0.184297
0.261971
0.261971
0.055417
0.055417
0.155232
0.155232
0.128352
0.128352
0.187558
0.187558
0.099435
0.099435
0.229789
0.229789
0.153545
0.153545
0.139225
0.139225
0.196095
0.196095
0.193509
0.193509
0.156067
0.156067
0.085301
0.085301
0.086479
0.086479
0.111268
0.111268
0.114082
0.114082
0.278367
0.278367
0.211951
0.211951
0.186813
0.186813
0.137726
0.137726
0.201079
0.201079
0.078676
0.078676
0.172256
0.172256
0.116146
0.116146
0.119993
0.119993
0.206100
0.206100
0.172139
0.172139
0.165846
0.165846
0.075892
0.075892
0.241238
0.241238
0.092470
0.092470
0.072719
0.072719
0.161100
0.161100
0.070900
0.070900
0.302819
0.302819
0.144340
0.144340
0.329865
0.329865
0.146900
0.146900
0.195456
0.195456
0.244933
0.244933
0.276954
0.276954
0.183578
0.183578
0.172773
0.172773
0.250457
0.250457
0.096668
0.096668
0.139691
0.139691
0.060190
0.060190
0.167972
0.167972
0.221150
0.221150
0.072668
0.072668
0.105290
0.105290
0.126567
0.126567
0.189955
0.189955
0.150772
0.150772
0.124675
0.124675
0.198178
0.198178
0.086703
0.086703
0.083907
0.083907
0.458535
0.458535
0.089511
0.089511
0.071004
0.071004
0.064909
0.064909
0.062381
0.062381
0.153698
0.153698
0.216295
0.216295
0.161519
0.161519
0.028907
0.028907
0.629953
0.629953
0.113180
0.113180
0.070874
0.070874
0.141167
0.141167
0.296400
0.296400
0.114574
0.114574
0.158669
0.158669
0.051992
0.051992
0.105094
0.105094
0.176295
0.176295
0.119502
0.119502
0.040127
0.040127
0.157434
0.157434
0.146982
0.146982
0.148909
0.148909
0.134606
0.134606
0.147972
0.147972
0.099750
0.099750
0.061308
0.061308
0.121123
0.121123
0.199299
0.199299
0.147755
0.147755
0.089323
0.089323
0.209028
0.209028
0.272635
0.272635
0.120294
0.120294
0.158905
0.158905
0.117696
0.117696
0.081182
0.081182
0.103210
0.103210
0.090153
0.090153
0.060045
0.060045
0.115779
0.115779
0.157543
0.157543
0.322731
0.322731
0.077629
0.077629
0.156811
0.156811
0.116970
0.116970
0.165500
0.165500
0.117331
0.117331
0.090167
0.090167
0.222081
0.222081
0.314556
0.314556
0.231276
0.231276
0.090633
0.090633
0.093448
0.093448
0.182724
0.182724
0.201843
0.201843
0.146126
0.146126
0.084187
0.084187
0.153887
0.153887
0.061559
0.061559
0.238780
0.238780
0.101166
0.101166
0.092751
0.092751
0.149369
0.149369
0.147373
0.147373
0.264948
0.264948
0.127902
0.127902
0.074954
0.074954
0.143284
0.143284
0.261282
0.261282
0.067753
0.067753
0.097814
0.097814
0.220538
0.220538
0.195349
0.195349
0.130459
0.130459
0.084830
0.084830
0.063966
0.063966
0.283528
0.283528
0.104745
0.104745
0.213107
0.213107
0.195012
0.195012
0.064995
0.064995
0.085094
0.085094
0.207724
0.207724
0.072824
0.072824
0.142644
0.142644
0.068747
0.068747
0.087720
0.087720
0.102789
0.102789
0.185191
0.185191
0.073801
0.073801
0.228664
0.228664
0.176997
0.176997
0.181712
0.181712
0.308706
0.308706
0.048562
0.048562
0.077720
0.077720
0.141376
0.141376
0.152270
0.152270
0.208019
0.208019
0.071617
0.071617
0.189808
0.189808
0.117226
0.117226
0.513141
0.513141
0.297272
0.297272
0.106312
0.106312
0.115235
0.115235
0.119948
0.119948
0.357062
0.357062
0.112664
0.112664
0.133949
0.133949
0.265915
0.265915
0.196727
0.196727
0.166922
0.166922
0.080917
0.080917
0.232140
0.232140
0.170497
0.170497
0.208616
0.208616
0.056877
0.056877
0.177833
0.177833
0.199777
0.199777
0.115601
0.115601
0.270962
0.270962
0.131706
0.131706
0.162319
0.162319
0.074389
0.074389
0.090435
0.090435
0.048719
0.048719
0.092056
0.092056
0.174965
0.174965
0.143502
0.143502
0.313874
0.313874
0.154487
0.154487
0.344552
0.344552
0.104046
0.104046
0.153055
0.153055
0.222604
0.222604
0.125726
0.125726
0.144814
0.144814
0.097028
0.097028
0.050298
0.050298
0.132542
0.132542
0.264158
0.264158
0.141220
0.141220
0.117362
0.117362
0.229716
0.229716
0.083268
0.083268
0.105369
0.105369
0.159551
0.159551
0.189091
0.189091
0.194188
0.194188
0.465132
0.465132
0.198734
0.198734
0.093477
0.093477
0.157912
0.157912
0.168636
0.168636
0.170119
0.170119
0.060340
0.060340
0.177223
0.177223
0.216344
0.216344
0.071025
0.071025
0.154095
0.154095
0.057402
0.057402
0.220388
0.220388
0.189880
0.189880
0.147177
0.147177
0.117159
0.117159
0.262904
0.262904
0.427353
0.427353
0.115798
0.115798
0.145081
0.145081
0.084342
0.084342
0.101318
0.101318
0.169553
0.169553
0.194206
0.194206
0.103709
0.103709
0.256988
0.256988
0.078849
0.078849
0.071072
0.071072
0.167396
0.167396
0.210740
0.210740
0.080533
0.080533
0.226786
0.226786
0.196861
0.196861
0.049745
0.049745
0.157283
0.157283
0.159312
0.159312
0.140941
0.140941
0.455089
0.455089
0.173602
0.173602
0.135420
0.135420
0.143463
0.143463
0.110570
0.110570
0.125541
0.125541
0.148357
0.148357
0.074820
0.074820
0.071934
0.071934
0.132393
0.132393
0.319721
0.319721
0.083089
0.083089
0.195780
0.195780
0.071020
0.071020
0.200793
0.200793
0.231351
0.231351
0.165524
0.165524
0.117851
0.117851
0.169926
0.169926
0.132303
0.132303
0.123211
0.123211
0.130703
0.130703
0.165781
0.165781
0.268948
0.268948
0.196431
0.196431
0.107170
0.107170
0.154177
0.154177
0.085721
0.085721
0.221452
0.221452
0.083926
0.083926
0.336349
0.336349
0.066585
0.066585
0.139435
0.139435
0.111562
0.111562
0.116290
0.116290
0.164742
0.164742
0.173238
0.173238
0.150593
0.150593
0.100164
0.100164
0.334492
0.334492
0.108679
0.108679
0.115096
0.115096
0.081488
0.081488
0.096662
0.096662
0.222527
0.222527
0.106777
0.106777
0.186078
0.186078
0.169688
0.169688
0.143438
0.143438
0.101270
0.101270
0.140661
0.140661
0.156811
0.156811
0.228361
0.228361
0.236605
0.236605
0.151808
0.151808
0.220663
0.220663
0.218439
0.218439
0.158591
0.158591
0.035046
0.035046
0.116729
0.116729
0.132744
0.132744
0.406144
0.406144
0.234085
0.234085
0.160349
0.160349
0.056890
0.056890
0.066719
0.066719
0.096753
0.096753
0.132850
0.132850
0.156433
0.156433
0.101444
0.101444
0.342027
0.342027
0.060831
0.060831
0.203636
0.203636
0.105774
0.105774
0.084944
0.084944
0.080386
0.080386
0.105222
0.105222
0.115552
0.115552
0.157813
0.157813
0.046923
0.046923
0.138552
0.138552
0.179193
0.179193
0.138504
0.138504
0.240471
0.240471
0.130238
0.130238
0.149685
0.149685
0.151947
0.151947
0.146988
0.146988
0.321123
0.321123
0.078847
0.078847
0.087570
0.087570
0.195615
0.195615
0.161322
0.161322
0.092594
0.092594
0.111856
0.111856
0.134864
0.134864
0.213744
0.213744
0.075898
0.075898
0.078963
0.078963
0.130029
0.130029
0.147153
0.147153
0.295953
0.295953
0.123140
0.123140
0.174787
0.174787
0.079635
0.079635
0.265959
0.265959
0.127374
0.127374
0.164657
0.164657
0.106370
0.106370
0.047026
0.047026
0.138722
0.138722
0.068684
0.068684
0.201139
0.201139
0.202694
0.202694
0.188604
0.188604
0.132697
0.132697
0.137882
0.137882
0.126023
0.126023
0.139243
0.139243
0.057229
0.057229
0.160928
0.160928
0.147706
0.147706
0.076240
0.076240
0.103682
0.103682
0.118426
0.118426
0.145791
0.145791
0.457192
0.457192
0.253110
0.253110
0.109606
0.109606
0.084551
0.084551
0.236907
0.236907
0.213989
0.213989
0.081151
0.081151
0.068276
0.068276
0.106575
0.106575
0.117967
0.117967
0.350255
0.350255
0.184773
0.184773
0.158775
0.158775
0.379923
0.379923
0.075615
0.075615
0.191286
0.191286
0.158810
0.158810
0.100169
0.100169
0.174404
0.174404
0.254380
0.254380
0.240839
0.240839
0.115141
0.115141
0.270278
0.270278
0.073850
0.073850
0.060456
0.060456
0.087075
0.087075
0.065391
0.065391
0.104414
0.104414
0.133492
0.133492
0.058265
0.058265
0.407229
0.407229
0.187023
0.187023
0.173870
0.173870
0.153486
0.153486
0.166465
0.166465
0.335040
0.335040
0.102356
0.102356
0.186321
0.186321
0.162858
0.162858
0.129121
0.129121
0.080300
0.080300
0.062032
0.062032
0.126438
0.126438
0.095888
0.095888
0.121308
0.121308
0.085873
0.085873
0.184195
0.184195
0.102663
0.102663
0.370983
0.370983
0.069414
0.069414
0.127304
0.127304
0.067000
0.067000
0.104892
0.104892
0.121444
0.121444
0.180575
0.180575
0.130549
0.130549
0.208469
0.208469
0.216358
0.216358
0.124110
0.124110
0.465991
0.465991
0.213841
0.213841
0.310795
0.310795
0.120967
0.120967
0.174673
0.174673
0.129029
0.129029
0.076442
0.076442
0.069723
0.069723
0.130056
0.130056
0.264063
0.264063
0.077373
0.077373
0.142396
0.142396
0.328802
0.328802
0.048134
0.048134
0.262447
0.262447
0.206327
0.206327
0.389135
0.389135
0.101273
0.101273
0.164968
0.164968
0.171525
0.171525
0.098822
0.098822
0.182933
0.182933
0.099607
0.099607
0.123688
0.123688
0.298030
0.298030
0.099069
0.099069
0.093308
0.093308
0.272792
0.272792
0.184370
0.184370
0.103278
0.103278
0.073488
0.073488
0.141123
0.141123
0.079029
0.079029
0.058956
0.058956
0.080450
0.080450
0.187701
0.187701
0.159069
0.159069
0.128351
0.128351
0.161156
0.161156
0.135807
0.135807
0.210672
0.210672
0.160521
0.160521
0.199795
0.199795
0.201011
0.201011
0.182674
0.182674
0.077271
0.077271
0.277048
0.277048
0.282932
0.282932
0.206389
0.206389
0.131365
0.131365
0.297788
0.297788
0.185804
0.185804
0.050535
0.050535
0.147067
0.147067
0.070290
0.070290
0.097551
0.097551
0.106057
0.106057
0.114001
0.114001
0.143515
0.143515
0.138538
0.138538
0.199492
0.199492
0.146885
0.146885
0.138126
0.138126
0.225511
0.225511
0.117578
0.117578
0.124418
0.124418
0.079316
0.079316
0.129092
0.129092
0.161058
0.161058
0.056992
0.056992
0.116184
0.116184
0.142885
0.142885
0.040590
0.040590
0.129683
0.129683
0.104926
0.104926
0.208595
0.208595
0.160680
0.160680
0.237039
0.237039
0.145474
0.145474
0.062751
0.062751
0.070421
0.070421
0.154683
0.154683
0.149600
0.149600
0.222759
0.222759
0.250436
0.250436
0.126224
0.126224
0.106260
0.106260
0.206504
0.206504
0.364305
0.364305
0.170440
0.170440
0.145719
0.145719
0.094476
0.094476
0.104934
0.104934
0.048031
0.048031
0.124468
0.124468
0.062309
0.062309
0.129340
0.129340
0.037926
0.037926
0.149435
0.149435
0.101870
0.101870
0.175054
0.175054
0.081806
0.081806
0.136639
0.136639
0.110766
0.110766
0.206020
0.206020
0.073754
0.073754
0.137032
0.137032
0.427214
0.427214
0.147989
0.147989
0.172703
0.172703
0.155721
0.155721
0.227721
0.227721
0.102261
0.102261
0.086687
0.086687
0.151678
0.151678
0.161611
0.161611
0.064082
0.064082
0.070820
0.070820
0.129986
0.129986
0.227931
0.227931
0.097871
0.097871
0.377455
0.377455
0.104210
0.104210
0.120568
0.120568
0.143162
0.143162
0.146695
0.146695
0.166688
0.166688
0.240697
0.240697
0.095813
0.095813
0.178001
0.178001
0.080536
0.080536
0.108468
0.108468
0.047141
0.047141
0.236753
0.236753
0.142086
0.142086
0.116267
0.116267
0.211673
0.211673
0.100600
0.100600
0.345158
0.345158
0.180892
0.180892
0.166318
0.166318
0.100238
0.100238
0.125095
0.125095
0.126106
0.126106
0.113631
0.113631
0.096812
0.096812
0.071551
0.071551
0.142595
0.142595
0.186650
0.186650
0.271613
0.271613
0.039770
0.039770
0.179513
0.179513
0.120867
0.120867
0.274792
0.274792
0.273937
0.273937
0.079459
0.079459
0.134574
0.134574
0.256184
0.256184
0.075688
0.075688
0.160820
0.160820
0.202955
0.202955
0.089219
0.089219
0.245761
0.245761
0.189748
0.189748
0.065050
0.065050
0.162219
0.162219
0.130722
0.130722
0.071158
0.071158
0.216522
0.216522
0.301825
0.301825
0.126647
0.126647
0.162895
0.162895
0.147694
0.147694
0.061046
0.061046
0.148165
0.148165
0.069562
0.069562
0.187609
0.187609
0.089875
0.089875
0.281464
0.281464
0.088803
0.088803
0.173498
0.173498
0.032395
0.032395
0.174876
0.174876
0.069809
0.069809
0.266354
0.266354
0.179941
0.179941
0.050725
0.050725
0.108733
0.108733
0.074626
0.074626
0.165454
0.165454
0.251693
0.251693
0.212391
0.212391
0.250741
0.250741
0.067773
0.067773
0.161441
0.161441
0.149420
0.149420
0.093641
0.093641
0.086368
0.086368
0.062452
0.062452
0.241192
0.241192
0.162787
0.162787
0.303785
0.303785
0.073063
0.073063
0.093991
0.093991
0.177046
0.177046
0.234326
0.234326
0.110453
0.110453
0.150559
0.150559
0.122553
0.122553
0.052072
0.052072
0.266762
0.266762
0.099070
0.099070
0.376965
0.376965
0.115610
0.115610
0.071617
0.071617
0.107364
0.107364
0.054826
0.054826
0.084386
0.084386
0.149295
0.149295
0.079256
0.079256
0.381066
0.381066
0.161018
0.161018
0.138909
0.138909
0.182031
0.182031
0.093367
0.093367
0.290093
0.290093
0.161547
0.161547
0.155178
0.155178
0.213627
0.213627
0.056455
0.056455
0.252275
0.252275
0.087578
0.087578
0.139039
0.139039
0.119121
0.119121
0.093775
0.093775
0.075810
0.075810
0.045872
0.045872
0.136791
0.136791
0.149274
0.149274
0.188939
0.188939
0.429221
0.429221
0.220495
0.220495
0.111033
0.111033
0.112700
0.112700
0.073144
0.073144
0.095059
0.095059
0.265090
0.265090
0.140616
0.140616
0.102716
0.102716
0.250955
0.250955
0.156076
0.156076
0.378064
0.378064
0.104719
0.104719
0.187451
0.187451
0.155339
0.155339
0.079213
0.079213
0.075069
0.075069
0.178208
0.178208
0.070674
0.070674
0.121669
0.121669
0.117927
0.117927
0.257481
0.257481
0.111392
0.111392
0.109860
0.109860
0.077594
0.077594
0.135854
0.135854
0.178158
0.178158
0.100182
0.100182
0.136894
0.136894
0.252645
0.252645
0.404618
0.404618
0.176059
0.176059
0.079793
0.079793
0.047648
0.047648
0.076688
0.076688
0.116242
0.116242
0.057525
0.057525
0.088252
0.088252
0.058799
0.058799
0.114245
0.114245
0.089180
0.089180
0.160581
0.160581
0.289340
0.289340
0.102498
0.102498
0.149509
0.149509
0.191967
0.191967
0.066791
0.066791
0.116281
0.116281
0.140682
0.140682
0.181920
0.181920
0.122699
0.122699
0.230819
0.230819
0.090897
0.090897
0.051637
0.051637
0.086588
0.086588
0.087706
0.087706
0.075419
0.075419
0.091579
0.091579
0.104100
0.104100
0.316153
0.316153
0.232789
0.232789
0.109406
0.109406
0.104329
0.104329
0.110884
0.110884
0.162420
0.162420
0.415768
0.415768
0.274758
0.274758
0.117286
0.117286
0.087398
0.087398
0.247064
0.247064
0.149694
0.149694
0.110441
0.110441
0.077758
0.077758
0.185116
0.185116
0.259358
0.259358
0.246663
0.246663
0.205066
0.205066
0.049656
0.049656
0.097099
0.097099
0.090719
0.090719
0.167533
0.167533
0.047011
0.047011
0.140356
0.140356
0.205914
0.205914
0.127101
0.127101
0.156193
0.156193
0.093244
0.093244
0.126399
0.126399
0.046212
0.046212
0.101724
0.101724
0.183169
0.183169
0.117016
0.117016
0.227254
0.227254
0.377836
0.377836
0.108523
0.108523
0.238326
0.238326
0.094345
0.094345
0.134753
0.134753
0.076238
0.076238
0.057007
0.057007
0.054827
0.054827
0.198164
0.198164
0.114766
0.114766
0.097464
0.097464
0.125262
0.125262
0.052338
0.052338
0.272357
0.272357
0.241677
0.241677
0.423359
0.423359
0.126975
0.126975
0.205785
0.205785
0.215126
0.215126
0.176441
0.176441
0.073725
0.073725
0.157755
0.157755
0.125254
0.125254
0.092204
0.092204
0.157635
0.157635
0.231874
0.231874
0.241277
0.241277
0.200755
0.200755
0.165199
0.165199
0.115602
0.115602
0.094728
0.094728
0.156893
0.156893
0.128858
0.128858
0.209045
0.209045
0.232018
0.232018
0.181585
0.181585
0.114462
0.114462
0.104938
0.104938
0.099097
0.099097
0.139619
0.139619
0.221652
0.221652
0.183862
0.183862
0.193220
0.193220
0.121053
0.121053
0.107656
0.107656
0.122956
0.122956
0.237973
0.237973
0.448324
0.448324
0.069744
0.069744
0.168808
0.168808
0.124894
0.124894
0.076673
0.076673
0.249125
0.249125
0.225869
0.225869
0.235063
0.235063
0.151686
0.151686
0.157917
0.157917
0.103116
0.103116
0.307734
0.307734
0.094326
0.094326
0.122743
0.122743
0.072412
0.072412
0.149400
0.149400
0.262060
0.262060
0.248437
0.248437
0.105544
0.105544
0.249841
0.249841
0.157922
0.157922
0.113042
0.113042
0.187659
0.187659
0.144208
0.144208
0.143879
0.143879
0.184154
0.184154
0.114291
0.114291
0.137085
0.137085
0.133488
0.133488
0.164351
0.164351
0.097389
0.097389
0.223883
0.223883
0.074975
0.074975
0.045761
0.045761
0.121685
0.121685
0.057442
0.057442
0.183989
0.183989
0.103618
0.103618
0.096729
0.096729
0.109533
0.109533
0.217062
0.217062
0.316796
0.316796
0.203035
0.203035
0.139257
0.139257
0.067632
0.067632
0.107113
0.107113
0.179636
0.179636
0.232117
0.232117
0.101645
0.101645
0.062674
0.062674
0.170202
0.170202
0.164064
0.164064
0.110775
0.110775
0.227919
0.227919
0.056969
0.056969
0.146019
0.146019
0.049216
0.049216
0.111401
0.111401
0.384407
0.384407
0.087519
0.087519
0.184662
0.184662
0.085671
0.085671
0.073872
0.073872
0.112529
0.112529
0.075453
0.075453
0.113641
0.113641
0.151678
0.151678
0.138817
0.138817
0.121375
0.121375
0.065498
0.065498
0.098941
0.098941
0.087347
0.087347
0.102655
0.102655
0.118277
0.118277
0.145398
0.145398
0.224830
0.224830
0.124736
0.124736
0.100755
0.100755
0.145117
0.145117
0.105474
0.105474
0.354227
0.354227
0.058427
0.058427
0.100906
0.100906
0.055415
0.055415
0.212462
0.212462
0.113390
0.113390
0.479502
0.479502
0.223139
0.223139
0.349069
0.349069
0.089982
0.089982
0.220446
0.220446
0.128735
0.128735
0.275946
0.275946
0.197584
0.197584
0.091526
0.091526
0.231019
0.231019
0.145055
0.145055
0.106527
0.106527
0.042793
0.042793
0.053643
0.053643
0.231189
0.231189
0.061224
0.061224
0.225665
0.225665
0.100794
0.100794
0.097971
0.097971
0.162047
0.162047
0.471452
0.471452
0.064479
0.064479
0.145364
0.145364
0.112408
0.112408
0.129279
0.129279
0.259032
0.259032
0.146939
0.146939
0.171781
0.171781
0.194823
0.194823
0.153561
0.153561
0.179432
0.179432
0.162596
0.162596
0.127666
0.127666
0.170295
0.170295
0.091873
0.091873
0.068326
0.068326
0.075344
0.075344
0.138002
0.138002
0.061703
0.061703
0.134921
0.134921
0.076537
0.076537
0.087324
0.087324
0.200882
0.200882
0.108039
0.108039
0.109080
0.109080
0.120704
0.120704
0.239785
0.239785
0.131547
0.131547
0.221443
0.221443
0.092496
0.092496
0.097049
0.097049
0.103094
0.103094
0.156890
0.156890
0.064188
0.064188
0.136859
0.136859
0.123989
0.123989
0.131510
0.131510
0.158976
0.158976
0.120542
0.120542
0.213959
0.213959
0.151742
0.151742
0.151882
0.151882
0.121139
0.121139
0.054426
0.054426
0.314179
0.314179
0.143274
0.143274
0.471874
0.471874
0.225158
0.225158
0.119840
0.119840
0.178075
0.178075
0.107140
0.107140
0.167567
0.167567
0.110741
0.110741
0.193468
0.193468
0.150938
0.150938
0.137615
0.137615
0.120386
0.120386
0.157077
0.157077
0.284701
0.284701
0.118626
0.118626
0.091452
0.091452
0.168768
0.168768
0.052648
0.052648
0.095922
0.095922
0.073443
0.073443
0.260947
0.260947
0.080661
0.080661
0.337523
0.337523
0.177724
0.177724
0.135018
0.135018
0.102625
0.102625
0.099607
0.099607
0.126220
0.126220
0.114251
0.114251
0.085693
0.085693
0.134633
0.134633
0.189893
0.189893
0.246550
0.246550
0.143636
0.143636
0.216959
0.216959
0.096081
0.096081
0.063543
0.063543
0.061807
0.061807
0.247686
0.247686
0.122341
0.122341
0.275531
0.275531
0.254290
0.254290
0.325727
0.325727
0.062484
0.062484
0.196217
0.196217
0.384362
0.384362
0.060739
0.060739
0.141800
0.141800
0.114474
0.114474
0.113047
0.113047
0.118165
0.118165
0.193114
0.193114
0.079224
0.079224
0.109303
0.109303
0.093116
0.093116
0.173388
0.173388
0.186556
0.186556
0.278744
0.278744
0.091908
0.091908
0.065737
0.065737
0.069142
0.069142
0.069078
0.069078
0.070129
0.070129
0.068829
0.068829
0.169026
0.169026
0.112281
0.112281
0.105602
0.105602
0.256584
0.256584
0.410868
0.410868
0.132110
0.132110
0.142079
0.142079
0.130579
0.130579
0.110204
0.110204
0.149792
0.149792
0.067595
0.067595
0.140866
0.140866
0.068132
0.068132
0.146364
0.146364
0.180704
0.180704
0.098411
0.098411
0.150780
0.150780
0.067159
0.067159
0.048072
0.048072
0.181178
0.181178
0.035325
0.035325
0.128853
0.128853
0.071353
0.071353
0.048551
0.048551
0.103635
0.103635
0.090922
0.090922
0.219261
0.219261
0.165826
0.165826
0.134725
0.134725
0.172749
0.172749
0.063139
0.063139
0.100842
0.100842
0.070106
0.070106
0.076427
0.076427
0.059671
0.059671
0.190922
0.190922
0.112834
0.112834
0.072470
0.072470
0.262537
0.262537
0.174539
0.174539
0.146998
0.146998
0.108577
0.108577
0.180688
0.180688
0.057490
0.057490
0.096318
0.096318
0.080198
0.080198
0.225034
0.225034
0.344097
0.344097
0.153001
0.153001
0.543084
0.543084
0.105104
0.105104
0.067319
0.067319
0.116642
0.116642
0.114949
0.114949
0.095814
0.095814
0.151530
0.151530
0.076573
0.076573
0.041872
0.041872
0.077006
0.077006
0.469639
0.469639
0.156948
0.156948
0.217009
0.217009
0.098782
0.098782
0.226763
0.226763
0.061150
0.061150
0.210893
0.210893
0.339852
0.339852
0.076670
0.076670
0.064118
0.064118
0.124730
0.124730
0.329931
0.329931
0.097663
0.097663
0.212722
0.212722
0.074294
0.074294
0.199150
0.199150
0.312936
0.312936
0.104515
0.104515
0.034065
0.034065
0.069667
0.069667
0.231295
0.231295
0.339342
0.339342
0.219815
0.219815
0.332432
0.332432
0.152163
0.152163
0.149579
0.149579
0.135273
0.135273
0.114177
0.114177
0.091312
0.091312
0.098513
0.098513
0.042172
0.042172
0.061476
0.061476
0.167138
0.167138
0.277772
0.277772
0.102553
0.102553
0.114682
0.114682
0.132587
0.132587
0.158292
0.158292
0.217261
0.217261
0.090307
0.090307
0.456487
0.456487
0.085808
0.085808
0.071576
0.071576
0.105237
0.105237
0.079414
0.079414
0.179160
0.179160
0.157129
0.157129
0.078803
0.078803
0.149829
0.149829
0.150636
0.150636
0.134639
0.134639
0.151468
0.151468
0.051858
0.051858
0.170755
0.170755
0.043175
0.043175
0.179302
0.179302
0.050110
0.050110
0.123765
0.123765
0.186718
0.186718
0.167693
0.167693
0.254031
0.254031
0.062385
0.062385
0.245624
0.245624
0.135518
0.135518
0.139555
0.139555
0.138725
0.138725
0.147239
0.147239
0.194271
0.194271
0.073544
0.073544
0.141820
0.141820
0.107127
0.107127
0.150270
0.150270
0.461621
0.461621
0.065603
0.065603
0.131320
0.131320
0.094022
0.094022
0.272867
0.272867
0.200092
0.200092
0.041496
0.041496
0.086864
0.086864
0.141837
0.141837
0.045684
0.045684
0.068891
0.068891
0.049064
0.049064
0.069092
0.069092
0.123394
0.123394
0.356584
0.356584
0.069689
0.069689
0.091738
0.091738
0.069171
0.069171
0.214175
0.214175
0.262607
0.262607
0.229886
0.229886
0.102861
0.102861
0.079333
0.079333
0.178948
0.178948
0.257909
0.257909
0.107684
0.107684
0.065118
0.065118
0.095714
0.095714
0.077143
0.077143
0.156094
0.156094
0.085365
0.085365
0.146632
0.146632
0.189494
0.189494
0.371183
0.371183
0.150950
0.150950
0.167903
0.167903
0.190622
0.190622
0.114289
0.114289
0.053224
0.053224
0.140818
0.140818
0.201235
0.201235
0.151416
0.151416
0.160933
0.160933
0.159590
0.159590
0.119294
0.119294
0.077570
0.077570
0.154900
0.154900
0.036518
0.036518
0.043847
0.043847
0.140482
0.140482
0.155764
0.155764
0.151416
0.151416
0.206447
0.206447
0.365943
0.365943
0.174577
0.174577
0.137258
0.137258
0.065108
0.065108
0.177673
0.177673
0.183578
0.183578
0.104668
0.104668
0.182219
0.182219
0.190078
0.190078
0.094795
0.094795
0.093850
0.093850
0.113697
0.113697
0.083249
0.083249
0.142946
0.142946
0.209023
0.209023
0.169621
0.169621
0.246284
0.246284
0.077116
0.077116
0.139671
0.139671
0.269065
0.269065
0.102514
0.102514
0.271960
0.271960
0.070166
0.070166
0.087224
0.087224
0.126508
0.126508
0.110475
0.110475
0.116476
0.116476
0.120651
0.120651
0.171862
0.171862
0.324085
0.324085
0.186635
0.186635
0.035745
0.035745
0.134290
0.134290
0.138528
0.138528
0.068998
0.068998
0.114434
0.114434
0.390874
0.390874
0.239682
0.239682
0.042908
0.042908
0.061192
0.061192
0.235786
0.235786
0.132406
0.132406
0.115643
0.115643
0.199244
0.199244
0.095609
0.095609
0.269489
0.269489
0.211463
0.211463
0.064453
0.064453
0.321375
0.321375
0.074137
0.074137
0.066739
0.066739
0.144941
0.144941
0.281554
0.281554
0.129382
0.129382
0.107365
0.107365
0.115537
0.115537
0.138981
0.138981
0.103380
0.103380
0.136845
0.136845
0.155140
0.155140
0.151834
0.151834
0.172820
0.172820
0.060841
0.060841
0.126512
0.126512
0.469245
0.469245
0.215676
0.215676
0.088394
0.088394
0.178627
0.178627
0.381026
0.381026
0.072223
0.072223
0.059693
0.059693
0.117760
0.117760
0.061137
0.061137
0.071818
0.071818
0.180147
0.180147
0.169634
0.169634
0.066566
0.066566
0.081842
0.081842
0.103341
0.103341
0.108217
0.108217
0.069459
0.069459
0.165059
0.165059
0.347671
0.347671
0.145692
0.145692
0.065528
0.065528
0.151555
0.151555
0.196647
0.196647
0.038423
0.038423
0.076338
0.076338
0.087795
0.087795
0.070657
0.070657
0.088646
0.088646
0.242413
0.242413
0.223020
0.223020
0.073616
0.073616
0.056487
0.056487
0.123350
0.123350
0.134469
0.134469
0.188639
0.188639
0.165870
0.165870
0.284560
0.284560
0.074866
0.074866
0.084783
0.084783
0.111020
0.111020
0.130431
0.130431
0.059767
0.059767
0.146878
0.146878
0.088063
0.088063
0.069740
0.069740
0.075755
0.075755
0.180160
0.180160
0.051981
0.051981
0.027799
0.027799
0.165578
0.165578
0.116925
0.116925
0.105223
0.105223
0.093290
0.093290
0.315612
0.315612
0.253345
0.253345
0.314373
0.314373
0.158361
0.158361
0.254456
0.254456
0.230567
0.230567
0.133202
0.133202
0.140314
0.140314
0.152173
0.152173
0.295924
0.295924
0.085159
0.085159
0.039385
0.039385
0.122231
0.122231
0.352033
0.352033
0.160373
0.160373
0.092487
0.092487
0.171430
0.171430
0.190288
0.190288
0.183484
0.183484
0.236448
0.236448
0.151628
0.151628
0.156570
0.156570
0.188861
0.188861
0.112345
0.112345
0.105023
0.105023
0.190962
0.190962
0.090275
0.090275
0.312606
0.312606
0.660678
0.660678
0.139061
0.139061
0.197505
0.197505
0.206491
0.206491
0.088281
0.088281
0.073968
0.073968
0.157715
0.157715
0.176820
0.176820
0.054842
0.054842
0.093725
0.093725
0.292866
0.292866
0.141008
0.141008
0.088173
0.088173
0.267859
0.267859
0.161975
0.161975
0.117425
0.117425
0.108929
0.108929
0.070992
0.070992
0.298612
0.298612
0.097050
0.097050
0.099778
0.099778
0.122476
0.122476
0.022546
0.022546
0.066081
0.066081
0.201068
0.201068
0.162720
0.162720
0.071972
0.071972
0.256941
0.256941
0.086764
0.086764
0.183001
0.183001
0.084761
0.084761
0.482679
0.482679
0.093461
0.093461
0.121247
0.121247
0.115068
0.115068
0.118005
0.118005
0.289856
0.289856
0.131623
0.131623
0.195467
0.195467
0.066099
0.066099
0.084321
0.084321
0.193033
0.193033
0.193315
0.193315
0.088501
0.088501
0.157909
0.157909
0.128375
0.128375
0.142354
0.142354
0.047248
0.047248
0.066672
0.066672
0.048844
0.048844
0.076773
0.076773
0.105986
0.105986
0.030002
0.030002
0.149312
0.149312
0.231276
0.231276
0.082625
0.082625
0.417306
0.417306
0.050550
0.050550
0.146361
0.146361
0.202400
0.202400
0.110893
0.110893
0.229763
0.229763
0.286762
0.286762
0.249643
0.249643
0.259254
0.259254
0.110302
0.110302
0.052852
0.052852
0.061115
0.061115
0.198659
0.198659
0.112760
0.112760
0.046956
0.046956
0.102361
0.102361
0.082788
0.082788
0.101776
0.101776
0.197189
0.197189
0.034133
0.034133
0.114925
0.114925
0.068830
0.068830
0.069874
0.069874
0.099003
0.099003
0.177461
0.177461
0.240840
0.240840
0.156990
0.156990
0.147745
0.147745
0.071627
0.071627
0.106127
0.106127
0.121320
0.121320
0.127218
0.127218
0.078683
0.078683
0.137510
0.137510
0.075432
0.075432
0.123662
0.123662
0.047187
0.047187
0.223141
0.223141
0.069599
0.069599
0.090937
0.090937
0.052517
0.052517
0.329245
0.329245
0.162098
0.162098
0.111474
0.111474
0.104230
0.104230
0.132198
0.132198
0.091495
0.091495
0.125816
0.125816
0.225848
0.225848
0.158673
0.158673
0.156031
0.156031
0.211450
0.211450
0.082765
0.082765
0.082679
0.082679
0.167367
0.167367
0.132189
0.132189
0.153370
0.153370
0.123504
0.123504
0.124679
0.124679
0.068408
0.068408
0.272684
0.272684
0.077625
0.077625
0.211632
0.211632
0.166553
0.166553
0.088750
0.088750
0.095297
0.095297
0.127388
0.127388
0.087360
0.087360
0.116398
0.116398
0.213172
0.213172
0.309291
0.309291
0.059045
0.059045
0.088891
0.088891
0.174445
0.174445
0.056817
0.056817
0.179270
0.179270
0.260230
0.260230
0.051465
0.051465
0.115477
0.115477
0.133100
0.133100
0.133745
0.133745
0.051295
0.051295
0.203854
0.203854
0.063216
0.063216
0.132050
0.132050
0.216195
0.216195
0.112819
0.112819
0.149484
0.149484
0.255713
0.255713
0.239734
0.239734
0.152013
0.152013
0.090351
0.090351
0.069177
0.069177
0.165853
0.165853
0.173352
0.173352
0.136947
0.136947
0.141625
0.141625
0.113259
0.113259
0.106148
0.106148
0.208034
0.208034
0.189657
0.189657
0.082329
0.082329
0.070572
0.070572
0.322038
0.322038
0.092915
0.092915
0.114308
0.114308
0.096871
0.096871
0.166642
0.166642
0.177050
0.177050
0.055056
0.055056
0.361582
0.361582
0.163815
0.163815
0.070674
0.070674
0.169387
0.169387
0.072259
0.072259
0.230714
0.230714
0.160237
0.160237
0.150177
0.150177
0.082051
0.082051
0.167764
0.167764
0.104034
0.104034
0.204945
0.204945
0.062669
0.062669
0.064030
0.064030
0.066268
0.066268
0.113336
0.113336
0.428275
0.428275
0.150958
0.150958
0.095795
0.095795
0.109769
0.109769
0.074051
0.074051
0.098620
0.098620
0.204478
0.204478
0.096228
0.096228
0.400605
0.400605
0.216713
0.216713
0.148678
0.148678
0.168385
0.168385
0.099182
0.099182
0.120531
0.120531
0.160217
0.160217
0.125035
0.125035
0.128646
0.128646
0.089957
0.089957
0.163102
0.163102
0.144609
0.144609
0.247229
0.247229
0.081886
0.081886
0.167387
0.167387
0.130397
0.130397
0.179398
0.179398
0.101508
0.101508
0.218142
0.218142
0.281766
0.281766
0.454522
0.454522
0.061430
0.061430
0.136096
0.136096
0.083133
0.083133
0.255387
0.255387
0.036898
0.036898
0.231657
0.231657
0.059666
0.059666
0.067692
0.067692
0.074319
0.074319
0.085815
0.085815
0.122933
0.122933
0.259516
0.259516
0.075075
0.075075
0.059710
0.059710
0.090109
0.090109
0.433517
0.433517
0.070060
0.070060
0.179999
0.179999
0.092443
0.092443
0.135953
0.135953
0.075927
0.075927
0.250323
0.250323
0.282522
0.282522
0.144174
0.144174
0.191122
0.191122
0.093174
0.093174
0.121208
0.121208
0.111858
0.111858
0.115761
0.115761
0.109192
0.109192
0.219167
0.219167
0.100943
0.100943
0.097830
0.097830
0.276306
0.276306
0.142006
0.142006
0.118716
0.118716
0.029048
0.029048
0.132732
0.132732
0.110750
0.110750
0.222574
0.222574
0.084391
0.084391
0.053763
0.053763
0.126163
0.126163
0.073289
0.073289
0.100976
0.100976
0.342387
0.342387
0.150587
0.150587
0.372122
0.372122
0.178698
0.178698
0.038726
0.038726
0.053272
0.053272
0.253624
0.253624
0.176394
0.176394
0.093263
0.093263
0.092552
0.092552
0.071626
0.071626
0.240299
0.240299
0.176339
0.176339
0.105238
0.105238
0.053856
0.053856
0.219743
0.219743
0.166679
0.166679
0.176950
0.176950
0.187426
0.187426
0.070017
0.070017
0.306651
0.306651
0.053686
0.053686
0.097293
0.097293
0.236478
0.236478
0.040461
0.040461
0.110099
0.110099
0.185683
0.185683
0.174856
0.174856
0.155013
0.155013
0.171179
0.171179
0.099218
0.099218
0.197949
0.197949
0.310042
0.310042
0.046103
0.046103
0.040484
0.040484
0.173758
0.173758
0.280843
0.280843
0.166712
0.166712
0.102108
0.102108
0.198065
0.198065
0.218891
0.218891
0.418199
0.418199
0.195409
0.195409
0.138391
0.138391
0.090495
0.090495
0.090600
0.090600
0.131914
0.131914
0.101069
0.101069
0.288179
0.288179
0.101406
0.101406
0.138576
0.138576
0.175518
0.175518
0.193763
0.193763
0.071312
0.071312
0.149179
0.149179
0.111827
0.111827
0.128399
0.128399
0.132518
0.132518
0.101571
0.101571
0.130674
0.130674
0.308714
0.308714
0.130546
0.130546
0.050516
0.050516
0.102500
0.102500
0.138916
0.138916
0.085250
0.085250
0.075240
0.075240
0.094296
0.094296
0.165911
0.165911
0.063615
0.063615
0.110924
0.110924
0.110788
0.110788
0.281996
0.281996
0.131753
0.131753
0.227642
0.227642
0.233693
0.233693
0.090095
0.090095
0.119743
0.119743
0.160112
0.160112
0.061399
0.061399
0.069404
0.069404
0.148914
0.148914
0.047797
0.047797
0.058607
0.058607
0.058774
0.058774
0.414537
0.414537
0.109472
0.109472
0.105293
0.105293
0.279634
0.279634
0.090864
0.090864
0.149263
0.149263
0.074513
0.074513
0.102676
0.102676
0.086554
0.086554
0.057961
0.057961
0.270117
0.270117
0.312049
0.312049
0.178375
0.178375
0.074286
0.074286
0.117014
0.117014
0.057092
0.057092
0.170227
0.170227
0.161878
0.161878
0.190593
0.190593
0.263444
0.263444
0.057888
0.057888
0.309450
0.309450
0.064358
0.064358
0.138321
0.138321
0.092732
0.092732
0.099576
0.099576
0.111327
0.111327
0.216263
0.216263
0.068727
0.068727
0.139547
0.139547
0.142738
0.142738
0.197027
0.197027
0.139562
0.139562
0.086853
0.086853
0.182553
0.182553
0.142287
0.142287
0.065955
0.065955
0.208204
0.208204
0.162460
0.162460
0.267609
0.267609
0.035432
0.035432
0.131387
0.131387
0.049291
0.049291
0.165150
0.165150
0.088122
0.088122
0.126259
0.126259
0.259769
0.259769
0.080122
0.080122
0.063061
0.063061
0.124004
0.124004
0.130115
0.130115
0.146617
0.146617
0.105106
0.105106
0.092298
0.092298
0.132787
0.132787
0.192677
0.192677
0.064552
0.064552
0.229522
0.229522
0.169337
0.169337
0.112815
0.112815
0.156715
0.156715
0.147034
0.147034
0.062750
0.062750
0.156382
0.156382
0.190146
0.190146
0.123284
0.123284
0.041147
0.041147
0.180737
0.180737
0.120941
0.120941
0.125516
0.125516
0.104307
0.104307
0.117906
0.117906
0.088558
0.088558
0.164184
0.164184
0.064344
0.064344
0.053998
0.053998
0.118106
0.118106
0.173084
0.173084
0.311485
0.311485
0.170217
0.170217
0.212623
0.212623
0.096478
0.096478
0.164818
0.164818
0.061995
0.061995
0.151228
0.151228
0.136229
0.136229
0.138165
0.138165
0.045905
0.045905
0.158424
0.158424
0.064344
0.064344
0.125587
0.125587
0.147279
0.147279
0.155603
0.155603
0.301952
0.301952
0.205668
0.205668
0.056924
0.056924
0.158822
0.158822
0.092775
0.092775
0.247583
0.247583
0.052124
0.052124
0.139151
0.139151
0.095746
0.095746
0.117994
0.117994
0.319508
0.319508
0.059703
0.059703
0.188748
0.188748
0.052982
0.052982
0.228489
0.228489
0.238304
0.238304
0.168683
0.168683
0.131997
0.131997
0.396098
0.396098
0.115494
0.115494
0.134574
0.134574
0.090002
0.090002
0.062508
0.062508
0.141481
0.141481
0.160468
0.160468
0.118271
0.118271
0.039706
0.039706
0.122237
0.122237
0.173893
0.173893
0.147703
0.147703
0.144747
0.144747
0.092916
0.092916
0.218971
0.218971
0.195858
0.195858
0.093613
0.093613
0.177939
0.177939
0.044210
0.044210
0.100689
0.100689
0.169388
0.169388
0.202608
0.202608
0.199068
0.199068
0.180251
0.180251
0.288127
0.288127
0.062386
0.062386
0.246877
0.246877
0.161377
0.161377
0.140601
0.140601
0.060770
0.060770
0.108940
0.108940
0.075543
0.075543
0.136758
0.136758
0.152402
0.152402
0.118957
0.118957
0.073267
0.073267
0.113621
0.113621
0.243580
0.243580
0.269662
0.269662
0.088238
0.088238
0.165302
0.165302
0.188511
0.188511
0.150704
0.150704
0.146845
0.146845
0.158219
0.158219
0.132706
0.132706
0.223944
0.223944
0.209320
0.209320
0.104083
0.104083
0.243118
0.243118
0.197523
0.197523
0.101718
0.101718
0.110678
0.110678
0.070157
0.070157
0.261536
0.261536
0.107611
0.107611
0.164041
0.164041
0.164205
0.164205
0.190569
0.190569
0.050602
0.050602
0.070723
0.070723
0.141105
0.141105
0.218620
0.218620
0.076697
0.076697
0.216012
0.216012
0.157319
0.157319
0.088323
0.088323
0.096249
0.096249
0.074936
0.074936
0.072253
0.072253
0.099865
0.099865
0.210638
0.210638
0.378381
0.378381
0.107475
0.107475
0.167351
0.167351
0.195086
0.195086
0.191861
0.191861
0.085663
0.085663
0.079039
0.079039
0.198942
0.198942
0.057006
0.057006
0.127370
0.127370
0.100652
0.100652
0.172740
0.172740
0.063029
0.063029
0.103903
0.103903
0.096274
0.096274
0.067526
0.067526
0.066179
0.066179
0.161071
0.161071
0.199063
0.199063
0.201957
0.201957
0.191293
0.191293
0.081312
0.081312
0.370180
0.370180
0.099380
0.099380
0.048354
0.048354
0.043990
0.043990
0.160093
0.160093
0.185120
0.185120
0.132015
0.132015
0.054862
0.054862
0.081569
0.081569
0.184755
0.184755
0.046730
0.046730
0.112548
0.112548
0.134026
0.134026
0.062166
0.062166
0.091921
0.091921
0.192661
0.192661
0.142310
0.142310
0.115598
0.115598
0.157635
0.157635
0.132654
0.132654
0.073927
0.073927
0.123068
0.123068
0.166210
0.166210
0.084258
0.084258
0.045614
0.045614
0.138040
0.138040
0.052735
0.052735
0.146433
0.146433
0.129678
0.129678
0.066833
0.066833
0.308454
0.308454
0.306864
0.306864
0.068858
0.068858
0.233184
0.233184
0.166834
0.166834
0.553847
0.553847
0.202830
0.202830
0.167755
0.167755
0.127146
0.127146
0.332681
0.332681
0.226353
0.226353
0.131771
0.131771
0.072251
0.072251
0.255740
0.255740
0.303845
0.303845
0.295304
0.295304
0.106071
0.106071
0.124385
0.124385
0.246102
0.246102
0.040812
0.040812
0.066556
0.066556
0.040588
0.040588
0.171424
0.171424
0.110330
0.110330
0.095025
0.095025
0.050711
0.050711
0.124590
0.124590
0.134987
0.134987
0.221438
0.221438
0.173136
0.173136
0.054989
0.054989
0.084517
0.084517
0.260727
0.260727
0.049836
0.049836
0.125311
0.125311
0.152818
0.152818
0.212837
0.212837
0.122379
0.122379
0.146024
0.146024
0.058448
0.058448
0.095638
0.095638
0.128296
0.128296
0.055770
0.055770
0.410822
0.410822
0.132279
0.132279
0.303888
0.303888
0.090399
0.090399
0.122361
0.122361
0.092763
0.092763
0.094804
0.094804
0.131791
0.131791
0.180405
0.180405
0.257202
0.257202
0.229358
0.229358
0.084222
0.084222
0.168707
0.168707
0.174436
0.174436
0.115622
0.115622
0.280374
0.280374
0.211173
0.211173
0.075053
0.075053
0.074829
0.074829
0.111493
0.111493
0.105270
0.105270
0.107508
0.107508
0.128274
0.128274
0.060340
0.060340
0.270825
0.270825
0.083377
0.083377
0.111648
0.111648
0.210179
0.210179
0.183321
0.183321
0.045634
0.045634
0.066479
0.066479
0.123450
0.123450
0.301788
0.301788
0.079309
0.079309
0.124015
0.124015
0.065225
0.065225
0.115622
0.115622
0.219927
0.219927
0.171184
0.171184
0.025424
0.025424
0.064914
0.064914
0.141517
0.141517
0.146607
0.146607
0.100099
0.100099
0.151419
0.151419
0.180185
0.180185
0.110344
0.110344
0.131158
0.131158
0.131786
0.131786
0.100821
0.100821
0.116530
0.116530
0.107153
0.107153
0.181732
0.181732
0.072734
0.072734
0.111208
0.111208
0.079486
0.079486
0.084191
0.084191
0.114448
0.114448
0.075129
0.075129
0.151372
0.151372
0.118262
0.118262
0.144313
0.144313
0.151856
0.151856
0.081411
0.081411
0.148820
0.148820
0.341711
0.341711
0.058505
0.058505
0.203826
0.203826
0.218555
0.218555
0.110623
0.110623
0.092012
0.092012
0.136915
0.136915
0.155178
0.155178
0.094859
0.094859
0.104993
0.104993
0.089671
0.089671
0.132632
0.132632
0.089819
0.089819
0.064860
0.064860
0.175910
0.175910
0.130902
0.130902
0.066656
0.066656
0.169080
0.169080
0.138609
0.138609
0.235480
0.235480
0.217189
0.217189
0.244129
0.244129
0.076190
0.076190
0.078689
0.078689
0.163425
0.163425
0.079736
0.079736
0.127478
0.127478
0.071290
0.071290
0.059080
0.059080
0.059619
0.059619
0.053556
0.053556
0.186544
0.186544
0.095048
0.095048
0.079550
0.079550
0.177921
0.177921
0.112218
0.112218
0.266274
0.266274
0.057380
0.057380
0.136115
0.136115
0.120919
0.120919
0.135209
0.135209
0.102696
0.102696
0.047620
0.047620
0.211201
0.211201
0.149848
0.149848
0.234025
0.234025
0.113378
0.113378
0.109535
0.109535
0.300443
0.300443
0.142712
0.142712
0.160256
0.160256
0.061929
0.061929
0.085133
0.085133
0.180069
0.180069
0.060618
0.060618
0.196624
0.196624
0.069781
0.069781
0.116276
0.116276
0.120980
0.120980
0.183080
0.183080
0.142713
0.142713
0.255814
0.255814
0.121461
0.121461
0.073315
0.073315
0.059063
0.059063
0.209192
0.209192
0.233303
0.233303
0.290761
0.290761
0.060785
0.060785
0.215115
0.215115
0.172488
0.172488
0.080445
0.080445
0.049309
0.049309
0.200589
0.200589
0.045787
0.045787
0.099693
0.099693
0.074963
0.074963
0.162525
0.162525
0.153913
0.153913
0.275794
0.275794
0.114716
0.114716
0.049655
0.049655
0.095244
0.095244
0.306762
0.306762
0.048548
0.048548
0.188340
0.188340
0.140293
0.140293
0.117975
0.117975
0.166856
0.166856
0.114133
0.114133
0.113338
0.113338
0.115518
0.115518
0.093311
0.093311
0.166422
0.166422
0.118555
0.118555
0.093287
0.093287
0.164892
0.164892
0.118439
0.118439
0.128144
0.128144
0.056857
0.056857
0.336599
0.336599
0.024998
0.024998
0.109587
0.109587
0.183642
0.183642
0.248184
0.248184
0.084461
0.084461
0.159050
0.159050
0.241710
0.241710
0.139066
0.139066
0.054918
0.054918
0.124394
0.124394
0.168022
0.168022
0.115476
0.115476
0.122959
0.122959
0.071702
0.071702
0.232056
0.232056
0.068799
0.068799
0.120458
0.120458
0.065503
0.065503
0.147796
0.147796
0.184340
0.184340
0.149952
0.149952
0.339182
0.339182
0.049736
0.049736
0.131260
0.131260
0.090385
0.090385
0.190565
0.190565
0.397305
0.397305
0.241596
0.241596
0.090167
0.090167
0.071562
0.071562
0.071758
0.071758
0.097843
0.097843
0.054654
0.054654
0.239995
0.239995
0.109220
0.109220
0.169031
0.169031
0.169140
0.169140
0.300359
0.300359
0.067607
0.067607
0.125164
0.125164
0.150826
0.150826
0.184623
0.184623
0.085006
0.085006
0.039583
0.039583
0.077906
0.077906
0.207019
0.207019
0.097586
0.097586
0.411269
0.411269
0.131388
0.131388
0.073528
0.073528
0.061190
0.061190
0.127633
0.127633
0.170937
0.170937
0.128639
0.128639
0.067269
0.067269
0.077801
0.077801
0.154755
0.154755
0.134898
0.134898
0.219933
0.219933
0.081436
0.081436
0.109824
0.109824
0.133276
0.133276
0.154170
0.154170
0.081480
0.081480
0.215248
0.215248
0.112008
0.112008
0.109927
0.109927
0.178145
0.178145
0.410554
0.410554
0.074071
0.074071
0.150981
0.150981
0.277681
0.277681
0.079381
0.079381
0.129847
0.129847
0.386125
0.386125
0.181644
0.181644
0.113113
0.113113
0.121798
0.121798
0.140170
0.140170
0.297154
0.297154
0.119414
0.119414
0.198443
0.198443
0.105934
0.105934
0.098582
0.098582
0.077109
0.077109
0.209560
0.209560
0.110329
0.110329
0.053011
0.053011
0.067735
0.067735
0.043211
0.043211
0.263602
0.263602
0.155111
0.155111
0.078657
0.078657
0.125785
0.125785
0.129594
0.129594
0.166174
0.166174
0.079553
0.079553
0.075169
0.075169
0.091799
0.091799
0.181129
0.181129
0.101601
0.101601
0.046727
0.046727
0.114344
0.114344
0.044260
0.044260
0.185394
0.185394
0.109085
0.109085
0.488307
0.488307
0.090113
0.090113
0.111458
0.111458
0.149532
0.149532
0.172394
0.172394
0.151881
0.151881
0.125011
0.125011
0.156122
0.156122
0.056562
0.056562
0.314277
0.314277
0.080530
0.080530
0.044194
0.044194
0.098292
0.098292
0.161813
0.161813
0.086134
0.086134
0.207974
0.207974
0.145418
0.145418
0.080629
0.080629
0.130233
0.130233
0.108927
0.108927
0.128060
0.128060
0.094067
0.094067
0.113578
0.113578
0.138443
0.138443
0.074117
0.074117
0.245779
0.245779
0.112659
0.112659
0.022641
0.022641
0.077142
0.077142
0.045437
0.045437
0.347189
0.347189
0.181253
0.181253
0.139572
0.139572
0.234173
0.234173
0.035006
0.035006
0.280302
0.280302
0.098123
0.098123
0.210566
0.210566
0.144266
0.144266
0.060979
0.060979
0.122429
0.122429
0.180121
0.180121
0.118139
0.118139
0.115932
0.115932
0.229080
0.229080
0.034305
0.034305
0.131675
0.131675
0.127569
0.127569
0.065109
0.065109
0.039816
0.039816
0.109356
0.109356
0.123931
0.123931
0.297902
0.297902
0.202886
0.202886
0.101635
0.101635
0.074852
0.074852
0.066605
0.066605
0.055979
0.055979
0.082751
0.082751
0.153191
0.153191
0.141780
0.141780
0.113814
0.113814
0.109898
0.109898
0.131560
0.131560
0.234668
0.234668
0.104626
0.104626
0.133816
0.133816
0.164594
0.164594
0.177036
0.177036
0.195305
0.195305
0.078184
0.078184
0.188821
0.188821
0.126693
0.126693
0.037791
0.037791
0.325390
0.325390
0.165162
0.165162
0.050301
0.050301
0.126141
0.126141
0.220080
0.220080
0.080627
0.080627
0.155048
0.155048
0.256225
0.256225
0.081170
0.081170
0.170445
0.170445
0.113562
0.113562
0.098742
0.098742
0.168078
0.168078
0.094725
0.094725
0.262462
0.262462
0.209799
0.209799
0.174032
0.174032
0.082420
0.082420
0.148767
0.148767
0.051881
0.051881
0.087492
0.087492
0.076187
0.076187
0.090987
0.090987
0.122147
0.122147
0.174597
0.174597
0.090093
0.090093
0.292617
0.292617
0.113497
0.113497
0.214156
0.214156
0.081883
0.081883
0.074018
0.074018
0.166555
0.166555
0.173516
0.173516
0.124808
0.124808
0.233857
0.233857
0.344485
0.344485
0.069744
0.069744
0.097441
0.097441
0.305835
0.305835
0.056498
0.056498
0.168310
0.168310
0.112737
0.112737
0.074373
0.074373
0.098272
0.098272
0.137440
0.137440
0.081614
0.081614
0.672068
0.672068
0.067393
0.067393
0.361372
0.361372
0.078465
0.078465
0.199301
0.199301
0.053437
0.053437
0.152830
0.152830
0.113147
0.113147
0.167405
0.167405
0.136276
0.136276
0.208947
0.208947
0.117552
0.117552
0.286754
0.286754
0.148998
0.148998
0.193695
0.193695
0.080907
0.080907
0.091143
0.091143
0.210868
0.210868
0.134186
0.134186
0.106409
0.106409
0.100171
0.100171
0.043673
0.043673
0.094185
0.094185
0.079847
0.079847
0.055363
0.055363
0.168970
0.168970
0.144888
0.144888
0.057063
0.057063
0.290835
0.290835
0.171816
0.171816
0.155564
0.155564
0.080007
0.080007
0.125801
0.125801
0.120018
0.120018
0.038725
0.038725
0.148228
0.148228
0.169768
0.169768
0.140257
0.140257
0.216921
0.216921
0.037256
0.037256
0.510040
0.510040
0.125835
0.125835
0.094601
0.094601
0.180352
0.180352
0.054909
0.054909
0.212091
0.212091
0.204981
0.204981
0.114075
0.114075
0.073486
0.073486
0.160686
0.160686
0.359913
0.359913
0.092502
0.092502
0.079287
0.079287
0.161067
0.161067
0.121067
0.121067
0.082710
0.082710
0.110069
0.110069
0.055323
0.055323
0.077258
0.077258
0.105361
0.105361
0.070132
0.070132
0.103576
0.103576
0.239998
0.239998
0.148192
0.148192
0.115020
0.115020
0.155309
0.155309
0.231932
0.231932
0.139857
0.139857
0.132136
0.132136
0.064750
0.064750
0.064715
0.064715
0.068757
0.068757
0.208913
0.208913
0.114600
0.114600
0.060175
0.060175
0.124077
0.124077
0.112293
0.112293
0.042219
0.042219
0.070336
0.070336
0.044523
0.044523
0.194836
0.194836
0.083342
0.083342
0.154059
0.154059
0.105179
0.105179
0.046357
0.046357
0.198355
0.198355
0.075892
0.075892
0.330048
0.330048
0.097356
0.097356
0.288810
0.288810
0.170574
0.170574
0.115037
0.115037
0.099528
0.099528
0.108346
0.108346
0.066993
0.066993
0.259681
0.259681
0.266217
0.266217
0.241353
0.241353
0.206988
0.206988
0.044846
0.044846
0.110678
0.110678
0.211151
0.211151
0.104857
0.104857
0.159743
0.159743
0.196326
0.196326
0.174408
0.174408
0.132615
0.132615
0.121498
0.121498
0.097164
0.097164
0.052129
0.052129
0.067104
0.067104
0.199777
0.199777
0.121582
0.121582
0.053056
0.053056
0.104872
0.104872
0.121328
0.121328
0.111653
0.111653
0.053269
0.053269
0.100223
0.100223
0.091579
0.091579
0.108595
0.108595
0.138994
0.138994
0.390837
0.390837
0.071071
0.071071
0.224251
0.224251
0.056464
0.056464
0.038862
0.038862
0.091036
0.091036
0.389188
0.389188
0.098956
0.098956
0.114559
0.114559
0.132269
0.132269
0.067650
0.067650
0.156599
0.156599
0.037240
0.037240
0.038116
0.038116
0.237700
0.237700
0.085928
0.085928
0.117204
0.117204
0.042656
0.042656
0.086132
0.086132
0.222479
0.222479
0.089073
0.089073
0.100667
0.100667
0.149021
0.149021
0.360493
0.360493
0.203554
0.203554
0.329504
0.329504
0.150836
0.150836
0.069232
0.069232
0.123669
0.123669
0.245580
0.245580
0.108236
0.108236
0.181690
0.181690
0.112011
0.112011
0.135189
0.135189
0.151863
0.151863
0.113037
0.113037
0.167795
0.167795
0.097613
0.097613
0.076446
0.076446
0.120095
0.120095
0.074313
0.074313
0.052571
0.052571
0.283007
0.283007
0.087993
0.087993
0.159477
0.159477
0.223607
0.223607
0.170200
0.170200
0.068860
0.068860
0.070501
0.070501
0.066043
0.066043
0.300914
0.300914
0.060529
0.060529
0.202039
0.202039
0.187724
0.187724
0.301939
0.301939
0.112331
0.112331
0.409451
0.409451
0.374785
0.374785
0.115375
0.115375
0.115349
0.115349
0.068590
0.068590
0.105005
0.105005
0.285331
0.285331
0.096088
0.096088
0.249401
0.249401
0.133998
0.133998
0.099892
0.099892
0.199035
0.199035
0.122587
0.122587
0.350890
0.350890
0.139063
0.139063
0.162306
0.162306
0.206703
0.206703
0.172668
0.172668
0.088442
0.088442
0.072900
0.072900
0.147165
0.147165
0.051033
0.051033
0.133834
0.133834
0.064988
0.064988
0.448362
0.448362
0.261071
0.261071
0.121989
0.121989
0.101863
0.101863
0.156379
0.156379
0.096224
0.096224
0.175819
0.175819
0.115752
0.115752
0.065096
0.065096
0.148536
0.148536
0.120725
0.120725
0.045017
0.045017
0.110208
0.110208
0.058346
0.058346
0.041413
0.041413
0.088223
0.088223
0.139049
0.139049
0.145073
0.145073
0.088642
0.088642
0.151840
0.151840
0.151990
0.151990
0.113165
0.113165
0.030326
0.030326
0.404311
0.404311
0.157001
0.157001
0.055933
0.055933
0.215612
0.215612
0.103511
0.103511
0.115040
0.115040
0.122088
0.122088
0.055886
0.055886
0.229364
0.229364
0.066989
0.066989
0.050850
0.050850
0.154097
0.154097
0.082163
0.082163
0.186939
0.186939
0.126615
0.126615
0.073493
0.073493
0.335165
0.335165
0.136379
0.136379
0.043068
0.043068
0.063232
0.063232
0.110207
0.110207
0.213376
0.213376
0.225806
0.225806
0.063649
0.063649
0.051533
0.051533
0.365058
0.365058
0.261046
0.261046
0.028393
0.028393
0.143410
0.143410
0.112693
0.112693
0.070934
0.070934
0.074608
0.074608
0.043209
0.043209
0.079386
0.079386
0.185206
0.185206
0.155668
0.155668
0.364758
0.364758
0.145348
0.145348
0.195969
0.195969
0.165622
0.165622
0.116126
0.116126
0.098739
0.098739
0.193701
0.193701
0.080616
0.080616
0.053015
0.053015
0.092052
0.092052
0.209196
0.209196
0.073415
0.073415
0.259652
0.259652
0.057865
0.057865
0.124091
0.124091
0.181392
0.181392
0.035139
0.035139
0.271464
0.271464
0.107096
0.107096
0.053715
0.053715
0.034379
0.034379
0.134552
0.134552
0.137477
0.137477
0.181659
0.181659
0.088094
0.088094
0.172758
0.172758
0.058160
0.058160
0.063021
0.063021
0.064958
0.064958
0.172409
0.172409
0.052904
0.052904
0.222971
0.222971
0.042980
0.042980
0.188193
0.188193
0.167527
0.167527
0.068151
0.068151
0.273942
0.273942
0.230129
0.230129
0.063366
0.063366
0.103590
0.103590
0.079544
0.079544
0.119669
0.119669
0.086490
0.086490
0.144087
0.144087
0.146179
0.146179
0.120456
0.120456
0.134728
0.134728
0.091199
0.091199
0.050309
0.050309
0.082471
0.082471
0.116315
0.116315
0.333156
0.333156
0.087759
0.087759
0.100229
0.100229
0.149264
0.149264
0.213246
0.213246
0.266173
0.266173
0.139790
0.139790
0.182458
0.182458
0.041519
0.041519
0.137712
0.137712
0.214278
0.214278
0.066497
0.066497
0.156566
0.156566
0.160908
0.160908
0.165689
0.165689
0.130943
0.130943
0.126534
0.126534
0.159575
0.159575
0.122997
0.122997
0.156526
0.156526
0.076308
0.076308
0.089512
0.089512
0.124349
0.124349
0.147846
0.147846
0.078099
0.078099
0.051072
0.051072
0.056224
0.056224
0.072439
0.072439
0.114269
0.114269
0.089191
0.089191
0.077693
0.077693
0.211367
0.211367
0.217809
0.217809
0.090505
0.090505
0.058100
0.058100
0.182807
0.182807
0.134075
0.134075
0.199686
0.199686
0.118104
0.118104
0.098530
0.098530
0.167136
0.167136
0.085756
0.085756
0.221149
0.221149
0.101074
0.101074
0.214013
0.214013
0.160048
0.160048
0.114644
0.114644
0.116444
0.116444
0.216302
0.216302
0.097820
0.097820
0.138802
0.138802
0.060231
0.060231
0.071906
0.071906
0.090003
0.090003
0.129674
0.129674
0.186269
0.186269
0.059973
0.059973
0.286145
0.286145
0.171290
0.171290
0.179697
0.179697
0.135243
0.135243
0.060826
0.060826
0.079149
0.079149
0.107602
0.107602
0.124036
0.124036
0.098361
0.098361
0.117919
0.117919
0.288096
0.288096
0.101470
0.101470
0.193032
0.193032
0.138964
0.138964
0.128365
0.128365
0.064031
0.064031
0.081904
0.081904
0.094171
0.094171
0.135386
0.135386
0.042077
0.042077
0.308366
0.308366
0.228663
0.228663
0.119019
0.119019
0.133476
0.133476
0.142077
0.142077
0.093280
0.093280
0.215846
0.215846
0.137536
0.137536
0.230357
0.230357
0.193243
0.193243
0.072053
0.072053
0.381209
0.381209
0.079171
0.079171
0.121616
0.121616
0.178586
0.178586
0.041507
0.041507
0.115641
0.115641
0.186407
0.186407
0.132521
0.132521
0.106848
0.106848
0.173418
0.173418
0.238866
0.238866
0.145254
0.145254
0.230552
0.230552
0.189983
0.189983
0.053664
0.053664
0.206574
0.206574
0.074545
0.074545
0.042913
0.042913
0.165702
0.165702
0.077404
0.077404
0.135394
0.135394
0.113480
0.113480
0.419492
0.419492
0.092179
0.092179
0.178161
0.178161
0.063420
0.063420
0.326875
0.326875
0.063002
0.063002
0.143128
0.143128
0.189523
0.189523
0.086225
0.086225
0.092246
0.092246
0.108952
0.108952
0.053271
0.053271
0.077311
0.077311
0.187568
0.187568
0.040778
0.040778
0.130494
0.130494
0.129593
0.129593
0.094823
0.094823
0.042221
0.042221
0.040798
0.040798
0.058963
0.058963
0.066132
0.066132
0.162725
0.162725
0.229034
0.229034
0.161064
0.161064
0.077672
0.077672
0.275699
0.275699
0.182937
0.182937
0.067544
0.067544
0.040703
0.040703
0.128157
0.128157
0.109238
0.109238
0.049657
0.049657
0.348514
0.348514
0.106068
0.106068
0.198463
0.198463
0.141895
0.141895
0.129232
0.129232
0.067926
0.067926
0.141483
0.141483
0.090339
0.090339
0.173679
0.173679
0.139129
0.139129
0.088314
0.088314
0.087417
0.087417
0.097960
0.097960
0.181600
0.181600
0.042577
0.042577
0.132845
0.132845
0.107484
0.107484
0.074715
0.074715
0.046669
0.046669
0.211847
0.211847
0.072607
0.072607
0.213950
0.213950
0.180459
0.180459
0.169016
0.169016
0.055241
0.055241
0.097843
0.097843
0.208616
0.208616
0.090535
0.090535
0.057767
0.057767
0.092986
0.092986
0.125443
0.125443
0.192323
0.192323
0.191489
0.191489
0.096370
0.096370
0.071809
0.071809
0.102717
0.102717
0.184358
0.184358
0.074801
0.074801
0.158175
0.158175
0.200103
0.200103
0.149958
0.149958
0.269413
0.269413
0.149564
0.149564
0.258451
0.258451
0.079149
0.079149
0.066133
0.066133
0.072074
0.072074
0.359316
0.359316
0.175591
0.175591
0.047255
0.047255
0.083627
0.083627
0.083817
0.083817
0.047057
0.047057
0.054387
0.054387
0.178214
0.178214
0.078065
0.078065
0.092271
0.092271
0.214046
0.214046
0.058390
0.058390
0.245802
0.245802
0.132431
0.132431
0.216564
0.216564
0.119733
0.119733
0.050728
0.050728
0.160264
0.160264
0.101086
0.101086
0.110719
0.110719
0.144190
0.144190
0.226781
0.226781
0.189257
0.189257
0.091524
0.091524
0.057367
0.057367
0.203662
0.203662
0.070272
0.070272
0.086048
0.086048
0.124405
0.124405
0.416444
0.416444
0.126745
0.126745
0.265317
0.265317
0.187043
0.187043
0.171961
0.171961
0.082169
0.082169
0.218873
0.218873
0.104711
0.104711
0.117314
0.117314
0.211923
0.211923
0.232091
0.232091
0.055182
0.055182
0.102234
0.102234
0.082578
0.082578
0.290813
0.290813
0.267361
0.267361
0.178080
0.178080
0.159642
0.159642
0.086526
0.086526
0.069238
0.069238
0.116869
0.116869
0.158232
0.158232
0.277421
0.277421
0.043819
0.043819
0.123304
0.123304
0.087452
0.087452
0.157811
0.157811
0.099255
0.099255
0.150960
0.150960
0.161210
0.161210
0.042595
0.042595
0.161991
0.161991
0.058997
0.058997
0.080611
0.080611
0.114541
0.114541
0.063024
0.063024
0.135255
0.135255
0.062246
0.062246
0.099518
0.099518
0.099009
0.099009
0.055498
0.055498
0.396746
0.396746
0.255296
0.255296
0.144643
0.144643
0.117596
0.117596
0.211687
0.211687
0.122882
0.122882
0.245831
0.245831
0.050359
0.050359
0.192666
0.192666
0.049397
0.049397
0.115652
0.115652
0.170506
0.170506
0.031038
0.031038
0.239095
0.239095
0.156772
0.156772
0.092220
0.092220
0.091269
0.091269
0.340391
0.340391
0.158107
0.158107
0.117227
0.117227
0.216213
0.216213
0.125180
0.125180
0.162704
0.162704
0.149938
0.149938
0.041679
0.041679
0.138140
0.138140
0.172776
0.172776
0.131830
0.131830
0.160319
0.160319
0.070437
0.070437
0.283941
0.283941
0.114361
0.114361
0.121855
0.121855
0.042912
0.042912
0.121193
0.121193
0.097734
0.097734
0.044604
0.044604
0.210623
0.210623
0.152874
0.152874
0.294720
0.294720
0.076453
0.076453
0.122273
0.122273
0.107209
0.107209
0.071147
0.071147
0.217070
0.217070
0.145041
0.145041
0.128857
0.128857
0.120839
0.120839
0.230753
0.230753
0.138137
0.138137
0.103755
0.103755
0.132799
0.132799
0.099255
0.099255
0.051907
0.051907
0.141142
0.141142
0.056479
0.056479
0.164936
0.164936
0.293832
0.293832
0.072793
0.072793
0.209784
0.209784
0.138919
0.138919
0.103975
0.103975
0.159167
0.159167
0.060810
0.060810
0.222371
0.222371
0.153766
0.153766
0.167869
0.167869
0.169866
0.169866
0.371771
0.371771
0.074893
0.074893
0.185642
0.185642
0.193611
0.193611
0.115060
0.115060
0.124839
0.124839
0.251621
0.251621
0.107522
0.107522
0.216059
0.216059
0.033689
0.033689
0.153157
0.153157
0.098843
0.098843
0.140440
0.140440
0.153616
0.153616
0.120779
0.120779
0.132922
0.132922
0.077261
0.077261
0.206543
0.206543
0.121759
0.121759
0.154136
0.154136
0.099069
0.099069
0.339104
0.339104
0.056425
0.056425
0.179715
0.179715
0.095317
0.095317
0.188270
0.188270
0.124559
0.124559
0.157895
0.157895
0.090405
0.090405
0.032285
0.032285
0.068990
0.068990
0.166165
0.166165
0.181318
0.181318
0.083809
0.083809
0.100959
0.100959
0.219916
0.219916
0.045555
0.045555
0.094179
0.094179
0.104588
0.104588
0.208251
0.208251
0.133680
0.133680
0.085786
0.085786
0.135049
0.135049
0.106382
0.106382
0.212381
0.212381
0.231567
0.231567
0.071552
0.071552
0.228188
0.228188
0.048231
0.048231
0.098279
0.098279
0.137586
0.137586
0.181456
0.181456
0.059581
0.059581
0.069924
0.069924
0.167050
0.167050
0.079744
0.079744
0.049250
0.049250
0.191550
0.191550
0.053265
0.053265
0.143833
0.143833
0.076042
0.076042
0.086789
0.086789
0.209080
0.209080
0.071168
0.071168
0.058258
0.058258
0.237422
0.237422
0.087960
0.087960
0.081523
0.081523
0.108655
0.108655
0.154989
0.154989
0.101014
0.101014
0.044931
0.044931
0.122338
0.122338
0.155012
0.155012
0.111335
0.111335
0.077550
0.077550
0.102155
0.102155
0.159968
0.159968
0.098030
0.098030
0.043807
0.043807
0.120293
0.120293
0.182293
0.182293
0.152752
0.152752
0.356095
0.356095
0.169273
0.169273
0.142578
0.142578
0.145187
0.145187
0.073258
0.073258
0.048917
0.048917
0.264382
0.264382
0.098922
0.098922
0.108438
0.108438
0.059747
0.059747
0.089891
0.089891
0.250104
0.250104
0.052665
0.052665
0.151413
0.151413
0.089672
0.089672
0.076212
0.076212
0.334971
0.334971
0.068488
0.068488
0.147580
0.147580
0.187281
0.187281
0.090865
0.090865
0.225659
0.225659
0.111517
0.111517
0.078311
0.078311
0.113558
0.113558
0.120102
0.120102
0.078137
0.078137
0.175188
0.175188
0.072058
0.072058
0.132138
0.132138
0.108276
0.108276
0.192097
0.192097
0.153922
0.153922
0.267184
0.267184
0.093055
0.093055
0.066828
0.066828
0.149254
0.149254
0.076477
0.076477
0.359965
0.359965
0.119951
0.119951
0.081954
0.081954
0.101102
0.101102
0.174157
0.174157
0.085114
0.085114
0.111523
0.111523
0.083230
0.083230
0.212394
0.212394
0.222253
0.222253
0.145742
0.145742
0.083992
0.083992
0.057385
0.057385
0.179755
0.179755
0.049653
0.049653
0.143771
0.143771
0.195444
0.195444
0.095356
0.095356
0.083214
0.083214
0.080605
0.080605
0.147595
0.147595
0.148335
0.148335
0.102438
0.102438
0.050688
0.050688
0.321651
0.321651
0.192054
0.192054
0.205708
0.205708
0.088804
0.088804
0.076759
0.076759
0.201540
0.201540
0.032535
0.032535
0.168762
0.168762
0.141434
0.141434
0.203364
0.203364
0.128676
0.128676
0.152155
0.152155
0.086671
0.086671
0.148547
0.148547
0.295168
0.295168
0.058429
0.058429
0.150702
0.150702
0.162999
0.162999
0.071428
0.071428
0.182944
0.182944
0.039213
0.039213
0.038291
0.038291
0.227164
0.227164
0.187176
0.187176
0.172531
0.172531
0.245071
0.245071
0.118160
0.118160
0.094822
0.094822
0.104173
0.104173
0.093942
0.093942
0.204756
0.204756
0.069141
0.069141
0.126353
0.126353
0.092130
0.092130
0.099043
0.099043
0.094770
0.094770
0.075449
0.075449
0.125425
0.125425
0.123923
0.123923
0.421945
0.421945
0.118400
0.118400
0.051756
0.051756
0.052044
0.052044
0.115366
0.115366
0.148260
0.148260
0.175575
0.175575
0.054001
0.054001
0.051835
0.051835
0.141146
0.141146
0.084287
0.084287
0.319041
0.319041
0.132540
0.132540
0.097403
0.097403
0.065394
0.065394
0.070182
0.070182
0.198666
0.198666
0.095872
0.095872
0.100372
0.100372
0.119306
0.119306
0.068544
0.068544
0.087797
0.087797
0.196302
0.196302
0.427199
0.427199
0.069552
0.069552
0.192334
0.192334
0.280588
0.280588
0.184242
0.184242
0.094239
0.094239
0.140692
0.140692
0.118151
0.118151
0.093683
0.093683
0.257627
0.257627
0.344131
0.344131
0.176045
0.176045
0.228088
0.228088
0.112882
0.112882
0.068544
0.068544
0.140395
0.140395
0.059683
0.059683
0.154602
0.154602
0.142320
0.142320
0.140448
0.140448
0.133437
0.133437
0.223906
0.223906
0.062673
0.062673
0.105737
0.105737
0.086370
0.086370
0.065300
0.065300
0.083401
0.083401
0.179846
0.179846
0.134510
0.134510
0.106944
0.106944
0.040532
0.040532
0.095424
0.095424
0.191847
0.191847
0.081643
0.081643
0.039551
0.039551
0.065951
0.065951
0.098971
0.098971
0.306635
0.306635
0.142414
0.142414
0.061887
0.061887
0.107920
0.107920
0.253158
0.253158
0.113067
0.113067
0.044336
0.044336
0.237934
0.237934
0.089941
0.089941
0.036853
0.036853
0.074306
0.074306
0.107516
0.107516
0.079367
0.079367
0.085874
0.085874
0.215575
0.215575
0.219041
0.219041
0.271259
0.271259
0.198101
0.198101
0.069644
0.069644
0.108590
0.108590
0.069238
0.069238
0.042073
0.042073
0.267481
0.267481
0.125850
0.125850
0.073745
0.073745
0.211172
0.211172
0.124039
0.124039
0.156121
0.156121
0.142677
0.142677
0.412456
0.412456
0.186016
0.186016
0.072293
0.072293
0.082384
0.082384
0.124420
0.124420
0.074776
0.074776
0.083304
0.083304
0.163030
0.163030
0.135695
0.135695
0.094296
0.094296
0.025076
0.025076
0.207023
0.207023
0.174478
0.174478
0.226175
0.226175
0.128316
0.128316
0.037290
0.037290
0.053747
0.053747
0.400047
0.400047
0.070620
0.070620
0.183810
0.183810
0.094024
0.094024
0.095706
0.095706
0.077142
0.077142
0.096383
0.096383
0.168191
0.168191
0.068167
0.068167
0.182769
0.182769
0.178286
0.178286
0.242183
0.242183
0.038379
0.038379
0.069509
0.069509
0.081119
0.081119
0.126314
0.126314
0.174309
0.174309
0.071233
0.071233
0.174793
0.174793
0.070934
0.070934
0.130392
0.130392
0.140406
0.140406
0.231098
0.231098
0.048406
0.048406
0.099693
0.099693
0.260787
0.260787
0.198342
0.198342
0.132535
0.132535
0.128055
0.128055
0.210831
0.210831
0.140815
0.140815
0.154905
0.154905
0.068999
0.068999
0.117173
0.117173
0.045400
0.045400
0.190593
0.190593
0.427678
0.427678
0.072874
0.072874
0.203678
0.203678
0.153607
0.153607
0.081569
0.081569
0.237393
0.237393
0.180100
0.180100
0.056365
0.056365
0.052445
0.052445
0.148514
0.148514
0.133788
0.133788
0.134685
0.134685
0.029831
0.029831
0.116556
0.116556
0.083694
0.083694
0.097683
0.097683
0.091794
0.091794
0.135317
0.135317
0.234581
0.234581
0.096897
0.096897
0.442993
0.442993
0.135500
0.135500
0.133755
0.133755
0.172862
0.172862
0.137261
0.137261
0.154224
0.154224
0.269410
0.269410
0.444998
0.444998
0.036153
0.036153
0.129224
0.129224
0.148848
0.148848
0.120293
0.120293
0.148413
0.148413
0.121939
0.121939
0.382988
0.382988
0.065662
0.065662
0.052435
0.052435
0.098034
0.098034
0.150814
0.150814
0.108977
0.108977
0.189105
0.189105
0.046904
0.046904
0.080179
0.080179
0.151963
0.151963
0.096790
0.096790
0.091549
0.091549
0.101276
0.101276
0.103838
0.103838
0.100026
0.100026
0.130156
0.130156
0.197153
0.197153
0.026987
0.026987
0.161279
0.161279
0.091464
0.091464
0.078331
0.078331
0.225797
0.225797
0.186620
0.186620
0.187142
0.187142
0.161304
0.161304
0.046487
0.046487
0.164352
0.164352
0.125611
0.125611
0.150921
0.150921
0.208421
0.208421
0.090032
0.090032
0.147535
0.147535
0.065090
0.065090
0.087786
0.087786
0.221916
0.221916
0.099478
0.099478
0.093743
0.093743
0.198303
0.198303
0.228851
0.228851
0.091507
0.091507
0.108673
0.108673
0.073869
0.073869
0.086395
0.086395
0.067380
0.067380
0.076525
0.076525
0.099894
0.099894
0.101880
0.101880
0.059284
0.059284
0.300663
0.300663
0.379258
0.379258
0.067643
0.067643
0.058894
0.058894
0.216467
0.216467
0.109126
0.109126
0.114091
0.114091
0.075135
0.075135
0.110875
0.110875
0.117891
0.117891
0.167835
0.167835
0.123810
0.123810
0.049980
0.049980
0.056575
0.056575
0.136653
0.136653
0.114356
0.114356
0.052830
0.052830
0.055980
0.055980
0.252639
0.252639
0.263298
0.263298
0.155493
0.155493
0.104705
0.104705
0.123333
0.123333
0.171335
0.171335
0.081422
0.081422
0.131594
0.131594
0.089233
0.089233
0.189967
0.189967
0.100945
0.100945
0.152131
0.152131
0.255291
0.255291
0.090847
0.090847
0.266931
0.266931
0.089176
0.089176
0.164595
0.164595
0.116874
0.116874
0.064739
0.064739
0.167105
0.167105
0.128724
0.128724
0.202445
0.202445
0.090832
0.090832
0.335949
0.335949
0.130554
0.130554
0.088892
0.088892
0.063907
0.063907
0.085064
0.085064
0.134956
0.134956
0.058454
0.058454
0.105688
0.105688
0.053159
0.053159
0.205278
0.205278
0.282216
0.282216
0.192302
0.192302
0.061264
0.061264
0.094024
0.094024
0.083321
0.083321
0.084454
0.084454
0.217748
0.217748
0.068699
0.068699
0.197687
0.197687
0.080169
0.080169
0.140196
0.140196
0.112167
0.112167
0.051618
0.051618
0.388894
0.388894
0.073073
0.073073
0.059663
0.059663
0.191198
0.191198
0.147171
0.147171
0.045527
0.045527
0.197262
0.197262
0.112911
0.112911
0.124582
0.124582
0.156861
0.156861
0.064457
0.064457
0.097728
0.097728
0.114596
0.114596
0.107887
0.107887
0.128590
0.128590
0.054415
0.054415
0.153905
0.153905
0.113457
0.113457
0.197685
0.197685
0.105165
0.105165
0.077774
0.077774
0.061957
0.061957
0.124508
0.124508
0.038379
0.038379
0.108678
0.108678
0.080702
0.080702
0.247020
0.247020
0.100721
0.100721
0.045193
0.045193
0.082933
0.082933
0.082078
0.082078
0.187177
0.187177
0.134042
0.134042
0.130079
0.130079
0.177135
0.177135
0.220258
0.220258
0.045126
0.045126
0.139458
0.139458
0.071267
0.071267
0.123886
0.123886
0.123779
0.123779
0.152400
0.152400
0.133148
0.133148
0.122278
0.122278
0.099125
0.099125
0.171509
0.171509
0.103711
0.103711
0.144678
0.144678
0.135713
0.135713
0.115083
0.115083
0.083293
0.083293
0.106163
0.106163
0.077702
0.077702
0.205444
0.205444
0.251303
0.251303
0.382132
0.382132
0.145012
0.145012
0.067716
0.067716
0.112226
0.112226
0.134925
0.134925
0.089046
0.089046
0.082381
0.082381
0.227019
0.227019
0.115664
0.115664
0.065975
0.065975
0.119151
0.119151
0.076666
0.076666
0.097084
0.097084
0.206828
0.206828
0.166408
0.166408
0.102720
0.102720
0.139414
0.139414
0.093067
0.093067
0.159784
0.159784
0.179454
0.179454
0.276253
0.276253
0.234182
0.234182
0.044471
0.044471
0.366288
0.366288
0.047274
0.047274
0.233641
0.233641
0.053206
0.053206
0.096132
0.096132
0.092933
0.092933
0.097013
0.097013
0.115747
0.115747
0.075516
0.075516
0.068313
0.068313
0.111867
0.111867
0.188231
0.188231
0.088929
0.088929
0.104069
0.104069
0.191019
0.191019
0.031578
0.031578
0.189995
0.189995
0.057566
0.057566
0.215206
0.215206
0.516492
0.516492
0.037800
0.037800
0.052190
0.052190
0.245218
0.245218
0.169573
0.169573
0.084462
0.084462
0.067956
0.067956
0.177029
0.177029
0.184614
0.184614
0.077203
0.077203
0.117427
0.117427
0.062399
0.062399
0.193601
0.193601
0.167347
0.167347
0.093663
0.093663
0.203422
0.203422
0.161829
0.161829
0.158916
0.158916
0.112157
0.112157
0.171236
0.171236
0.190046
0.190046
0.059861
0.059861
0.518900
0.518900
0.086984
0.086984
0.039496
0.039496
0.112120
0.112120
0.238536
0.238536
0.087502
0.087502
0.094525
0.094525
0.128425
0.128425
0.110284
0.110284
0.169246
0.169246
0.228553
0.228553
0.113619
0.113619
0.091487
0.091487
0.219514
0.219514
0.091703
0.091703
0.226601
0.226601
0.140509
0.140509
0.044245
0.044245
0.124284
0.124284
0.194455
0.194455
0.114606
0.114606
0.053921
0.053921
0.243033
0.243033
0.410266
0.410266
0.131736
0.131736
0.087147
0.087147
0.109321
0.109321
0.211079
0.211079
0.108578
0.108578
0.163254
0.163254
0.064329
0.064329
0.281374
0.281374
0.183581
0.183581
0.114245
0.114245
0.135660
0.135660
0.080887
0.080887
0.069107
0.069107
0.330072
0.330072
0.077347
0.077347
0.104497
0.104497
0.082563
0.082563
0.045921
0.045921
0.109774
0.109774
0.098164
0.098164
0.138656
0.138656
0.086697
0.086697
0.250904
0.250904
0.083959
0.083959
0.139082
0.139082
0.116467
0.116467
0.208798
0.208798
0.086049
0.086049
0.074628
0.074628
0.213281
0.213281
0.099989
0.099989
0.158619
0.158619
0.104613
0.104613
0.181943
0.181943
0.080663
0.080663
0.138983
0.138983
0.037072
0.037072
0.141321
0.141321
0.080575
0.080575
0.114586
0.114586
0.126220
0.126220
0.054447
0.054447
0.248892
0.248892
0.192059
0.192059
0.200414
0.200414
0.085109
0.085109
0.091519
0.091519
0.034907
0.034907
0.184246
0.184246
0.068575
0.068575
0.060952
0.060952
0.240155
0.240155
0.099315
0.099315
0.182323
0.182323
0.105457
0.105457
0.068504
0.068504
0.039196
0.039196
0.170290
0.170290
0.330021
0.330021
0.193165
0.193165
0.079411
0.079411
0.165818
0.165818
0.042430
0.042430
0.069125
0.069125
0.105734
0.105734
0.103012
0.103012
0.038134
0.038134
0.182480
0.182480
0.131112
0.131112
0.045203
0.045203
0.256160
0.256160
0.208038
0.208038
0.052757
0.052757
0.039421
0.039421
0.090002
0.090002
0.267267
0.267267
0.142051
0.142051
0.054194
0.054194
0.166535
0.166535
0.205854
0.205854
0.147068
0.147068
0.196132
0.196132
0.177265
0.177265
0.065143
0.065143
0.052509
0.052509
0.138786
0.138786
0.071706
0.071706
0.122783
0.122783
0.132204
0.132204
0.088042
0.088042
0.145912
0.145912
0.102793
0.102793
0.047104
0.047104
0.061435
0.061435
0.261174
0.261174
0.159467
0.159467
0.034719
0.034719
0.089724
0.089724
0.066236
0.066236
0.184205
0.184205
0.039997
0.039997
0.066271
0.066271
0.093923
0.093923
0.070076
0.070076
0.176315
0.176315
0.169909
0.169909
0.121246
0.121246
0.174941
0.174941
0.189342
0.189342
0.054839
0.054839
0.133234
0.133234
0.096489
0.096489
0.225198
0.225198
0.111113
0.111113
0.188229
0.188229
0.053546
0.053546
0.082436
0.082436
0.100412
0.100412
0.139300
0.139300
0.364388
0.364388
0.190538
0.190538
0.068764
0.068764
0.101551
0.101551
0.173573
0.173573
0.171962
0.171962
0.236852
0.236852
0.085448
0.085448
0.172828
0.172828
0.041227
0.041227
0.137194
0.137194
0.108928
0.108928
0.044414
0.044414
0.141754
0.141754
0.135237
0.135237
0.193477
0.193477
0.175437
0.175437
0.126085
0.126085
0.238826
0.238826
0.137538
0.137538
0.077452
0.077452
0.245608
0.245608
0.187488
0.187488
0.153271
0.153271
0.138268
0.138268
0.094997
0.094997
0.150800
0.150800
0.096694
0.096694
0.289520
0.289520
0.121987
0.121987
0.053474
0.053474
0.110955
0.110955
0.128334
0.128334
0.109670
0.109670
0.108350
0.108350
0.169070
0.169070
0.225994
0.225994
0.093555
0.093555
0.076471
0.076471
0.135922
0.135922
0.173984
0.173984
0.092174
0.092174
0.122580
0.122580
0.101385
0.101385
0.058019
0.058019
0.104363
0.104363
0.040081
0.040081
0.115803
0.115803
0.186278
0.186278
0.092463
0.092463
0.084367
0.084367
0.084689
0.084689
0.044937
0.044937
0.154605
0.154605
0.123751
0.123751
0.025754
0.025754
0.067501
0.067501
0.122070
0.122070
0.202644
0.202644
0.096504
0.096504
0.131909
0.131909
0.090373
0.090373
0.299123
0.299123
0.052041
0.052041
0.081700
0.081700
0.366229
0.366229
0.174133
0.174133
0.069922
0.069922
0.064939
0.064939
0.056265
0.056265
0.154592
0.154592
0.054685
0.054685
0.164507
0.164507
0.203698
0.203698
0.167031
0.167031
0.056795
0.056795
0.070394
0.070394
0.154947
0.154947
0.111544
0.111544
0.268670
0.268670
0.052392
0.052392
0.032925
0.032925
0.083113
0.083113
0.121202
0.121202
0.110165
0.110165
0.204776
0.204776
0.091269
0.091269
0.068929
0.068929
0.107573
0.107573
0.049323
0.049323
0.109573
0.109573
0.195949
0.195949
0.246718
0.246718
0.060856
0.060856
0.146568
0.146568
0.107720
0.107720
0.205959
0.205959
0.130415
0.130415
0.065001
0.065001
0.074155
0.074155
0.140407
0.140407
0.069069
0.069069
0.206180
0.206180
0.106827
0.106827
0.181074
0.181074
0.190108
0.190108
0.110657
0.110657
0.086533
0.086533
0.108410
0.108410
0.148780
0.148780
0.111970
0.111970
0.101495
0.101495
0.050102
0.050102
0.084983
0.084983
0.046711
0.046711
0.149477
0.149477
0.342576
0.342576
0.172602
0.172602
0.089956
0.089956
0.080055
0.080055
0.073090
0.073090
0.363879
0.363879
0.093971
0.093971
0.091370
0.091370
0.092378
0.092378
0.149509
0.149509
0.058226
0.058226
0.109635
0.109635
0.092517
0.092517
0.054913
0.054913
0.066742
0.066742
0.267817
0.267817
0.067221
0.067221
0.202150
0.202150
0.248169
0.248169
0.175455
0.175455
0.417498
0.417498
0.228008
0.228008
0.158043
0.158043
0.100566
0.100566
0.172365
0.172365
0.119193
0.119193
0.099973
0.099973
0.191929
0.191929
0.199070
0.199070
0.069014
0.069014
0.175591
0.175591
0.073438
0.073438
0.163086
0.163086
0.125163
0.125163
0.084835
0.084835
0.140120
0.140120
0.154757
0.154757
0.082931
0.082931
0.125967
0.125967
0.115353
0.115353
0.093070
0.093070
0.095550
0.095550
0.095061
0.095061
0.049544
0.049544
0.191005
0.191005
0.059696
0.059696
0.267373
0.267373
0.211922
0.211922
0.188894
0.188894
0.063376
0.063376
0.126976
0.126976
0.055314
0.055314
0.115246
0.115246
0.098845
0.098845
0.131064
0.131064
0.114242
0.114242
0.041310
0.041310
0.164557
0.164557
0.070666
0.070666
0.117562
0.117562
0.224341
0.224341
0.259158
0.259158
0.114562
0.114562
0.096703
0.096703
0.170256
0.170256
0.109153
0.109153
0.108167
0.108167
0.062309
0.062309
0.097724
0.097724
0.172149
0.172149
0.080779
0.080779
0.120739
0.120739
0.146032
0.146032
0.085135
0.085135
0.171151
0.171151
0.097563
0.097563
0.092667
0.092667
0.122524
0.122524
0.133459
0.133459
0.075932
0.075932
0.219517
0.219517
0.060376
0.060376
0.165003
0.165003
0.086520
0.086520
0.064428
0.064428
0.063301
0.063301
0.065575
0.065575
0.167319
0.167319
0.133815
0.133815
0.137272
0.137272
0.093074
0.093074
0.112780
0.112780
0.167498
0.167498
0.185977
0.185977
0.065686
0.065686
0.073254
0.073254
0.248051
0.248051
0.136135
0.136135
0.230441
0.230441
0.176802
0.176802
0.047125
0.047125
0.058529
0.058529
0.125370
0.125370
0.125651
0.125651
0.143282
0.143282
0.076828
0.076828
0.209656
0.209656
0.090832
0.090832
0.258957
0.258957
0.114247
0.114247
0.178600
0.178600
0.386514
0.386514
0.034324
0.034324
0.153678
0.153678
0.127379
0.127379
0.076786
0.076786
0.079991
0.079991
0.221142
0.221142
0.053843
0.053843
0.182786
0.182786
0.170456
0.170456
0.219098
0.219098
0.028489
0.028489
0.034576
0.034576
0.128251
0.128251
0.135800
0.135800
0.072506
0.072506
0.160221
0.160221
0.192011
0.192011
0.076592
0.076592
0.144335
0.144335
0.166135
0.166135
0.130923
0.130923
0.052953
0.052953
0.107678
0.107678
0.094920
0.094920
0.117779
0.117779
0.313079
0.313079
0.110833
0.110833
0.147985
0.147985
0.092081
0.092081
0.351508
0.351508
0.149631
0.149631
0.154457
0.154457
0.108684
0.108684
0.093802
0.093802
0.131629
0.131629
0.188211
0.188211
0.063470
0.063470
0.038494
0.038494
0.089919
0.089919
0.079359
0.079359
0.051984
0.051984
0.049965
0.049965
0.091710
0.091710
0.109023
0.109023
0.392660
0.392660
0.074092
0.074092
0.362670
0.362670
0.205850
0.205850
0.105741
0.105741
0.063948
0.063948
0.125951
0.125951
0.129525
0.129525
0.111908
0.111908
0.166581
0.166581
0.145941
0.145941
0.096818
0.096818
0.072713
0.072713
0.098775
0.098775
0.112362
0.112362
0.126460
0.126460
0.169198
0.169198
0.104640
0.104640
0.188063
0.188063
0.391770
0.391770
0.101944
0.101944
0.216272
0.216272
0.096989
0.096989
0.163105
0.163105
0.149128
0.149128
0.129767
0.129767
0.076851
0.076851
0.066315
0.066315
0.042519
0.042519
0.232935
0.232935
0.277263
0.277263
0.173606
0.173606
0.207631
0.207631
0.093453
0.093453
0.137672
0.137672
0.029573
0.029573
0.105687
0.105687
0.236936
0.236936
0.059534
0.059534
0.119022
0.119022
0.361793
0.361793
0.137872
0.137872
0.031935
0.031935
0.346574
0.346574
0.193796
0.193796
0.110639
0.110639
0.101075
0.101075
0.087210
0.087210
0.153559
0.153559
0.090575
0.090575
0.109016
0.109016
0.079311
0.079311
0.098339
0.098339
0.035310
0.035310
0.206341
0.206341
0.112793
0.112793
0.101329
0.101329
0.109822
0.109822
0.145200
0.145200
0.103074
0.103074
0.211266
0.211266
0.376984
0.376984
0.199877
0.199877
0.159257
0.159257
0.131194
0.131194
0.131010
0.131010
0.125722
0.125722
0.124297
0.124297
0.155778
0.155778
0.153477
0.153477
0.260451
0.260451
0.259948
0.259948
0.044093
0.044093
0.084253
0.084253
0.296191
0.296191
0.174846
0.174846
0.082659
0.082659
0.084882
0.084882
0.063325
0.063325
0.078930
0.078930
0.045774
0.045774
0.063530
0.063530
0.084357
0.084357
0.134167
0.134167
0.048752
0.048752
0.102980
0.102980
0.129328
0.129328
0.062133
0.062133
0.033589
0.033589
0.115492
0.115492
0.072300
0.072300
0.375120
0.375120
0.072649
0.072649
0.091137
0.091137
0.074191
0.074191
0.089023
0.089023
0.145352
0.145352
0.160432
0.160432
0.062149
0.062149
0.084047
0.084047
0.123065
0.123065
0.091250
0.091250
0.058225
0.058225
0.184720
0.184720
0.063064
0.063064
0.106196
0.106196
0.121528
0.121528
0.057033
0.057033
0.177355
0.177355
0.044133
0.044133
0.162465
0.162465
0.142813
0.142813
0.239119
0.239119
0.408255
0.408255
0.048473
0.048473
0.126563
0.126563
0.094331
0.094331
0.085271
0.085271
0.156743
0.156743
0.273629
0.273629
0.127341
0.127341
0.087320
0.087320
0.032221
0.032221
0.032101
0.032101
0.200483
0.200483
0.148094
0.148094
0.069786
0.069786
0.119916
0.119916
0.120113
0.120113
0.174662
0.174662
0.226039
0.226039
0.201800
0.201800
0.053293
0.053293
0.098873
0.098873
0.039139
0.039139
0.048717
0.048717
0.069655
0.069655
0.066898
0.066898
0.084339
0.084339
0.094197
0.094197
0.089351
0.089351
0.228898
0.228898
0.080856
0.080856
0.182862
0.182862
0.178817
0.178817
0.158061
0.158061
0.141454
0.141454
0.097928
0.097928
0.084208
0.084208
0.092846
0.092846
0.105443
0.105443
0.198659
0.198659
0.137816
0.137816
0.266045
0.266045
0.150546
0.150546
0.056016
0.056016
0.045945
0.045945
0.162905
0.162905
0.163429
0.163429
0.238121
0.238121
0.084855
0.084855
0.166554
0.166554
0.076736
0.076736
0.164421
0.164421
0.103390
0.103390
0.126177
0.126177
0.151821
0.151821
0.153026
0.153026
0.145846
0.145846
0.166134
0.166134
0.039770
0.039770
0.134703
0.134703
0.101450
0.101450
0.060971
0.060971
0.054979
0.054979
0.095194
0.095194
0.598760
0.598760
0.125691
0.125691
0.083105
0.083105
0.204725
0.204725
0.204399
0.204399
0.035283
0.035283
0.123729
0.123729
0.078263
0.078263
0.064479
0.064479
0.144424
0.144424
0.182853
0.182853
0.091887
0.091887
0.111833
0.111833
0.094117
0.094117
0.258752
0.258752
0.137389
0.137389
0.265716
0.265716
0.197803
0.197803
0.082130
0.082130
0.228968
0.228968
0.133918
0.133918
0.184131
0.184131
0.178429
0.178429
0.132132
0.132132
0.029891
0.029891
0.314104
0.314104
0.208577
0.208577
0.076293
0.076293
0.064429
0.064429
0.047207
0.047207
0.170804
0.170804
0.116206
0.116206
0.184809
0.184809
0.074880
0.074880
0.160525
0.160525
0.124602
0.124602
0.084177
0.084177
0.115479
0.115479
0.203643
0.203643
0.052684
0.052684
0.306154
0.306154
0.026854
0.026854
0.115563
0.115563
0.151190
0.151190
0.123158
0.123158
0.338282
0.338282
0.120695
0.120695
0.116694
0.116694
0.043671
0.043671
0.343008
0.343008
0.133491
0.133491
0.201134
0.201134
0.059659
0.059659
0.074694
0.074694
0.215465
0.215465
0.072556
0.072556
0.095143
0.095143
0.107289
0.107289
0.062251
0.062251
0.117348
0.117348
0.070719
0.070719
0.146544
0.146544
0.109187
0.109187
0.201188
0.201188
0.054168
0.054168
0.086031
0.086031
0.284268
0.284268
0.203030
0.203030
0.125092
0.125092
0.117864
0.117864
0.213389
0.213389
0.168614
0.168614
0.131874
0.131874
0.063488
0.063488
0.079281
0.079281
0.085338
0.085338
0.192122
0.192122
0.097232
0.097232
0.100754
0.100754
0.270680
0.270680
0.111196
0.111196
0.062160
0.062160
0.080616
0.080616
0.126103
0.126103
0.061441
0.061441
0.057595
0.057595
0.068021
0.068021
0.096768
0.096768
0.127257
0.127257
0.177446
0.177446
0.061589
0.061589
0.101935
0.101935
0.149053
0.149053
0.117375
0.117375
0.114892
0.114892
0.073664
0.073664
0.105348
0.105348
0.122720
0.122720
0.042771
0.042771
0.194246
0.194246
0.076829
0.076829
0.164439
0.164439
0.115576
0.115576
0.173461
0.173461
0.341536
0.341536
0.472330
0.472330
0.120698
0.120698
0.097023
0.097023
0.049708
0.049708
0.073415
0.073415
0.090460
0.090460
0.026500
0.026500
0.131398
0.131398
0.199350
0.199350
0.144565
0.144565
0.054888
0.054888
0.136642
0.136642
0.132854
0.132854
0.101986
0.101986
0.049112
0.049112
0.119537
0.119537
0.062226
0.062226
0.035279
0.035279
0.126696
0.126696
0.368950
0.368950
0.172564
0.172564
0.157288
0.157288
0.103455
0.103455
0.105682
0.105682
0.339391
0.339391
0.069268
0.069268
0.183336
0.183336
0.112341
0.112341
0.076985
0.076985
0.123313
0.123313
0.116924
0.116924
0.098548
0.098548
0.094007
0.094007
0.119757
0.119757
0.100326
0.100326
0.074168
0.074168
0.058420
0.058420
0.229523
0.229523
0.054689
0.054689
0.061731
0.061731
0.079215
0.079215
0.107409
0.107409
0.063838
0.063838
0.080011
0.080011
0.140146
0.140146
0.052520
0.052520
0.114148
0.114148
0.035250
0.035250
0.163231
0.163231
0.126706
0.126706
0.048575
0.048575
0.053449
0.053449
0.204433
0.204433
0.233208
0.233208
0.099380
0.099380
0.168241
0.168241
0.101657
0.101657
0.204587
0.204587
0.070242
0.070242
0.065430
0.065430
0.161910
0.161910
0.093226
0.093226
0.036765
0.036765
0.157823
0.157823
0.184756
0.184756
0.112106
0.112106
0.093872
0.093872
0.061525
0.061525
0.043281
0.043281
0.228519
0.228519
0.233090
0.233090
0.057450
0.057450
0.135334
0.135334
0.040234
0.040234
0.179889
0.179889
0.159086
0.159086
0.180008
0.180008
0.187824
0.187824
0.096990
0.096990
0.109024
0.109024
0.106091
0.106091
0.084562
0.084562
0.133353
0.133353
0.145868
0.145868
0.085857
0.085857
0.171157
0.171157
0.036111
0.036111
0.223383
0.223383
0.131341
0.131341
0.220891
0.220891
0.188250
0.188250
0.081709
0.081709
0.290573
0.290573
0.128936
0.128936
0.146719
0.146719
0.148257
0.148257
0.214132
0.214132
0.168657
0.168657
0.191679
0.191679
0.312920
0.312920
0.057215
0.057215
0.062684
0.062684
0.072618
0.072618
0.101295
0.101295
0.070100
0.070100
0.345503
0.345503
0.147728
0.147728
0.065997
0.065997
0.106589
0.106589
0.068325
0.068325
0.094706
0.094706
0.130605
0.130605
0.051874
0.051874
0.197079
0.197079
0.177605
0.177605
0.126800
0.126800
0.098827
0.098827
0.171432
0.171432
0.137738
0.137738
0.071832
0.071832
0.132462
0.132462
0.090113
0.090113
0.119896
0.119896
0.064667
0.064667
0.088008
0.088008
0.154545
0.154545
0.193907
0.193907
0.112342
0.112342
0.117068
0.117068
0.119804
0.119804
0.075862
0.075862
0.173851
0.173851
0.111199
0.111199
0.065320
0.065320
0.220295
0.220295
0.103632
0.103632
0.140374
0.140374
0.161521
0.161521
0.096534
0.096534
0.046634
0.046634
0.227232
0.227232
0.089942
0.089942
0.071194
0.071194
0.054300
0.054300
0.092012
0.092012
0.108556
0.108556
0.041091
0.041091
0.121737
0.121737
0.070791
0.070791
0.111829
0.111829
0.054526
0.054526
0.241909
0.241909
0.087777
0.087777
0.057265
0.057265
0.180983
0.180983
0.208670
0.208670
0.100624
0.100624
0.259279
0.259279
0.118568
0.118568
0.038965
0.038965
0.078409
0.078409
0.050647
0.050647
0.049473
0.049473
0.154124
0.154124
0.034958
0.034958
0.043949
0.043949
0.077610
0.077610
0.112847
0.112847
0.099718
0.099718
0.135167
0.135167
0.140723
0.140723
0.065985
0.065985
0.105186
0.105186
0.122709
0.122709
0.100724
0.100724
0.361258
0.361258
0.169748
0.169748
0.113616
0.113616
0.210786
0.210786
0.160713
0.160713
0.144358
0.144358
0.062682
0.062682
0.168944
0.168944
0.081209
0.081209
0.151230
0.151230
0.386116
0.386116
0.128471
0.128471
0.096928
0.096928
0.071711
0.071711
0.097641
0.097641
0.251843
0.251843
0.253760
0.253760
0.133501
0.133501
0.028878
0.028878
0.051166
0.051166
0.062055
0.062055
0.189068
0.189068
0.120122
0.120122
0.104591
0.104591
0.242481
0.242481
0.192242
0.192242
0.081186
0.081186
0.198927
0.198927
0.053627
0.053627
0.101353
0.101353
0.157180
0.157180
0.087128
0.087128
0.112479
0.112479
0.067185
0.067185
0.144105
0.144105
0.112018
0.112018
0.157787
0.157787
0.125327
0.125327
0.178422
0.178422
0.133840
0.133840
0.097363
0.097363
0.301391
0.301391
0.195883
0.195883
0.093310
0.093310
0.057786
0.057786
0.126385
0.126385
0.050695
0.050695
0.049797
0.049797
0.182894
0.182894
0.085086
0.085086
0.097415
0.097415
0.085607
0.085607
0.049818
0.049818
0.141841
0.141841
0.083982
0.083982
0.046454
0.046454
0.097493
0.097493
0.152467
0.152467
0.142694
0.142694
0.079657
0.079657
0.194842
0.194842
0.066401
0.066401
0.094872
0.094872
0.044898
0.044898
0.193347
0.193347
0.046876
0.046876
0.100698
0.100698
0.396167
0.396167
0.127632
0.127632
0.217799
0.217799
0.129047
0.129047
0.135768
0.135768
0.092802
0.092802
0.229423
0.229423
0.284178
0.284178
0.217359
0.217359
0.098820
0.098820
0.127877
0.127877
0.035826
0.035826
0.084713
0.084713
0.267733
0.267733
0.049169
0.049169
0.147661
0.147661
0.046328
0.046328
0.172445
0.172445
0.221840
0.221840
0.193864
0.193864
0.195852
0.195852
0.170887
0.170887
0.221713
0.221713
0.082852
0.082852
0.134648
0.134648
0.162234
0.162234
0.106501
0.106501
0.166733
0.166733
0.057505
0.057505
0.174419
0.174419
0.144388
0.144388
0.132782
0.132782
0.065726
0.065726
0.127901
0.127901
0.067378
0.067378
0.075601
0.075601
0.090809
0.090809
0.029400
0.029400
0.094662
0.094662
0.066795
0.066795
0.166932
0.166932
0.053214
0.053214
0.136144
0.136144
0.090330
0.090330
0.097140
0.097140
0.125935
0.125935
0.185494
0.185494
0.182985
0.182985
0.260826
0.260826
0.089721
0.089721
0.143065
0.143065
0.156993
0.156993
0.065154
0.065154
0.114670
0.114670
0.208062
0.208062
0.081547
0.081547
0.118470
0.118470
0.038624
0.038624
0.150987
0.150987
0.062503
0.062503
0.180457
0.180457
0.093487
0.093487
0.326673
0.326673
0.094468
0.094468
0.154484
0.154484
0.174498
0.174498
0.079231
0.079231
0.059793
0.059793
0.114708
0.114708
0.323918
0.323918
0.117980
0.117980
0.191030
0.191030
0.042947
0.042947
0.126281
0.126281
0.062521
0.062521
0.124842
0.124842
0.320194
0.320194
0.065735
0.065735
0.095769
0.095769
0.107208
0.107208
0.057142
0.057142
0.193001
0.193001
0.089999
0.089999
0.071419
0.071419
0.080279
0.080279
0.097946
0.097946
0.100141
0.100141
0.116221
0.116221
0.042249
0.042249
0.257378
0.257378
0.146608
0.146608
0.058678
0.058678
0.065287
0.065287
0.043855
0.043855
0.163229
0.163229
0.145461
0.145461
0.192309
0.192309
0.141985
0.141985
0.059682
0.059682
0.101998
0.101998
0.109986
0.109986
0.202962
0.202962
0.153462
0.153462
0.128803
0.128803
0.071669
0.071669
0.094504
0.094504
0.066709
0.066709
0.063620
0.063620
0.432841
0.432841
0.114327
0.114327
0.262504
0.262504
0.154388
0.154388
0.120359
0.120359
0.167130
0.167130
0.049566
0.049566
0.140205
0.140205
0.071048
0.071048
0.224149
0.224149
0.163423
0.163423
0.069092
0.069092
0.262268
0.262268
0.037071
0.037071
0.118226
0.118226
0.130121
0.130121
0.043208
0.043208
0.147512
0.147512
0.062134
0.062134
0.099269
0.099269
0.132094
0.132094
0.139964
0.139964
0.198868
0.198868
0.138239
0.138239
0.166699
0.166699
0.079595
0.079595
0.032926
0.032926
0.062217
0.062217
0.094690
0.094690
0.065776
0.065776
0.170544
0.170544
0.090570
0.090570
0.090220
0.090220
0.157129
0.157129
0.077242
0.077242
0.162240
0.162240
0.133072
0.133072
0.166001
0.166001
0.063187
0.063187
0.122097
0.122097
0.112787
0.112787
0.173696
0.173696
0.213850
0.213850
0.112107
0.112107
0.123189
0.123189
0.060113
0.060113
0.077214
0.077214
0.135304
0.135304
0.051829
0.051829
0.066510
0.066510
0.165031
0.165031
0.059568
0.059568
0.138820
0.138820
0.065129
0.065129
0.046509
0.046509
0.065906
0.065906
0.070478
0.070478
0.049634
0.049634
0.151046
0.151046
0.057101
0.057101
0.090815
0.090815
0.227182
0.227182
0.115596
0.115596
0.174287
0.174287
0.298789
0.298789
0.183539
0.183539
0.214947
0.214947
0.097430
0.097430
0.048333
0.048333
0.044524
0.044524
0.131316
0.131316
0.041924
0.041924
0.481967
0.481967
0.043836
0.043836
0.144919
0.144919
0.160831
0.160831
0.187210
0.187210
0.292399
0.292399
0.223626
0.223626
0.115325
0.115325
0.229778
0.229778
0.116294
0.116294
0.111271
0.111271
0.173485
0.173485
0.153624
0.153624
0.096543
0.096543
0.224421
0.224421
0.202223
0.202223
0.145740
0.145740
0.074971
0.074971
0.110481
0.110481
0.097439
0.097439
0.254730
0.254730
0.089315
0.089315
0.176809
0.176809
0.242576
0.242576
0.133127
0.133127
0.061350
0.061350
0.340172
0.340172
0.055104
0.055104
0.098847
0.098847
0.180600
0.180600
0.062388
0.062388
0.136863
0.136863
0.422419
0.422419
0.041401
0.041401
0.065272
0.065272
0.217942
0.217942
0.106907
0.106907
0.120988
0.120988
0.060030
0.060030
0.071550
0.071550
0.155070
0.155070
0.112971
0.112971
0.145613
0.145613
0.159053
0.159053
0.060877
0.060877
0.153455
0.153455
0.092028
0.092028
0.459576
0.459576
0.181980
0.181980
0.209020
0.209020
0.156636
0.156636
0.145238
0.145238
0.195410
0.195410
0.222300
0.222300
0.163670
0.163670
0.133644
0.133644
0.042608
0.042608
0.063011
0.063011
0.131857
0.131857
0.052975
0.052975
0.126743
0.126743
0.109122
0.109122
0.075445
0.075445
0.054274
0.054274
0.160258
0.160258
0.064611
0.064611
0.204305
0.204305
0.123371
0.123371
0.080736
0.080736
0.058122
0.058122
0.108314
0.108314
0.108982
0.108982
0.104148
0.104148
0.057696
0.057696
0.071571
0.071571
0.127841
0.127841
0.111145
0.111145
0.165186
0.165186
0.046479
0.046479
0.177682
0.177682
0.087864
0.087864
0.067740
0.067740
0.042615
0.042615
0.108558
0.108558
0.083061
0.083061
0.093312
0.093312
0.157149
0.157149
0.102008
0.102008
0.228323
0.228323
0.076573
0.076573
0.192300
0.192300
0.092327
0.092327
0.228238
0.228238
0.060038
0.060038
0.045470
0.045470
0.055138
0.055138
0.089119
0.089119
0.056944
0.056944
0.115578
0.115578
0.093917
0.093917
0.065199
0.065199
0.187899
0.187899
0.049143
0.049143
0.169661
0.169661
0.261590
0.261590
0.130529
0.130529
0.049399
0.049399
0.164794
0.164794
0.196991
0.196991
0.115522
0.115522
0.040459
0.040459
0.042178
0.042178
0.193771
0.193771
0.096808
0.096808
0.093333
0.093333
0.124498
0.124498
0.049392
0.049392
0.034417
0.034417
0.122035
0.122035
0.140824
0.140824
0.142811
0.142811
0.051018
0.051018
0.237033
0.237033
0.130975
0.130975
0.081111
0.081111
0.142578
0.142578
0.230709
0.230709
0.200347
0.200347
0.104626
0.104626
0.082237
0.082237
0.095207
0.095207
0.200419
0.200419
0.133180
0.133180
0.061781
0.061781
0.112240
0.112240
0.076310
0.076310
0.136280
0.136280
0.184093
0.184093
0.050132
0.050132
0.101762
0.101762
0.068587
0.068587
0.080853
0.080853
0.202208
0.202208
0.323584
0.323584
0.080514
0.080514
0.172495
0.172495
0.106215
0.106215
0.264784
0.264784
0.091117
0.091117
0.095525
0.095525
0.160545
0.160545
0.114738
0.114738
0.084459
0.084459
0.054501
0.054501
0.108517
0.108517
0.161115
0.161115
0.178210
0.178210
0.455661
0.455661
0.208485
0.208485
0.045425
0.045425
0.024719
0.024719
0.053436
0.053436
0.168022
0.168022
0.233345
0.233345
0.129669
0.129669
0.062054
0.062054
0.130937
0.130937
0.293687
0.293687
0.152868
0.152868
0.093472
0.093472
0.076072
0.076072
0.019327
0.019327
0.108690
0.108690
0.113770
0.113770
0.069595
0.069595
0.043169
0.043169
0.060110
0.060110
0.068300
0.068300
0.158086
0.158086
0.273771
0.273771
0.033331
0.033331
0.129197
0.129197
0.285020
0.285020
0.076029
0.076029
0.110145
0.110145
0.152441
0.152441
0.397185
0.397185
0.086765
0.086765
0.164236
0.164236
0.063902
0.063902
0.059132
0.059132
0.171278
0.171278
0.156643
0.156643
0.072774
0.072774
0.140464
0.140464
0.125258
0.125258
0.146699
0.146699
0.219002
0.219002
0.182176
0.182176
0.047473
0.047473
0.107610
0.107610
0.089021
0.089021
0.214302
0.214302
0.236406
0.236406
0.197830
0.197830
0.184815
0.184815
0.081624
0.081624
0.100736
0.100736
0.061113
0.061113
0.059709
0.059709
0.141408
0.141408
0.167177
0.167177
0.155650
0.155650
0.176141
0.176141
0.072331
0.072331
0.083933
0.083933
0.037944
0.037944
0.167900
0.167900
0.049777
0.049777
0.306929
0.306929
0.040922
0.040922
0.141130
0.141130
0.112771
0.112771
0.125225
0.125225
0.096401
0.096401
0.124963
0.124963
0.210460
0.210460
0.087444
0.087444
0.110722
0.110722
0.052970
0.052970
0.117243
0.117243
0.133628
0.133628
0.094637
0.094637
0.054930
0.054930
0.112853
0.112853
0.081219
0.081219
0.069898
0.069898
0.077424
0.077424
0.146607
0.146607
0.115178
0.115178
0.082864
0.082864
0.191084
0.191084
0.131467
0.131467
0.051809
0.051809
0.146294
0.146294
0.218709
0.218709
0.049616
0.049616
0.154288
0.154288
0.108309
0.108309
0.154108
0.154108
0.116420
0.116420
0.127019
0.127019
0.056923
0.056923
0.111867
0.111867
0.048417
0.048417
0.094200
0.094200
0.139936
0.139936
0.118130
0.118130
0.117072
0.117072
0.150883
0.150883
0.048996
0.048996
0.053809
0.053809
0.420301
0.420301
0.086145
0.086145
0.369838
0.369838
0.157574
0.157574
0.078910
0.078910
0.083209
0.083209
0.064372
0.064372
0.071782
0.071782
0.152926
0.152926
0.157409
0.157409
0.045608
0.045608
0.072509
0.072509
0.099465
0.099465
0.120484
0.120484
0.176394
0.176394
0.231737
0.231737
0.058749
0.058749
0.126559
0.126559
0.060198
0.060198
0.082973
0.082973
0.115451
0.115451
0.104084
0.104084
0.139383
0.139383
0.257027
0.257027
0.449612
0.449612
0.122539
0.122539
0.100679
0.100679
0.103961
0.103961
0.116706
0.116706
0.093453
0.093453
0.177888
0.177888
0.025019
0.025019
0.052825
0.052825
0.069963
0.069963
0.189771
0.189771
0.094427
0.094427
0.036777
0.036777
0.052630
0.052630
0.155689
0.155689
0.093909
0.093909
0.163093
0.163093
0.289591
0.289591
0.044445
0.044445
0.079620
0.079620
0.164503
0.164503
0.046584
0.046584
0.071954
0.071954
0.222329
0.222329
0.103578
0.103578
0.137774
0.137774
0.203795
0.203795
0.099565
0.099565
0.191244
0.191244
0.099358
0.099358
0.150161
0.150161
0.025344
0.025344
0.033859
0.033859
0.083400
0.083400
0.095826
0.095826
0.146288
0.146288
0.062624
0.062624
0.305066
0.305066
0.217767
0.217767
0.035980
0.035980
0.071330
0.071330
0.376710
0.376710
0.169150
0.169150
0.078739
0.078739
0.136450
0.136450
0.143634
0.143634
0.048781
0.048781
0.058578
0.058578
0.135314
0.135314
0.265621
0.265621
0.167291
0.167291
0.076674
0.076674
0.046001
0.046001
0.047241
0.047241
0.042818
0.042818
0.128278
0.128278
0.193551
0.193551
0.240173
0.240173
0.161719
0.161719
0.113084
0.113084
0.134265
0.134265
0.048208
0.048208
0.197127
0.197127
0.057519
0.057519
0.232463
0.232463
0.167549
0.167549
0.163647
0.163647
0.054894
0.054894
0.079045
0.079045
0.273735
0.273735
0.062840
0.062840
0.079250
0.079250
0.212502
0.212502
0.187500
0.187500
0.063611
0.063611
0.096962
0.096962
0.057744
0.057744
0.241951
0.241951
0.064721
0.064721
0.100937
0.100937
0.168669
0.168669
0.258269
0.258269
0.031931
0.031931
0.078856
0.078856
0.076229
0.076229
0.269334
0.269334
0.248975
0.248975
0.113180
0.113180
0.100193
0.100193
0.110710
0.110710
0.067288
0.067288
0.361715
0.361715
0.050440
0.050440
0.121555
0.121555
0.064905
0.064905
0.067687
0.067687
0.040513
0.040513
0.076982
0.076982
0.185256
0.185256
0.064827
0.064827
0.150485
0.150485
0.156151
0.156151
0.157318
0.157318
0.099286
0.099286
0.137494
0.137494
0.073849
0.073849
0.054329
0.054329
0.181620
0.181620
0.164036
0.164036
0.074447
0.074447
0.106488
0.106488
0.079166
0.079166
0.041095
0.041095
0.114079
0.114079
0.057349
0.057349
0.411928
0.411928
0.092647
0.092647
0.097876
0.097876
0.061113
0.061113
0.052878
0.052878
0.067719
0.067719
0.117950
0.117950
0.107895
0.107895
0.151250
0.151250
0.111256
0.111256
0.127741
0.127741
0.141189
0.141189
0.093094
0.093094
0.124720
0.124720
0.185712
0.185712
0.035821
0.035821
0.174601
0.174601
0.074865
0.074865
0.187104
0.187104
0.063210
0.063210
0.142728
0.142728
0.067199
0.067199
0.061424
0.061424
0.127054
0.127054
0.226204
0.226204
0.154893
0.154893
0.204729
0.204729
0.179995
0.179995
0.138776
0.138776
0.100195
0.100195
0.130082
0.130082
0.139936
0.139936
0.074414
0.074414
0.071663
0.071663
0.177868
0.177868
0.139304
0.139304
0.068082
0.068082
0.153751
0.153751
0.207886
0.207886
0.154255
0.154255
0.152939
0.152939
0.142347
0.142347
0.116819
0.116819
0.048391
0.048391
0.104949
0.104949
0.121103
0.121103
0.047437
0.047437
0.071294
0.071294
0.050924
0.050924
0.126498
0.126498
0.179569
0.179569
0.185134
0.185134
0.289738
0.289738
0.220100
0.220100
0.185683
0.185683
0.158932
0.158932
0.143768
0.143768
0.100364
0.100364
0.048289
0.048289
0.095080
0.095080
0.174218
0.174218
0.284964
0.284964
0.219217
0.219217
0.104683
0.104683
0.068395
0.068395
0.049623
0.049623
0.241439
0.241439
0.132124
0.132124
0.031808
0.031808
0.060397
0.060397
0.126001
0.126001
0.148474
0.148474
0.104620
0.104620
0.174656
0.174656
0.042365
0.042365
0.143355
0.143355
0.173369
0.173369
0.080767
0.080767
0.077737
0.077737
0.132363
0.132363
0.174653
0.174653
0.062642
0.062642
0.156205
0.156205
0.047988
0.047988
0.143480
0.143480
0.055644
0.055644
0.048778
0.048778
0.063517
0.063517
0.126626
0.126626
0.058914
0.058914
0.211210
0.211210
0.042564
0.042564
0.025072
0.025072
0.109240
0.109240
0.152024
0.152024
0.113984
0.113984
0.124209
0.124209
0.127988
0.127988
0.098235
0.098235
0.125546
0.125546
0.463121
0.463121
0.244371
0.244371
0.068463
0.068463
0.256241
0.256241
0.164655
0.164655
0.044208
0.044208
0.129931
0.129931
0.087877
0.087877
0.086815
0.086815
0.097221
0.097221
0.177300
0.177300
0.184377
0.184377
0.135127
0.135127
0.169752
0.169752
0.102026
0.102026
0.110161
0.110161
0.065214
0.065214
0.197478
0.197478
0.102295
0.102295
0.098112
0.098112
0.104598
0.104598
0.163417
0.163417
0.060696
0.060696
0.228875
0.228875
0.126090
0.126090
0.142227
0.142227
0.098054
0.098054
0.060839
0.060839
0.141034
0.141034
0.163886
0.163886
0.237155
0.237155
0.290344
0.290344
0.180893
0.180893
0.140258
0.140258
0.104314
0.104314
0.116847
0.116847
0.077127
0.077127
0.101226
0.101226
0.069845
0.069845
0.145922
0.145922
0.096748
0.096748
0.082521
0.082521
0.066106
0.066106
0.141812
0.141812
0.100675
0.100675
0.237001
0.237001
0.071713
0.071713
0.161240
0.161240
0.134187
0.134187
0.122777
0.122777
0.083222
0.083222
0.050376
0.050376
0.178386
0.178386
0.062616
0.062616
0.313908
0.313908
0.081572
0.081572
0.120371
0.120371
0.215263
0.215263
0.431115
0.431115
0.067087
0.067087
0.232098
0.232098
0.046182
0.046182
0.173158
0.173158
0.211462
0.211462
0.172936
0.172936
0.047782
0.047782
0.145202
0.145202
0.097167
0.097167
0.116393
0.116393
0.084050
0.084050
0.150625
0.150625
0.280253
0.280253
0.036776
0.036776
0.062489
0.062489
0.193641
0.193641
0.122833
0.122833
0.078370
0.078370
0.057777
0.057777
0.184515
0.184515
0.040760
0.040760
0.052461
0.052461
0.077057
0.077057
0.068673
0.068673
0.211559
0.211559
0.091023
0.091023
0.119234
0.119234
0.105156
0.105156
0.134371
0.134371
0.041305
0.041305
0.059167
0.059167
0.094929
0.094929
0.112531
0.112531
0.086281
0.086281
0.138720
0.138720
0.070019
0.070019
0.338143
0.338143
0.282628
0.282628
0.268471
0.268471
0.261024
0.261024
0.177879
0.177879
0.051725
0.051725
0.088033
0.088033
0.088229
0.088229
0.132386
0.132386
0.333183
0.333183
0.105033
0.105033
0.061626
0.061626
0.055950
0.055950
0.114517
0.114517
0.242104
0.242104
0.101555
0.101555
0.167845
0.167845
0.044904
0.044904
0.117162
0.117162
0.120622
0.120622
0.127091
0.127091
0.094555
0.094555
0.122412
0.122412
0.059616
0.059616
0.158482
0.158482
0.041766
0.041766
0.114524
0.114524
0.031367
0.031367
0.108350
0.108350
0.074286
0.074286
0.086631
0.086631
0.076912
0.076912
0.079185
0.079185
0.259632
0.259632
0.212016
0.212016
0.116213
0.116213
0.110753
0.110753
0.082248
0.082248
0.107929
0.107929
0.245537
0.245537
0.121652
0.121652
0.124048
0.124048
0.184106
0.184106
0.129786
0.129786
0.046872
0.046872
0.196606
0.196606
0.107855
0.107855
0.176729
0.176729
0.184212
0.184212
0.111630
0.111630
0.087994
0.087994
0.055637
0.055637
0.087149
0.087149
0.081572
0.081572
0.079427
0.079427
0.175673
0.175673
0.080153
0.080153
0.085270
0.085270
0.080411
0.080411
0.073050
0.073050
0.125301
0.125301
0.176631
0.176631
0.046866
0.046866
0.082418
0.082418
0.085250
0.085250
0.123228
0.123228
0.147123
0.147123
0.080647
0.080647
0.129126
0.129126
0.086351
0.086351
0.123789
0.123789
0.133191
0.133191
0.115806
0.115806
0.046377
0.046377
0.083616
0.083616
0.063187
0.063187
0.238927
0.238927
0.092057
0.092057
0.170432
0.170432
0.201613
0.201613
0.107556
0.107556
0.075307
0.075307
0.107885
0.107885
0.170514
0.170514
0.133383
0.133383
0.115990
0.115990
0.121622
0.121622
0.075918
0.075918
0.386090
0.386090
0.086943
0.086943
0.156836
0.156836
0.123213
0.123213
0.032893
0.032893
0.068273
0.068273
0.148586
0.148586
0.107930
0.107930
0.049808
0.049808
0.115837
0.115837
0.093668
0.093668
0.193797
0.193797
0.022638
0.022638
0.229301
0.229301
0.291082
0.291082
0.129194
0.129194
0.108879
0.108879
0.125081
0.125081
0.063719
0.063719
0.099125
0.099125
0.093268
0.093268
0.055560
0.055560
0.104502
0.104502
0.151190
0.151190
0.129913
0.129913
0.162059
0.162059
0.148704
0.148704
0.175989
0.175989
0.137516
0.137516
0.043735
0.043735
0.144336
0.144336
0.068287
0.068287
0.181757
0.181757
0.162810
0.162810
0.113695
0.113695
0.093247
0.093247
0.092912
0.092912
0.298783
0.298783
0.184172
0.184172
0.106261
0.106261
0.154585
0.154585
0.341962
0.341962
0.118058
0.118058
0.144064
0.144064
0.071606
0.071606
0.130568
0.130568
0.069522
0.069522
0.061993
0.061993
0.149616
0.149616
0.085429
0.085429
0.182345
0.182345
0.162435
0.162435
0.200072
0.200072
0.246593
0.246593
0.087492
0.087492
0.101295
0.101295
0.139538
0.139538
0.120119
0.120119
0.088397
0.088397
0.090321
0.090321
0.096979
0.096979
0.099831
0.099831
0.171375
0.171375
0.066253
0.066253
0.080658
0.080658
0.181568
0.181568
0.182905
0.182905
0.099888
0.099888
0.092844
0.092844
0.245426
0.245426
0.081774
0.081774
0.101028
0.101028
0.082744
0.082744
0.062994
0.062994
0.169671
0.169671
0.179718
0.179718
0.089473
0.089473
0.096371
0.096371
0.206581
0.206581
0.039783
0.039783
0.245249
0.245249
0.062049
0.062049
0.115731
0.115731
0.043606
0.043606
0.162818
0.162818
0.066799
0.066799
0.058779
0.058779
0.280081
0.280081
0.127928
0.127928
0.120425
0.120425
0.111240
0.111240
0.145833
0.145833
0.312525
0.312525
0.131295
0.131295
0.155482
0.155482
0.402661
0.402661
0.088510
0.088510
0.181028
0.181028
0.118243
0.118243
0.080840
0.080840
0.042795
0.042795
0.087552
0.087552
0.139344
0.139344
0.082703
0.082703
0.048693
0.048693
0.131239
0.131239
0.121061
0.121061
0.127098
0.127098
0.091704
0.091704
0.099109
0.099109
0.074610
0.074610
0.100410
0.100410
0.115670
0.115670
0.055754
0.055754
0.107385
0.107385
0.083409
0.083409
0.181968
0.181968
0.137148
0.137148
0.059267
0.059267
0.081397
0.081397
0.212732
0.212732
0.088620
0.088620
0.284984
0.284984
0.227606
0.227606
0.227936
0.227936
0.136185
0.136185
0.110055
0.110055
0.098095
0.098095
0.094333
0.094333
0.111266
0.111266
0.269726
0.269726
0.059061
0.059061
0.061850
0.061850
0.119496
0.119496
0.077543
0.077543
0.120473
0.120473
0.125704
0.125704
0.117306
0.117306
0.041953
0.041953
0.070800
0.070800
0.137511
0.137511
0.074335
0.074335
0.120984
0.120984
0.081070
0.081070
0.241795
0.241795
0.078073
0.078073
0.032295
0.032295
0.051918
0.051918
0.069575
0.069575
0.088422
0.088422
0.144830
0.144830
0.080983
0.080983
0.090387
0.090387
0.162678
0.162678
0.091100
0.091100
0.057011
0.057011
0.095355
0.095355
0.173808
0.173808
0.201165
0.201165
0.085149
0.085149
0.072258
0.072258
0.095747
0.095747
0.068097
0.068097
0.082250
0.082250
0.105072
0.105072
0.329653
0.329653
0.398435
0.398435
0.034947
0.034947
0.185648
0.185648
0.094119
0.094119
0.184866
0.184866
0.065307
0.065307
0.287299
0.287299
0.087094
0.087094
0.039078
0.039078
0.103339
0.103339
0.099476
0.099476
0.196564
0.196564
0.121177
0.121177
0.095635
0.095635
0.066633
0.066633
0.061482
0.061482
0.162297
0.162297
0.111763
0.111763
0.119079
0.119079
0.093589
0.093589
0.199564
0.199564
0.149754
0.149754
0.086931
0.086931
0.219366
0.219366
0.148754
0.148754
0.105836
0.105836
0.102969
0.102969
0.131829
0.131829
0.121531
0.121531
0.061024
0.061024
0.061925
0.061925
0.100290
0.100290
0.239800
0.239800
0.093904
0.093904
0.078320
0.078320
0.114996
0.114996
0.129501
0.129501
0.055808
0.055808
0.308433
0.308433
0.126579
0.126579
0.057404
0.057404
0.085356
0.085356
0.103162
0.103162
0.123651
0.123651
0.204279
0.204279
0.054414
0.054414
0.096892
0.096892
0.046271
0.046271
0.054094
0.054094
0.072248
0.072248
0.113173
0.113173
0.081112
0.081112
0.079992
0.079992
0.073534
0.073534
0.045905
0.045905
0.081389
0.081389
0.100707
0.100707
0.199714
0.199714
0.166686
0.166686
0.370847
0.370847
0.111870
0.111870
0.227277
0.227277
0.151207
0.151207
0.101615
0.101615
0.089600
0.089600
0.207124
0.207124
0.071972
0.071972
0.182020
0.182020
0.188938
0.188938
0.081297
0.081297
0.084319
0.084319
0.091660
0.091660
0.133459
0.133459
0.127837
0.127837
0.092496
0.092496
0.142726
0.142726
0.054626
0.054626
0.186115
0.186115
0.088316
0.088316
0.086799
0.086799
0.221685
0.221685
0.066986
0.066986
0.048093
0.048093
0.106677
0.106677
0.034690
0.034690
0.083425
0.083425
0.070797
0.070797
0.113535
0.113535
0.141833
0.141833
0.104724
0.104724
0.172305
0.172305
0.120850
0.120850
0.079003
0.079003
0.077018
0.077018
0.242504
0.242504
0.062974
0.062974
0.119115
0.119115
0.085469
0.085469
0.050939
0.050939
0.141360
0.141360
0.211802
0.211802
0.141307
0.141307
0.149615
0.149615
0.126683
0.126683
0.083779
0.083779
0.322204
0.322204
0.075392
0.075392
0.106514
0.106514
0.054193
0.054193
0.177494
0.177494
0.111178
0.111178
0.118776
0.118776
0.161982
0.161982
0.091636
0.091636
0.031032
0.031032
0.140111
0.140111
0.086114
0.086114
0.173235
0.173235
0.248228
0.248228
0.092126
0.092126
0.281193
0.281193
0.127260
0.127260
0.183768
0.183768
0.052911
0.052911
0.294420
0.294420
0.152505
0.152505
0.046177
0.046177
0.102233
0.102233
0.166089
0.166089
0.221427
0.221427
0.090116
0.090116
0.163694
0.163694
0.131170
0.131170
0.253083
0.253083
0.113871
0.113871
0.213324
0.213324
0.082676
0.082676
0.188487
0.188487
0.091778
0.091778
0.069580
0.069580
0.065086
0.065086
0.083956
0.083956
0.043239
0.043239
0.043703
0.043703
0.043499
0.043499
0.065205
0.065205
0.033425
0.033425
0.053748
0.053748
0.052707
0.052707
0.072036
0.072036
0.264018
0.264018
0.099856
0.099856
0.034661
0.034661
0.163869
0.163869
0.076703
0.076703
0.056897
0.056897
0.030847
0.030847
0.110826
0.110826
0.053271
0.053271
0.105831
0.105831
0.124013
0.124013
0.191710
0.191710
0.164706
0.164706
0.296715
0.296715
0.057314
0.057314
0.035295
0.035295
0.086557
0.086557
0.084000
0.084000
0.030210
0.030210
0.056799
0.056799
0.139527
0.139527
0.068533
0.068533
0.106011
0.106011
0.054248
0.054248
0.056444
0.056444
0.088052
0.088052
0.077518
0.077518
0.089148
0.089148
0.037873
0.037873
0.397298
0.397298
0.303822
0.303822
0.166257
0.166257
0.355327
0.355327
0.081496
0.081496
0.082616
0.082616
0.150480
0.150480
0.121855
0.121855
0.055892
0.055892
0.165409
0.165409
0.109443
0.109443
0.109645
0.109645
0.033634
0.033634
0.141700
0.141700
0.206753
0.206753
0.322002
0.322002
0.109101
0.109101
0.137219
0.137219
0.191245
0.191245
0.084435
0.084435
0.058292
0.058292
0.111902
0.111902
0.056776
0.056776
0.103156
0.103156
0.108690
0.108690
0.527149
0.527149
0.240116
0.240116
0.092822
0.092822
0.124117
0.124117
0.051759
0.051759
0.083406
0.083406
0.063430
0.063430
0.100591
0.100591
0.145035
0.145035
0.247824
0.247824
0.093183
0.093183
0.116432
0.116432
0.111853
0.111853
0.114476
0.114476
0.122056
0.122056
0.067411
0.067411
0.284056
0.284056
0.050161
0.050161
0.149334
0.149334
0.059396
0.059396
0.068923
0.068923
0.210456
0.210456
0.063934
0.063934
0.066901
0.066901
0.059516
0.059516
0.198966
0.198966
0.298082
0.298082
0.100452
0.100452
0.115053
0.115053
0.094914
0.094914
0.032173
0.032173
0.039619
0.039619
0.108191
0.108191
0.067769
0.067769
0.145426
0.145426
0.181960
0.181960
0.087190
0.087190
0.066673
0.066673
0.102471
0.102471
0.111392
0.111392
0.076322
0.076322
0.085143
0.085143
0.040254
0.040254
0.144226
0.144226
0.060917
0.060917
0.122418
0.122418
0.034988
0.034988
0.108574
0.108574
0.070552
0.070552
0.207787
0.207787
0.097863
0.097863
0.066144
0.066144
0.127303
0.127303
0.070331
0.070331
0.067680
0.067680
0.137573
0.137573
0.214941
0.214941
0.173686
0.173686
0.217701
0.217701
0.094112
0.094112
0.077904
0.077904
0.099184
0.099184
0.056569
0.056569
0.169051
0.169051
0.155613
0.155613
0.095916
0.095916
0.176435
0.176435
0.187051
0.187051
0.284907
0.284907
0.127144
0.127144
0.080520
0.080520
0.164884
0.164884
0.041015
0.041015
0.055055
0.055055
0.069872
0.069872
0.188312
0.188312
0.151129
0.151129
0.149876
0.149876
0.164169
0.164169
0.056593
0.056593
0.084548
0.084548
0.375923
0.375923
0.270001
0.270001
0.275954
0.275954
0.114146
0.114146
0.127296
0.127296
0.180603
0.180603
0.182680
0.182680
0.040954
0.040954
0.144230
0.144230
0.172337
0.172337
0.157776
0.157776
0.095689
0.095689
0.073619
0.073619
0.089387
0.089387
0.039502
0.039502
0.030839
0.030839
0.188991
0.188991
0.168931
0.168931
0.058608
0.058608
0.149678
0.149678
0.029154
0.029154
0.191125
0.191125
0.078661
0.078661
0.084015
0.084015
0.123378
0.123378
0.182409
0.182409
0.086477
0.086477
0.142191
0.142191
0.065143
0.065143
0.052230
0.052230
0.260477
0.260477
0.100177
0.100177
0.202428
0.202428
0.193039
0.193039
0.090481
0.090481
0.171767
0.171767
0.206608
0.206608
0.309377
0.309377
0.054004
0.054004
0.069172
0.069172
0.082564
0.082564
0.051228
0.051228
0.650191
0.650191
0.188205
0.188205
0.088125
0.088125
0.138440
0.138440
0.054459
0.054459
0.085095
0.085095
0.118718
0.118718
0.132110
0.132110
0.035070
0.035070
0.062152
0.062152
0.183460
0.183460
0.142054
0.142054
0.157474
0.157474
0.076670
0.076670
0.038036
0.038036
0.047184
0.047184
0.031213
0.031213
0.118712
0.118712
0.171863
0.171863
0.062250
0.062250
0.086735
0.086735
0.143576
0.143576
0.147242
0.147242
0.145297
0.145297
0.098133
0.098133
0.118974
0.118974
0.319541
0.319541
0.217447
0.217447
0.113675
0.113675
0.107827
0.107827
0.181672
0.181672
0.088325
0.088325
0.483468
0.483468
0.049708
0.049708
0.069683
0.069683
0.086367
0.086367
0.110658
0.110658
0.186135
0.186135
0.070672
0.070672
0.149333
0.149333
0.168589
0.168589
0.044113
0.044113
0.132203
0.132203
0.047893
0.047893
0.214951
0.214951
0.058771
0.058771
0.156915
0.156915
0.051965
0.051965
0.169165
0.169165
0.034235
0.034235
0.063709
0.063709
0.093944
0.093944
0.058656
0.058656
0.068051
0.068051
0.045617
0.045617
0.118500
0.118500
0.044312
0.044312
0.168167
0.168167
0.072968
0.072968
0.116339
0.116339
0.275162
0.275162
0.076883
0.076883
0.104262
0.104262
0.253277
0.253277
0.095363
0.095363
0.159077
0.159077
0.057395
0.057395
0.152036
0.152036
0.097098
0.097098
0.087776
0.087776
0.077718
0.077718
0.087893
0.087893
0.314778
0.314778
0.133726
0.133726
0.110983
0.110983
0.092376
0.092376
0.101669
0.101669
0.097357
0.097357
0.032718
0.032718
0.054962
0.054962
0.055754
0.055754
0.109238
0.109238
0.075904
0.075904
0.039391
0.039391
0.222513
0.222513
0.186209
0.186209
0.113828
0.113828
0.065833
0.065833
0.052516
0.052516
0.214174
0.214174
0.221717
0.221717
0.092458
0.092458
0.212398
0.212398
0.082626
0.082626
0.213012
0.213012
0.066398
0.066398
0.064710
0.064710
0.159561
0.159561
0.075490
0.075490
0.069109
0.069109
0.153423
0.153423
0.125509
0.125509
0.064941
0.064941
0.373616
0.373616
0.061312
0.061312
0.082455
0.082455
0.080303
0.080303
0.060200
0.060200
0.217136
0.217136
0.075045
0.075045
0.117447
0.117447
0.081530
0.081530
0.103002
0.103002
0.194897
0.194897
0.075847
0.075847
0.115407
0.115407
0.076742
0.076742
0.236787
0.236787
0.210401
0.210401
0.181421
0.181421
0.063946
0.063946
0.140136
0.140136
0.149298
0.149298
0.080979
0.080979
0.166568
0.166568
0.218883
0.218883
0.124000
0.124000
0.154089
0.154089
0.038479
0.038479
0.045190
0.045190
0.087462
0.087462
0.291849
0.291849
0.059342
0.059342
0.155973
0.155973
0.084050
0.084050
0.117178
0.117178
0.196767
0.196767
0.100398
0.100398
0.037433
0.037433
0.073730
0.073730
0.103348
0.103348
0.177997
0.177997
0.201461
0.201461
0.137255
0.137255
0.049812
0.049812
0.100077
0.100077
0.090160
0.090160
0.109287
0.109287
0.272540
0.272540
0.078166
0.078166
0.052763
0.052763
0.124522
0.124522
0.054828
0.054828
0.103649
0.103649
0.036914
0.036914
0.127521
0.127521
0.048208
0.048208
0.190767
0.190767
0.143119
0.143119
0.045807
0.045807
0.065365
0.065365
0.047400
0.047400
0.068153
0.068153
0.127005
0.127005
0.066442
0.066442
0.021354
0.021354
0.172297
0.172297
0.045944
0.045944
0.120978
0.120978
0.233861
0.233861
0.067728
0.067728
0.212988
0.212988
0.115917
0.115917
0.048652
0.048652
0.036697
0.036697
0.104960
0.104960
0.108167
0.108167
0.092963
0.092963
0.077591
0.077591
0.060419
0.060419
0.112577
0.112577
0.065183
0.065183
0.334881
0.334881
0.075805
0.075805
0.181515
0.181515
0.153218
0.153218
0.109108
0.109108
0.283730
0.283730
0.357781
0.357781
0.147399
0.147399
0.054404
0.054404
0.270129
0.270129
0.216405
0.216405
0.079171
0.079171
0.148649
0.148649
0.175379
0.175379
0.169566
0.169566
0.083667
0.083667
0.057416
0.057416
0.069020
0.069020
0.055453
0.055453
0.162996
0.162996
0.134221
0.134221
0.053457
0.053457
0.234822
0.234822
0.212633
0.212633
0.096066
0.096066
0.098392
0.098392
0.025828
0.025828
0.166393
0.166393
0.036645
0.036645
0.047353
0.047353
0.082762
0.082762
0.050113
0.050113
0.142115
0.142115
0.210265
0.210265
0.064478
0.064478
0.100242
0.100242
0.076119
0.076119
0.107438
0.107438
0.221448
0.221448
0.124516
0.124516
0.083842
0.083842
0.319914
0.319914
0.064342
0.064342
0.184752
0.184752
0.487779
0.487779
0.088539
0.088539
0.177801
0.177801
0.101097
0.101097
0.102435
0.102435
0.201366
0.201366
0.047516
0.047516
0.157815
0.157815
0.038591
0.038591
0.076071
0.076071
0.232400
0.232400
0.116735
0.116735
0.095879
0.095879
0.090848
0.090848
0.109827
0.109827
0.062733
0.062733
0.099525
0.099525
0.149868
0.149868
0.133533
0.133533
0.061787
0.061787
0.182939
0.182939
0.080607
0.080607
0.064627
0.064627
0.117133
0.117133
0.038886
0.038886
0.340505
0.340505
0.140911
0.140911
0.046605
0.046605
0.157303
0.157303
0.109538
0.109538
0.061955
0.061955
0.235285
0.235285
0.086496
0.086496
0.097895
0.097895
0.139458
0.139458
0.047406
0.047406
0.271157
0.271157
0.105933
0.105933
0.212590
0.212590
0.064970
0.064970
0.110983
0.110983
0.068005
0.068005
0.147764
0.147764
0.066716
0.066716
0.087665
0.087665
0.074852
0.074852
0.157822
0.157822
0.055615
0.055615
0.078852
0.078852
0.095006
0.095006
0.097399
0.097399
0.077846
0.077846
0.077156
0.077156
0.086361
0.086361
0.077363
0.077363
0.194531
0.194531
0.096430
0.096430
0.031885
0.031885
0.110855
0.110855
0.077060
0.077060
0.139305
0.139305
0.077026
0.077026
0.098147
0.098147
0.098107
0.098107
0.047358
0.047358
0.325400
0.325400
0.134167
0.134167
0.063270
0.063270
0.104658
0.104658
0.097299
0.097299
0.134306
0.134306
0.039708
0.039708
0.135981
0.135981
0.160018
0.160018
0.153488
0.153488
0.062227
0.062227
0.181148
0.181148
0.089259
0.089259
0.113941
0.113941
0.132861
0.132861
0.089050
0.089050
0.058709
0.058709
0.040272
0.040272
0.107386
0.107386
0.048217
0.048217
0.050667
0.050667
0.123616
0.123616
0.202370
0.202370
0.243672
0.243672
0.065284
0.065284
0.091231
0.091231
0.091327
0.091327
0.074469
0.074469
0.073700
0.073700
0.064056
0.064056
0.059004
0.059004
0.057749
0.057749
0.203914
0.203914
0.274249
0.274249
0.064445
0.064445
0.041136
0.041136
0.098285
0.098285
0.167920
0.167920
0.208463
0.208463
0.105742
0.105742
0.145768
0.145768
0.115485
0.115485
0.165830
0.165830
0.031435
0.031435
0.096154
0.096154
0.057144
0.057144
0.037889
0.037889
0.071527
0.071527
0.046349
0.046349
0.030921
0.030921
0.102088
0.102088
0.055162
0.055162
0.187154
0.187154
0.065007
0.065007
0.072102
0.072102
0.086945
0.086945
0.163395
0.163395
0.069548
0.069548
0.081399
0.081399
0.164438
0.164438
0.087783
0.087783
0.093072
0.093072
0.101885
0.101885
0.058660
0.058660
0.076475
0.076475
0.106729
0.106729
0.066691
0.066691
0.231305
0.231305
0.125517
0.125517
0.093935
0.093935
0.130757
0.130757
0.087719
0.087719
0.171267
0.171267
0.302356
0.302356
0.053471
0.053471
0.090219
0.090219
0.241754
0.241754
0.348368
0.348368
0.347825
0.347825
0.189557
0.189557
0.070225
0.070225
0.156806
0.156806
0.127828
0.127828
0.100807
0.100807
0.104335
0.104335
0.314742
0.314742
0.271008
0.271008
0.379936
0.379936
0.222776
0.222776
0.161819
0.161819
0.181357
0.181357
0.042616
0.042616
0.115741
0.115741
0.086987
0.086987
0.153625
0.153625
0.132751
0.132751
0.145849
0.145849
0.072163
0.072163
0.084114
0.084114
0.162846
0.162846
0.063659
0.063659
0.132188
0.132188
0.087229
0.087229
0.047000
0.047000
0.174848
0.174848
0.125828
0.125828
0.196084
0.196084
0.101322
0.101322
0.285029
0.285029
0.062131
0.062131
0.108518
0.108518
0.321218
0.321218
0.220146
0.220146
0.100843
0.100843
0.082290
0.082290
0.282405
0.282405
0.107994
0.107994
0.061244
0.061244
0.097633
0.097633
0.096632
0.096632
0.072397
0.072397
0.064369
0.064369
0.069211
0.069211
0.104423
0.104423
0.147398
0.147398
0.089246
0.089246
0.134084
0.134084
0.076835
0.076835
0.083136
0.083136
0.193529
0.193529
0.131603
0.131603
0.046293
0.046293
0.321812
0.321812
0.088490
0.088490
0.088135
0.088135
0.166978
0.166978
0.107863
0.107863
0.206099
0.206099
0.084181
0.084181
0.412309
0.412309
0.152360
0.152360
0.074183
0.074183
0.135414
0.135414
0.102318
0.102318
0.081732
0.081732
0.131493
0.131493
0.088882
0.088882
0.100087
0.100087
0.169457
0.169457
0.097409
0.097409
0.043510
0.043510
0.062817
0.062817
0.161902
0.161902
0.092608
0.092608
0.118410
0.118410
0.066817
0.066817
0.309584
0.309584
0.091882
0.091882
0.188948
0.188948
0.040788
0.040788
0.038983
0.038983
0.083846
0.083846
0.171084
0.171084
0.133346
0.133346
0.032326
0.032326
0.182185
0.182185
0.087532
0.087532
0.190448
0.190448
0.068013
0.068013
0.133034
0.133034
0.063045
0.063045
0.035240
0.035240
0.155211
0.155211
0.170810
0.170810
0.075930
0.075930
0.287682
0.287682
0.171450
0.171450
0.075479
0.075479
0.183849
0.183849
0.114852
0.114852
0.109819
0.109819
0.078205
0.078205
0.076271
0.076271
0.149057
0.149057
0.075365
0.075365
0.078538
0.078538
0.065037
0.065037
0.074300
0.074300
0.106966
0.106966
0.142079
0.142079
0.089505
0.089505
0.184695
0.184695
0.102589
0.102589
0.139519
0.139519
0.105703
0.105703
0.078897
0.078897
0.094718
0.094718
0.048487
0.048487
0.227914
0.227914
0.121175
0.121175
0.172980
0.172980
0.053500
0.053500
0.130974
0.130974
0.034793
0.034793
0.081391
0.081391
0.368745
0.368745
0.091458
0.091458
0.061071
0.061071
0.139602
0.139602
0.093557
0.093557
0.218238
0.218238
0.127966
0.127966
0.136185
0.136185
0.145607
0.145607
0.092280
0.092280
0.197775
0.197775
0.106203
0.106203
0.089931
0.089931
0.078176
0.078176
0.089772
0.089772
0.133652
0.133652
0.255696
0.255696
0.088135
0.088135
0.030072
0.030072
0.095353
0.095353
0.179756
0.179756
0.055431
0.055431
0.343374
0.343374
0.062082
0.062082
0.073420
0.073420
0.079562
0.079562
0.172637
0.172637
0.048785
0.048785
0.068013
0.068013
0.100061
0.100061
0.027256
0.027256
0.118588
0.118588
0.089143
0.089143
0.044098
0.044098
0.068461
0.068461
0.070751
0.070751
0.063400
0.063400
0.065877
0.065877
0.188367
0.188367
0.148491
0.148491
0.066654
0.066654
0.042072
0.042072
0.098537
0.098537
0.315566
0.315566
0.157708
0.157708
0.236729
0.236729
0.125091
0.125091
0.063317
0.063317
0.110839
0.110839
0.092423
0.092423
0.195935
0.195935
0.151371
0.151371
0.076207
0.076207
0.238314
0.238314
0.117924
0.117924
0.127401
0.127401
0.103163
0.103163
0.199822
0.199822
0.075756
0.075756
0.165093
0.165093
0.065582
0.065582
0.066319
0.066319
0.030238
0.030238
0.184391
0.184391
0.074170
0.074170
0.074628
0.074628
0.294094
0.294094
0.041877
0.041877
0.209750
0.209750
0.256273
0.256273
0.190496
0.190496
0.058945
0.058945
0.331767
0.331767
0.084547
0.084547
0.091294
0.091294
0.083063
0.083063
0.046328
0.046328
0.131593
0.131593
0.106594
0.106594
0.091486
0.091486
0.066339
0.066339
0.098659
0.098659
0.185435
0.185435
0.062463
0.062463
0.088817
0.088817
0.068273
0.068273
0.080360
0.080360
0.086694
0.086694
0.076175
0.076175
0.091396
0.091396
0.079868
0.079868
0.126663
0.126663
0.102315
0.102315
0.344314
0.344314
0.157280
0.157280
0.108992
0.108992
0.137199
0.137199
0.026963
0.026963
0.100564
0.100564
0.147091
0.147091
0.053044
0.053044
0.105571
0.105571
0.073029
0.073029
0.097909
0.097909
0.070716
0.070716
0.059456
0.059456
0.128677
0.128677
0.141019
0.141019
0.060772
0.060772
0.126130
0.126130
0.215830
0.215830
0.110714
0.110714
0.139666
0.139666
0.182721
0.182721
0.080897
0.080897
0.046285
0.046285
0.064081
0.064081
0.082937
0.082937
0.028515
0.028515
0.051277
0.051277
0.117065
0.117065
0.100369
0.100369
0.065278
0.065278
0.066678
0.066678
0.088774
0.088774
0.200225
0.200225
0.161051
0.161051
0.229726
0.229726
0.060219
0.060219
0.055206
0.055206
0.065107
0.065107
0.318202
0.318202
0.197552
0.197552
0.154471
0.154471
0.141017
0.141017
0.081623
0.081623
0.075437
0.075437
0.153552
0.153552
0.115903
0.115903
0.090620
0.090620
0.065924
0.065924
0.096783
0.096783
0.188616
0.188616
0.090711
0.090711
0.120857
0.120857
0.096011
0.096011
0.129632
0.129632
0.103822
0.103822
0.217115
0.217115
0.277622
0.277622
0.062975
0.062975
0.106922
0.106922
0.163365
0.163365
0.085081
0.085081
0.280790
0.280790
0.091367
0.091367
0.192751
0.192751
0.272596
0.272596
0.186359
0.186359
0.116159
0.116159
0.066444
0.066444
0.173036
0.173036
0.272176
0.272176
0.112056
0.112056
0.115332
0.115332
0.240801
0.240801
0.126367
0.126367
0.097767
0.097767
0.175768
0.175768
0.162912
0.162912
0.341329
0.341329
0.177905
0.177905
0.133039
0.133039
0.052311
0.052311
0.066611
0.066611
0.027546
0.027546
0.074675
0.074675
0.107867
0.107867
0.269098
0.269098
0.097696
0.097696
0.108433
0.108433
0.055125
0.055125
0.084904
0.084904
0.198876
0.198876
0.113489
0.113489
0.082966
0.082966
0.051314
0.051314
0.172955
0.172955
0.086954
0.086954
0.035066
0.035066
0.084694
0.084694
0.172739
0.172739
0.145591
0.145591
0.148679
0.148679
0.044568
0.044568
0.070866
0.070866
0.260956
0.260956
0.039591
0.039591
0.097302
0.097302
0.043486
0.043486
0.132052
0.132052
0.089220
0.089220
0.090466
0.090466
0.090300
0.090300
0.159210
0.159210
0.091442
0.091442
0.193546
0.193546
0.051205
0.051205
0.148569
0.148569
0.194482
0.194482
0.090773
0.090773
0.046882
0.046882
0.031554
0.031554
0.039318
0.039318
0.109035
0.109035
0.208366
0.208366
0.140730
0.140730
0.115812
0.115812
0.104088
0.104088
0.104140
0.104140
0.035096
0.035096
0.093520
0.093520
0.144080
0.144080
0.269654
0.269654
0.074001
0.074001
0.059475
0.059475
0.100470
0.100470
0.118154
0.118154
0.116659
0.116659
0.126421
0.126421
0.088931
0.088931
0.186324
0.186324
0.223249
0.223249
0.088579
0.088579
0.196118
0.196118
0.289522
0.289522
0.045741
0.045741
0.066386
0.066386
0.096737
0.096737
0.045869
0.045869
0.140058
0.140058
0.111957
0.111957
0.075334
0.075334
0.334560
0.334560
0.191222
0.191222
0.117475
0.117475
0.049517
0.049517
0.083745
0.083745
0.097804
0.097804
0.055441
0.055441
0.085887
0.085887
0.170256
0.170256
0.176972
0.176972
0.109806
0.109806
0.120579
0.120579
0.077441
0.077441
0.265042
0.265042
0.050977
0.050977
0.196975
0.196975
0.065958
0.065958
0.081030
0.081030
0.088647
0.088647
0.094544
0.094544
0.098172
0.098172
0.218547
0.218547
0.151812
0.151812
0.112440
0.112440
0.055698
0.055698
0.051541
0.051541
0.048000
0.048000
0.112919
0.112919
0.046920
0.046920
0.052709
0.052709
0.081160
0.081160
0.044200
0.044200
0.047538
0.047538
0.149778
0.149778
0.250938
0.250938
0.059660
0.059660
0.046792
0.046792
0.209690
0.209690
0.147467
0.147467
0.052846
0.052846
0.062817
0.062817
0.171389
0.171389
0.238457
0.238457
0.109347
0.109347
0.110223
0.110223
0.097853
0.097853
0.089003
0.089003
0.089764
0.089764
0.088507
0.088507
0.170687
0.170687
0.145518
0.145518
0.165914
0.165914
0.063841
0.063841
0.122447
0.122447
0.083137
0.083137
0.170804
0.170804
0.075797
0.075797
0.049937
0.049937
0.192850
0.192850
0.076378
0.076378
0.141340
0.141340
0.114025
0.114025
0.104467
0.104467
0.073555
0.073555
0.082017
0.082017
0.049557
0.049557
0.145594
0.145594
0.134206
0.134206
0.084995
0.084995
0.061422
0.061422
0.216927
0.216927
0.075604
0.075604
0.090977
0.090977
0.197633
0.197633
0.061300
0.061300
0.134194
0.134194
0.181692
0.181692
0.094246
0.094246
0.057878
0.057878
0.119753
0.119753
0.073092
0.073092
0.076059
0.076059
0.051538
0.051538
0.208552
0.208552
0.150805
0.150805
0.097133
0.097133
0.164345
0.164345
0.110846
0.110846
0.074155
0.074155
0.094816
0.094816
0.127266
0.127266
0.148976
0.148976
0.069625
0.069625
0.142592
0.142592
0.065623
0.065623
0.142352
0.142352
0.059281
0.059281
0.165034
0.165034
0.170854
0.170854
0.035114
0.035114
0.062472
0.062472
0.071440
0.071440
0.143401
0.143401
0.174336
0.174336
0.100301
0.100301
0.047161
0.047161
0.138330
0.138330
0.046476
0.046476
0.186551
0.186551
0.302502
0.302502
0.063298
0.063298
0.123551
0.123551
0.064877
0.064877
0.085330
0.085330
0.090324
0.090324
0.102649
0.102649
0.195667
0.195667
0.181566
0.181566
0.070511
0.070511
0.256069
0.256069
0.132453
0.132453
0.253979
0.253979
0.067714
0.067714
0.081620
0.081620
0.350861
0.350861
0.082607
0.082607
0.105977
0.105977
0.094658
0.094658
0.226593
0.226593
0.127618
0.127618
0.118619
0.118619
0.164932
0.164932
0.136156
0.136156
0.231184
0.231184
0.108936
0.108936
0.237122
0.237122
0.085936
0.085936
0.470492
0.470492
0.093586
0.093586
0.117213
0.117213
0.358957
0.358957
0.074212
0.074212
0.034591
0.034591
0.135602
0.135602
0.065399
0.065399
0.112579
0.112579
0.090373
0.090373
0.330991
0.330991
0.182092
0.182092
0.135343
0.135343
0.070178
0.070178
0.090820
0.090820
0.054332
0.054332
0.128256
0.128256
0.172363
0.172363
0.101115
0.101115
0.133142
0.133142
0.128888
0.128888
0.226088
0.226088
0.070469
0.070469
0.071174
0.071174
0.160531
0.160531
0.106055
0.106055
0.337000
0.337000
0.076892
0.076892
0.191350
0.191350
0.046779
0.046779
0.183736
0.183736
0.057695
0.057695
0.158039
0.158039
0.078245
0.078245
0.187452
0.187452
0.106427
0.106427
0.097810
0.097810
0.091519
0.091519
0.144872
0.144872
0.081574
0.081574
0.131262
0.131262
0.150423
0.150423
0.095465
0.095465
0.064733
0.064733
0.201367
0.201367
0.062851
0.062851
0.058599
0.058599
0.089072
0.089072
0.031246
0.031246
0.114781
0.114781
0.059420
0.059420
0.157926
0.157926
0.089854
0.089854
0.037607
0.037607
0.043252
0.043252
0.135322
0.135322
0.237549
0.237549
0.082455
0.082455
0.048725
0.048725
0.152528
0.152528
0.055493
0.055493
0.114680
0.114680
0.488202
0.488202
0.133755
0.133755
0.052375
0.052375
0.156708
0.156708
0.042393
0.042393
0.132643
0.132643
0.152313
0.152313
0.079785
0.079785
0.379074
0.379074
0.099877
0.099877
0.105884
0.105884
0.115775
0.115775
0.092488
0.092488
0.102786
0.102786
0.115466
0.115466
0.098939
0.098939
0.081381
0.081381
0.067248
0.067248
0.038621
0.038621
0.236950
0.236950
0.366071
0.366071
0.075981
0.075981
0.166064
0.166064
0.119126
0.119126
0.387861
0.387861
0.109826
0.109826
0.201138
0.201138
0.088994
0.088994
0.058943
0.058943
0.073866
0.073866
0.058404
0.058404
0.170899
0.170899
0.128577
0.128577
0.251978
0.251978
0.204002
0.204002
0.085870
0.085870
0.078787
0.078787
0.090348
0.090348
0.120633
0.120633
0.050454
0.050454
0.064315
0.064315
0.056847
0.056847
0.101269
0.101269
0.103303
0.103303
0.044543
0.044543
0.086988
0.086988
0.144210
0.144210
0.077439
0.077439
0.078314
0.078314
0.226449
0.226449
0.079597
0.079597
0.061355
0.061355
0.115150
0.115150
0.111561
0.111561
0.058949
0.058949
0.125504
0.125504
0.105279
0.105279
0.101037
0.101037
0.119835
0.119835
0.156137
0.156137
0.099395
0.099395
0.037501
0.037501
0.113875
0.113875
0.063690
0.063690
0.410867
0.410867
0.067263
0.067263
0.127588
0.127588
0.144964
0.144964
0.115553
0.115553
0.093972
0.093972
0.065546
0.065546
0.098590
0.098590
0.101499
0.101499
0.044210
0.044210
0.163802
0.163802
0.120286
0.120286
0.078411
0.078411
0.135667
0.135667
0.052237
0.052237
0.114212
0.114212
0.037277
0.037277
0.056828
0.056828
0.105867
0.105867
0.089027
0.089027
0.152095
0.152095
0.055545
0.055545
0.207417
0.207417
0.120032
0.120032
0.105617
0.105617
0.107276
0.107276
0.072796
0.072796
0.114969
0.114969
0.252522
0.252522
0.114486
0.114486
0.073968
0.073968
0.205251
0.205251
0.033037
0.033037
0.052479
0.052479
0.337959
0.337959
0.126447
0.126447
0.073634
0.073634
0.059097
0.059097
0.094083
0.094083
0.030221
0.030221
0.153392
0.153392
0.065545
0.065545
0.272646
0.272646
0.237113
0.237113
0.106305
0.106305
0.114478
0.114478
0.107465
0.107465
0.084499
0.084499
0.135873
0.135873
0.117919
0.117919
0.158221
0.158221
0.073352
0.073352
0.069295
0.069295
0.139868
0.139868
0.160684
0.160684
0.170636
0.170636
0.112279
0.112279
0.125475
0.125475
0.043868
0.043868
0.113170
0.113170
0.026680
0.026680
0.260798
0.260798
0.183917
0.183917
0.078434
0.078434
0.127200
0.127200
0.105075
0.105075
0.080167
0.080167
0.055067
0.055067
0.060197
0.060197
0.144836
0.144836
0.119367
0.119367
0.038615
0.038615
0.099635
0.099635
0.179349
0.179349
0.067504
0.067504
0.079355
0.079355
0.170011
0.170011
0.167314
0.167314
0.059961
0.059961
0.062919
0.062919
0.110128
0.110128
0.079919
0.079919
0.087717
0.087717
0.116842
0.116842
0.071235
0.071235
0.143310
0.143310
0.117319
0.117319
0.039261
0.039261
0.066924
0.066924
0.041431
0.041431
0.123962
0.123962
0.081721
0.081721
0.091006
0.091006
0.088795
0.088795
0.057166
0.057166
0.178373
0.178373
0.111936
0.111936
0.272076
0.272076
0.208320
0.208320
0.096553
0.096553
0.369827
0.369827
0.122610
0.122610
0.047195
0.047195
0.123759
0.123759
0.081894
0.081894
0.075169
0.075169
0.058320
0.058320
0.090204
0.090204
0.096216
0.096216
0.095815
0.095815
0.075890
0.075890
0.044933
0.044933
0.104096
0.104096
0.131525
0.131525
0.229688
0.229688
0.074061
0.074061
0.069026
0.069026
0.202164
0.202164
0.130323
0.130323
0.125802
0.125802
0.107789
0.107789
0.085614
0.085614
0.085766
0.085766
0.183230
0.183230
0.048626
0.048626
0.172908
0.172908
0.169921
0.169921
0.123737
0.123737
0.171033
0.171033
0.060935
0.060935
0.203496
0.203496
0.184699
0.184699
0.102851
0.102851
0.099171
0.099171
0.108634
0.108634
0.095049
0.095049
0.310319
0.310319
0.111744
0.111744
0.060083
0.060083
0.231284
0.231284
0.147769
0.147769
0.131400
0.131400
0.089905
0.089905
0.083608
0.083608
0.135152
0.135152
0.152336
0.152336
0.070884
0.070884
0.098168
0.098168
0.106140
0.106140
0.128982
0.128982
0.117428
0.117428
0.057015
0.057015
0.277020
0.277020
0.193064
0.193064
0.079453
0.079453
0.063051
0.063051
0.250573
0.250573
0.052873
0.052873
0.126992
0.126992
0.132521
0.132521
0.041897
0.041897
0.110653
0.110653
0.151036
0.151036
0.055726
0.055726
0.063749
0.063749
0.103968
0.103968
0.092898
0.092898
0.120037
0.120037
0.094789
0.094789
0.093930
0.093930
0.093984
0.093984
0.097144
0.097144
0.078097
0.078097
0.106158
0.106158
0.297555
0.297555
0.062271
0.062271
0.155680
0.155680
0.069775
0.069775
0.092084
0.092084
0.071567
0.071567
0.079613
0.079613
0.394907
0.394907
0.139554
0.139554
0.117784
0.117784
0.118404
0.118404
0.158267
0.158267
0.143172
0.143172
0.174755
0.174755
0.516606
0.516606
0.086394
0.086394
0.111131
0.111131
0.130327
0.130327
0.157505
0.157505
0.176765
0.176765
0.298428
0.298428
0.175275
0.175275
0.055917
0.055917
0.108781
0.108781
0.040654
0.040654
0.179085
0.179085
0.026147
0.026147
0.091934
0.091934
0.138218
0.138218
0.077890
0.077890
0.106546
0.106546
0.058526
0.058526
0.255482
0.255482
0.041105
0.041105
0.169116
0.169116
0.214186
0.214186
0.096388
0.096388
0.083991
0.083991
0.187075
0.187075
0.096501
0.096501
0.115248
0.115248
0.128936
0.128936
0.253945
0.253945
0.057351
0.057351
0.078641
0.078641
0.090474
0.090474
0.051736
0.051736
0.157634
0.157634
0.047541
0.047541
0.203693
0.203693
0.119758
0.119758
0.118382
0.118382
0.073505
0.073505
0.089848
0.089848
0.084175
0.084175
0.045805
0.045805
0.129637
0.129637
0.045342
0.045342
0.140518
0.140518
0.027567
0.027567
0.027201
0.027201
0.119656
0.119656
0.093353
0.093353
0.082563
0.082563
0.105065
0.105065
0.133785
0.133785
0.238119
0.238119
0.050584
0.050584
0.177503
0.177503
0.222599
0.222599
0.095850
0.095850
0.154061
0.154061
0.066105
0.066105
0.224577
0.224577
0.149116
0.149116
0.091851
0.091851
0.135180
0.135180
0.042358
0.042358
0.286101
0.286101
0.086079
0.086079
0.083774
0.083774
0.123191
0.123191
0.050936
0.050936
0.053158
0.053158
0.171694
0.171694
0.076317
0.076317
0.058176
0.058176
0.068383
0.068383
0.093146
0.093146
0.085393
0.085393
0.212900
0.212900
0.043615
0.043615
0.061748
0.061748
0.185953
0.185953
0.210135
0.210135
0.103170
0.103170
0.030558
0.030558
0.078451
0.078451
0.053460
0.053460
0.137232
0.137232
0.124516
0.124516
0.063429
0.063429
0.052626
0.052626
0.152307
0.152307
0.040652
0.040652
0.083318
0.083318
0.096797
0.096797
0.156471
0.156471
0.152198
0.152198
0.117788
0.117788
0.057605
0.057605
0.037130
0.037130
0.211831
0.211831
0.088400
0.088400
0.077857
0.077857
0.078354
0.078354
0.284371
0.284371
0.049801
0.049801
0.130509
0.130509
0.088837
0.088837
0.176226
0.176226
0.136370
0.136370
0.362189
0.362189
0.053982
0.053982
0.126249
0.126249
0.192178
0.192178
0.052968
0.052968
0.058235
0.058235
0.215810
0.215810
0.018884
0.018884
0.090493
0.090493
0.081913
0.081913
0.155963
0.155963
0.290781
0.290781
0.148485
0.148485
0.093138
0.093138
0.106656
0.106656
0.088398
0.088398
0.072148
0.072148
0.079672
0.079672
0.195319
0.195319
0.263390
0.263390
0.111125
0.111125
0.039590
0.039590
0.147353
0.147353
0.071424
0.071424
0.057509
0.057509
0.145903
0.145903
0.160750
0.160750
0.074210
0.074210
0.064501
0.064501
0.145494
0.145494
0.105265
0.105265
0.253283
0.253283
0.055239
0.055239
0.191430
0.191430
0.114205
0.114205
0.054378
0.054378
0.197850
0.197850
0.036078
0.036078
0.091132
0.091132
0.223810
0.223810
0.024979
0.024979
0.056731
0.056731
0.242800
0.242800
0.077922
0.077922
0.138284
0.138284
0.186510
0.186510
0.196092
0.196092
0.072126
0.072126
0.101787
0.101787
0.099336
0.099336
0.119504
0.119504
0.070712
0.070712
0.091984
0.091984
0.147273
0.147273
0.122701
0.122701
0.134372
0.134372
0.194112
0.194112
0.148394
0.148394
0.086771
0.086771
0.056365
0.056365
0.113620
0.113620
0.111689
0.111689
0.079290
0.079290
0.093766
0.093766
0.089596
0.089596
0.105645
0.105645
0.077036
0.077036
0.078092
0.078092
0.255425
0.255425
0.157125
0.157125
0.060011
0.060011
0.088920
0.088920
0.069082
0.069082
0.118873
0.118873
0.053732
0.053732
0.135974
0.135974
0.067521
0.067521
0.060276
0.060276
0.102172
0.102172
0.077001
0.077001
0.068336
0.068336
0.079753
0.079753
0.047424
0.047424
0.219007
0.219007
0.097391
0.097391
0.132592
0.132592
0.135017
0.135017
0.201078
0.201078
0.041952
0.041952
0.141856
0.141856
0.041036
0.041036
0.209536
0.209536
0.134044
0.134044
0.097461
0.097461
0.103615
0.103615
0.235855
0.235855
0.219547
0.219547
0.032884
0.032884
0.124292
0.124292
0.067684
0.067684
0.076660
0.076660
0.137652
0.137652
0.053438
0.053438
0.088446
0.088446
0.078533
0.078533
0.185745
0.185745
0.156694
0.156694
0.052150
0.052150
0.041291
0.041291
0.096481
0.096481
0.217799
0.217799
0.073734
0.073734
0.334060
0.334060
0.072225
0.072225
0.092362
0.092362
0.312187
0.312187
0.094489
0.094489
0.065452
0.065452
0.082750
0.082750
0.074282
0.074282
0.122532
0.122532
0.074865
0.074865
0.164106
0.164106
0.167265
0.167265
0.198197
0.198197
0.087123
0.087123
0.143228
0.143228
0.171368
0.171368
0.203927
0.203927
0.041564
0.041564
0.063356
0.063356
0.226428
0.226428
0.120819
0.120819
0.079982
0.079982
0.112349
0.112349
0.018228
0.018228
0.037366
0.037366
0.152626
0.152626
0.249709
0.249709
0.237940
0.237940
0.043169
0.043169
0.245486
0.245486
0.061896
0.061896
0.100304
0.100304
0.107186
0.107186
0.034950
0.034950
0.138296
0.138296
0.142730
0.142730
0.053053
0.053053
0.085470
0.085470
0.143844
0.143844
0.199446
0.199446
0.282053
0.282053
0.200456
0.200456
0.041865
0.041865
0.091302
0.091302
0.067132
0.067132
0.094564
0.094564
0.129499
0.129499
0.079551
0.079551
0.083582
0.083582
0.077915
0.077915
0.092866
0.092866
0.053507
0.053507
0.207493
0.207493
0.056592
0.056592
0.053274
0.053274
0.087779
0.087779
0.284166
0.284166
0.228357
0.228357
0.061726
0.061726
0.104777
0.104777
0.079055
0.079055
0.142314
0.142314
0.222703
0.222703
0.146979
0.146979
0.102343
0.102343
0.110344
0.110344
0.106218
0.106218
0.090395
0.090395
0.031285
0.031285
0.119340
0.119340
0.111889
0.111889
0.058344
0.058344
0.083452
0.083452
0.087730
0.087730
0.025931
0.025931
0.100690
0.100690
0.228659
0.228659
0.082867
0.082867
0.332559
0.332559
0.062084
0.062084
0.143767
0.143767
0.081912
0.081912
0.032400
0.032400
0.060351
0.060351
0.157769
0.157769
0.051878
0.051878
0.044473
0.044473
0.163624
0.163624
0.077844
0.077844
0.190989
0.190989
0.218289
0.218289
0.089653
0.089653
0.081520
0.081520
0.086961
0.086961
0.119893
0.119893
0.168364
0.168364
0.161478
0.161478
0.085752
0.085752
0.156010
0.156010
0.104212
0.104212
0.105167
0.105167
0.080886
0.080886
0.070851
0.070851
0.128905
0.128905
0.101749
0.101749
0.093852
0.093852
0.163489
0.163489
0.125891
0.125891
0.138157
0.138157
0.194928
0.194928
0.066842
0.066842
0.114266
0.114266
0.096385
0.096385
0.183132
0.183132
0.064590
0.064590
0.188985
0.188985
0.044237
0.044237
0.082749
0.082749
0.123962
0.123962
0.282411
0.282411
0.060162
0.060162
0.107319
0.107319
0.195261
0.195261
0.196603
0.196603
0.172883
0.172883
0.090745
0.090745
0.042396
0.042396
0.085782
0.085782
0.148311
0.148311
0.146573
0.146573
0.062852
0.062852
0.106481
0.106481
0.170663
0.170663
0.152389
0.152389
0.374599
0.374599
0.067152
0.067152
0.063087
0.063087
0.092425
0.092425
0.123071
0.123071
0.079152
0.079152
0.114475
0.114475
0.060021
0.060021
0.202916
0.202916
0.038325
0.038325
0.052151
0.052151
0.033978
0.033978
0.066404
0.066404
0.079931
0.079931
0.072728
0.072728
0.229382
0.229382
0.069440
0.069440
0.083617
0.083617
0.116558
0.116558
0.177833
0.177833
0.060487
0.060487
0.104086
0.104086
0.130550
0.130550
0.062751
0.062751
0.095293
0.095293
0.190687
0.190687
0.051446
0.051446
0.238831
0.238831
0.059173
0.059173
0.109397
0.109397
0.085598
0.085598
0.377165
0.377165
0.041048
0.041048
0.356081
0.356081
0.066283
0.066283
0.111714
0.111714
0.078133
0.078133
0.131421
0.131421
0.067910
0.067910
0.129226
0.129226
0.030471
0.030471
0.056033
0.056033
0.051434
0.051434
0.075872
0.075872
0.092720
0.092720
0.108233
0.108233
0.272226
0.272226
0.218403
0.218403
0.105432
0.105432
0.230390
0.230390
0.116684
0.116684
0.112650
0.112650
0.058139
0.058139
0.212006
0.212006
0.078844
0.078844
0.050679
0.050679
0.098262
0.098262
0.103576
0.103576
0.117978
0.117978
0.142776
0.142776
0.106286
0.106286
0.168651
0.168651
0.081791
0.081791
0.237917
0.237917
0.120287
0.120287
0.174623
0.174623
0.086812
0.086812
0.019643
0.019643
0.093172
0.093172
0.081358
0.081358
0.155632
0.155632
0.130863
0.130863
0.101865
0.101865
0.152534
0.152534
0.147014
0.147014
0.076230
0.076230
0.133136
0.133136
0.072115
0.072115
0.164674
0.164674
0.076378
0.076378
0.119042
0.119042
0.076101
0.076101
0.077692
0.077692
0.099700
0.099700
0.076841
0.076841
0.071988
0.071988
0.104849
0.104849
0.112207
0.112207
0.106693
0.106693
0.201145
0.201145
0.108170
0.108170
0.066049
0.066049
0.104125
0.104125
0.105213
0.105213
0.203690
0.203690
0.122909
0.122909
0.116952
0.116952
0.109036
0.109036
0.321288
0.321288
0.034119
0.034119
0.140195
0.140195
0.072534
0.072534
0.168019
0.168019
0.114905
0.114905
0.132606
0.132606
0.081859
0.081859
0.039323
0.039323
0.166047
0.166047
0.070286
0.070286
0.056903
0.056903
0.446306
0.446306
0.066089
0.066089
0.068070
0.068070
0.087612
0.087612
0.169319
0.169319
0.051615
0.051615
0.079908
0.079908
0.160910
0.160910
0.204349
0.204349
0.068886
0.068886
0.113798
0.113798
0.155232
0.155232
0.090846
0.090846
0.049257
0.049257
0.081113
0.081113
0.174338
0.174338
0.124040
0.124040
0.075307
0.075307
0.082527
0.082527
0.104692
0.104692
0.025708
0.025708
0.112451
0.112451
0.164343
0.164343
0.092887
0.092887
0.063879
0.063879
0.054890
0.054890
0.114189
0.114189
0.100456
0.100456
0.046714
0.046714
0.055291
0.055291
0.069910
0.069910
0.110578
0.110578
0.154326
0.154326
0.027144
0.027144
0.116970
0.116970
0.048341
0.048341
0.139955
0.139955
0.123287
0.123287
0.095164
0.095164
0.087197
0.087197
0.062043
0.062043
0.050716
0.050716
0.089202
0.089202
0.181933
0.181933
0.103995
0.103995
0.074433
0.074433
0.065275
0.065275
0.078792
0.078792
0.149618
0.149618
0.121692
0.121692
0.169747
0.169747
0.073718
0.073718
0.039235
0.039235
0.128217
0.128217
0.126689
0.126689
0.094916
0.094916
0.232015
0.232015
0.028638
0.028638
0.089270
0.089270
0.168688
0.168688
0.106972
0.106972
0.117083
0.117083
0.086644
0.086644
0.036344
0.036344
0.091132
0.091132
0.098003
0.098003
0.065561
0.065561
0.145961
0.145961
0.161357
0.161357
0.054964
0.054964
0.070794
0.070794
0.142375
0.142375
0.433405
0.433405
0.127318
0.127318
0.268427
0.268427
0.081807
0.081807
0.112175
0.112175
0.432485
0.432485
0.138596
0.138596
0.077613
0.077613
0.092271
0.092271
0.033527
0.033527
0.221297
0.221297
0.072388
0.072388
0.175180
0.175180
0.075808
0.075808
0.080374
0.080374
0.111311
0.111311
0.198654
0.198654
0.054962
0.054962
0.103912
0.103912
0.127772
0.127772
0.033128
0.033128
0.076598
0.076598
0.186031
0.186031
0.138543
0.138543
0.034645
0.034645
0.130850
0.130850
0.362495
0.362495
0.202668
0.202668
0.224325
0.224325
0.067845
0.067845
0.036751
0.036751
0.215912
0.215912
0.337783
0.337783
0.184478
0.184478
0.072523
0.072523
0.176852
0.176852
0.263609
0.263609
0.088071
0.088071
0.059802
0.059802
0.041212
0.041212
0.068605
0.068605
0.112651
0.112651
0.115286
0.115286
0.126339
0.126339
0.062906
0.062906
0.061426
0.061426
0.219344
0.219344
0.260685
0.260685
0.076077
0.076077
0.228815
0.228815
0.154456
0.154456
0.136185
0.136185
0.067698
0.067698
0.071482
0.071482
0.154824
0.154824
0.053709
0.053709
0.035746
0.035746
0.087107
0.087107
0.279340
0.279340
0.183709
0.183709
0.060689
0.060689
0.057442
0.057442
0.121179
0.121179
0.181366
0.181366
0.137080
0.137080
0.173685
0.173685
0.043481
0.043481
0.076451
0.076451
0.068731
0.068731
0.210858
0.210858
0.200512
0.200512
0.086602
0.086602
0.138107
0.138107
0.044073
0.044073
0.086651
0.086651
0.074932
0.074932
0.127676
0.127676
0.105405
0.105405
0.148107
0.148107
0.108150
0.108150
0.130931
0.130931
0.166025
0.166025
0.100288
0.100288
0.130167
0.130167
0.160650
0.160650
0.062474
0.062474
0.055762
0.055762
0.093546
0.093546
0.043100
0.043100
0.106656
0.106656
0.189991
0.189991
0.077830
0.077830
0.051088
0.051088
0.152022
0.152022
0.022030
0.022030
0.114976
0.114976
0.086202
0.086202
0.078575
0.078575
0.055127
0.055127
0.053841
0.053841
0.098881
0.098881
0.055279
0.055279
0.049453
0.049453
0.249701
0.249701
0.125934
0.125934
0.246720
0.246720
0.178022
0.178022
0.146546
0.146546
0.085612
0.085612
0.082161
0.082161
0.148691
0.148691
0.440398
0.440398
0.099969
0.099969
0.091637
0.091637
0.081541
0.081541
0.047147
0.047147
0.098676
0.098676
0.047657
0.047657
0.099719
0.099719
0.156933
0.156933
0.038030
0.038030
0.056394
0.056394
0.053254
0.053254
0.161924
0.161924
0.350264
0.350264
0.097442
0.097442
0.183916
0.183916
0.148333
0.148333
0.099024
0.099024
0.101389
0.101389
0.087829
0.087829
0.130654
0.130654
0.126730
0.126730
0.071188
0.071188
0.050798
0.050798
0.085756
0.085756
0.192780
0.192780
0.080339
0.080339
0.312257
0.312257
0.243235
0.243235
0.034525
0.034525
0.095844
0.095844
0.049418
0.049418
0.213638
0.213638
0.075680
0.075680
0.098512
0.098512
0.104347
0.104347
0.273544
0.273544
0.067917
0.067917
0.085381
0.085381
0.114504
0.114504
0.092198
0.092198
0.162815
0.162815
0.065559
0.065559
0.185490
0.185490
0.095770
0.095770
0.102978
0.102978
0.090142
0.090142
0.085639
0.085639
0.277545
0.277545
0.092519
0.092519
0.108172
0.108172
0.229916
0.229916
0.067228
0.067228
0.208933
0.208933
0.089961
0.089961
0.110871
0.110871
0.085803
0.085803
0.123115
0.123115
0.077020
0.077020
0.114910
0.114910
0.068446
0.068446
0.137079
0.137079
0.197406
0.197406
0.112369
0.112369
0.046496
0.046496
0.172181
0.172181
0.084381
0.084381
0.067849
0.067849
0.068402
0.068402
0.070553
0.070553
0.094793
0.094793
0.116841
0.116841
0.080391
0.080391
0.110604
0.110604
0.116318
0.116318
0.158294
0.158294
0.105153
0.105153
0.070403
0.070403
0.099360
0.099360
0.043436
0.043436
0.051014
0.051014
0.030568
0.030568
0.050130
0.050130
0.072526
0.072526
0.122675
0.122675
0.099962
0.099962
0.073749
0.073749
0.059005
0.059005
0.099532
0.099532
0.050930
0.050930
0.096751
0.096751
0.215635
0.215635
0.389024
0.389024
0.125894
0.125894
0.103854
0.103854
0.106935
0.106935
0.047650
0.047650
0.136998
0.136998
0.072806
0.072806
0.177333
0.177333
0.230031
0.230031
0.148651
0.148651
0.135046
0.135046
0.090002
0.090002
0.330194
0.330194
0.053626
0.053626
0.084911
0.084911
0.183781
0.183781
0.058386
0.058386
0.176586
0.176586
0.072530
0.072530
0.204393
0.204393
0.055971
0.055971
0.040087
0.040087
0.119588
0.119588
0.060116
0.060116
0.080778
0.080778
0.144127
0.144127
0.232433
0.232433
0.118370
0.118370
0.038187
0.038187
0.182243
0.182243
0.058386
0.058386
0.111500
0.111500
0.231250
0.231250
0.144715
0.144715
0.119478
0.119478
0.039715
0.039715
0.082392
0.082392
0.074169
0.074169
0.102351
0.102351
0.069407
0.069407
0.125863
0.125863
0.173169
0.173169
0.111313
0.111313
0.088756
0.088756
0.086596
0.086596
0.188126
0.188126
0.045686
0.045686
0.086181
0.086181
0.113392
0.113392
0.147869
0.147869
0.099701
0.099701
0.202659
0.202659
0.043592
0.043592
0.044749
0.044749
0.095843
0.095843
0.096620
0.096620
0.171008
0.171008
0.136363
0.136363
0.070611
0.070611
0.035245
0.035245
0.163455
0.163455
0.071021
0.071021
0.068395
0.068395
0.206978
0.206978
0.176355
0.176355
0.110387
0.110387
0.046984
0.046984
0.109718
0.109718
0.097245
0.097245
0.244812
0.244812
0.112025
0.112025
0.151838
0.151838
0.105768
0.105768
0.182830
0.182830
0.063408
0.063408
0.081427
0.081427
0.051618
0.051618
0.112504
0.112504
0.192652
0.192652
0.126590
0.126590
0.044255
0.044255
0.075091
0.075091
0.083606
0.083606
0.193071
0.193071
0.121788
0.121788
0.119387
0.119387
0.120155
0.120155
0.082234
0.082234
0.054417
0.054417
0.151888
0.151888
0.111295
0.111295
0.077913
0.077913
0.119525
0.119525
0.119730
0.119730
0.134371
0.134371
0.093497
0.093497
0.080546
0.080546
0.066930
0.066930
0.109347
0.109347
0.046181
0.046181
0.287667
0.287667
0.074710
0.074710
0.036719
0.036719
0.147052
0.147052
0.039387
0.039387
0.126538
0.126538
0.054687
0.054687
0.024425
0.024425
0.106434
0.106434
0.120852
0.120852
0.157464
0.157464
0.341587
0.341587
0.061234
0.061234
0.055521
0.055521
0.125731
0.125731
0.060697
0.060697
0.162931
0.162931
0.192681
0.192681
0.098721
0.098721
0.155481
0.155481
0.185926
0.185926
0.169780
0.169780
0.114177
0.114177
0.049084
0.049084
0.104154
0.104154
0.118313
0.118313
0.478275
0.478275
0.031568
0.031568
0.134575
0.134575
0.114822
0.114822
0.228438
0.228438
0.116977
0.116977
0.133916
0.133916
0.056337
0.056337
0.115631
0.115631
0.062932
0.062932
0.219934
0.219934
0.118286
0.118286
0.231465
0.231465
0.045399
0.045399
0.049926
0.049926
0.252914
0.252914
0.101598
0.101598
0.251530
0.251530
0.025550
0.025550
0.030672
0.030672
0.096393
0.096393
0.223238
0.223238
0.095158
0.095158
0.222326
0.222326
0.054699
0.054699
0.051140
0.051140
0.161144
0.161144
0.317813
0.317813
0.025205
0.025205
0.065323
0.065323
0.029359
0.029359
0.099921
0.099921
0.177745
0.177745
0.149244
0.149244
0.043772
0.043772
0.145109
0.145109
0.344341
0.344341
0.043269
0.043269
0.063612
0.063612
0.065926
0.065926
0.160169
0.160169
0.128078
0.128078
0.206144
0.206144
0.076361
0.076361
0.057690
0.057690
0.179165
0.179165
0.091633
0.091633
0.055377
0.055377
0.029956
0.029956
0.040194
0.040194
0.057255
0.057255
0.038287
0.038287
0.167294
0.167294
0.052894
0.052894
0.034613
0.034613
0.141172
0.141172
0.059709
0.059709
0.113275
0.113275
0.104371
0.104371
0.145001
0.145001
0.050449
0.050449
0.145039
0.145039
0.095712
0.095712
0.129591
0.129591
0.188804
0.188804
0.052242
0.052242
0.097501
0.097501
0.129582
0.129582
0.150086
0.150086
0.217901
0.217901
0.164896
0.164896
0.098749
0.098749
0.121407
0.121407
0.083633
0.083633
0.046602
0.046602
0.050152
0.050152
0.242287
0.242287
0.088355
0.088355
0.067545
0.067545
0.071986
0.071986
0.166675
0.166675
0.051071
0.051071
0.138250
0.138250
0.131555
0.131555
0.076265
0.076265
0.062737
0.062737
0.108456
0.108456
0.324229
0.324229
0.078154
0.078154
0.176861
0.176861
0.279857
0.279857
0.132738
0.132738
0.126809
0.126809
0.121344
0.121344
0.113035
0.113035
0.087904
0.087904
0.039573
0.039573
0.093166
0.093166
0.071211
0.071211
0.085868
0.085868
0.377250
0.377250
0.073682
0.073682
0.039459
0.039459
0.085344
0.085344
0.087915
0.087915
0.156948
0.156948
0.094622
0.094622
0.238488
0.238488
0.213772
0.213772
0.057552
0.057552
0.152852
0.152852
0.172960
0.172960
0.099496
0.099496
0.332720
0.332720
0.050462
0.050462
0.163151
0.163151
0.069417
0.069417
0.174045
0.174045
0.042756
0.042756
0.102876
0.102876
0.138279
0.138279
0.118980
0.118980
0.107665
0.107665
0.059363
0.059363
0.163087
0.163087
0.122567
0.122567
0.074981
0.074981
0.074930
0.074930
0.066019
0.066019
0.071814
0.071814
0.188345
0.188345
0.168076
0.168076
0.267548
0.267548
0.050260
0.050260
0.053807
0.053807
0.134582
0.134582
0.166239
0.166239
0.168830
0.168830
0.061160
0.061160
0.157347
0.157347
0.108144
0.108144
0.118459
0.118459
0.024491
0.024491
0.211021
0.211021
0.140492
0.140492
0.085016
0.085016
0.073499
0.073499
0.138802
0.138802
0.129049
0.129049
0.106543
0.106543
0.168335
0.168335
0.191439
0.191439
0.077689
0.077689
0.096475
0.096475
0.125834
0.125834
0.110987
0.110987
0.104597
0.104597
0.070043
0.070043
0.094713
0.094713
0.079426
0.079426
0.166343
0.166343
0.099479
0.099479
0.057010
0.057010
0.128660
0.128660
0.071184
0.071184
0.062966
0.062966
0.076189
0.076189
0.077604
0.077604
0.089689
0.089689
0.107035
0.107035
0.140974
0.140974
0.108920
0.108920
0.054833
0.054833
0.114003
0.114003
0.116850
0.116850
0.125751
0.125751
0.292407
0.292407
0.173760
0.173760
0.053964
0.053964
0.082481
0.082481
0.149456
0.149456
0.331659
0.331659
0.108334
0.108334
0.049339
0.049339
0.114376
0.114376
0.080324
0.080324
0.044035
0.044035
0.095110
0.095110
0.114489
0.114489
0.096249
0.096249
0.150753
0.150753
0.129692
0.129692
0.172478
0.172478
0.078685
0.078685
0.080811
0.080811
0.174683
0.174683
0.041804
0.041804
0.194943
0.194943
0.077342
0.077342
0.246697
0.246697
0.043534
0.043534
0.041879
0.041879
0.135862
0.135862
0.187464
0.187464
0.087884
0.087884
0.121972
0.121972
0.202657
0.202657
0.107222
0.107222
0.131540
0.131540
0.099495
0.099495
0.121155
0.121155
0.150365
0.150365
0.073643
0.073643
0.139590
0.139590
0.060804
0.060804
0.039625
0.039625
0.045044
0.045044
0.090270
0.090270
0.110377
0.110377
0.134442
0.134442
0.113962
0.113962
0.061746
0.061746
0.108404
0.108404
0.118468
0.118468
0.157581
0.157581
0.193572
0.193572
0.126308
0.126308
0.073367
0.073367
0.046342
0.046342
0.082102
0.082102
0.068032
0.068032
0.210975
0.210975
0.116568
0.116568
0.028751
0.028751
0.115948
0.115948
0.222953
0.222953
0.070826
0.070826
0.084080
0.084080
0.049276
0.049276
0.135118
0.135118
0.122377
0.122377
0.108078
0.108078
0.204686
0.204686
0.046043
0.046043
0.061619
0.061619
0.065862
0.065862
0.092961
0.092961
0.169571
0.169571
0.101084
0.101084
0.217173
0.217173
0.108607
0.108607
0.045815
0.045815
0.045384
0.045384
0.112084
0.112084
0.071275
0.071275
0.082878
0.082878
0.072109
0.072109
0.164209
0.164209
0.031996
0.031996
0.097936
0.097936
0.136553
0.136553
0.126666
0.126666
0.222235
0.222235
0.093445
0.093445
0.145684
0.145684
0.458205
0.458205
0.151039
0.151039
0.135373
0.135373
0.056545
0.056545
0.087491
0.087491
0.264530
0.264530
0.186072
0.186072
0.050630
0.050630
0.208870
0.208870
0.058082
0.058082
0.022527
0.022527
0.366708
0.366708
0.087403
0.087403
0.179576
0.179576
0.088342
0.088342
0.052313
0.052313
0.046089
0.046089
0.106615
0.106615
0.073005
0.073005
0.242697
0.242697
0.164241
0.164241
0.052457
0.052457
0.092031
0.092031
0.034628
0.034628
0.052161
0.052161
0.107933
0.107933
0.157000
0.157000
0.093333
0.093333
0.047451
0.047451
0.375443
0.375443
0.050936
0.050936
0.057762
0.057762
0.067300
0.067300
0.371674
0.371674
0.086576
0.086576
0.123947
0.123947
0.131639
0.131639
0.033016
0.033016
0.128591
0.128591
0.116623
0.116623
0.087032
0.087032
0.168572
0.168572
0.050620
0.050620
0.036847
0.036847
0.051965
0.051965
0.214759
0.214759
0.133023
0.133023
0.024034
0.024034
0.223491
0.223491
0.034544
0.034544
0.070666
0.070666
0.105879
0.105879
0.068444
0.068444
0.136392
0.136392
0.077539
0.077539
0.040749
0.040749
0.081059
0.081059
0.231622
0.231622
0.116136
0.116136
0.228411
0.228411
0.082527
0.082527
0.112932
0.112932
0.073617
0.073617
0.098673
0.098673
0.219041
0.219041
0.065319
0.065319
0.045200
0.045200
0.176861
0.176861
0.152872
0.152872
0.093667
0.093667
0.106997
0.106997
0.042569
0.042569
0.204734
0.204734
0.140265
0.140265
0.217164
0.217164
0.057558
0.057558
0.111906
0.111906
0.173837
0.173837
0.127691
0.127691
0.093815
0.093815
0.039905
0.039905
0.071548
0.071548
0.262383
0.262383
0.102718
0.102718
0.152517
0.152517
0.133433
0.133433
0.144968
0.144968
0.100705
0.100705
0.131282
0.131282
0.097738
0.097738
0.088185
0.088185
0.044683
0.044683
0.110519
0.110519
0.087584
0.087584
0.040925
0.040925
0.051381
0.051381
0.133973
0.133973
0.055303
0.055303
0.042358
0.042358
0.053351
0.053351
0.049862
0.049862
0.068757
0.068757
0.060231
0.060231
0.041347
0.041347
0.045992
0.045992
0.261665
0.261665
0.066078
0.066078
0.026821
0.026821
0.126723
0.126723
0.126337
0.126337
0.087002
0.087002
0.077125
0.077125
0.143838
0.143838
0.096918
0.096918
0.055801
0.055801
0.148752
0.148752
0.125338
0.125338
0.091750
0.091750
0.053001
0.053001
0.251723
0.251723
0.076086
0.076086
0.192788
0.192788
0.164571
0.164571
0.091154
0.091154
0.020346
0.020346
0.048670
0.048670
0.057193
0.057193
0.037500
0.037500
0.125804
0.125804
0.174165
0.174165
0.103472
0.103472
0.068729
0.068729
0.215643
0.215643
0.139250
0.139250
0.063784
0.063784
0.049093
0.049093
0.147436
0.147436
0.067813
0.067813
0.469798
0.469798
0.224894
0.224894
0.102682
0.102682
0.084254
0.084254
0.185092
0.185092
0.102770
0.102770
0.229301
0.229301
0.156627
0.156627
0.072423
0.072423
0.304523
0.304523
0.062158
0.062158
0.324416
0.324416
0.112264
0.112264
0.141472
0.141472
0.088770
0.088770
0.160627
0.160627
0.070439
0.070439
0.097529
0.097529
0.083417
0.083417
0.184767
0.184767
0.119131
0.119131
0.046147
0.046147
0.156850
0.156850
0.077472
0.077472
0.117906
0.117906
0.080388
0.080388
0.150643
0.150643
0.093471
0.093471
0.143260
0.143260
0.167549
0.167549
0.190515
0.190515
0.047149
0.047149
0.078383
0.078383
0.134142
0.134142
0.104202
0.104202
0.169846
0.169846
0.109260
0.109260
0.121031
0.121031
0.106420
0.106420
0.115273
0.115273
0.249297
0.249297
0.086493
0.086493
0.117695
0.117695
0.205431
0.205431
0.043141
0.043141
0.056099
0.056099
0.346086
0.346086
0.085292
0.085292
0.129188
0.129188
0.089551
0.089551
0.045834
0.045834
0.360052
0.360052
0.122948
0.122948
0.301467
0.301467
0.116283
0.116283
0.084350
0.084350
0.152619
0.152619
0.187487
0.187487
0.188886
0.188886
0.091257
0.091257
0.044238
0.044238
0.045232
0.045232
0.130948
0.130948
0.157733
0.157733
0.073529
0.073529
0.081087
0.081087
0.072763
0.072763
0.029157
0.029157
0.060060
0.060060
0.159528
0.159528
0.078356
0.078356
0.130280
0.130280
0.120657
0.120657
0.079766
0.079766
0.113172
0.113172
0.078408
0.078408
0.083696
0.083696
0.028543
0.028543
0.169693
0.169693
0.186142
0.186142
0.074940
0.074940
0.064503
0.064503
0.027126
0.027126
0.044669
0.044669
0.068447
0.068447
0.201655
0.201655
0.083764
0.083764
0.062041
0.062041
0.076672
0.076672
0.175751
0.175751
0.130013
0.130013
0.178167
0.178167
0.075803
0.075803
0.070678
0.070678
0.063944
0.063944
0.197008
0.197008
0.109561
0.109561
0.087364
0.087364
0.140229
0.140229
0.141730
0.141730
0.266252
0.266252
0.111855
0.111855
0.050363
0.050363
0.206238
0.206238
0.054858
0.054858
0.251979
0.251979
0.127498
0.127498
0.060484
0.060484
0.086164
0.086164
0.092725
0.092725
0.157158
0.157158
0.083235
0.083235
0.076226
0.076226
0.186606
0.186606
0.060166
0.060166
0.077229
0.077229
0.063392
0.063392
0.101753
0.101753
0.131634
0.131634
0.137708
0.137708
0.090182
0.090182
0.079589
0.079589
0.102022
0.102022
0.044404
0.044404
0.090609
0.090609
0.436204
0.436204
0.047392
0.047392
0.059617
0.059617
0.075487
0.075487
0.242999
0.242999
0.053358
0.053358
0.031576
0.031576
0.169971
0.169971
0.269841
0.269841
0.221692
0.221692
0.334051
0.334051
0.062096
0.062096
0.217181
0.217181
0.058598
0.058598
0.102587
0.102587
0.148082
0.148082
0.053671
0.053671
0.104480
0.104480
0.047377
0.047377
0.039171
0.039171
0.137158
0.137158
0.064289
0.064289
0.155369
0.155369
0.035750
0.035750
0.145664
0.145664
0.086102
0.086102
0.122334
0.122334
0.066535
0.066535
0.079591
0.079591
0.107963
0.107963
0.061718
0.061718
0.113622
0.113622
0.116006
0.116006
0.118970
0.118970
0.124024
0.124024
0.071504
0.071504
0.038012
0.038012
0.059026
0.059026
0.036812
0.036812
0.348460
0.348460
0.075215
0.075215
0.176317
0.176317
0.135195
0.135195
0.191978
0.191978
0.052531
0.052531
0.077971
0.077971
0.055056
0.055056
0.032568
0.032568
0.067657
0.067657
0.174219
0.174219
0.226777
0.226777
0.046930
0.046930
0.171745
0.171745
0.067268
0.067268
0.176319
0.176319
0.214724
0.214724
0.100687
0.100687
0.092220
0.092220
0.046163
0.046163
0.077766
0.077766
0.189804
0.189804
0.130382
0.130382
0.165903
0.165903
0.142535
0.142535
0.080076
0.080076
0.087401
0.087401
0.124285
0.124285
0.062393
0.062393
0.250777
0.250777
0.203102
0.203102
0.070959
0.070959
0.142468
0.142468
0.138903
0.138903
0.118593
0.118593
0.207848
0.207848
0.087221
0.087221
0.097085
0.097085
0.173836
0.173836
0.033526
0.033526
0.206360
0.206360
0.064784
0.064784
0.179667
0.179667
0.047164
0.047164
0.032249
0.032249
0.059155
0.059155
0.197922
0.197922
0.113658
0.113658
0.134527
0.134527
0.202010
0.202010
0.180083
0.180083
0.106871
0.106871
0.126058
0.126058
0.040853
0.040853
0.067167
0.067167
0.064471
0.064471
0.068989
0.068989
0.080619
0.080619
0.035456
0.035456
0.246539
0.246539
0.143243
0.143243
0.194998
0.194998
0.050602
0.050602
0.067365
0.067365
0.049989
0.049989
0.037778
0.037778
0.125655
0.125655
0.100477
0.100477
0.103190
0.103190
0.058173
0.058173
0.110097
0.110097
0.179148
0.179148
0.092869
0.092869
0.029105
0.029105
0.093532
0.093532
0.099082
0.099082
0.054948
0.054948
0.139544
0.139544
0.087436
0.087436
0.103942
0.103942
0.199539
0.199539
0.038024
0.038024
0.082329
0.082329
0.089799
0.089799
0.038158
0.038158
0.115247
0.115247
0.041355
0.041355
0.069265
0.069265
0.081973
0.081973
0.100249
0.100249
0.189275
0.189275
0.131116
0.131116
0.100322
0.100322
0.246971
0.246971
0.159561
0.159561
0.084254
0.084254
0.098198
0.098198
0.055758
0.055758
0.128151
0.128151
0.064445
0.064445
0.080728
0.080728
0.069384
0.069384
0.075928
0.075928
0.107752
0.107752
0.054155
0.054155
0.125793
0.125793
0.060693
0.060693
0.157048
0.157048
0.083306
0.083306
0.102152
0.102152
0.061269
0.061269
0.146453
0.146453
0.282265
0.282265
0.173809
0.173809
0.058743
0.058743
0.109087
0.109087
0.056904
0.056904
0.117481
0.117481
0.089237
0.089237
0.174753
0.174753
0.059015
0.059015
0.175008
0.175008
0.031156
0.031156
0.107233
0.107233
0.139375
0.139375
0.105056
0.105056
0.114687
0.114687
0.143490
0.143490
0.054766
0.054766
0.200895
0.200895
0.112956
0.112956
0.155204
0.155204
0.082366
0.082366
0.105818
0.105818
0.036272
0.036272
0.125735
0.125735
0.115904
0.115904
0.320958
0.320958
0.241527
0.241527
0.106547
0.106547
0.086440
0.086440
0.102590
0.102590
0.044163
0.044163
0.052744
0.052744
0.229903
0.229903
0.096619
0.096619
0.246335
0.246335
0.044040
0.044040
0.052342
0.052342
0.093314
0.093314
0.044047
0.044047
0.139560
0.139560
0.066191
0.066191
0.141919
0.141919
0.070279
0.070279
0.149212
0.149212
0.086191
0.086191
0.160633
0.160633
0.055373
0.055373
0.150030
0.150030
0.082533
0.082533
0.041896
0.041896
0.167677
0.167677
0.055011
0.055011
0.022774
0.022774
0.123567
0.123567
0.160012
0.160012
0.068755
0.068755
0.075377
0.075377
0.119575
0.119575
0.164713
0.164713
0.047323
0.047323
0.049247
0.049247
0.096287
0.096287
0.146577
0.146577
0.038915
0.038915
0.092494
0.092494
0.070894
0.070894
0.084294
0.084294
0.130410
0.130410
0.048650
0.048650
0.051931
0.051931
0.086396
0.086396
0.090214
0.090214
0.072683
0.072683
0.065725
0.065725
0.036547
0.036547
0.244192
0.244192
0.049934
0.049934
0.155420
0.155420
0.075120
0.075120
0.319278
0.319278
0.143593
0.143593
0.083761
0.083761
0.099975
0.099975
0.193566
0.193566
0.124517
0.124517
0.192681
0.192681
0.165627
0.165627
0.216175
0.216175
0.156092
0.156092
0.082886
0.082886
0.119263
0.119263
0.151211
0.151211
0.094242
0.094242
0.160290
0.160290
0.135344
0.135344
0.140740
0.140740
0.199657
0.199657
0.121244
0.121244
0.084301
0.084301
0.144355
0.144355
0.076943
0.076943
0.031164
0.031164
0.217371
0.217371
0.055371
0.055371
0.140152
0.140152
0.036838
0.036838
0.392500
0.392500
0.050684
0.050684
0.218078
0.218078
0.082428
0.082428
0.082970
0.082970
0.113996
0.113996
0.040345
0.040345
0.158306
0.158306
0.094672
0.094672
0.112767
0.112767
0.341575
0.341575
0.250793
0.250793
0.159435
0.159435
0.093623
0.093623
0.043461
0.043461
0.097230
0.097230
0.447829
0.447829
0.077803
0.077803
0.023543
0.023543
0.163772
0.163772
0.077063
0.077063
0.150203
0.150203
0.115523
0.115523
0.124347
0.124347
0.137779
0.137779
0.283755
0.283755
0.054846
0.054846
0.082912
0.082912
0.103792
0.103792
0.047607
0.047607
0.026896
0.026896
0.120464
0.120464
0.056126
0.056126
0.345832
0.345832
0.262116
0.262116
0.113823
0.113823
0.209527
0.209527
0.193675
0.193675
0.053156
0.053156
0.098905
0.098905
0.104567
0.104567
0.190009
0.190009
0.049839
0.049839
0.059440
0.059440
0.043484
0.043484
0.057732
0.057732
0.100813
0.100813
0.196041
0.196041
0.097753
0.097753
0.034370
0.034370
0.147124
0.147124
0.185951
0.185951
0.117571
0.117571
0.121435
0.121435
0.060710
0.060710
0.056255
0.056255
0.179204
0.179204
0.338056
0.338056
0.047774
0.047774
0.083890
0.083890
0.136505
0.136505
0.042350
0.042350
0.221087
0.221087
0.096312
0.096312
0.088318
0.088318
0.224776
0.224776
0.055666
0.055666
0.065798
0.065798
0.091278
0.091278
0.064014
0.064014
0.161866
0.161866
0.051643
0.051643
0.090201
0.090201
0.089700
0.089700
0.114021
0.114021
0.111500
0.111500
0.087558
0.087558
0.117398
0.117398
0.041901
0.041901
0.029740
0.029740
0.079062
0.079062
0.089504
0.089504
0.222001
0.222001
0.050400
0.050400
0.046886
0.046886
0.059975
0.059975
0.098869
0.098869
0.072619
0.072619
0.136285
0.136285
0.080265
0.080265
0.063595
0.063595
0.040610
0.040610
0.037043
0.037043
0.138024
0.138024
0.083544
0.083544
0.185891
0.185891
0.149248
0.149248
0.020972
0.020972
0.311634
0.311634
0.095121
0.095121
0.067921
0.067921
0.367455
0.367455
0.150256
0.150256
0.372789
0.372789
0.093481
0.093481
0.174522
0.174522
0.220570
0.220570
0.259072
0.259072
0.186688
0.186688
0.093915
0.093915
0.040315
0.040315
0.103652
0.103652
0.113454
0.113454
0.032812
0.032812
0.067980
0.067980
0.079828
0.079828
0.082792
0.082792
0.147930
0.147930
0.120585
0.120585
0.125286
0.125286
0.061177
0.061177
0.131690
0.131690
0.100266
0.100266
0.052294
0.052294
0.026837
0.026837
0.131388
0.131388
0.096970
0.096970
0.316397
0.316397
0.135269
0.135269
0.044831
0.044831
0.060211
0.060211
0.110356
0.110356
0.098490
0.098490
0.064391
0.064391
0.086498
0.086498
0.062572
0.062572
0.113120
0.113120
0.126328
0.126328
0.055260
0.055260
0.155059
0.155059
0.086551
0.086551
0.056921
0.056921
0.130096
0.130096
0.186535
0.186535
0.113218
0.113218
0.078559
0.078559
0.118955
0.118955
0.032954
0.032954
0.119644
0.119644
0.092356
0.092356
0.132577
0.132577
0.153984
0.153984
0.131541
0.131541
0.092289
0.092289
0.262665
0.262665
0.050358
0.050358
0.063373
0.063373
0.128090
0.128090
0.060539
0.060539
0.056784
0.056784
0.017237
0.017237
0.082361
0.082361
0.291995
0.291995
0.140540
0.140540
0.083398
0.083398
0.071903
0.071903
0.190265
0.190265
0.060715
0.060715
0.102421
0.102421
0.070262
0.070262
0.092091
0.092091
0.072760
0.072760
0.080112
0.080112
0.109258
0.109258
0.098760
0.098760
0.218700
0.218700
0.072606
0.072606
0.123588
0.123588
0.044262
0.044262
0.062759
0.062759
0.156463
0.156463
0.142957
0.142957
0.181227
0.181227
0.064785
0.064785
0.165681
0.165681
0.105730
0.105730
0.070932
0.070932
0.124630
0.124630
0.044382
0.044382
0.126371
0.126371
0.107205
0.107205
0.082445
0.082445
0.050040
0.050040
0.066849
0.066849
0.051681
0.051681
0.064889
0.064889
0.054923
0.054923
0.082035
0.082035
0.295151
0.295151
0.067796
0.067796
0.072260
0.072260
0.065253
0.065253
0.081577
0.081577
0.102997
0.102997
0.060524
0.060524
0.033003
0.033003
0.029144
0.029144
0.066318
0.066318
0.204388
0.204388
0.138517
0.138517
0.160665
0.160665
0.297022
0.297022
0.042226
0.042226
0.124591
0.124591
0.047235
0.047235
0.058806
0.058806
0.062256
0.062256
0.285083
0.285083
0.048779
0.048779
0.076795
0.076795
0.051808
0.051808
0.396572
0.396572
0.158696
0.158696
0.036859
0.036859
0.073880
0.073880
0.050445
0.050445
0.079471
0.079471
0.047713
0.047713
0.222192
0.222192
0.116328
0.116328
0.062616
0.062616
0.096195
0.096195
0.070671
0.070671
0.122472
0.122472
0.118186
0.118186
0.161650
0.161650
0.047491
0.047491
0.130038
0.130038
0.058160
0.058160
0.046198
0.046198
0.030871
0.030871
0.090025
0.090025
0.161385
0.161385
0.061298
0.061298
0.061447
0.061447
0.100399
0.100399
0.058106
0.058106
0.108986
0.108986
0.288667
0.288667
0.040603
0.040603
0.114267
0.114267
0.172617
0.172617
0.137423
0.137423
0.098772
0.098772
0.119899
0.119899
0.130178
0.130178
0.058276
0.058276
0.048470
0.048470
0.190935
0.190935
0.077359
0.077359
0.105371
0.105371
0.085853
0.085853
0.149070
0.149070
0.126311
0.126311
0.051600
0.051600
0.069356
0.069356
0.086081
0.086081
0.086420
0.086420
0.105271
0.105271
0.056270
0.056270
0.137741
0.137741
0.101634
0.101634
0.265561
0.265561
0.078789
0.078789
0.112174
0.112174
0.099327
0.099327
0.048041
0.048041
0.054028
0.054028
0.046819
0.046819
0.279131
0.279131
0.118683
0.118683
0.090836
0.090836
0.257960
0.257960
0.088442
0.088442
0.070453
0.070453
0.099853
0.099853
0.070053
0.070053
0.171213
0.171213
0.116027
0.116027
0.218740
0.218740
0.175491
0.175491
0.129325
0.129325
0.211357
0.211357
0.200732
0.200732
0.139708
0.139708
0.223196
0.223196
0.355541
0.355541
0.107726
0.107726
0.090793
0.090793
0.184586
0.184586
0.064872
0.064872
0.057950
0.057950
0.198078
0.198078
0.074906
0.074906
0.176271
0.176271
0.185863
0.185863
0.044436
0.044436
0.305614
0.305614
0.129952
0.129952
0.164657
0.164657
0.049278
0.049278
0.112425
0.112425
0.072880
0.072880
0.083839
0.083839
0.029198
0.029198
0.068086
0.068086
0.082842
0.082842
0.323737
0.323737
0.132477
0.132477
0.211465
0.211465
0.081509
0.081509
0.156735
0.156735
0.097859
0.097859
0.199061
0.199061
0.086372
0.086372
0.410228
0.410228
0.053702
0.053702
0.099683
0.099683
0.080851
0.080851
0.117904
0.117904
0.056315
0.056315
0.076837
0.076837
0.110335
0.110335
0.174102
0.174102
0.061408
0.061408
0.083287
0.083287
0.114970
0.114970
0.058910
0.058910
0.162465
0.162465
0.122639
0.122639
0.057113
0.057113
0.020553
0.020553
0.252059
0.252059
0.122037
0.122037
0.177690
0.177690
0.111963
0.111963
0.036017
0.036017
0.044273
0.044273
0.213241
0.213241
0.104087
0.104087
0.208988
0.208988
0.231845
0.231845
0.205592
0.205592
0.101742
0.101742
0.053388
0.053388
0.070347
0.070347
0.349159
0.349159
0.132873
0.132873
0.085932
0.085932
0.076827
0.076827
0.053733
0.053733
0.062259
0.062259
0.092986
0.092986
0.093425
0.093425
0.092712
0.092712
0.116404
0.116404
0.084074
0.084074
0.147356
0.147356
0.062662
0.062662
0.078544
0.078544
0.056496
0.056496
0.142958
0.142958
0.068013
0.068013
0.096110
0.096110
0.050247
0.050247
0.048004
0.048004
0.149303
0.149303
0.068945
0.068945
0.308312
0.308312
0.171018
0.171018
0.192668
0.192668
0.093592
0.093592
0.156867
0.156867
0.131163
0.131163
0.109327
0.109327
0.116507
0.116507
0.114995
0.114995
0.102797
0.102797
0.095983
0.095983
0.084322
0.084322
0.110302
0.110302
0.087430
0.087430
0.046778
0.046778
0.072567
0.072567
0.060677
0.060677
0.141860
0.141860
0.066915
0.066915
0.168527
0.168527
0.203547
0.203547
0.140378
0.140378
0.163478
0.163478
0.226260
0.226260
0.221155
0.221155
0.075000
0.075000
0.088435
0.088435
0.068299
0.068299
0.101890
0.101890
0.111329
0.111329
0.110241
0.110241
0.103524
0.103524
0.116061
0.116061
0.330275
0.330275
0.149420
0.149420
0.152585
0.152585
0.346210
0.346210
0.081477
0.081477
0.025405
0.025405
0.141506
0.141506
0.136321
0.136321
0.164046
0.164046
0.041169
0.041169
0.115794
0.115794
0.082893
0.082893
0.099371
0.099371
0.170264
0.170264
0.204727
0.204727
0.045661
0.045661
0.040995
0.040995
0.100281
0.100281
0.108570
0.108570
0.148457
0.148457
0.080400
0.080400
0.127022
0.127022
0.112190
0.112190
0.023291
0.023291
0.069533
0.069533
0.102683
0.102683
0.055643
0.055643
0.145133
0.145133
0.042889
0.042889
0.091006
0.091006
0.062657
0.062657
0.133821
0.133821
0.059588
0.059588
0.071261
0.071261
0.066354
0.066354
0.175878
0.175878
0.048756
0.048756
0.050737
0.050737
0.055705
0.055705
0.178751
0.178751
0.040267
0.040267
0.071070
0.071070
0.091530
0.091530
0.038391
0.038391
0.089104
0.089104
0.120232
0.120232
0.151696
0.151696
0.079870
0.079870
0.079979
0.079979
0.112824
0.112824
0.128610
0.128610
0.130515
0.130515
0.236822
0.236822
0.198445
0.198445
0.073242
0.073242
0.116066
0.116066
0.176209
0.176209
0.089974
0.089974
0.072422
0.072422
0.066731
0.066731
0.047372
0.047372
0.138912
0.138912
0.164945
0.164945
0.098024
0.098024
0.058171
0.058171
0.064696
0.064696
0.057575
0.057575
0.067680
0.067680
0.179684
0.179684
0.074612
0.074612
0.123406
0.123406
0.089398
0.089398
0.187620
0.187620
0.104199
0.104199
0.090134
0.090134
0.130081
0.130081
0.136481
0.136481
0.080450
0.080450
0.080067
0.080067
0.065207
0.065207
0.062653
0.062653
0.031788
0.031788
0.092311
0.092311
0.218287
0.218287
0.051113
0.051113
0.116375
0.116375
0.069394
0.069394
0.080861
0.080861
0.041707
0.041707
0.086872
0.086872
0.144264
0.144264
0.145122
0.145122
0.108188
0.108188
0.108655
0.108655
0.129759
0.129759
0.142944
0.142944
0.057016
0.057016
0.041119
0.041119
0.083433
0.083433
0.137674
0.137674
0.201718
0.201718
0.124873
0.124873
0.113366
0.113366
0.031580
0.031580
0.091983
0.091983
0.059524
0.059524
0.073593
0.073593
0.158393
0.158393
0.077291
0.077291
0.043536
0.043536
0.085216
0.085216
0.062269
0.062269
0.073683
0.073683
0.053795
0.053795
0.060877
0.060877
0.321405
0.321405
0.182244
0.182244
0.048404
0.048404
0.029140
0.029140
0.103005
0.103005
0.149384
0.149384
0.263698
0.263698
0.051458
0.051458
0.305617
0.305617
0.040588
0.040588
0.152300
0.152300
0.107047
0.107047
0.168343
0.168343
0.210374
0.210374
0.187720
0.187720
0.077427
0.077427
0.141517
0.141517
0.106196
0.106196
0.068898
0.068898
0.037096
0.037096
0.034185
0.034185
0.115483
0.115483
0.150716
0.150716
0.110515
0.110515
0.108888
0.108888
0.041709
0.041709
0.059798
0.059798
0.053166
0.053166
0.060357
0.060357
0.057196
0.057196
0.035797
0.035797
0.218214
0.218214
0.237668
0.237668
0.292662
0.292662
0.146346
0.146346
0.138689
0.138689
0.154727
0.154727
0.095688
0.095688
0.139125
0.139125
0.059086
0.059086
0.032065
0.032065
0.262838
0.262838
0.037909
0.037909
0.073532
0.073532
0.157132
0.157132
0.142651
0.142651
0.218736
0.218736
0.114777
0.114777
0.064511
0.064511
0.144713
0.144713
0.094437
0.094437
0.122906
0.122906
0.153379
0.153379
0.053051
0.053051
0.039295
0.039295
0.173207
0.173207
0.067905
0.067905
0.085833
0.085833
0.140463
0.140463
0.069800
0.069800
0.034150
0.034150
0.099505
0.099505
0.028936
0.028936
0.032268
0.032268
0.116236
0.116236
0.138997
0.138997
0.175872
0.175872
0.175807
0.175807
0.057631
0.057631
0.059473
0.059473
0.101724
0.101724
0.025344
0.025344
0.152777
0.152777
0.081704
0.081704
0.062352
0.062352
0.213180
0.213180
0.124585
0.124585
0.094355
0.094355
0.097083
0.097083
0.117552
0.117552
0.473616
0.473616
0.080042
0.080042
0.079932
0.079932
0.316932
0.316932
0.089459
0.089459
0.093034
0.093034
0.089762
0.089762
0.108277
0.108277
0.078532
0.078532
0.151145
0.151145
0.137733
0.137733
0.492122
0.492122
0.033747
0.033747
0.096089
0.096089
0.129876
0.129876
0.134723
0.134723
0.052464
0.052464
0.095068
0.095068
0.063164
0.063164
0.154123
0.154123
0.037189
0.037189
0.129291
0.129291
0.294276
0.294276
0.048718
0.048718
0.098150
0.098150
0.319597
0.319597
0.039735
0.039735
0.050645
0.050645
0.055521
0.055521
0.065760
0.065760
0.040746
0.040746
0.121732
0.121732
0.124623
0.124623
0.040164
0.040164
0.048433
0.048433
0.243488
0.243488
0.040305
0.040305
0.051631
0.051631
0.104942
0.104942
0.021058
0.021058
0.075317
0.075317
0.095592
0.095592
0.286750
0.286750
0.082249
0.082249
0.178132
0.178132
0.122296
0.122296
0.135757
0.135757
0.060265
0.060265
0.084095
0.084095
0.191278
0.191278
0.155146
0.155146
0.059702
0.059702
0.348163
0.348163
0.078038
0.078038
0.085554
0.085554
0.105209
0.105209
0.119088
0.119088
0.056742
0.056742
0.097534
0.097534
0.102084
0.102084
0.175048
0.175048
0.099037
0.099037
0.056234
0.056234
0.234370
0.234370
0.102719
0.102719
0.094275
0.094275
0.143256
0.143256
0.070058
0.070058
0.086145
0.086145
0.125548
0.125548
0.114185
0.114185
0.070215
0.070215
0.112621
0.112621
0.078397
0.078397
0.084000
0.084000
0.361581
0.361581
0.092703
0.092703
0.048020
0.048020
0.114609
0.114609
0.093870
0.093870
0.077495
0.077495
0.040539
0.040539
0.117939
0.117939
0.093804
0.093804
0.095834
0.095834
0.081079
0.081079
0.112760
0.112760
0.306369
0.306369
0.088116
0.088116
0.124626
0.124626
0.081763
0.081763
0.070046
0.070046
0.163846
0.163846
0.054978
0.054978
0.042176
0.042176
0.147737
0.147737
0.129306
0.129306
0.045893
0.045893
0.078446
0.078446
0.081737
0.081737
0.071463
0.071463
0.160851
0.160851
0.187460
0.187460
0.230726
0.230726
0.137299
0.137299
0.077248
0.077248
0.102268
0.102268
0.088595
0.088595
0.073007
0.073007
0.054292
0.054292
0.176528
0.176528
0.089543
0.089543
0.064959
0.064959
0.087456
0.087456
0.044678
0.044678
0.115384
0.115384
0.146709
0.146709
0.065567
0.065567
0.043434
0.043434
0.090064
0.090064
0.102429
0.102429
0.203957
0.203957
0.221814
0.221814
0.137662
0.137662
0.398068
0.398068
0.169102
0.169102
0.095750
0.095750
0.036850
0.036850
0.067553
0.067553
0.114798
0.114798
0.145402
0.145402
0.072527
0.072527
0.160423
0.160423
0.032584
0.032584
0.115489
0.115489
0.117148
0.117148
0.121041
0.121041
0.041234
0.041234
0.055288
0.055288
0.077477
0.077477
0.048014
0.048014
0.115576
0.115576
0.105184
0.105184
0.147784
0.147784
0.126574
0.126574
0.177658
0.177658
0.118186
0.118186
0.131896
0.131896
0.147481
0.147481
0.273144
0.273144
0.079995
0.079995
0.046587
0.046587
0.153118
0.153118
0.061851
0.061851
0.040768
0.040768
0.117463
0.117463
0.068853
0.068853
0.058263
0.058263
0.377269
0.377269
0.138853
0.138853
0.091050
0.091050
0.070162
0.070162
0.085658
0.085658
0.071669
0.071669
0.258707
0.258707
0.109601
0.109601
0.073299
0.073299
0.204242
0.204242
0.076898
0.076898
0.081682
0.081682
0.103620
0.103620
0.108007
0.108007
0.064862
0.064862
0.082417
0.082417
0.044351
0.044351
0.170487
0.170487
0.097286
0.097286
0.123858
0.123858
0.056953
0.056953
0.124661
0.124661
0.069201
0.069201
0.145836
0.145836
0.102988
0.102988
0.064012
0.064012
0.067117
0.067117
0.057866
0.057866
0.068007
0.068007
0.100282
0.100282
0.066622
0.066622
0.143509
0.143509
0.092703
0.092703
0.254313
0.254313
0.057503
0.057503
0.187687
0.187687
0.106464
0.106464
0.081903
0.081903
0.038406
0.038406
0.060085
0.060085
0.051493
0.051493
0.133566
0.133566
0.074457
0.074457
0.141279
0.141279
0.077630
0.077630
0.093567
0.093567
0.085779
0.085779
0.063961
0.063961
0.105776
0.105776
0.064755
0.064755
0.050055
0.050055
0.087739
0.087739
0.042664
0.042664
0.196120
0.196120
0.056530
0.056530
0.137237
0.137237
0.138409
0.138409
0.073495
0.073495
0.058854
0.058854
0.190767
0.190767
0.049284
0.049284
0.244259
0.244259
0.147357
0.147357
0.037650
0.037650
0.055204
0.055204
0.040182
0.040182
0.160219
0.160219
0.054136
0.054136
0.131842
0.131842
0.077991
0.077991
0.200634
0.200634
0.059477
0.059477
0.023615
0.023615
0.114720
0.114720
0.129027
0.129027
0.052824
0.052824
0.078822
0.078822
0.091491
0.091491
0.084503
0.084503
0.067188
0.067188
0.171104
0.171104
0.072738
0.072738
0.102909
0.102909
0.046601
0.046601
0.166266
0.166266
0.167616
0.167616
0.062516
0.062516
0.153981
0.153981
0.153772
0.153772
0.121230
0.121230
0.135268
0.135268
0.115286
0.115286
0.150774
0.150774
0.125493
0.125493
0.105993
0.105993
0.055944
0.055944
0.084013
0.084013
0.065931
0.065931
0.043892
0.043892
0.113558
0.113558
0.394920
0.394920
0.167517
0.167517
0.075123
0.075123
0.076093
0.076093
0.054535
0.054535
0.096378
0.096378
0.131759
0.131759
0.172523
0.172523
0.030404
0.030404
0.056862
0.056862
0.081923
0.081923
0.281272
0.281272
0.170012
0.170012
0.197402
0.197402
0.188531
0.188531
0.101332
0.101332
0.158277
0.158277
0.032701
0.032701
0.071452
0.071452
0.140250
0.140250
0.058163
0.058163
0.125485
0.125485
0.062457
0.062457
0.099342
0.099342
0.050934
0.050934
0.109970
0.109970
0.134719
0.134719
0.167682
0.167682
0.024635
0.024635
0.075600
0.075600
0.140288
0.140288
0.084530
0.084530
0.102530
0.102530
0.046694
0.046694
0.066370
0.066370
0.063659
0.063659
0.074347
0.074347
0.024435
0.024435
0.096890
0.096890
0.142120
0.142120
0.133415
0.133415
0.394262
0.394262
0.067426
0.067426
0.156383
0.156383
0.049832
0.049832
0.268160
0.268160
0.060285
0.060285
0.124769
0.124769
0.107289
0.107289
0.111349
0.111349
0.163687
0.163687
0.051458
0.051458
0.227573
0.227573
0.101225
0.101225
0.216179
0.216179
0.182504
0.182504
0.162812
0.162812
0.136960
0.136960
0.243987
0.243987
0.077865
0.077865
0.093363
0.093363
0.296547
0.296547
0.124071
0.124071
0.114646
0.114646
0.449957
0.449957
0.128505
0.128505
0.110833
0.110833
0.078361
0.078361
0.226313
0.226313
0.099522
0.099522
0.099460
0.099460
0.133571
0.133571
0.040342
0.040342
0.071433
0.071433
0.041036
0.041036
0.142558
0.142558
0.143591
0.143591
0.067957
0.067957
0.074256
0.074256
0.049189
0.049189
0.138221
0.138221
0.193578
0.193578
0.146201
0.146201
0.133739
0.133739
0.124118
0.124118
0.154197
0.154197
0.055431
0.055431
0.154958
0.154958
0.066317
0.066317
0.046025
0.046025
0.103366
0.103366
0.098330
0.098330
0.039236
0.039236
0.209014
0.209014
0.215684
0.215684
0.181530
0.181530
0.313031
0.313031
0.050683
0.050683
0.317203
0.317203
0.261914
0.261914
0.144628
0.144628
0.163087
0.163087
0.041716
0.041716
0.121866
0.121866
0.116116
0.116116
0.090650
0.090650
0.112225
0.112225
0.029157
0.029157
0.093188
0.093188
0.103135
0.103135
0.096022
0.096022
0.039896
0.039896
0.125263
0.125263
0.073429
0.073429
0.043952
0.043952
0.061647
0.061647
0.120038
0.120038
0.074770
0.074770
0.037086
0.037086
0.110930
0.110930
0.066856
0.066856
0.318168
0.318168
0.047196
0.047196
0.082203
0.082203
0.133156
0.133156
0.102323
0.102323
0.135351
0.135351
0.081514
0.081514
0.122142
0.122142
0.150262
0.150262
0.090756
0.090756
0.034626
0.034626
0.175572
0.175572
0.079711
0.079711
0.109901
0.109901
0.114806
0.114806
0.233113
0.233113
0.081726
0.081726
0.109732
0.109732
0.157872
0.157872
0.374798
0.374798
0.056739
0.056739
0.193560
0.193560
0.133410
0.133410
0.062399
0.062399
0.039379
0.039379
0.139883
0.139883
0.068785
0.068785
0.099374
0.099374
0.096955
0.096955
0.051267
0.051267
0.130781
0.130781
0.087454
0.087454
0.041143
0.041143
0.030810
0.030810
0.154181
0.154181
0.127401
0.127401
0.097794
0.097794
0.039577
0.039577
0.174091
0.174091
0.153586
0.153586
0.090283
0.090283
0.046965
0.046965
0.292196
0.292196
0.048216
0.048216
0.140684
0.140684
0.078557
0.078557
0.234169
0.234169
0.207769
0.207769
0.180088
0.180088
0.094107
0.094107
0.115448
0.115448
0.066509
0.066509
0.053687
0.053687
0.119356
0.119356
0.124672
0.124672
0.028991
0.028991
0.119572
0.119572
0.229056
0.229056
0.173980
0.173980
0.094586
0.094586
0.095604
0.095604
0.096674
0.096674
0.128073
0.128073
0.069106
0.069106
0.064407
0.064407
0.063432
0.063432
0.071228
0.071228
0.067437
0.067437
0.087920
0.087920
0.138437
0.138437
0.104162
0.104162
0.061912
0.061912
0.227052
0.227052
0.085680
0.085680
0.213678
0.213678
0.143359
0.143359
0.070508
0.070508
0.060890
0.060890
0.081518
0.081518
0.025540
0.025540
0.055995
0.055995
0.276230
0.276230
0.099870
0.099870
0.089911
0.089911
0.314034
0.314034
0.029958
0.029958
0.152441
0.152441
0.105018
0.105018
0.040313
0.040313
0.096324
0.096324
0.123496
0.123496
0.054254
0.054254
0.052346
0.052346
0.097817
0.097817
0.044543
0.044543
0.106611
0.106611
0.039118
0.039118
0.043491
0.043491
0.109237
0.109237
0.111988
0.111988
0.106275
0.106275
0.074116
0.074116
0.135546
0.135546
0.059996
0.059996
0.126767
0.126767
0.056924
0.056924
0.033453
0.033453
0.156377
0.156377
0.063083
0.063083
0.243293
0.243293
0.090503
0.090503
0.171590
0.171590
0.032852
0.032852
0.077002
0.077002
0.202092
0.202092
0.116911
0.116911
0.141087
0.141087
0.081136
0.081136
0.034281
0.034281
0.043976
0.043976
0.205480
0.205480
0.080932
0.080932
0.176728
0.176728
0.119813
0.119813
0.053522
0.053522
0.033111
0.033111
0.106189
0.106189
0.083466
0.083466
0.148468
0.148468
0.102644
0.102644
0.070846
0.070846
0.295694
0.295694
0.181391
0.181391
0.129131
0.129131
0.067402
0.067402
0.074129
0.074129
0.129663
0.129663
0.079804
0.079804
0.217100
0.217100
0.060666
0.060666
0.087497
0.087497
0.136114
0.136114
0.186447
0.186447
0.315726
0.315726
0.122637
0.122637
0.080763
0.080763
0.117226
0.117226
0.064336
0.064336
0.066646
0.066646
0.056266
0.056266
0.146339
0.146339
0.065873
0.065873
0.063287
0.063287
0.138593
0.138593
0.142157
0.142157
0.057361
0.057361
0.302115
0.302115
0.069865
0.069865
0.073204
0.073204
0.144173
0.144173
0.126722
0.126722
0.078982
0.078982
0.065113
0.065113
0.033411
0.033411
0.051266
0.051266
0.079001
0.079001
0.048712
0.048712
0.056540
0.056540
0.080473
0.080473
0.215666
0.215666
0.112953
0.112953
0.034436
0.034436
0.179089
0.179089
0.104705
0.104705
0.179716
0.179716
0.053897
0.053897
0.098907
0.098907
0.137613
0.137613
0.098732
0.098732
0.133480
0.133480
0.201313
0.201313
0.041266
0.041266
0.246642
0.246642
0.098013
0.098013
0.116532
0.116532
0.160433
0.160433
0.064151
0.064151
0.156931
0.156931
0.092422
0.092422
0.060609
0.060609
0.198616
0.198616
0.078120
0.078120
0.092764
0.092764
0.051977
0.051977
0.060725
0.060725
0.130316
0.130316
0.097752
0.097752
0.056750
0.056750
0.110212
0.110212
0.242295
0.242295
0.096212
0.096212
0.111327
0.111327
0.231935
0.231935
0.155934
0.155934
0.088727
0.088727
0.044627
0.044627
0.167858
0.167858
0.103639
0.103639
0.081504
0.081504
0.074040
0.074040
0.181318
0.181318
0.101009
0.101009
0.077006
0.077006
0.087654
0.087654
0.127571
0.127571
0.088853
0.088853
0.091238
0.091238
0.053846
0.053846
0.104668
0.104668
0.031535
0.031535
0.124395
0.124395
0.341988
0.341988
0.059416
0.059416
0.351537
0.351537
0.112916
0.112916
0.221539
0.221539
0.160614
0.160614
0.058115
0.058115
0.196879
0.196879
0.083180
0.083180
0.068946
0.068946
0.099237
0.099237
0.094324
0.094324
0.039623
0.039623
0.147880
0.147880
0.080105
0.080105
0.090291
0.090291
0.117399
0.117399
0.167185
0.167185
0.061925
0.061925
0.043469
0.043469
0.068513
0.068513
0.260388
0.260388
0.059608
0.059608
0.107468
0.107468
0.045277
0.045277
0.079204
0.079204
0.066439
0.066439
0.139358
0.139358
0.035840
0.035840
0.102274
0.102274
0.160432
0.160432
0.068455
0.068455
0.059853
0.059853
0.043396
0.043396
0.136238
0.136238
0.097399
0.097399
0.096238
0.096238
0.089240
0.089240
0.142981
0.142981
0.025484
0.025484
0.069133
0.069133
0.192752
0.192752
0.089127
0.089127
0.267582
0.267582
0.031689
0.031689
0.123739
0.123739
0.027564
0.027564
0.271980
0.271980
0.065372
0.065372
0.138338
0.138338
0.070307
0.070307
0.152890
0.152890
0.091497
0.091497
0.227723
0.227723
0.077036
0.077036
0.080831
0.080831
0.060285
0.060285
0.034656
0.034656
0.149326
0.149326
0.075812
0.075812
0.039653
0.039653
0.100982
0.100982
0.066941
0.066941
0.052306
0.052306
0.146058
0.146058
0.179906
0.179906
0.213525
0.213525
0.164003
0.164003
0.091013
0.091013
0.057340
0.057340
0.146289
0.146289
0.283326
0.283326
0.080491
0.080491
0.138355
0.138355
0.099357
0.099357
0.156325
0.156325
0.026497
0.026497
0.222303
0.222303
0.058836
0.058836
0.161307
0.161307
0.048168
0.048168
0.112718
0.112718
0.108041
0.108041
0.088136
0.088136
0.022733
0.022733
0.091001
0.091001
0.090762
0.090762
0.083282
0.083282
0.054960
0.054960
0.051052
0.051052
0.040667
0.040667
0.080976
0.080976
0.086706
0.086706
0.049359
0.049359
0.164636
0.164636
0.071254
0.071254
0.100033
0.100033
0.111415
0.111415
0.089123
0.089123
0.111400
0.111400
0.091186
0.091186
0.134540
0.134540
0.120757
0.120757
0.045459
0.045459
0.058321
0.058321
0.118458
0.118458
0.336129
0.336129
0.051876
0.051876
0.295214
0.295214
0.193712
0.193712
0.299755
0.299755
0.210308
0.210308
0.053396
0.053396
0.135489
0.135489
0.268082
0.268082
0.217802
0.217802
0.044296
0.044296
0.128952
0.128952
0.068421
0.068421
0.046335
0.046335
0.110097
0.110097
0.052754
0.052754
0.078195
0.078195
0.093544
0.093544
0.067890
0.067890
0.060503
0.060503
0.187477
0.187477
0.062931
0.062931
0.132062
0.132062
0.157890
0.157890
0.161949
0.161949
0.072691
0.072691
0.057949
0.057949
0.074196
0.074196
0.146318
0.146318
0.061346
0.061346
0.265015
0.265015
0.053550
0.053550
0.078681
0.078681
0.063196
0.063196
0.079368
0.079368
0.058906
0.058906
0.168234
0.168234
0.230374
0.230374
0.103776
0.103776
0.086373
0.086373
0.187324
0.187324
0.114077
0.114077
0.187522
0.187522
0.051476
0.051476
0.088189
0.088189
0.092244
0.092244
0.127208
0.127208
0.076639
0.076639
0.094986
0.094986
0.061593
0.061593
0.135329
0.135329
0.197235
0.197235
0.058635
0.058635
0.102785
0.102785
0.129377
0.129377
0.114409
0.114409
0.106029
0.106029
0.047264
0.047264
0.110802
0.110802
0.088296
0.088296
0.102268
0.102268
0.081556
0.081556
0.086437
0.086437
0.202004
0.202004
0.103657
0.103657
0.079890
0.079890
0.241028
0.241028
0.058579
0.058579
0.079024
0.079024
0.137423
0.137423
0.305112
0.305112
0.082016
0.082016
0.144970
0.144970
0.070358
0.070358
0.132450
0.132450
0.101380
0.101380
0.355180
0.355180
0.098762
0.098762
0.145007
0.145007
0.222851
0.222851
0.088819
0.088819
0.039870
0.039870
0.171532
0.171532
0.106770
0.106770
0.126229
0.126229
0.055635
0.055635
0.137726
0.137726
0.029496
0.029496
0.068661
0.068661
0.389241
0.389241
0.134402
0.134402
0.075672
0.075672
0.070111
0.070111
0.121389
0.121389
0.032684
0.032684
0.135172
0.135172
0.065483
0.065483
0.098820
0.098820
0.180205
0.180205
0.283616
0.283616
0.038325
0.038325
0.144339
0.144339
0.081799
0.081799
0.057680
0.057680
0.050627
0.050627
0.158178
0.158178
0.046981
0.046981
0.124657
0.124657
0.087553
0.087553
0.062636
0.062636
0.104667
0.104667
0.057378
0.057378
0.044135
0.044135
0.175923
0.175923
0.085161
0.085161
0.107434
0.107434
0.046070
0.046070
0.102710
0.102710
0.144487
0.144487
0.288642
0.288642
0.074279
0.074279
0.075216
0.075216
0.059503
0.059503
0.219964
0.219964
0.052315
0.052315
0.170394
0.170394
0.089181
0.089181
0.080985
0.080985
0.130671
0.130671
0.094960
0.094960
0.058048
0.058048
0.057604
0.057604
0.164806
0.164806
0.083700
0.083700
0.098679
0.098679
0.047622
0.047622
0.081937
0.081937
0.039334
0.039334
0.187435
0.187435
0.094333
0.094333
0.039316
0.039316
0.161495
0.161495
0.056294
0.056294
0.092549
0.092549
0.093086
0.093086
0.123212
0.123212
0.117689
0.117689
0.069611
0.069611
0.237528
0.237528
0.180180
0.180180
0.181203
0.181203
0.077091
0.077091
0.049743
0.049743
0.121974
0.121974
0.047506
0.047506
0.172859
0.172859
0.149437
0.149437
0.019372
0.019372
0.174560
0.174560
0.073421
0.073421
0.076013
0.076013
0.088479
0.088479
0.109423
0.109423
0.138846
0.138846
0.073225
0.073225
0.044663
0.044663
0.070487
0.070487
0.075459
0.075459
0.056245
0.056245
0.254362
0.254362
0.060688
0.060688
0.088240
0.088240
0.102170
0.102170
0.184210
0.184210
0.112842
0.112842
0.168841
0.168841
0.119891
0.119891
0.137006
0.137006
0.137240
0.137240
0.051623
0.051623
0.126594
0.126594
0.053721
0.053721
0.150667
0.150667
0.058521
0.058521
0.228062
0.228062
0.061144
0.061144
0.053907
0.053907
0.022742
0.022742
0.171100
0.171100
0.075262
0.075262
0.062614
0.062614
0.373476
0.373476
0.123878
0.123878
0.107051
0.107051
0.264496
0.264496
0.146510
0.146510
0.048420
0.048420
0.080586
0.080586
0.060789
0.060789
0.108497
0.108497
0.081159
0.081159
0.081946
0.081946
0.124716
0.124716
0.081117
0.081117
0.093063
0.093063
0.065354
0.065354
0.127986
0.127986
0.071655
0.071655
0.066848
0.066848
0.103101
0.103101
0.042906
0.042906
0.093495
0.093495
0.064544
0.064544
0.069639
0.069639
0.065257
0.065257
0.075732
0.075732
0.167318
0.167318
0.191681
0.191681
0.049838
0.049838
0.120952
0.120952
0.054114
0.054114
0.219236
0.219236
0.127793
0.127793
0.112140
0.112140
0.147008
0.147008
0.215781
0.215781
0.083543
0.083543
0.111446
0.111446
0.123434
0.123434
0.105678
0.105678
0.270741
0.270741
0.054023
0.054023
0.079453
0.079453
0.111098
0.111098
0.163872
0.163872
0.079190
0.079190
0.079063
0.079063
0.242723
0.242723
0.050882
0.050882
0.130071
0.130071
0.102140
0.102140
0.051150
0.051150
0.195179
0.195179
0.171480
0.171480
0.087443
0.087443
0.112339
0.112339
0.032633
0.032633
0.189539
0.189539
0.089869
0.089869
0.055264
0.055264
0.104367
0.104367
0.086290
0.086290
0.073460
0.073460
0.042111
0.042111
0.055562
0.055562
0.075126
0.075126
0.080091
0.080091
0.079070
0.079070
0.035191
0.035191
0.259690
0.259690
0.076391
0.076391
0.416265
0.416265
0.088051
0.088051
0.061635
0.061635
0.090256
0.090256
0.119956
0.119956
0.142234
0.142234
0.188513
0.188513
0.174062
0.174062
0.087617
0.087617
0.046373
0.046373
0.056256
0.056256
0.114624
0.114624
0.059097
0.059097
0.060751
0.060751
0.201153
0.201153
0.033293
0.033293
0.084389
0.084389
0.091299
0.091299
0.210554
0.210554
0.100787
0.100787
0.065682
0.065682
0.073278
0.073278
0.111706
0.111706
0.079317
0.079317
0.121602
0.121602
0.108265
0.108265
0.041617
0.041617
0.080659
0.080659
0.145169
0.145169
0.094634
0.094634
0.054165
0.054165
0.203257
0.203257
0.180878
0.180878
0.069210
0.069210
0.049068
0.049068
0.056058
0.056058
0.228936
0.228936
0.152016
0.152016
0.338907
0.338907
0.173982
0.173982
0.100786
0.100786
0.075665
0.075665
0.113371
0.113371
0.111183
0.111183
0.120298
0.120298
0.085338
0.085338
0.152751
0.152751
0.046845
0.046845
0.141237
0.141237
0.211447
0.211447
0.083870
0.083870
0.211125
0.211125
0.179717
0.179717
0.139816
0.139816
0.088001
0.088001
0.065374
0.065374
0.141195
0.141195
0.275534
0.275534
0.159804
0.159804
0.068434
0.068434
0.044810
0.044810
0.031155
0.031155
0.064597
0.064597
0.322359
0.322359
0.180722
0.180722
0.036010
0.036010
0.092152
0.092152
0.045736
0.045736
0.215686
0.215686
0.140022
0.140022
0.170398
0.170398
0.034303
0.034303
0.025166
0.025166
0.154043
0.154043
0.081757
0.081757
0.194202
0.194202
0.053755
0.053755
0.074285
0.074285
0.164368
0.164368
0.073957
0.073957
0.136933
0.136933
0.121855
0.121855
0.068286
0.068286
0.164529
0.164529
0.252969
0.252969
0.089507
0.089507
0.084264
0.084264
0.109398
0.109398
0.063308
0.063308
0.289709
0.289709
0.057239
0.057239
0.086834
0.086834
0.138487
0.138487
0.109172
0.109172
0.107445
0.107445
0.065608
0.065608
0.096548
0.096548
0.104595
0.104595
0.071511
0.071511
0.124048
0.124048
0.034691
0.034691
0.045459
0.045459
0.119446
0.119446
0.070486
0.070486
0.036552
0.036552
0.082554
0.082554
0.068430
0.068430
0.111749
0.111749
0.129797
0.129797
0.104963
0.104963
0.098026
0.098026
0.055455
0.055455
0.254469
0.254469
0.084269
0.084269
0.085685
0.085685
0.078164
0.078164
0.063786
0.063786
0.053563
0.053563
0.040298
0.040298
0.083900
0.083900
0.101716
0.101716
0.053193
0.053193
0.059334
0.059334
0.413167
0.413167
0.079760
0.079760
0.119311
0.119311
0.095046
0.095046
0.127627
0.127627
0.110296
0.110296
0.118768
0.118768
0.104327
0.104327
0.133008
0.133008
0.115377
0.115377
0.138143
0.138143
0.100001
0.100001
0.036067
0.036067
0.064795
0.064795
0.217291
0.217291
0.059214
0.059214
0.133450
0.133450
0.124970
0.124970
0.116411
0.116411
0.122221
0.122221
0.105356
0.105356
0.127099
0.127099
0.075733
0.075733
0.089502
0.089502
0.286093
0.286093
0.088751
0.088751
0.084059
0.084059
0.147638
0.147638
0.022339
0.022339
0.082598
0.082598
0.061147
0.061147
0.188002
0.188002
0.092650
0.092650
0.100396
0.100396
0.088504
0.088504
0.128221
0.128221
0.091886
0.091886
0.114181
0.114181
0.115431
0.115431
0.117173
0.117173
0.230173
0.230173
0.119257
0.119257
0.211473
0.211473
0.035494
0.035494
0.068513
0.068513
0.189791
0.189791
0.038429
0.038429
0.066648
0.066648
0.077832
0.077832
0.071187
0.071187
0.181650
0.181650
0.045984
0.045984
0.130723
0.130723
0.096051
0.096051
0.205851
0.205851
0.089662
0.089662
0.042788
0.042788
0.182797
0.182797
0.297444
0.297444
0.104986
0.104986
0.219196
0.219196
0.290107
0.290107
0.168648
0.168648
0.135237
0.135237
0.182213
0.182213
0.051982
0.051982
0.162878
0.162878
0.111876
0.111876
0.109834
0.109834
0.142834
0.142834
0.076600
0.076600
0.129624
0.129624
0.047546
0.047546
0.245266
0.245266
0.095509
0.095509
0.045768
0.045768
0.066045
0.066045
0.097789
0.097789
0.064740
0.064740
0.067168
0.067168
0.071885
0.071885
0.193398
0.193398
0.269934
0.269934
0.102143
0.102143
0.119869
0.119869
0.144659
0.144659
0.162002
0.162002
0.092335
0.092335
0.050433
0.050433
0.151156
0.151156
0.087432
0.087432
0.083597
0.083597
0.114241
0.114241
0.059915
0.059915
0.056529
0.056529
0.074908
0.074908
0.071465
0.071465
0.084222
0.084222
0.269293
0.269293
0.052393
0.052393
0.086208
0.086208
0.259594
0.259594
0.082725
0.082725
0.101988
0.101988
0.092620
0.092620
0.036397
0.036397
0.072086
0.072086
0.173005
0.173005
0.129304
0.129304
0.032471
0.032471
0.072074
0.072074
0.111155
0.111155
0.139864
0.139864
0.074668
0.074668
0.065942
0.065942
0.102643
0.102643
0.039834
0.039834
0.309873
0.309873
0.064401
0.064401
0.049063
0.049063
0.041657
0.041657
0.080024
0.080024
0.184716
0.184716
0.079286
0.079286
0.087541
0.087541
0.030797
0.030797
0.047580
0.047580
0.056656
0.056656
0.048175
0.048175
0.140025
0.140025
0.141855
0.141855
0.038224
0.038224
0.112898
0.112898
0.065971
0.065971
0.092648
0.092648
0.312781
0.312781
0.076771
0.076771
0.068885
0.068885
0.054182
0.054182
0.074131
0.074131
0.120291
0.120291
0.197484
0.197484
0.062938
0.062938
0.047189
0.047189
0.083076
0.083076
0.034316
0.034316
0.037253
0.037253
0.125770
0.125770
0.065652
0.065652
0.103584
0.103584
0.150766
0.150766
0.133730
0.133730
0.176518
0.176518
0.243091
0.243091
0.076342
0.076342
0.132018
0.132018
0.312387
0.312387
0.087373
0.087373
0.100960
0.100960
0.016007
0.016007
0.072777
0.072777
0.192428
0.192428
0.129236
0.129236
0.075639
0.075639
0.053047
0.053047
0.138902
0.138902
0.157470
0.157470
0.154690
0.154690
0.107702
0.107702
0.057166
0.057166
0.158608
0.158608
0.049530
0.049530
0.086739
0.086739
0.085936
0.085936
0.140129
0.140129
0.150114
0.150114
0.038569
0.038569
0.133578
0.133578
0.114533
0.114533
0.087568
0.087568
0.144233
0.144233
0.117108
0.117108
0.086699
0.086699
0.023190
0.023190
0.195610
0.195610
0.090266
0.090266
0.213439
0.213439
0.132637
0.132637
0.103489
0.103489
0.045620
0.045620
0.162236
0.162236
0.143057
0.143057
0.299809
0.299809
0.079192
0.079192
0.117714
0.117714
0.250645
0.250645
0.064680
0.064680
0.115285
0.115285
0.047288
0.047288
0.251078
0.251078
0.150802
0.150802
0.035937
0.035937
0.126364
0.126364
0.076005
0.076005
0.105828
0.105828
0.052883
0.052883
0.098582
0.098582
0.059297
0.059297
0.099624
0.099624
0.047699
0.047699
0.112227
0.112227
0.298279
0.298279
0.134162
0.134162
0.155032
0.155032
0.148118
0.148118
0.255214
0.255214
0.053430
0.053430
0.066022
0.066022
0.074164
0.074164
0.105215
0.105215
0.068566
0.068566
0.111866
0.111866
0.163958
0.163958
0.443248
0.443248
0.038029
0.038029
0.170156
0.170156
0.191968
0.191968
0.079474
0.079474
0.100623
0.100623
0.170528
0.170528
0.093982
0.093982
0.060489
0.060489
0.093620
0.093620
0.030998
0.030998
0.054062
0.054062
0.054117
0.054117
0.089701
0.089701
0.039958
0.039958
0.085784
0.085784
0.094017
0.094017
0.091921
0.091921
0.041309
0.041309
0.134352
0.134352
0.072167
0.072167
0.111943
0.111943
0.080297
0.080297
0.147838
0.147838
0.091507
0.091507
0.038717
0.038717
0.105407
0.105407
0.097808
0.097808
0.070424
0.070424
0.111516
0.111516
0.043853
0.043853
0.052792
0.052792
0.145192
0.145192
0.083075
0.083075
0.286592
0.286592
0.039465
0.039465
0.188343
0.188343
0.136462
0.136462
0.064372
0.064372
0.084897
0.084897
0.114729
0.114729
0.030566
0.030566
0.084580
0.084580
0.062640
0.062640
0.071232
0.071232
0.076117
0.076117
0.209467
0.209467
0.059408
0.059408
0.074895
0.074895
0.034802
0.034802
0.161015
0.161015
0.120262
0.120262
0.075804
0.075804
0.172867
0.172867
0.169827
0.169827
0.159050
0.159050
0.083244
0.083244
0.098182
0.098182
0.039539
0.039539
0.047881
0.047881
0.039919
0.039919
0.145776
0.145776
0.077747
0.077747
0.122530
0.122530
0.055770
0.055770
0.099219
0.099219
0.157475
0.157475
0.156495
0.156495
0.081555
0.081555
0.126938
0.126938
0.034811
0.034811
0.095669
0.095669
0.022977
0.022977
0.059044
0.059044
0.047032
0.047032
0.168386
0.168386
0.091359
0.091359
0.104436
0.104436
0.044596
0.044596
0.198898
0.198898
0.100933
0.100933
0.085362
0.085362
0.041505
0.041505
0.072355
0.072355
0.073265
0.073265
0.143350
0.143350
0.152190
0.152190
0.074360
0.074360
0.156380
0.156380
0.111788
0.111788
0.060246
0.060246
0.126464
0.126464
0.098190
0.098190
0.062472
0.062472
0.202773
0.202773
0.185926
0.185926
0.080786
0.080786
0.066566
0.066566
0.031069
0.031069
0.255459
0.255459
0.119552
0.119552
0.051149
0.051149
0.087851
0.087851
0.080834
0.080834
0.089168
0.089168
0.160577
0.160577
0.210266
0.210266
0.092089
0.092089
0.172514
0.172514
0.112449
0.112449
0.101793
0.101793
0.149715
0.149715
0.073587
0.073587
0.117966
0.117966
0.333162
0.333162
0.150215
0.150215
0.148765
0.148765
0.118408
0.118408
0.160311
0.160311
0.113905
0.113905
0.035348
0.035348
0.207962
0.207962
0.119161
0.119161
0.068646
0.068646
0.032067
0.032067
0.127576
0.127576
0.081342
0.081342
0.112159
0.112159
0.114486
0.114486
0.265947
0.265947
0.095140
0.095140
0.110060
0.110060
0.169092
0.169092
0.043712
0.043712
0.081622
0.081622
0.151336
0.151336
0.132010
0.132010
0.149399
0.149399
0.079837
0.079837
0.114404
0.114404
0.248385
0.248385
0.127362
0.127362
0.070125
0.070125
0.061758
0.061758
0.144142
0.144142
0.151056
0.151056
0.046447
0.046447
0.047509
0.047509
0.039809
0.039809
0.079728
0.079728
0.134706
0.134706
0.112747
0.112747
0.054151
0.054151
0.057569
0.057569
0.070865
0.070865
0.185161
0.185161
0.060992
0.060992
0.141580
0.141580
0.114028
0.114028
0.089962
0.089962
0.075788
0.075788
0.060939
0.060939
0.035588
0.035588
0.042479
0.042479
0.091333
0.091333
0.065505
0.065505
0.037980
0.037980
0.045082
0.045082
0.190671
0.190671
0.058528
0.058528
0.050470
0.050470
0.288176
0.288176
0.050825
0.050825
0.175179
0.175179
0.075923
0.075923
0.085759
0.085759
0.120753
0.120753
0.118923
0.118923
0.106139
0.106139
0.138635
0.138635
0.119015
0.119015
0.073815
0.073815
0.117061
0.117061
0.176925
0.176925
0.149404
0.149404
0.042133
0.042133
0.148174
0.148174
0.160552
0.160552
0.048898
0.048898
0.057777
0.057777
0.088630
0.088630
0.140229
0.140229
0.057007
0.057007
0.034345
0.034345
0.124112
0.124112
0.102993
0.102993
0.080530
0.080530
0.152553
0.152553
0.079172
0.079172
0.054420
0.054420
0.041348
0.041348
0.128874
0.128874
0.125813
0.125813
0.105072
0.105072
0.410944
0.410944
0.098556
0.098556
0.046487
0.046487
0.046124
0.046124
0.048114
0.048114
0.069081
0.069081
0.080305
0.080305
0.079444
0.079444
0.066581
0.066581
0.169001
0.169001
0.075781
0.075781
0.089222
0.089222
0.347044
0.347044
0.299455
0.299455
0.074315
0.074315
0.100525
0.100525
0.068753
0.068753
0.128257
0.128257
0.083201
0.083201
0.426488
0.426488
0.039396
0.039396
0.095123
0.095123
0.076756
0.076756
0.166113
0.166113
0.120546
0.120546
0.042240
0.042240
0.047482
0.047482
0.135944
0.135944
0.075107
0.075107
0.043664
0.043664
0.181716
0.181716
0.111407
0.111407
0.075369
0.075369
0.160835
0.160835
0.063287
0.063287
0.163723
0.163723
0.164089
0.164089
0.132949
0.132949
0.051815
0.051815
0.249069
0.249069
0.175531
0.175531
0.147609
0.147609
0.074540
0.074540
0.065645
0.065645
0.154251
0.154251
0.089405
0.089405
0.105678
0.105678
0.144198
0.144198
0.149956
0.149956
0.048824
0.048824
0.087892
0.087892
0.064271
0.064271
0.137926
0.137926
0.154615
0.154615
0.032766
0.032766
0.069451
0.069451
0.037005
0.037005
0.124102
0.124102
0.048195
0.048195
0.156585
0.156585
0.033351
0.033351
0.056720
0.056720
0.167076
0.167076
0.041872
0.041872
0.058627
0.058627
0.091895
0.091895
0.177554
0.177554
0.089834
0.089834
0.049054
0.049054
0.022032
0.022032
0.240123
0.240123
0.319273
0.319273
0.065771
0.065771
0.158737
0.158737
0.042324
0.042324
0.113929
0.113929
0.062348
0.062348
0.073489
0.073489
0.026749
0.026749
0.043648
0.043648
0.193557
0.193557
0.098679
0.098679
0.083207
0.083207
0.136986
0.136986
0.108570
0.108570
0.082122
0.082122
0.095620
0.095620
0.108906
0.108906
0.093067
0.093067
0.062518
0.062518
0.046510
0.046510
0.088419
0.088419
0.204778
0.204778
0.060265
0.060265
0.095658
0.095658
0.232648
0.232648
0.103574
0.103574
0.184769
0.184769
0.044464
0.044464
0.098951
0.098951
0.077018
0.077018
0.125722
0.125722
0.134948
0.134948
0.089744
0.089744
0.205245
0.205245
0.031744
0.031744
0.097610
0.097610
0.088128
0.088128
0.083255
0.083255
0.085117
0.085117
0.051851
0.051851
0.128215
0.128215
0.155973
0.155973
0.097186
0.097186
0.070815
0.070815
0.119462
0.119462
0.071595
0.071595
0.102770
0.102770
0.070833
0.070833
0.165646
0.165646
0.112573
0.112573
0.201152
0.201152
0.055415
0.055415
0.050626
0.050626
0.166300
0.166300
0.160973
0.160973
0.035069
0.035069
0.255971
0.255971
0.041318
0.041318
0.093125
0.093125
0.184395
0.184395
0.096969
0.096969
0.199763
0.199763
0.102175
0.102175
0.116893
0.116893
0.037676
0.037676
0.297145
0.297145
0.129286
0.129286
0.210422
0.210422
0.087410
0.087410
0.136494
0.136494
0.206356
0.206356
0.052478
0.052478
0.087253
0.087253
0.075026
0.075026
0.049188
0.049188
0.072760
0.072760
0.082991
0.082991
0.151890
0.151890
0.090760
0.090760
0.162742
0.162742
0.144662
0.144662
0.068840
0.068840
0.035459
0.035459
0.063470
0.063470
0.095163
0.095163
0.082728
0.082728
0.062889
0.062889
0.105129
0.105129
0.091225
0.091225
0.374056
0.374056
0.028320
0.028320
0.080139
0.080139
0.080836
0.080836
0.157933
0.157933
0.259714
0.259714
0.061409
0.061409
0.119498
0.119498
0.117008
0.117008
0.079322
0.079322
0.083556
0.083556
0.102532
0.102532
0.214751
0.214751
0.088269
0.088269
0.167769
0.167769
0.068841
0.068841
0.054485
0.054485
0.145018
0.145018
0.104424
0.104424
0.047984
0.047984
0.105987
0.105987
0.116131
0.116131
0.039420
0.039420
0.083047
0.083047
0.044737
0.044737
0.085610
0.085610
0.142073
0.142073
0.120293
0.120293
0.072229
0.072229
0.082278
0.082278
0.098474
0.098474
0.264974
0.264974
0.028520
0.028520
0.105047
0.105047
0.145460
0.145460
0.059608
0.059608
0.077617
0.077617
0.049152
0.049152
0.036792
0.036792
0.072927
0.072927
0.024714
0.024714
0.097330
0.097330
0.197583
0.197583
0.079399
0.079399
0.132390
0.132390
0.079090
0.079090
0.361864
0.361864
0.098810
0.098810
0.047499
0.047499
0.086347
0.086347
0.121022
0.121022
0.130559
0.130559
0.139118
0.139118
0.118902
0.118902
0.126219
0.126219
0.261069
0.261069
0.057232
0.057232
0.244708
0.244708
0.062235
0.062235
0.086188
0.086188
0.060602
0.060602
0.186253
0.186253
0.134888
0.134888
0.051348
0.051348
0.095500
0.095500
0.065422
0.065422
0.282166
0.282166
0.021295
0.021295
0.136240
0.136240
0.082035
0.082035
0.096632
0.096632
0.151234
0.151234
0.111047
0.111047
0.104955
0.104955
0.070447
0.070447
0.064536
0.064536
0.086773
0.086773
0.042391
0.042391
0.141065
0.141065
0.058824
0.058824
0.105098
0.105098
0.029724
0.029724
0.141801
0.141801
0.120644
0.120644
0.178366
0.178366
0.087393
0.087393
0.050649
0.050649
0.135828
0.135828
0.037787
0.037787
0.211715
0.211715
0.072664
0.072664
0.158597
0.158597
0.151906
0.151906
0.126247
0.126247
0.135483
0.135483
0.415636
0.415636
0.116042
0.116042
0.095090
0.095090
0.067346
0.067346
0.149126
0.149126
0.070277
0.070277
0.027747
0.027747
0.036740
0.036740
0.114050
0.114050
0.050032
0.050032
0.064477
0.064477
0.054965
0.054965
0.132234
0.132234
0.049605
0.049605
0.040851
0.040851
0.090856
0.090856
0.054292
0.054292
0.145231
0.145231
0.143379
0.143379
0.120428
0.120428
0.139953
0.139953
0.062813
0.062813
0.169919
0.169919
0.252762
0.252762
0.034428
0.034428
0.048610
0.048610
0.066421
0.066421
0.136707
0.136707
0.105216
0.105216
0.067702
0.067702
0.062127
0.062127
0.055912
0.055912
0.114173
0.114173
0.218961
0.218961
0.214157
0.214157
0.123998
0.123998
0.042392
0.042392
0.128825
0.128825
0.129706
0.129706
0.262115
0.262115
0.127556
0.127556
0.145914
0.145914
0.060509
0.060509
0.108056
0.108056
0.074551
0.074551
0.085548
0.085548
0.027282
0.027282
0.086734
0.086734
0.086230
0.086230
0.142900
0.142900
0.229717
0.229717
0.092306
0.092306
0.036753
0.036753
0.201628
0.201628
0.158754
0.158754
0.234319
0.234319
0.116307
0.116307
0.092992
0.092992
0.083499
0.083499
0.045682
0.045682
0.089712
0.089712
0.084059
0.084059
0.126712
0.126712
0.113568
0.113568
0.178686
0.178686
0.286218
0.286218
0.092757
0.092757
0.137211
0.137211
0.160264
0.160264
0.078713
0.078713
0.063178
0.063178
0.120979
0.120979
0.092864
0.092864
0.047260
0.047260
0.107853
0.107853
0.282490
0.282490
0.066132
0.066132
0.094325
0.094325
0.090757
0.090757
0.098648
0.098648
0.062983
0.062983
0.083535
0.083535
0.072875
0.072875
0.118605
0.118605
0.324712
0.324712
0.116806
0.116806
0.031429
0.031429
0.066714
0.066714
0.387262
0.387262
0.118511
0.118511
0.061402
0.061402
0.121133
0.121133
0.075891
0.075891
0.077391
0.077391
0.232207
0.232207
0.104678
0.104678
0.147371
0.147371
0.064076
0.064076
0.095678
0.095678
0.215791
0.215791
0.167677
0.167677
0.172349
0.172349
0.121405
0.121405
0.037519
0.037519
0.075198
0.075198
0.081293
0.081293
0.110048
0.110048
0.055381
0.055381
0.130994
0.130994
0.123272
0.123272
0.055574
0.055574
0.210632
0.210632
0.103531
0.103531
0.078458
0.078458
0.051338
0.051338
0.049914
0.049914
0.129170
0.129170
0.207738
0.207738
0.105481
0.105481
0.102695
0.102695
0.054067
0.054067
0.102791
0.102791
0.119818
0.119818
0.113225
0.113225
0.094452
0.094452
0.052110
0.052110
0.032282
0.032282
0.227837
0.227837
0.059906
0.059906
0.102075
0.102075
0.073763
0.073763
0.055651
0.055651
0.190135
0.190135
0.177073
0.177073
0.210553
0.210553
0.026865
0.026865
0.056165
0.056165
0.025333
0.025333
0.059753
0.059753
0.145469
0.145469
0.156347
0.156347
0.090448
0.090448
0.051600
0.051600
0.047002
0.047002
0.168200
0.168200
0.102333
0.102333
0.132858
0.132858
0.078734
0.078734
0.124890
0.124890
0.067013
0.067013
0.078799
0.078799
0.225376
0.225376
0.044456
0.044456
0.084405
0.084405
0.051443
0.051443
0.088456
0.088456
0.156451
0.156451
0.047113
0.047113
0.061704
0.061704
0.051385
0.051385
0.164705
0.164705
0.182317
0.182317
0.097661
0.097661
0.079643
0.079643
0.090399
0.090399
0.113747
0.113747
0.060437
0.060437
0.045431
0.045431
0.065329
0.065329
0.122380
0.122380
0.280333
0.280333
0.165270
0.165270
0.535837
0.535837
0.106826
0.106826
0.101703
0.101703
0.100158
0.100158
0.126573
0.126573
0.114435
0.114435
0.117846
0.117846
0.085768
0.085768
0.113512
0.113512
0.120056
0.120056
0.042783
0.042783
0.153551
0.153551
0.071969
0.071969
0.136384
0.136384
0.161553
0.161553
0.064838
0.064838
0.068052
0.068052
0.050435
0.050435
0.126907
0.126907
0.036005
0.036005
0.051844
0.051844
0.035840
0.035840
0.079285
0.079285
0.106025
0.106025
0.061855
0.061855
0.069862
0.069862
0.202593
0.202593
0.143525
0.143525
0.084603
0.084603
0.038908
0.038908
0.292131
0.292131
0.109996
0.109996
0.044849
0.044849
0.074524
0.074524
0.147772
0.147772
0.050236
0.050236
0.067680
0.067680
0.071916
0.071916
0.124679
0.124679
0.160952
0.160952
0.098179
0.098179
0.153608
0.153608
0.067333
0.067333
0.052228
0.052228
0.084017
0.084017
0.107957
0.107957
0.095841
0.095841
0.176243
0.176243
0.032874
0.032874
0.119209
0.119209
0.135040
0.135040
0.066502
0.066502
0.140745
0.140745
0.061817
0.061817
0.082100
0.082100
0.097830
0.097830
0.196339
0.196339
0.064306
0.064306
0.142707
0.142707
0.082202
0.082202
0.091893
0.091893
0.046513
0.046513
0.051622
0.051622
0.073243
0.073243
0.071670
0.071670
0.119460
0.119460
0.059795
0.059795
0.044261
0.044261
0.086902
0.086902
0.094853
0.094853
0.045324
0.045324
0.117488
0.117488
0.327354
0.327354
0.166663
0.166663
0.162486
0.162486
0.226064
0.226064
0.071090
0.071090
0.063075
0.063075
0.114957
0.114957
0.083694
0.083694
0.120413
0.120413
0.085913
0.085913
0.089772
0.089772
0.043358
0.043358
0.053578
0.053578
0.196038
0.196038
0.142045
0.142045
0.190133
0.190133
0.054651
0.054651
0.068843
0.068843
0.223885
0.223885
0.116083
0.116083
0.089869
0.089869
0.411198
0.411198
0.211695
0.211695
0.077555
0.077555
0.093341
0.093341
0.075343
0.075343
0.051849
0.051849
0.138569
0.138569
0.085459
0.085459
0.088965
0.088965
0.075837
0.075837
0.158221
0.158221
0.065739
0.065739
0.050646
0.050646
0.107681
0.107681
0.047166
0.047166
0.053717
0.053717
0.185405
0.185405
0.097737
0.097737
0.060172
0.060172
0.137253
0.137253
0.168029
0.168029
0.190105
0.190105
0.143567
0.143567
0.073307
0.073307
0.095156
0.095156
0.137774
0.137774
0.199719
0.199719
0.055148
0.055148
0.083937
0.083937
0.248225
0.248225
0.069808
0.069808
0.061841
0.061841
0.131089
0.131089
0.069877
0.069877
0.140103
0.140103
0.108414
0.108414
0.083223
0.083223
0.091791
0.091791
0.063171
0.063171
0.210950
0.210950
0.116575
0.116575
0.128175
0.128175
0.047403
0.047403
0.077554
0.077554
0.029227
0.029227
0.071697
0.071697
0.271895
0.271895
0.142953
0.142953
0.087188
0.087188
0.105067
0.105067
0.128020
0.128020
0.158956
0.158956
0.182128
0.182128
0.047520
0.047520
0.140972
0.140972
0.119912
0.119912
0.181060
0.181060
0.177698
0.177698
0.178083
0.178083
0.185654
0.185654
0.051886
0.051886
0.128859
0.128859
0.107510
0.107510
0.024837
0.024837
0.079259
0.079259
0.125257
0.125257
0.105209
0.105209
0.330096
0.330096
0.046519
0.046519
0.140518
0.140518
0.028828
0.028828
0.029678
0.029678
0.115961
0.115961
0.052299
0.052299
0.049831
0.049831
0.035264
0.035264
0.141654
0.141654
0.109444
0.109444
0.095363
0.095363
0.065671
0.065671
0.071608
0.071608
0.082600
0.082600
0.037169
0.037169
0.116045
0.116045
0.050902
0.050902
0.045090
0.045090
0.056360
0.056360
0.046850
0.046850
0.063294
0.063294
0.032756
0.032756
0.040791
0.040791
0.075842
0.075842
0.041786
0.041786
0.056368
0.056368
0.058922
0.058922
0.147624
0.147624
0.107547
0.107547
0.036849
0.036849
0.071275
0.071275
0.171568
0.171568
0.023239
0.023239
0.042625
0.042625
0.084049
0.084049
0.081471
0.081471
0.356430
0.356430
0.334954
0.334954
0.233645
0.233645
0.219123
0.219123
0.075057
0.075057
0.064408
0.064408
0.121602
0.121602
0.088415
0.088415
0.142101
0.142101
0.111232
0.111232
0.115300
0.115300
0.078929
0.078929
0.149778
0.149778
0.169717
0.169717
0.180070
0.180070
0.233893
0.233893
0.140857
0.140857
0.081263
0.081263
0.109249
0.109249
0.234585
0.234585
0.050255
0.050255
0.043968
0.043968
0.079120
0.079120
0.047779
0.047779
0.187035
0.187035
0.056357
0.056357
0.215376
0.215376
0.122229
0.122229
0.034439
0.034439
0.075799
0.075799
0.030624
0.030624
0.029662
0.029662
0.059739
0.059739
0.229231
0.229231
0.090359
0.090359
0.148527
0.148527
0.400874
0.400874
0.061169
0.061169
0.043759
0.043759
0.081456
0.081456
0.046374
0.046374
0.134970
0.134970
0.069973
0.069973
0.137910
0.137910
0.107074
0.107074
0.077940
0.077940
0.032744
0.032744
0.152055
0.152055
0.075568
0.075568
0.096974
0.096974
0.096229
0.096229
0.083189
0.083189
0.189729
0.189729
0.052451
0.052451
0.047046
0.047046
0.204156
0.204156
0.062349
0.062349
0.049039
0.049039
0.029680
0.029680
0.041511
0.041511
0.113331
0.113331
0.065847
0.065847
0.101656
0.101656
0.176953
0.176953
0.101088
0.101088
0.185728
0.185728
0.095047
0.095047
0.120458
0.120458
0.056385
0.056385
0.171841
0.171841
0.041861
0.041861
0.093584
0.093584
0.131337
0.131337
0.112754
0.112754
0.213034
0.213034
0.049453
0.049453
0.118068
0.118068
0.157752
0.157752
0.080035
0.080035
0.044410
0.044410
0.079115
0.079115
0.050789
0.050789
0.069917
0.069917
0.058751
0.058751
0.151507
0.151507
0.353227
0.353227
0.102931
0.102931
0.113132
0.113132
0.097656
0.097656
0.113081
0.113081
0.093119
0.093119
0.082609
0.082609
0.150926
0.150926
0.122847
0.122847
0.164728
0.164728
0.105428
0.105428
0.285557
0.285557
0.141587
0.141587
0.068279
0.068279
0.063972
0.063972
0.057758
0.057758
0.104123
0.104123
0.073946
0.073946
0.171358
0.171358
0.071956
0.071956
0.192726
0.192726
0.101973
0.101973
0.136657
0.136657
0.093771
0.093771
0.174338
0.174338
0.057462
0.057462
0.146992
0.146992
0.321115
0.321115
0.058442
0.058442
0.155170
0.155170
0.057012
0.057012
0.111596
0.111596
0.019902
0.019902
0.147488
0.147488
0.149511
0.149511
0.085521
0.085521
0.052538
0.052538
0.059732
0.059732
0.094788
0.094788
0.090733
0.090733
0.119810
0.119810
0.085114
0.085114
0.101805
0.101805
0.058966
0.058966
0.215827
0.215827
0.133187
0.133187
0.033796
0.033796
0.084392
0.084392
0.046960
0.046960
0.070859
0.070859
0.087652
0.087652
0.038347
0.038347
0.071719
0.071719
0.192172
0.192172
0.061741
0.061741
0.054691
0.054691
0.042564
0.042564
0.106706
0.106706
0.066980
0.066980
0.081613
0.081613
0.037495
0.037495
0.111238
0.111238
0.123764
0.123764
0.185050
0.185050
0.052180
0.052180
0.143065
0.143065
0.113871
0.113871
0.152188
0.152188
0.079309
0.079309
0.040832
0.040832
0.069561
0.069561
0.135602
0.135602
0.100289
0.100289
0.069694
0.069694
0.325381
0.325381
0.308401
0.308401
0.138256
0.138256
0.161084
0.161084
0.050374
0.050374
0.150275
0.150275
0.075165
0.075165
0.095323
0.095323
0.091665
0.091665
0.176456
0.176456
0.044940
0.044940
0.059530
0.059530
0.096881
0.096881
0.138757
0.138757
0.078770
0.078770
0.083474
0.083474
0.042398
0.042398
0.056105
0.056105
0.058500
0.058500
0.048133
0.048133
0.285424
0.285424
0.075044
0.075044
0.044275
0.044275
0.125541
0.125541
0.093818
0.093818
0.016855
0.016855
0.047794
0.047794
0.106274
0.106274
0.063944
0.063944
0.036715
0.036715
0.127067
0.127067
0.045661
0.045661
0.067152
0.067152
0.044992
0.044992
0.095888
0.095888
0.111736
0.111736
0.068079
0.068079
0.117595
0.117595
0.063751
0.063751
0.075299
0.075299
0.080451
0.080451
0.051299
0.051299
0.071202
0.071202
0.376578
0.376578
0.068201
0.068201
0.074312
0.074312
0.046828
0.046828
0.049951
0.049951
0.111874
0.111874
0.070512
0.070512
0.122066
0.122066
0.067490
0.067490
0.128444
0.128444
0.064624
0.064624
0.170014
0.170014
0.235145
0.235145
0.060540
0.060540
0.055147
0.055147
0.178696
0.178696
0.204048
0.204048
0.093142
0.093142
0.156309
0.156309
0.145125
0.145125
0.072093
0.072093
0.094716
0.094716
0.123814
0.123814
0.141626
0.141626
0.218636
0.218636
0.078698
0.078698
0.111659
0.111659
0.063412
0.063412
0.181125
0.181125
0.070579
0.070579
0.057591
0.057591
0.138200
0.138200
0.053352
0.053352
0.325314
0.325314
0.252929
0.252929
0.167269
0.167269
0.266634
0.266634
0.212716
0.212716
0.035598
0.035598
0.054522
0.054522
0.284554
0.284554
0.072232
0.072232
0.026881
0.026881
0.246663
0.246663
0.119414
0.119414
0.072084
0.072084
0.151777
0.151777
0.166641
0.166641
0.060082
0.060082
0.034007
0.034007
0.090827
0.090827
0.111454
0.111454
0.056633
0.056633
0.107569
0.107569
0.037693
0.037693
0.035947
0.035947
0.051759
0.051759
0.042566
0.042566
0.042373
0.042373
0.135710
0.135710
0.068325
0.068325
0.072615
0.072615
0.189322
0.189322
0.035436
0.035436
0.097102
0.097102
0.053530
0.053530
0.083050
0.083050
0.108231
0.108231
0.182217
0.182217
0.087403
0.087403
0.260507
0.260507
0.228674
0.228674
0.073125
0.073125
0.234648
0.234648
0.104006
0.104006
0.041369
0.041369
0.213118
0.213118
0.050621
0.050621
0.210976
0.210976
0.078253
0.078253
0.069344
0.069344
0.173068
0.173068
0.057359
0.057359
0.021785
0.021785
0.053034
0.053034
0.189465
0.189465
0.144510
0.144510
0.196048
0.196048
0.043059
0.043059
0.105770
0.105770
0.094521
0.094521
0.070098
0.070098
0.051584
0.051584
0.045399
0.045399
0.055519
0.055519
0.138064
0.138064
0.065053
0.065053
0.170702
0.170702
0.031163
0.031163
0.119500
0.119500
0.061537
0.061537
0.154317
0.154317
0.161200
0.161200
0.038097
0.038097
0.203932
0.203932
0.063967
0.063967
0.159459
0.159459
0.177573
0.177573
0.117941
0.117941
0.100217
0.100217
0.217529
0.217529
0.177757
0.177757
0.081277
0.081277
0.026455
0.026455
0.162262
0.162262
0.059748
0.059748
0.196672
0.196672
0.044585
0.044585
0.046810
0.046810
0.057767
0.057767
0.135107
0.135107
0.094653
0.094653
0.064988
0.064988
0.110127
0.110127
0.215512
0.215512
0.161466
0.161466
0.229467
0.229467
0.064030
0.064030
0.335975
0.335975
0.144279
0.144279
0.147760
0.147760
0.071530
0.071530
0.128999
0.128999
0.118342
0.118342
0.142398
0.142398
0.042245
0.042245
0.043175
0.043175
0.075102
0.075102
0.081108
0.081108
0.040862
0.040862
0.181090
0.181090
0.055129
0.055129
0.076629
0.076629
0.122478
0.122478
0.082612
0.082612
0.297496
0.297496
0.151013
0.151013
0.105322
0.105322
0.105599
0.105599
0.103192
0.103192
0.064276
0.064276
0.075728
0.075728
0.283471
0.283471
0.099052
0.099052
0.114997
0.114997
0.130820
0.130820
0.127633
0.127633
0.114573
0.114573
0.035199
0.035199
0.078789
0.078789
0.072566
0.072566
0.105506
0.105506
0.075500
0.075500
0.062285
0.062285
0.104522
0.104522
0.085958
0.085958
0.141400
0.141400
0.160349
0.160349
0.063769
0.063769
0.060291
0.060291
0.083716
0.083716
0.158633
0.158633
0.023528
0.023528
0.080261
0.080261
0.050730
0.050730
0.086326
0.086326
0.066094
0.066094
0.057685
0.057685
0.088153
0.088153
0.098740
0.098740
0.092043
0.092043
0.168072
0.168072
0.089877
0.089877
0.094892
0.094892
0.100415
0.100415
0.204167
0.204167
0.085988
0.085988
0.215251
0.215251
0.101865
0.101865
0.138495
0.138495
0.234145
0.234145
0.154062
0.154062
0.085498
0.085498
0.033846
0.033846
0.043440
0.043440
0.035978
0.035978
0.176793
0.176793
0.048521
0.048521
0.173860
0.173860
0.079545
0.079545
0.057590
0.057590
0.062209
0.062209
0.266496
0.266496
0.158493
0.158493
0.072180
0.072180
0.173131
0.173131
0.147056
0.147056
0.049967
0.049967
0.130151
0.130151
0.205030
0.205030
0.067670
0.067670
0.042710
0.042710
0.099284
0.099284
0.080218
0.080218
0.049892
0.049892
0.122199
0.122199
0.042319
0.042319
0.102757
0.102757
0.111118
0.111118
0.116476
0.116476
0.057074
0.057074
0.058925
0.058925
0.075195
0.075195
0.122073
0.122073
0.147818
0.147818
0.078074
0.078074
0.056418
0.056418
0.049447
0.049447
0.139817
0.139817
0.072606
0.072606
0.042897
0.042897
0.065131
0.065131
0.159887
0.159887
0.073129
0.073129
0.126845
0.126845
0.075965
0.075965
0.208874
0.208874
0.098019
0.098019
0.077539
0.077539
0.053611
0.053611
0.163790
0.163790
0.250409
0.250409
0.156343
0.156343
0.088762
0.088762
0.182496
0.182496
0.067553
0.067553
0.130267
0.130267
0.107157
0.107157
0.125283
0.125283
0.145645
0.145645
0.040006
0.040006
0.074606
0.074606
0.044225
0.044225
0.072372
0.072372
0.334982
0.334982
0.146512
0.146512
0.088405
0.088405
0.097640
0.097640
0.149588
0.149588
0.130232
0.130232
0.096851
0.096851
0.041054
0.041054
0.059235
0.059235
0.161065
0.161065
0.144549
0.144549
0.165038
0.165038
0.092151
0.092151
0.024842
0.024842
0.064125
0.064125
0.158666
0.158666
0.085223
0.085223
0.087812
0.087812
0.213298
0.213298
0.054302
0.054302
0.042423
0.042423
0.042882
0.042882
0.121178
0.121178
0.248568
0.248568
0.129070
0.129070
0.041059
0.041059
0.058283
0.058283
0.053253
0.053253
0.092921
0.092921
0.239786
0.239786
0.124097
0.124097
0.049956
0.049956
0.174814
0.174814
0.153040
0.153040
0.123336
0.123336
0.055637
0.055637
0.163866
0.163866
0.105837
0.105837
0.132086
0.132086
0.153081
0.153081
0.051005
0.051005
0.084917
0.084917
0.115357
0.115357
0.098936
0.098936
0.054331
0.054331
0.097489
0.097489
0.124866
0.124866
0.085818
0.085818
0.028963
0.028963
0.057914
0.057914
0.025832
0.025832
0.107238
0.107238
0.133711
0.133711
0.143757
0.143757
0.280203
0.280203
0.131364
0.131364
0.061972
0.061972
0.067509
0.067509
0.270418
0.270418
0.066109
0.066109
0.163721
0.163721
0.040785
0.040785
0.300110
0.300110
0.158232
0.158232
0.074210
0.074210
0.037354
0.037354
0.110893
0.110893
0.193009
0.193009
0.107076
0.107076
0.058280
0.058280
0.030582
0.030582
0.124909
0.124909
0.086181
0.086181
0.055320
0.055320
0.078690
0.078690
0.101876
0.101876
0.120027
0.120027
0.092655
0.092655
0.120915
0.120915
0.065838
0.065838
0.112079
0.112079
0.035150
0.035150
0.055775
0.055775
0.063081
0.063081
0.065442
0.065442
0.066334
0.066334
0.106502
0.106502
0.182737
0.182737
0.039232
0.039232
0.126528
0.126528
0.055365
0.055365
0.154608
0.154608
0.280369
0.280369
0.105404
0.105404
0.130639
0.130639
0.177439
0.177439
0.105895
0.105895
0.139343
0.139343
0.129839
0.129839
0.048726
0.048726
0.053871
0.053871
0.146681
0.146681
0.045069
0.045069
0.049031
0.049031
0.044930
0.044930
0.054688
0.054688
0.053014
0.053014
0.073561
0.073561
0.052588
0.052588
0.231019
0.231019
0.132102
0.132102
0.063088
0.063088
0.185973
0.185973
0.147578
0.147578
0.049415
0.049415
0.080482
0.080482
0.193974
0.193974
0.081501
0.081501
0.072714
0.072714
0.122216
0.122216
0.143945
0.143945
0.078024
0.078024
0.107969
0.107969
0.172204
0.172204
0.037000
0.037000
0.127770
0.127770
0.075593
0.075593
0.055268
0.055268
0.030966
0.030966
0.159934
0.159934
0.048236
0.048236
0.088554
0.088554
0.069463
0.069463
0.106731
0.106731
0.281210
0.281210
0.110163
0.110163
0.048323
0.048323
0.089579
0.089579
0.063245
0.063245
0.137205
0.137205
0.128843
0.128843
0.076105
0.076105
0.039478
0.039478
0.162392
0.162392
0.137852
0.137852
0.073637
0.073637
0.058118
0.058118
0.074612
0.074612
0.092937
0.092937
0.275506
0.275506
0.281428
0.281428
0.034427
0.034427
0.342997
0.342997
0.143837
0.143837
0.136911
0.136911
0.096864
0.096864
0.141285
0.141285
0.041777
0.041777
0.079575
0.079575
0.118640
0.118640
0.037911
0.037911
0.267383
0.267383
0.075499
0.075499
0.119895
0.119895
0.051302
0.051302
0.155854
0.155854
0.073119
0.073119
0.107952
0.107952
0.163277
0.163277
0.043177
0.043177
0.075895
0.075895
0.044541
0.044541
0.047775
0.047775
0.122260
0.122260
0.128035
0.128035
0.286817
0.286817
0.049814
0.049814
0.088544
0.088544
0.070812
0.070812
0.106363
0.106363
0.136672
0.136672
0.064847
0.064847
0.080484
0.080484
0.240513
0.240513
0.077959
0.077959
0.173450
0.173450
0.033705
0.033705
0.136039
0.136039
0.179113
0.179113
0.058904
0.058904
0.066960
0.066960
0.108044
0.108044
0.166301
0.166301
0.187351
0.187351
0.235287
0.235287
0.245450
0.245450
0.071216
0.071216
0.096378
0.096378
0.115012
0.115012
0.069046
0.069046
0.167297
0.167297
0.070869
0.070869
0.139402
0.139402
0.080461
0.080461
0.050297
0.050297
0.170602
0.170602
0.060708
0.060708
0.058289
0.058289
0.103317
0.103317
0.032544
0.032544
0.144850
0.144850
0.092389
0.092389
0.051437
0.051437
0.091789
0.091789
0.053400
0.053400
0.030468
0.030468
0.274892
0.274892
0.020862
0.020862
0.039964
0.039964
0.035813
0.035813
0.078706
0.078706
0.115993
0.115993
0.061126
0.061126
0.039313
0.039313
0.031997
0.031997
0.050589
0.050589
0.213320
0.213320
0.079791
0.079791
0.105183
0.105183
0.109130
0.109130
0.092738
0.092738
0.167220
0.167220
0.063320
0.063320
0.133815
0.133815
0.077982
0.077982
0.051475
0.051475
0.115434
0.115434
0.063118
0.063118
0.095632
0.095632
0.086494
0.086494
0.099411
0.099411
0.050929
0.050929
0.138549
0.138549
0.122491
0.122491
0.205982
0.205982
0.163229
0.163229
0.113992
0.113992
0.106582
0.106582
0.036054
0.036054
0.076243
0.076243
0.226773
0.226773
0.141048
0.141048
0.148677
0.148677
0.383032
0.383032
0.060222
0.060222
0.164357
0.164357
0.112202
0.112202
0.222741
0.222741
0.108598
0.108598
0.044991
0.044991
0.108342
0.108342
0.058893
0.058893
0.102222
0.102222
0.203314
0.203314
0.068027
0.068027
0.138202
0.138202
0.175726
0.175726
0.073247
0.073247
0.036941
0.036941
0.241544
0.241544
0.057323
0.057323
0.082139
0.082139
0.059866
0.059866
0.120720
0.120720
0.125998
0.125998
0.100489
0.100489
0.084729
0.084729
0.053246
0.053246
0.031976
0.031976
0.064882
0.064882
0.080392
0.080392
0.128730
0.128730
0.132128
0.132128
0.113990
0.113990
0.091505
0.091505
0.167771
0.167771
0.092024
0.092024
0.233101
0.233101
0.147521
0.147521
0.087226
0.087226
0.057435
0.057435
0.165065
0.165065
0.169001
0.169001
0.145065
0.145065
0.050338
0.050338
0.136755
0.136755
0.086043
0.086043
0.060374
0.060374
0.071589
0.071589
0.125127
0.125127
0.075045
0.075045
0.144333
0.144333
0.156465
0.156465
0.067854
0.067854
0.050601
0.050601
0.080553
0.080553
0.084514
0.084514
0.128419
0.128419
0.137803
0.137803
0.041220
0.041220
0.232580
0.232580
0.057850
0.057850
0.051876
0.051876
0.071599
0.071599
0.142392
0.142392
0.153788
0.153788
0.082874
0.082874
0.049530
0.049530
0.111010
0.111010
0.105918
0.105918
0.155008
0.155008
0.081258
0.081258
0.113229
0.113229
0.136453
0.136453
0.103465
0.103465
0.069627
0.069627
0.061355
0.061355
0.057174
0.057174
0.243772
0.243772
0.068784
0.068784
0.100068
0.100068
0.091585
0.091585
0.132380
0.132380
0.110989
0.110989
0.084434
0.084434
0.103926
0.103926
0.142824
0.142824
0.118138
0.118138
0.152534
0.152534
0.021501
0.021501
0.155922
0.155922
0.115663
0.115663
0.042720
0.042720
0.136073
0.136073
0.037452
0.037452
0.213310
0.213310
0.096600
0.096600
0.292380
0.292380
0.033369
0.033369
0.094305
0.094305
0.181944
0.181944
0.083591
0.083591
0.045686
0.045686
0.032663
0.032663
0.107580
0.107580
0.077932
0.077932
0.236207
0.236207
0.039861
0.039861
0.208234
0.208234
0.156768
0.156768
0.044490
0.044490
0.128750
0.128750
0.290160
0.290160
0.079599
0.079599
0.190862
0.190862
0.136060
0.136060
0.049248
0.049248
0.046069
0.046069
0.116486
0.116486
0.074313
0.074313
0.051625
0.051625
0.113259
0.113259
0.261268
0.261268
0.075462
0.075462
0.103968
0.103968
0.098528
0.098528
0.083337
0.083337
0.169153
0.169153
0.108559
0.108559
0.154525
0.154525
0.106259
0.106259
0.052795
0.052795
0.287038
0.287038
0.091464
0.091464
0.138236
0.138236
0.049705
0.049705
0.073965
0.073965
0.079784
0.079784
0.079235
0.079235
0.163947
0.163947
0.087099
0.087099
0.050725
0.050725
0.173477
0.173477
0.118840
0.118840
0.092462
0.092462
0.042245
0.042245
0.136288
0.136288
0.031558
0.031558
0.082248
0.082248
0.151771
0.151771
0.063133
0.063133
0.282326
0.282326
0.045451
0.045451
0.047095
0.047095
0.054766
0.054766
0.131112
0.131112
0.131446
0.131446
0.095547
0.095547
0.434956
0.434956
0.051046
0.051046
0.075254
0.075254
0.049482
0.049482
0.155320
0.155320
0.072226
0.072226
0.027894
0.027894
0.068204
0.068204
0.056338
0.056338
0.071342
0.071342
0.117877
0.117877
0.177066
0.177066
0.114788
0.114788
0.112538
0.112538
0.041377
0.041377
0.075400
0.075400
0.095418
0.095418
0.149505
0.149505
0.096201
0.096201
0.045668
0.045668
0.041461
0.041461
0.066627
0.066627
0.096314
0.096314
0.072883
0.072883
0.061497
0.061497
0.052319
0.052319
0.050489
0.050489
0.094682
0.094682
0.253551
0.253551
0.118441
0.118441
0.086096
0.086096
0.060668
0.060668
0.060508
0.060508
0.097406
0.097406
0.140465
0.140465
0.124594
0.124594
0.172325
0.172325
0.367665
0.367665
0.026448
0.026448
0.093270
0.093270
0.028489
0.028489
0.035331
0.035331
0.076308
0.076308
0.076139
0.076139
0.202370
0.202370
0.173784
0.173784
0.112393
0.112393
0.070658
0.070658
0.043139
0.043139
0.067171
0.067171
0.157632
0.157632
0.044553
0.044553
0.052022
0.052022
0.118052
0.118052
0.079535
0.079535
0.123078
0.123078
0.102283
0.102283
0.191016
0.191016
0.022692
0.022692
0.153336
0.153336
0.154007
0.154007
0.118643
0.118643
0.133006
0.133006
0.041593
0.041593
0.021922
0.021922
0.133965
0.133965
0.079458
0.079458
0.055542
0.055542
0.055531
0.055531
0.139624
0.139624
0.063348
0.063348
0.137280
0.137280
0.074457
0.074457
0.110176
0.110176
0.080069
0.080069
0.111895
0.111895
0.049300
0.049300
0.203719
0.203719
0.025859
0.025859
0.067350
0.067350
0.071999
0.071999
0.094467
0.094467
0.067345
0.067345
0.082350
0.082350
0.116076
0.116076
0.035456
0.035456
0.040511
0.040511
0.188350
0.188350
0.209600
0.209600
0.034278
0.034278
0.324433
0.324433
0.164393
0.164393
0.085944
0.085944
0.128779
0.128779
0.036166
0.036166
0.078111
0.078111
0.190558
0.190558
0.090570
0.090570
0.078115
0.078115
0.064074
0.064074
0.283517
0.283517
0.119177
0.119177
0.201420
0.201420
0.124597
0.124597
0.098625
0.098625
0.105217
0.105217
0.072197
0.072197
0.110339
0.110339
0.054825
0.054825
0.151705
0.151705
0.087128
0.087128
0.108790
0.108790
0.067254
0.067254
0.116237
0.116237
0.055912
0.055912
0.123746
0.123746
0.170248
0.170248
0.347219
0.347219
0.141631
0.141631
0.041209
0.041209
0.070347
0.070347
0.042453
0.042453
0.047591
0.047591
0.150124
0.150124
0.074925
0.074925
0.070132
0.070132
0.135832
0.135832
0.031457
0.031457
0.200043
0.200043
0.107840
0.107840
0.171580
0.171580
0.068337
0.068337
0.168375
0.168375
0.093724
0.093724
0.133627
0.133627
0.145387
0.145387
0.033776
0.033776
0.101312
0.101312
0.145944
0.145944
0.063553
0.063553
0.089520
0.089520
0.149907
0.149907
0.114182
0.114182
0.207792
0.207792
0.040038
0.040038
0.074783
0.074783
0.029577
0.029577
0.043663
0.043663
0.104496
0.104496
0.366403
0.366403
0.260029
0.260029
0.104039
0.104039
0.101783
0.101783
0.048885
0.048885
0.104686
0.104686
0.081168
0.081168
0.178390
0.178390
0.197795
0.197795
0.126604
0.126604
0.097577
0.097577
0.026730
0.026730
0.156399
0.156399
0.109384
0.109384
0.028261
0.028261
0.052551
0.052551
0.150102
0.150102
0.067620
0.067620
0.189191
0.189191
0.077653
0.077653
0.074373
0.074373
0.081184
0.081184
0.120499
0.120499
0.111557
0.111557
0.046208
0.046208
0.104412
0.104412
0.094192
0.094192
0.068576
0.068576
0.101424
0.101424
0.048793
0.048793
0.055022
0.055022
0.171258
0.171258
0.070375
0.070375
0.120266
0.120266
0.084273
0.084273
0.084076
0.084076
0.157205
0.157205
0.061531
0.061531
0.212262
0.212262
0.100719
0.100719
0.156020
0.156020
0.128919
0.128919
0.050066
0.050066
0.222452
0.222452
0.130206
0.130206
0.076367
0.076367
0.060692
0.060692
0.124860
0.124860
0.046522
0.046522
0.064350
0.064350
0.236694
0.236694
0.092625
0.092625
0.043129
0.043129
0.089385
0.089385
0.131085
0.131085
0.056855
0.056855
0.080594
0.080594
0.057455
0.057455
0.039168
0.039168
0.065759
0.065759
0.126387
0.126387
0.172350
0.172350
0.096008
0.096008
0.182577
0.182577
0.082429
0.082429
0.053576
0.053576
0.042044
0.042044
0.261704
0.261704
0.089991
0.089991
0.154282
0.154282
0.034041
0.034041
0.081815
0.081815
0.191522
0.191522
0.087671
0.087671
0.047513
0.047513
0.167065
0.167065
0.165457
0.165457
0.052382
0.052382
0.306700
0.306700
0.098539
0.098539
0.112261
0.112261
0.107454
0.107454
0.038530
0.038530
0.171225
0.171225
0.347652
0.347652
0.107684
0.107684
0.101838
0.101838
0.170628
0.170628
0.100370
0.100370
0.061579
0.061579
0.072221
0.072221
0.320951
0.320951
0.112126
0.112126
0.070979
0.070979
0.171879
0.171879
0.296124
0.296124
0.052229
0.052229
0.033783
0.033783
0.093336
0.093336
0.065450
0.065450
0.063155
0.063155
0.088674
0.088674
0.111656
0.111656
0.062716
0.062716
0.075252
0.075252
0.046414
0.046414
0.112615
0.112615
0.100438
0.100438
0.253255
0.253255
0.152119
0.152119
0.062375
0.062375
0.152995
0.152995
0.054111
0.054111
0.073621
0.073621
0.163750
0.163750
0.042914
0.042914
0.043182
0.043182
0.057462
0.057462
0.100384
0.100384
0.052787
0.052787
0.114893
0.114893
0.130657
0.130657
0.129287
0.129287
0.031060
0.031060
0.061649
0.061649
0.093296
0.093296
0.060836
0.060836
0.082718
0.082718
0.120505
0.120505
0.165618
0.165618
0.053201
0.053201
0.280098
0.280098
0.096913
0.096913
0.099609
0.099609
0.083790
0.083790
0.136596
0.136596
0.052038
0.052038
0.098633
0.098633
0.196812
0.196812
0.087252
0.087252
0.092054
0.092054
0.098645
0.098645
0.057006
0.057006
0.026142
0.026142
0.052707
0.052707
0.167470
0.167470
0.057132
0.057132
0.243208
0.243208
0.108102
0.108102
0.187441
0.187441
0.141230
0.141230
0.157992
0.157992
0.044495
0.044495
0.035165
0.035165
0.095175
0.095175
0.068235
0.068235
0.050488
0.050488
0.089482
0.089482
0.166980
0.166980
0.078127
0.078127
0.212307
0.212307
0.102939
0.102939
0.098320
0.098320
0.093394
0.093394
0.046578
0.046578
0.086121
0.086121
0.078716
0.078716
0.044775
0.044775
0.055681
0.055681
0.037115
0.037115
0.111860
0.111860
0.044220
0.044220
0.100492
0.100492
0.046390
0.046390
0.064961
0.064961
0.040231
0.040231
0.092156
0.092156
0.060669
0.060669
0.146071
0.146071
0.169985
0.169985
0.091443
0.091443
0.058923
0.058923
0.123700
0.123700
0.111287
0.111287
0.061179
0.061179
0.083119
0.083119
0.117603
0.117603
0.051347
0.051347
0.090399
0.090399
0.143683
0.143683
0.100294
0.100294
0.124299
0.124299
0.123422
0.123422
0.089437
0.089437
0.103783
0.103783
0.151410
0.151410
0.344442
0.344442
0.036715
0.036715
0.103995
0.103995
0.038645
0.038645
0.167560
0.167560
0.121686
0.121686
0.085649
0.085649
0.057901
0.057901
0.025949
0.025949
0.117684
0.117684
0.183566
0.183566
0.078545
0.078545
0.073894
0.073894
0.177565
0.177565
0.232528
0.232528
0.037513
0.037513
0.085186
0.085186
0.157132
0.157132
0.117895
0.117895
0.073208
0.073208
0.085388
0.085388
0.169623
0.169623
0.072010
0.072010
0.040413
0.040413
0.084608
0.084608
0.186650
0.186650
0.113802
0.113802
0.044875
0.044875
0.161886
0.161886
0.131591
0.131591
0.050208
0.050208
0.059458
0.059458
0.076148
0.076148
0.125545
0.125545
0.071580
0.071580
0.162541
0.162541
0.405726
0.405726
0.082888
0.082888
0.136350
0.136350
0.102119
0.102119
0.064439
0.064439
0.111371
0.111371
0.049375
0.049375
0.090046
0.090046
0.089587
0.089587
0.123321
0.123321
0.117219
0.117219
0.043223
0.043223
0.141258
0.141258
0.095073
0.095073
0.053423
0.053423
0.083364
0.083364
0.145569
0.145569
0.045612
0.045612
0.122161
0.122161
0.113207
0.113207
0.055274
0.055274
0.073928
0.073928
0.123046
0.123046
0.057881
0.057881
0.075520
0.075520
0.088276
0.088276
0.048999
0.048999
0.191700
0.191700
0.058513
0.058513
0.202844
0.202844
0.043399
0.043399
0.088157
0.088157
0.087468
0.087468
0.046611
0.046611
0.282660
0.282660
0.124212
0.124212
0.049288
0.049288
0.037578
0.037578
0.050563
0.050563
0.068906
0.068906
0.139594
0.139594
0.071586
0.071586
0.074633
0.074633
0.136528
0.136528
0.079600
0.079600
0.092611
0.092611
0.090114
0.090114
0.053286
0.053286
0.103975
0.103975
0.227645
0.227645
0.057105
0.057105
0.082113
0.082113
0.043309
0.043309
0.049095
0.049095
0.076488
0.076488
0.041812
0.041812
0.228270
0.228270
0.135128
0.135128
0.130163
0.130163
0.141534
0.141534
0.055310
0.055310
0.185642
0.185642
0.080680
0.080680
0.084229
0.084229
0.110475
0.110475
0.115867
0.115867
0.097528
0.097528
0.061794
0.061794
0.130999
0.130999
0.164870
0.164870
0.031243
0.031243
0.192405
0.192405
0.082568
0.082568
0.037168
0.037168
0.102282
0.102282
0.062710
0.062710
0.067149
0.067149
0.159743
0.159743
0.053905
0.053905
0.198170
0.198170
0.041151
0.041151
0.070913
0.070913
0.213200
0.213200
0.058066
0.058066
0.201473
0.201473
0.086218
0.086218
0.198112
0.198112
0.202044
0.202044
0.048981
0.048981
0.361648
0.361648
0.105796
0.105796
0.073734
0.073734
0.085048
0.085048
0.165946
0.165946
0.093704
0.093704
0.082993
0.082993
0.051757
0.051757
0.035717
0.035717
0.134808
0.134808
0.057916
0.057916
0.045745
0.045745
0.090054
0.090054
0.422769
0.422769
0.045013
0.045013
0.326494
0.326494
0.103010
0.103010
0.109769
0.109769
0.062812
0.062812
0.050613
0.050613
0.119784
0.119784
0.113048
0.113048
0.072249
0.072249
0.134096
0.134096
0.193397
0.193397
0.064737
0.064737
0.077822
0.077822
0.065744
0.065744
0.028485
0.028485
0.138346
0.138346
0.155214
0.155214
0.180739
0.180739
0.203432
0.203432
0.193187
0.193187
0.080396
0.080396
0.045008
0.045008
0.065731
0.065731
0.085266
0.085266
0.037353
0.037353
0.078014
0.078014
0.056738
0.056738
0.089423
0.089423
0.079612
0.079612
0.036009
0.036009
0.106575
0.106575
0.093595
0.093595
0.111092
0.111092
0.166124
0.166124
0.051600
0.051600
0.119629
0.119629
0.067171
0.067171
0.051543
0.051543
0.094397
0.094397
0.076608
0.076608
0.133397
0.133397
0.075328
0.075328
0.133256
0.133256
0.026274
0.026274
0.069519
0.069519
0.145119
0.145119
0.210021
0.210021
0.110822
0.110822
0.098584
0.098584
0.034680
0.034680
0.067408
0.067408
0.129141
0.129141
0.071427
0.071427
0.033882
0.033882
0.075364
0.075364
0.054375
0.054375
0.090127
0.090127
0.050561
0.050561
0.138288
0.138288
0.353542
0.353542
0.076537
0.076537
0.046879
0.046879
0.091001
0.091001
0.202227
0.202227
0.082857
0.082857
0.051583
0.051583
0.141074
0.141074
0.083227
0.083227
0.036118
0.036118
0.195927
0.195927
0.061349
0.061349
0.120335
0.120335
0.086756
0.086756
0.109213
0.109213
0.049235
0.049235
0.162799
0.162799
0.072655
0.072655
0.091286
0.091286
0.087467
0.087467
0.066362
0.066362
0.042128
0.042128
0.076193
0.076193
0.123035
0.123035
0.052968
0.052968
0.102502
0.102502
0.036006
0.036006
0.071082
0.071082
0.163217
0.163217
0.166793
0.166793
0.180780
0.180780
0.042292
0.042292
0.202891
0.202891
0.203069
0.203069
0.062103
0.062103
0.228370
0.228370
0.077987
0.077987
0.163149
0.163149
0.069341
0.069341
0.050781
0.050781
0.031635
0.031635
0.049863
0.049863
0.160417
0.160417
0.099350
0.099350
0.161110
0.161110
0.034001
0.034001
0.092765
0.092765
0.096622
0.096622
0.059546
0.059546
0.108701
0.108701
0.029679
0.029679
0.039971
0.039971
0.043290
0.043290
0.227526
0.227526
0.079691
0.079691
0.182930
0.182930
0.167689
0.167689
0.120352
0.120352
0.114708
0.114708
0.121636
0.121636
0.079740
0.079740
0.137042
0.137042
0.038980
0.038980
0.073532
0.073532
0.050013
0.050013
0.086072
0.086072
0.492083
0.492083
0.158454
0.158454
0.094424
0.094424
0.096914
0.096914
0.260472
0.260472
0.122875
0.122875
0.029810
0.029810
0.221381
0.221381
0.076922
0.076922
0.028063
0.028063
0.063753
0.063753
0.096399
0.096399
0.310133
0.310133
0.043838
0.043838
0.089541
0.089541
0.069439
0.069439
0.074647
0.074647
0.027095
0.027095
0.098943
0.098943
0.070030
0.070030
0.058076
0.058076
0.068321
0.068321
0.101233
0.101233
0.035792
0.035792
0.055128
0.055128
0.118963
0.118963
0.040670
0.040670
0.025687
0.025687
0.281400
0.281400
0.206204
0.206204
0.279441
0.279441
0.059746
0.059746
0.031095
0.031095
0.033872
0.033872
0.044062
0.044062
0.171160
0.171160
0.216076
0.216076
0.044494
0.044494
0.033559
0.033559
0.091029
0.091029
0.195804
0.195804
0.052148
0.052148
0.108328
0.108328
0.353017
0.353017
0.036991
0.036991
0.076497
0.076497
0.162723
0.162723
0.034692
0.034692
0.039538
0.039538
0.069044
0.069044
0.170030
0.170030
0.070794
0.070794
0.072906
0.072906
0.118552
0.118552
0.393118
0.393118
0.103340
0.103340
0.083717
0.083717
0.110654
0.110654
0.092840
0.092840
0.206300
0.206300
0.164199
0.164199
0.060407
0.060407
0.040944
0.040944
0.079791
0.079791
0.064013
0.064013
0.116956
0.116956
0.047180
0.047180
0.064649
0.064649
0.025968
0.025968
0.090462
0.090462
0.240567
0.240567
0.518293
0.518293
0.055737
0.055737
0.069533
0.069533
0.056480
0.056480
0.088996
0.088996
0.092425
0.092425
0.090967
0.090967
0.160305
0.160305
0.135215
0.135215
0.188274
0.188274
0.206265
0.206265
0.065909
0.065909
0.099264
0.099264
0.037923
0.037923
0.076131
0.076131
0.103412
0.103412
0.157353
0.157353
0.083014
0.083014
0.134829
0.134829
0.233178
0.233178
0.121112
0.121112
0.102068
0.102068
0.027002
0.027002
0.089831
0.089831
0.077373
0.077373
0.082638
0.082638
0.140714
0.140714
0.070861
0.070861
0.168129
0.168129
0.121682
0.121682
0.091587
0.091587
0.036597
0.036597
0.153813
0.153813
0.063898
0.063898
0.071900
0.071900
0.054945
0.054945
0.120446
0.120446
0.030687
0.030687
0.054848
0.054848
0.056087
0.056087
0.028403
0.028403
0.052781
0.052781
0.030259
0.030259
0.064382
0.064382
0.124602
0.124602
0.059260
0.059260
0.053176
0.053176
0.063476
0.063476
0.039032
0.039032
0.144176
0.144176
0.215338
0.215338
0.113467
0.113467
0.138712
0.138712
0.203689
0.203689
0.063037
0.063037
0.113732
0.113732
0.168650
0.168650
0.111585
0.111585
0.153317
0.153317
0.134510
0.134510
0.259312
0.259312
0.189208
0.189208
0.049333
0.049333
0.105232
0.105232
0.099073
0.099073
0.087072
0.087072
0.259986
0.259986
0.237972
0.237972
0.258296
0.258296
0.122052
0.122052
0.067811
0.067811
0.060604
0.060604
0.161823
0.161823
0.047145
0.047145
0.124441
0.124441
0.130339
0.130339
0.019303
0.019303
0.050594
0.050594
0.191892
0.191892
0.187342
0.187342
0.047792
0.047792
0.103242
0.103242
0.054770
0.054770
0.295267
0.295267
0.081459
0.081459
0.107549
0.107549
0.075192
0.075192
0.055145
0.055145
0.087931
0.087931
0.057221
0.057221
0.092640
0.092640
0.082722
0.082722
0.066584
0.066584
0.191715
0.191715
0.086342
0.086342
0.101190
0.101190
0.058613
0.058613
0.169315
0.169315
0.040225
0.040225
0.033794
0.033794
0.078210
0.078210
0.399638
0.399638
0.042060
0.042060
0.065531
0.065531
0.134302
0.134302
0.067494
0.067494
0.133856
0.133856
0.090817
0.090817
0.084669
0.084669
0.295990
0.295990
0.073742
0.073742
0.085482
0.085482
0.062290
0.062290
0.066011
0.066011
0.068726
0.068726
0.054504
0.054504
0.066224
0.066224
0.117934
0.117934
0.146937
0.146937
0.101851
0.101851
0.076664
0.076664
0.114822
0.114822
0.082821
0.082821
0.211146
0.211146
0.053472
0.053472
0.083135
0.083135
0.111949
0.111949
0.195921
0.195921
0.050564
0.050564
0.063174
0.063174
0.085228
0.085228
0.100878
0.100878
0.119920
0.119920
0.038221
0.038221
0.114041
0.114041
0.053957
0.053957
0.067251
0.067251
0.097976
0.097976
0.090336
0.090336
0.062560
0.062560
0.371308
0.371308
0.068582
0.068582
0.050459
0.050459
0.131191
0.131191
0.050463
0.050463
0.054211
0.054211
0.046745
0.046745
0.092587
0.092587
0.053623
0.053623
0.129299
0.129299
0.169404
0.169404
0.106655
0.106655
0.471869
0.471869
0.181410
0.181410
0.126515
0.126515
0.051945
0.051945
0.081717
0.081717
0.103739
0.103739
0.065500
0.065500
0.077657
0.077657
0.144330
0.144330
0.094377
0.094377
0.145777
0.145777
0.182864
0.182864
0.289675
0.289675
0.133079
0.133079
0.107126
0.107126
0.102938
0.102938
0.067377
0.067377
0.040731
0.040731
0.049049
0.049049
0.076277
0.076277
0.145775
0.145775
0.047157
0.047157
0.044032
0.044032
0.059448
0.059448
0.154083
0.154083
0.125241
0.125241
0.041128
0.041128
0.111077
0.111077
0.199185
0.199185
0.098362
0.098362
0.111899
0.111899
0.149371
0.149371
0.047990
0.047990
0.029715
0.029715
0.059033
0.059033
0.162907
0.162907
0.061930
0.061930
0.067929
0.067929
0.046779
0.046779
0.169018
0.169018
0.042140
0.042140
0.055755
0.055755
0.106142
0.106142
0.133360
0.133360
0.108940
0.108940
0.042041
0.042041
0.628410
0.628410
0.050643
0.050643
0.049088
0.049088
0.120649
0.120649
0.122321
0.122321
0.138798
0.138798
0.133659
0.133659
0.074992
0.074992
0.093695
0.093695
0.132131
0.132131
0.129066
0.129066
0.117058
0.117058
0.158441
0.158441
0.120793
0.120793
0.104811
0.104811
0.046881
0.046881
0.056234
0.056234
0.103291
0.103291
0.092696
0.092696
0.162818
0.162818
0.072884
0.072884
0.134694
0.134694
0.065162
0.065162
0.231308
0.231308
0.030003
0.030003
0.140400
0.140400
0.142423
0.142423
0.035659
0.035659
0.088067
0.088067
0.110034
0.110034
0.060050
0.060050
0.178609
0.178609
0.051201
0.051201
0.075720
0.075720
0.141832
0.141832
0.212163
0.212163
0.045617
0.045617
0.111323
0.111323
0.099118
0.099118
0.079442
0.079442
0.051874
0.051874
0.126231
0.126231
0.289136
0.289136
0.044101
0.044101
0.070262
0.070262
0.044145
0.044145
0.056839
0.056839
0.105212
0.105212
0.040293
0.040293
0.154933
0.154933
0.135182
0.135182
0.063740
0.063740
0.068977
0.068977
0.050646
0.050646
0.109722
0.109722
0.126769
0.126769
0.073945
0.073945
0.078732
0.078732
0.079465
0.079465
0.055278
0.055278
0.028565
0.028565
0.099852
0.099852
0.156620
0.156620
0.099153
0.099153
0.041231
0.041231
0.058351
0.058351
0.069437
0.069437
0.095161
0.095161
0.046267
0.046267
0.045067
0.045067
0.036595
0.036595
0.075380
0.075380
0.025251
0.025251
0.076864
0.076864
0.041332
0.041332
0.104807
0.104807
0.032958
0.032958
0.118082
0.118082
0.099721
0.099721
0.216246
0.216246
0.096272
0.096272
0.161037
0.161037
0.105070
0.105070
0.119335
0.119335
0.089167
0.089167
0.178022
0.178022
0.202388
0.202388
0.102851
0.102851
0.148117
0.148117
0.169426
0.169426
0.040066
0.040066
0.131194
0.131194
0.081082
0.081082
0.026998
0.026998
0.032559
0.032559
0.135129
0.135129
0.085188
0.085188
0.121044
0.121044
0.021072
0.021072
0.039771
0.039771
0.135386
0.135386
0.027681
0.027681
0.097284
0.097284
0.066733
0.066733
0.082247
0.082247
0.040989
0.040989
0.149246
0.149246
0.059876
0.059876
0.111806
0.111806
0.127725
0.127725
0.057241
0.057241
0.257678
0.257678
0.066686
0.066686
0.095651
0.095651
0.073387
0.073387
0.166356
0.166356
0.043980
0.043980
0.148747
0.148747
0.106832
0.106832
0.040140
0.040140
0.062012
0.062012
0.163079
0.163079
0.034535
0.034535
0.048001
0.048001
0.067031
0.067031
0.057068
0.057068
0.311020
0.311020
0.254833
0.254833
0.036953
0.036953
0.144776
0.144776
0.129650
0.129650
0.092931
0.092931
0.033102
0.033102
0.105839
0.105839
0.038313
0.038313
0.031321
0.031321
0.036873
0.036873
0.123570
0.123570
0.047626
0.047626
0.062435
0.062435
0.043504
0.043504
0.147631
0.147631
0.073915
0.073915
0.082987
0.082987
0.085158
0.085158
0.110381
0.110381
0.082181
0.082181
0.062674
0.062674
0.082129
0.082129
0.039330
0.039330
0.171437
0.171437
0.049022
0.049022
0.217051
0.217051
0.107868
0.107868
0.100378
0.100378
0.054243
0.054243
0.026037
0.026037
0.197547
0.197547
0.147309
0.147309
0.102448
0.102448
0.043313
0.043313
0.121103
0.121103
0.188318
0.188318
0.164215
0.164215
0.228927
0.228927
0.148914
0.148914
0.086460
0.086460
0.039526
0.039526
0.053899
0.053899
0.059678
0.059678
0.092312
0.092312
0.109848
0.109848
0.095037
0.095037
0.062203
0.062203
0.062341
0.062341
0.050580
0.050580
0.249870
0.249870
0.059432
0.059432
0.148412
0.148412
0.049343
0.049343
0.226139
0.226139
0.313056
0.313056
0.154472
0.154472
0.160304
0.160304
0.071832
0.071832
0.082398
0.082398
0.098127
0.098127
0.108921
0.108921
0.132542
0.132542
0.056856
0.056856
0.053705
0.053705
0.168675
0.168675
0.052791
0.052791
0.104341
0.104341
0.094188
0.094188
0.075127
0.075127
0.217543
0.217543
0.094801
0.094801
0.152649
0.152649
0.144556
0.144556
0.075609
0.075609
0.153739
0.153739
0.335832
0.335832
0.102980
0.102980
0.074440
0.074440
0.095882
0.095882
0.092962
0.092962
0.113344
0.113344
0.055978
0.055978
0.040030
0.040030
0.070865
0.070865
0.079644
0.079644
0.098745
0.098745
0.271508
0.271508
0.137051
0.137051
0.078571
0.078571
0.086820
0.086820
0.133398
0.133398
0.040884
0.040884
0.071134
0.071134
0.136959
0.136959
0.331442
0.331442
0.112021
0.112021
0.134169
0.134169
0.053770
0.053770
0.070920
0.070920
0.326874
0.326874
0.025873
0.025873
0.095434
0.095434
0.077237
0.077237
0.145793
0.145793
0.150954
0.150954
0.309106
0.309106
0.113067
0.113067
0.093711
0.093711
0.047843
0.047843
0.071152
0.071152
0.103282
0.103282
0.108782
0.108782
0.029612
0.029612
0.196389
0.196389
0.136546
0.136546
0.115838
0.115838
0.057191
0.057191
0.071206
0.071206
0.060350
0.060350
0.112564
0.112564
0.436476
0.436476
0.072943
0.072943
0.079017
0.079017
0.070033
0.070033
0.062699
0.062699
0.111563
0.111563
0.092039
0.092039
0.087282
0.087282
0.172098
0.172098
0.022050
0.022050
0.065130
0.065130
0.053507
0.053507
0.117326
0.117326
0.039284
0.039284
0.159255
0.159255
0.066372
0.066372
0.112864
0.112864
0.056606
0.056606
0.218982
0.218982
0.053060
0.053060
0.286452
0.286452
0.095445
0.095445
0.032911
0.032911
0.082763
0.082763
0.049216
0.049216
0.116485
0.116485
0.199172
0.199172
0.101529
0.101529
0.086082
0.086082
0.117434
0.117434
0.237001
0.237001
0.105088
0.105088
0.038671
0.038671
0.145188
0.145188
0.089704
0.089704
0.119700
0.119700
0.079495
0.079495
0.219161
0.219161
0.175042
0.175042
0.044532
0.044532
0.084068
0.084068
0.137811
0.137811
0.184269
0.184269
0.028410
0.028410
0.109460
0.109460
0.060604
0.060604
0.020064
0.020064
0.090196
0.090196
0.130781
0.130781
0.065013
0.065013
0.087627
0.087627
0.033379
0.033379
0.091780
0.091780
0.029590
0.029590
0.078777
0.078777
0.055679
0.055679
0.181355
0.181355
0.049600
0.049600
0.161947
0.161947
0.100846
0.100846
0.048772
0.048772
0.144315
0.144315
0.053792
0.053792
0.068504
0.068504
0.055185
0.055185
0.053391
0.053391
0.087629
0.087629
0.064649
0.064649
0.163653
0.163653
0.027756
0.027756
0.051269
0.051269
0.099819
0.099819
0.196013
0.196013
0.059291
0.059291
0.070572
0.070572
0.332107
0.332107
0.120496
0.120496
0.099617
0.099617
0.131278
0.131278
0.112479
0.112479
0.097342
0.097342
0.143838
0.143838
0.111665
0.111665
0.105320
0.105320
0.048124
0.048124
0.140778
0.140778
0.071139
0.071139
0.150666
0.150666
0.038651
0.038651
0.101537
0.101537
0.212509
0.212509
0.041040
0.041040
0.182493
0.182493
0.089859
0.089859
0.099207
0.099207
0.109866
0.109866
0.069759
0.069759
0.188121
0.188121
0.128879
0.128879
0.058623
0.058623
0.044523
0.044523
0.105449
0.105449
0.274629
0.274629
0.089543
0.089543
0.093087
0.093087
0.206998
0.206998
0.051476
0.051476
0.086437
0.086437
0.162621
0.162621
0.189573
0.189573
0.092678
0.092678
0.156387
0.156387
0.061821
0.061821
0.128355
0.128355
0.026462
0.026462
0.069140
0.069140
0.218615
0.218615
0.066515
0.066515
0.043202
0.043202
0.032573
0.032573
0.039111
0.039111
0.098186
0.098186
0.060827
0.060827
0.051116
0.051116
0.035961
0.035961
0.080231
0.080231
0.105811
0.105811
0.094045
0.094045
0.153635
0.153635
0.112170
0.112170
0.058724
0.058724
0.097973
0.097973
0.109524
0.109524
0.100153
0.100153
0.422634
0.422634
0.073709
0.073709
0.184050
0.184050
0.100663
0.100663
0.075161
0.075161
0.067715
0.067715
0.046912
0.046912
0.061234
0.061234
0.144482
0.144482
0.153304
0.153304
0.176203
0.176203
0.163398
0.163398
0.041979
0.041979
0.059126
0.059126
0.061622
0.061622
0.061301
0.061301
0.070384
0.070384
0.037827
0.037827
0.072031
0.072031
0.053556
0.053556
0.151968
0.151968
0.079833
0.079833
0.297812
0.297812
0.090681
0.090681
0.080831
0.080831
0.106715
0.106715
0.076501
0.076501
0.250382
0.250382
0.130816
0.130816
0.028855
0.028855
0.103933
0.103933
0.108590
0.108590
0.098747
0.098747
0.097427
0.097427
0.109185
0.109185
0.099812
0.099812
0.242432
0.242432
0.062738
0.062738
0.166780
0.166780
0.164419
0.164419
0.121579
0.121579
0.056762
0.056762
0.052424
0.052424
0.071542
0.071542
0.070970
0.070970
0.053706
0.053706
0.167940
0.167940
0.108669
0.108669
0.227542
0.227542
0.128763
0.128763
0.084467
0.084467
0.048232
0.048232
0.171425
0.171425
0.208814
0.208814
0.219868
0.219868
0.090217
0.090217
0.113830
0.113830
0.067845
0.067845
0.058997
0.058997
0.203442
0.203442
0.091692
0.091692
0.231421
0.231421
0.125906
0.125906
0.082434
0.082434
0.317740
0.317740
0.095571
0.095571
0.048087
0.048087
0.116798
0.116798
0.104474
0.104474
0.027625
0.027625
0.148615
0.148615
0.075670
0.075670
0.062813
0.062813
0.102081
0.102081
0.138969
0.138969
0.049073
0.049073
0.044458
0.044458
0.085918
0.085918
0.041824
0.041824
0.063005
0.063005
0.041655
0.041655
0.042850
0.042850
0.382055
0.382055
0.074675
0.074675
0.142169
0.142169
0.035087
0.035087
0.135453
0.135453
0.146654
0.146654
0.029803
0.029803
0.090166
0.090166
0.074419
0.074419
0.049876
0.049876
0.153640
0.153640
0.154735
0.154735
0.410508
0.410508
0.123592
0.123592
0.041840
0.041840
0.136464
0.136464
0.049634
0.049634
0.075108
0.075108
0.182215
0.182215
0.081900
0.081900
0.104754
0.104754
0.023006
0.023006
0.028444
0.028444
0.050534
0.050534
0.051730
0.051730
0.076913
0.076913
0.065040
0.065040
0.102675
0.102675
0.051901
0.051901
0.130529
0.130529
0.128482
0.128482
0.036238
0.036238
0.041448
0.041448
0.216033
0.216033
0.031762
0.031762
0.081675
0.081675
0.132941
0.132941
0.047230
0.047230
0.174827
0.174827
0.087623
0.087623
0.083178
0.083178
0.079750
0.079750
0.059979
0.059979
0.075210
0.075210
0.021439
0.021439
0.124589
0.124589
0.045796
0.045796
0.183155
0.183155
0.070864
0.070864
0.116804
0.116804
0.212569
0.212569
0.133932
0.133932
0.149881
0.149881
0.090419
0.090419
0.113605
0.113605
0.174707
0.174707
0.146472
0.146472
0.060149
0.060149
0.057738
0.057738
0.102481
0.102481
0.162376
0.162376
0.093781
0.093781
0.056446
0.056446
0.210537
0.210537
0.068939
0.068939
0.032734
0.032734
0.153161
0.153161
0.115227
0.115227
0.053000
0.053000
0.110754
0.110754
0.045396
0.045396
0.150814
0.150814
0.090280
0.090280
0.151798
0.151798
0.037383
0.037383
0.112905
0.112905
0.094323
0.094323
0.092407
0.092407
0.151165
0.151165
0.096137
0.096137
0.127847
0.127847
0.041206
0.041206
0.112440
0.112440
0.038885
0.038885
0.017333
0.017333
0.091222
0.091222
0.044513
0.044513
0.131261
0.131261
0.069990
0.069990
0.070285
0.070285
0.114835
0.114835
0.061996
0.061996
0.110349
0.110349
0.022836
0.022836
0.094823
0.094823
0.042961
0.042961
0.130443
0.130443
0.107185
0.107185
0.070748
0.070748
0.046308
0.046308
0.059976
0.059976
0.129696
0.129696
0.200095
0.200095
0.064816
0.064816
0.137990
0.137990
0.079365
0.079365
0.044354
0.044354
0.064894
0.064894
0.103671
0.103671
0.109089
0.109089
0.098691
0.098691
0.161658
0.161658
0.169798
0.169798
0.096261
0.096261
0.110921
0.110921
0.062267
0.062267
0.189793
0.189793
0.112220
0.112220
0.071083
0.071083
0.045890
0.045890
0.050542
0.050542
0.149599
0.149599
0.249334
0.249334
0.114357
0.114357
0.190719
0.190719
0.069719
0.069719
0.054960
0.054960
0.041912
0.041912
0.184635
0.184635
0.110292
0.110292
0.150577
0.150577
0.098369
0.098369
0.184575
0.184575
0.071903
0.071903
0.143374
0.143374
0.143381
0.143381
0.095838
0.095838
0.036004
0.036004
0.158897
0.158897
0.356497
0.356497
0.091897
0.091897
0.060005
0.060005
0.074931
0.074931
0.091410
0.091410
0.036182
0.036182
0.056557
0.056557
0.074712
0.074712
0.154048
0.154048
0.068714
0.068714
0.180611
0.180611
0.082970
0.082970
0.154253
0.154253
0.116246
0.116246
0.145710
0.145710
0.038938
0.038938
0.061147
0.061147
0.032931
0.032931
0.119360
0.119360
0.078024
0.078024
0.033299
0.033299
0.068188
0.068188
0.085965
0.085965
0.080950
0.080950
0.168390
0.168390
0.158976
0.158976
0.119512
0.119512
0.059671
0.059671
0.042802
0.042802
0.076247
0.076247
0.123549
0.123549
0.069980
0.069980
0.079147
0.079147
0.053434
0.053434
0.056948
0.056948
0.051205
0.051205
0.087982
0.087982
0.063201
0.063201
0.034270
0.034270
0.169874
0.169874
0.056174
0.056174
0.105774
0.105774
0.104608
0.104608
0.112829
0.112829
0.083550
0.083550
0.121340
0.121340
0.099488
0.099488
0.027456
0.027456
0.091639
0.091639
0.040990
0.040990
0.155208
0.155208
0.066857
0.066857
0.074399
0.074399
0.046046
0.046046
0.287229
0.287229
0.086523
0.086523
0.104298
0.104298
0.130972
0.130972
0.204349
0.204349
0.246957
0.246957
0.047692
0.047692
0.141155
0.141155
0.060850
0.060850
0.079591
0.079591
0.038197
0.038197
0.068053
0.068053
0.158341
0.158341
0.083058
0.083058
0.092092
0.092092
0.119200
0.119200
0.146304
0.146304
0.194772
0.194772
0.153657
0.153657
0.076316
0.076316
0.045830
0.045830
0.144993
0.144993
0.098462
0.098462
0.056411
0.056411
0.205913
0.205913
0.056155
0.056155
0.059113
0.059113
0.254946
0.254946
0.148453
0.148453
0.121289
0.121289
0.028216
0.028216
0.131073
0.131073
0.046459
0.046459
0.288029
0.288029
0.067909
0.067909
0.459879
0.459879
0.036053
0.036053
0.074091
0.074091
0.178652
0.178652
0.076443
0.076443
0.140906
0.140906
0.156925
0.156925
0.058015
0.058015
0.144938
0.144938
0.112777
0.112777
0.339574
0.339574
0.177309
0.177309
0.103871
0.103871
0.125173
0.125173
0.117146
0.117146
0.040599
0.040599
0.099000
0.099000
0.161965
0.161965
0.028476
0.028476
0.016380
0.016380
0.070803
0.070803
0.057699
0.057699
0.151025
0.151025
0.191479
0.191479
0.139515
0.139515
0.072894
0.072894
0.082300
0.082300
0.068722
0.068722
0.132559
0.132559
0.102618
0.102618
0.049073
0.049073
0.043353
0.043353
0.097199
0.097199
0.093904
0.093904
0.086286
0.086286
0.107623
0.107623
0.109781
0.109781
0.087299
0.087299
0.069043
0.069043
0.063510
0.063510
0.097624
0.097624
0.117629
0.117629
0.226872
0.226872
0.093516
0.093516
0.065532
0.065532
0.362007
0.362007
0.053745
0.053745
0.039588
0.039588
0.062866
0.062866
0.094681
0.094681
0.196481
0.196481
0.114877
0.114877
0.088808
0.088808
0.089173
0.089173
0.043171
0.043171
0.151931
0.151931
0.034064
0.034064
0.184519
0.184519
0.081999
0.081999
0.100683
0.100683
0.111310
0.111310
0.178183
0.178183
0.090598
0.090598
0.140920
0.140920
0.240116
0.240116
0.052771
0.052771
0.098331
0.098331
0.069329
0.069329
0.132915
0.132915
0.082217
0.082217
0.079694
0.079694
0.051823
0.051823
0.080579
0.080579
0.056169
0.056169
0.063295
0.063295
0.070978
0.070978
0.053796
0.053796
0.070817
0.070817
0.047705
0.047705
0.071913
0.071913
0.257542
0.257542
0.140744
0.140744
0.116006
0.116006
0.073104
0.073104
0.074525
0.074525
0.059941
0.059941
0.076863
0.076863
0.067386
0.067386
0.026218
0.026218
0.083096
0.083096
0.158403
0.158403
0.146877
0.146877
0.133901
0.133901
0.078288
0.078288
0.172603
0.172603
0.070219
0.070219
0.059088
0.059088
0.193928
0.193928
0.133649
0.133649
0.058848
0.058848
0.098272
0.098272
0.063810
0.063810
0.116048
0.116048
0.098197
0.098197
0.039080
0.039080
0.159152
0.159152
0.307833
0.307833
0.056159
0.056159
0.164445
0.164445
0.097187
0.097187
0.078612
0.078612
0.036374
0.036374
0.044537
0.044537
0.051665
0.051665
0.127709
0.127709
0.054058
0.054058
0.097651
0.097651
0.126506
0.126506
0.078395
0.078395
0.136708
0.136708
0.117743
0.117743
0.105144
0.105144
0.146677
0.146677
0.162712
0.162712
0.045532
0.045532
0.139270
0.139270
0.072183
0.072183
0.109667
0.109667
0.075968
0.075968
0.130258
0.130258
0.226981
0.226981
0.112917
0.112917
0.090836
0.090836
0.080929
0.080929
0.157149
0.157149
0.109403
0.109403
0.113385
0.113385
0.065686
0.065686
0.161074
0.161074
0.036829
0.036829
0.081467
0.081467
0.078575
0.078575
0.288514
0.288514
0.061558
0.061558
0.045643
0.045643
0.073746
0.073746
0.061486
0.061486
0.058352
0.058352
0.075185
0.075185
0.062024
0.062024
0.089821
0.089821
0.094970
0.094970
0.034806
0.034806
0.108031
0.108031
0.092752
0.092752
0.059511
0.059511
0.093977
0.093977
0.159955
0.159955
0.355367
0.355367
0.060928
0.060928
0.112322
0.112322
0.128119
0.128119
0.150676
0.150676
0.083266
0.083266
0.102551
0.102551
0.149218
0.149218
0.059443
0.059443
0.048919
0.048919
0.069824
0.069824
0.041941
0.041941
0.075538
0.075538
0.426923
0.426923
0.331943
0.331943
0.128545
0.128545
0.118828
0.118828
0.128175
0.128175
0.094373
0.094373
0.052828
0.052828
0.054842
0.054842
0.223994
0.223994
0.076840
0.076840
0.066826
0.066826
0.040613
0.040613
0.077277
0.077277
0.043230
0.043230
0.224999
0.224999
0.058320
0.058320
0.109395
0.109395
0.091139
0.091139
0.146771
0.146771
0.357315
0.357315
0.122909
0.122909
0.104874
0.104874
0.173760
0.173760
0.173756
0.173756
0.045276
0.045276
0.057816
0.057816
0.135765
0.135765
0.046798
0.046798
0.104646
0.104646
0.100135
0.100135
0.161330
0.161330
0.090449
0.090449
0.088340
0.088340
0.052718
0.052718
0.047831
0.047831
0.072172
0.072172
0.060144
0.060144
0.058258
0.058258
0.326563
0.326563
0.028330
0.028330
0.309273
0.309273
0.078941
0.078941
0.100818
0.100818
0.034423
0.034423
0.129051
0.129051
0.115194
0.115194
0.119231
0.119231
0.035338
0.035338
0.114532
0.114532
0.083097
0.083097
0.101452
0.101452
0.123677
0.123677
0.094677
0.094677
0.097231
0.097231
0.053172
0.053172
0.130133
0.130133
0.049017
0.049017
0.193620
0.193620
0.066025
0.066025
0.068168
0.068168
0.070567
0.070567
0.099250
0.099250
0.110097
0.110097
0.231017
0.231017
0.137898
0.137898
0.109084
0.109084
0.137455
0.137455
0.076414
0.076414
0.153678
0.153678
0.100740
0.100740
0.083966
0.083966
0.136923
0.136923
0.056256
0.056256
0.071197
0.071197
0.226741
0.226741
0.071350
0.071350
0.089420
0.089420
0.060241
0.060241
0.060611
0.060611
0.122584
0.122584
0.074627
0.074627
0.083869
0.083869
0.066981
0.066981
0.060205
0.060205
0.081788
0.081788
0.086039
0.086039
0.074784
0.074784
0.082619
0.082619
0.064497
0.064497
0.124085
0.124085
0.049177
0.049177
0.100314
0.100314
0.066816
0.066816
0.085067
0.085067
0.095833
0.095833
0.069501
0.069501
0.071966
0.071966
0.057557
0.057557
0.076328
0.076328
0.061169
0.061169
0.084579
0.084579
0.160356
0.160356
0.109443
0.109443
0.126211
0.126211
0.063437
0.063437
0.070244
0.070244
0.237895
0.237895
0.098550
0.098550
0.128013
0.128013
0.097198
0.097198
0.021727
0.021727
0.082765
0.082765
0.069399
0.069399
0.053017
0.053017
0.163804
0.163804
0.045080
0.045080
0.054312
0.054312
0.088587
0.088587
0.160910
0.160910
0.072431
0.072431
0.075134
0.075134
0.128849
0.128849
0.112188
0.112188
0.070673
0.070673
0.114244
0.114244
0.086116
0.086116
0.116678
0.116678
0.100863
0.100863
0.326094
0.326094
0.095406
0.095406
0.074211
0.074211
0.134495
0.134495
0.056926
0.056926
0.097294
0.097294
0.199634
0.199634
0.052658
0.052658
0.041986
0.041986
0.073816
0.073816
0.069949
0.069949
0.046451
0.046451
0.173816
0.173816
0.071385
0.071385
0.100820
0.100820
0.091384
0.091384
0.057239
0.057239
0.136174
0.136174
0.080942
0.080942
0.069151
0.069151
0.109961
0.109961
0.092789
0.092789
0.040850
0.040850
0.096170
0.096170
0.067363
0.067363
0.062432
0.062432
0.071417
0.071417
0.195615
0.195615
0.088246
0.088246
0.182290
0.182290
0.085664
0.085664
0.044752
0.044752
0.055826
0.055826
0.084008
0.084008
0.120684
0.120684
0.062802
0.062802
0.020654
0.020654
0.179468
0.179468
0.093559
0.093559
0.074471
0.074471
0.149036
0.149036
0.125121
0.125121
0.112906
0.112906
0.041994
0.041994
0.044551
0.044551
0.039659
0.039659
0.046280
0.046280
0.183569
0.183569
0.134134
0.134134
0.272176
0.272176
0.085683
0.085683
0.102812
0.102812
0.058342
0.058342
0.133538
0.133538
0.059398
0.059398
0.063757
0.063757
0.171399
0.171399
0.118122
0.118122
0.047870
0.047870
0.291674
0.291674
0.080015
0.080015
0.025275
0.025275
0.099009
0.099009
0.066840
0.066840
0.154386
0.154386
0.131316
0.131316
0.076052
0.076052
0.157551
0.157551
0.192465
0.192465
0.074648
0.074648
0.132809
0.132809
0.085647
0.085647
0.164253
0.164253
0.232733
0.232733
0.341643
0.341643
0.082478
0.082478
0.283930
0.283930
0.031508
0.031508
0.103114
0.103114
0.126410
0.126410
0.102100
0.102100
0.077080
0.077080
0.089370
0.089370
0.054385
0.054385
0.100076
0.100076
0.084748
0.084748
0.166278
0.166278
0.047754
0.047754
0.127012
0.127012
0.075839
0.075839
0.051443
0.051443
0.090558
0.090558
0.141948
0.141948
0.087396
0.087396
0.130349
0.130349
0.168017
0.168017
0.069095
0.069095
0.087186
0.087186
0.041036
0.041036
0.075893
0.075893
0.090371
0.090371
0.080175
0.080175
0.080337
0.080337
0.068237
0.068237
0.088241
0.088241
0.064971
0.064971
0.097199
0.097199
0.156297
0.156297
0.088383
0.088383
0.104979
0.104979
0.022903
0.022903
0.152853
0.152853
0.083880
0.083880
0.069274
0.069274
0.029112
0.029112
0.062174
0.062174
0.233573
0.233573
0.225366
0.225366
0.137691
0.137691
0.358930
0.358930
0.052124
0.052124
0.086502
0.086502
0.102906
0.102906
0.075726
0.075726
0.117344
0.117344
0.045619
0.045619
0.029241
0.029241
0.066341
0.066341
0.028086
0.028086
0.062513
0.062513
0.168036
0.168036
0.075894
0.075894
0.055582
0.055582
0.117792
0.117792
0.096806
0.096806
0.106006
0.106006
0.146164
0.146164
0.064925
0.064925
0.272139
0.272139
0.311749
0.311749
0.080737
0.080737
0.221503
0.221503
0.101935
0.101935
0.119394
0.119394
0.079046
0.079046
0.031484
0.031484
0.078863
0.078863
0.067124
0.067124
0.176021
0.176021
0.084458
0.084458
0.152600
0.152600
0.058675
0.058675
0.031240
0.031240
0.097866
0.097866
0.203792
0.203792
0.174612
0.174612
0.093627
0.093627
0.065484
0.065484
0.081980
0.081980
0.066480
0.066480
0.101275
0.101275
0.079582
0.079582
0.022593
0.022593
0.036632
0.036632
0.111303
0.111303
0.132472
0.132472
0.107215
0.107215
0.048952
0.048952
0.040371
0.040371
0.082570
0.082570
0.055194
0.055194
0.034937
0.034937
0.070561
0.070561
0.044624
0.044624
0.106263
0.106263
0.169590
0.169590
0.049245
0.049245
0.103328
0.103328
0.189434
0.189434
0.038937
0.038937
0.078097
0.078097
0.041801
0.041801
0.072827
0.072827
0.164954
0.164954
0.245254
0.245254
0.165546
0.165546
0.089352
0.089352
0.151012
0.151012
0.117898
0.117898
0.046540
0.046540
0.036844
0.036844
0.181029
0.181029
0.136274
0.136274
0.144593
0.144593
0.072810
0.072810
0.043685
0.043685
0.189046
0.189046
0.054300
0.054300
0.051941
0.051941
0.079267
0.079267
0.056116
0.056116
0.034560
0.034560
0.080742
0.080742
0.076175
0.076175
0.224828
0.224828
0.079178
0.079178
0.055389
0.055389
0.107346
0.107346
0.060293
0.060293
0.082324
0.082324
0.036871
0.036871
0.069860
0.069860
0.098534
0.098534
0.166516
0.166516
0.076414
0.076414
0.164321
0.164321
0.074576
0.074576
0.075980
0.075980
0.089271
0.089271
0.113445
0.113445
0.116401
0.116401
0.094001
0.094001
0.087944
0.087944
0.111630
0.111630
0.117774
0.117774
0.138135
0.138135
0.049153
0.049153
0.036548
0.036548
0.138973
0.138973
0.040031
0.040031
0.115577
0.115577
0.093144
0.093144
0.113816
0.113816
0.152390
0.152390
0.060967
0.060967
0.412869
0.412869
0.041025
0.041025
0.057001
0.057001
0.046031
0.046031
0.089277
0.089277
0.072126
0.072126
0.238585
0.238585
0.179262
0.179262
0.054190
0.054190
0.041090
0.041090
0.226657
0.226657
0.066485
0.066485
0.068856
0.068856
0.039627
0.039627
0.084147
0.084147
0.124683
0.124683
0.202320
0.202320
0.055773
0.055773
0.084984
0.084984
0.145141
0.145141
0.069471
0.069471
0.212972
0.212972
0.239752
0.239752
0.040953
0.040953
0.062020
0.062020
0.044005
0.044005
0.147688
0.147688
0.019753
0.019753
0.378345
0.378345
0.203333
0.203333
0.299812
0.299812
0.112668
0.112668
0.064429
0.064429
0.059460
0.059460
0.084410
0.084410
0.064097
0.064097
0.261143
0.261143
0.026395
0.026395
0.082125
0.082125
0.040227
0.040227
0.102969
0.102969
0.082735
0.082735
0.103401
0.103401
0.023396
0.023396
0.069553
0.069553
0.082185
0.082185
0.047011
0.047011
0.084213
0.084213
0.095621
0.095621
0.053433
0.053433
0.074400
0.074400
0.128030
0.128030
0.195604
0.195604
0.086399
0.086399
0.082502
0.082502
0.174797
0.174797
0.023649
0.023649
0.123675
0.123675
0.189243
0.189243
0.092668
0.092668
0.104905
0.104905
0.076503
0.076503
0.117780
0.117780
0.047726
0.047726
0.038266
0.038266
0.125309
0.125309
0.083692
0.083692
0.118248
0.118248
0.290662
0.290662
0.136045
0.136045
0.041981
0.041981
0.088748
0.088748
0.047063
0.047063
0.112166
0.112166
0.077536
0.077536
0.175587
0.175587
0.108481
0.108481
0.029717
0.029717
0.117939
0.117939
0.064348
0.064348
0.208753
0.208753
0.112967
0.112967
0.039541
0.039541
0.124049
0.124049
0.032958
0.032958
0.272863
0.272863
0.079704
0.079704
0.154624
0.154624
0.035237
0.035237
0.130456
0.130456
0.064358
0.064358
0.109423
0.109423
0.086331
0.086331
0.083896
0.083896
0.094423
0.094423
0.052017
0.052017
0.146658
0.146658
0.097138
0.097138
0.036551
0.036551
0.122033
0.122033
0.108099
0.108099
0.165785
0.165785
0.178311
0.178311
0.051567
0.051567
0.081004
0.081004
0.100253
0.100253
0.083388
0.083388
0.150649
0.150649
0.102808
0.102808
0.075823
0.075823
0.067735
0.067735
0.099271
0.099271
0.067203
0.067203
0.159543
0.159543
0.080199
0.080199
0.109495
0.109495
0.089176
0.089176
0.149510
0.149510
0.033332
0.033332
0.125587
0.125587
0.127792
0.127792
0.184736
0.184736
0.055125
0.055125
0.248777
0.248777
0.147414
0.147414
0.076253
0.076253
0.093014
0.093014
0.105574
0.105574
0.045613
0.045613
0.163673
0.163673
0.146296
0.146296
0.043488
0.043488
0.152501
0.152501
0.022254
0.022254
0.133299
0.133299
0.048815
0.048815
0.079157
0.079157
0.084404
0.084404
0.072709
0.072709
0.077944
0.077944
0.066981
0.066981
0.194946
0.194946
0.113587
0.113587
0.070406
0.070406
0.047091
0.047091
0.045264
0.045264
0.283146
0.283146
0.050873
0.050873
0.123421
0.123421
0.068630
0.068630
0.035391
0.035391
0.153615
0.153615
0.116128
0.116128
0.081024
0.081024
0.073594
0.073594
0.061898
0.061898
0.021921
0.021921
0.158913
0.158913
0.037158
0.037158
0.072464
0.072464
0.325163
0.325163
0.142782
0.142782
0.049236
0.049236
0.148152
0.148152
0.069792
0.069792
0.033824
0.033824
0.052740
0.052740
0.046625
0.046625
0.069698
0.069698
0.069465
0.069465
0.088650
0.088650
0.070280
0.070280
0.054359
0.054359
0.054530
0.054530
0.207383
0.207383
0.041462
0.041462
0.085083
0.085083
0.190199
0.190199
0.300899
0.300899
0.069683
0.069683
0.101662
0.101662
0.185414
0.185414
0.089390
0.089390
0.062367
0.062367
0.284846
0.284846
0.149800
0.149800
0.120715
0.120715
0.025576
0.025576
0.086292
0.086292
0.137078
0.137078
0.110222
0.110222
0.056878
0.056878
0.043384
0.043384
0.116932
0.116932
0.084685
0.084685
0.116252
0.116252
0.192087
0.192087
0.178066
0.178066
0.113692
0.113692
0.076911
0.076911
0.204412
0.204412
0.189076
0.189076
0.058356
0.058356
0.171751
0.171751
0.116714
0.116714
0.160679
0.160679
0.193916
0.193916
0.132602
0.132602
0.043785
0.043785
0.073975
0.073975
0.028710
0.028710
0.045483
0.045483
0.073338
0.073338
0.131905
0.131905
0.022740
0.022740
0.036511
0.036511
0.080749
0.080749
0.058936
0.058936
0.038373
0.038373
0.059860
0.059860
0.098542
0.098542
0.108600
0.108600
0.124550
0.124550
0.149383
0.149383
0.046219
0.046219
0.053279
0.053279
0.093180
0.093180
0.035539
0.035539
0.131502
0.131502
0.113907
0.113907
0.235455
0.235455
0.246598
0.246598
0.128375
0.128375
0.114570
0.114570
0.072612
0.072612
0.118115
0.118115
0.058407
0.058407
0.159990
0.159990
0.065823
0.065823
0.109155
0.109155
0.112973
0.112973
0.051544
0.051544
0.154050
0.154050
0.132388
0.132388
0.045561
0.045561
0.146024
0.146024
0.093643
0.093643
0.098983
0.098983
0.063915
0.063915
0.084563
0.084563
0.119355
0.119355
0.074689
0.074689
0.035136
0.035136
0.082704
0.082704
0.120601
0.120601
0.088620
0.088620
0.213604
0.213604
0.142703
0.142703
0.327302
0.327302
0.114509
0.114509
0.197662
0.197662
0.176272
0.176272
0.072225
0.072225
0.077199
0.077199
0.145171
0.145171
0.322713
0.322713
0.151549
0.151549
0.133996
0.133996
0.029875
0.029875
0.065559
0.065559
0.044980
0.044980
0.171428
0.171428
0.086928
0.086928
0.062274
0.062274
0.031661
0.031661
0.096283
0.096283
0.116095
0.116095
0.047114
0.047114
0.026753
0.026753
0.046586
0.046586
0.126978
0.126978
0.127975
0.127975
0.019974
0.019974
0.075100
0.075100
0.048769
0.048769
0.052760
0.052760
0.064742
0.064742
0.223124
0.223124
0.030080
0.030080
0.054341
0.054341
0.133680
0.133680
0.041455
0.041455
0.182809
0.182809
0.200726
0.200726
0.267866
0.267866
0.072961
0.072961
0.139859
0.139859
0.032356
0.032356
0.083870
0.083870
0.092531
0.092531
0.128756
0.128756
0.138980
0.138980
0.104231
0.104231
0.065978
0.065978
0.096486
0.096486
0.051039
0.051039
0.156404
0.156404
0.142408
0.142408
0.050876
0.050876
0.041400
0.041400
0.127142
0.127142
0.126386
0.126386
0.078259
0.078259
0.108240
0.108240
0.250935
0.250935
0.073972
0.073972
0.078728
0.078728
0.137548
0.137548
0.135992
0.135992
0.074562
0.074562
0.080204
0.080204
0.163487
0.163487
0.111192
0.111192
0.099032
0.099032
0.028398
0.028398
0.050648
0.050648
0.116272
0.116272
0.402416
0.402416
0.118896
0.118896
0.035870
0.035870
0.030675
0.030675
0.057043
0.057043
0.099409
0.099409
0.080409
0.080409
0.045028
0.045028
0.096663
0.096663
0.063184
0.063184
0.188829
0.188829
0.105457
0.105457
0.059723
0.059723
0.184011
0.184011
0.058987
0.058987
0.141964
0.141964
0.142128
0.142128
0.055814
0.055814
0.046763
0.046763
0.030274
0.030274
0.026640
0.026640
0.072488
0.072488
0.131068
0.131068
0.039442
0.039442
0.151911
0.151911
0.090314
0.090314
0.088781
0.088781
0.070422
0.070422
0.036386
0.036386
0.081135
0.081135
0.172620
0.172620
0.223611
0.223611
0.079205
0.079205
0.025001
0.025001
0.095909
0.095909
0.104902
0.104902
0.184521
0.184521
0.061393
0.061393
0.048927
0.048927
0.062647
0.062647
0.152615
0.152615
0.036640
0.036640
0.098743
0.098743
0.109396
0.109396
0.088007
0.088007
0.040341
0.040341
0.081271
0.081271
0.116192
0.116192
0.080310
0.080310
0.109198
0.109198
0.329770
0.329770
0.231448
0.231448
0.047599
0.047599
0.056723
0.056723
0.129301
0.129301
0.062658
0.062658
0.106607
0.106607
0.075631
0.075631
0.033082
0.033082
0.024858
0.024858
0.115013
0.115013
0.085530
0.085530
0.061262
0.061262
0.035307
0.035307
0.098189
0.098189
0.106963
0.106963
0.275429
0.275429
0.121318
0.121318
0.240582
0.240582
0.184924
0.184924
0.039038
0.039038
0.049369
0.049369
0.043178
0.043178
0.149490
0.149490
0.060038
0.060038
0.076370
0.076370
0.070689
0.070689
0.117434
0.117434
0.058282
0.058282
0.102758
0.102758
0.076651
0.076651
0.154769
0.154769
0.036000
0.036000
0.080598
0.080598
0.079395
0.079395
0.077360
0.077360
0.092803
0.092803
0.038123
0.038123
0.329427
0.329427
0.186745
0.186745
0.051231
0.051231
0.051562
0.051562
0.232299
0.232299
0.066563
0.066563
0.067487
0.067487
0.088321
0.088321
0.037764
0.037764
0.037193
0.037193
0.152401
0.152401
0.030968
0.030968
0.106950
0.106950
0.180807
0.180807
0.063168
0.063168
0.114692
0.114692
0.115607
0.115607
0.190691
0.190691
0.135910
0.135910
0.249813
0.249813
0.069763
0.069763
0.167185
0.167185
0.079062
0.079062
0.085407
0.085407
0.232771
0.232771
0.051806
0.051806
0.133804
0.133804
0.078245
0.078245
0.048563
0.048563
0.181725
0.181725
0.032872
0.032872
0.315582
0.315582
0.048133
0.048133
0.051746
0.051746
0.063875
0.063875
0.131546
0.131546
0.091534
0.091534
0.094680
0.094680
0.054976
0.054976
0.061242
0.061242
0.081700
0.081700
0.055871
0.055871
0.047446
0.047446
0.116684
0.116684
0.052415
0.052415
0.111919
0.111919
0.037551
0.037551
0.130890
0.130890
0.092341
0.092341
0.052700
0.052700
0.101032
0.101032
0.270866
0.270866
0.153448
0.153448
0.034364
0.034364
0.083229
0.083229
0.084761
0.084761
0.157604
0.157604
0.147921
0.147921
0.084274
0.084274
0.030630
0.030630
0.116918
0.116918
0.056391
0.056391
0.092540
0.092540
0.101455
0.101455
0.088822
0.088822
0.162400
0.162400
0.041126
0.041126
0.301380
0.301380
0.039663
0.039663
0.101217
0.101217
0.053035
0.053035
0.059666
0.059666
0.085227
0.085227
0.080063
0.080063
0.077894
0.077894
0.071326
0.071326
0.060947
0.060947
0.048965
0.048965
0.136969
0.136969
0.119370
0.119370
0.100988
0.100988
0.097879
0.097879
0.074846
0.074846
0.064185
0.064185
0.151170
0.151170
0.234693
0.234693
0.155067
0.155067
0.190749
0.190749
0.093154
0.093154
0.051203
0.051203
0.055595
0.055595
0.110190
0.110190
0.278257
0.278257
0.079485
0.079485
0.074745
0.074745
0.277501
0.277501
0.094080
0.094080
0.036318
0.036318
0.099815
0.099815
0.196145
0.196145
0.084004
0.084004
0.126332
0.126332
0.035717
0.035717
0.046536
0.046536
0.164754
0.164754
0.057231
0.057231
0.097265
0.097265
0.042530
0.042530
0.089812
0.089812
0.045101
0.045101
0.090053
0.090053
0.122934
0.122934
0.116738
0.116738
0.123933
0.123933
0.144791
0.144791
0.065235
0.065235
0.029359
0.029359
0.088288
0.088288
0.104942
0.104942
0.150855
0.150855
0.139319
0.139319
0.149040
0.149040
0.061728
0.061728
0.077737
0.077737
0.160894
0.160894
0.060324
0.060324
0.074199
0.074199
0.206301
0.206301
0.089580
0.089580
0.166074
0.166074
0.134219
0.134219
0.091654
0.091654
0.044582
0.044582
0.079915
0.079915
0.342258
0.342258
0.065102
0.065102
0.055057
0.055057
0.044487
0.044487
0.141167
0.141167
0.081994
0.081994
0.095637
0.095637
0.154469
0.154469
0.072895
0.072895
0.089329
0.089329
0.132993
0.132993
0.034352
0.034352
0.061538
0.061538
0.034292
0.034292
0.130689
0.130689
0.050038
0.050038
0.048560
0.048560
0.024438
0.024438
0.068401
0.068401
0.049158
0.049158
0.111824
0.111824
0.079303
0.079303
0.125638
0.125638
0.057138
0.057138
0.085040
0.085040
0.053363
0.053363
0.107014
0.107014
0.065393
0.065393
0.056906
0.056906
0.156142
0.156142
0.095784
0.095784
0.079519
0.079519
0.044387
0.044387
0.093735
0.093735
0.072020
0.072020
0.035272
0.035272
0.050867
0.050867
0.038755
0.038755
0.140558
0.140558
0.060691
0.060691
0.081848
0.081848
0.105527
0.105527
0.164313
0.164313
0.085030
0.085030
0.034169
0.034169
0.095110
0.095110
0.144784
0.144784
0.057590
0.057590
0.219449
0.219449
0.063064
0.063064
0.271746
0.271746
0.107287
0.107287
0.192901
0.192901
0.195852
0.195852
0.123337
0.123337
0.047267
0.047267
0.128996
0.128996
0.201623
0.201623
0.057433
0.057433
0.045341
0.045341
0.127408
0.127408
0.213097
0.213097
0.130853
0.130853
0.189428
0.189428
0.032637
0.032637
0.026674
0.026674
0.049296
0.049296
0.093431
0.093431
0.254499
0.254499
0.102244
0.102244
0.060381
0.060381
0.084610
0.084610
0.081208
0.081208
0.092384
0.092384
0.073586
0.073586
0.207211
0.207211
0.164060
0.164060
0.192699
0.192699
0.104450
0.104450
0.134267
0.134267
0.123810
0.123810
0.064523
0.064523
0.101486
0.101486
0.260119
0.260119
0.375159
0.375159
0.124241
0.124241
0.154896
0.154896
0.229459
0.229459
0.045403
0.045403
0.084399
0.084399
0.101264
0.101264
0.069128
0.069128
0.051203
0.051203
0.051674
0.051674
0.075049
0.075049
0.038270
0.038270
0.157393
0.157393
0.067116
0.067116
0.103736
0.103736
0.180551
0.180551
0.047350
0.047350
0.059902
0.059902
0.064607
0.064607
0.201633
0.201633
0.090944
0.090944
0.058344
0.058344
0.083932
0.083932
0.068629
0.068629
0.089865
0.089865
0.068018
0.068018
0.093315
0.093315
0.104733
0.104733
0.089909
0.089909
0.034264
0.034264
0.069373
0.069373
0.067755
0.067755
0.069779
0.069779
0.060894
0.060894
0.071339
0.071339
0.138739
0.138739
0.097451
0.097451
0.037369
0.037369
0.075401
0.075401
0.094826
0.094826
0.174658
0.174658
0.180191
0.180191
0.103431
0.103431
0.142312
0.142312
0.068159
0.068159
0.088280
0.088280
0.075287
0.075287
0.072959
0.072959
0.166765
0.166765
0.098919
0.098919
0.117264
0.117264
0.196940
0.196940
0.085138
0.085138
0.094814
0.094814
0.090897
0.090897
0.161022
0.161022
0.146237
0.146237
0.138570
0.138570
0.050750
0.050750
0.023742
0.023742
0.192566
0.192566
0.089338
0.089338
0.088517
0.088517
0.145213
0.145213
0.074628
0.074628
0.082731
0.082731
0.049323
0.049323
0.119322
0.119322
0.094099
0.094099
0.045020
0.045020
0.171008
0.171008
0.155988
0.155988
0.219213
0.219213
0.083605
0.083605
0.144569
0.144569
0.083330
0.083330
0.054207
0.054207
0.069321
0.069321
0.106425
0.106425
0.083896
0.083896
0.091101
0.091101
0.025869
0.025869
0.067735
0.067735
0.156129
0.156129
0.080024
0.080024
0.051888
0.051888
0.026664
0.026664
0.085626
0.085626
0.066919
0.066919
0.032784
0.032784
0.058086
0.058086
0.048350
0.048350
0.109504
0.109504
0.066586
0.066586
0.068472
0.068472
0.044792
0.044792
0.040836
0.040836
0.064834
0.064834
0.112059
0.112059
0.106757
0.106757
0.074741
0.074741
0.027530
0.027530
0.151008
0.151008
0.070365
0.070365
0.080376
0.080376
0.171302
0.171302
0.083677
0.083677
0.042632
0.042632
0.136824
0.136824
0.130060
0.130060
0.045801
0.045801
0.047545
0.047545
0.129045
0.129045
0.046675
0.046675
0.107794
0.107794
0.081146
0.081146
0.102583
0.102583
0.041700
0.041700
0.129238
0.129238
0.110297
0.110297
0.090281
0.090281
0.134504
0.134504
0.085700
0.085700
0.201292
0.201292
0.127500
0.127500
0.097898
0.097898
0.070805
0.070805
0.106061
0.106061
0.105526
0.105526
0.030027
0.030027
0.065450
0.065450
0.234476
0.234476
0.074729
0.074729
0.075929
0.075929
0.109211
0.109211
0.138616
0.138616
0.123850
0.123850
0.217571
0.217571
0.369161
0.369161
0.045765
0.045765
0.063896
0.063896
0.057133
0.057133
0.013575
0.013575
0.130755
0.130755
0.051900
0.051900
0.057809
0.057809
0.086589
0.086589
0.162123
0.162123
0.129894
0.129894
0.157694
0.157694
0.317588
0.317588
0.034231
0.034231
0.190536
0.190536
0.209289
0.209289
0.073944
0.073944
0.217322
0.217322
0.202409
0.202409
0.085483
0.085483
0.192653
0.192653
0.254458
0.254458
0.113882
0.113882
0.138384
0.138384
0.169522
0.169522
0.078946
0.078946
0.091554
0.091554
0.051004
0.051004
0.089926
0.089926
0.087959
0.087959
0.059815
0.059815
0.140546
0.140546
0.101201
0.101201
0.041763
0.041763
0.061632
0.061632
0.133170
0.133170
0.060988
0.060988
0.056173
0.056173
0.104007
0.104007
0.117205
0.117205
0.344115
0.344115
0.147066
0.147066
0.128132
0.128132
0.060285
0.060285
0.057075
0.057075
0.128943
0.128943
0.045249
0.045249
0.137203
0.137203
0.051576
0.051576
0.095635
0.095635
0.049950
0.049950
0.290189
0.290189
0.064884
0.064884
0.086436
0.086436
0.271398
0.271398
0.089505
0.089505
0.088681
0.088681
0.024104
0.024104
0.095039
0.095039
0.076056
0.076056
0.096636
0.096636
0.078889
0.078889
0.069262
0.069262
0.142521
0.142521
0.066062
0.066062
0.073903
0.073903
0.077611
0.077611
0.047872
0.047872
0.139299
0.139299
0.107671
0.107671
0.026455
0.026455
0.165559
0.165559
0.145226
0.145226
0.348960
0.348960
0.162587
0.162587
0.075214
0.075214
0.080425
0.080425
0.057090
0.057090
0.040544
0.040544
0.063702
0.063702
0.086193
0.086193
0.161030
0.161030
0.052869
0.052869
0.050968
0.050968
0.087033
0.087033
0.029259
0.029259
0.042058
0.042058
0.110292
0.110292
0.103007
0.103007
0.072402
0.072402
0.051175
0.051175
0.084916
0.084916
0.152568
0.152568
0.054242
0.054242
0.210274
0.210274
0.483772
0.483772
0.080032
0.080032
0.113255
0.113255
0.136221
0.136221
0.132519
0.132519
0.029412
0.029412
0.194319
0.194319
0.159585
0.159585
0.086839
0.086839
0.183338
0.183338
0.050175
0.050175
0.068232
0.068232
0.100930
0.100930
0.056652
0.056652
0.108367
0.108367
0.194625
0.194625
0.050706
0.050706
0.142635
0.142635
0.042403
0.042403
0.166593
0.166593
0.034306
0.034306
0.124707
0.124707
0.092556
0.092556
0.082474
0.082474
0.181778
0.181778
0.088627
0.088627
0.061885
0.061885
0.078710
0.078710
0.039659
0.039659
0.152841
0.152841
0.260052
0.260052
0.041016
0.041016
0.054480
0.054480
0.090584
0.090584
0.035642
0.035642
0.060077
0.060077
0.032147
0.032147
0.040655
0.040655
0.050692
0.050692
0.097164
0.097164
0.045274
0.045274
0.080169
0.080169
0.090073
0.090073
0.042472
0.042472
0.086824
0.086824
0.166218
0.166218
0.131402
0.131402
0.024782
0.024782
0.038763
0.038763
0.075134
0.075134
0.204092
0.204092
0.056734
0.056734
0.092946
0.092946
0.058102
0.058102
0.148795
0.148795
0.255971
0.255971
0.062758
0.062758
0.117935
0.117935
0.075192
0.075192
0.045649
0.045649
0.215533
0.215533
0.156479
0.156479
0.088862
0.088862
0.085600
0.085600
0.163082
0.163082
0.124022
0.124022
0.153360
0.153360
0.114281
0.114281
0.143090
0.143090
0.134407
0.134407
0.061120
0.061120
0.054076
0.054076
0.069211
0.069211
0.050768
0.050768
0.102393
0.102393
0.032149
0.032149
0.060805
0.060805
0.066276
0.066276
0.109360
0.109360
0.062187
0.062187
0.043420
0.043420
0.155111
0.155111
0.201210
0.201210
0.082940
0.082940
0.106991
0.106991
0.050498
0.050498
0.069878
0.069878
0.071651
0.071651
0.044665
0.044665
0.033035
0.033035
0.333833
0.333833
0.084105
0.084105
0.120336
0.120336
0.066507
0.066507
0.136960
0.136960
0.062691
0.062691
0.081344
0.081344
0.134778
0.134778
0.051463
0.051463
0.176994
0.176994
0.050057
0.050057
0.156459
0.156459
0.027438
0.027438
0.042202
0.042202
0.058273
0.058273
0.109793
0.109793
0.051834
0.051834
0.208833
0.208833
0.054287
0.054287
0.034016
0.034016
0.101460
0.101460
0.114814
0.114814
0.152207
0.152207
0.173652
0.173652
0.093053
0.093053
0.135992
0.135992
0.078360
0.078360
0.063651
0.063651
0.038907
0.038907
0.096251
0.096251
0.095704
0.095704
0.150817
0.150817
0.161268
0.161268
0.436308
0.436308
0.104111
0.104111
0.050747
0.050747
0.042843
0.042843
0.064587
0.064587
0.124456
0.124456
0.168563
0.168563
0.204401
0.204401
0.096394
0.096394
0.099338
0.099338
0.073673
0.073673
0.091784
0.091784
0.106590
0.106590
0.091813
0.091813
0.099506
0.099506
0.084548
0.084548
0.099154
0.099154
0.087602
0.087602
0.121073
0.121073
0.123747
0.123747
0.131264
0.131264
0.066443
0.066443
0.024314
0.024314
0.049292
0.049292
0.160888
0.160888
0.233121
0.233121
0.167002
0.167002
0.034376
0.034376
0.099413
0.099413
0.084187
0.084187
0.056113
0.056113
0.069522
0.069522
0.100156
0.100156
0.067622
0.067622
0.173932
0.173932
0.056945
0.056945
0.043515
0.043515
0.053177
0.053177
0.039385
0.039385
0.110848
0.110848
0.047866
0.047866
0.046838
0.046838
0.077960
0.077960
0.309585
0.309585
0.094081
0.094081
0.043766
0.043766
0.104761
0.104761
0.107759
0.107759
0.101697
0.101697
0.140408
0.140408
0.076733
0.076733
0.073587
0.073587
0.109318
0.109318
0.080342
0.080342
0.050573
0.050573
0.148854
0.148854
0.041769
0.041769
0.118482
0.118482
0.098127
0.098127
0.101474
0.101474
0.045018
0.045018
0.034351
0.034351
0.071194
0.071194
0.054210
0.054210
0.072064
0.072064
0.098850
0.098850
0.061051
0.061051
0.110976
0.110976
0.060441
0.060441
0.070351
0.070351
0.069492
0.069492
0.181622
0.181622
0.225709
0.225709
0.184014
0.184014
0.090704
0.090704
0.030748
0.030748
0.143883
0.143883
0.070588
0.070588
0.122311
0.122311
0.197815
0.197815
0.114280
0.114280
0.080775
0.080775
0.085712
0.085712
0.039415
0.039415
0.065598
0.065598
0.108898
0.108898
0.229332
0.229332
0.123519
0.123519
0.146625
0.146625
0.117708
0.117708
0.047738
0.047738
0.038309
0.038309
0.257896
0.257896
0.044800
0.044800
0.016482
0.016482
0.123503
0.123503
0.070198
0.070198
0.051636
0.051636
0.481868
0.481868
0.102587
0.102587
0.094667
0.094667
0.159518
0.159518
0.030976
0.030976
0.253011
0.253011
0.038751
0.038751
0.045124
0.045124
0.060677
0.060677
0.166362
0.166362
0.193371
0.193371
0.103561
0.103561
0.128076
0.128076
0.062769
0.062769
0.093956
0.093956
0.079499
0.079499
0.096515
0.096515
0.107967
0.107967
0.313150
0.313150
0.111388
0.111388
0.067077
0.067077
0.073015
0.073015
0.032713
0.032713
0.213182
0.213182
0.041945
0.041945
0.045311
0.045311
0.078667
0.078667
0.074229
0.074229
0.109411
0.109411
0.047285
0.047285
0.073860
0.073860
0.030592
0.030592
0.055412
0.055412
0.031293
0.031293
0.064159
0.064159
0.117347
0.117347
0.123043
0.123043
0.147079
0.147079
0.235084
0.235084
0.054539
0.054539
0.033311
0.033311
0.052490
0.052490
0.056875
0.056875
0.023129
0.023129
0.139471
0.139471
0.157855
0.157855
0.146436
0.146436
0.204668
0.204668
0.047024
0.047024
0.155260
0.155260
0.087988
0.087988
0.130941
0.130941
0.053229
0.053229
0.166065
0.166065
0.057935
0.057935
0.079533
0.079533
0.102034
0.102034
0.114952
0.114952
0.079591
0.079591
0.139777
0.139777
0.096169
0.096169
0.087385
0.087385
0.082894
0.082894
0.195344
0.195344
0.139953
0.139953
0.044686
0.044686
0.036144
0.036144
0.162246
0.162246
0.071677
0.071677
0.050900
0.050900
0.020181
0.020181
0.055148
0.055148
0.380091
0.380091
0.064112
0.064112
0.027846
0.027846
0.125832
0.125832
0.136302
0.136302
0.041646
0.041646
0.128878
0.128878
0.100165
0.100165
0.103465
0.103465
0.067168
0.067168
0.138650
0.138650
0.056480
0.056480
0.069193
0.069193
0.057500
0.057500
0.064557
0.064557
0.137439
0.137439
0.050055
0.050055
0.151905
0.151905
0.135361
0.135361
0.052043
0.052043
0.086751
0.086751
0.278702
0.278702
0.094676
0.094676
0.133195
0.133195
0.157344
0.157344
0.124117
0.124117
0.039523
0.039523
0.165120
0.165120
0.072196
0.072196
0.063033
0.063033
0.150812
0.150812
0.136269
0.136269
0.194866
0.194866
0.075143
0.075143
0.046071
0.046071
0.049064
0.049064
0.036772
0.036772
0.074679
0.074679
0.038012
0.038012
0.074059
0.074059
0.028601
0.028601
0.040751
0.040751
0.108403
0.108403
0.293183
0.293183
0.062566
0.062566
0.310917
0.310917
0.210162
0.210162
0.180345
0.180345
0.105268
0.105268
0.137792
0.137792
0.094636
0.094636
0.200824
0.200824
0.044308
0.044308
0.045106
0.045106
0.087884
0.087884
0.089336
0.089336
0.081894
0.081894
0.045615
0.045615
0.052776
0.052776
0.054892
0.054892
0.017407
0.017407
0.073433
0.073433
0.285222
0.285222
0.092870
0.092870
0.303458
0.303458
0.091314
0.091314
0.061874
0.061874
0.122493
0.122493
0.057889
0.057889
0.068514
0.068514
0.053605
0.053605
0.091514
0.091514
0.272143
0.272143
0.152119
0.152119
0.040695
0.040695
0.058904
0.058904
0.088585
0.088585
0.171202
0.171202
0.134311
0.134311
0.051360
0.051360
0.127632
0.127632
0.056702
0.056702
0.020574
0.020574
0.050204
0.050204
0.025729
0.025729
0.228122
0.228122
0.042715
0.042715
0.071528
0.071528
0.106393
0.106393
0.041646
0.041646
0.110033
0.110033
0.089237
0.089237
0.058105
0.058105
0.112874
0.112874
0.085186
0.085186
0.099605
0.099605
0.047931
0.047931
0.076435
0.076435
0.127177
0.127177
0.104082
0.104082
0.064894
0.064894
0.128088
0.128088
0.096131
0.096131
0.151113
0.151113
0.287766
0.287766
0.171163
0.171163
0.069995
0.069995
0.109383
0.109383
0.056200
0.056200
0.060873
0.060873
0.094994
0.094994
0.093460
0.093460
0.126801
0.126801
0.135697
0.135697
0.120660
0.120660
0.050429
0.050429
0.112598
0.112598
0.123907
0.123907
0.089427
0.089427
0.087776
0.087776
0.122567
0.122567
0.119482
0.119482
0.096061
0.096061
0.039077
0.039077
0.067250
0.067250
0.123831
0.123831
0.052248
0.052248
0.044765
0.044765
0.163275
0.163275
0.052410
0.052410
0.057608
0.057608
0.110012
0.110012
0.279895
0.279895
0.039638
0.039638
0.047199
0.047199
0.046502
0.046502
0.195051
0.195051
0.096928
0.096928
0.155305
0.155305
0.052564
0.052564
0.140003
0.140003
0.275052
0.275052
0.038149
0.038149
0.081223
0.081223
0.069023
0.069023
0.037092
0.037092
0.064515
0.064515
0.052024
0.052024
0.078104
0.078104
0.092822
0.092822
0.082411
0.082411
0.034832
0.034832
0.065902
0.065902
0.043808
0.043808
0.035936
0.035936
0.063750
0.063750
0.103717
0.103717
0.082354
0.082354
0.058418
0.058418
0.119436
0.119436
0.042299
0.042299
0.054432
0.054432
0.040487
0.040487
0.086541
0.086541
0.096418
0.096418
0.085207
0.085207
0.096119
0.096119
0.132842
0.132842
0.146588
0.146588
0.081485
0.081485
0.166741
0.166741
0.134656
0.134656
0.153326
0.153326
0.054585
0.054585
0.070318
0.070318
0.099909
0.099909
0.134708
0.134708
0.126801
0.126801
0.216860
0.216860
0.088860
0.088860
0.050943
0.050943
0.032204
0.032204
0.160798
0.160798
0.069588
0.069588
0.039393
0.039393
0.146777
0.146777
0.108320
0.108320
0.076090
0.076090
0.041961
0.041961
0.087292
0.087292
0.161259
0.161259
0.045996
0.045996
0.178852
0.178852
0.060747
0.060747
0.080182
0.080182
0.062224
0.062224
0.330125
0.330125
0.086019
0.086019
0.037567
0.037567
0.089950
0.089950
0.117311
0.117311
0.046461
0.046461
0.088756
0.088756
0.312574
0.312574
0.090004
0.090004
0.045414
0.045414
0.075246
0.075246
0.119116
0.119116
0.028619
0.028619
0.252295
0.252295
0.121304
0.121304
0.072354
0.072354
0.068817
0.068817
0.135627
0.135627
0.085122
0.085122
0.097878
0.097878
0.098096
0.098096
0.090287
0.090287
0.123195
0.123195
0.062868
0.062868
0.068157
0.068157
0.051749
0.051749
0.062571
0.062571
0.048225
0.048225
0.062430
0.062430
0.085670
0.085670
0.060445
0.060445
0.057230
0.057230
0.042168
0.042168
0.091574
0.091574
0.047590
0.047590
0.061606
0.061606
0.157132
0.157132
0.103145
0.103145
0.157735
0.157735
0.040293
0.040293
0.181678
0.181678
0.079228
0.079228
0.077595
0.077595
0.029370
0.029370
0.165048
0.165048
0.149784
0.149784
0.062915
0.062915
0.119860
0.119860
0.059853
0.059853
0.107661
0.107661
0.193814
0.193814
0.149446
0.149446
0.242398
0.242398
0.075857
0.075857
0.219523
0.219523
0.053405
0.053405
0.211026
0.211026
0.026418
0.026418
0.092526
0.092526
0.129475
0.129475
0.150594
0.150594
0.083242
0.083242
0.107179
0.107179
0.020669
0.020669
0.230480
0.230480
0.070805
0.070805
0.111986
0.111986
0.216946
0.216946
0.107378
0.107378
0.118442
0.118442
0.184760
0.184760
0.033327
0.033327
0.048717
0.048717
0.062565
0.062565
0.277680
0.277680
0.074110
0.074110
0.137164
0.137164
0.053950
0.053950
0.147044
0.147044
0.141832
0.141832
0.049150
0.049150
0.095177
0.095177
0.051130
0.051130
0.092415
0.092415
0.050746
0.050746
0.086872
0.086872
0.102991
0.102991
0.441725
0.441725
0.136359
0.136359
0.158966
0.158966
0.103669
0.103669
0.099357
0.099357
0.045966
0.045966
0.123799
0.123799
0.050157
0.050157
0.027753
0.027753
0.114417
0.114417
0.083345
0.083345
0.038410
0.038410
0.072297
0.072297
0.096018
0.096018
0.109430
0.109430
0.178767
0.178767
0.209517
0.209517
0.201762
0.201762
0.062710
0.062710
0.083730
0.083730
0.092451
0.092451
0.091284
0.091284
0.060244
0.060244
0.059225
0.059225
0.088996
0.088996
0.094592
0.094592
0.095755
0.095755
0.080503
0.080503
0.180301
0.180301
0.195969
0.195969
0.245735
0.245735
0.151014
0.151014
0.173036
0.173036
0.044884
0.044884
0.083652
0.083652
0.152521
0.152521
0.034507
0.034507
0.026204
0.026204
0.060991
0.060991
0.070874
0.070874
0.204872
0.204872
0.101187
0.101187
0.102408
0.102408
0.250181
0.250181
0.054251
0.054251
0.152943
0.152943
0.055542
0.055542
0.086583
0.086583
0.154273
0.154273
0.028140
0.028140
0.149543
0.149543
0.168921
0.168921
0.037428
0.037428
0.197290
0.197290
0.053584
0.053584
0.080755
0.080755
0.110197
0.110197
0.091830
0.091830
0.148419
0.148419
0.046745
0.046745
0.047557
0.047557
0.058068
0.058068
0.064857
0.064857
0.046369
0.046369
0.027478
0.027478
0.097590
0.097590
0.132750
0.132750
0.084884
0.084884
0.049947
0.049947
0.058873
0.058873
0.060731
0.060731
0.037375
0.037375
0.138606
0.138606
0.097463
0.097463
0.050882
0.050882
0.036571
0.036571
0.122819
0.122819
0.172129
0.172129
0.128093
0.128093
0.083613
0.083613
0.081029
0.081029
0.167197
0.167197
0.074760
0.074760
0.374619
0.374619
0.133099
0.133099
0.127245
0.127245
0.042130
0.042130
0.124137
0.124137
0.257596
0.257596
0.140359
0.140359
0.072750
0.072750
0.072230
0.072230
0.167152
0.167152
0.089194
0.089194
0.092874
0.092874
0.071877
0.071877
0.073446
0.073446
0.195455
0.195455
0.054717
0.054717
0.086191
0.086191
0.065068
0.065068
0.106267
0.106267
0.113909
0.113909
0.090635
0.090635
0.163407
0.163407
0.057911
0.057911
0.144087
0.144087
0.087019
0.087019
0.058864
0.058864
0.048187
0.048187
0.084632
0.084632
0.063899
0.063899
0.049843
0.049843
0.060576
0.060576
0.051161
0.051161
0.055489
0.055489
0.068203
0.068203
0.077574
0.077574
0.145672
0.145672
0.282203
0.282203
0.061285
0.061285
0.030593
0.030593
0.147661
0.147661
0.065410
0.065410
0.085901
0.085901
0.093898
0.093898
0.079181
0.079181
0.075391
0.075391
0.100010
0.100010
0.055536
0.055536
0.278448
0.278448
0.058335
0.058335
0.361816
0.361816
0.114548
0.114548
0.067867
0.067867
0.045561
0.045561
0.215850
0.215850
0.080931
0.080931
0.201975
0.201975
0.042569
0.042569
0.084756
0.084756
0.065589
0.065589
0.168375
0.168375
0.098480
0.098480
0.079131
0.079131
0.044612
0.044612
0.063239
0.063239
0.125600
0.125600
0.077062
0.077062
0.052927
0.052927
0.103985
0.103985
0.062913
0.062913
0.037839
0.037839
0.134844
0.134844
0.133166
0.133166
0.039931
0.039931
0.197737
0.197737
0.068903
0.068903
0.195211
0.195211
0.089624
0.089624
0.091685
0.091685
0.056290
0.056290
0.267261
0.267261
0.126011
0.126011
0.077166
0.077166
0.107272
0.107272
0.058343
0.058343
0.065603
0.065603
0.058564
0.058564
0.103373
0.103373
0.028818
0.028818
0.052877
0.052877
0.207140
0.207140
0.025537
0.025537
0.114121
0.114121
0.089285
0.089285
0.078473
0.078473
0.304225
0.304225
0.043750
0.043750
0.086022
0.086022
0.031430
0.031430
0.296654
0.296654
0.037502
0.037502
0.042002
0.042002
0.115964
0.115964
0.078038
0.078038
0.139535
0.139535
0.077144
0.077144
0.086832
0.086832
0.069970
0.069970
0.100373
0.100373
0.045176
0.045176
0.093558
0.093558
0.069204
0.069204
0.037923
0.037923
0.093927
0.093927
0.061562
0.061562
0.120661
0.120661
0.100697
0.100697
0.077223
0.077223
0.034157
0.034157
0.043542
0.043542
0.057375
0.057375
0.134280
0.134280
0.048148
0.048148
0.171359
0.171359
0.068720
0.068720
0.241157
0.241157
0.042637
0.042637
0.127268
0.127268
0.080922
0.080922
0.049671
0.049671
0.221759
0.221759
0.099766
0.099766
0.121289
0.121289
0.047465
0.047465
0.051718
0.051718
0.044845
0.044845
0.068445
0.068445
0.040484
0.040484
0.058249
0.058249
0.086553
0.086553
0.059980
0.059980
0.095142
0.095142
0.110465
0.110465
0.058916
0.058916
0.056753
0.056753
0.072937
0.072937
0.035819
0.035819
0.095072
0.095072
0.074245
0.074245
0.025083
0.025083
0.038539
0.038539
0.072840
0.072840
0.179155
0.179155
0.113272
0.113272
0.047468
0.047468
0.072901
0.072901
0.052071
0.052071
0.065500
0.065500
0.328585
0.328585
0.147878
0.147878
0.038207
0.038207
0.113929
0.113929
0.063357
0.063357
0.227176
0.227176
0.074216
0.074216
0.150746
0.150746
0.053717
0.053717
0.051211
0.051211
0.154908
0.154908
0.080431
0.080431
0.218760
0.218760
0.127128
0.127128
0.061323
0.061323
0.055134
0.055134
0.116816
0.116816
0.108163
0.108163
0.054782
0.054782
0.061967
0.061967
0.135331
0.135331
0.180661
0.180661
0.067980
0.067980
0.335470
0.335470
0.180354
0.180354
0.097390
0.097390
0.074639
0.074639
0.031825
0.031825
0.208594
0.208594
0.060701
0.060701
0.051973
0.051973
0.070211
0.070211
0.145614
0.145614
0.065257
0.065257
0.053258
0.053258
0.069297
0.069297
0.080983
0.080983
0.281065
0.281065
0.050459
0.050459
0.072861
0.072861
0.064922
0.064922
0.099314
0.099314
0.159411
0.159411
0.078241
0.078241
0.045404
0.045404
0.084020
0.084020
0.289070
0.289070
0.210509
0.210509
0.145219
0.145219
0.076016
0.076016
0.074494
0.074494
0.075861
0.075861
0.116670
0.116670
0.190178
0.190178
0.373137
0.373137
0.040454
0.040454
0.156774
0.156774
0.124408
0.124408
0.096226
0.096226
0.035643
0.035643
0.151125
0.151125
0.065416
0.065416
0.023665
0.023665
0.047679
0.047679
0.058582
0.058582
0.057584
0.057584
0.214626
0.214626
0.056107
0.056107
0.215130
0.215130
0.112833
0.112833
0.187309
0.187309
0.045695
0.045695
0.052238
0.052238
0.032940
0.032940
0.201299
0.201299
0.042589
0.042589
0.049055
0.049055
0.081467
0.081467
0.145563
0.145563
0.115101
0.115101
0.059829
0.059829
0.066310
0.066310
0.122618
0.122618
0.101815
0.101815
0.159495
0.159495
0.073976
0.073976
0.234432
0.234432
0.279107
0.279107
0.124936
0.124936
0.082663
0.082663
0.074423
0.074423
0.058001
0.058001
0.024767
0.024767
0.099219
0.099219
0.057263
0.057263
0.210921
0.210921
0.133149
0.133149
0.449464
0.449464
0.040235
0.040235
0.084509
0.084509
0.083621
0.083621
0.120340
0.120340
0.065612
0.065612
0.066621
0.066621
0.140587
0.140587
0.135892
0.135892
0.083962
0.083962
0.140141
0.140141
0.081928
0.081928
0.118747
0.118747
0.050940
0.050940
0.213665
0.213665
0.081455
0.081455
0.034003
0.034003
0.064675
0.064675
0.032268
0.032268
0.108063
0.108063
0.054949
0.054949
0.126049
0.126049
0.104090
0.104090
0.076966
0.076966
0.096341
0.096341
0.125065
0.125065
0.095089
0.095089
0.155290
0.155290
0.050714
0.050714
0.033967
0.033967
0.181332
0.181332
0.135445
0.135445
0.052421
0.052421
0.081101
0.081101
0.031279
0.031279
0.134047
0.134047
0.062235
0.062235
0.121043
0.121043
0.115607
0.115607
0.127284
0.127284
0.046455
0.046455
0.075848
0.075848
0.187071
0.187071
0.083001
0.083001
0.075779
0.075779
0.072769
0.072769
0.053213
0.053213
0.044694
0.044694
0.033405
0.033405
0.095606
0.095606
0.038654
0.038654
0.074729
0.074729
0.187984
0.187984
0.030061
0.030061
0.205198
0.205198
0.166981
0.166981
0.212303
0.212303
0.044056
0.044056
0.165695
0.165695
0.028073
0.028073
0.146303
0.146303
0.065362
0.065362
0.071784
0.071784
