2.282510
2.282510
2.251790
2.251790
2.286198
2.286198
2.241006
2.241006
2.289601
2.289601
2.266585
2.266585
2.249343
2.249343
2.247417
2.247417
2.222861
2.222861
2.254472
2.254472
2.232924
2.232924
2.232346
2.232346
2.268739
2.268739
2.266629
2.266629
2.243851
2.243851
2.226018
2.226018
2.247729
2.247729
2.205962
2.205962
2.248201
2.248201
2.233358
2.233358
2.236642
2.236642
2.231570
2.231570
2.216272
2.216272
2.218668
2.218668
2.228761
2.228761
2.232277
2.232277
2.205394
2.205394
2.228035
2.228035
2.222403
2.222403
2.218291
2.218291
2.219995
2.219995
2.217830
2.217830
2.208297
2.208297
2.193191
2.193191
2.200049
2.200049
2.195615
2.195615
2.186013
2.186013
2.164732
2.164732
2.185443
2.185443
2.171722
2.171722
2.196140
2.196140
2.194062
2.194062
2.180738
2.180738
2.158832
2.158832
2.170965
2.170965
2.179166
2.179166
2.169891
2.169891
2.162378
2.162378
2.158144
2.158144
2.140326
2.140326
2.138983
2.138983
2.148136
2.148136
2.141990
2.141990
2.130886
2.130886
2.178490
2.178490
2.172397
2.172397
2.140016
2.140016
2.176872
2.176872
2.121082
2.121082
2.122043
2.122043
2.169069
2.169069
2.169699
2.169699
2.095822
2.095822
2.117912
2.117912
2.126640
2.126640
2.158137
2.158137
2.084120
2.084120
2.099206
2.099206
2.087744
2.087744
2.114108
2.114108
2.074707
2.074707
2.144406
2.144406
2.118373
2.118373
2.087178
2.087178
2.110317
2.110317
2.074014
2.074014
2.086479
2.086479
2.063507
2.063507
2.048926
2.048926
2.049314
2.049314
2.033419
2.033419
2.032650
2.032650
2.083933
2.083933
2.062169
2.062169
2.061803
2.061803
2.029868
2.029868
2.049416
2.049416
2.044291
2.044291
2.030032
2.030032
1.986794
1.986794
2.035418
2.035418
1.990813
1.990813
2.083750
2.083750
2.019423
2.019423
2.023548
2.023548
1.985793
1.985793
1.957869
1.957869
1.971259
1.971259
1.966951
1.966951
1.946026
1.946026
2.000202
2.000202
1.943634
1.943634
1.954251
1.954251
1.981274
1.981274
1.907357
1.907357
1.993075
1.993075
1.991188
1.991188
1.951684
1.951684
1.971096
1.971096
1.824920
1.824920
2.007897
2.007897
1.885383
1.885383
1.891474
1.891474
1.884388
1.884388
1.872309
1.872309
1.868400
1.868400
1.851872
1.851872
1.847731
1.847731
1.854504
1.854504
1.930274
1.930274
1.827188
1.827188
1.813059
1.813059
1.837197
1.837197
1.811985
1.811985
1.838025
1.838025
1.885986
1.885986
1.821431
1.821431
1.843243
1.843243
1.806018
1.806018
1.829923
1.829923
1.765268
1.765268
1.772625
1.772625
1.746577
1.746577
1.721711
1.721711
1.755053
1.755053
1.880412
1.880412
1.841725
1.841725
1.655909
1.655909
1.722160
1.722160
1.667820
1.667820
1.690109
1.690109
1.715154
1.715154
1.721111
1.721111
1.743297
1.743297
1.593173
1.593173
1.632096
1.632096
1.676585
1.676585
1.596611
1.596611
1.714776
1.714776
1.630246
1.630246
1.662255
1.662255
1.578105
1.578105
1.613108
1.613108
1.590480
1.590480
1.753591
1.753591
1.638863
1.638863
1.676905
1.676905
1.568516
1.568516
1.537242
1.537242
1.708518
1.708518
1.499188
1.499188
1.657728
1.657728
1.568470
1.568470
1.654361
1.654361
1.687939
1.687939
1.586267
1.586267
1.522262
1.522262
1.602493
1.602493
1.644141
1.644141
1.539872
1.539872
1.446095
1.446095
1.595252
1.595252
1.500716
1.500716
1.515931
1.515931
1.535084
1.535084
1.516725
1.516725
1.507030
1.507030
1.293663
1.293663
1.429463
1.429463
1.566424
1.566424
1.456165
1.456165
1.483982
1.483982
1.486385
1.486385
1.428156
1.428156
1.463366
1.463366
1.484115
1.484115
1.454251
1.454251
1.301481
1.301481
1.517012
1.517012
1.454007
1.454007
1.275742
1.275742
1.418406
1.418406
1.460600
1.460600
1.542238
1.542238
1.401384
1.401384
1.338839
1.338839
1.403268
1.403268
1.287389
1.287389
1.547964
1.547964
1.281741
1.281741
1.438510
1.438510
1.325658
1.325658
1.255863
1.255863
1.445891
1.445891
1.300237
1.300237
1.425221
1.425221
1.285236
1.285236
1.403284
1.403284
1.457866
1.457866
1.307146
1.307146
1.364317
1.364317
1.235481
1.235481
1.389021
1.389021
1.453228
1.453228
1.359600
1.359600
1.169949
1.169949
1.292375
1.292375
1.121647
1.121647
1.216424
1.216424
1.280396
1.280396
1.320416
1.320416
1.306207
1.306207
1.206083
1.206083
1.113939
1.113939
1.100529
1.100529
1.113722
1.113722
1.204679
1.204679
1.220195
1.220195
1.192315
1.192315
1.135026
1.135026
1.050215
1.050215
1.173862
1.173862
1.362597
1.362597
1.127256
1.127256
1.211290
1.211290
1.167995
1.167995
1.071233
1.071233
1.250653
1.250653
1.113371
1.113371
1.067418
1.067418
1.322772
1.322772
1.180098
1.180098
0.973845
0.973845
1.322500
1.322500
1.256667
1.256667
0.951871
0.951871
1.232686
1.232686
1.153704
1.153704
1.104104
1.104104
1.049808
1.049808
1.184405
1.184405
1.162832
1.162832
1.409005
1.409005
0.986081
0.986081
1.041873
1.041873
1.062164
1.062164
1.162703
1.162703
1.174286
1.174286
0.998735
0.998735
1.103821
1.103821
1.020174
1.020174
1.195821
1.195821
1.114707
1.114707
1.076606
1.076606
1.063252
1.063252
1.108344
1.108344
1.027441
1.027441
1.074102
1.074102
1.154510
1.154510
1.002796
1.002796
1.046756
1.046756
1.352995
1.352995
1.137970
1.137970
1.026994
1.026994
0.922965
0.922965
0.963011
0.963011
1.000773
1.000773
0.959463
0.959463
1.134601
1.134601
1.105780
1.105780
0.884920
0.884920
0.939049
0.939049
1.154934
1.154934
1.204469
1.204469
1.109504
1.109504
1.028902
1.028902
0.948676
0.948676
0.987653
0.987653
1.146387
1.146387
1.010615
1.010615
1.055539
1.055539
1.101288
1.101288
0.896309
0.896309
1.094041
1.094041
1.252778
1.252778
0.936331
0.936331
0.955088
0.955088
0.859231
0.859231
0.992527
0.992527
1.060195
1.060195
0.805080
0.805080
1.030935
1.030935
1.287000
1.287000
1.149731
1.149731
0.789926
0.789926
1.007916
1.007916
0.723546
0.723546
1.052786
1.052786
0.906197
0.906197
0.875039
0.875039
0.730787
0.730787
0.701199
0.701199
1.200693
1.200693
0.983627
0.983627
0.814608
0.814608
1.074698
1.074698
1.031645
1.031645
1.043771
1.043771
1.062912
1.062912
1.010026
1.010026
0.713273
0.713273
0.986714
0.986714
0.856060
0.856060
0.885077
0.885077
1.128652
1.128652
1.023854
1.023854
1.154230
1.154230
0.942103
0.942103
0.895060
0.895060
0.814070
0.814070
1.280537
1.280537
0.724966
0.724966
0.913514
0.913514
0.760101
0.760101
0.803465
0.803465
0.814896
0.814896
0.828818
0.828818
1.231063
1.231063
0.887094
0.887094
1.037344
1.037344
0.972370
0.972370
0.966193
0.966193
0.814894
0.814894
0.915657
0.915657
0.877352
0.877352
0.628897
0.628897
0.758242
0.758242
1.200351
1.200351
0.946047
0.946047
0.952123
0.952123
0.870882
0.870882
0.757584
0.757584
1.256410
1.256410
0.753532
0.753532
1.093956
1.093956
1.076027
1.076027
1.117136
1.117136
1.103428
1.103428
1.045638
1.045638
1.035708
1.035708
0.645528
0.645528
0.944683
0.944683
0.964429
0.964429
0.791320
0.791320
0.773082
0.773082
0.528562
0.528562
0.796353
0.796353
0.932996
0.932996
0.656920
0.656920
0.838325
0.838325
0.813207
0.813207
0.801054
0.801054
0.999132
0.999132
0.938714
0.938714
1.015499
1.015499
0.863587
0.863587
0.869775
0.869775
0.970534
0.970534
0.855818
0.855818
0.977863
0.977863
0.713644
0.713644
1.001431
1.001431
0.897564
0.897564
0.866481
0.866481
1.137897
1.137897
0.845976
0.845976
1.264325
1.264325
0.888709
0.888709
0.998621
0.998621
0.937197
0.937197
0.798154
0.798154
0.868551
0.868551
0.893393
0.893393
1.093062
1.093062
0.756886
0.756886
0.737885
0.737885
1.044231
1.044231
0.774555
0.774555
1.021844
1.021844
1.171735
1.171735
1.279479
1.279479
0.977634
0.977634
0.901979
0.901979
0.929396
0.929396
1.174887
1.174887
0.899608
0.899608
0.980855
0.980855
0.846631
0.846631
0.827056
0.827056
1.012196
1.012196
1.193504
1.193504
0.904108
0.904108
0.814216
0.814216
0.919602
0.919602
1.261122
1.261122
0.845670
0.845670
1.030549
1.030549
0.924295
0.924295
0.685243
0.685243
1.136009
1.136009
0.693989
0.693989
1.015575
1.015575
1.003439
1.003439
1.056793
1.056793
0.726713
0.726713
0.785419
0.785419
0.880791
0.880791
1.029515
1.029515
0.850499
0.850499
0.921546
0.921546
0.985148
0.985148
0.971848
0.971848
1.045866
1.045866
0.844564
0.844564
1.136394
1.136394
1.072299
1.072299
0.968209
0.968209
0.880678
0.880678
1.208069
1.208069
0.960057
0.960057
1.052210
1.052210
1.114425
1.114425
0.731771
0.731771
0.859134
0.859134
1.024637
1.024637
1.122255
1.122255
1.121454
1.121454
0.804608
0.804608
1.094337
1.094337
1.061611
1.061611
0.844928
0.844928
1.197288
1.197288
1.004637
1.004637
1.105855
1.105855
0.637283
0.637283
0.739456
0.739456
1.111451
1.111451
0.897925
0.897925
0.655626
0.655626
0.872982
0.872982
0.742369
0.742369
0.816431
0.816431
0.904982
0.904982
1.082047
1.082047
0.917678
0.917678
0.795740
0.795740
0.904960
0.904960
0.853782
0.853782
1.094728
1.094728
0.777239
0.777239
0.604317
0.604317
0.663113
0.663113
0.975313
0.975313
0.847860
0.847860
0.711606
0.711606
1.044326
1.044326
0.931459
0.931459
0.665419
0.665419
1.024928
1.024928
0.826943
0.826943
0.988351
0.988351
1.036778
1.036778
1.094741
1.094741
0.851909
0.851909
0.826292
0.826292
0.678712
0.678712
0.763523
0.763523
1.101844
1.101844
1.064997
1.064997
0.762148
0.762148
0.897129
0.897129
0.713460
0.713460
1.024892
1.024892
0.895012
0.895012
0.854330
0.854330
0.957934
0.957934
0.881309
0.881309
0.883446
0.883446
0.648808
0.648808
0.700405
0.700405
0.819968
0.819968
0.593559
0.593559
0.642485
0.642485
0.564170
0.564170
0.494905
0.494905
0.838256
0.838256
0.437869
0.437869
1.048310
1.048310
0.846090
0.846090
1.117591
1.117591
0.759084
0.759084
0.848382
0.848382
0.484888
0.484888
0.866476
0.866476
0.687885
0.687885
0.825065
0.825065
0.664133
0.664133
1.199886
1.199886
0.894364
0.894364
1.098484
1.098484
0.988252
0.988252
0.728158
0.728158
0.669114
0.669114
1.033979
1.033979
0.662651
0.662651
1.003741
1.003741
0.660984
0.660984
0.665277
0.665277
1.126293
1.126293
0.946716
0.946716
0.918059
0.918059
0.932113
0.932113
0.849733
0.849733
1.439413
1.439413
0.931319
0.931319
0.883799
0.883799
0.940728
0.940728
0.916684
0.916684
0.921600
0.921600
1.122032
1.122032
0.791506
0.791506
0.968710
0.968710
0.524014
0.524014
0.908691
0.908691
0.862863
0.862863
0.880439
0.880439
0.968536
0.968536
0.752368
0.752368
0.797127
0.797127
0.723636
0.723636
0.610328
0.610328
0.629190
0.629190
0.653266
0.653266
0.603705
0.603705
0.685477
0.685477
1.358329
1.358329
0.990166
0.990166
0.703463
0.703463
1.063668
1.063668
0.822531
0.822531
0.903919
0.903919
0.778264
0.778264
0.875041
0.875041
0.713956
0.713956
0.468731
0.468731
0.844548
0.844548
0.784079
0.784079
0.703291
0.703291
0.664444
0.664444
0.831459
0.831459
0.778099
0.778099
0.557567
0.557567
0.855041
0.855041
0.859311
0.859311
0.839552
0.839552
1.077548
1.077548
0.756237
0.756237
0.821901
0.821901
0.659683
0.659683
0.702954
0.702954
1.013498
1.013498
0.875428
0.875428
0.880201
0.880201
0.969519
0.969519
0.695729
0.695729
0.575746
0.575746
1.020563
1.020563
0.975749
0.975749
0.591479
0.591479
0.888683
0.888683
0.962124
0.962124
0.880060
0.880060
0.885341
0.885341
0.958312
0.958312
0.935251
0.935251
0.630725
0.630725
0.817251
0.817251
0.786758
0.786758
1.103419
1.103419
0.766496
0.766496
0.621167
0.621167
1.044092
1.044092
0.770349
0.770349
0.891917
0.891917
0.636700
0.636700
0.692610
0.692610
0.854829
0.854829
0.522826
0.522826
1.022069
1.022069
0.919812
0.919812
0.939500
0.939500
0.893699
0.893699
1.042418
1.042418
0.766031
0.766031
0.708406
0.708406
0.812623
0.812623
0.818030
0.818030
1.114685
1.114685
0.628004
0.628004
0.793545
0.793545
0.982414
0.982414
1.166686
1.166686
0.802083
0.802083
0.618381
0.618381
0.811798
0.811798
0.732177
0.732177
1.084581
1.084581
0.737393
0.737393
0.920170
0.920170
0.640758
0.640758
1.033414
1.033414
0.772765
0.772765
0.990629
0.990629
0.743078
0.743078
1.027087
1.027087
0.647201
0.647201
0.469800
0.469800
0.988174
0.988174
0.586444
0.586444
0.939053
0.939053
0.722587
0.722587
0.743369
0.743369
0.690186
0.690186
0.835329
0.835329
0.686697
0.686697
0.760578
0.760578
0.810591
0.810591
0.698003
0.698003
1.059209
1.059209
0.919174
0.919174
0.801558
0.801558
0.885149
0.885149
0.550678
0.550678
0.902002
0.902002
0.742920
0.742920
0.712714
0.712714
1.022353
1.022353
0.737674
0.737674
0.901000
0.901000
0.617798
0.617798
0.691247
0.691247
0.898500
0.898500
0.646102
0.646102
0.950900
0.950900
0.569190
0.569190
0.603219
0.603219
0.627485
0.627485
0.499342
0.499342
0.760778
0.760778
0.822597
0.822597
0.903201
0.903201
0.931930
0.931930
0.611340
0.611340
0.519724
0.519724
0.594295
0.594295
0.648940
0.648940
0.538905
0.538905
0.764439
0.764439
0.821329
0.821329
0.744220
0.744220
0.496889
0.496889
0.934515
0.934515
0.892460
0.892460
0.774812
0.774812
0.796608
0.796608
0.654307
0.654307
0.598299
0.598299
0.986644
0.986644
0.625700
0.625700
0.926995
0.926995
0.650023
0.650023
0.665728
0.665728
0.996692
0.996692
0.805498
0.805498
0.807782
0.807782
0.987815
0.987815
0.733509
0.733509
0.788810
0.788810
0.857803
0.857803
0.626681
0.626681
0.643456
0.643456
0.774598
0.774598
0.967007
0.967007
0.888119
0.888119
0.691811
0.691811
0.644337
0.644337
0.665292
0.665292
0.961050
0.961050
0.965914
0.965914
0.757785
0.757785
0.475730
0.475730
0.944602
0.944602
0.879256
0.879256
0.894622
0.894622
0.816829
0.816829
0.785928
0.785928
0.668924
0.668924
0.639508
0.639508
0.774797
0.774797
0.749054
0.749054
0.828244
0.828244
0.646649
0.646649
0.693329
0.693329
0.779927
0.779927
0.899218
0.899218
0.512081
0.512081
0.642290
0.642290
0.628604
0.628604
0.694290
0.694290
0.673399
0.673399
0.830881
0.830881
0.676930
0.676930
0.835028
0.835028
0.792149
0.792149
0.718082
0.718082
0.719279
0.719279
0.601139
0.601139
0.871495
0.871495
0.725618
0.725618
0.583331
0.583331
0.957600
0.957600
0.811379
0.811379
0.490491
0.490491
0.796701
0.796701
0.926632
0.926632
0.913934
0.913934
0.832940
0.832940
0.791089
0.791089
0.738619
0.738619
0.645538
0.645538
0.772532
0.772532
0.708154
0.708154
0.554623
0.554623
0.948477
0.948477
0.640763
0.640763
0.894788
0.894788
0.842712
0.842712
0.810093
0.810093
0.713099
0.713099
0.787032
0.787032
0.512383
0.512383
0.652396
0.652396
0.902895
0.902895
0.859346
0.859346
0.738065
0.738065
0.541869
0.541869
0.636152
0.636152
0.646551
0.646551
0.687565
0.687565
0.503120
0.503120
0.775086
0.775086
0.725174
0.725174
0.876177
0.876177
0.653541
0.653541
0.715946
0.715946
0.597847
0.597847
0.724697
0.724697
0.914530
0.914530
0.610908
0.610908
0.536076
0.536076
0.782696
0.782696
0.752226
0.752226
0.916071
0.916071
0.616866
0.616866
0.463787
0.463787
0.569464
0.569464
0.641884
0.641884
0.858982
0.858982
0.604996
0.604996
0.912974
0.912974
0.541643
0.541643
0.549215
0.549215
0.588235
0.588235
0.867402
0.867402
0.800554
0.800554
0.731833
0.731833
0.720396
0.720396
0.710818
0.710818
0.759959
0.759959
0.585781
0.585781
0.824018
0.824018
0.753642
0.753642
0.386548
0.386548
0.558678
0.558678
0.768040
0.768040
0.902405
0.902405
0.804426
0.804426
0.904447
0.904447
0.633478
0.633478
0.681602
0.681602
0.447653
0.447653
0.502306
0.502306
0.734019
0.734019
0.749315
0.749315
0.828905
0.828905
0.517973
0.517973
0.945416
0.945416
0.770312
0.770312
0.920988
0.920988
0.516799
0.516799
0.799530
0.799530
1.133103
1.133103
0.829231
0.829231
0.639414
0.639414
1.013492
1.013492
0.555786
0.555786
0.824379
0.824379
0.389541
0.389541
0.908938
0.908938
0.576124
0.576124
0.682318
0.682318
0.764097
0.764097
0.550332
0.550332
0.698991
0.698991
0.856800
0.856800
0.497785
0.497785
0.801538
0.801538
0.608978
0.608978
0.527010
0.527010
0.622987
0.622987
0.645886
0.645886
0.672306
0.672306
0.797463
0.797463
0.767126
0.767126
0.430561
0.430561
0.530903
0.530903
0.526059
0.526059
0.467566
0.467566
0.633599
0.633599
0.355279
0.355279
0.500183
0.500183
0.921254
0.921254
0.624293
0.624293
0.564192
0.564192
0.720057
0.720057
0.676546
0.676546
0.425087
0.425087
0.805598
0.805598
0.785967
0.785967
0.809242
0.809242
0.738895
0.738895
0.630795
0.630795
0.774145
0.774145
0.505638
0.505638
0.413064
0.413064
0.576335
0.576335
0.447079
0.447079
0.913103
0.913103
0.473361
0.473361
1.137062
1.137062
0.605667
0.605667
0.611598
0.611598
0.648564
0.648564
0.621392
0.621392
0.978677
0.978677
0.742602
0.742602
0.545405
0.545405
0.623066
0.623066
0.656787
0.656787
0.832333
0.832333
0.517880
0.517880
0.695034
0.695034
0.772623
0.772623
0.567853
0.567853
0.767699
0.767699
0.834834
0.834834
0.817387
0.817387
0.741574
0.741574
0.522910
0.522910
0.644233
0.644233
0.422963
0.422963
0.681934
0.681934
0.577488
0.577488
0.512388
0.512388
0.626862
0.626862
0.563465
0.563465
0.774973
0.774973
0.560650
0.560650
0.386709
0.386709
0.442833
0.442833
0.715984
0.715984
0.668954
0.668954
0.587189
0.587189
0.655662
0.655662
0.554452
0.554452
0.614988
0.614988
0.519458
0.519458
0.627773
0.627773
0.523645
0.523645
0.691210
0.691210
0.605730
0.605730
0.500803
0.500803
0.502276
0.502276
0.657277
0.657277
0.792219
0.792219
0.504097
0.504097
0.628537
0.628537
0.534774
0.534774
0.774623
0.774623
0.518214
0.518214
0.688869
0.688869
0.933483
0.933483
0.503947
0.503947
0.692428
0.692428
0.718252
0.718252
0.738616
0.738616
0.603435
0.603435
0.441777
0.441777
0.783774
0.783774
0.861666
0.861666
0.559469
0.559469
0.509869
0.509869
0.708656
0.708656
0.649345
0.649345
0.897943
0.897943
0.461153
0.461153
0.657718
0.657718
0.456261
0.456261
0.517707
0.517707
0.595562
0.595562
0.566090
0.566090
0.724283
0.724283
0.537006
0.537006
0.704661
0.704661
0.729584
0.729584
0.719464
0.719464
0.639002
0.639002
0.659129
0.659129
0.384604
0.384604
0.768277
0.768277
0.566039
0.566039
0.522405
0.522405
0.594171
0.594171
0.773271
0.773271
0.593155
0.593155
0.474808
0.474808
0.680458
0.680458
0.464363
0.464363
0.559928
0.559928
0.481604
0.481604
0.420285
0.420285
0.671591
0.671591
0.559158
0.559158
0.446123
0.446123
0.675034
0.675034
0.406928
0.406928
0.359597
0.359597
0.545956
0.545956
0.580216
0.580216
0.499238
0.499238
0.465690
0.465690
0.756208
0.756208
0.423960
0.423960
0.610634
0.610634
0.380536
0.380536
0.788201
0.788201
0.649156
0.649156
0.680407
0.680407
0.875072
0.875072
0.475679
0.475679
0.632179
0.632179
0.499967
0.499967
0.602909
0.602909
0.628614
0.628614
0.752296
0.752296
0.443781
0.443781
0.666145
0.666145
0.364032
0.364032
0.339436
0.339436
0.607005
0.607005
0.527483
0.527483
0.527303
0.527303
0.666370
0.666370
0.491357
0.491357
0.528545
0.528545
0.665539
0.665539
0.585624
0.585624
0.696209
0.696209
0.732975
0.732975
0.435880
0.435880
0.625980
0.625980
0.620706
0.620706
0.579729
0.579729
0.607381
0.607381
0.958928
0.958928
0.560509
0.560509
0.445202
0.445202
0.667363
0.667363
0.596641
0.596641
0.634769
0.634769
0.549689
0.549689
0.581825
0.581825
0.609367
0.609367
0.790444
0.790444
0.562249
0.562249
0.694160
0.694160
0.655004
0.655004
0.901832
0.901832
0.732571
0.732571
0.708291
0.708291
0.690995
0.690995
0.533454
0.533454
0.800942
0.800942
0.559294
0.559294
0.767664
0.767664
0.625803
0.625803
0.570211
0.570211
0.597312
0.597312
0.377991
0.377991
0.692665
0.692665
0.595254
0.595254
0.575380
0.575380
0.549776
0.549776
0.592408
0.592408
0.490312
0.490312
0.742853
0.742853
0.392307
0.392307
0.482128
0.482128
0.588079
0.588079
0.517443
0.517443
0.564991
0.564991
0.640316
0.640316
0.361632
0.361632
0.690447
0.690447
0.494318
0.494318
0.325044
0.325044
0.499413
0.499413
0.479517
0.479517
0.391300
0.391300
0.889286
0.889286
0.566839
0.566839
0.636330
0.636330
0.524351
0.524351
0.662906
0.662906
0.304046
0.304046
0.628272
0.628272
0.460954
0.460954
0.352206
0.352206
0.733600
0.733600
0.600020
0.600020
0.509073
0.509073
0.596028
0.596028
0.639376
0.639376
0.485532
0.485532
0.414502
0.414502
0.600414
0.600414
0.530082
0.530082
0.480971
0.480971
0.456566
0.456566
0.497568
0.497568
0.774742
0.774742
0.865178
0.865178
0.446855
0.446855
0.572933
0.572933
0.517953
0.517953
0.740081
0.740081
0.718248
0.718248
0.626055
0.626055
0.409735
0.409735
0.467372
0.467372
0.832681
0.832681
0.426552
0.426552
0.548341
0.548341
0.660466
0.660466
0.820764
0.820764
0.714677
0.714677
0.676904
0.676904
0.525755
0.525755
0.544542
0.544542
0.344081
0.344081
0.610692
0.610692
0.736889
0.736889
0.522261
0.522261
0.423931
0.423931
0.753656
0.753656
0.511396
0.511396
0.477073
0.477073
0.630493
0.630493
0.518566
0.518566
0.461436
0.461436
0.634376
0.634376
0.784448
0.784448
0.474135
0.474135
0.587383
0.587383
0.568009
0.568009
0.497942
0.497942
0.538178
0.538178
0.386006
0.386006
0.625547
0.625547
0.846913
0.846913
0.511424
0.511424
0.611845
0.611845
0.604843
0.604843
0.521346
0.521346
0.499311
0.499311
0.346817
0.346817
0.479032
0.479032
0.518697
0.518697
0.517160
0.517160
0.382011
0.382011
0.805572
0.805572
0.526009
0.526009
0.572405
0.572405
0.641692
0.641692
0.534942
0.534942
0.666939
0.666939
0.520685
0.520685
0.382242
0.382242
0.461225
0.461225
0.597988
0.597988
0.610472
0.610472
0.428196
0.428196
0.518890
0.518890
0.782309
0.782309
0.702189
0.702189
0.677863
0.677863
0.517528
0.517528
0.621573
0.621573
0.519590
0.519590
0.594489
0.594489
0.580862
0.580862
0.337786
0.337786
0.473320
0.473320
0.577649
0.577649
0.455563
0.455563
0.495728
0.495728
0.492206
0.492206
0.439148
0.439148
0.625542
0.625542
0.516110
0.516110
0.512120
0.512120
0.562425
0.562425
0.372538
0.372538
0.450920
0.450920
0.504309
0.504309
0.542162
0.542162
0.285040
0.285040
0.346875
0.346875
0.398330
0.398330
0.570442
0.570442
0.441359
0.441359
0.292213
0.292213
0.504540
0.504540
0.378555
0.378555
0.474031
0.474031
0.480026
0.480026
0.308458
0.308458
0.519823
0.519823
0.400645
0.400645
0.615159
0.615159
0.246709
0.246709
0.436333
0.436333
0.746639
0.746639
0.455294
0.455294
0.609524
0.609524
0.337322
0.337322
0.259403
0.259403
0.479286
0.479286
0.579465
0.579465
0.473537
0.473537
0.467899
0.467899
0.592850
0.592850
0.729243
0.729243
0.876448
0.876448
0.427531
0.427531
0.457510
0.457510
0.403649
0.403649
0.571433
0.571433
0.603204
0.603204
0.540843
0.540843
0.639276
0.639276
0.694678
0.694678
0.483813
0.483813
0.517926
0.517926
0.515683
0.515683
0.347165
0.347165
0.605830
0.605830
0.544818
0.544818
0.455879
0.455879
0.387424
0.387424
0.377327
0.377327
0.625483
0.625483
0.517725
0.517725
0.374815
0.374815
0.733230
0.733230
0.561382
0.561382
0.568528
0.568528
0.558394
0.558394
0.490778
0.490778
0.842575
0.842575
0.397224
0.397224
0.553793
0.553793
0.593469
0.593469
0.623515
0.623515
0.710272
0.710272
0.591054
0.591054
0.645583
0.645583
0.462236
0.462236
0.384241
0.384241
0.460624
0.460624
0.485409
0.485409
0.534315
0.534315
0.541528
0.541528
0.601941
0.601941
0.521330
0.521330
0.359868
0.359868
0.703522
0.703522
0.396579
0.396579
0.508938
0.508938
0.640259
0.640259
0.614735
0.614735
0.447384
0.447384
0.276786
0.276786
0.508524
0.508524
0.645570
0.645570
0.613928
0.613928
0.617711
0.617711
0.456105
0.456105
0.527314
0.527314
0.608570
0.608570
0.360905
0.360905
0.667156
0.667156
0.430065
0.430065
0.459182
0.459182
0.538531
0.538531
0.567605
0.567605
0.425547
0.425547
0.652019
0.652019
0.533689
0.533689
0.450920
0.450920
0.485170
0.485170
0.649695
0.649695
0.738282
0.738282
0.476645
0.476645
0.711742
0.711742
0.607840
0.607840
0.493404
0.493404
0.796330
0.796330
0.437202
0.437202
0.831914
0.831914
0.398184
0.398184
0.787011
0.787011
0.606902
0.606902
0.568142
0.568142
0.585411
0.585411
0.509482
0.509482
0.625080
0.625080
0.497271
0.497271
0.603223
0.603223
0.422785
0.422785
0.472460
0.472460
0.581038
0.581038
0.423726
0.423726
0.495797
0.495797
0.349251
0.349251
0.433977
0.433977
0.566190
0.566190
0.495815
0.495815
0.578647
0.578647
0.583290
0.583290
0.404631
0.404631
0.586414
0.586414
0.414198
0.414198
0.792570
0.792570
0.572211
0.572211
0.571451
0.571451
0.428116
0.428116
0.460530
0.460530
0.532920
0.532920
0.424670
0.424670
0.548672
0.548672
0.588604
0.588604
0.347321
0.347321
0.839868
0.839868
0.736426
0.736426
0.343702
0.343702
0.436223
0.436223
0.467458
0.467458
0.441151
0.441151
0.475452
0.475452
0.652248
0.652248
0.528732
0.528732
0.511007
0.511007
0.352482
0.352482
0.379164
0.379164
0.656720
0.656720
0.448078
0.448078
0.634963
0.634963
0.419727
0.419727
0.469009
0.469009
0.474126
0.474126
0.343090
0.343090
0.451525
0.451525
0.250512
0.250512
0.469011
0.469011
0.542613
0.542613
0.461734
0.461734
0.523951
0.523951
0.738407
0.738407
0.383222
0.383222
1.011814
1.011814
0.310269
0.310269
0.386384
0.386384
0.501440
0.501440
0.438670
0.438670
0.573237
0.573237
0.536425
0.536425
0.751565
0.751565
0.455737
0.455737
0.307210
0.307210
0.418449
0.418449
0.387790
0.387790
0.468378
0.468378
0.539001
0.539001
0.491006
0.491006
0.423899
0.423899
0.489847
0.489847
0.397320
0.397320
0.437101
0.437101
0.479513
0.479513
0.275788
0.275788
0.317907
0.317907
0.414331
0.414331
0.409388
0.409388
0.593342
0.593342
0.579511
0.579511
0.535324
0.535324
0.368696
0.368696
0.532614
0.532614
0.622990
0.622990
0.547239
0.547239
0.523592
0.523592
0.563493
0.563493
0.309588
0.309588
0.822775
0.822775
0.644423
0.644423
0.673216
0.673216
0.768202
0.768202
0.571681
0.571681
0.734690
0.734690
0.441415
0.441415
0.647583
0.647583
0.478813
0.478813
0.644634
0.644634
0.435209
0.435209
0.741300
0.741300
0.628435
0.628435
0.353301
0.353301
0.326768
0.326768
0.299083
0.299083
0.434031
0.434031
0.566597
0.566597
0.371796
0.371796
0.388668
0.388668
0.427464
0.427464
0.388570
0.388570
0.431824
0.431824
0.444799
0.444799
0.480345
0.480345
0.433451
0.433451
0.620435
0.620435
0.481365
0.481365
0.502529
0.502529
0.509383
0.509383
0.450449
0.450449
0.324514
0.324514
0.678343
0.678343
0.534611
0.534611
0.446331
0.446331
0.429804
0.429804
0.468079
0.468079
0.455215
0.455215
0.286818
0.286818
0.536588
0.536588
0.679078
0.679078
0.551190
0.551190
0.473384
0.473384
0.492558
0.492558
0.442563
0.442563
0.582995
0.582995
0.559543
0.559543
0.619985
0.619985
0.696970
0.696970
0.388132
0.388132
0.379946
0.379946
0.593565
0.593565
0.435935
0.435935
0.748319
0.748319
0.675562
0.675562
0.452321
0.452321
0.619934
0.619934
0.730859
0.730859
0.623197
0.623197
0.814441
0.814441
0.516413
0.516413
0.584809
0.584809
0.338034
0.338034
0.681111
0.681111
0.493569
0.493569
0.674534
0.674534
0.799596
0.799596
0.493265
0.493265
0.450937
0.450937
0.505461
0.505461
0.497441
0.497441
0.620375
0.620375
0.583494
0.583494
0.474289
0.474289
0.560783
0.560783
0.394116
0.394116
0.595404
0.595404
0.484615
0.484615
0.512773
0.512773
0.587579
0.587579
0.583771
0.583771
0.458691
0.458691
0.502259
0.502259
0.624703
0.624703
0.422381
0.422381
0.516448
0.516448
0.546108
0.546108
0.427501
0.427501
0.370392
0.370392
0.480406
0.480406
0.385133
0.385133
0.595850
0.595850
0.491139
0.491139
0.386367
0.386367
0.455074
0.455074
0.534950
0.534950
0.421622
0.421622
0.585934
0.585934
0.546431
0.546431
0.351658
0.351658
0.556125
0.556125
0.428935
0.428935
0.472156
0.472156
0.453307
0.453307
0.512883
0.512883
0.534563
0.534563
0.327365
0.327365
0.757694
0.757694
0.568163
0.568163
0.353688
0.353688
0.434266
0.434266
0.464566
0.464566
0.578618
0.578618
0.862370
0.862370
0.591240
0.591240
0.378270
0.378270
0.567089
0.567089
0.552321
0.552321
0.431934
0.431934
0.556130
0.556130
0.375204
0.375204
0.618900
0.618900
0.442720
0.442720
0.577886
0.577886
0.414092
0.414092
0.274646
0.274646
0.461758
0.461758
0.495082
0.495082
0.621410
0.621410
0.412173
0.412173
0.518981
0.518981
0.440293
0.440293
0.552613
0.552613
0.492593
0.492593
0.356596
0.356596
0.745363
0.745363
0.466126
0.466126
0.481979
0.481979
0.418626
0.418626
0.594233
0.594233
0.454414
0.454414
0.304148
0.304148
0.531249
0.531249
0.441500
0.441500
0.520365
0.520365
0.466382
0.466382
0.499743
0.499743
0.592193
0.592193
0.534348
0.534348
0.492299
0.492299
0.737462
0.737462
0.455876
0.455876
0.708670
0.708670
0.550677
0.550677
0.552865
0.552865
0.445740
0.445740
0.492844
0.492844
0.620547
0.620547
0.585939
0.585939
0.361067
0.361067
0.517115
0.517115
0.556812
0.556812
0.512960
0.512960
0.561654
0.561654
0.343944
0.343944
0.383176
0.383176
0.423234
0.423234
0.431615
0.431615
0.438478
0.438478
0.481580
0.481580
0.545228
0.545228
0.370645
0.370645
0.333391
0.333391
0.417982
0.417982
0.475033
0.475033
0.234929
0.234929
0.591301
0.591301
0.388122
0.388122
0.431836
0.431836
0.425937
0.425937
0.492068
0.492068
0.403444
0.403444
0.493150
0.493150
0.553665
0.553665
0.471823
0.471823
0.215139
0.215139
0.396380
0.396380
0.330888
0.330888
0.308468
0.308468
0.458276
0.458276
0.558674
0.558674
0.418362
0.418362
0.477060
0.477060
0.587047
0.587047
0.548939
0.548939
0.664265
0.664265
0.662912
0.662912
0.579412
0.579412
0.419436
0.419436
0.606974
0.606974
0.434650
0.434650
0.570054
0.570054
0.461960
0.461960
0.605318
0.605318
0.694311
0.694311
0.404136
0.404136
0.594011
0.594011
0.418976
0.418976
0.446706
0.446706
0.377141
0.377141
0.735883
0.735883
0.477592
0.477592
0.400114
0.400114
0.667230
0.667230
0.328107
0.328107
0.587017
0.587017
0.505494
0.505494
0.453104
0.453104
0.596474
0.596474
0.525445
0.525445
0.256475
0.256475
0.526418
0.526418
0.452329
0.452329
0.438380
0.438380
0.385738
0.385738
0.341983
0.341983
0.463044
0.463044
0.391343
0.391343
0.376672
0.376672
0.513982
0.513982
0.450412
0.450412
0.522308
0.522308
0.324761
0.324761
0.363656
0.363656
0.572698
0.572698
0.370978
0.370978
0.487653
0.487653
0.406157
0.406157
0.297324
0.297324
0.255668
0.255668
0.343320
0.343320
0.334488
0.334488
0.257275
0.257275
0.750163
0.750163
0.554404
0.554404
0.462357
0.462357
0.442217
0.442217
0.300653
0.300653
0.663279
0.663279
0.490828
0.490828
0.490272
0.490272
0.275566
0.275566
0.489590
0.489590
0.497307
0.497307
0.527014
0.527014
0.402118
0.402118
0.507458
0.507458
0.437353
0.437353
0.258051
0.258051
0.513500
0.513500
0.591681
0.591681
0.398589
0.398589
0.646572
0.646572
0.303193
0.303193
0.656791
0.656791
0.599590
0.599590
0.814001
0.814001
0.442822
0.442822
0.241131
0.241131
0.295194
0.295194
0.505591
0.505591
0.368084
0.368084
0.335170
0.335170
0.395276
0.395276
0.370320
0.370320
0.370302
0.370302
0.308205
0.308205
0.424608
0.424608
0.538894
0.538894
0.225681
0.225681
0.191483
0.191483
0.455279
0.455279
0.403326
0.403326
0.473836
0.473836
0.391780
0.391780
0.504583
0.504583
0.475988
0.475988
0.221273
0.221273
0.608157
0.608157
0.459775
0.459775
0.616513
0.616513
0.287643
0.287643
0.641159
0.641159
0.759300
0.759300
0.490286
0.490286
0.413107
0.413107
0.593339
0.593339
0.492021
0.492021
0.446277
0.446277
0.787435
0.787435
0.459602
0.459602
0.573487
0.573487
0.409158
0.409158
0.571422
0.571422
0.295435
0.295435
0.471718
0.471718
0.443857
0.443857
0.464413
0.464413
0.449519
0.449519
0.246670
0.246670
0.517085
0.517085
0.470837
0.470837
0.373821
0.373821
0.601256
0.601256
0.533211
0.533211
0.649024
0.649024
0.457569
0.457569
0.425962
0.425962
0.395334
0.395334
0.307447
0.307447
0.423206
0.423206
0.518937
0.518937
0.463085
0.463085
0.562702
0.562702
0.277024
0.277024
0.532923
0.532923
0.548115
0.548115
0.555227
0.555227
0.409551
0.409551
0.464384
0.464384
0.369389
0.369389
0.418432
0.418432
0.457095
0.457095
0.371506
0.371506
0.166149
0.166149
0.703023
0.703023
0.286501
0.286501
0.267751
0.267751
0.385377
0.385377
0.411196
0.411196
0.528043
0.528043
0.510055
0.510055
0.513420
0.513420
0.380871
0.380871
0.340906
0.340906
0.546255
0.546255
0.280029
0.280029
0.412376
0.412376
0.395926
0.395926
0.281685
0.281685
0.558785
0.558785
0.435273
0.435273
0.337946
0.337946
0.469394
0.469394
0.555327
0.555327
0.360065
0.360065
0.348089
0.348089
0.389217
0.389217
0.300354
0.300354
0.663979
0.663979
0.325466
0.325466
0.402378
0.402378
0.473311
0.473311
0.409888
0.409888
0.413328
0.413328
0.392741
0.392741
0.514138
0.514138
0.384268
0.384268
0.451221
0.451221
0.423373
0.423373
0.534524
0.534524
0.320913
0.320913
0.389819
0.389819
0.466296
0.466296
0.295152
0.295152
0.283010
0.283010
0.343438
0.343438
0.303214
0.303214
0.263284
0.263284
0.435294
0.435294
0.638156
0.638156
0.437653
0.437653
0.204135
0.204135
0.240061
0.240061
0.386676
0.386676
0.387916
0.387916
0.410930
0.410930
0.588677
0.588677
0.191066
0.191066
0.385462
0.385462
0.254390
0.254390
0.346715
0.346715
0.546908
0.546908
0.316155
0.316155
0.640806
0.640806
0.430557
0.430557
0.403849
0.403849
0.456251
0.456251
0.549101
0.549101
0.404972
0.404972
0.325078
0.325078
0.760571
0.760571
0.737391
0.737391
0.385436
0.385436
0.345816
0.345816
0.500245
0.500245
0.526053
0.526053
0.446168
0.446168
0.455949
0.455949
0.615891
0.615891
0.392531
0.392531
0.376656
0.376656
0.480856
0.480856
0.785096
0.785096
0.282822
0.282822
0.435524
0.435524
0.347107
0.347107
0.403953
0.403953
0.445889
0.445889
0.619675
0.619675
0.457853
0.457853
0.658895
0.658895
0.400760
0.400760
0.321180
0.321180
0.422900
0.422900
0.339755
0.339755
0.549506
0.549506
0.432551
0.432551
0.386093
0.386093
0.340278
0.340278
0.481709
0.481709
0.361834
0.361834
0.499011
0.499011
0.604458
0.604458
0.389535
0.389535
0.378950
0.378950
0.542507
0.542507
0.302524
0.302524
0.378592
0.378592
0.400376
0.400376
0.240013
0.240013
0.708050
0.708050
0.315494
0.315494
0.232450
0.232450
0.570693
0.570693
0.618691
0.618691
0.411741
0.411741
0.542656
0.542656
0.495896
0.495896
0.251322
0.251322
0.486454
0.486454
0.507498
0.507498
0.441265
0.441265
0.487773
0.487773
0.407487
0.407487
0.396343
0.396343
0.793629
0.793629
0.434539
0.434539
0.264030
0.264030
0.449286
0.449286
0.593085
0.593085
0.210974
0.210974
0.462282
0.462282
0.426740
0.426740
0.339673
0.339673
0.317397
0.317397
0.449471
0.449471
0.447261
0.447261
0.382334
0.382334
0.401288
0.401288
0.602206
0.602206
0.448695
0.448695
0.556576
0.556576
0.511780
0.511780
0.311786
0.311786
0.961031
0.961031
0.513000
0.513000
0.387615
0.387615
0.395693
0.395693
0.391368
0.391368
0.555261
0.555261
0.465863
0.465863
0.397577
0.397577
0.495387
0.495387
0.452133
0.452133
0.358621
0.358621
0.557515
0.557515
0.348369
0.348369
0.476395
0.476395
0.530684
0.530684
0.526983
0.526983
0.405059
0.405059
0.410727
0.410727
0.275958
0.275958
0.571832
0.571832
0.350752
0.350752
0.236839
0.236839
0.456507
0.456507
0.287737
0.287737
0.786910
0.786910
0.460346
0.460346
0.384724
0.384724
0.530864
0.530864
0.364075
0.364075
0.511225
0.511225
0.551733
0.551733
0.475404
0.475404
0.310356
0.310356
0.318038
0.318038
0.457154
0.457154
0.426232
0.426232
0.353128
0.353128
0.772089
0.772089
0.311170
0.311170
0.259868
0.259868
0.284087
0.284087
0.430731
0.430731
0.390505
0.390505
0.277863
0.277863
0.567075
0.567075
0.421998
0.421998
0.651913
0.651913
0.331187
0.331187
0.383623
0.383623
0.493160
0.493160
0.503976
0.503976
0.513218
0.513218
0.487726
0.487726
0.454198
0.454198
0.549812
0.549812
0.484343
0.484343
0.679597
0.679597
0.400957
0.400957
0.277904
0.277904
0.392018
0.392018
0.392139
0.392139
0.577668
0.577668
0.407574
0.407574
0.373744
0.373744
0.193977
0.193977
0.333949
0.333949
0.519456
0.519456
0.487287
0.487287
0.399440
0.399440
0.287565
0.287565
0.507183
0.507183
0.277594
0.277594
0.353789
0.353789
0.576888
0.576888
0.435640
0.435640
0.815510
0.815510
0.739368
0.739368
0.232814
0.232814
0.596663
0.596663
0.389032
0.389032
0.379741
0.379741
0.656047
0.656047
0.561996
0.561996
0.273550
0.273550
0.664838
0.664838
0.427839
0.427839
0.515416
0.515416
0.330298
0.330298
0.488749
0.488749
0.322956
0.322956
0.341674
0.341674
0.566464
0.566464
0.364018
0.364018
0.506370
0.506370
0.392156
0.392156
0.395724
0.395724
0.574979
0.574979
0.532171
0.532171
0.388494
0.388494
0.275917
0.275917
0.349617
0.349617
0.560899
0.560899
0.485221
0.485221
0.180321
0.180321
0.394717
0.394717
0.385414
0.385414
0.278300
0.278300
0.408000
0.408000
0.375670
0.375670
0.246335
0.246335
0.235274
0.235274
0.257824
0.257824
0.438522
0.438522
0.336616
0.336616
0.327137
0.327137
0.487531
0.487531
0.398138
0.398138
0.536405
0.536405
0.348650
0.348650
0.531838
0.531838
0.528114
0.528114
0.290075
0.290075
0.362625
0.362625
0.390245
0.390245
0.538488
0.538488
0.658977
0.658977
0.561435
0.561435
0.426358
0.426358
0.350778
0.350778
0.345614
0.345614
0.407122
0.407122
0.488459
0.488459
0.648399
0.648399
0.577219
0.577219
0.392214
0.392214
0.333223
0.333223
0.353841
0.353841
0.247545
0.247545
0.603046
0.603046
0.522058
0.522058
0.519859
0.519859
0.339984
0.339984
0.317462
0.317462
0.696570
0.696570
0.571199
0.571199
0.318625
0.318625
0.467183
0.467183
0.276365
0.276365
0.668063
0.668063
0.481053
0.481053
0.312288
0.312288
0.335914
0.335914
0.475440
0.475440
0.384487
0.384487
0.630563
0.630563
0.353059
0.353059
0.343317
0.343317
0.543922
0.543922
0.385406
0.385406
0.364051
0.364051
0.337188
0.337188
0.352099
0.352099
0.393206
0.393206
0.354947
0.354947
0.522487
0.522487
0.380211
0.380211
0.375758
0.375758
0.353994
0.353994
0.387237
0.387237
0.374608
0.374608
0.295688
0.295688
0.242888
0.242888
0.297175
0.297175
0.520291
0.520291
0.358800
0.358800
0.358392
0.358392
0.471710
0.471710
0.654383
0.654383
0.426466
0.426466
0.451191
0.451191
0.175733
0.175733
0.710056
0.710056
0.456086
0.456086
0.581729
0.581729
0.644784
0.644784
0.405685
0.405685
0.299784
0.299784
0.251270
0.251270
0.472205
0.472205
0.365594
0.365594
0.464864
0.464864
0.340589
0.340589
0.318389
0.318389
0.419275
0.419275
0.689025
0.689025
0.424505
0.424505
0.473678
0.473678
0.563431
0.563431
0.484076
0.484076
0.475714
0.475714
0.378927
0.378927
0.278226
0.278226
0.556425
0.556425
0.478582
0.478582
0.349966
0.349966
0.256006
0.256006
0.343584
0.343584
0.287046
0.287046
0.222150
0.222150
0.477462
0.477462
0.232300
0.232300
0.435429
0.435429
0.508258
0.508258
0.415996
0.415996
0.276640
0.276640
0.373780
0.373780
0.251660
0.251660
0.253220
0.253220
0.248762
0.248762
0.416663
0.416663
0.509724
0.509724
0.301902
0.301902
0.542396
0.542396
0.284790
0.284790
0.177535
0.177535
0.368672
0.368672
0.283991
0.283991
0.209462
0.209462
0.391768
0.391768
0.559093
0.559093
0.337679
0.337679
0.354879
0.354879
0.308286
0.308286
0.543075
0.543075
0.325613
0.325613
0.239307
0.239307
0.514304
0.514304
0.499514
0.499514
0.332073
0.332073
0.239828
0.239828
0.420715
0.420715
0.458801
0.458801
0.330878
0.330878
0.381620
0.381620
0.244999
0.244999
0.430119
0.430119
0.384415
0.384415
0.445524
0.445524
0.282602
0.282602
0.547455
0.547455
0.459572
0.459572
0.487558
0.487558
0.431178
0.431178
0.485844
0.485844
0.254034
0.254034
0.533004
0.533004
0.342206
0.342206
0.398845
0.398845
0.369440
0.369440
0.386243
0.386243
0.347767
0.347767
0.405683
0.405683
0.277204
0.277204
0.354936
0.354936
0.338717
0.338717
0.390705
0.390705
0.607787
0.607787
0.283508
0.283508
0.264609
0.264609
0.385536
0.385536
0.240625
0.240625
0.426356
0.426356
0.289939
0.289939
0.220567
0.220567
0.581752
0.581752
0.424167
0.424167
0.459648
0.459648
0.398367
0.398367
0.444556
0.444556
0.352170
0.352170
0.210645
0.210645
0.387067
0.387067
0.410997
0.410997
0.219026
0.219026
0.392688
0.392688
0.374006
0.374006
0.393174
0.393174
0.290243
0.290243
0.295775
0.295775
0.314127
0.314127
0.368012
0.368012
0.463798
0.463798
0.450683
0.450683
0.369672
0.369672
0.507415
0.507415
0.469339
0.469339
0.471167
0.471167
0.302178
0.302178
0.552284
0.552284
0.305289
0.305289
0.443278
0.443278
0.457068
0.457068
0.244165
0.244165
0.498112
0.498112
0.326807
0.326807
0.517253
0.517253
0.398322
0.398322
0.446813
0.446813
0.459801
0.459801
0.312275
0.312275
0.460025
0.460025
0.371361
0.371361
0.394134
0.394134
0.537894
0.537894
0.289271
0.289271
0.452170
0.452170
0.323274
0.323274
0.321469
0.321469
0.358865
0.358865
0.273941
0.273941
0.564516
0.564516
0.336496
0.336496
0.493718
0.493718
0.427646
0.427646
0.205593
0.205593
0.272928
0.272928
0.344365
0.344365
0.356763
0.356763
0.494183
0.494183
0.252795
0.252795
0.340010
0.340010
0.576576
0.576576
0.504564
0.504564
0.351457
0.351457
0.613558
0.613558
0.369465
0.369465
0.355663
0.355663
0.429673
0.429673
0.551707
0.551707
0.304016
0.304016
0.306280
0.306280
0.415550
0.415550
0.327916
0.327916
0.440734
0.440734
0.333731
0.333731
0.405704
0.405704
0.432656
0.432656
0.508866
0.508866
0.337470
0.337470
0.286018
0.286018
0.430338
0.430338
0.250638
0.250638
0.404225
0.404225
0.402013
0.402013
0.566828
0.566828
0.200727
0.200727
0.448617
0.448617
0.353498
0.353498
0.431320
0.431320
0.426418
0.426418
0.362655
0.362655
0.491206
0.491206
0.303097
0.303097
0.381541
0.381541
0.268432
0.268432
0.376168
0.376168
0.782891
0.782891
0.504883
0.504883
0.494602
0.494602
0.316168
0.316168
0.470307
0.470307
0.310084
0.310084
0.418792
0.418792
0.505665
0.505665
0.499942
0.499942
0.356081
0.356081
0.353220
0.353220
0.455902
0.455902
0.414825
0.414825
0.394784
0.394784
0.281955
0.281955
0.580965
0.580965
0.228887
0.228887
0.392233
0.392233
0.522025
0.522025
0.478495
0.478495
0.239220
0.239220
0.481233
0.481233
0.449210
0.449210
0.359444
0.359444
0.420260
0.420260
0.324530
0.324530
0.544242
0.544242
0.306098
0.306098
0.330044
0.330044
0.433550
0.433550
0.350334
0.350334
0.362113
0.362113
0.233818
0.233818
0.475431
0.475431
0.303144
0.303144
0.297579
0.297579
0.439032
0.439032
0.428110
0.428110
0.354064
0.354064
0.263301
0.263301
0.636703
0.636703
0.509124
0.509124
0.333790
0.333790
0.464140
0.464140
0.234592
0.234592
0.344603
0.344603
0.282259
0.282259
0.389878
0.389878
0.299550
0.299550
0.262591
0.262591
0.270819
0.270819
0.275051
0.275051
0.413092
0.413092
0.508601
0.508601
0.274624
0.274624
0.238433
0.238433
0.383058
0.383058
0.370425
0.370425
0.369566
0.369566
0.352104
0.352104
0.628497
0.628497
0.379239
0.379239
0.516371
0.516371
0.424157
0.424157
0.450627
0.450627
0.409331
0.409331
0.486642
0.486642
0.464160
0.464160
0.793067
0.793067
0.413864
0.413864
0.342433
0.342433
0.449150
0.449150
0.353151
0.353151
0.823994
0.823994
0.315867
0.315867
0.488908
0.488908
0.522778
0.522778
0.464339
0.464339
0.527083
0.527083
0.378513
0.378513
0.288629
0.288629
0.267545
0.267545
0.435826
0.435826
0.310293
0.310293
0.539443
0.539443
0.277570
0.277570
0.317285
0.317285
0.218077
0.218077
0.322210
0.322210
0.243571
0.243571
0.319799
0.319799
0.233971
0.233971
0.363346
0.363346
0.437577
0.437577
0.322075
0.322075
0.290398
0.290398
0.262865
0.262865
0.351282
0.351282
0.369968
0.369968
0.486793
0.486793
0.345751
0.345751
0.535538
0.535538
0.448584
0.448584
0.275265
0.275265
0.373598
0.373598
0.357001
0.357001
0.364094
0.364094
0.568493
0.568493
0.286208
0.286208
0.269294
0.269294
0.246296
0.246296
0.350930
0.350930
0.552253
0.552253
0.619248
0.619248
0.509313
0.509313
0.368700
0.368700
0.602529
0.602529
0.357039
0.357039
0.297459
0.297459
0.367653
0.367653
0.328241
0.328241
0.444993
0.444993
0.565480
0.565480
0.406932
0.406932
0.390931
0.390931
0.368369
0.368369
0.297495
0.297495
0.310058
0.310058
0.429922
0.429922
0.415700
0.415700
0.231413
0.231413
0.331231
0.331231
0.253198
0.253198
0.454787
0.454787
0.402775
0.402775
0.637036
0.637036
0.301948
0.301948
0.309294
0.309294
0.407047
0.407047
0.419463
0.419463
0.886862
0.886862
0.607399
0.607399
0.448223
0.448223
0.412444
0.412444
0.598351
0.598351
0.460186
0.460186
0.349927
0.349927
0.491209
0.491209
0.396494
0.396494
0.463381
0.463381
0.548043
0.548043
0.326754
0.326754
0.496679
0.496679
0.235013
0.235013
0.411946
0.411946
0.384361
0.384361
0.410945
0.410945
0.495367
0.495367
0.358728
0.358728
0.215535
0.215535
0.420794
0.420794
0.489271
0.489271
0.430632
0.430632
0.171953
0.171953
0.434615
0.434615
0.486371
0.486371
0.668695
0.668695
0.180553
0.180553
0.356253
0.356253
0.199333
0.199333
0.314796
0.314796
0.393027
0.393027
0.439323
0.439323
0.310855
0.310855
0.576461
0.576461
0.595265
0.595265
0.424614
0.424614
0.568322
0.568322
0.481757
0.481757
0.428639
0.428639
0.505272
0.505272
0.235759
0.235759
0.493815
0.493815
0.481904
0.481904
0.405414
0.405414
0.570090
0.570090
0.285679
0.285679
0.282524
0.282524
0.468860
0.468860
0.323909
0.323909
0.515279
0.515279
0.356123
0.356123
0.538595
0.538595
0.460282
0.460282
0.350500
0.350500
0.801691
0.801691
0.393777
0.393777
0.715950
0.715950
0.283108
0.283108
0.425328
0.425328
0.641770
0.641770
0.441747
0.441747
0.661568
0.661568
0.352385
0.352385
0.278499
0.278499
0.473941
0.473941
0.572181
0.572181
0.489080
0.489080
0.510965
0.510965
0.287017
0.287017
0.515808
0.515808
0.304437
0.304437
0.411388
0.411388
0.331247
0.331247
0.350998
0.350998
0.309830
0.309830
0.368506
0.368506
0.314697
0.314697
0.286724
0.286724
0.290900
0.290900
0.402747
0.402747
0.335206
0.335206
0.401392
0.401392
0.273211
0.273211
0.306663
0.306663
0.332686
0.332686
0.409270
0.409270
0.252303
0.252303
0.414882
0.414882
0.602239
0.602239
0.402877
0.402877
0.248473
0.248473
0.404696
0.404696
0.147749
0.147749
0.232740
0.232740
0.358995
0.358995
0.327130
0.327130
0.315983
0.315983
0.204604
0.204604
0.335172
0.335172
0.470010
0.470010
0.512619
0.512619
0.388712
0.388712
0.587548
0.587548
0.329588
0.329588
0.430249
0.430249
0.295351
0.295351
0.309853
0.309853
0.310970
0.310970
0.291589
0.291589
0.283104
0.283104
0.492864
0.492864
0.377482
0.377482
0.500520
0.500520
0.369631
0.369631
0.348652
0.348652
0.374367
0.374367
0.368519
0.368519
0.275416
0.275416
0.450796
0.450796
0.339953
0.339953
0.338237
0.338237
0.294209
0.294209
0.383041
0.383041
0.267502
0.267502
0.426325
0.426325
0.496238
0.496238
0.496388
0.496388
0.425469
0.425469
0.460531
0.460531
0.450740
0.450740
0.521848
0.521848
0.367990
0.367990
0.465284
0.465284
0.322825
0.322825
0.351547
0.351547
0.316312
0.316312
0.476760
0.476760
0.394518
0.394518
0.363635
0.363635
0.307792
0.307792
0.513342
0.513342
0.290673
0.290673
0.256769
0.256769
0.233724
0.233724
0.590881
0.590881
0.359244
0.359244
0.448643
0.448643
0.239114
0.239114
0.493431
0.493431
0.361023
0.361023
0.352566
0.352566
0.466972
0.466972
0.465309
0.465309
0.299810
0.299810
0.401028
0.401028
0.376237
0.376237
0.283976
0.283976
0.500988
0.500988
0.495609
0.495609
0.626185
0.626185
0.358384
0.358384
0.459152
0.459152
0.646750
0.646750
0.461139
0.461139
0.251359
0.251359
0.322701
0.322701
0.350343
0.350343
0.615395
0.615395
0.459288
0.459288
0.517715
0.517715
0.413313
0.413313
0.461010
0.461010
0.469287
0.469287
0.265303
0.265303
0.239345
0.239345
0.425575
0.425575
0.292996
0.292996
0.216791
0.216791
0.386342
0.386342
0.436322
0.436322
0.274980
0.274980
0.391805
0.391805
0.330865
0.330865
0.383562
0.383562
0.444145
0.444145
0.348224
0.348224
0.402297
0.402297
0.476851
0.476851
0.432568
0.432568
0.293772
0.293772
0.249860
0.249860
0.592714
0.592714
0.493230
0.493230
0.421656
0.421656
0.467893
0.467893
0.358948
0.358948
0.329067
0.329067
0.364343
0.364343
0.217999
0.217999
0.455637
0.455637
0.221373
0.221373
0.371713
0.371713
0.279963
0.279963
0.341318
0.341318
0.593800
0.593800
0.278725
0.278725
0.331673
0.331673
0.329845
0.329845
0.320399
0.320399
0.356616
0.356616
0.251615
0.251615
0.254352
0.254352
0.265582
0.265582
0.677930
0.677930
0.331763
0.331763
0.361568
0.361568
0.409292
0.409292
0.346651
0.346651
0.525985
0.525985
0.331934
0.331934
0.484821
0.484821
0.345306
0.345306
0.354653
0.354653
0.599993
0.599993
0.554831
0.554831
0.195072
0.195072
0.209206
0.209206
0.694507
0.694507
0.424030
0.424030
0.416700
0.416700
0.603456
0.603456
0.500385
0.500385
0.477192
0.477192
0.286956
0.286956
0.439645
0.439645
0.431868
0.431868
0.245759
0.245759
0.259194
0.259194
0.418455
0.418455
0.511725
0.511725
0.292205
0.292205
0.469472
0.469472
0.315971
0.315971
0.551204
0.551204
0.382609
0.382609
0.503608
0.503608
0.346886
0.346886
0.415490
0.415490
0.325948
0.325948
0.512349
0.512349
0.333487
0.333487
0.343839
0.343839
0.485581
0.485581
0.305014
0.305014
0.302017
0.302017
0.537178
0.537178
0.465482
0.465482
0.270571
0.270571
0.489961
0.489961
0.505326
0.505326
0.175172
0.175172
0.404512
0.404512
0.455541
0.455541
0.561731
0.561731
0.503445
0.503445
0.370527
0.370527
0.762855
0.762855
0.391400
0.391400
0.262402
0.262402
0.324611
0.324611
0.397171
0.397171
0.353889
0.353889
0.200822
0.200822
0.257502
0.257502
0.232596
0.232596
0.333023
0.333023
0.301094
0.301094
0.571242
0.571242
0.243088
0.243088
0.430627
0.430627
0.514191
0.514191
0.403114
0.403114
0.232866
0.232866
0.387232
0.387232
0.638693
0.638693
0.396736
0.396736
0.311738
0.311738
0.444023
0.444023
0.376639
0.376639
0.614569
0.614569
0.328774
0.328774
0.569509
0.569509
0.536087
0.536087
0.356050
0.356050
0.357518
0.357518
0.373941
0.373941
0.347033
0.347033
0.320425
0.320425
0.233883
0.233883
0.288129
0.288129
0.305144
0.305144
0.530284
0.530284
0.364805
0.364805
0.277090
0.277090
0.511017
0.511017
0.200484
0.200484
0.671226
0.671226
0.431763
0.431763
0.338943
0.338943
0.465456
0.465456
0.406887
0.406887
0.211192
0.211192
0.259223
0.259223
0.583145
0.583145
0.419432
0.419432
0.416581
0.416581
0.576450
0.576450
0.276130
0.276130
0.432155
0.432155
0.248053
0.248053
0.373605
0.373605
0.415797
0.415797
0.491127
0.491127
0.311173
0.311173
0.315442
0.315442
0.539193
0.539193
0.524659
0.524659
0.318610
0.318610
0.322260
0.322260
0.326117
0.326117
0.241182
0.241182
0.655501
0.655501
0.348557
0.348557
0.451610
0.451610
0.252644
0.252644
0.407455
0.407455
0.368644
0.368644
0.382036
0.382036
0.438378
0.438378
0.378709
0.378709
0.318992
0.318992
0.555585
0.555585
0.454108
0.454108
0.547505
0.547505
0.477146
0.477146
0.511236
0.511236
0.387697
0.387697
0.419501
0.419501
0.414136
0.414136
0.423564
0.423564
0.457720
0.457720
0.763891
0.763891
0.325675
0.325675
0.561581
0.561581
0.402128
0.402128
0.272221
0.272221
0.364844
0.364844
0.687656
0.687656
0.311107
0.311107
0.465627
0.465627
0.319963
0.319963
0.310481
0.310481
0.380688
0.380688
0.247431
0.247431
0.405332
0.405332
0.343468
0.343468
0.443105
0.443105
0.391492
0.391492
0.430549
0.430549
0.335210
0.335210
0.533688
0.533688
0.334584
0.334584
0.454339
0.454339
0.364882
0.364882
0.407756
0.407756
0.331730
0.331730
0.412294
0.412294
0.405624
0.405624
0.415510
0.415510
0.445317
0.445317
0.360061
0.360061
0.250984
0.250984
0.619657
0.619657
0.363904
0.363904
0.447300
0.447300
0.241311
0.241311
0.552217
0.552217
0.555571
0.555571
0.387247
0.387247
0.359270
0.359270
0.418259
0.418259
0.261959
0.261959
0.430865
0.430865
0.401286
0.401286
0.390612
0.390612
0.292462
0.292462
0.413722
0.413722
0.553215
0.553215
0.247238
0.247238
0.623318
0.623318
0.220004
0.220004
0.239315
0.239315
0.364379
0.364379
0.183762
0.183762
0.338669
0.338669
0.308475
0.308475
0.369560
0.369560
0.368296
0.368296
0.090681
0.090681
0.329135
0.329135
0.384603
0.384603
0.288198
0.288198
0.756069
0.756069
0.449973
0.449973
0.550068
0.550068
0.424933
0.424933
0.342331
0.342331
0.323907
0.323907
0.302119
0.302119
0.249821
0.249821
0.552721
0.552721
0.460483
0.460483
0.377402
0.377402
0.528926
0.528926
0.403919
0.403919
0.301680
0.301680
0.590446
0.590446
0.474490
0.474490
0.325383
0.325383
0.402583
0.402583
0.477044
0.477044
0.333097
0.333097
0.336391
0.336391
0.434022
0.434022
0.331833
0.331833
0.270298
0.270298
0.456550
0.456550
0.416892
0.416892
0.245860
0.245860
0.380831
0.380831
0.327609
0.327609
0.220539
0.220539
0.380772
0.380772
0.245819
0.245819
0.261632
0.261632
0.469988
0.469988
0.490827
0.490827
0.328402
0.328402
0.336785
0.336785
0.535346
0.535346
0.467812
0.467812
0.240737
0.240737
0.359879
0.359879
0.543000
0.543000
0.230116
0.230116
0.353817
0.353817
0.724076
0.724076
0.621476
0.621476
0.348006
0.348006
0.512808
0.512808
0.479010
0.479010
0.481955
0.481955
0.399531
0.399531
0.465905
0.465905
0.450321
0.450321
0.225505
0.225505
0.238350
0.238350
0.322254
0.322254
0.523920
0.523920
0.484202
0.484202
0.464475
0.464475
0.619140
0.619140
0.385290
0.385290
0.418068
0.418068
0.357660
0.357660
0.319126
0.319126
0.491597
0.491597
0.417543
0.417543
0.158022
0.158022
0.174552
0.174552
0.422628
0.422628
0.349522
0.349522
0.454779
0.454779
0.270664
0.270664
0.538013
0.538013
0.526731
0.526731
0.347036
0.347036
0.313561
0.313561
0.293648
0.293648
0.833176
0.833176
0.358339
0.358339
0.213379
0.213379
0.352029
0.352029
0.384747
0.384747
0.460307
0.460307
0.267910
0.267910
0.370107
0.370107
0.404277
0.404277
0.408909
0.408909
0.431599
0.431599
0.364728
0.364728
0.214990
0.214990
0.498762
0.498762
0.283348
0.283348
0.275598
0.275598
0.382242
0.382242
0.469278
0.469278
0.460491
0.460491
0.443474
0.443474
0.341407
0.341407
0.468314
0.468314
0.291633
0.291633
0.387438
0.387438
0.348096
0.348096
0.267969
0.267969
0.346484
0.346484
0.265500
0.265500
0.262030
0.262030
0.224182
0.224182
0.373640
0.373640
0.510959
0.510959
0.250965
0.250965
0.295950
0.295950
0.365324
0.365324
0.266505
0.266505
0.686659
0.686659
0.400437
0.400437
0.491918
0.491918
0.430101
0.430101
0.621383
0.621383
0.349652
0.349652
0.184745
0.184745
0.248975
0.248975
0.339535
0.339535
0.321981
0.321981
0.260958
0.260958
0.514602
0.514602
0.274108
0.274108
0.394833
0.394833
0.384795
0.384795
0.264371
0.264371
0.309049
0.309049
0.190867
0.190867
0.384772
0.384772
0.339083
0.339083
0.614674
0.614674
0.518315
0.518315
0.265988
0.265988
0.426273
0.426273
0.334980
0.334980
0.443752
0.443752
0.303802
0.303802
0.391394
0.391394
0.375439
0.375439
0.464595
0.464595
0.211730
0.211730
0.445119
0.445119
0.231288
0.231288
0.377507
0.377507
0.413606
0.413606
0.665048
0.665048
0.624568
0.624568
0.188812
0.188812
0.486818
0.486818
0.202273
0.202273
0.193379
0.193379
0.596709
0.596709
0.275529
0.275529
0.337097
0.337097
0.349433
0.349433
0.419945
0.419945
0.439033
0.439033
0.466881
0.466881
0.372310
0.372310
0.467820
0.467820
0.341339
0.341339
0.246293
0.246293
0.375122
0.375122
0.384040
0.384040
0.250965
0.250965
0.333146
0.333146
0.429930
0.429930
0.434179
0.434179
0.403978
0.403978
0.419293
0.419293
0.223173
0.223173
0.404687
0.404687
0.252016
0.252016
0.268252
0.268252
0.416035
0.416035
0.516466
0.516466
0.219899
0.219899
0.367338
0.367338
0.386230
0.386230
0.428215
0.428215
0.467699
0.467699
0.324969
0.324969
0.324040
0.324040
0.259501
0.259501
0.377649
0.377649
0.450148
0.450148
0.267208
0.267208
0.410567
0.410567
0.286418
0.286418
0.437425
0.437425
0.489460
0.489460
0.428341
0.428341
0.326815
0.326815
0.424876
0.424876
0.345691
0.345691
0.380851
0.380851
0.445125
0.445125
0.522623
0.522623
0.299623
0.299623
0.460727
0.460727
0.205618
0.205618
0.328631
0.328631
0.539728
0.539728
0.439243
0.439243
0.133680
0.133680
0.282636
0.282636
0.488671
0.488671
0.276302
0.276302
0.425349
0.425349
0.374585
0.374585
0.439805
0.439805
0.384534
0.384534
0.474400
0.474400
0.779098
0.779098
0.438484
0.438484
0.299578
0.299578
0.446176
0.446176
0.383352
0.383352
0.245711
0.245711
0.493711
0.493711
0.243788
0.243788
0.234459
0.234459
0.440103
0.440103
0.406497
0.406497
0.229639
0.229639
0.359057
0.359057
0.294177
0.294177
0.487666
0.487666
0.522750
0.522750
0.310164
0.310164
0.523346
0.523346
0.266303
0.266303
0.437954
0.437954
0.312076
0.312076
0.397812
0.397812
0.279567
0.279567
0.469449
0.469449
0.530639
0.530639
0.173267
0.173267
0.505633
0.505633
0.196141
0.196141
0.323320
0.323320
0.374351
0.374351
0.323934
0.323934
0.472865
0.472865
0.367217
0.367217
0.623484
0.623484
0.344557
0.344557
0.544579
0.544579
0.391157
0.391157
0.393576
0.393576
0.374395
0.374395
0.299481
0.299481
0.242657
0.242657
0.533863
0.533863
0.356184
0.356184
0.196840
0.196840
0.350841
0.350841
0.271314
0.271314
0.517046
0.517046
0.260136
0.260136
0.223301
0.223301
0.526801
0.526801
0.366074
0.366074
0.532682
0.532682
0.378234
0.378234
0.352338
0.352338
0.354719
0.354719
0.293282
0.293282
0.292117
0.292117
0.192028
0.192028
0.164813
0.164813
0.247571
0.247571
0.370719
0.370719
0.567936
0.567936
0.248426
0.248426
0.463408
0.463408
0.292541
0.292541
0.220192
0.220192
0.366682
0.366682
0.398150
0.398150
0.475583
0.475583
0.349874
0.349874
0.299458
0.299458
0.259350
0.259350
0.367427
0.367427
0.155448
0.155448
0.432404
0.432404
0.216371
0.216371
0.355481
0.355481
0.423558
0.423558
0.520859
0.520859
0.371118
0.371118
0.173118
0.173118
0.257307
0.257307
0.437354
0.437354
0.466064
0.466064
0.228670
0.228670
0.484786
0.484786
0.244365
0.244365
0.343951
0.343951
0.273391
0.273391
0.434033
0.434033
0.594308
0.594308
0.173105
0.173105
0.506169
0.506169
0.405847
0.405847
0.395244
0.395244
0.297205
0.297205
0.255678
0.255678
0.261547
0.261547
0.333383
0.333383
0.394573
0.394573
0.351232
0.351232
0.403387
0.403387
0.379359
0.379359
0.170533
0.170533
0.539016
0.539016
0.507519
0.507519
0.333660
0.333660
0.348072
0.348072
0.410635
0.410635
0.494883
0.494883
0.337768
0.337768
0.363936
0.363936
0.392778
0.392778
0.413670
0.413670
0.310947
0.310947
0.409914
0.409914
0.434820
0.434820
0.447226
0.447226
0.344415
0.344415
0.181327
0.181327
0.346673
0.346673
0.358003
0.358003
0.416462
0.416462
0.296636
0.296636
0.434937
0.434937
0.443762
0.443762
0.617040
0.617040
0.334653
0.334653
0.159767
0.159767
0.363705
0.363705
0.450339
0.450339
0.548663
0.548663
0.359528
0.359528
0.388667
0.388667
0.357967
0.357967
0.298472
0.298472
0.352556
0.352556
0.371001
0.371001
0.283027
0.283027
0.328382
0.328382
0.265377
0.265377
0.346745
0.346745
0.317815
0.317815
0.274737
0.274737
0.338497
0.338497
0.334812
0.334812
0.490832
0.490832
0.295733
0.295733
0.296810
0.296810
0.361922
0.361922
0.368024
0.368024
0.280594
0.280594
0.303352
0.303352
0.359639
0.359639
0.290309
0.290309
0.387097
0.387097
0.232065
0.232065
0.139726
0.139726
0.389963
0.389963
0.389225
0.389225
0.242654
0.242654
0.297089
0.297089
0.491049
0.491049
0.244719
0.244719
0.395950
0.395950
0.354656
0.354656
0.520132
0.520132
0.271919
0.271919
0.357795
0.357795
0.185155
0.185155
0.304978
0.304978
0.201066
0.201066
0.404158
0.404158
0.485593
0.485593
0.668952
0.668952
0.244403
0.244403
0.449225
0.449225
0.241158
0.241158
0.292785
0.292785
0.549784
0.549784
0.443465
0.443465
0.277519
0.277519
0.511893
0.511893
0.396314
0.396314
0.429844
0.429844
0.375301
0.375301
0.166010
0.166010
0.265315
0.265315
0.272579
0.272579
0.242531
0.242531
0.458158
0.458158
0.256289
0.256289
0.479382
0.479382
0.360377
0.360377
0.354735
0.354735
0.360424
0.360424
0.485938
0.485938
0.402515
0.402515
0.390773
0.390773
0.257601
0.257601
0.272021
0.272021
0.351980
0.351980
0.367242
0.367242
0.325520
0.325520
0.361509
0.361509
0.471952
0.471952
0.297356
0.297356
0.377805
0.377805
0.407816
0.407816
0.505334
0.505334
0.353548
0.353548
0.208955
0.208955
0.379425
0.379425
0.300414
0.300414
0.185772
0.185772
0.423457
0.423457
0.337244
0.337244
0.611670
0.611670
0.598579
0.598579
0.592665
0.592665
0.392554
0.392554
0.283477
0.283477
0.568737
0.568737
0.238474
0.238474
0.171382
0.171382
0.263378
0.263378
0.607809
0.607809
0.467522
0.467522
0.471241
0.471241
0.298905
0.298905
0.488680
0.488680
0.535701
0.535701
0.642413
0.642413
0.241506
0.241506
0.370321
0.370321
0.548995
0.548995
0.294182
0.294182
0.387179
0.387179
0.311943
0.311943
0.344633
0.344633
0.582754
0.582754
0.482944
0.482944
0.374986
0.374986
0.302390
0.302390
0.166040
0.166040
0.292238
0.292238
0.293941
0.293941
0.305184
0.305184
0.219950
0.219950
0.450355
0.450355
0.314645
0.314645
0.366915
0.366915
0.373143
0.373143
0.417531
0.417531
0.589773
0.589773
0.319317
0.319317
0.538439
0.538439
0.400816
0.400816
0.299574
0.299574
0.277080
0.277080
0.210606
0.210606
0.479402
0.479402
0.385476
0.385476
0.460595
0.460595
0.617196
0.617196
0.385455
0.385455
0.235810
0.235810
0.359783
0.359783
0.347025
0.347025
0.368348
0.368348
0.407187
0.407187
0.247689
0.247689
0.550244
0.550244
0.353604
0.353604
0.418945
0.418945
0.405204
0.405204
0.364688
0.364688
0.447676
0.447676
0.390897
0.390897
0.389032
0.389032
0.431177
0.431177
0.538043
0.538043
0.299841
0.299841
0.414949
0.414949
0.385352
0.385352
0.142773
0.142773
0.249060
0.249060
0.345236
0.345236
0.271356
0.271356
0.175723
0.175723
0.366148
0.366148
0.324276
0.324276
0.241397
0.241397
0.140350
0.140350
0.402909
0.402909
0.418385
0.418385
0.257850
0.257850
0.326753
0.326753
0.383283
0.383283
0.377209
0.377209
0.443556
0.443556
0.456522
0.456522
0.394484
0.394484
0.114871
0.114871
0.605979
0.605979
0.200612
0.200612
0.552840
0.552840
0.580966
0.580966
0.365508
0.365508
0.355633
0.355633
0.568096
0.568096
0.329450
0.329450
0.300087
0.300087
0.486232
0.486232
0.374672
0.374672
0.186660
0.186660
0.267496
0.267496
0.369411
0.369411
0.241033
0.241033
0.246992
0.246992
0.371576
0.371576
0.496341
0.496341
0.396494
0.396494
0.420325
0.420325
0.369957
0.369957
0.379017
0.379017
0.474353
0.474353
0.386494
0.386494
0.283450
0.283450
0.273847
0.273847
0.545289
0.545289
0.488033
0.488033
0.265270
0.265270
0.311308
0.311308
0.231804
0.231804
0.333200
0.333200
0.404938
0.404938
0.429861
0.429861
0.153461
0.153461
0.384827
0.384827
0.408596
0.408596
0.300119
0.300119
0.325609
0.325609
0.335910
0.335910
0.532652
0.532652
0.334954
0.334954
0.466262
0.466262
0.321137
0.321137
0.309767
0.309767
0.568626
0.568626
0.344187
0.344187
0.154587
0.154587
0.416906
0.416906
0.340981
0.340981
0.381455
0.381455
0.382689
0.382689
0.423701
0.423701
0.339553
0.339553
0.362318
0.362318
0.601785
0.601785
0.290294
0.290294
0.334303
0.334303
0.292843
0.292843
0.460342
0.460342
0.466267
0.466267
0.328193
0.328193
0.424911
0.424911
0.209092
0.209092
0.561022
0.561022
0.365512
0.365512
0.440735
0.440735
0.364727
0.364727
0.266745
0.266745
0.356728
0.356728
0.483348
0.483348
0.287015
0.287015
0.217110
0.217110
0.477749
0.477749
0.220956
0.220956
0.408350
0.408350
0.292682
0.292682
0.511967
0.511967
0.257761
0.257761
0.340904
0.340904
0.238138
0.238138
0.359808
0.359808
0.330973
0.330973
0.273019
0.273019
0.667685
0.667685
0.372807
0.372807
0.375522
0.375522
0.563178
0.563178
0.451571
0.451571
0.251514
0.251514
0.405988
0.405988
0.491601
0.491601
0.591484
0.591484
0.368395
0.368395
0.270727
0.270727
0.550021
0.550021
0.323373
0.323373
0.585093
0.585093
0.267943
0.267943
0.392334
0.392334
0.257997
0.257997
0.489615
0.489615
0.240591
0.240591
0.251992
0.251992
0.280730
0.280730
0.289529
0.289529
0.241072
0.241072
0.374660
0.374660
0.273109
0.273109
0.360624
0.360624
0.277902
0.277902
0.228312
0.228312
0.371381
0.371381
0.179129
0.179129
0.261134
0.261134
0.453291
0.453291
0.343366
0.343366
0.403132
0.403132
0.216884
0.216884
0.268847
0.268847
0.488069
0.488069
0.425296
0.425296
0.459787
0.459787
0.351887
0.351887
0.267688
0.267688
0.318031
0.318031
0.378594
0.378594
0.359121
0.359121
0.369288
0.369288
0.247155
0.247155
0.224134
0.224134
0.413303
0.413303
0.294377
0.294377
0.317709
0.317709
0.506836
0.506836
0.318756
0.318756
0.482266
0.482266
0.343093
0.343093
0.400830
0.400830
0.306450
0.306450
0.307479
0.307479
0.527000
0.527000
0.289491
0.289491
0.548974
0.548974
0.290405
0.290405
0.388690
0.388690
0.470889
0.470889
0.151024
0.151024
0.326567
0.326567
0.463597
0.463597
0.378224
0.378224
0.429414
0.429414
0.351561
0.351561
0.290475
0.290475
0.601312
0.601312
0.351231
0.351231
0.372334
0.372334
0.362815
0.362815
0.228102
0.228102
0.286715
0.286715
0.758752
0.758752
0.298372
0.298372
0.365002
0.365002
0.364955
0.364955
0.373406
0.373406
0.376378
0.376378
0.216323
0.216323
0.159502
0.159502
0.285625
0.285625
0.378720
0.378720
0.524024
0.524024
0.381311
0.381311
0.208583
0.208583
0.403370
0.403370
0.319003
0.319003
0.487013
0.487013
0.268865
0.268865
0.504383
0.504383
0.297525
0.297525
0.315789
0.315789
0.340192
0.340192
0.576391
0.576391
0.394981
0.394981
0.259497
0.259497
0.373527
0.373527
0.264425
0.264425
0.358267
0.358267
0.420341
0.420341
0.406083
0.406083
0.396089
0.396089
0.265608
0.265608
0.284994
0.284994
0.382197
0.382197
0.465396
0.465396
0.237413
0.237413
0.307666
0.307666
0.180013
0.180013
0.199880
0.199880
0.389570
0.389570
0.343820
0.343820
0.297062
0.297062
0.360515
0.360515
0.279637
0.279637
0.282601
0.282601
0.298423
0.298423
0.309682
0.309682
0.470475
0.470475
0.408723
0.408723
0.401717
0.401717
0.220111
0.220111
0.278454
0.278454
0.180862
0.180862
0.467996
0.467996
0.187573
0.187573
0.503582
0.503582
0.407871
0.407871
0.215956
0.215956
0.287457
0.287457
0.357614
0.357614
0.398651
0.398651
0.651503
0.651503
0.158899
0.158899
0.361646
0.361646
0.183851
0.183851
0.305988
0.305988
0.446782
0.446782
0.449793
0.449793
0.361525
0.361525
0.564338
0.564338
0.445720
0.445720
0.320639
0.320639
0.411318
0.411318
0.563256
0.563256
0.188287
0.188287
0.338992
0.338992
0.268029
0.268029
0.384012
0.384012
0.280778
0.280778
0.314759
0.314759
0.439451
0.439451
0.286769
0.286769
0.480830
0.480830
0.290423
0.290423
0.321223
0.321223
0.362177
0.362177
0.564607
0.564607
0.344611
0.344611
0.310366
0.310366
0.385018
0.385018
0.284766
0.284766
0.292563
0.292563
0.309250
0.309250
0.557492
0.557492
0.606589
0.606589
0.249154
0.249154
0.276563
0.276563
0.599640
0.599640
0.195543
0.195543
0.425468
0.425468
0.219013
0.219013
0.236240
0.236240
0.204627
0.204627
0.261747
0.261747
0.315942
0.315942
0.280914
0.280914
0.247425
0.247425
0.449128
0.449128
0.403479
0.403479
0.250123
0.250123
0.320646
0.320646
0.525733
0.525733
0.278496
0.278496
0.342205
0.342205
0.469324
0.469324
0.342452
0.342452
0.355711
0.355711
0.400865
0.400865
0.339870
0.339870
0.231412
0.231412
0.247790
0.247790
0.351842
0.351842
0.250339
0.250339
0.246588
0.246588
0.417445
0.417445
0.560076
0.560076
0.559155
0.559155
0.251103
0.251103
0.380808
0.380808
0.365858
0.365858
0.207419
0.207419
0.309387
0.309387
0.417157
0.417157
0.440720
0.440720
0.444848
0.444848
0.446468
0.446468
0.362434
0.362434
0.562343
0.562343
0.282413
0.282413
0.629568
0.629568
0.485126
0.485126
0.362045
0.362045
0.444359
0.444359
0.352839
0.352839
0.415373
0.415373
0.318349
0.318349
0.262665
0.262665
0.457211
0.457211
0.270554
0.270554
0.359000
0.359000
0.238329
0.238329
0.551289
0.551289
0.183597
0.183597
0.725947
0.725947
0.203929
0.203929
0.361320
0.361320
0.288908
0.288908
0.315927
0.315927
0.409271
0.409271
0.349734
0.349734
0.536986
0.536986
0.361452
0.361452
0.315850
0.315850
0.334192
0.334192
0.325224
0.325224
0.212208
0.212208
0.357811
0.357811
0.597653
0.597653
0.285497
0.285497
0.388555
0.388555
0.427999
0.427999
0.231331
0.231331
0.445647
0.445647
0.252456
0.252456
0.407504
0.407504
0.317681
0.317681
0.440883
0.440883
0.365758
0.365758
0.281441
0.281441
0.456385
0.456385
0.242956
0.242956
0.240305
0.240305
0.360598
0.360598
0.352295
0.352295
0.498458
0.498458
0.274304
0.274304
0.309962
0.309962
0.514672
0.514672
0.513585
0.513585
0.373127
0.373127
0.532187
0.532187
0.385954
0.385954
0.321451
0.321451
0.521273
0.521273
0.393029
0.393029
0.415619
0.415619
0.170484
0.170484
0.407381
0.407381
0.312474
0.312474
0.495495
0.495495
0.307986
0.307986
0.660966
0.660966
0.351935
0.351935
0.434149
0.434149
0.284563
0.284563
0.375012
0.375012
0.357833
0.357833
0.684965
0.684965
0.627007
0.627007
0.240524
0.240524
0.235248
0.235248
0.481949
0.481949
0.245174
0.245174
0.426981
0.426981
0.614245
0.614245
0.552811
0.552811
0.359820
0.359820
0.202677
0.202677
0.226711
0.226711
0.390058
0.390058
0.259047
0.259047
0.370278
0.370278
0.209958
0.209958
0.193744
0.193744
0.379336
0.379336
0.435751
0.435751
0.211982
0.211982
0.391733
0.391733
0.353622
0.353622
0.352900
0.352900
0.244378
0.244378
0.503302
0.503302
0.117708
0.117708
0.410927
0.410927
0.510449
0.510449
0.276838
0.276838
0.478478
0.478478
0.454905
0.454905
0.417887
0.417887
0.296942
0.296942
0.397980
0.397980
0.402301
0.402301
0.395420
0.395420
0.226474
0.226474
0.231111
0.231111
0.346754
0.346754
0.278939
0.278939
0.331756
0.331756
0.384507
0.384507
0.412231
0.412231
0.514276
0.514276
0.448557
0.448557
0.371563
0.371563
0.417238
0.417238
0.370109
0.370109
0.485543
0.485543
0.493552
0.493552
0.178970
0.178970
0.461740
0.461740
0.251343
0.251343
0.439433
0.439433
0.271448
0.271448
0.417093
0.417093
0.365837
0.365837
0.221701
0.221701
0.229759
0.229759
0.323891
0.323891
0.247792
0.247792
0.324046
0.324046
0.169070
0.169070
0.329348
0.329348
0.166802
0.166802
0.393332
0.393332
0.255337
0.255337
0.453748
0.453748
0.265642
0.265642
0.613802
0.613802
0.324756
0.324756
0.323702
0.323702
0.314198
0.314198
0.382996
0.382996
0.444279
0.444279
0.349574
0.349574
0.370452
0.370452
0.495303
0.495303
0.307174
0.307174
0.197627
0.197627
0.304043
0.304043
0.269222
0.269222
0.171021
0.171021
0.370679
0.370679
0.542684
0.542684
0.313969
0.313969
0.277368
0.277368
0.323352
0.323352
0.347800
0.347800
0.429029
0.429029
0.342557
0.342557
0.205484
0.205484
0.462013
0.462013
0.485111
0.485111
0.310378
0.310378
0.326836
0.326836
0.390969
0.390969
0.494385
0.494385
0.361333
0.361333
0.300051
0.300051
0.569161
0.569161
0.473272
0.473272
0.565041
0.565041
0.299096
0.299096
0.402062
0.402062
0.477553
0.477553
0.341032
0.341032
0.321476
0.321476
0.677326
0.677326
0.497805
0.497805
0.405261
0.405261
0.395001
0.395001
0.447650
0.447650
0.288507
0.288507
0.274835
0.274835
0.230667
0.230667
0.349052
0.349052
0.330257
0.330257
0.415286
0.415286
0.429801
0.429801
0.418703
0.418703
0.299260
0.299260
0.338403
0.338403
0.237257
0.237257
0.504201
0.504201
0.484745
0.484745
0.307142
0.307142
0.220228
0.220228
0.343676
0.343676
0.415226
0.415226
0.374725
0.374725
0.419876
0.419876
0.480582
0.480582
0.333728
0.333728
0.361279
0.361279
0.510352
0.510352
0.498330
0.498330
0.499506
0.499506
0.175880
0.175880
0.265671
0.265671
0.416838
0.416838
0.564051
0.564051
0.386751
0.386751
0.246645
0.246645
0.302714
0.302714
0.255143
0.255143
0.560579
0.560579
0.296857
0.296857
0.194772
0.194772
0.396202
0.396202
0.277426
0.277426
0.502142
0.502142
0.321105
0.321105
0.564617
0.564617
0.234686
0.234686
0.304277
0.304277
0.261260
0.261260
0.233672
0.233672
0.246728
0.246728
0.291147
0.291147
0.525595
0.525595
0.443612
0.443612
0.369035
0.369035
0.199698
0.199698
0.199386
0.199386
0.323495
0.323495
0.194813
0.194813
0.324557
0.324557
0.412866
0.412866
0.499959
0.499959
0.321846
0.321846
0.171901
0.171901
0.293542
0.293542
0.334544
0.334544
0.277797
0.277797
0.392653
0.392653
0.418794
0.418794
0.361676
0.361676
0.295885
0.295885
0.364815
0.364815
0.490304
0.490304
0.623567
0.623567
0.400435
0.400435
0.418113
0.418113
0.500424
0.500424
0.289057
0.289057
0.209657
0.209657
0.381725
0.381725
0.367512
0.367512
0.298126
0.298126
0.531723
0.531723
0.286600
0.286600
0.253895
0.253895
0.342311
0.342311
0.234342
0.234342
0.363559
0.363559
0.749057
0.749057
0.379782
0.379782
0.427045
0.427045
0.242617
0.242617
0.419097
0.419097
0.350768
0.350768
0.484535
0.484535
0.310366
0.310366
0.309555
0.309555
0.390925
0.390925
0.181035
0.181035
0.161720
0.161720
0.566532
0.566532
0.443964
0.443964
0.215499
0.215499
0.445572
0.445572
0.353985
0.353985
0.531131
0.531131
0.391274
0.391274
0.494284
0.494284
0.340106
0.340106
0.323865
0.323865
0.362383
0.362383
0.361839
0.361839
0.208977
0.208977
0.481904
0.481904
0.383719
0.383719
0.387285
0.387285
0.476608
0.476608
0.707763
0.707763
0.384370
0.384370
0.372417
0.372417
0.234720
0.234720
0.245655
0.245655
0.444886
0.444886
0.327976
0.327976
0.357220
0.357220
0.330248
0.330248
0.350582
0.350582
0.339926
0.339926
0.373457
0.373457
0.304964
0.304964
0.476186
0.476186
0.337486
0.337486
0.358239
0.358239
0.149887
0.149887
0.367818
0.367818
0.296810
0.296810
0.355437
0.355437
0.266430
0.266430
0.469037
0.469037
0.395909
0.395909
0.493224
0.493224
0.337608
0.337608
0.462188
0.462188
0.308221
0.308221
0.458299
0.458299
0.179587
0.179587
0.327673
0.327673
0.309976
0.309976
0.458364
0.458364
0.308550
0.308550
0.223969
0.223969
0.205337
0.205337
0.510821
0.510821
0.465430
0.465430
0.238141
0.238141
0.415570
0.415570
0.452089
0.452089
0.377549
0.377549
0.449807
0.449807
0.428621
0.428621
0.316209
0.316209
0.157528
0.157528
0.275166
0.275166
0.511173
0.511173
0.285734
0.285734
0.331122
0.331122
0.469364
0.469364
0.287276
0.287276
0.312228
0.312228
0.493062
0.493062
0.433903
0.433903
0.222879
0.222879
0.321572
0.321572
0.308288
0.308288
0.419002
0.419002
0.315627
0.315627
0.193439
0.193439
0.481211
0.481211
0.346146
0.346146
0.189705
0.189705
0.232651
0.232651
0.534448
0.534448
0.323430
0.323430
0.160444
0.160444
0.264239
0.264239
0.204982
0.204982
0.413915
0.413915
0.261138
0.261138
0.490013
0.490013
0.437990
0.437990
0.511269
0.511269
0.374556
0.374556
0.317900
0.317900
0.331891
0.331891
0.507430
0.507430
0.261172
0.261172
0.404445
0.404445
0.419389
0.419389
0.285838
0.285838
0.442907
0.442907
0.347562
0.347562
0.342364
0.342364
0.439749
0.439749
0.266779
0.266779
0.357602
0.357602
0.165087
0.165087
0.292808
0.292808
0.225648
0.225648
0.340055
0.340055
0.453584
0.453584
0.305214
0.305214
0.233020
0.233020
0.215416
0.215416
0.156266
0.156266
0.396840
0.396840
0.385615
0.385615
0.384865
0.384865
0.384278
0.384278
0.346446
0.346446
0.290906
0.290906
0.361898
0.361898
0.229614
0.229614
0.283041
0.283041
0.264633
0.264633
0.460107
0.460107
0.336805
0.336805
0.284380
0.284380
0.223461
0.223461
0.338754
0.338754
0.523238
0.523238
0.336859
0.336859
0.334254
0.334254
0.375783
0.375783
0.332210
0.332210
0.715751
0.715751
0.487820
0.487820
0.238390
0.238390
0.308447
0.308447
0.499770
0.499770
0.410368
0.410368
0.333619
0.333619
0.611459
0.611459
0.373207
0.373207
0.542181
0.542181
0.330165
0.330165
0.441844
0.441844
0.376217
0.376217
0.291856
0.291856
0.428468
0.428468
0.380839
0.380839
0.238346
0.238346
0.370853
0.370853
0.358653
0.358653
0.423130
0.423130
0.290119
0.290119
0.430759
0.430759
0.446808
0.446808
0.278231
0.278231
0.809718
0.809718
0.221763
0.221763
0.248407
0.248407
0.330151
0.330151
0.321517
0.321517
0.339898
0.339898
0.188372
0.188372
0.232796
0.232796
0.449303
0.449303
0.874347
0.874347
0.234730
0.234730
0.334970
0.334970
0.418620
0.418620
0.212351
0.212351
0.417441
0.417441
0.204608
0.204608
0.465743
0.465743
0.461282
0.461282
0.198904
0.198904
0.313559
0.313559
0.256665
0.256665
0.435476
0.435476
0.472703
0.472703
0.356304
0.356304
0.309508
0.309508
0.678790
0.678790
0.216471
0.216471
0.365268
0.365268
0.425730
0.425730
0.437831
0.437831
0.413101
0.413101
0.240547
0.240547
0.349397
0.349397
0.299246
0.299246
0.339644
0.339644
0.284639
0.284639
0.429338
0.429338
0.385308
0.385308
0.502127
0.502127
0.360692
0.360692
0.293739
0.293739
0.390782
0.390782
0.434135
0.434135
0.157044
0.157044
0.368163
0.368163
0.267682
0.267682
0.410174
0.410174
0.607800
0.607800
0.425187
0.425187
0.282383
0.282383
0.325834
0.325834
0.395408
0.395408
0.202615
0.202615
0.380076
0.380076
0.303449
0.303449
0.430059
0.430059
0.218406
0.218406
0.324337
0.324337
0.413371
0.413371
0.136841
0.136841
0.361830
0.361830
0.440853
0.440853
0.269450
0.269450
0.305835
0.305835
0.449129
0.449129
0.443117
0.443117
0.209107
0.209107
0.329117
0.329117
0.360813
0.360813
0.278981
0.278981
0.563830
0.563830
0.458006
0.458006
0.333885
0.333885
0.754265
0.754265
0.267552
0.267552
0.306067
0.306067
0.424400
0.424400
0.340590
0.340590
0.412437
0.412437
0.213500
0.213500
0.441834
0.441834
0.349403
0.349403
0.356999
0.356999
0.457938
0.457938
0.613932
0.613932
0.404681
0.404681
0.316622
0.316622
0.187588
0.187588
0.201760
0.201760
0.304174
0.304174
0.296427
0.296427
0.159641
0.159641
0.347162
0.347162
0.166206
0.166206
0.408822
0.408822
0.311502
0.311502
0.231114
0.231114
0.489994
0.489994
0.284597
0.284597
0.336725
0.336725
0.379056
0.379056
0.294354
0.294354
0.502336
0.502336
0.231298
0.231298
0.240444
0.240444
0.400968
0.400968
0.265768
0.265768
0.535805
0.535805
0.242719
0.242719
0.274709
0.274709
0.220282
0.220282
0.277842
0.277842
0.244491
0.244491
0.543808
0.543808
0.340039
0.340039
0.257675
0.257675
0.431382
0.431382
0.457496
0.457496
0.294609
0.294609
0.162418
0.162418
0.308694
0.308694
0.451607
0.451607
0.291535
0.291535
0.584093
0.584093
0.569839
0.569839
0.245267
0.245267
0.188779
0.188779
0.420666
0.420666
0.284152
0.284152
0.568078
0.568078
0.461643
0.461643
0.278357
0.278357
0.239622
0.239622
0.606132
0.606132
0.242360
0.242360
0.331894
0.331894
0.310486
0.310486
0.484913
0.484913
0.109927
0.109927
0.356072
0.356072
0.283019
0.283019
0.316775
0.316775
0.367172
0.367172
0.341615
0.341615
0.298091
0.298091
0.345500
0.345500
0.412549
0.412549
0.340794
0.340794
0.256588
0.256588
0.335809
0.335809
0.192211
0.192211
0.195476
0.195476
0.443517
0.443517
0.284738
0.284738
0.493535
0.493535
0.393462
0.393462
0.510273
0.510273
0.373949
0.373949
0.424628
0.424628
0.223114
0.223114
0.627556
0.627556
0.384099
0.384099
0.222027
0.222027
0.367340
0.367340
0.321232
0.321232
0.196805
0.196805
0.455903
0.455903
0.347158
0.347158
0.323944
0.323944
0.490729
0.490729
0.256296
0.256296
0.297576
0.297576
0.483089
0.483089
0.280287
0.280287
0.538698
0.538698
0.358184
0.358184
0.562199
0.562199
0.467361
0.467361
0.518851
0.518851
0.330173
0.330173
0.273936
0.273936
0.275830
0.275830
0.319185
0.319185
0.242698
0.242698
0.226213
0.226213
0.369652
0.369652
0.422806
0.422806
0.321747
0.321747
0.410487
0.410487
0.218001
0.218001
0.348378
0.348378
0.321708
0.321708
0.276774
0.276774
0.540360
0.540360
0.469196
0.469196
0.627108
0.627108
0.293061
0.293061
0.345504
0.345504
0.421995
0.421995
0.249398
0.249398
0.266770
0.266770
0.448310
0.448310
0.338640
0.338640
0.500692
0.500692
0.530671
0.530671
0.446062
0.446062
0.305953
0.305953
0.192188
0.192188
0.441936
0.441936
0.475843
0.475843
0.266481
0.266481
0.445846
0.445846
0.363117
0.363117
0.297108
0.297108
0.380066
0.380066
0.151841
0.151841
0.378238
0.378238
0.440287
0.440287
0.300928
0.300928
0.234173
0.234173
0.545020
0.545020
0.340625
0.340625
0.290726
0.290726
0.263888
0.263888
0.497553
0.497553
0.297096
0.297096
0.284940
0.284940
0.481833
0.481833
0.370937
0.370937
0.524427
0.524427
0.550663
0.550663
0.406952
0.406952
0.288272
0.288272
0.341139
0.341139
0.348643
0.348643
0.320710
0.320710
0.621580
0.621580
0.391237
0.391237
0.170699
0.170699
0.557319
0.557319
0.197604
0.197604
0.188061
0.188061
0.357316
0.357316
0.253285
0.253285
0.458940
0.458940
0.329918
0.329918
0.433256
0.433256
0.580051
0.580051
0.210274
0.210274
0.280052
0.280052
0.284726
0.284726
0.469669
0.469669
0.495616
0.495616
0.210862
0.210862
0.441732
0.441732
0.286982
0.286982
0.293529
0.293529
0.312176
0.312176
0.240209
0.240209
0.363046
0.363046
0.297851
0.297851
0.317163
0.317163
0.271331
0.271331
0.297404
0.297404
0.334395
0.334395
0.316374
0.316374
0.391903
0.391903
0.424753
0.424753
0.600659
0.600659
0.254455
0.254455
0.264091
0.264091
0.259229
0.259229
0.244300
0.244300
0.515425
0.515425
0.342623
0.342623
0.423768
0.423768
0.391430
0.391430
0.209106
0.209106
0.357682
0.357682
0.233017
0.233017
0.310776
0.310776
0.808525
0.808525
0.465070
0.465070
0.371817
0.371817
0.488265
0.488265
0.208163
0.208163
0.339536
0.339536
0.402783
0.402783
0.394214
0.394214
0.218732
0.218732
0.220400
0.220400
0.290447
0.290447
0.246031
0.246031
0.368016
0.368016
0.525429
0.525429
0.286166
0.286166
0.436321
0.436321
0.270294
0.270294
0.754906
0.754906
0.293663
0.293663
0.385149
0.385149
0.453433
0.453433
0.497036
0.497036
0.356540
0.356540
0.271063
0.271063
0.275857
0.275857
0.268983
0.268983
0.455834
0.455834
0.572509
0.572509
0.508127
0.508127
0.478724
0.478724
0.331215
0.331215
0.294121
0.294121
0.480660
0.480660
0.459351
0.459351
0.332141
0.332141
0.306704
0.306704
0.211404
0.211404
0.271421
0.271421
0.344422
0.344422
0.285175
0.285175
0.301196
0.301196
0.358260
0.358260
0.557504
0.557504
0.280593
0.280593
0.389613
0.389613
0.299624
0.299624
0.199562
0.199562
0.216493
0.216493
0.212188
0.212188
0.714386
0.714386
0.351467
0.351467
0.153543
0.153543
0.521529
0.521529
0.431622
0.431622
0.337433
0.337433
0.607282
0.607282
0.268053
0.268053
0.296833
0.296833
0.262823
0.262823
0.290927
0.290927
0.323965
0.323965
0.442912
0.442912
0.618948
0.618948
0.511639
0.511639
0.260816
0.260816
0.552188
0.552188
0.505489
0.505489
0.401800
0.401800
0.271037
0.271037
0.219930
0.219930
0.481554
0.481554
0.265415
0.265415
0.376175
0.376175
0.141955
0.141955
0.356979
0.356979
0.504280
0.504280
0.356488
0.356488
0.305007
0.305007
0.301140
0.301140
0.375030
0.375030
0.288417
0.288417
0.491857
0.491857
0.347449
0.347449
0.266727
0.266727
0.102214
0.102214
0.280076
0.280076
0.430989
0.430989
0.271984
0.271984
0.436840
0.436840
0.488546
0.488546
0.276014
0.276014
0.392047
0.392047
0.407813
0.407813
0.393441
0.393441
0.250127
0.250127
0.182315
0.182315
0.192719
0.192719
0.330134
0.330134
0.453996
0.453996
0.530580
0.530580
0.386418
0.386418
0.111652
0.111652
0.228601
0.228601
0.528628
0.528628
0.375010
0.375010
0.350771
0.350771
0.368123
0.368123
0.376565
0.376565
0.103004
0.103004
0.285465
0.285465
0.018497
0.018497
0.568720
0.568720
0.280575
0.280575
0.367296
0.367296
0.235671
0.235671
0.233639
0.233639
0.275139
0.275139
0.369533
0.369533
0.290926
0.290926
0.297198
0.297198
0.644928
0.644928
0.296576
0.296576
0.105886
0.105886
0.250640
0.250640
0.222740
0.222740
0.529982
0.529982
0.388097
0.388097
0.446360
0.446360
0.337169
0.337169
0.346773
0.346773
0.236739
0.236739
0.363982
0.363982
0.226207
0.226207
0.453055
0.453055
0.469385
0.469385
0.316840
0.316840
0.339453
0.339453
0.225893
0.225893
0.256684
0.256684
0.608638
0.608638
0.390239
0.390239
0.470544
0.470544
0.305414
0.305414
0.594726
0.594726
0.299883
0.299883
0.297600
0.297600
0.533107
0.533107
0.239881
0.239881
0.365644
0.365644
0.214477
0.214477
0.314664
0.314664
0.298173
0.298173
0.390386
0.390386
0.346356
0.346356
0.274009
0.274009
0.446282
0.446282
0.245949
0.245949
0.361676
0.361676
0.249854
0.249854
0.122668
0.122668
0.340463
0.340463
0.443559
0.443559
0.279909
0.279909
0.271032
0.271032
0.465648
0.465648
0.335258
0.335258
0.563379
0.563379
0.509641
0.509641
0.307637
0.307637
0.361324
0.361324
0.422612
0.422612
0.220528
0.220528
0.375880
0.375880
0.603491
0.603491
0.455100
0.455100
0.535468
0.535468
0.330950
0.330950
0.181729
0.181729
0.311560
0.311560
0.398625
0.398625
0.290068
0.290068
0.424664
0.424664
0.410623
0.410623
0.333442
0.333442
0.416655
0.416655
0.518700
0.518700
0.637656
0.637656
0.553448
0.553448
0.483295
0.483295
0.293700
0.293700
0.545021
0.545021
0.383278
0.383278
0.272054
0.272054
0.375627
0.375627
0.203513
0.203513
0.187111
0.187111
0.243366
0.243366
0.182854
0.182854
0.382510
0.382510
0.327805
0.327805
0.262631
0.262631
0.339789
0.339789
0.376262
0.376262
0.304562
0.304562
0.558730
0.558730
0.408951
0.408951
0.370685
0.370685
0.417967
0.417967
0.363579
0.363579
0.442050
0.442050
0.384294
0.384294
0.349804
0.349804
0.309730
0.309730
0.439024
0.439024
0.297032
0.297032
0.430966
0.430966
0.207302
0.207302
0.546308
0.546308
0.313735
0.313735
0.386302
0.386302
0.423919
0.423919
0.267663
0.267663
0.367026
0.367026
0.525849
0.525849
0.354712
0.354712
0.330920
0.330920
0.721863
0.721863
0.341289
0.341289
0.401971
0.401971
0.411410
0.411410
0.336383
0.336383
0.297131
0.297131
0.254262
0.254262
0.346838
0.346838
0.384206
0.384206
0.185230
0.185230
0.314940
0.314940
0.414089
0.414089
0.336409
0.336409
0.393279
0.393279
0.447741
0.447741
0.401619
0.401619
0.289815
0.289815
0.352338
0.352338
0.204976
0.204976
0.276296
0.276296
0.282654
0.282654
0.439689
0.439689
0.574384
0.574384
0.335689
0.335689
0.303606
0.303606
0.407300
0.407300
0.280030
0.280030
0.294679
0.294679
0.290054
0.290054
0.501968
0.501968
0.436965
0.436965
0.516301
0.516301
0.359894
0.359894
0.338329
0.338329
0.163396
0.163396
0.250254
0.250254
0.333864
0.333864
0.285186
0.285186
0.318877
0.318877
0.377526
0.377526
0.282072
0.282072
0.455387
0.455387
0.575449
0.575449
0.349818
0.349818
0.422364
0.422364
0.302423
0.302423
0.234068
0.234068
0.210396
0.210396
0.206432
0.206432
0.290397
0.290397
0.449425
0.449425
0.176883
0.176883
0.453547
0.453547
0.251884
0.251884
0.435238
0.435238
0.266640
0.266640
0.391579
0.391579
0.310674
0.310674
0.537975
0.537975
0.684999
0.684999
0.235457
0.235457
0.427059
0.427059
0.370720
0.370720
0.230180
0.230180
0.557896
0.557896
0.392646
0.392646
0.500957
0.500957
0.192998
0.192998
0.312350
0.312350
0.223410
0.223410
0.314158
0.314158
0.228531
0.228531
0.338943
0.338943
0.231329
0.231329
0.479740
0.479740
0.287732
0.287732
0.357306
0.357306
0.135981
0.135981
0.369575
0.369575
0.408071
0.408071
0.387781
0.387781
0.296106
0.296106
0.292593
0.292593
0.507303
0.507303
0.312234
0.312234
0.408028
0.408028
0.327862
0.327862
0.282678
0.282678
0.440589
0.440589
0.273444
0.273444
0.272752
0.272752
0.435369
0.435369
0.277642
0.277642
0.365170
0.365170
0.224977
0.224977
0.282903
0.282903
0.444511
0.444511
0.282440
0.282440
0.261766
0.261766
0.503646
0.503646
0.314142
0.314142
0.119533
0.119533
0.428496
0.428496
0.316724
0.316724
0.536269
0.536269
0.356416
0.356416
0.444187
0.444187
0.349166
0.349166
0.261932
0.261932
0.577205
0.577205
0.374383
0.374383
0.480652
0.480652
0.263766
0.263766
0.202733
0.202733
0.312601
0.312601
0.301360
0.301360
0.643238
0.643238
0.341452
0.341452
0.296575
0.296575
0.375761
0.375761
0.275760
0.275760
0.300842
0.300842
0.246432
0.246432
0.358247
0.358247
0.180170
0.180170
0.277581
0.277581
0.247928
0.247928
0.173591
0.173591
0.599784
0.599784
0.350060
0.350060
0.343648
0.343648
0.330737
0.330737
0.321591
0.321591
0.409327
0.409327
0.142901
0.142901
0.322311
0.322311
0.269986
0.269986
0.458263
0.458263
0.483648
0.483648
0.286375
0.286375
0.364761
0.364761
0.231572
0.231572
0.183161
0.183161
0.224090
0.224090
0.355653
0.355653
0.412088
0.412088
0.266844
0.266844
0.312882
0.312882
0.470124
0.470124
0.292987
0.292987
0.192374
0.192374
0.485192
0.485192
0.333510
0.333510
0.303515
0.303515
0.275168
0.275168
0.235861
0.235861
0.448383
0.448383
0.356836
0.356836
0.435075
0.435075
0.241410
0.241410
0.226356
0.226356
0.171226
0.171226
0.284315
0.284315
0.399668
0.399668
0.206976
0.206976
0.187920
0.187920
0.438850
0.438850
0.456033
0.456033
0.351577
0.351577
0.272563
0.272563
0.310887
0.310887
0.312086
0.312086
0.381847
0.381847
0.425872
0.425872
0.694836
0.694836
0.353481
0.353481
0.277953
0.277953
0.379907
0.379907
0.263294
0.263294
0.240055
0.240055
0.337693
0.337693
0.405494
0.405494
0.472590
0.472590
0.305001
0.305001
0.207192
0.207192
0.317574
0.317574
0.358707
0.358707
0.490865
0.490865
0.335997
0.335997
0.213619
0.213619
0.466547
0.466547
0.583101
0.583101
0.180255
0.180255
0.274895
0.274895
0.564909
0.564909
0.560207
0.560207
0.371101
0.371101
0.317846
0.317846
0.418171
0.418171
0.437656
0.437656
0.297919
0.297919
0.433099
0.433099
0.432763
0.432763
0.339432
0.339432
0.191100
0.191100
0.291716
0.291716
0.341325
0.341325
0.176700
0.176700
0.261748
0.261748
0.382935
0.382935
0.324965
0.324965
0.387858
0.387858
0.401111
0.401111
0.357929
0.357929
0.397208
0.397208
0.451215
0.451215
0.588571
0.588571
0.320127
0.320127
0.289397
0.289397
0.219935
0.219935
0.299984
0.299984
0.405230
0.405230
0.209663
0.209663
0.496064
0.496064
0.331912
0.331912
0.237011
0.237011
0.212632
0.212632
0.323872
0.323872
0.261483
0.261483
0.299303
0.299303
0.216254
0.216254
0.583439
0.583439
0.261821
0.261821
0.280411
0.280411
0.272786
0.272786
0.273615
0.273615
0.377868
0.377868
0.266117
0.266117
0.182293
0.182293
0.445697
0.445697
0.561576
0.561576
0.294736
0.294736
0.514571
0.514571
0.378146
0.378146
0.392993
0.392993
0.300577
0.300577
0.449948
0.449948
0.444859
0.444859
0.275535
0.275535
0.315286
0.315286
0.181067
0.181067
0.236222
0.236222
0.274508
0.274508
0.294154
0.294154
0.085333
0.085333
0.327051
0.327051
0.689292
0.689292
0.268225
0.268225
0.240926
0.240926
0.287630
0.287630
0.341707
0.341707
0.252194
0.252194
0.234499
0.234499
0.766129
0.766129
0.179065
0.179065
0.435449
0.435449
0.166452
0.166452
0.586293
0.586293
0.282330
0.282330
0.255751
0.255751
0.397278
0.397278
0.468724
0.468724
0.246454
0.246454
0.195660
0.195660
0.267818
0.267818
0.346372
0.346372
0.257905
0.257905
0.244332
0.244332
0.194238
0.194238
0.328870
0.328870
0.227617
0.227617
0.269781
0.269781
0.210648
0.210648
0.479074
0.479074
0.515271
0.515271
0.134760
0.134760
0.253672
0.253672
0.323903
0.323903
0.205483
0.205483
0.478659
0.478659
0.441091
0.441091
0.257467
0.257467
0.311559
0.311559
0.289212
0.289212
0.320027
0.320027
0.328033
0.328033
0.357372
0.357372
0.330029
0.330029
0.333055
0.333055
0.144650
0.144650
0.225161
0.225161
0.273335
0.273335
0.625845
0.625845
0.519124
0.519124
0.171109
0.171109
0.445527
0.445527
0.290815
0.290815
0.379352
0.379352
0.195451
0.195451
0.323645
0.323645
0.295159
0.295159
0.251765
0.251765
0.312256
0.312256
0.491326
0.491326
0.292663
0.292663
0.319406
0.319406
0.230591
0.230591
0.177301
0.177301
0.370134
0.370134
0.338206
0.338206
0.250962
0.250962
0.286743
0.286743
0.278885
0.278885
0.392118
0.392118
0.172875
0.172875
0.283395
0.283395
0.251965
0.251965
0.411085
0.411085
0.219733
0.219733
0.350022
0.350022
0.197036
0.197036
0.213808
0.213808
0.320031
0.320031
0.374113
0.374113
0.308954
0.308954
0.381393
0.381393
0.342821
0.342821
0.425623
0.425623
0.339620
0.339620
0.236392
0.236392
0.373396
0.373396
0.255671
0.255671
0.574666
0.574666
0.228390
0.228390
0.409093
0.409093
0.325208
0.325208
0.547634
0.547634
0.492329
0.492329
0.344576
0.344576
0.550547
0.550547
0.391404
0.391404
0.332488
0.332488
0.275416
0.275416
0.217490
0.217490
0.521950
0.521950
0.384371
0.384371
0.251169
0.251169
0.260037
0.260037
0.480992
0.480992
0.278714
0.278714
0.228963
0.228963
0.200630
0.200630
0.221749
0.221749
0.305044
0.305044
0.344111
0.344111
0.202461
0.202461
0.396307
0.396307
0.228092
0.228092
0.331326
0.331326
0.362512
0.362512
0.581375
0.581375
0.341871
0.341871
0.181382
0.181382
0.216233
0.216233
0.254723
0.254723
0.432867
0.432867
0.376072
0.376072
0.193697
0.193697
0.176713
0.176713
0.338082
0.338082
0.420243
0.420243
0.344292
0.344292
0.206644
0.206644
0.494335
0.494335
0.366258
0.366258
0.282936
0.282936
0.392431
0.392431
0.267746
0.267746
0.393611
0.393611
0.361363
0.361363
0.372713
0.372713
0.419987
0.419987
0.343009
0.343009
0.621143
0.621143
0.220237
0.220237
0.159516
0.159516
0.576199
0.576199
0.222105
0.222105
0.499955
0.499955
0.340103
0.340103
0.312231
0.312231
0.451990
0.451990
0.603464
0.603464
0.541529
0.541529
0.480323
0.480323
0.363405
0.363405
0.260873
0.260873
0.387507
0.387507
0.272198
0.272198
0.455881
0.455881
0.228950
0.228950
0.305433
0.305433
0.187287
0.187287
0.526047
0.526047
0.307751
0.307751
0.426522
0.426522
0.336927
0.336927
0.242925
0.242925
0.378707
0.378707
0.399867
0.399867
0.311757
0.311757
0.512930
0.512930
0.375101
0.375101
0.442210
0.442210
0.322691
0.322691
0.266468
0.266468
0.298820
0.298820
0.535448
0.535448
0.351011
0.351011
0.509962
0.509962
0.235539
0.235539
0.242982
0.242982
0.321713
0.321713
0.389259
0.389259
0.386773
0.386773
0.456249
0.456249
0.316932
0.316932
0.316590
0.316590
0.293672
0.293672
0.155212
0.155212
0.388509
0.388509
0.273532
0.273532
0.532480
0.532480
0.346691
0.346691
0.324962
0.324962
0.380079
0.380079
0.407063
0.407063
0.334900
0.334900
0.292545
0.292545
0.291618
0.291618
0.197146
0.197146
0.418990
0.418990
0.346827
0.346827
0.617772
0.617772
0.157534
0.157534
0.238807
0.238807
0.369684
0.369684
0.331944
0.331944
0.236785
0.236785
0.202512
0.202512
0.332434
0.332434
0.552919
0.552919
0.253911
0.253911
0.399081
0.399081
0.472800
0.472800
0.439104
0.439104
0.333750
0.333750
0.529071
0.529071
0.275727
0.275727
0.300079
0.300079
0.266898
0.266898
0.235632
0.235632
0.409610
0.409610
0.529846
0.529846
0.228720
0.228720
0.511397
0.511397
0.318886
0.318886
0.155044
0.155044
0.322585
0.322585
0.243038
0.243038
0.232178
0.232178
0.343255
0.343255
0.358837
0.358837
0.445012
0.445012
0.312484
0.312484
0.206814
0.206814
0.443409
0.443409
0.368043
0.368043
0.506811
0.506811
0.404877
0.404877
0.328540
0.328540
0.232500
0.232500
0.342861
0.342861
0.228189
0.228189
0.258821
0.258821
0.331729
0.331729
0.327655
0.327655
0.252144
0.252144
0.397947
0.397947
0.129583
0.129583
0.513084
0.513084
0.468814
0.468814
0.431808
0.431808
0.235557
0.235557
0.456599
0.456599
0.403894
0.403894
0.063075
0.063075
0.483069
0.483069
0.532905
0.532905
0.391533
0.391533
0.159185
0.159185
0.377478
0.377478
0.357673
0.357673
0.376239
0.376239
0.338744
0.338744
0.296338
0.296338
0.147016
0.147016
0.524251
0.524251
0.234236
0.234236
0.461926
0.461926
0.389381
0.389381
0.293927
0.293927
0.363203
0.363203
0.176960
0.176960
0.418944
0.418944
0.266685
0.266685
0.302380
0.302380
0.251673
0.251673
0.287002
0.287002
0.702507
0.702507
0.310750
0.310750
0.235422
0.235422
0.325196
0.325196
0.405243
0.405243
0.226656
0.226656
0.355868
0.355868
0.467616
0.467616
0.472210
0.472210
0.236518
0.236518
0.152535
0.152535
0.366435
0.366435
0.263559
0.263559
0.358392
0.358392
0.233589
0.233589
0.440518
0.440518
0.272855
0.272855
0.321365
0.321365
0.356208
0.356208
0.120822
0.120822
0.346231
0.346231
0.376467
0.376467
0.390049
0.390049
0.184523
0.184523
0.345656
0.345656
0.250891
0.250891
0.280989
0.280989
0.367697
0.367697
0.372204
0.372204
0.489854
0.489854
0.208887
0.208887
0.276372
0.276372
0.373230
0.373230
0.211040
0.211040
0.455082
0.455082
0.305987
0.305987
0.434631
0.434631
0.343574
0.343574
0.220608
0.220608
0.479977
0.479977
0.242722
0.242722
0.499068
0.499068
0.345185
0.345185
0.244235
0.244235
0.306323
0.306323
0.265084
0.265084
0.281426
0.281426
0.423246
0.423246
0.214242
0.214242
0.395206
0.395206
0.268799
0.268799
0.514352
0.514352
0.518479
0.518479
0.592007
0.592007
0.333602
0.333602
0.212105
0.212105
0.241395
0.241395
0.491919
0.491919
0.355761
0.355761
0.880877
0.880877
0.368469
0.368469
0.427136
0.427136
0.347532
0.347532
0.391426
0.391426
0.253366
0.253366
0.355367
0.355367
0.275252
0.275252
0.305849
0.305849
0.353714
0.353714
0.343565
0.343565
0.194229
0.194229
0.150503
0.150503
0.314842
0.314842
0.401184
0.401184
0.344220
0.344220
0.570873
0.570873
0.321096
0.321096
0.235967
0.235967
0.213813
0.213813
0.338104
0.338104
0.356052
0.356052
0.280572
0.280572
0.331617
0.331617
0.182127
0.182127
0.427873
0.427873
0.275786
0.275786
0.594437
0.594437
0.186859
0.186859
0.222741
0.222741
0.395064
0.395064
0.519726
0.519726
0.242873
0.242873
0.264067
0.264067
0.275885
0.275885
0.216598
0.216598
0.550688
0.550688
0.372951
0.372951
0.399463
0.399463
0.258919
0.258919
0.359488
0.359488
0.431707
0.431707
0.268616
0.268616
0.411689
0.411689
0.263036
0.263036
0.361902
0.361902
0.237875
0.237875
0.402253
0.402253
0.291195
0.291195
0.332187
0.332187
0.298265
0.298265
0.426025
0.426025
0.165950
0.165950
0.469091
0.469091
0.237566
0.237566
0.526747
0.526747
0.329539
0.329539
0.242783
0.242783
0.427157
0.427157
0.701495
0.701495
0.388972
0.388972
0.403485
0.403485
0.426498
0.426498
0.145946
0.145946
0.531556
0.531556
0.384216
0.384216
0.334168
0.334168
0.293651
0.293651
0.488870
0.488870
0.454671
0.454671
0.294142
0.294142
0.431609
0.431609
0.457077
0.457077
0.440020
0.440020
0.305332
0.305332
0.270832
0.270832
0.299611
0.299611
0.310848
0.310848
0.269293
0.269293
0.287852
0.287852
0.424252
0.424252
0.390354
0.390354
0.358117
0.358117
0.218109
0.218109
0.345178
0.345178
0.295990
0.295990
0.321161
0.321161
0.463448
0.463448
0.329374
0.329374
0.177558
0.177558
0.295613
0.295613
0.444314
0.444314
0.483294
0.483294
0.278293
0.278293
0.419084
0.419084
0.512104
0.512104
0.240645
0.240645
0.277711
0.277711
0.346231
0.346231
0.154227
0.154227
0.292516
0.292516
0.359480
0.359480
0.366182
0.366182
0.216945
0.216945
0.374280
0.374280
0.332184
0.332184
0.668332
0.668332
0.219142
0.219142
0.392055
0.392055
0.374917
0.374917
0.350327
0.350327
0.473085
0.473085
0.456312
0.456312
0.156769
0.156769
0.279469
0.279469
0.255608
0.255608
0.276373
0.276373
0.112551
0.112551
0.326740
0.326740
0.285439
0.285439
0.542474
0.542474
0.440849
0.440849
0.187882
0.187882
0.385560
0.385560
0.553904
0.553904
0.249318
0.249318
0.289337
0.289337
0.212865
0.212865
0.392549
0.392549
0.489554
0.489554
0.145068
0.145068
0.319226
0.319226
0.493004
0.493004
0.282156
0.282156
0.230133
0.230133
0.286486
0.286486
0.220182
0.220182
0.305743
0.305743
0.317063
0.317063
0.485363
0.485363
0.214371
0.214371
0.356133
0.356133
0.264354
0.264354
0.172825
0.172825
0.492546
0.492546
0.503072
0.503072
0.282434
0.282434
0.140881
0.140881
0.338973
0.338973
0.381194
0.381194
0.254753
0.254753
0.171372
0.171372
0.354946
0.354946
0.302973
0.302973
0.304543
0.304543
0.141642
0.141642
0.510960
0.510960
0.217023
0.217023
0.415567
0.415567
0.385350
0.385350
0.203934
0.203934
0.141633
0.141633
0.115697
0.115697
0.234873
0.234873
0.344390
0.344390
0.350355
0.350355
0.367306
0.367306
0.344430
0.344430
0.382499
0.382499
0.154795
0.154795
0.387539
0.387539
0.163551
0.163551
0.221609
0.221609
0.193288
0.193288
0.570052
0.570052
0.549705
0.549705
0.232352
0.232352
0.405723
0.405723
0.427931
0.427931
0.233260
0.233260
0.281243
0.281243
0.657092
0.657092
0.382085
0.382085
0.423632
0.423632
0.510061
0.510061
0.302870
0.302870
0.260777
0.260777
0.171483
0.171483
0.403961
0.403961
0.334659
0.334659
0.193264
0.193264
0.200163
0.200163
0.659879
0.659879
0.189181
0.189181
0.223086
0.223086
0.324685
0.324685
0.322797
0.322797
0.396661
0.396661
0.266027
0.266027
0.262982
0.262982
0.338016
0.338016
0.414060
0.414060
0.244989
0.244989
0.366147
0.366147
0.308572
0.308572
0.209677
0.209677
0.352570
0.352570
0.486575
0.486575
0.285560
0.285560
0.249082
0.249082
0.495271
0.495271
0.080730
0.080730
0.305257
0.305257
0.194759
0.194759
0.354973
0.354973
0.456630
0.456630
0.248428
0.248428
0.224154
0.224154
0.379443
0.379443
0.378109
0.378109
0.336548
0.336548
0.198060
0.198060
0.515365
0.515365
0.178870
0.178870
0.189480
0.189480
0.476124
0.476124
0.291569
0.291569
0.233955
0.233955
0.424141
0.424141
0.433559
0.433559
0.641560
0.641560
0.361532
0.361532
0.228106
0.228106
0.231552
0.231552
0.294477
0.294477
0.277336
0.277336
0.423315
0.423315
0.326482
0.326482
0.252923
0.252923
0.288312
0.288312
0.447290
0.447290
0.254654
0.254654
0.604690
0.604690
0.328642
0.328642
0.411543
0.411543
0.343662
0.343662
0.480281
0.480281
0.275282
0.275282
0.263095
0.263095
0.275863
0.275863
0.212124
0.212124
0.475552
0.475552
0.505475
0.505475
0.246342
0.246342
0.234146
0.234146
0.238605
0.238605
0.202502
0.202502
0.491822
0.491822
0.311116
0.311116
0.296275
0.296275
0.378369
0.378369
0.312279
0.312279
0.411658
0.411658
0.310998
0.310998
0.112561
0.112561
0.231708
0.231708
0.269064
0.269064
0.263436
0.263436
0.340559
0.340559
0.555761
0.555761
0.329860
0.329860
0.392276
0.392276
0.485768
0.485768
0.236126
0.236126
0.261717
0.261717
0.247557
0.247557
0.379864
0.379864
0.417487
0.417487
0.446730
0.446730
0.219951
0.219951
0.277137
0.277137
0.266713
0.266713
0.117508
0.117508
0.292289
0.292289
0.639723
0.639723
0.322112
0.322112
0.409111
0.409111
0.401495
0.401495
0.217081
0.217081
0.148074
0.148074
0.334530
0.334530
0.149578
0.149578
0.199769
0.199769
0.244699
0.244699
0.359364
0.359364
0.206087
0.206087
0.233546
0.233546
0.307559
0.307559
0.438117
0.438117
0.163230
0.163230
0.398533
0.398533
0.504535
0.504535
0.347623
0.347623
0.515257
0.515257
0.363951
0.363951
0.424698
0.424698
0.274856
0.274856
0.399751
0.399751
0.213874
0.213874
0.433737
0.433737
0.270564
0.270564
0.320863
0.320863
0.257230
0.257230
0.227992
0.227992
0.346973
0.346973
0.400721
0.400721
0.157456
0.157456
0.244291
0.244291
0.283317
0.283317
0.363412
0.363412
0.359378
0.359378
0.397614
0.397614
0.270264
0.270264
0.373218
0.373218
0.388673
0.388673
0.310397
0.310397
0.509081
0.509081
0.350574
0.350574
0.435474
0.435474
0.254122
0.254122
0.357103
0.357103
0.464683
0.464683
0.195390
0.195390
0.441750
0.441750
0.281650
0.281650
0.329003
0.329003
0.395159
0.395159
0.199759
0.199759
0.422570
0.422570
0.274494
0.274494
0.224197
0.224197
0.149429
0.149429
0.202760
0.202760
0.316145
0.316145
0.400450
0.400450
0.494731
0.494731
0.230003
0.230003
0.197553
0.197553
0.437258
0.437258
0.158923
0.158923
0.130120
0.130120
0.370238
0.370238
0.198290
0.198290
0.379400
0.379400
0.290262
0.290262
0.411759
0.411759
0.301053
0.301053
0.278006
0.278006
0.469232
0.469232
0.490895
0.490895
0.277686
0.277686
0.351758
0.351758
0.296419
0.296419
0.274790
0.274790
0.461181
0.461181
0.479826
0.479826
0.232659
0.232659
0.387889
0.387889
0.377259
0.377259
0.515148
0.515148
0.341096
0.341096
0.350688
0.350688
0.388687
0.388687
0.514051
0.514051
0.266647
0.266647
0.326210
0.326210
0.309829
0.309829
0.351672
0.351672
0.341964
0.341964
0.448909
0.448909
0.309046
0.309046
0.322834
0.322834
0.301826
0.301826
0.232548
0.232548
0.218816
0.218816
0.259351
0.259351
0.224161
0.224161
0.365775
0.365775
0.437689
0.437689
0.270414
0.270414
0.401541
0.401541
0.388285
0.388285
0.335880
0.335880
0.316504
0.316504
0.485587
0.485587
0.469381
0.469381
0.556744
0.556744
0.342980
0.342980
0.681248
0.681248
0.254864
0.254864
0.249213
0.249213
0.365855
0.365855
0.147942
0.147942
0.184157
0.184157
0.322317
0.322317
0.282207
0.282207
0.210830
0.210830
0.386845
0.386845
0.276579
0.276579
0.229422
0.229422
0.466505
0.466505
0.235487
0.235487
0.384654
0.384654
0.249596
0.249596
0.179600
0.179600
0.353636
0.353636
0.220781
0.220781
0.330590
0.330590
0.570654
0.570654
0.409220
0.409220
0.406761
0.406761
0.201798
0.201798
0.295592
0.295592
0.197438
0.197438
0.177468
0.177468
0.756761
0.756761
0.304947
0.304947
0.338098
0.338098
0.395463
0.395463
0.227784
0.227784
0.400104
0.400104
0.237653
0.237653
0.212657
0.212657
0.180938
0.180938
0.307300
0.307300
0.349030
0.349030
0.171164
0.171164
0.271029
0.271029
0.279820
0.279820
0.318713
0.318713
0.523510
0.523510
0.532453
0.532453
0.420821
0.420821
0.241824
0.241824
0.221169
0.221169
0.135585
0.135585
0.384213
0.384213
0.335582
0.335582
0.308759
0.308759
0.189872
0.189872
0.253593
0.253593
0.508547
0.508547
0.516210
0.516210
0.352493
0.352493
0.245557
0.245557
0.472819
0.472819
0.472573
0.472573
0.316360
0.316360
0.330612
0.330612
0.304416
0.304416
0.296890
0.296890
0.139764
0.139764
0.300171
0.300171
0.140805
0.140805
0.266505
0.266505
0.284742
0.284742
0.332960
0.332960
0.230475
0.230475
0.325102
0.325102
0.167416
0.167416
0.271393
0.271393
0.408203
0.408203
0.330966
0.330966
0.306009
0.306009
0.319913
0.319913
0.253383
0.253383
0.262370
0.262370
0.223291
0.223291
0.303327
0.303327
0.394311
0.394311
0.342298
0.342298
0.290217
0.290217
0.348929
0.348929
0.316703
0.316703
0.302357
0.302357
0.240783
0.240783
0.296201
0.296201
0.191068
0.191068
0.547555
0.547555
0.413149
0.413149
0.363189
0.363189
0.274316
0.274316
0.308728
0.308728
0.214682
0.214682
0.361104
0.361104
0.362062
0.362062
0.216131
0.216131
0.248296
0.248296
0.359423
0.359423
0.194010
0.194010
0.350223
0.350223
0.416370
0.416370
0.160428
0.160428
0.348930
0.348930
0.266819
0.266819
0.397495
0.397495
0.429678
0.429678
0.203568
0.203568
0.411855
0.411855
0.470508
0.470508
0.174877
0.174877
0.291707
0.291707
0.343176
0.343176
0.481694
0.481694
0.274981
0.274981
0.295346
0.295346
0.241157
0.241157
0.210524
0.210524
0.579068
0.579068
0.400918
0.400918
0.200537
0.200537
0.281060
0.281060
0.246446
0.246446
0.509169
0.509169
0.263973
0.263973
0.463655
0.463655
0.136236
0.136236
0.216387
0.216387
0.204799
0.204799
0.469636
0.469636
0.411699
0.411699
0.300174
0.300174
0.303662
0.303662
0.347506
0.347506
0.197575
0.197575
0.225205
0.225205
0.232690
0.232690
0.338849
0.338849
0.299723
0.299723
0.139244
0.139244
0.248157
0.248157
0.265776
0.265776
0.272254
0.272254
0.327591
0.327591
0.169168
0.169168
0.192403
0.192403
0.141726
0.141726
0.263293
0.263293
0.528672
0.528672
0.174414
0.174414
0.276259
0.276259
0.279031
0.279031
0.337435
0.337435
0.400458
0.400458
0.360677
0.360677
0.557687
0.557687
0.348567
0.348567
0.232403
0.232403
0.273802
0.273802
0.318846
0.318846
0.286618
0.286618
0.206817
0.206817
0.309757
0.309757
0.359272
0.359272
0.289913
0.289913
0.421549
0.421549
0.316042
0.316042
0.237312
0.237312
0.340084
0.340084
0.412756
0.412756
0.532889
0.532889
0.214773
0.214773
0.208707
0.208707
0.277826
0.277826
0.369592
0.369592
0.373826
0.373826
0.310585
0.310585
0.628242
0.628242
0.293032
0.293032
0.388770
0.388770
0.231354
0.231354
0.272197
0.272197
0.255535
0.255535
0.440575
0.440575
0.291458
0.291458
0.171742
0.171742
0.257619
0.257619
0.586378
0.586378
0.162945
0.162945
0.341593
0.341593
0.206663
0.206663
0.180315
0.180315
0.324341
0.324341
0.171682
0.171682
0.339822
0.339822
0.195120
0.195120
0.385234
0.385234
0.499623
0.499623
0.120048
0.120048
0.177175
0.177175
0.214947
0.214947
0.336004
0.336004
0.241654
0.241654
0.325388
0.325388
0.185789
0.185789
0.389643
0.389643
0.315820
0.315820
0.300494
0.300494
0.432205
0.432205
0.632230
0.632230
0.341676
0.341676
0.286763
0.286763
0.197604
0.197604
0.461771
0.461771
0.305992
0.305992
0.290240
0.290240
0.282536
0.282536
0.621232
0.621232
0.569376
0.569376
0.234097
0.234097
0.512021
0.512021
0.246929
0.246929
0.383415
0.383415
0.375924
0.375924
0.274196
0.274196
0.211120
0.211120
0.404870
0.404870
0.259209
0.259209
0.418750
0.418750
0.341075
0.341075
0.150308
0.150308
0.183662
0.183662
0.306641
0.306641
0.294097
0.294097
0.317532
0.317532
0.214901
0.214901
0.325694
0.325694
0.297715
0.297715
0.429133
0.429133
0.491813
0.491813
0.169095
0.169095
0.549887
0.549887
0.511647
0.511647
0.555154
0.555154
0.299396
0.299396
0.467545
0.467545
0.328188
0.328188
0.386338
0.386338
0.275747
0.275747
0.190293
0.190293
0.247449
0.247449
0.492687
0.492687
0.222039
0.222039
0.266490
0.266490
0.350441
0.350441
0.714063
0.714063
0.418897
0.418897
0.529314
0.529314
0.421247
0.421247
0.249704
0.249704
0.262816
0.262816
0.413319
0.413319
0.288143
0.288143
0.247337
0.247337
0.210754
0.210754
0.314268
0.314268
0.255817
0.255817
0.291598
0.291598
0.328449
0.328449
0.192049
0.192049
0.548962
0.548962
0.238598
0.238598
0.226286
0.226286
0.271567
0.271567
0.342337
0.342337
0.313261
0.313261
0.139741
0.139741
0.297979
0.297979
0.285264
0.285264
0.561947
0.561947
0.272290
0.272290
0.483629
0.483629
0.389168
0.389168
0.334152
0.334152
0.325130
0.325130
0.456635
0.456635
0.271157
0.271157
0.267970
0.267970
0.372240
0.372240
0.211952
0.211952
0.393980
0.393980
0.372193
0.372193
0.290175
0.290175
0.155420
0.155420
0.171619
0.171619
0.285092
0.285092
0.352985
0.352985
0.296425
0.296425
0.230376
0.230376
0.390791
0.390791
0.284151
0.284151
0.201657
0.201657
0.246324
0.246324
0.399463
0.399463
0.249757
0.249757
0.151336
0.151336
0.317554
0.317554
0.411776
0.411776
0.238381
0.238381
0.488220
0.488220
0.255573
0.255573
0.277812
0.277812
0.159759
0.159759
0.179126
0.179126
0.204184
0.204184
0.423991
0.423991
0.254026
0.254026
0.288671
0.288671
0.123283
0.123283
0.382622
0.382622
0.335513
0.335513
0.242534
0.242534
0.256008
0.256008
0.176192
0.176192
0.308630
0.308630
0.253077
0.253077
0.332552
0.332552
0.577773
0.577773
0.313657
0.313657
0.251986
0.251986
0.288247
0.288247
0.610908
0.610908
0.277788
0.277788
0.280338
0.280338
0.123418
0.123418
0.451977
0.451977
0.208133
0.208133
0.194466
0.194466
0.215392
0.215392
0.317332
0.317332
0.297645
0.297645
0.168698
0.168698
0.321744
0.321744
0.510940
0.510940
0.400130
0.400130
0.438807
0.438807
0.236386
0.236386
0.184695
0.184695
0.241182
0.241182
0.232993
0.232993
0.129349
0.129349
0.216751
0.216751
0.287215
0.287215
0.265211
0.265211
0.194511
0.194511
0.362607
0.362607
0.304183
0.304183
0.211946
0.211946
0.403404
0.403404
0.376768
0.376768
0.225028
0.225028
0.286340
0.286340
0.319900
0.319900
0.366868
0.366868
0.100637
0.100637
0.318541
0.318541
0.292569
0.292569
0.309506
0.309506
0.230210
0.230210
0.286591
0.286591
0.250757
0.250757
0.351855
0.351855
0.209151
0.209151
0.314608
0.314608
0.287297
0.287297
0.156881
0.156881
0.422982
0.422982
0.305317
0.305317
0.394002
0.394002
0.245324
0.245324
0.350107
0.350107
0.168286
0.168286
0.319719
0.319719
0.164455
0.164455
0.320134
0.320134
0.224924
0.224924
0.443755
0.443755
0.169053
0.169053
0.308031
0.308031
0.234791
0.234791
0.149582
0.149582
0.211304
0.211304
0.291420
0.291420
0.273033
0.273033
0.258656
0.258656
0.237321
0.237321
0.636339
0.636339
0.211966
0.211966
0.320952
0.320952
0.311147
0.311147
0.412534
0.412534
0.268554
0.268554
0.359902
0.359902
0.290487
0.290487
0.297430
0.297430
0.189217
0.189217
0.263151
0.263151
0.237510
0.237510
0.520356
0.520356
0.404218
0.404218
0.322376
0.322376
0.225298
0.225298
0.066223
0.066223
0.253208
0.253208
0.264925
0.264925
0.336799
0.336799
0.169647
0.169647
0.146996
0.146996
0.270954
0.270954
0.308586
0.308586
0.201698
0.201698
0.289186
0.289186
0.302350
0.302350
0.446724
0.446724
0.438972
0.438972
0.286524
0.286524
0.354007
0.354007
0.335800
0.335800
0.392253
0.392253
0.351702
0.351702
0.497380
0.497380
0.323074
0.323074
0.351731
0.351731
0.286410
0.286410
0.652861
0.652861
0.203976
0.203976
0.260535
0.260535
0.362618
0.362618
0.251859
0.251859
0.419964
0.419964
0.273088
0.273088
0.286411
0.286411
0.155801
0.155801
0.219790
0.219790
0.484778
0.484778
0.359116
0.359116
0.476239
0.476239
0.309869
0.309869
0.334449
0.334449
0.487649
0.487649
0.478159
0.478159
0.348148
0.348148
0.413937
0.413937
0.297836
0.297836
0.515708
0.515708
0.348567
0.348567
0.543659
0.543659
0.384303
0.384303
0.423143
0.423143
0.730572
0.730572
0.210247
0.210247
0.384587
0.384587
0.349596
0.349596
0.201696
0.201696
0.380560
0.380560
0.515904
0.515904
0.220191
0.220191
0.239254
0.239254
0.190079
0.190079
0.159466
0.159466
0.163868
0.163868
0.330537
0.330537
0.370138
0.370138
0.268809
0.268809
0.412497
0.412497
0.255954
0.255954
0.263291
0.263291
0.397337
0.397337
0.454319
0.454319
0.374088
0.374088
0.222872
0.222872
0.253853
0.253853
0.329757
0.329757
0.345185
0.345185
0.365209
0.365209
0.457988
0.457988
0.494821
0.494821
0.491216
0.491216
0.326211
0.326211
0.267420
0.267420
0.415820
0.415820
0.246177
0.246177
0.195068
0.195068
0.273159
0.273159
0.188034
0.188034
0.302340
0.302340
0.210675
0.210675
0.355631
0.355631
0.267248
0.267248
0.225549
0.225549
0.414645
0.414645
0.386785
0.386785
0.158212
0.158212
0.324486
0.324486
0.238295
0.238295
0.312269
0.312269
0.479584
0.479584
0.186000
0.186000
0.188029
0.188029
0.576285
0.576285
0.274017
0.274017
0.270735
0.270735
0.321897
0.321897
0.213598
0.213598
0.268769
0.268769
0.317326
0.317326
0.222809
0.222809
0.267499
0.267499
0.387711
0.387711
0.294477
0.294477
0.290719
0.290719
0.187670
0.187670
0.435627
0.435627
0.195344
0.195344
0.270748
0.270748
0.221379
0.221379
0.468645
0.468645
0.326054
0.326054
0.194950
0.194950
0.387883
0.387883
0.411177
0.411177
0.157904
0.157904
0.258518
0.258518
0.273137
0.273137
0.215917
0.215917
0.246491
0.246491
0.294114
0.294114
0.386861
0.386861
0.264797
0.264797
0.277004
0.277004
0.288377
0.288377
0.304643
0.304643
0.393908
0.393908
0.362552
0.362552
0.456178
0.456178
0.422996
0.422996
0.388555
0.388555
0.260125
0.260125
0.320295
0.320295
0.244693
0.244693
0.291953
0.291953
0.293810
0.293810
0.459482
0.459482
0.403393
0.403393
0.285046
0.285046
0.252600
0.252600
0.445722
0.445722
0.260076
0.260076
0.375361
0.375361
0.271279
0.271279
0.272879
0.272879
0.422564
0.422564
0.182029
0.182029
0.436827
0.436827
0.335016
0.335016
0.533054
0.533054
0.153682
0.153682
0.266797
0.266797
0.138358
0.138358
0.462340
0.462340
0.545021
0.545021
0.309944
0.309944
0.159882
0.159882
0.426149
0.426149
0.243563
0.243563
0.377684
0.377684
0.121777
0.121777
0.296280
0.296280
0.369014
0.369014
0.249048
0.249048
0.361394
0.361394
0.226884
0.226884
0.314859
0.314859
0.286569
0.286569
0.400203
0.400203
0.410120
0.410120
0.403771
0.403771
0.426887
0.426887
0.344437
0.344437
0.231475
0.231475
0.457115
0.457115
0.400600
0.400600
0.427899
0.427899
0.258590
0.258590
0.291691
0.291691
0.431680
0.431680
0.213539
0.213539
0.369251
0.369251
0.246799
0.246799
0.208242
0.208242
0.403699
0.403699
0.199210
0.199210
0.316984
0.316984
0.184138
0.184138
0.497054
0.497054
0.253151
0.253151
0.365368
0.365368
0.141023
0.141023
0.239958
0.239958
0.403438
0.403438
0.228518
0.228518
0.197049
0.197049
0.202487
0.202487
0.377193
0.377193
0.346810
0.346810
0.299659
0.299659
0.240233
0.240233
0.350404
0.350404
0.150866
0.150866
0.384999
0.384999
0.243096
0.243096
0.447387
0.447387
0.264398
0.264398
0.378283
0.378283
0.213119
0.213119
0.116201
0.116201
0.257916
0.257916
0.285192
0.285192
0.275238
0.275238
0.349810
0.349810
0.302648
0.302648
0.318158
0.318158
0.392332
0.392332
0.204234
0.204234
0.168306
0.168306
0.427437
0.427437
0.302241
0.302241
0.320886
0.320886
0.261147
0.261147
0.385321
0.385321
0.290700
0.290700
0.251524
0.251524
0.336814
0.336814
0.197129
0.197129
0.403340
0.403340
0.246128
0.246128
0.192701
0.192701
0.360484
0.360484
0.477227
0.477227
0.258950
0.258950
0.518332
0.518332
0.389295
0.389295
0.209421
0.209421
0.343828
0.343828
0.227520
0.227520
0.312232
0.312232
0.262512
0.262512
0.392537
0.392537
0.338879
0.338879
0.280382
0.280382
0.398648
0.398648
0.463209
0.463209
0.327231
0.327231
0.339960
0.339960
0.505898
0.505898
0.355085
0.355085
0.296113
0.296113
0.299093
0.299093
0.190754
0.190754
0.422479
0.422479
0.366308
0.366308
0.292544
0.292544
0.184393
0.184393
0.173584
0.173584
0.203176
0.203176
0.273866
0.273866
0.399613
0.399613
0.269280
0.269280
0.353600
0.353600
0.344005
0.344005
0.638378
0.638378
0.217438
0.217438
0.331786
0.331786
0.208137
0.208137
0.401373
0.401373
0.230670
0.230670
0.257631
0.257631
0.524182
0.524182
0.431434
0.431434
0.319910
0.319910
0.239624
0.239624
0.322058
0.322058
0.387975
0.387975
0.226488
0.226488
0.371477
0.371477
0.348308
0.348308
0.218786
0.218786
0.176925
0.176925
0.149487
0.149487
0.420202
0.420202
0.341360
0.341360
0.383552
0.383552
0.228138
0.228138
0.474715
0.474715
0.383239
0.383239
0.453583
0.453583
0.420204
0.420204
0.217285
0.217285
0.157970
0.157970
0.188456
0.188456
0.328367
0.328367
0.311510
0.311510
0.251783
0.251783
0.283382
0.283382
0.213080
0.213080
0.549428
0.549428
0.472798
0.472798
0.343921
0.343921
0.372879
0.372879
0.499795
0.499795
0.501616
0.501616
0.212117
0.212117
0.297461
0.297461
0.264995
0.264995
0.222710
0.222710
0.436644
0.436644
0.259849
0.259849
0.370563
0.370563
0.120736
0.120736
0.463045
0.463045
0.210259
0.210259
0.456496
0.456496
0.235464
0.235464
0.418508
0.418508
0.445420
0.445420
0.510027
0.510027
0.324659
0.324659
0.340923
0.340923
0.401509
0.401509
0.432248
0.432248
0.232810
0.232810
0.357009
0.357009
0.202430
0.202430
0.268028
0.268028
0.331596
0.331596
0.270994
0.270994
0.403535
0.403535
0.388020
0.388020
0.312333
0.312333
0.210444
0.210444
0.429246
0.429246
0.457552
0.457552
0.406563
0.406563
0.257657
0.257657
0.393459
0.393459
0.138255
0.138255
0.431482
0.431482
0.178436
0.178436
0.526101
0.526101
0.538643
0.538643
0.252134
0.252134
0.288370
0.288370
0.404331
0.404331
0.191831
0.191831
0.359454
0.359454
0.361995
0.361995
0.574516
0.574516
0.393559
0.393559
0.219580
0.219580
0.264668
0.264668
0.194364
0.194364
0.267825
0.267825
0.325566
0.325566
0.288430
0.288430
0.284631
0.284631
0.286375
0.286375
0.463632
0.463632
0.398278
0.398278
0.472181
0.472181
0.167050
0.167050
0.223533
0.223533
0.519961
0.519961
0.495975
0.495975
0.202772
0.202772
0.163599
0.163599
0.292538
0.292538
0.189488
0.189488
0.326464
0.326464
0.660784
0.660784
0.311125
0.311125
0.277321
0.277321
0.177744
0.177744
0.524974
0.524974
0.273497
0.273497
0.158899
0.158899
0.178080
0.178080
0.305585
0.305585
0.309435
0.309435
0.375096
0.375096
0.158110
0.158110
0.236481
0.236481
0.358586
0.358586
0.351829
0.351829
0.166063
0.166063
0.286126
0.286126
0.333579
0.333579
0.362002
0.362002
0.286494
0.286494
0.448560
0.448560
0.174835
0.174835
0.379906
0.379906
0.260437
0.260437
0.289246
0.289246
0.220377
0.220377
0.217390
0.217390
0.285195
0.285195
0.267567
0.267567
0.614606
0.614606
0.174093
0.174093
0.381762
0.381762
0.298612
0.298612
0.345436
0.345436
0.164996
0.164996
0.213007
0.213007
0.339529
0.339529
0.139049
0.139049
0.208153
0.208153
0.670927
0.670927
0.489416
0.489416
0.218519
0.218519
0.283746
0.283746
0.311430
0.311430
0.451416
0.451416
0.448084
0.448084
0.650378
0.650378
0.076357
0.076357
0.390910
0.390910
0.177724
0.177724
0.309735
0.309735
0.395177
0.395177
0.329967
0.329967
0.282213
0.282213
0.485972
0.485972
0.206151
0.206151
0.264172
0.264172
0.289121
0.289121
0.248061
0.248061
0.265821
0.265821
0.212573
0.212573
0.342977
0.342977
0.278871
0.278871
0.204515
0.204515
0.392802
0.392802
0.270283
0.270283
0.351228
0.351228
0.098884
0.098884
0.378244
0.378244
0.126845
0.126845
0.242818
0.242818
0.579891
0.579891
0.256747
0.256747
0.412615
0.412615
0.311316
0.311316
0.489129
0.489129
0.248196
0.248196
0.383321
0.383321
0.174073
0.174073
0.235504
0.235504
0.346816
0.346816
0.487393
0.487393
0.310815
0.310815
0.182952
0.182952
0.308451
0.308451
0.264514
0.264514
0.265138
0.265138
0.143378
0.143378
0.317834
0.317834
0.321714
0.321714
0.203738
0.203738
0.386158
0.386158
0.320744
0.320744
0.250357
0.250357
0.327575
0.327575
0.243041
0.243041
0.340451
0.340451
0.271086
0.271086
0.538455
0.538455
0.288410
0.288410
0.290960
0.290960
0.456027
0.456027
0.311873
0.311873
0.379859
0.379859
0.211681
0.211681
0.313008
0.313008
0.394424
0.394424
0.282694
0.282694
0.505040
0.505040
0.393051
0.393051
0.377007
0.377007
0.327201
0.327201
0.337620
0.337620
0.406266
0.406266
0.197438
0.197438
0.267738
0.267738
0.280376
0.280376
0.223599
0.223599
0.200430
0.200430
0.402653
0.402653
0.261774
0.261774
0.299416
0.299416
0.325538
0.325538
0.233664
0.233664
0.441716
0.441716
0.563357
0.563357
0.553947
0.553947
0.485982
0.485982
0.292600
0.292600
0.141636
0.141636
0.248346
0.248346
0.260543
0.260543
0.254930
0.254930
0.131022
0.131022
0.341001
0.341001
0.234102
0.234102
0.309474
0.309474
0.336460
0.336460
0.430192
0.430192
0.293545
0.293545
0.330811
0.330811
0.214188
0.214188
0.226243
0.226243
0.381921
0.381921
0.440221
0.440221
0.474563
0.474563
0.368607
0.368607
0.343477
0.343477
0.344201
0.344201
0.344165
0.344165
0.225267
0.225267
0.348715
0.348715
0.333652
0.333652
0.472228
0.472228
0.314905
0.314905
0.283748
0.283748
0.191124
0.191124
0.364612
0.364612
0.268312
0.268312
0.261335
0.261335
0.306877
0.306877
0.191550
0.191550
0.491051
0.491051
0.401310
0.401310
0.235427
0.235427
0.245490
0.245490
0.361316
0.361316
0.218121
0.218121
0.272999
0.272999
0.218442
0.218442
0.367930
0.367930
0.246316
0.246316
0.277977
0.277977
0.329496
0.329496
0.390298
0.390298
0.157847
0.157847
0.152710
0.152710
0.351496
0.351496
0.351776
0.351776
0.366393
0.366393
0.270838
0.270838
0.416039
0.416039
0.378236
0.378236
0.321031
0.321031
0.254591
0.254591
0.356686
0.356686
0.275684
0.275684
0.333838
0.333838
0.326047
0.326047
0.356878
0.356878
0.252623
0.252623
0.481848
0.481848
0.128138
0.128138
0.479676
0.479676
0.337848
0.337848
0.363899
0.363899
0.433404
0.433404
0.227649
0.227649
0.294960
0.294960
0.261002
0.261002
0.264823
0.264823
0.363665
0.363665
0.555835
0.555835
0.236412
0.236412
0.198655
0.198655
0.313301
0.313301
0.329557
0.329557
0.224270
0.224270
0.306915
0.306915
0.348324
0.348324
0.332292
0.332292
0.306133
0.306133
0.178422
0.178422
0.234098
0.234098
0.310079
0.310079
0.535652
0.535652
0.324306
0.324306
0.521236
0.521236
0.377532
0.377532
0.098125
0.098125
0.226469
0.226469
0.279763
0.279763
0.311636
0.311636
0.198758
0.198758
0.264559
0.264559
0.577755
0.577755
0.484119
0.484119
0.376441
0.376441
0.409761
0.409761
0.368381
0.368381
0.734377
0.734377
0.294177
0.294177
0.203094
0.203094
0.246150
0.246150
0.138416
0.138416
0.213783
0.213783
0.272500
0.272500
0.203792
0.203792
0.485160
0.485160
0.231985
0.231985
0.257066
0.257066
0.347849
0.347849
0.220351
0.220351
0.394932
0.394932
0.253768
0.253768
0.440771
0.440771
0.334594
0.334594
0.310041
0.310041
0.421178
0.421178
0.441880
0.441880
0.591565
0.591565
0.282567
0.282567
0.459962
0.459962
0.366794
0.366794
0.424923
0.424923
0.327719
0.327719
0.235666
0.235666
0.395594
0.395594
0.280127
0.280127
0.360045
0.360045
0.435406
0.435406
0.272995
0.272995
0.411980
0.411980
0.365904
0.365904
0.348479
0.348479
0.455109
0.455109
0.319431
0.319431
0.305011
0.305011
0.293982
0.293982
0.342007
0.342007
0.360722
0.360722
0.350954
0.350954
0.227097
0.227097
0.131070
0.131070
0.328507
0.328507
0.283924
0.283924
0.411435
0.411435
0.270005
0.270005
0.394611
0.394611
0.165468
0.165468
0.146383
0.146383
0.432421
0.432421
0.215604
0.215604
0.129989
0.129989
0.161715
0.161715
0.379937
0.379937
0.433084
0.433084
0.296221
0.296221
0.346535
0.346535
0.220029
0.220029
0.270026
0.270026
0.146713
0.146713
0.157415
0.157415
0.276202
0.276202
0.403811
0.403811
0.171293
0.171293
0.313628
0.313628
0.230095
0.230095
0.254051
0.254051
0.331578
0.331578
0.231460
0.231460
0.270674
0.270674
0.534737
0.534737
0.279151
0.279151
0.171218
0.171218
0.533726
0.533726
0.219194
0.219194
0.210529
0.210529
0.307489
0.307489
0.393929
0.393929
0.251965
0.251965
0.327717
0.327717
0.174463
0.174463
0.184379
0.184379
0.354076
0.354076
0.333893
0.333893
0.340929
0.340929
0.257829
0.257829
0.356982
0.356982
0.344730
0.344730
0.214287
0.214287
0.389927
0.389927
0.345664
0.345664
0.467937
0.467937
0.198993
0.198993
0.282677
0.282677
0.227646
0.227646
0.427659
0.427659
0.264357
0.264357
0.257455
0.257455
0.161422
0.161422
0.321787
0.321787
0.427724
0.427724
0.415801
0.415801
0.224574
0.224574
0.434395
0.434395
0.312923
0.312923
0.439395
0.439395
0.258103
0.258103
0.620005
0.620005
0.409530
0.409530
0.276931
0.276931
0.258620
0.258620
0.393601
0.393601
0.372404
0.372404
0.228920
0.228920
0.440298
0.440298
0.474634
0.474634
0.197479
0.197479
0.181647
0.181647
0.271208
0.271208
0.221087
0.221087
0.358318
0.358318
0.477624
0.477624
0.178739
0.178739
0.224816
0.224816
0.292573
0.292573
0.351139
0.351139
0.345932
0.345932
0.115535
0.115535
0.174917
0.174917
0.330954
0.330954
0.449866
0.449866
0.407906
0.407906
0.289099
0.289099
0.274963
0.274963
0.315408
0.315408
0.510579
0.510579
0.222401
0.222401
0.500846
0.500846
0.291740
0.291740
0.148792
0.148792
0.322700
0.322700
0.464774
0.464774
0.601884
0.601884
0.225895
0.225895
0.265374
0.265374
0.208998
0.208998
0.187877
0.187877
0.128217
0.128217
0.334574
0.334574
0.197836
0.197836
0.332568
0.332568
0.330296
0.330296
0.323011
0.323011
0.375476
0.375476
0.423790
0.423790
0.263645
0.263645
0.510672
0.510672
0.504011
0.504011
0.402080
0.402080
0.216656
0.216656
0.170299
0.170299
0.279648
0.279648
0.362231
0.362231
0.438238
0.438238
0.184003
0.184003
0.455872
0.455872
0.202337
0.202337
0.236972
0.236972
0.349753
0.349753
0.251344
0.251344
0.234075
0.234075
0.276142
0.276142
0.212704
0.212704
0.305745
0.305745
0.376557
0.376557
0.216518
0.216518
0.384887
0.384887
0.192680
0.192680
0.359482
0.359482
0.281750
0.281750
0.225661
0.225661
0.214479
0.214479
0.423320
0.423320
0.331494
0.331494
0.287984
0.287984
0.395601
0.395601
0.198419
0.198419
0.160427
0.160427
0.275603
0.275603
0.399796
0.399796
0.231147
0.231147
0.229751
0.229751
0.185714
0.185714
0.394852
0.394852
0.243068
0.243068
0.284104
0.284104
0.201208
0.201208
0.398611
0.398611
0.400285
0.400285
0.565458
0.565458
0.361407
0.361407
0.275461
0.275461
0.359659
0.359659
0.267273
0.267273
0.162068
0.162068
0.368142
0.368142
0.372880
0.372880
0.289413
0.289413
0.289287
0.289287
0.160950
0.160950
0.311422
0.311422
0.277383
0.277383
0.123703
0.123703
0.386812
0.386812
0.366005
0.366005
0.240654
0.240654
0.443239
0.443239
0.306769
0.306769
0.332938
0.332938
0.337547
0.337547
0.226889
0.226889
0.138838
0.138838
0.318261
0.318261
0.252622
0.252622
0.309823
0.309823
0.434163
0.434163
0.425651
0.425651
0.748066
0.748066
0.326265
0.326265
0.549073
0.549073
0.414644
0.414644
0.185122
0.185122
0.256964
0.256964
0.272182
0.272182
0.503859
0.503859
0.162939
0.162939
0.267175
0.267175
0.291837
0.291837
0.399852
0.399852
0.369653
0.369653
0.224414
0.224414
0.184685
0.184685
0.457412
0.457412
0.136258
0.136258
0.302158
0.302158
0.173905
0.173905
0.220019
0.220019
0.517803
0.517803
0.260778
0.260778
0.283272
0.283272
0.196550
0.196550
0.206723
0.206723
0.193215
0.193215
0.378639
0.378639
0.331118
0.331118
0.196688
0.196688
0.293043
0.293043
0.426103
0.426103
0.160757
0.160757
0.263361
0.263361
0.206705
0.206705
0.255870
0.255870
0.381024
0.381024
0.448315
0.448315
0.271128
0.271128
0.208395
0.208395
0.280486
0.280486
0.233412
0.233412
0.332160
0.332160
0.221672
0.221672
0.190223
0.190223
0.319365
0.319365
0.261500
0.261500
0.495763
0.495763
0.219580
0.219580
0.405882
0.405882
0.340263
0.340263
0.302766
0.302766
0.354142
0.354142
0.324245
0.324245
0.320321
0.320321
0.127542
0.127542
0.113606
0.113606
0.242992
0.242992
0.361963
0.361963
0.268303
0.268303
0.261132
0.261132
0.101280
0.101280
0.411984
0.411984
0.469509
0.469509
0.376224
0.376224
0.312326
0.312326
0.137026
0.137026
0.277188
0.277188
0.372365
0.372365
0.494404
0.494404
0.174634
0.174634
0.518338
0.518338
0.676351
0.676351
0.319941
0.319941
0.468952
0.468952
0.344989
0.344989
0.205452
0.205452
0.524025
0.524025
0.389046
0.389046
0.369539
0.369539
0.351297
0.351297
0.144337
0.144337
0.318154
0.318154
0.491458
0.491458
0.460028
0.460028
0.365343
0.365343
0.401320
0.401320
0.246772
0.246772
0.481163
0.481163
0.324741
0.324741
0.401272
0.401272
0.421205
0.421205
0.313548
0.313548
0.359492
0.359492
0.336994
0.336994
0.367198
0.367198
0.304004
0.304004
0.503898
0.503898
0.401653
0.401653
0.303714
0.303714
0.220040
0.220040
0.436476
0.436476
0.258803
0.258803
0.238820
0.238820
0.488148
0.488148
0.375968
0.375968
0.451920
0.451920
0.280074
0.280074
0.568626
0.568626
0.451438
0.451438
0.236554
0.236554
0.711559
0.711559
0.302652
0.302652
0.380535
0.380535
0.274644
0.274644
0.274495
0.274495
0.119250
0.119250
0.180348
0.180348
0.400551
0.400551
0.441320
0.441320
0.198846
0.198846
0.151842
0.151842
0.318469
0.318469
0.242104
0.242104
0.393344
0.393344
0.189877
0.189877
0.206479
0.206479
0.306715
0.306715
0.426761
0.426761
0.240390
0.240390
0.124728
0.124728
0.178806
0.178806
0.247681
0.247681
0.332344
0.332344
0.400841
0.400841
0.189110
0.189110
0.299897
0.299897
0.229340
0.229340
0.200430
0.200430
0.182740
0.182740
0.124428
0.124428
0.412567
0.412567
0.229739
0.229739
0.336927
0.336927
0.214780
0.214780
0.339728
0.339728
0.282312
0.282312
0.251479
0.251479
0.362806
0.362806
0.477582
0.477582
0.545312
0.545312
0.315907
0.315907
0.263048
0.263048
0.136608
0.136608
0.218310
0.218310
0.484903
0.484903
0.226402
0.226402
0.447998
0.447998
0.291332
0.291332
0.322273
0.322273
0.243887
0.243887
0.185350
0.185350
0.329544
0.329544
0.289736
0.289736
0.240921
0.240921
0.223493
0.223493
0.233147
0.233147
0.208937
0.208937
0.327768
0.327768
0.131786
0.131786
0.250452
0.250452
0.490078
0.490078
0.209136
0.209136
0.374484
0.374484
0.354767
0.354767
0.112817
0.112817
0.190442
0.190442
0.264359
0.264359
0.161066
0.161066
0.242234
0.242234
0.223716
0.223716
0.232118
0.232118
0.648947
0.648947
0.255783
0.255783
0.267880
0.267880
0.430025
0.430025
0.305057
0.305057
0.235656
0.235656
0.151388
0.151388
0.176800
0.176800
0.387118
0.387118
0.217008
0.217008
0.295009
0.295009
0.317537
0.317537
0.169006
0.169006
0.293717
0.293717
0.395062
0.395062
0.428493
0.428493
0.467091
0.467091
0.446647
0.446647
0.269049
0.269049
0.284884
0.284884
0.325371
0.325371
0.320624
0.320624
0.426368
0.426368
0.241198
0.241198
0.458087
0.458087
0.352813
0.352813
0.482178
0.482178
0.139712
0.139712
0.416872
0.416872
0.386670
0.386670
0.168315
0.168315
0.520588
0.520588
0.250630
0.250630
0.374167
0.374167
0.151628
0.151628
0.393743
0.393743
0.403529
0.403529
0.167367
0.167367
0.278315
0.278315
0.332827
0.332827
0.384346
0.384346
0.240380
0.240380
0.132873
0.132873
0.331102
0.331102
0.219541
0.219541
0.197003
0.197003
0.303750
0.303750
0.303723
0.303723
0.346894
0.346894
0.202404
0.202404
0.173486
0.173486
0.287632
0.287632
0.184272
0.184272
0.365130
0.365130
0.513091
0.513091
0.156093
0.156093
0.294800
0.294800
0.125871
0.125871
0.334587
0.334587
0.384207
0.384207
0.574355
0.574355
0.200787
0.200787
0.439544
0.439544
0.259231
0.259231
0.187022
0.187022
0.224721
0.224721
0.277288
0.277288
0.237473
0.237473
0.151107
0.151107
0.159310
0.159310
0.171566
0.171566
0.165325
0.165325
0.244587
0.244587
0.193437
0.193437
0.134373
0.134373
0.348463
0.348463
0.208566
0.208566
0.222451
0.222451
0.442658
0.442658
0.336899
0.336899
0.111542
0.111542
0.269620
0.269620
0.350143
0.350143
0.160170
0.160170
0.613003
0.613003
0.285431
0.285431
0.516901
0.516901
0.159494
0.159494
0.198757
0.198757
0.250651
0.250651
0.220195
0.220195
0.404767
0.404767
0.392834
0.392834
0.342524
0.342524
0.207721
0.207721
0.397016
0.397016
0.444679
0.444679
0.229363
0.229363
0.122109
0.122109
0.487073
0.487073
0.289589
0.289589
0.216282
0.216282
0.408939
0.408939
0.281598
0.281598
0.371893
0.371893
0.288840
0.288840
0.197328
0.197328
0.324849
0.324849
0.192744
0.192744
0.157327
0.157327
0.256808
0.256808
0.422876
0.422876
0.306430
0.306430
0.167373
0.167373
0.142624
0.142624
0.279158
0.279158
0.420752
0.420752
0.121116
0.121116
0.388179
0.388179
0.306262
0.306262
0.275558
0.275558
0.369012
0.369012
0.162453
0.162453
0.277017
0.277017
0.241347
0.241347
0.273989
0.273989
0.325581
0.325581
0.133479
0.133479
0.496744
0.496744
0.335911
0.335911
0.305544
0.305544
0.274350
0.274350
0.097519
0.097519
0.150857
0.150857
0.228050
0.228050
0.391624
0.391624
0.289774
0.289774
0.399815
0.399815
0.188148
0.188148
0.277132
0.277132
0.544955
0.544955
0.373939
0.373939
0.313481
0.313481
0.346399
0.346399
0.233291
0.233291
0.397549
0.397549
0.468818
0.468818
0.236911
0.236911
0.460332
0.460332
0.239359
0.239359
0.407814
0.407814
0.637965
0.637965
0.251117
0.251117
0.156396
0.156396
0.290946
0.290946
0.159819
0.159819
0.229210
0.229210
0.244845
0.244845
0.168089
0.168089
0.224007
0.224007
0.297550
0.297550
0.329089
0.329089
0.342546
0.342546
0.176035
0.176035
0.199305
0.199305
0.181072
0.181072
0.238336
0.238336
0.515274
0.515274
0.158826
0.158826
0.237248
0.237248
0.526578
0.526578
0.314093
0.314093
0.382247
0.382247
0.336746
0.336746
0.312027
0.312027
0.571327
0.571327
0.516114
0.516114
0.269786
0.269786
0.268189
0.268189
0.290452
0.290452
0.228749
0.228749
0.330150
0.330150
0.237950
0.237950
0.308332
0.308332
0.436814
0.436814
0.340318
0.340318
0.146880
0.146880
0.196159
0.196159
0.271807
0.271807
0.105717
0.105717
0.321206
0.321206
0.265489
0.265489
0.251532
0.251532
0.357784
0.357784
0.176993
0.176993
0.278841
0.278841
0.291313
0.291313
0.262825
0.262825
0.463774
0.463774
0.293192
0.293192
0.339571
0.339571
0.288823
0.288823
0.440800
0.440800
0.341606
0.341606
0.185168
0.185168
0.378203
0.378203
0.163198
0.163198
0.265479
0.265479
0.342653
0.342653
0.275652
0.275652
0.209737
0.209737
0.349590
0.349590
0.302794
0.302794
0.122753
0.122753
0.393529
0.393529
0.261621
0.261621
0.481938
0.481938
0.176046
0.176046
0.341250
0.341250
0.141270
0.141270
0.161836
0.161836
0.292526
0.292526
0.265436
0.265436
0.354976
0.354976
0.385221
0.385221
0.277496
0.277496
0.182931
0.182931
0.282277
0.282277
0.190860
0.190860
0.193455
0.193455
0.132058
0.132058
0.144097
0.144097
0.459042
0.459042
0.287077
0.287077
0.203413
0.203413
0.140298
0.140298
0.315055
0.315055
0.217787
0.217787
0.214767
0.214767
0.342529
0.342529
0.181341
0.181341
0.246685
0.246685
0.224212
0.224212
0.204775
0.204775
0.257097
0.257097
0.210984
0.210984
0.119169
0.119169
0.369252
0.369252
0.301756
0.301756
0.313395
0.313395
0.140061
0.140061
0.232940
0.232940
0.273330
0.273330
0.350211
0.350211
0.264632
0.264632
0.336263
0.336263
0.148666
0.148666
0.251985
0.251985
0.234548
0.234548
0.491908
0.491908
0.388155
0.388155
0.352838
0.352838
0.225188
0.225188
0.388335
0.388335
0.253207
0.253207
0.506560
0.506560
0.316447
0.316447
0.283695
0.283695
0.235408
0.235408
0.244722
0.244722
0.185579
0.185579
0.304587
0.304587
0.318513
0.318513
0.088308
0.088308
0.207667
0.207667
0.172577
0.172577
0.207137
0.207137
0.291882
0.291882
0.455341
0.455341
0.377053
0.377053
0.263710
0.263710
0.479422
0.479422
0.270604
0.270604
0.478934
0.478934
0.379617
0.379617
0.431106
0.431106
0.283511
0.283511
0.379306
0.379306
0.258178
0.258178
0.240673
0.240673
0.261082
0.261082
0.520145
0.520145
0.212463
0.212463
0.300456
0.300456
0.372090
0.372090
0.576126
0.576126
0.208442
0.208442
0.467614
0.467614
0.497795
0.497795
0.301202
0.301202
0.331521
0.331521
0.272549
0.272549
0.448946
0.448946
0.327375
0.327375
0.135232
0.135232
0.298315
0.298315
0.398249
0.398249
0.175163
0.175163
0.370303
0.370303
0.456865
0.456865
0.241360
0.241360
0.677523
0.677523
0.352801
0.352801
0.290431
0.290431
0.169566
0.169566
0.199324
0.199324
0.418327
0.418327
0.249748
0.249748
0.237745
0.237745
0.380745
0.380745
0.317786
0.317786
0.216890
0.216890
0.222811
0.222811
0.285759
0.285759
0.254249
0.254249
0.577610
0.577610
0.546104
0.546104
0.471566
0.471566
0.121966
0.121966
0.180076
0.180076
0.314473
0.314473
0.157842
0.157842
0.374944
0.374944
0.513759
0.513759
0.199908
0.199908
0.453407
0.453407
0.269474
0.269474
0.309644
0.309644
0.388185
0.388185
0.412561
0.412561
0.339626
0.339626
0.220949
0.220949
0.238220
0.238220
0.296930
0.296930
0.133596
0.133596
0.511767
0.511767
0.296992
0.296992
0.183383
0.183383
0.213271
0.213271
0.379169
0.379169
0.295556
0.295556
0.178381
0.178381
0.301618
0.301618
0.219139
0.219139
0.124619
0.124619
0.278378
0.278378
0.350575
0.350575
0.326902
0.326902
0.343978
0.343978
0.241668
0.241668
0.115762
0.115762
0.227694
0.227694
0.249165
0.249165
0.245193
0.245193
0.209456
0.209456
0.185129
0.185129
0.362809
0.362809
0.236307
0.236307
0.475342
0.475342
0.186805
0.186805
0.374039
0.374039
0.396092
0.396092
0.431966
0.431966
0.199060
0.199060
0.162626
0.162626
0.210339
0.210339
0.273099
0.273099
0.397273
0.397273
0.281406
0.281406
0.294078
0.294078
0.333610
0.333610
0.198530
0.198530
0.251030
0.251030
0.343762
0.343762
0.135830
0.135830
0.348992
0.348992
0.139655
0.139655
0.269370
0.269370
0.271442
0.271442
0.330099
0.330099
0.171166
0.171166
0.148603
0.148603
0.310846
0.310846
0.308964
0.308964
0.424502
0.424502
0.190520
0.190520
0.612201
0.612201
0.329665
0.329665
0.567487
0.567487
0.287871
0.287871
0.406454
0.406454
0.211176
0.211176
0.188161
0.188161
0.298779
0.298779
0.212164
0.212164
0.402047
0.402047
0.456227
0.456227
0.270955
0.270955
0.326501
0.326501
0.206928
0.206928
0.194998
0.194998
0.212245
0.212245
0.229577
0.229577
0.166497
0.166497
0.225378
0.225378
0.167247
0.167247
0.524313
0.524313
0.274088
0.274088
0.201839
0.201839
0.142237
0.142237
0.086669
0.086669
0.146125
0.146125
0.182432
0.182432
0.184079
0.184079
0.475349
0.475349
0.237510
0.237510
0.312046
0.312046
0.535993
0.535993
0.174503
0.174503
0.259111
0.259111
0.223150
0.223150
0.519808
0.519808
0.642873
0.642873
0.345413
0.345413
0.336774
0.336774
0.256366
0.256366
0.411535
0.411535
0.379416
0.379416
0.233578
0.233578
0.296771
0.296771
0.534046
0.534046
0.226317
0.226317
0.394111
0.394111
0.388802
0.388802
0.435316
0.435316
0.425091
0.425091
0.408625
0.408625
0.206760
0.206760
0.550722
0.550722
0.248585
0.248585
0.387872
0.387872
0.219497
0.219497
0.229869
0.229869
0.422085
0.422085
0.281673
0.281673
0.316663
0.316663
0.388993
0.388993
0.190071
0.190071
0.254326
0.254326
0.241891
0.241891
0.143718
0.143718
0.637550
0.637550
0.212673
0.212673
0.426923
0.426923
0.185193
0.185193
0.425253
0.425253
0.267722
0.267722
0.301785
0.301785
0.190243
0.190243
0.302283
0.302283
0.218300
0.218300
0.233692
0.233692
0.275574
0.275574
0.290832
0.290832
0.189396
0.189396
0.287858
0.287858
0.228732
0.228732
0.368428
0.368428
0.234754
0.234754
0.167238
0.167238
0.280464
0.280464
0.268929
0.268929
0.246235
0.246235
0.391565
0.391565
0.237603
0.237603
0.237713
0.237713
0.262155
0.262155
0.208548
0.208548
0.269436
0.269436
0.155528
0.155528
0.287475
0.287475
0.278092
0.278092
0.438516
0.438516
0.319702
0.319702
0.199587
0.199587
0.339189
0.339189
0.359661
0.359661
0.349679
0.349679
0.512313
0.512313
0.448575
0.448575
0.315901
0.315901
0.533387
0.533387
0.294511
0.294511
0.352845
0.352845
0.266925
0.266925
0.379951
0.379951
0.181129
0.181129
0.184212
0.184212
0.153211
0.153211
0.418703
0.418703
0.497064
0.497064
0.286112
0.286112
0.302756
0.302756
0.154183
0.154183
0.305595
0.305595
0.454203
0.454203
0.133214
0.133214
0.327318
0.327318
0.180870
0.180870
0.626806
0.626806
0.307692
0.307692
0.152536
0.152536
0.157369
0.157369
0.207068
0.207068
0.293736
0.293736
0.278287
0.278287
0.181930
0.181930
0.392268
0.392268
0.256591
0.256591
0.347310
0.347310
0.426771
0.426771
0.381572
0.381572
0.152428
0.152428
0.129078
0.129078
0.327087
0.327087
0.330821
0.330821
0.227593
0.227593
0.353825
0.353825
0.182281
0.182281
0.227712
0.227712
0.348144
0.348144
0.182408
0.182408
0.189367
0.189367
0.204281
0.204281
0.433133
0.433133
0.172945
0.172945
0.375378
0.375378
0.204719
0.204719
0.253913
0.253913
0.208244
0.208244
0.455586
0.455586
0.445076
0.445076
0.277797
0.277797
0.175333
0.175333
0.455921
0.455921
0.398980
0.398980
0.392223
0.392223
0.135980
0.135980
0.136625
0.136625
0.250206
0.250206
0.204513
0.204513
0.290571
0.290571
0.299121
0.299121
0.441179
0.441179
0.413309
0.413309
0.347343
0.347343
0.252597
0.252597
0.215230
0.215230
0.410780
0.410780
0.263696
0.263696
0.150919
0.150919
0.267950
0.267950
0.270463
0.270463
0.294816
0.294816
0.396110
0.396110
0.252292
0.252292
0.269498
0.269498
0.187456
0.187456
0.130409
0.130409
0.208449
0.208449
0.297016
0.297016
0.268933
0.268933
0.293397
0.293397
0.339283
0.339283
0.115489
0.115489
0.463413
0.463413
0.371672
0.371672
0.183723
0.183723
0.184866
0.184866
0.407102
0.407102
0.119141
0.119141
0.332475
0.332475
0.235979
0.235979
0.206167
0.206167
0.259605
0.259605
0.358581
0.358581
0.258468
0.258468
0.194149
0.194149
0.040860
0.040860
0.225564
0.225564
0.253943
0.253943
0.210331
0.210331
0.127115
0.127115
0.252091
0.252091
0.305680
0.305680
0.504582
0.504582
0.212900
0.212900
0.232083
0.232083
0.296481
0.296481
0.330128
0.330128
0.248178
0.248178
0.435271
0.435271
0.250994
0.250994
0.717047
0.717047
0.216431
0.216431
0.546345
0.546345
0.286958
0.286958
0.240992
0.240992
0.227908
0.227908
0.314924
0.314924
0.427950
0.427950
0.450105
0.450105
0.324231
0.324231
0.277943
0.277943
0.269828
0.269828
0.196524
0.196524
0.364327
0.364327
0.181917
0.181917
0.398656
0.398656
0.545892
0.545892
0.186523
0.186523
0.408914
0.408914
0.257518
0.257518
0.253299
0.253299
0.385734
0.385734
0.279001
0.279001
0.329907
0.329907
0.174258
0.174258
0.169938
0.169938
0.211198
0.211198
0.302719
0.302719
0.352734
0.352734
0.262378
0.262378
0.262309
0.262309
0.413493
0.413493
0.261009
0.261009
0.246845
0.246845
0.183479
0.183479
0.369884
0.369884
0.271639
0.271639
0.295094
0.295094
0.258242
0.258242
0.302496
0.302496
0.294854
0.294854
0.356956
0.356956
0.260223
0.260223
0.390720
0.390720
0.291906
0.291906
0.506661
0.506661
0.445637
0.445637
0.383903
0.383903
0.280345
0.280345
0.317080
0.317080
0.102941
0.102941
0.257989
0.257989
0.349336
0.349336
0.142781
0.142781
0.159233
0.159233
0.113312
0.113312
0.315657
0.315657
0.096619
0.096619
0.295401
0.295401
0.231996
0.231996
0.168399
0.168399
0.538234
0.538234
0.442164
0.442164
0.213242
0.213242
0.495207
0.495207
0.173070
0.173070
0.191164
0.191164
0.233193
0.233193
0.108671
0.108671
0.118344
0.118344
0.257030
0.257030
0.282584
0.282584
0.276358
0.276358
0.275747
0.275747
0.208329
0.208329
0.217684
0.217684
0.423176
0.423176
0.377508
0.377508
0.409765
0.409765
0.213185
0.213185
0.367097
0.367097
0.219430
0.219430
0.341171
0.341171
0.324460
0.324460
0.142871
0.142871
0.245302
0.245302
0.252149
0.252149
0.320081
0.320081
0.347861
0.347861
0.446633
0.446633
0.230201
0.230201
0.265032
0.265032
0.304737
0.304737
0.310999
0.310999
0.336133
0.336133
0.308509
0.308509
0.350983
0.350983
0.208905
0.208905
0.382150
0.382150
0.201175
0.201175
0.220700
0.220700
0.223352
0.223352
0.434278
0.434278
0.287417
0.287417
0.207412
0.207412
0.259138
0.259138
0.153256
0.153256
0.268321
0.268321
0.214048
0.214048
0.144306
0.144306
0.249605
0.249605
0.355803
0.355803
0.282592
0.282592
0.328002
0.328002
0.388299
0.388299
0.271766
0.271766
0.211257
0.211257
0.314701
0.314701
0.487956
0.487956
0.161177
0.161177
0.370890
0.370890
0.244963
0.244963
0.254419
0.254419
0.502339
0.502339
0.506162
0.506162
0.289393
0.289393
0.220989
0.220989
0.241110
0.241110
0.333126
0.333126
0.282627
0.282627
0.222688
0.222688
0.413125
0.413125
0.273842
0.273842
0.126341
0.126341
0.379853
0.379853
0.106363
0.106363
0.260212
0.260212
0.318295
0.318295
0.405034
0.405034
0.110259
0.110259
0.331965
0.331965
0.290016
0.290016
0.273159
0.273159
0.291495
0.291495
0.333136
0.333136
0.187241
0.187241
0.209114
0.209114
0.217929
0.217929
0.100009
0.100009
0.149518
0.149518
0.229135
0.229135
0.110153
0.110153
0.509099
0.509099
0.258002
0.258002
0.083336
0.083336
0.390949
0.390949
0.286654
0.286654
0.300582
0.300582
0.353089
0.353089
0.338569
0.338569
0.248311
0.248311
0.165062
0.165062
0.208029
0.208029
0.223548
0.223548
0.360894
0.360894
0.417962
0.417962
0.211930
0.211930
0.221173
0.221173
0.184078
0.184078
0.247052
0.247052
0.228465
0.228465
0.217220
0.217220
0.291117
0.291117
0.172361
0.172361
0.271407
0.271407
0.103775
0.103775
0.215230
0.215230
0.287589
0.287589
0.372580
0.372580
0.437452
0.437452
0.224384
0.224384
0.269975
0.269975
0.392494
0.392494
0.113635
0.113635
0.428580
0.428580
0.191541
0.191541
0.219541
0.219541
0.271349
0.271349
0.391220
0.391220
0.359441
0.359441
0.191666
0.191666
0.401881
0.401881
0.155058
0.155058
0.570925
0.570925
0.117136
0.117136
0.230587
0.230587
0.357604
0.357604
0.194225
0.194225
0.577540
0.577540
0.432698
0.432698
0.349421
0.349421
0.232891
0.232891
0.249116
0.249116
0.131113
0.131113
0.176837
0.176837
0.174672
0.174672
0.285331
0.285331
0.087313
0.087313
0.230789
0.230789
0.228384
0.228384
0.295660
0.295660
0.223274
0.223274
0.204656
0.204656
0.208049
0.208049
0.165050
0.165050
0.308598
0.308598
0.171025
0.171025
0.330334
0.330334
0.242288
0.242288
0.136114
0.136114
0.172283
0.172283
0.273843
0.273843
0.323860
0.323860
0.351180
0.351180
0.255312
0.255312
0.185369
0.185369
0.345707
0.345707
0.276139
0.276139
0.288411
0.288411
0.290007
0.290007
0.245818
0.245818
0.265588
0.265588
0.199027
0.199027
0.247179
0.247179
0.218838
0.218838
0.111920
0.111920
0.296600
0.296600
0.196034
0.196034
0.156296
0.156296
0.267453
0.267453
0.134554
0.134554
0.306706
0.306706
0.126940
0.126940
0.264274
0.264274
0.132538
0.132538
0.193454
0.193454
0.254121
0.254121
0.313655
0.313655
0.122351
0.122351
0.149704
0.149704
0.357080
0.357080
0.198079
0.198079
0.151381
0.151381
0.294758
0.294758
0.100399
0.100399
0.480667
0.480667
0.117012
0.117012
0.181065
0.181065
0.289773
0.289773
0.416505
0.416505
0.409156
0.409156
0.370920
0.370920
0.517543
0.517543
0.721972
0.721972
0.242977
0.242977
0.462590
0.462590
0.257611
0.257611
0.293391
0.293391
0.292476
0.292476
0.332122
0.332122
0.409624
0.409624
0.177938
0.177938
0.380724
0.380724
0.227487
0.227487
0.195778
0.195778
0.264571
0.264571
0.152497
0.152497
0.279331
0.279331
0.413616
0.413616
0.293498
0.293498
0.465168
0.465168
0.428755
0.428755
0.377384
0.377384
0.298059
0.298059
0.276688
0.276688
0.382628
0.382628
0.411500
0.411500
0.082514
0.082514
0.227699
0.227699
0.273369
0.273369
0.472308
0.472308
0.302931
0.302931
0.281084
0.281084
0.238470
0.238470
0.411746
0.411746
0.195668
0.195668
0.206322
0.206322
0.405088
0.405088
0.198429
0.198429
0.215104
0.215104
0.288687
0.288687
0.176090
0.176090
0.372047
0.372047
0.150576
0.150576
0.286169
0.286169
0.129658
0.129658
0.414077
0.414077
0.140111
0.140111
0.235493
0.235493
0.412915
0.412915
0.201061
0.201061
0.210144
0.210144
0.158877
0.158877
0.246404
0.246404
0.288494
0.288494
0.359458
0.359458
0.263438
0.263438
0.199491
0.199491
0.393467
0.393467
0.141155
0.141155
0.294923
0.294923
0.233702
0.233702
0.374507
0.374507
0.342231
0.342231
0.184513
0.184513
0.196358
0.196358
0.253935
0.253935
0.296843
0.296843
0.226389
0.226389
0.281401
0.281401
0.226403
0.226403
0.267485
0.267485
0.170743
0.170743
0.209690
0.209690
0.097315
0.097315
0.304900
0.304900
0.201125
0.201125
0.254597
0.254597
0.271092
0.271092
0.276236
0.276236
0.239462
0.239462
0.277960
0.277960
0.223880
0.223880
0.128153
0.128153
0.327283
0.327283
0.292944
0.292944
0.466415
0.466415
0.281703
0.281703
0.105945
0.105945
0.190940
0.190940
0.124637
0.124637
0.296462
0.296462
0.204998
0.204998
0.183376
0.183376
0.179897
0.179897
0.171017
0.171017
0.135635
0.135635
0.226690
0.226690
0.372076
0.372076
0.197941
0.197941
0.227676
0.227676
0.360957
0.360957
0.250487
0.250487
0.231419
0.231419
0.214610
0.214610
0.212537
0.212537
0.205617
0.205617
0.171410
0.171410
0.182383
0.182383
0.177501
0.177501
0.175085
0.175085
0.402897
0.402897
0.221599
0.221599
0.223970
0.223970
0.200417
0.200417
0.336097
0.336097
0.142181
0.142181
0.296482
0.296482
0.280874
0.280874
0.262863
0.262863
0.259832
0.259832
0.364199
0.364199
0.322566
0.322566
0.135352
0.135352
0.211768
0.211768
0.255802
0.255802
0.110173
0.110173
0.275799
0.275799
0.280350
0.280350
0.318418
0.318418
0.473510
0.473510
0.368767
0.368767
0.132432
0.132432
0.329479
0.329479
0.142370
0.142370
0.350973
0.350973
0.444043
0.444043
0.200626
0.200626
0.124374
0.124374
0.573196
0.573196
0.341424
0.341424
0.254767
0.254767
0.384205
0.384205
0.276242
0.276242
0.460162
0.460162
0.368156
0.368156
0.282914
0.282914
0.417402
0.417402
0.369267
0.369267
0.186122
0.186122
0.197795
0.197795
0.218688
0.218688
0.217504
0.217504
0.310820
0.310820
0.256310
0.256310
0.329675
0.329675
0.310204
0.310204
0.180961
0.180961
0.260764
0.260764
0.368272
0.368272
0.330825
0.330825
0.314452
0.314452
0.323251
0.323251
0.218318
0.218318
0.209383
0.209383
0.180002
0.180002
0.235523
0.235523
0.300548
0.300548
0.232792
0.232792
0.220793
0.220793
0.436026
0.436026
0.318826
0.318826
0.169264
0.169264
0.136429
0.136429
0.444616
0.444616
0.623845
0.623845
0.261768
0.261768
0.180315
0.180315
0.165774
0.165774
0.242424
0.242424
0.243924
0.243924
0.416856
0.416856
0.281237
0.281237
0.202312
0.202312
0.504573
0.504573
0.303275
0.303275
0.190985
0.190985
0.396586
0.396586
0.341641
0.341641
0.207129
0.207129
0.342510
0.342510
0.281223
0.281223
0.307711
0.307711
0.177519
0.177519
0.208513
0.208513
0.243058
0.243058
0.202745
0.202745
0.307681
0.307681
0.162077
0.162077
0.182920
0.182920
0.244069
0.244069
0.466734
0.466734
0.329900
0.329900
0.345700
0.345700
0.241187
0.241187
0.132744
0.132744
0.248500
0.248500
0.274042
0.274042
0.276077
0.276077
0.516608
0.516608
0.288212
0.288212
0.300571
0.300571
0.313650
0.313650
0.288015
0.288015
0.146689
0.146689
0.305079
0.305079
0.274472
0.274472
0.411580
0.411580
0.328715
0.328715
0.323729
0.323729
0.322160
0.322160
0.328422
0.328422
0.166134
0.166134
0.259811
0.259811
0.294237
0.294237
0.129375
0.129375
0.158797
0.158797
0.244308
0.244308
0.313153
0.313153
0.165300
0.165300
0.394193
0.394193
0.175600
0.175600
0.383780
0.383780
0.397327
0.397327
0.361433
0.361433
0.196497
0.196497
0.260077
0.260077
0.221974
0.221974
0.219189
0.219189
0.241560
0.241560
0.362688
0.362688
0.281588
0.281588
0.306511
0.306511
0.384390
0.384390
0.362817
0.362817
0.351792
0.351792
0.167907
0.167907
0.234947
0.234947
0.235756
0.235756
0.339323
0.339323
0.256132
0.256132
0.177594
0.177594
0.254516
0.254516
0.193730
0.193730
0.248506
0.248506
0.143546
0.143546
0.495020
0.495020
0.247764
0.247764
0.435636
0.435636
0.252763
0.252763
0.286328
0.286328
0.348637
0.348637
0.435031
0.435031
0.206496
0.206496
0.274094
0.274094
0.253984
0.253984
0.191686
0.191686
0.383259
0.383259
0.188808
0.188808
0.226281
0.226281
0.180879
0.180879
0.093474
0.093474
0.331845
0.331845
0.361354
0.361354
0.126990
0.126990
0.179205
0.179205
0.237607
0.237607
0.382728
0.382728
0.423634
0.423634
0.315621
0.315621
0.171131
0.171131
0.240326
0.240326
0.443997
0.443997
0.304204
0.304204
0.187904
0.187904
0.118209
0.118209
0.275847
0.275847
0.292961
0.292961
0.349851
0.349851
0.399912
0.399912
0.287112
0.287112
0.185453
0.185453
0.162971
0.162971
0.255213
0.255213
0.310578
0.310578
0.356048
0.356048
0.233059
0.233059
0.381220
0.381220
0.183155
0.183155
0.313651
0.313651
0.378654
0.378654
0.362382
0.362382
0.274814
0.274814
0.206733
0.206733
0.354273
0.354273
0.179934
0.179934
0.259901
0.259901
0.206329
0.206329
0.245606
0.245606
0.175553
0.175553
0.391922
0.391922
0.277191
0.277191
0.228616
0.228616
0.187419
0.187419
0.335393
0.335393
0.353234
0.353234
0.350715
0.350715
0.152477
0.152477
0.243286
0.243286
0.181368
0.181368
0.265811
0.265811
0.378330
0.378330
0.244595
0.244595
0.261922
0.261922
0.245760
0.245760
0.214389
0.214389
0.385919
0.385919
0.215840
0.215840
0.317656
0.317656
0.225569
0.225569
0.260737
0.260737
0.330182
0.330182
0.141792
0.141792
0.272004
0.272004
0.145283
0.145283
0.385849
0.385849
0.235114
0.235114
0.303958
0.303958
0.299044
0.299044
0.466625
0.466625
0.196807
0.196807
0.137062
0.137062
0.330326
0.330326
0.139376
0.139376
0.221279
0.221279
0.393963
0.393963
0.259191
0.259191
0.238663
0.238663
0.164107
0.164107
0.340746
0.340746
0.236080
0.236080
0.268671
0.268671
0.246054
0.246054
0.422220
0.422220
0.289938
0.289938
0.262046
0.262046
0.463843
0.463843
0.322864
0.322864
0.337084
0.337084
0.244980
0.244980
0.120638
0.120638
0.389128
0.389128
0.155493
0.155493
0.370938
0.370938
0.190393
0.190393
0.415420
0.415420
0.285888
0.285888
0.199414
0.199414
0.187602
0.187602
0.156773
0.156773
0.276079
0.276079
0.090507
0.090507
0.280202
0.280202
0.281355
0.281355
0.263500
0.263500
0.151896
0.151896
0.125220
0.125220
0.345228
0.345228
0.328821
0.328821
0.184426
0.184426
0.275134
0.275134
0.159546
0.159546
0.325485
0.325485
0.296324
0.296324
0.289804
0.289804
0.285437
0.285437
0.126745
0.126745
0.224124
0.224124
0.087762
0.087762
0.434432
0.434432
0.245742
0.245742
0.299857
0.299857
0.271822
0.271822
0.273962
0.273962
0.273552
0.273552
0.189841
0.189841
0.365999
0.365999
0.133989
0.133989
0.111205
0.111205
0.152972
0.152972
0.255410
0.255410
0.349649
0.349649
0.178843
0.178843
0.234497
0.234497
0.232023
0.232023
0.331517
0.331517
0.340029
0.340029
0.137440
0.137440
0.254657
0.254657
0.205813
0.205813
0.410357
0.410357
0.371783
0.371783
0.318298
0.318298
0.417552
0.417552
0.202330
0.202330
0.263970
0.263970
0.255252
0.255252
0.347329
0.347329
0.465382
0.465382
0.322485
0.322485
0.247791
0.247791
0.358766
0.358766
0.267368
0.267368
0.345787
0.345787
0.254237
0.254237
0.494617
0.494617
0.285956
0.285956
0.292686
0.292686
0.354062
0.354062
0.331497
0.331497
0.210665
0.210665
0.406137
0.406137
0.562767
0.562767
0.380458
0.380458
0.202738
0.202738
0.233796
0.233796
0.135980
0.135980
0.264189
0.264189
0.450638
0.450638
0.322108
0.322108
0.257913
0.257913
0.348964
0.348964
0.320413
0.320413
0.234799
0.234799
0.188753
0.188753
0.295873
0.295873
0.351775
0.351775
0.181608
0.181608
0.305237
0.305237
0.308834
0.308834
0.296416
0.296416
0.257649
0.257649
0.204510
0.204510
0.431159
0.431159
0.195259
0.195259
0.192798
0.192798
0.511468
0.511468
0.227653
0.227653
0.408287
0.408287
0.297801
0.297801
0.316356
0.316356
0.179966
0.179966
0.415045
0.415045
0.331980
0.331980
0.368825
0.368825
0.400179
0.400179
0.179073
0.179073
0.206782
0.206782
0.151091
0.151091
0.174302
0.174302
0.342396
0.342396
0.396463
0.396463
0.294129
0.294129
0.193661
0.193661
0.137234
0.137234
0.152370
0.152370
0.258643
0.258643
0.213203
0.213203
0.353732
0.353732
0.135000
0.135000
0.227164
0.227164
0.067427
0.067427
0.169716
0.169716
0.316706
0.316706
0.214050
0.214050
0.256526
0.256526
0.175439
0.175439
0.219842
0.219842
0.174944
0.174944
0.375949
0.375949
0.159715
0.159715
0.189893
0.189893
0.531481
0.531481
0.279226
0.279226
0.086911
0.086911
0.116809
0.116809
0.267347
0.267347
0.303743
0.303743
0.296331
0.296331
0.325745
0.325745
0.254249
0.254249
0.378628
0.378628
0.362192
0.362192
0.209258
0.209258
0.346312
0.346312
0.159271
0.159271
0.237753
0.237753
0.273773
0.273773
0.293679
0.293679
0.493224
0.493224
0.182624
0.182624
0.195419
0.195419
0.218262
0.218262
0.389444
0.389444
0.189049
0.189049
0.244501
0.244501
0.276943
0.276943
0.199053
0.199053
0.420238
0.420238
0.271948
0.271948
0.205946
0.205946
0.609705
0.609705
0.374519
0.374519
0.218624
0.218624
0.214888
0.214888
0.283437
0.283437
0.199344
0.199344
0.132956
0.132956
0.368249
0.368249
0.454864
0.454864
0.158166
0.158166
0.279992
0.279992
0.309526
0.309526
0.244076
0.244076
0.902535
0.902535
0.240694
0.240694
0.290269
0.290269
0.372311
0.372311
0.260841
0.260841
0.225337
0.225337
0.212550
0.212550
0.380262
0.380262
0.132324
0.132324
0.187699
0.187699
0.255410
0.255410
0.215680
0.215680
0.196071
0.196071
0.140250
0.140250
0.343464
0.343464
0.270667
0.270667
0.370344
0.370344
0.402641
0.402641
0.311424
0.311424
0.366646
0.366646
0.360528
0.360528
0.189235
0.189235
0.458693
0.458693
0.384715
0.384715
0.188988
0.188988
0.452964
0.452964
0.292525
0.292525
0.300908
0.300908
0.523166
0.523166
0.463306
0.463306
0.405597
0.405597
0.251949
0.251949
0.271861
0.271861
0.288668
0.288668
0.157526
0.157526
0.320551
0.320551
0.318561
0.318561
0.366634
0.366634
0.347323
0.347323
0.219204
0.219204
0.138271
0.138271
0.371094
0.371094
0.344571
0.344571
0.411522
0.411522
0.528041
0.528041
0.232796
0.232796
0.552848
0.552848
0.232245
0.232245
0.346830
0.346830
0.227919
0.227919
0.300779
0.300779
0.165814
0.165814
0.346121
0.346121
0.328744
0.328744
0.175085
0.175085
0.197962
0.197962
0.314847
0.314847
0.346274
0.346274
0.130917
0.130917
0.339746
0.339746
0.279807
0.279807
0.146023
0.146023
0.161038
0.161038
0.063404
0.063404
0.259745
0.259745
0.258079
0.258079
0.197886
0.197886
0.324627
0.324627
0.345492
0.345492
0.421982
0.421982
0.509620
0.509620
0.345582
0.345582
0.230090
0.230090
0.175293
0.175293
0.304136
0.304136
0.216201
0.216201
0.307756
0.307756
0.144823
0.144823
0.207851
0.207851
0.373122
0.373122
0.215686
0.215686
0.204425
0.204425
0.299822
0.299822
0.387280
0.387280
0.454470
0.454470
0.265137
0.265137
0.221825
0.221825
0.065407
0.065407
0.378950
0.378950
0.475686
0.475686
0.365903
0.365903
0.239236
0.239236
0.276062
0.276062
0.326299
0.326299
0.269006
0.269006
0.330775
0.330775
0.281097
0.281097
0.443620
0.443620
0.174903
0.174903
0.142429
0.142429
0.179708
0.179708
0.223516
0.223516
0.132317
0.132317
0.228125
0.228125
0.302903
0.302903
0.260579
0.260579
0.164005
0.164005
0.290078
0.290078
0.242083
0.242083
0.246814
0.246814
0.203125
0.203125
0.291748
0.291748
0.341483
0.341483
0.231045
0.231045
0.313824
0.313824
0.221900
0.221900
0.291173
0.291173
0.348093
0.348093
0.357827
0.357827
0.430961
0.430961
0.285787
0.285787
0.304705
0.304705
0.193467
0.193467
0.282972
0.282972
0.317667
0.317667
0.167108
0.167108
0.199706
0.199706
0.297695
0.297695
0.277632
0.277632
0.145984
0.145984
0.377768
0.377768
0.187618
0.187618
0.411171
0.411171
0.394710
0.394710
0.345146
0.345146
0.143000
0.143000
0.185745
0.185745
0.196548
0.196548
0.296130
0.296130
0.210427
0.210427
0.384938
0.384938
0.327593
0.327593
0.293879
0.293879
0.375429
0.375429
0.179773
0.179773
0.203578
0.203578
0.213620
0.213620
0.221634
0.221634
0.142122
0.142122
0.199877
0.199877
0.198990
0.198990
0.398930
0.398930
0.238421
0.238421
0.251083
0.251083
0.265626
0.265626
0.381046
0.381046
0.212063
0.212063
0.325221
0.325221
0.183561
0.183561
0.210869
0.210869
0.150889
0.150889
0.123686
0.123686
0.346650
0.346650
0.343640
0.343640
0.270217
0.270217
0.388966
0.388966
0.263912
0.263912
0.067465
0.067465
0.260514
0.260514
0.498122
0.498122
0.380019
0.380019
0.056971
0.056971
0.285537
0.285537
0.515070
0.515070
0.343832
0.343832
0.282941
0.282941
0.210705
0.210705
0.251378
0.251378
0.285040
0.285040
0.337883
0.337883
0.316896
0.316896
0.513046
0.513046
0.382001
0.382001
0.428528
0.428528
0.220457
0.220457
0.208569
0.208569
0.469984
0.469984
0.520802
0.520802
0.272704
0.272704
0.446035
0.446035
0.398028
0.398028
0.248173
0.248173
0.274027
0.274027
0.469319
0.469319
0.225438
0.225438
0.276070
0.276070
0.303917
0.303917
0.355282
0.355282
0.368612
0.368612
0.297458
0.297458
0.244708
0.244708
0.225589
0.225589
0.328787
0.328787
0.230381
0.230381
0.123873
0.123873
0.467467
0.467467
0.406281
0.406281
0.379128
0.379128
0.391489
0.391489
0.413842
0.413842
0.252763
0.252763
0.147907
0.147907
0.173956
0.173956
0.298222
0.298222
0.481770
0.481770
0.539526
0.539526
0.382288
0.382288
0.170286
0.170286
0.124371
0.124371
0.551055
0.551055
0.291028
0.291028
0.226019
0.226019
0.302237
0.302237
0.285296
0.285296
0.350639
0.350639
0.309429
0.309429
0.409842
0.409842
0.211345
0.211345
0.191562
0.191562
0.216580
0.216580
0.363610
0.363610
0.219265
0.219265
0.238407
0.238407
0.227303
0.227303
0.251713
0.251713
0.196411
0.196411
0.236116
0.236116
0.229206
0.229206
0.220651
0.220651
0.227669
0.227669
0.356088
0.356088
0.203232
0.203232
0.310572
0.310572
0.368136
0.368136
0.148016
0.148016
0.161250
0.161250
0.272696
0.272696
0.418813
0.418813
0.181088
0.181088
0.417381
0.417381
0.232918
0.232918
0.316636
0.316636
0.370849
0.370849
0.192563
0.192563
0.109904
0.109904
0.290959
0.290959
0.375918
0.375918
0.301290
0.301290
0.147318
0.147318
0.152362
0.152362
0.347324
0.347324
0.151582
0.151582
0.294033
0.294033
0.161823
0.161823
0.362448
0.362448
0.201109
0.201109
0.202746
0.202746
0.176600
0.176600
0.348748
0.348748
0.402595
0.402595
0.136962
0.136962
0.133980
0.133980
0.305049
0.305049
0.258325
0.258325
0.171474
0.171474
0.212931
0.212931
0.086211
0.086211
0.171110
0.171110
0.163724
0.163724
0.378424
0.378424
0.144482
0.144482
0.424171
0.424171
0.296004
0.296004
0.330443
0.330443
0.417361
0.417361
0.187414
0.187414
0.157858
0.157858
0.239301
0.239301
0.136497
0.136497
0.700338
0.700338
0.131072
0.131072
0.308977
0.308977
0.214961
0.214961
0.256861
0.256861
0.322006
0.322006
0.283419
0.283419
0.226759
0.226759
0.208405
0.208405
0.177315
0.177315
0.178519
0.178519
0.253452
0.253452
0.164869
0.164869
0.120694
0.120694
0.264257
0.264257
0.339463
0.339463
0.260800
0.260800
0.527437
0.527437
0.250244
0.250244
0.279405
0.279405
0.284565
0.284565
0.302399
0.302399
0.236232
0.236232
0.247470
0.247470
0.368566
0.368566
0.119427
0.119427
0.262439
0.262439
0.257259
0.257259
0.266435
0.266435
0.303261
0.303261
0.124059
0.124059
0.157533
0.157533
0.139201
0.139201
0.225914
0.225914
0.121148
0.121148
0.187596
0.187596
0.355110
0.355110
0.223707
0.223707
0.245537
0.245537
0.270903
0.270903
0.158759
0.158759
0.234453
0.234453
0.199778
0.199778
0.188117
0.188117
0.061071
0.061071
0.206383
0.206383
0.239999
0.239999
0.142645
0.142645
0.366872
0.366872
0.106748
0.106748
0.388902
0.388902
0.186661
0.186661
0.207077
0.207077
0.192593
0.192593
0.492429
0.492429
0.180253
0.180253
0.286801
0.286801
0.280430
0.280430
0.334620
0.334620
0.134546
0.134546
0.143040
0.143040
0.327152
0.327152
0.436717
0.436717
0.172764
0.172764
0.236619
0.236619
0.324494
0.324494
0.357824
0.357824
0.247726
0.247726
0.199975
0.199975
0.255588
0.255588
0.481335
0.481335
0.466972
0.466972
0.318779
0.318779
0.141412
0.141412
0.251483
0.251483
0.334779
0.334779
0.260929
0.260929
0.145286
0.145286
0.234739
0.234739
0.345333
0.345333
0.232190
0.232190
0.221639
0.221639
0.118855
0.118855
0.188238
0.188238
0.351213
0.351213
0.172552
0.172552
0.326662
0.326662
0.547080
0.547080
0.321526
0.321526
0.300102
0.300102
0.395623
0.395623
0.566108
0.566108
0.206390
0.206390
0.248359
0.248359
0.326521
0.326521
0.200243
0.200243
0.090403
0.090403
0.322969
0.322969
0.220874
0.220874
0.365678
0.365678
0.185075
0.185075
0.273813
0.273813
0.253527
0.253527
0.371755
0.371755
0.538661
0.538661
0.207638
0.207638
0.081908
0.081908
0.316249
0.316249
0.317816
0.317816
0.235806
0.235806
0.419682
0.419682
0.275540
0.275540
0.263310
0.263310
0.317417
0.317417
0.306355
0.306355
0.110481
0.110481
0.207122
0.207122
0.200161
0.200161
0.397596
0.397596
0.279134
0.279134
0.290227
0.290227
0.292173
0.292173
0.148129
0.148129
0.150463
0.150463
0.368549
0.368549
0.373248
0.373248
0.167583
0.167583
0.168464
0.168464
0.313902
0.313902
0.439523
0.439523
0.351851
0.351851
0.337816
0.337816
0.228979
0.228979
0.261207
0.261207
0.190408
0.190408
0.204733
0.204733
0.345358
0.345358
0.159934
0.159934
0.226234
0.226234
0.202824
0.202824
0.236008
0.236008
0.259270
0.259270
0.324315
0.324315
0.233165
0.233165
0.149313
0.149313
0.282235
0.282235
0.157102
0.157102
0.236361
0.236361
0.107657
0.107657
0.195330
0.195330
0.160755
0.160755
0.296834
0.296834
0.358918
0.358918
0.271909
0.271909
0.314754
0.314754
0.186798
0.186798
0.390465
0.390465
0.173765
0.173765
0.261201
0.261201
0.181065
0.181065
0.220494
0.220494
0.104645
0.104645
0.153970
0.153970
0.410897
0.410897
0.200382
0.200382
0.120969
0.120969
0.195957
0.195957
0.230722
0.230722
0.155798
0.155798
0.111878
0.111878
0.291935
0.291935
0.220745
0.220745
0.173840
0.173840
0.382100
0.382100
0.272434
0.272434
0.292978
0.292978
0.306192
0.306192
0.231180
0.231180
0.200390
0.200390
0.405902
0.405902
0.223460
0.223460
0.257180
0.257180
0.358795
0.358795
0.507420
0.507420
0.309355
0.309355
0.203528
0.203528
0.258417
0.258417
0.340152
0.340152
0.231327
0.231327
0.121932
0.121932
0.243136
0.243136
0.205557
0.205557
0.206583
0.206583
0.106824
0.106824
0.276161
0.276161
0.184323
0.184323
0.293381
0.293381
0.258764
0.258764
0.131073
0.131073
0.193380
0.193380
0.190346
0.190346
0.306638
0.306638
0.215829
0.215829
0.213995
0.213995
0.240362
0.240362
0.245370
0.245370
0.187567
0.187567
0.286083
0.286083
0.159646
0.159646
0.194355
0.194355
0.355591
0.355591
0.506137
0.506137
0.224506
0.224506
0.199208
0.199208
0.351737
0.351737
0.229012
0.229012
0.217747
0.217747
0.171240
0.171240
0.264302
0.264302
0.348870
0.348870
0.415203
0.415203
0.344544
0.344544
0.216696
0.216696
0.308721
0.308721
0.170149
0.170149
0.238793
0.238793
0.212636
0.212636
0.232068
0.232068
0.275293
0.275293
0.326668
0.326668
0.153997
0.153997
0.187833
0.187833
0.246010
0.246010
0.305639
0.305639
0.301003
0.301003
0.161751
0.161751
0.426901
0.426901
0.138098
0.138098
0.198212
0.198212
0.146472
0.146472
0.166043
0.166043
0.220477
0.220477
0.329344
0.329344
0.139754
0.139754
0.116077
0.116077
0.234736
0.234736
0.221857
0.221857
0.230673
0.230673
0.338221
0.338221
0.304909
0.304909
0.244371
0.244371
0.361711
0.361711
0.178897
0.178897
0.069659
0.069659
0.198462
0.198462
0.279213
0.279213
0.306864
0.306864
0.231418
0.231418
0.166599
0.166599
0.159763
0.159763
0.081294
0.081294
0.309266
0.309266
0.237288
0.237288
0.198140
0.198140
0.379252
0.379252
0.330826
0.330826
0.196306
0.196306
0.444400
0.444400
0.197353
0.197353
0.174451
0.174451
0.257621
0.257621
0.230674
0.230674
0.294668
0.294668
0.267845
0.267845
0.194724
0.194724
0.150081
0.150081
0.187457
0.187457
0.428724
0.428724
0.327152
0.327152
0.307910
0.307910
0.207223
0.207223
0.091101
0.091101
0.182924
0.182924
0.284896
0.284896
0.109417
0.109417
0.245701
0.245701
0.225873
0.225873
0.106706
0.106706
0.422759
0.422759
0.182514
0.182514
0.169740
0.169740
0.250796
0.250796
0.183458
0.183458
0.094952
0.094952
0.072664
0.072664
0.195390
0.195390
0.215986
0.215986
0.201990
0.201990
0.202493
0.202493
0.379885
0.379885
0.127366
0.127366
0.360110
0.360110
0.218318
0.218318
0.164292
0.164292
0.160193
0.160193
0.112585
0.112585
0.363348
0.363348
0.197045
0.197045
0.202257
0.202257
0.214591
0.214591
0.246900
0.246900
0.179785
0.179785
0.708652
0.708652
0.140926
0.140926
0.200757
0.200757
0.300855
0.300855
0.270853
0.270853
0.155433
0.155433
0.591992
0.591992
0.264588
0.264588
0.178586
0.178586
0.267649
0.267649
0.258664
0.258664
0.383510
0.383510
0.410489
0.410489
0.236018
0.236018
0.300625
0.300625
0.191789
0.191789
0.220493
0.220493
0.135887
0.135887
0.197718
0.197718
0.393858
0.393858
0.193586
0.193586
0.131011
0.131011
0.595235
0.595235
0.513103
0.513103
0.216573
0.216573
0.282220
0.282220
0.213975
0.213975
0.425639
0.425639
0.249414
0.249414
0.228522
0.228522
0.361953
0.361953
0.227888
0.227888
0.385797
0.385797
0.204599
0.204599
0.337350
0.337350
0.641147
0.641147
0.294598
0.294598
0.366082
0.366082
0.184512
0.184512
0.170336
0.170336
0.372093
0.372093
0.172428
0.172428
0.184349
0.184349
0.300081
0.300081
0.169014
0.169014
0.340326
0.340326
0.321952
0.321952
0.115239
0.115239
0.141947
0.141947
0.119328
0.119328
0.207795
0.207795
0.350076
0.350076
0.267118
0.267118
0.084722
0.084722
0.124870
0.124870
0.299017
0.299017
0.247118
0.247118
0.382495
0.382495
0.353820
0.353820
0.282757
0.282757
0.244508
0.244508
0.169985
0.169985
0.278725
0.278725
0.147865
0.147865
0.327257
0.327257
0.128725
0.128725
0.235529
0.235529
0.133831
0.133831
0.137593
0.137593
0.137480
0.137480
0.346204
0.346204
0.387730
0.387730
0.254929
0.254929
0.278726
0.278726
0.292331
0.292331
0.213148
0.213148
0.154439
0.154439
0.227139
0.227139
0.320449
0.320449
0.300114
0.300114
0.298191
0.298191
0.238703
0.238703
0.202496
0.202496
0.175181
0.175181
0.249235
0.249235
0.154754
0.154754
0.333828
0.333828
0.432580
0.432580
0.219403
0.219403
0.199959
0.199959
0.429612
0.429612
0.397177
0.397177
0.295585
0.295585
0.284323
0.284323
0.178223
0.178223
0.173208
0.173208
0.272254
0.272254
0.186219
0.186219
0.162493
0.162493
0.267962
0.267962
0.254427
0.254427
0.192299
0.192299
0.267152
0.267152
0.133573
0.133573
0.179607
0.179607
0.225415
0.225415
0.214392
0.214392
0.319631
0.319631
0.316667
0.316667
0.412079
0.412079
0.411568
0.411568
0.146313
0.146313
0.055638
0.055638
0.121354
0.121354
0.321573
0.321573
0.144242
0.144242
0.311088
0.311088
0.132064
0.132064
0.129160
0.129160
0.256386
0.256386
0.173295
0.173295
0.130211
0.130211
0.239129
0.239129
0.381494
0.381494
0.339615
0.339615
0.237260
0.237260
0.250387
0.250387
0.520731
0.520731
0.296666
0.296666
0.185198
0.185198
0.467395
0.467395
0.237343
0.237343
0.316565
0.316565
0.277216
0.277216
0.621328
0.621328
0.375255
0.375255
0.317370
0.317370
0.304652
0.304652
0.368649
0.368649
0.145532
0.145532
0.342490
0.342490
0.244601
0.244601
0.245830
0.245830
0.396368
0.396368
0.123595
0.123595
0.221992
0.221992
0.187867
0.187867
0.358536
0.358536
0.109514
0.109514
0.184757
0.184757
0.200939
0.200939
0.314820
0.314820
0.156150
0.156150
0.255707
0.255707
0.311460
0.311460
0.109390
0.109390
0.244009
0.244009
0.452376
0.452376
0.521371
0.521371
0.380060
0.380060
0.106299
0.106299
0.146359
0.146359
0.464659
0.464659
0.310702
0.310702
0.276075
0.276075
0.181473
0.181473
0.411686
0.411686
0.159845
0.159845
0.300298
0.300298
0.520762
0.520762
0.169190
0.169190
0.242096
0.242096
0.190532
0.190532
0.139028
0.139028
0.221255
0.221255
0.163293
0.163293
0.154189
0.154189
0.342248
0.342248
0.209796
0.209796
0.295959
0.295959
0.099410
0.099410
0.313788
0.313788
0.224607
0.224607
0.307359
0.307359
0.153474
0.153474
0.343219
0.343219
0.254506
0.254506
0.269486
0.269486
0.361413
0.361413
0.103024
0.103024
0.192258
0.192258
0.146701
0.146701
0.118603
0.118603
0.312017
0.312017
0.312704
0.312704
0.415492
0.415492
0.234808
0.234808
0.153117
0.153117
0.313029
0.313029
0.238299
0.238299
0.298688
0.298688
0.354193
0.354193
0.410612
0.410612
0.505564
0.505564
0.265892
0.265892
0.266384
0.266384
0.215723
0.215723
0.267177
0.267177
0.244684
0.244684
0.319381
0.319381
0.246838
0.246838
0.298937
0.298937
0.271670
0.271670
0.135666
0.135666
0.288634
0.288634
0.258562
0.258562
0.445838
0.445838
0.329098
0.329098
0.066809
0.066809
0.445106
0.445106
0.326711
0.326711
0.223159
0.223159
0.133777
0.133777
0.100120
0.100120
0.326125
0.326125
0.238819
0.238819
0.219165
0.219165
0.426039
0.426039
0.237629
0.237629
0.403045
0.403045
0.094409
0.094409
0.388029
0.388029
0.194942
0.194942
0.296920
0.296920
0.145603
0.145603
0.259400
0.259400
0.127568
0.127568
0.334631
0.334631
0.443156
0.443156
0.251289
0.251289
0.307488
0.307488
0.116080
0.116080
0.084810
0.084810
0.178569
0.178569
0.293842
0.293842
0.146052
0.146052
0.237647
0.237647
0.144904
0.144904
0.068993
0.068993
0.218278
0.218278
0.215426
0.215426
0.385480
0.385480
0.262615
0.262615
0.244281
0.244281
0.239731
0.239731
0.159863
0.159863
0.215615
0.215615
0.172079
0.172079
0.221318
0.221318
0.173433
0.173433
0.206387
0.206387
0.427298
0.427298
0.206657
0.206657
0.224669
0.224669
0.185860
0.185860
0.168008
0.168008
0.325560
0.325560
0.124945
0.124945
0.247412
0.247412
0.231450
0.231450
0.331393
0.331393
0.515670
0.515670
0.135954
0.135954
0.284464
0.284464
0.108193
0.108193
0.267481
0.267481
0.304020
0.304020
0.249723
0.249723
0.127054
0.127054
0.341137
0.341137
0.271717
0.271717
0.178336
0.178336
0.124819
0.124819
0.174064
0.174064
0.196015
0.196015
0.469853
0.469853
0.333279
0.333279
0.093032
0.093032
0.269543
0.269543
0.278533
0.278533
0.262144
0.262144
0.532274
0.532274
0.465280
0.465280
0.121720
0.121720
0.444696
0.444696
0.236434
0.236434
0.263948
0.263948
0.324288
0.324288
0.342267
0.342267
0.117789
0.117789
0.186022
0.186022
0.300406
0.300406
0.133149
0.133149
0.423405
0.423405
0.234003
0.234003
0.169094
0.169094
0.190131
0.190131
0.139908
0.139908
0.188222
0.188222
0.266010
0.266010
0.118819
0.118819
0.315127
0.315127
0.202579
0.202579
0.315073
0.315073
0.238844
0.238844
0.421085
0.421085
0.099058
0.099058
0.369173
0.369173
0.269954
0.269954
0.228589
0.228589
0.112851
0.112851
0.372790
0.372790
0.381082
0.381082
0.183154
0.183154
0.324712
0.324712
0.229779
0.229779
0.340299
0.340299
0.475080
0.475080
0.197849
0.197849
0.343851
0.343851
0.230873
0.230873
0.287528
0.287528
0.138736
0.138736
0.229972
0.229972
0.196990
0.196990
0.232155
0.232155
0.362677
0.362677
0.152199
0.152199
0.235198
0.235198
0.246172
0.246172
0.296287
0.296287
0.144288
0.144288
0.088762
0.088762
0.182329
0.182329
0.160125
0.160125
0.272627
0.272627
0.386237
0.386237
0.359306
0.359306
0.243405
0.243405
0.204324
0.204324
0.161043
0.161043
0.178869
0.178869
0.235876
0.235876
0.201700
0.201700
0.293368
0.293368
0.189393
0.189393
0.139735
0.139735
0.251960
0.251960
0.525898
0.525898
0.087820
0.087820
0.133975
0.133975
0.349368
0.349368
0.359488
0.359488
0.267838
0.267838
0.160835
0.160835
0.202063
0.202063
0.206142
0.206142
0.248676
0.248676
0.125888
0.125888
0.145451
0.145451
0.407855
0.407855
0.192820
0.192820
0.430216
0.430216
0.201467
0.201467
0.312867
0.312867
0.370243
0.370243
0.091620
0.091620
0.186376
0.186376
0.406404
0.406404
0.135339
0.135339
0.273093
0.273093
0.155985
0.155985
0.128207
0.128207
0.245695
0.245695
0.380479
0.380479
0.167160
0.167160
0.326446
0.326446
0.252700
0.252700
0.239482
0.239482
0.066354
0.066354
0.104336
0.104336
0.373959
0.373959
0.279757
0.279757
0.130494
0.130494
0.194882
0.194882
0.263402
0.263402
0.288764
0.288764
0.354823
0.354823
0.137162
0.137162
0.345949
0.345949
0.099886
0.099886
0.081630
0.081630
0.353301
0.353301
0.228579
0.228579
0.213701
0.213701
0.394478
0.394478
0.327197
0.327197
0.327049
0.327049
0.176118
0.176118
0.238970
0.238970
0.200321
0.200321
0.254744
0.254744
0.225665
0.225665
0.228046
0.228046
0.250481
0.250481
0.257507
0.257507
0.170074
0.170074
0.271977
0.271977
0.137151
0.137151
0.050724
0.050724
0.227685
0.227685
0.326686
0.326686
0.329754
0.329754
0.307114
0.307114
0.130615
0.130615
0.113910
0.113910
0.209694
0.209694
0.243094
0.243094
0.208064
0.208064
0.297409
0.297409
0.246787
0.246787
0.198129
0.198129
0.094236
0.094236
0.313615
0.313615
0.105756
0.105756
0.288317
0.288317
0.211417
0.211417
0.235769
0.235769
0.307673
0.307673
0.313115
0.313115
0.281371
0.281371
0.299439
0.299439
0.250469
0.250469
0.255115
0.255115
0.245036
0.245036
0.175440
0.175440
0.279529
0.279529
0.242770
0.242770
0.095887
0.095887
0.291641
0.291641
0.223488
0.223488
0.219301
0.219301
0.293809
0.293809
0.223335
0.223335
0.288719
0.288719
0.298994
0.298994
0.321696
0.321696
0.263833
0.263833
0.267319
0.267319
0.199167
0.199167
0.369059
0.369059
0.230285
0.230285
0.154424
0.154424
0.206666
0.206666
0.234645
0.234645
0.383026
0.383026
0.256146
0.256146
0.537329
0.537329
0.169297
0.169297
0.320269
0.320269
0.191363
0.191363
0.393082
0.393082
0.225174
0.225174
0.430017
0.430017
0.175535
0.175535
0.218719
0.218719
0.143191
0.143191
0.398146
0.398146
0.118875
0.118875
0.308234
0.308234
0.303792
0.303792
0.668750
0.668750
0.292660
0.292660
0.195699
0.195699
0.212846
0.212846
0.371638
0.371638
0.212590
0.212590
0.226667
0.226667
0.110763
0.110763
0.292130
0.292130
0.169504
0.169504
0.312753
0.312753
0.247335
0.247335
0.204438
0.204438
0.218604
0.218604
0.153464
0.153464
0.308885
0.308885
0.254677
0.254677
0.209647
0.209647
0.269608
0.269608
0.379742
0.379742
0.240618
0.240618
0.359943
0.359943
0.312044
0.312044
0.174487
0.174487
0.476811
0.476811
0.092624
0.092624
0.212892
0.212892
0.337815
0.337815
0.133373
0.133373
0.400336
0.400336
0.173406
0.173406
0.184459
0.184459
0.135342
0.135342
0.248622
0.248622
0.224029
0.224029
0.423651
0.423651
0.130525
0.130525
0.229377
0.229377
0.241172
0.241172
0.536479
0.536479
0.458538
0.458538
0.217547
0.217547
0.312590
0.312590
0.288175
0.288175
0.282215
0.282215
0.076329
0.076329
0.329716
0.329716
0.208348
0.208348
0.130719
0.130719
0.156932
0.156932
0.149050
0.149050
0.226011
0.226011
0.293217
0.293217
0.288271
0.288271
0.359913
0.359913
0.180387
0.180387
0.252417
0.252417
0.198490
0.198490
0.205172
0.205172
0.125811
0.125811
0.123346
0.123346
0.326700
0.326700
0.189253
0.189253
0.309942
0.309942
0.256867
0.256867
0.170341
0.170341
0.191269
0.191269
0.233405
0.233405
0.174022
0.174022
0.341992
0.341992
0.252582
0.252582
0.146082
0.146082
0.241489
0.241489
0.196061
0.196061
0.373522
0.373522
0.167611
0.167611
0.102028
0.102028
0.208942
0.208942
0.203842
0.203842
0.248013
0.248013
0.267695
0.267695
0.095688
0.095688
0.479331
0.479331
0.184494
0.184494
0.172046
0.172046
0.137466
0.137466
0.158297
0.158297
0.290648
0.290648
0.168723
0.168723
0.244710
0.244710
0.126573
0.126573
0.285874
0.285874
0.288080
0.288080
0.198123
0.198123
0.127375
0.127375
0.086386
0.086386
0.386634
0.386634
0.289882
0.289882
0.157734
0.157734
0.196399
0.196399
0.263239
0.263239
0.156363
0.156363
0.171676
0.171676
0.565866
0.565866
0.295156
0.295156
0.151410
0.151410
0.246038
0.246038
0.089637
0.089637
0.135249
0.135249
0.153618
0.153618
0.234740
0.234740
0.149464
0.149464
0.096966
0.096966
0.124208
0.124208
0.191755
0.191755
0.225947
0.225947
0.215917
0.215917
0.428929
0.428929
0.321517
0.321517
0.330566
0.330566
0.097987
0.097987
0.240470
0.240470
0.246330
0.246330
0.089222
0.089222
0.350066
0.350066
0.176514
0.176514
0.162249
0.162249
0.270696
0.270696
0.205236
0.205236
0.209130
0.209130
0.239844
0.239844
0.211663
0.211663
0.093731
0.093731
0.124611
0.124611
0.132562
0.132562
0.111661
0.111661
0.198036
0.198036
0.122965
0.122965
0.204614
0.204614
0.172680
0.172680
0.137120
0.137120
0.223743
0.223743
0.146336
0.146336
0.098578
0.098578
0.363892
0.363892
0.337239
0.337239
0.179405
0.179405
0.188228
0.188228
0.246865
0.246865
0.167743
0.167743
0.362998
0.362998
0.252982
0.252982
0.285469
0.285469
0.171000
0.171000
0.207892
0.207892
0.232614
0.232614
0.152593
0.152593
0.280260
0.280260
0.211593
0.211593
0.301880
0.301880
0.192027
0.192027
0.229067
0.229067
0.110835
0.110835
0.247993
0.247993
0.347206
0.347206
0.093294
0.093294
0.195615
0.195615
0.298679
0.298679
0.146968
0.146968
0.264182
0.264182
0.212217
0.212217
0.344337
0.344337
0.228562
0.228562
0.196839
0.196839
0.247162
0.247162
0.269744
0.269744
0.175104
0.175104
0.143550
0.143550
0.294524
0.294524
0.135252
0.135252
0.247555
0.247555
0.234200
0.234200
0.352054
0.352054
0.250125
0.250125
0.183037
0.183037
0.160301
0.160301
0.287793
0.287793
0.341533
0.341533
0.120466
0.120466
0.256773
0.256773
0.101437
0.101437
0.153034
0.153034
0.174986
0.174986
0.244263
0.244263
0.216093
0.216093
0.127188
0.127188
0.258865
0.258865
0.297274
0.297274
0.130294
0.130294
0.075855
0.075855
0.184712
0.184712
0.250231
0.250231
0.344595
0.344595
0.259871
0.259871
0.131465
0.131465
0.193461
0.193461
0.221513
0.221513
0.182184
0.182184
0.329886
0.329886
0.228928
0.228928
0.219957
0.219957
0.267676
0.267676
0.333542
0.333542
0.149564
0.149564
0.356775
0.356775
0.217198
0.217198
0.410638
0.410638
0.227879
0.227879
0.290803
0.290803
0.225590
0.225590
0.182557
0.182557
0.274552
0.274552
0.369160
0.369160
0.439116
0.439116
0.281466
0.281466
0.182595
0.182595
0.167636
0.167636
0.089600
0.089600
0.132866
0.132866
0.432146
0.432146
0.239337
0.239337
0.243714
0.243714
0.199496
0.199496
0.166537
0.166537
0.131633
0.131633
0.082651
0.082651
0.381227
0.381227
0.323688
0.323688
0.418428
0.418428
0.312444
0.312444
0.157223
0.157223
0.116141
0.116141
0.346133
0.346133
0.247143
0.247143
0.178669
0.178669
0.200537
0.200537
0.286814
0.286814
0.108012
0.108012
0.101136
0.101136
0.223766
0.223766
0.354964
0.354964
0.178616
0.178616
0.158047
0.158047
0.118958
0.118958
0.237907
0.237907
0.173258
0.173258
0.159828
0.159828
0.121399
0.121399
0.268004
0.268004
0.188195
0.188195
0.222967
0.222967
0.270369
0.270369
0.110792
0.110792
0.153953
0.153953
0.223386
0.223386
0.300631
0.300631
0.276152
0.276152
0.208979
0.208979
0.289131
0.289131
0.249296
0.249296
0.426286
0.426286
0.340389
0.340389
0.274784
0.274784
0.264513
0.264513
0.121987
0.121987
0.140302
0.140302
0.102320
0.102320
0.281857
0.281857
0.131904
0.131904
0.109490
0.109490
0.231778
0.231778
0.062775
0.062775
0.231833
0.231833
0.075359
0.075359
0.134707
0.134707
0.122418
0.122418
0.193048
0.193048
0.123766
0.123766
0.285696
0.285696
0.137971
0.137971
0.378846
0.378846
0.204811
0.204811
0.398469
0.398469
0.131470
0.131470
0.096916
0.096916
0.128495
0.128495
0.257325
0.257325
0.218186
0.218186
0.093349
0.093349
0.219570
0.219570
0.295956
0.295956
0.195381
0.195381
0.166109
0.166109
0.338672
0.338672
0.153181
0.153181
0.087514
0.087514
0.102756
0.102756
0.139541
0.139541
0.182679
0.182679
0.194398
0.194398
0.151979
0.151979
0.169129
0.169129
0.147562
0.147562
0.088159
0.088159
0.147934
0.147934
0.246746
0.246746
0.202555
0.202555
0.235433
0.235433
0.151385
0.151385
0.205519
0.205519
0.222115
0.222115
0.081415
0.081415
0.092825
0.092825
0.221852
0.221852
0.075019
0.075019
0.218747
0.218747
0.135114
0.135114
0.230984
0.230984
0.262968
0.262968
0.174818
0.174818
0.118641
0.118641
0.341329
0.341329
0.185327
0.185327
0.059070
0.059070
0.090531
0.090531
0.133917
0.133917
0.256014
0.256014
0.131035
0.131035
0.377148
0.377148
0.339458
0.339458
0.205611
0.205611
0.130121
0.130121
0.299542
0.299542
0.175816
0.175816
0.120385
0.120385
0.242560
0.242560
0.208693
0.208693
0.332965
0.332965
0.379084
0.379084
0.205805
0.205805
0.318415
0.318415
0.189066
0.189066
0.141116
0.141116
0.149039
0.149039
0.103481
0.103481
0.305968
0.305968
0.130597
0.130597
0.220481
0.220481
0.377836
0.377836
0.346173
0.346173
0.332908
0.332908
0.144808
0.144808
0.186091
0.186091
0.201933
0.201933
0.160985
0.160985
0.249505
0.249505
0.184950
0.184950
0.054164
0.054164
0.239209
0.239209
0.140784
0.140784
0.126463
0.126463
0.108947
0.108947
0.468692
0.468692
0.156693
0.156693
0.174821
0.174821
0.239125
0.239125
0.635553
0.635553
0.308084
0.308084
0.344866
0.344866
0.159209
0.159209
0.181956
0.181956
0.162932
0.162932
0.225708
0.225708
0.222717
0.222717
0.267273
0.267273
0.210428
0.210428
0.319596
0.319596
0.328122
0.328122
0.370084
0.370084
0.148806
0.148806
0.252327
0.252327
0.160170
0.160170
0.159382
0.159382
0.416314
0.416314
0.262312
0.262312
0.253322
0.253322
0.138172
0.138172
0.190429
0.190429
0.219197
0.219197
0.170290
0.170290
0.205917
0.205917
0.072383
0.072383
0.168187
0.168187
0.236818
0.236818
0.408753
0.408753
0.235489
0.235489
0.132155
0.132155
0.240309
0.240309
0.178100
0.178100
0.163088
0.163088
0.305106
0.305106
0.084563
0.084563
0.147941
0.147941
0.126847
0.126847
0.208224
0.208224
0.210372
0.210372
0.160780
0.160780
0.316371
0.316371
0.136103
0.136103
0.255338
0.255338
0.199702
0.199702
0.187156
0.187156
0.362041
0.362041
0.208558
0.208558
0.370608
0.370608
0.185896
0.185896
0.127342
0.127342
0.217994
0.217994
0.152104
0.152104
0.222914
0.222914
0.168979
0.168979
0.128657
0.128657
0.209875
0.209875
0.136972
0.136972
0.585642
0.585642
0.376450
0.376450
0.135508
0.135508
0.149368
0.149368
0.196957
0.196957
0.154095
0.154095
0.230694
0.230694
0.292833
0.292833
0.219303
0.219303
0.181188
0.181188
0.257264
0.257264
0.204090
0.204090
0.167544
0.167544
0.188830
0.188830
0.157505
0.157505
0.211695
0.211695
0.234700
0.234700
0.253179
0.253179
0.149328
0.149328
0.172962
0.172962
0.168537
0.168537
0.287713
0.287713
0.135792
0.135792
0.267472
0.267472
0.316616
0.316616
0.305761
0.305761
0.228887
0.228887
0.291554
0.291554
0.337366
0.337366
0.172396
0.172396
0.108370
0.108370
0.251742
0.251742
0.141707
0.141707
0.119094
0.119094
0.164492
0.164492
0.561781
0.561781
0.103368
0.103368
0.242566
0.242566
0.150405
0.150405
0.470318
0.470318
0.117302
0.117302
0.140435
0.140435
0.087425
0.087425
0.502975
0.502975
0.144552
0.144552
0.181682
0.181682
0.433221
0.433221
0.214311
0.214311
0.257607
0.257607
0.150553
0.150553
0.162945
0.162945
0.113211
0.113211
0.317150
0.317150
0.159220
0.159220
0.403378
0.403378
0.282089
0.282089
0.199591
0.199591
0.133719
0.133719
0.205039
0.205039
0.189208
0.189208
0.193234
0.193234
0.289411
0.289411
0.287104
0.287104
0.181605
0.181605
0.165762
0.165762
0.238486
0.238486
0.106900
0.106900
0.118866
0.118866
0.172640
0.172640
0.126557
0.126557
0.078745
0.078745
0.118239
0.118239
0.130945
0.130945
0.115296
0.115296
0.238994
0.238994
0.157238
0.157238
0.229107
0.229107
0.184580
0.184580
0.222823
0.222823
0.219255
0.219255
0.293185
0.293185
0.151917
0.151917
0.152741
0.152741
0.117254
0.117254
0.126740
0.126740
0.117853
0.117853
0.265644
0.265644
0.141397
0.141397
0.180682
0.180682
0.238909
0.238909
0.301032
0.301032
0.270734
0.270734
0.167769
0.167769
0.212308
0.212308
0.226801
0.226801
0.354647
0.354647
0.105825
0.105825
0.266415
0.266415
0.106398
0.106398
0.101355
0.101355
0.232398
0.232398
0.158540
0.158540
0.274689
0.274689
0.140842
0.140842
0.344656
0.344656
0.160243
0.160243
0.299814
0.299814
0.119557
0.119557
0.177671
0.177671
0.210896
0.210896
0.174165
0.174165
0.384091
0.384091
0.244405
0.244405
0.137146
0.137146
0.156685
0.156685
0.183136
0.183136
0.199105
0.199105
0.091574
0.091574
0.171630
0.171630
0.128930
0.128930
0.223246
0.223246
0.167813
0.167813
0.123039
0.123039
0.050286
0.050286
0.072287
0.072287
0.037236
0.037236
0.209250
0.209250
0.138662
0.138662
0.110546
0.110546
0.052240
0.052240
0.345685
0.345685
0.331482
0.331482
0.048984
0.048984
0.281862
0.281862
0.060982
0.060982
0.139370
0.139370
0.107917
0.107917
0.201587
0.201587
0.160538
0.160538
0.150834
0.150834
0.203360
0.203360
0.297051
0.297051
0.115604
0.115604
0.196219
0.196219
0.105036
0.105036
0.242548
0.242548
0.162381
0.162381
0.083800
0.083800
0.167642
0.167642
0.262163
0.262163
0.272710
0.272710
0.173247
0.173247
0.102415
0.102415
0.265288
0.265288
0.265198
0.265198
0.190277
0.190277
0.216013
0.216013
0.091202
0.091202
0.102729
0.102729
0.301018
0.301018
0.292518
0.292518
0.108014
0.108014
0.367245
0.367245
0.114886
0.114886
0.169678
0.169678
0.325368
0.325368
0.200955
0.200955
0.155418
0.155418
0.168691
0.168691
0.136357
0.136357
0.122153
0.122153
0.241800
0.241800
0.104233
0.104233
0.149762
0.149762
0.206015
0.206015
0.187604
0.187604
0.202783
0.202783
0.325748
0.325748
0.423467
0.423467
0.110570
0.110570
0.085527
0.085527
0.199641
0.199641
0.261865
0.261865
0.743651
0.743651
0.560969
0.560969
0.203089
0.203089
0.469359
0.469359
0.151216
0.151216
0.203089
0.203089
0.364575
0.364575
0.095277
0.095277
0.226785
0.226785
0.145079
0.145079
0.266154
0.266154
0.119103
0.119103
0.232262
0.232262
0.047219
0.047219
0.124180
0.124180
0.236781
0.236781
0.087067
0.087067
0.180877
0.180877
0.163814
0.163814
0.525187
0.525187
0.202485
0.202485
0.364498
0.364498
0.443793
0.443793
0.087837
0.087837
0.110576
0.110576
0.194997
0.194997
0.114872
0.114872
0.354801
0.354801
0.181518
0.181518
0.320645
0.320645
0.102248
0.102248
0.144325
0.144325
0.354014
0.354014
0.287738
0.287738
0.068017
0.068017
0.376098
0.376098
0.214530
0.214530
0.190705
0.190705
0.122594
0.122594
0.187176
0.187176
0.097663
0.097663
0.189897
0.189897
0.246162
0.246162
0.331044
0.331044
0.203846
0.203846
0.110975
0.110975
0.349600
0.349600
0.285521
0.285521
0.155002
0.155002
0.168247
0.168247
0.120237
0.120237
0.078863
0.078863
0.150450
0.150450
0.144032
0.144032
0.233325
0.233325
0.193649
0.193649
0.197802
0.197802
0.303396
0.303396
0.180962
0.180962
0.114320
0.114320
0.108732
0.108732
0.328473
0.328473
0.106462
0.106462
0.149058
0.149058
0.074237
0.074237
0.251115
0.251115
0.159125
0.159125
0.070249
0.070249
0.176367
0.176367
0.187331
0.187331
0.209546
0.209546
0.170933
0.170933
0.289786
0.289786
0.293459
0.293459
0.101049
0.101049
0.204440
0.204440
0.287487
0.287487
0.101649
0.101649
0.338873
0.338873
0.247428
0.247428
0.107345
0.107345
0.197577
0.197577
0.242431
0.242431
0.124346
0.124346
0.177811
0.177811
0.152934
0.152934
0.222499
0.222499
0.310771
0.310771
0.163533
0.163533
0.125041
0.125041
0.103231
0.103231
0.115089
0.115089
0.101960
0.101960
0.077417
0.077417
0.195041
0.195041
0.249546
0.249546
0.290901
0.290901
0.100935
0.100935
0.251822
0.251822
0.091354
0.091354
0.062086
0.062086
0.139554
0.139554
0.215398
0.215398
0.122858
0.122858
0.316741
0.316741
0.178082
0.178082
0.145827
0.145827
0.149450
0.149450
0.250479
0.250479
0.114833
0.114833
0.119495
0.119495
0.193877
0.193877
0.224967
0.224967
0.213545
0.213545
0.253237
0.253237
0.084313
0.084313
0.048491
0.048491
0.134518
0.134518
0.128032
0.128032
0.220083
0.220083
0.233231
0.233231
0.181355
0.181355
0.206585
0.206585
0.301439
0.301439
0.117962
0.117962
0.255824
0.255824
0.166172
0.166172
0.194133
0.194133
0.231390
0.231390
0.092524
0.092524
0.232075
0.232075
0.301678
0.301678
0.265277
0.265277
0.055148
0.055148
0.388496
0.388496
0.288568
0.288568
0.168356
0.168356
0.161980
0.161980
0.107714
0.107714
0.223564
0.223564
0.175823
0.175823
0.113748
0.113748
0.162485
0.162485
0.087927
0.087927
0.270714
0.270714
0.186272
0.186272
0.356323
0.356323
0.269054
0.269054
0.141662
0.141662
0.235661
0.235661
0.111615
0.111615
0.198038
0.198038
0.288120
0.288120
0.232435
0.232435
0.146204
0.146204
0.102171
0.102171
0.152541
0.152541
0.235122
0.235122
0.281876
0.281876
0.384810
0.384810
0.217409
0.217409
0.263149
0.263149
0.132543
0.132543
0.179427
0.179427
0.130271
0.130271
0.251442
0.251442
0.147963
0.147963
0.140814
0.140814
0.303223
0.303223
0.190046
0.190046
0.203567
0.203567
0.122275
0.122275
0.266977
0.266977
0.124577
0.124577
0.254552
0.254552
0.222476
0.222476
0.234459
0.234459
0.292341
0.292341
0.431539
0.431539
0.182638
0.182638
0.236291
0.236291
0.101892
0.101892
0.152736
0.152736
0.227206
0.227206
0.148280
0.148280
0.405108
0.405108
0.301997
0.301997
0.325858
0.325858
0.105718
0.105718
0.193803
0.193803
0.125531
0.125531
0.229686
0.229686
0.188728
0.188728
0.198942
0.198942
0.230822
0.230822
0.402690
0.402690
0.243783
0.243783
0.253526
0.253526
0.280481
0.280481
0.342285
0.342285
0.120213
0.120213
0.091887
0.091887
0.238006
0.238006
0.195635
0.195635
0.361556
0.361556
0.254873
0.254873
0.119963
0.119963
0.122893
0.122893
0.106620
0.106620
0.129550
0.129550
0.233525
0.233525
0.115393
0.115393
0.159244
0.159244
0.203251
0.203251
0.353924
0.353924
0.399971
0.399971
0.189324
0.189324
0.143631
0.143631
0.177013
0.177013
0.417840
0.417840
0.261642
0.261642
0.170142
0.170142
0.368660
0.368660
0.244093
0.244093
0.320465
0.320465
0.095965
0.095965
0.131869
0.131869
0.224251
0.224251
0.102815
0.102815
0.092642
0.092642
0.272992
0.272992
0.090861
0.090861
0.204481
0.204481
0.318348
0.318348
0.491233
0.491233
0.183200
0.183200
0.136205
0.136205
0.151914
0.151914
0.101027
0.101027
0.185186
0.185186
0.109477
0.109477
0.270894
0.270894
0.136302
0.136302
0.128747
0.128747
0.174534
0.174534
0.139096
0.139096
0.168454
0.168454
0.097978
0.097978
0.195966
0.195966
0.150917
0.150917
0.240023
0.240023
0.230268
0.230268
0.081625
0.081625
0.248904
0.248904
0.101588
0.101588
0.237356
0.237356
0.265191
0.265191
0.066879
0.066879
0.412643
0.412643
0.405551
0.405551
0.132576
0.132576
0.157267
0.157267
0.299298
0.299298
0.072139
0.072139
0.420404
0.420404
0.191510
0.191510
0.224732
0.224732
0.273344
0.273344
0.170324
0.170324
0.257088
0.257088
0.272695
0.272695
0.134739
0.134739
0.136423
0.136423
0.120390
0.120390
0.189543
0.189543
0.343293
0.343293
0.100079
0.100079
0.151010
0.151010
0.157390
0.157390
0.244597
0.244597
0.289802
0.289802
0.133696
0.133696
0.205676
0.205676
0.337463
0.337463
0.275235
0.275235
0.170084
0.170084
0.231911
0.231911
0.248160
0.248160
0.119313
0.119313
0.162725
0.162725
0.174480
0.174480
0.136571
0.136571
0.106684
0.106684
0.075569
0.075569
0.053082
0.053082
0.147808
0.147808
0.072093
0.072093
0.203664
0.203664
0.168776
0.168776
0.142385
0.142385
0.172306
0.172306
0.105072
0.105072
0.135007
0.135007
0.168487
0.168487
0.199334
0.199334
0.235194
0.235194
0.163619
0.163619
0.126250
0.126250
0.079543
0.079543
0.198593
0.198593
0.187911
0.187911
0.221344
0.221344
0.063735
0.063735
0.212033
0.212033
0.275088
0.275088
0.089904
0.089904
0.195563
0.195563
0.096648
0.096648
0.117938
0.117938
0.123687
0.123687
0.165552
0.165552
0.101885
0.101885
0.195966
0.195966
0.255732
0.255732
0.226605
0.226605
0.091715
0.091715
0.379082
0.379082
0.181347
0.181347
0.270715
0.270715
0.100109
0.100109
0.144093
0.144093
0.175893
0.175893
0.470134
0.470134
0.119509
0.119509
0.540652
0.540652
0.378389
0.378389
0.261901
0.261901
0.233847
0.233847
0.289664
0.289664
0.247721
0.247721
0.097818
0.097818
0.158684
0.158684
0.165316
0.165316
0.222092
0.222092
0.063913
0.063913
0.262130
0.262130
0.159929
0.159929
0.178019
0.178019
0.193541
0.193541
0.137080
0.137080
0.199120
0.199120
0.102836
0.102836
0.106687
0.106687
0.240293
0.240293
0.072024
0.072024
0.247075
0.247075
0.236527
0.236527
0.196961
0.196961
0.277667
0.277667
0.282052
0.282052
0.097591
0.097591
0.092852
0.092852
0.195027
0.195027
0.123280
0.123280
0.194683
0.194683
0.241282
0.241282
0.130335
0.130335
0.198062
0.198062
0.116598
0.116598
0.375385
0.375385
0.135742
0.135742
0.069470
0.069470
0.204339
0.204339
0.365124
0.365124
0.182764
0.182764
0.132594
0.132594
0.204306
0.204306
0.288358
0.288358
0.152839
0.152839
0.184719
0.184719
0.209463
0.209463
0.377856
0.377856
0.306789
0.306789
0.053065
0.053065
0.268556
0.268556
0.202567
0.202567
0.132871
0.132871
0.159165
0.159165
0.144963
0.144963
0.274005
0.274005
0.243706
0.243706
0.133851
0.133851
0.109052
0.109052
0.290887
0.290887
0.241264
0.241264
0.187076
0.187076
0.107976
0.107976
0.167366
0.167366
0.159249
0.159249
0.115646
0.115646
0.130618
0.130618
0.192155
0.192155
0.378221
0.378221
0.124353
0.124353
0.234849
0.234849
0.166269
0.166269
0.312998
0.312998
0.116365
0.116365
0.199995
0.199995
0.169516
0.169516
0.189116
0.189116
0.243986
0.243986
0.185648
0.185648
0.140123
0.140123
0.260397
0.260397
0.070876
0.070876
0.109467
0.109467
0.204519
0.204519
0.197629
0.197629
0.193580
0.193580
0.130721
0.130721
0.335015
0.335015
0.118374
0.118374
0.175242
0.175242
0.121509
0.121509
0.323840
0.323840
0.367946
0.367946
0.110368
0.110368
0.193101
0.193101
0.340651
0.340651
0.147372
0.147372
0.325042
0.325042
0.219494
0.219494
0.251499
0.251499
0.191827
0.191827
0.143311
0.143311
0.177124
0.177124
0.475802
0.475802
0.214852
0.214852
0.276938
0.276938
0.157273
0.157273
0.253291
0.253291
0.459080
0.459080
0.218651
0.218651
0.167467
0.167467
0.208823
0.208823
0.221068
0.221068
0.098619
0.098619
0.146165
0.146165
0.122213
0.122213
0.056630
0.056630
0.201002
0.201002
0.229652
0.229652
0.049602
0.049602
0.114262
0.114262
0.163757
0.163757
0.379113
0.379113
0.167001
0.167001
0.239177
0.239177
0.132814
0.132814
0.130681
0.130681
0.132795
0.132795
0.158261
0.158261
0.195747
0.195747
0.125456
0.125456
0.214441
0.214441
0.230744
0.230744
0.111656
0.111656
0.110590
0.110590
0.238818
0.238818
0.269235
0.269235
0.148259
0.148259
0.136485
0.136485
0.167666
0.167666
0.252510
0.252510
0.304548
0.304548
0.301673
0.301673
0.256396
0.256396
0.154335
0.154335
0.227328
0.227328
0.125879
0.125879
0.133902
0.133902
0.177459
0.177459
0.219370
0.219370
0.129253
0.129253
0.229164
0.229164
0.159101
0.159101
0.109135
0.109135
0.309104
0.309104
0.089219
0.089219
0.235462
0.235462
0.121991
0.121991
0.190630
0.190630
0.129292
0.129292
0.120875
0.120875
0.286762
0.286762
0.258398
0.258398
0.139162
0.139162
0.154005
0.154005
0.157077
0.157077
0.173473
0.173473
0.274326
0.274326
0.110158
0.110158
0.081210
0.081210
0.142691
0.142691
0.186633
0.186633
0.107391
0.107391
0.115574
0.115574
0.257163
0.257163
0.130354
0.130354
0.355764
0.355764
0.229689
0.229689
0.324642
0.324642
0.532900
0.532900
0.196708
0.196708
0.149322
0.149322
0.204200
0.204200
0.363628
0.363628
0.133947
0.133947
0.141641
0.141641
0.138407
0.138407
0.131442
0.131442
0.145242
0.145242
0.130125
0.130125
0.179895
0.179895
0.177301
0.177301
0.160520
0.160520
0.261841
0.261841
0.196567
0.196567
0.228188
0.228188
0.099482
0.099482
0.077194
0.077194
0.090632
0.090632
0.233747
0.233747
0.246159
0.246159
0.207868
0.207868
0.145084
0.145084
0.093812
0.093812
0.220692
0.220692
0.147815
0.147815
0.179930
0.179930
0.258636
0.258636
0.050833
0.050833
0.153619
0.153619
0.247758
0.247758
0.091544
0.091544
0.174927
0.174927
0.244778
0.244778
0.397471
0.397471
0.179149
0.179149
0.160015
0.160015
0.156819
0.156819
0.356291
0.356291
0.110722
0.110722
0.126711
0.126711
0.046174
0.046174
0.287743
0.287743
0.268820
0.268820
0.229690
0.229690
0.073502
0.073502
0.350585
0.350585
0.154840
0.154840
0.429929
0.429929
0.137807
0.137807
0.287979
0.287979
0.117025
0.117025
0.192855
0.192855
0.085458
0.085458
0.092672
0.092672
0.173733
0.173733
0.059179
0.059179
0.183024
0.183024
0.122081
0.122081
0.351466
0.351466
0.125285
0.125285
0.161005
0.161005
0.189417
0.189417
0.199349
0.199349
0.361861
0.361861
0.169302
0.169302
0.357541
0.357541
0.173142
0.173142
0.138447
0.138447
0.247620
0.247620
0.112938
0.112938
0.152225
0.152225
0.268059
0.268059
0.184640
0.184640
0.365196
0.365196
0.262574
0.262574
0.152476
0.152476
0.067062
0.067062
0.250200
0.250200
0.293316
0.293316
0.137998
0.137998
0.173118
0.173118
0.335400
0.335400
0.365611
0.365611
0.064921
0.064921
0.270330
0.270330
0.262632
0.262632
0.051335
0.051335
0.107996
0.107996
0.199520
0.199520
0.063578
0.063578
0.060753
0.060753
0.071990
0.071990
0.068028
0.068028
0.178714
0.178714
0.153021
0.153021
0.235899
0.235899
0.094645
0.094645
0.254798
0.254798
0.101160
0.101160
0.420415
0.420415
0.299798
0.299798
0.196349
0.196349
0.373461
0.373461
0.197939
0.197939
0.421931
0.421931
0.184475
0.184475
0.244665
0.244665
0.264020
0.264020
0.121726
0.121726
0.095492
0.095492
0.158382
0.158382
0.212389
0.212389
0.127449
0.127449
0.090427
0.090427
0.172079
0.172079
0.311303
0.311303
0.197368
0.197368
0.207184
0.207184
0.284785
0.284785
0.246169
0.246169
0.312708
0.312708
0.205933
0.205933
0.109674
0.109674
0.196350
0.196350
0.145584
0.145584
0.121466
0.121466
0.111373
0.111373
0.065578
0.065578
0.272268
0.272268
0.467824
0.467824
0.139750
0.139750
0.107920
0.107920
0.050667
0.050667
0.240405
0.240405
0.073524
0.073524
0.210547
0.210547
0.182394
0.182394
0.253000
0.253000
0.123061
0.123061
0.229951
0.229951
0.214816
0.214816
0.323233
0.323233
0.088413
0.088413
0.136980
0.136980
0.126494
0.126494
0.196045
0.196045
0.347188
0.347188
0.215718
0.215718
0.091572
0.091572
0.314542
0.314542
0.240420
0.240420
0.170813
0.170813
0.252033
0.252033
0.203532
0.203532
0.223923
0.223923
0.116979
0.116979
0.105638
0.105638
0.123800
0.123800
0.094951
0.094951
0.136032
0.136032
0.143814
0.143814
0.133642
0.133642
0.196134
0.196134
0.132312
0.132312
0.106031
0.106031
0.180125
0.180125
0.166899
0.166899
0.082591
0.082591
0.144976
0.144976
0.370118
0.370118
0.103437
0.103437
0.174695
0.174695
0.095535
0.095535
0.058389
0.058389
0.097966
0.097966
0.162766
0.162766
0.185745
0.185745
0.182321
0.182321
0.245549
0.245549
0.197711
0.197711
0.178082
0.178082
0.099552
0.099552
0.165523
0.165523
0.337091
0.337091
0.095377
0.095377
0.159262
0.159262
0.126656
0.126656
0.298500
0.298500
0.118857
0.118857
0.192810
0.192810
0.165489
0.165489
0.144335
0.144335
0.125945
0.125945
0.235755
0.235755
0.289818
0.289818
0.110515
0.110515
0.162471
0.162471
0.116488
0.116488
0.145048
0.145048
0.306037
0.306037
0.202433
0.202433
0.066976
0.066976
0.147458
0.147458
0.249084
0.249084
0.114305
0.114305
0.121058
0.121058
0.302583
0.302583
0.156430
0.156430
0.120883
0.120883
0.188127
0.188127
0.050237
0.050237
0.370918
0.370918
0.170995
0.170995
0.157203
0.157203
0.140195
0.140195
0.293284
0.293284
0.271961
0.271961
0.268978
0.268978
0.079042
0.079042
0.235943
0.235943
0.320825
0.320825
0.073532
0.073532
0.462200
0.462200
0.357336
0.357336
0.245280
0.245280
0.063099
0.063099
0.141281
0.141281
0.146662
0.146662
0.272718
0.272718
0.255101
0.255101
0.117008
0.117008
0.225425
0.225425
0.304745
0.304745
0.117178
0.117178
0.331436
0.331436
0.156973
0.156973
0.302028
0.302028
0.120835
0.120835
0.226775
0.226775
0.038677
0.038677
0.269176
0.269176
0.080577
0.080577
0.227619
0.227619
0.360407
0.360407
0.044129
0.044129
0.098298
0.098298
0.222688
0.222688
0.211566
0.211566
0.156648
0.156648
0.265963
0.265963
0.183840
0.183840
0.108423
0.108423
0.129845
0.129845
0.198713
0.198713
0.210689
0.210689
0.203266
0.203266
0.362160
0.362160
0.126737
0.126737
0.135745
0.135745
0.062248
0.062248
0.142130
0.142130
0.147829
0.147829
0.069127
0.069127
0.137460
0.137460
0.138746
0.138746
0.160401
0.160401
0.268474
0.268474
0.223320
0.223320
0.270468
0.270468
0.291258
0.291258
0.132064
0.132064
0.149615
0.149615
0.076461
0.076461
0.361889
0.361889
0.078286
0.078286
0.117968
0.117968
0.159543
0.159543
0.156300
0.156300
0.172946
0.172946
0.067926
0.067926
0.081216
0.081216
0.208391
0.208391
0.336311
0.336311
0.095102
0.095102
0.059812
0.059812
0.290715
0.290715
0.378685
0.378685
0.179748
0.179748
0.193404
0.193404
0.280344
0.280344
0.246537
0.246537
0.051615
0.051615
0.154860
0.154860
0.159604
0.159604
0.081154
0.081154
0.230975
0.230975
0.239203
0.239203
0.340739
0.340739
0.188309
0.188309
0.309065
0.309065
0.147308
0.147308
0.095129
0.095129
0.167211
0.167211
0.135990
0.135990
0.245171
0.245171
0.224604
0.224604
0.085765
0.085765
0.218000
0.218000
0.229413
0.229413
0.143170
0.143170
0.174683
0.174683
0.207745
0.207745
0.209726
0.209726
0.118074
0.118074
0.204778
0.204778
0.303410
0.303410
0.175371
0.175371
0.084066
0.084066
0.095023
0.095023
0.187497
0.187497
0.102510
0.102510
0.145350
0.145350
0.102844
0.102844
0.138148
0.138148
0.161511
0.161511
0.156103
0.156103
0.143017
0.143017
0.275840
0.275840
0.181809
0.181809
0.242699
0.242699
0.370596
0.370596
0.157005
0.157005
0.204520
0.204520
0.241563
0.241563
0.129498
0.129498
0.229282
0.229282
0.090467
0.090467
0.297350
0.297350
0.213082
0.213082
0.403799
0.403799
0.169007
0.169007
0.296898
0.296898
0.306910
0.306910
0.189288
0.189288
0.258264
0.258264
0.138405
0.138405
0.233843
0.233843
0.088416
0.088416
0.234634
0.234634
0.089674
0.089674
0.158936
0.158936
0.076533
0.076533
0.196054
0.196054
0.184965
0.184965
0.078932
0.078932
0.173027
0.173027
0.177014
0.177014
0.113953
0.113953
0.142499
0.142499
0.309628
0.309628
0.161755
0.161755
0.171014
0.171014
0.327500
0.327500
0.223533
0.223533
0.225477
0.225477
0.237160
0.237160
0.174803
0.174803
0.288703
0.288703
0.337229
0.337229
0.172550
0.172550
0.368228
0.368228
0.206143
0.206143
0.337444
0.337444
0.129436
0.129436
0.089390
0.089390
0.096440
0.096440
0.115184
0.115184
0.121755
0.121755
0.317818
0.317818
0.115621
0.115621
0.261015
0.261015
0.121441
0.121441
0.183776
0.183776
0.289940
0.289940
0.151370
0.151370
0.156907
0.156907
0.178453
0.178453
0.197437
0.197437
0.223036
0.223036
0.552458
0.552458
0.252901
0.252901
0.152424
0.152424
0.126753
0.126753
0.131795
0.131795
0.259887
0.259887
0.113975
0.113975
0.128986
0.128986
0.145983
0.145983
0.237707
0.237707
0.130582
0.130582
0.209873
0.209873
0.190873
0.190873
0.155445
0.155445
0.108382
0.108382
0.178019
0.178019
0.032170
0.032170
0.436145
0.436145
0.141672
0.141672
0.376690
0.376690
0.357635
0.357635
0.074715
0.074715
0.267270
0.267270
0.094384
0.094384
0.179376
0.179376
0.381050
0.381050
0.174924
0.174924
0.336863
0.336863
0.159166
0.159166
0.206080
0.206080
0.166091
0.166091
0.105460
0.105460
0.184586
0.184586
0.115171
0.115171
0.131870
0.131870
0.269607
0.269607
0.137910
0.137910
0.096936
0.096936
0.139169
0.139169
0.094335
0.094335
0.124558
0.124558
0.151772
0.151772
0.112980
0.112980
0.176539
0.176539
0.266324
0.266324
0.168805
0.168805
0.125951
0.125951
0.152903
0.152903
0.092984
0.092984
0.251624
0.251624
0.130441
0.130441
0.077527
0.077527
0.054294
0.054294
0.152541
0.152541
0.274499
0.274499
0.244880
0.244880
0.110524
0.110524
0.186018
0.186018
0.160675
0.160675
0.138005
0.138005
0.282449
0.282449
0.358727
0.358727
0.069426
0.069426
0.284506
0.284506
0.065933
0.065933
0.136189
0.136189
0.317865
0.317865
0.199459
0.199459
0.049273
0.049273
0.169477
0.169477
0.440967
0.440967
0.170148
0.170148
0.139824
0.139824
0.223676
0.223676
0.077856
0.077856
0.087305
0.087305
0.112250
0.112250
0.088280
0.088280
0.098527
0.098527
0.203786
0.203786
0.176604
0.176604
0.122111
0.122111
0.173241
0.173241
0.119073
0.119073
0.238263
0.238263
0.196648
0.196648
0.153871
0.153871
0.085126
0.085126
0.258842
0.258842
0.356898
0.356898
0.148572
0.148572
0.202662
0.202662
0.089310
0.089310
0.193266
0.193266
0.230704
0.230704
0.102994
0.102994
0.095873
0.095873
0.196712
0.196712
0.217261
0.217261
0.309495
0.309495
0.073997
0.073997
0.137542
0.137542
0.109335
0.109335
0.192452
0.192452
0.243893
0.243893
0.117101
0.117101
0.264347
0.264347
0.209954
0.209954
0.273112
0.273112
0.270454
0.270454
0.184328
0.184328
0.130117
0.130117
0.272287
0.272287
0.255255
0.255255
0.210507
0.210507
0.092678
0.092678
0.228170
0.228170
0.130364
0.130364
0.335859
0.335859
0.156497
0.156497
0.350042
0.350042
0.148375
0.148375
0.132707
0.132707
0.300558
0.300558
0.102566
0.102566
0.213474
0.213474
0.132695
0.132695
0.247721
0.247721
0.269578
0.269578
0.118749
0.118749
0.140770
0.140770
0.142975
0.142975
0.202118
0.202118
0.294849
0.294849
0.340859
0.340859
0.148035
0.148035
0.216495
0.216495
0.135276
0.135276
0.270955
0.270955
0.098897
0.098897
0.150446
0.150446
0.149804
0.149804
0.075347
0.075347
0.253970
0.253970
0.179716
0.179716
0.122015
0.122015
0.177025
0.177025
0.191638
0.191638
0.052703
0.052703
0.159620
0.159620
0.115328
0.115328
0.226071
0.226071
0.102905
0.102905
0.095108
0.095108
0.159963
0.159963
0.159890
0.159890
0.183923
0.183923
0.109414
0.109414
0.079533
0.079533
0.184131
0.184131
0.047866
0.047866
0.215174
0.215174
0.324063
0.324063
0.183764
0.183764
0.181085
0.181085
0.308827
0.308827
0.169673
0.169673
0.205259
0.205259
0.099468
0.099468
0.130208
0.130208
0.274906
0.274906
0.225689
0.225689
0.141263
0.141263
0.255139
0.255139
0.209247
0.209247
0.221150
0.221150
0.294304
0.294304
0.220713
0.220713
0.215823
0.215823
0.300886
0.300886
0.248638
0.248638
0.089150
0.089150
0.164461
0.164461
0.282391
0.282391
0.253281
0.253281
0.256937
0.256937
0.135023
0.135023
0.255911
0.255911
0.531941
0.531941
0.161722
0.161722
0.277231
0.277231
0.172867
0.172867
0.233737
0.233737
0.155649
0.155649
0.280033
0.280033
0.314621
0.314621
0.274191
0.274191
0.181352
0.181352
0.117546
0.117546
0.148445
0.148445
0.138841
0.138841
0.124740
0.124740
0.362318
0.362318
0.058696
0.058696
0.203815
0.203815
0.188897
0.188897
0.079709
0.079709
0.256176
0.256176
0.175840
0.175840
0.239021
0.239021
0.055862
0.055862
0.126807
0.126807
0.181231
0.181231
0.086790
0.086790
0.259185
0.259185
0.110749
0.110749
0.196656
0.196656
0.076452
0.076452
0.203086
0.203086
0.073334
0.073334
0.283281
0.283281
0.245061
0.245061
0.230897
0.230897
0.215679
0.215679
0.127836
0.127836
0.244778
0.244778
0.112492
0.112492
0.174864
0.174864
0.203383
0.203383
0.433364
0.433364
0.232294
0.232294
0.147564
0.147564
0.236950
0.236950
0.092074
0.092074
0.176839
0.176839
0.170551
0.170551
0.091437
0.091437
0.145194
0.145194
0.112126
0.112126
0.136724
0.136724
0.186700
0.186700
0.198678
0.198678
0.203465
0.203465
0.092042
0.092042
0.078162
0.078162
0.074549
0.074549
0.110345
0.110345
0.136472
0.136472
0.189088
0.189088
0.192703
0.192703
0.203876
0.203876
0.065084
0.065084
0.253785
0.253785
0.148405
0.148405
0.215312
0.215312
0.148678
0.148678
0.168309
0.168309
0.300144
0.300144
0.137939
0.137939
0.240947
0.240947
0.200016
0.200016
0.089721
0.089721
0.083078
0.083078
0.215571
0.215571
0.240384
0.240384
0.176606
0.176606
0.255602
0.255602
0.247324
0.247324
0.177742
0.177742
0.107052
0.107052
0.321638
0.321638
0.128952
0.128952
0.202930
0.202930
0.052906
0.052906
0.257414
0.257414
0.164469
0.164469
0.075002
0.075002
0.136360
0.136360
0.086632
0.086632
0.063024
0.063024
0.140646
0.140646
0.106460
0.106460
0.141636
0.141636
0.093650
0.093650
0.165893
0.165893
0.121425
0.121425
0.084677
0.084677
0.253621
0.253621
0.308597
0.308597
0.297811
0.297811
0.289639
0.289639
0.111594
0.111594
0.132291
0.132291
0.202918
0.202918
0.201421
0.201421
0.245475
0.245475
0.354797
0.354797
0.084453
0.084453
0.082353
0.082353
0.103147
0.103147
0.213127
0.213127
0.122832
0.122832
0.146930
0.146930
0.181162
0.181162
0.340894
0.340894
0.174690
0.174690
0.169426
0.169426
0.291980
0.291980
0.076679
0.076679
0.183464
0.183464
0.084946
0.084946
0.179311
0.179311
0.573793
0.573793
0.277859
0.277859
0.118999
0.118999
0.222985
0.222985
0.084451
0.084451
0.113211
0.113211
0.176480
0.176480
0.224124
0.224124
0.212646
0.212646
0.321686
0.321686
0.138812
0.138812
0.331830
0.331830
0.182696
0.182696
0.179858
0.179858
0.128897
0.128897
0.097274
0.097274
0.201209
0.201209
0.315267
0.315267
0.339330
0.339330
0.117328
0.117328
0.087184
0.087184
0.250243
0.250243
0.138814
0.138814
0.131113
0.131113
0.136838
0.136838
0.103491
0.103491
0.151168
0.151168
0.069518
0.069518
0.193723
0.193723
0.124038
0.124038
0.194236
0.194236
0.322002
0.322002
0.155342
0.155342
0.063686
0.063686
0.157981
0.157981
0.136341
0.136341
0.117864
0.117864
0.135628
0.135628
0.246919
0.246919
0.117149
0.117149
0.200678
0.200678
0.072146
0.072146
0.404413
0.404413
0.054029
0.054029
0.307979
0.307979
0.242250
0.242250
0.173377
0.173377
0.183149
0.183149
0.251363
0.251363
0.221207
0.221207
0.274087
0.274087
0.265944
0.265944
0.246276
0.246276
0.175745
0.175745
0.338233
0.338233
0.242798
0.242798
0.063609
0.063609
0.245125
0.245125
0.213594
0.213594
0.181304
0.181304
0.129746
0.129746
0.116410
0.116410
0.332657
0.332657
0.222449
0.222449
0.101026
0.101026
0.152482
0.152482
0.163441
0.163441
0.137328
0.137328
0.128533
0.128533
0.169365
0.169365
0.231920
0.231920
0.163017
0.163017
0.127789
0.127789
0.442656
0.442656
0.238574
0.238574
0.283354
0.283354
0.139352
0.139352
0.141274
0.141274
0.087124
0.087124
0.165091
0.165091
0.145675
0.145675
0.215006
0.215006
0.242582
0.242582
0.270577
0.270577
0.262295
0.262295
0.176012
0.176012
0.196361
0.196361
0.146347
0.146347
0.190192
0.190192
0.180373
0.180373
0.072050
0.072050
0.178431
0.178431
0.064173
0.064173
0.308099
0.308099
0.127141
0.127141
0.163508
0.163508
0.050361
0.050361
0.074763
0.074763
0.153131
0.153131
0.034449
0.034449
0.049468
0.049468
0.189968
0.189968
0.212573
0.212573
0.109296
0.109296
0.310520
0.310520
0.132376
0.132376
0.141412
0.141412
0.155868
0.155868
0.177188
0.177188
0.074831
0.074831
0.207677
0.207677
0.440555
0.440555
0.424771
0.424771
0.182956
0.182956
0.310374
0.310374
0.187510
0.187510
0.205485
0.205485
0.115888
0.115888
0.093245
0.093245
0.114344
0.114344
0.166038
0.166038
0.140006
0.140006
0.189863
0.189863
0.209783
0.209783
0.274865
0.274865
0.128355
0.128355
0.189556
0.189556
0.079536
0.079536
0.291259
0.291259
0.185376
0.185376
0.382071
0.382071
0.189221
0.189221
0.105962
0.105962
0.121219
0.121219
0.148365
0.148365
0.259161
0.259161
0.215927
0.215927
0.167639
0.167639
0.384618
0.384618
0.212745
0.212745
0.189620
0.189620
0.192445
0.192445
0.065365
0.065365
0.151068
0.151068
0.211989
0.211989
0.217359
0.217359
0.222860
0.222860
0.200135
0.200135
0.112795
0.112795
0.118754
0.118754
0.153782
0.153782
0.144110
0.144110
0.140259
0.140259
0.153978
0.153978
0.190176
0.190176
0.085450
0.085450
0.141387
0.141387
0.078042
0.078042
0.174121
0.174121
0.190547
0.190547
0.077935
0.077935
0.175449
0.175449
0.151146
0.151146
0.132060
0.132060
0.065911
0.065911
0.245218
0.245218
0.085816
0.085816
0.097084
0.097084
0.122008
0.122008
0.153441
0.153441
0.044926
0.044926
0.125202
0.125202
0.073676
0.073676
0.098160
0.098160
0.107491
0.107491
0.229947
0.229947
0.129884
0.129884
0.203810
0.203810
0.238943
0.238943
0.105780
0.105780
0.263741
0.263741
0.121011
0.121011
0.318706
0.318706
0.188680
0.188680
0.206447
0.206447
0.285878
0.285878
0.056797
0.056797
0.361626
0.361626
0.105093
0.105093
0.213187
0.213187
0.204992
0.204992
0.174128
0.174128
0.066998
0.066998
0.105506
0.105506
0.135027
0.135027
0.133142
0.133142
0.276451
0.276451
0.224379
0.224379
0.114076
0.114076
0.085474
0.085474
0.169236
0.169236
0.189685
0.189685
0.296884
0.296884
0.312377
0.312377
0.084631
0.084631
0.304967
0.304967
0.106610
0.106610
0.346218
0.346218
0.114130
0.114130
0.191902
0.191902
0.115436
0.115436
0.094215
0.094215
0.083770
0.083770
0.264739
0.264739
0.096935
0.096935
0.070328
0.070328
0.208536
0.208536
0.127246
0.127246
0.178958
0.178958
0.128877
0.128877
0.049710
0.049710
0.102579
0.102579
0.165173
0.165173
0.163676
0.163676
0.122158
0.122158
0.158183
0.158183
0.162036
0.162036
0.191728
0.191728
0.164350
0.164350
0.282488
0.282488
0.100495
0.100495
0.336653
0.336653
0.075148
0.075148
0.247743
0.247743
0.098754
0.098754
0.257196
0.257196
0.339038
0.339038
0.197895
0.197895
0.222149
0.222149
0.179486
0.179486
0.202041
0.202041
0.219152
0.219152
0.219539
0.219539
0.112630
0.112630
0.161494
0.161494
0.166860
0.166860
0.319673
0.319673
0.195373
0.195373
0.336258
0.336258
0.165680
0.165680
0.328781
0.328781
0.251118
0.251118
0.057366
0.057366
0.078408
0.078408
0.246864
0.246864
0.197353
0.197353
0.257898
0.257898
0.090976
0.090976
0.154364
0.154364
0.096016
0.096016
0.199840
0.199840
0.139897
0.139897
0.138671
0.138671
0.174719
0.174719
0.120437
0.120437
0.216650
0.216650
0.109118
0.109118
0.057986
0.057986
0.299492
0.299492
0.096277
0.096277
0.119819
0.119819
0.187185
0.187185
0.099033
0.099033
0.226662
0.226662
0.369823
0.369823
0.226659
0.226659
0.206445
0.206445
0.123236
0.123236
0.315881
0.315881
0.272474
0.272474
0.208633
0.208633
0.089494
0.089494
0.341199
0.341199
0.121919
0.121919
0.048930
0.048930
0.126334
0.126334
0.216182
0.216182
0.114923
0.114923
0.105953
0.105953
0.197562
0.197562
0.288196
0.288196
0.439062
0.439062
0.147098
0.147098
0.274820
0.274820
0.088156
0.088156
0.224500
0.224500
0.182164
0.182164
0.125391
0.125391
0.295467
0.295467
0.072639
0.072639
0.188169
0.188169
0.067031
0.067031
0.201337
0.201337
0.579278
0.579278
0.221798
0.221798
0.115526
0.115526
0.156101
0.156101
0.087401
0.087401
0.036481
0.036481
0.168873
0.168873
0.131103
0.131103
0.105089
0.105089
0.167595
0.167595
0.186163
0.186163
0.187016
0.187016
0.211608
0.211608
0.204093
0.204093
0.129130
0.129130
0.291256
0.291256
0.210008
0.210008
0.116249
0.116249
0.257468
0.257468
0.257558
0.257558
0.201488
0.201488
0.146620
0.146620
0.117653
0.117653
0.219673
0.219673
0.165358
0.165358
0.080308
0.080308
0.144528
0.144528
0.186727
0.186727
0.073174
0.073174
0.108272
0.108272
0.083605
0.083605
0.206090
0.206090
0.043444
0.043444
0.122972
0.122972
0.115105
0.115105
0.126274
0.126274
0.334901
0.334901
0.137706
0.137706
0.169667
0.169667
0.176761
0.176761
0.225686
0.225686
0.154435
0.154435
0.161509
0.161509
0.169672
0.169672
0.130359
0.130359
0.093354
0.093354
0.153492
0.153492
0.096464
0.096464
0.082446
0.082446
0.115070
0.115070
0.251195
0.251195
0.288471
0.288471
0.361237
0.361237
0.133038
0.133038
0.143322
0.143322
0.171178
0.171178
0.148521
0.148521
0.114159
0.114159
0.075554
0.075554
0.217098
0.217098
0.072855
0.072855
0.138610
0.138610
0.273756
0.273756
0.232507
0.232507
0.214344
0.214344
0.352484
0.352484
0.305521
0.305521
0.076482
0.076482
0.216109
0.216109
0.161442
0.161442
0.127458
0.127458
0.159565
0.159565
0.173011
0.173011
0.254963
0.254963
0.245556
0.245556
0.184523
0.184523
0.057258
0.057258
0.098765
0.098765
0.150932
0.150932
0.181836
0.181836
0.120537
0.120537
0.177179
0.177179
0.173254
0.173254
0.114235
0.114235
0.212779
0.212779
0.188609
0.188609
0.249162
0.249162
0.139743
0.139743
0.479124
0.479124
0.256161
0.256161
0.123529
0.123529
0.057148
0.057148
0.183961
0.183961
0.094712
0.094712
0.322120
0.322120
0.106444
0.106444
0.216662
0.216662
0.438485
0.438485
0.098729
0.098729
0.096195
0.096195
0.066483
0.066483
0.315813
0.315813
0.120009
0.120009
0.276332
0.276332
0.136844
0.136844
0.121558
0.121558
0.191976
0.191976
0.442008
0.442008
0.089201
0.089201
0.077527
0.077527
0.170371
0.170371
0.160465
0.160465
0.159640
0.159640
0.096973
0.096973
0.530693
0.530693
0.104206
0.104206
0.106335
0.106335
0.091817
0.091817
0.181296
0.181296
0.138188
0.138188
0.188040
0.188040
0.104991
0.104991
0.081572
0.081572
0.162150
0.162150
0.095324
0.095324
0.159068
0.159068
0.216624
0.216624
0.085957
0.085957
0.335470
0.335470
0.365791
0.365791
0.237244
0.237244
0.141454
0.141454
0.166870
0.166870
0.060881
0.060881
0.099854
0.099854
0.234431
0.234431
0.100356
0.100356
0.077767
0.077767
0.087279
0.087279
0.286606
0.286606
0.088875
0.088875
0.212758
0.212758
0.147394
0.147394
0.096417
0.096417
0.241149
0.241149
0.193074
0.193074
0.289888
0.289888
0.143640
0.143640
0.069201
0.069201
0.371689
0.371689
0.209985
0.209985
0.172039
0.172039
0.255865
0.255865
0.151001
0.151001
0.165260
0.165260
0.137344
0.137344
0.161671
0.161671
0.198068
0.198068
0.071745
0.071745
0.140345
0.140345
0.290820
0.290820
0.165850
0.165850
0.321924
0.321924
0.094237
0.094237
0.143555
0.143555
0.291088
0.291088
0.355819
0.355819
0.154607
0.154607
0.118552
0.118552
0.208400
0.208400
0.228776
0.228776
0.167024
0.167024
0.127251
0.127251
0.192750
0.192750
0.110164
0.110164
0.195064
0.195064
0.120761
0.120761
0.271008
0.271008
0.209496
0.209496
0.188062
0.188062
0.095585
0.095585
0.091892
0.091892
0.165671
0.165671
0.165099
0.165099
0.040908
0.040908
0.097330
0.097330
0.189134
0.189134
0.106447
0.106447
0.266343
0.266343
0.200814
0.200814
0.283963
0.283963
0.161215
0.161215
0.178435
0.178435
0.302139
0.302139
0.200728
0.200728
0.199267
0.199267
0.162985
0.162985
0.179820
0.179820
0.227416
0.227416
0.161124
0.161124
0.171301
0.171301
0.076053
0.076053
0.102786
0.102786
0.100813
0.100813
0.115449
0.115449
0.076532
0.076532
0.266271
0.266271
0.129249
0.129249
0.115833
0.115833
0.212436
0.212436
0.186480
0.186480
0.178286
0.178286
0.173406
0.173406
0.168159
0.168159
0.149659
0.149659
0.086813
0.086813
0.113663
0.113663
0.208173
0.208173
0.295133
0.295133
0.248423
0.248423
0.103067
0.103067
0.109274
0.109274
0.069906
0.069906
0.086920
0.086920
0.072821
0.072821
0.183943
0.183943
0.248378
0.248378
0.110427
0.110427
0.225405
0.225405
0.189798
0.189798
0.276748
0.276748
0.180159
0.180159
0.301284
0.301284
0.097453
0.097453
0.221014
0.221014
0.185407
0.185407
0.210214
0.210214
0.120562
0.120562
0.100513
0.100513
0.132612
0.132612
0.191632
0.191632
0.431435
0.431435
0.084280
0.084280
0.190146
0.190146
0.123602
0.123602
0.065510
0.065510
0.218473
0.218473
0.119095
0.119095
0.210602
0.210602
0.091208
0.091208
0.110499
0.110499
0.120519
0.120519
0.074988
0.074988
0.042715
0.042715
0.101707
0.101707
0.184557
0.184557
0.247162
0.247162
0.265670
0.265670
0.189609
0.189609
0.174754
0.174754
0.337603
0.337603
0.212072
0.212072
0.176166
0.176166
0.269009
0.269009
0.161091
0.161091
0.174572
0.174572
0.085881
0.085881
0.223022
0.223022
0.180510
0.180510
0.109444
0.109444
0.173262
0.173262
0.310549
0.310549
0.313210
0.313210
0.214506
0.214506
0.139892
0.139892
0.098566
0.098566
0.346997
0.346997
0.212052
0.212052
0.102717
0.102717
0.154821
0.154821
0.136684
0.136684
0.200595
0.200595
0.094613
0.094613
0.221444
0.221444
0.222980
0.222980
0.051801
0.051801
0.176621
0.176621
0.215212
0.215212
0.258005
0.258005
0.244684
0.244684
0.253638
0.253638
0.280040
0.280040
0.157565
0.157565
0.097433
0.097433
0.215743
0.215743
0.186627
0.186627
0.078627
0.078627
0.153546
0.153546
0.198494
0.198494
0.286740
0.286740
0.085257
0.085257
0.104954
0.104954
0.247570
0.247570
0.103144
0.103144
0.181679
0.181679
0.189556
0.189556
0.184872
0.184872
0.294675
0.294675
0.119513
0.119513
0.077257
0.077257
0.133480
0.133480
0.162574
0.162574
0.151505
0.151505
0.123733
0.123733
0.253850
0.253850
0.210398
0.210398
0.274103
0.274103
0.226079
0.226079
0.113372
0.113372
0.098943
0.098943
0.172219
0.172219
0.246549
0.246549
0.097072
0.097072
0.147451
0.147451
0.102965
0.102965
0.140424
0.140424
0.436566
0.436566
0.236707
0.236707
0.137530
0.137530
0.104340
0.104340
0.095379
0.095379
0.174366
0.174366
0.290007
0.290007
0.521728
0.521728
0.252247
0.252247
0.238828
0.238828
0.296588
0.296588
0.057276
0.057276
0.389953
0.389953
0.102786
0.102786
0.169234
0.169234
0.223861
0.223861
0.141501
0.141501
0.100521
0.100521
0.188421
0.188421
0.245480
0.245480
0.083848
0.083848
0.229917
0.229917
0.126604
0.126604
0.131263
0.131263
0.051303
0.051303
0.151603
0.151603
0.078120
0.078120
0.245464
0.245464
0.086330
0.086330
0.197995
0.197995
0.204257
0.204257
0.115963
0.115963
0.077077
0.077077
0.054920
0.054920
0.208032
0.208032
0.250867
0.250867
0.258418
0.258418
0.083956
0.083956
0.139358
0.139358
0.215289
0.215289
0.167579
0.167579
0.196017
0.196017
0.182828
0.182828
0.113557
0.113557
0.135369
0.135369
0.224435
0.224435
0.328901
0.328901
0.344526
0.344526
0.061961
0.061961
0.163054
0.163054
0.164680
0.164680
0.422294
0.422294
0.108809
0.108809
0.174290
0.174290
0.180579
0.180579
0.162951
0.162951
0.138344
0.138344
0.329132
0.329132
0.118559
0.118559
0.153487
0.153487
0.202014
0.202014
0.187151
0.187151
0.092955
0.092955
0.181296
0.181296
0.179404
0.179404
0.189004
0.189004
0.128429
0.128429
0.163558
0.163558
0.143926
0.143926
0.068741
0.068741
0.252400
0.252400
0.277901
0.277901
0.056797
0.056797
0.167341
0.167341
0.133627
0.133627
0.091699
0.091699
0.123746
0.123746
0.158479
0.158479
0.226091
0.226091
0.186970
0.186970
0.319940
0.319940
0.205059
0.205059
0.253414
0.253414
0.150346
0.150346
0.043857
0.043857
0.119435
0.119435
0.095504
0.095504
0.183787
0.183787
0.102459
0.102459
0.248217
0.248217
0.110680
0.110680
0.088281
0.088281
0.122130
0.122130
0.124227
0.124227
0.160006
0.160006
0.239678
0.239678
0.224931
0.224931
0.104501
0.104501
0.162015
0.162015
0.215390
0.215390
0.252897
0.252897
0.157339
0.157339
0.092513
0.092513
0.178334
0.178334
0.146941
0.146941
0.249762
0.249762
0.203580
0.203580
0.393273
0.393273
0.129792
0.129792
0.176331
0.176331
0.137766
0.137766
0.140697
0.140697
0.151462
0.151462
0.094761
0.094761
0.338687
0.338687
0.066269
0.066269
0.101316
0.101316
0.080548
0.080548
0.174729
0.174729
0.393554
0.393554
0.145522
0.145522
0.135212
0.135212
0.177515
0.177515
0.362088
0.362088
0.122858
0.122858
0.120515
0.120515
0.107489
0.107489
0.200915
0.200915
0.120748
0.120748
0.090969
0.090969
0.161053
0.161053
0.120957
0.120957
0.178812
0.178812
0.132912
0.132912
0.136407
0.136407
0.257382
0.257382
0.130699
0.130699
0.127794
0.127794
0.131626
0.131626
0.218095
0.218095
0.173337
0.173337
0.089165
0.089165
0.114086
0.114086
0.265006
0.265006
0.047701
0.047701
0.129095
0.129095
0.038482
0.038482
0.118849
0.118849
0.095057
0.095057
0.206428
0.206428
0.158551
0.158551
0.038331
0.038331
0.161352
0.161352
0.107424
0.107424
0.150133
0.150133
0.081179
0.081179
0.184363
0.184363
0.172141
0.172141
0.376268
0.376268
0.329949
0.329949
0.355593
0.355593
0.146924
0.146924
0.126998
0.126998
0.393434
0.393434
0.180384
0.180384
0.201115
0.201115
0.193984
0.193984
0.184621
0.184621
0.135333
0.135333
0.348906
0.348906
0.372287
0.372287
0.309452
0.309452
0.173453
0.173453
0.138175
0.138175
0.160101
0.160101
0.111695
0.111695
0.173509
0.173509
0.312659
0.312659
0.129843
0.129843
0.097158
0.097158
0.112532
0.112532
0.064288
0.064288
0.174881
0.174881
0.252107
0.252107
0.284259
0.284259
0.184185
0.184185
0.239695
0.239695
0.076438
0.076438
0.135315
0.135315
0.083101
0.083101
0.213978
0.213978
0.083833
0.083833
0.060240
0.060240
0.063823
0.063823
0.404069
0.404069
0.282708
0.282708
0.160700
0.160700
0.305412
0.305412
0.228838
0.228838
0.399839
0.399839
0.134245
0.134245
0.129029
0.129029
0.225034
0.225034
0.018503
0.018503
0.174480
0.174480
0.071706
0.071706
0.105899
0.105899
0.228162
0.228162
0.198062
0.198062
0.152107
0.152107
0.163054
0.163054
0.143448
0.143448
0.067529
0.067529
0.144452
0.144452
0.179139
0.179139
0.087508
0.087508
0.455273
0.455273
0.074788
0.074788
0.041827
0.041827
0.080020
0.080020
0.107796
0.107796
0.191411
0.191411
0.134006
0.134006
0.197528
0.197528
0.146270
0.146270
0.104266
0.104266
0.083610
0.083610
0.285223
0.285223
0.242734
0.242734
0.200818
0.200818
0.114978
0.114978
0.248295
0.248295
0.286106
0.286106
0.079105
0.079105
0.154227
0.154227
0.053281
0.053281
0.189658
0.189658
0.194186
0.194186
0.223175
0.223175
0.278755
0.278755
0.080309
0.080309
0.203586
0.203586
0.088731
0.088731
0.063346
0.063346
0.217011
0.217011
0.216992
0.216992
0.300934
0.300934
0.206895
0.206895
0.215412
0.215412
0.095779
0.095779
0.168110
0.168110
0.332116
0.332116
0.063943
0.063943
0.101812
0.101812
0.126332
0.126332
0.166744
0.166744
0.089484
0.089484
0.143728
0.143728
0.079280
0.079280
0.180632
0.180632
0.189197
0.189197
0.147401
0.147401
0.274484
0.274484
0.209648
0.209648
0.243965
0.243965
0.172387
0.172387
0.255182
0.255182
0.121087
0.121087
0.170506
0.170506
0.171801
0.171801
0.101631
0.101631
0.125237
0.125237
0.190938
0.190938
0.100077
0.100077
0.084467
0.084467
0.136400
0.136400
0.091510
0.091510
0.372249
0.372249
0.080908
0.080908
0.193245
0.193245
0.181943
0.181943
0.122394
0.122394
0.213078
0.213078
0.133569
0.133569
0.184388
0.184388
0.360111
0.360111
0.034135
0.034135
0.298705
0.298705
0.198630
0.198630
0.327373
0.327373
0.083027
0.083027
0.099196
0.099196
0.192997
0.192997
0.078183
0.078183
0.186344
0.186344
0.058170
0.058170
0.613415
0.613415
0.267694
0.267694
0.135241
0.135241
0.264302
0.264302
0.154038
0.154038
0.111681
0.111681
0.272746
0.272746
0.242875
0.242875
0.164710
0.164710
0.164544
0.164544
0.205350
0.205350
0.308410
0.308410
0.497422
0.497422
0.108191
0.108191
0.081961
0.081961
0.330719
0.330719
0.154170
0.154170
0.168107
0.168107
0.065411
0.065411
0.080831
0.080831
0.292825
0.292825
0.125216
0.125216
0.147043
0.147043
0.131092
0.131092
0.185365
0.185365
0.118597
0.118597
0.275396
0.275396
0.136237
0.136237
0.251824
0.251824
0.237697
0.237697
0.182383
0.182383
0.201548
0.201548
0.122003
0.122003
0.177974
0.177974
0.129515
0.129515
0.310251
0.310251
0.108164
0.108164
0.110988
0.110988
0.129672
0.129672
0.057033
0.057033
0.121416
0.121416
0.109289
0.109289
0.193565
0.193565
0.334575
0.334575
0.125268
0.125268
0.126194
0.126194
0.165117
0.165117
0.169168
0.169168
0.124423
0.124423
0.202191
0.202191
0.149841
0.149841
0.302170
0.302170
0.196708
0.196708
0.189386
0.189386
0.095559
0.095559
0.250440
0.250440
0.087566
0.087566
0.076691
0.076691
0.108930
0.108930
0.133887
0.133887
0.286102
0.286102
0.148172
0.148172
0.228689
0.228689
0.180325
0.180325
0.220709
0.220709
0.259354
0.259354
0.132249
0.132249
0.194109
0.194109
0.149778
0.149778
0.162885
0.162885
0.227782
0.227782
0.159786
0.159786
0.186415
0.186415
0.077915
0.077915
0.282438
0.282438
0.199161
0.199161
0.146436
0.146436
0.158450
0.158450
0.117047
0.117047
0.325266
0.325266
0.102657
0.102657
0.087809
0.087809
0.223263
0.223263
0.110983
0.110983
0.140132
0.140132
0.108884
0.108884
0.150963
0.150963
0.298933
0.298933
0.246888
0.246888
0.119667
0.119667
0.063503
0.063503
0.392468
0.392468
0.211016
0.211016
0.196559
0.196559
0.198794
0.198794
0.046125
0.046125
0.063851
0.063851
0.240686
0.240686
0.328293
0.328293
0.137052
0.137052
0.264682
0.264682
0.186664
0.186664
0.250796
0.250796
0.101037
0.101037
0.098895
0.098895
0.291979
0.291979
0.106872
0.106872
0.243570
0.243570
0.075576
0.075576
0.209434
0.209434
0.167935
0.167935
0.165983
0.165983
0.213423
0.213423
0.157878
0.157878
0.113632
0.113632
0.267341
0.267341
0.172207
0.172207
0.193119
0.193119
0.065309
0.065309
0.138409
0.138409
0.135126
0.135126
0.540110
0.540110
0.187493
0.187493
0.090656
0.090656
0.129507
0.129507
0.171645
0.171645
0.151108
0.151108
0.162710
0.162710
0.241476
0.241476
0.090803
0.090803
0.225652
0.225652
0.096542
0.096542
0.102173
0.102173
0.140047
0.140047
0.156915
0.156915
0.459052
0.459052
0.310259
0.310259
0.099106
0.099106
0.155319
0.155319
0.123461
0.123461
0.309827
0.309827
0.204095
0.204095
0.177869
0.177869
0.257117
0.257117
0.161329
0.161329
0.129579
0.129579
0.134081
0.134081
0.133978
0.133978
0.186089
0.186089
0.148497
0.148497
0.110581
0.110581
0.212185
0.212185
0.162037
0.162037
0.146793
0.146793
0.174068
0.174068
0.297158
0.297158
0.059721
0.059721
0.198604
0.198604
0.126165
0.126165
0.187782
0.187782
0.093898
0.093898
0.216393
0.216393
0.252151
0.252151
0.259796
0.259796
0.246355
0.246355
0.344234
0.344234
0.180072
0.180072
0.133416
0.133416
0.122515
0.122515
0.346046
0.346046
0.204975
0.204975
0.322553
0.322553
0.326714
0.326714
0.157387
0.157387
0.183313
0.183313
0.256853
0.256853
0.080889
0.080889
0.118294
0.118294
0.123375
0.123375
0.122281
0.122281
0.233212
0.233212
0.130121
0.130121
0.182655
0.182655
0.055171
0.055171
0.067502
0.067502
0.171357
0.171357
0.072866
0.072866
0.253297
0.253297
0.098701
0.098701
0.110710
0.110710
0.118049
0.118049
0.077134
0.077134
0.108180
0.108180
0.206118
0.206118
0.117068
0.117068
0.111694
0.111694
0.164597
0.164597
0.176318
0.176318
0.190794
0.190794
0.099167
0.099167
0.090618
0.090618
0.304187
0.304187
0.215913
0.215913
0.124400
0.124400
0.245924
0.245924
0.205563
0.205563
0.077932
0.077932
0.146296
0.146296
0.131046
0.131046
0.098894
0.098894
0.046242
0.046242
0.192567
0.192567
0.174193
0.174193
0.274564
0.274564
0.095630
0.095630
0.203960
0.203960
0.040660
0.040660
0.102531
0.102531
0.139476
0.139476
0.117249
0.117249
0.180631
0.180631
0.138388
0.138388
0.138025
0.138025
0.129668
0.129668
0.285962
0.285962
0.171694
0.171694
0.155544
0.155544
0.268866
0.268866
0.110235
0.110235
0.208897
0.208897
0.105721
0.105721
0.165059
0.165059
0.235646
0.235646
0.079035
0.079035
0.206471
0.206471
0.146131
0.146131
0.090404
0.090404
0.246458
0.246458
0.138187
0.138187
0.317049
0.317049
0.187559
0.187559
0.117491
0.117491
0.078494
0.078494
0.075980
0.075980
0.125672
0.125672
0.152625
0.152625
0.109636
0.109636
0.183286
0.183286
0.145033
0.145033
0.395656
0.395656
0.124933
0.124933
0.086544
0.086544
0.177853
0.177853
0.093083
0.093083
0.128857
0.128857
0.115977
0.115977
0.259184
0.259184
0.150079
0.150079
0.126139
0.126139
0.247804
0.247804
0.279890
0.279890
0.161647
0.161647
0.282355
0.282355
0.136761
0.136761
0.164187
0.164187
0.096248
0.096248
0.117418
0.117418
0.216943
0.216943
0.190730
0.190730
0.069663
0.069663
0.248488
0.248488
0.147468
0.147468
0.317967
0.317967
0.115044
0.115044
0.069049
0.069049
0.171910
0.171910
0.128979
0.128979
0.059947
0.059947
0.191985
0.191985
0.107814
0.107814
0.248448
0.248448
0.143417
0.143417
0.220633
0.220633
0.184373
0.184373
0.035205
0.035205
0.091841
0.091841
0.347180
0.347180
0.112161
0.112161
0.033686
0.033686
0.335281
0.335281
0.123519
0.123519
0.168115
0.168115
0.179442
0.179442
0.102783
0.102783
0.187672
0.187672
0.262084
0.262084
0.052626
0.052626
0.162027
0.162027
0.146611
0.146611
0.061247
0.061247
0.231111
0.231111
0.166037
0.166037
0.147670
0.147670
0.202001
0.202001
0.209083
0.209083
0.350500
0.350500
0.273596
0.273596
0.254743
0.254743
0.092192
0.092192
0.358057
0.358057
0.210424
0.210424
0.108339
0.108339
0.132194
0.132194
0.154621
0.154621
0.173482
0.173482
0.153235
0.153235
0.138975
0.138975
0.191058
0.191058
0.081285
0.081285
0.170071
0.170071
0.175701
0.175701
0.161067
0.161067
0.098434
0.098434
0.183406
0.183406
0.152804
0.152804
0.152802
0.152802
0.141223
0.141223
0.160161
0.160161
0.043471
0.043471
0.091119
0.091119
0.118818
0.118818
0.145702
0.145702
0.164957
0.164957
0.117102
0.117102
0.059324
0.059324
0.161691
0.161691
0.204437
0.204437
0.150276
0.150276
0.189404
0.189404
0.173396
0.173396
0.247864
0.247864
0.273238
0.273238
0.089527
0.089527
0.136186
0.136186
0.062952
0.062952
0.077365
0.077365
0.123945
0.123945
0.301991
0.301991
0.079996
0.079996
0.491291
0.491291
0.178999
0.178999
0.167307
0.167307
0.181370
0.181370
0.220229
0.220229
0.067924
0.067924
0.206063
0.206063
0.190763
0.190763
0.029316
0.029316
0.466870
0.466870
0.134115
0.134115
0.157432
0.157432
0.395207
0.395207
0.156256
0.156256
0.144258
0.144258
0.134091
0.134091
0.184067
0.184067
0.090160
0.090160
0.278857
0.278857
0.197944
0.197944
0.371905
0.371905
0.281634
0.281634
0.197449
0.197449
0.082366
0.082366
0.141733
0.141733
0.331665
0.331665
0.081845
0.081845
0.063526
0.063526
0.183774
0.183774
0.168908
0.168908
0.060916
0.060916
0.059332
0.059332
0.190129
0.190129
0.156307
0.156307
0.095392
0.095392
0.091173
0.091173
0.215136
0.215136
0.121661
0.121661
0.150103
0.150103
0.139777
0.139777
0.402730
0.402730
0.256998
0.256998
0.289704
0.289704
0.147733
0.147733
0.287536
0.287536
0.119629
0.119629
0.209509
0.209509
0.107403
0.107403
0.296983
0.296983
0.246065
0.246065
0.186676
0.186676
0.076532
0.076532
0.122637
0.122637
0.187520
0.187520
0.088546
0.088546
0.179364
0.179364
0.145410
0.145410
0.244722
0.244722
0.173647
0.173647
0.167390
0.167390
0.286806
0.286806
0.232902
0.232902
0.287189
0.287189
0.106509
0.106509
0.040392
0.040392
0.116112
0.116112
0.219085
0.219085
0.074586
0.074586
0.302795
0.302795
0.110175
0.110175
0.094736
0.094736
0.228099
0.228099
0.127702
0.127702
0.185581
0.185581
0.176035
0.176035
0.169175
0.169175
0.201816
0.201816
0.085320
0.085320
0.143733
0.143733
0.234012
0.234012
0.254697
0.254697
0.250908
0.250908
0.254342
0.254342
0.109855
0.109855
0.292634
0.292634
0.101224
0.101224
0.126070
0.126070
0.166436
0.166436
0.141242
0.141242
0.106067
0.106067
0.134122
0.134122
0.168763
0.168763
0.233381
0.233381
0.103413
0.103413
0.189865
0.189865
0.142456
0.142456
0.092234
0.092234
0.092837
0.092837
0.055984
0.055984
0.103301
0.103301
0.361363
0.361363
0.058337
0.058337
0.298064
0.298064
0.247801
0.247801
0.184850
0.184850
0.075537
0.075537
0.323856
0.323856
0.036699
0.036699
0.116025
0.116025
0.168021
0.168021
0.078738
0.078738
0.169406
0.169406
0.149366
0.149366
0.180485
0.180485
0.258184
0.258184
0.079202
0.079202
0.189975
0.189975
0.214975
0.214975
0.065131
0.065131
0.109548
0.109548
0.125812
0.125812
0.141981
0.141981
0.148511
0.148511
0.195987
0.195987
0.253138
0.253138
0.114599
0.114599
0.231055
0.231055
0.366138
0.366138
0.297242
0.297242
0.260530
0.260530
0.499582
0.499582
0.122590
0.122590
0.210395
0.210395
0.290992
0.290992
0.304942
0.304942
0.099241
0.099241
0.166626
0.166626
0.215472
0.215472
0.220986
0.220986
0.258679
0.258679
0.121544
0.121544
0.107640
0.107640
0.154689
0.154689
0.048776
0.048776
0.158679
0.158679
0.296456
0.296456
0.286181
0.286181
0.109986
0.109986
0.111560
0.111560
0.106084
0.106084
0.114626
0.114626
0.141405
0.141405
0.070510
0.070510
0.086241
0.086241
0.094512
0.094512
0.078578
0.078578
0.150155
0.150155
0.173771
0.173771
0.079924
0.079924
0.162218
0.162218
0.147137
0.147137
0.145023
0.145023
0.134512
0.134512
0.132771
0.132771
0.121565
0.121565
0.082615
0.082615
0.173573
0.173573
0.100037
0.100037
0.065183
0.065183
0.203379
0.203379
0.101059
0.101059
0.357760
0.357760
0.194132
0.194132
0.069182
0.069182
0.570265
0.570265
0.174393
0.174393
0.200091
0.200091
0.119900
0.119900
0.254033
0.254033
0.220492
0.220492
0.108885
0.108885
0.281140
0.281140
0.225022
0.225022
0.120752
0.120752
0.106088
0.106088
0.119272
0.119272
0.197819
0.197819
0.496395
0.496395
0.112862
0.112862
0.201469
0.201469
0.202684
0.202684
0.059611
0.059611
0.106658
0.106658
0.151031
0.151031
0.119000
0.119000
0.211475
0.211475
0.066881
0.066881
0.115148
0.115148
0.107598
0.107598
0.343214
0.343214
0.116236
0.116236
0.276408
0.276408
0.121656
0.121656
0.124837
0.124837
0.040648
0.040648
0.075394
0.075394
0.150877
0.150877
0.251966
0.251966
0.096761
0.096761
0.134445
0.134445
0.116430
0.116430
0.178332
0.178332
0.142544
0.142544
0.143792
0.143792
0.242729
0.242729
0.244135
0.244135
0.105335
0.105335
0.107358
0.107358
0.113188
0.113188
0.234536
0.234536
0.341580
0.341580
0.312097
0.312097
0.270412
0.270412
0.113145
0.113145
0.247576
0.247576
0.244909
0.244909
0.094281
0.094281
0.246235
0.246235
0.160555
0.160555
0.069996
0.069996
0.158782
0.158782
0.068933
0.068933
0.216196
0.216196
0.062199
0.062199
0.236577
0.236577
0.282320
0.282320
0.150464
0.150464
0.225831
0.225831
0.128146
0.128146
0.105708
0.105708
0.181303
0.181303
0.066004
0.066004
0.119085
0.119085
0.157751
0.157751
0.150906
0.150906
0.086730
0.086730
0.283699
0.283699
0.183459
0.183459
0.128474
0.128474
0.156485
0.156485
0.207713
0.207713
0.246302
0.246302
0.096537
0.096537
0.096924
0.096924
0.148774
0.148774
0.271964
0.271964
0.075577
0.075577
0.095727
0.095727
0.237097
0.237097
0.143633
0.143633
0.215340
0.215340
0.135108
0.135108
0.205332
0.205332
0.098806
0.098806
0.179180
0.179180
0.156782
0.156782
0.253495
0.253495
0.236338
0.236338
0.134974
0.134974
0.359433
0.359433
0.134614
0.134614
0.252783
0.252783
0.114133
0.114133
0.155254
0.155254
0.083816
0.083816
0.070498
0.070498
0.129565
0.129565
0.112848
0.112848
0.347138
0.347138
0.193555
0.193555
0.066027
0.066027
0.109983
0.109983
0.241403
0.241403
0.141410
0.141410
0.080241
0.080241
0.296691
0.296691
0.198685
0.198685
0.069992
0.069992
0.042925
0.042925
0.163135
0.163135
0.241228
0.241228
0.108457
0.108457
0.177316
0.177316
0.204450
0.204450
0.318477
0.318477
0.114310
0.114310
0.092438
0.092438
0.158446
0.158446
0.104625
0.104625
0.050386
0.050386
0.198828
0.198828
0.105821
0.105821
0.309864
0.309864
0.157129
0.157129
0.368653
0.368653
0.115593
0.115593
0.062139
0.062139
0.156273
0.156273
0.089769
0.089769
0.172785
0.172785
0.159372
0.159372
0.202109
0.202109
0.130118
0.130118
0.107606
0.107606
0.262329
0.262329
0.070520
0.070520
0.107345
0.107345
0.176210
0.176210
0.086601
0.086601
0.476943
0.476943
0.182463
0.182463
0.213107
0.213107
0.246502
0.246502
0.143122
0.143122
0.071939
0.071939
0.204554
0.204554
0.174184
0.174184
0.262790
0.262790
0.088842
0.088842
0.096855
0.096855
0.119967
0.119967
0.079705
0.079705
0.264542
0.264542
0.122187
0.122187
0.281948
0.281948
0.102246
0.102246
0.202099
0.202099
0.242169
0.242169
0.123772
0.123772
0.323783
0.323783
0.258549
0.258549
0.235560
0.235560
0.072952
0.072952
0.187979
0.187979
0.137488
0.137488
0.140846
0.140846
0.153770
0.153770
0.181211
0.181211
0.300889
0.300889
0.177024
0.177024
0.283216
0.283216
0.273728
0.273728
0.062712
0.062712
0.360246
0.360246
0.108635
0.108635
0.233173
0.233173
0.075128
0.075128
0.108400
0.108400
0.204519
0.204519
0.137506
0.137506
0.094184
0.094184
0.161941
0.161941
0.220762
0.220762
0.264788
0.264788
0.148107
0.148107
0.078506
0.078506
0.093654
0.093654
0.169170
0.169170
0.081366
0.081366
0.093544
0.093544
0.156063
0.156063
0.099383
0.099383
0.061444
0.061444
0.062354
0.062354
0.214230
0.214230
0.247864
0.247864
0.083184
0.083184
0.160759
0.160759
0.119755
0.119755
0.145230
0.145230
0.147993
0.147993
0.184779
0.184779
0.233571
0.233571
0.144464
0.144464
0.147336
0.147336
0.183407
0.183407
0.329077
0.329077
0.247347
0.247347
0.141631
0.141631
0.113248
0.113248
0.077770
0.077770
0.183078
0.183078
0.277082
0.277082
0.146687
0.146687
0.138626
0.138626
0.329396
0.329396
0.150707
0.150707
0.223567
0.223567
0.134180
0.134180
0.129935
0.129935
0.200850
0.200850
0.157359
0.157359
0.084575
0.084575
0.140616
0.140616
0.183599
0.183599
0.059734
0.059734
0.071640
0.071640
0.143108
0.143108
0.170884
0.170884
0.044621
0.044621
0.126330
0.126330
0.149612
0.149612
0.142129
0.142129
0.075681
0.075681
0.093299
0.093299
0.090129
0.090129
0.130204
0.130204
0.162103
0.162103
0.066173
0.066173
0.194510
0.194510
0.143241
0.143241
0.252743
0.252743
0.128386
0.128386
0.337840
0.337840
0.061281
0.061281
0.351659
0.351659
0.082716
0.082716
0.130968
0.130968
0.131669
0.131669
0.232071
0.232071
0.152024
0.152024
0.201173
0.201173
0.218871
0.218871
0.200267
0.200267
0.125334
0.125334
0.052001
0.052001
0.194979
0.194979
0.143673
0.143673
0.095168
0.095168
0.107534
0.107534
0.158928
0.158928
0.282611
0.282611
0.142781
0.142781
0.323612
0.323612
0.199537
0.199537
0.148139
0.148139
0.148449
0.148449
0.407966
0.407966
0.191514
0.191514
0.060225
0.060225
0.223634
0.223634
0.225136
0.225136
0.240340
0.240340
0.168611
0.168611
0.355571
0.355571
0.162275
0.162275
0.206423
0.206423
0.192425
0.192425
0.116121
0.116121
0.378864
0.378864
0.324785
0.324785
0.189196
0.189196
0.077306
0.077306
0.167245
0.167245
0.243767
0.243767
0.134755
0.134755
0.205476
0.205476
0.298420
0.298420
0.102604
0.102604
0.111942
0.111942
0.066350
0.066350
0.073865
0.073865
0.186870
0.186870
0.201737
0.201737
0.061179
0.061179
0.231622
0.231622
0.300054
0.300054
0.137265
0.137265
0.075419
0.075419
0.174917
0.174917
0.136984
0.136984
0.130207
0.130207
0.167330
0.167330
0.216489
0.216489
0.428777
0.428777
0.242214
0.242214
0.103268
0.103268
0.076132
0.076132
0.159900
0.159900
0.232588
0.232588
0.168726
0.168726
0.103250
0.103250
0.140250
0.140250
0.084189
0.084189
0.266507
0.266507
0.131991
0.131991
0.133211
0.133211
0.081904
0.081904
0.234039
0.234039
0.123919
0.123919
0.103853
0.103853
0.093881
0.093881
0.182430
0.182430
0.185166
0.185166
0.061454
0.061454
0.023118
0.023118
0.119392
0.119392
0.112529
0.112529
0.121890
0.121890
0.095890
0.095890
0.184146
0.184146
0.040692
0.040692
0.079974
0.079974
0.228352
0.228352
0.099076
0.099076
0.132029
0.132029
0.169173
0.169173
0.202017
0.202017
0.148561
0.148561
0.184421
0.184421
0.114132
0.114132
0.117271
0.117271
0.215842
0.215842
0.151053
0.151053
0.156932
0.156932
0.157019
0.157019
0.198186
0.198186
0.049038
0.049038
0.150152
0.150152
0.166755
0.166755
0.156653
0.156653
0.274178
0.274178
0.379261
0.379261
0.073223
0.073223
0.160878
0.160878
0.054037
0.054037
0.100863
0.100863
0.162550
0.162550
0.123403
0.123403
0.124872
0.124872
0.280110
0.280110
0.197389
0.197389
0.097918
0.097918
0.207142
0.207142
0.123142
0.123142
0.172272
0.172272
0.160752
0.160752
0.164868
0.164868
0.155665
0.155665
0.083964
0.083964
0.144086
0.144086
0.250848
0.250848
0.100731
0.100731
0.089636
0.089636
0.112621
0.112621
0.291763
0.291763
0.189519
0.189519
0.370506
0.370506
0.195695
0.195695
0.167254
0.167254
0.106559
0.106559
0.283095
0.283095
0.189874
0.189874
0.121245
0.121245
0.077497
0.077497
0.051143
0.051143
0.173804
0.173804
0.191056
0.191056
0.111311
0.111311
0.075872
0.075872
0.224041
0.224041
0.183345
0.183345
0.260038
0.260038
0.250196
0.250196
0.112000
0.112000
0.185976
0.185976
0.227365
0.227365
0.186605
0.186605
0.157110
0.157110
0.199192
0.199192
0.113939
0.113939
0.153124
0.153124
0.223136
0.223136
0.214786
0.214786
0.075534
0.075534
0.112962
0.112962
0.134327
0.134327
0.157057
0.157057
0.118718
0.118718
0.380168
0.380168
0.142277
0.142277
0.091358
0.091358
0.220769
0.220769
0.141889
0.141889
0.171203
0.171203
0.226489
0.226489
0.190490
0.190490
0.289228
0.289228
0.224772
0.224772
0.136935
0.136935
0.075868
0.075868
0.080110
0.080110
0.086101
0.086101
0.352025
0.352025
0.118064
0.118064
0.078288
0.078288
0.461026
0.461026
0.243261
0.243261
0.273518
0.273518
0.084059
0.084059
0.221208
0.221208
0.353381
0.353381
0.135899
0.135899
0.266550
0.266550
0.173244
0.173244
0.278096
0.278096
0.259303
0.259303
0.120479
0.120479
0.308669
0.308669
0.166044
0.166044
0.082272
0.082272
0.102711
0.102711
0.372432
0.372432
0.191802
0.191802
0.079379
0.079379
0.204240
0.204240
0.251968
0.251968
0.209174
0.209174
0.111017
0.111017
0.169898
0.169898
0.147622
0.147622
0.068658
0.068658
0.222924
0.222924
0.122230
0.122230
0.130112
0.130112
0.199961
0.199961
0.090515
0.090515
0.281667
0.281667
0.121088
0.121088
0.131184
0.131184
0.038170
0.038170
0.064892
0.064892
0.251850
0.251850
0.139285
0.139285
0.194652
0.194652
0.367938
0.367938
0.284380
0.284380
0.151764
0.151764
0.073387
0.073387
0.103464
0.103464
0.171990
0.171990
0.188629
0.188629
0.143935
0.143935
0.223377
0.223377
0.152494
0.152494
0.115048
0.115048
0.111322
0.111322
0.206904
0.206904
0.104693
0.104693
0.289572
0.289572
0.077154
0.077154
0.418206
0.418206
0.138103
0.138103
0.253489
0.253489
0.396147
0.396147
0.201196
0.201196
0.139174
0.139174
0.068968
0.068968
0.137086
0.137086
0.130033
0.130033
0.118110
0.118110
0.102843
0.102843
0.136687
0.136687
0.101261
0.101261
0.470935
0.470935
0.151524
0.151524
0.144988
0.144988
0.121420
0.121420
0.103594
0.103594
0.174253
0.174253
0.156970
0.156970
0.403324
0.403324
0.110193
0.110193
0.184959
0.184959
0.286951
0.286951
0.182612
0.182612
0.098191
0.098191
0.125122
0.125122
0.188705
0.188705
0.163054
0.163054
0.127266
0.127266
0.188029
0.188029
0.080118
0.080118
0.192156
0.192156
0.109079
0.109079
0.152308
0.152308
0.116114
0.116114
0.202932
0.202932
0.170894
0.170894
0.180809
0.180809
0.368409
0.368409
0.156693
0.156693
0.055026
0.055026
0.221125
0.221125
0.176785
0.176785
0.123585
0.123585
0.194567
0.194567
0.321858
0.321858
0.129640
0.129640
0.160871
0.160871
0.032462
0.032462
0.156100
0.156100
0.137122
0.137122
0.183250
0.183250
0.112268
0.112268
0.110384
0.110384
0.102380
0.102380
0.175678
0.175678
0.119728
0.119728
0.196799
0.196799
0.167918
0.167918
0.118419
0.118419
0.153214
0.153214
0.355101
0.355101
0.103986
0.103986
0.062671
0.062671
0.240287
0.240287
0.196659
0.196659
0.092619
0.092619
0.068859
0.068859
0.254759
0.254759
0.076426
0.076426
0.105229
0.105229
0.086750
0.086750
0.102406
0.102406
0.155052
0.155052
0.218487
0.218487
0.245993
0.245993
0.091328
0.091328
0.186247
0.186247
0.168166
0.168166
0.190967
0.190967
0.078385
0.078385
0.055561
0.055561
0.134452
0.134452
0.172898
0.172898
0.102989
0.102989
0.136570
0.136570
0.220470
0.220470
0.119034
0.119034
0.273344
0.273344
0.290198
0.290198
0.214491
0.214491
0.308540
0.308540
0.164191
0.164191
0.205660
0.205660
0.357445
0.357445
0.137951
0.137951
0.212483
0.212483
0.075836
0.075836
0.052391
0.052391
0.191217
0.191217
0.094387
0.094387
0.278252
0.278252
0.121269
0.121269
0.308709
0.308709
0.110578
0.110578
0.107415
0.107415
0.275522
0.275522
0.152836
0.152836
0.085025
0.085025
0.048198
0.048198
0.107496
0.107496
0.128513
0.128513
0.166565
0.166565
0.329363
0.329363
0.145883
0.145883
0.079294
0.079294
0.126583
0.126583
0.045869
0.045869
0.196150
0.196150
0.102836
0.102836
0.139982
0.139982
0.173235
0.173235
0.126436
0.126436
0.188033
0.188033
0.063441
0.063441
0.200824
0.200824
0.214423
0.214423
0.203609
0.203609
0.053725
0.053725
0.209105
0.209105
0.129300
0.129300
0.052016
0.052016
0.323531
0.323531
0.098406
0.098406
0.194986
0.194986
0.085209
0.085209
0.061222
0.061222
0.313531
0.313531
0.108500
0.108500
0.226501
0.226501
0.193111
0.193111
0.186063
0.186063
0.048316
0.048316
0.215642
0.215642
0.199587
0.199587
0.147075
0.147075
0.129601
0.129601
0.397636
0.397636
0.151302
0.151302
0.104418
0.104418
0.126385
0.126385
0.115469
0.115469
0.216868
0.216868
0.075060
0.075060
0.136398
0.136398
0.202848
0.202848
0.345121
0.345121
0.169054
0.169054
0.118555
0.118555
0.187712
0.187712
0.174663
0.174663
0.133765
0.133765
0.115532
0.115532
0.146084
0.146084
0.104590
0.104590
0.154059
0.154059
0.082689
0.082689
0.166022
0.166022
0.039151
0.039151
0.257836
0.257836
0.233775
0.233775
0.056321
0.056321
0.155583
0.155583
0.155000
0.155000
0.120368
0.120368
0.080571
0.080571
0.086536
0.086536
0.207097
0.207097
0.191163
0.191163
0.164878
0.164878
0.394176
0.394176
0.266821
0.266821
0.140321
0.140321
0.194866
0.194866
0.245585
0.245585
0.302681
0.302681
0.148373
0.148373
0.276468
0.276468
0.156846
0.156846
0.155587
0.155587
0.179182
0.179182
0.128119
0.128119
0.123274
0.123274
0.161243
0.161243
0.130756
0.130756
0.119122
0.119122
0.229217
0.229217
0.321377
0.321377
0.145733
0.145733
0.061413
0.061413
0.140848
0.140848
0.114608
0.114608
0.184867
0.184867
0.081314
0.081314
0.222253
0.222253
0.088876
0.088876
0.060714
0.060714
0.127280
0.127280
0.232694
0.232694
0.151699
0.151699
0.258250
0.258250
0.075202
0.075202
0.158918
0.158918
0.061220
0.061220
0.226336
0.226336
0.305715
0.305715
0.119056
0.119056
0.044862
0.044862
0.236730
0.236730
0.105536
0.105536
0.164659
0.164659
0.171760
0.171760
0.129891
0.129891
0.144832
0.144832
0.145692
0.145692
0.178688
0.178688
0.243524
0.243524
0.251850
0.251850
0.281791
0.281791
0.176650
0.176650
0.211551
0.211551
0.210578
0.210578
0.292978
0.292978
0.288895
0.288895
0.177629
0.177629
0.128520
0.128520
0.145553
0.145553
0.133096
0.133096
0.148307
0.148307
0.164857
0.164857
0.124330
0.124330
0.249680
0.249680
0.224566
0.224566
0.164912
0.164912
0.125116
0.125116
0.131240
0.131240
0.129140
0.129140
0.134571
0.134571
0.161552
0.161552
0.069572
0.069572
0.072043
0.072043
0.104248
0.104248
0.189382
0.189382
0.065238
0.065238
0.288171
0.288171
0.288115
0.288115
0.114356
0.114356
0.208477
0.208477
0.273721
0.273721
0.242394
0.242394
0.073682
0.073682
0.114461
0.114461
0.092772
0.092772
0.146939
0.146939
0.472066
0.472066
0.402519
0.402519
0.118232
0.118232
0.135569
0.135569
0.156647
0.156647
0.099919
0.099919
0.227661
0.227661
0.233729
0.233729
0.107587
0.107587
0.065913
0.065913
0.180290
0.180290
0.244635
0.244635
0.160182
0.160182
0.241916
0.241916
0.212269
0.212269
0.202292
0.202292
0.048708
0.048708
0.109364
0.109364
0.136815
0.136815
0.107213
0.107213
0.186634
0.186634
0.152334
0.152334
0.099667
0.099667
0.112442
0.112442
0.256015
0.256015
0.101402
0.101402
0.371088
0.371088
0.047788
0.047788
0.239330
0.239330
0.214914
0.214914
0.116172
0.116172
0.195370
0.195370
0.116643
0.116643
0.133288
0.133288
0.168301
0.168301
0.108595
0.108595
0.157492
0.157492
0.097690
0.097690
0.127679
0.127679
0.070258
0.070258
0.058374
0.058374
0.050871
0.050871
0.129251
0.129251
0.067912
0.067912
0.069200
0.069200
0.288031
0.288031
0.246562
0.246562
0.090002
0.090002
0.206118
0.206118
0.305599
0.305599
0.251982
0.251982
0.183111
0.183111
0.249163
0.249163
0.234443
0.234443
0.108170
0.108170
0.110019
0.110019
0.156508
0.156508
0.152835
0.152835
0.250497
0.250497
0.080404
0.080404
0.102572
0.102572
0.126244
0.126244
0.096705
0.096705
0.116553
0.116553
0.153870
0.153870
0.151150
0.151150
0.062850
0.062850
0.066498
0.066498
0.199033
0.199033
0.112612
0.112612
0.216701
0.216701
0.096602
0.096602
0.126033
0.126033
0.140444
0.140444
0.185840
0.185840
0.163553
0.163553
0.139615
0.139615
0.166017
0.166017
0.075781
0.075781
0.154460
0.154460
0.133729
0.133729
0.066646
0.066646
0.203693
0.203693
0.342372
0.342372
0.176780
0.176780
0.224929
0.224929
0.071289
0.071289
0.092083
0.092083
0.140227
0.140227
0.238215
0.238215
0.245263
0.245263
0.066921
0.066921
0.138176
0.138176
0.109286
0.109286
0.108199
0.108199
0.253967
0.253967
0.286382
0.286382
0.190615
0.190615
0.235546
0.235546
0.084824
0.084824
0.185586
0.185586
0.087651
0.087651
0.185023
0.185023
0.093368
0.093368
0.071822
0.071822
0.263125
0.263125
0.269912
0.269912
0.263187
0.263187
0.187725
0.187725
0.144258
0.144258
0.222760
0.222760
0.230306
0.230306
0.299208
0.299208
0.118222
0.118222
0.191583
0.191583
0.062845
0.062845
0.108129
0.108129
0.067568
0.067568
0.120518
0.120518
0.107569
0.107569
0.332955
0.332955
0.169705
0.169705
0.230563
0.230563
0.065341
0.065341
0.248945
0.248945
0.135505
0.135505
0.295859
0.295859
0.184109
0.184109
0.116920
0.116920
0.045762
0.045762
0.129174
0.129174
0.263137
0.263137
0.100401
0.100401
0.124668
0.124668
0.177472
0.177472
0.179317
0.179317
0.193331
0.193331
0.262233
0.262233
0.084974
0.084974
0.196590
0.196590
0.113556
0.113556
0.089411
0.089411
0.091648
0.091648
0.054918
0.054918
0.239688
0.239688
0.249016
0.249016
0.170557
0.170557
0.225622
0.225622
0.201332
0.201332
0.105578
0.105578
0.203404
0.203404
0.181996
0.181996
0.369319
0.369319
0.124721
0.124721
0.269142
0.269142
0.107742
0.107742
0.120291
0.120291
0.250836
0.250836
0.201809
0.201809
0.213681
0.213681
0.190962
0.190962
0.103350
0.103350
0.143548
0.143548
0.093625
0.093625
0.181730
0.181730
0.100169
0.100169
0.123255
0.123255
0.199150
0.199150
0.123887
0.123887
0.048828
0.048828
0.083686
0.083686
0.162084
0.162084
0.236461
0.236461
0.178182
0.178182
0.194278
0.194278
0.287836
0.287836
0.219074
0.219074
0.228204
0.228204
0.313532
0.313532
0.105045
0.105045
0.059159
0.059159
0.197897
0.197897
0.089781
0.089781
0.283640
0.283640
0.245826
0.245826
0.179511
0.179511
0.045710
0.045710
0.084087
0.084087
0.097997
0.097997
0.058091
0.058091
0.102026
0.102026
0.077078
0.077078
0.142010
0.142010
0.075085
0.075085
0.211413
0.211413
0.136910
0.136910
0.222671
0.222671
0.219958
0.219958
0.193610
0.193610
0.078378
0.078378
0.403717
0.403717
0.112084
0.112084
0.075327
0.075327
0.134007
0.134007
0.125529
0.125529
0.168810
0.168810
0.418150
0.418150
0.193521
0.193521
0.189144
0.189144
0.362192
0.362192
0.047619
0.047619
0.063619
0.063619
0.129988
0.129988
0.256749
0.256749
0.141245
0.141245
0.267020
0.267020
0.176119
0.176119
0.247981
0.247981
0.184605
0.184605
0.143226
0.143226
0.254662
0.254662
0.132645
0.132645
0.107105
0.107105
0.181443
0.181443
0.118353
0.118353
0.160594
0.160594
0.260873
0.260873
0.226412
0.226412
0.117578
0.117578
0.085010
0.085010
0.047169
0.047169
0.230565
0.230565
0.227339
0.227339
0.052545
0.052545
0.047776
0.047776
0.107349
0.107349
0.156554
0.156554
0.319201
0.319201
0.604306
0.604306
0.089954
0.089954
0.141375
0.141375
0.246996
0.246996
0.253022
0.253022
0.051983
0.051983
0.178616
0.178616
0.272308
0.272308
0.134532
0.134532
0.125856
0.125856
0.225475
0.225475
0.100843
0.100843
0.066091
0.066091
0.069018
0.069018
0.088902
0.088902
0.100704
0.100704
0.266966
0.266966
0.204603
0.204603
0.159989
0.159989
0.086263
0.086263
0.202022
0.202022
0.081469
0.081469
0.214267
0.214267
0.109683
0.109683
0.242051
0.242051
0.211653
0.211653
0.091677
0.091677
0.133274
0.133274
0.081974
0.081974
0.078101
0.078101
0.200471
0.200471
0.143427
0.143427
0.254775
0.254775
0.126763
0.126763
0.142539
0.142539
0.105538
0.105538
0.189748
0.189748
0.133158
0.133158
0.232362
0.232362
0.201491
0.201491
0.223164
0.223164
0.115940
0.115940
0.107410
0.107410
0.063356
0.063356
0.314931
0.314931
0.150903
0.150903
0.282381
0.282381
0.163779
0.163779
0.183526
0.183526
0.072425
0.072425
0.176950
0.176950
0.114892
0.114892
0.118688
0.118688
0.186252
0.186252
0.125147
0.125147
0.215818
0.215818
0.243484
0.243484
0.130016
0.130016
0.304382
0.304382
0.209180
0.209180
0.113527
0.113527
0.169983
0.169983
0.252913
0.252913
0.263814
0.263814
0.053164
0.053164
0.042276
0.042276
0.215673
0.215673
0.222464
0.222464
0.135124
0.135124
0.272900
0.272900
0.208005
0.208005
0.123122
0.123122
0.135036
0.135036
0.147664
0.147664
0.225847
0.225847
0.110136
0.110136
0.095321
0.095321
0.141165
0.141165
0.182059
0.182059
0.109072
0.109072
0.070955
0.070955
0.340491
0.340491
0.082551
0.082551
0.085978
0.085978
0.150957
0.150957
0.209206
0.209206
0.331971
0.331971
0.185623
0.185623
0.168205
0.168205
0.141736
0.141736
0.111159
0.111159
0.134586
0.134586
0.242130
0.242130
0.270960
0.270960
0.134829
0.134829
0.280974
0.280974
0.282703
0.282703
0.112726
0.112726
0.074685
0.074685
0.154234
0.154234
0.121365
0.121365
0.065495
0.065495
0.154089
0.154089
0.191317
0.191317
0.189351
0.189351
0.172144
0.172144
0.326916
0.326916
0.159186
0.159186
0.063418
0.063418
0.092951
0.092951
0.109888
0.109888
0.044919
0.044919
0.084679
0.084679
0.128210
0.128210
0.079683
0.079683
0.165283
0.165283
0.239590
0.239590
0.048199
0.048199
0.133526
0.133526
0.047699
0.047699
0.137952
0.137952
0.124802
0.124802
0.139828
0.139828
0.172940
0.172940
0.078402
0.078402
0.149982
0.149982
0.172065
0.172065
0.127898
0.127898
0.259492
0.259492
0.202568
0.202568
0.138374
0.138374
0.485007
0.485007
0.124214
0.124214
0.115441
0.115441
0.069214
0.069214
0.123340
0.123340
0.085793
0.085793
0.191236
0.191236
0.184097
0.184097
0.156021
0.156021
0.062568
0.062568
0.114422
0.114422
0.183013
0.183013
0.130173
0.130173
0.288232
0.288232
0.152986
0.152986
0.190669
0.190669
0.062504
0.062504
0.292417
0.292417
0.221628
0.221628
0.165311
0.165311
0.142167
0.142167
0.096860
0.096860
0.160152
0.160152
0.134539
0.134539
0.148143
0.148143
0.255578
0.255578
0.100963
0.100963
0.266455
0.266455
0.271827
0.271827
0.185600
0.185600
0.083590
0.083590
0.123447
0.123447
0.224041
0.224041
0.124588
0.124588
0.068175
0.068175
0.068002
0.068002
0.143499
0.143499
0.123366
0.123366
0.072386
0.072386
0.243236
0.243236
0.164344
0.164344
0.148441
0.148441
0.128336
0.128336
0.357721
0.357721
0.259960
0.259960
0.077869
0.077869
0.159182
0.159182
0.142528
0.142528
0.108992
0.108992
0.062807
0.062807
0.406154
0.406154
0.159157
0.159157
0.116223
0.116223
0.215483
0.215483
0.150252
0.150252
0.134511
0.134511
0.101027
0.101027
0.156267
0.156267
0.112530
0.112530
0.150111
0.150111
0.188813
0.188813
0.076384
0.076384
0.225938
0.225938
0.123213
0.123213
0.138293
0.138293
0.186497
0.186497
0.102202
0.102202
0.074733
0.074733
0.169037
0.169037
0.189476
0.189476
0.103461
0.103461
0.207273
0.207273
0.187382
0.187382
0.140928
0.140928
0.097909
0.097909
0.457724
0.457724
0.235022
0.235022
0.103460
0.103460
0.135116
0.135116
0.113126
0.113126
0.122501
0.122501
0.236451
0.236451
0.117120
0.117120
0.146605
0.146605
0.222475
0.222475
0.160488
0.160488
0.073535
0.073535
0.194736
0.194736
0.281047
0.281047
0.121455
0.121455
0.180758
0.180758
0.144846
0.144846
0.205565
0.205565
0.563264
0.563264
0.162720
0.162720
0.091939
0.091939
0.097559
0.097559
0.117029
0.117029
0.077390
0.077390
0.083957
0.083957
0.108364
0.108364
0.168161
0.168161
0.117047
0.117047
0.067261
0.067261
0.170754
0.170754
0.223233
0.223233
0.081411
0.081411
0.129468
0.129468
0.133709
0.133709
0.078060
0.078060
0.092693
0.092693
0.095052
0.095052
0.109420
0.109420
0.136120
0.136120
0.152084
0.152084
0.113435
0.113435
0.101045
0.101045
0.149938
0.149938
0.070805
0.070805
0.116847
0.116847
0.054440
0.054440
0.182864
0.182864
0.165440
0.165440
0.145616
0.145616
0.129683
0.129683
0.125435
0.125435
0.088309
0.088309
0.050592
0.050592
0.146060
0.146060
0.108453
0.108453
0.126525
0.126525
0.097503
0.097503
0.329271
0.329271
0.143938
0.143938
0.086527
0.086527
0.061777
0.061777
0.156199
0.156199
0.135547
0.135547
0.261210
0.261210
0.182348
0.182348
0.066744
0.066744
0.263164
0.263164
0.068734
0.068734
0.219956
0.219956
0.141380
0.141380
0.160335
0.160335
0.150824
0.150824
0.173668
0.173668
0.071626
0.071626
0.231343
0.231343
0.118961
0.118961
0.167592
0.167592
0.080967
0.080967
0.118530
0.118530
0.237337
0.237337
0.138590
0.138590
0.178735
0.178735
0.131889
0.131889
0.230567
0.230567
0.090050
0.090050
0.208258
0.208258
0.255871
0.255871
0.211004
0.211004
0.140853
0.140853
0.242763
0.242763
0.139812
0.139812
0.150200
0.150200
0.146379
0.146379
0.092770
0.092770
0.146296
0.146296
0.137099
0.137099
0.247605
0.247605
0.387658
0.387658
0.188423
0.188423
0.065602
0.065602
0.222307
0.222307
0.040533
0.040533
0.108866
0.108866
0.098561
0.098561
0.128808
0.128808
0.113444
0.113444
0.065227
0.065227
0.055791
0.055791
0.079656
0.079656
0.177233
0.177233
0.063786
0.063786
0.071351
0.071351
0.175003
0.175003
0.188084
0.188084
0.181105
0.181105
0.243522
0.243522
0.094269
0.094269
0.156824
0.156824
0.140579
0.140579
0.179922
0.179922
0.212252
0.212252
0.152463
0.152463
0.084469
0.084469
0.122080
0.122080
0.054276
0.054276
0.108558
0.108558
0.142275
0.142275
0.176993
0.176993
0.137928
0.137928
0.211949
0.211949
0.235648
0.235648
0.150607
0.150607
0.168951
0.168951
0.206122
0.206122
0.161826
0.161826
0.164956
0.164956
0.307940
0.307940
0.143644
0.143644
0.106416
0.106416
0.285584
0.285584
0.135650
0.135650
0.182638
0.182638
0.304282
0.304282
0.172315
0.172315
0.123634
0.123634
0.107552
0.107552
0.095502
0.095502
0.123314
0.123314
0.239393
0.239393
0.295990
0.295990
0.180765
0.180765
0.236211
0.236211
0.100779
0.100779
0.199616
0.199616
0.124739
0.124739
0.073965
0.073965
0.194170
0.194170
0.230176
0.230176
0.183155
0.183155
0.196062
0.196062
0.090860
0.090860
0.127078
0.127078
0.242222
0.242222
0.136337
0.136337
0.219483
0.219483
0.108073
0.108073
0.196895
0.196895
0.220356
0.220356
0.136756
0.136756
0.329700
0.329700
0.238420
0.238420
0.188235
0.188235
0.126207
0.126207
0.099311
0.099311
0.202004
0.202004
0.251522
0.251522
0.136988
0.136988
0.147245
0.147245
0.208000
0.208000
0.089960
0.089960
0.361710
0.361710
0.260967
0.260967
0.096844
0.096844
0.063715
0.063715
0.250737
0.250737
0.212057
0.212057
0.274870
0.274870
0.416575
0.416575
0.277339
0.277339
0.109949
0.109949
0.143742
0.143742
0.187680
0.187680
0.183575
0.183575
0.153892
0.153892
0.162470
0.162470
0.067641
0.067641
0.340092
0.340092
0.310800
0.310800
0.460209
0.460209
0.076039
0.076039
0.220092
0.220092
0.116092
0.116092
0.099163
0.099163
0.159401
0.159401
0.116769
0.116769
0.279555
0.279555
0.098001
0.098001
0.152207
0.152207
0.259097
0.259097
0.147035
0.147035
0.088787
0.088787
0.071067
0.071067
0.218297
0.218297
0.228170
0.228170
0.066213
0.066213
0.275059
0.275059
0.215756
0.215756
0.244554
0.244554
0.145558
0.145558
0.106468
0.106468
0.146659
0.146659
0.038182
0.038182
0.118405
0.118405
0.165811
0.165811
0.116305
0.116305
0.096305
0.096305
0.195493
0.195493
0.174195
0.174195
0.124985
0.124985
0.201082
0.201082
0.216219
0.216219
0.213512
0.213512
0.194881
0.194881
0.240146
0.240146
0.085061
0.085061
0.048149
0.048149
0.089205
0.089205
0.306346
0.306346
0.125636
0.125636
0.094997
0.094997
0.118198
0.118198
0.281508
0.281508
0.170361
0.170361
0.220250
0.220250
0.331814
0.331814
0.029192
0.029192
0.139569
0.139569
0.151579
0.151579
0.260925
0.260925
0.050063
0.050063
0.166965
0.166965
0.183607
0.183607
0.147701
0.147701
0.196776
0.196776
0.116063
0.116063
0.146648
0.146648
0.220078
0.220078
0.152650
0.152650
0.083892
0.083892
0.106491
0.106491
0.172794
0.172794
0.166182
0.166182
0.226332
0.226332
0.131864
0.131864
0.153334
0.153334
0.151779
0.151779
0.181992
0.181992
0.161030
0.161030
0.223576
0.223576
0.117355
0.117355
0.115281
0.115281
0.250307
0.250307
0.121733
0.121733
0.095280
0.095280
0.106710
0.106710
0.088721
0.088721
0.118975
0.118975
0.135902
0.135902
0.162569
0.162569
0.146290
0.146290
0.094496
0.094496
0.224008
0.224008
0.063610
0.063610
0.108130
0.108130
0.098442
0.098442
0.261508
0.261508
0.041859
0.041859
0.127793
0.127793
0.222473
0.222473
0.158768
0.158768
0.044022
0.044022
0.133694
0.133694
0.183420
0.183420
0.179838
0.179838
0.208479
0.208479
0.068969
0.068969
0.062039
0.062039
0.078097
0.078097
0.122468
0.122468
0.165004
0.165004
0.082682
0.082682
0.239240
0.239240
0.224288
0.224288
0.312259
0.312259
0.158727
0.158727
0.142082
0.142082
0.284487
0.284487
0.160607
0.160607
0.333368
0.333368
0.158755
0.158755
0.089437
0.089437
0.253680
0.253680
0.113190
0.113190
0.385483
0.385483
0.106596
0.106596
0.123807
0.123807
0.176113
0.176113
0.223365
0.223365
0.155597
0.155597
0.123438
0.123438
0.237502
0.237502
0.223953
0.223953
0.124502
0.124502
0.080276
0.080276
0.151892
0.151892
0.110566
0.110566
0.250458
0.250458
0.153371
0.153371
0.149620
0.149620
0.264073
0.264073
0.254902
0.254902
0.103044
0.103044
0.090958
0.090958
0.297249
0.297249
0.201917
0.201917
0.193480
0.193480
0.131922
0.131922
0.103253
0.103253
0.102411
0.102411
0.094551
0.094551
0.085908
0.085908
0.128623
0.128623
0.102887
0.102887
0.065658
0.065658
0.176588
0.176588
0.271626
0.271626
0.095393
0.095393
0.104115
0.104115
0.093768
0.093768
0.177550
0.177550
0.098262
0.098262
0.321872
0.321872
0.159671
0.159671
0.295499
0.295499
0.105809
0.105809
0.148357
0.148357
0.062902
0.062902
0.295838
0.295838
0.123145
0.123145
0.170133
0.170133
0.223379
0.223379
0.129559
0.129559
0.380900
0.380900
0.072581
0.072581
0.079200
0.079200
0.116007
0.116007
0.082396
0.082396
0.097290
0.097290
0.164241
0.164241
0.185700
0.185700
0.151883
0.151883
0.323838
0.323838
0.149081
0.149081
0.174595
0.174595
0.183426
0.183426
0.168453
0.168453
0.118422
0.118422
0.160125
0.160125
0.155372
0.155372
0.117271
0.117271
0.186312
0.186312
0.147995
0.147995
0.179944
0.179944
0.086228
0.086228
0.109207
0.109207
0.098662
0.098662
0.216735
0.216735
0.171201
0.171201
0.126293
0.126293
0.152312
0.152312
0.254309
0.254309
0.139273
0.139273
0.141903
0.141903
0.130741
0.130741
0.162133
0.162133
0.202036
0.202036
0.155121
0.155121
0.183308
0.183308
0.230296
0.230296
0.113001
0.113001
0.067536
0.067536
0.107565
0.107565
0.156796
0.156796
0.191933
0.191933
0.119266
0.119266
0.269933
0.269933
0.073504
0.073504
0.292044
0.292044
0.256488
0.256488
0.147397
0.147397
0.146151
0.146151
0.136191
0.136191
0.072663
0.072663
0.219444
0.219444
0.261260
0.261260
0.156281
0.156281
0.058004
0.058004
0.250348
0.250348
0.081400
0.081400
0.261179
0.261179
0.252958
0.252958
0.116817
0.116817
0.121996
0.121996
0.179104
0.179104
0.099523
0.099523
0.057286
0.057286
0.177552
0.177552
0.078865
0.078865
0.108228
0.108228
0.143520
0.143520
0.196324
0.196324
0.265449
0.265449
0.066618
0.066618
0.118237
0.118237
0.211589
0.211589
0.531519
0.531519
0.109260
0.109260
0.079220
0.079220
0.112124
0.112124
0.111740
0.111740
0.048426
0.048426
0.108323
0.108323
0.136116
0.136116
0.220071
0.220071
0.159542
0.159542
0.092157
0.092157
0.223824
0.223824
0.116560
0.116560
0.196197
0.196197
0.089673
0.089673
0.148324
0.148324
0.077325
0.077325
0.247857
0.247857
0.122310
0.122310
0.252391
0.252391
0.252491
0.252491
0.098967
0.098967
0.118548
0.118548
0.122363
0.122363
0.313803
0.313803
0.113909
0.113909
0.149051
0.149051
0.054877
0.054877
0.105014
0.105014
0.062315
0.062315
0.248523
0.248523
0.240944
0.240944
0.152774
0.152774
0.066177
0.066177
0.106934
0.106934
0.151689
0.151689
0.134748
0.134748
0.106573
0.106573
0.137051
0.137051
0.106405
0.106405
0.211803
0.211803
0.153744
0.153744
0.053398
0.053398
0.156314
0.156314
0.092133
0.092133
0.334921
0.334921
0.131652
0.131652
0.054857
0.054857
0.158364
0.158364
0.217988
0.217988
0.195805
0.195805
0.307687
0.307687
0.074819
0.074819
0.266790
0.266790
0.189478
0.189478
0.077022
0.077022
0.230399
0.230399
0.331730
0.331730
0.132917
0.132917
0.228381
0.228381
0.104880
0.104880
0.084876
0.084876
0.149627
0.149627
0.148901
0.148901
0.170931
0.170931
0.196090
0.196090
0.151616
0.151616
0.163730
0.163730
0.175937
0.175937
0.073003
0.073003
0.165193
0.165193
0.115011
0.115011
0.066117
0.066117
0.146712
0.146712
0.276912
0.276912
0.304214
0.304214
0.149706
0.149706
0.165810
0.165810
0.218122
0.218122
0.344568
0.344568
0.123695
0.123695
0.076849
0.076849
0.079062
0.079062
0.070820
0.070820
0.437106
0.437106
0.067104
0.067104
0.087852
0.087852
0.162669
0.162669
0.167223
0.167223
0.126653
0.126653
0.172486
0.172486
0.050674
0.050674
0.149612
0.149612
0.054588
0.054588
0.077235
0.077235
0.123264
0.123264
0.142243
0.142243
0.156976
0.156976
0.119428
0.119428
0.077048
0.077048
0.142478
0.142478
0.171907
0.171907
0.144142
0.144142
0.243656
0.243656
0.169140
0.169140
0.161037
0.161037
0.052419
0.052419
0.094602
0.094602
0.316466
0.316466
0.212964
0.212964
0.131788
0.131788
0.198236
0.198236
0.068501
0.068501
0.153900
0.153900
0.231797
0.231797
0.147748
0.147748
0.169621
0.169621
0.142330
0.142330
0.073438
0.073438
0.143579
0.143579
0.106023
0.106023
0.290576
0.290576
0.190105
0.190105
0.162290
0.162290
0.174126
0.174126
0.141903
0.141903
0.169520
0.169520
0.058995
0.058995
0.355834
0.355834
0.112089
0.112089
0.092172
0.092172
0.116794
0.116794
0.128648
0.128648
0.259262
0.259262
0.111631
0.111631
0.097010
0.097010
0.176832
0.176832
0.055475
0.055475
0.128752
0.128752
0.159297
0.159297
0.144525
0.144525
0.132616
0.132616
0.078706
0.078706
0.212863
0.212863
0.289744
0.289744
0.074333
0.074333
0.185391
0.185391
0.276354
0.276354
0.253070
0.253070
0.106220
0.106220
0.193313
0.193313
0.266758
0.266758
0.078931
0.078931
0.199766
0.199766
0.139041
0.139041
0.230304
0.230304
0.097625
0.097625
0.154787
0.154787
0.136432
0.136432
0.106661
0.106661
0.056446
0.056446
0.168327
0.168327
0.154551
0.154551
0.058946
0.058946
0.129919
0.129919
0.182995
0.182995
0.095993
0.095993
0.173568
0.173568
0.139828
0.139828
0.185962
0.185962
0.208112
0.208112
0.146973
0.146973
0.158059
0.158059
0.374880
0.374880
0.067754
0.067754
0.150517
0.150517
0.118456
0.118456
0.165296
0.165296
0.188129
0.188129
0.125411
0.125411
0.120710
0.120710
0.324786
0.324786
0.123708
0.123708
0.157840
0.157840
0.300974
0.300974
0.363508
0.363508
0.139715
0.139715
0.093497
0.093497
0.206356
0.206356
0.090360
0.090360
0.097025
0.097025
0.068904
0.068904
0.146545
0.146545
0.160044
0.160044
0.142179
0.142179
0.190431
0.190431
0.168888
0.168888
0.064281
0.064281
0.085507
0.085507
0.139620
0.139620
0.128660
0.128660
0.110040
0.110040
0.174648
0.174648
0.095228
0.095228
0.342385
0.342385
0.120193
0.120193
0.189605
0.189605
0.121407
0.121407
0.099908
0.099908
0.105868
0.105868
0.137860
0.137860
0.088849
0.088849
0.189987
0.189987
0.067538
0.067538
0.309526
0.309526
0.164859
0.164859
0.107962
0.107962
0.252799
0.252799
0.096721
0.096721
0.471144
0.471144
0.207800
0.207800
0.141751
0.141751
0.075785
0.075785
0.157273
0.157273
0.407605
0.407605
0.192418
0.192418
0.245214
0.245214
0.158223
0.158223
0.124609
0.124609
0.135365
0.135365
0.160611
0.160611
0.114376
0.114376
0.196407
0.196407
0.095465
0.095465
0.055308
0.055308
0.142386
0.142386
0.221349
0.221349
0.129916
0.129916
0.107463
0.107463
0.100677
0.100677
0.203694
0.203694
0.113763
0.113763
0.250583
0.250583
0.222853
0.222853
0.126199
0.126199
0.164421
0.164421
0.091696
0.091696
0.224172
0.224172
0.042421
0.042421
0.069259
0.069259
0.149941
0.149941
0.285133
0.285133
0.126623
0.126623
0.051002
0.051002
0.169318
0.169318
0.088693
0.088693
0.108034
0.108034
0.218885
0.218885
0.161831
0.161831
0.085282
0.085282
0.160147
0.160147
0.187173
0.187173
0.281136
0.281136
0.296633
0.296633
0.198211
0.198211
0.152201
0.152201
0.123423
0.123423
0.103553
0.103553
0.279178
0.279178
0.133392
0.133392
0.172162
0.172162
0.278770
0.278770
0.069211
0.069211
0.126219
0.126219
0.159612
0.159612
0.179906
0.179906
0.172393
0.172393
0.087588
0.087588
0.080869
0.080869
0.087971
0.087971
0.098153
0.098153
0.280244
0.280244
0.259033
0.259033
0.092616
0.092616
0.101387
0.101387
0.148980
0.148980
0.129780
0.129780
0.092083
0.092083
0.066516
0.066516
0.103179
0.103179
0.116872
0.116872
0.133370
0.133370
0.193637
0.193637
0.267555
0.267555
0.130202
0.130202
0.308619
0.308619
0.052640
0.052640
0.206869
0.206869
0.217686
0.217686
0.082618
0.082618
0.131690
0.131690
0.100783
0.100783
0.092747
0.092747
0.206778
0.206778
0.104808
0.104808
0.120917
0.120917
0.183680
0.183680
0.144211
0.144211
0.145812
0.145812
0.232059
0.232059
0.074919
0.074919
0.180503
0.180503
0.333960
0.333960
0.193308
0.193308
0.082605
0.082605
0.058045
0.058045
0.210226
0.210226
0.132904
0.132904
0.258986
0.258986
0.072739
0.072739
0.106759
0.106759
0.096520
0.096520
0.159977
0.159977
0.107145
0.107145
0.139718
0.139718
0.067322
0.067322
0.177009
0.177009
0.135986
0.135986
0.093292
0.093292
0.232740
0.232740
0.286208
0.286208
0.140772
0.140772
0.121483
0.121483
0.069380
0.069380
0.113173
0.113173
0.163911
0.163911
0.150934
0.150934
0.181812
0.181812
0.413995
0.413995
0.125811
0.125811
0.121399
0.121399
0.170227
0.170227
0.126878
0.126878
0.120264
0.120264
0.213108
0.213108
0.098234
0.098234
0.110914
0.110914
0.152219
0.152219
0.257672
0.257672
0.138076
0.138076
0.105824
0.105824
0.072407
0.072407
0.090021
0.090021
0.078122
0.078122
0.055289
0.055289
0.149664
0.149664
0.161149
0.161149
0.097116
0.097116
0.177662
0.177662
0.140484
0.140484
0.092078
0.092078
0.182106
0.182106
0.173940
0.173940
0.171310
0.171310
0.292389
0.292389
0.157890
0.157890
0.135016
0.135016
0.228061
0.228061
0.265588
0.265588
0.158369
0.158369
0.280993
0.280993
0.099086
0.099086
0.202893
0.202893
0.157983
0.157983
0.099841
0.099841
0.274322
0.274322
0.071537
0.071537
0.084822
0.084822
0.324825
0.324825
0.306251
0.306251
0.125561
0.125561
0.146079
0.146079
0.051379
0.051379
0.232394
0.232394
0.122252
0.122252
0.206861
0.206861
0.145633
0.145633
0.297758
0.297758
0.080188
0.080188
0.098855
0.098855
0.186852
0.186852
0.103928
0.103928
0.224703
0.224703
0.058193
0.058193
0.114984
0.114984
0.069103
0.069103
0.123648
0.123648
0.147335
0.147335
0.062904
0.062904
0.178495
0.178495
0.152296
0.152296
0.094400
0.094400
0.159454
0.159454
0.424929
0.424929
0.124384
0.124384
0.117686
0.117686
0.174697
0.174697
0.112112
0.112112
0.227901
0.227901
0.125836
0.125836
0.405937
0.405937
0.141806
0.141806
0.063502
0.063502
0.051441
0.051441
0.319645
0.319645
0.138073
0.138073
0.254300
0.254300
0.184781
0.184781
0.128590
0.128590
0.139109
0.139109
0.458666
0.458666
0.061963
0.061963
0.029326
0.029326
0.310576
0.310576
0.119433
0.119433
0.048445
0.048445
0.119540
0.119540
0.123913
0.123913
0.185239
0.185239
0.082437
0.082437
0.085143
0.085143
0.196779
0.196779
0.152306
0.152306
0.098495
0.098495
0.131632
0.131632
0.096200
0.096200
0.224538
0.224538
0.085096
0.085096
0.195610
0.195610
0.239623
0.239623
0.134326
0.134326
0.062051
0.062051
0.124214
0.124214
0.128755
0.128755
0.085343
0.085343
0.198254
0.198254
0.171266
0.171266
0.216133
0.216133
0.133268
0.133268
0.179792
0.179792
0.080247
0.080247
0.241007
0.241007
0.052115
0.052115
0.170835
0.170835
0.326857
0.326857
0.196684
0.196684
0.075273
0.075273
0.128022
0.128022
0.343753
0.343753
0.058852
0.058852
0.133776
0.133776
0.046291
0.046291
0.106066
0.106066
0.168689
0.168689
0.120000
0.120000
0.042481
0.042481
0.104405
0.104405
0.227392
0.227392
0.048765
0.048765
0.159309
0.159309
0.123326
0.123326
0.087876
0.087876
0.168322
0.168322
0.216533
0.216533
0.247490
0.247490
0.117440
0.117440
0.255810
0.255810
0.189462
0.189462
0.141451
0.141451
0.116470
0.116470
0.132098
0.132098
0.056923
0.056923
0.234279
0.234279
0.166410
0.166410
0.139065
0.139065
0.320108
0.320108
0.228393
0.228393
0.102421
0.102421
0.337704
0.337704
0.199863
0.199863
0.089995
0.089995
0.118576
0.118576
0.088671
0.088671
0.249617
0.249617
0.083768
0.083768
0.312533
0.312533
0.141277
0.141277
0.062688
0.062688
0.035440
0.035440
0.250706
0.250706
0.106310
0.106310
0.065202
0.065202
0.112969
0.112969
0.240648
0.240648
0.068804
0.068804
0.116019
0.116019
0.151671
0.151671
0.327354
0.327354
0.106980
0.106980
0.232436
0.232436
0.158270
0.158270
0.218038
0.218038
0.105379
0.105379
0.452349
0.452349
0.342442
0.342442
0.120443
0.120443
0.205481
0.205481
0.193569
0.193569
0.087281
0.087281
0.104495
0.104495
0.167485
0.167485
0.132742
0.132742
0.236331
0.236331
0.095382
0.095382
0.204517
0.204517
0.158679
0.158679
0.189506
0.189506
0.203482
0.203482
0.119204
0.119204
0.074266
0.074266
0.120970
0.120970
0.124654
0.124654
0.157663
0.157663
0.091832
0.091832
0.168180
0.168180
0.089756
0.089756
0.170502
0.170502
0.169792
0.169792
0.330948
0.330948
0.231156
0.231156
0.166330
0.166330
0.094494
0.094494
0.284392
0.284392
0.209440
0.209440
0.124844
0.124844
0.128519
0.128519
0.145227
0.145227
0.239065
0.239065
0.129754
0.129754
0.133478
0.133478
0.159759
0.159759
0.150477
0.150477
0.159189
0.159189
0.148590
0.148590
0.109248
0.109248
0.089773
0.089773
0.233550
0.233550
0.045443
0.045443
0.154702
0.154702
0.080400
0.080400
0.241909
0.241909
0.160721
0.160721
0.054590
0.054590
0.121424
0.121424
0.052910
0.052910
0.062932
0.062932
0.175799
0.175799
0.258210
0.258210
0.124542
0.124542
0.260253
0.260253
0.166691
0.166691
0.066525
0.066525
0.120242
0.120242
0.213651
0.213651
0.134347
0.134347
0.299464
0.299464
0.088393
0.088393
0.144210
0.144210
0.249116
0.249116
0.087452
0.087452
0.162296
0.162296
0.132675
0.132675
0.154455
0.154455
0.253490
0.253490
0.146836
0.146836
0.079312
0.079312
0.207305
0.207305
0.062058
0.062058
0.176688
0.176688
0.096211
0.096211
0.144423
0.144423
0.145542
0.145542
0.151009
0.151009
0.093052
0.093052
0.117680
0.117680
0.125742
0.125742
0.158206
0.158206
0.184145
0.184145
0.187277
0.187277
0.157356
0.157356
0.245454
0.245454
0.171313
0.171313
0.061356
0.061356
0.103786
0.103786
0.136500
0.136500
0.392028
0.392028
0.182758
0.182758
0.135030
0.135030
0.203214
0.203214
0.208339
0.208339
0.101713
0.101713
0.170788
0.170788
0.213499
0.213499
0.113539
0.113539
0.159561
0.159561
0.154602
0.154602
0.170067
0.170067
0.128454
0.128454
0.115595
0.115595
0.075790
0.075790
0.053629
0.053629
0.087176
0.087176
0.195653
0.195653
0.057376
0.057376
0.141189
0.141189
0.115563
0.115563
0.106699
0.106699
0.193651
0.193651
0.191253
0.191253
0.099444
0.099444
0.101683
0.101683
0.206172
0.206172
0.272761
0.272761
0.133962
0.133962
0.053098
0.053098
0.087933
0.087933
0.058507
0.058507
0.342001
0.342001
0.157375
0.157375
0.118541
0.118541
0.188586
0.188586
0.261762
0.261762
0.167096
0.167096
0.263612
0.263612
0.181198
0.181198
0.117758
0.117758
0.216262
0.216262
0.173556
0.173556
0.058752
0.058752
0.123989
0.123989
0.035603
0.035603
0.184350
0.184350
0.097758
0.097758
0.329968
0.329968
0.084682
0.084682
0.298019
0.298019
0.159312
0.159312
0.192647
0.192647
0.073155
0.073155
0.107612
0.107612
0.050153
0.050153
0.147203
0.147203
0.228227
0.228227
0.123856
0.123856
0.153082
0.153082
0.214871
0.214871
0.125083
0.125083
0.274967
0.274967
0.291696
0.291696
0.045961
0.045961
0.092602
0.092602
0.067878
0.067878
0.205191
0.205191
0.177305
0.177305
0.159763
0.159763
0.094554
0.094554
0.280388
0.280388
0.163941
0.163941
0.162660
0.162660
0.070671
0.070671
0.151080
0.151080
0.018787
0.018787
0.241489
0.241489
0.223289
0.223289
0.225578
0.225578
0.073857
0.073857
0.223382
0.223382
0.097324
0.097324
0.104008
0.104008
0.164971
0.164971
0.109913
0.109913
0.249148
0.249148
0.265998
0.265998
0.100881
0.100881
0.250015
0.250015
0.146359
0.146359
0.124253
0.124253
0.094806
0.094806
0.189595
0.189595
0.361897
0.361897
0.168590
0.168590
0.236679
0.236679
0.083667
0.083667
0.242181
0.242181
0.096162
0.096162
0.130612
0.130612
0.031157
0.031157
0.145193
0.145193
0.052894
0.052894
0.057055
0.057055
0.204730
0.204730
0.092434
0.092434
0.293662
0.293662
0.091630
0.091630
0.250128
0.250128
0.151345
0.151345
0.098015
0.098015
0.103780
0.103780
0.131866
0.131866
0.187070
0.187070
0.060741
0.060741
0.127721
0.127721
0.085234
0.085234
0.243712
0.243712
0.115312
0.115312
0.219635
0.219635
0.189268
0.189268
0.060172
0.060172
0.196660
0.196660
0.182595
0.182595
0.230987
0.230987
0.107294
0.107294
0.235507
0.235507
0.118172
0.118172
0.133187
0.133187
0.152492
0.152492
0.077646
0.077646
0.147662
0.147662
0.051326
0.051326
0.166093
0.166093
0.104688
0.104688
0.133707
0.133707
0.124494
0.124494
0.177522
0.177522
0.150981
0.150981
0.043130
0.043130
0.158535
0.158535
0.222605
0.222605
0.133866
0.133866
0.116629
0.116629
0.089472
0.089472
0.087851
0.087851
0.079342
0.079342
0.078810
0.078810
0.082194
0.082194
0.075014
0.075014
0.034573
0.034573
0.257720
0.257720
0.268185
0.268185
0.226078
0.226078
0.228251
0.228251
0.155661
0.155661
0.129117
0.129117
0.183660
0.183660
0.240137
0.240137
0.124598
0.124598
0.240414
0.240414
0.090694
0.090694
0.211083
0.211083
0.158565
0.158565
0.108391
0.108391
0.137073
0.137073
0.410587
0.410587
0.082264
0.082264
0.067432
0.067432
0.093644
0.093644
0.204152
0.204152
0.146672
0.146672
0.161024
0.161024
0.143922
0.143922
0.099689
0.099689
0.087524
0.087524
0.040901
0.040901
0.135096
0.135096
0.172441
0.172441
0.095187
0.095187
0.192998
0.192998
0.064638
0.064638
0.106427
0.106427
0.123425
0.123425
0.103876
0.103876
0.225580
0.225580
0.041828
0.041828
0.127665
0.127665
0.084226
0.084226
0.234401
0.234401
0.108736
0.108736
0.057777
0.057777
0.132575
0.132575
0.117068
0.117068
0.184452
0.184452
0.128509
0.128509
0.271230
0.271230
0.284633
0.284633
0.097321
0.097321
0.283303
0.283303
0.068520
0.068520
0.246449
0.246449
0.132709
0.132709
0.189665
0.189665
0.063429
0.063429
0.061402
0.061402
0.168359
0.168359
0.168915
0.168915
0.312297
0.312297
0.209945
0.209945
0.048710
0.048710
0.126363
0.126363
0.151223
0.151223
0.188076
0.188076
0.104211
0.104211
0.081281
0.081281
0.142143
0.142143
0.174735
0.174735
0.242697
0.242697
0.197426
0.197426
0.090765
0.090765
0.103552
0.103552
0.040144
0.040144
0.071732
0.071732
0.091323
0.091323
0.074261
0.074261
0.197314
0.197314
0.189342
0.189342
0.117968
0.117968
0.208887
0.208887
0.245863
0.245863
0.166920
0.166920
0.230256
0.230256
0.244533
0.244533
0.104465
0.104465
0.111394
0.111394
0.176977
0.176977
0.112553
0.112553
0.118003
0.118003
0.206139
0.206139
0.145974
0.145974
0.149426
0.149426
0.135569
0.135569
0.405047
0.405047
0.239277
0.239277
0.340400
0.340400
0.317093
0.317093
0.163387
0.163387
0.066116
0.066116
0.183386
0.183386
0.227410
0.227410
0.236565
0.236565
0.121099
0.121099
0.227894
0.227894
0.136646
0.136646
0.079715
0.079715
0.144441
0.144441
0.088665
0.088665
0.065789
0.065789
0.065483
0.065483
0.129078
0.129078
0.164876
0.164876
0.227635
0.227635
0.147897
0.147897
0.163793
0.163793
0.107821
0.107821
0.238833
0.238833
0.143514
0.143514
0.197197
0.197197
0.096191
0.096191
0.307590
0.307590
0.100938
0.100938
0.201877
0.201877
0.083735
0.083735
0.106776
0.106776
0.306432
0.306432
0.260620
0.260620
0.228045
0.228045
0.051290
0.051290
0.161971
0.161971
0.086733
0.086733
0.065099
0.065099
0.135644
0.135644
0.175573
0.175573
0.208883
0.208883
0.235384
0.235384
0.083273
0.083273
0.119664
0.119664
0.199976
0.199976
0.067244
0.067244
0.145695
0.145695
0.095205
0.095205
0.142853
0.142853
0.121449
0.121449
0.165048
0.165048
0.156213
0.156213
0.189875
0.189875
0.204432
0.204432
0.203109
0.203109
0.098484
0.098484
0.229816
0.229816
0.127745
0.127745
0.176840
0.176840
0.171968
0.171968
0.254390
0.254390
0.075795
0.075795
0.370620
0.370620
0.086682
0.086682
0.075181
0.075181
0.292396
0.292396
0.147793
0.147793
0.037492
0.037492
0.057922
0.057922
0.248631
0.248631
0.225824
0.225824
0.121195
0.121195
0.129157
0.129157
0.176788
0.176788
0.113755
0.113755
0.234387
0.234387
0.097401
0.097401
0.085404
0.085404
0.205361
0.205361
0.188639
0.188639
0.065901
0.065901
0.224756
0.224756
0.231861
0.231861
0.100782
0.100782
0.134206
0.134206
0.060978
0.060978
0.328987
0.328987
0.327571
0.327571
0.069465
0.069465
0.046031
0.046031
0.202360
0.202360
0.152685
0.152685
0.268009
0.268009
0.049282
0.049282
0.243666
0.243666
0.122627
0.122627
0.107583
0.107583
0.135094
0.135094
0.075658
0.075658
0.204723
0.204723
0.135787
0.135787
0.098943
0.098943
0.063316
0.063316
0.155332
0.155332
0.169887
0.169887
0.079076
0.079076
0.043219
0.043219
0.139701
0.139701
0.093440
0.093440
0.075747
0.075747
0.262678
0.262678
0.029541
0.029541
0.065099
0.065099
0.104283
0.104283
0.316638
0.316638
0.149521
0.149521
0.171533
0.171533
0.035478
0.035478
0.116749
0.116749
0.156428
0.156428
0.106027
0.106027
0.222581
0.222581
0.070049
0.070049
0.198060
0.198060
0.100665
0.100665
0.234959
0.234959
0.194794
0.194794
0.211806
0.211806
0.250808
0.250808
0.211549
0.211549
0.075214
0.075214
0.280823
0.280823
0.169858
0.169858
0.163863
0.163863
0.128812
0.128812
0.126667
0.126667
0.119440
0.119440
0.077686
0.077686
0.211592
0.211592
0.092581
0.092581
0.139617
0.139617
0.201836
0.201836
0.154525
0.154525
0.125371
0.125371
0.164319
0.164319
0.162371
0.162371
0.247102
0.247102
0.216621
0.216621
0.122195
0.122195
0.073450
0.073450
0.070958
0.070958
0.152310
0.152310
0.187372
0.187372
0.117532
0.117532
0.132645
0.132645
0.134731
0.134731
0.124756
0.124756
0.115185
0.115185
0.113283
0.113283
0.323987
0.323987
0.199692
0.199692
0.252821
0.252821
0.114802
0.114802
0.250053
0.250053
0.095437
0.095437
0.142302
0.142302
0.073362
0.073362
0.123534
0.123534
0.224600
0.224600
0.111240
0.111240
0.058286
0.058286
0.111484
0.111484
0.170909
0.170909
0.156277
0.156277
0.174558
0.174558
0.076753
0.076753
0.090458
0.090458
0.081211
0.081211
0.201755
0.201755
0.294837
0.294837
0.167248
0.167248
0.122835
0.122835
0.195778
0.195778
0.054460
0.054460
0.052356
0.052356
0.218587
0.218587
0.271909
0.271909
0.051136
0.051136
0.077029
0.077029
0.098194
0.098194
0.157398
0.157398
0.090365
0.090365
0.454047
0.454047
0.149517
0.149517
0.109250
0.109250
0.118918
0.118918
0.200606
0.200606
0.129858
0.129858
0.136297
0.136297
0.081906
0.081906
0.178061
0.178061
0.132076
0.132076
0.079157
0.079157
0.216720
0.216720
0.101382
0.101382
0.143695
0.143695
0.141011
0.141011
0.177159
0.177159
0.132965
0.132965
0.160636
0.160636
0.155022
0.155022
0.200120
0.200120
0.262450
0.262450
0.041703
0.041703
0.166848
0.166848
0.096837
0.096837
0.088809
0.088809
0.198320
0.198320
0.119661
0.119661
0.079735
0.079735
0.191818
0.191818
0.103750
0.103750
0.130679
0.130679
0.295331
0.295331
0.217832
0.217832
0.077865
0.077865
0.047035
0.047035
0.187489
0.187489
0.060850
0.060850
0.157605
0.157605
0.165561
0.165561
0.142380
0.142380
0.281498
0.281498
0.250565
0.250565
0.128652
0.128652
0.074169
0.074169
0.087859
0.087859
0.149424
0.149424
0.089384
0.089384
0.077545
0.077545
0.397886
0.397886
0.165539
0.165539
0.168070
0.168070
0.161624
0.161624
0.205413
0.205413
0.209695
0.209695
0.119164
0.119164
0.060650
0.060650
0.154425
0.154425
0.252543
0.252543
0.151553
0.151553
0.333474
0.333474
0.169307
0.169307
0.118196
0.118196
0.229603
0.229603
0.151133
0.151133
0.128080
0.128080
0.127036
0.127036
0.111661
0.111661
0.323341
0.323341
0.212335
0.212335
0.112365
0.112365
0.075648
0.075648
0.181560
0.181560
0.256339
0.256339
0.245893
0.245893
0.214796
0.214796
0.092738
0.092738
0.190126
0.190126
0.232259
0.232259
0.161406
0.161406
0.066005
0.066005
0.334881
0.334881
0.076131
0.076131
0.067415
0.067415
0.207455
0.207455
0.103391
0.103391
0.169891
0.169891
0.124759
0.124759
0.117547
0.117547
0.199399
0.199399
0.201585
0.201585
0.049974
0.049974
0.109837
0.109837
0.078508
0.078508
0.132581
0.132581
0.239738
0.239738
0.084567
0.084567
0.228636
0.228636
0.125863
0.125863
0.295614
0.295614
0.114129
0.114129
0.143837
0.143837
0.100545
0.100545
0.061923
0.061923
0.082193
0.082193
0.351567
0.351567
0.103740
0.103740
0.026461
0.026461
0.273898
0.273898
0.105271
0.105271
0.202622
0.202622
0.063655
0.063655
0.115272
0.115272
0.195562
0.195562
0.139620
0.139620
0.151167
0.151167
0.091244
0.091244
0.080464
0.080464
0.302236
0.302236
0.127584
0.127584
0.135970
0.135970
0.336780
0.336780
0.113244
0.113244
0.143853
0.143853
0.036385
0.036385
0.068138
0.068138
0.085892
0.085892
0.066663
0.066663
0.125233
0.125233
0.149060
0.149060
0.088739
0.088739
0.138011
0.138011
0.210082
0.210082
0.201256
0.201256
0.133069
0.133069
0.381457
0.381457
0.045400
0.045400
0.070996
0.070996
0.061945
0.061945
0.201540
0.201540
0.145218
0.145218
0.065357
0.065357
0.154116
0.154116
0.083009
0.083009
0.102750
0.102750
0.326785
0.326785
0.158590
0.158590
0.094907
0.094907
0.120307
0.120307
0.110188
0.110188
0.172160
0.172160
0.170165
0.170165
0.095198
0.095198
0.390381
0.390381
0.257589
0.257589
0.045430
0.045430
0.129714
0.129714
0.180290
0.180290
0.067412
0.067412
0.137803
0.137803
0.197377
0.197377
0.185983
0.185983
0.166022
0.166022
0.137791
0.137791
0.060852
0.060852
0.116901
0.116901
0.053461
0.053461
0.176313
0.176313
0.085895
0.085895
0.166944
0.166944
0.299268
0.299268
0.131796
0.131796
0.231373
0.231373
0.191292
0.191292
0.054177
0.054177
0.231311
0.231311
0.084999
0.084999
0.083179
0.083179
0.159560
0.159560
0.141656
0.141656
0.141437
0.141437
0.118775
0.118775
0.172887
0.172887
0.135528
0.135528
0.118578
0.118578
0.066801
0.066801
0.233940
0.233940
0.203590
0.203590
0.127079
0.127079
0.121530
0.121530
0.097897
0.097897
0.206871
0.206871
0.239719
0.239719
0.185578
0.185578
0.145420
0.145420
0.127844
0.127844
0.168459
0.168459
0.132576
0.132576
0.091505
0.091505
0.135608
0.135608
0.059815
0.059815
0.122222
0.122222
0.127315
0.127315
0.040991
0.040991
0.250174
0.250174
0.042442
0.042442
0.055706
0.055706
0.094999
0.094999
0.117086
0.117086
0.103684
0.103684
0.059425
0.059425
0.118106
0.118106
0.153394
0.153394
0.106618
0.106618
0.163786
0.163786
0.084324
0.084324
0.097862
0.097862
0.242137
0.242137
0.137520
0.137520
0.345772
0.345772
0.208197
0.208197
0.182456
0.182456
0.108285
0.108285
0.123038
0.123038
0.153863
0.153863
0.173186
0.173186
0.113133
0.113133
0.109995
0.109995
0.268006
0.268006
0.308863
0.308863
0.163783
0.163783
0.075295
0.075295
0.261555
0.261555
0.089248
0.089248
0.146882
0.146882
0.123492
0.123492
0.233507
0.233507
0.085815
0.085815
0.049957
0.049957
0.270753
0.270753
0.277263
0.277263
0.168590
0.168590
0.182201
0.182201
0.109204
0.109204
0.141597
0.141597
0.230255
0.230255
0.153176
0.153176
0.108216
0.108216
0.216944
0.216944
0.181192
0.181192
0.114644
0.114644
0.134839
0.134839
0.117871
0.117871
0.085562
0.085562
0.161429
0.161429
0.053239
0.053239
0.195784
0.195784
0.105588
0.105588
0.241916
0.241916
0.242572
0.242572
0.046597
0.046597
0.087688
0.087688
0.138587
0.138587
0.209636
0.209636
0.135506
0.135506
0.281317
0.281317
0.069070
0.069070
0.084261
0.084261
0.199251
0.199251
0.175523
0.175523
0.139692
0.139692
0.066073
0.066073
0.179833
0.179833
0.136544
0.136544
0.063973
0.063973
0.094506
0.094506
0.062648
0.062648
0.222132
0.222132
0.129111
0.129111
0.208512
0.208512
0.120862
0.120862
0.130551
0.130551
0.059278
0.059278
0.144791
0.144791
0.093396
0.093396
0.096476
0.096476
0.303861
0.303861
0.217032
0.217032
0.144062
0.144062
0.121912
0.121912
0.134295
0.134295
0.152999
0.152999
0.073161
0.073161
0.160319
0.160319
0.103372
0.103372
0.197774
0.197774
0.201587
0.201587
0.263991
0.263991
0.059439
0.059439
0.096084
0.096084
0.169430
0.169430
0.113575
0.113575
0.177450
0.177450
0.195138
0.195138
0.176890
0.176890
0.137678
0.137678
0.293828
0.293828
0.222262
0.222262
0.085301
0.085301
0.303861
0.303861
0.260872
0.260872
0.201658
0.201658
0.332894
0.332894
0.104868
0.104868
0.055020
0.055020
0.250666
0.250666
0.183489
0.183489
0.068948
0.068948
0.135008
0.135008
0.163165
0.163165
0.103474
0.103474
0.060838
0.060838
0.236375
0.236375
0.356705
0.356705
0.179310
0.179310
0.106655
0.106655
0.162992
0.162992
0.138009
0.138009
0.113128
0.113128
0.144220
0.144220
0.177756
0.177756
0.086104
0.086104
0.326743
0.326743
0.087585
0.087585
0.086390
0.086390
0.052964
0.052964
0.193282
0.193282
0.149946
0.149946
0.067881
0.067881
0.146067
0.146067
0.130487
0.130487
0.087065
0.087065
0.142544
0.142544
0.119170
0.119170
0.036548
0.036548
0.105461
0.105461
0.315220
0.315220
0.075456
0.075456
0.197134
0.197134
0.106080
0.106080
0.146902
0.146902
0.063027
0.063027
0.249045
0.249045
0.178948
0.178948
0.156844
0.156844
0.144765
0.144765
0.122731
0.122731
0.041936
0.041936
0.307541
0.307541
0.299697
0.299697
0.157353
0.157353
0.163417
0.163417
0.143982
0.143982
0.170712
0.170712
0.142540
0.142540
0.067960
0.067960
0.200577
0.200577
0.162194
0.162194
0.261299
0.261299
0.262232
0.262232
0.201963
0.201963
0.162838
0.162838
0.062712
0.062712
0.334116
0.334116
0.073936
0.073936
0.136385
0.136385
0.070690
0.070690
0.119233
0.119233
0.232127
0.232127
0.150898
0.150898
0.165349
0.165349
0.132474
0.132474
0.122732
0.122732
0.123420
0.123420
0.163008
0.163008
0.062315
0.062315
0.150630
0.150630
0.078426
0.078426
0.057085
0.057085
0.244852
0.244852
0.081365
0.081365
0.218578
0.218578
0.125208
0.125208
0.126670
0.126670
0.062601
0.062601
0.202262
0.202262
0.073863
0.073863
0.085671
0.085671
0.220989
0.220989
0.288757
0.288757
0.204001
0.204001
0.171999
0.171999
0.078682
0.078682
0.099985
0.099985
0.172439
0.172439
0.119103
0.119103
0.050976
0.050976
0.240647
0.240647
0.075744
0.075744
0.044902
0.044902
0.113717
0.113717
0.097986
0.097986
0.110018
0.110018
0.052356
0.052356
0.149886
0.149886
0.097664
0.097664
0.096786
0.096786
0.226071
0.226071
0.327985
0.327985
0.106296
0.106296
0.149735
0.149735
0.076879
0.076879
0.103510
0.103510
0.144334
0.144334
0.193171
0.193171
0.144958
0.144958
0.236847
0.236847
0.108838
0.108838
0.210445
0.210445
0.131922
0.131922
0.184312
0.184312
0.167814
0.167814
0.366489
0.366489
0.058387
0.058387
0.183920
0.183920
0.229423
0.229423
0.103092
0.103092
0.063890
0.063890
0.084149
0.084149
0.226297
0.226297
0.108441
0.108441
0.135531
0.135531
0.142490
0.142490
0.175488
0.175488
0.159789
0.159789
0.062436
0.062436
0.111334
0.111334
0.317047
0.317047
0.071406
0.071406
0.123186
0.123186
0.177775
0.177775
0.148015
0.148015
0.185277
0.185277
0.142850
0.142850
0.202413
0.202413
0.157177
0.157177
0.130365
0.130365
0.116366
0.116366
0.120925
0.120925
0.048290
0.048290
0.158550
0.158550
0.123866
0.123866
0.069093
0.069093
0.259621
0.259621
0.085952
0.085952
0.124357
0.124357
0.196121
0.196121
0.268927
0.268927
0.107504
0.107504
0.093131
0.093131
0.208734
0.208734
0.061457
0.061457
0.231977
0.231977
0.196474
0.196474
0.111369
0.111369
0.100434
0.100434
0.183225
0.183225
0.140096
0.140096
0.138972
0.138972
0.061766
0.061766
0.075244
0.075244
0.223720
0.223720
0.101255
0.101255
0.161631
0.161631
0.098698
0.098698
0.207035
0.207035
0.088571
0.088571
0.196058
0.196058
0.191554
0.191554
0.464882
0.464882
0.162029
0.162029
0.076093
0.076093
0.097527
0.097527
0.181754
0.181754
0.204331
0.204331
0.275118
0.275118
0.060158
0.060158
0.078304
0.078304
0.296924
0.296924
0.213927
0.213927
0.287274
0.287274
0.229233
0.229233
0.172557
0.172557
0.202218
0.202218
0.103421
0.103421
0.074924
0.074924
0.118662
0.118662
0.237992
0.237992
0.163863
0.163863
0.125470
0.125470
0.219636
0.219636
0.208858
0.208858
0.227737
0.227737
0.245103
0.245103
0.155383
0.155383
0.112475
0.112475
0.172224
0.172224
0.118647
0.118647
0.320586
0.320586
0.079712
0.079712
0.122407
0.122407
0.178631
0.178631
0.164100
0.164100
0.213364
0.213364
0.080429
0.080429
0.281916
0.281916
0.265178
0.265178
0.237054
0.237054
0.040834
0.040834
0.133529
0.133529
0.214008
0.214008
0.083224
0.083224
0.125121
0.125121
0.121951
0.121951
0.139245
0.139245
0.357912
0.357912
0.137777
0.137777
0.290504
0.290504
0.106372
0.106372
0.057427
0.057427
0.266986
0.266986
0.055667
0.055667
0.064296
0.064296
0.040718
0.040718
0.056578
0.056578
0.139292
0.139292
0.077427
0.077427
0.117489
0.117489
0.233896
0.233896
0.110454
0.110454
0.133850
0.133850
0.129581
0.129581
0.159615
0.159615
0.150693
0.150693
0.087845
0.087845
0.318457
0.318457
0.126693
0.126693
0.391417
0.391417
0.125864
0.125864
0.180893
0.180893
0.143329
0.143329
0.223233
0.223233
0.148111
0.148111
0.110497
0.110497
0.038306
0.038306
0.097739
0.097739
0.190161
0.190161
0.158468
0.158468
0.246435
0.246435
0.098740
0.098740
0.057200
0.057200
0.207030
0.207030
0.095434
0.095434
0.233578
0.233578
0.115054
0.115054
0.103329
0.103329
0.078988
0.078988
0.219707
0.219707
0.076641
0.076641
0.119791
0.119791
0.127376
0.127376
0.113242
0.113242
0.132800
0.132800
0.205986
0.205986
0.101877
0.101877
0.136536
0.136536
0.216624
0.216624
0.273067
0.273067
0.126039
0.126039
0.142008
0.142008
0.269881
0.269881
0.082675
0.082675
0.167233
0.167233
0.083194
0.083194
0.184512
0.184512
0.289979
0.289979
0.222306
0.222306
0.128774
0.128774
0.271654
0.271654
0.040811
0.040811
0.118426
0.118426
0.236193
0.236193
0.243193
0.243193
0.043915
0.043915
0.128936
0.128936
0.100149
0.100149
0.327610
0.327610
0.159723
0.159723
0.060436
0.060436
0.139022
0.139022
0.195287
0.195287
0.105618
0.105618
0.118135
0.118135
0.129786
0.129786
0.397213
0.397213
0.087563
0.087563
0.109122
0.109122
0.152390
0.152390
0.118204
0.118204
0.096952
0.096952
0.221531
0.221531
0.088067
0.088067
0.074181
0.074181
0.043763
0.043763
0.093712
0.093712
0.141089
0.141089
0.083622
0.083622
0.246713
0.246713
0.074946
0.074946
0.075224
0.075224
0.155230
0.155230
0.075043
0.075043
0.253172
0.253172
0.042158
0.042158
0.076423
0.076423
0.093926
0.093926
0.297986
0.297986
0.189037
0.189037
0.160636
0.160636
0.197817
0.197817
0.162893
0.162893
0.110250
0.110250
0.189225
0.189225
0.193522
0.193522
0.223108
0.223108
0.129942
0.129942
0.274097
0.274097
0.052716
0.052716
0.216361
0.216361
0.134424
0.134424
0.166723
0.166723
0.243790
0.243790
0.285991
0.285991
0.084094
0.084094
0.167207
0.167207
0.064947
0.064947
0.181937
0.181937
0.075074
0.075074
0.317770
0.317770
0.138944
0.138944
0.162852
0.162852
0.035878
0.035878
0.132466
0.132466
0.254720
0.254720
0.137145
0.137145
0.073366
0.073366
0.057585
0.057585
0.202619
0.202619
0.075512
0.075512
0.086626
0.086626
0.153881
0.153881
0.143233
0.143233
0.044153
0.044153
0.215346
0.215346
0.057181
0.057181
0.189509
0.189509
0.108021
0.108021
0.204407
0.204407
0.162660
0.162660
0.142872
0.142872
0.084506
0.084506
0.041730
0.041730
0.302981
0.302981
0.039254
0.039254
0.069150
0.069150
0.122564
0.122564
0.178199
0.178199
0.190776
0.190776
0.089520
0.089520
0.198330
0.198330
0.118073
0.118073
0.091484
0.091484
0.148530
0.148530
0.062976
0.062976
0.466651
0.466651
0.430422
0.430422
0.187714
0.187714
0.199432
0.199432
0.136078
0.136078
0.149434
0.149434
0.031706
0.031706
0.066262
0.066262
0.048206
0.048206
0.158941
0.158941
0.115331
0.115331
0.057549
0.057549
0.131493
0.131493
0.095148
0.095148
0.102763
0.102763
0.157628
0.157628
0.079413
0.079413
0.258866
0.258866
0.137712
0.137712
0.108743
0.108743
0.126048
0.126048
0.274624
0.274624
0.052429
0.052429
0.082262
0.082262
0.155896
0.155896
0.196279
0.196279
0.115619
0.115619
0.220742
0.220742
0.212369
0.212369
0.104465
0.104465
0.271611
0.271611
0.469403
0.469403
0.127454
0.127454
0.153144
0.153144
0.108168
0.108168
0.208900
0.208900
0.207542
0.207542
0.163439
0.163439
0.097727
0.097727
0.146860
0.146860
0.049604
0.049604
0.147720
0.147720
0.083366
0.083366
0.046542
0.046542
0.152870
0.152870
0.161064
0.161064
0.102697
0.102697
0.178783
0.178783
0.096519
0.096519
0.187715
0.187715
0.189748
0.189748
0.045504
0.045504
0.202261
0.202261
0.201865
0.201865
0.199366
0.199366
0.179090
0.179090
0.148670
0.148670
0.239187
0.239187
0.163673
0.163673
0.274460
0.274460
0.188391
0.188391
0.100318
0.100318
0.068847
0.068847
0.307182
0.307182
0.101514
0.101514
0.094674
0.094674
0.088532
0.088532
0.129116
0.129116
0.194379
0.194379
0.155980
0.155980
0.090177
0.090177
0.098668
0.098668
0.123081
0.123081
0.063889
0.063889
0.067466
0.067466
0.120918
0.120918
0.108665
0.108665
0.082809
0.082809
0.116964
0.116964
0.237278
0.237278
0.132445
0.132445
0.062923
0.062923
0.281349
0.281349
0.115653
0.115653
0.255749
0.255749
0.159752
0.159752
0.245178
0.245178
0.135261
0.135261
0.180879
0.180879
0.092419
0.092419
0.125698
0.125698
0.238150
0.238150
0.096253
0.096253
0.144121
0.144121
0.139295
0.139295
0.100146
0.100146
0.098694
0.098694
0.336730
0.336730
0.086517
0.086517
0.235216
0.235216
0.163314
0.163314
0.217048
0.217048
0.094275
0.094275
0.320774
0.320774
0.174450
0.174450
0.218285
0.218285
0.082916
0.082916
0.177893
0.177893
0.156896
0.156896
0.114669
0.114669
0.177342
0.177342
0.124179
0.124179
0.106279
0.106279
0.146900
0.146900
0.147349
0.147349
0.139304
0.139304
0.168581
0.168581
0.293966
0.293966
0.120672
0.120672
0.236514
0.236514
0.156912
0.156912
0.174258
0.174258
0.096844
0.096844
0.303329
0.303329
0.067555
0.067555
0.190548
0.190548
0.036439
0.036439
0.056576
0.056576
0.188364
0.188364
0.134351
0.134351
0.168303
0.168303
0.084380
0.084380
0.197173
0.197173
0.174697
0.174697
0.109461
0.109461
0.075508
0.075508
0.197848
0.197848
0.148941
0.148941
0.121587
0.121587
0.159108
0.159108
0.118860
0.118860
0.085190
0.085190
0.121464
0.121464
0.077769
0.077769
0.129013
0.129013
0.149513
0.149513
0.152042
0.152042
0.156289
0.156289
0.223536
0.223536
0.048629
0.048629
0.234193
0.234193
0.100300
0.100300
0.294906
0.294906
0.178092
0.178092
0.160109
0.160109
0.122324
0.122324
0.099850
0.099850
0.198299
0.198299
0.152308
0.152308
0.124205
0.124205
0.240305
0.240305
0.164398
0.164398
0.031225
0.031225
0.057642
0.057642
0.123701
0.123701
0.123396
0.123396
0.080266
0.080266
0.062983
0.062983
0.130786
0.130786
0.181669
0.181669
0.126220
0.126220
0.056877
0.056877
0.217467
0.217467
0.025359
0.025359
0.211092
0.211092
0.062617
0.062617
0.035723
0.035723
0.048832
0.048832
0.160653
0.160653
0.100977
0.100977
0.104054
0.104054
0.074968
0.074968
0.216291
0.216291
0.207233
0.207233
0.166184
0.166184
0.064166
0.064166
0.268959
0.268959
0.095220
0.095220
0.137930
0.137930
0.307894
0.307894
0.086311
0.086311
0.145553
0.145553
0.255329
0.255329
0.125893
0.125893
0.351768
0.351768
0.203113
0.203113
0.359543
0.359543
0.103691
0.103691
0.261978
0.261978
0.086891
0.086891
0.126614
0.126614
0.375876
0.375876
0.088428
0.088428
0.191740
0.191740
0.086496
0.086496
0.086919
0.086919
0.041258
0.041258
0.101478
0.101478
0.122863
0.122863
0.141642
0.141642
0.067279
0.067279
0.206202
0.206202
0.055197
0.055197
0.172564
0.172564
0.197644
0.197644
0.261775
0.261775
0.099158
0.099158
0.186582
0.186582
0.175253
0.175253
0.040639
0.040639
0.075416
0.075416
0.084111
0.084111
0.153157
0.153157
0.122376
0.122376
0.093576
0.093576
0.127424
0.127424
0.172540
0.172540
0.053440
0.053440
0.036314
0.036314
0.200423
0.200423
0.057521
0.057521
0.088042
0.088042
0.170535
0.170535
0.183957
0.183957
0.168377
0.168377
0.458278
0.458278
0.242419
0.242419
0.155768
0.155768
0.091126
0.091126
0.265944
0.265944
0.108429
0.108429
0.126056
0.126056
0.087613
0.087613
0.071079
0.071079
0.148875
0.148875
0.104969
0.104969
0.245363
0.245363
0.114828
0.114828
0.124149
0.124149
0.208590
0.208590
0.062405
0.062405
0.174699
0.174699
0.341039
0.341039
0.087758
0.087758
0.083309
0.083309
0.312072
0.312072
0.094083
0.094083
0.070713
0.070713
0.264019
0.264019
0.263246
0.263246
0.214325
0.214325
0.108728
0.108728
0.084850
0.084850
0.145577
0.145577
0.108654
0.108654
0.137948
0.137948
0.157040
0.157040
0.157090
0.157090
0.149346
0.149346
0.104299
0.104299
0.225832
0.225832
0.209910
0.209910
0.071992
0.071992
0.336076
0.336076
0.099530
0.099530
0.092290
0.092290
0.236136
0.236136
0.234408
0.234408
0.069966
0.069966
0.095543
0.095543
0.126653
0.126653
0.178867
0.178867
0.156404
0.156404
0.138682
0.138682
0.107685
0.107685
0.226842
0.226842
0.050695
0.050695
0.184494
0.184494
0.219421
0.219421
0.149821
0.149821
0.084531
0.084531
0.145240
0.145240
0.290346
0.290346
0.139558
0.139558
0.093251
0.093251
0.168417
0.168417
0.142626
0.142626
0.064549
0.064549
0.315702
0.315702
0.121484
0.121484
0.135223
0.135223
0.231002
0.231002
0.305376
0.305376
0.269636
0.269636
0.129614
0.129614
0.110673
0.110673
0.038988
0.038988
0.083454
0.083454
0.074249
0.074249
0.155799
0.155799
0.068644
0.068644
0.122914
0.122914
0.138027
0.138027
0.210440
0.210440
0.168257
0.168257
0.076693
0.076693
0.203765
0.203765
0.074316
0.074316
0.120708
0.120708
0.205992
0.205992
0.107480
0.107480
0.072011
0.072011
0.156963
0.156963
0.107485
0.107485
0.114603
0.114603
0.153716
0.153716
0.114666
0.114666
0.184323
0.184323
0.247188
0.247188
0.135283
0.135283
0.159584
0.159584
0.067823
0.067823
0.295237
0.295237
0.064108
0.064108
0.091925
0.091925
0.132360
0.132360
0.156675
0.156675
0.079928
0.079928
0.062027
0.062027
0.102224
0.102224
0.132969
0.132969
0.114843
0.114843
0.104048
0.104048
0.120166
0.120166
0.196780
0.196780
0.117746
0.117746
0.383720
0.383720
0.120129
0.120129
0.141656
0.141656
0.210930
0.210930
0.060127
0.060127
0.218269
0.218269
0.078594
0.078594
0.259848
0.259848
0.139712
0.139712
0.115734
0.115734
0.106639
0.106639
0.226767
0.226767
0.187219
0.187219
0.143877
0.143877
0.078556
0.078556
0.100881
0.100881
0.078595
0.078595
0.147363
0.147363
0.085289
0.085289
0.456281
0.456281
0.144607
0.144607
0.112471
0.112471
0.227018
0.227018
0.196877
0.196877
0.169813
0.169813
0.116138
0.116138
0.457749
0.457749
0.191862
0.191862
0.083516
0.083516
0.276088
0.276088
0.089046
0.089046
0.148029
0.148029
0.076945
0.076945
0.065553
0.065553
0.043690
0.043690
0.055502
0.055502
0.103287
0.103287
0.106695
0.106695
0.183465
0.183465
0.105722
0.105722
0.084575
0.084575
0.233642
0.233642
0.266335
0.266335
0.134066
0.134066
0.128401
0.128401
0.231632
0.231632
0.178209
0.178209
0.106135
0.106135
0.142691
0.142691
0.121423
0.121423
0.074706
0.074706
0.055371
0.055371
0.061428
0.061428
0.160912
0.160912
0.107059
0.107059
0.107597
0.107597
0.162623
0.162623
0.128615
0.128615
0.108971
0.108971
0.167357
0.167357
0.119985
0.119985
0.099653
0.099653
0.155388
0.155388
0.100232
0.100232
0.312171
0.312171
0.098409
0.098409
0.176792
0.176792
0.103707
0.103707
0.399534
0.399534
0.116803
0.116803
0.113428
0.113428
0.302248
0.302248
0.176006
0.176006
0.077834
0.077834
0.056106
0.056106
0.232674
0.232674
0.191935
0.191935
0.300794
0.300794
0.320322
0.320322
0.153317
0.153317
0.123711
0.123711
0.090966
0.090966
0.134768
0.134768
0.064666
0.064666
0.088309
0.088309
0.064916
0.064916
0.095313
0.095313
0.159597
0.159597
0.138436
0.138436
0.292830
0.292830
0.169057
0.169057
0.174372
0.174372
0.076411
0.076411
0.208507
0.208507
0.406940
0.406940
0.111518
0.111518
0.147277
0.147277
0.245903
0.245903
0.216418
0.216418
0.184097
0.184097
0.076324
0.076324
0.048799
0.048799
0.182925
0.182925
0.072969
0.072969
0.153179
0.153179
0.054567
0.054567
0.050647
0.050647
0.158854
0.158854
0.080299
0.080299
0.153567
0.153567
0.079493
0.079493
0.309204
0.309204
0.225052
0.225052
0.127341
0.127341
0.211998
0.211998
0.157476
0.157476
0.255941
0.255941
0.078835
0.078835
0.255672
0.255672
0.153639
0.153639
0.111840
0.111840
0.175919
0.175919
0.076627
0.076627
0.152683
0.152683
0.116157
0.116157
0.120982
0.120982
0.172079
0.172079
0.080505
0.080505
0.053207
0.053207
0.119064
0.119064
0.128860
0.128860
0.040551
0.040551
0.096645
0.096645
0.111467
0.111467
0.137012
0.137012
0.214869
0.214869
0.150598
0.150598
0.144587
0.144587
0.111428
0.111428
0.110053
0.110053
0.096571
0.096571
0.245272
0.245272
0.180064
0.180064
0.183602
0.183602
0.061279
0.061279
0.047801
0.047801
0.252051
0.252051
0.082426
0.082426
0.087778
0.087778
0.112515
0.112515
0.087351
0.087351
0.055193
0.055193
0.093486
0.093486
0.097890
0.097890
0.144385
0.144385
0.212675
0.212675
0.086548
0.086548
0.292005
0.292005
0.132588
0.132588
0.074767
0.074767
0.097949
0.097949
0.199051
0.199051
0.087205
0.087205
0.205150
0.205150
0.071930
0.071930
0.090065
0.090065
0.205201
0.205201
0.054827
0.054827
0.250096
0.250096
0.177440
0.177440
0.120048
0.120048
0.331041
0.331041
0.124587
0.124587
0.098140
0.098140
0.074828
0.074828
0.161526
0.161526
0.190982
0.190982
0.043507
0.043507
0.083351
0.083351
0.139436
0.139436
0.193597
0.193597
0.206004
0.206004
0.049375
0.049375
0.104224
0.104224
0.208824
0.208824
0.080548
0.080548
0.083100
0.083100
0.135620
0.135620
0.144530
0.144530
0.060651
0.060651
0.076368
0.076368
0.137886
0.137886
0.145014
0.145014
0.229065
0.229065
0.204599
0.204599
0.072691
0.072691
0.083924
0.083924
0.086374
0.086374
0.140939
0.140939
0.103516
0.103516
0.087788
0.087788
0.130736
0.130736
0.160156
0.160156
0.109880
0.109880
0.049939
0.049939
0.317067
0.317067
0.118550
0.118550
0.214396
0.214396
0.116713
0.116713
0.065833
0.065833
0.253491
0.253491
0.115596
0.115596
0.033406
0.033406
0.094588
0.094588
0.294832
0.294832
0.284603
0.284603
0.564662
0.564662
0.187261
0.187261
0.172351
0.172351
0.227317
0.227317
0.108570
0.108570
0.198676
0.198676
0.119672
0.119672
0.195968
0.195968
0.176949
0.176949
0.061023
0.061023
0.323455
0.323455
0.069931
0.069931
0.112407
0.112407
0.226065
0.226065
0.270510
0.270510
0.041775
0.041775
0.194307
0.194307
0.125734
0.125734
0.216127
0.216127
0.250749
0.250749
0.182095
0.182095
0.122970
0.122970
0.231619
0.231619
0.199874
0.199874
0.169469
0.169469
0.184157
0.184157
0.121044
0.121044
0.154659
0.154659
0.118426
0.118426
0.122152
0.122152
0.209727
0.209727
0.018883
0.018883
0.064189
0.064189
0.167849
0.167849
0.137533
0.137533
0.115278
0.115278
0.342643
0.342643
0.176293
0.176293
0.063968
0.063968
0.197723
0.197723
0.097055
0.097055
0.099202
0.099202
0.128602
0.128602
0.123018
0.123018
0.162157
0.162157
0.322316
0.322316
0.153158
0.153158
0.126715
0.126715
0.146149
0.146149
0.107023
0.107023
0.050951
0.050951
0.089247
0.089247
0.193995
0.193995
0.137115
0.137115
0.088261
0.088261
0.124618
0.124618
0.068058
0.068058
0.104789
0.104789
0.091834
0.091834
0.120064
0.120064
0.172051
0.172051
0.109332
0.109332
0.147654
0.147654
0.183083
0.183083
0.051324
0.051324
0.083210
0.083210
0.095540
0.095540
0.102433
0.102433
0.181592
0.181592
0.083804
0.083804
0.258927
0.258927
0.158575
0.158575
0.129829
0.129829
0.102400
0.102400
0.226166
0.226166
0.133414
0.133414
0.211323
0.211323
0.074139
0.074139
0.122215
0.122215
0.151805
0.151805
0.071953
0.071953
0.031839
0.031839
0.338125
0.338125
0.178099
0.178099
0.144314
0.144314
0.134851
0.134851
0.099139
0.099139
0.079187
0.079187
0.340665
0.340665
0.094312
0.094312
0.365799
0.365799
0.046121
0.046121
0.223227
0.223227
0.142126
0.142126
0.191446
0.191446
0.068577
0.068577
0.239162
0.239162
0.159666
0.159666
0.227831
0.227831
0.160672
0.160672
0.234309
0.234309
0.178733
0.178733
0.113678
0.113678
0.136896
0.136896
0.311868
0.311868
0.253331
0.253331
0.122497
0.122497
0.254388
0.254388
0.115694
0.115694
0.115329
0.115329
0.318633
0.318633
0.131205
0.131205
0.097940
0.097940
0.250959
0.250959
0.115227
0.115227
0.125977
0.125977
0.135206
0.135206
0.123702
0.123702
0.203381
0.203381
0.123969
0.123969
0.072814
0.072814
0.238647
0.238647
0.230051
0.230051
0.153744
0.153744
0.178623
0.178623
0.185261
0.185261
0.090606
0.090606
0.091819
0.091819
0.161289
0.161289
0.051584
0.051584
0.097100
0.097100
0.153706
0.153706
0.148568
0.148568
0.131439
0.131439
0.118776
0.118776
0.209656
0.209656
0.107939
0.107939
0.079557
0.079557
0.122951
0.122951
0.094547
0.094547
0.194852
0.194852
0.285373
0.285373
0.149212
0.149212
0.072239
0.072239
0.170439
0.170439
0.139857
0.139857
0.128556
0.128556
0.154392
0.154392
0.093298
0.093298
0.148955
0.148955
0.092383
0.092383
0.097880
0.097880
0.196221
0.196221
0.107185
0.107185
0.101270
0.101270
0.069385
0.069385
0.136109
0.136109
0.146181
0.146181
0.094435
0.094435
0.141113
0.141113
0.050531
0.050531
0.120844
0.120844
0.128862
0.128862
0.140761
0.140761
0.127881
0.127881
0.151783
0.151783
0.117465
0.117465
0.103411
0.103411
0.101709
0.101709
0.206929
0.206929
0.110612
0.110612
0.145822
0.145822
0.252212
0.252212
0.079871
0.079871
0.113005
0.113005
0.149023
0.149023
0.230326
0.230326
0.135404
0.135404
0.124731
0.124731
0.098190
0.098190
0.162004
0.162004
0.310292
0.310292
0.101925
0.101925
0.280708
0.280708
0.186877
0.186877
0.270847
0.270847
0.100682
0.100682
0.117314
0.117314
0.100644
0.100644
0.292940
0.292940
0.217542
0.217542
0.081660
0.081660
0.244975
0.244975
0.190587
0.190587
0.217877
0.217877
0.148089
0.148089
0.143681
0.143681
0.190571
0.190571
0.076822
0.076822
0.123764
0.123764
0.059051
0.059051
0.167365
0.167365
0.098545
0.098545
0.038259
0.038259
0.138979
0.138979
0.066355
0.066355
0.124732
0.124732
0.068396
0.068396
0.208152
0.208152
0.152314
0.152314
0.129240
0.129240
0.214445
0.214445
0.191483
0.191483
0.135191
0.135191
0.139123
0.139123
0.185111
0.185111
0.077544
0.077544
0.385039
0.385039
0.234242
0.234242
0.210686
0.210686
0.155446
0.155446
0.078224
0.078224
0.031604
0.031604
0.039788
0.039788
0.236387
0.236387
0.099528
0.099528
0.186484
0.186484
0.075723
0.075723
0.145448
0.145448
0.422753
0.422753
0.165728
0.165728
0.084212
0.084212
0.238515
0.238515
0.060379
0.060379
0.086949
0.086949
0.110166
0.110166
0.184022
0.184022
0.248318
0.248318
0.105776
0.105776
0.114889
0.114889
0.134705
0.134705
0.141890
0.141890
0.235592
0.235592
0.146891
0.146891
0.041238
0.041238
0.296218
0.296218
0.216433
0.216433
0.113157
0.113157
0.059152
0.059152
0.167958
0.167958
0.120781
0.120781
0.062573
0.062573
0.138976
0.138976
0.198150
0.198150
0.100914
0.100914
0.154213
0.154213
0.151309
0.151309
0.242761
0.242761
0.207803
0.207803
0.142276
0.142276
0.131924
0.131924
0.101869
0.101869
0.282627
0.282627
0.103628
0.103628
0.192671
0.192671
0.108009
0.108009
0.078589
0.078589
0.298475
0.298475
0.079508
0.079508
0.217801
0.217801
0.066347
0.066347
0.102330
0.102330
0.117280
0.117280
0.056908
0.056908
0.103325
0.103325
0.279709
0.279709
0.155360
0.155360
0.132172
0.132172
0.063024
0.063024
0.178758
0.178758
0.310922
0.310922
0.123803
0.123803
0.317666
0.317666
0.088297
0.088297
0.086553
0.086553
0.142881
0.142881
0.196645
0.196645
0.104188
0.104188
0.147368
0.147368
0.085554
0.085554
0.170903
0.170903
0.082916
0.082916
0.221039
0.221039
0.077209
0.077209
0.093121
0.093121
0.071614
0.071614
0.076557
0.076557
0.095966
0.095966
0.151964
0.151964
0.162589
0.162589
0.092354
0.092354
0.147887
0.147887
0.121797
0.121797
0.172686
0.172686
0.153027
0.153027
0.090373
0.090373
0.092854
0.092854
0.120069
0.120069
0.116506
0.116506
0.062730
0.062730
0.117691
0.117691
0.125643
0.125643
0.136436
0.136436
0.191959
0.191959
0.130258
0.130258
0.134213
0.134213
0.119265
0.119265
0.204193
0.204193
0.038737
0.038737
0.278158
0.278158
0.119584
0.119584
0.066264
0.066264
0.186606
0.186606
0.113490
0.113490
0.070456
0.070456
0.098873
0.098873
0.579963
0.579963
0.176497
0.176497
0.147355
0.147355
0.037459
0.037459
0.097978
0.097978
0.071771
0.071771
0.119427
0.119427
0.129468
0.129468
0.263290
0.263290
0.192551
0.192551
0.206846
0.206846
0.066776
0.066776
0.171499
0.171499
0.140005
0.140005
0.245975
0.245975
0.125711
0.125711
0.073685
0.073685
0.138894
0.138894
0.106842
0.106842
0.067128
0.067128
0.269131
0.269131
0.264628
0.264628
0.081591
0.081591
0.126789
0.126789
0.153704
0.153704
0.132690
0.132690
0.076782
0.076782
0.104278
0.104278
0.142854
0.142854
0.070939
0.070939
0.405879
0.405879
0.107710
0.107710
0.243162
0.243162
0.147509
0.147509
0.057215
0.057215
0.188411
0.188411
0.060996
0.060996
0.046774
0.046774
0.161409
0.161409
0.108898
0.108898
0.173189
0.173189
0.199829
0.199829
0.264717
0.264717
0.109628
0.109628
0.080598
0.080598
0.145541
0.145541
0.142250
0.142250
0.115700
0.115700
0.122454
0.122454
0.057638
0.057638
0.092635
0.092635
0.156221
0.156221
0.295496
0.295496
0.134401
0.134401
0.178742
0.178742
0.171328
0.171328
0.134077
0.134077
0.139762
0.139762
0.108858
0.108858
0.314113
0.314113
0.077529
0.077529
0.170526
0.170526
0.201015
0.201015
0.183625
0.183625
0.184586
0.184586
0.125596
0.125596
0.089522
0.089522
0.076030
0.076030
0.053007
0.053007
0.135672
0.135672
0.141787
0.141787
0.021334
0.021334
0.188092
0.188092
0.247358
0.247358
0.148896
0.148896
0.173197
0.173197
0.124353
0.124353
0.186891
0.186891
0.130282
0.130282
0.182044
0.182044
0.175015
0.175015
0.112704
0.112704
0.122433
0.122433
0.140685
0.140685
0.067426
0.067426
0.097447
0.097447
0.065912
0.065912
0.116043
0.116043
0.205267
0.205267
0.134651
0.134651
0.145765
0.145765
0.057267
0.057267
0.279531
0.279531
0.192356
0.192356
0.237854
0.237854
0.086680
0.086680
0.061833
0.061833
0.210955
0.210955
0.178269
0.178269
0.105864
0.105864
0.070012
0.070012
0.309378
0.309378
0.231561
0.231561
0.063777
0.063777
0.057902
0.057902
0.096381
0.096381
0.235452
0.235452
0.341931
0.341931
0.173075
0.173075
0.115307
0.115307
0.300291
0.300291
0.189288
0.189288
0.255499
0.255499
0.105896
0.105896
0.104680
0.104680
0.320154
0.320154
0.100539
0.100539
0.090253
0.090253
0.276023
0.276023
0.161949
0.161949
0.154341
0.154341
0.220576
0.220576
0.103014
0.103014
0.205551
0.205551
0.037640
0.037640
0.185507
0.185507
0.117763
0.117763
0.071626
0.071626
0.222970
0.222970
0.044239
0.044239
0.071481
0.071481
0.167735
0.167735
0.053672
0.053672
0.171453
0.171453
0.213086
0.213086
0.116338
0.116338
0.105093
0.105093
0.197669
0.197669
0.259910
0.259910
0.136123
0.136123
0.172233
0.172233
0.247638
0.247638
0.102573
0.102573
0.125233
0.125233
0.075627
0.075627
0.154812
0.154812
0.122467
0.122467
0.260129
0.260129
0.196187
0.196187
0.115836
0.115836
0.132259
0.132259
0.139105
0.139105
0.122775
0.122775
0.175082
0.175082
0.107827
0.107827
0.217789
0.217789
0.187988
0.187988
0.071410
0.071410
0.209215
0.209215
0.128862
0.128862
0.177450
0.177450
0.124426
0.124426
0.082013
0.082013
0.063239
0.063239
0.122207
0.122207
0.070756
0.070756
0.067636
0.067636
0.068506
0.068506
0.202717
0.202717
0.270822
0.270822
0.171797
0.171797
0.137099
0.137099
0.149853
0.149853
0.125445
0.125445
0.088607
0.088607
0.056063
0.056063
0.127649
0.127649
0.214274
0.214274
0.072515
0.072515
0.045723
0.045723
0.074676
0.074676
0.061444
0.061444
0.072016
0.072016
0.177368
0.177368
0.285579
0.285579
0.088878
0.088878
0.135302
0.135302
0.108574
0.108574
0.113464
0.113464
0.195363
0.195363
0.133943
0.133943
0.231263
0.231263
0.197603
0.197603
0.061556
0.061556
0.081447
0.081447
0.253602
0.253602
0.116600
0.116600
0.096895
0.096895
0.095016
0.095016
0.200010
0.200010
0.193121
0.193121
0.137932
0.137932
0.092877
0.092877
0.142566
0.142566
0.097819
0.097819
0.263643
0.263643
0.065489
0.065489
0.150397
0.150397
0.134450
0.134450
0.325854
0.325854
0.083351
0.083351
0.126289
0.126289
0.094609
0.094609
0.219676
0.219676
0.211711
0.211711
0.086119
0.086119
0.209706
0.209706
0.050014
0.050014
0.256757
0.256757
0.133107
0.133107
0.094306
0.094306
0.062691
0.062691
0.084302
0.084302
0.063356
0.063356
0.055710
0.055710
0.216303
0.216303
0.050413
0.050413
0.068283
0.068283
0.405633
0.405633
0.047659
0.047659
0.431921
0.431921
0.113969
0.113969
0.071235
0.071235
0.103473
0.103473
0.107351
0.107351
0.187325
0.187325
0.054757
0.054757
0.139688
0.139688
0.146922
0.146922
0.105931
0.105931
0.137677
0.137677
0.152137
0.152137
0.180519
0.180519
0.067880
0.067880
0.127871
0.127871
0.140203
0.140203
0.144166
0.144166
0.125947
0.125947
0.134524
0.134524
0.218811
0.218811
0.161408
0.161408
0.133457
0.133457
0.168222
0.168222
0.099953
0.099953
0.035663
0.035663
0.161410
0.161410
0.225180
0.225180
0.073170
0.073170
0.073280
0.073280
0.085508
0.085508
0.128107
0.128107
0.144187
0.144187
0.071239
0.071239
0.078141
0.078141
0.134508
0.134508
0.182041
0.182041
0.204145
0.204145
0.086724
0.086724
0.044611
0.044611
0.045275
0.045275
0.095666
0.095666
0.253861
0.253861
0.031828
0.031828
0.116607
0.116607
0.123091
0.123091
0.126541
0.126541
0.118386
0.118386
0.105324
0.105324
0.097541
0.097541
0.261599
0.261599
0.107896
0.107896
0.052585
0.052585
0.102097
0.102097
0.202306
0.202306
0.144580
0.144580
0.124895
0.124895
0.138993
0.138993
0.102863
0.102863
0.049766
0.049766
0.085982
0.085982
0.132221
0.132221
0.029943
0.029943
0.097499
0.097499
0.159974
0.159974
0.173818
0.173818
0.086205
0.086205
0.069214
0.069214
0.231087
0.231087
0.068503
0.068503
0.143145
0.143145
0.301238
0.301238
0.155327
0.155327
0.218818
0.218818
0.204917
0.204917
0.224626
0.224626
0.318016
0.318016
0.092253
0.092253
0.148915
0.148915
0.197151
0.197151
0.275624
0.275624
0.100765
0.100765
0.180767
0.180767
0.117047
0.117047
0.183023
0.183023
0.202762
0.202762
0.131293
0.131293
0.171582
0.171582
0.098502
0.098502
0.141185
0.141185
0.152536
0.152536
0.193274
0.193274
0.159228
0.159228
0.094593
0.094593
0.301993
0.301993
0.154584
0.154584
0.196469
0.196469
0.274796
0.274796
0.140482
0.140482
0.144039
0.144039
0.212689
0.212689
0.252464
0.252464
0.339367
0.339367
0.233330
0.233330
0.116192
0.116192
0.229037
0.229037
0.071153
0.071153
0.071183
0.071183
0.138487
0.138487
0.146853
0.146853
0.197108
0.197108
0.119675
0.119675
0.132340
0.132340
0.226924
0.226924
0.067162
0.067162
0.132318
0.132318
0.379811
0.379811
0.052259
0.052259
0.079558
0.079558
0.188209
0.188209
0.061315
0.061315
0.083964
0.083964
0.069154
0.069154
0.209712
0.209712
0.166949
0.166949
0.170733
0.170733
0.145399
0.145399
0.129719
0.129719
0.183633
0.183633
0.082953
0.082953
0.129069
0.129069
0.096562
0.096562
0.098813
0.098813
0.061383
0.061383
0.067757
0.067757
0.071277
0.071277
0.235828
0.235828
0.108913
0.108913
0.051250
0.051250
0.151655
0.151655
0.095448
0.095448
0.085338
0.085338
0.224285
0.224285
0.198081
0.198081
0.199297
0.199297
0.119154
0.119154
0.114769
0.114769
0.088394
0.088394
0.215588
0.215588
0.190348
0.190348
0.371880
0.371880
0.126032
0.126032
0.144310
0.144310
0.262914
0.262914
0.104093
0.104093
0.193113
0.193113
0.129144
0.129144
0.071882
0.071882
0.069797
0.069797
0.288175
0.288175
0.073004
0.073004
0.138442
0.138442
0.125018
0.125018
0.139182
0.139182
0.101662
0.101662
0.116422
0.116422
0.174373
0.174373
0.093441
0.093441
0.181623
0.181623
0.262814
0.262814
0.296224
0.296224
0.262938
0.262938
0.106614
0.106614
0.183181
0.183181
0.062852
0.062852
0.135130
0.135130
0.378892
0.378892
0.269675
0.269675
0.091751
0.091751
0.082139
0.082139
0.159943
0.159943
0.178462
0.178462
0.085721
0.085721
0.231285
0.231285
0.106705
0.106705
0.144819
0.144819
0.123712
0.123712
0.133018
0.133018
0.087453
0.087453
0.175843
0.175843
0.104100
0.104100
0.047855
0.047855
0.161066
0.161066
0.105339
0.105339
0.274095
0.274095
0.195200
0.195200
0.102433
0.102433
0.175163
0.175163
0.196264
0.196264
0.063523
0.063523
0.266834
0.266834
0.178423
0.178423
0.043368
0.043368
0.060626
0.060626
0.123740
0.123740
0.062667
0.062667
0.148047
0.148047
0.080976
0.080976
0.079040
0.079040
0.156471
0.156471
0.149829
0.149829
0.302279
0.302279
0.171543
0.171543
0.029894
0.029894
0.099551
0.099551
0.245461
0.245461
0.188108
0.188108
0.142085
0.142085
0.109986
0.109986
0.122356
0.122356
0.210248
0.210248
0.206418
0.206418
0.065558
0.065558
0.138770
0.138770
0.218625
0.218625
0.067082
0.067082
0.123944
0.123944
0.171471
0.171471
0.072675
0.072675
0.191542
0.191542
0.196623
0.196623
0.056611
0.056611
0.160104
0.160104
0.139229
0.139229
0.124283
0.124283
0.115797
0.115797
0.244025
0.244025
0.213626
0.213626
0.212593
0.212593
0.189423
0.189423
0.223384
0.223384
0.039215
0.039215
0.058985
0.058985
0.297093
0.297093
0.131348
0.131348
0.053688
0.053688
0.142577
0.142577
0.160057
0.160057
0.102215
0.102215
0.181509
0.181509
0.079158
0.079158
0.340532
0.340532
0.113492
0.113492
0.096941
0.096941
0.137184
0.137184
0.133865
0.133865
0.056651
0.056651
0.235652
0.235652
0.253269
0.253269
0.177422
0.177422
0.058072
0.058072
0.075763
0.075763
0.238896
0.238896
0.146499
0.146499
0.096660
0.096660
0.107205
0.107205
0.217682
0.217682
0.090611
0.090611
0.259276
0.259276
0.221812
0.221812
0.119787
0.119787
0.051051
0.051051
0.100281
0.100281
0.233372
0.233372
0.050922
0.050922
0.293318
0.293318
0.146237
0.146237
0.140621
0.140621
0.056393
0.056393
0.084600
0.084600
0.105397
0.105397
0.170579
0.170579
0.188942
0.188942
0.253533
0.253533
0.077918
0.077918
0.186228
0.186228
0.178826
0.178826
0.048213
0.048213
0.080678
0.080678
0.070686
0.070686
0.156916
0.156916
0.151130
0.151130
0.150979
0.150979
0.089907
0.089907
0.180189
0.180189
0.063762
0.063762
0.086768
0.086768
0.198650
0.198650
0.183268
0.183268
0.133752
0.133752
0.092794
0.092794
0.132890
0.132890
0.091978
0.091978
0.112584
0.112584
0.169049
0.169049
0.153798
0.153798
0.167951
0.167951
0.086475
0.086475
0.078023
0.078023
0.161423
0.161423
0.190118
0.190118
0.194117
0.194117
0.158485
0.158485
0.088240
0.088240
0.162924
0.162924
0.081830
0.081830
0.063217
0.063217
0.057045
0.057045
0.049173
0.049173
0.305745
0.305745
0.062339
0.062339
0.069822
0.069822
0.234765
0.234765
0.062709
0.062709
0.103621
0.103621
0.103924
0.103924
0.084652
0.084652
0.149702
0.149702
0.299386
0.299386
0.038396
0.038396
0.165341
0.165341
0.141996
0.141996
0.182233
0.182233
0.090821
0.090821
0.123262
0.123262
0.196834
0.196834
0.236474
0.236474
0.067572
0.067572
0.118205
0.118205
0.219788
0.219788
0.111958
0.111958
0.055112
0.055112
0.110762
0.110762
0.091831
0.091831
0.074854
0.074854
0.350243
0.350243
0.102748
0.102748
0.085204
0.085204
0.090955
0.090955
0.093598
0.093598
0.124453
0.124453
0.165571
0.165571
0.164056
0.164056
0.079846
0.079846
0.180559
0.180559
0.102680
0.102680
0.105720
0.105720
0.066852
0.066852
0.183896
0.183896
0.099784
0.099784
0.115643
0.115643
0.244699
0.244699
0.186073
0.186073
0.353637
0.353637
0.146883
0.146883
0.154861
0.154861
0.077659
0.077659
0.062513
0.062513
0.311062
0.311062
0.097006
0.097006
0.219816
0.219816
0.165784
0.165784
0.067809
0.067809
0.130144
0.130144
0.085376
0.085376
0.124202
0.124202
0.410629
0.410629
0.129119
0.129119
0.133314
0.133314
0.280532
0.280532
0.259278
0.259278
0.075196
0.075196
0.084667
0.084667
0.154051
0.154051
0.055867
0.055867
0.095788
0.095788
0.156124
0.156124
0.121639
0.121639
0.131831
0.131831
0.121804
0.121804
0.186258
0.186258
0.115885
0.115885
0.189542
0.189542
0.095628
0.095628
0.064961
0.064961
0.108438
0.108438
0.126815
0.126815
0.046437
0.046437
0.117572
0.117572
0.142352
0.142352
0.192174
0.192174
0.068828
0.068828
0.042242
0.042242
0.134403
0.134403
0.217486
0.217486
0.147693
0.147693
0.180480
0.180480
0.196454
0.196454
0.062805
0.062805
0.087513
0.087513
0.132640
0.132640
0.060870
0.060870
0.220961
0.220961
0.091045
0.091045
0.129409
0.129409
0.215198
0.215198
0.107405
0.107405
0.399296
0.399296
0.218016
0.218016
0.222776
0.222776
0.221902
0.221902
0.103948
0.103948
0.086925
0.086925
0.146257
0.146257
0.184441
0.184441
0.080640
0.080640
0.085876
0.085876
0.152950
0.152950
0.138191
0.138191
0.153761
0.153761
0.100346
0.100346
0.173904
0.173904
0.082434
0.082434
0.142352
0.142352
0.178597
0.178597
0.168856
0.168856
0.232689
0.232689
0.223481
0.223481
0.185323
0.185323
0.106018
0.106018
0.135060
0.135060
0.237580
0.237580
0.083554
0.083554
0.064739
0.064739
0.141652
0.141652
0.045256
0.045256
0.117523
0.117523
0.064953
0.064953
0.193326
0.193326
0.092401
0.092401
0.188783
0.188783
0.148061
0.148061
0.162431
0.162431
0.176178
0.176178
0.129742
0.129742
0.065339
0.065339
0.100643
0.100643
0.071563
0.071563
0.102307
0.102307
0.171977
0.171977
0.364612
0.364612
0.146330
0.146330
0.120142
0.120142
0.077385
0.077385
0.066318
0.066318
0.058660
0.058660
0.051952
0.051952
0.063482
0.063482
0.386286
0.386286
0.242047
0.242047
0.109127
0.109127
0.106996
0.106996
0.105702
0.105702
0.187162
0.187162
0.180318
0.180318
0.038351
0.038351
0.073632
0.073632
0.048570
0.048570
0.346951
0.346951
0.188867
0.188867
0.210353
0.210353
0.157702
0.157702
0.177909
0.177909
0.138763
0.138763
0.056200
0.056200
0.062465
0.062465
0.224202
0.224202
0.113579
0.113579
0.106727
0.106727
0.131005
0.131005
0.187483
0.187483
0.129979
0.129979
0.269080
0.269080
0.079427
0.079427
0.090685
0.090685
0.068865
0.068865
0.099843
0.099843
0.140796
0.140796
0.169439
0.169439
0.119910
0.119910
0.071365
0.071365
0.259255
0.259255
0.138629
0.138629
0.252501
0.252501
0.138947
0.138947
0.069589
0.069589
0.102414
0.102414
0.253280
0.253280
0.215061
0.215061
0.306014
0.306014
0.109147
0.109147
0.170881
0.170881
0.070304
0.070304
0.057018
0.057018
0.148587
0.148587
0.055031
0.055031
0.083777
0.083777
0.144040
0.144040
0.197522
0.197522
0.053511
0.053511
0.153309
0.153309
0.296667
0.296667
0.451505
0.451505
0.283483
0.283483
0.143625
0.143625
0.162696
0.162696
0.078320
0.078320
0.088669
0.088669
0.236579
0.236579
0.104632
0.104632
0.235050
0.235050
0.085924
0.085924
0.198119
0.198119
0.147868
0.147868
0.085091
0.085091
0.211010
0.211010
0.250785
0.250785
0.091633
0.091633
0.191008
0.191008
0.284071
0.284071
0.244009
0.244009
0.087662
0.087662
0.085458
0.085458
0.185871
0.185871
0.127348
0.127348
0.099708
0.099708
0.292072
0.292072
0.042389
0.042389
0.196216
0.196216
0.136418
0.136418
0.126655
0.126655
0.040390
0.040390
0.102522
0.102522
0.131381
0.131381
0.188006
0.188006
0.101830
0.101830
0.094766
0.094766
0.132483
0.132483
0.107631
0.107631
0.089383
0.089383
0.228185
0.228185
0.114494
0.114494
0.150032
0.150032
0.137869
0.137869
0.231956
0.231956
0.145206
0.145206
0.142312
0.142312
0.108268
0.108268
0.097982
0.097982
0.068011
0.068011
0.085458
0.085458
0.069115
0.069115
0.089997
0.089997
0.195587
0.195587
0.039910
0.039910
0.205841
0.205841
0.099579
0.099579
0.145335
0.145335
0.123394
0.123394
0.306389
0.306389
0.131952
0.131952
0.063312
0.063312
0.123579
0.123579
0.085423
0.085423
0.136959
0.136959
0.119074
0.119074
0.073267
0.073267
0.061879
0.061879
0.109967
0.109967
0.084868
0.084868
0.098266
0.098266
0.228817
0.228817
0.224577
0.224577
0.074850
0.074850
0.195611
0.195611
0.223206
0.223206
0.135190
0.135190
0.049302
0.049302
0.109076
0.109076
0.116921
0.116921
0.090811
0.090811
0.239901
0.239901
0.079346
0.079346
0.184708
0.184708
0.105117
0.105117
0.118147
0.118147
0.171669
0.171669
0.084647
0.084647
0.228134
0.228134
0.194090
0.194090
0.120547
0.120547
0.086345
0.086345
0.181360
0.181360
0.241576
0.241576
0.072357
0.072357
0.142831
0.142831
0.194060
0.194060
0.039064
0.039064
0.179872
0.179872
0.081643
0.081643
0.129307
0.129307
0.048988
0.048988
0.103796
0.103796
0.151228
0.151228
0.083937
0.083937
0.142108
0.142108
0.130692
0.130692
0.088115
0.088115
0.106895
0.106895
0.197124
0.197124
0.117511
0.117511
0.083026
0.083026
0.104084
0.104084
0.125250
0.125250
0.216991
0.216991
0.128287
0.128287
0.390768
0.390768
0.164361
0.164361
0.211613
0.211613
0.114709
0.114709
0.261021
0.261021
0.280918
0.280918
0.146996
0.146996
0.170789
0.170789
0.227716
0.227716
0.167663
0.167663
0.321784
0.321784
0.231962
0.231962
0.168986
0.168986
0.206899
0.206899
0.191905
0.191905
0.261068
0.261068
0.092278
0.092278
0.146931
0.146931
0.083572
0.083572
0.096625
0.096625
0.215508
0.215508
0.053320
0.053320
0.162040
0.162040
0.052341
0.052341
0.145202
0.145202
0.083336
0.083336
0.117334
0.117334
0.081691
0.081691
0.166931
0.166931
0.109537
0.109537
0.092941
0.092941
0.167525
0.167525
0.228383
0.228383
0.099192
0.099192
0.083412
0.083412
0.194084
0.194084
0.155614
0.155614
0.161101
0.161101
0.144370
0.144370
0.055396
0.055396
0.382820
0.382820
0.137289
0.137289
0.118294
0.118294
0.130857
0.130857
0.236384
0.236384
0.090850
0.090850
0.108113
0.108113
0.103966
0.103966
0.056831
0.056831
0.192507
0.192507
0.224175
0.224175
0.102510
0.102510
0.141200
0.141200
0.203275
0.203275
0.130788
0.130788
0.273330
0.273330
0.128964
0.128964
0.194685
0.194685
0.140184
0.140184
0.079987
0.079987
0.061069
0.061069
0.089350
0.089350
0.194936
0.194936
0.043058
0.043058
0.180012
0.180012
0.072427
0.072427
0.146290
0.146290
0.199766
0.199766
0.090308
0.090308
0.097624
0.097624
0.109207
0.109207
0.168448
0.168448
0.189821
0.189821
0.071959
0.071959
0.382761
0.382761
0.069921
0.069921
0.053074
0.053074
0.134706
0.134706
0.209422
0.209422
0.186248
0.186248
0.196815
0.196815
0.086864
0.086864
0.107567
0.107567
0.129835
0.129835
0.094073
0.094073
0.156712
0.156712
0.210660
0.210660
0.065983
0.065983
0.129683
0.129683
0.212040
0.212040
0.087170
0.087170
0.131599
0.131599
0.066840
0.066840
0.219127
0.219127
0.079946
0.079946
0.048662
0.048662
0.065061
0.065061
0.106997
0.106997
0.199206
0.199206
0.081655
0.081655
0.144227
0.144227
0.149689
0.149689
0.086015
0.086015
0.077744
0.077744
0.127605
0.127605
0.289070
0.289070
0.251815
0.251815
0.119371
0.119371
0.129568
0.129568
0.211416
0.211416
0.182095
0.182095
0.137925
0.137925
0.064001
0.064001
0.035987
0.035987
0.048831
0.048831
0.120119
0.120119
0.196037
0.196037
0.060316
0.060316
0.213292
0.213292
0.096135
0.096135
0.146800
0.146800
0.661102
0.661102
0.075126
0.075126
0.124903
0.124903
0.080086
0.080086
0.156081
0.156081
0.185472
0.185472
0.117737
0.117737
0.284960
0.284960
0.098894
0.098894
0.065861
0.065861
0.052831
0.052831
0.059429
0.059429
0.101564
0.101564
0.223529
0.223529
0.077689
0.077689
0.051786
0.051786
0.132386
0.132386
0.112332
0.112332
0.146627
0.146627
0.097685
0.097685
0.087365
0.087365
0.115037
0.115037
0.057543
0.057543
0.242469
0.242469
0.320187
0.320187
0.189260
0.189260
0.216614
0.216614
0.215575
0.215575
0.242687
0.242687
0.146626
0.146626
0.246245
0.246245
0.202038
0.202038
0.122105
0.122105
0.237036
0.237036
0.144049
0.144049
0.088729
0.088729
0.339162
0.339162
0.136297
0.136297
0.357789
0.357789
0.275552
0.275552
0.141010
0.141010
0.225340
0.225340
0.133954
0.133954
0.141760
0.141760
0.041958
0.041958
0.075543
0.075543
0.117628
0.117628
0.199100
0.199100
0.122435
0.122435
0.255040
0.255040
0.236627
0.236627
0.170372
0.170372
0.143732
0.143732
0.092310
0.092310
0.160054
0.160054
0.060605
0.060605
0.192139
0.192139
0.097656
0.097656
0.160088
0.160088
0.327154
0.327154
0.082373
0.082373
0.106759
0.106759
0.238461
0.238461
0.083877
0.083877
0.167847
0.167847
0.082957
0.082957
0.070357
0.070357
0.076433
0.076433
0.251797
0.251797
0.124195
0.124195
0.221634
0.221634
0.093124
0.093124
0.096622
0.096622
0.102683
0.102683
0.066983
0.066983
0.063032
0.063032
0.076336
0.076336
0.173809
0.173809
0.102690
0.102690
0.099781
0.099781
0.117238
0.117238
0.206542
0.206542
0.134810
0.134810
0.155963
0.155963
0.219845
0.219845
0.265113
0.265113
0.126617
0.126617
0.377907
0.377907
0.150160
0.150160
0.100089
0.100089
0.099258
0.099258
0.111203
0.111203
0.220850
0.220850
0.075205
0.075205
0.147232
0.147232
0.116579
0.116579
0.180931
0.180931
0.161052
0.161052
0.072893
0.072893
0.066309
0.066309
0.193943
0.193943
0.179812
0.179812
0.053488
0.053488
0.163705
0.163705
0.111158
0.111158
0.065695
0.065695
0.073481
0.073481
0.157203
0.157203
0.145960
0.145960
0.124748
0.124748
0.282683
0.282683
0.262831
0.262831
0.151039
0.151039
0.169570
0.169570
0.101173
0.101173
0.089217
0.089217
0.228407
0.228407
0.087790
0.087790
0.302896
0.302896
0.173353
0.173353
0.149505
0.149505
0.051053
0.051053
0.112098
0.112098
0.107282
0.107282
0.078666
0.078666
0.055881
0.055881
0.239267
0.239267
0.082799
0.082799
0.121275
0.121275
0.049939
0.049939
0.084572
0.084572
0.138705
0.138705
0.234195
0.234195
0.361509
0.361509
0.106190
0.106190
0.045325
0.045325
0.113916
0.113916
0.129063
0.129063
0.056483
0.056483
0.114989
0.114989
0.242379
0.242379
0.071815
0.071815
0.109113
0.109113
0.086184
0.086184
0.103488
0.103488
0.245776
0.245776
0.198664
0.198664
0.041051
0.041051
0.118290
0.118290
0.187691
0.187691
0.118882
0.118882
0.056844
0.056844
0.273848
0.273848
0.090940
0.090940
0.036559
0.036559
0.085490
0.085490
0.051833
0.051833
0.077761
0.077761
0.119541
0.119541
0.103290
0.103290
0.132582
0.132582
0.158204
0.158204
0.109161
0.109161
0.086491
0.086491
0.126006
0.126006
0.158359
0.158359
0.028061
0.028061
0.055514
0.055514
0.094595
0.094595
0.089286
0.089286
0.122407
0.122407
0.158051
0.158051
0.170504
0.170504
0.111126
0.111126
0.056152
0.056152
0.133583
0.133583
0.128548
0.128548
0.222996
0.222996
0.124662
0.124662
0.112382
0.112382
0.084674
0.084674
0.111467
0.111467
0.162192
0.162192
0.547740
0.547740
0.121643
0.121643
0.257749
0.257749
0.141817
0.141817
0.099288
0.099288
0.067110
0.067110
0.140348
0.140348
0.141190
0.141190
0.106233
0.106233
0.145704
0.145704
0.114141
0.114141
0.192876
0.192876
0.263487
0.263487
0.234875
0.234875
0.142841
0.142841
0.178144
0.178144
0.252256
0.252256
0.099457
0.099457
0.174340
0.174340
0.189881
0.189881
0.219399
0.219399
0.056337
0.056337
0.078470
0.078470
0.248320
0.248320
0.072519
0.072519
0.184362
0.184362
0.091248
0.091248
0.177313
0.177313
0.108331
0.108331
0.143988
0.143988
0.078302
0.078302
0.097206
0.097206
0.114616
0.114616
0.046979
0.046979
0.344727
0.344727
0.243484
0.243484
0.094147
0.094147
0.146240
0.146240
0.278389
0.278389
0.194108
0.194108
0.169502
0.169502
0.299629
0.299629
0.146966
0.146966
0.277846
0.277846
0.116256
0.116256
0.173969
0.173969
0.172776
0.172776
0.120668
0.120668
0.057296
0.057296
0.078748
0.078748
0.117556
0.117556
0.093707
0.093707
0.068524
0.068524
0.078267
0.078267
0.203773
0.203773
0.071987
0.071987
0.114719
0.114719
0.084120
0.084120
0.158974
0.158974
0.146707
0.146707
0.095756
0.095756
0.128527
0.128527
0.126555
0.126555
0.145581
0.145581
0.249798
0.249798
0.146946
0.146946
0.118927
0.118927
0.132509
0.132509
0.136939
0.136939
0.050070
0.050070
0.176226
0.176226
0.090193
0.090193
0.099119
0.099119
0.121662
0.121662
0.084647
0.084647
0.034978
0.034978
0.112390
0.112390
0.073619
0.073619
0.055059
0.055059
0.087179
0.087179
0.221724
0.221724
0.064173
0.064173
0.148411
0.148411
0.296018
0.296018
0.130816
0.130816
0.187036
0.187036
0.102565
0.102565
0.078650
0.078650
0.080798
0.080798
0.080000
0.080000
0.121730
0.121730
0.129725
0.129725
0.162057
0.162057
0.078797
0.078797
0.268792
0.268792
0.180484
0.180484
0.195067
0.195067
0.226714
0.226714
0.215216
0.215216
0.066108
0.066108
0.063683
0.063683
0.130654
0.130654
0.144865
0.144865
0.107832
0.107832
0.241452
0.241452
0.131519
0.131519
0.130669
0.130669
0.104410
0.104410
0.269424
0.269424
0.072390
0.072390
0.088806
0.088806
0.121385
0.121385
0.159923
0.159923
0.140636
0.140636
0.068463
0.068463
0.083140
0.083140
0.113428
0.113428
0.041028
0.041028
0.183046
0.183046
0.110942
0.110942
0.206476
0.206476
0.266749
0.266749
0.129634
0.129634
0.167061
0.167061
0.100855
0.100855
0.204250
0.204250
0.195939
0.195939
0.091756
0.091756
0.189599
0.189599
0.131031
0.131031
0.147323
0.147323
0.048381
0.048381
0.116451
0.116451
0.143776
0.143776
0.264173
0.264173
0.221459
0.221459
0.145038
0.145038
0.108419
0.108419
0.235361
0.235361
0.101042
0.101042
0.185815
0.185815
0.069254
0.069254
0.352001
0.352001
0.205095
0.205095
0.173742
0.173742
0.166556
0.166556
0.090695
0.090695
0.143231
0.143231
0.161252
0.161252
0.053227
0.053227
0.131898
0.131898
0.065988
0.065988
0.109991
0.109991
0.137878
0.137878
0.188904
0.188904
0.065916
0.065916
0.103861
0.103861
0.127435
0.127435
0.058451
0.058451
0.100856
0.100856
0.099726
0.099726
0.132116
0.132116
0.078911
0.078911
0.137456
0.137456
0.135438
0.135438
0.094808
0.094808
0.065699
0.065699
0.348142
0.348142
0.337512
0.337512
0.060239
0.060239
0.119026
0.119026
0.026514
0.026514
0.117354
0.117354
0.124279
0.124279
0.070698
0.070698
0.109548
0.109548
0.231170
0.231170
0.069747
0.069747
0.039429
0.039429
0.161481
0.161481
0.150339
0.150339
0.189935
0.189935
0.111626
0.111626
0.062437
0.062437
0.095014
0.095014
0.127691
0.127691
0.057806
0.057806
0.067576
0.067576
0.076782
0.076782
0.151246
0.151246
0.072043
0.072043
0.126800
0.126800
0.233968
0.233968
0.216179
0.216179
0.202486
0.202486
0.071087
0.071087
0.185947
0.185947
0.120265
0.120265
0.138853
0.138853
0.161545
0.161545
0.060991
0.060991
0.085458
0.085458
0.134971
0.134971
0.157887
0.157887
0.065129
0.065129
0.200974
0.200974
0.095005
0.095005
0.161142
0.161142
0.160965
0.160965
0.211424
0.211424
0.174787
0.174787
0.101179
0.101179
0.136458
0.136458
0.187546
0.187546
0.127824
0.127824
0.269407
0.269407
0.348041
0.348041
0.607460
0.607460
0.033846
0.033846
0.055260
0.055260
0.328768
0.328768
0.088278
0.088278
0.101767
0.101767
0.148202
0.148202
0.039144
0.039144
0.094676
0.094676
0.077557
0.077557
0.151623
0.151623
0.254122
0.254122
0.121085
0.121085
0.106431
0.106431
0.228950
0.228950
0.099966
0.099966
0.079238
0.079238
0.283739
0.283739
0.125005
0.125005
0.084051
0.084051
0.118384
0.118384
0.115422
0.115422
0.144536
0.144536
0.215484
0.215484
0.147573
0.147573
0.169727
0.169727
0.171837
0.171837
0.053714
0.053714
0.158540
0.158540
0.065775
0.065775
0.085376
0.085376
0.238398
0.238398
0.172258
0.172258
0.183812
0.183812
0.109512
0.109512
0.144568
0.144568
0.075490
0.075490
0.200132
0.200132
0.127973
0.127973
0.136164
0.136164
0.145113
0.145113
0.157469
0.157469
0.068356
0.068356
0.108999
0.108999
0.065668
0.065668
0.097463
0.097463
0.164827
0.164827
0.125253
0.125253
0.113573
0.113573
0.193255
0.193255
0.045235
0.045235
0.098088
0.098088
0.102711
0.102711
0.103657
0.103657
0.139616
0.139616
0.116468
0.116468
0.102094
0.102094
0.058063
0.058063
0.092872
0.092872
0.243852
0.243852
0.267423
0.267423
0.108086
0.108086
0.291595
0.291595
0.029762
0.029762
0.165818
0.165818
0.377245
0.377245
0.095630
0.095630
0.134998
0.134998
0.113001
0.113001
0.175422
0.175422
0.092686
0.092686
0.110376
0.110376
0.067519
0.067519
0.126295
0.126295
0.045506
0.045506
0.118606
0.118606
0.140368
0.140368
0.233897
0.233897
0.264504
0.264504
0.126532
0.126532
0.169299
0.169299
0.215475
0.215475
0.095173
0.095173
0.159497
0.159497
0.093917
0.093917
0.052761
0.052761
0.165333
0.165333
0.042062
0.042062
0.172836
0.172836
0.233423
0.233423
0.074769
0.074769
0.118222
0.118222
0.093254
0.093254
0.075514
0.075514
0.225413
0.225413
0.090426
0.090426
0.096436
0.096436
0.091526
0.091526
0.222596
0.222596
0.047702
0.047702
0.150732
0.150732
0.169596
0.169596
0.174943
0.174943
0.155561
0.155561
0.067782
0.067782
0.103077
0.103077
0.193135
0.193135
0.175038
0.175038
0.102445
0.102445
0.089476
0.089476
0.103139
0.103139
0.116801
0.116801
0.132386
0.132386
0.114759
0.114759
0.128285
0.128285
0.074506
0.074506
0.125912
0.125912
0.178670
0.178670
0.206955
0.206955
0.086814
0.086814
0.180362
0.180362
0.071791
0.071791
0.367434
0.367434
0.113514
0.113514
0.051867
0.051867
0.166495
0.166495
0.243771
0.243771
0.219744
0.219744
0.247158
0.247158
0.062899
0.062899
0.109884
0.109884
0.177611
0.177611
0.219316
0.219316
0.072580
0.072580
0.063085
0.063085
0.249026
0.249026
0.195491
0.195491
0.214221
0.214221
0.151648
0.151648
0.176856
0.176856
0.184720
0.184720
0.113309
0.113309
0.127771
0.127771
0.028862
0.028862
0.195530
0.195530
0.080429
0.080429
0.094419
0.094419
0.080328
0.080328
0.155181
0.155181
0.025968
0.025968
0.146015
0.146015
0.294626
0.294626
0.278658
0.278658
0.069165
0.069165
0.128099
0.128099
0.134982
0.134982
0.146298
0.146298
0.109509
0.109509
0.109917
0.109917
0.062185
0.062185
0.258695
0.258695
0.092670
0.092670
0.127421
0.127421
0.088963
0.088963
0.180224
0.180224
0.103909
0.103909
0.099387
0.099387
0.084318
0.084318
0.170788
0.170788
0.117127
0.117127
0.295078
0.295078
0.109294
0.109294
0.123210
0.123210
0.194020
0.194020
0.072139
0.072139
0.059466
0.059466
0.112437
0.112437
0.199554
0.199554
0.161421
0.161421
0.095288
0.095288
0.090502
0.090502
0.193948
0.193948
0.140613
0.140613
0.065199
0.065199
0.219886
0.219886
0.139451
0.139451
0.096634
0.096634
0.226875
0.226875
0.150141
0.150141
0.190514
0.190514
0.151342
0.151342
0.225694
0.225694
0.155056
0.155056
0.050324
0.050324
0.095723
0.095723
0.080729
0.080729
0.162910
0.162910
0.107779
0.107779
0.089645
0.089645
0.103634
0.103634
0.071203
0.071203
0.094720
0.094720
0.110270
0.110270
0.145150
0.145150
0.043383
0.043383
0.104618
0.104618
0.114003
0.114003
0.150214
0.150214
0.349733
0.349733
0.057473
0.057473
0.060182
0.060182
0.243790
0.243790
0.140493
0.140493
0.212341
0.212341
0.310617
0.310617
0.277223
0.277223
0.132450
0.132450
0.172583
0.172583
0.058267
0.058267
0.281748
0.281748
0.124570
0.124570
0.059381
0.059381
0.146293
0.146293
0.136765
0.136765
0.098137
0.098137
0.061248
0.061248
0.290991
0.290991
0.076969
0.076969
0.251041
0.251041
0.091828
0.091828
0.108619
0.108619
0.057855
0.057855
0.092344
0.092344
0.125993
0.125993
0.113816
0.113816
0.058383
0.058383
0.176218
0.176218
0.036981
0.036981
0.086316
0.086316
0.171545
0.171545
0.100657
0.100657
0.031695
0.031695
0.104634
0.104634
0.085366
0.085366
0.064472
0.064472
0.082294
0.082294
0.088324
0.088324
0.189411
0.189411
0.164170
0.164170
0.121816
0.121816
0.114594
0.114594
0.148150
0.148150
0.118975
0.118975
0.080943
0.080943
0.115185
0.115185
0.103110
0.103110
0.041955
0.041955
0.072729
0.072729
0.184237
0.184237
0.150177
0.150177
0.035837
0.035837
0.305068
0.305068
0.054516
0.054516
0.172924
0.172924
0.166245
0.166245
0.069751
0.069751
0.209176
0.209176
0.201007
0.201007
0.186978
0.186978
0.106314
0.106314
0.110330
0.110330
0.086460
0.086460
0.180648
0.180648
0.167686
0.167686
0.235389
0.235389
0.132588
0.132588
0.188869
0.188869
0.095479
0.095479
0.120897
0.120897
0.135355
0.135355
0.126397
0.126397
0.070705
0.070705
0.136104
0.136104
0.161547
0.161547
0.336704
0.336704
0.131164
0.131164
0.085426
0.085426
0.062285
0.062285
0.044669
0.044669
0.132123
0.132123
0.059159
0.059159
0.055022
0.055022
0.085356
0.085356
0.166974
0.166974
0.123127
0.123127
0.115410
0.115410
0.103953
0.103953
0.199755
0.199755
0.185755
0.185755
0.154231
0.154231
0.184332
0.184332
0.138508
0.138508
0.108350
0.108350
0.139048
0.139048
0.102169
0.102169
0.083470
0.083470
0.240693
0.240693
0.177671
0.177671
0.283432
0.283432
0.101859
0.101859
0.212479
0.212479
0.180655
0.180655
0.170008
0.170008
0.167975
0.167975
0.059924
0.059924
0.041207
0.041207
0.155328
0.155328
0.066229
0.066229
0.322996
0.322996
0.076256
0.076256
0.057693
0.057693
0.183681
0.183681
0.188481
0.188481
0.111241
0.111241
0.349733
0.349733
0.237451
0.237451
0.219266
0.219266
0.083223
0.083223
0.097679
0.097679
0.174386
0.174386
0.093656
0.093656
0.197753
0.197753
0.443379
0.443379
0.132920
0.132920
0.195373
0.195373
0.148252
0.148252
0.159889
0.159889
0.071245
0.071245
0.101346
0.101346
0.205501
0.205501
0.132106
0.132106
0.077459
0.077459
0.104192
0.104192
0.192060
0.192060
0.214066
0.214066
0.183731
0.183731
0.300109
0.300109
0.083908
0.083908
0.109420
0.109420
0.173822
0.173822
0.044090
0.044090
0.126240
0.126240
0.258651
0.258651
0.129297
0.129297
0.134122
0.134122
0.164700
0.164700
0.133734
0.133734
0.224244
0.224244
0.230506
0.230506
0.263327
0.263327
0.096002
0.096002
0.074524
0.074524
0.046679
0.046679
0.087515
0.087515
0.048564
0.048564
0.148708
0.148708
0.121896
0.121896
0.042831
0.042831
0.259968
0.259968
0.184395
0.184395
0.063699
0.063699
0.076084
0.076084
0.149927
0.149927
0.052236
0.052236
0.109228
0.109228
0.167519
0.167519
0.076409
0.076409
0.185147
0.185147
0.201384
0.201384
0.113923
0.113923
0.058541
0.058541
0.207541
0.207541
0.122551
0.122551
0.097898
0.097898
0.093320
0.093320
0.082150
0.082150
0.181076
0.181076
0.103623
0.103623
0.099816
0.099816
0.058035
0.058035
0.101663
0.101663
0.106550
0.106550
0.105354
0.105354
0.122779
0.122779
0.066319
0.066319
0.179397
0.179397
0.113386
0.113386
0.153614
0.153614
0.076828
0.076828
0.318420
0.318420
0.172673
0.172673
0.126252
0.126252
0.136528
0.136528
0.105269
0.105269
0.171317
0.171317
0.257222
0.257222
0.079176
0.079176
0.218664
0.218664
0.057566
0.057566
0.142384
0.142384
0.069896
0.069896
0.130071
0.130071
0.120317
0.120317
0.135441
0.135441
0.048987
0.048987
0.089076
0.089076
0.044599
0.044599
0.079677
0.079677
0.220768
0.220768
0.108570
0.108570
0.119250
0.119250
0.124925
0.124925
0.160864
0.160864
0.048632
0.048632
0.149734
0.149734
0.114852
0.114852
0.227875
0.227875
0.114190
0.114190
0.172205
0.172205
0.211614
0.211614
0.249241
0.249241
0.145565
0.145565
0.087913
0.087913
0.115563
0.115563
0.165888
0.165888
0.233890
0.233890
0.197193
0.197193
0.134670
0.134670
0.204686
0.204686
0.177361
0.177361
0.078956
0.078956
0.198476
0.198476
0.061830
0.061830
0.134586
0.134586
0.088212
0.088212
0.096382
0.096382
0.075657
0.075657
0.167254
0.167254
0.055984
0.055984
0.071724
0.071724
0.129113
0.129113
0.115617
0.115617
0.043534
0.043534
0.072925
0.072925
0.071551
0.071551
0.147709
0.147709
0.315642
0.315642
0.236511
0.236511
0.199157
0.199157
0.142211
0.142211
0.046611
0.046611
0.156617
0.156617
0.138034
0.138034
0.063294
0.063294
0.154655
0.154655
0.070518
0.070518
0.180319
0.180319
0.222687
0.222687
0.222028
0.222028
0.081151
0.081151
0.109999
0.109999
0.256534
0.256534
0.063086
0.063086
0.114221
0.114221
0.075502
0.075502
0.028273
0.028273
0.078476
0.078476
0.220877
0.220877
0.088406
0.088406
0.084587
0.084587
0.392876
0.392876
0.098006
0.098006
0.100753
0.100753
0.109711
0.109711
0.401093
0.401093
0.164028
0.164028
0.125410
0.125410
0.137854
0.137854
0.098432
0.098432
0.180044
0.180044
0.127554
0.127554
0.073703
0.073703
0.261207
0.261207
0.182003
0.182003
0.110973
0.110973
0.246111
0.246111
0.144603
0.144603
0.144574
0.144574
0.130021
0.130021
0.157355
0.157355
0.173637
0.173637
0.099228
0.099228
0.043676
0.043676
0.029695
0.029695
0.176950
0.176950
0.233460
0.233460
0.115642
0.115642
0.215769
0.215769
0.091857
0.091857
0.149692
0.149692
0.133645
0.133645
0.203613
0.203613
0.175501
0.175501
0.262208
0.262208
0.084318
0.084318
0.114958
0.114958
0.079974
0.079974
0.160587
0.160587
0.069814
0.069814
0.142318
0.142318
0.102058
0.102058
0.240001
0.240001
0.070781
0.070781
0.041284
0.041284
0.075122
0.075122
0.138384
0.138384
0.154283
0.154283
0.048135
0.048135
0.120778
0.120778
0.100841
0.100841
0.075069
0.075069
0.174613
0.174613
0.154048
0.154048
0.128655
0.128655
0.205654
0.205654
0.195786
0.195786
0.078021
0.078021
0.291948
0.291948
0.269442
0.269442
0.108071
0.108071
0.061642
0.061642
0.124338
0.124338
0.047268
0.047268
0.040592
0.040592
0.261815
0.261815
0.176143
0.176143
0.201794
0.201794
0.265433
0.265433
0.289938
0.289938
0.109389
0.109389
0.099001
0.099001
0.075650
0.075650
0.251996
0.251996
0.077805
0.077805
0.089480
0.089480
0.110789
0.110789
0.143307
0.143307
0.104662
0.104662
0.097785
0.097785
0.115147
0.115147
0.097155
0.097155
0.111285
0.111285
0.269402
0.269402
0.061501
0.061501
0.118076
0.118076
0.057916
0.057916
0.118759
0.118759
0.098719
0.098719
0.105063
0.105063
0.127005
0.127005
0.205822
0.205822
0.108305
0.108305
0.213364
0.213364
0.264512
0.264512
0.098508
0.098508
0.100720
0.100720
0.223190
0.223190
0.112899
0.112899
0.140437
0.140437
0.256573
0.256573
0.272833
0.272833
0.234104
0.234104
0.119775
0.119775
0.087727
0.087727
0.154633
0.154633
0.141911
0.141911
0.110202
0.110202
0.172611
0.172611
0.054775
0.054775
0.060214
0.060214
0.069529
0.069529
0.105851
0.105851
0.086529
0.086529
0.148900
0.148900
0.187284
0.187284
0.235738
0.235738
0.268174
0.268174
0.139946
0.139946
0.132261
0.132261
0.120468
0.120468
0.074772
0.074772
0.077662
0.077662
0.172419
0.172419
0.042017
0.042017
0.094225
0.094225
0.104534
0.104534
0.129271
0.129271
0.097921
0.097921
0.077910
0.077910
0.123741
0.123741
0.079465
0.079465
0.033775
0.033775
0.086848
0.086848
0.036121
0.036121
0.101210
0.101210
0.048743
0.048743
0.216104
0.216104
0.128860
0.128860
0.263912
0.263912
0.055604
0.055604
0.110953
0.110953
0.110604
0.110604
0.260590
0.260590
0.161196
0.161196
0.108206
0.108206
0.071347
0.071347
0.098634
0.098634
0.137102
0.137102
0.183077
0.183077
0.276859
0.276859
0.195756
0.195756
0.057073
0.057073
0.234282
0.234282
0.104954
0.104954
0.173874
0.173874
0.127430
0.127430
0.139558
0.139558
0.161010
0.161010
0.193217
0.193217
0.218219
0.218219
0.103572
0.103572
0.067419
0.067419
0.059153
0.059153
0.139564
0.139564
0.252061
0.252061
0.061851
0.061851
0.103262
0.103262
0.063218
0.063218
0.149326
0.149326
0.050585
0.050585
0.126169
0.126169
0.140827
0.140827
0.078957
0.078957
0.104723
0.104723
0.086610
0.086610
0.176529
0.176529
0.136378
0.136378
0.136566
0.136566
0.159427
0.159427
0.247964
0.247964
0.233266
0.233266
0.181164
0.181164
0.087191
0.087191
0.198048
0.198048
0.147902
0.147902
0.059419
0.059419
0.116050
0.116050
0.153282
0.153282
0.338812
0.338812
0.112292
0.112292
0.221539
0.221539
0.321949
0.321949
0.099848
0.099848
0.124192
0.124192
0.037007
0.037007
0.081405
0.081405
0.184726
0.184726
0.131396
0.131396
0.129495
0.129495
0.223587
0.223587
0.122942
0.122942
0.188137
0.188137
0.190725
0.190725
0.105855
0.105855
0.083017
0.083017
0.151813
0.151813
0.089227
0.089227
0.163145
0.163145
0.178297
0.178297
0.122963
0.122963
0.317855
0.317855
0.186972
0.186972
0.101201
0.101201
0.053679
0.053679
0.150960
0.150960
0.137854
0.137854
0.193235
0.193235
0.251716
0.251716
0.049031
0.049031
0.148354
0.148354
0.390314
0.390314
0.066177
0.066177
0.432537
0.432537
0.200076
0.200076
0.087529
0.087529
0.168070
0.168070
0.350651
0.350651
0.104226
0.104226
0.158436
0.158436
0.086200
0.086200
0.378911
0.378911
0.079090
0.079090
0.084921
0.084921
0.175384
0.175384
0.147809
0.147809
0.071475
0.071475
0.117503
0.117503
0.071372
0.071372
0.208797
0.208797
0.355637
0.355637
0.119883
0.119883
0.096044
0.096044
0.241206
0.241206
0.176767
0.176767
0.160469
0.160469
0.116939
0.116939
0.084251
0.084251
0.114700
0.114700
0.086017
0.086017
0.200211
0.200211
0.125473
0.125473
0.236912
0.236912
0.099127
0.099127
0.051496
0.051496
0.058325
0.058325
0.086105
0.086105
0.051485
0.051485
0.068258
0.068258
0.055054
0.055054
0.221805
0.221805
0.108080
0.108080
0.201329
0.201329
0.138793
0.138793
0.088918
0.088918
0.127243
0.127243
0.134781
0.134781
0.063332
0.063332
0.074231
0.074231
0.084750
0.084750
0.129968
0.129968
0.218513
0.218513
0.105679
0.105679
0.204961
0.204961
0.199057
0.199057
0.105954
0.105954
0.148110
0.148110
0.072239
0.072239
0.215814
0.215814
0.184740
0.184740
0.161895
0.161895
0.109449
0.109449
0.165391
0.165391
0.208525
0.208525
0.142670
0.142670
0.062598
0.062598
0.145347
0.145347
0.200195
0.200195
0.168941
0.168941
0.298385
0.298385
0.034859
0.034859
0.218594
0.218594
0.064124
0.064124
0.077944
0.077944
0.071391
0.071391
0.078401
0.078401
0.152082
0.152082
0.237350
0.237350
0.296366
0.296366
0.206425
0.206425
0.112787
0.112787
0.259171
0.259171
0.057779
0.057779
0.096212
0.096212
0.151808
0.151808
0.096705
0.096705
0.098148
0.098148
0.153848
0.153848
0.079648
0.079648
0.079150
0.079150
0.078802
0.078802
0.122769
0.122769
0.114948
0.114948
0.204581
0.204581
0.090274
0.090274
0.167813
0.167813
0.144112
0.144112
0.039797
0.039797
0.069135
0.069135
0.077879
0.077879
0.183329
0.183329
0.337087
0.337087
0.105572
0.105572
0.086996
0.086996
0.127281
0.127281
0.263105
0.263105
0.069965
0.069965
0.240821
0.240821
0.065235
0.065235
0.163208
0.163208
0.114115
0.114115
0.123741
0.123741
0.047492
0.047492
0.180912
0.180912
0.091902
0.091902
0.166094
0.166094
0.150235
0.150235
0.107078
0.107078
0.080721
0.080721
0.048519
0.048519
0.183036
0.183036
0.141954
0.141954
0.288900
0.288900
0.197316
0.197316
0.067070
0.067070
0.066790
0.066790
0.082234
0.082234
0.166492
0.166492
0.138537
0.138537
0.261302
0.261302
0.189884
0.189884
0.126097
0.126097
0.269970
0.269970
0.076312
0.076312
0.070472
0.070472
0.071417
0.071417
0.116854
0.116854
0.158505
0.158505
0.073146
0.073146
0.058554
0.058554
0.107053
0.107053
0.035544
0.035544
0.198274
0.198274
0.222561
0.222561
0.061061
0.061061
0.221432
0.221432
0.202844
0.202844
0.100909
0.100909
0.116804
0.116804
0.125297
0.125297
0.048372
0.048372
0.178807
0.178807
0.057580
0.057580
0.093613
0.093613
0.096589
0.096589
0.149223
0.149223
0.181877
0.181877
0.074911
0.074911
0.120970
0.120970
0.184012
0.184012
0.129116
0.129116
0.063009
0.063009
0.123724
0.123724
0.072040
0.072040
0.156040
0.156040
0.087804
0.087804
0.065966
0.065966
0.105551
0.105551
0.120438
0.120438
0.162371
0.162371
0.163553
0.163553
0.075219
0.075219
0.140050
0.140050
0.149199
0.149199
0.086332
0.086332
0.151868
0.151868
0.115558
0.115558
0.101025
0.101025
0.040997
0.040997
0.210258
0.210258
0.115967
0.115967
0.227618
0.227618
0.088671
0.088671
0.158871
0.158871
0.194372
0.194372
0.133707
0.133707
0.177736
0.177736
0.081910
0.081910
0.117124
0.117124
0.059979
0.059979
0.122231
0.122231
0.099924
0.099924
0.074081
0.074081
0.119615
0.119615
0.181093
0.181093
0.143607
0.143607
0.149259
0.149259
0.117938
0.117938
0.165039
0.165039
0.121167
0.121167
0.044894
0.044894
0.164793
0.164793
0.029618
0.029618
0.096038
0.096038
0.217956
0.217956
0.051926
0.051926
0.032789
0.032789
0.062365
0.062365
0.093033
0.093033
0.180196
0.180196
0.226615
0.226615
0.240062
0.240062
0.304449
0.304449
0.102751
0.102751
0.067601
0.067601
0.028157
0.028157
0.101981
0.101981
0.230835
0.230835
0.113805
0.113805
0.185676
0.185676
0.025155
0.025155
0.157659
0.157659
0.121081
0.121081
0.152210
0.152210
0.126355
0.126355
0.193508
0.193508
0.195718
0.195718
0.090758
0.090758
0.212330
0.212330
0.165890
0.165890
0.030980
0.030980
0.076898
0.076898
0.120566
0.120566
0.060726
0.060726
0.109746
0.109746
0.198548
0.198548
0.199856
0.199856
0.116361
0.116361
0.074194
0.074194
0.064350
0.064350
0.254382
0.254382
0.137397
0.137397
0.189405
0.189405
0.065908
0.065908
0.044433
0.044433
0.251971
0.251971
0.120362
0.120362
0.056559
0.056559
0.057775
0.057775
0.065833
0.065833
0.093004
0.093004
0.071745
0.071745
0.143857
0.143857
0.198766
0.198766
0.321057
0.321057
0.116379
0.116379
0.103160
0.103160
0.116654
0.116654
0.080976
0.080976
0.412449
0.412449
0.218602
0.218602
0.214585
0.214585
0.074367
0.074367
0.169787
0.169787
0.125797
0.125797
0.089208
0.089208
0.121477
0.121477
0.095594
0.095594
0.103863
0.103863
0.055928
0.055928
0.107927
0.107927
0.221342
0.221342
0.125556
0.125556
0.160318
0.160318
0.148406
0.148406
0.178987
0.178987
0.145040
0.145040
0.160319
0.160319
0.064007
0.064007
0.116724
0.116724
0.061489
0.061489
0.072037
0.072037
0.140180
0.140180
0.080003
0.080003
0.072771
0.072771
0.168978
0.168978
0.142493
0.142493
0.127629
0.127629
0.154606
0.154606
0.123407
0.123407
0.303779
0.303779
0.103029
0.103029
0.109289
0.109289
0.087551
0.087551
0.120851
0.120851
0.120663
0.120663
0.410417
0.410417
0.131325
0.131325
0.096171
0.096171
0.099365
0.099365
0.279077
0.279077
0.191629
0.191629
0.128206
0.128206
0.235387
0.235387
0.065791
0.065791
0.229138
0.229138
0.234182
0.234182
0.115902
0.115902
0.106851
0.106851
0.121457
0.121457
0.041065
0.041065
0.214464
0.214464
0.128193
0.128193
0.096336
0.096336
0.085693
0.085693
0.191568
0.191568
0.065570
0.065570
0.122238
0.122238
0.054662
0.054662
0.086931
0.086931
0.188194
0.188194
0.262262
0.262262
0.196176
0.196176
0.095538
0.095538
0.110305
0.110305
0.109703
0.109703
0.232420
0.232420
0.108583
0.108583
0.095997
0.095997
0.180955
0.180955
0.236297
0.236297
0.117278
0.117278
0.216058
0.216058
0.051559
0.051559
0.339401
0.339401
0.209659
0.209659
0.184726
0.184726
0.397432
0.397432
0.071571
0.071571
0.090240
0.090240
0.179892
0.179892
0.086085
0.086085
0.060184
0.060184
0.072938
0.072938
0.150388
0.150388
0.119748
0.119748
0.179695
0.179695
0.047337
0.047337
0.138388
0.138388
0.075701
0.075701
0.106399
0.106399
0.113468
0.113468
0.037991
0.037991
0.120861
0.120861
0.088349
0.088349
0.198698
0.198698
0.137510
0.137510
0.123833
0.123833
0.084238
0.084238
0.115276
0.115276
0.054919
0.054919
0.284703
0.284703
0.072357
0.072357
0.154288
0.154288
0.184758
0.184758
0.215512
0.215512
0.103803
0.103803
0.149460
0.149460
0.167958
0.167958
0.129875
0.129875
0.080121
0.080121
0.185726
0.185726
0.117030
0.117030
0.112806
0.112806
0.094384
0.094384
0.054339
0.054339
0.573783
0.573783
0.138416
0.138416
0.079936
0.079936
0.130470
0.130470
0.262541
0.262541
0.091534
0.091534
0.090276
0.090276
0.173219
0.173219
0.191185
0.191185
0.195943
0.195943
0.126566
0.126566
0.184412
0.184412
0.031840
0.031840
0.252411
0.252411
0.108428
0.108428
0.167264
0.167264
0.075995
0.075995
0.210234
0.210234
0.278451
0.278451
0.128969
0.128969
0.138795
0.138795
0.175859
0.175859
0.074275
0.074275
0.074051
0.074051
0.214044
0.214044
0.115261
0.115261
0.176530
0.176530
0.090993
0.090993
0.171120
0.171120
0.127108
0.127108
0.123892
0.123892
0.056709
0.056709
0.299053
0.299053
0.128305
0.128305
0.166329
0.166329
0.178994
0.178994
0.175100
0.175100
0.137399
0.137399
0.194985
0.194985
0.305040
0.305040
0.042876
0.042876
0.045381
0.045381
0.098788
0.098788
0.126122
0.126122
0.160411
0.160411
0.095815
0.095815
0.034332
0.034332
0.177140
0.177140
0.110482
0.110482
0.275076
0.275076
0.093405
0.093405
0.102823
0.102823
0.090197
0.090197
0.170723
0.170723
0.080446
0.080446
0.058481
0.058481
0.167235
0.167235
0.097508
0.097508
0.062020
0.062020
0.124573
0.124573
0.341758
0.341758
0.038269
0.038269
0.132126
0.132126
0.143221
0.143221
0.064887
0.064887
0.122728
0.122728
0.099450
0.099450
0.059631
0.059631
0.297239
0.297239
0.100830
0.100830
0.046350
0.046350
0.105289
0.105289
0.144940
0.144940
0.253504
0.253504
0.034756
0.034756
0.077135
0.077135
0.280631
0.280631
0.092410
0.092410
0.100035
0.100035
0.129910
0.129910
0.143725
0.143725
0.110617
0.110617
0.065446
0.065446
0.260471
0.260471
0.087827
0.087827
0.159127
0.159127
0.144849
0.144849
0.238583
0.238583
0.300812
0.300812
0.185151
0.185151
0.087359
0.087359
0.160079
0.160079
0.101948
0.101948
0.097436
0.097436
0.091522
0.091522
0.137160
0.137160
0.160366
0.160366
0.123078
0.123078
0.039294
0.039294
0.145613
0.145613
0.103003
0.103003
0.059334
0.059334
0.090597
0.090597
0.044227
0.044227
0.083744
0.083744
0.058864
0.058864
0.131246
0.131246
0.071044
0.071044
0.128033
0.128033
0.073621
0.073621
0.154187
0.154187
0.111032
0.111032
0.120420
0.120420
0.093220
0.093220
0.061742
0.061742
0.156433
0.156433
0.104999
0.104999
0.122124
0.122124
0.129959
0.129959
0.072750
0.072750
0.032138
0.032138
0.144900
0.144900
0.118320
0.118320
0.108521
0.108521
0.136174
0.136174
0.141529
0.141529
0.167404
0.167404
0.124174
0.124174
0.070786
0.070786
0.084089
0.084089
0.046414
0.046414
0.246975
0.246975
0.148228
0.148228
0.190295
0.190295
0.084662
0.084662
0.065024
0.065024
0.093012
0.093012
0.064276
0.064276
0.177194
0.177194
0.082929
0.082929
0.221000
0.221000
0.242909
0.242909
0.045915
0.045915
0.046015
0.046015
0.155216
0.155216
0.217977
0.217977
0.170401
0.170401
0.086556
0.086556
0.102406
0.102406
0.111525
0.111525
0.088947
0.088947
0.173392
0.173392
0.233268
0.233268
0.182900
0.182900
0.073448
0.073448
0.090032
0.090032
0.155519
0.155519
0.133501
0.133501
0.545426
0.545426
0.163891
0.163891
0.115490
0.115490
0.154137
0.154137
0.117251
0.117251
0.183846
0.183846
0.117964
0.117964
0.188145
0.188145
0.075196
0.075196
0.134544
0.134544
0.187346
0.187346
0.082474
0.082474
0.098470
0.098470
0.154279
0.154279
0.109348
0.109348
0.181028
0.181028
0.115339
0.115339
0.183742
0.183742
0.071146
0.071146
0.067461
0.067461
0.089957
0.089957
0.179610
0.179610
0.078015
0.078015
0.027759
0.027759
0.120775
0.120775
0.253259
0.253259
0.172523
0.172523
0.112192
0.112192
0.082898
0.082898
0.160952
0.160952
0.094616
0.094616
0.172391
0.172391
0.271789
0.271789
0.091769
0.091769
0.105313
0.105313
0.157868
0.157868
0.158721
0.158721
0.049053
0.049053
0.161181
0.161181
0.174591
0.174591
0.094094
0.094094
0.086617
0.086617
0.114871
0.114871
0.081858
0.081858
0.079639
0.079639
0.108069
0.108069
0.085639
0.085639
0.245986
0.245986
0.080845
0.080845
0.114727
0.114727
0.179081
0.179081
0.118503
0.118503
0.141739
0.141739
0.071107
0.071107
0.054333
0.054333
0.089309
0.089309
0.114093
0.114093
0.090224
0.090224
0.107053
0.107053
0.110055
0.110055
0.153937
0.153937
0.202260
0.202260
0.066900
0.066900
0.114461
0.114461
0.168157
0.168157
0.036912
0.036912
0.071067
0.071067
0.034133
0.034133
0.249144
0.249144
0.289712
0.289712
0.094436
0.094436
0.180711
0.180711
0.046187
0.046187
0.109946
0.109946
0.273855
0.273855
0.129698
0.129698
0.102047
0.102047
0.115087
0.115087
0.065162
0.065162
0.160543
0.160543
0.067174
0.067174
0.122461
0.122461
0.072690
0.072690
0.212668
0.212668
0.148156
0.148156
0.083251
0.083251
0.116248
0.116248
0.072232
0.072232
0.095717
0.095717
0.154856
0.154856
0.172873
0.172873
0.220624
0.220624
0.162634
0.162634
0.107971
0.107971
0.152443
0.152443
0.094285
0.094285
0.174821
0.174821
0.336622
0.336622
0.106164
0.106164
0.079968
0.079968
0.155412
0.155412
0.065505
0.065505
0.085327
0.085327
0.052396
0.052396
0.082529
0.082529
0.141018
0.141018
0.174788
0.174788
0.112225
0.112225
0.165858
0.165858
0.127192
0.127192
0.152201
0.152201
0.152239
0.152239
0.294906
0.294906
0.145332
0.145332
0.114675
0.114675
0.053696
0.053696
0.105844
0.105844
0.179110
0.179110
0.103843
0.103843
0.257551
0.257551
0.087095
0.087095
0.272782
0.272782
0.158827
0.158827
0.181347
0.181347
0.211951
0.211951
0.188053
0.188053
0.430083
0.430083
0.143664
0.143664
0.146335
0.146335
0.295744
0.295744
0.150811
0.150811
0.128713
0.128713
0.120508
0.120508
0.145017
0.145017
0.127212
0.127212
0.414156
0.414156
0.043434
0.043434
0.097123
0.097123
0.056088
0.056088
0.191837
0.191837
0.153043
0.153043
0.058473
0.058473
0.354222
0.354222
0.191457
0.191457
0.075874
0.075874
0.129586
0.129586
0.276304
0.276304
0.122700
0.122700
0.170664
0.170664
0.136993
0.136993
0.082937
0.082937
0.162250
0.162250
0.194144
0.194144
0.093577
0.093577
0.139804
0.139804
0.128155
0.128155
0.128500
0.128500
0.188445
0.188445
0.230939
0.230939
0.128087
0.128087
0.132061
0.132061
0.111249
0.111249
0.110518
0.110518
0.183410
0.183410
0.068533
0.068533
0.150279
0.150279
0.069632
0.069632
0.043911
0.043911
0.149506
0.149506
0.167159
0.167159
0.080597
0.080597
0.108799
0.108799
0.222631
0.222631
0.102226
0.102226
0.065368
0.065368
0.157923
0.157923
0.116299
0.116299
0.069930
0.069930
0.181669
0.181669
0.105803
0.105803
0.180318
0.180318
0.065577
0.065577
0.070217
0.070217
0.074591
0.074591
0.164822
0.164822
0.209016
0.209016
0.031592
0.031592
0.212030
0.212030
0.108278
0.108278
0.054341
0.054341
0.186045
0.186045
0.073739
0.073739
0.159553
0.159553
0.105210
0.105210
0.085413
0.085413
0.171311
0.171311
0.178605
0.178605
0.143670
0.143670
0.071158
0.071158
0.244872
0.244872
0.105417
0.105417
0.108760
0.108760
0.049495
0.049495
0.306263
0.306263
0.106022
0.106022
0.087486
0.087486
0.061900
0.061900
0.156230
0.156230
0.116304
0.116304
0.132873
0.132873
0.186592
0.186592
0.053922
0.053922
0.034013
0.034013
0.093487
0.093487
0.123816
0.123816
0.099005
0.099005
0.106883
0.106883
0.058359
0.058359
0.126799
0.126799
0.134752
0.134752
0.160655
0.160655
0.127448
0.127448
0.081176
0.081176
0.124789
0.124789
0.175649
0.175649
0.142387
0.142387
0.125059
0.125059
0.095601
0.095601
0.050125
0.050125
0.080931
0.080931
0.223572
0.223572
0.197074
0.197074
0.060837
0.060837
0.065938
0.065938
0.064570
0.064570
0.195731
0.195731
0.118520
0.118520
0.087844
0.087844
0.090185
0.090185
0.123600
0.123600
0.143622
0.143622
0.063134
0.063134
0.111115
0.111115
0.132586
0.132586
0.081107
0.081107
0.111167
0.111167
0.141476
0.141476
0.051230
0.051230
0.073658
0.073658
0.130985
0.130985
0.107691
0.107691
0.084806
0.084806
0.222445
0.222445
0.210615
0.210615
0.089115
0.089115
0.094755
0.094755
0.079090
0.079090
0.179764
0.179764
0.137151
0.137151
0.140176
0.140176
0.169648
0.169648
0.135602
0.135602
0.106498
0.106498
0.099623
0.099623
0.070826
0.070826
0.190384
0.190384
0.091924
0.091924
0.135235
0.135235
0.229638
0.229638
0.066266
0.066266
0.109904
0.109904
0.079326
0.079326
0.207639
0.207639
0.087960
0.087960
0.068716
0.068716
0.148594
0.148594
0.218603
0.218603
0.052517
0.052517
0.166988
0.166988
0.042057
0.042057
0.068023
0.068023
0.162604
0.162604
0.073651
0.073651
0.101444
0.101444
0.231697
0.231697
0.200981
0.200981
0.089036
0.089036
0.268865
0.268865
0.077846
0.077846
0.100044
0.100044
0.210712
0.210712
0.101459
0.101459
0.107565
0.107565
0.179946
0.179946
0.077478
0.077478
0.129589
0.129589
0.403303
0.403303
0.143129
0.143129
0.073692
0.073692
0.162686
0.162686
0.188506
0.188506
0.087142
0.087142
0.229178
0.229178
0.116392
0.116392
0.090771
0.090771
0.174900
0.174900
0.140120
0.140120
0.169501
0.169501
0.247097
0.247097
0.076744
0.076744
0.357326
0.357326
0.145669
0.145669
0.043764
0.043764
0.377568
0.377568
0.094842
0.094842
0.173912
0.173912
0.078033
0.078033
0.087751
0.087751
0.027607
0.027607
0.114969
0.114969
0.419089
0.419089
0.224705
0.224705
0.509510
0.509510
0.092615
0.092615
0.209963
0.209963
0.094925
0.094925
0.195029
0.195029
0.136869
0.136869
0.098501
0.098501
0.074513
0.074513
0.080926
0.080926
0.164733
0.164733
0.160838
0.160838
0.069073
0.069073
0.181350
0.181350
0.179423
0.179423
0.062946
0.062946
0.205759
0.205759
0.084041
0.084041
0.103263
0.103263
0.116913
0.116913
0.108027
0.108027
0.177834
0.177834
0.229835
0.229835
0.104967
0.104967
0.041673
0.041673
0.048623
0.048623
0.084683
0.084683
0.211755
0.211755
0.203327
0.203327
0.190356
0.190356
0.115715
0.115715
0.386146
0.386146
0.225905
0.225905
0.121666
0.121666
0.065304
0.065304
0.163325
0.163325
0.100758
0.100758
0.135651
0.135651
0.129639
0.129639
0.109172
0.109172
0.190585
0.190585
0.064617
0.064617
0.106239
0.106239
0.093285
0.093285
0.058911
0.058911
0.090735
0.090735
0.141792
0.141792
0.056593
0.056593
0.120941
0.120941
0.066302
0.066302
0.191553
0.191553
0.103201
0.103201
0.166330
0.166330
0.070736
0.070736
0.101096
0.101096
0.186277
0.186277
0.202906
0.202906
0.237555
0.237555
0.064960
0.064960
0.078310
0.078310
0.171063
0.171063
0.154834
0.154834
0.160851
0.160851
0.086072
0.086072
0.153995
0.153995
0.121051
0.121051
0.117020
0.117020
0.197849
0.197849
0.248731
0.248731
0.119105
0.119105
0.169645
0.169645
0.167550
0.167550
0.279544
0.279544
0.134777
0.134777
0.131442
0.131442
0.057234
0.057234
0.218757
0.218757
0.122344
0.122344
0.340714
0.340714
0.150926
0.150926
0.071300
0.071300
0.139236
0.139236
0.131058
0.131058
0.159619
0.159619
0.145308
0.145308
0.183400
0.183400
0.044450
0.044450
0.085998
0.085998
0.180954
0.180954
0.287296
0.287296
0.112163
0.112163
0.202167
0.202167
0.096627
0.096627
0.100918
0.100918
0.116406
0.116406
0.018558
0.018558
0.216915
0.216915
0.067836
0.067836
0.084441
0.084441
0.095136
0.095136
0.107453
0.107453
0.140347
0.140347
0.069345
0.069345
0.267483
0.267483
0.199343
0.199343
0.259966
0.259966
0.140540
0.140540
0.118351
0.118351
0.145386
0.145386
0.110630
0.110630
0.112056
0.112056
0.245030
0.245030
0.098283
0.098283
