2.142391
2.142391
2.184886
2.184886
1.987620
1.987620
1.880019
1.880019
1.743453
1.743453
1.646129
1.646129
1.236848
1.236848
0.899772
0.899772
0.734086
0.734086
0.756216
0.756216
0.488496
0.488496
0.717115
0.717115
0.445524
0.445524
0.916112
0.916112
0.763018
0.763018
0.448413
0.448413
0.372146
0.372146
0.535663
0.535663
0.399732
0.399732
0.465529
0.465529
0.309008
0.309008
0.355258
0.355258
0.551156
0.551156
0.801287
0.801287
0.499631
0.499631
0.344570
0.344570
0.700609
0.700609
0.545040
0.545040
0.239180
0.239180
0.204020
0.204020
0.439125
0.439125
0.376104
0.376104
0.635408
0.635408
0.279283
0.279283
0.406176
0.406176
0.441733
0.441733
0.134789
0.134789
0.224772
0.224772
0.218163
0.218163
0.170366
0.170366
0.184201
0.184201
0.470009
0.470009
1.264081
1.264081
0.096482
0.096482
0.438981
0.438981
0.439463
0.439463
0.766330
0.766330
0.368219
0.368219
1.054144
1.054144
0.314064
0.314064
0.152571
0.152571
0.036190
0.036190
0.955889
0.955889
0.559466
0.559466
0.374969
0.374969
0.918916
0.918916
2.073406
2.073406
1.689713
1.689713
1.152077
1.152077
1.174770
1.174770
1.275014
1.275014
2.393621
2.393621
2.091219
2.091219
1.896417
1.896417
2.552436
2.552436
2.950731
2.950731
1.962825
1.962825
2.106213
2.106213
2.310203
2.310203
2.105073
2.105073
1.585649
1.585649
0.976780
0.976780
1.819059
1.819059
1.317614
1.317614
0.518672
0.518672
0.029710
0.029710
0.530390
0.530390
0.029034
0.029034
0.569445
0.569445
1.187005
1.187005
0.143096
0.143096
0.048330
0.048330
0.686168
0.686168
0.095088
0.095088
0.499991
0.499991
0.146460
0.146460
0.684520
0.684520
1.372820
1.372820
1.986894
1.986894
0.596901
0.596901
1.974610
1.974610
0.772400
0.772400
1.059255
1.059255
1.039356
1.039356
0.864144
0.864144
2.375201
2.375201
0.943319
0.943319
2.576073
2.576073
4.179181
4.179181
2.334078
2.334078
3.136890
3.136890
3.745742
3.745742
6.482127
6.482127
6.939981
6.939981
6.189590
6.189590
7.423328
7.423328
4.068802
4.068802
5.234998
5.234998
4.149226
4.149226
5.718493
5.718493
0.705427
0.705427
7.199389
7.199389
4.029605
4.029605
3.262389
3.262389
3.603949
3.603949
0.889216
0.889216
4.127226
4.127226
3.745277
3.745277
1.369365
1.369365
1.719638
1.719638
2.503705
2.503705
1.445056
1.445056
1.800469
1.800469
1.494474
1.494474
1.203176
1.203176
1.185538
1.185538
0.396052
0.396052
1.446230
1.446230
1.059160
1.059160
0.447469
0.447469
0.189168
0.189168
0.017706
0.017706
0.078862
0.078862
0.382261
0.382261
0.293117
0.293117
1.081597
1.081597
0.611535
0.611535
1.148864
1.148864
1.922075
1.922075
0.297440
0.297440
2.071486
2.071486
2.084104
2.084104
1.960365
1.960365
2.439964
2.439964
2.755234
2.755234
5.232483
5.232483
5.794075
5.794075
5.932348
5.932348
5.036766
5.036766
3.485983
3.485983
6.918644
6.918644
5.441995
5.441995
10.889932
10.889932
5.655992
5.655992
11.835083
11.835083
7.922969
7.922969
5.253634
5.253634
8.259531
8.259531
8.721291
8.721291
8.233829
8.233829
4.670610
4.670610
2.153729
2.153729
6.443539
6.443539
4.277177
4.277177
2.849204
2.849204
2.451211
2.451211
4.906090
4.906090
3.959753
3.959753
4.152862
4.152862
1.145835
1.145835
1.201312
1.201312
1.544272
1.544272
1.947176
1.947176
2.610080
2.610080
0.364214
0.364214
1.686009
1.686009
1.439343
1.439343
0.231978
0.231978
0.302008
0.302008
1.188447
1.188447
0.132166
0.132166
1.297767
1.297767
3.494809
3.494809
0.095151
0.095151
2.680133
2.680133
0.827800
0.827800
1.680982
1.680982
1.841905
1.841905
0.474831
0.474831
0.769021
0.769021
2.208787
2.208787
0.581361
0.581361
1.491548
1.491548
0.211082
0.211082
0.000223
0.000223
1.314282
1.314282
0.088822
0.088822
0.757456
0.757456
1.590816
1.590816
1.772299
1.772299
0.830832
0.830832
1.514225
1.514225
4.883282
4.883282
3.352903
3.352903
5.788073
5.788073
3.081145
3.081145
4.033498
4.033498
4.915269
4.915269
3.846018
3.846018
4.458490
4.458490
4.024339
4.024339
3.489869
3.489869
5.498180
5.498180
7.990006
7.990006
6.787489
6.787489
6.365156
6.365156
5.726665
5.726665
4.347556
4.347556
6.032053
6.032053
5.614120
5.614120
2.068245
2.068245
2.822524
2.822524
3.209128
3.209128
2.078211
2.078211
2.986365
2.986365
5.812046
5.812046
2.525467
2.525467
1.883473
1.883473
3.871868
3.871868
1.582980
1.582980
3.017334
3.017334
1.379239
1.379239
0.505487
0.505487
2.394719
2.394719
1.153854
1.153854
0.396510
0.396510
0.844951
0.844951
0.229445
0.229445
0.000808
0.000808
0.053275
0.053275
0.412306
0.412306
0.665635
0.665635
0.125426
0.125426
1.209872
1.209872
0.280112
0.280112
0.032089
0.032089
0.029018
0.029018
0.279383
0.279383
0.810744
0.810744
1.176025
1.176025
0.092645
0.092645
0.633651
0.633651
0.401264
0.401264
0.351802
0.351802
0.236014
0.236014
0.374514
0.374514
0.006527
0.006527
0.704197
0.704197
1.638626
1.638626
1.075486
1.075486
1.002373
1.002373
1.121281
1.121281
1.361786
1.361786
1.646463
1.646463
0.168160
0.168160
0.668679
0.668679
0.660157
0.660157
2.069106
2.069106
0.508304
0.508304
2.339888
2.339888
1.721915
1.721915
0.160791
0.160791
0.428023
0.428023
1.593750
1.593750
2.650782
2.650782
1.764123
1.764123
0.892346
0.892346
0.295262
0.295262
1.590304
1.590304
1.657561
1.657561
2.142146
2.142146
1.047896
1.047896
1.660799
1.660799
1.654778
1.654778
1.036624
1.036624
0.400061
0.400061
0.557414
0.557414
1.475527
1.475527
0.830305
0.830305
0.255260
0.255260
0.826490
0.826490
1.297294
1.297294
1.169378
1.169378
0.393085
0.393085
0.038775
0.038775
2.296047
2.296047
1.021534
1.021534
3.225728
3.225728
0.116072
0.116072
0.225137
0.225137
1.337798
1.337798
1.723748
1.723748
0.057213
0.057213
1.356268
1.356268
0.633261
0.633261
0.220665
0.220665
0.224440
0.224440
1.688111
1.688111
0.531127
0.531127
0.870230
0.870230
0.002383
0.002383
0.359559
0.359559
0.006290
0.006290
1.520688
1.520688
2.258461
2.258461
1.224387
1.224387
2.605938
2.605938
0.261430
0.261430
1.403446
1.403446
0.986065
0.986065
0.570989
0.570989
0.004109
0.004109
1.442594
1.442594
0.591294
0.591294
1.709265
1.709265
1.652911
1.652911
0.201133
0.201133
0.473003
0.473003
0.213350
0.213350
0.764565
0.764565
0.677716
0.677716
1.068403
1.068403
0.000023
0.000023
0.362852
0.362852
1.345344
1.345344
1.386542
1.386542
0.162323
0.162323
0.392310
0.392310
1.788841
1.788841
0.806456
0.806456
0.278892
0.278892
0.476757
0.476757
1.606917
1.606917
1.208582
1.208582
0.651780
0.651780
0.408090
0.408090
1.796631
1.796631
0.453825
0.453825
1.636685
1.636685
0.333027
0.333027
0.368897
0.368897
0.512644
0.512644
1.056845
1.056845
1.477909
1.477909
0.454118
0.454118
0.732209
0.732209
1.021349
1.021349
0.356008
0.356008
0.452457
0.452457
0.382056
0.382056
1.188097
1.188097
0.771201
0.771201
1.136249
1.136249
0.680272
0.680272
0.036406
0.036406
2.196208
2.196208
0.285499
0.285499
0.296765
0.296765
0.211483
0.211483
0.000002
0.000002
0.601139
0.601139
0.380634
0.380634
0.000100
0.000100
0.608177
0.608177
0.062925
0.062925
0.306401
0.306401
0.275128
0.275128
0.890796
0.890796
0.548359
0.548359
0.458289
0.458289
0.697899
0.697899
0.000017
0.000017
0.000046
0.000046
0.790707
0.790707
0.684487
0.684487
1.132721
1.132721
0.159054
0.159054
0.239026
0.239026
0.043387
0.043387
0.838210
0.838210
0.372315
0.372315
0.618885
0.618885
2.272184
2.272184
1.343644
1.343644
0.189184
0.189184
0.053040
0.053040
0.944978
0.944978
0.305502
0.305502
0.079145
0.079145
0.326093
0.326093
0.593742
0.593742
0.879374
0.879374
0.461065
0.461065
0.011735
0.011735
1.130902
1.130902
2.284890
2.284890
0.193090
0.193090
0.076098
0.076098
0.392543
0.392543
1.370619
1.370619
0.533009
0.533009
0.379666
0.379666
1.151209
1.151209
0.474184
0.474184
0.015440
0.015440
0.320021
0.320021
0.522838
0.522838
0.035260
0.035260
2.470858
2.470858
0.727514
0.727514
0.100478
0.100478
0.826401
0.826401
0.608613
0.608613
1.354280
1.354280
0.714336
0.714336
0.171159
0.171159
1.137015
1.137015
1.230328
1.230328
0.017250
0.017250
1.120105
1.120105
1.394091
1.394091
0.002874
0.002874
0.558021
0.558021
0.278982
0.278982
0.000110
0.000110
0.077610
0.077610
0.368035
0.368035
0.047608
0.047608
0.440588
0.440588
0.086207
0.086207
0.708153
0.708153
0.000002
0.000002
0.090761
0.090761
1.929692
1.929692
0.588482
0.588482
0.357596
0.357596
0.184721
0.184721
0.317444
0.317444
0.763563
0.763563
1.399268
1.399268
0.488573
0.488573
0.080160
0.080160
0.021666
0.021666
0.075399
0.075399
0.230763
0.230763
0.006407
0.006407
1.322099
1.322099
0.509289
0.509289
0.144454
0.144454
0.000173
0.000173
0.824907
0.824907
0.000197
0.000197
1.164405
1.164405
0.207969
0.207969
0.754394
0.754394
0.023006
0.023006
0.442513
0.442513
0.045642
0.045642
0.440926
0.440926
0.005133
0.005133
0.687933
0.687933
0.552098
0.552098
0.026209
0.026209
0.030734
0.030734
0.443050
0.443050
0.316361
0.316361
0.449558
0.449558
0.321361
0.321361
0.544319
0.544319
0.073494
0.073494
0.181439
0.181439
0.655086
0.655086
0.151695
0.151695
0.926291
0.926291
0.609545
0.609545
1.021253
1.021253
0.021122
0.021122
0.000398
0.000398
0.397790
0.397790
0.685782
0.685782
0.397456
0.397456
0.435108
0.435108
0.921025
0.921025
0.599724
0.599724
0.109467
0.109467
0.885392
0.885392
0.394323
0.394323
0.209617
0.209617
0.418531
0.418531
0.000186
0.000186
0.208337
0.208337
1.182490
1.182490
0.401091
0.401091
0.285707
0.285707
0.380717
0.380717
0.285609
0.285609
0.882906
0.882906
0.259266
0.259266
0.592751
0.592751
1.056862
1.056862
0.596037
0.596037
0.598556
0.598556
0.272270
0.272270
0.474896
0.474896
0.329847
0.329847
0.506247
0.506247
0.300293
0.300293
0.324611
0.324611
0.378963
0.378963
0.163115
0.163115
0.647660
0.647660
1.275495
1.275495
0.065211
0.065211
0.120509
0.120509
0.756003
0.756003
0.453844
0.453844
0.969978
0.969978
0.678008
0.678008
0.247365
0.247365
0.166279
0.166279
0.754826
0.754826
0.394733
0.394733
0.330837
0.330837
0.076848
0.076848
1.060713
1.060713
0.070395
0.070395
0.002950
0.002950
0.586356
0.586356
0.890472
0.890472
0.221999
0.221999
0.189710
0.189710
0.604690
0.604690
0.439135
0.439135
0.487947
0.487947
0.349878
0.349878
0.679663
0.679663
0.000564
0.000564
1.013220
1.013220
0.656931
0.656931
1.531577
1.531577
0.101995
0.101995
0.058145
0.058145
0.496562
0.496562
0.323685
0.323685
0.000057
0.000057
0.380284
0.380284
0.451622
0.451622
0.312888
0.312888
0.036931
0.036931
0.139675
0.139675
0.144621
0.144621
0.110659
0.110659
0.991830
0.991830
0.138730
0.138730
1.169777
1.169777
1.126019
1.126019
0.565359
0.565359
0.870836
0.870836
0.627669
0.627669
0.941668
0.941668
0.484095
0.484095
0.084633
0.084633
0.006126
0.006126
0.103829
0.103829
0.174501
0.174501
0.745762
0.745762
0.001444
0.001444
0.323837
0.323837
0.697457
0.697457
0.821919
0.821919
0.092920
0.092920
0.598262
0.598262
0.620413
0.620413
0.034025
0.034025
0.857955
0.857955
0.799155
0.799155
0.241057
0.241057
0.126961
0.126961
1.036914
1.036914
0.285754
0.285754
0.009541
0.009541
0.816788
0.816788
1.015057
1.015057
0.812401
0.812401
1.083491
1.083491
0.177483
0.177483
0.329072
0.329072
0.116005
0.116005
0.005829
0.005829
0.285186
0.285186
0.406187
0.406187
0.242677
0.242677
0.551661
0.551661
0.206814
0.206814
0.274851
0.274851
0.239908
0.239908
0.298175
0.298175
0.568063
0.568063
0.951886
0.951886
0.216727
0.216727
0.121436
0.121436
0.541889
0.541889
0.721531
0.721531
0.572280
0.572280
1.367470
1.367470
0.856924
0.856924
0.840474
0.840474
0.768184
0.768184
1.635365
1.635365
0.857558
0.857558
0.181421
0.181421
0.468008
0.468008
0.387481
0.387481
0.582819
0.582819
0.379616
0.379616
0.750889
0.750889
0.311089
0.311089
0.000030
0.000030
0.303955
0.303955
0.004995
0.004995
0.170093
0.170093
0.043910
0.043910
0.198027
0.198027
0.896294
0.896294
0.370211
0.370211
0.320182
0.320182
0.081230
0.081230
0.100121
0.100121
0.667127
0.667127
0.664456
0.664456
0.379150
0.379150
0.243212
0.243212
0.398595
0.398595
0.375239
0.375239
0.114211
0.114211
0.533231
0.533231
0.549940
0.549940
0.342805
0.342805
0.000559
0.000559
0.169721
0.169721
0.063462
0.063462
0.291890
0.291890
0.565773
0.565773
0.795229
0.795229
0.440401
0.440401
0.014777
0.014777
0.407001
0.407001
0.154921
0.154921
0.095539
0.095539
0.173659
0.173659
0.005563
0.005563
0.635193
0.635193
0.656280
0.656280
0.425480
0.425480
0.365952
0.365952
0.000316
0.000316
0.447592
0.447592
1.172949
1.172949
0.518846
0.518846
1.720826
1.720826
0.007781
0.007781
0.380929
0.380929
1.510134
1.510134
0.009096
0.009096
0.146903
0.146903
0.439473
0.439473
0.343537
0.343537
0.089002
0.089002
0.586371
0.586371
0.292370
0.292370
0.007601
0.007601
0.171540
0.171540
0.001808
0.001808
0.396120
0.396120
0.049922
0.049922
0.143285
0.143285
0.276287
0.276287
0.001194
0.001194
0.292163
0.292163
0.043728
0.043728
0.315744
0.315744
0.373852
0.373852
0.026859
0.026859
0.205362
0.205362
0.568323
0.568323
0.002502
0.002502
0.009478
0.009478
0.968162
0.968162
0.280617
0.280617
0.067328
0.067328
0.550377
0.550377
0.369518
0.369518
0.571327
0.571327
0.502734
0.502734
0.659018
0.659018
0.159668
0.159668
0.001964
0.001964
0.367397
0.367397
0.616541
0.616541
1.109600
1.109600
0.878489
0.878489
0.460059
0.460059
0.139958
0.139958
0.849959
0.849959
0.505327
0.505327
0.793253
0.793253
0.974914
0.974914
0.113833
0.113833
0.752629
0.752629
0.818649
0.818649
0.474417
0.474417
0.806353
0.806353
0.650486
0.650486
0.298538
0.298538
1.855080
1.855080
0.591564
0.591564
0.196089
0.196089
0.705385
0.705385
0.809200
0.809200
0.322782
0.322782
0.709150
0.709150
1.544472
1.544472
0.012517
0.012517
0.548680
0.548680
0.290689
0.290689
0.843224
0.843224
0.484179
0.484179
0.534856
0.534856
0.137768
0.137768
0.833199
0.833199
0.009086
0.009086
0.000121
0.000121
0.470984
0.470984
0.216462
0.216462
0.459078
0.459078
0.638292
0.638292
0.175891
0.175891
0.465514
0.465514
0.572723
0.572723
0.948510
0.948510
0.295008
0.295008
0.507685
0.507685
0.578156
0.578156
0.001686
0.001686
0.258170
0.258170
0.613673
0.613673
0.007367
0.007367
0.646837
0.646837
0.755695
0.755695
0.152718
0.152718
0.705403
0.705403
0.381170
0.381170
0.294680
0.294680
0.632245
0.632245
0.479921
0.479921
0.635719
0.635719
1.003583
1.003583
0.213624
0.213624
0.356117
0.356117
0.010832
0.010832
0.562414
0.562414
0.198541
0.198541
0.659339
0.659339
0.051060
0.051060
0.559829
0.559829
1.197947
1.197947
0.087404
0.087404
1.033600
1.033600
0.021949
0.021949
0.066279
0.066279
1.233543
1.233543
0.072404
0.072404
0.016141
0.016141
0.058015
0.058015
0.313347
0.313347
0.108584
0.108584
0.362225
0.362225
1.524505
1.524505
0.653322
0.653322
0.508171
0.508171
0.158600
0.158600
0.737651
0.737651
1.457324
1.457324
0.002874
0.002874
1.720363
1.720363
0.069812
0.069812
0.370433
0.370433
0.610336
0.610336
0.568966
0.568966
0.603762
0.603762
0.380405
0.380405
0.114597
0.114597
0.521881
0.521881
0.225351
0.225351
0.464157
0.464157
0.187518
0.187518
0.456464
0.456464
0.007419
0.007419
0.363351
0.363351
0.548616
0.548616
0.330036
0.330036
0.364411
0.364411
0.464384
0.464384
0.518764
0.518764
0.806988
0.806988
1.162497
1.162497
0.517849
0.517849
1.636089
1.636089
1.770146
1.770146
0.150143
0.150143
0.353581
0.353581
1.121512
1.121512
1.037087
1.037087
0.520179
0.520179
0.101899
0.101899
0.174055
0.174055
0.322443
0.322443
0.458716
0.458716
0.398613
0.398613
0.296781
0.296781
0.178203
0.178203
1.297739
1.297739
0.685906
0.685906
0.461156
0.461156
0.120961
0.120961
0.678522
0.678522
0.536448
0.536448
0.430319
0.430319
0.167517
0.167517
0.513771
0.513771
0.378127
0.378127
0.623314
0.623314
1.695877
1.695877
0.744096
0.744096
1.153379
1.153379
0.826863
0.826863
0.711108
0.711108
0.337454
0.337454
0.084110
0.084110
0.187229
0.187229
0.002509
0.002509
0.555617
0.555617
0.715318
0.715318
0.105815
0.105815
0.147245
0.147245
1.255830
1.255830
0.351467
0.351467
0.034778
0.034778
0.936853
0.936853
0.273645
0.273645
0.425944
0.425944
1.325214
1.325214
0.220798
0.220798
0.248386
0.248386
0.127218
0.127218
0.190695
0.190695
0.804207
0.804207
0.278737
0.278737
0.288874
0.288874
0.659029
0.659029
0.985871
0.985871
0.721355
0.721355
0.546110
0.546110
1.208477
1.208477
1.168433
1.168433
0.186315
0.186315
2.055586
2.055586
1.041578
1.041578
1.931384
1.931384
0.579389
0.579389
1.102616
1.102616
1.572601
1.572601
0.709176
0.709176
0.802029
0.802029
0.448132
0.448132
0.841621
0.841621
0.765711
0.765711
0.000056
0.000056
0.231972
0.231972
0.474344
0.474344
0.910832
0.910832
0.084182
0.084182
0.223431
0.223431
0.427816
0.427816
0.067955
0.067955
0.117063
0.117063
0.106658
0.106658
0.028693
0.028693
0.143128
0.143128
0.139308
0.139308
0.147830
0.147830
0.000384
0.000384
0.035390
0.035390
0.931132
0.931132
0.558065
0.558065
1.324453
1.324453
0.658581
0.658581
0.165248
0.165248
0.003301
0.003301
0.506899
0.506899
0.024091
0.024091
0.446299
0.446299
0.663598
0.663598
0.991702
0.991702
0.452534
0.452534
0.234930
0.234930
0.337955
0.337955
0.464966
0.464966
0.011804
0.011804
1.095957
1.095957
0.474130
0.474130
0.011795
0.011795
0.462280
0.462280
0.300411
0.300411
0.319453
0.319453
0.000215
0.000215
0.130761
0.130761
0.492062
0.492062
0.109483
0.109483
0.186097
0.186097
0.189280
0.189280
1.190906
1.190906
0.617225
0.617225
0.383511
0.383511
0.366230
0.366230
0.366351
0.366351
0.422299
0.422299
0.713647
0.713647
0.026656
0.026656
0.078314
0.078314
2.125162
2.125162
0.420876
0.420876
0.358123
0.358123
0.539303
0.539303
0.396727
0.396727
0.927400
0.927400
0.747194
0.747194
0.685815
0.685815
0.970424
0.970424
0.048967
0.048967
0.690920
0.690920
0.273646
0.273646
0.167594
0.167594
0.083269
0.083269
0.254886
0.254886
0.164724
0.164724
0.002402
0.002402
0.331915
0.331915
0.496192
0.496192
0.054297
0.054297
0.003096
0.003096
0.547141
0.547141
0.514001
0.514001
0.214663
0.214663
0.837840
0.837840
0.097300
0.097300
0.187963
0.187963
0.870773
0.870773
0.645034
0.645034
0.712595
0.712595
0.342400
0.342400
0.421111
0.421111
0.256102
0.256102
0.004631
0.004631
0.603755
0.603755
0.390161
0.390161
0.545766
0.545766
0.176269
0.176269
0.362196
0.362196
0.347667
0.347667
0.125757
0.125757
0.594183
0.594183
0.794890
0.794890
0.019943
0.019943
0.210990
0.210990
0.507751
0.507751
0.677455
0.677455
0.516178
0.516178
0.001884
0.001884
0.256621
0.256621
0.524655
0.524655
0.934878
0.934878
0.550138
0.550138
1.048444
1.048444
0.135529
0.135529
0.236726
0.236726
0.626406
0.626406
0.057119
0.057119
0.016026
0.016026
1.018023
1.018023
0.125389
0.125389
0.226310
0.226310
0.027613
0.027613
0.603137
0.603137
0.835130
0.835130
0.276609
0.276609
0.011484
0.011484
0.179076
0.179076
0.876336
0.876336
0.113916
0.113916
1.335850
1.335850
0.142418
0.142418
0.131531
0.131531
0.503614
0.503614
0.077678
0.077678
0.024325
0.024325
0.567626
0.567626
0.102698
0.102698
0.036879
0.036879
0.112753
0.112753
0.076299
0.076299
0.433643
0.433643
0.022916
0.022916
0.565727
0.565727
0.236342
0.236342
0.379169
0.379169
0.168344
0.168344
0.324932
0.324932
0.312291
0.312291
0.022800
0.022800
0.007399
0.007399
0.637444
0.637444
0.210470
0.210470
0.186236
0.186236
0.277999
0.277999
1.524638
1.524638
0.405794
0.405794
0.179634
0.179634
0.011609
0.011609
0.106483
0.106483
0.262030
0.262030
0.596115
0.596115
0.144774
0.144774
0.391772
0.391772
0.352044
0.352044
0.444505
0.444505
0.289690
0.289690
0.139438
0.139438
0.378043
0.378043
0.228280
0.228280
0.604102
0.604102
0.075955
0.075955
0.210362
0.210362
0.255235
0.255235
0.007606
0.007606
0.278304
0.278304
0.457475
0.457475
0.078502
0.078502
0.596867
0.596867
0.174321
0.174321
0.002961
0.002961
0.436578
0.436578
0.151201
0.151201
0.035977
0.035977
0.260133
0.260133
0.257258
0.257258
0.428998
0.428998
0.484057
0.484057
0.559271
0.559271
0.483724
0.483724
1.052544
1.052544
0.396161
0.396161
0.390754
0.390754
0.139279
0.139279
0.604646
0.604646
0.264632
0.264632
0.554212
0.554212
0.816040
0.816040
0.195420
0.195420
0.480274
0.480274
0.006593
0.006593
0.074211
0.074211
0.692611
0.692611
0.112175
0.112175
0.025588
0.025588
0.644396
0.644396
0.605094
0.605094
0.298209
0.298209
0.051292
0.051292
0.046090
0.046090
0.079509
0.079509
0.389622
0.389622
0.150121
0.150121
0.091458
0.091458
0.656666
0.656666
0.433545
0.433545
0.315995
0.315995
1.364765
1.364765
0.002783
0.002783
0.429924
0.429924
0.164799
0.164799
0.162717
0.162717
0.435584
0.435584
0.208745
0.208745
0.771009
0.771009
0.446000
0.446000
0.317908
0.317908
0.383277
0.383277
0.158521
0.158521
0.000252
0.000252
0.172079
0.172079
0.162493
0.162493
1.141071
1.141071
0.754660
0.754660
0.110849
0.110849
0.166221
0.166221
0.169125
0.169125
0.005622
0.005622
0.137195
0.137195
0.370109
0.370109
0.043301
0.043301
0.166318
0.166318
0.146892
0.146892
0.102378
0.102378
0.006657
0.006657
0.030972
0.030972
0.138002
0.138002
0.070222
0.070222
0.265000
0.265000
0.083895
0.083895
0.107535
0.107535
1.451482
1.451482
0.015146
0.015146
0.099137
0.099137
0.134008
0.134008
0.296306
0.296306
0.046941
0.046941
0.035839
0.035839
0.378606
0.378606
0.396482
0.396482
0.235551
0.235551
0.151265
0.151265
0.126383
0.126383
0.106522
0.106522
0.017325
0.017325
0.005698
0.005698
0.132987
0.132987
0.016821
0.016821
0.001500
0.001500
1.048697
1.048697
0.460044
0.460044
0.248645
0.248645
0.096868
0.096868
0.003440
0.003440
0.303923
0.303923
0.122207
0.122207
0.784380
0.784380
0.317175
0.317175
0.091991
0.091991
0.308300
0.308300
0.230981
0.230981
0.841156
0.841156
0.268803
0.268803
0.389686
0.389686
0.416764
0.416764
0.021359
0.021359
0.508176
0.508176
0.450514
0.450514
0.332212
0.332212
0.259242
0.259242
0.870748
0.870748
0.106292
0.106292
0.031565
0.031565
0.449656
0.449656
0.483971
0.483971
0.350829
0.350829
0.201133
0.201133
0.002121
0.002121
0.021943
0.021943
0.139678
0.139678
0.481880
0.481880
0.065725
0.065725
0.102540
0.102540
0.549816
0.549816
0.454008
0.454008
0.717840
0.717840
0.360132
0.360132
0.011353
0.011353
0.057367
0.057367
0.759885
0.759885
0.025203
0.025203
0.430882
0.430882
0.523067
0.523067
0.102235
0.102235
0.366251
0.366251
0.159869
0.159869
0.348280
0.348280
0.048564
0.048564
0.261937
0.261937
0.401860
0.401860
0.304859
0.304859
0.014297
0.014297
0.851629
0.851629
0.031726
0.031726
0.702290
0.702290
0.007302
0.007302
0.139018
0.139018
0.739299
0.739299
0.046016
0.046016
0.381400
0.381400
0.276612
0.276612
0.149203
0.149203
0.380259
0.380259
0.149172
0.149172
0.483991
0.483991
0.122036
0.122036
0.347090
0.347090
0.016645
0.016645
0.232411
0.232411
0.047326
0.047326
1.820627
1.820627
0.261080
0.261080
0.229834
0.229834
0.422679
0.422679
0.386459
0.386459
0.097520
0.097520
0.116276
0.116276
0.245234
0.245234
0.088596
0.088596
0.134346
0.134346
0.046519
0.046519
0.130774
0.130774
0.256307
0.256307
0.378359
0.378359
0.553983
0.553983
0.737708
0.737708
0.223278
0.223278
0.330569
0.330569
0.241121
0.241121
0.886581
0.886581
0.070304
0.070304
0.346210
0.346210
0.022727
0.022727
0.072092
0.072092
0.160798
0.160798
0.225351
0.225351
0.071168
0.071168
0.320902
0.320902
0.356391
0.356391
0.297579
0.297579
0.003580
0.003580
0.085316
0.085316
0.065181
0.065181
0.000602
0.000602
0.339809
0.339809
0.001529
0.001529
0.358864
0.358864
0.704313
0.704313
0.662457
0.662457
0.571399
0.571399
0.005818
0.005818
0.617269
0.617269
0.102885
0.102885
0.174175
0.174175
0.681062
0.681062
0.009297
0.009297
0.002423
0.002423
0.035600
0.035600
0.049683
0.049683
0.282130
0.282130
0.212874
0.212874
0.035989
0.035989
0.091732
0.091732
0.207146
0.207146
0.009838
0.009838
0.581973
0.581973
0.084470
0.084470
0.112520
0.112520
0.301314
0.301314
0.576663
0.576663
0.164336
0.164336
0.199985
0.199985
1.178705
1.178705
0.271922
0.271922
0.274459
0.274459
0.164917
0.164917
0.235798
0.235798
0.631638
0.631638
0.087629
0.087629
0.027362
0.027362
0.101968
0.101968
0.072201
0.072201
0.514334
0.514334
0.202701
0.202701
0.003637
0.003637
0.269250
0.269250
0.222636
0.222636
0.487265
0.487265
0.007736
0.007736
0.117822
0.117822
0.618709
0.618709
0.022286
0.022286
0.096054
0.096054
0.541471
0.541471
0.032671
0.032671
0.319751
0.319751
0.246750
0.246750
0.872267
0.872267
0.155186
0.155186
0.290795
0.290795
0.308200
0.308200
0.198120
0.198120
0.712926
0.712926
0.695828
0.695828
0.550610
0.550610
0.636160
0.636160
0.112125
0.112125
0.419359
0.419359
0.110371
0.110371
0.074300
0.074300
0.327700
0.327700
0.013169
0.013169
0.935461
0.935461
0.025029
0.025029
0.030074
0.030074
0.005243
0.005243
0.259739
0.259739
0.090204
0.090204
0.081076
0.081076
0.056358
0.056358
0.462016
0.462016
0.061034
0.061034
0.199568
0.199568
0.565875
0.565875
0.235678
0.235678
0.122439
0.122439
0.482039
0.482039
0.007832
0.007832
0.243270
0.243270
0.228838
0.228838
0.663720
0.663720
0.621958
0.621958
0.301022
0.301022
0.284862
0.284862
0.310950
0.310950
0.674974
0.674974
0.056822
0.056822
0.006256
0.006256
0.157969
0.157969
0.229616
0.229616
0.133983
0.133983
0.065856
0.065856
0.063669
0.063669
0.031233
0.031233
0.185408
0.185408
0.776045
0.776045
0.097840
0.097840
0.219079
0.219079
0.126801
0.126801
0.528938
0.528938
0.285596
0.285596
0.912118
0.912118
0.079380
0.079380
0.068465
0.068465
0.314201
0.314201
0.001855
0.001855
0.163314
0.163314
0.000634
0.000634
0.116009
0.116009
0.024276
0.024276
0.475209
0.475209
0.179987
0.179987
0.507385
0.507385
0.132477
0.132477
0.046374
0.046374
0.342113
0.342113
0.715976
0.715976
0.603304
0.603304
0.022293
0.022293
0.213935
0.213935
0.026980
0.026980
0.148539
0.148539
1.059461
1.059461
0.113813
0.113813
0.286802
0.286802
0.199867
0.199867
0.767012
0.767012
0.489461
0.489461
0.183951
0.183951
0.310914
0.310914
0.729169
0.729169
0.736625
0.736625
0.870379
0.870379
0.122804
0.122804
0.218362
0.218362
0.248543
0.248543
0.862736
0.862736
0.151308
0.151308
0.302749
0.302749
0.228562
0.228562
0.313853
0.313853
0.014578
0.014578
0.546965
0.546965
0.050769
0.050769
0.455602
0.455602
0.323249
0.323249
0.367045
0.367045
0.206391
0.206391
0.019908
0.019908
0.080831
0.080831
0.318533
0.318533
0.092689
0.092689
0.878209
0.878209
0.264387
0.264387
0.184301
0.184301
0.056559
0.056559
0.352474
0.352474
0.281888
0.281888
0.010872
0.010872
0.613167
0.613167
0.439495
0.439495
0.245968
0.245968
0.292749
0.292749
0.518870
0.518870
0.278504
0.278504
0.075988
0.075988
0.008108
0.008108
0.022289
0.022289
0.140590
0.140590
0.022885
0.022885
0.045497
0.045497
0.281967
0.281967
0.023099
0.023099
0.311982
0.311982
0.564387
0.564387
0.190559
0.190559
0.405440
0.405440
0.439408
0.439408
0.360582
0.360582
0.379283
0.379283
0.688393
0.688393
0.178314
0.178314
0.063276
0.063276
0.523733
0.523733
1.317049
1.317049
0.195980
0.195980
0.036304
0.036304
0.012860
0.012860
0.005192
0.005192
1.857212
1.857212
0.049420
0.049420
0.372373
0.372373
0.281824
0.281824
0.008372
0.008372
0.224006
0.224006
0.143666
0.143666
0.046185
0.046185
0.786849
0.786849
0.145642
0.145642
0.160911
0.160911
0.183544
0.183544
0.016789
0.016789
0.515497
0.515497
0.508362
0.508362
0.341734
0.341734
0.158302
0.158302
0.456227
0.456227
0.212756
0.212756
0.210561
0.210561
0.524529
0.524529
0.802125
0.802125
0.236762
0.236762
0.403785
0.403785
0.162501
0.162501
0.465178
0.465178
0.453709
0.453709
0.086540
0.086540
0.212285
0.212285
0.229070
0.229070
0.191326
0.191326
0.240431
0.240431
0.763466
0.763466
0.225434
0.225434
0.281554
0.281554
0.274480
0.274480
0.569465
0.569465
0.055060
0.055060
0.002316
0.002316
0.397841
0.397841
0.028516
0.028516
0.079509
0.079509
0.182860
0.182860
0.006600
0.006600
0.385467
0.385467
0.118317
0.118317
0.482744
0.482744
0.596437
0.596437
0.139466
0.139466
1.024441
1.024441
0.206349
0.206349
0.252370
0.252370
0.817592
0.817592
1.060252
1.060252
0.816649
0.816649
0.383339
0.383339
0.227517
0.227517
0.409712
0.409712
0.091515
0.091515
0.521559
0.521559
0.733093
0.733093
0.207143
0.207143
0.011256
0.011256
0.262776
0.262776
0.237556
0.237556
0.169509
0.169509
0.015067
0.015067
0.259058
0.259058
0.180851
0.180851
0.031701
0.031701
0.097269
0.097269
0.631245
0.631245
0.324602
0.324602
0.257995
0.257995
0.005038
0.005038
0.121282
0.121282
0.133977
0.133977
0.058078
0.058078
0.454117
0.454117
0.304348
0.304348
0.183414
0.183414
0.455651
0.455651
0.116297
0.116297
0.142842
0.142842
0.311940
0.311940
0.477650
0.477650
0.057419
0.057419
0.345177
0.345177
0.679989
0.679989
0.452970
0.452970
0.103474
0.103474
0.237989
0.237989
0.463726
0.463726
0.295677
0.295677
0.108087
0.108087
0.624240
0.624240
0.325803
0.325803
0.274005
0.274005
0.954199
0.954199
0.125617
0.125617
0.271253
0.271253
1.132246
1.132246
0.711736
0.711736
0.565471
0.565471
0.019628
0.019628
0.676178
0.676178
0.517362
0.517362
0.649182
0.649182
0.940368
0.940368
1.080822
1.080822
0.443685
0.443685
1.274920
1.274920
0.344883
0.344883
1.005487
1.005487
1.066441
1.066441
0.969028
0.969028
0.407919
0.407919
0.867628
0.867628
0.340770
0.340770
0.044349
0.044349
0.109699
0.109699
0.092882
0.092882
0.586992
0.586992
0.228117
0.228117
0.251470
0.251470
0.030633
0.030633
0.102932
0.102932
0.001125
0.001125
0.066820
0.066820
0.001922
0.001922
0.015552
0.015552
0.839224
0.839224
0.174272
0.174272
0.100515
0.100515
0.120399
0.120399
0.597311
0.597311
0.059471
0.059471
0.047505
0.047505
0.268277
0.268277
0.212515
0.212515
0.110660
0.110660
0.034711
0.034711
0.008802
0.008802
0.342313
0.342313
0.015560
0.015560
0.687385
0.687385
0.501036
0.501036
0.897782
0.897782
0.730550
0.730550
0.485652
0.485652
0.872955
0.872955
0.086542
0.086542
0.278362
0.278362
0.380450
0.380450
0.732565
0.732565
0.515609
0.515609
0.506038
0.506038
0.097795
0.097795
0.280081
0.280081
0.030016
0.030016
0.152945
0.152945
0.696503
0.696503
0.423443
0.423443
0.128868
0.128868
0.447847
0.447847
0.565028
0.565028
0.150404
0.150404
0.080012
0.080012
0.187662
0.187662
0.189112
0.189112
0.055717
0.055717
0.270782
0.270782
0.308884
0.308884
0.391143
0.391143
0.676945
0.676945
0.343367
0.343367
0.128997
0.128997
0.197543
0.197543
0.043243
0.043243
0.147862
0.147862
0.367311
0.367311
0.150534
0.150534
1.131111
1.131111
0.038738
0.038738
0.466008
0.466008
0.218517
0.218517
0.172130
0.172130
0.060713
0.060713
0.347699
0.347699
0.129841
0.129841
0.204412
0.204412
0.282539
0.282539
0.392844
0.392844
0.700463
0.700463
0.422737
0.422737
0.150144
0.150144
0.143685
0.143685
0.321743
0.321743
0.457220
0.457220
0.069115
0.069115
0.305003
0.305003
0.186310
0.186310
0.484183
0.484183
0.365398
0.365398
0.285073
0.285073
0.134299
0.134299
1.211355
1.211355
0.478878
0.478878
0.882354
0.882354
0.244900
0.244900
0.876490
0.876490
0.197429
0.197429
0.266730
0.266730
0.254908
0.254908
0.181225
0.181225
0.002910
0.002910
0.569728
0.569728
0.042308
0.042308
0.412589
0.412589
0.193420
0.193420
0.886046
0.886046
0.232487
0.232487
0.064218
0.064218
0.412549
0.412549
0.180453
0.180453
0.269913
0.269913
0.011787
0.011787
0.135744
0.135744
0.127847
0.127847
0.106229
0.106229
0.140712
0.140712
0.115577
0.115577
0.967819
0.967819
0.100445
0.100445
0.105620
0.105620
0.390266
0.390266
0.364258
0.364258
0.169103
0.169103
0.295519
0.295519
0.095421
0.095421
0.577500
0.577500
0.070333
0.070333
0.436466
0.436466
0.028684
0.028684
0.144900
0.144900
0.000926
0.000926
0.147353
0.147353
0.581070
0.581070
0.008062
0.008062
0.049572
0.049572
0.151630
0.151630
0.342277
0.342277
0.007887
0.007887
0.023878
0.023878
0.320880
0.320880
0.548162
0.548162
0.022267
0.022267
0.688571
0.688571
0.231138
0.231138
0.051916
0.051916
0.020931
0.020931
0.024305
0.024305
0.378496
0.378496
0.171477
0.171477
0.432617
0.432617
0.024463
0.024463
0.218715
0.218715
0.430873
0.430873
0.354140
0.354140
0.528743
0.528743
0.443901
0.443901
0.915017
0.915017
0.654060
0.654060
0.186061
0.186061
0.478962
0.478962
0.875189
0.875189
0.429766
0.429766
0.282973
0.282973
0.253381
0.253381
0.574948
0.574948
0.406325
0.406325
0.136508
0.136508
0.013333
0.013333
0.080061
0.080061
0.001356
0.001356
0.166908
0.166908
0.481376
0.481376
0.188059
0.188059
0.165306
0.165306
0.192348
0.192348
0.338347
0.338347
0.270185
0.270185
0.243465
0.243465
0.494194
0.494194
0.220839
0.220839
0.191697
0.191697
0.696935
0.696935
0.193277
0.193277
0.286011
0.286011
0.099591
0.099591
0.500489
0.500489
0.184955
0.184955
0.271728
0.271728
0.627792
0.627792
0.006375
0.006375
0.236978
0.236978
0.090220
0.090220
0.037201
0.037201
0.333858
0.333858
0.013777
0.013777
0.420108
0.420108
0.358606
0.358606
0.026924
0.026924
0.763060
0.763060
0.221995
0.221995
0.468238
0.468238
0.651703
0.651703
0.324967
0.324967
0.039719
0.039719
0.970318
0.970318
0.272637
0.272637
0.488615
0.488615
0.708263
0.708263
0.677253
0.677253
0.266371
0.266371
0.456642
0.456642
0.001866
0.001866
0.973182
0.973182
0.335468
0.335468
0.423441
0.423441
0.062102
0.062102
0.022689
0.022689
0.135617
0.135617
0.354410
0.354410
0.035407
0.035407
0.041978
0.041978
0.136124
0.136124
0.328050
0.328050
0.026422
0.026422
0.008417
0.008417
0.098744
0.098744
0.138365
0.138365
0.184632
0.184632
0.581027
0.581027
0.127707
0.127707
0.030604
0.030604
0.004113
0.004113
0.505799
0.505799
0.012302
0.012302
0.499622
0.499622
0.147804
0.147804
0.007733
0.007733
0.208605
0.208605
0.122246
0.122246
0.230976
0.230976
0.403670
0.403670
0.150879
0.150879
0.156704
0.156704
0.147677
0.147677
0.536002
0.536002
0.891001
0.891001
0.064393
0.064393
0.161590
0.161590
0.245035
0.245035
0.061218
0.061218
0.617753
0.617753
0.316762
0.316762
0.427878
0.427878
0.020119
0.020119
0.036311
0.036311
0.066826
0.066826
0.354867
0.354867
0.026030
0.026030
0.769774
0.769774
0.757940
0.757940
0.055344
0.055344
0.839737
0.839737
1.446515
1.446515
0.997308
0.997308
0.581261
0.581261
0.822206
0.822206
0.679690
0.679690
0.857776
0.857776
0.166547
0.166547
0.383425
0.383425
0.204376
0.204376
0.813953
0.813953
0.662314
0.662314
0.316707
0.316707
0.037396
0.037396
0.369804
0.369804
0.115780
0.115780
0.079639
0.079639
0.324755
0.324755
0.065593
0.065593
0.151919
0.151919
0.436613
0.436613
0.465169
0.465169
0.034436
0.034436
0.546446
0.546446
0.078418
0.078418
0.016484
0.016484
0.346314
0.346314
0.601759
0.601759
0.180385
0.180385
0.700415
0.700415
0.052879
0.052879
0.040625
0.040625
0.197558
0.197558
0.249763
0.249763
0.514996
0.514996
0.099302
0.099302
0.008708
0.008708
0.552714
0.552714
0.808102
0.808102
0.014734
0.014734
0.002619
0.002619
0.131698
0.131698
0.019273
0.019273
0.002124
0.002124
0.131275
0.131275
0.398644
0.398644
0.576445
0.576445
0.002512
0.002512
0.213647
0.213647
0.267484
0.267484
0.363423
0.363423
0.087085
0.087085
0.048288
0.048288
0.188722
0.188722
0.174061
0.174061
0.760224
0.760224
0.964184
0.964184
0.189178
0.189178
0.338664
0.338664
0.775532
0.775532
0.840889
0.840889
0.000010
0.000010
0.307101
0.307101
0.040535
0.040535
0.739443
0.739443
0.334206
0.334206
0.795711
0.795711
0.093553
0.093553
0.192342
0.192342
0.150435
0.150435
0.040215
0.040215
0.401941
0.401941
0.064509
0.064509
0.049413
0.049413
0.100249
0.100249
0.072633
0.072633
0.318549
0.318549
0.203356
0.203356
0.176779
0.176779
0.415338
0.415338
0.131815
0.131815
0.261704
0.261704
0.016160
0.016160
0.530601
0.530601
0.003863
0.003863
0.122630
0.122630
0.002385
0.002385
1.231908
1.231908
0.167834
0.167834
0.483545
0.483545
0.166331
0.166331
0.531144
0.531144
0.498198
0.498198
0.114639
0.114639
0.183061
0.183061
0.972616
0.972616
0.010477
0.010477
0.353376
0.353376
0.293029
0.293029
0.021611
0.021611
0.407741
0.407741
0.004010
0.004010
0.563900
0.563900
0.117553
0.117553
0.453533
0.453533
0.102140
0.102140
0.601525
0.601525
0.334195
0.334195
0.038732
0.038732
0.241489
0.241489
0.314945
0.314945
0.225598
0.225598
0.697921
0.697921
0.502726
0.502726
0.463059
0.463059
0.628585
0.628585
0.205586
0.205586
0.315238
0.315238
1.023219
1.023219
0.393512
0.393512
0.306940
0.306940
1.164117
1.164117
0.199696
0.199696
0.126015
0.126015
0.624779
0.624779
0.106653
0.106653
0.361252
0.361252
0.605686
0.605686
0.464087
0.464087
0.522514
0.522514
0.529752
0.529752
0.241162
0.241162
0.273638
0.273638
0.278618
0.278618
0.206546
0.206546
0.675323
0.675323
0.775162
0.775162
0.218832
0.218832
0.000458
0.000458
0.286627
0.286627
0.238265
0.238265
0.015301
0.015301
0.022782
0.022782
0.004897
0.004897
0.272023
0.272023
0.311287
0.311287
0.078648
0.078648
0.427086
0.427086
0.006840
0.006840
0.054481
0.054481
0.008299
0.008299
0.655439
0.655439
0.285216
0.285216
0.082607
0.082607
0.000810
0.000810
0.016001
0.016001
0.004335
0.004335
0.261408
0.261408
0.021356
0.021356
0.156446
0.156446
0.037331
0.037331
0.195732
0.195732
0.042623
0.042623
0.496957
0.496957
0.179931
0.179931
0.122525
0.122525
0.599688
0.599688
0.004350
0.004350
0.200036
0.200036
0.279580
0.279580
0.003637
0.003637
0.281261
0.281261
0.056031
0.056031
0.383101
0.383101
0.338166
0.338166
0.500369
0.500369
0.139808
0.139808
0.242540
0.242540
0.504424
0.504424
0.340596
0.340596
0.643554
0.643554
0.082591
0.082591
0.254330
0.254330
0.530911
0.530911
0.381042
0.381042
0.268647
0.268647
0.028068
0.028068
0.493357
0.493357
0.033690
0.033690
0.022092
0.022092
0.112033
0.112033
0.246138
0.246138
0.277914
0.277914
0.162517
0.162517
0.360637
0.360637
0.469052
0.469052
0.149758
0.149758
0.339258
0.339258
0.314273
0.314273
0.031248
0.031248
0.394985
0.394985
0.359844
0.359844
0.158626
0.158626
0.208293
0.208293
0.190369
0.190369
0.045972
0.045972
0.141674
0.141674
0.073385
0.073385
0.011744
0.011744
0.071966
0.071966
0.504000
0.504000
0.143361
0.143361
0.003222
0.003222
0.442682
0.442682
0.016297
0.016297
0.430649
0.430649
0.032734
0.032734
0.699333
0.699333
0.487687
0.487687
0.023105
0.023105
0.114411
0.114411
0.014623
0.014623
0.069011
0.069011
0.060218
0.060218
0.021610
0.021610
0.031345
0.031345
0.287001
0.287001
0.074703
0.074703
0.357692
0.357692
0.814069
0.814069
0.005666
0.005666
0.649571
0.649571
0.217073
0.217073
0.163510
0.163510
0.511581
0.511581
0.016402
0.016402
0.011931
0.011931
0.251350
0.251350
0.516902
0.516902
0.182030
0.182030
0.082653
0.082653
0.769357
0.769357
0.375116
0.375116
0.156646
0.156646
0.082155
0.082155
0.067115
0.067115
0.055211
0.055211
0.049536
0.049536
0.008923
0.008923
0.160306
0.160306
0.053637
0.053637
0.687587
0.687587
0.510587
0.510587
0.017119
0.017119
0.154543
0.154543
0.195474
0.195474
0.027599
0.027599
0.319293
0.319293
0.053180
0.053180
0.200565
0.200565
0.126171
0.126171
0.119491
0.119491
0.038243
0.038243
0.129829
0.129829
0.038696
0.038696
0.011117
0.011117
0.412001
0.412001
0.069444
0.069444
0.060622
0.060622
0.559439
0.559439
0.018178
0.018178
0.205060
0.205060
0.132437
0.132437
0.125590
0.125590
0.219555
0.219555
0.537856
0.537856
0.304190
0.304190
0.063385
0.063385
0.487982
0.487982
0.876918
0.876918
0.390155
0.390155
0.048672
0.048672
0.028067
0.028067
0.014167
0.014167
0.186870
0.186870
0.275373
0.275373
0.540075
0.540075
0.316986
0.316986
0.140100
0.140100
0.037941
0.037941
0.425683
0.425683
0.404103
0.404103
0.030207
0.030207
0.393026
0.393026
0.397064
0.397064
0.223022
0.223022
0.590023
0.590023
0.007376
0.007376
0.221106
0.221106
0.196401
0.196401
0.337998
0.337998
0.095009
0.095009
0.001654
0.001654
0.082374
0.082374
0.069227
0.069227
0.049769
0.049769
0.178593
0.178593
0.096787
0.096787
0.053429
0.053429
0.291254
0.291254
0.001699
0.001699
0.013918
0.013918
0.207483
0.207483
0.011232
0.011232
0.346209
0.346209
0.004279
0.004279
0.260296
0.260296
0.224254
0.224254
0.017791
0.017791
0.482888
0.482888
0.313798
0.313798
0.034361
0.034361
0.151261
0.151261
0.102261
0.102261
0.097862
0.097862
0.043386
0.043386
0.631280
0.631280
0.003528
0.003528
0.382708
0.382708
0.247931
0.247931
0.404103
0.404103
0.419902
0.419902
0.167824
0.167824
0.068392
0.068392
0.279003
0.279003
0.406728
0.406728
0.306591
0.306591
0.725162
0.725162
0.054874
0.054874
0.084038
0.084038
0.190661
0.190661
0.158524
0.158524
0.214772
0.214772
0.077440
0.077440
0.100180
0.100180
0.174760
0.174760
0.093520
0.093520
0.297639
0.297639
0.050609
0.050609
0.010153
0.010153
0.141792
0.141792
0.091124
0.091124
0.006151
0.006151
0.089213
0.089213
0.106971
0.106971
0.486532
0.486532
0.077852
0.077852
0.468850
0.468850
0.243152
0.243152
0.014087
0.014087
0.511623
0.511623
0.091459
0.091459
0.429111
0.429111
0.041437
0.041437
0.301564
0.301564
0.226016
0.226016
0.225955
0.225955
0.218422
0.218422
0.098481
0.098481
0.003421
0.003421
0.251601
0.251601
0.129437
0.129437
0.126602
0.126602
0.872844
0.872844
0.059826
0.059826
0.116512
0.116512
0.152536
0.152536
0.022477
0.022477
0.030274
0.030274
0.101329
0.101329
0.161797
0.161797
0.508870
0.508870
0.210732
0.210732
0.042056
0.042056
0.995528
0.995528
0.051492
0.051492
0.419962
0.419962
0.001236
0.001236
0.045201
0.045201
0.217285
0.217285
0.060544
0.060544
0.048973
0.048973
0.002454
0.002454
0.178134
0.178134
0.193822
0.193822
0.565716
0.565716
0.286747
0.286747
0.188452
0.188452
0.297490
0.297490
0.318556
0.318556
0.098146
0.098146
0.083384
0.083384
0.471496
0.471496
0.090285
0.090285
0.072639
0.072639
0.302090
0.302090
0.043319
0.043319
0.300928
0.300928
0.209011
0.209011
0.056789
0.056789
0.052386
0.052386
0.353942
0.353942
0.078905
0.078905
0.195934
0.195934
0.176108
0.176108
0.085159
0.085159
0.205176
0.205176
0.269199
0.269199
0.045534
0.045534
0.699225
0.699225
0.046498
0.046498
0.110113
0.110113
0.034864
0.034864
0.179191
0.179191
0.232030
0.232030
0.141829
0.141829
0.246315
0.246315
0.001487
0.001487
0.188663
0.188663
0.189500
0.189500
0.076217
0.076217
0.123933
0.123933
0.500968
0.500968
0.049507
0.049507
0.307661
0.307661
0.021522
0.021522
0.295540
0.295540
0.135638
0.135638
0.246568
0.246568
0.104704
0.104704
0.292866
0.292866
0.238495
0.238495
0.136216
0.136216
0.654996
0.654996
0.309392
0.309392
0.047967
0.047967
0.180552
0.180552
0.082813
0.082813
0.023665
0.023665
0.058651
0.058651
0.365503
0.365503
0.135093
0.135093
0.232160
0.232160
0.044678
0.044678
0.392859
0.392859
0.017659
0.017659
0.387580
0.387580
0.024518
0.024518
0.098409
0.098409
0.042967
0.042967
0.121026
0.121026
0.445202
0.445202
0.009401
0.009401
0.004941
0.004941
0.142362
0.142362
0.026092
0.026092
0.044872
0.044872
0.140548
0.140548
0.082690
0.082690
0.029364
0.029364
0.427422
0.427422
0.096289
0.096289
0.000910
0.000910
0.112780
0.112780
0.002692
0.002692
0.212994
0.212994
0.544827
0.544827
0.627766
0.627766
0.226579
0.226579
0.359384
0.359384
0.017829
0.017829
0.168038
0.168038
0.040791
0.040791
0.146602
0.146602
0.831811
0.831811
0.496053
0.496053
0.245084
0.245084
0.020868
0.020868
0.632006
0.632006
0.724602
0.724602
0.169560
0.169560
0.238653
0.238653
0.677534
0.677534
0.056081
0.056081
0.781867
0.781867
0.137117
0.137117
0.025280
0.025280
0.168950
0.168950
0.278007
0.278007
0.123735
0.123735
0.074555
0.074555
0.020750
0.020750
0.135968
0.135968
0.041827
0.041827
0.229712
0.229712
0.000138
0.000138
0.329359
0.329359
0.345396
0.345396
0.026986
0.026986
0.418075
0.418075
0.118916
0.118916
0.641950
0.641950
0.052069
0.052069
0.021100
0.021100
0.045448
0.045448
0.013113
0.013113
0.257914
0.257914
0.107297
0.107297
0.062640
0.062640
0.044723
0.044723
0.125455
0.125455
0.285683
0.285683
0.006133
0.006133
0.401010
0.401010
0.025812
0.025812
0.181385
0.181385
0.005313
0.005313
0.002241
0.002241
0.001473
0.001473
0.022366
0.022366
0.298337
0.298337
0.162695
0.162695
0.096057
0.096057
0.049826
0.049826
0.229390
0.229390
0.300454
0.300454
0.146643
0.146643
0.003915
0.003915
0.594812
0.594812
0.096583
0.096583
0.130343
0.130343
0.660475
0.660475
0.059795
0.059795
1.273593
1.273593
0.205979
0.205979
0.075869
0.075869
0.061892
0.061892
0.397078
0.397078
0.036018
0.036018
0.512232
0.512232
0.611878
0.611878
0.120387
0.120387
1.283394
1.283394
0.108046
0.108046
0.097504
0.097504
0.116094
0.116094
0.228226
0.228226
0.142709
0.142709
0.225313
0.225313
0.067024
0.067024
0.044106
0.044106
0.136147
0.136147
0.035119
0.035119
0.107964
0.107964
0.315428
0.315428
0.255160
0.255160
0.001000
0.001000
0.005114
0.005114
0.002123
0.002123
0.005186
0.005186
0.053563
0.053563
0.256743
0.256743
0.319700
0.319700
0.071324
0.071324
0.381994
0.381994
0.255127
0.255127
0.380856
0.380856
0.000955
0.000955
0.071033
0.071033
0.311644
0.311644
0.047537
0.047537
0.147514
0.147514
0.162374
0.162374
0.019487
0.019487
0.001073
0.001073
0.025640
0.025640
0.050347
0.050347
0.135011
0.135011
0.013726
0.013726
0.103392
0.103392
0.557190
0.557190
0.361363
0.361363
0.582812
0.582812
0.661110
0.661110
0.571983
0.571983
0.543303
0.543303
0.250660
0.250660
0.351881
0.351881
0.250898
0.250898
0.156755
0.156755
0.103676
0.103676
0.324975
0.324975
0.446694
0.446694
0.957278
0.957278
0.982764
0.982764
0.378554
0.378554
0.511253
0.511253
0.796517
0.796517
0.161450
0.161450
0.492352
0.492352
0.644866
0.644866
0.570241
0.570241
0.032934
0.032934
0.354416
0.354416
0.628058
0.628058
0.274840
0.274840
0.000023
0.000023
0.023688
0.023688
0.014761
0.014761
0.512429
0.512429
0.102717
0.102717
0.350022
0.350022
0.474588
0.474588
0.476257
0.476257
0.382019
0.382019
0.052710
0.052710
0.009752
0.009752
0.001145
0.001145
0.001961
0.001961
0.154839
0.154839
0.202756
0.202756
0.114430
0.114430
0.010015
0.010015
0.040289
0.040289
0.357711
0.357711
0.075196
0.075196
0.017911
0.017911
0.059832
0.059832
0.655715
0.655715
0.475965
0.475965
0.237273
0.237273
0.357573
0.357573
0.180940
0.180940
0.617965
0.617965
0.304286
0.304286
0.136473
0.136473
0.306733
0.306733
0.491764
0.491764
0.066481
0.066481
0.172062
0.172062
0.154966
0.154966
0.012447
0.012447
0.329697
0.329697
0.286401
0.286401
0.067955
0.067955
0.452439
0.452439
1.025106
1.025106
0.179731
0.179731
0.549318
0.549318
0.441909
0.441909
0.419435
0.419435
0.827204
0.827204
0.737407
0.737407
0.153583
0.153583
0.232072
0.232072
0.078489
0.078489
0.029220
0.029220
0.042913
0.042913
0.500661
0.500661
0.278625
0.278625
0.135674
0.135674
0.035480
0.035480
0.013464
0.013464
0.382307
0.382307
0.147126
0.147126
0.234671
0.234671
0.187180
0.187180
0.036750
0.036750
0.164391
0.164391
0.032136
0.032136
0.309892
0.309892
0.609488
0.609488
0.318742
0.318742
0.185076
0.185076
0.450333
0.450333
0.754704
0.754704
0.095882
0.095882
0.068502
0.068502
0.421677
0.421677
0.477271
0.477271
0.823911
0.823911
0.041604
0.041604
0.144627
0.144627
0.187053
0.187053
0.188956
0.188956
0.158909
0.158909
0.534158
0.534158
0.558597
0.558597
0.249933
0.249933
0.023845
0.023845
0.008212
0.008212
0.545349
0.545349
0.030392
0.030392
0.523618
0.523618
0.010995
0.010995
0.236447
0.236447
0.658837
0.658837
0.848851
0.848851
0.256588
0.256588
1.037668
1.037668
0.553236
0.553236
0.810566
0.810566
0.638573
0.638573
1.323281
1.323281
1.785556
1.785556
1.038699
1.038699
0.902369
0.902369
0.297912
0.297912
0.416014
0.416014
0.645071
0.645071
0.551154
0.551154
0.067537
0.067537
0.423316
0.423316
0.119529
0.119529
0.291662
0.291662
0.044347
0.044347
0.000642
0.000642
0.008777
0.008777
0.094534
0.094534
0.037459
0.037459
0.008032
0.008032
0.138474
0.138474
0.007753
0.007753
0.051282
0.051282
0.437753
0.437753
0.151534
0.151534
0.669898
0.669898
1.049402
1.049402
0.560520
0.560520
0.395221
0.395221
0.383857
0.383857
0.168556
0.168556
0.418495
0.418495
0.008495
0.008495
0.334876
0.334876
0.565142
0.565142
0.716475
0.716475
0.001030
0.001030
0.694032
0.694032
0.472285
0.472285
0.013964
0.013964
0.015995
0.015995
0.040731
0.040731
0.016749
0.016749
0.147557
0.147557
0.102619
0.102619
0.109908
0.109908
0.142734
0.142734
0.164840
0.164840
0.939194
0.939194
0.434435
0.434435
0.629872
0.629872
0.643697
0.643697
1.969224
1.969224
0.461477
0.461477
1.389824
1.389824
2.698590
2.698590
2.309673
2.309673
1.974426
1.974426
1.115757
1.115757
1.003891
1.003891
0.418988
0.418988
1.425022
1.425022
0.160016
0.160016
0.952021
0.952021
1.920789
1.920789
0.200007
0.200007
1.370082
1.370082
0.383112
0.383112
0.247927
0.247927
0.388712
0.388712
0.152969
0.152969
0.509074
0.509074
0.412810
0.412810
0.365335
0.365335
0.544364
0.544364
0.195875
0.195875
0.377992
0.377992
0.296004
0.296004
0.374156
0.374156
2.413807
2.413807
0.283805
0.283805
1.040859
1.040859
1.480446
1.480446
1.101418
1.101418
0.535094
0.535094
0.528809
0.528809
0.126081
0.126081
0.127423
0.127423
0.000771
0.000771
0.515093
0.515093
0.614927
0.614927
0.003152
0.003152
0.223875
0.223875
0.371790
0.371790
0.000260
0.000260
0.159064
0.159064
0.686668
0.686668
0.043538
0.043538
0.187299
0.187299
0.231675
0.231675
0.358859
0.358859
0.472977
0.472977
0.499408
0.499408
0.326003
0.326003
0.153519
0.153519
0.760890
0.760890
1.055959
1.055959
0.353369
0.353369
0.334610
0.334610
1.848141
1.848141
0.308961
0.308961
0.112698
0.112698
0.175184
0.175184
0.319508
0.319508
1.168775
1.168775
0.881818
0.881818
0.471155
0.471155
0.378954
0.378954
0.556898
0.556898
0.852533
0.852533
1.223458
1.223458
0.349703
0.349703
1.047634
1.047634
0.401505
0.401505
1.433140
1.433140
2.482051
2.482051
1.550753
1.550753
1.845120
1.845120
1.658000
1.658000
1.502644
1.502644
0.763555
0.763555
2.103531
2.103531
1.019664
1.019664
1.367003
1.367003
1.243471
1.243471
1.149377
1.149377
0.488843
0.488843
1.194703
1.194703
0.748431
0.748431
0.311434
0.311434
0.377136
0.377136
0.562035
0.562035
0.012739
0.012739
0.095017
0.095017
0.633866
0.633866
0.244536
0.244536
0.203898
0.203898
0.954260
0.954260
0.397158
0.397158
0.000152
0.000152
0.027405
0.027405
0.136599
0.136599
0.218314
0.218314
0.295524
0.295524
0.395767
0.395767
0.929987
0.929987
0.023637
0.023637
0.844393
0.844393
0.256625
0.256625
0.645481
0.645481
0.105268
0.105268
0.200365
0.200365
0.510238
0.510238
0.352666
0.352666
0.423917
0.423917
0.029939
0.029939
0.770315
0.770315
0.009251
0.009251
0.890152
0.890152
0.274688
0.274688
0.010014
0.010014
0.863094
0.863094
0.562920
0.562920
0.406448
0.406448
0.109994
0.109994
0.261851
0.261851
0.937203
0.937203
1.259366
1.259366
0.735068
0.735068
1.540697
1.540697
1.065979
1.065979
0.305164
0.305164
0.673910
0.673910
1.061697
1.061697
0.631765
0.631765
1.550860
1.550860
1.243499
1.243499
0.817531
0.817531
0.525247
0.525247
0.332268
0.332268
0.521024
0.521024
1.406981
1.406981
1.955424
1.955424
0.710332
0.710332
0.914362
0.914362
1.537323
1.537323
1.495549
1.495549
0.995101
0.995101
0.462439
0.462439
1.710079
1.710079
1.715440
1.715440
0.459487
0.459487
0.509971
0.509971
0.413998
0.413998
0.458763
0.458763
0.608336
0.608336
0.304548
0.304548
0.914150
0.914150
0.010940
0.010940
0.000059
0.000059
0.092779
0.092779
0.005403
0.005403
0.206447
0.206447
0.006256
0.006256
0.014547
0.014547
0.054302
0.054302
0.291353
0.291353
0.348653
0.348653
0.097947
0.097947
0.117560
0.117560
0.000175
0.000175
0.429777
0.429777
0.009684
0.009684
0.441605
0.441605
0.220368
0.220368
0.121804
0.121804
0.010731
0.010731
0.316513
0.316513
0.002523
0.002523
0.520355
0.520355
0.944407
0.944407
0.701818
0.701818
0.384430
0.384430
0.230270
0.230270
0.612410
0.612410
0.154306
0.154306
0.742627
0.742627
1.034281
1.034281
3.117084
3.117084
0.265522
0.265522
0.014892
0.014892
0.086854
0.086854
0.518812
0.518812
0.165078
0.165078
0.004649
0.004649
0.177528
0.177528
0.422299
0.422299
0.123733
0.123733
0.410703
0.410703
0.539504
0.539504
0.682700
0.682700
0.718164
0.718164
0.094082
0.094082
0.424032
0.424032
0.452212
0.452212
0.120329
0.120329
0.126020
0.126020
1.308445
1.308445
0.718378
0.718378
0.512476
0.512476
0.060382
0.060382
0.344562
0.344562
0.662279
0.662279
1.439586
1.439586
0.595715
0.595715
0.013283
0.013283
0.414176
0.414176
0.300968
0.300968
0.142684
0.142684
0.715096
0.715096
1.439491
1.439491
0.220608
0.220608
0.340301
0.340301
0.588045
0.588045
0.273062
0.273062
0.021493
0.021493
0.777187
0.777187
1.152338
1.152338
0.642736
0.642736
0.264231
0.264231
0.092640
0.092640
0.284672
0.284672
0.790904
0.790904
0.022721
0.022721
0.250667
0.250667
0.023031
0.023031
1.335878
1.335878
0.116437
0.116437
0.845330
0.845330
0.803361
0.803361
1.071726
1.071726
0.547858
0.547858
0.792902
0.792902
1.489050
1.489050
0.437863
0.437863
0.529331
0.529331
0.796122
0.796122
0.646181
0.646181
0.120533
0.120533
0.358550
0.358550
0.140897
0.140897
0.016369
0.016369
0.559271
0.559271
0.866388
0.866388
0.003590
0.003590
0.000127
0.000127
0.004002
0.004002
0.473326
0.473326
0.168704
0.168704
0.392569
0.392569
0.016500
0.016500
0.101622
0.101622
0.216504
0.216504
0.610282
0.610282
0.261085
0.261085
0.158118
0.158118
0.283510
0.283510
0.148592
0.148592
0.574538
0.574538
0.124928
0.124928
0.006716
0.006716
1.342583
1.342583
0.380019
0.380019
0.024572
0.024572
0.016132
0.016132
1.341539
1.341539
0.456523
0.456523
0.047455
0.047455
0.567703
0.567703
0.237706
0.237706
0.155451
0.155451
0.836008
0.836008
0.074244
0.074244
0.658459
0.658459
0.746055
0.746055
0.082326
0.082326
0.259200
0.259200
0.913841
0.913841
0.325082
0.325082
0.233700
0.233700
0.009374
0.009374
0.005486
0.005486
0.194216
0.194216
0.616989
0.616989
0.826221
0.826221
0.008364
0.008364
0.034256
0.034256
0.753702
0.753702
0.066594
0.066594
0.027600
0.027600
1.439714
1.439714
0.447837
0.447837
0.776977
0.776977
0.050815
0.050815
0.651350
0.651350
0.184141
0.184141
1.241439
1.241439
0.564043
0.564043
0.086896
0.086896
0.498151
0.498151
0.869265
0.869265
0.551416
0.551416
0.271158
0.271158
0.109267
0.109267
0.753280
0.753280
0.035753
0.035753
0.090071
0.090071
0.034632
0.034632
0.544694
0.544694
0.160889
0.160889
0.153335
0.153335
0.297924
0.297924
0.056421
0.056421
0.069174
0.069174
0.108556
0.108556
0.055756
0.055756
0.432399
0.432399
0.382104
0.382104
0.009990
0.009990
0.046010
0.046010
1.150588
1.150588
0.482712
0.482712
0.309651
0.309651
0.833673
0.833673
0.590919
0.590919
0.028887
0.028887
0.397243
0.397243
0.123124
0.123124
0.649203
0.649203
0.008058
0.008058
0.119527
0.119527
0.417374
0.417374
0.321286
0.321286
0.556914
0.556914
0.375588
0.375588
0.000567
0.000567
0.035369
0.035369
0.121802
0.121802
0.168078
0.168078
0.002737
0.002737
0.261572
0.261572
0.002908
0.002908
0.588434
0.588434
0.328020
0.328020
0.483902
0.483902
0.717605
0.717605
0.018995
0.018995
0.003512
0.003512
0.281074
0.281074
0.131053
0.131053
0.006348
0.006348
0.588194
0.588194
0.121959
0.121959
0.107913
0.107913
0.442678
0.442678
0.157257
0.157257
0.066792
0.066792
0.360928
0.360928
0.281943
0.281943
0.118722
0.118722
0.818158
0.818158
0.130092
0.130092
0.773456
0.773456
0.038705
0.038705
0.873819
0.873819
0.581617
0.581617
0.324438
0.324438
0.476266
0.476266
0.713078
0.713078
0.627640
0.627640
0.209373
0.209373
0.164764
0.164764
0.001308
0.001308
0.516993
0.516993
0.503720
0.503720
0.288551
0.288551
0.329029
0.329029
0.152055
0.152055
0.213549
0.213549
0.428221
0.428221
0.545760
0.545760
0.248477
0.248477
0.311410
0.311410
0.237937
0.237937
0.005910
0.005910
0.008294
0.008294
0.001592
0.001592
0.147562
0.147562
0.002391
0.002391
0.037577
0.037577
0.106926
0.106926
0.024511
0.024511
0.228730
0.228730
0.121989
0.121989
0.019585
0.019585
0.063773
0.063773
0.239130
0.239130
0.000574
0.000574
0.217748
0.217748
0.005745
0.005745
0.000000
0.000000
0.092023
0.092023
0.008988
0.008988
0.104458
0.104458
0.000720
0.000720
0.000249
0.000249
0.001878
0.001878
0.409779
0.409779
0.503737
0.503737
0.060308
0.060308
0.005845
0.005845
0.608147
0.608147
0.099536
0.099536
0.058327
0.058327
0.028032
0.028032
0.080440
0.080440
0.000831
0.000831
0.160987
0.160987
0.146997
0.146997
0.031944
0.031944
0.011519
0.011519
0.096259
0.096259
0.474945
0.474945
0.249148
0.249148
0.264138
0.264138
0.186957
0.186957
0.033623
0.033623
0.124576
0.124576
0.068957
0.068957
0.421878
0.421878
0.442303
0.442303
0.011421
0.011421
0.887247
0.887247
0.054401
0.054401
0.003123
0.003123
0.525235
0.525235
0.242194
0.242194
0.002042
0.002042
0.605133
0.605133
0.012614
0.012614
0.027614
0.027614
0.676231
0.676231
0.647514
0.647514
0.141212
0.141212
0.008581
0.008581
0.384753
0.384753
0.869538
0.869538
0.179547
0.179547
0.005355
0.005355
0.266673
0.266673
0.211951
0.211951
0.276735
0.276735
0.169700
0.169700
0.019192
0.019192
0.187890
0.187890
0.891747
0.891747
0.091831
0.091831
0.135845
0.135845
0.066069
0.066069
0.008774
0.008774
0.008001
0.008001
0.022109
0.022109
0.301225
0.301225
0.353314
0.353314
0.064021
0.064021
0.438938
0.438938
0.606715
0.606715
0.249612
0.249612
0.579706
0.579706
0.201587
0.201587
0.002568
0.002568
0.430462
0.430462
0.313584
0.313584
0.106300
0.106300
0.139020
0.139020
0.101132
0.101132
0.091506
0.091506
0.131750
0.131750
0.026195
0.026195
0.001598
0.001598
0.121024
0.121024
0.326596
0.326596
0.308437
0.308437
0.161613
0.161613
0.476799
0.476799
0.277134
0.277134
0.141853
0.141853
0.360952
0.360952
0.062177
0.062177
0.145004
0.145004
0.574572
0.574572
0.122946
0.122946
0.101178
0.101178
0.246312
0.246312
0.250640
0.250640
0.483908
0.483908
0.137585
0.137585
0.188884
0.188884
0.272091
0.272091
0.345982
0.345982
0.427821
0.427821
0.069926
0.069926
0.200822
0.200822
0.289060
0.289060
0.022928
0.022928
0.104016
0.104016
0.271510
0.271510
0.203343
0.203343
0.172200
0.172200
0.025053
0.025053
0.665094
0.665094
0.013054
0.013054
0.420347
0.420347
0.116646
0.116646
0.077657
0.077657
0.161251
0.161251
0.031421
0.031421
0.060381
0.060381
0.313651
0.313651
0.174093
0.174093
0.217018
0.217018
0.018526
0.018526
0.002291
0.002291
0.000650
0.000650
0.003007
0.003007
0.028398
0.028398
0.003678
0.003678
0.686224
0.686224
0.231045
0.231045
0.361703
0.361703
0.534568
0.534568
0.179776
0.179776
0.162538
0.162538
0.546936
0.546936
0.003168
0.003168
0.001627
0.001627
0.275555
0.275555
0.008603
0.008603
0.014025
0.014025
0.684905
0.684905
0.445511
0.445511
0.107715
0.107715
0.263486
0.263486
0.023695
0.023695
0.524777
0.524777
0.004719
0.004719
0.067701
0.067701
0.053429
0.053429
0.161360
0.161360
0.207365
0.207365
0.455978
0.455978
0.528065
0.528065
0.190278
0.190278
0.004364
0.004364
0.151867
0.151867
0.395279
0.395279
0.484645
0.484645
0.591639
0.591639
0.020506
0.020506
0.322155
0.322155
0.087938
0.087938
0.215940
0.215940
0.000477
0.000477
0.035944
0.035944
0.810186
0.810186
0.600122
0.600122
0.002953
0.002953
0.161770
0.161770
0.089594
0.089594
0.483223
0.483223
0.522022
0.522022
0.871241
0.871241
0.220140
0.220140
0.005536
0.005536
0.038809
0.038809
0.010007
0.010007
0.194840
0.194840
0.149640
0.149640
0.257163
0.257163
0.187844
0.187844
0.004547
0.004547
0.007081
0.007081
0.004934
0.004934
0.005784
0.005784
0.060042
0.060042
0.665487
0.665487
0.173016
0.173016
0.244483
0.244483
0.000737
0.000737
0.170649
0.170649
0.003117
0.003117
0.005576
0.005576
0.018033
0.018033
0.177684
0.177684
0.030347
0.030347
0.038323
0.038323
0.056435
0.056435
0.033462
0.033462
0.091050
0.091050
0.081581
0.081581
0.002590
0.002590
0.215955
0.215955
0.083426
0.083426
0.303451
0.303451
0.031438
0.031438
0.010052
0.010052
0.338438
0.338438
0.046100
0.046100
0.125941
0.125941
0.553002
0.553002
0.050112
0.050112
0.006147
0.006147
0.075042
0.075042
0.003483
0.003483
0.303738
0.303738
0.081039
0.081039
0.380527
0.380527
0.000407
0.000407
0.147552
0.147552
0.193003
0.193003
0.065651
0.065651
0.167568
0.167568
0.001984
0.001984
0.171826
0.171826
0.131775
0.131775
0.379245
0.379245
0.748421
0.748421
0.008078
0.008078
0.374453
0.374453
0.043065
0.043065
0.030679
0.030679
0.031592
0.031592
0.003545
0.003545
0.185818
0.185818
0.509475
0.509475
0.115576
0.115576
0.630924
0.630924
0.018024
0.018024
0.046938
0.046938
0.147757
0.147757
0.483088
0.483088
0.196118
0.196118
0.001081
0.001081
0.007755
0.007755
0.444276
0.444276
0.064650
0.064650
0.209754
0.209754
0.040886
0.040886
0.007190
0.007190
0.092523
0.092523
0.426928
0.426928
0.777047
0.777047
0.014084
0.014084
0.041801
0.041801
0.562573
0.562573
0.155429
0.155429
0.160608
0.160608
0.546621
0.546621
0.171784
0.171784
0.007605
0.007605
0.014445
0.014445
0.134452
0.134452
0.152759
0.152759
0.147184
0.147184
0.144121
0.144121
0.040851
0.040851
0.103887
0.103887
0.115078
0.115078
0.015202
0.015202
0.478607
0.478607
0.129592
0.129592
0.012354
0.012354
0.309513
0.309513
0.090539
0.090539
0.327673
0.327673
0.109026
0.109026
0.007348
0.007348
0.030811
0.030811
0.105484
0.105484
0.193158
0.193158
0.024157
0.024157
0.162436
0.162436
0.288019
0.288019
0.250018
0.250018
0.103435
0.103435
0.080168
0.080168
0.207841
0.207841
0.193740
0.193740
0.400844
0.400844
0.054420
0.054420
0.136222
0.136222
0.036223
0.036223
0.062524
0.062524
0.027652
0.027652
0.002474
0.002474
0.021359
0.021359
0.017494
0.017494
0.214457
0.214457
0.226171
0.226171
0.093705
0.093705
0.068738
0.068738
0.225611
0.225611
0.339547
0.339547
0.011424
0.011424
0.424070
0.424070
0.335656
0.335656
0.136966
0.136966
0.513764
0.513764
0.252642
0.252642
0.049609
0.049609
0.058244
0.058244
0.154621
0.154621
0.075165
0.075165
0.277112
0.277112
0.052431
0.052431
0.145501
0.145501
0.042579
0.042579
0.002894
0.002894
0.076003
0.076003
0.056506
0.056506
0.059606
0.059606
0.050733
0.050733
0.075381
0.075381
0.199754
0.199754
0.224586
0.224586
0.474510
0.474510
0.262414
0.262414
0.075874
0.075874
0.439787
0.439787
0.016409
0.016409
0.128264
0.128264
0.316399
0.316399
0.069956
0.069956
0.070250
0.070250
0.123404
0.123404
0.095957
0.095957
0.433557
0.433557
0.064402
0.064402
0.560746
0.560746
0.359693
0.359693
0.006227
0.006227
0.209342
0.209342
0.141008
0.141008
0.146851
0.146851
0.205624
0.205624
0.225713
0.225713
1.115320
1.115320
0.818755
0.818755
0.425040
0.425040
0.058970
0.058970
0.065471
0.065471
0.078945
0.078945
0.120148
0.120148
0.712010
0.712010
0.001235
0.001235
0.355557
0.355557
0.242886
0.242886
0.090732
0.090732
0.260993
0.260993
0.347775
0.347775
0.035037
0.035037
0.058754
0.058754
0.002845
0.002845
0.006579
0.006579
0.026475
0.026475
0.096140
0.096140
0.021282
0.021282
0.123930
0.123930
0.127378
0.127378
0.070319
0.070319
0.089129
0.089129
0.105981
0.105981
0.060716
0.060716
0.098694
0.098694
0.123450
0.123450
0.076500
0.076500
0.022101
0.022101
0.063675
0.063675
0.468817
0.468817
0.129930
0.129930
0.093971
0.093971
0.047043
0.047043
0.123952
0.123952
0.040921
0.040921
0.140425
0.140425
0.153705
0.153705
0.030787
0.030787
0.416093
0.416093
0.404509
0.404509
0.155174
0.155174
0.078135
0.078135
0.019054
0.019054
0.106421
0.106421
0.004202
0.004202
0.078149
0.078149
0.225905
0.225905
0.531958
0.531958
0.006011
0.006011
0.642749
0.642749
0.149722
0.149722
0.057185
0.057185
0.115464
0.115464
0.105777
0.105777
0.003443
0.003443
0.530785
0.530785
0.027022
0.027022
0.078737
0.078737
0.136092
0.136092
0.262959
0.262959
0.177045
0.177045
0.042698
0.042698
0.063376
0.063376
0.044111
0.044111
0.099395
0.099395
0.028037
0.028037
0.008884
0.008884
0.268166
0.268166
0.000630
0.000630
0.031179
0.031179
0.213543
0.213543
0.350949
0.350949
0.030213
0.030213
0.022409
0.022409
0.355195
0.355195
0.086753
0.086753
0.140753
0.140753
0.200342
0.200342
0.085520
0.085520
0.160113
0.160113
0.058321
0.058321
0.077051
0.077051
0.007872
0.007872
0.069572
0.069572
0.457847
0.457847
0.001406
0.001406
0.152497
0.152497
0.307400
0.307400
0.309512
0.309512
0.320448
0.320448
0.212914
0.212914
0.455376
0.455376
0.295166
0.295166
0.019995
0.019995
0.063760
0.063760
0.819326
0.819326
0.014699
0.014699
0.206021
0.206021
0.129278
0.129278
0.111549
0.111549
0.151089
0.151089
0.134859
0.134859
0.028526
0.028526
0.135528
0.135528
0.558605
0.558605
0.059333
0.059333
0.063393
0.063393
0.011205
0.011205
0.142600
0.142600
0.074813
0.074813
0.257278
0.257278
0.312283
0.312283
0.155148
0.155148
0.476449
0.476449
0.101439
0.101439
0.110571
0.110571
0.003621
0.003621
0.007160
0.007160
0.515158
0.515158
0.119700
0.119700
0.116506
0.116506
0.173851
0.173851
0.007388
0.007388
0.008483
0.008483
0.015744
0.015744
0.037660
0.037660
0.127595
0.127595
0.210784
0.210784
0.403947
0.403947
0.026704
0.026704
0.071580
0.071580
0.014617
0.014617
0.201182
0.201182
0.725383
0.725383
0.023280
0.023280
0.039454
0.039454
0.233338
0.233338
0.598410
0.598410
0.547188
0.547188
0.339013
0.339013
0.212744
0.212744
0.060404
0.060404
0.457874
0.457874
0.274035
0.274035
0.030100
0.030100
0.369161
0.369161
0.279046
0.279046
0.219608
0.219608
0.179432
0.179432
0.187523
0.187523
0.222821
0.222821
0.071631
0.071631
0.007496
0.007496
0.226995
0.226995
0.090681
0.090681
0.106377
0.106377
0.479782
0.479782
0.050480
0.050480
0.563069
0.563069
0.142237
0.142237
0.153063
0.153063
0.168302
0.168302
0.193053
0.193053
0.194904
0.194904
0.280892
0.280892
0.165281
0.165281
0.228642
0.228642
0.049025
0.049025
0.062751
0.062751
0.486032
0.486032
0.290354
0.290354
0.441646
0.441646
0.435584
0.435584
0.111518
0.111518
0.134537
0.134537
0.003437
0.003437
0.021680
0.021680
0.083622
0.083622
0.040183
0.040183
0.005149
0.005149
0.049441
0.049441
0.551989
0.551989
0.161540
0.161540
0.279288
0.279288
0.178313
0.178313
0.202802
0.202802
0.638300
0.638300
0.666877
0.666877
1.092483
1.092483
0.487689
0.487689
0.439362
0.439362
0.137346
0.137346
0.583384
0.583384
0.158408
0.158408
0.460316
0.460316
0.101360
0.101360
0.019058
0.019058
0.110642
0.110642
0.123586
0.123586
0.281815
0.281815
0.463546
0.463546
0.342293
0.342293
0.408284
0.408284
0.532965
0.532965
0.568011
0.568011
0.058352
0.058352
0.029236
0.029236
0.348801
0.348801
0.172518
0.172518
0.242417
0.242417
0.127870
0.127870
0.407127
0.407127
0.142970
0.142970
0.417220
0.417220
0.205594
0.205594
0.540065
0.540065
0.209277
0.209277
0.390350
0.390350
0.210727
0.210727
0.461037
0.461037
0.229436
0.229436
0.243938
0.243938
0.170547
0.170547
0.193593
0.193593
0.024688
0.024688
0.085892
0.085892
0.036779
0.036779
0.071709
0.071709
0.000561
0.000561
0.034444
0.034444
0.099246
0.099246
0.379616
0.379616
0.281360
0.281360
0.323962
0.323962
0.880995
0.880995
0.606698
0.606698
0.561081
0.561081
1.734164
1.734164
1.746826
1.746826
1.232182
1.232182
0.287158
0.287158
0.376625
0.376625
0.457284
0.457284
0.153322
0.153322
0.049146
0.049146
0.125457
0.125457
0.160363
0.160363
0.239520
0.239520
0.003927
0.003927
0.525199
0.525199
0.080643
0.080643
0.079935
0.079935
0.102599
0.102599
0.008842
0.008842
0.123413
0.123413
0.063130
0.063130
0.345420
0.345420
0.354399
0.354399
0.061846
0.061846
0.539777
0.539777
0.134131
0.134131
0.414721
0.414721
0.479785
0.479785
0.212666
0.212666
0.489017
0.489017
0.206870
0.206870
0.690055
0.690055
0.484740
0.484740
0.365220
0.365220
0.437414
0.437414
1.181639
1.181639
1.242859
1.242859
0.227965
0.227965
0.652761
0.652761
0.346542
0.346542
0.381695
0.381695
0.687791
0.687791
0.118738
0.118738
0.364202
0.364202
0.749069
0.749069
0.043083
0.043083
0.366520
0.366520
0.336449
0.336449
0.263319
0.263319
0.246350
0.246350
0.475102
0.475102
0.046819
0.046819
0.005407
0.005407
0.773644
0.773644
0.291917
0.291917
0.242405
0.242405
0.376882
0.376882
0.939052
0.939052
0.347606
0.347606
0.014093
0.014093
0.313298
0.313298
0.556464
0.556464
0.370230
0.370230
2.280690
2.280690
1.829523
1.829523
0.199523
0.199523
0.584097
0.584097
0.400392
0.400392
0.063618
0.063618
0.550117
0.550117
0.411317
0.411317
0.165092
0.165092
0.700514
0.700514
0.442759
0.442759
0.014215
0.014215
0.311667
0.311667
0.015316
0.015316
0.073362
0.073362
0.294894
0.294894
0.347215
0.347215
0.133711
0.133711
0.340798
0.340798
0.000185
0.000185
0.101828
0.101828
0.465594
0.465594
0.401522
0.401522
0.864078
0.864078
0.847210
0.847210
1.589067
1.589067
1.481959
1.481959
1.399912
1.399912
1.496603
1.496603
1.209474
1.209474
1.248358
1.248358
0.820100
0.820100
1.713008
1.713008
0.755889
0.755889
0.506688
0.506688
0.386947
0.386947
0.512333
0.512333
0.185088
0.185088
0.487697
0.487697
0.226830
0.226830
0.284643
0.284643
0.779638
0.779638
0.985538
0.985538
0.015187
0.015187
0.034325
0.034325
0.193625
0.193625
0.049413
0.049413
0.097590
0.097590
0.100063
0.100063
0.001026
0.001026
0.666411
0.666411
0.222963
0.222963
0.240612
0.240612
0.213623
0.213623
0.007416
0.007416
0.857258
0.857258
0.315943
0.315943
0.372675
0.372675
0.599233
0.599233
0.378145
0.378145
0.019942
0.019942
0.178897
0.178897
0.087950
0.087950
0.255639
0.255639
0.731686
0.731686
0.552658
0.552658
0.316872
0.316872
0.075213
0.075213
0.630852
0.630852
0.225411
0.225411
0.350512
0.350512
0.033044
0.033044
0.012463
0.012463
0.497404
0.497404
0.013346
0.013346
0.264102
0.264102
0.272654
0.272654
0.916238
0.916238
0.310288
0.310288
0.302333
0.302333
0.777761
0.777761
0.297590
0.297590
0.542777
0.542777
0.192502
0.192502
1.339736
1.339736
1.216613
1.216613
0.734470
0.734470
1.484880
1.484880
0.827534
0.827534
1.767287
1.767287
0.922957
0.922957
0.539464
0.539464
1.772830
1.772830
1.004702
1.004702
0.988982
0.988982
1.333287
1.333287
0.347716
0.347716
0.988005
0.988005
0.256897
0.256897
0.275314
0.275314
0.589215
0.589215
0.349856
0.349856
0.200473
0.200473
0.208463
0.208463
0.026491
0.026491
0.424392
0.424392
0.048016
0.048016
0.382325
0.382325
0.189521
0.189521
0.201269
0.201269
0.053542
0.053542
0.604238
0.604238
0.000168
0.000168
0.329127
0.329127
0.472177
0.472177
0.011107
0.011107
0.259715
0.259715
0.488060
0.488060
0.204096
0.204096
0.583917
0.583917
0.000315
0.000315
0.045157
0.045157
0.640217
0.640217
0.026416
0.026416
0.308355
0.308355
0.041525
0.041525
0.020124
0.020124
0.044482
0.044482
0.333805
0.333805
0.146220
0.146220
0.000002
0.000002
0.427224
0.427224
0.445334
0.445334
0.023250
0.023250
0.215530
0.215530
0.405577
0.405577
1.269027
1.269027
0.487234
0.487234
0.858022
0.858022
0.678512
0.678512
0.986027
0.986027
0.809459
0.809459
1.580712
1.580712
0.612770
0.612770
0.159011
0.159011
0.094038
0.094038
1.048087
1.048087
0.499674
0.499674
0.365163
0.365163
0.280868
0.280868
0.710577
0.710577
1.258004
1.258004
0.587873
0.587873
0.591095
0.591095
0.230920
0.230920
0.718969
0.718969
0.010326
0.010326
0.762648
0.762648
0.493401
0.493401
0.626061
0.626061
0.306854
0.306854
0.412198
0.412198
1.373163
1.373163
0.714019
0.714019
0.871428
0.871428
0.194979
0.194979
0.238164
0.238164
0.138728
0.138728
0.254365
0.254365
1.532876
1.532876
0.339430
0.339430
0.132043
0.132043
1.159634
1.159634
0.424103
0.424103
0.011593
0.011593
0.037417
0.037417
0.208484
0.208484
0.145141
0.145141
0.198990
0.198990
0.332614
0.332614
0.014104
0.014104
0.218764
0.218764
0.077676
0.077676
0.057841
0.057841
0.106502
0.106502
0.195988
0.195988
0.075770
0.075770
0.858472
0.858472
0.101523
0.101523
0.289571
0.289571
0.155053
0.155053
1.067722
1.067722
0.066473
0.066473
0.257530
0.257530
0.125223
0.125223
0.585176
0.585176
0.183127
0.183127
0.325199
0.325199
1.198482
1.198482
0.755477
0.755477
0.981066
0.981066
0.026955
0.026955
1.071397
1.071397
0.239389
0.239389
0.546441
0.546441
0.780635
0.780635
0.485340
0.485340
0.537555
0.537555
0.957503
0.957503
0.568665
0.568665
0.098765
0.098765
0.278952
0.278952
0.279111
0.279111
0.040481
0.040481
0.021388
0.021388
0.079325
0.079325
0.406610
0.406610
0.179660
0.179660
0.010552
0.010552
0.453522
0.453522
1.251688
1.251688
0.203048
0.203048
0.124851
0.124851
0.295437
0.295437
0.382369
0.382369
0.110402
0.110402
0.492778
0.492778
1.099365
1.099365
0.467409
0.467409
0.649943
0.649943
0.495641
0.495641
0.131364
0.131364
0.094502
0.094502
0.100062
0.100062
0.330807
0.330807
0.292950
0.292950
0.095162
0.095162
0.393175
0.393175
0.367938
0.367938
0.111278
0.111278
0.060850
0.060850
0.000003
0.000003
0.365339
0.365339
0.123402
0.123402
0.521086
0.521086
0.313863
0.313863
0.014469
0.014469
0.200435
0.200435
0.209690
0.209690
0.427585
0.427585
0.627374
0.627374
0.047989
0.047989
0.157803
0.157803
1.224332
1.224332
0.152939
0.152939
0.743153
0.743153
0.585366
0.585366
0.558484
0.558484
0.475340
0.475340
0.391963
0.391963
0.078572
0.078572
0.119649
0.119649
0.236149
0.236149
0.660374
0.660374
0.397379
0.397379
0.446813
0.446813
0.394396
0.394396
0.240308
0.240308
0.170818
0.170818
0.356444
0.356444
0.000724
0.000724
0.502153
0.502153
0.248434
0.248434
0.000094
0.000094
0.370224
0.370224
0.327001
0.327001
0.096778
0.096778
0.363025
0.363025
0.089970
0.089970
0.002716
0.002716
0.352564
0.352564
0.654186
0.654186
0.442112
0.442112
0.027266
0.027266
0.384495
0.384495
1.444270
1.444270
0.000546
0.000546
0.094196
0.094196
0.180885
0.180885
0.257496
0.257496
0.040228
0.040228
0.342827
0.342827
0.042070
0.042070
0.220291
0.220291
0.012507
0.012507
0.081073
0.081073
0.000280
0.000280
0.005017
0.005017
0.393113
0.393113
0.058717
0.058717
0.066321
0.066321
0.295561
0.295561
0.386214
0.386214
0.011830
0.011830
0.003854
0.003854
0.215595
0.215595
0.390578
0.390578
0.033227
0.033227
0.464873
0.464873
0.538290
0.538290
0.607909
0.607909
0.235006
0.235006
0.012875
0.012875
0.798530
0.798530
0.443787
0.443787
0.337820
0.337820
0.259403
0.259403
0.247574
0.247574
0.319554
0.319554
0.929827
0.929827
0.586483
0.586483
0.561054
0.561054
0.757098
0.757098
0.051807
0.051807
1.005824
1.005824
0.227866
0.227866
0.129028
0.129028
0.484499
0.484499
0.028757
0.028757
0.317767
0.317767
0.617956
0.617956
0.041260
0.041260
0.672275
0.672275
0.028776
0.028776
0.164262
0.164262
0.134860
0.134860
0.376825
0.376825
0.301436
0.301436
0.025411
0.025411
0.114855
0.114855
0.082579
0.082579
0.328354
0.328354
0.264794
0.264794
0.279054
0.279054
0.156451
0.156451
0.553914
0.553914
0.050092
0.050092
0.092898
0.092898
0.464099
0.464099
0.413783
0.413783
0.182255
0.182255
0.328826
0.328826
0.027105
0.027105
0.176717
0.176717
0.175655
0.175655
0.128563
0.128563
0.008616
0.008616
0.007237
0.007237
0.163460
0.163460
0.215237
0.215237
0.264598
0.264598
0.216440
0.216440
0.023913
0.023913
0.174066
0.174066
0.058858
0.058858
0.087676
0.087676
0.032009
0.032009
0.250735
0.250735
0.000355
0.000355
0.003040
0.003040
0.010329
0.010329
0.094629
0.094629
0.091834
0.091834
0.102958
0.102958
0.002403
0.002403
0.438050
0.438050
0.298612
0.298612
0.068333
0.068333
0.029603
0.029603
0.097343
0.097343
0.129735
0.129735
0.365984
0.365984
0.293796
0.293796
0.189074
0.189074
0.161248
0.161248
0.003601
0.003601
0.090530
0.090530
0.071249
0.071249
0.328298
0.328298
0.183987
0.183987
0.183890
0.183890
0.299825
0.299825
0.144360
0.144360
0.210630
0.210630
0.122473
0.122473
0.013983
0.013983
0.333091
0.333091
0.255266
0.255266
0.341640
0.341640
0.100149
0.100149
0.265633
0.265633
0.358684
0.358684
0.248758
0.248758
0.384478
0.384478
0.004265
0.004265
0.034129
0.034129
0.214615
0.214615
0.065196
0.065196
0.594848
0.594848
0.148232
0.148232
0.699610
0.699610
0.212094
0.212094
0.390802
0.390802
0.506753
0.506753
0.114277
0.114277
0.745581
0.745581
0.304385
0.304385
0.208441
0.208441
0.196995
0.196995
0.386851
0.386851
0.409195
0.409195
0.090507
0.090507
0.958737
0.958737
0.077834
0.077834
0.106021
0.106021
0.005771
0.005771
0.195791
0.195791
0.493105
0.493105
0.002573
0.002573
0.135047
0.135047
0.050463
0.050463
0.068899
0.068899
0.215783
0.215783
0.001689
0.001689
0.144813
0.144813
0.000116
0.000116
0.008936
0.008936
0.024383
0.024383
0.027595
0.027595
0.016285
0.016285
0.039340
0.039340
0.013783
0.013783
0.067263
0.067263
0.004207
0.004207
0.777226
0.777226
0.003123
0.003123
0.578502
0.578502
0.011561
0.011561
0.430376
0.430376
0.041291
0.041291
0.113548
0.113548
0.472687
0.472687
0.038670
0.038670
0.266395
0.266395
0.017484
0.017484
0.177041
0.177041
0.230637
0.230637
0.573370
0.573370
0.773283
0.773283
0.597238
0.597238
0.501929
0.501929
0.968205
0.968205
0.127536
0.127536
0.000307
0.000307
0.270495
0.270495
0.325198
0.325198
0.411530
0.411530
0.479234
0.479234
0.614883
0.614883
0.035896
0.035896
0.051530
0.051530
0.053417
0.053417
0.189693
0.189693
0.362985
0.362985
0.312712
0.312712
0.267154
0.267154
0.033976
0.033976
0.113049
0.113049
0.007877
0.007877
0.342770
0.342770
0.007048
0.007048
0.148702
0.148702
0.007535
0.007535
0.017964
0.017964
0.198025
0.198025
0.012764
0.012764
0.255432
0.255432
0.000347
0.000347
0.384484
0.384484
0.872565
0.872565
0.042341
0.042341
0.002805
0.002805
0.271162
0.271162
0.016981
0.016981
0.421040
0.421040
0.145654
0.145654
0.018568
0.018568
0.163760
0.163760
0.019222
0.019222
0.038307
0.038307
0.115510
0.115510
0.001716
0.001716
0.095515
0.095515
0.104767
0.104767
0.073037
0.073037
0.634834
0.634834
0.015075
0.015075
0.153037
0.153037
0.185564
0.185564
0.012838
0.012838
0.018465
0.018465
0.538662
0.538662
0.211668
0.211668
0.276081
0.276081
0.261380
0.261380
0.231206
0.231206
0.198740
0.198740
0.070451
0.070451
0.112821
0.112821
0.010544
0.010544
0.343824
0.343824
0.175900
0.175900
0.590317
0.590317
0.015247
0.015247
0.574421
0.574421
0.425195
0.425195
0.106498
0.106498
0.003539
0.003539
0.276597
0.276597
0.576980
0.576980
0.115049
0.115049
0.012306
0.012306
0.046333
0.046333
0.119704
0.119704
0.349413
0.349413
0.167220
0.167220
0.151038
0.151038
0.040378
0.040378
0.127626
0.127626
0.071443
0.071443
0.142175
0.142175
0.517116
0.517116
0.119373
0.119373
0.191616
0.191616
0.058641
0.058641
0.042208
0.042208
0.006900
0.006900
0.415912
0.415912
0.199791
0.199791
0.378062
0.378062
0.059388
0.059388
0.060142
0.060142
0.200550
0.200550
0.011393
0.011393
0.455381
0.455381
0.001703
0.001703
0.040893
0.040893
0.115974
0.115974
0.009773
0.009773
0.416702
0.416702
0.042976
0.042976
0.015375
0.015375
0.280420
0.280420
0.007727
0.007727
0.018883
0.018883
0.171058
0.171058
0.064332
0.064332
0.070300
0.070300
0.059162
0.059162
0.536496
0.536496
0.408499
0.408499
0.017697
0.017697
0.047285
0.047285
0.204644
0.204644
0.000004
0.000004
0.013486
0.013486
0.429086
0.429086
0.094623
0.094623
0.467554
0.467554
0.021914
0.021914
0.042508
0.042508
0.031898
0.031898
0.092269
0.092269
0.024431
0.024431
0.155836
0.155836
0.469607
0.469607
0.069135
0.069135
0.589213
0.589213
0.479082
0.479082
0.133617
0.133617
0.381827
0.381827
0.163452
0.163452
0.026538
0.026538
0.538271
0.538271
0.005000
0.005000
0.053362
0.053362
0.173257
0.173257
0.005529
0.005529
0.120355
0.120355
0.474973
0.474973
0.244925
0.244925
0.031555
0.031555
0.160427
0.160427
0.072294
0.072294
0.104829
0.104829
0.271747
0.271747
0.010818
0.010818
0.083322
0.083322
0.015210
0.015210
0.288178
0.288178
0.486785
0.486785
0.526669
0.526669
0.538564
0.538564
0.186460
0.186460
0.070922
0.070922
0.039795
0.039795
0.309716
0.309716
0.595662
0.595662
0.168686
0.168686
0.465301
0.465301
0.004118
0.004118
0.022178
0.022178
0.063616
0.063616
0.240749
0.240749
0.061828
0.061828
0.017097
0.017097
0.110073
0.110073
0.044053
0.044053
0.072056
0.072056
0.000748
0.000748
0.134479
0.134479
0.207022
0.207022
0.008205
0.008205
0.032760
0.032760
0.163485
0.163485
0.029507
0.029507
0.496597
0.496597
0.112014
0.112014
0.161953
0.161953
0.117458
0.117458
0.030426
0.030426
0.123244
0.123244
0.024977
0.024977
0.075055
0.075055
0.105949
0.105949
0.158754
0.158754
0.075126
0.075126
0.297934
0.297934
0.231709
0.231709
0.543907
0.543907
0.689111
0.689111
0.345989
0.345989
0.131868
0.131868
0.042660
0.042660
0.022860
0.022860
0.013993
0.013993
0.303828
0.303828
0.013121
0.013121
0.145679
0.145679
0.268670
0.268670
0.528656
0.528656
0.308231
0.308231
0.048438
0.048438
0.090757
0.090757
0.153725
0.153725
0.178049
0.178049
0.042979
0.042979
0.707958
0.707958
0.610814
0.610814
0.061646
0.061646
0.038510
0.038510
0.208101
0.208101
0.519796
0.519796
0.002180
0.002180
0.161653
0.161653
0.210068
0.210068
0.031508
0.031508
0.095554
0.095554
0.267366
0.267366
0.046583
0.046583
0.035501
0.035501
0.079991
0.079991
0.227670
0.227670
0.466065
0.466065
0.076743
0.076743
0.002646
0.002646
0.111494
0.111494
0.006723
0.006723
0.139785
0.139785
0.567152
0.567152
0.118893
0.118893
0.027239
0.027239
0.033033
0.033033
0.096276
0.096276
0.046415
0.046415
0.430376
0.430376
0.038394
0.038394
0.019863
0.019863
0.199265
0.199265
0.046233
0.046233
0.403536
0.403536
0.202384
0.202384
0.193218
0.193218
0.183947
0.183947
0.112276
0.112276
0.020272
0.020272
0.010047
0.010047
0.057070
0.057070
0.651693
0.651693
0.080634
0.080634
0.113047
0.113047
0.065384
0.065384
0.270471
0.270471
0.096047
0.096047
0.069653
0.069653
0.004935
0.004935
0.663712
0.663712
0.099352
0.099352
0.011824
0.011824
0.055486
0.055486
0.018829
0.018829
0.012386
0.012386
0.289980
0.289980
0.068929
0.068929
0.104835
0.104835
0.051987
0.051987
0.220812
0.220812
0.020264
0.020264
0.010043
0.010043
0.114340
0.114340
0.092153
0.092153
0.060663
0.060663
0.340993
0.340993
0.132511
0.132511
0.186552
0.186552
0.080339
0.080339
0.386167
0.386167
0.186025
0.186025
0.304171
0.304171
0.975215
0.975215
0.146093
0.146093
0.142864
0.142864
0.074542
0.074542
0.068624
0.068624
0.024511
0.024511
0.237511
0.237511
0.279933
0.279933
0.055458
0.055458
0.133111
0.133111
0.167199
0.167199
0.009942
0.009942
0.106762
0.106762
0.011757
0.011757
0.012910
0.012910
0.003608
0.003608
0.187980
0.187980
0.198488
0.198488
0.020814
0.020814
0.016706
0.016706
0.133931
0.133931
0.097831
0.097831
0.128331
0.128331
0.235954
0.235954
0.032071
0.032071
0.177424
0.177424
0.781455
0.781455
0.031222
0.031222
0.053435
0.053435
0.021926
0.021926
0.036383
0.036383
0.009486
0.009486
0.191616
0.191616
0.165302
0.165302
0.111599
0.111599
0.039756
0.039756
0.070579
0.070579
0.658546
0.658546
0.049268
0.049268
0.575005
0.575005
0.005195
0.005195
0.117623
0.117623
0.154357
0.154357
0.204549
0.204549
0.362253
0.362253
0.244273
0.244273
0.388288
0.388288
0.255197
0.255197
0.200550
0.200550
0.023201
0.023201
0.418791
0.418791
0.253802
0.253802
0.205109
0.205109
0.269305
0.269305
0.105796
0.105796
0.432123
0.432123
0.038541
0.038541
0.017438
0.017438
0.483568
0.483568
0.006733
0.006733
0.528922
0.528922
0.061250
0.061250
0.235440
0.235440
0.064283
0.064283
0.038190
0.038190
0.062762
0.062762
0.063059
0.063059
0.135819
0.135819
0.032970
0.032970
0.021220
0.021220
0.030686
0.030686
0.379261
0.379261
0.039978
0.039978
0.237245
0.237245
0.009594
0.009594
0.025479
0.025479
0.022034
0.022034
0.349037
0.349037
0.056239
0.056239
0.008206
0.008206
0.115527
0.115527
0.024873
0.024873
0.064297
0.064297
0.046223
0.046223
0.109101
0.109101
0.043840
0.043840
0.449615
0.449615
0.002489
0.002489
0.029628
0.029628
0.341881
0.341881
0.045938
0.045938
0.170612
0.170612
0.108913
0.108913
0.015011
0.015011
0.755374
0.755374
0.299761
0.299761
0.202126
0.202126
0.120343
0.120343
0.093313
0.093313
0.101667
0.101667
0.249309
0.249309
0.314988
0.314988
0.383481
0.383481
0.386558
0.386558
0.034284
0.034284
0.405890
0.405890
0.276213
0.276213
0.024373
0.024373
0.190876
0.190876
0.136047
0.136047
0.030749
0.030749
0.221930
0.221930
0.076520
0.076520
0.346580
0.346580
0.520236
0.520236
0.073915
0.073915
0.510676
0.510676
0.013096
0.013096
0.069284
0.069284
0.031342
0.031342
0.289087
0.289087
0.038507
0.038507
0.025892
0.025892
0.062272
0.062272
0.480004
0.480004
0.007367
0.007367
0.323244
0.323244
0.002877
0.002877
0.261230
0.261230
0.122225
0.122225
0.001325
0.001325
0.088370
0.088370
0.136071
0.136071
0.009179
0.009179
0.029259
0.029259
0.422015
0.422015
0.066356
0.066356
0.427515
0.427515
0.082622
0.082622
0.305801
0.305801
0.075251
0.075251
0.017803
0.017803
0.029253
0.029253
0.448031
0.448031
0.033986
0.033986
0.055436
0.055436
0.194860
0.194860
0.137196
0.137196
0.040897
0.040897
0.107271
0.107271
0.197185
0.197185
0.350996
0.350996
0.013851
0.013851
0.150388
0.150388
0.064884
0.064884
0.303541
0.303541
0.681140
0.681140
0.030217
0.030217
0.131139
0.131139
0.279446
0.279446
0.025172
0.025172
0.288381
0.288381
0.331628
0.331628
0.547673
0.547673
0.281038
0.281038
0.323927
0.323927
0.423203
0.423203
0.014777
0.014777
0.005662
0.005662
0.100474
0.100474
0.141083
0.141083
0.114639
0.114639
0.137364
0.137364
0.097143
0.097143
0.141864
0.141864
0.031981
0.031981
0.035737
0.035737
0.077071
0.077071
0.008033
0.008033
0.003142
0.003142
0.042540
0.042540
0.164092
0.164092
0.012359
0.012359
0.006200
0.006200
0.076483
0.076483
0.005752
0.005752
0.506342
0.506342
0.137716
0.137716
0.535392
0.535392
0.127226
0.127226
0.016960
0.016960
0.132984
0.132984
0.448040
0.448040
0.485129
0.485129
0.025128
0.025128
0.029888
0.029888
0.156952
0.156952
0.114256
0.114256
0.007807
0.007807
0.670316
0.670316
0.274469
0.274469
0.113578
0.113578
0.005676
0.005676
0.312104
0.312104
0.176347
0.176347
0.443168
0.443168
0.082752
0.082752
0.045256
0.045256
0.251974
0.251974
0.201842
0.201842
0.258269
0.258269
0.035188
0.035188
0.070449
0.070449
0.648161
0.648161
0.213278
0.213278
0.077899
0.077899
0.311476
0.311476
0.355399
0.355399
0.651552
0.651552
0.207394
0.207394
0.011110
0.011110
0.032221
0.032221
0.063800
0.063800
0.077641
0.077641
0.061316
0.061316
0.236138
0.236138
0.039564
0.039564
0.344899
0.344899
0.103734
0.103734
0.653731
0.653731
0.015447
0.015447
0.098422
0.098422
0.060471
0.060471
0.183831
0.183831
0.034513
0.034513
0.505652
0.505652
0.718816
0.718816
0.188245
0.188245
0.063420
0.063420
0.562733
0.562733
0.164559
0.164559
0.563388
0.563388
0.426223
0.426223
0.151840
0.151840
0.054797
0.054797
0.576421
0.576421
0.007683
0.007683
0.036103
0.036103
0.008246
0.008246
0.048485
0.048485
0.002059
0.002059
0.389293
0.389293
0.124076
0.124076
0.397930
0.397930
0.051110
0.051110
0.031547
0.031547
0.141466
0.141466
0.023603
0.023603
0.043069
0.043069
0.038582
0.038582
0.198985
0.198985
0.123059
0.123059
0.114094
0.114094
0.008325
0.008325
0.097619
0.097619
0.570411
0.570411
0.030045
0.030045
0.808740
0.808740
0.009075
0.009075
0.188548
0.188548
0.387125
0.387125
0.377156
0.377156
0.138855
0.138855
0.176304
0.176304
0.339900
0.339900
0.085472
0.085472
0.044637
0.044637
0.267957
0.267957
0.150670
0.150670
0.000336
0.000336
0.105403
0.105403
0.069150
0.069150
0.385022
0.385022
0.248652
0.248652
0.198230
0.198230
0.821832
0.821832
0.344164
0.344164
0.603271
0.603271
0.539782
0.539782
1.646080
1.646080
0.776143
0.776143
0.403935
0.403935
0.790001
0.790001
0.090755
0.090755
0.801255
0.801255
0.045988
0.045988
0.065144
0.065144
0.404787
0.404787
0.149899
0.149899
0.048251
0.048251
0.556854
0.556854
0.189166
0.189166
0.116660
0.116660
0.076446
0.076446
0.012550
0.012550
0.081204
0.081204
0.067283
0.067283
0.117487
0.117487
0.776468
0.776468
0.038241
0.038241
0.409088
0.409088
0.336570
0.336570
0.320103
0.320103
0.145874
0.145874
0.173991
0.173991
0.137562
0.137562
0.846285
0.846285
0.222234
0.222234
0.399357
0.399357
0.380114
0.380114
0.336753
0.336753
0.101983
0.101983
0.087735
0.087735
0.309428
0.309428
0.106016
0.106016
0.461435
0.461435
0.145960
0.145960
0.042922
0.042922
0.032303
0.032303
0.417641
0.417641
0.236296
0.236296
0.734053
0.734053
0.021059
0.021059
0.002250
0.002250
0.381425
0.381425
0.179129
0.179129
0.082593
0.082593
0.447745
0.447745
1.477518
1.477518
0.434928
0.434928
1.363639
1.363639
0.483814
0.483814
0.394764
0.394764
1.046702
1.046702
0.865828
0.865828
0.147380
0.147380
0.975196
0.975196
0.676139
0.676139
0.211868
0.211868
0.691985
0.691985
0.626990
0.626990
0.184699
0.184699
0.215953
0.215953
0.766365
0.766365
0.305686
0.305686
0.005616
0.005616
0.036684
0.036684
0.961831
0.961831
0.050214
0.050214
0.251600
0.251600
0.040158
0.040158
0.413229
0.413229
0.369016
0.369016
0.343051
0.343051
0.675769
0.675769
0.023505
0.023505
0.537419
0.537419
0.208668
0.208668
0.667828
0.667828
0.258829
0.258829
0.850626
0.850626
0.973116
0.973116
0.342863
0.342863
0.449147
0.449147
0.157333
0.157333
0.484149
0.484149
0.711657
0.711657
0.618108
0.618108
0.658705
0.658705
1.172273
1.172273
0.726858
0.726858
1.128837
1.128837
0.336467
0.336467
0.558609
0.558609
0.513580
0.513580
0.593683
0.593683
0.427530
0.427530
0.169655
0.169655
0.457273
0.457273
0.004357
0.004357
0.236683
0.236683
0.780931
0.780931
0.127577
0.127577
0.744362
0.744362
0.261205
0.261205
0.022516
0.022516
0.549203
0.549203
1.030375
1.030375
0.105706
0.105706
0.441642
0.441642
0.119144
0.119144
0.064690
0.064690
0.323199
0.323199
0.251206
0.251206
0.381498
0.381498
0.266423
0.266423
0.521104
0.521104
0.216530
0.216530
0.024424
0.024424
0.525413
0.525413
0.853707
0.853707
0.090748
0.090748
0.068408
0.068408
0.161253
0.161253
0.507080
0.507080
0.210654
0.210654
0.098008
0.098008
0.080406
0.080406
0.349279
0.349279
0.006452
0.006452
0.512058
0.512058
0.421140
0.421140
0.020365
0.020365
0.035019
0.035019
0.360671
0.360671
0.559222
0.559222
0.773359
0.773359
0.442884
0.442884
0.643058
0.643058
0.376272
0.376272
0.664786
0.664786
0.956593
0.956593
1.480041
1.480041
0.794372
0.794372
1.300567
1.300567
3.129424
3.129424
1.304338
1.304338
0.713308
0.713308
1.859748
1.859748
1.443878
1.443878
0.533959
0.533959
0.720982
0.720982
0.260148
0.260148
0.266932
0.266932
0.765554
0.765554
0.040799
0.040799
0.273244
0.273244
0.008000
0.008000
0.162326
0.162326
0.013678
0.013678
0.009652
0.009652
0.133673
0.133673
0.002769
0.002769
0.127991
0.127991
0.197025
0.197025
0.328435
0.328435
0.340737
0.340737
0.192435
0.192435
0.115977
0.115977
0.305469
0.305469
0.135551
0.135551
0.351458
0.351458
0.005212
0.005212
0.286558
0.286558
0.296698
0.296698
0.004694
0.004694
0.182394
0.182394
0.192021
0.192021
0.514980
0.514980
0.514007
0.514007
0.167384
0.167384
0.030312
0.030312
0.596949
0.596949
0.096846
0.096846
0.011033
0.011033
0.167599
0.167599
0.160168
0.160168
0.154099
0.154099
0.374143
0.374143
0.123805
0.123805
0.561575
0.561575
0.175616
0.175616
0.600724
0.600724
0.374142
0.374142
0.618434
0.618434
0.426847
0.426847
0.558461
0.558461
0.536551
0.536551
1.469386
1.469386
0.723194
0.723194
1.063542
1.063542
1.839241
1.839241
1.953825
1.953825
0.814760
0.814760
0.477963
0.477963
1.410613
1.410613
0.352929
0.352929
1.135953
1.135953
1.025618
1.025618
1.145340
1.145340
0.916062
0.916062
0.000001
0.000001
1.334092
1.334092
0.192038
0.192038
0.246123
0.246123
0.815455
0.815455
0.244180
0.244180
0.355019
0.355019
0.187584
0.187584
0.019084
0.019084
0.248945
0.248945
0.461821
0.461821
0.526894
0.526894
0.163899
0.163899
0.156384
0.156384
0.132402
0.132402
0.342323
0.342323
0.544823
0.544823
0.663339
0.663339
0.410089
0.410089
0.835798
0.835798
0.131901
0.131901
1.167467
1.167467
0.325359
0.325359
0.759554
0.759554
0.722261
0.722261
0.376081
0.376081
0.617460
0.617460
0.158628
0.158628
0.418564
0.418564
0.171526
0.171526
0.037313
0.037313
0.169107
0.169107
0.332298
0.332298
0.261499
0.261499
0.007472
0.007472
0.075164
0.075164
0.184769
0.184769
0.458606
0.458606
0.023819
0.023819
0.086695
0.086695
0.732677
0.732677
0.204191
0.204191
1.059359
1.059359
0.430419
0.430419
0.110034
0.110034
0.432524
0.432524
1.154749
1.154749
1.110483
1.110483
0.477375
0.477375
0.487738
0.487738
0.904313
0.904313
1.315008
1.315008
1.209846
1.209846
0.486749
0.486749
0.715440
0.715440
1.142656
1.142656
0.057567
0.057567
1.075591
1.075591
0.159923
0.159923
1.006952
1.006952
0.246428
0.246428
0.432752
0.432752
0.369564
0.369564
0.544970
0.544970
0.114458
0.114458
0.867961
0.867961
0.382587
0.382587
0.680370
0.680370
0.284883
0.284883
0.610746
0.610746
0.018698
0.018698
0.458044
0.458044
0.987860
0.987860
0.325399
0.325399
0.270480
0.270480
0.491045
0.491045
0.522032
0.522032
0.346758
0.346758
0.002729
0.002729
0.670339
0.670339
0.312245
0.312245
0.066898
0.066898
0.003469
0.003469
1.062770
1.062770
0.290724
0.290724
0.131778
0.131778
0.182015
0.182015
0.002110
0.002110
0.305473
0.305473
0.825197
0.825197
1.058773
1.058773
0.252799
0.252799
0.092910
0.092910
0.096485
0.096485
0.419364
0.419364
0.220989
0.220989
0.461125
0.461125
0.023717
0.023717
0.168497
0.168497
0.004650
0.004650
0.015772
0.015772
0.489702
0.489702
0.095739
0.095739
0.321698
0.321698
0.416037
0.416037
0.777685
0.777685
0.466949
0.466949
0.073948
0.073948
0.462167
0.462167
0.359243
0.359243
0.785825
0.785825
0.002500
0.002500
0.132521
0.132521
1.595879
1.595879
1.103588
1.103588
0.394303
0.394303
0.110189
0.110189
0.148340
0.148340
0.800505
0.800505
0.203604
0.203604
0.180198
0.180198
0.415209
0.415209
0.146866
0.146866
0.271296
0.271296
0.114202
0.114202
0.142770
0.142770
0.159648
0.159648
0.473637
0.473637
0.227114
0.227114
0.155615
0.155615
0.037830
0.037830
0.866059
0.866059
0.248946
0.248946
0.398377
0.398377
0.365364
0.365364
0.050122
0.050122
0.026737
0.026737
0.000453
0.000453
1.031093
1.031093
0.224702
0.224702
0.830558
0.830558
0.009821
0.009821
0.209636
0.209636
0.824484
0.824484
0.080889
0.080889
0.471456
0.471456
0.105715
0.105715
0.272573
0.272573
0.242805
0.242805
0.012491
0.012491
0.249854
0.249854
0.302615
0.302615
0.587279
0.587279
0.194647
0.194647
0.000169
0.000169
0.066056
0.066056
0.004427
0.004427
0.001906
0.001906
0.039874
0.039874
0.184611
0.184611
0.277667
0.277667
0.411781
0.411781
0.021542
0.021542
0.685243
0.685243
0.304816
0.304816
0.193787
0.193787
0.335958
0.335958
0.508437
0.508437
0.012546
0.012546
0.232553
0.232553
0.885553
0.885553
0.036482
0.036482
0.407683
0.407683
0.054535
0.054535
0.210514
0.210514
0.009466
0.009466
0.398669
0.398669
0.033511
0.033511
0.248495
0.248495
0.113823
0.113823
0.397535
0.397535
0.598992
0.598992
0.352566
0.352566
0.325010
0.325010
0.348985
0.348985
0.655472
0.655472
0.306541
0.306541
0.001979
0.001979
0.983802
0.983802
0.312975
0.312975
0.056656
0.056656
0.299517
0.299517
0.413491
0.413491
0.364456
0.364456
0.212324
0.212324
0.606954
0.606954
0.020429
0.020429
0.565571
0.565571
0.457135
0.457135
0.005268
0.005268
0.077367
0.077367
0.051993
0.051993
0.101549
0.101549
0.129756
0.129756
0.101205
0.101205
0.348451
0.348451
0.006077
0.006077
0.239186
0.239186
0.015761
0.015761
0.427599
0.427599
0.173010
0.173010
0.068770
0.068770
0.101275
0.101275
0.012922
0.012922
0.000632
0.000632
0.001510
0.001510
0.233614
0.233614
0.000580
0.000580
0.000995
0.000995
0.193833
0.193833
0.050524
0.050524
0.411512
0.411512
0.000116
0.000116
0.000601
0.000601
0.345614
0.345614
0.002067
0.002067
0.000202
0.000202
0.152906
0.152906
0.072864
0.072864
0.175372
0.175372
0.359055
0.359055
0.006878
0.006878
0.001303
0.001303
0.074387
0.074387
0.125413
0.125413
0.683346
0.683346
0.159330
0.159330
0.136524
0.136524
0.150235
0.150235
0.277765
0.277765
0.028941
0.028941
1.038726
1.038726
0.009725
0.009725
0.083269
0.083269
0.058466
0.058466
0.018515
0.018515
0.513917
0.513917
0.786936
0.786936
0.357544
0.357544
0.087116
0.087116
0.946822
0.946822
0.573158
0.573158
0.184336
0.184336
0.570122
0.570122
0.359248
0.359248
0.001905
0.001905
0.085891
0.085891
0.062327
0.062327
0.327621
0.327621
0.051497
0.051497
0.040210
0.040210
0.124408
0.124408
0.071589
0.071589
0.020539
0.020539
0.228955
0.228955
0.602150
0.602150
0.233136
0.233136
0.169489
0.169489
0.065536
0.065536
0.058877
0.058877
0.388927
0.388927
0.554532
0.554532
0.272153
0.272153
0.098973
0.098973
0.008690
0.008690
0.043177
0.043177
0.222241
0.222241
0.521437
0.521437
0.296489
0.296489
0.134637
0.134637
0.001684
0.001684
0.226361
0.226361
0.064525
0.064525
0.097608
0.097608
0.215393
0.215393
0.946934
0.946934
0.132855
0.132855
0.084920
0.084920
0.004102
0.004102
0.186518
0.186518
0.470325
0.470325
0.122791
0.122791
0.101770
0.101770
0.092245
0.092245
0.359940
0.359940
0.365124
0.365124
0.047811
0.047811
0.043386
0.043386
0.017189
0.017189
0.344525
0.344525
0.480963
0.480963
0.315355
0.315355
0.024295
0.024295
0.261764
0.261764
0.052400
0.052400
0.427842
0.427842
0.017575
0.017575
0.009751
0.009751
0.067835
0.067835
0.090991
0.090991
0.434196
0.434196
0.069776
0.069776
0.298530
0.298530
0.112066
0.112066
0.009726
0.009726
0.091239
0.091239
0.016079
0.016079
0.127339
0.127339
0.110780
0.110780
0.112879
0.112879
0.287566
0.287566
0.079203
0.079203
0.179152
0.179152
0.107480
0.107480
0.355580
0.355580
0.004106
0.004106
0.085116
0.085116
0.002020
0.002020
0.143262
0.143262
0.208058
0.208058
0.519737
0.519737
0.289324
0.289324
0.047641
0.047641
0.102343
0.102343
0.208268
0.208268
0.011326
0.011326
0.041417
0.041417
0.004674
0.004674
0.082732
0.082732
0.017156
0.017156
0.185960
0.185960
0.032175
0.032175
0.003055
0.003055
0.530697
0.530697
0.415881
0.415881
0.007806
0.007806
0.304149
0.304149
0.082660
0.082660
0.012578
0.012578
0.004905
0.004905
0.151563
0.151563
0.376415
0.376415
0.411606
0.411606
0.429818
0.429818
0.021995
0.021995
0.131990
0.131990
0.407247
0.407247
0.022597
0.022597
0.106891
0.106891
0.004937
0.004937
0.374721
0.374721
0.022531
0.022531
0.054990
0.054990
0.398936
0.398936
0.124783
0.124783
0.120086
0.120086
0.125082
0.125082
0.335884
0.335884
0.426579
0.426579
0.318953
0.318953
0.510977
0.510977
0.846129
0.846129
0.095951
0.095951
0.032984
0.032984
0.260288
0.260288
0.029169
0.029169
0.198353
0.198353
0.109567
0.109567
0.107306
0.107306
0.345818
0.345818
0.112113
0.112113
0.221674
0.221674
0.039157
0.039157
0.171892
0.171892
0.157444
0.157444
0.355748
0.355748
0.042671
0.042671
0.217883
0.217883
0.222858
0.222858
0.003191
0.003191
0.329531
0.329531
0.053993
0.053993
0.053881
0.053881
0.031532
0.031532
0.070717
0.070717
0.103726
0.103726
0.014033
0.014033
0.086267
0.086267
0.021410
0.021410
0.068915
0.068915
0.033157
0.033157
0.005711
0.005711
0.119300
0.119300
0.201905
0.201905
0.018114
0.018114
0.042112
0.042112
0.592052
0.592052
0.229437
0.229437
0.099133
0.099133
0.251348
0.251348
0.062644
0.062644
0.068082
0.068082
0.237444
0.237444
0.002821
0.002821
0.029292
0.029292
0.010226
0.010226
0.121200
0.121200
0.001451
0.001451
0.215021
0.215021
0.159859
0.159859
0.651211
0.651211
0.046434
0.046434
0.147926
0.147926
0.001587
0.001587
0.002188
0.002188
0.244055
0.244055
0.566934
0.566934
0.128533
0.128533
0.301012
0.301012
0.108900
0.108900
0.544237
0.544237
0.012760
0.012760
0.156987
0.156987
0.053699
0.053699
0.120919
0.120919
0.356204
0.356204
0.359868
0.359868
0.438766
0.438766
0.409622
0.409622
0.039862
0.039862
0.138525
0.138525
0.063425
0.063425
0.022410
0.022410
0.313100
0.313100
0.001866
0.001866
0.241289
0.241289
0.075378
0.075378
0.382058
0.382058
0.166227
0.166227
0.056779
0.056779
0.482213
0.482213
0.218246
0.218246
0.204243
0.204243
0.078094
0.078094
0.608217
0.608217
0.061564
0.061564
0.252094
0.252094
0.003169
0.003169
0.002267
0.002267
0.017110
0.017110
0.089786
0.089786
0.088134
0.088134
0.125885
0.125885
0.005177
0.005177
0.077853
0.077853
0.725359
0.725359
0.108950
0.108950
0.036734
0.036734
0.257379
0.257379
0.001811
0.001811
0.103930
0.103930
0.015199
0.015199
0.038292
0.038292
0.124808
0.124808
0.189943
0.189943
0.385661
0.385661
0.022497
0.022497
0.175651
0.175651
0.122656
0.122656
0.058499
0.058499
0.010363
0.010363
0.017548
0.017548
0.049184
0.049184
0.014920
0.014920
0.004104
0.004104
0.002381
0.002381
0.386783
0.386783
0.195099
0.195099
0.051050
0.051050
0.215869
0.215869
0.033006
0.033006
0.009388
0.009388
0.251322
0.251322
0.031765
0.031765
0.114763
0.114763
0.063882
0.063882
0.280779
0.280779
0.027165
0.027165
0.128252
0.128252
0.114624
0.114624
0.086670
0.086670
0.070676
0.070676
0.133995
0.133995
0.092628
0.092628
0.004086
0.004086
0.734363
0.734363
0.324089
0.324089
0.305650
0.305650
0.702195
0.702195
0.060362
0.060362
0.301091
0.301091
0.263384
0.263384
0.068151
0.068151
0.037167
0.037167
0.034682
0.034682
0.429649
0.429649
0.100200
0.100200
0.305064
0.305064
0.275382
0.275382
0.079698
0.079698
0.145258
0.145258
0.149230
0.149230
0.056856
0.056856
0.128193
0.128193
0.449022
0.449022
0.005408
0.005408
0.068123
0.068123
0.192710
0.192710
0.191123
0.191123
0.112801
0.112801
0.014282
0.014282
0.032973
0.032973
0.070372
0.070372
0.121224
0.121224
0.496592
0.496592
0.714619
0.714619
0.027531
0.027531
0.031328
0.031328
0.009847
0.009847
0.284307
0.284307
0.050947
0.050947
0.438187
0.438187
0.008826
0.008826
0.063152
0.063152
0.377239
0.377239
0.188216
0.188216
0.124340
0.124340
0.075697
0.075697
0.072498
0.072498
0.036492
0.036492
0.027371
0.027371
0.117984
0.117984
0.161074
0.161074
0.481148
0.481148
0.079462
0.079462
1.972529
1.972529
0.001601
0.001601
0.068331
0.068331
0.009522
0.009522
0.074699
0.074699
0.013665
0.013665
0.077901
0.077901
0.027552
0.027552
0.028692
0.028692
0.362905
0.362905
0.085192
0.085192
0.099958
0.099958
0.166607
0.166607
0.454113
0.454113
0.218247
0.218247
0.049853
0.049853
0.356012
0.356012
0.099271
0.099271
0.588807
0.588807
0.043383
0.043383
0.212384
0.212384
0.062648
0.062648
0.076914
0.076914
0.011421
0.011421
0.026595
0.026595
0.368463
0.368463
0.015252
0.015252
0.088136
0.088136
0.244894
0.244894
0.039328
0.039328
0.007318
0.007318
0.085330
0.085330
0.364513
0.364513
0.072245
0.072245
0.096411
0.096411
0.076970
0.076970
0.072811
0.072811
0.334421
0.334421
0.046618
0.046618
0.064200
0.064200
0.002711
0.002711
0.017006
0.017006
0.265960
0.265960
0.152450
0.152450
0.115676
0.115676
0.008343
0.008343
0.327215
0.327215
0.089303
0.089303
0.591679
0.591679
0.167250
0.167250
0.136572
0.136572
0.035561
0.035561
0.000458
0.000458
0.039505
0.039505
0.007292
0.007292
0.158597
0.158597
0.284608
0.284608
0.004616
0.004616
0.086018
0.086018
0.126554
0.126554
0.221103
0.221103
0.217897
0.217897
0.128384
0.128384
0.040485
0.040485
0.312395
0.312395
0.032664
0.032664
0.081562
0.081562
0.076969
0.076969
0.124685
0.124685
0.430687
0.430687
0.749990
0.749990
0.181741
0.181741
0.529182
0.529182
0.107582
0.107582
0.039999
0.039999
0.355115
0.355115
0.421326
0.421326
0.028794
0.028794
0.210932
0.210932
0.355685
0.355685
0.046643
0.046643
0.720490
0.720490
0.011160
0.011160
0.021277
0.021277
0.018868
0.018868
0.044474
0.044474
0.193700
0.193700
0.058218
0.058218
0.285817
0.285817
0.585564
0.585564
0.040333
0.040333
0.051449
0.051449
0.118385
0.118385
0.075958
0.075958
0.053673
0.053673
0.091337
0.091337
0.122477
0.122477
0.075971
0.075971
0.050700
0.050700
0.137804
0.137804
0.313145
0.313145
0.498238
0.498238
0.015982
0.015982
0.051991
0.051991
0.116051
0.116051
0.503198
0.503198
0.060680
0.060680
0.015343
0.015343
0.164058
0.164058
0.021074
0.021074
0.005573
0.005573
0.186888
0.186888
0.193223
0.193223
0.505180
0.505180
0.091671
0.091671
0.010864
0.010864
0.080800
0.080800
0.277763
0.277763
0.236847
0.236847
0.003337
0.003337
0.021682
0.021682
0.090615
0.090615
0.126093
0.126093
0.034745
0.034745
0.260666
0.260666
0.020064
0.020064
0.167499
0.167499
0.212049
0.212049
0.236703
0.236703
0.107050
0.107050
0.117904
0.117904
0.154982
0.154982
0.005169
0.005169
0.005014
0.005014
0.248346
0.248346
0.078725
0.078725
0.028301
0.028301
0.005548
0.005548
0.420226
0.420226
0.052610
0.052610
0.150669
0.150669
0.148884
0.148884
0.022827
0.022827
0.305225
0.305225
0.041573
0.041573
0.037838
0.037838
0.020105
0.020105
0.010780
0.010780
0.442397
0.442397
0.480368
0.480368
0.094814
0.094814
0.025560
0.025560
0.317662
0.317662
0.033005
0.033005
0.013883
0.013883
0.184616
0.184616
0.060434
0.060434
0.162674
0.162674
0.122869
0.122869
0.154078
0.154078
0.426365
0.426365
0.057786
0.057786
0.048310
0.048310
0.093735
0.093735
0.168570
0.168570
0.129921
0.129921
0.340154
0.340154
0.117340
0.117340
0.047878
0.047878
0.246372
0.246372
0.078329
0.078329
0.270936
0.270936
0.068457
0.068457
0.215629
0.215629
0.076673
0.076673
0.256804
0.256804
0.053937
0.053937
0.230631
0.230631
0.016269
0.016269
0.003281
0.003281
0.062456
0.062456
0.022159
0.022159
0.092622
0.092622
0.075918
0.075918
0.102423
0.102423
0.226161
0.226161
0.126161
0.126161
0.086779
0.086779
0.003495
0.003495
0.015837
0.015837
0.311395
0.311395
0.243465
0.243465
0.043759
0.043759
0.084850
0.084850
0.466129
0.466129
0.014314
0.014314
0.146527
0.146527
0.160949
0.160949
0.007091
0.007091
0.400452
0.400452
0.020690
0.020690
0.209147
0.209147
0.159076
0.159076
0.341518
0.341518
0.117846
0.117846
0.020745
0.020745
0.001731
0.001731
0.195202
0.195202
0.276526
0.276526
0.016409
0.016409
0.092414
0.092414
0.080028
0.080028
0.272982
0.272982
0.029267
0.029267
0.606551
0.606551
0.069295
0.069295
0.368189
0.368189
0.217150
0.217150
0.077766
0.077766
0.351637
0.351637
0.265196
0.265196
0.647888
0.647888
0.034803
0.034803
0.040050
0.040050
0.038582
0.038582
0.246438
0.246438
0.066210
0.066210
0.089282
0.089282
0.405631
0.405631
0.423033
0.423033
0.045918
0.045918
0.106196
0.106196
0.090945
0.090945
0.102095
0.102095
0.100391
0.100391
0.164332
0.164332
0.781751
0.781751
0.146151
0.146151
0.156799
0.156799
0.502010
0.502010
0.013853
0.013853
0.224778
0.224778
0.430741
0.430741
0.101770
0.101770
0.388351
0.388351
0.045246
0.045246
0.472396
0.472396
0.057828
0.057828
0.061560
0.061560
0.455835
0.455835
0.124442
0.124442
0.015212
0.015212
0.016157
0.016157
0.066261
0.066261
0.032963
0.032963
0.159615
0.159615
0.352683
0.352683
0.013695
0.013695
0.032306
0.032306
0.003660
0.003660
0.026542
0.026542
0.121265
0.121265
0.511042
0.511042
0.085639
0.085639
0.084827
0.084827
0.135315
0.135315
0.073262
0.073262
0.083510
0.083510
0.255695
0.255695
0.426107
0.426107
0.313704
0.313704
0.082225
0.082225
0.074047
0.074047
0.215949
0.215949
0.051480
0.051480
0.031060
0.031060
0.273910
0.273910
0.113497
0.113497
0.075304
0.075304
0.260945
0.260945
0.297042
0.297042
0.031689
0.031689
0.015845
0.015845
0.571015
0.571015
0.391914
0.391914
0.415851
0.415851
0.452589
0.452589
0.021674
0.021674
0.456690
0.456690
0.892110
0.892110
0.212453
0.212453
0.404242
0.404242
0.249700
0.249700
0.369978
0.369978
0.681874
0.681874
0.169379
0.169379
0.132171
0.132171
0.140032
0.140032
0.207187
0.207187
0.195980
0.195980
0.155170
0.155170
0.007989
0.007989
0.076736
0.076736
0.088243
0.088243
0.057837
0.057837
0.363966
0.363966
0.041955
0.041955
0.059123
0.059123
0.340336
0.340336
0.020729
0.020729
0.290869
0.290869
0.221654
0.221654
0.215594
0.215594
0.167177
0.167177
0.657552
0.657552
0.006381
0.006381
0.182875
0.182875
0.355802
0.355802
0.177158
0.177158
0.210165
0.210165
0.018981
0.018981
0.005812
0.005812
0.156878
0.156878
0.435067
0.435067
0.037115
0.037115
0.001008
0.001008
0.026998
0.026998
0.055029
0.055029
0.137739
0.137739
0.022130
0.022130
0.461830
0.461830
0.383456
0.383456
0.048853
0.048853
0.890366
0.890366
0.399306
0.399306
1.019400
1.019400
0.730560
0.730560
1.425640
1.425640
0.652543
0.652543
0.583120
0.583120
1.247534
1.247534
0.320796
0.320796
1.444899
1.444899
0.699538
0.699538
0.833529
0.833529
0.351440
0.351440
0.046239
0.046239
0.338001
0.338001
0.129454
0.129454
0.369235
0.369235
0.114008
0.114008
0.090921
0.090921
0.091981
0.091981
0.022510
0.022510
0.004447
0.004447
0.134588
0.134588
0.095559
0.095559
0.329013
0.329013
0.275097
0.275097
0.401877
0.401877
0.234153
0.234153
0.544545
0.544545
0.229280
0.229280
0.381838
0.381838
0.460595
0.460595
0.040011
0.040011
0.180833
0.180833
0.008799
0.008799
0.218514
0.218514
0.115337
0.115337
0.287535
0.287535
0.376680
0.376680
0.050988
0.050988
0.088811
0.088811
0.784330
0.784330
0.084915
0.084915
1.284616
1.284616
0.501861
0.501861
1.123359
1.123359
0.512786
0.512786
0.495427
0.495427
0.441491
0.441491
0.933123
0.933123
0.625751
0.625751
0.609534
0.609534
0.272147
0.272147
0.216589
0.216589
0.246846
0.246846
0.242355
0.242355
0.012824
0.012824
0.294631
0.294631
0.027969
0.027969
0.306609
0.306609
0.920728
0.920728
0.328965
0.328965
0.474571
0.474571
0.971523
0.971523
0.799814
0.799814
1.351429
1.351429
1.402963
1.402963
0.994790
0.994790
1.491544
1.491544
0.469438
0.469438
0.250691
0.250691
0.169562
0.169562
0.857461
0.857461
1.177376
1.177376
0.485396
0.485396
0.409586
0.409586
0.128654
0.128654
0.768905
0.768905
0.194847
0.194847
0.299573
0.299573
0.013473
0.013473
0.267762
0.267762
0.075647
0.075647
0.160738
0.160738
0.094706
0.094706
0.161043
0.161043
0.264042
0.264042
0.536830
0.536830
0.685351
0.685351
0.101487
0.101487
0.211336
0.211336
0.337272
0.337272
0.361675
0.361675
0.552325
0.552325
0.409809
0.409809
0.971702
0.971702
0.784843
0.784843
1.175834
1.175834
0.659262
0.659262
1.126970
1.126970
1.673276
1.673276
1.827659
1.827659
1.345288
1.345288
0.277646
0.277646
0.293081
0.293081
0.219646
0.219646
1.188883
1.188883
0.650616
0.650616
0.133603
0.133603
0.148662
0.148662
0.166627
0.166627
0.018928
0.018928
0.070546
0.070546
0.203542
0.203542
0.243600
0.243600
0.001567
0.001567
0.281269
0.281269
0.001467
0.001467
0.074016
0.074016
1.174725
1.174725
0.056406
0.056406
0.152982
0.152982
1.316485
1.316485
0.564428
0.564428
0.868342
0.868342
0.626304
0.626304
0.925446
0.925446
1.254676
1.254676
0.374402
0.374402
0.729060
0.729060
1.414994
1.414994
0.900887
0.900887
1.142122
1.142122
1.102623
1.102623
0.085189
0.085189
1.058538
1.058538
0.193416
0.193416
0.812928
0.812928
0.006539
0.006539
0.199141
0.199141
0.456086
0.456086
0.018730
0.018730
0.112588
0.112588
0.050419
0.050419
0.389757
0.389757
0.245213
0.245213
0.041602
0.041602
0.129574
0.129574
0.158024
0.158024
0.729792
0.729792
0.763047
0.763047
0.524712
0.524712
1.014275
1.014275
1.745196
1.745196
0.442482
0.442482
1.037356
1.037356
1.169698
1.169698
1.162362
1.162362
0.549764
0.549764
1.010712
1.010712
0.016625
0.016625
0.483810
0.483810
0.893747
0.893747
0.241040
0.241040
0.099194
0.099194
0.147435
0.147435
0.933731
0.933731
0.028064
0.028064
1.355051
1.355051
0.020182
0.020182
0.431623
0.431623
0.206509
0.206509
0.055712
0.055712
0.120850
0.120850
0.593674
0.593674
0.000233
0.000233
0.157249
0.157249
0.309864
0.309864
0.041440
0.041440
0.476926
0.476926
0.077864
0.077864
0.401952
0.401952
0.202565
0.202565
0.350093
0.350093
1.182044
1.182044
0.386360
0.386360
0.687218
0.687218
0.304914
0.304914
0.389775
0.389775
0.238152
0.238152
0.847809
0.847809
0.919101
0.919101
0.878795
0.878795
0.100731
0.100731
1.357196
1.357196
0.587991
0.587991
0.368569
0.368569
0.206990
0.206990
0.433061
0.433061
0.142399
0.142399
0.024242
0.024242
1.076630
1.076630
1.143405
1.143405
0.418053
0.418053
0.067468
0.067468
0.743578
0.743578
0.339300
0.339300
0.399557
0.399557
0.391676
0.391676
0.134794
0.134794
0.424921
0.424921
0.307947
0.307947
0.221480
0.221480
0.138455
0.138455
0.344380
0.344380
0.538773
0.538773
0.036485
0.036485
0.361066
0.361066
0.325712
0.325712
0.411643
0.411643
1.350926
1.350926
0.964856
0.964856
0.000027
0.000027
1.007887
1.007887
0.215472
0.215472
0.972340
0.972340
1.149299
1.149299
0.049404
0.049404
0.529777
0.529777
0.377165
0.377165
0.157921
0.157921
0.292355
0.292355
0.161525
0.161525
0.122442
0.122442
0.008021
0.008021
0.521184
0.521184
0.170430
0.170430
0.006414
0.006414
0.111726
0.111726
0.031961
0.031961
0.003127
0.003127
0.047969
0.047969
0.477047
0.477047
0.021596
0.021596
0.816413
0.816413
0.331650
0.331650
0.409327
0.409327
0.169876
0.169876
0.548787
0.548787
0.247029
0.247029
0.405748
0.405748
0.413681
0.413681
0.192400
0.192400
0.037763
0.037763
0.001500
0.001500
0.105688
0.105688
0.927916
0.927916
0.420825
0.420825
0.044422
0.044422
0.295453
0.295453
0.324097
0.324097
0.375396
0.375396
0.409310
0.409310
0.223820
0.223820
0.003560
0.003560
0.782604
0.782604
0.029164
0.029164
0.038115
0.038115
0.061599
0.061599
0.221065
0.221065
0.333999
0.333999
0.326536
0.326536
0.124280
0.124280
0.176151
0.176151
0.237709
0.237709
0.083070
0.083070
0.085346
0.085346
0.254973
0.254973
0.003887
0.003887
0.263652
0.263652
0.027748
0.027748
0.020163
0.020163
0.231336
0.231336
0.496463
0.496463
0.254330
0.254330
0.422137
0.422137
0.166879
0.166879
0.074008
0.074008
0.025852
0.025852
0.381468
0.381468
0.146244
0.146244
0.610939
0.610939
0.029526
0.029526
0.880638
0.880638
0.319623
0.319623
0.460316
0.460316
0.267639
0.267639
0.220547
0.220547
0.670283
0.670283
0.156423
0.156423
0.383450
0.383450
0.322930
0.322930
0.053830
0.053830
0.481661
0.481661
0.309873
0.309873
0.042228
0.042228
0.111060
0.111060
0.423874
0.423874
0.132626
0.132626
0.164186
0.164186
0.274534
0.274534
0.464770
0.464770
0.275629
0.275629
0.203431
0.203431
0.476348
0.476348
0.078688
0.078688
0.077865
0.077865
0.121640
0.121640
0.003004
0.003004
0.612371
0.612371
0.166871
0.166871
0.657984
0.657984
0.193097
0.193097
0.038197
0.038197
0.865841
0.865841
0.165421
0.165421
0.174401
0.174401
0.464651
0.464651
0.005644
0.005644
0.002659
0.002659
0.018602
0.018602
0.067752
0.067752
0.009854
0.009854
0.000870
0.000870
0.073900
0.073900
0.139607
0.139607
0.012020
0.012020
0.015515
0.015515
0.327670
0.327670
0.000839
0.000839
0.000172
0.000172
0.108204
0.108204
0.346986
0.346986
0.089249
0.089249
0.035833
0.035833
0.140272
0.140272
0.014100
0.014100
0.069848
0.069848
0.028337
0.028337
0.012259
0.012259
0.568358
0.568358
0.200347
0.200347
0.102126
0.102126
0.004609
0.004609
0.156941
0.156941
0.001035
0.001035
0.028439
0.028439
0.147145
0.147145
0.074784
0.074784
0.108261
0.108261
0.660428
0.660428
0.205433
0.205433
0.027181
0.027181
0.128558
0.128558
0.001663
0.001663
0.060767
0.060767
0.018200
0.018200
0.012882
0.012882
0.275773
0.275773
0.052788
0.052788
0.007869
0.007869
0.344076
0.344076
0.234568
0.234568
0.122070
0.122070
0.473373
0.473373
0.635372
0.635372
0.433936
0.433936
0.229437
0.229437
0.700328
0.700328
0.003476
0.003476
0.054577
0.054577
0.680062
0.680062
0.392856
0.392856
0.812407
0.812407
0.320259
0.320259
0.238030
0.238030
0.378471
0.378471
0.346731
0.346731
0.018750
0.018750
0.012981
0.012981
0.033471
0.033471
0.007948
0.007948
0.002819
0.002819
0.150821
0.150821
0.018330
0.018330
0.019186
0.019186
0.021877
0.021877
0.001524
0.001524
0.142381
0.142381
0.265417
0.265417
0.126354
0.126354
0.076821
0.076821
0.005777
0.005777
0.099868
0.099868
0.022207
0.022207
0.288789
0.288789
0.055219
0.055219
0.006392
0.006392
0.977576
0.977576
0.226572
0.226572
0.008625
0.008625
0.293237
0.293237
0.567136
0.567136
0.290913
0.290913
0.023659
0.023659
0.119894
0.119894
0.306539
0.306539
0.391768
0.391768
0.447394
0.447394
0.287708
0.287708
0.219897
0.219897
0.041451
0.041451
0.007361
0.007361
0.265175
0.265175
0.116425
0.116425
0.121862
0.121862
0.016053
0.016053
0.171689
0.171689
0.055160
0.055160
0.015607
0.015607
0.071210
0.071210
0.278675
0.278675
0.322225
0.322225
0.307274
0.307274
0.688335
0.688335
0.081597
0.081597
0.302236
0.302236
0.206299
0.206299
0.463123
0.463123
0.370005
0.370005
0.033505
0.033505
0.002649
0.002649
0.305663
0.305663
0.345870
0.345870
0.000000
0.000000
0.203730
0.203730
0.045985
0.045985
0.107314
0.107314
0.018687
0.018687
0.006120
0.006120
0.219544
0.219544
0.812936
0.812936
0.218943
0.218943
0.202302
0.202302
0.420154
0.420154
0.139377
0.139377
0.239666
0.239666
0.061622
0.061622
0.116371
0.116371
0.182950
0.182950
0.075785
0.075785
0.089658
0.089658
0.214777
0.214777
0.025920
0.025920
0.918592
0.918592
0.032619
0.032619
0.178850
0.178850
0.123905
0.123905
0.243529
0.243529
0.339601
0.339601
0.038314
0.038314
0.154169
0.154169
0.425354
0.425354
0.014106
0.014106
0.388733
0.388733
0.190654
0.190654
0.071502
0.071502
0.010831
0.010831
0.371409
0.371409
0.326526
0.326526
0.075882
0.075882
0.010313
0.010313
0.550661
0.550661
0.160049
0.160049
0.011195
0.011195
0.388876
0.388876
0.012473
0.012473
0.026798
0.026798
0.156760
0.156760
0.025645
0.025645
0.006217
0.006217
0.568040
0.568040
0.014053
0.014053
0.070123
0.070123
0.079504
0.079504
0.279757
0.279757
0.086443
0.086443
0.126703
0.126703
0.522231
0.522231
0.011057
0.011057
0.003797
0.003797
0.325672
0.325672
0.055912
0.055912
0.078265
0.078265
0.654861
0.654861
0.016424
0.016424
0.006933
0.006933
0.341798
0.341798
0.041753
0.041753
0.072699
0.072699
0.349826
0.349826
0.166108
0.166108
0.105893
0.105893
0.211047
0.211047
0.209527
0.209527
0.100871
0.100871
0.039027
0.039027
0.067787
0.067787
0.066109
0.066109
0.212838
0.212838
0.450663
0.450663
0.072891
0.072891
0.381593
0.381593
0.042608
0.042608
0.077572
0.077572
0.284238
0.284238
0.062330
0.062330
0.245536
0.245536
0.056634
0.056634
0.105676
0.105676
0.006517
0.006517
0.292358
0.292358
0.479168
0.479168
0.011692
0.011692
0.150770
0.150770
0.038976
0.038976
0.078447
0.078447
0.350350
0.350350
0.329639
0.329639
0.177452
0.177452
0.005147
0.005147
0.299203
0.299203
0.152360
0.152360
0.157849
0.157849
0.243207
0.243207
0.012026
0.012026
0.147893
0.147893
0.167972
0.167972
0.027751
0.027751
0.041843
0.041843
0.014966
0.014966
0.076106
0.076106
0.225276
0.225276
0.166681
0.166681
0.017153
0.017153
0.000043
0.000043
0.007002
0.007002
0.001463
0.001463
0.020363
0.020363
0.049500
0.049500
0.281686
0.281686
0.000313
0.000313
0.279193
0.279193
0.004916
0.004916
0.021352
0.021352
0.263288
0.263288
0.019045
0.019045
0.121480
0.121480
0.265915
0.265915
0.196356
0.196356
0.431859
0.431859
0.016011
0.016011
0.031530
0.031530
0.012051
0.012051
0.257596
0.257596
0.118255
0.118255
0.023948
0.023948
0.078854
0.078854
0.115673
0.115673
0.045818
0.045818
0.206804
0.206804
0.247216
0.247216
0.120550
0.120550
0.195032
0.195032
0.057174
0.057174
0.143643
0.143643
0.153993
0.153993
0.009228
0.009228
0.370749
0.370749
0.025078
0.025078
0.004456
0.004456
0.201466
0.201466
0.007303
0.007303
0.514293
0.514293
0.012505
0.012505
0.073526
0.073526
0.007334
0.007334
0.051760
0.051760
0.158717
0.158717
0.008464
0.008464
0.029280
0.029280
0.022380
0.022380
0.444080
0.444080
0.161747
0.161747
0.384619
0.384619
0.029686
0.029686
0.374766
0.374766
0.087340
0.087340
0.022679
0.022679
0.094562
0.094562
0.087724
0.087724
0.088385
0.088385
0.010556
0.010556
0.748308
0.748308
0.271273
0.271273
0.387164
0.387164
0.113253
0.113253
0.052943
0.052943
0.443644
0.443644
0.101591
0.101591
0.045040
0.045040
0.205400
0.205400
0.048111
0.048111
0.207075
0.207075
0.079749
0.079749
0.188359
0.188359
0.177066
0.177066
0.028723
0.028723
0.225022
0.225022
0.005323
0.005323
0.665405
0.665405
0.238486
0.238486
0.195327
0.195327
0.226100
0.226100
0.441011
0.441011
0.220002
0.220002
0.064695
0.064695
0.339739
0.339739
0.028810
0.028810
0.085991
0.085991
0.406141
0.406141
0.189233
0.189233
0.003707
0.003707
0.031121
0.031121
0.011814
0.011814
0.143007
0.143007
0.045767
0.045767
0.056915
0.056915
0.191943
0.191943
0.061689
0.061689
0.078505
0.078505
0.433622
0.433622
0.167128
0.167128
0.013455
0.013455
0.037236
0.037236
0.114869
0.114869
0.685461
0.685461
0.161789
0.161789
0.172221
0.172221
0.251143
0.251143
0.087046
0.087046
0.065518
0.065518
0.170009
0.170009
0.152557
0.152557
0.010696
0.010696
0.119309
0.119309
0.003256
0.003256
0.430058
0.430058
0.088248
0.088248
0.097900
0.097900
0.335705
0.335705
0.100504
0.100504
0.227772
0.227772
0.192779
0.192779
0.398731
0.398731
0.099927
0.099927
0.092434
0.092434
0.414775
0.414775
0.024107
0.024107
0.022002
0.022002
0.005290
0.005290
0.476878
0.476878
0.088796
0.088796
0.241020
0.241020
0.292310
0.292310
0.565180
0.565180
0.228734
0.228734
0.038653
0.038653
0.059651
0.059651
0.262145
0.262145
0.026368
0.026368
0.121836
0.121836
0.176436
0.176436
0.092862
0.092862
0.207551
0.207551
0.032183
0.032183
0.193519
0.193519
0.063089
0.063089
0.121823
0.121823
0.005699
0.005699
0.001005
0.001005
0.026198
0.026198
0.059900
0.059900
0.004665
0.004665
0.011835
0.011835
0.142665
0.142665
0.033982
0.033982
0.001359
0.001359
0.194429
0.194429
0.038083
0.038083
0.145668
0.145668
0.050645
0.050645
0.004098
0.004098
0.324725
0.324725
0.028556
0.028556
0.521785
0.521785
0.067232
0.067232
0.120401
0.120401
0.063445
0.063445
0.076627
0.076627
0.085651
0.085651
0.044275
0.044275
0.052935
0.052935
0.157991
0.157991
0.107571
0.107571
0.091069
0.091069
0.034746
0.034746
0.205043
0.205043
0.183124
0.183124
0.015369
0.015369
0.016124
0.016124
0.004267
0.004267
0.022475
0.022475
0.387641
0.387641
0.164285
0.164285
0.018850
0.018850
0.474336
0.474336
0.262710
0.262710
0.316429
0.316429
0.060084
0.060084
0.025141
0.025141
0.116657
0.116657
0.018561
0.018561
0.008030
0.008030
0.010075
0.010075
0.131518
0.131518
0.036991
0.036991
0.596158
0.596158
0.166675
0.166675
0.407548
0.407548
0.331899
0.331899
0.013031
0.013031
0.032124
0.032124
0.221700
0.221700
0.048378
0.048378
0.092495
0.092495
0.286002
0.286002
0.154808
0.154808
0.115055
0.115055
0.003378
0.003378
0.012111
0.012111
0.060231
0.060231
0.181981
0.181981
0.646568
0.646568
0.020386
0.020386
0.018174
0.018174
0.206284
0.206284
0.017295
0.017295
0.027736
0.027736
0.286821
0.286821
0.189787
0.189787
0.085057
0.085057
0.189227
0.189227
0.677899
0.677899
0.032344
0.032344
0.265571
0.265571
0.006730
0.006730
0.000957
0.000957
0.144415
0.144415
0.064988
0.064988
0.419782
0.419782
0.269022
0.269022
0.361857
0.361857
0.099247
0.099247
0.062198
0.062198
0.189742
0.189742
0.124956
0.124956
0.203737
0.203737
0.037329
0.037329
0.094348
0.094348
0.081955
0.081955
0.100593
0.100593
0.214217
0.214217
0.006198
0.006198
0.046657
0.046657
0.229585
0.229585
0.007512
0.007512
0.057485
0.057485
0.142510
0.142510
0.230921
0.230921
0.012548
0.012548
0.020111
0.020111
0.072090
0.072090
0.131856
0.131856
0.452489
0.452489
0.051413
0.051413
0.082687
0.082687
0.144720
0.144720
0.011516
0.011516
0.181590
0.181590
0.024411
0.024411
0.098902
0.098902
0.119259
0.119259
0.059057
0.059057
0.033975
0.033975
0.532074
0.532074
0.012696
0.012696
0.006176
0.006176
0.307745
0.307745
0.392697
0.392697
0.021300
0.021300
0.021205
0.021205
0.063924
0.063924
0.481209
0.481209
0.029153
0.029153
0.317932
0.317932
0.243565
0.243565
0.124337
0.124337
0.025234
0.025234
0.023276
0.023276
0.239689
0.239689
0.416299
0.416299
0.102368
0.102368
0.054682
0.054682
0.201045
0.201045
0.107879
0.107879
0.168181
0.168181
0.052280
0.052280
0.084066
0.084066
0.119647
0.119647
0.300913
0.300913
0.301299
0.301299
0.968520
0.968520
0.183111
0.183111
0.246224
0.246224
0.226625
0.226625
0.124854
0.124854
0.018674
0.018674
0.064636
0.064636
0.008390
0.008390
0.082584
0.082584
0.058481
0.058481
0.092046
0.092046
0.298098
0.298098
0.115773
0.115773
0.036405
0.036405
0.430504
0.430504
0.017407
0.017407
0.375888
0.375888
0.269100
0.269100
0.003432
0.003432
0.052928
0.052928
0.012867
0.012867
0.156633
0.156633
0.168470
0.168470
0.015912
0.015912
0.045822
0.045822
0.110393
0.110393
0.002513
0.002513
0.064206
0.064206
0.005579
0.005579
0.250023
0.250023
0.104179
0.104179
0.028881
0.028881
0.290419
0.290419
0.007833
0.007833
0.045912
0.045912
0.031082
0.031082
0.329540
0.329540
0.006535
0.006535
0.115806
0.115806
0.060836
0.060836
0.016126
0.016126
0.285887
0.285887
0.060165
0.060165
0.308216
0.308216
0.078304
0.078304
0.069281
0.069281
0.012913
0.012913
0.038986
0.038986
0.562697
0.562697
0.078906
0.078906
0.033857
0.033857
0.065606
0.065606
0.195922
0.195922
0.057390
0.057390
0.172964
0.172964
0.335755
0.335755
0.063444
0.063444
0.381485
0.381485
0.186374
0.186374
0.059281
0.059281
0.235477
0.235477
0.060598
0.060598
0.895765
0.895765
0.505823
0.505823
0.149050
0.149050
0.159483
0.159483
0.176462
0.176462
0.097094
0.097094
0.119287
0.119287
0.103909
0.103909
0.023363
0.023363
0.327268
0.327268
0.064044
0.064044
0.042231
0.042231
0.003271
0.003271
0.107469
0.107469
0.007377
0.007377
0.045859
0.045859
0.136497
0.136497
0.025561
0.025561
0.166058
0.166058
0.114562
0.114562
0.024605
0.024605
0.002945
0.002945
0.139550
0.139550
0.100328
0.100328
0.068699
0.068699
0.021307
0.021307
0.522626
0.522626
0.144643
0.144643
0.037285
0.037285
0.176504
0.176504
0.118151
0.118151
0.108008
0.108008
0.010051
0.010051
0.022468
0.022468
0.099604
0.099604
0.149281
0.149281
0.254411
0.254411
0.229733
0.229733
0.188183
0.188183
0.178689
0.178689
0.111765
0.111765
0.030882
0.030882
0.160171
0.160171
0.039117
0.039117
0.013384
0.013384
0.267451
0.267451
0.293074
0.293074
0.072075
0.072075
0.149814
0.149814
0.096919
0.096919
0.114234
0.114234
0.219801
0.219801
0.160773
0.160773
0.082656
0.082656
0.208843
0.208843
0.016850
0.016850
0.152641
0.152641
0.037346
0.037346
0.022209
0.022209
0.039431
0.039431
0.204280
0.204280
0.150326
0.150326
0.053546
0.053546
0.343802
0.343802
0.127800
0.127800
0.003868
0.003868
0.011165
0.011165
0.528515
0.528515
0.431338
0.431338
0.370219
0.370219
0.002288
0.002288
0.078356
0.078356
0.056754
0.056754
0.131498
0.131498
0.017888
0.017888
0.308397
0.308397
0.120407
0.120407
0.197020
0.197020
0.036412
0.036412
0.588004
0.588004
0.221944
0.221944
0.162298
0.162298
0.070062
0.070062
0.282608
0.282608
0.078863
0.078863
0.025357
0.025357
0.016430
0.016430
0.006072
0.006072
0.003562
0.003562
0.046622
0.046622
0.242464
0.242464
0.239884
0.239884
0.738866
0.738866
0.099404
0.099404
0.150462
0.150462
0.020147
0.020147
0.172394
0.172394
0.017408
0.017408
0.586009
0.586009
0.062566
0.062566
0.038569
0.038569
0.409132
0.409132
0.459098
0.459098
0.174397
0.174397
0.067772
0.067772
0.280667
0.280667
0.338240
0.338240
0.041348
0.041348
0.062239
0.062239
0.018349
0.018349
0.081627
0.081627
0.131267
0.131267
0.364105
0.364105
0.092210
0.092210
0.162336
0.162336
0.339679
0.339679
0.460035
0.460035
0.504221
0.504221
0.362898
0.362898
0.187948
0.187948
0.498477
0.498477
0.193717
0.193717
0.064356
0.064356
0.025155
0.025155
0.422193
0.422193
0.029407
0.029407
0.111048
0.111048
0.262838
0.262838
0.018711
0.018711
0.441664
0.441664
0.102678
0.102678
0.024620
0.024620
0.003035
0.003035
0.517434
0.517434
0.142260
0.142260
0.074707
0.074707
0.160404
0.160404
0.174709
0.174709
0.209274
0.209274
0.022136
0.022136
0.093400
0.093400
0.185049
0.185049
0.415366
0.415366
0.371924
0.371924
0.117125
0.117125
0.410359
0.410359
0.223140
0.223140
0.500618
0.500618
0.350536
0.350536
0.153326
0.153326
0.029868
0.029868
0.075429
0.075429
0.237278
0.237278
0.187413
0.187413
0.056950
0.056950
0.343049
0.343049
0.306346
0.306346
0.236038
0.236038
0.232605
0.232605
0.055016
0.055016
0.389412
0.389412
0.589871
0.589871
0.519017
0.519017
0.238273
0.238273
0.426242
0.426242
0.638342
0.638342
0.202027
0.202027
0.344873
0.344873
0.211599
0.211599
0.287071
0.287071
0.078533
0.078533
0.320224
0.320224
0.011999
0.011999
0.464843
0.464843
0.332942
0.332942
0.041355
0.041355
0.031091
0.031091
0.019884
0.019884
0.369799
0.369799
0.040859
0.040859
0.006318
0.006318
0.009688
0.009688
0.285553
0.285553
0.116631
0.116631
0.015300
0.015300
0.480010
0.480010
0.008523
0.008523
0.299666
0.299666
0.143111
0.143111
0.012655
0.012655
0.878381
0.878381
0.574465
0.574465
0.384512
0.384512
0.277290
0.277290
0.209945
0.209945
0.441953
0.441953
0.057103
0.057103
0.521738
0.521738
0.728318
0.728318
0.172643
0.172643
0.037287
0.037287
0.003567
0.003567
0.037063
0.037063
0.034365
0.034365
0.597086
0.597086
0.271594
0.271594
0.036247
0.036247
0.063501
0.063501
0.221109
0.221109
0.429643
0.429643
0.305875
0.305875
0.379399
0.379399
0.606406
0.606406
1.675925
1.675925
0.546752
0.546752
0.544762
0.544762
1.236840
1.236840
0.268899
0.268899
0.300259
0.300259
0.127676
0.127676
0.125779
0.125779
0.013880
0.013880
0.148085
0.148085
0.000431
0.000431
0.053653
0.053653
0.657182
0.657182
0.015892
0.015892
0.318984
0.318984
0.459224
0.459224
0.052835
0.052835
0.563728
0.563728
0.002747
0.002747
0.008674
0.008674
0.218813
0.218813
0.239244
0.239244
0.241649
0.241649
0.374576
0.374576
0.470920
0.470920
0.080303
0.080303
0.609013
0.609013
0.429411
0.429411
0.254495
0.254495
0.551986
0.551986
0.358222
0.358222
0.734181
0.734181
0.394690
0.394690
0.660598
0.660598
0.953370
0.953370
0.401504
0.401504
1.234191
1.234191
0.674724
0.674724
0.406359
0.406359
0.860177
0.860177
0.291627
0.291627
0.650690
0.650690
0.350307
0.350307
0.528412
0.528412
0.116166
0.116166
0.172551
0.172551
0.193980
0.193980
0.819960
0.819960
0.371366
0.371366
0.464769
0.464769
0.896972
0.896972
0.489841
0.489841
1.175117
1.175117
0.739920
0.739920
1.209234
1.209234
0.742152
0.742152
2.246623
2.246623
0.260518
0.260518
0.732679
0.732679
0.002636
0.002636
0.942464
0.942464
0.613809
0.613809
0.319258
0.319258
0.001685
0.001685
0.328007
0.328007
0.480327
0.480327
0.032791
0.032791
0.085661
0.085661
0.014343
0.014343
0.305137
0.305137
0.011846
0.011846
0.250377
0.250377
0.252022
0.252022
0.207297
0.207297
0.001341
0.001341
0.164982
0.164982
0.056403
0.056403
0.703981
0.703981
0.546020
0.546020
0.422879
0.422879
0.560377
0.560377
0.763376
0.763376
0.413065
0.413065
0.301989
0.301989
0.689757
0.689757
1.506326
1.506326
1.420948
1.420948
1.220927
1.220927
1.369325
1.369325
1.842835
1.842835
1.803891
1.803891
2.181676
2.181676
2.119445
2.119445
1.532210
1.532210
1.376182
1.376182
1.511022
1.511022
1.452975
1.452975
0.617333
0.617333
0.574872
0.574872
0.887071
0.887071
0.721256
0.721256
0.291546
0.291546
0.623380
0.623380
1.239989
1.239989
1.283091
1.283091
0.190044
0.190044
0.274796
0.274796
0.373249
0.373249
0.213538
0.213538
0.279497
0.279497
0.253409
0.253409
0.552383
0.552383
0.443832
0.443832
0.687979
0.687979
2.041470
2.041470
0.062464
0.062464
0.376764
0.376764
0.161221
0.161221
0.424325
0.424325
0.742109
0.742109
1.036415
1.036415
0.850259
0.850259
0.590581
0.590581
0.227876
0.227876
1.325972
1.325972
0.161252
0.161252
0.553213
0.553213
1.722655
1.722655
0.155382
0.155382
0.000055
0.000055
0.287738
0.287738
0.294078
0.294078
0.863767
0.863767
0.331650
0.331650
0.426067
0.426067
0.145536
0.145536
0.055600
0.055600
0.508758
0.508758
0.698891
0.698891
0.560366
0.560366
0.705185
0.705185
0.893778
0.893778
0.487783
0.487783
0.281549
0.281549
0.859131
0.859131
1.528184
1.528184
2.756269
2.756269
0.767608
0.767608
2.161082
2.161082
1.017924
1.017924
3.190236
3.190236
2.151050
2.151050
1.827822
1.827822
2.453780
2.453780
1.414508
1.414508
1.449246
1.449246
1.446512
1.446512
0.812192
0.812192
1.882127
1.882127
0.753844
0.753844
0.810138
0.810138
0.070935
0.070935
0.705599
0.705599
0.514751
0.514751
0.215592
0.215592
0.812893
0.812893
0.641240
0.641240
0.003528
0.003528
0.409840
0.409840
0.003741
0.003741
0.652508
0.652508
0.241349
0.241349
1.204658
1.204658
1.317824
1.317824
0.469894
0.469894
0.525815
0.525815
0.294332
0.294332
0.440526
0.440526
0.636158
0.636158
0.791710
0.791710
1.324952
1.324952
0.282828
0.282828
1.906382
1.906382
0.793731
0.793731
1.316591
1.316591
0.855991
0.855991
0.238935
0.238935
0.091568
0.091568
0.000101
0.000101
0.033827
0.033827
0.182316
0.182316
0.000022
0.000022
0.621259
0.621259
0.082857
0.082857
0.366828
0.366828
0.002408
0.002408
0.481251
0.481251
0.055539
0.055539
0.276520
0.276520
0.074960
0.074960
0.148544
0.148544
0.424634
0.424634
0.278396
0.278396
0.740900
0.740900
0.791193
0.791193
0.468414
0.468414
0.638601
0.638601
0.930797
0.930797
1.155495
1.155495
0.729567
0.729567
1.119781
1.119781
1.093524
1.093524
1.121673
1.121673
0.324289
0.324289
1.099200
1.099200
0.000025
0.000025
1.370701
1.370701
0.160304
0.160304
0.554584
0.554584
0.772280
0.772280
0.981888
0.981888
0.244680
0.244680
1.530036
1.530036
0.555783
0.555783
0.249170
0.249170
0.485725
0.485725
0.346133
0.346133
0.255733
0.255733
0.175396
0.175396
0.418703
0.418703
0.682456
0.682456
0.519617
0.519617
0.062691
0.062691
0.475999
0.475999
0.138959
0.138959
0.210919
0.210919
0.327531
0.327531
0.133481
0.133481
1.132932
1.132932
0.225037
0.225037
0.527268
0.527268
0.211588
0.211588
0.343999
0.343999
0.634780
0.634780
0.004080
0.004080
1.677034
1.677034
0.360269
0.360269
0.605159
0.605159
0.068889
0.068889
0.237550
0.237550
0.916471
0.916471
0.014162
0.014162
0.436960
0.436960
0.144941
0.144941
0.499716
0.499716
0.158891
0.158891
0.873330
0.873330
0.223171
0.223171
0.448267
0.448267
0.002523
0.002523
0.485814
0.485814
0.040021
0.040021
0.036882
0.036882
0.635952
0.635952
0.492147
0.492147
0.010499
0.010499
0.020434
0.020434
0.333888
0.333888
0.020734
0.020734
1.014166
1.014166
0.080591
0.080591
0.884890
0.884890
0.160614
0.160614
0.062663
0.062663
1.261829
1.261829
0.067830
0.067830
0.025708
0.025708
0.520824
0.520824
0.225308
0.225308
0.511704
0.511704
0.529234
0.529234
1.210431
1.210431
0.050406
0.050406
0.604498
0.604498
0.028726
0.028726
0.038869
0.038869
0.346621
0.346621
0.182253
0.182253
0.750315
0.750315
0.142162
0.142162
0.072515
0.072515
0.055500
0.055500
0.029796
0.029796
0.041923
0.041923
0.112402
0.112402
0.278066
0.278066
0.351401
0.351401
0.077131
0.077131
0.134901
0.134901
0.016764
0.016764
0.091794
0.091794
0.015881
0.015881
0.038974
0.038974
0.080048
0.080048
0.336203
0.336203
0.167563
0.167563
0.412637
0.412637
0.279141
0.279141
0.059689
0.059689
0.235460
0.235460
0.461889
0.461889
0.106665
0.106665
0.660427
0.660427
0.160507
0.160507
0.445607
0.445607
0.405992
0.405992
0.293571
0.293571
0.015701
0.015701
0.108910
0.108910
0.031252
0.031252
0.000223
0.000223
0.473345
0.473345
0.114588
0.114588
0.294307
0.294307
0.060031
0.060031
0.097686
0.097686
0.000061
0.000061
0.634133
0.634133
0.023374
0.023374
0.019112
0.019112
0.192863
0.192863
0.002875
0.002875
0.547914
0.547914
0.074000
0.074000
0.306785
0.306785
0.359380
0.359380
0.281867
0.281867
0.000731
0.000731
0.977473
0.977473
0.189363
0.189363
0.056757
0.056757
0.005967
0.005967
0.072633
0.072633
0.371116
0.371116
0.488289
0.488289
0.691165
0.691165
0.310205
0.310205
0.228661
0.228661
0.734772
0.734772
0.336060
0.336060
0.225766
0.225766
0.015103
0.015103
0.028107
0.028107
1.100116
1.100116
0.711871
0.711871
0.036519
0.036519
0.166535
0.166535
0.927285
0.927285
0.552481
0.552481
0.305891
0.305891
0.036879
0.036879
0.099249
0.099249
0.033606
0.033606
0.678718
0.678718
0.059269
0.059269
0.078566
0.078566
0.176072
0.176072
0.380972
0.380972
0.104986
0.104986
0.026263
0.026263
0.033501
0.033501
0.024603
0.024603
0.179351
0.179351
0.184134
0.184134
0.083078
0.083078
0.001127
0.001127
0.197560
0.197560
0.540752
0.540752
0.031334
0.031334
0.420358
0.420358
0.035409
0.035409
0.022926
0.022926
0.335719
0.335719
0.031036
0.031036
0.064549
0.064549
0.638968
0.638968
0.084621
0.084621
0.113059
0.113059
0.401412
0.401412
0.082939
0.082939
0.100292
0.100292
0.003502
0.003502
0.916969
0.916969
0.607940
0.607940
0.303331
0.303331
0.003976
0.003976
0.258062
0.258062
0.242155
0.242155
0.220493
0.220493
0.031756
0.031756
0.251399
0.251399
0.124957
0.124957
0.713986
0.713986
0.187019
0.187019
0.147795
0.147795
0.067547
0.067547
0.112898
0.112898
0.090028
0.090028
0.498861
0.498861
0.242939
0.242939
0.002781
0.002781
0.600869
0.600869
0.608865
0.608865
0.124740
0.124740
0.221236
0.221236
0.007440
0.007440
0.009435
0.009435
0.183245
0.183245
0.151465
0.151465
0.707596
0.707596
0.142424
0.142424
0.110282
0.110282
0.147135
0.147135
0.113870
0.113870
0.124748
0.124748
0.245135
0.245135
0.363413
0.363413
0.053796
0.053796
0.158889
0.158889
0.276401
0.276401
0.048635
0.048635
0.206769
0.206769
0.135024
0.135024
0.031028
0.031028
0.673760
0.673760
0.012876
0.012876
0.035608
0.035608
0.001824
0.001824
0.022938
0.022938
0.248321
0.248321
0.013608
0.013608
0.213458
0.213458
0.113885
0.113885
0.098506
0.098506
0.028975
0.028975
0.580440
0.580440
0.325144
0.325144
0.150122
0.150122
0.085607
0.085607
0.179304
0.179304
0.001637
0.001637
0.338031
0.338031
0.121330
0.121330
0.263233
0.263233
0.039529
0.039529
0.176261
0.176261
0.181749
0.181749
0.233167
0.233167
0.003464
0.003464
0.019746
0.019746
0.008690
0.008690
0.005869
0.005869
0.302442
0.302442
0.302911
0.302911
0.100085
0.100085
0.025523
0.025523
0.087634
0.087634
0.273568
0.273568
0.177521
0.177521
0.038127
0.038127
0.283550
0.283550
0.003333
0.003333
0.004896
0.004896
0.002925
0.002925
0.267911
0.267911
0.027345
0.027345
0.103611
0.103611
0.137619
0.137619
0.665099
0.665099
0.549077
0.549077
0.980241
0.980241
0.086704
0.086704
0.125832
0.125832
0.187354
0.187354
0.074350
0.074350
0.050640
0.050640
0.434491
0.434491
0.344544
0.344544
0.544339
0.544339
0.089867
0.089867
0.269370
0.269370
0.040397
0.040397
0.064602
0.064602
0.306491
0.306491
0.034385
0.034385
0.227454
0.227454
0.276933
0.276933
0.356406
0.356406
0.064477
0.064477
0.022619
0.022619
0.292083
0.292083
0.058170
0.058170
0.006669
0.006669
0.222379
0.222379
0.503753
0.503753
0.121759
0.121759
0.448469
0.448469
0.340170
0.340170
0.000842
0.000842
0.300922
0.300922
0.138514
0.138514
0.263282
0.263282
0.015411
0.015411
0.141141
0.141141
0.235788
0.235788
0.003313
0.003313
0.636183
0.636183
0.009685
0.009685
0.101737
0.101737
0.161177
0.161177
0.395256
0.395256
0.184828
0.184828
0.018856
0.018856
0.121319
0.121319
0.011109
0.011109
0.185666
0.185666
0.031747
0.031747
0.001927
0.001927
0.284119
0.284119
0.021383
0.021383
0.076146
0.076146
0.028931
0.028931
0.166663
0.166663
0.000953
0.000953
0.350650
0.350650
0.774732
0.774732
0.058330
0.058330
0.009381
0.009381
0.135469
0.135469
0.802143
0.802143
0.056436
0.056436
0.004948
0.004948
0.082014
0.082014
0.203030
0.203030
0.003659
0.003659
0.276453
0.276453
0.367634
0.367634
0.117701
0.117701
0.425485
0.425485
0.374327
0.374327
0.144686
0.144686
0.303186
0.303186
0.043181
0.043181
0.020665
0.020665
0.049946
0.049946
0.160431
0.160431
0.497743
0.497743
0.489693
0.489693
0.282063
0.282063
0.002911
0.002911
0.023696
0.023696
0.414840
0.414840
0.176025
0.176025
0.358306
0.358306
0.169156
0.169156
0.057375
0.057375
0.344918
0.344918
0.129940
0.129940
0.094607
0.094607
0.271675
0.271675
0.649699
0.649699
0.136523
0.136523
0.107228
0.107228
0.209630
0.209630
0.178901
0.178901
0.221191
0.221191
0.509925
0.509925
0.048625
0.048625
0.012728
0.012728
0.026472
0.026472
0.527296
0.527296
0.133620
0.133620
0.310965
0.310965
0.104596
0.104596
0.366228
0.366228
0.001862
0.001862
0.150675
0.150675
0.087124
0.087124
0.000934
0.000934
0.551707
0.551707
0.089789
0.089789
0.527092
0.527092
0.105224
0.105224
0.212029
0.212029
0.016271
0.016271
0.666420
0.666420
0.032004
0.032004
0.129281
0.129281
0.071697
0.071697
0.032598
0.032598
0.724567
0.724567
0.014667
0.014667
0.474052
0.474052
0.067381
0.067381
0.027625
0.027625
0.007284
0.007284
0.207345
0.207345
0.092567
0.092567
0.007924
0.007924
0.187757
0.187757
0.050973
0.050973
0.107354
0.107354
0.037432
0.037432
0.046945
0.046945
0.000444
0.000444
0.263114
0.263114
0.016042
0.016042
0.052084
0.052084
0.331072
0.331072
0.017876
0.017876
0.005847
0.005847
0.032272
0.032272
0.230914
0.230914
0.337334
0.337334
0.043607
0.043607
0.095543
0.095543
0.011298
0.011298
0.097770
0.097770
0.478747
0.478747
0.329361
0.329361
0.325230
0.325230
0.317407
0.317407
0.122234
0.122234
0.003480
0.003480
0.019068
0.019068
0.258030
0.258030
0.291926
0.291926
0.072830
0.072830
0.005257
0.005257
0.209102
0.209102
0.442032
0.442032
0.188705
0.188705
0.155148
0.155148
0.020938
0.020938
0.108659
0.108659
0.080917
0.080917
0.049494
0.049494
0.383739
0.383739
0.064342
0.064342
0.120730
0.120730
0.004958
0.004958
0.786621
0.786621
0.344086
0.344086
0.246426
0.246426
0.004964
0.004964
0.128053
0.128053
0.177938
0.177938
0.086377
0.086377
0.232049
0.232049
0.000323
0.000323
0.006341
0.006341
0.010234
0.010234
0.130145
0.130145
0.309880
0.309880
0.074736
0.074736
0.516110
0.516110
0.211927
0.211927
0.082199
0.082199
0.497287
0.497287
0.006315
0.006315
0.077144
0.077144
0.157125
0.157125
0.435404
0.435404
0.502234
0.502234
0.057432
0.057432
0.261056
0.261056
0.056285
0.056285
0.003275
0.003275
0.012969
0.012969
0.077231
0.077231
0.151405
0.151405
0.302147
0.302147
0.288517
0.288517
0.111075
0.111075
0.084386
0.084386
0.168498
0.168498
0.002917
0.002917
0.449682
0.449682
0.139577
0.139577
0.001777
0.001777
0.006002
0.006002
0.138833
0.138833
0.012194
0.012194
0.209268
0.209268
0.626316
0.626316
0.031755
0.031755
0.220293
0.220293
0.018662
0.018662
0.281307
0.281307
0.011715
0.011715
0.004130
0.004130
0.446150
0.446150
0.090456
0.090456
0.001866
0.001866
0.405466
0.405466
0.021981
0.021981
0.444357
0.444357
0.133107
0.133107
0.196613
0.196613
0.170457
0.170457
0.070808
0.070808
0.052938
0.052938
0.042529
0.042529
0.099921
0.099921
0.162025
0.162025
0.074778
0.074778
0.019873
0.019873
0.729032
0.729032
0.017289
0.017289
0.214092
0.214092
0.230937
0.230937
0.142739
0.142739
0.002728
0.002728
0.120760
0.120760
0.004435
0.004435
0.007910
0.007910
0.349762
0.349762
0.210258
0.210258
0.171725
0.171725
0.366759
0.366759
0.020321
0.020321
0.044807
0.044807
0.010410
0.010410
0.220830
0.220830
0.090409
0.090409
0.037389
0.037389
0.142289
0.142289
0.017823
0.017823
0.184138
0.184138
0.202028
0.202028
0.170147
0.170147
0.082106
0.082106
0.041354
0.041354
0.100779
0.100779
0.249786
0.249786
0.202110
0.202110
0.143264
0.143264
0.097902
0.097902
0.009842
0.009842
0.024167
0.024167
0.355300
0.355300
0.188249
0.188249
0.025812
0.025812
0.012042
0.012042
0.059874
0.059874
0.297000
0.297000
0.011206
0.011206
0.430161
0.430161
0.398917
0.398917
0.009362
0.009362
0.141865
0.141865
0.171763
0.171763
0.038317
0.038317
0.077743
0.077743
0.480957
0.480957
0.195244
0.195244
0.017439
0.017439
0.123525
0.123525
0.158379
0.158379
0.021366
0.021366
0.001167
0.001167
0.027154
0.027154
0.002793
0.002793
0.412749
0.412749
0.238240
0.238240
0.130222
0.130222
0.130652
0.130652
0.030307
0.030307
0.291841
0.291841
0.016830
0.016830
0.156986
0.156986
0.121134
0.121134
0.045463
0.045463
0.028583
0.028583
0.279217
0.279217
0.052412
0.052412
0.147864
0.147864
0.041220
0.041220
0.264701
0.264701
0.366457
0.366457
0.099500
0.099500
0.037490
0.037490
0.068542
0.068542
0.006427
0.006427
0.023964
0.023964
0.005884
0.005884
0.413869
0.413869
0.030785
0.030785
0.097310
0.097310
0.052801
0.052801
0.006795
0.006795
0.095312
0.095312
0.909316
0.909316
0.000585
0.000585
0.021947
0.021947
0.051820
0.051820
0.114396
0.114396
0.066657
0.066657
0.081351
0.081351
0.146511
0.146511
0.080873
0.080873
0.367238
0.367238
0.002109
0.002109
0.127711
0.127711
0.010071
0.010071
0.595974
0.595974
0.029160
0.029160
0.012714
0.012714
0.005308
0.005308
0.103033
0.103033
0.126785
0.126785
0.046088
0.046088
0.247823
0.247823
0.080406
0.080406
0.324612
0.324612
0.366426
0.366426
0.400584
0.400584
0.102444
0.102444
0.217830
0.217830
0.061790
0.061790
0.053471
0.053471
0.044419
0.044419
0.081268
0.081268
0.021768
0.021768
0.199653
0.199653
0.423292
0.423292
0.299887
0.299887
0.107783
0.107783
0.171433
0.171433
0.101077
0.101077
0.017029
0.017029
0.151136
0.151136
0.572799
0.572799
0.027615
0.027615
0.131717
0.131717
0.095239
0.095239
0.132697
0.132697
0.030077
0.030077
0.478845
0.478845
0.090415
0.090415
0.174488
0.174488
0.430199
0.430199
0.162815
0.162815
0.197206
0.197206
0.122534
0.122534
0.053311
0.053311
0.031676
0.031676
0.288592
0.288592
0.064113
0.064113
0.124518
0.124518
0.158280
0.158280
0.016120
0.016120
0.047823
0.047823
0.104530
0.104530
0.123051
0.123051
0.175906
0.175906
0.491389
0.491389
0.324886
0.324886
0.115100
0.115100
0.029641
0.029641
0.010626
0.010626
0.173818
0.173818
0.391392
0.391392
0.097516
0.097516
0.034164
0.034164
0.125230
0.125230
0.232319
0.232319
0.002766
0.002766
0.685507
0.685507
0.059894
0.059894
0.062741
0.062741
0.003057
0.003057
0.114560
0.114560
0.007744
0.007744
0.009733
0.009733
0.118133
0.118133
0.004524
0.004524
0.032993
0.032993
0.044563
0.044563
0.631969
0.631969
0.002283
0.002283
0.005367
0.005367
0.045961
0.045961
0.100639
0.100639
0.036292
0.036292
0.627436
0.627436
0.290753
0.290753
0.020515
0.020515
0.599943
0.599943
0.045416
0.045416
0.317007
0.317007
0.004932
0.004932
0.016719
0.016719
0.050276
0.050276
0.069078
0.069078
0.370163
0.370163
0.205181
0.205181
0.102326
0.102326
0.099083
0.099083
0.390098
0.390098
0.300924
0.300924
0.017395
0.017395
0.721097
0.721097
0.139708
0.139708
0.036607
0.036607
0.197679
0.197679
0.027812
0.027812
0.027051
0.027051
0.038375
0.038375
0.703038
0.703038
0.063460
0.063460
0.008836
0.008836
0.030470
0.030470
0.506350
0.506350
0.062447
0.062447
0.333872
0.333872
0.113979
0.113979
0.096498
0.096498
0.031092
0.031092
0.007486
0.007486
0.063450
0.063450
0.224386
0.224386
0.434559
0.434559
0.092374
0.092374
0.003859
0.003859
0.079098
0.079098
0.009360
0.009360
0.048985
0.048985
0.045309
0.045309
0.322674
0.322674
0.016797
0.016797
0.008298
0.008298
0.165604
0.165604
0.168469
0.168469
0.556460
0.556460
0.027869
0.027869
0.366387
0.366387
0.232280
0.232280
0.090883
0.090883
0.325101
0.325101
0.210929
0.210929
0.152732
0.152732
0.355121
0.355121
0.024333
0.024333
0.054966
0.054966
0.016574
0.016574
0.134771
0.134771
0.088399
0.088399
0.173702
0.173702
0.018390
0.018390
0.104852
0.104852
0.031234
0.031234
0.050007
0.050007
0.097669
0.097669
0.021663
0.021663
0.030958
0.030958
0.314224
0.314224
0.060230
0.060230
0.380991
0.380991
0.108068
0.108068
0.003823
0.003823
0.170055
0.170055
0.010838
0.010838
0.010089
0.010089
0.469288
0.469288
0.094645
0.094645
0.073160
0.073160
0.086987
0.086987
0.028993
0.028993
0.097483
0.097483
0.248082
0.248082
0.347276
0.347276
0.287195
0.287195
0.039349
0.039349
0.156722
0.156722
0.058842
0.058842
0.216126
0.216126
0.013535
0.013535
0.226204
0.226204
0.112299
0.112299
0.592881
0.592881
0.280649
0.280649
0.079000
0.079000
0.187589
0.187589
0.089956
0.089956
0.530299
0.530299
0.345098
0.345098
0.562246
0.562246
0.132834
0.132834
0.165443
0.165443
0.249367
0.249367
0.240505
0.240505
0.250740
0.250740
0.142074
0.142074
0.012525
0.012525
0.057844
0.057844
0.088975
0.088975
0.031173
0.031173
0.233148
0.233148
0.043468
0.043468
0.014350
0.014350
0.085840
0.085840
0.221296
0.221296
0.027845
0.027845
0.212944
0.212944
0.621533
0.621533
0.627662
0.627662
0.389915
0.389915
0.333666
0.333666
0.129422
0.129422
1.036520
1.036520
0.370494
0.370494
0.253409
0.253409
0.027448
0.027448
0.099662
0.099662
0.012945
0.012945
0.029114
0.029114
0.390009
0.390009
0.022416
0.022416
0.001090
0.001090
0.002709
0.002709
0.001493
0.001493
0.041317
0.041317
0.023704
0.023704
0.285576
0.285576
0.085970
0.085970
0.035169
0.035169
0.004645
0.004645
0.004021
0.004021
0.013139
0.013139
0.275528
0.275528
0.218989
0.218989
0.303310
0.303310
0.199401
0.199401
0.081376
0.081376
0.189989
0.189989
0.029736
0.029736
0.204697
0.204697
0.033217
0.033217
0.066909
0.066909
0.132824
0.132824
0.069546
0.069546
0.038789
0.038789
0.141557
0.141557
0.358875
0.358875
0.231190
0.231190
0.213631
0.213631
0.368397
0.368397
0.421441
0.421441
0.467105
0.467105
0.028146
0.028146
0.183026
0.183026
0.156088
0.156088
0.707989
0.707989
0.674560
0.674560
0.479578
0.479578
0.279359
0.279359
0.967273
0.967273
0.476122
0.476122
0.360772
0.360772
0.187561
0.187561
0.036478
0.036478
0.005427
0.005427
0.013213
0.013213
0.115727
0.115727
0.388467
0.388467
0.118039
0.118039
0.058102
0.058102
0.000829
0.000829
0.049901
0.049901
0.107710
0.107710
0.136831
0.136831
0.013764
0.013764
0.104150
0.104150
0.036281
0.036281
0.582786
0.582786
0.070339
0.070339
0.548746
0.548746
0.071484
0.071484
0.044213
0.044213
0.057103
0.057103
0.119703
0.119703
0.019524
0.019524
0.181624
0.181624
0.116886
0.116886
0.317868
0.317868
0.480496
0.480496
0.487285
0.487285
0.197780
0.197780
0.137526
0.137526
0.176264
0.176264
0.062211
0.062211
0.249082
0.249082
0.512844
0.512844
0.051261
0.051261
0.144337
0.144337
0.027744
0.027744
0.342479
0.342479
0.786361
0.786361
0.157983
0.157983
0.330057
0.330057
0.295811
0.295811
0.351430
0.351430
0.117146
0.117146
0.505430
0.505430
0.407404
0.407404
0.274499
0.274499
1.064579
1.064579
0.524145
0.524145
0.776270
0.776270
0.509602
0.509602
0.480563
0.480563
0.156245
0.156245
0.100106
0.100106
0.016627
0.016627
0.038831
0.038831
0.097970
0.097970
0.097305
0.097305
0.001806
0.001806
0.159970
0.159970
0.085259
0.085259
0.334563
0.334563
0.120184
0.120184
0.055452
0.055452
0.106262
0.106262
0.164940
0.164940
0.129643
0.129643
0.031752
0.031752
0.244878
0.244878
0.066548
0.066548
0.012109
0.012109
0.256075
0.256075
0.003891
0.003891
0.258606
0.258606
0.222192
0.222192
0.265401
0.265401
0.172829
0.172829
0.038362
0.038362
0.231921
0.231921
0.022671
0.022671
0.378695
0.378695
0.749359
0.749359
0.465540
0.465540
0.085313
0.085313
0.067281
0.067281
0.289902
0.289902
0.071505
0.071505
0.808977
0.808977
0.104441
0.104441
0.333477
0.333477
0.556642
0.556642
0.203402
0.203402
0.301193
0.301193
0.367706
0.367706
0.470324
0.470324
0.197685
0.197685
0.033054
0.033054
0.753735
0.753735
0.217283
0.217283
0.154970
0.154970
1.387860
1.387860
0.703701
0.703701
0.813302
0.813302
0.290467
0.290467
0.963270
0.963270
0.344467
0.344467
0.135604
0.135604
1.049600
1.049600
0.923098
0.923098
0.172455
0.172455
0.528941
0.528941
0.629131
0.629131
0.062546
0.062546
0.002311
0.002311
0.174581
0.174581
0.317012
0.317012
0.029996
0.029996
0.539912
0.539912
0.025081
0.025081
0.011887
0.011887
0.625839
0.625839
0.553193
0.553193
0.378224
0.378224
0.075127
0.075127
0.406637
0.406637
0.177910
0.177910
0.065872
0.065872
0.648295
0.648295
0.649040
0.649040
0.296870
0.296870
0.301851
0.301851
0.166969
0.166969
0.020793
0.020793
0.343760
0.343760
0.432520
0.432520
0.365412
0.365412
0.634869
0.634869
0.106321
0.106321
0.426669
0.426669
1.537073
1.537073
0.192952
0.192952
0.151261
0.151261
0.533249
0.533249
0.615280
0.615280
0.000786
0.000786
0.561700
0.561700
0.114935
0.114935
0.116163
0.116163
0.243202
0.243202
0.548622
0.548622
0.329989
0.329989
0.016806
0.016806
0.150038
0.150038
0.031455
0.031455
0.175322
0.175322
0.578588
0.578588
0.424099
0.424099
0.175981
0.175981
0.031618
0.031618
0.370268
0.370268
0.261841
0.261841
0.579015
0.579015
1.212174
1.212174
1.201334
1.201334
0.446140
0.446140
0.431736
0.431736
1.037892
1.037892
0.938486
0.938486
0.755416
0.755416
0.541305
0.541305
0.532388
0.532388
0.239929
0.239929
1.681991
1.681991
0.560965
0.560965
0.145633
0.145633
0.025602
0.025602
0.046904
0.046904
0.298371
0.298371
0.454631
0.454631
0.267193
0.267193
0.521612
0.521612
0.467614
0.467614
0.202699
0.202699
0.623743
0.623743
0.282147
0.282147
0.518026
0.518026
0.538453
0.538453
0.227018
0.227018
0.579474
0.579474
0.116861
0.116861
0.455304
0.455304
0.524544
0.524544
0.868777
0.868777
0.363743
0.363743
0.314890
0.314890
1.389960
1.389960
0.302064
0.302064
0.336187
0.336187
0.156481
0.156481
0.779388
0.779388
0.093908
0.093908
0.568978
0.568978
0.491265
0.491265
0.192027
0.192027
0.015679
0.015679
0.359891
0.359891
0.353420
0.353420
0.018969
0.018969
0.220741
0.220741
0.013275
0.013275
0.147026
0.147026
0.019149
0.019149
0.001976
0.001976
0.202455
0.202455
0.393899
0.393899
0.327217
0.327217
0.697274
0.697274
0.012816
0.012816
0.598832
0.598832
0.145120
0.145120
0.453498
0.453498
0.898240
0.898240
0.283169
0.283169
0.120342
0.120342
1.123111
1.123111
0.139389
0.139389
0.775621
0.775621
0.025453
0.025453
0.697370
0.697370
0.929458
0.929458
0.002017
0.002017
0.686063
0.686063
0.290794
0.290794
0.011446
0.011446
0.075797
0.075797
0.441408
0.441408
0.290539
0.290539
0.354522
0.354522
0.245453
0.245453
0.202914
0.202914
0.019285
0.019285
0.581204
0.581204
0.159061
0.159061
0.769424
0.769424
0.496592
0.496592
0.318482
0.318482
1.215880
1.215880
0.326691
0.326691
0.717805
0.717805
0.618213
0.618213
1.113015
1.113015
0.891416
0.891416
0.679840
0.679840
0.748430
0.748430
1.198420
1.198420
4.559960
4.559960
0.270098
0.270098
0.601446
0.601446
0.269234
0.269234
0.358524
0.358524
0.574865
0.574865
0.179301
0.179301
0.401406
0.401406
0.464630
0.464630
0.000450
0.000450
0.134331
0.134331
0.104369
0.104369
0.038774
0.038774
0.308640
0.308640
0.071736
0.071736
0.190417
0.190417
0.007037
0.007037
0.121555
0.121555
0.743846
0.743846
0.588473
0.588473
0.177275
0.177275
0.464126
0.464126
0.002467
0.002467
0.328816
0.328816
0.027848
0.027848
0.628204
0.628204
1.061719
1.061719
0.628520
0.628520
0.629253
0.629253
1.046111
1.046111
0.296197
0.296197
0.043924
0.043924
0.246825
0.246825
0.125687
0.125687
0.425698
0.425698
0.609285
0.609285
0.231341
0.231341
0.643371
0.643371
0.040463
0.040463
0.303027
0.303027
0.301030
0.301030
0.277287
0.277287
0.337509
0.337509
0.042288
0.042288
0.179865
0.179865
0.204292
0.204292
0.460297
0.460297
0.716796
0.716796
0.341585
0.341585
0.270358
0.270358
0.226571
0.226571
0.263995
0.263995
0.479230
0.479230
0.526568
0.526568
0.788461
0.788461
0.945613
0.945613
0.805017
0.805017
0.606981
0.606981
0.069510
0.069510
0.799472
0.799472
0.625537
0.625537
0.887974
0.887974
0.356564
0.356564
0.180141
0.180141
0.230815
0.230815
0.003932
0.003932
0.413673
0.413673
0.101608
0.101608
0.133051
0.133051
0.077171
0.077171
0.345098
0.345098
0.531556
0.531556
0.365678
0.365678
0.022826
0.022826
0.015376
0.015376
0.746696
0.746696
0.000876
0.000876
0.479041
0.479041
0.001910
0.001910
0.097357
0.097357
0.306099
0.306099
0.113036
0.113036
0.000770
0.000770
0.443430
0.443430
0.013545
0.013545
0.034800
0.034800
0.004327
0.004327
0.442172
0.442172
0.387602
0.387602
0.035358
0.035358
0.086319
0.086319
0.172159
0.172159
0.581444
0.581444
0.009838
0.009838
0.025621
0.025621
0.798019
0.798019
0.681354
0.681354
0.294167
0.294167
0.053121
0.053121
0.016747
0.016747
0.044908
0.044908
0.392975
0.392975
0.003586
0.003586
0.106365
0.106365
0.240897
0.240897
0.021245
0.021245
0.285950
0.285950
0.290649
0.290649
0.335257
0.335257
0.005979
0.005979
0.022828
0.022828
0.000964
0.000964
0.207778
0.207778
0.382736
0.382736
0.606903
0.606903
0.575902
0.575902
0.656354
0.656354
0.607315
0.607315
0.948621
0.948621
0.623519
0.623519
0.107063
0.107063
0.516052
0.516052
0.404879
0.404879
0.537547
0.537547
0.496695
0.496695
0.006901
0.006901
0.229566
0.229566
0.125102
0.125102
0.617489
0.617489
0.522343
0.522343
0.001017
0.001017
0.021298
0.021298
0.881025
0.881025
0.132101
0.132101
0.206985
0.206985
0.199972
0.199972
0.624704
0.624704
0.087027
0.087027
0.053743
0.053743
0.425005
0.425005
0.451067
0.451067
0.236846
0.236846
0.089379
0.089379
0.027672
0.027672
0.095588
0.095588
0.046901
0.046901
0.179858
0.179858
0.002604
0.002604
0.006350
0.006350
0.152915
0.152915
0.046701
0.046701
0.051178
0.051178
0.068950
0.068950
0.116632
0.116632
0.062565
0.062565
0.032164
0.032164
0.094415
0.094415
0.192010
0.192010
0.001799
0.001799
0.231435
0.231435
0.185478
0.185478
0.078909
0.078909
0.114917
0.114917
0.010276
0.010276
0.065267
0.065267
0.002333
0.002333
0.324401
0.324401
0.082059
0.082059
0.583762
0.583762
0.370850
0.370850
0.068400
0.068400
0.413874
0.413874
0.024285
0.024285
0.467989
0.467989
0.026740
0.026740
0.260720
0.260720
0.131999
0.131999
0.327281
0.327281
0.212498
0.212498
0.317166
0.317166
0.375028
0.375028
0.175391
0.175391
0.015651
0.015651
0.360701
0.360701
0.062285
0.062285
0.159233
0.159233
0.297349
0.297349
0.388954
0.388954
0.064910
0.064910
0.324678
0.324678
0.030376
0.030376
0.649279
0.649279
0.048272
0.048272
0.022057
0.022057
0.051154
0.051154
0.017062
0.017062
0.206111
0.206111
0.092558
0.092558
0.219831
0.219831
0.448409
0.448409
0.533020
0.533020
0.003448
0.003448
0.374587
0.374587
0.073909
0.073909
0.041847
0.041847
0.330713
0.330713
0.223067
0.223067
0.197874
0.197874
0.014442
0.014442
0.014767
0.014767
0.003032
0.003032
0.011923
0.011923
0.007449
0.007449
0.640099
0.640099
0.289438
0.289438
0.173168
0.173168
0.099965
0.099965
0.244484
0.244484
0.385890
0.385890
0.054112
0.054112
0.018529
0.018529
0.029271
0.029271
0.000009
0.000009
0.009016
0.009016
0.099924
0.099924
0.321510
0.321510
0.037885
0.037885
0.261038
0.261038
0.177664
0.177664
0.396723
0.396723
0.487345
0.487345
0.058299
0.058299
0.029577
0.029577
0.064815
0.064815
0.052394
0.052394
0.178485
0.178485
0.003944
0.003944
0.339706
0.339706
0.011533
0.011533
0.019355
0.019355
0.462991
0.462991
0.344282
0.344282
0.064740
0.064740
0.191813
0.191813
0.001721
0.001721
0.005400
0.005400
0.005677
0.005677
0.012730
0.012730
0.021803
0.021803
0.230818
0.230818
0.326849
0.326849
0.080331
0.080331
0.179656
0.179656
0.050788
0.050788
0.114244
0.114244
0.564125
0.564125
0.181951
0.181951
0.008917
0.008917
0.297411
0.297411
0.134987
0.134987
0.361952
0.361952
0.079625
0.079625
0.546515
0.546515
0.003926
0.003926
0.003732
0.003732
0.008368
0.008368
0.690955
0.690955
0.054581
0.054581
0.074064
0.074064
0.234529
0.234529
0.102404
0.102404
0.610435
0.610435
0.065647
0.065647
0.458918
0.458918
0.059542
0.059542
0.169327
0.169327
0.616877
0.616877
0.129944
0.129944
0.270042
0.270042
0.014530
0.014530
0.196616
0.196616
0.099908
0.099908
0.107678
0.107678
0.003737
0.003737
0.200463
0.200463
0.162395
0.162395
0.174620
0.174620
0.145523
0.145523
0.004525
0.004525
0.250391
0.250391
0.137934
0.137934
0.681793
0.681793
0.317958
0.317958
0.292656
0.292656
0.134761
0.134761
0.469109
0.469109
0.154519
0.154519
0.006838
0.006838
0.161571
0.161571
0.095825
0.095825
0.220066
0.220066
0.274829
0.274829
0.033226
0.033226
0.384749
0.384749
0.028908
0.028908
0.244077
0.244077
0.002569
0.002569
0.004002
0.004002
0.079138
0.079138
0.006429
0.006429
0.122108
0.122108
0.091661
0.091661
0.174335
0.174335
0.369545
0.369545
0.011358
0.011358
0.100681
0.100681
0.187566
0.187566
0.097949
0.097949
0.263578
0.263578
0.060636
0.060636
0.110874
0.110874
0.467849
0.467849
0.177841
0.177841
0.117875
0.117875
0.178554
0.178554
0.514005
0.514005
0.252676
0.252676
0.122517
0.122517
0.034290
0.034290
0.024412
0.024412
0.170650
0.170650
0.072588
0.072588
0.095045
0.095045
0.001342
0.001342
0.379333
0.379333
0.044050
0.044050
0.016563
0.016563
0.414176
0.414176
0.204267
0.204267
0.125697
0.125697
0.169006
0.169006
0.291141
0.291141
0.150553
0.150553
0.195800
0.195800
0.072734
0.072734
0.079035
0.079035
0.070295
0.070295
0.286221
0.286221
0.190633
0.190633
0.016393
0.016393
0.232117
0.232117
0.011571
0.011571
0.630392
0.630392
0.172008
0.172008
0.059835
0.059835
0.050531
0.050531
0.175353
0.175353
0.108223
0.108223
0.010863
0.010863
0.089335
0.089335
0.118603
0.118603
0.228884
0.228884
0.514392
0.514392
0.030567
0.030567
0.109831
0.109831
0.425759
0.425759
0.051201
0.051201
0.074443
0.074443
0.121628
0.121628
0.013753
0.013753
0.559873
0.559873
0.001697
0.001697
0.308967
0.308967
0.111470
0.111470
0.135402
0.135402
0.009217
0.009217
0.282868
0.282868
0.033489
0.033489
0.393053
0.393053
0.119671
0.119671
0.169114
0.169114
0.084402
0.084402
0.132239
0.132239
0.199808
0.199808
0.370783
0.370783
0.001246
0.001246
0.001510
0.001510
0.124172
0.124172
0.225029
0.225029
0.002790
0.002790
0.143839
0.143839
0.131997
0.131997
0.003250
0.003250
0.006071
0.006071
0.056681
0.056681
0.479443
0.479443
0.143714
0.143714
0.137195
0.137195
0.016086
0.016086
0.048500
0.048500
0.001332
0.001332
0.158776
0.158776
0.040944
0.040944
0.175725
0.175725
0.013823
0.013823
0.080265
0.080265
0.019265
0.019265
0.181624
0.181624
0.244643
0.244643
0.097526
0.097526
0.270222
0.270222
0.322450
0.322450
0.148068
0.148068
0.171145
0.171145
0.100074
0.100074
0.458996
0.458996
0.196920
0.196920
0.026076
0.026076
0.702778
0.702778
0.059487
0.059487
0.069519
0.069519
0.079653
0.079653
0.005103
0.005103
0.006056
0.006056
0.211248
0.211248
0.062495
0.062495
0.062843
0.062843
0.184199
0.184199
0.021355
0.021355
0.526461
0.526461
0.363078
0.363078
0.359552
0.359552
0.400672
0.400672
0.073012
0.073012
0.033412
0.033412
0.033308
0.033308
0.402314
0.402314
0.258203
0.258203
0.302482
0.302482
0.044043
0.044043
0.076296
0.076296
0.006826
0.006826
0.115835
0.115835
0.005908
0.005908
0.000007
0.000007
0.202968
0.202968
0.020267
0.020267
0.076997
0.076997
0.049668
0.049668
0.211888
0.211888
0.031900
0.031900
0.413840
0.413840
0.330231
0.330231
0.008586
0.008586
0.072046
0.072046
0.010836
0.010836
0.007356
0.007356
0.067945
0.067945
0.208616
0.208616
0.019007
0.019007
0.058338
0.058338
0.155461
0.155461
0.293380
0.293380
0.011580
0.011580
0.030480
0.030480
0.056978
0.056978
0.002721
0.002721
0.130039
0.130039
0.358052
0.358052
0.288421
0.288421
0.019470
0.019470
0.170602
0.170602
0.379187
0.379187
0.107537
0.107537
0.535768
0.535768
0.494395
0.494395
0.413478
0.413478
0.293309
0.293309
0.267544
0.267544
0.662966
0.662966
0.156451
0.156451
0.008170
0.008170
0.148892
0.148892
0.113961
0.113961
0.126825
0.126825
0.258219
0.258219
0.179814
0.179814
0.434039
0.434039
0.291494
0.291494
0.205664
0.205664
0.003149
0.003149
0.323311
0.323311
0.074342
0.074342
0.004413
0.004413
0.037830
0.037830
0.170214
0.170214
0.110855
0.110855
0.213262
0.213262
0.036237
0.036237
0.081285
0.081285
0.371921
0.371921
0.005851
0.005851
0.005211
0.005211
0.004532
0.004532
0.001867
0.001867
0.121294
0.121294
0.381818
0.381818
0.398862
0.398862
0.005720
0.005720
0.038217
0.038217
0.144937
0.144937
0.022795
0.022795
0.003968
0.003968
0.102897
0.102897
0.061131
0.061131
0.026412
0.026412
0.004322
0.004322
0.127505
0.127505
0.173903
0.173903
0.023994
0.023994
0.374563
0.374563
0.033093
0.033093
0.050876
0.050876
0.063929
0.063929
0.149894
0.149894
0.102605
0.102605
0.007991
0.007991
0.032504
0.032504
0.668870
0.668870
0.034854
0.034854
0.045715
0.045715
0.218684
0.218684
0.063108
0.063108
0.079617
0.079617
0.378830
0.378830
0.028892
0.028892
0.118999
0.118999
0.272728
0.272728
0.027440
0.027440
0.379979
0.379979
0.188731
0.188731
0.203997
0.203997
0.147593
0.147593
0.141054
0.141054
0.122369
0.122369
0.036233
0.036233
0.128650
0.128650
0.297189
0.297189
0.024010
0.024010
0.233765
0.233765
0.089716
0.089716
0.106191
0.106191
0.104499
0.104499
0.107578
0.107578
0.194483
0.194483
0.000231
0.000231
0.183361
0.183361
0.047721
0.047721
0.159517
0.159517
0.024391
0.024391
0.122387
0.122387
0.029263
0.029263
0.120561
0.120561
0.205467
0.205467
0.254029
0.254029
0.150600
0.150600
0.037746
0.037746
0.542954
0.542954
0.384813
0.384813
0.032686
0.032686
0.331142
0.331142
0.099089
0.099089
0.055982
0.055982
0.131482
0.131482
0.040480
0.040480
0.391923
0.391923
0.011495
0.011495
0.158873
0.158873
0.178126
0.178126
0.131199
0.131199
0.096013
0.096013
0.217673
0.217673
0.145349
0.145349
0.253931
0.253931
0.064339
0.064339
0.054156
0.054156
0.048491
0.048491
0.021106
0.021106
0.159244
0.159244
0.037410
0.037410
0.179371
0.179371
0.390238
0.390238
0.010601
0.010601
0.000332
0.000332
0.005914
0.005914
0.009007
0.009007
0.016903
0.016903
0.172914
0.172914
0.246460
0.246460
0.007823
0.007823
0.077354
0.077354
0.017531
0.017531
0.040892
0.040892
0.023647
0.023647
0.108080
0.108080
0.018615
0.018615
0.436891
0.436891
0.036562
0.036562
0.028412
0.028412
0.578205
0.578205
0.089814
0.089814
0.003723
0.003723
0.003788
0.003788
0.015201
0.015201
0.050607
0.050607
0.125508
0.125508
0.117585
0.117585
0.163847
0.163847
0.431761
0.431761
0.027516
0.027516
0.330254
0.330254
0.365438
0.365438
0.420726
0.420726
0.188164
0.188164
0.234802
0.234802
0.093400
0.093400
0.153534
0.153534
0.240065
0.240065
0.122136
0.122136
0.099201
0.099201
0.133843
0.133843
0.101994
0.101994
0.033814
0.033814
0.239643
0.239643
0.008124
0.008124
0.141920
0.141920
0.035927
0.035927
0.055759
0.055759
0.510480
0.510480
0.330722
0.330722
0.043558
0.043558
0.166025
0.166025
0.081058
0.081058
0.158769
0.158769
0.178519
0.178519
0.076885
0.076885
0.018775
0.018775
0.032008
0.032008
0.197966
0.197966
0.032672
0.032672
0.207082
0.207082
0.011698
0.011698
0.276431
0.276431
0.110681
0.110681
0.456884
0.456884
0.073466
0.073466
0.013673
0.013673
0.049335
0.049335
0.259643
0.259643
0.296016
0.296016
0.105095
0.105095
0.145784
0.145784
0.068365
0.068365
0.007806
0.007806
0.437772
0.437772
0.127458
0.127458
0.005457
0.005457
0.002863
0.002863
0.008182
0.008182
0.010071
0.010071
0.107010
0.107010
0.148963
0.148963
0.019995
0.019995
0.137855
0.137855
0.021864
0.021864
0.340144
0.340144
0.015038
0.015038
0.319788
0.319788
0.067739
0.067739
0.033719
0.033719
0.020644
0.020644
0.125682
0.125682
0.227494
0.227494
0.107963
0.107963
0.154410
0.154410
0.260501
0.260501
0.274601
0.274601
0.049433
0.049433
0.058717
0.058717
0.616114
0.616114
0.135485
0.135485
0.029401
0.029401
0.021652
0.021652
0.081306
0.081306
0.085746
0.085746
0.169313
0.169313
0.049726
0.049726
0.038847
0.038847
0.519052
0.519052
0.294987
0.294987
0.337695
0.337695
0.054017
0.054017
0.011319
0.011319
0.052781
0.052781
0.260660
0.260660
0.611020
0.611020
0.036530
0.036530
0.026308
0.026308
0.119207
0.119207
0.306280
0.306280
0.064227
0.064227
0.104786
0.104786
0.087387
0.087387
0.324703
0.324703
0.331268
0.331268
0.058712
0.058712
0.137449
0.137449
0.049141
0.049141
0.227291
0.227291
0.361143
0.361143
0.017803
0.017803
0.031217
0.031217
0.382379
0.382379
0.234433
0.234433
0.094265
0.094265
0.182301
0.182301
0.190622
0.190622
0.037202
0.037202
0.067609
0.067609
0.252874
0.252874
0.001155
0.001155
0.142203
0.142203
0.175318
0.175318
0.006049
0.006049
0.075922
0.075922
0.068010
0.068010
0.041123
0.041123
0.026098
0.026098
0.062840
0.062840
0.038722
0.038722
0.195596
0.195596
0.008302
0.008302
0.070557
0.070557
0.037037
0.037037
0.133798
0.133798
0.109486
0.109486
0.048947
0.048947
0.962557
0.962557
0.017611
0.017611
0.430543
0.430543
0.184467
0.184467
0.664368
0.664368
0.417252
0.417252
0.081121
0.081121
0.415233
0.415233
0.719252
0.719252
0.180744
0.180744
0.026780
0.026780
0.150081
0.150081
0.013346
0.013346
0.229443
0.229443
0.355574
0.355574
0.154999
0.154999
0.436945
0.436945
0.002231
0.002231
0.017432
0.017432
0.022495
0.022495
0.017272
0.017272
0.055767
0.055767
0.082250
0.082250
0.291048
0.291048
0.192246
0.192246
0.175188
0.175188
0.023976
0.023976
0.066934
0.066934
0.232770
0.232770
0.183091
0.183091
0.001705
0.001705
0.027699
0.027699
0.151382
0.151382
0.052027
0.052027
0.148857
0.148857
0.446288
0.446288
0.178594
0.178594
0.140894
0.140894
0.161133
0.161133
0.262516
0.262516
0.111727
0.111727
0.124706
0.124706
0.078635
0.078635
0.019618
0.019618
0.121946
0.121946
0.131058
0.131058
0.278799
0.278799
0.703681
0.703681
0.023701
0.023701
1.194882
1.194882
0.374438
0.374438
0.173492
0.173492
0.094585
0.094585
0.748001
0.748001
0.732544
0.732544
0.268640
0.268640
0.196903
0.196903
0.859234
0.859234
0.534984
0.534984
0.336588
0.336588
0.267078
0.267078
0.007466
0.007466
0.225695
0.225695
0.125576
0.125576
0.098849
0.098849
0.016856
0.016856
0.093765
0.093765
0.474031
0.474031
0.374610
0.374610
0.164654
0.164654
0.079210
0.079210
0.047612
0.047612
0.168390
0.168390
0.034884
0.034884
0.193084
0.193084
0.026476
0.026476
0.031781
0.031781
0.129841
0.129841
0.327299
0.327299
0.054273
0.054273
0.136531
0.136531
0.257607
0.257607
1.137464
1.137464
0.533940
0.533940
0.171650
0.171650
0.598342
0.598342
0.258789
0.258789
0.591522
0.591522
0.196624
0.196624
0.301022
0.301022
0.161226
0.161226
0.426303
0.426303
0.052447
0.052447
0.942693
0.942693
0.279282
0.279282
0.376405
0.376405
0.382054
0.382054
0.475829
0.475829
0.349405
0.349405
0.019908
0.019908
0.031026
0.031026
1.218102
1.218102
0.121679
0.121679
0.228891
0.228891
1.440788
1.440788
1.013872
1.013872
0.381323
0.381323
1.390424
1.390424
0.567403
0.567403
0.315773
0.315773
0.675633
0.675633
0.320423
0.320423
0.687507
0.687507
0.282880
0.282880
0.333636
0.333636
0.508873
0.508873
0.461323
0.461323
0.173351
0.173351
0.001436
0.001436
0.000839
0.000839
0.212202
0.212202
0.124939
0.124939
0.006426
0.006426
0.359901
0.359901
0.743270
0.743270
0.185157
0.185157
0.080335
0.080335
0.150583
0.150583
0.022093
0.022093
0.152091
0.152091
0.258184
0.258184
0.178741
0.178741
0.369630
0.369630
0.497178
0.497178
0.031029
0.031029
0.215924
0.215924
0.620010
0.620010
0.297621
0.297621
0.653412
0.653412
0.091147
0.091147
0.469273
0.469273
0.000554
0.000554
1.002831
1.002831
0.342021
0.342021
0.465944
0.465944
0.984365
0.984365
0.769002
0.769002
0.262122
0.262122
0.504161
0.504161
0.698200
0.698200
0.161736
0.161736
0.738153
0.738153
0.041986
0.041986
0.007623
0.007623
0.162508
0.162508
0.021711
0.021711
0.225904
0.225904
0.116968
0.116968
1.198012
1.198012
0.003325
0.003325
0.327556
0.327556
0.679515
0.679515
0.013409
0.013409
0.161828
0.161828
0.066508
0.066508
0.207351
0.207351
0.269040
0.269040
0.031539
0.031539
0.625473
0.625473
1.273067
1.273067
0.179400
0.179400
0.442631
0.442631
0.819562
0.819562
0.019385
0.019385
0.188623
0.188623
0.129925
0.129925
0.176185
0.176185
0.429469
0.429469
0.019610
0.019610
0.197570
0.197570
0.151073
0.151073
0.220182
0.220182
0.236691
0.236691
0.194680
0.194680
0.244242
0.244242
0.174130
0.174130
0.447771
0.447771
0.073482
0.073482
0.246809
0.246809
0.429860
0.429860
0.860376
0.860376
0.623379
0.623379
0.537343
0.537343
0.645584
0.645584
0.906657
0.906657
1.121683
1.121683
0.700756
0.700756
1.372968
1.372968
0.832323
0.832323
1.412740
1.412740
0.810923
0.810923
1.857303
1.857303
1.873966
1.873966
1.654462
1.654462
1.219023
1.219023
0.388793
0.388793
0.562979
0.562979
1.198330
1.198330
0.615237
0.615237
0.464532
0.464532
0.043581
0.043581
0.120445
0.120445
0.203363
0.203363
0.312496
0.312496
0.007548
0.007548
0.062869
0.062869
0.734043
0.734043
0.060339
0.060339
0.031188
0.031188
0.208038
0.208038
0.010287
0.010287
0.020363
0.020363
0.060390
0.060390
0.808620
0.808620
0.380566
0.380566
0.772810
0.772810
0.256738
0.256738
0.447792
0.447792
0.861094
0.861094
0.262054
0.262054
0.351177
0.351177
0.112454
0.112454
0.308043
0.308043
0.137023
0.137023
0.560738
0.560738
0.576226
0.576226
0.168825
0.168825
0.262573
0.262573
0.123048
0.123048
0.339204
0.339204
0.125702
0.125702
0.006624
0.006624
0.385110
0.385110
0.070201
0.070201
0.412506
0.412506
0.314931
0.314931
0.529697
0.529697
0.346752
0.346752
0.254340
0.254340
0.306152
0.306152
0.994679
0.994679
0.116420
0.116420
0.001960
0.001960
1.447925
1.447925
0.665083
0.665083
0.690521
0.690521
1.357709
1.357709
1.487894
1.487894
1.987065
1.987065
1.152459
1.152459
1.913576
1.913576
2.024340
2.024340
1.243252
1.243252
2.060162
2.060162
0.368224
0.368224
0.541733
0.541733
1.488843
1.488843
0.562240
0.562240
0.627186
0.627186
0.673850
0.673850
0.193890
0.193890
0.138767
0.138767
0.061005
0.061005
0.000151
0.000151
0.221360
0.221360
0.492712
0.492712
0.014147
0.014147
0.000630
0.000630
0.927383
0.927383
0.014322
0.014322
0.107009
0.107009
0.068625
0.068625
0.247286
0.247286
0.282540
0.282540
0.813032
0.813032
0.430991
0.430991
0.237176
0.237176
0.671854
0.671854
1.126467
1.126467
0.000108
0.000108
1.480432
1.480432
1.168621
1.168621
0.133436
0.133436
0.014613
0.014613
0.005112
0.005112
0.469955
0.469955
0.001650
0.001650
0.740043
0.740043
0.208581
0.208581
0.407390
0.407390
0.475446
0.475446
0.174197
0.174197
0.000022
0.000022
0.010690
0.010690
0.063855
0.063855
0.158999
0.158999
0.681543
0.681543
0.319863
0.319863
0.373171
0.373171
0.062279
0.062279
0.367195
0.367195
0.141537
0.141537
0.268178
0.268178
0.489466
0.489466
1.177945
1.177945
1.141700
1.141700
0.550231
0.550231
0.446014
0.446014
1.442738
1.442738
1.082958
1.082958
1.238732
1.238732
0.144827
0.144827
0.448576
0.448576
0.653011
0.653011
1.310698
1.310698
0.869184
0.869184
0.607573
0.607573
0.304556
0.304556
0.710319
0.710319
0.338006
0.338006
0.324270
0.324270
0.147137
0.147137
0.477421
0.477421
0.146562
0.146562
0.262014
0.262014
0.809156
0.809156
0.170962
0.170962
0.366912
0.366912
0.570455
0.570455
0.256451
0.256451
0.116966
0.116966
0.205630
0.205630
0.049022
0.049022
0.030872
0.030872
0.043265
0.043265
0.171047
0.171047
0.396226
0.396226
0.286665
0.286665
0.270623
0.270623
0.470802
0.470802
0.400812
0.400812
0.006808
0.006808
0.731781
0.731781
0.341564
0.341564
0.192869
0.192869
0.612306
0.612306
0.174875
0.174875
0.012446
0.012446
0.412133
0.412133
0.000143
0.000143
0.094550
0.094550
0.000015
0.000015
0.274869
0.274869
0.000839
0.000839
0.650190
0.650190
0.000222
0.000222
0.068505
0.068505
0.075773
0.075773
0.073917
0.073917
0.405626
0.405626
0.013590
0.013590
0.026764
0.026764
0.203225
0.203225
0.010763
0.010763
0.160168
0.160168
0.732456
0.732456
0.161996
0.161996
0.018748
0.018748
0.007987
0.007987
0.387797
0.387797
0.333356
0.333356
0.562636
0.562636
0.157172
0.157172
0.956203
0.956203
0.313500
0.313500
0.281528
0.281528
0.335599
0.335599
0.203806
0.203806
0.317755
0.317755
0.344095
0.344095
0.237931
0.237931
0.078991
0.078991
0.031233
0.031233
0.025889
0.025889
0.621676
0.621676
0.292914
0.292914
0.017100
0.017100
0.337261
0.337261
0.214114
0.214114
0.528649
0.528649
1.142797
1.142797
0.210496
0.210496
0.304233
0.304233
0.891307
0.891307
0.607319
0.607319
0.474151
0.474151
0.006953
0.006953
0.386227
0.386227
0.186697
0.186697
0.487507
0.487507
0.553477
0.553477
0.168305
0.168305
0.135308
0.135308
0.016047
0.016047
0.043105
0.043105
0.199548
0.199548
0.109212
0.109212
0.033370
0.033370
0.086227
0.086227
0.024655
0.024655
0.383647
0.383647
0.444036
0.444036
0.262905
0.262905
0.355846
0.355846
0.019445
0.019445
0.490704
0.490704
0.040340
0.040340
0.000030
0.000030
0.039092
0.039092
0.174951
0.174951
0.000194
0.000194
0.000599
0.000599
0.118978
0.118978
0.500158
0.500158
0.131585
0.131585
0.336710
0.336710
0.052390
0.052390
0.066746
0.066746
0.011797
0.011797
0.231716
0.231716
0.034214
0.034214
0.130557
0.130557
0.072329
0.072329
0.036729
0.036729
0.218229
0.218229
0.307708
0.307708
0.031133
0.031133
0.097899
0.097899
0.260021
0.260021
0.350562
0.350562
0.165155
0.165155
0.228661
0.228661
0.012989
0.012989
0.002216
0.002216
0.670406
0.670406
0.512998
0.512998
0.318082
0.318082
0.274733
0.274733
0.035213
0.035213
0.192435
0.192435
0.319642
0.319642
0.098795
0.098795
0.104561
0.104561
0.728581
0.728581
0.115819
0.115819
0.438810
0.438810
0.069466
0.069466
0.419323
0.419323
0.130998
0.130998
0.126709
0.126709
0.356410
0.356410
0.265859
0.265859
0.463886
0.463886
0.326083
0.326083
0.000000
0.000000
0.931148
0.931148
0.153930
0.153930
0.705020
0.705020
0.339455
0.339455
0.169459
0.169459
0.722367
0.722367
0.018888
0.018888
0.058617
0.058617
0.869731
0.869731
0.318333
0.318333
0.113932
0.113932
0.030306
0.030306
0.028765
0.028765
0.053641
0.053641
0.075813
0.075813
0.002848
0.002848
0.478362
0.478362
0.003345
0.003345
0.240861
0.240861
0.039126
0.039126
0.124886
0.124886
0.338155
0.338155
0.399834
0.399834
0.196915
0.196915
0.023174
0.023174
0.099508
0.099508
0.015227
0.015227
0.001384
0.001384
0.009043
0.009043
0.023451
0.023451
0.314365
0.314365
0.141671
0.141671
0.445315
0.445315
0.000832
0.000832
0.006726
0.006726
0.316647
0.316647
0.051173
0.051173
0.017655
0.017655
0.009643
0.009643
0.455345
0.455345
0.035017
0.035017
0.221621
0.221621
0.009341
0.009341
0.006559
0.006559
0.194934
0.194934
0.502397
0.502397
0.231926
0.231926
0.622609
0.622609
0.236176
0.236176
0.138398
0.138398
0.284047
0.284047
0.048754
0.048754
0.507529
0.507529
0.045093
0.045093
0.053651
0.053651
0.186493
0.186493
0.176034
0.176034
0.289497
0.289497
0.601726
0.601726
0.188926
0.188926
0.275914
0.275914
0.246707
0.246707
0.218170
0.218170
0.784079
0.784079
0.028578
0.028578
0.064769
0.064769
0.047757
0.047757
0.040909
0.040909
0.004576
0.004576
0.380990
0.380990
0.013033
0.013033
0.002224
0.002224
0.056397
0.056397
0.203774
0.203774
0.018203
0.018203
0.165211
0.165211
0.019683
0.019683
0.011068
0.011068
0.106256
0.106256
0.414486
0.414486
0.204116
0.204116
0.054123
0.054123
0.034955
0.034955
0.029886
0.029886
0.253184
0.253184
0.158502
0.158502
0.068146
0.068146
0.447760
0.447760
0.297292
0.297292
0.002509
0.002509
0.006295
0.006295
0.010640
0.010640
0.028995
0.028995
0.016141
0.016141
0.021836
0.021836
0.140439
0.140439
0.017374
0.017374
0.279414
0.279414
0.029065
0.029065
0.000057
0.000057
0.566560
0.566560
0.136223
0.136223
0.073823
0.073823
0.025333
0.025333
0.154199
0.154199
0.047385
0.047385
0.135676
0.135676
0.086106
0.086106
0.393444
0.393444
0.174912
0.174912
0.000000
0.000000
0.339448
0.339448
0.210881
0.210881
0.080643
0.080643
0.129061
0.129061
0.137125
0.137125
0.046632
0.046632
0.193697
0.193697
0.004916
0.004916
0.064634
0.064634
0.087255
0.087255
0.958360
0.958360
0.075000
0.075000
0.064078
0.064078
0.476402
0.476402
0.093436
0.093436
0.089917
0.089917
0.465011
0.465011
0.063823
0.063823
0.102001
0.102001
0.105845
0.105845
0.005411
0.005411
0.051851
0.051851
0.268110
0.268110
0.006808
0.006808
0.192273
0.192273
0.549160
0.549160
0.098283
0.098283
0.241920
0.241920
0.059918
0.059918
0.218514
0.218514
0.552199
0.552199
0.302277
0.302277
0.043559
0.043559
0.197140
0.197140
0.447213
0.447213
0.069566
0.069566
0.265762
0.265762
0.023186
0.023186
0.104368
0.104368
0.003461
0.003461
0.163977
0.163977
0.165065
0.165065
0.186868
0.186868
0.070738
0.070738
0.339856
0.339856
0.081642
0.081642
0.009073
0.009073
0.155812
0.155812
0.023002
0.023002
0.054643
0.054643
0.067520
0.067520
0.889611
0.889611
0.133137
0.133137
0.004096
0.004096
0.030117
0.030117
0.019836
0.019836
0.019130
0.019130
0.083995
0.083995
0.186353
0.186353
0.002751
0.002751
0.000845
0.000845
0.541153
0.541153
0.016396
0.016396
0.056710
0.056710
0.009338
0.009338
0.024888
0.024888
0.426481
0.426481
0.186253
0.186253
0.192708
0.192708
0.467037
0.467037
0.149255
0.149255
0.125366
0.125366
0.287439
0.287439
0.297148
0.297148
0.001955
0.001955
0.023699
0.023699
0.071780
0.071780
0.169646
0.169646
0.265835
0.265835
0.248329
0.248329
0.044877
0.044877
0.042293
0.042293
0.023736
0.023736
0.515149
0.515149
0.370412
0.370412
0.026931
0.026931
0.145682
0.145682
0.006611
0.006611
0.252521
0.252521
0.374599
0.374599
0.396883
0.396883
0.014080
0.014080
0.002569
0.002569
0.111101
0.111101
0.081289
0.081289
0.126676
0.126676
0.032788
0.032788
0.521805
0.521805
0.108697
0.108697
0.020468
0.020468
0.816903
0.816903
0.016894
0.016894
0.289231
0.289231
0.016330
0.016330
0.039586
0.039586
0.027261
0.027261
0.007982
0.007982
0.388643
0.388643
0.366812
0.366812
0.082636
0.082636
0.000025
0.000025
0.315480
0.315480
0.096886
0.096886
0.036911
0.036911
0.055728
0.055728
0.083430
0.083430
0.026679
0.026679
0.109897
0.109897
0.101508
0.101508
0.001447
0.001447
0.306117
0.306117
0.044102
0.044102
0.058140
0.058140
0.013950
0.013950
0.056470
0.056470
0.149009
0.149009
0.326331
0.326331
0.324613
0.324613
0.204369
0.204369
0.122247
0.122247
0.729844
0.729844
0.218894
0.218894
0.049915
0.049915
0.009121
0.009121
0.418348
0.418348
0.229597
0.229597
0.485851
0.485851
0.103033
0.103033
0.413851
0.413851
0.175242
0.175242
0.291173
0.291173
0.013569
0.013569
0.128939
0.128939
0.088204
0.088204
0.060849
0.060849
0.157767
0.157767
0.209863
0.209863
0.335362
0.335362
0.150130
0.150130
0.518986
0.518986
0.417926
0.417926
0.138981
0.138981
0.012520
0.012520
0.008270
0.008270
0.032637
0.032637
0.059534
0.059534
0.004253
0.004253
0.056463
0.056463
0.453897
0.453897
0.183931
0.183931
0.015147
0.015147
0.557729
0.557729
0.000840
0.000840
0.353852
0.353852
0.005185
0.005185
0.002606
0.002606
0.172614
0.172614
0.088633
0.088633
0.022387
0.022387
0.098251
0.098251
0.042808
0.042808
0.361166
0.361166
0.005498
0.005498
0.150219
0.150219
0.007442
0.007442
0.028902
0.028902
0.029893
0.029893
0.021911
0.021911
0.005891
0.005891
0.020557
0.020557
0.260905
0.260905
0.069841
0.069841
0.025245
0.025245
0.142012
0.142012
0.381788
0.381788
0.178764
0.178764
0.243141
0.243141
0.307132
0.307132
0.364178
0.364178
0.465551
0.465551
0.137794
0.137794
0.024814
0.024814
0.069253
0.069253
0.093891
0.093891
0.019265
0.019265
0.038836
0.038836
0.008425
0.008425
0.030072
0.030072
0.013878
0.013878
0.182190
0.182190
0.128997
0.128997
0.478116
0.478116
0.051217
0.051217
0.176998
0.176998
0.118669
0.118669
0.237348
0.237348
0.096932
0.096932
0.051816
0.051816
0.109991
0.109991
0.013561
0.013561
0.038978
0.038978
0.063581
0.063581
0.000627
0.000627
0.596293
0.596293
0.504262
0.504262
0.023103
0.023103
0.068425
0.068425
0.293593
0.293593
0.005145
0.005145
0.255290
0.255290
0.020646
0.020646
0.000075
0.000075
0.075584
0.075584
0.000834
0.000834
0.279789
0.279789
0.043786
0.043786
0.019188
0.019188
0.022770
0.022770
0.183893
0.183893
0.037035
0.037035
0.530156
0.530156
0.010028
0.010028
0.041954
0.041954
0.366909
0.366909
0.443885
0.443885
0.498389
0.498389
0.092791
0.092791
0.116233
0.116233
0.220576
0.220576
0.110212
0.110212
0.049241
0.049241
0.141801
0.141801
0.041444
0.041444
0.049082
0.049082
0.106354
0.106354
0.052094
0.052094
0.213656
0.213656
0.005262
0.005262
0.453291
0.453291
0.051025
0.051025
0.703530
0.703530
0.063276
0.063276
0.079673
0.079673
0.008332
0.008332
0.341228
0.341228
0.182032
0.182032
0.125734
0.125734
0.009388
0.009388
0.374348
0.374348
0.045603
0.045603
0.040218
0.040218
0.074585
0.074585
0.009191
0.009191
0.081601
0.081601
0.272781
0.272781
0.093536
0.093536
0.224713
0.224713
0.188622
0.188622
0.201610
0.201610
0.171254
0.171254
0.251159
0.251159
0.262275
0.262275
0.062518
0.062518
0.390663
0.390663
0.001949
0.001949
0.127549
0.127549
0.122073
0.122073
0.091309
0.091309
0.008911
0.008911
0.201133
0.201133
0.215318
0.215318
0.025988
0.025988
0.249291
0.249291
0.011820
0.011820
0.418046
0.418046
0.140073
0.140073
0.396152
0.396152
0.546410
0.546410
0.081960
0.081960
0.381596
0.381596
0.404254
0.404254
0.071780
0.071780
0.040059
0.040059
0.165346
0.165346
0.209734
0.209734
0.397624
0.397624
0.127126
0.127126
0.369697
0.369697
0.205262
0.205262
0.024484
0.024484
0.486556
0.486556
0.167879
0.167879
0.023002
0.023002
0.006979
0.006979
0.111810
0.111810
0.202098
0.202098
0.283307
0.283307
0.275824
0.275824
0.058213
0.058213
0.008600
0.008600
0.248895
0.248895
0.150201
0.150201
0.018853
0.018853
0.042955
0.042955
0.027775
0.027775
0.513766
0.513766
0.020793
0.020793
0.061030
0.061030
0.173328
0.173328
0.002419
0.002419
0.139096
0.139096
0.354734
0.354734
0.008256
0.008256
0.001425
0.001425
0.079389
0.079389
0.032627
0.032627
0.002691
0.002691
0.024564
0.024564
0.002409
0.002409
0.007081
0.007081
0.227554
0.227554
0.133799
0.133799
0.000003
0.000003
0.078775
0.078775
0.111778
0.111778
0.482400
0.482400
0.007094
0.007094
0.075271
0.075271
0.687941
0.687941
0.169801
0.169801
0.166355
0.166355
0.013897
0.013897
0.625035
0.625035
0.144977
0.144977
0.285863
0.285863
0.167994
0.167994
0.046078
0.046078
0.492231
0.492231
0.416143
0.416143
0.523575
0.523575
0.107231
0.107231
0.373012
0.373012
0.402868
0.402868
0.101376
0.101376
0.159281
0.159281
0.032169
0.032169
0.425903
0.425903
0.292623
0.292623
0.382684
0.382684
0.049947
0.049947
0.192388
0.192388
0.045139
0.045139
0.166224
0.166224
0.043838
0.043838
0.045195
0.045195
0.403475
0.403475
0.161066
0.161066
0.004506
0.004506
0.019726
0.019726
0.003918
0.003918
0.166515
0.166515
0.231801
0.231801
0.047841
0.047841
0.056289
0.056289
0.532741
0.532741
0.059796
0.059796
0.045006
0.045006
0.016126
0.016126
0.011453
0.011453
0.003927
0.003927
0.034869
0.034869
0.005486
0.005486
0.022690
0.022690
0.020916
0.020916
0.039693
0.039693
0.090717
0.090717
0.077413
0.077413
0.173542
0.173542
0.034970
0.034970
0.346241
0.346241
0.637473
0.637473
0.323661
0.323661
0.190551
0.190551
0.275154
0.275154
0.151097
0.151097
0.341422
0.341422
0.364359
0.364359
0.281006
0.281006
0.269462
0.269462
0.060622
0.060622
0.294909
0.294909
0.377831
0.377831
0.243599
0.243599
0.481088
0.481088
0.075171
0.075171
0.249094
0.249094
0.155718
0.155718
0.318800
0.318800
0.378608
0.378608
0.244063
0.244063
0.276519
0.276519
0.161187
0.161187
0.006814
0.006814
0.059425
0.059425
0.381758
0.381758
0.012935
0.012935
0.355705
0.355705
0.001035
0.001035
0.026297
0.026297
0.087047
0.087047
0.019237
0.019237
0.142865
0.142865
0.000385
0.000385
0.042887
0.042887
0.005085
0.005085
0.002322
0.002322
0.004089
0.004089
0.177351
0.177351
0.065213
0.065213
0.002714
0.002714
0.021901
0.021901
0.002274
0.002274
0.191212
0.191212
0.022915
0.022915
0.019218
0.019218
0.139162
0.139162
0.310171
0.310171
0.013147
0.013147
0.173461
0.173461
0.042699
0.042699
0.697993
0.697993
0.101460
0.101460
0.070578
0.070578
0.003407
0.003407
0.562646
0.562646
0.110601
0.110601
0.437835
0.437835
0.277408
0.277408
0.360103
0.360103
0.246489
0.246489
0.468843
0.468843
0.322327
0.322327
0.342565
0.342565
0.840649
0.840649
0.307542
0.307542
0.540136
0.540136
0.166967
0.166967
0.355604
0.355604
0.230086
0.230086
0.188805
0.188805
0.070434
0.070434
0.400628
0.400628
0.040127
0.040127
0.185421
0.185421
0.240654
0.240654
0.152553
0.152553
0.020007
0.020007
0.030028
0.030028
0.143553
0.143553
0.009565
0.009565
0.389154
0.389154
0.156717
0.156717
0.001674
0.001674
0.128194
0.128194
0.000756
0.000756
0.003882
0.003882
0.019617
0.019617
0.008520
0.008520
0.026784
0.026784
0.004692
0.004692
0.126897
0.126897
0.168702
0.168702
0.033773
0.033773
0.000178
0.000178
0.002232
0.002232
0.020842
0.020842
0.021599
0.021599
0.375481
0.375481
0.070881
0.070881
0.062724
0.062724
0.140592
0.140592
0.697104
0.697104
0.419344
0.419344
0.310974
0.310974
0.063537
0.063537
0.366325
0.366325
0.197862
0.197862
0.035678
0.035678
0.115193
0.115193
0.082999
0.082999
0.056562
0.056562
0.323313
0.323313
0.131434
0.131434
0.379374
0.379374
1.185117
1.185117
0.208552
0.208552
0.848993
0.848993
0.490726
0.490726
0.285799
0.285799
0.261647
0.261647
0.479424
0.479424
1.036382
1.036382
0.065434
0.065434
0.289090
0.289090
0.858896
0.858896
0.287568
0.287568
0.180885
0.180885
0.115833
0.115833
0.075539
0.075539
0.396351
0.396351
0.011023
0.011023
0.000291
0.000291
0.398989
0.398989
0.214554
0.214554
0.053803
0.053803
0.007389
0.007389
0.052476
0.052476
0.002301
0.002301
0.328739
0.328739
0.016982
0.016982
0.111278
0.111278
0.272137
0.272137
0.150972
0.150972
0.123851
0.123851
0.084788
0.084788
0.816884
0.816884
0.225871
0.225871
0.023945
0.023945
0.064223
0.064223
0.572199
0.572199
0.157927
0.157927
0.191542
0.191542
0.410892
0.410892
0.414227
0.414227
0.372590
0.372590
0.229965
0.229965
0.359201
0.359201
0.065868
0.065868
0.003937
0.003937
0.151880
0.151880
0.077346
0.077346
0.143159
0.143159
0.257147
0.257147
0.820857
0.820857
0.017327
0.017327
1.228598
1.228598
0.981520
0.981520
1.287816
1.287816
1.033549
1.033549
0.674536
0.674536
1.400653
1.400653
1.846121
1.846121
1.530606
1.530606
0.838096
0.838096
0.986498
0.986498
1.454561
1.454561
0.209980
0.209980
0.395067
0.395067
0.355486
0.355486
0.353143
0.353143
0.154200
0.154200
0.017015
0.017015
0.084432
0.084432
0.112736
0.112736
0.014813
0.014813
0.004788
0.004788
0.018240
0.018240
0.046728
0.046728
0.164174
0.164174
0.069340
0.069340
0.061313
0.061313
0.013324
0.013324
0.379495
0.379495
0.002041
0.002041
0.049581
0.049581
0.144934
0.144934
0.393276
0.393276
0.041040
0.041040
0.959746
0.959746
0.227586
0.227586
0.020665
0.020665
0.475470
0.475470
0.438659
0.438659
0.295927
0.295927
0.738116
0.738116
0.305389
0.305389
0.102480
0.102480
0.190866
0.190866
0.023007
0.023007
0.552230
0.552230
0.042179
0.042179
0.037571
0.037571
0.062921
0.062921
0.567339
0.567339
0.060522
0.060522
0.021118
0.021118
0.103513
0.103513
0.012002
0.012002
0.236273
0.236273
0.183554
0.183554
0.261944
0.261944
0.522885
0.522885
0.517479
0.517479
1.173611
1.173611
0.162133
0.162133
1.581618
1.581618
0.941748
0.941748
0.649501
0.649501
1.162453
1.162453
1.512799
1.512799
0.943916
0.943916
0.589640
0.589640
0.640092
0.640092
1.035964
1.035964
0.525857
0.525857
0.986661
0.986661
0.773642
0.773642
0.600476
0.600476
0.821687
0.821687
0.250986
0.250986
0.006887
0.006887
0.107801
0.107801
0.094130
0.094130
0.090795
0.090795
0.324313
0.324313
0.071431
0.071431
0.100636
0.100636
0.687671
0.687671
0.409305
0.409305
0.129940
0.129940
0.518177
0.518177
0.268768
0.268768
0.693235
0.693235
0.548724
0.548724
0.460383
0.460383
0.003627
0.003627
0.073105
0.073105
0.730038
0.730038
0.291874
0.291874
0.054493
0.054493
0.286563
0.286563
0.503554
0.503554
0.001453
0.001453
0.040412
0.040412
0.586717
0.586717
0.210870
0.210870
0.160063
0.160063
0.000040
0.000040
0.016358
0.016358
0.169193
0.169193
0.016372
0.016372
0.334113
0.334113
0.024231
0.024231
0.501312
0.501312
0.112131
0.112131
0.000209
0.000209
0.340273
0.340273
0.098724
0.098724
0.562302
0.562302
0.369972
0.369972
0.118942
0.118942
0.059009
0.059009
0.804360
0.804360
0.498303
0.498303
0.376246
0.376246
0.814336
0.814336
0.993107
0.993107
0.428981
0.428981
0.329488
0.329488
0.503765
0.503765
0.497664
0.497664
0.665171
0.665171
0.743087
0.743087
1.044301
1.044301
1.790754
1.790754
1.621250
1.621250
1.451461
1.451461
0.456135
0.456135
1.113662
1.113662
0.796390
0.796390
0.517206
0.517206
0.842563
0.842563
0.960963
0.960963
0.459347
0.459347
0.190900
0.190900
1.155824
1.155824
0.646991
0.646991
0.885261
0.885261
0.079545
0.079545
0.172556
0.172556
1.311692
1.311692
0.285687
0.285687
0.047437
0.047437
0.170465
0.170465
0.005730
0.005730
0.048489
0.048489
0.010320
0.010320
0.062246
0.062246
0.084273
0.084273
0.024341
0.024341
0.560686
0.560686
0.437650
0.437650
0.050249
0.050249
0.118057
0.118057
0.359403
0.359403
0.189207
0.189207
0.055717
0.055717
0.234153
0.234153
0.023812
0.023812
0.949672
0.949672
0.223493
0.223493
0.476875
0.476875
0.226247
0.226247
0.000672
0.000672
0.028505
0.028505
0.145483
0.145483
0.202391
0.202391
0.040604
0.040604
0.408343
0.408343
0.042716
0.042716
0.533102
0.533102
0.170621
0.170621
0.160156
0.160156
0.424437
0.424437
0.031790
0.031790
0.231720
0.231720
0.312386
0.312386
1.065495
1.065495
0.619502
0.619502
0.689933
0.689933
0.302430
0.302430
0.617982
0.617982
1.041458
1.041458
0.696188
0.696188
0.261700
0.261700
0.303324
0.303324
0.109557
0.109557
0.365514
0.365514
1.186050
1.186050
1.653497
1.653497
0.602979
0.602979
0.509848
0.509848
0.902844
0.902844
1.478084
1.478084
0.759278
0.759278
0.215587
0.215587
0.597110
0.597110
0.740997
0.740997
0.598098
0.598098
0.693609
0.693609
0.293159
0.293159
1.826137
1.826137
0.280045
0.280045
0.410433
0.410433
0.381964
0.381964
0.213966
0.213966
0.305160
0.305160
0.538939
0.538939
0.665932
0.665932
0.963311
0.963311
0.035616
0.035616
0.050124
0.050124
0.667792
0.667792
0.415137
0.415137
0.663660
0.663660
0.023642
0.023642
0.018263
0.018263
0.171938
0.171938
0.037019
0.037019
0.035729
0.035729
0.003784
0.003784
0.007806
0.007806
0.928196
0.928196
0.147030
0.147030
0.515394
0.515394
0.165959
0.165959
0.324822
0.324822
1.261106
1.261106
0.170694
0.170694
0.000155
0.000155
0.370017
0.370017
0.823294
0.823294
0.448918
0.448918
1.507070
1.507070
0.155514
0.155514
0.172332
0.172332
0.065265
0.065265
1.447248
1.447248
0.236796
0.236796
0.377620
0.377620
0.351632
0.351632
0.498466
0.498466
0.878450
0.878450
0.531886
0.531886
0.208587
0.208587
0.187043
0.187043
0.336530
0.336530
0.697883
0.697883
0.320054
0.320054
0.305125
0.305125
0.061243
0.061243
0.353338
0.353338
0.010628
0.010628
0.117383
0.117383
0.838146
0.838146
1.474915
1.474915
0.443490
0.443490
0.065661
0.065661
0.438075
0.438075
0.956826
0.956826
1.004282
1.004282
0.249527
0.249527
0.085616
0.085616
0.451178
0.451178
0.063214
0.063214
0.210270
0.210270
0.577024
0.577024
0.176586
0.176586
0.530054
0.530054
0.117356
0.117356
0.059934
0.059934
0.130706
0.130706
0.064657
0.064657
0.000514
0.000514
0.123427
0.123427
0.014067
0.014067
0.044948
0.044948
0.135613
0.135613
0.001268
0.001268
0.104142
0.104142
0.028022
0.028022
0.186930
0.186930
0.531936
0.531936
0.311762
0.311762
0.208671
0.208671
0.173594
0.173594
0.910382
0.910382
0.608904
0.608904
0.523028
0.523028
0.922456
0.922456
0.856590
0.856590
0.219125
0.219125
0.776099
0.776099
0.568290
0.568290
0.382952
0.382952
0.031062
0.031062
0.080518
0.080518
0.005394
0.005394
0.647250
0.647250
0.270255
0.270255
0.203840
0.203840
0.845055
0.845055
0.069732
0.069732
0.110669
0.110669
0.011915
0.011915
0.142841
0.142841
0.183135
0.183135
0.094110
0.094110
0.028087
0.028087
0.019060
0.019060
0.024304
0.024304
0.000585
0.000585
0.191708
0.191708
0.089440
0.089440
0.693773
0.693773
0.315386
0.315386
0.202771
0.202771
0.334498
0.334498
0.044165
0.044165
0.848479
0.848479
0.498210
0.498210
1.085018
1.085018
0.947565
0.947565
0.464615
0.464615
0.602749
0.602749
0.053702
0.053702
0.467971
0.467971
0.002447
0.002447
0.185875
0.185875
0.033549
0.033549
0.035782
0.035782
0.284752
0.284752
0.278512
0.278512
0.378783
0.378783
0.114040
0.114040
0.214639
0.214639
0.084551
0.084551
0.006551
0.006551
0.195400
0.195400
0.567399
0.567399
0.398156
0.398156
0.292645
0.292645
0.064696
0.064696
0.066519
0.066519
0.499673
0.499673
0.118801
0.118801
0.401642
0.401642
0.025396
0.025396
0.359283
0.359283
0.793239
0.793239
0.010001
0.010001
0.585340
0.585340
0.145175
0.145175
1.991416
1.991416
0.576269
0.576269
0.294042
0.294042
0.584238
0.584238
0.519575
0.519575
0.121542
0.121542
0.265328
0.265328
0.095523
0.095523
0.551403
0.551403
0.006177
0.006177
0.027494
0.027494
0.028081
0.028081
0.032971
0.032971
0.269086
0.269086
0.145309
0.145309
0.032021
0.032021
0.392763
0.392763
0.719937
0.719937
0.518532
0.518532
0.040709
0.040709
0.062961
0.062961
0.000564
0.000564
0.448744
0.448744
0.071772
0.071772
0.183202
0.183202
0.504777
0.504777
0.001459
0.001459
1.179555
1.179555
0.153420
0.153420
0.039472
0.039472
0.001656
0.001656
0.548264
0.548264
0.212156
0.212156
0.224114
0.224114
0.198785
0.198785
0.196664
0.196664
0.210322
0.210322
0.680149
0.680149
0.311550
0.311550
0.261168
0.261168
0.007884
0.007884
0.185130
0.185130
0.022793
0.022793
0.505019
0.505019
0.197957
0.197957
0.286069
0.286069
0.033664
0.033664
0.144583
0.144583
0.202353
0.202353
0.274140
0.274140
0.020594
0.020594
0.118071
0.118071
0.003763
0.003763
0.537595
0.537595
0.074353
0.074353
0.434337
0.434337
0.300340
0.300340
0.430087
0.430087
0.246268
0.246268
0.325070
0.325070
0.703921
0.703921
0.084603
0.084603
0.249251
0.249251
0.226797
0.226797
0.151649
0.151649
0.850356
0.850356
0.225379
0.225379
0.337552
0.337552
0.308324
0.308324
0.022501
0.022501
0.073367
0.073367
0.529599
0.529599
0.095194
0.095194
0.031194
0.031194
0.649318
0.649318
0.429778
0.429778
0.139013
0.139013
0.418938
0.418938
0.255965
0.255965
0.004043
0.004043
0.364767
0.364767
0.005167
0.005167
0.067471
0.067471
0.048635
0.048635
0.196203
0.196203
0.012002
0.012002
0.318218
0.318218
0.010202
0.010202
0.100352
0.100352
0.630306
0.630306
0.781097
0.781097
0.074683
0.074683
0.259161
0.259161
0.127024
0.127024
0.238481
0.238481
0.491428
0.491428
0.028191
0.028191
0.038799
0.038799
0.236455
0.236455
0.606819
0.606819
0.404687
0.404687
0.022431
0.022431
0.190184
0.190184
0.016938
0.016938
0.001503
0.001503
0.058612
0.058612
0.350756
0.350756
0.167130
0.167130
0.112087
0.112087
0.184215
0.184215
0.176624
0.176624
0.029590
0.029590
0.058401
0.058401
0.090284
0.090284
0.242975
0.242975
0.012246
0.012246
0.646934
0.646934
0.352193
0.352193
0.665002
0.665002
0.161431
0.161431
0.047644
0.047644
0.025393
0.025393
0.484601
0.484601
0.012533
0.012533
0.071579
0.071579
0.344541
0.344541
0.224127
0.224127
0.151612
0.151612
0.653740
0.653740
0.032895
0.032895
0.612657
0.612657
0.105069
0.105069
0.011281
0.011281
0.091670
0.091670
0.023154
0.023154
0.925322
0.925322
0.013718
0.013718
0.385254
0.385254
0.011121
0.011121
0.029807
0.029807
0.063091
0.063091
0.051772
0.051772
0.004599
0.004599
0.269472
0.269472
0.431430
0.431430
0.142180
0.142180
0.193641
0.193641
0.029632
0.029632
0.066904
0.066904
0.617942
0.617942
0.001832
0.001832
0.209271
0.209271
0.003961
0.003961
0.066407
0.066407
0.008157
0.008157
0.045068
0.045068
0.366287
0.366287
0.085145
0.085145
0.215830
0.215830
0.048347
0.048347
0.358157
0.358157
0.551894
0.551894
0.136079
0.136079
0.016785
0.016785
0.502830
0.502830
0.099957
0.099957
0.123709
0.123709
0.020933
0.020933
0.108730
0.108730
0.117644
0.117644
0.178202
0.178202
0.416872
0.416872
0.065517
0.065517
0.012543
0.012543
0.016743
0.016743
0.018836
0.018836
0.009784
0.009784
0.023772
0.023772
0.067769
0.067769
0.115255
0.115255
0.147089
0.147089
0.244882
0.244882
0.046115
0.046115
0.017579
0.017579
0.012195
0.012195
0.654790
0.654790
0.002024
0.002024
0.090283
0.090283
0.296166
0.296166
0.220353
0.220353
0.007726
0.007726
0.198995
0.198995
0.484689
0.484689
0.392741
0.392741
0.183556
0.183556
0.172082
0.172082
0.000127
0.000127
0.130055
0.130055
0.024727
0.024727
0.258907
0.258907
0.058423
0.058423
0.057068
0.057068
0.100324
0.100324
0.249225
0.249225
0.162007
0.162007
0.052407
0.052407
0.218228
0.218228
0.383202
0.383202
0.092275
0.092275
0.020164
0.020164
0.033704
0.033704
0.062329
0.062329
0.465950
0.465950
0.006825
0.006825
0.207735
0.207735
0.695312
0.695312
0.053993
0.053993
0.699842
0.699842
0.261894
0.261894
0.089821
0.089821
0.039490
0.039490
0.320287
0.320287
0.338255
0.338255
0.508378
0.508378
0.051447
0.051447
0.135116
0.135116
0.037995
0.037995
0.105979
0.105979
0.561660
0.561660
0.257323
0.257323
0.033743
0.033743
0.031750
0.031750
0.529021
0.529021
0.111994
0.111994
0.289173
0.289173
0.110731
0.110731
0.003754
0.003754
0.146444
0.146444
0.265045
0.265045
0.252498
0.252498
0.110137
0.110137
0.197273
0.197273
0.071403
0.071403
0.328770
0.328770
0.351713
0.351713
0.330911
0.330911
0.131982
0.131982
0.000585
0.000585
0.001026
0.001026
0.082147
0.082147
0.100350
0.100350
0.017252
0.017252
0.148644
0.148644
0.351674
0.351674
0.249215
0.249215
0.003731
0.003731
0.099687
0.099687
0.154160
0.154160
0.120157
0.120157
0.027130
0.027130
0.097257
0.097257
0.038061
0.038061
0.032009
0.032009
0.135534
0.135534
0.045512
0.045512
0.052585
0.052585
0.016692
0.016692
0.053628
0.053628
0.006811
0.006811
0.267174
0.267174
0.028289
0.028289
0.005658
0.005658
0.061308
0.061308
0.115121
0.115121
0.122680
0.122680
0.009937
0.009937
0.509013
0.509013
0.409605
0.409605
0.022512
0.022512
0.141503
0.141503
0.039101
0.039101
0.251769
0.251769
0.010516
0.010516
0.267896
0.267896
0.549710
0.549710
0.095536
0.095536
0.216858
0.216858
0.331183
0.331183
0.159399
0.159399
0.820448
0.820448
0.183694
0.183694
0.016490
0.016490
0.020237
0.020237
0.124652
0.124652
0.346694
0.346694
0.294564
0.294564
0.332602
0.332602
0.475062
0.475062
0.002317
0.002317
0.020278
0.020278
0.075530
0.075530
0.073164
0.073164
0.250419
0.250419
0.212366
0.212366
0.072187
0.072187
0.521733
0.521733
0.075705
0.075705
0.026398
0.026398
0.001249
0.001249
0.191875
0.191875
0.242295
0.242295
0.141748
0.141748
0.131376
0.131376
0.006020
0.006020
0.030861
0.030861
0.008443
0.008443
0.035116
0.035116
0.149541
0.149541
0.194209
0.194209
0.261614
0.261614
0.001731
0.001731
0.167751
0.167751
0.274502
0.274502
0.051394
0.051394
0.176737
0.176737
0.351052
0.351052
0.583835
0.583835
0.049457
0.049457
0.069022
0.069022
0.000459
0.000459
0.007187
0.007187
0.282282
0.282282
0.002693
0.002693
0.370375
0.370375
0.298164
0.298164
0.014992
0.014992
0.117751
0.117751
0.312632
0.312632
0.019146
0.019146
0.228484
0.228484
0.158393
0.158393
0.156829
0.156829
0.049111
0.049111
0.046124
0.046124
0.179008
0.179008
0.247489
0.247489
0.103857
0.103857
0.063192
0.063192
0.068792
0.068792
0.039640
0.039640
0.406970
0.406970
0.338092
0.338092
0.050918
0.050918
0.067730
0.067730
0.160703
0.160703
0.085894
0.085894
0.003266
0.003266
0.265985
0.265985
0.146433
0.146433
0.135392
0.135392
0.098128
0.098128
0.028660
0.028660
0.175754
0.175754
0.570414
0.570414
0.032439
0.032439
0.186222
0.186222
0.039212
0.039212
0.000798
0.000798
0.112859
0.112859
0.003191
0.003191
0.246104
0.246104
0.033869
0.033869
0.114197
0.114197
0.093712
0.093712
0.558858
0.558858
0.069585
0.069585
0.001782
0.001782
0.096128
0.096128
0.805910
0.805910
0.119323
0.119323
0.332553
0.332553
0.013734
0.013734
0.188689
0.188689
0.095749
0.095749
0.048537
0.048537
0.111479
0.111479
0.226331
0.226331
0.041265
0.041265
0.109657
0.109657
0.337481
0.337481
0.014531
0.014531
0.090805
0.090805
0.144210
0.144210
0.611361
0.611361
0.100202
0.100202
0.037293
0.037293
0.095290
0.095290
0.188299
0.188299
0.288693
0.288693
0.252188
0.252188
0.399139
0.399139
0.198825
0.198825
0.098715
0.098715
0.054518
0.054518
0.033843
0.033843
0.008939
0.008939
0.290811
0.290811
0.009477
0.009477
0.008800
0.008800
0.142991
0.142991
0.041042
0.041042
0.428208
0.428208
0.018024
0.018024
0.092645
0.092645
0.026585
0.026585
0.068840
0.068840
0.002747
0.002747
0.083316
0.083316
0.029846
0.029846
0.373087
0.373087
0.184067
0.184067
0.028917
0.028917
0.053537
0.053537
0.120745
0.120745
0.196495
0.196495
0.010100
0.010100
0.220300
0.220300
0.014572
0.014572
0.103602
0.103602
0.025576
0.025576
0.103889
0.103889
0.397836
0.397836
0.029017
0.029017
0.001588
0.001588
0.005574
0.005574
0.159274
0.159274
0.079399
0.079399
0.010482
0.010482
0.001887
0.001887
0.010291
0.010291
0.104592
0.104592
0.433089
0.433089
0.175295
0.175295
0.027820
0.027820
0.063751
0.063751
0.286256
0.286256
0.098594
0.098594
0.011236
0.011236
0.628295
0.628295
0.101731
0.101731
0.153718
0.153718
0.566332
0.566332
0.079838
0.079838
0.089999
0.089999
0.155269
0.155269
0.400254
0.400254
0.077786
0.077786
0.045542
0.045542
0.430313
0.430313
0.019232
0.019232
0.162635
0.162635
0.114063
0.114063
0.209568
0.209568
0.071246
0.071246
0.109807
0.109807
0.215921
0.215921
0.039169
0.039169
0.003414
0.003414
0.376041
0.376041
0.566219
0.566219
0.391432
0.391432
0.026833
0.026833
0.029526
0.029526
0.166707
0.166707
0.166435
0.166435
0.217350
0.217350
0.049968
0.049968
0.055895
0.055895
0.322776
0.322776
0.014540
0.014540
0.041957
0.041957
0.047366
0.047366
0.041639
0.041639
0.333392
0.333392
0.030672
0.030672
0.301018
0.301018
0.004378
0.004378
0.126911
0.126911
0.054221
0.054221
0.048758
0.048758
0.043954
0.043954
0.102377
0.102377
0.178176
0.178176
0.102711
0.102711
0.000869
0.000869
0.037534
0.037534
0.374533
0.374533
0.316632
0.316632
0.008955
0.008955
0.226271
0.226271
0.149711
0.149711
0.139668
0.139668
0.321980
0.321980
0.021452
0.021452
0.046913
0.046913
0.561837
0.561837
0.257151
0.257151
0.121043
0.121043
0.046340
0.046340
0.210242
0.210242
0.253172
0.253172
0.133884
0.133884
0.131606
0.131606
0.089741
0.089741
0.020867
0.020867
0.245757
0.245757
0.091323
0.091323
0.150400
0.150400
0.100242
0.100242
0.012119
0.012119
0.053173
0.053173
0.116623
0.116623
0.088111
0.088111
0.005061
0.005061
0.250823
0.250823
0.375220
0.375220
0.076890
0.076890
0.613091
0.613091
0.151661
0.151661
0.001063
0.001063
0.070196
0.070196
0.039854
0.039854
0.055352
0.055352
0.292934
0.292934
0.727468
0.727468
0.433398
0.433398
0.308501
0.308501
0.065515
0.065515
0.002827
0.002827
0.144986
0.144986
0.019379
0.019379
0.027770
0.027770
0.735232
0.735232
0.155984
0.155984
0.015926
0.015926
0.054453
0.054453
0.036014
0.036014
0.042394
0.042394
0.058062
0.058062
0.241553
0.241553
0.006254
0.006254
0.473685
0.473685
0.362536
0.362536
0.034423
0.034423
0.039331
0.039331
0.189032
0.189032
0.188877
0.188877
0.202853
0.202853
0.260371
0.260371
0.315472
0.315472
0.116606
0.116606
0.070471
0.070471
0.136250
0.136250
0.054070
0.054070
0.120952
0.120952
0.055150
0.055150
0.234183
0.234183
0.008220
0.008220
0.010747
0.010747
0.055300
0.055300
0.084088
0.084088
0.021389
0.021389
0.076575
0.076575
0.161252
0.161252
0.019854
0.019854
0.013499
0.013499
0.113508
0.113508
0.033391
0.033391
0.221567
0.221567
0.126111
0.126111
0.003095
0.003095
0.197801
0.197801
0.295457
0.295457
0.030296
0.030296
0.371825
0.371825
0.031228
0.031228
0.209188
0.209188
0.496108
0.496108
0.395428
0.395428
0.207106
0.207106
0.097203
0.097203
0.392270
0.392270
0.426729
0.426729
0.190611
0.190611
0.014856
0.014856
0.064074
0.064074
0.036817
0.036817
0.200096
0.200096
0.090834
0.090834
0.045630
0.045630
0.101679
0.101679
1.039330
1.039330
0.006070
0.006070
0.006456
0.006456
0.243744
0.243744
0.090704
0.090704
0.097361
0.097361
0.132702
0.132702
0.001071
0.001071
0.097786
0.097786
0.074752
0.074752
0.418531
0.418531
0.157659
0.157659
0.208752
0.208752
0.058757
0.058757
0.005296
0.005296
0.231063
0.231063
0.126329
0.126329
0.246914
0.246914
0.068371
0.068371
0.083124
0.083124
0.087709
0.087709
0.002741
0.002741
0.142485
0.142485
0.049557
0.049557
0.061790
0.061790
0.105099
0.105099
0.008094
0.008094
0.547840
0.547840
0.453904
0.453904
0.284576
0.284576
0.887412
0.887412
0.063112
0.063112
0.245855
0.245855
0.384080
0.384080
0.194910
0.194910
0.032395
0.032395
0.075640
0.075640
0.108868
0.108868
0.396751
0.396751
1.167303
1.167303
0.476167
0.476167
0.115880
0.115880
0.322637
0.322637
0.234005
0.234005
0.010726
0.010726
0.042860
0.042860
0.070949
0.070949
0.139499
0.139499
0.081830
0.081830
0.022214
0.022214
0.238100
0.238100
0.316002
0.316002
0.419499
0.419499
0.112153
0.112153
0.030234
0.030234
0.199827
0.199827
0.003360
0.003360
0.334833
0.334833
0.235062
0.235062
0.014978
0.014978
0.242910
0.242910
0.106125
0.106125
0.007272
0.007272
0.003983
0.003983
0.044902
0.044902
0.018947
0.018947
0.011047
0.011047
0.073776
0.073776
0.465379
0.465379
0.476370
0.476370
0.006928
0.006928
0.080959
0.080959
0.011135
0.011135
0.098753
0.098753
0.014048
0.014048
0.055345
0.055345
0.286393
0.286393
0.139090
0.139090
0.084123
0.084123
0.498289
0.498289
0.337898
0.337898
0.051765
0.051765
0.784745
0.784745
0.232775
0.232775
0.391630
0.391630
0.735326
0.735326
0.418954
0.418954
0.097010
0.097010
0.337721
0.337721
0.318767
0.318767
0.040826
0.040826
0.256434
0.256434
0.588850
0.588850
0.058252
0.058252
0.174463
0.174463
0.155333
0.155333
0.304895
0.304895
0.040991
0.040991
0.010883
0.010883
0.030326
0.030326
0.090160
0.090160
0.152986
0.152986
0.166842
0.166842
0.087273
0.087273
0.383080
0.383080
0.028750
0.028750
0.007559
0.007559
0.074317
0.074317
0.289883
0.289883
0.191921
0.191921
0.154173
0.154173
0.226013
0.226013
0.419430
0.419430
0.274322
0.274322
0.041327
0.041327
0.135781
0.135781
0.191464
0.191464
0.183491
0.183491
0.372891
0.372891
0.075810
0.075810
0.175002
0.175002
0.053279
0.053279
0.271604
0.271604
0.548381
0.548381
0.250502
0.250502
0.475194
0.475194
0.026284
0.026284
0.299283
0.299283
0.199425
0.199425
0.358122
0.358122
0.086204
0.086204
0.366961
0.366961
0.043415
0.043415
0.144221
0.144221
0.683788
0.683788
0.383002
0.383002
1.091901
1.091901
0.033704
0.033704
0.589690
0.589690
1.183562
1.183562
0.912119
0.912119
0.341155
0.341155
0.628045
0.628045
0.497663
0.497663
0.157993
0.157993
0.193404
0.193404
0.728993
0.728993
0.005277
0.005277
0.091455
0.091455
0.123677
0.123677
0.011359
0.011359
0.247938
0.247938
0.543395
0.543395
0.023426
0.023426
0.335673
0.335673
0.028064
0.028064
0.075641
0.075641
0.039599
0.039599
0.556748
0.556748
0.274738
0.274738
0.183322
0.183322
0.136847
0.136847
0.289014
0.289014
0.252719
0.252719
0.775549
0.775549
0.481422
0.481422
0.246098
0.246098
0.034135
0.034135
0.405623
0.405623
0.995744
0.995744
0.353886
0.353886
0.562365
0.562365
0.209947
0.209947
0.279079
0.279079
0.032971
0.032971
0.078389
0.078389
0.130809
0.130809
0.002120
0.002120
0.133074
0.133074
0.073818
0.073818
0.051299
0.051299
0.114827
0.114827
0.046147
0.046147
0.031248
0.031248
0.156941
0.156941
0.162548
0.162548
0.026232
0.026232
0.705195
0.705195
0.483541
0.483541
0.254564
0.254564
0.465510
0.465510
0.036038
0.036038
1.305060
1.305060
0.654386
0.654386
0.466941
0.466941
0.637349
0.637349
0.948979
0.948979
0.478729
0.478729
0.081058
0.081058
0.520294
0.520294
0.185671
0.185671
0.223266
0.223266
0.526374
0.526374
0.021999
0.021999
0.787177
0.787177
0.051834
0.051834
0.273934
0.273934
0.004125
0.004125
0.016837
0.016837
0.030865
0.030865
0.006452
0.006452
0.382042
0.382042
0.173642
0.173642
0.118389
0.118389
0.519509
0.519509
0.168789
0.168789
0.304450
0.304450
0.455868
0.455868
1.329211
1.329211
0.168897
0.168897
0.383107
0.383107
0.543652
0.543652
1.018880
1.018880
0.702514
0.702514
0.764525
0.764525
0.323142
0.323142
0.225365
0.225365
0.100689
0.100689
0.410286
0.410286
0.237964
0.237964
0.104160
0.104160
0.449436
0.449436
0.659077
0.659077
0.530619
0.530619
0.420248
0.420248
0.037329
0.037329
0.274471
0.274471
0.246844
0.246844
0.285007
0.285007
0.268380
0.268380
0.153126
0.153126
0.009157
0.009157
0.460127
0.460127
0.363966
0.363966
0.127816
0.127816
0.265959
0.265959
0.075745
0.075745
0.887166
0.887166
0.568030
0.568030
0.036632
0.036632
0.668477
0.668477
0.226160
0.226160
0.007431
0.007431
0.440050
0.440050
0.062661
0.062661
1.285824
1.285824
0.267668
0.267668
0.018739
0.018739
0.643178
0.643178
0.614253
0.614253
0.434609
0.434609
0.027321
0.027321
0.217420
0.217420
0.144553
0.144553
0.184755
0.184755
0.249847
0.249847
0.182862
0.182862
0.734181
0.734181
0.131847
0.131847
0.331434
0.331434
0.002378
0.002378
0.276451
0.276451
0.134099
0.134099
0.003143
0.003143
0.101214
0.101214
0.088845
0.088845
0.383192
0.383192
0.075515
0.075515
0.067747
0.067747
0.404769
0.404769
0.004743
0.004743
0.696146
0.696146
0.078360
0.078360
0.202845
0.202845
0.217119
0.217119
0.085692
0.085692
1.517411
1.517411
0.310393
0.310393
0.507171
0.507171
0.086813
0.086813
0.666434
0.666434
0.339356
0.339356
0.075542
0.075542
0.278215
0.278215
0.832332
0.832332
0.625884
0.625884
0.342331
0.342331
0.172501
0.172501
0.473904
0.473904
0.380081
0.380081
0.530780
0.530780
0.427533
0.427533
0.010480
0.010480
0.121007
0.121007
0.402358
0.402358
0.588255
0.588255
0.005083
0.005083
0.081442
0.081442
0.169955
0.169955
0.056155
0.056155
0.181894
0.181894
0.200701
0.200701
0.173339
0.173339
0.205402
0.205402
0.203576
0.203576
0.670746
0.670746
0.645730
0.645730
0.130201
0.130201
0.741820
0.741820
0.409685
0.409685
0.208456
0.208456
0.266324
0.266324
0.003200
0.003200
0.107836
0.107836
0.649675
0.649675
0.108382
0.108382
0.512822
0.512822
0.080151
0.080151
0.350193
0.350193
0.252550
0.252550
0.580604
0.580604
0.150749
0.150749
0.145943
0.145943
0.321082
0.321082
0.552376
0.552376
0.240975
0.240975
0.048077
0.048077
0.257993
0.257993
0.169643
0.169643
0.269555
0.269555
0.042436
0.042436
0.083385
0.083385
0.060058
0.060058
0.074328
0.074328
0.142906
0.142906
0.398592
0.398592
0.595527
0.595527
0.864941
0.864941
0.391101
0.391101
0.338872
0.338872
0.995210
0.995210
0.101740
0.101740
0.352791
0.352791
0.322440
0.322440
0.820333
0.820333
0.552809
0.552809
0.228026
0.228026
0.446326
0.446326
0.794408
0.794408
0.389977
0.389977
0.108642
0.108642
0.407866
0.407866
0.300902
0.300902
0.192064
0.192064
0.656573
0.656573
0.146600
0.146600
0.072375
0.072375
0.003223
0.003223
0.173023
0.173023
0.000758
0.000758
0.011081
0.011081
0.037827
0.037827
0.000008
0.000008
0.040658
0.040658
0.253488
0.253488
0.198385
0.198385
0.019494
0.019494
0.158738
0.158738
0.256617
0.256617
0.082744
0.082744
0.021642
0.021642
0.020354
0.020354
0.135453
0.135453
0.317983
0.317983
0.448951
0.448951
0.002646
0.002646
0.408378
0.408378
0.845513
0.845513
0.142736
0.142736
0.037294
0.037294
0.005107
0.005107
0.185034
0.185034
0.723565
0.723565
0.340200
0.340200
0.001431
0.001431
0.032802
0.032802
0.072923
0.072923
0.121399
0.121399
0.233375
0.233375
0.412688
0.412688
0.339710
0.339710
0.653970
0.653970
0.072802
0.072802
0.537795
0.537795
0.407366
0.407366
0.207737
0.207737
0.258324
0.258324
1.223574
1.223574
0.779658
0.779658
0.501006
0.501006
0.223417
0.223417
0.250900
0.250900
0.500499
0.500499
0.660458
0.660458
0.145307
0.145307
0.827978
0.827978
0.067111
0.067111
0.097078
0.097078
0.122714
0.122714
0.577763
0.577763
0.024897
0.024897
0.043378
0.043378
0.477266
0.477266
0.010581
0.010581
0.749799
0.749799
0.291792
0.291792
0.334684
0.334684
0.100925
0.100925
0.023781
0.023781
0.001637
0.001637
0.026186
0.026186
0.027146
0.027146
0.536294
0.536294
0.079030
0.079030
0.124621
0.124621
0.000891
0.000891
0.015914
0.015914
0.017117
0.017117
0.036057
0.036057
0.283061
0.283061
0.099197
0.099197
0.099208
0.099208
0.207860
0.207860
0.185850
0.185850
0.504745
0.504745
0.247835
0.247835
0.027667
0.027667
0.023200
0.023200
0.511019
0.511019
0.595228
0.595228
0.006950
0.006950
0.002630
0.002630
0.193543
0.193543
0.169730
0.169730
0.011788
0.011788
0.502517
0.502517
0.041325
0.041325
0.040421
0.040421
0.166601
0.166601
0.237422
0.237422
0.015028
0.015028
0.091474
0.091474
0.152072
0.152072
0.027935
0.027935
0.043387
0.043387
0.877801
0.877801
0.377834
0.377834
0.255910
0.255910
0.162641
0.162641
0.255415
0.255415
0.704988
0.704988
0.158528
0.158528
0.145130
0.145130
0.315635
0.315635
0.265303
0.265303
0.894610
0.894610
1.174770
1.174770
0.480338
0.480338
0.644312
0.644312
0.517620
0.517620
0.398669
0.398669
0.011804
0.011804
0.303645
0.303645
0.000025
0.000025
0.099275
0.099275
0.176736
0.176736
0.084924
0.084924
0.124585
0.124585
0.163332
0.163332
0.194745
0.194745
0.003071
0.003071
0.122709
0.122709
0.068507
0.068507
0.250402
0.250402
0.034116
0.034116
0.037581
0.037581
0.047682
0.047682
0.000167
0.000167
0.276624
0.276624
0.512305
0.512305
0.364684
0.364684
0.093181
0.093181
0.003997
0.003997
0.165778
0.165778
0.073254
0.073254
0.001552
0.001552
0.038601
0.038601
0.004277
0.004277
0.001133
0.001133
0.000573
0.000573
0.387984
0.387984
0.005113
0.005113
0.167444
0.167444
0.163483
0.163483
0.309604
0.309604
0.495933
0.495933
0.090097
0.090097
0.082448
0.082448
0.402040
0.402040
0.180324
0.180324
0.051543
0.051543
0.000951
0.000951
0.016112
0.016112
0.033858
0.033858
0.091383
0.091383
0.072454
0.072454
0.079656
0.079656
0.047897
0.047897
0.228482
0.228482
0.177757
0.177757
0.128461
0.128461
0.301561
0.301561
0.123724
0.123724
0.361325
0.361325
0.213883
0.213883
0.177123
0.177123
0.032544
0.032544
0.168649
0.168649
0.531282
0.531282
0.184831
0.184831
0.547720
0.547720
0.205915
0.205915
0.411834
0.411834
0.290426
0.290426
0.066963
0.066963
0.040028
0.040028
0.062790
0.062790
0.397853
0.397853
0.107031
0.107031
0.291967
0.291967
0.161643
0.161643
0.040987
0.040987
0.393204
0.393204
0.251719
0.251719
0.044286
0.044286
0.283565
0.283565
0.443533
0.443533
0.021851
0.021851
0.021507
0.021507
0.001630
0.001630
0.061695
0.061695
0.204882
0.204882
0.017248
0.017248
0.208161
0.208161
0.125777
0.125777
0.081903
0.081903
0.358162
0.358162
0.097412
0.097412
0.027523
0.027523
0.019717
0.019717
0.526847
0.526847
0.315380
0.315380
0.004264
0.004264
0.023536
0.023536
0.042689
0.042689
0.383220
0.383220
0.259673
0.259673
0.009463
0.009463
0.148197
0.148197
0.416973
0.416973
0.289021
0.289021
0.046625
0.046625
0.108044
0.108044
0.013198
0.013198
0.053032
0.053032
0.081307
0.081307
0.078107
0.078107
0.053553
0.053553
0.420117
0.420117
0.191725
0.191725
0.616366
0.616366
0.259708
0.259708
0.100402
0.100402
0.084080
0.084080
1.813836
1.813836
0.247651
0.247651
0.015837
0.015837
0.025567
0.025567
0.052101
0.052101
0.120326
0.120326
0.024614
0.024614
0.072670
0.072670
0.509807
0.509807
0.444756
0.444756
0.019493
0.019493
0.282340
0.282340
0.418888
0.418888
0.035679
0.035679
0.030195
0.030195
0.385520
0.385520
0.010530
0.010530
0.073603
0.073603
0.319220
0.319220
0.096439
0.096439
0.405405
0.405405
0.482764
0.482764
0.385992
0.385992
0.002547
0.002547
0.107725
0.107725
0.135232
0.135232
0.868504
0.868504
0.817848
0.817848
0.064832
0.064832
0.082818
0.082818
0.176425
0.176425
0.001502
0.001502
0.133640
0.133640
0.037033
0.037033
0.059281
0.059281
0.135966
0.135966
0.945799
0.945799
0.015178
0.015178
0.074915
0.074915
0.127907
0.127907
0.137531
0.137531
0.090257
0.090257
0.011781
0.011781
0.033041
0.033041
0.568635
0.568635
0.034755
0.034755
0.134475
0.134475
0.106148
0.106148
0.004829
0.004829
0.045322
0.045322
0.096614
0.096614
0.010681
0.010681
0.009065
0.009065
0.086728
0.086728
0.018681
0.018681
0.299963
0.299963
0.244799
0.244799
0.005844
0.005844
0.020066
0.020066
0.005964
0.005964
0.003004
0.003004
0.127580
0.127580
0.031330
0.031330
0.148021
0.148021
0.106180
0.106180
0.131493
0.131493
0.201903
0.201903
0.075562
0.075562
0.018798
0.018798
0.012745
0.012745
0.213966
0.213966
0.203697
0.203697
0.003556
0.003556
0.022668
0.022668
0.163391
0.163391
0.153260
0.153260
0.339819
0.339819
0.010819
0.010819
0.173834
0.173834
0.001931
0.001931
0.122887
0.122887
0.279411
0.279411
0.340326
0.340326
0.385237
0.385237
0.067354
0.067354
0.421128
0.421128
0.187852
0.187852
0.033025
0.033025
0.022577
0.022577
0.435077
0.435077
0.019170
0.019170
0.556067
0.556067
0.101339
0.101339
0.189496
0.189496
0.021380
0.021380
0.132133
0.132133
0.068346
0.068346
0.360003
0.360003
0.172064
0.172064
0.227016
0.227016
0.002156
0.002156
0.155756
0.155756
0.799907
0.799907
0.003887
0.003887
0.008893
0.008893
0.103205
0.103205
0.430394
0.430394
0.108860
0.108860
0.061452
0.061452
0.289273
0.289273
0.096422
0.096422
0.000118
0.000118
0.316241
0.316241
0.062009
0.062009
0.167595
0.167595
0.000714
0.000714
0.002605
0.002605
0.052356
0.052356
0.033225
0.033225
0.058995
0.058995
0.726568
0.726568
0.021141
0.021141
0.027500
0.027500
0.101013
0.101013
0.364020
0.364020
0.037924
0.037924
0.225995
0.225995
0.037715
0.037715
0.334453
0.334453
0.059385
0.059385
0.090382
0.090382
0.230501
0.230501
0.041751
0.041751
0.606022
0.606022
0.081879
0.081879
0.104747
0.104747
0.068193
0.068193
0.003336
0.003336
0.206320
0.206320
0.016596
0.016596
0.011836
0.011836
0.254357
0.254357
0.102674
0.102674
0.010359
0.010359
0.080174
0.080174
0.002028
0.002028
0.126229
0.126229
0.045744
0.045744
0.042326
0.042326
0.070581
0.070581
0.023594
0.023594
0.018913
0.018913
0.241063
0.241063
0.124004
0.124004
0.028617
0.028617
0.199507
0.199507
0.005215
0.005215
0.203442
0.203442
0.012245
0.012245
0.119613
0.119613
0.225356
0.225356
0.020520
0.020520
0.107739
0.107739
0.479933
0.479933
0.007444
0.007444
0.230473
0.230473
0.020970
0.020970
0.052722
0.052722
0.026959
0.026959
0.006519
0.006519
0.019729
0.019729
0.189292
0.189292
0.261539
0.261539
0.065890
0.065890
0.126236
0.126236
0.139613
0.139613
0.009613
0.009613
0.397097
0.397097
0.052874
0.052874
0.326372
0.326372
0.064733
0.064733
0.139317
0.139317
0.093890
0.093890
0.113777
0.113777
0.030147
0.030147
0.158387
0.158387
0.006337
0.006337
0.287799
0.287799
0.056303
0.056303
0.003196
0.003196
0.015196
0.015196
0.251275
0.251275
0.087157
0.087157
0.041158
0.041158
0.026398
0.026398
0.092090
0.092090
0.099006
0.099006
0.093601
0.093601
0.396049
0.396049
0.012733
0.012733
0.007190
0.007190
0.189160
0.189160
0.055509
0.055509
0.430141
0.430141
0.003162
0.003162
0.048271
0.048271
0.222607
0.222607
0.030978
0.030978
0.451693
0.451693
0.076416
0.076416
0.001857
0.001857
0.318751
0.318751
0.037232
0.037232
0.607325
0.607325
0.096239
0.096239
0.037023
0.037023
0.071121
0.071121
0.372761
0.372761
0.424674
0.424674
0.032564
0.032564
0.359871
0.359871
0.159096
0.159096
0.057657
0.057657
0.006638
0.006638
0.402217
0.402217
0.107964
0.107964
0.149388
0.149388
0.039378
0.039378
0.030967
0.030967
0.089075
0.089075
0.262745
0.262745
0.022747
0.022747
0.308178
0.308178
0.046002
0.046002
0.055822
0.055822
0.178593
0.178593
0.313262
0.313262
0.009991
0.009991
0.120748
0.120748
0.393656
0.393656
0.088853
0.088853
0.100302
0.100302
0.002898
0.002898
0.070089
0.070089
0.357550
0.357550
0.004139
0.004139
0.086028
0.086028
0.022405
0.022405
0.059273
0.059273
0.247265
0.247265
0.004233
0.004233
0.067736
0.067736
0.023864
0.023864
0.004575
0.004575
0.004636
0.004636
0.023171
0.023171
0.005335
0.005335
0.019335
0.019335
0.229325
0.229325
0.168915
0.168915
0.105271
0.105271
0.011344
0.011344
0.085258
0.085258
0.007835
0.007835
0.037571
0.037571
0.053740
0.053740
0.490945
0.490945
0.019489
0.019489
0.095923
0.095923
0.078650
0.078650
0.057091
0.057091
0.194722
0.194722
0.048306
0.048306
0.294993
0.294993
0.148569
0.148569
0.092456
0.092456
0.177417
0.177417
0.253101
0.253101
0.091803
0.091803
0.464445
0.464445
0.624893
0.624893
0.077789
0.077789
0.091133
0.091133
0.052092
0.052092
0.563487
0.563487
0.112153
0.112153
0.014197
0.014197
0.061310
0.061310
0.374684
0.374684
0.274717
0.274717
0.449413
0.449413
0.145762
0.145762
0.421513
0.421513
0.098502
0.098502
0.231508
0.231508
0.293845
0.293845
0.435485
0.435485
0.006952
0.006952
0.191068
0.191068
0.009736
0.009736
0.013621
0.013621
0.001222
0.001222
0.175490
0.175490
0.205765
0.205765
0.024157
0.024157
0.084099
0.084099
0.159877
0.159877
0.559963
0.559963
0.021897
0.021897
0.062323
0.062323
0.526097
0.526097
0.102015
0.102015
0.047343
0.047343
0.031321
0.031321
0.226112
0.226112
0.013544
0.013544
0.352247
0.352247
0.100262
0.100262
0.075376
0.075376
0.009992
0.009992
0.089337
0.089337
0.188430
0.188430
0.023890
0.023890
0.006074
0.006074
0.099529
0.099529
0.083660
0.083660
0.006449
0.006449
0.100493
0.100493
0.166669
0.166669
0.255147
0.255147
0.002044
0.002044
0.030270
0.030270
0.060357
0.060357
0.073669
0.073669
0.073260
0.073260
0.358926
0.358926
0.041836
0.041836
0.224873
0.224873
0.019824
0.019824
0.199745
0.199745
0.017103
0.017103
0.115714
0.115714
0.042700
0.042700
0.068460
0.068460
0.256167
0.256167
0.103999
0.103999
0.042124
0.042124
0.178332
0.178332
0.310006
0.310006
0.188648
0.188648
0.103793
0.103793
0.127824
0.127824
0.017743
0.017743
0.002237
0.002237
0.141696
0.141696
0.268325
0.268325
0.056479
0.056479
0.211354
0.211354
0.214000
0.214000
0.406813
0.406813
0.449849
0.449849
0.206589
0.206589
0.014676
0.014676
0.050487
0.050487
0.097639
0.097639
0.084248
0.084248
0.044947
0.044947
0.001147
0.001147
0.157386
0.157386
0.300390
0.300390
0.104230
0.104230
0.181791
0.181791
0.006966
0.006966
0.145777
0.145777
0.056615
0.056615
0.106706
0.106706
0.016886
0.016886
0.024956
0.024956
0.145544
0.145544
0.017765
0.017765
0.004344
0.004344
0.249923
0.249923
0.182881
0.182881
0.027898
0.027898
0.013874
0.013874
0.051492
0.051492
0.144305
0.144305
0.087941
0.087941
0.202692
0.202692
0.009091
0.009091
0.081916
0.081916
0.008192
0.008192
0.094608
0.094608
0.003757
0.003757
0.250564
0.250564
0.078749
0.078749
0.264479
0.264479
0.008115
0.008115
0.047972
0.047972
0.152009
0.152009
0.005892
0.005892
0.656030
0.656030
0.019730
0.019730
0.070841
0.070841
0.022313
0.022313
0.126394
0.126394
0.374300
0.374300
0.130412
0.130412
0.097595
0.097595
0.232433
0.232433
0.083481
0.083481
0.025627
0.025627
0.069223
0.069223
0.185004
0.185004
0.048261
0.048261
0.046823
0.046823
0.056791
0.056791
0.384940
0.384940
0.625113
0.625113
0.120757
0.120757
0.092553
0.092553
0.281946
0.281946
0.056654
0.056654
0.002499
0.002499
0.221318
0.221318
0.660715
0.660715
0.026345
0.026345
0.272134
0.272134
0.217524
0.217524
0.091057
0.091057
0.007579
0.007579
0.198105
0.198105
0.189270
0.189270
0.120972
0.120972
0.347664
0.347664
0.433946
0.433946
0.040318
0.040318
0.062620
0.062620
0.069376
0.069376
0.137370
0.137370
0.009519
0.009519
0.072855
0.072855
0.011210
0.011210
0.334869
0.334869
0.168688
0.168688
0.061475
0.061475
0.059720
0.059720
0.319526
0.319526
0.192809
0.192809
0.021715
0.021715
0.064137
0.064137
0.082168
0.082168
0.107916
0.107916
0.068610
0.068610
0.388672
0.388672
0.065570
0.065570
0.068238
0.068238
0.078974
0.078974
0.025676
0.025676
0.021660
0.021660
0.299519
0.299519
0.006310
0.006310
0.146666
0.146666
0.146379
0.146379
0.017390
0.017390
0.081693
0.081693
0.053048
0.053048
0.001390
0.001390
0.159542
0.159542
0.064946
0.064946
0.008422
0.008422
0.307538
0.307538
0.071592
0.071592
0.024076
0.024076
0.087776
0.087776
0.076367
0.076367
0.016504
0.016504
0.103627
0.103627
0.041700
0.041700
0.258114
0.258114
0.324115
0.324115
0.277451
0.277451
0.221760
0.221760
0.078618
0.078618
0.022574
0.022574
0.007178
0.007178
0.005006
0.005006
0.013801
0.013801
0.052390
0.052390
0.102752
0.102752
0.029370
0.029370
0.069192
0.069192
0.221603
0.221603
0.018291
0.018291
0.016496
0.016496
0.006684
0.006684
0.194210
0.194210
0.264292
0.264292
0.199930
0.199930
0.041752
0.041752
0.155063
0.155063
0.353112
0.353112
0.141592
0.141592
0.293175
0.293175
0.281663
0.281663
0.065292
0.065292
0.746980
0.746980
0.223701
0.223701
0.562995
0.562995
0.034478
0.034478
0.015077
0.015077
0.214730
0.214730
0.081199
0.081199
0.424176
0.424176
0.075300
0.075300
0.099492
0.099492
0.321408
0.321408
0.004794
0.004794
0.088289
0.088289
0.119957
0.119957
0.206706
0.206706
0.001201
0.001201
0.028661
0.028661
0.144283
0.144283
0.055064
0.055064
0.285100
0.285100
0.122716
0.122716
0.177885
0.177885
0.072811
0.072811
0.021118
0.021118
0.067803
0.067803
0.255976
0.255976
0.055705
0.055705
0.060613
0.060613
0.481772
0.481772
0.004788
0.004788
0.011144
0.011144
0.027345
0.027345
0.229283
0.229283
0.394608
0.394608
0.191314
0.191314
0.007837
0.007837
0.303736
0.303736
0.372905
0.372905
0.036048
0.036048
0.232486
0.232486
0.214746
0.214746
0.807948
0.807948
0.169799
0.169799
0.008889
0.008889
0.115769
0.115769
0.166370
0.166370
0.382222
0.382222
0.130971
0.130971
0.254766
0.254766
0.100570
0.100570
0.095533
0.095533
0.003173
0.003173
0.006466
0.006466
0.052301
0.052301
0.577915
0.577915
0.046689
0.046689
0.268377
0.268377
0.357460
0.357460
0.091235
0.091235
0.245021
0.245021
0.074144
0.074144
0.365701
0.365701
0.225071
0.225071
0.219913
0.219913
0.026484
0.026484
0.028868
0.028868
0.386817
0.386817
0.204415
0.204415
0.020521
0.020521
0.209309
0.209309
0.064116
0.064116
0.400063
0.400063
0.065863
0.065863
0.033817
0.033817
0.012640
0.012640
0.028723
0.028723
0.222420
0.222420
0.104245
0.104245
0.280545
0.280545
0.213366
0.213366
0.078430
0.078430
0.001127
0.001127
0.052673
0.052673
0.032764
0.032764
0.024049
0.024049
0.337251
0.337251
0.006885
0.006885
0.087943
0.087943
0.054677
0.054677
0.042848
0.042848
0.043804
0.043804
0.103290
0.103290
0.407248
0.407248
0.038264
0.038264
0.203801
0.203801
0.193424
0.193424
0.043282
0.043282
0.300252
0.300252
0.102871
0.102871
0.154643
0.154643
0.088979
0.088979
0.101401
0.101401
0.289545
0.289545
0.138721
0.138721
0.084782
0.084782
0.050283
0.050283
0.024929
0.024929
0.115449
0.115449
0.185659
0.185659
0.007673
0.007673
0.116764
0.116764
0.055453
0.055453
0.203484
0.203484
0.240260
0.240260
0.035213
0.035213
0.337200
0.337200
0.513849
0.513849
0.369803
0.369803
0.732617
0.732617
0.140154
0.140154
0.307408
0.307408
0.108385
0.108385
0.465314
0.465314
0.124432
0.124432
0.201745
0.201745
0.568431
0.568431
0.591897
0.591897
0.197033
0.197033
0.350672
0.350672
0.155600
0.155600
0.015153
0.015153
0.090273
0.090273
0.209696
0.209696
0.018318
0.018318
0.069145
0.069145
0.003629
0.003629
0.610906
0.610906
0.226075
0.226075
0.132984
0.132984
0.028723
0.028723
0.083219
0.083219
0.078796
0.078796
0.318815
0.318815
0.046035
0.046035
0.310763
0.310763
0.255134
0.255134
0.026106
0.026106
0.267431
0.267431
0.608782
0.608782
0.377270
0.377270
0.097300
0.097300
0.563150
0.563150
0.694534
0.694534
0.066513
0.066513
0.528284
0.528284
0.058971
0.058971
0.093771
0.093771
0.014403
0.014403
0.006570
0.006570
0.167198
0.167198
0.000608
0.000608
0.057955
0.057955
0.026753
0.026753
0.102553
0.102553
0.229415
0.229415
0.251702
0.251702
0.226648
0.226648
0.116817
0.116817
0.587507
0.587507
0.039874
0.039874
0.149626
0.149626
0.238604
0.238604
0.203755
0.203755
0.710187
0.710187
0.135031
0.135031
0.408249
0.408249
0.136905
0.136905
0.895626
0.895626
0.081436
0.081436
0.015505
0.015505
0.009208
0.009208
0.218661
0.218661
0.018278
0.018278
0.028096
0.028096
0.046519
0.046519
0.043532
0.043532
0.371245
0.371245
0.200595
0.200595
0.247195
0.247195
0.446259
0.446259
0.370895
0.370895
0.174225
0.174225
0.050139
0.050139
0.304161
0.304161
0.520680
0.520680
0.388463
0.388463
0.446560
0.446560
0.232353
0.232353
0.548927
0.548927
0.546264
0.546264
0.643642
0.643642
0.052870
0.052870
0.426321
0.426321
0.593608
0.593608
0.134146
0.134146
0.704913
0.704913
0.352498
0.352498
0.089665
0.089665
0.048114
0.048114
0.416903
0.416903
0.366695
0.366695
0.544991
0.544991
0.407492
0.407492
0.517228
0.517228
0.125864
0.125864
0.714422
0.714422
0.103555
0.103555
0.313372
0.313372
0.589206
0.589206
1.071622
1.071622
0.658691
0.658691
0.001868
0.001868
0.270660
0.270660
0.071058
0.071058
0.235739
0.235739
0.017187
0.017187
0.008027
0.008027
0.241278
0.241278
0.369383
0.369383
0.012130
0.012130
0.181968
0.181968
0.043987
0.043987
0.256615
0.256615
0.148176
0.148176
0.143339
0.143339
0.430770
0.430770
0.097577
0.097577
0.600433
0.600433
0.462307
0.462307
0.189859
0.189859
0.128848
0.128848
0.853228
0.853228
0.614053
0.614053
0.407992
0.407992
1.293404
1.293404
0.448925
0.448925
0.559710
0.559710
0.358770
0.358770
0.341151
0.341151
0.698899
0.698899
0.740519
0.740519
0.743262
0.743262
0.988989
0.988989
0.453824
0.453824
0.753339
0.753339
0.845893
0.845893
0.219638
0.219638
0.496193
0.496193
0.829188
0.829188
0.853980
0.853980
0.407214
0.407214
0.637769
0.637769
1.111029
1.111029
0.180296
0.180296
1.297223
1.297223
1.657579
1.657579
1.143343
1.143343
0.996432
0.996432
1.362132
1.362132
0.524227
0.524227
0.619604
0.619604
0.154407
0.154407
0.066355
0.066355
0.315871
0.315871
0.063277
0.063277
0.001740
0.001740
0.311468
0.311468
0.147144
0.147144
0.190605
0.190605
0.030607
0.030607
0.015296
0.015296
0.051917
0.051917
0.073311
0.073311
0.170195
0.170195
0.011662
0.011662
0.765781
0.765781
0.481454
0.481454
0.962118
0.962118
0.062531
0.062531
0.343905
0.343905
0.003658
0.003658
0.001073
0.001073
0.216316
0.216316
0.507381
0.507381
0.060934
0.060934
0.151284
0.151284
0.285327
0.285327
0.201861
0.201861
0.001791
0.001791
0.890288
0.890288
0.290123
0.290123
0.278540
0.278540
0.108107
0.108107
0.438570
0.438570
0.358885
0.358885
0.470066
0.470066
0.285284
0.285284
0.649532
0.649532
0.863870
0.863870
0.258410
0.258410
1.707347
1.707347
1.232122
1.232122
2.053082
2.053082
2.040758
2.040758
1.621502
1.621502
1.898976
1.898976
1.069932
1.069932
1.988059
1.988059
2.352390
2.352390
2.109928
2.109928
1.719857
1.719857
1.588412
1.588412
1.536451
1.536451
0.657773
0.657773
0.896052
0.896052
0.386820
0.386820
0.645203
0.645203
1.470739
1.470739
0.183847
0.183847
0.092567
0.092567
0.176509
0.176509
0.266460
0.266460
0.058684
0.058684
0.912732
0.912732
0.000640
0.000640
0.183460
0.183460
0.133126
0.133126
0.171234
0.171234
0.302702
0.302702
1.142628
1.142628
0.821229
0.821229
0.199013
0.199013
0.680535
0.680535
0.767438
0.767438
0.002107
0.002107
0.804192
0.804192
0.541528
0.541528
0.031108
0.031108
0.510223
0.510223
0.173820
0.173820
0.969737
0.969737
1.237016
1.237016
1.009399
1.009399
0.705395
0.705395
0.196459
0.196459
0.175486
0.175486
0.505443
0.505443
0.690419
0.690419
1.002929
1.002929
0.355884
0.355884
0.106007
0.106007
0.309249
0.309249
0.149977
0.149977
1.071458
1.071458
0.342631
0.342631
0.390048
0.390048
0.836496
0.836496
2.051609
2.051609
2.032824
2.032824
0.777068
0.777068
2.620541
2.620541
1.472845
1.472845
2.223651
2.223651
1.922060
1.922060
2.164446
2.164446
4.308918
4.308918
3.225053
3.225053
1.690150
1.690150
2.699899
2.699899
1.888640
1.888640
1.169719
1.169719
0.306558
0.306558
0.001599
0.001599
1.591754
1.591754
0.984949
0.984949
0.002531
0.002531
0.209198
0.209198
0.175974
0.175974
0.075437
0.075437
1.267758
1.267758
0.027250
0.027250
0.247522
0.247522
0.275144
0.275144
0.030606
0.030606
0.016336
0.016336
0.000012
0.000012
0.452017
0.452017
0.518919
0.518919
0.029450
0.029450
1.092186
1.092186
0.034345
0.034345
0.300507
0.300507
0.282368
0.282368
0.504586
0.504586
0.348626
0.348626
0.745039
0.745039
0.147114
0.147114
0.627221
0.627221
0.215717
0.215717
0.369390
0.369390
0.151084
0.151084
0.099357
0.099357
0.242343
0.242343
0.393273
0.393273
1.137335
1.137335
0.602579
0.602579
0.447467
0.447467
0.156343
0.156343
0.003632
0.003632
0.298836
0.298836
0.072950
0.072950
0.066252
0.066252
0.576211
0.576211
0.429945
0.429945
0.664737
0.664737
0.060371
0.060371
0.777666
0.777666
0.251086
0.251086
0.188563
0.188563
0.560179
0.560179
1.328871
1.328871
1.065669
1.065669
0.638382
0.638382
1.274629
1.274629
1.461279
1.461279
0.497746
0.497746
0.903253
0.903253
1.435435
1.435435
1.312649
1.312649
2.245633
2.245633
3.276455
3.276455
1.618629
1.618629
2.307111
2.307111
2.068583
2.068583
0.919240
0.919240
2.199693
2.199693
0.970918
0.970918
0.428730
0.428730
0.968334
0.968334
0.603496
0.603496
0.343392
0.343392
0.554058
0.554058
0.174940
0.174940
0.351579
0.351579
0.347134
0.347134
0.545796
0.545796
0.780207
0.780207
0.491834
0.491834
0.754033
0.754033
0.231133
0.231133
0.013796
0.013796
0.151444
0.151444
0.596238
0.596238
0.001564
0.001564
0.296537
0.296537
0.518906
0.518906
0.437541
0.437541
0.093205
0.093205
1.790975
1.790975
0.614611
0.614611
0.263492
0.263492
0.011110
0.011110
0.641605
0.641605
0.027469
0.027469
0.159452
0.159452
0.080214
0.080214
0.000082
0.000082
0.009821
0.009821
0.530553
0.530553
0.001385
0.001385
0.000185
0.000185
0.348994
0.348994
0.108104
0.108104
0.042806
0.042806
0.000623
0.000623
0.262821
0.262821
0.086521
0.086521
0.655959
0.655959
0.006106
0.006106
0.004542
0.004542
0.051718
0.051718
0.275393
0.275393
0.042405
0.042405
0.000013
0.000013
0.610025
0.610025
0.078081
0.078081
0.161010
0.161010
1.291488
1.291488
0.562670
0.562670
0.026358
0.026358
0.537857
0.537857
0.636224
0.636224
0.738945
0.738945
0.227314
0.227314
1.390285
1.390285
0.598140
0.598140
0.681026
0.681026
0.167397
0.167397
0.931437
0.931437
1.593853
1.593853
0.530451
0.530451
0.714323
0.714323
0.926874
0.926874
0.143538
0.143538
0.065696
0.065696
1.736995
1.736995
0.190676
0.190676
0.835822
0.835822
0.140954
0.140954
0.094363
0.094363
0.768906
0.768906
0.915724
0.915724
0.322526
0.322526
0.201818
0.201818
0.594677
0.594677
0.613060
0.613060
0.514889
0.514889
0.211929
0.211929
0.603162
0.603162
0.801472
0.801472
0.734846
0.734846
0.022341
0.022341
0.079554
0.079554
0.289005
0.289005
0.206799
0.206799
0.315449
0.315449
0.488865
0.488865
0.006733
0.006733
0.000208
0.000208
0.027098
0.027098
0.647543
0.647543
0.000165
0.000165
0.128053
0.128053
0.011759
0.011759
0.060845
0.060845
0.034285
0.034285
0.051510
0.051510
0.319485
0.319485
0.238412
0.238412
0.000241
0.000241
0.000372
0.000372
0.030670
0.030670
0.000442
0.000442
0.628149
0.628149
0.344926
0.344926
0.851207
0.851207
0.000599
0.000599
0.049929
0.049929
0.027946
0.027946
0.288271
0.288271
0.232108
0.232108
0.000009
0.000009
0.167933
0.167933
0.043209
0.043209
0.816619
0.816619
0.177465
0.177465
0.100866
0.100866
0.136449
0.136449
0.110182
0.110182
0.049046
0.049046
0.275489
0.275489
0.108036
0.108036
0.085989
0.085989
0.539917
0.539917
0.546256
0.546256
0.082988
0.082988
0.161750
0.161750
0.138705
0.138705
0.256563
0.256563
0.006529
0.006529
0.240221
0.240221
0.027488
0.027488
0.233010
0.233010
0.473500
0.473500
0.000993
0.000993
0.018891
0.018891
0.370222
0.370222
0.172337
0.172337
0.291833
0.291833
0.121088
0.121088
0.006981
0.006981
0.085700
0.085700
0.181829
0.181829
0.167778
0.167778
0.023863
0.023863
0.534937
0.534937
0.055904
0.055904
0.579878
0.579878
0.192292
0.192292
0.099823
0.099823
0.323124
0.323124
0.123739
0.123739
0.316599
0.316599
0.360115
0.360115
0.004621
0.004621
0.262658
0.262658
0.108235
0.108235
0.131199
0.131199
0.755254
0.755254
0.147182
0.147182
0.575952
0.575952
0.442749
0.442749
0.161862
0.161862
0.090468
0.090468
0.077009
0.077009
0.522371
0.522371
0.100816
0.100816
0.002392
0.002392
0.312793
0.312793
0.407320
0.407320
0.118424
0.118424
0.026311
0.026311
0.164125
0.164125
0.008702
0.008702
0.123394
0.123394
0.000931
0.000931
0.206639
0.206639
0.031002
0.031002
0.119329
0.119329
0.088788
0.088788
0.728140
0.728140
0.060347
0.060347
0.457544
0.457544
0.021661
0.021661
0.014466
0.014466
0.016225
0.016225
0.040282
0.040282
0.001036
0.001036
0.029980
0.029980
0.572546
0.572546
0.117835
0.117835
0.225581
0.225581
0.002306
0.002306
0.295666
0.295666
0.058421
0.058421
0.080451
0.080451
0.654995
0.654995
0.054378
0.054378
0.001388
0.001388
0.023647
0.023647
0.231132
0.231132
0.342444
0.342444
0.015477
0.015477
0.038653
0.038653
0.017135
0.017135
0.007985
0.007985
0.102163
0.102163
0.141313
0.141313
0.234222
0.234222
0.002065
0.002065
0.158379
0.158379
0.272609
0.272609
0.067220
0.067220
0.239720
0.239720
0.103891
0.103891
0.154615
0.154615
0.147437
0.147437
0.138458
0.138458
0.236482
0.236482
0.300852
0.300852
0.098756
0.098756
0.017989
0.017989
0.209766
0.209766
0.188884
0.188884
0.283905
0.283905
0.361190
0.361190
0.154814
0.154814
0.010636
0.010636
0.109338
0.109338
0.577499
0.577499
0.238708
0.238708
0.008936
0.008936
0.281490
0.281490
0.178311
0.178311
0.089318
0.089318
0.021232
0.021232
0.538765
0.538765
0.166404
0.166404
0.486432
0.486432
0.329289
0.329289
0.186478
0.186478
0.100647
0.100647
0.278052
0.278052
0.128625
0.128625
0.021065
0.021065
0.081372
0.081372
0.007375
0.007375
0.221131
0.221131
0.071264
0.071264
0.070662
0.070662
0.283814
0.283814
0.649744
0.649744
0.689964
0.689964
0.009750
0.009750
0.048745
0.048745
0.531605
0.531605
0.217724
0.217724
0.260051
0.260051
0.021995
0.021995
0.150590
0.150590
0.258129
0.258129
0.014804
0.014804
0.344549
0.344549
0.034729
0.034729
0.859137
0.859137
0.000806
0.000806
0.105666
0.105666
0.277174
0.277174
0.196159
0.196159
0.046960
0.046960
1.049946
1.049946
0.002837
0.002837
0.083493
0.083493
0.130898
0.130898
0.222707
0.222707
0.053716
0.053716
0.085576
0.085576
0.195306
0.195306
0.057702
0.057702
0.122967
0.122967
0.512456
0.512456
0.008291
0.008291
0.000110
0.000110
0.010322
0.010322
0.211317
0.211317
0.513993
0.513993
0.006076
0.006076
0.009210
0.009210
0.001129
0.001129
0.004929
0.004929
0.016985
0.016985
0.075241
0.075241
0.141372
0.141372
0.014795
0.014795
0.421915
0.421915
0.003716
0.003716
0.000773
0.000773
0.015949
0.015949
0.315250
0.315250
0.069267
0.069267
0.003564
0.003564
0.392181
0.392181
0.166875
0.166875
0.165567
0.165567
0.215595
0.215595
0.087869
0.087869
0.383528
0.383528
0.322849
0.322849
0.069546
0.069546
0.099008
0.099008
0.491253
0.491253
0.002672
0.002672
0.195435
0.195435
0.077994
0.077994
0.044423
0.044423
0.146773
0.146773
0.264307
0.264307
0.132023
0.132023
0.581587
0.581587
0.241633
0.241633
0.009066
0.009066
0.076432
0.076432
0.026403
0.026403
0.071125
0.071125
0.199861
0.199861
0.302503
0.302503
0.711252
0.711252
0.079216
0.079216
0.546631
0.546631
0.098268
0.098268
0.029341
0.029341
0.180532
0.180532
0.387093
0.387093
0.628249
0.628249
0.120757
0.120757
0.193349
0.193349
0.012787
0.012787
0.008078
0.008078
0.252359
0.252359
0.016053
0.016053
0.114417
0.114417
0.406254
0.406254
0.362832
0.362832
0.438488
0.438488
0.464640
0.464640
0.020903
0.020903
0.116746
0.116746
0.102354
0.102354
0.239469
0.239469
0.187836
0.187836
0.177111
0.177111
0.015399
0.015399
0.066000
0.066000
0.079593
0.079593
0.010557
0.010557
0.251188
0.251188
0.011777
0.011777
0.019243
0.019243
0.241630
0.241630
0.490130
0.490130
0.139495
0.139495
0.409457
0.409457
0.175612
0.175612
0.236940
0.236940
0.004856
0.004856
0.117305
0.117305
0.216468
0.216468
0.000229
0.000229
0.089164
0.089164
0.155398
0.155398
0.007184
0.007184
0.239173
0.239173
0.029649
0.029649
0.136694
0.136694
0.122751
0.122751
0.061375
0.061375
0.004755
0.004755
0.002451
0.002451
0.114822
0.114822
0.013196
0.013196
0.225776
0.225776
0.026370
0.026370
0.001341
0.001341
0.110775
0.110775
0.188361
0.188361
0.055431
0.055431
0.038838
0.038838
0.072173
0.072173
0.237179
0.237179
0.084611
0.084611
0.555665
0.555665
0.660541
0.660541
1.011542
1.011542
0.186600
0.186600
0.055747
0.055747
0.034325
0.034325
0.354668
0.354668
0.248821
0.248821
0.576550
0.576550
0.086332
0.086332
0.145766
0.145766
0.037678
0.037678
0.264040
0.264040
0.058173
0.058173
0.137711
0.137711
0.094094
0.094094
0.191714
0.191714
0.045848
0.045848
0.082626
0.082626
0.269878
0.269878
0.250873
0.250873
0.174056
0.174056
0.021946
0.021946
0.008336
0.008336
0.015435
0.015435
0.034528
0.034528
0.023012
0.023012
0.120122
0.120122
0.397776
0.397776
0.440924
0.440924
0.243578
0.243578
0.292610
0.292610
0.154971
0.154971
0.092784
0.092784
0.430952
0.430952
0.004505
0.004505
0.069356
0.069356
0.012755
0.012755
0.140108
0.140108
0.016836
0.016836
0.354034
0.354034
0.055555
0.055555
0.000597
0.000597
0.000145
0.000145
0.017086
0.017086
0.003548
0.003548
0.002188
0.002188
0.046294
0.046294
0.317407
0.317407
0.179557
0.179557
0.160498
0.160498
0.166652
0.166652
0.023843
0.023843
0.143839
0.143839
0.298568
0.298568
0.217651
0.217651
0.029806
0.029806
0.009534
0.009534
0.135316
0.135316
0.283321
0.283321
0.166622
0.166622
0.063621
0.063621
0.390935
0.390935
0.376736
0.376736
0.117440
0.117440
0.004064
0.004064
0.478331
0.478331
0.359945
0.359945
0.231627
0.231627
0.084165
0.084165
0.063689
0.063689
0.053361
0.053361
0.045467
0.045467
0.104128
0.104128
0.003830
0.003830
0.349973
0.349973
0.069121
0.069121
0.018135
0.018135
0.136523
0.136523
0.371886
0.371886
0.083927
0.083927
0.076337
0.076337
0.059804
0.059804
0.023489
0.023489
0.361161
0.361161
0.048976
0.048976
0.013494
0.013494
0.000787
0.000787
0.082522
0.082522
0.236811
0.236811
0.096414
0.096414
0.125625
0.125625
0.118971
0.118971
0.327538
0.327538
0.067235
0.067235
0.267970
0.267970
0.074223
0.074223
0.006836
0.006836
0.006053
0.006053
0.006959
0.006959
0.002629
0.002629
0.469662
0.469662
0.101446
0.101446
0.003419
0.003419
0.363230
0.363230
0.003496
0.003496
0.220321
0.220321
0.016103
0.016103
0.001144
0.001144
0.714145
0.714145
0.057347
0.057347
0.092657
0.092657
0.004504
0.004504
0.063788
0.063788
0.432870
0.432870
0.179013
0.179013
0.051313
0.051313
0.083534
0.083534
0.094327
0.094327
0.453170
0.453170
0.035072
0.035072
0.432309
0.432309
0.028886
0.028886
0.038557
0.038557
0.205349
0.205349
0.005291
0.005291
0.062126
0.062126
0.026701
0.026701
0.027453
0.027453
0.101589
0.101589
0.043203
0.043203
0.221541
0.221541
0.314035
0.314035
0.214723
0.214723
0.355404
0.355404
0.106037
0.106037
0.060947
0.060947
0.019918
0.019918
0.107286
0.107286
0.403110
0.403110
0.489704
0.489704
0.181029
0.181029
0.212667
0.212667
0.221059
0.221059
0.027744
0.027744
0.041785
0.041785
0.022400
0.022400
0.004907
0.004907
0.044878
0.044878
0.633244
0.633244
0.025710
0.025710
0.160468
0.160468
0.022655
0.022655
0.170074
0.170074
0.034627
0.034627
0.184544
0.184544
0.554770
0.554770
0.024320
0.024320
0.000956
0.000956
0.071857
0.071857
0.308862
0.308862
0.018327
0.018327
0.130429
0.130429
0.102488
0.102488
0.076372
0.076372
0.032283
0.032283
0.045006
0.045006
0.002717
0.002717
0.021096
0.021096
0.056441
0.056441
0.156646
0.156646
0.067862
0.067862
0.059359
0.059359
0.071833
0.071833
0.267915
0.267915
0.026415
0.026415
0.221288
0.221288
0.360940
0.360940
0.384883
0.384883
0.373329
0.373329
0.082750
0.082750
0.373757
0.373757
0.333148
0.333148
0.001145
0.001145
0.152099
0.152099
0.263051
0.263051
0.123608
0.123608
0.031834
0.031834
0.227504
0.227504
0.031255
0.031255
0.128031
0.128031
0.076584
0.076584
0.002727
0.002727
0.156534
0.156534
0.106714
0.106714
0.166271
0.166271
0.155475
0.155475
0.022152
0.022152
0.034586
0.034586
0.002729
0.002729
0.159916
0.159916
0.288624
0.288624
0.005939
0.005939
0.013194
0.013194
0.315504
0.315504
0.004386
0.004386
0.030289
0.030289
0.355670
0.355670
0.009383
0.009383
0.095657
0.095657
0.104830
0.104830
0.149803
0.149803
0.553347
0.553347
0.031671
0.031671
0.122767
0.122767
0.164827
0.164827
0.038352
0.038352
0.166351
0.166351
0.176408
0.176408
0.256731
0.256731
0.005223
0.005223
0.101788
0.101788
0.229879
0.229879
0.114863
0.114863
0.011468
0.011468
0.526015
0.526015
0.017258
0.017258
0.114861
0.114861
0.050337
0.050337
0.007319
0.007319
0.013642
0.013642
0.050452
0.050452
0.166602
0.166602
0.325008
0.325008
0.280863
0.280863
0.125340
0.125340
0.008253
0.008253
0.096462
0.096462
0.182621
0.182621
0.075605
0.075605
0.012112
0.012112
0.060601
0.060601
0.405732
0.405732
0.457593
0.457593
0.024334
0.024334
0.044250
0.044250
0.071974
0.071974
0.018020
0.018020
0.241916
0.241916
0.295736
0.295736
0.043989
0.043989
0.004721
0.004721
0.101829
0.101829
0.058488
0.058488
0.028862
0.028862
0.019024
0.019024
0.014471
0.014471
0.057818
0.057818
0.050215
0.050215
0.033084
0.033084
0.016178
0.016178
0.147188
0.147188
0.031905
0.031905
0.013079
0.013079
0.029718
0.029718
0.010245
0.010245
0.027529
0.027529
0.075498
0.075498
0.486181
0.486181
0.132161
0.132161
0.189813
0.189813
0.392249
0.392249
0.020835
0.020835
0.105655
0.105655
0.235880
0.235880
0.033479
0.033479
0.059639
0.059639
0.106879
0.106879
0.010870
0.010870
0.185395
0.185395
0.018370
0.018370
0.265362
0.265362
0.015485
0.015485
0.143247
0.143247
0.202693
0.202693
0.112721
0.112721
0.093763
0.093763
0.013600
0.013600
0.128515
0.128515
0.432887
0.432887
0.152412
0.152412
0.412955
0.412955
0.005489
0.005489
0.142296
0.142296
0.786288
0.786288
0.185909
0.185909
0.081843
0.081843
0.033727
0.033727
0.334473
0.334473
0.013635
0.013635
0.151630
0.151630
0.707679
0.707679
0.096517
0.096517
0.184984
0.184984
0.528557
0.528557
0.106147
0.106147
0.028196
0.028196
0.103411
0.103411
0.087352
0.087352
0.286453
0.286453
0.064453
0.064453
0.022147
0.022147
0.024844
0.024844
0.108789
0.108789
0.162041
0.162041
0.008110
0.008110
0.485817
0.485817
0.101216
0.101216
0.542760
0.542760
0.007463
0.007463
0.106322
0.106322
0.263367
0.263367
0.028751
0.028751
0.082018
0.082018
0.081217
0.081217
0.125397
0.125397
0.115022
0.115022
0.483555
0.483555
0.097787
0.097787
0.056557
0.056557
0.005437
0.005437
0.049895
0.049895
0.108546
0.108546
0.040202
0.040202
0.327607
0.327607
0.015465
0.015465
0.327668
0.327668
0.017288
0.017288
0.123718
0.123718
0.050888
0.050888
0.247224
0.247224
0.161279
0.161279
0.590134
0.590134
0.342710
0.342710
0.002630
0.002630
0.403615
0.403615
0.132574
0.132574
0.015332
0.015332
0.026031
0.026031
0.013815
0.013815
0.016864
0.016864
0.015973
0.015973
0.580196
0.580196
0.040186
0.040186
0.025480
0.025480
0.047252
0.047252
0.263540
0.263540
0.086548
0.086548
0.033345
0.033345
0.008794
0.008794
0.034440
0.034440
0.103731
0.103731
0.073010
0.073010
0.087429
0.087429
0.041620
0.041620
0.459725
0.459725
0.339821
0.339821
0.089178
0.089178
0.023104
0.023104
0.005926
0.005926
0.204948
0.204948
0.299007
0.299007
0.108832
0.108832
0.064110
0.064110
0.156975
0.156975
0.019379
0.019379
0.074479
0.074479
0.076519
0.076519
0.216368
0.216368
0.086813
0.086813
0.114815
0.114815
0.226748
0.226748
0.319412
0.319412
0.191655
0.191655
0.002193
0.002193
0.123105
0.123105
0.003829
0.003829
0.335609
0.335609
0.041984
0.041984
0.120096
0.120096
0.365278
0.365278
0.142378
0.142378
0.172593
0.172593
0.106850
0.106850
0.179484
0.179484
0.199909
0.199909
0.131460
0.131460
0.104640
0.104640
0.066839
0.066839
0.201854
0.201854
0.087095
0.087095
0.024693
0.024693
0.025531
0.025531
0.425275
0.425275
0.039712
0.039712
0.438398
0.438398
0.188744
0.188744
0.058330
0.058330
0.006971
0.006971
0.008117
0.008117
0.018002
0.018002
0.117996
0.117996
0.031346
0.031346
0.069366
0.069366
0.026538
0.026538
0.014735
0.014735
0.115168
0.115168
0.038047
0.038047
0.512243
0.512243
0.140047
0.140047
0.015695
0.015695
0.149990
0.149990
0.321267
0.321267
0.133746
0.133746
0.076127
0.076127
0.081924
0.081924
0.004137
0.004137
0.057496
0.057496
0.002240
0.002240
0.113625
0.113625
0.000035
0.000035
0.413579
0.413579
0.133896
0.133896
0.013715
0.013715
0.189272
0.189272
0.011686
0.011686
0.031081
0.031081
0.143086
0.143086
0.037622
0.037622
0.035630
0.035630
0.006103
0.006103
0.001058
0.001058
0.155918
0.155918
0.127954
0.127954
0.219182
0.219182
0.181420
0.181420
0.159743
0.159743
0.129310
0.129310
0.100802
0.100802
0.079207
0.079207
0.059922
0.059922
0.030660
0.030660
0.162039
0.162039
0.181644
0.181644
0.063740
0.063740
0.260413
0.260413
0.120510
0.120510
0.384212
0.384212
0.106634
0.106634
0.134647
0.134647
0.211927
0.211927
0.080130
0.080130
0.088959
0.088959
0.020443
0.020443
0.005446
0.005446
0.045544
0.045544
0.228962
0.228962
0.235182
0.235182
0.019250
0.019250
0.085484
0.085484
0.606403
0.606403
0.060914
0.060914
0.245267
0.245267
0.114655
0.114655
0.064751
0.064751
0.047808
0.047808
0.003584
0.003584
0.207119
0.207119
0.204690
0.204690
0.010990
0.010990
0.035893
0.035893
0.013627
0.013627
0.042486
0.042486
0.110934
0.110934
0.456162
0.456162
0.077326
0.077326
0.010271
0.010271
0.091722
0.091722
0.043861
0.043861
0.074231
0.074231
0.017107
0.017107
0.031051
0.031051
0.041695
0.041695
0.004836
0.004836
0.137604
0.137604
0.222921
0.222921
0.092962
0.092962
0.307836
0.307836
0.005891
0.005891
0.039311
0.039311
0.420252
0.420252
0.050221
0.050221
0.331084
0.331084
0.017115
0.017115
0.380348
0.380348
0.382049
0.382049
0.651932
0.651932
0.056001
0.056001
0.081510
0.081510
0.264562
0.264562
0.655572
0.655572
0.047441
0.047441
0.028381
0.028381
0.023150
0.023150
0.065378
0.065378
0.009065
0.009065
0.050684
0.050684
0.363911
0.363911
0.271313
0.271313
0.135434
0.135434
0.055867
0.055867
0.127248
0.127248
0.129360
0.129360
0.078408
0.078408
0.070828
0.070828
0.670921
0.670921
0.401402
0.401402
0.106513
0.106513
0.031854
0.031854
0.100824
0.100824
0.031343
0.031343
0.245694
0.245694
0.060233
0.060233
0.210909
0.210909
0.347138
0.347138
0.093821
0.093821
0.048773
0.048773
0.274737
0.274737
0.147772
0.147772
0.049288
0.049288
0.343917
0.343917
0.000315
0.000315
0.228199
0.228199
0.037099
0.037099
0.141199
0.141199
0.030630
0.030630
0.180377
0.180377
0.139529
0.139529
0.014760
0.014760
0.187066
0.187066
0.102877
0.102877
0.085021
0.085021
0.001787
0.001787
0.005998
0.005998
0.077505
0.077505
0.015288
0.015288
0.059538
0.059538
0.315222
0.315222
0.017199
0.017199
0.013323
0.013323
0.181839
0.181839
0.073813
0.073813
0.066445
0.066445
0.239297
0.239297
0.105013
0.105013
0.565972
0.565972
0.129320
0.129320
0.849396
0.849396
0.025924
0.025924
0.044268
0.044268
0.010503
0.010503
0.244113
0.244113
0.166023
0.166023
0.057281
0.057281
0.214832
0.214832
0.185435
0.185435
0.006896
0.006896
0.036671
0.036671
0.049053
0.049053
0.081007
0.081007
0.447463
0.447463
0.227728
0.227728
0.003703
0.003703
0.026186
0.026186
0.170666
0.170666
0.002082
0.002082
0.118452
0.118452
0.143313
0.143313
0.106982
0.106982
0.027913
0.027913
0.070937
0.070937
0.041223
0.041223
0.142408
0.142408
0.652707
0.652707
0.223553
0.223553
0.088059
0.088059
0.563752
0.563752
0.614284
0.614284
0.084535
0.084535
0.035394
0.035394
0.133195
0.133195
0.178013
0.178013
0.013320
0.013320
0.026205
0.026205
0.152427
0.152427
0.013694
0.013694
0.062149
0.062149
0.170241
0.170241
0.286299
0.286299
0.038534
0.038534
0.142699
0.142699
0.180761
0.180761
1.116832
1.116832
0.345682
0.345682
0.233017
0.233017
0.484264
0.484264
0.406633
0.406633
0.290073
0.290073
0.089313
0.089313
0.327233
0.327233
0.077014
0.077014
0.586772
0.586772
0.083609
0.083609
0.858365
0.858365
0.049867
0.049867
0.130404
0.130404
0.004029
0.004029
0.551491
0.551491
0.203612
0.203612
0.006554
0.006554
0.010406
0.010406
0.090772
0.090772
0.074104
0.074104
0.142175
0.142175
0.041204
0.041204
0.029723
0.029723
0.019889
0.019889
0.057526
0.057526
0.344387
0.344387
0.002415
0.002415
0.171259
0.171259
0.077508
0.077508
0.384146
0.384146
0.110238
0.110238
0.008335
0.008335
0.009500
0.009500
0.003365
0.003365
0.218595
0.218595
0.016356
0.016356
0.119471
0.119471
0.225366
0.225366
0.008048
0.008048
1.393561
1.393561
0.004756
0.004756
0.001300
0.001300
0.156950
0.156950
0.120154
0.120154
0.036814
0.036814
0.355163
0.355163
0.593409
0.593409
0.267382
0.267382
0.214381
0.214381
0.803745
0.803745
0.155352
0.155352
0.400302
0.400302
0.689801
0.689801
1.325147
1.325147
1.885731
1.885731
1.077148
1.077148
0.773235
0.773235
0.184364
0.184364
0.528505
0.528505
0.282918
0.282918
0.076480
0.076480
0.035466
0.035466
0.063403
0.063403
0.473004
0.473004
0.751725
0.751725
0.792621
0.792621
0.075756
0.075756
0.178759
0.178759
0.263504
0.263504
0.618385
0.618385
0.008792
0.008792
0.149108
0.149108
0.276340
0.276340
0.169480
0.169480
0.177045
0.177045
0.129346
0.129346
0.078134
0.078134
0.005875
0.005875
0.167304
0.167304
0.110610
0.110610
0.059721
0.059721
0.126219
0.126219
0.163840
0.163840
0.001965
0.001965
0.017510
0.017510
0.161570
0.161570
0.000848
0.000848
0.075601
0.075601
0.114971
0.114971
0.341782
0.341782
0.003959
0.003959
0.102310
0.102310
0.012793
0.012793
0.204765
0.204765
0.010762
0.010762
0.178395
0.178395
0.233399
0.233399
0.433179
0.433179
0.016292
0.016292
0.575975
0.575975
0.386504
0.386504
0.173016
0.173016
0.146724
0.146724
0.439816
0.439816
0.548507
0.548507
0.933657
0.933657
0.450964
0.450964
0.347472
0.347472
0.959881
0.959881
0.316666
0.316666
0.368822
0.368822
0.381870
0.381870
0.410445
0.410445
0.272689
0.272689
0.226694
0.226694
0.646371
0.646371
0.027435
0.027435
0.838690
0.838690
0.322016
0.322016
0.199484
0.199484
1.499076
1.499076
0.462864
0.462864
0.082695
0.082695
0.436710
0.436710
0.259623
0.259623
0.412085
0.412085
0.405198
0.405198
0.051169
0.051169
0.040839
0.040839
0.028705
0.028705
0.405123
0.405123
0.045711
0.045711
0.094469
0.094469
0.002274
0.002274
0.207720
0.207720
0.150182
0.150182
0.023102
0.023102
0.104868
0.104868
0.006947
0.006947
0.031835
0.031835
0.085320
0.085320
0.421094
0.421094
0.977735
0.977735
0.089545
0.089545
0.000211
0.000211
0.528403
0.528403
0.385821
0.385821
0.067184
0.067184
0.603734
0.603734
0.229488
0.229488
0.026765
0.026765
0.069911
0.069911
0.249451
0.249451
0.027542
0.027542
0.171720
0.171720
0.203167
0.203167
0.223900
0.223900
1.553821
1.553821
0.757052
0.757052
0.771066
0.771066
1.239479
1.239479
0.990050
0.990050
0.469301
0.469301
0.871717
0.871717
0.259343
0.259343
0.100147
0.100147
0.230737
0.230737
0.790556
0.790556
0.553105
0.553105
0.150402
0.150402
0.253977
0.253977
0.783512
0.783512
0.175802
0.175802
0.777637
0.777637
0.793401
0.793401
0.369570
0.369570
0.927212
0.927212
0.547221
0.547221
0.786392
0.786392
1.008863
1.008863
0.687879
0.687879
0.335532
0.335532
0.187598
0.187598
1.244636
1.244636
0.704871
0.704871
0.451253
0.451253
0.749564
0.749564
0.874275
0.874275
1.300348
1.300348
0.368473
0.368473
0.012481
0.012481
0.078675
0.078675
0.028236
0.028236
0.526871
0.526871
0.159852
0.159852
0.017921
0.017921
0.043697
0.043697
0.031093
0.031093
0.048870
0.048870
0.080530
0.080530
0.719676
0.719676
0.038319
0.038319
0.082066
0.082066
0.070978
0.070978
0.157836
0.157836
0.006166
0.006166
0.282952
0.282952
0.002871
0.002871
0.023950
0.023950
0.008328
0.008328
0.112130
0.112130
0.028698
0.028698
0.226761
0.226761
0.336224
0.336224
0.008420
0.008420
0.303884
0.303884
0.345138
0.345138
0.473756
0.473756
0.288864
0.288864
1.368352
1.368352
0.168309
0.168309
0.448259
0.448259
0.488215
0.488215
0.730856
0.730856
0.656960
0.656960
0.211474
0.211474
0.485772
0.485772
0.467172
0.467172
0.046570
0.046570
0.291572
0.291572
0.366673
0.366673
0.212779
0.212779
0.288848
0.288848
0.716293
0.716293
1.190866
1.190866
0.728169
0.728169
0.637511
0.637511
0.966023
0.966023
0.585648
0.585648
0.609253
0.609253
1.014517
1.014517
0.828472
0.828472
0.549348
0.549348
1.248206
1.248206
0.505339
0.505339
1.244785
1.244785
1.141044
1.141044
0.642337
0.642337
0.646919
0.646919
0.623535
0.623535
0.086112
0.086112
0.126671
0.126671
0.520042
0.520042
0.319704
0.319704
0.202198
0.202198
0.155902
0.155902
0.201523
0.201523
0.592829
0.592829
0.610849
0.610849
0.428633
0.428633
0.658052
0.658052
0.000000
0.000000
0.007030
0.007030
0.282856
0.282856
0.029559
0.029559
0.022222
0.022222
0.000095
0.000095
0.228815
0.228815
0.024280
0.024280
0.255141
0.255141
0.034942
0.034942
0.157761
0.157761
0.394747
0.394747
0.392640
0.392640
0.833369
0.833369
0.284945
0.284945
0.035806
0.035806
0.219368
0.219368
0.793121
0.793121
0.014043
0.014043
0.132611
0.132611
0.073787
0.073787
0.297214
0.297214
0.003935
0.003935
1.010385
1.010385
0.711668
0.711668
0.015502
0.015502
0.029884
0.029884
0.265315
0.265315
0.151646
0.151646
0.105573
0.105573
0.141865
0.141865
0.141993
0.141993
0.151044
0.151044
1.303669
1.303669
0.431785
0.431785
0.197622
0.197622
1.276491
1.276491
0.311964
0.311964
0.157756
0.157756
1.174878
1.174878
0.988332
0.988332
1.343172
1.343172
1.273684
1.273684
0.832141
0.832141
0.513460
0.513460
1.388368
1.388368
1.609349
1.609349
1.357707
1.357707
1.579236
1.579236
0.374975
0.374975
1.308936
1.308936
0.388035
0.388035
0.650397
0.650397
0.361319
0.361319
0.811820
0.811820
0.728373
0.728373
0.277339
0.277339
0.446646
0.446646
0.182066
0.182066
0.288205
0.288205
0.319932
0.319932
0.011094
0.011094
0.024159
0.024159
0.001471
0.001471
0.010987
0.010987
0.166536
0.166536
0.228825
0.228825
0.085575
0.085575
0.878661
0.878661
0.376576
0.376576
0.133113
0.133113
0.223138
0.223138
0.130830
0.130830
0.037592
0.037592
0.520422
0.520422
0.002899
0.002899
0.281503
0.281503
0.937339
0.937339
0.004104
0.004104
0.268699
0.268699
0.817948
0.817948
0.384075
0.384075
0.537417
0.537417
0.307531
0.307531
0.001981
0.001981
0.207113
0.207113
0.509263
0.509263
0.000538
0.000538
0.467885
0.467885
0.053829
0.053829
0.001767
0.001767
0.041158
0.041158
0.110393
0.110393
0.419380
0.419380
0.125990
0.125990
0.402339
0.402339
0.489021
0.489021
0.953012
0.953012
0.258434
0.258434
0.414314
0.414314
0.883135
0.883135
0.215138
0.215138
0.489192
0.489192
0.832896
0.832896
1.121166
1.121166
1.002793
1.002793
1.337765
1.337765
1.133344
1.133344
0.941707
0.941707
0.399361
0.399361
0.195914
0.195914
0.002566
0.002566
0.484784
0.484784
0.567140
0.567140
0.479725
0.479725
0.813502
0.813502
0.184618
0.184618
0.285191
0.285191
0.026332
0.026332
0.151220
0.151220
0.484398
0.484398
0.047740
0.047740
0.169527
0.169527
0.141475
0.141475
0.239014
0.239014
0.039689
0.039689
0.000122
0.000122
0.203341
0.203341
0.020514
0.020514
0.788576
0.788576
0.385522
0.385522
0.142792
0.142792
0.105661
0.105661
0.474070
0.474070
0.184328
0.184328
0.134303
0.134303
0.065279
0.065279
0.027000
0.027000
0.003074
0.003074
0.097014
0.097014
0.132047
0.132047
0.963909
0.963909
0.317059
0.317059
0.461708
0.461708
1.150672
1.150672
0.407343
0.407343
0.130322
0.130322
0.019297
0.019297
0.459746
0.459746
0.028733
0.028733
0.918875
0.918875
0.028790
0.028790
0.003160
0.003160
0.034889
0.034889
0.052374
0.052374
0.002184
0.002184
0.638376
0.638376
0.009037
0.009037
0.146144
0.146144
0.326513
0.326513
0.315572
0.315572
0.045326
0.045326
0.162758
0.162758
0.013869
0.013869
0.019530
0.019530
0.136238
0.136238
0.601983
0.601983
0.112597
0.112597
0.872266
0.872266
0.591433
0.591433
0.343066
0.343066
0.290458
0.290458
0.479650
0.479650
0.236163
0.236163
0.537802
0.537802
0.212281
0.212281
0.496458
0.496458
0.004811
0.004811
0.263946
0.263946
0.018113
0.018113
0.580715
0.580715
0.011917
0.011917
0.052171
0.052171
0.151636
0.151636
0.010934
0.010934
0.052133
0.052133
0.008105
0.008105
0.003818
0.003818
0.124220
0.124220
0.133083
0.133083
0.243260
0.243260
0.668485
0.668485
0.213826
0.213826
0.212453
0.212453
0.490221
0.490221
0.034714
0.034714
0.063063
0.063063
0.223780
0.223780
0.609474
0.609474
0.249172
0.249172
0.196701
0.196701
0.254996
0.254996
0.330002
0.330002
0.300321
0.300321
0.058303
0.058303
0.812549
0.812549
0.034322
0.034322
0.095015
0.095015
0.011406
0.011406
0.203547
0.203547
0.458933
0.458933
0.124735
0.124735
0.101826
0.101826
0.102107
0.102107
0.041251
0.041251
0.370273
0.370273
0.108049
0.108049
0.019512
0.019512
0.208923
0.208923
0.028374
0.028374
0.000913
0.000913
0.146292
0.146292
0.000376
0.000376
0.363682
0.363682
0.159948
0.159948
0.415582
0.415582
0.074511
0.074511
0.311393
0.311393
0.257445
0.257445
0.415855
0.415855
0.373829
0.373829
0.160918
0.160918
0.316142
0.316142
0.043694
0.043694
0.031735
0.031735
0.056385
0.056385
0.038709
0.038709
0.267876
0.267876
0.227462
0.227462
0.606966
0.606966
0.498985
0.498985
0.054337
0.054337
0.290292
0.290292
0.000383
0.000383
0.000324
0.000324
0.310991
0.310991
0.244695
0.244695
0.188352
0.188352
0.136576
0.136576
0.202684
0.202684
0.268057
0.268057
0.037071
0.037071
0.000142
0.000142
0.147934
0.147934
0.017394
0.017394
0.095335
0.095335
0.098554
0.098554
0.467603
0.467603
0.035740
0.035740
0.066901
0.066901
0.048950
0.048950
0.151854
0.151854
0.242572
0.242572
0.086921
0.086921
0.018129
0.018129
0.168988
0.168988
0.102582
0.102582
0.091501
0.091501
0.024391
0.024391
0.020214
0.020214
0.062455
0.062455
0.001825
0.001825
0.002396
0.002396
0.055731
0.055731
0.013593
0.013593
0.022750
0.022750
0.174174
0.174174
0.066527
0.066527
0.025877
0.025877
0.085676
0.085676
0.041273
0.041273
0.193704
0.193704
0.061732
0.061732
0.053738
0.053738
0.002705
0.002705
0.242483
0.242483
0.337386
0.337386
0.411290
0.411290
0.218170
0.218170
0.020496
0.020496
0.024852
0.024852
0.087748
0.087748
0.178568
0.178568
0.438818
0.438818
0.236446
0.236446
0.326550
0.326550
0.159957
0.159957
0.017114
0.017114
0.304693
0.304693
0.049743
0.049743
0.292889
0.292889
0.055286
0.055286
0.180729
0.180729
0.026352
0.026352
0.251508
0.251508
0.136411
0.136411
0.295117
0.295117
0.062193
0.062193
0.617145
0.617145
0.198724
0.198724
0.551684
0.551684
0.237170
0.237170
0.182346
0.182346
0.359987
0.359987
0.113614
0.113614
0.001010
0.001010
0.177503
0.177503
0.207586
0.207586
0.337021
0.337021
0.416172
0.416172
0.239830
0.239830
0.230026
0.230026
0.189372
0.189372
0.179669
0.179669
0.417452
0.417452
0.004334
0.004334
0.004155
0.004155
0.072985
0.072985
0.531242
0.531242
0.000585
0.000585
0.145313
0.145313
0.074822
0.074822
0.805479
0.805479
0.084743
0.084743
0.006252
0.006252
0.130187
0.130187
0.449650
0.449650
0.108559
0.108559
0.002022
0.002022
0.119321
0.119321
0.705568
0.705568
0.225518
0.225518
0.019946
0.019946
0.357613
0.357613
0.167281
0.167281
0.104001
0.104001
0.485159
0.485159
0.063928
0.063928
0.090144
0.090144
0.032116
0.032116
0.250928
0.250928
0.051555
0.051555
0.012183
0.012183
0.037759
0.037759
0.181546
0.181546
0.093365
0.093365
0.300126
0.300126
0.013301
0.013301
0.096455
0.096455
0.120813
0.120813
0.473885
0.473885
0.229166
0.229166
0.008966
0.008966
0.178107
0.178107
0.217655
0.217655
0.152353
0.152353
0.433957
0.433957
0.001141
0.001141
0.066558
0.066558
0.187833
0.187833
0.105875
0.105875
0.621657
0.621657
0.613495
0.613495
0.005439
0.005439
0.372639
0.372639
0.018781
0.018781
0.039120
0.039120
0.229629
0.229629
0.169477
0.169477
0.687733
0.687733
0.006415
0.006415
0.001595
0.001595
0.272246
0.272246
0.002268
0.002268
0.132421
0.132421
0.031359
0.031359
0.173653
0.173653
0.014509
0.014509
0.011570
0.011570
0.010077
0.010077
0.366623
0.366623
0.175452
0.175452
0.581167
0.581167
0.029082
0.029082
0.000771
0.000771
0.005210
0.005210
0.044011
0.044011
0.027241
0.027241
0.075845
0.075845
0.344437
0.344437
0.446424
0.446424
0.233250
0.233250
0.022426
0.022426
0.091900
0.091900
0.302210
0.302210
0.010260
0.010260
0.120171
0.120171
0.000283
0.000283
0.292341
0.292341
0.175302
0.175302
0.006915
0.006915
0.093905
0.093905
0.014279
0.014279
0.025283
0.025283
0.118892
0.118892
0.310716
0.310716
0.098032
0.098032
0.208623
0.208623
0.060718
0.060718
0.194961
0.194961
0.226046
0.226046
0.137805
0.137805
0.005832
0.005832
0.228979
0.228979
0.207014
0.207014
0.004002
0.004002
0.178032
0.178032
0.123680
0.123680
0.042421
0.042421
0.100012
0.100012
0.343620
0.343620
0.428622
0.428622
0.280912
0.280912
0.164813
0.164813
0.424664
0.424664
0.066588
0.066588
0.117446
0.117446
0.109146
0.109146
0.105539
0.105539
0.021454
0.021454
0.003030
0.003030
0.077458
0.077458
0.259374
0.259374
0.185827
0.185827
0.142112
0.142112
0.037458
0.037458
0.050160
0.050160
0.018482
0.018482
0.053112
0.053112
0.009790
0.009790
0.002392
0.002392
0.045789
0.045789
0.296999
0.296999
0.505497
0.505497
0.138068
0.138068
0.002508
0.002508
0.077665
0.077665
0.043150
0.043150
0.876412
0.876412
0.231788
0.231788
0.036141
0.036141
0.392934
0.392934
0.044479
0.044479
0.523294
0.523294
0.051839
0.051839
0.070725
0.070725
0.361776
0.361776
0.036082
0.036082
0.013130
0.013130
0.067888
0.067888
0.098757
0.098757
0.078413
0.078413
0.076332
0.076332
0.007315
0.007315
0.006227
0.006227
0.111074
0.111074
0.465161
0.465161
0.212000
0.212000
0.161455
0.161455
0.164593
0.164593
0.174661
0.174661
0.400917
0.400917
0.257798
0.257798
0.117368
0.117368
0.506445
0.506445
0.269759
0.269759
0.109755
0.109755
0.159367
0.159367
0.354869
0.354869
0.282830
0.282830
0.005089
0.005089
0.273722
0.273722
0.003953
0.003953
0.197938
0.197938
0.205835
0.205835
0.215065
0.215065
0.011535
0.011535
0.015930
0.015930
0.002787
0.002787
0.188644
0.188644
0.059066
0.059066
0.078625
0.078625
0.059205
0.059205
0.073044
0.073044
0.409404
0.409404
0.059380
0.059380
0.147331
0.147331
0.007801
0.007801
0.137026
0.137026
0.005523
0.005523
0.064712
0.064712
0.006486
0.006486
0.003141
0.003141
0.454606
0.454606
0.181776
0.181776
0.003792
0.003792
0.158843
0.158843
0.014258
0.014258
0.108162
0.108162
0.090578
0.090578
0.842531
0.842531
0.052986
0.052986
0.309580
0.309580
0.103166
0.103166
0.237838
0.237838
0.156676
0.156676
0.000813
0.000813
0.023421
0.023421
0.053421
0.053421
0.066721
0.066721
0.001317
0.001317
0.095577
0.095577
0.057877
0.057877
0.006813
0.006813
0.176309
0.176309
0.105603
0.105603
0.000474
0.000474
0.005643
0.005643
0.022593
0.022593
0.288997
0.288997
0.380640
0.380640
0.005796
0.005796
0.214086
0.214086
0.033777
0.033777
0.075565
0.075565
0.249444
0.249444
0.344502
0.344502
0.234743
0.234743
0.146431
0.146431
0.293151
0.293151
0.028976
0.028976
0.176235
0.176235
0.111257
0.111257
0.106998
0.106998
0.025982
0.025982
0.001377
0.001377
0.153419
0.153419
0.178212
0.178212
0.161243
0.161243
0.030084
0.030084
0.049199
0.049199
0.059305
0.059305
0.010596
0.010596
0.011028
0.011028
0.196466
0.196466
0.275262
0.275262
0.034631
0.034631
0.015368
0.015368
0.520206
0.520206
0.220883
0.220883
0.142077
0.142077
0.028097
0.028097
0.012176
0.012176
0.119870
0.119870
0.002970
0.002970
0.007457
0.007457
0.012281
0.012281
0.306662
0.306662
0.187451
0.187451
0.017027
0.017027
0.020164
0.020164
0.288533
0.288533
0.117703
0.117703
0.022951
0.022951
0.024228
0.024228
0.027614
0.027614
0.001267
0.001267
0.413512
0.413512
0.096173
0.096173
0.719550
0.719550
0.057471
0.057471
0.007888
0.007888
0.275890
0.275890
0.112702
0.112702
0.036004
0.036004
0.143648
0.143648
0.067978
0.067978
0.154104
0.154104
0.117316
0.117316
0.303374
0.303374
0.007532
0.007532
0.140626
0.140626
0.021473
0.021473
0.294286
0.294286
0.167276
0.167276
0.004060
0.004060
0.178132
0.178132
0.253097
0.253097
0.010938
0.010938
0.158073
0.158073
0.019282
0.019282
0.014380
0.014380
0.466609
0.466609
0.007320
0.007320
0.003407
0.003407
0.223673
0.223673
0.060759
0.060759
0.032664
0.032664
0.678423
0.678423
0.082437
0.082437
0.026486
0.026486
0.081265
0.081265
0.039086
0.039086
0.133222
0.133222
0.084322
0.084322
0.026629
0.026629
0.043590
0.043590
0.040219
0.040219
0.336767
0.336767
0.090526
0.090526
0.147355
0.147355
0.003272
0.003272
0.134619
0.134619
0.289538
0.289538
0.229017
0.229017
0.567472
0.567472
0.153106
0.153106
0.348256
0.348256
0.408184
0.408184
0.057308
0.057308
0.117109
0.117109
0.698554
0.698554
0.428150
0.428150
0.151773
0.151773
0.004320
0.004320
0.381559
0.381559
0.119561
0.119561
0.075697
0.075697
0.187107
0.187107
0.049263
0.049263
0.060396
0.060396
0.317387
0.317387
0.044168
0.044168
0.010690
0.010690
0.079526
0.079526
0.079033
0.079033
0.101911
0.101911
0.257852
0.257852
0.187723
0.187723
0.324017
0.324017
0.088240
0.088240
0.000617
0.000617
0.000940
0.000940
0.130684
0.130684
0.144059
0.144059
0.162478
0.162478
0.000073
0.000073
0.016073
0.016073
0.057674
0.057674
0.178024
0.178024
0.161241
0.161241
0.097794
0.097794
0.043666
0.043666
0.009769
0.009769
0.503467
0.503467
0.055919
0.055919
0.427052
0.427052
0.090024
0.090024
0.057648
0.057648
0.129578
0.129578
0.186002
0.186002
0.004221
0.004221
0.212998
0.212998
0.019868
0.019868
0.265789
0.265789
0.089953
0.089953
0.224366
0.224366
0.072594
0.072594
0.124092
0.124092
0.351482
0.351482
0.171599
0.171599
0.077289
0.077289
0.088401
0.088401
0.593245
0.593245
0.622352
0.622352
0.302280
0.302280
0.094947
0.094947
0.577465
0.577465
0.302637
0.302637
0.143334
0.143334
0.018654
0.018654
0.689576
0.689576
0.035635
0.035635
0.042844
0.042844
0.631533
0.631533
0.210400
0.210400
0.225205
0.225205
0.476716
0.476716
0.013578
0.013578
0.013547
0.013547
0.136067
0.136067
0.001819
0.001819
0.069397
0.069397
0.194546
0.194546
0.032564
0.032564
0.227220
0.227220
0.424191
0.424191
0.646866
0.646866
0.014302
0.014302
0.021830
0.021830
0.062291
0.062291
0.123869
0.123869
0.126706
0.126706
0.104337
0.104337
0.001998
0.001998
0.080903
0.080903
0.001883
0.001883
0.068258
0.068258
0.314629
0.314629
0.039578
0.039578
0.004476
0.004476
0.050691
0.050691
0.344166
0.344166
0.005115
0.005115
0.002769
0.002769
0.628642
0.628642
0.139058
0.139058
0.067637
0.067637
0.294735
0.294735
0.329154
0.329154
0.397502
0.397502
0.200963
0.200963
0.361282
0.361282
0.576065
0.576065
0.670441
0.670441
0.315192
0.315192
0.331423
0.331423
0.331511
0.331511
0.171615
0.171615
0.192769
0.192769
0.188056
0.188056
0.105793
0.105793
0.029596
0.029596
0.038180
0.038180
0.239844
0.239844
0.043037
0.043037
0.148822
0.148822
0.005958
0.005958
0.029426
0.029426
0.078318
0.078318
0.206947
0.206947
0.129604
0.129604
0.038707
0.038707
0.112796
0.112796
0.107589
0.107589
0.095296
0.095296
0.376306
0.376306
0.031119
0.031119
0.177350
0.177350
0.001681
0.001681
0.306512
0.306512
0.124811
0.124811
0.203181
0.203181
0.541597
0.541597
0.213735
0.213735
0.202498
0.202498
0.015142
0.015142
1.044250
1.044250
0.186864
0.186864
0.406472
0.406472
0.037095
0.037095
0.387660
0.387660
0.069273
0.069273
0.129345
0.129345
0.359246
0.359246
0.162886
0.162886
0.105750
0.105750
0.390575
0.390575
0.066709
0.066709
0.008426
0.008426
0.008812
0.008812
0.127214
0.127214
0.289504
0.289504
0.264701
0.264701
0.639117
0.639117
0.176391
0.176391
0.272721
0.272721
0.694004
0.694004
0.630367
0.630367
0.267653
0.267653
0.399664
0.399664
1.233389
1.233389
1.000008
1.000008
0.761009
0.761009
0.193727
0.193727
0.340762
0.340762
0.241391
0.241391
0.176149
0.176149
0.031605
0.031605
0.017609
0.017609
0.445564
0.445564
0.013072
0.013072
0.217707
0.217707
0.009429
0.009429
0.103135
0.103135
0.108937
0.108937
0.015885
0.015885
0.160215
0.160215
0.474932
0.474932
0.226143
0.226143
0.562101
0.562101
0.211504
0.211504
0.091397
0.091397
0.276648
0.276648
0.005502
0.005502
0.767011
0.767011
0.206043
0.206043
0.142326
0.142326
0.085591
0.085591
0.215788
0.215788
0.177041
0.177041
0.599308
0.599308
0.067320
0.067320
0.242031
0.242031
0.299138
0.299138
0.248417
0.248417
0.340355
0.340355
0.602836
0.602836
0.480681
0.480681
0.284798
0.284798
0.119001
0.119001
0.301464
0.301464
0.626882
0.626882
0.162695
0.162695
0.666317
0.666317
0.007701
0.007701
0.427826
0.427826
0.916608
0.916608
0.585634
0.585634
0.483367
0.483367
0.364075
0.364075
0.244313
0.244313
1.407587
1.407587
0.228427
0.228427
0.291557
0.291557
1.180365
1.180365
0.482275
0.482275
1.282524
1.282524
0.371030
0.371030
0.427298
0.427298
0.471506
0.471506
0.534754
0.534754
0.003390
0.003390
0.276439
0.276439
0.240322
0.240322
0.116428
0.116428
0.068542
0.068542
0.429318
0.429318
0.150478
0.150478
0.260791
0.260791
0.640016
0.640016
0.238909
0.238909
0.193500
0.193500
0.472071
0.472071
0.000806
0.000806
0.279896
0.279896
0.127075
0.127075
0.060692
0.060692
0.186580
0.186580
0.229034
0.229034
0.065267
0.065267
0.136124
0.136124
0.132065
0.132065
0.042721
0.042721
0.020171
0.020171
0.400236
0.400236
0.146737
0.146737
0.074335
0.074335
2.088159
2.088159
0.061879
0.061879
0.308396
0.308396
0.362042
0.362042
0.835649
0.835649
0.856889
0.856889
0.060466
0.060466
0.769917
0.769917
0.034660
0.034660
0.188346
0.188346
0.010689
0.010689
0.767288
0.767288
0.257209
0.257209
0.081419
0.081419
0.057897
0.057897
0.007044
0.007044
0.095789
0.095789
0.129292
0.129292
0.334542
0.334542
0.114819
0.114819
0.501854
0.501854
0.096204
0.096204
0.115565
0.115565
0.359057
0.359057
0.002925
0.002925
1.298051
1.298051
0.972732
0.972732
0.885034
0.885034
0.502976
0.502976
0.331420
0.331420
0.330260
0.330260
0.026864
0.026864
0.809906
0.809906
0.442454
0.442454
0.695344
0.695344
0.618694
0.618694
0.026784
0.026784
0.136199
0.136199
0.363232
0.363232
0.141436
0.141436
1.101337
1.101337
0.348875
0.348875
0.148074
0.148074
0.447828
0.447828
0.067334
0.067334
0.427821
0.427821
0.320002
0.320002
0.092296
0.092296
0.101323
0.101323
0.812152
0.812152
0.042147
0.042147
0.559112
0.559112
0.582239
0.582239
0.195100
0.195100
0.496800
0.496800
0.820991
0.820991
0.194404
0.194404
1.157516
1.157516
0.849605
0.849605
0.711184
0.711184
0.688473
0.688473
1.982687
1.982687
1.262719
1.262719
0.476884
0.476884
0.010444
0.010444
0.611305
0.611305
0.245933
0.245933
0.916192
0.916192
0.017936
0.017936
0.105798
0.105798
0.025541
0.025541
0.116411
0.116411
0.008267
0.008267
0.026937
0.026937
0.038197
0.038197
0.015861
0.015861
0.014604
0.014604
0.060783
0.060783
0.146189
0.146189
0.184638
0.184638
0.051389
0.051389
0.132140
0.132140
0.722094
0.722094
0.198369
0.198369
0.075619
0.075619
0.533573
0.533573
1.471519
1.471519
0.244601
0.244601
0.882012
0.882012
0.317444
0.317444
1.043422
1.043422
0.575402
0.575402
0.829987
0.829987
0.264083
0.264083
0.076022
0.076022
0.191082
0.191082
0.830753
0.830753
0.257923
0.257923
0.391902
0.391902
0.463792
0.463792
0.766960
0.766960
0.160282
0.160282
0.297706
0.297706
0.265531
0.265531
0.584571
0.584571
0.102801
0.102801
1.357399
1.357399
0.104413
0.104413
0.567839
0.567839
1.200572
1.200572
0.202346
0.202346
0.619263
0.619263
0.296179
0.296179
0.461850
0.461850
0.979457
0.979457
0.966442
0.966442
1.168619
1.168619
0.682960
0.682960
0.134868
0.134868
0.606534
0.606534
0.080332
0.080332
0.638480
0.638480
0.278216
0.278216
0.070305
0.070305
0.119911
0.119911
0.106029
0.106029
0.218928
0.218928
0.126107
0.126107
0.001663
0.001663
0.008180
0.008180
0.285198
0.285198
0.040159
0.040159
0.196479
0.196479
0.024880
0.024880
0.016884
0.016884
0.261392
0.261392
0.055775
0.055775
0.000170
0.000170
0.434280
0.434280
0.548664
0.548664
1.401067
1.401067
0.302802
0.302802
0.199111
0.199111
0.405004
0.405004
1.186283
1.186283
0.446013
0.446013
0.201622
0.201622
0.269610
0.269610
0.153920
0.153920
0.769574
0.769574
0.191874
0.191874
0.596503
0.596503
0.257310
0.257310
0.597219
0.597219
0.225071
0.225071
0.131050
0.131050
1.079926
1.079926
0.490015
0.490015
0.208488
0.208488
0.055873
0.055873
0.371679
0.371679
1.289535
1.289535
0.314672
0.314672
0.057955
0.057955
0.088847
0.088847
0.193693
0.193693
0.049456
0.049456
0.546970
0.546970
0.561311
0.561311
0.321772
0.321772
0.151334
0.151334
0.429709
0.429709
0.984436
0.984436
0.315137
0.315137
0.094822
0.094822
0.545208
0.545208
0.590303
0.590303
0.125099
0.125099
0.533209
0.533209
0.436535
0.436535
0.365279
0.365279
0.292117
0.292117
0.526485
0.526485
0.120866
0.120866
0.717710
0.717710
0.453130
0.453130
0.170048
0.170048
0.479984
0.479984
0.181128
0.181128
0.065672
0.065672
0.333551
0.333551
0.175652
0.175652
0.061423
0.061423
0.001043
0.001043
0.393451
0.393451
0.193322
0.193322
0.317111
0.317111
0.155378
0.155378
0.464005
0.464005
0.018140
0.018140
0.019695
0.019695
0.558667
0.558667
0.000925
0.000925
0.000364
0.000364
0.211251
0.211251
0.566840
0.566840
0.078563
0.078563
0.000993
0.000993
0.566307
0.566307
0.095213
0.095213
0.104298
0.104298
0.534414
0.534414
0.302144
0.302144
0.098100
0.098100
0.312531
0.312531
0.172234
0.172234
0.308900
0.308900
0.324268
0.324268
0.231433
0.231433
0.383882
0.383882
1.162332
1.162332
0.002188
0.002188
0.003430
0.003430
0.021098
0.021098
0.238190
0.238190
0.253727
0.253727
0.088805
0.088805
0.294627
0.294627
0.344367
0.344367
0.045108
0.045108
0.618553
0.618553
0.099652
0.099652
0.036841
0.036841
0.323446
0.323446
0.689407
0.689407
0.088899
0.088899
0.146606
0.146606
0.216545
0.216545
0.411629
0.411629
0.269350
0.269350
0.415532
0.415532
0.028703
0.028703
0.642242
0.642242
0.348264
0.348264
0.716357
0.716357
0.121549
0.121549
0.354477
0.354477
0.321655
0.321655
0.195217
0.195217
0.003021
0.003021
0.448919
0.448919
0.500057
0.500057
0.312691
0.312691
0.012871
0.012871
0.264494
0.264494
0.164538
0.164538
0.004756
0.004756
0.031921
0.031921
0.074821
0.074821
0.033316
0.033316
0.324714
0.324714
0.000332
0.000332
0.001045
0.001045
0.284157
0.284157
0.110910
0.110910
0.170787
0.170787
0.087644
0.087644
0.102314
0.102314
0.084541
0.084541
0.005806
0.005806
0.146431
0.146431
0.002660
0.002660
0.130481
0.130481
0.314413
0.314413
0.626772
0.626772
0.127874
0.127874
0.049170
0.049170
0.023045
0.023045
0.004705
0.004705
0.122756
0.122756
0.035854
0.035854
0.002415
0.002415
0.025743
0.025743
0.354269
0.354269
0.901273
0.901273
0.091057
0.091057
0.386811
0.386811
0.320502
0.320502
0.024221
0.024221
0.137598
0.137598
0.112393
0.112393
0.032495
0.032495
0.009174
0.009174
0.067358
0.067358
0.144032
0.144032
0.451571
0.451571
0.092661
0.092661
0.182189
0.182189
0.447583
0.447583
0.674572
0.674572
0.051905
0.051905
0.043418
0.043418
0.012135
0.012135
0.533011
0.533011
0.043621
0.043621
0.493059
0.493059
0.154952
0.154952
0.176602
0.176602
0.120285
0.120285
0.001655
0.001655
0.345741
0.345741
0.402813
0.402813
0.028852
0.028852
0.462711
0.462711
0.068459
0.068459
0.038816
0.038816
0.003717
0.003717
0.121218
0.121218
0.019867
0.019867
0.415788
0.415788
0.406422
0.406422
0.003593
0.003593
0.017350
0.017350
0.410930
0.410930
0.272627
0.272627
0.203810
0.203810
0.002372
0.002372
0.051731
0.051731
0.059296
0.059296
0.020075
0.020075
0.141447
0.141447
0.212371
0.212371
0.112826
0.112826
0.016362
0.016362
0.025871
0.025871
0.142929
0.142929
0.048478
0.048478
0.342549
0.342549
0.016688
0.016688
0.003566
0.003566
0.000075
0.000075
0.134094
0.134094
0.005468
0.005468
0.257006
0.257006
0.059588
0.059588
0.174718
0.174718
0.091836
0.091836
0.065704
0.065704
0.004766
0.004766
0.224885
0.224885
0.075846
0.075846
1.130132
1.130132
0.259498
0.259498
0.023434
0.023434
0.245394
0.245394
0.058883
0.058883
0.122685
0.122685
0.079120
0.079120
0.004920
0.004920
0.298662
0.298662
0.221221
0.221221
0.039036
0.039036
0.158749
0.158749
0.129416
0.129416
0.009997
0.009997
0.260514
0.260514
0.270098
0.270098
0.087828
0.087828
0.369785
0.369785
0.228396
0.228396
0.013639
0.013639
0.475481
0.475481
0.014606
0.014606
0.340954
0.340954
0.065101
0.065101
0.090216
0.090216
0.112927
0.112927
0.004480
0.004480
0.100018
0.100018
0.298719
0.298719
0.256847
0.256847
0.005337
0.005337
0.164907
0.164907
0.332669
0.332669
0.177595
0.177595
0.473234
0.473234
0.070484
0.070484
0.205215
0.205215
0.110292
0.110292
0.529327
0.529327
0.247502
0.247502
0.201934
0.201934
0.031095
0.031095
0.065720
0.065720
0.032521
0.032521
0.011722
0.011722
0.006118
0.006118
0.209132
0.209132
0.001777
0.001777
0.053932
0.053932
0.199907
0.199907
0.321143
0.321143
0.124474
0.124474
0.093010
0.093010
0.030001
0.030001
0.170250
0.170250
0.064124
0.064124
0.033898
0.033898
0.476584
0.476584
0.035809
0.035809
0.256426
0.256426
0.009958
0.009958
0.002614
0.002614
0.253435
0.253435
0.096144
0.096144
0.037569
0.037569
0.116400
0.116400
0.141749
0.141749
0.058902
0.058902
0.043600
0.043600
0.024113
0.024113
0.001690
0.001690
0.407837
0.407837
0.398430
0.398430
0.011754
0.011754
0.002622
0.002622
0.389544
0.389544
0.305441
0.305441
0.002497
0.002497
0.462666
0.462666
0.119384
0.119384
0.008332
0.008332
0.840479
0.840479
0.113246
0.113246
0.007512
0.007512
0.001272
0.001272
0.010013
0.010013
0.122942
0.122942
0.028583
0.028583
0.339273
0.339273
0.142871
0.142871
0.074980
0.074980
0.021753
0.021753
0.152167
0.152167
0.000007
0.000007
0.007250
0.007250
0.019099
0.019099
0.024467
0.024467
0.337708
0.337708
0.058076
0.058076
0.120722
0.120722
0.368277
0.368277
0.464700
0.464700
0.150225
0.150225
0.122433
0.122433
0.122342
0.122342
0.004842
0.004842
0.408165
0.408165
0.157410
0.157410
0.145760
0.145760
0.455052
0.455052
0.078805
0.078805
0.349554
0.349554
0.936672
0.936672
0.112333
0.112333
0.001617
0.001617
0.186578
0.186578
0.436824
0.436824
0.451135
0.451135
0.359669
0.359669
0.150612
0.150612
0.320625
0.320625
0.242599
0.242599
0.139123
0.139123
0.061532
0.061532
0.285842
0.285842
0.120333
0.120333
0.154542
0.154542
0.073754
0.073754
0.055312
0.055312
0.006154
0.006154
0.076016
0.076016
0.074292
0.074292
0.048211
0.048211
0.023363
0.023363
0.133322
0.133322
0.033031
0.033031
0.007573
0.007573
0.423928
0.423928
0.110607
0.110607
0.127453
0.127453
0.002797
0.002797
0.005074
0.005074
0.174922
0.174922
0.144676
0.144676
0.002089
0.002089
0.029723
0.029723
0.151353
0.151353
0.370568
0.370568
0.012418
0.012418
0.034766
0.034766
0.041465
0.041465
0.355301
0.355301
0.100511
0.100511
0.005005
0.005005
0.077484
0.077484
0.002962
0.002962
0.027183
0.027183
0.287866
0.287866
0.004764
0.004764
0.400121
0.400121
0.014580
0.014580
0.028480
0.028480
0.119524
0.119524
0.004981
0.004981
0.172300
0.172300
0.170585
0.170585
0.115345
0.115345
0.338496
0.338496
0.246636
0.246636
1.011418
1.011418
0.423746
0.423746
0.193057
0.193057
0.157626
0.157626
0.243882
0.243882
0.070092
0.070092
0.164041
0.164041
0.354054
0.354054
0.185669
0.185669
0.023026
0.023026
0.110417
0.110417
0.017391
0.017391
0.064597
0.064597
0.071895
0.071895
0.005559
0.005559
0.422041
0.422041
0.203605
0.203605
0.020471
0.020471
0.107356
0.107356
0.131333
0.131333
0.141880
0.141880
0.127678
0.127678
0.004902
0.004902
0.007992
0.007992
0.021641
0.021641
0.170831
0.170831
0.013070
0.013070
0.010262
0.010262
0.247258
0.247258
0.080525
0.080525
0.002886
0.002886
0.063332
0.063332
0.022026
0.022026
0.052784
0.052784
0.191428
0.191428
0.133285
0.133285
0.008600
0.008600
0.040048
0.040048
0.042781
0.042781
0.002490
0.002490
0.240814
0.240814
0.074351
0.074351
0.438934
0.438934
0.024533
0.024533
0.312181
0.312181
0.008790
0.008790
0.030623
0.030623
0.011266
0.011266
0.003557
0.003557
0.269534
0.269534
0.278673
0.278673
0.060113
0.060113
0.286633
0.286633
0.031425
0.031425
0.006998
0.006998
0.009853
0.009853
0.492822
0.492822
0.017277
0.017277
0.046683
0.046683
0.048207
0.048207
0.003209
0.003209
0.148912
0.148912
0.608638
0.608638
0.017914
0.017914
0.131505
0.131505
0.090939
0.090939
0.251043
0.251043
0.048400
0.048400
0.070969
0.070969
0.207030
0.207030
0.071072
0.071072
0.286283
0.286283
0.260006
0.260006
0.030693
0.030693
0.010785
0.010785
0.396124
0.396124
0.026552
0.026552
0.179139
0.179139
0.375029
0.375029
0.027282
0.027282
0.118969
0.118969
0.058357
0.058357
0.049828
0.049828
0.013940
0.013940
0.099944
0.099944
0.232292
0.232292
0.432850
0.432850
0.223623
0.223623
0.114029
0.114029
0.087465
0.087465
0.100321
0.100321
0.212953
0.212953
0.016179
0.016179
0.045685
0.045685
0.051104
0.051104
0.049626
0.049626
0.021099
0.021099
0.355878
0.355878
0.045645
0.045645
0.026680
0.026680
0.058302
0.058302
0.044570
0.044570
0.163560
0.163560
0.278064
0.278064
0.115682
0.115682
0.042800
0.042800
0.032756
0.032756
0.011269
0.011269
0.075516
0.075516
0.094224
0.094224
0.173250
0.173250
0.294102
0.294102
0.067196
0.067196
0.082773
0.082773
0.320037
0.320037
0.008666
0.008666
0.202359
0.202359
0.371515
0.371515
0.015933
0.015933
0.494450
0.494450
0.086463
0.086463
0.388389
0.388389
0.212852
0.212852
0.038156
0.038156
0.078421
0.078421
0.077039
0.077039
0.038754
0.038754
0.093915
0.093915
0.002703
0.002703
0.002001
0.002001
0.513744
0.513744
0.183716
0.183716
0.024087
0.024087
0.257077
0.257077
0.012085
0.012085
0.039101
0.039101
0.047036
0.047036
0.082424
0.082424
0.143884
0.143884
0.575241
0.575241
0.031623
0.031623
0.446435
0.446435
0.447797
0.447797
0.179244
0.179244
0.269718
0.269718
0.073760
0.073760
0.001113
0.001113
0.365120
0.365120
0.074498
0.074498
0.138968
0.138968
0.008055
0.008055
0.067048
0.067048
0.043716
0.043716
0.052014
0.052014
0.043604
0.043604
0.013352
0.013352
0.065785
0.065785
0.206137
0.206137
0.088184
0.088184
0.033481
0.033481
0.099070
0.099070
0.071287
0.071287
0.242031
0.242031
0.013963
0.013963
0.073643
0.073643
0.220605
0.220605
0.032941
0.032941
0.159343
0.159343
0.010683
0.010683
0.009193
0.009193
0.213734
0.213734
0.106410
0.106410
0.344058
0.344058
0.156001
0.156001
0.118588
0.118588
0.013903
0.013903
0.013599
0.013599
0.406806
0.406806
0.135053
0.135053
0.211335
0.211335
0.123438
0.123438
0.203005
0.203005
0.237631
0.237631
0.020314
0.020314
0.315412
0.315412
0.000970
0.000970
0.030848
0.030848
0.016091
0.016091
0.024324
0.024324
0.020644
0.020644
0.004410
0.004410
0.369890
0.369890
0.045706
0.045706
0.010007
0.010007
0.060505
0.060505
0.130272
0.130272
0.287736
0.287736
0.006113
0.006113
0.459810
0.459810
0.270976
0.270976
0.005665
0.005665
0.050523
0.050523
0.110556
0.110556
0.204680
0.204680
0.011823
0.011823
0.096053
0.096053
0.011832
0.011832
0.181243
0.181243
0.096800
0.096800
0.168334
0.168334
0.061193
0.061193
0.117455
0.117455
0.486888
0.486888
0.795546
0.795546
0.215547
0.215547
0.128067
0.128067
0.040620
0.040620
0.090785
0.090785
0.592679
0.592679
0.491422
0.491422
0.631190
0.631190
0.030266
0.030266
0.200895
0.200895
0.130487
0.130487
0.260084
0.260084
0.087327
0.087327
0.059425
0.059425
0.014899
0.014899
0.161509
0.161509
0.112014
0.112014
0.349595
0.349595
0.222008
0.222008
0.012676
0.012676
0.012307
0.012307
0.056286
0.056286
0.073679
0.073679
0.005288
0.005288
0.072122
0.072122
0.021038
0.021038
0.008980
0.008980
0.322041
0.322041
0.363539
0.363539
0.282777
0.282777
0.114561
0.114561
0.129120
0.129120
0.078624
0.078624
0.023466
0.023466
0.083460
0.083460
0.062399
0.062399
0.045281
0.045281
0.002707
0.002707
0.066654
0.066654
0.193161
0.193161
0.058760
0.058760
0.395587
0.395587
0.116677
0.116677
0.053410
0.053410
0.000014
0.000014
0.149521
0.149521
0.029089
0.029089
0.164356
0.164356
0.078236
0.078236
0.027745
0.027745
0.210812
0.210812
0.132415
0.132415
0.069473
0.069473
0.149957
0.149957
0.014331
0.014331
0.040568
0.040568
0.160312
0.160312
0.276571
0.276571
0.078014
0.078014
0.347955
0.347955
0.795316
0.795316
0.110456
0.110456
0.213322
0.213322
0.551097
0.551097
0.003673
0.003673
0.110153
0.110153
0.134077
0.134077
0.119691
0.119691
0.189802
0.189802
0.007990
0.007990
0.090308
0.090308
0.048930
0.048930
0.020782
0.020782
0.226648
0.226648
0.160092
0.160092
0.195570
0.195570
0.498133
0.498133
0.135030
0.135030
0.289462
0.289462
0.144667
0.144667
0.016353
0.016353
0.085244
0.085244
0.106716
0.106716
0.307999
0.307999
0.926893
0.926893
0.387442
0.387442
0.137721
0.137721
0.006004
0.006004
0.007066
0.007066
0.219904
0.219904
0.052810
0.052810
0.122227
0.122227
0.174296
0.174296
0.326127
0.326127
0.007499
0.007499
0.020511
0.020511
0.245073
0.245073
0.036809
0.036809
0.117201
0.117201
0.026553
0.026553
0.216150
0.216150
0.043417
0.043417
0.346302
0.346302
0.711601
0.711601
0.001296
0.001296
0.003201
0.003201
0.060296
0.060296
0.187397
0.187397
0.486963
0.486963
0.380373
0.380373
0.434807
0.434807
0.386914
0.386914
0.294808
0.294808
0.191214
0.191214
0.103085
0.103085
0.124833
0.124833
0.083120
0.083120
0.271123
0.271123
0.035683
0.035683
0.014240
0.014240
0.309750
0.309750
0.005160
0.005160
0.215746
0.215746
0.694815
0.694815
0.426000
0.426000
0.038040
0.038040
0.075758
0.075758
0.137609
0.137609
0.031836
0.031836
0.117519
0.117519
0.196109
0.196109
0.181174
0.181174
0.487269
0.487269
0.365606
0.365606
0.014229
0.014229
0.230186
0.230186
0.320766
0.320766
0.307556
0.307556
0.296067
0.296067
0.003859
0.003859
0.093779
0.093779
0.298331
0.298331
0.248578
0.248578
0.003984
0.003984
0.033265
0.033265
0.060765
0.060765
0.006675
0.006675
0.015156
0.015156
0.014139
0.014139
0.002079
0.002079
0.219297
0.219297
0.005046
0.005046
0.164336
0.164336
0.009862
0.009862
0.273967
0.273967
0.012871
0.012871
0.129555
0.129555
0.014043
0.014043
0.355933
0.355933
0.387347
0.387347
0.317313
0.317313
0.377495
0.377495
0.563999
0.563999
0.286142
0.286142
0.443509
0.443509
1.271981
1.271981
0.387957
0.387957
0.084132
0.084132
0.026121
0.026121
0.074868
0.074868
0.109932
0.109932
0.024182
0.024182
0.087531
0.087531
0.113762
0.113762
0.127155
0.127155
0.145865
0.145865
0.074212
0.074212
0.296247
0.296247
0.202065
0.202065
0.124000
0.124000
0.091432
0.091432
0.194170
0.194170
0.253006
0.253006
0.103572
0.103572
0.080082
0.080082
0.528312
0.528312
0.366908
0.366908
0.241128
0.241128
0.302181
0.302181
0.723637
0.723637
0.124836
0.124836
0.294342
0.294342
0.148204
0.148204
0.146842
0.146842
0.042794
0.042794
0.081140
0.081140
0.058892
0.058892
0.103235
0.103235
0.001647
0.001647
0.002621
0.002621
0.006297
0.006297
0.000163
0.000163
0.002638
0.002638
0.002376
0.002376
0.569380
0.569380
0.250572
0.250572
0.314500
0.314500
0.096523
0.096523
0.145234
0.145234
0.008388
0.008388
1.312989
1.312989
0.320416
0.320416
1.977589
1.977589
0.343861
0.343861
0.805646
0.805646
0.353909
0.353909
0.157051
0.157051
0.511169
0.511169
0.500962
0.500962
0.442738
0.442738
0.010634
0.010634
0.192370
0.192370
0.582362
0.582362
0.005227
0.005227
0.053323
0.053323
0.191533
0.191533
0.467133
0.467133
0.024309
0.024309
0.018491
0.018491
0.080359
0.080359
0.381861
0.381861
0.188135
0.188135
0.182480
0.182480
0.069132
0.069132
0.482333
0.482333
0.294959
0.294959
0.385631
0.385631
0.986777
0.986777
0.203956
0.203956
0.395353
0.395353
0.137082
0.137082
0.302615
0.302615
0.398474
0.398474
0.285361
0.285361
0.239593
0.239593
0.562793
0.562793
0.174349
0.174349
0.486511
0.486511
0.446041
0.446041
0.234075
0.234075
0.512152
0.512152
0.552192
0.552192
0.793012
0.793012
0.285451
0.285451
0.012059
0.012059
0.285696
0.285696
0.165313
0.165313
0.164352
0.164352
0.130685
0.130685
0.358673
0.358673
0.133792
0.133792
0.016468
0.016468
0.021533
0.021533
0.232677
0.232677
0.753723
0.753723
0.365542
0.365542
0.000007
0.000007
0.653958
0.653958
0.538563
0.538563
0.617119
0.617119
0.596508
0.596508
0.124676
0.124676
1.405585
1.405585
0.360254
0.360254
0.559690
0.559690
0.281012
0.281012
0.308580
0.308580
0.542463
0.542463
0.003529
0.003529
0.001758
0.001758
0.023656
0.023656
0.107159
0.107159
0.001141
0.001141
0.198187
0.198187
0.070762
0.070762
0.011704
0.011704
0.000922
0.000922
0.227204
0.227204
0.053047
0.053047
0.192412
0.192412
0.123308
0.123308
0.382494
0.382494
0.080688
0.080688
0.636521
0.636521
0.110957
0.110957
0.383778
0.383778
0.239535
0.239535
0.826400
0.826400
0.635043
0.635043
0.090073
0.090073
0.110348
0.110348
0.146907
0.146907
0.024674
0.024674
0.492840
0.492840
0.276443
0.276443
0.371205
0.371205
0.410104
0.410104
0.530975
0.530975
0.265587
0.265587
0.085097
0.085097
0.673528
0.673528
1.076190
1.076190
0.071322
0.071322
0.335414
0.335414
0.121505
0.121505
0.329024
0.329024
0.507447
0.507447
0.294448
0.294448
0.309594
0.309594
0.597958
0.597958
0.104203
0.104203
0.380297
0.380297
0.330581
0.330581
0.031321
0.031321
0.986842
0.986842
0.730119
0.730119
0.804993
0.804993
0.445548
0.445548
0.206219
0.206219
0.566675
0.566675
0.633575
0.633575
0.890031
0.890031
0.453757
0.453757
0.255318
0.255318
0.034544
0.034544
0.869561
0.869561
0.629834
0.629834
0.004942
0.004942
0.089956
0.089956
0.018281
0.018281
0.033779
0.033779
0.005404
0.005404
0.043584
0.043584
0.003391
0.003391
0.141166
0.141166
0.099677
0.099677
0.001342
0.001342
0.016455
0.016455
0.134983
0.134983
0.003010
0.003010
0.000561
0.000561
0.237629
0.237629
0.003877
0.003877
0.228928
0.228928
0.201700
0.201700
1.025626
1.025626
0.519658
0.519658
0.014360
0.014360
0.294545
0.294545
0.054078
0.054078
0.490974
0.490974
0.139009
0.139009
0.240580
0.240580
0.107898
0.107898
0.682125
0.682125
0.235417
0.235417
0.212387
0.212387
0.977714
0.977714
0.326842
0.326842
0.014203
0.014203
0.197427
0.197427
0.264259
0.264259
0.249536
0.249536
0.395826
0.395826
0.038372
0.038372
0.112832
0.112832
0.452954
0.452954
0.062477
0.062477
0.104387
0.104387
0.018939
0.018939
0.001818
0.001818
0.127578
0.127578
0.596864
0.596864
0.006353
0.006353
0.227457
0.227457
0.399138
0.399138
0.292061
0.292061
0.167025
0.167025
0.565775
0.565775
0.137109
0.137109
0.311653
0.311653
0.319989
0.319989
0.740250
0.740250
0.250366
0.250366
0.586732
0.586732
0.004983
0.004983
0.247132
0.247132
0.455158
0.455158
0.077185
0.077185
0.077685
0.077685
0.258954
0.258954
0.011427
0.011427
0.098603
0.098603
0.258139
0.258139
0.179375
0.179375
0.167894
0.167894
0.017985
0.017985
0.383479
0.383479
0.226550
0.226550
0.022924
0.022924
0.043142
0.043142
0.071993
0.071993
0.014424
0.014424
0.099858
0.099858
0.473471
0.473471
0.005984
0.005984
0.695432
0.695432
0.100792
0.100792
0.333026
0.333026
0.343554
0.343554
0.002977
0.002977
0.108052
0.108052
0.182728
0.182728
0.348823
0.348823
0.419127
0.419127
0.596658
0.596658
0.300981
0.300981
0.547597
0.547597
0.110607
0.110607
0.014063
0.014063
0.136399
0.136399
0.399302
0.399302
0.086235
0.086235
0.068297
0.068297
0.275728
0.275728
0.028476
0.028476
0.520482
0.520482
0.009962
0.009962
0.088359
0.088359
0.020650
0.020650
0.007002
0.007002
0.351158
0.351158
0.022786
0.022786
0.030446
0.030446
0.122596
0.122596
0.004190
0.004190
0.000534
0.000534
0.559864
0.559864
0.009301
0.009301
0.294047
0.294047
0.035008
0.035008
0.394083
0.394083
0.023669
0.023669
0.025795
0.025795
0.023572
0.023572
0.238761
0.238761
0.103485
0.103485
0.110783
0.110783
0.011475
0.011475
0.043359
0.043359
0.073937
0.073937
0.204004
0.204004
0.073605
0.073605
0.086826
0.086826
0.145542
0.145542
0.104455
0.104455
0.030366
0.030366
0.072192
0.072192
0.559091
0.559091
0.091994
0.091994
0.528204
0.528204
0.041124
0.041124
0.005547
0.005547
0.107441
0.107441
0.108212
0.108212
0.151665
0.151665
0.417708
0.417708
0.725411
0.725411
0.609519
0.609519
0.228615
0.228615
0.453039
0.453039
0.464942
0.464942
0.347671
0.347671
0.169856
0.169856
0.043666
0.043666
0.493650
0.493650
0.039298
0.039298
0.002809
0.002809
0.003390
0.003390
0.748272
0.748272
0.387845
0.387845
0.144793
0.144793
0.339288
0.339288
0.050324
0.050324
0.219433
0.219433
0.009909
0.009909
0.003384
0.003384
0.045581
0.045581
0.029479
0.029479
0.317311
0.317311
0.143258
0.143258
0.131314
0.131314
0.103902
0.103902
0.069019
0.069019
0.161563
0.161563
0.073020
0.073020
0.038956
0.038956
0.001602
0.001602
0.002710
0.002710
0.123873
0.123873
0.274173
0.274173
0.008919
0.008919
0.208942
0.208942
0.118209
0.118209
0.004972
0.004972
0.106359
0.106359
0.042862
0.042862
0.065490
0.065490
0.405446
0.405446
0.305777
0.305777
0.018794
0.018794
0.042736
0.042736
0.040068
0.040068
0.037932
0.037932
0.136024
0.136024
0.030748
0.030748
0.157561
0.157561
0.108067
0.108067
0.245513
0.245513
0.212267
0.212267
0.318865
0.318865
0.161600
0.161600
0.032393
0.032393
0.402868
0.402868
0.135815
0.135815
0.005542
0.005542
0.233066
0.233066
0.114828
0.114828
0.060194
0.060194
0.017962
0.017962
0.585905
0.585905
0.069444
0.069444
0.555316
0.555316
0.878644
0.878644
0.019408
0.019408
0.122629
0.122629
0.026557
0.026557
0.018242
0.018242
0.177767
0.177767
0.226407
0.226407
0.012899
0.012899
0.010646
0.010646
0.071067
0.071067
0.205682
0.205682
0.191971
0.191971
0.010863
0.010863
0.153675
0.153675
0.046921
0.046921
0.100478
0.100478
0.244308
0.244308
0.141903
0.141903
0.070052
0.070052
0.028724
0.028724
0.054562
0.054562
0.234064
0.234064
0.039254
0.039254
0.214078
0.214078
0.003592
0.003592
0.003767
0.003767
0.104978
0.104978
0.059728
0.059728
0.111258
0.111258
0.163691
0.163691
0.123445
0.123445
0.073109
0.073109
0.078186
0.078186
0.011388
0.011388
0.084008
0.084008
0.054578
0.054578
0.002394
0.002394
0.143854
0.143854
0.035412
0.035412
0.647582
0.647582
0.786960
0.786960
0.139675
0.139675
0.179281
0.179281
0.004837
0.004837
0.002129
0.002129
0.323939
0.323939
0.297247
0.297247
0.018887
0.018887
0.114834
0.114834
0.060256
0.060256
0.369132
0.369132
0.165170
0.165170
0.455405
0.455405
0.109531
0.109531
0.234510
0.234510
0.207507
0.207507
0.002212
0.002212
0.143703
0.143703
0.206824
0.206824
0.052238
0.052238
0.165916
0.165916
0.358251
0.358251
0.156241
0.156241
0.197666
0.197666
0.435151
0.435151
0.110912
0.110912
0.541323
0.541323
0.020334
0.020334
0.054708
0.054708
0.449852
0.449852
0.608914
0.608914
0.296145
0.296145
0.038545
0.038545
0.072208
0.072208
0.580423
0.580423
0.243697
0.243697
0.244533
0.244533
0.568149
0.568149
0.402259
0.402259
0.006439
0.006439
0.005125
0.005125
0.165873
0.165873
0.141850
0.141850
0.024496
0.024496
0.063023
0.063023
0.003485
0.003485
0.314352
0.314352
0.067249
0.067249
0.027713
0.027713
0.468344
0.468344
0.082373
0.082373
0.002147
0.002147
0.000516
0.000516
0.052764
0.052764
0.003349
0.003349
0.138631
0.138631
0.001607
0.001607
0.034247
0.034247
0.085331
0.085331
0.005599
0.005599
0.008778
0.008778
0.128791
0.128791
0.085142
0.085142
0.185355
0.185355
0.244753
0.244753
0.246111
0.246111
0.079418
0.079418
0.288937
0.288937
0.173199
0.173199
0.001439
0.001439
0.183497
0.183497
0.273825
0.273825
0.271569
0.271569
0.187873
0.187873
0.149647
0.149647
0.239003
0.239003
0.027002
0.027002
0.660705
0.660705
0.056102
0.056102
0.247913
0.247913
0.260875
0.260875
0.471735
0.471735
0.134702
0.134702
0.421599
0.421599
0.089649
0.089649
0.005200
0.005200
0.640722
0.640722
0.098244
0.098244
0.049771
0.049771
0.189014
0.189014
0.115650
0.115650
0.087276
0.087276
0.002756
0.002756
0.017325
0.017325
0.231270
0.231270
0.007099
0.007099
0.165186
0.165186
0.209606
0.209606
0.105394
0.105394
0.075812
0.075812
0.020976
0.020976
0.156422
0.156422
0.353087
0.353087
0.123041
0.123041
0.132836
0.132836
0.014023
0.014023
0.082096
0.082096
0.016172
0.016172
0.205063
0.205063
0.151939
0.151939
0.009488
0.009488
0.346356
0.346356
0.000580
0.000580
0.205641
0.205641
0.001571
0.001571
0.058331
0.058331
0.036677
0.036677
0.001631
0.001631
0.007772
0.007772
0.133757
0.133757
0.217607
0.217607
0.059428
0.059428
0.030818
0.030818
0.012818
0.012818
0.001838
0.001838
0.155101
0.155101
0.483798
0.483798
0.002088
0.002088
0.093893
0.093893
0.365619
0.365619
0.051663
0.051663
0.009933
0.009933
0.023510
0.023510
0.016555
0.016555
0.274873
0.274873
0.011222
0.011222
0.138673
0.138673
0.234348
0.234348
0.015275
0.015275
0.145621
0.145621
0.139793
0.139793
0.063007
0.063007
0.284487
0.284487
0.004869
0.004869
0.111166
0.111166
0.025064
0.025064
0.000758
0.000758
0.086342
0.086342
0.516198
0.516198
0.186430
0.186430
0.078805
0.078805
0.003607
0.003607
0.006946
0.006946
0.243894
0.243894
0.238654
0.238654
0.159990
0.159990
0.202914
0.202914
0.048802
0.048802
0.254843
0.254843
0.029451
0.029451
0.148021
0.148021
0.030152
0.030152
0.307050
0.307050
0.039662
0.039662
0.028037
0.028037
0.033383
0.033383
0.285142
0.285142
0.115351
0.115351
0.076655
0.076655
0.455249
0.455249
0.027828
0.027828
0.060073
0.060073
0.769176
0.769176
0.163449
0.163449
0.021960
0.021960
0.102868
0.102868
0.002262
0.002262
0.193685
0.193685
0.021903
0.021903
0.069815
0.069815
0.154367
0.154367
0.313454
0.313454
0.163093
0.163093
0.029426
0.029426
0.447154
0.447154
0.188318
0.188318
0.146875
0.146875
0.053985
0.053985
0.258805
0.258805
0.115630
0.115630
0.181347
0.181347
0.047039
0.047039
0.109942
0.109942
0.171096
0.171096
0.419582
0.419582
0.042442
0.042442
0.010802
0.010802
0.670312
0.670312
0.005728
0.005728
0.126090
0.126090
0.036890
0.036890
0.038740
0.038740
0.030364
0.030364
0.006357
0.006357
0.306189
0.306189
0.451235
0.451235
0.043020
0.043020
0.092716
0.092716
0.054107
0.054107
0.221068
0.221068
0.138952
0.138952
0.177517
0.177517
0.018168
0.018168
0.001275
0.001275
0.184936
0.184936
0.046647
0.046647
0.034065
0.034065
0.053502
0.053502
0.042204
0.042204
0.004234
0.004234
0.067740
0.067740
0.298676
0.298676
0.013466
0.013466
0.046153
0.046153
0.009837
0.009837
0.179602
0.179602
0.361655
0.361655
0.261158
0.261158
0.005737
0.005737
0.174887
0.174887
0.122854
0.122854
0.145182
0.145182
0.102286
0.102286
0.281867
0.281867
0.213968
0.213968
0.040097
0.040097
0.153212
0.153212
0.304605
0.304605
0.079697
0.079697
0.040686
0.040686
0.453848
0.453848
0.180403
0.180403
0.072717
0.072717
0.196219
0.196219
0.051027
0.051027
0.023826
0.023826
0.095448
0.095448
0.137239
0.137239
0.161445
0.161445
0.290839
0.290839
0.121661
0.121661
0.170335
0.170335
0.109882
0.109882
0.116279
0.116279
0.001955
0.001955
0.164657
0.164657
0.401601
0.401601
0.527816
0.527816
0.019529
0.019529
0.191628
0.191628
0.067713
0.067713
0.040669
0.040669
0.058032
0.058032
0.065029
0.065029
0.052466
0.052466
0.161531
0.161531
0.313330
0.313330
0.356608
0.356608
0.006127
0.006127
0.144819
0.144819
0.180350
0.180350
0.077456
0.077456
0.243503
0.243503
0.024957
0.024957
0.000403
0.000403
0.011897
0.011897
0.026160
0.026160
0.052449
0.052449
0.026682
0.026682
0.146884
0.146884
0.372158
0.372158
0.185112
0.185112
0.084406
0.084406
0.084152
0.084152
0.006389
0.006389
0.095273
0.095273
0.176758
0.176758
0.049157
0.049157
0.235935
0.235935
0.389701
0.389701
0.039901
0.039901
0.210318
0.210318
0.236513
0.236513
0.421792
0.421792
0.270558
0.270558
0.007163
0.007163
0.110512
0.110512
0.220462
0.220462
0.291138
0.291138
0.115684
0.115684
0.115405
0.115405
0.329181
0.329181
0.143977
0.143977
0.143983
0.143983
0.340798
0.340798
0.069662
0.069662
0.326819
0.326819
0.036445
0.036445
0.015727
0.015727
0.223396
0.223396
0.110298
0.110298
0.068579
0.068579
0.123961
0.123961
0.010275
0.010275
0.009792
0.009792
0.032848
0.032848
0.301068
0.301068
0.003754
0.003754
0.030084
0.030084
0.358029
0.358029
0.122872
0.122872
0.054162
0.054162
0.010792
0.010792
0.092892
0.092892
0.092596
0.092596
0.072347
0.072347
0.129775
0.129775
0.131016
0.131016
0.013971
0.013971
0.001866
0.001866
0.046941
0.046941
0.059120
0.059120
0.055721
0.055721
0.024906
0.024906
0.064370
0.064370
0.154663
0.154663
0.305552
0.305552
0.002464
0.002464
0.118508
0.118508
0.055053
0.055053
0.007874
0.007874
0.005867
0.005867
0.145598
0.145598
0.170052
0.170052
0.256680
0.256680
0.425705
0.425705
0.239301
0.239301
0.119235
0.119235
0.029178
0.029178
0.010518
0.010518
0.198763
0.198763
0.110532
0.110532
0.203819
0.203819
0.015737
0.015737
0.065848
0.065848
0.343123
0.343123
0.402178
0.402178
0.146208
0.146208
0.433972
0.433972
0.014170
0.014170
0.099229
0.099229
0.347944
0.347944
0.131510
0.131510
0.019543
0.019543
0.091517
0.091517
0.158390
0.158390
0.034310
0.034310
0.081405
0.081405
0.220228
0.220228
0.076493
0.076493
0.092857
0.092857
0.049229
0.049229
0.037837
0.037837
0.198759
0.198759
0.005338
0.005338
0.248440
0.248440
0.000919
0.000919
0.342411
0.342411
0.201257
0.201257
0.137687
0.137687
0.349494
0.349494
0.282559
0.282559
0.022770
0.022770
0.073016
0.073016
0.204025
0.204025
0.001042
0.001042
0.001431
0.001431
0.056498
0.056498
0.030020
0.030020
0.185658
0.185658
0.065468
0.065468
0.004696
0.004696
0.101834
0.101834
0.025117
0.025117
0.121299
0.121299
0.023825
0.023825
0.027220
0.027220
0.008948
0.008948
0.018978
0.018978
0.168181
0.168181
0.024004
0.024004
0.006532
0.006532
0.412460
0.412460
0.034023
0.034023
0.087399
0.087399
0.140186
0.140186
0.078151
0.078151
0.194356
0.194356
0.017416
0.017416
0.262045
0.262045
1.277872
1.277872
0.251477
0.251477
0.541290
0.541290
0.200672
0.200672
0.094892
0.094892
0.106901
0.106901
0.336512
0.336512
0.123488
0.123488
0.208752
0.208752
0.131290
0.131290
0.356688
0.356688
0.091233
0.091233
0.150140
0.150140
0.025869
0.025869
0.036917
0.036917
0.049293
0.049293
0.028919
0.028919
0.004335
0.004335
0.186065
0.186065
0.054796
0.054796
0.069038
0.069038
0.162541
0.162541
0.550007
0.550007
0.216743
0.216743
0.003797
0.003797
0.061983
0.061983
0.418023
0.418023
0.056127
0.056127
0.009215
0.009215
0.132902
0.132902
0.059943
0.059943
0.061445
0.061445
0.293299
0.293299
0.150306
0.150306
0.049969
0.049969
0.000751
0.000751
0.118083
0.118083
0.003948
0.003948
0.317213
0.317213
0.100266
0.100266
0.005629
0.005629
0.075800
0.075800
0.003097
0.003097
0.004121
0.004121
0.064372
0.064372
0.024519
0.024519
0.069501
0.069501
0.145573
0.145573
0.019023
0.019023
0.158851
0.158851
0.000053
0.000053
0.050302
0.050302
0.056250
0.056250
0.042220
0.042220
0.248580
0.248580
0.007037
0.007037
0.043730
0.043730
0.046548
0.046548
0.309289
0.309289
0.092703
0.092703
0.290192
0.290192
0.033999
0.033999
0.051803
0.051803
0.098538
0.098538
0.041482
0.041482
0.266778
0.266778
0.041601
0.041601
0.493107
0.493107
0.136313
0.136313
0.160301
0.160301
0.135288
0.135288
0.286960
0.286960
0.174767
0.174767
0.005410
0.005410
0.057437
0.057437
0.004161
0.004161
0.491261
0.491261
0.072993
0.072993
0.006240
0.006240
0.025547
0.025547
0.024703
0.024703
0.245397
0.245397
0.231866
0.231866
0.134336
0.134336
0.209045
0.209045
0.070071
0.070071
0.144252
0.144252
0.154178
0.154178
0.012662
0.012662
0.143680
0.143680
0.071144
0.071144
0.139825
0.139825
0.005218
0.005218
0.046434
0.046434
0.188485
0.188485
0.060005
0.060005
0.129569
0.129569
0.104255
0.104255
0.130246
0.130246
0.032265
0.032265
0.389362
0.389362
0.017898
0.017898
0.270002
0.270002
0.525354
0.525354
0.106858
0.106858
0.414924
0.414924
0.042702
0.042702
0.086049
0.086049
0.062896
0.062896
0.385383
0.385383
0.352900
0.352900
0.355533
0.355533
0.442996
0.442996
0.043773
0.043773
0.608913
0.608913
0.486747
0.486747
0.020702
0.020702
0.184494
0.184494
0.149022
0.149022
0.252772
0.252772
0.085089
0.085089
0.072562
0.072562
0.031270
0.031270
0.051841
0.051841
0.035640
0.035640
0.046269
0.046269
0.143557
0.143557
0.041383
0.041383
0.001108
0.001108
0.313503
0.313503
0.018425
0.018425
0.018977
0.018977
0.357736
0.357736
0.192410
0.192410
0.165821
0.165821
0.055460
0.055460
0.048775
0.048775
0.232476
0.232476
0.030162
0.030162
0.005099
0.005099
0.098549
0.098549
0.021489
0.021489
0.017228
0.017228
0.261524
0.261524
0.016129
0.016129
0.024349
0.024349
0.017494
0.017494
0.232293
0.232293
0.029290
0.029290
0.086329
0.086329
0.146717
0.146717
0.142036
0.142036
0.011865
0.011865
0.119700
0.119700
0.146067
0.146067
0.313611
0.313611
0.015457
0.015457
0.213194
0.213194
0.032037
0.032037
0.053493
0.053493
0.111345
0.111345
0.000257
0.000257
0.051109
0.051109
0.008502
0.008502
0.011530
0.011530
0.512155
0.512155
0.006175
0.006175
0.050916
0.050916
0.250796
0.250796
0.455807
0.455807
0.012519
0.012519
0.196849
0.196849
0.032868
0.032868
0.035524
0.035524
0.259326
0.259326
0.176469
0.176469
0.207893
0.207893
0.097503
0.097503
0.148744
0.148744
0.020876
0.020876
0.015867
0.015867
0.298174
0.298174
0.030040
0.030040
0.075220
0.075220
0.015955
0.015955
0.056654
0.056654
0.052257
0.052257
0.081054
0.081054
0.072877
0.072877
0.268527
0.268527
0.064161
0.064161
0.129220
0.129220
0.173858
0.173858
0.352457
0.352457
0.126259
0.126259
0.549409
0.549409
0.050752
0.050752
0.060099
0.060099
0.068646
0.068646
0.070506
0.070506
0.397416
0.397416
0.231505
0.231505
0.757343
0.757343
0.031443
0.031443
0.244680
0.244680
0.394588
0.394588
0.162239
0.162239
0.096858
0.096858
0.008483
0.008483
0.288871
0.288871
0.313709
0.313709
0.145703
0.145703
0.097686
0.097686
0.106556
0.106556
0.042933
0.042933
0.145008
0.145008
0.329559
0.329559
0.011984
0.011984
0.009931
0.009931
0.022093
0.022093
0.211881
0.211881
0.100551
0.100551
0.063692
0.063692
0.238109
0.238109
0.056245
0.056245
0.103442
0.103442
0.098743
0.098743
0.202301
0.202301
0.257024
0.257024
0.361765
0.361765
0.076861
0.076861
0.059499
0.059499
0.116897
0.116897
0.094335
0.094335
0.084974
0.084974
0.138710
0.138710
0.015925
0.015925
0.042912
0.042912
0.026731
0.026731
0.044453
0.044453
0.014724
0.014724
0.014285
0.014285
0.212587
0.212587
0.066433
0.066433
0.212303
0.212303
0.064367
0.064367
1.173290
1.173290
0.010074
0.010074
0.239078
0.239078
0.286303
0.286303
0.309468
0.309468
0.342355
0.342355
0.277243
0.277243
0.354067
0.354067
0.124829
0.124829
0.885046
0.885046
0.301208
0.301208
0.203012
0.203012
0.162583
0.162583
0.021957
0.021957
0.173815
0.173815
0.067999
0.067999
0.003407
0.003407
0.123101
0.123101
0.146070
0.146070
0.250432
0.250432
0.025351
0.025351
0.176733
0.176733
0.077477
0.077477
0.307963
0.307963
0.144128
0.144128
0.074578
0.074578
0.759390
0.759390
0.201206
0.201206
0.166429
0.166429
0.068150
0.068150
0.053983
0.053983
0.360268
0.360268
0.337332
0.337332
0.054223
0.054223
0.223320
0.223320
0.459404
0.459404
0.090864
0.090864
0.237186
0.237186
0.132398
0.132398
0.729508
0.729508
0.031183
0.031183
0.014986
0.014986
0.268037
0.268037
0.016008
0.016008
0.026058
0.026058
0.121055
0.121055
0.135785
0.135785
0.104362
0.104362
0.125404
0.125404
0.022037
0.022037
0.208455
0.208455
0.072355
0.072355
0.282618
0.282618
0.535322
0.535322
0.226966
0.226966
0.971907
0.971907
0.576601
0.576601
0.310472
0.310472
0.563926
0.563926
0.830598
0.830598
0.586736
0.586736
0.808604
0.808604
0.286962
0.286962
0.883475
0.883475
0.193176
0.193176
0.131379
0.131379
0.004869
0.004869
0.429283
0.429283
0.016500
0.016500
0.232186
0.232186
0.033399
0.033399
0.194277
0.194277
0.047428
0.047428
0.035664
0.035664
0.104754
0.104754
0.217765
0.217765
0.053722
0.053722
0.000945
0.000945
0.133387
0.133387
0.080510
0.080510
0.040691
0.040691
0.198820
0.198820
0.369025
0.369025
0.788983
0.788983
0.153656
0.153656
0.118064
0.118064
0.029654
0.029654
0.083606
0.083606
0.227844
0.227844
0.066703
0.066703
0.222978
0.222978
0.402837
0.402837
0.042784
0.042784
0.581522
0.581522
0.026880
0.026880
0.051901
0.051901
0.236110
0.236110
0.008825
0.008825
0.486551
0.486551
0.051862
0.051862
0.112546
0.112546
0.006132
0.006132
0.092779
0.092779
0.021025
0.021025
0.110814
0.110814
0.166202
0.166202
0.470279
0.470279
0.530639
0.530639
0.173294
0.173294
0.607401
0.607401
0.266903
0.266903
0.255528
0.255528
0.562763
0.562763
0.445304
0.445304
0.032019
0.032019
0.522874
0.522874
0.278418
0.278418
0.412240
0.412240
0.739987
0.739987
0.029588
0.029588
0.354548
0.354548
0.489133
0.489133
0.477701
0.477701
0.252083
0.252083
0.039375
0.039375
0.126068
0.126068
0.059505
0.059505
0.535613
0.535613
0.141797
0.141797
0.450823
0.450823
0.139465
0.139465
0.484804
0.484804
0.029606
0.029606
0.126250
0.126250
0.045792
0.045792
0.002171
0.002171
0.179033
0.179033
0.796596
0.796596
0.131722
0.131722
0.093354
0.093354
0.181093
0.181093
0.030155
0.030155
0.378863
0.378863
0.179419
0.179419
0.484110
0.484110
0.056995
0.056995
0.299973
0.299973
0.131101
0.131101
0.539519
0.539519
0.921031
0.921031
0.194201
0.194201
0.513267
0.513267
0.354916
0.354916
0.459585
0.459585
0.144695
0.144695
0.136533
0.136533
0.014553
0.014553
0.312711
0.312711
0.014423
0.014423
0.056174
0.056174
0.254615
0.254615
0.001388
0.001388
0.316089
0.316089
0.148919
0.148919
0.807491
0.807491
0.166061
0.166061
0.138065
0.138065
0.228900
0.228900
1.116630
1.116630
0.308615
0.308615
0.213345
0.213345
0.131576
0.131576
0.187062
0.187062
0.215252
0.215252
0.176984
0.176984
0.008158
0.008158
0.384984
0.384984
0.712970
0.712970
0.492607
0.492607
0.291135
0.291135
0.151041
0.151041
0.213087
0.213087
0.097626
0.097626
0.242229
0.242229
0.495719
0.495719
0.714935
0.714935
0.316290
0.316290
0.656295
0.656295
0.031732
0.031732
0.025514
0.025514
0.036611
0.036611
0.107829
0.107829
0.309183
0.309183
0.131156
0.131156
0.876964
0.876964
0.083268
0.083268
0.451513
0.451513
0.461815
0.461815
0.020679
0.020679
0.214150
0.214150
0.253082
0.253082
0.390008
0.390008
0.096864
0.096864
1.271258
1.271258
0.003292
0.003292
0.373485
0.373485
0.077843
0.077843
0.277793
0.277793
0.275464
0.275464
0.330087
0.330087
0.679970
0.679970
0.032338
0.032338
0.012040
0.012040
0.078324
0.078324
0.012136
0.012136
0.702313
0.702313
0.416478
0.416478
0.057069
0.057069
0.023748
0.023748
0.129454
0.129454
0.908438
0.908438
0.104341
0.104341
0.076286
0.076286
0.257541
0.257541
0.155390
0.155390
0.165517
0.165517
0.346370
0.346370
0.090295
0.090295
0.217816
0.217816
0.266664
0.266664
0.084073
0.084073
0.397157
0.397157
0.233804
0.233804
0.125454
0.125454
0.240440
0.240440
0.388279
0.388279
0.267048
0.267048
0.474797
0.474797
1.363146
1.363146
0.342453
0.342453
0.177987
0.177987
0.556177
0.556177
0.778957
0.778957
0.241865
0.241865
0.294714
0.294714
0.320740
0.320740
0.682728
0.682728
0.183357
0.183357
0.003106
0.003106
0.436329
0.436329
0.052290
0.052290
0.282311
0.282311
0.354167
0.354167
0.314535
0.314535
0.908748
0.908748
0.604707
0.604707
0.627870
0.627870
0.410972
0.410972
0.232486
0.232486
0.177098
0.177098
0.406256
0.406256
0.454454
0.454454
0.151023
0.151023
0.642739
0.642739
0.006136
0.006136
0.015506
0.015506
0.291954
0.291954
0.119278
0.119278
0.006767
0.006767
0.003250
0.003250
0.137862
0.137862
0.022192
0.022192
0.000246
0.000246
0.043610
0.043610
0.396580
0.396580
0.155044
0.155044
0.089452
0.089452
0.022268
0.022268
0.046406
0.046406
0.193711
0.193711
0.095395
0.095395
0.299825
0.299825
0.126892
0.126892
0.344944
0.344944
0.121691
0.121691
0.767189
0.767189
0.539044
0.539044
0.220315
0.220315
0.021177
0.021177
0.250450
0.250450
0.157973
0.157973
0.119152
0.119152
0.443639
0.443639
0.530217
0.530217
0.346167
0.346167
0.694088
0.694088
0.865430
0.865430
0.520436
0.520436
0.300477
0.300477
0.248141
0.248141
0.532478
0.532478
0.211376
0.211376
0.535887
0.535887
0.749735
0.749735
0.543552
0.543552
0.969264
0.969264
0.466199
0.466199
0.140531
0.140531
0.953455
0.953455
1.056214
1.056214
0.481908
0.481908
0.631598
0.631598
0.102029
0.102029
0.544956
0.544956
0.072804
0.072804
0.691910
0.691910
0.146233
0.146233
0.493853
0.493853
0.572694
0.572694
0.028184
0.028184
0.075105
0.075105
0.304644
0.304644
0.365248
0.365248
0.006523
0.006523
0.194096
0.194096
0.006155
0.006155
0.046844
0.046844
0.031740
0.031740
0.591001
0.591001
0.000928
0.000928
0.012923
0.012923
0.134897
0.134897
0.175528
0.175528
0.008050
0.008050
0.007446
0.007446
0.138549
0.138549
0.345086
0.345086
0.078824
0.078824
0.559790
0.559790
0.000512
0.000512
0.210863
0.210863
0.182918
0.182918
0.178417
0.178417
0.351671
0.351671
0.110053
0.110053
0.118152
0.118152
0.444815
0.444815
0.371840
0.371840
0.075002
0.075002
0.150032
0.150032
0.157402
0.157402
0.132312
0.132312
0.280467
0.280467
0.454167
0.454167
0.840701
0.840701
0.492966
0.492966
0.664257
0.664257
0.844335
0.844335
0.370966
0.370966
0.389760
0.389760
0.567838
0.567838
0.689852
0.689852
0.375424
0.375424
0.601617
0.601617
0.563139
0.563139
0.386700
0.386700
0.909594
0.909594
0.678074
0.678074
0.658499
0.658499
0.072574
0.072574
0.093789
0.093789
0.776465
0.776465
0.032281
0.032281
0.332681
0.332681
0.145675
0.145675
0.077250
0.077250
0.035731
0.035731
0.307079
0.307079
0.303544
0.303544
0.043821
0.043821
0.115823
0.115823
0.049403
0.049403
0.048815
0.048815
0.048676
0.048676
0.017752
0.017752
0.002180
0.002180
0.001572
0.001572
0.027815
0.027815
0.112092
0.112092
0.198625
0.198625
0.061862
0.061862
0.033165
0.033165
0.002779
0.002779
0.065451
0.065451
0.038461
0.038461
0.345336
0.345336
0.038229
0.038229
0.002468
0.002468
0.000379
0.000379
0.036421
0.036421
0.112374
0.112374
0.013534
0.013534
0.020394
0.020394
0.001703
0.001703
0.535857
0.535857
0.000573
0.000573
0.154090
0.154090
0.054118
0.054118
0.494061
0.494061
0.106110
0.106110
0.130756
0.130756
0.064205
0.064205
0.788185
0.788185
0.319836
0.319836
0.338733
0.338733
0.428467
0.428467
0.493718
0.493718
0.181242
0.181242
0.596730
0.596730
0.561650
0.561650
0.733773
0.733773
0.974591
0.974591
0.278057
0.278057
0.638879
0.638879
0.290159
0.290159
0.739618
0.739618
0.990738
0.990738
0.168988
0.168988
0.553600
0.553600
0.622962
0.622962
0.724081
0.724081
1.736192
1.736192
0.329108
0.329108
0.925038
0.925038
0.330902
0.330902
0.201014
0.201014
0.193986
0.193986
0.177528
0.177528
0.437668
0.437668
0.233100
0.233100
0.054245
0.054245
0.078715
0.078715
0.500286
0.500286
0.003606
0.003606
0.010916
0.010916
0.297755
0.297755
0.000379
0.000379
0.382311
0.382311
0.269000
0.269000
0.000084
0.000084
0.022847
0.022847
0.130671
0.130671
0.165495
0.165495
0.022590
0.022590
0.084854
0.084854
0.367827
0.367827
0.052954
0.052954
0.020593
0.020593
0.003166
0.003166
0.457780
0.457780
0.040015
0.040015
0.025041
0.025041
0.002232
0.002232
0.084825
0.084825
0.072664
0.072664
0.315906
0.315906
0.218790
0.218790
0.104002
0.104002
0.038102
0.038102
0.210703
0.210703
0.000013
0.000013
0.190502
0.190502
0.237620
0.237620
0.012525
0.012525
0.121738
0.121738
0.292401
0.292401
0.029910
0.029910
0.149760
0.149760
0.218931
0.218931
0.418356
0.418356
0.465920
0.465920
0.404494
0.404494
0.734359
0.734359
0.064225
0.064225
0.158076
0.158076
0.366463
0.366463
0.219472
0.219472
0.518710
0.518710
0.178631
0.178631
0.535254
0.535254
0.038950
0.038950
0.159891
0.159891
0.229320
0.229320
0.267551
0.267551
0.484862
0.484862
0.623454
0.623454
0.067276
0.067276
0.285794
0.285794
0.060762
0.060762
0.262307
0.262307
0.110662
0.110662
0.104631
0.104631
0.021760
0.021760
0.125244
0.125244
0.019077
0.019077
0.521438
0.521438
0.281708
0.281708
0.189146
0.189146
0.085732
0.085732
0.070458
0.070458
0.011544
0.011544
0.045822
0.045822
0.074202
0.074202
0.062882
0.062882
0.199898
0.199898
0.169194
0.169194
0.087200
0.087200
0.003963
0.003963
0.399197
0.399197
0.051736
0.051736
0.000590
0.000590
0.111263
0.111263
0.144430
0.144430
0.206142
0.206142
0.110117
0.110117
0.418983
0.418983
0.383713
0.383713
0.116969
0.116969
0.113947
0.113947
0.002824
0.002824
0.097895
0.097895
0.005779
0.005779
0.411424
0.411424
0.086300
0.086300
0.029781
0.029781
0.441423
0.441423
0.164847
0.164847
0.088936
0.088936
0.008131
0.008131
0.056988
0.056988
0.056356
0.056356
0.046080
0.046080
0.020281
0.020281
0.002586
0.002586
0.011533
0.011533
0.719287
0.719287
0.095799
0.095799
0.172400
0.172400
0.055209
0.055209
0.161342
0.161342
0.305754
0.305754
0.030901
0.030901
0.406720
0.406720
0.345540
0.345540
0.315236
0.315236
0.693080
0.693080
0.578591
0.578591
0.055835
0.055835
0.001192
0.001192
0.122610
0.122610
0.229499
0.229499
0.047987
0.047987
0.005565
0.005565
0.775580
0.775580
0.469044
0.469044
0.296612
0.296612
0.015543
0.015543
0.147676
0.147676
0.106056
0.106056
0.022161
0.022161
0.387281
0.387281
0.064756
0.064756
0.008984
0.008984
0.018271
0.018271
0.007891
0.007891
0.049483
0.049483
0.071399
0.071399
0.117317
0.117317
0.232053
0.232053
0.339048
0.339048
0.015377
0.015377
0.000948
0.000948
0.001173
0.001173
0.178795
0.178795
0.005758
0.005758
0.301721
0.301721
0.494436
0.494436
0.352968
0.352968
0.032036
0.032036
0.030611
0.030611
0.021219
0.021219
0.105846
0.105846
0.067992
0.067992
0.156940
0.156940
0.387436
0.387436
0.439237
0.439237
0.007779
0.007779
0.070211
0.070211
0.077684
0.077684
0.254179
0.254179
0.005198
0.005198
0.011555
0.011555
0.246668
0.246668
0.086848
0.086848
0.103391
0.103391
0.080747
0.080747
0.164511
0.164511
0.080270
0.080270
0.391816
0.391816
0.194037
0.194037
0.059922
0.059922
0.019243
0.019243
0.388111
0.388111
0.319841
0.319841
0.002584
0.002584
0.269720
0.269720
0.401669
0.401669
0.080786
0.080786
0.213150
0.213150
0.555783
0.555783
0.670290
0.670290
0.042395
0.042395
0.274232
0.274232
0.186951
0.186951
0.089008
0.089008
0.209882
0.209882
0.094695
0.094695
0.111536
0.111536
0.045952
0.045952
0.028356
0.028356
0.040749
0.040749
0.360458
0.360458
0.101405
0.101405
0.002506
0.002506
0.267574
0.267574
0.270630
0.270630
0.122954
0.122954
0.457131
0.457131
0.049232
0.049232
0.005621
0.005621
0.135506
0.135506
0.033556
0.033556
0.057571
0.057571
0.027663
0.027663
0.022748
0.022748
0.006384
0.006384
0.361897
0.361897
0.093961
0.093961
0.116405
0.116405
0.068117
0.068117
0.119275
0.119275
0.070984
0.070984
0.583746
0.583746
0.027981
0.027981
0.005209
0.005209
0.117899
0.117899
0.044060
0.044060
0.080963
0.080963
0.040047
0.040047
0.035039
0.035039
0.025326
0.025326
0.051181
0.051181
0.031868
0.031868
0.383249
0.383249
0.009275
0.009275
0.026333
0.026333
0.094600
0.094600
0.050783
0.050783
0.213453
0.213453
0.333839
0.333839
0.036881
0.036881
0.498803
0.498803
0.293059
0.293059
0.410974
0.410974
0.029894
0.029894
0.069259
0.069259
0.364198
0.364198
0.095880
0.095880
0.005455
0.005455
0.121828
0.121828
0.061539
0.061539
0.104591
0.104591
0.510808
0.510808
0.039629
0.039629
0.086106
0.086106
0.238612
0.238612
0.189929
0.189929
0.040218
0.040218
0.009064
0.009064
0.006394
0.006394
0.101748
0.101748
0.400096
0.400096
0.000490
0.000490
0.024008
0.024008
0.031438
0.031438
0.408382
0.408382
0.336175
0.336175
0.184266
0.184266
0.003309
0.003309
0.013132
0.013132
0.206069
0.206069
0.023567
0.023567
0.041723
0.041723
0.213779
0.213779
0.270911
0.270911
0.040866
0.040866
0.194069
0.194069
0.132905
0.132905
0.054363
0.054363
0.332102
0.332102
0.186829
0.186829
0.178633
0.178633
0.439393
0.439393
0.050968
0.050968
0.019433
0.019433
0.270915
0.270915
0.070701
0.070701
0.044491
0.044491
0.058087
0.058087
0.087233
0.087233
0.373101
0.373101
0.326175
0.326175
0.230014
0.230014
0.151893
0.151893
0.286255
0.286255
0.009748
0.009748
0.091652
0.091652
0.007997
0.007997
0.065901
0.065901
0.206555
0.206555
0.158997
0.158997
0.074507
0.074507
0.290229
0.290229
0.401695
0.401695
0.265693
0.265693
0.003376
0.003376
0.477901
0.477901
0.227890
0.227890
0.081868
0.081868
0.046826
0.046826
0.258517
0.258517
0.086989
0.086989
0.313198
0.313198
0.071021
0.071021
0.005860
0.005860
0.033423
0.033423
0.006896
0.006896
0.022147
0.022147
0.418592
0.418592
0.005131
0.005131
0.159895
0.159895
0.023386
0.023386
0.171116
0.171116
0.117559
0.117559
0.220513
0.220513
0.000626
0.000626
0.161549
0.161549
0.002634
0.002634
0.055504
0.055504
0.077494
0.077494
0.001056
0.001056
0.285170
0.285170
0.006205
0.006205
0.009461
0.009461
0.111855
0.111855
0.013205
0.013205
0.023406
0.023406
0.028101
0.028101
0.103566
0.103566
0.012833
0.012833
0.003071
0.003071
0.024645
0.024645
0.177246
0.177246
0.052435
0.052435
0.009238
0.009238
0.006857
0.006857
0.074765
0.074765
0.001674
0.001674
0.263756
0.263756
0.006574
0.006574
0.400340
0.400340
0.037770
0.037770
0.638912
0.638912
0.005321
0.005321
0.279934
0.279934
0.017111
0.017111
0.347073
0.347073
0.099752
0.099752
0.006604
0.006604
0.369412
0.369412
0.094214
0.094214
0.020784
0.020784
0.068602
0.068602
0.261747
0.261747
0.056506
0.056506
0.649267
0.649267
0.111629
0.111629
0.089920
0.089920
0.406868
0.406868
0.302289
0.302289
0.291198
0.291198
0.260649
0.260649
0.035553
0.035553
0.000558
0.000558
0.317052
0.317052
0.248491
0.248491
0.103877
0.103877
0.071666
0.071666
0.148327
0.148327
0.020677
0.020677
0.032411
0.032411
0.023514
0.023514
0.167428
0.167428
0.008927
0.008927
0.087106
0.087106
0.072809
0.072809
0.101535
0.101535
0.225648
0.225648
0.096667
0.096667
0.025753
0.025753
0.051989
0.051989
0.009753
0.009753
0.023766
0.023766
0.018876
0.018876
0.003637
0.003637
0.082083
0.082083
0.058288
0.058288
0.121013
0.121013
0.076837
0.076837
0.086129
0.086129
0.003962
0.003962
0.014357
0.014357
0.357324
0.357324
0.033756
0.033756
0.006789
0.006789
0.093050
0.093050
0.023696
0.023696
0.065257
0.065257
0.384951
0.384951
0.509211
0.509211
0.009597
0.009597
0.176472
0.176472
0.167021
0.167021
0.013561
0.013561
0.180175
0.180175
0.227213
0.227213
0.275623
0.275623
0.280940
0.280940
0.052607
0.052607
0.025296
0.025296
0.257455
0.257455
0.410666
0.410666
0.265650
0.265650
0.128669
0.128669
0.266497
0.266497
0.009457
0.009457
0.292129
0.292129
0.328831
0.328831
0.207213
0.207213
0.673145
0.673145
0.555033
0.555033
0.396779
0.396779
0.362929
0.362929
0.003811
0.003811
0.285527
0.285527
0.038446
0.038446
0.177605
0.177605
0.167745
0.167745
0.062621
0.062621
0.233528
0.233528
0.381627
0.381627
0.136668
0.136668
0.185038
0.185038
0.383690
0.383690
0.163491
0.163491
0.095137
0.095137
0.038687
0.038687
0.035993
0.035993
0.025207
0.025207
0.006347
0.006347
0.192203
0.192203
0.011139
0.011139
0.097098
0.097098
0.103496
0.103496
0.031336
0.031336
0.265582
0.265582
0.002243
0.002243
0.008572
0.008572
0.059636
0.059636
0.317718
0.317718
0.016715
0.016715
0.009857
0.009857
0.002478
0.002478
0.048248
0.048248
0.029451
0.029451
0.479113
0.479113
0.224567
0.224567
0.092465
0.092465
0.196230
0.196230
0.243612
0.243612
0.088760
0.088760
0.314694
0.314694
0.087945
0.087945
0.858266
0.858266
0.452077
0.452077
0.510008
0.510008
0.167912
0.167912
0.101429
0.101429
0.070051
0.070051
0.337892
0.337892
0.013621
0.013621
0.004506
0.004506
0.268843
0.268843
0.030633
0.030633
0.000077
0.000077
0.010239
0.010239
0.172355
0.172355
0.025403
0.025403
0.003990
0.003990
0.002475
0.002475
0.037966
0.037966
0.105895
0.105895
0.197682
0.197682
0.049450
0.049450
0.059248
0.059248
0.203819
0.203819
0.177045
0.177045
0.152165
0.152165
0.079196
0.079196
0.166491
0.166491
0.482768
0.482768
0.037270
0.037270
0.134890
0.134890
0.558415
0.558415
0.014456
0.014456
0.045478
0.045478
0.165482
0.165482
0.135032
0.135032
0.025957
0.025957
0.315074
0.315074
0.196164
0.196164
0.463631
0.463631
0.025262
0.025262
0.070301
0.070301
0.127286
0.127286
0.189919
0.189919
0.043822
0.043822
0.470413
0.470413
1.024493
1.024493
0.483718
0.483718
0.855929
0.855929
1.846838
1.846838
0.522461
0.522461
0.454854
0.454854
0.333347
0.333347
1.410848
1.410848
0.454658
0.454658
0.411405
0.411405
0.012310
0.012310
0.189647
0.189647
0.046153
0.046153
0.132580
0.132580
0.093538
0.093538
0.046319
0.046319
0.074545
0.074545
0.233112
0.233112
0.108054
0.108054
0.002329
0.002329
0.231686
0.231686
0.155736
0.155736
0.702775
0.702775
0.889419
0.889419
0.110458
0.110458
0.154251
0.154251
0.065887
0.065887
0.857417
0.857417
0.469460
0.469460
0.282287
0.282287
0.211554
0.211554
0.353624
0.353624
0.034265
0.034265
0.053937
0.053937
0.246141
0.246141
0.044467
0.044467
0.041280
0.041280
0.175109
0.175109
0.246918
0.246918
0.361905
0.361905
0.025101
0.025101
0.423826
0.423826
0.002319
0.002319
0.017025
0.017025
0.280311
0.280311
0.065514
0.065514
0.334345
0.334345
0.236106
0.236106
0.354360
0.354360
0.176887
0.176887
0.181164
0.181164
0.085401
0.085401
0.154279
0.154279
0.485077
0.485077
0.562050
0.562050
0.705610
0.705610
0.909125
0.909125
0.398459
0.398459
1.835027
1.835027
0.210730
0.210730
1.140679
1.140679
1.447262
1.447262
0.261898
0.261898
0.470813
0.470813
0.222976
0.222976
0.003317
0.003317
0.394030
0.394030
0.178703
0.178703
0.463060
0.463060
0.349141
0.349141
0.497289
0.497289
0.413539
0.413539
0.160705
0.160705
0.005906
0.005906
0.002463
0.002463
0.448079
0.448079
0.110005
0.110005
0.000815
0.000815
0.195245
0.195245
0.318482
0.318482
0.525307
0.525307
0.135330
0.135330
0.260600
0.260600
0.027073
0.027073
0.088563
0.088563
0.174208
0.174208
0.335313
0.335313
0.006211
0.006211
0.063828
0.063828
0.756466
0.756466
0.742207
0.742207
0.581472
0.581472
0.250583
0.250583
0.498023
0.498023
0.173315
0.173315
1.013990
1.013990
1.034572
1.034572
0.726059
0.726059
1.200314
1.200314
0.630369
0.630369
0.861056
0.861056
0.174103
0.174103
0.343319
0.343319
0.174421
0.174421
0.311029
0.311029
0.117436
0.117436
0.144416
0.144416
0.006071
0.006071
0.119448
0.119448
0.000191
0.000191
0.007371
0.007371
0.049123
0.049123
0.186691
0.186691
0.363366
0.363366
0.071653
0.071653
0.259857
0.259857
0.407268
0.407268
0.992346
0.992346
0.011919
0.011919
0.752958
0.752958
0.207515
0.207515
0.343450
0.343450
0.632693
0.632693
0.298896
0.298896
0.633912
0.633912
0.083121
0.083121
0.498724
0.498724
0.239666
0.239666
0.374837
0.374837
0.363333
0.363333
0.093766
0.093766
0.236065
0.236065
0.008884
0.008884
0.322371
0.322371
0.115714
0.115714
0.857398
0.857398
0.158830
0.158830
0.228126
0.228126
0.023176
0.023176
0.084338
0.084338
0.186953
0.186953
0.080510
0.080510
0.347621
0.347621
0.011790
0.011790
0.711569
0.711569
0.558140
0.558140
0.703276
0.703276
1.088237
1.088237
1.038784
1.038784
0.328556
0.328556
0.609929
0.609929
0.080892
0.080892
0.625751
0.625751
0.472601
0.472601
1.442509
1.442509
0.849076
0.849076
0.242411
0.242411
0.001069
0.001069
0.177176
0.177176
0.246536
0.246536
0.241285
0.241285
0.012975
0.012975
0.123592
0.123592
0.016976
0.016976
0.173438
0.173438
0.616490
0.616490
0.000304
0.000304
0.280377
0.280377
0.305912
0.305912
0.044316
0.044316
0.074846
0.074846
0.435592
0.435592
0.123738
0.123738
0.000936
0.000936
0.052947
0.052947
0.169664
0.169664
0.138783
0.138783
1.042955
1.042955
0.493956
0.493956
0.004237
0.004237
0.902725
0.902725
0.443595
0.443595
1.070667
1.070667
1.264972
1.264972
0.468625
0.468625
0.145244
0.145244
0.113911
0.113911
0.402844
0.402844
0.516985
0.516985
0.729710
0.729710
0.474451
0.474451
0.297400
0.297400
0.163316
0.163316
0.123921
0.123921
0.594700
0.594700
0.677696
0.677696
0.319537
0.319537
0.532164
0.532164
0.273664
0.273664
0.396155
0.396155
0.170067
0.170067
0.377180
0.377180
0.461041
0.461041
0.599281
0.599281
0.365620
0.365620
0.709190
0.709190
0.171109
0.171109
0.292914
0.292914
0.602324
0.602324
0.590694
0.590694
0.251879
0.251879
0.939641
0.939641
0.035855
0.035855
0.371780
0.371780
0.256036
0.256036
0.218364
0.218364
0.140351
0.140351
0.278356
0.278356
0.129346
0.129346
0.316541
0.316541
0.366221
0.366221
0.061613
0.061613
0.000404
0.000404
0.138018
0.138018
0.013544
0.013544
0.140356
0.140356
0.073021
0.073021
0.011723
0.011723
0.201460
0.201460
0.002579
0.002579
0.016433
0.016433
0.188229
0.188229
0.161316
0.161316
0.061207
0.061207
0.227321
0.227321
0.167927
0.167927
0.663141
0.663141
0.133515
0.133515
0.716780
0.716780
0.540380
0.540380
0.141272
0.141272
0.092412
0.092412
0.200294
0.200294
0.617902
0.617902
0.727589
0.727589
0.138391
0.138391
0.692233
0.692233
0.542308
0.542308
0.544951
0.544951
0.278973
0.278973
0.020660
0.020660
0.241304
0.241304
0.645409
0.645409
0.275616
0.275616
0.110431
0.110431
0.334383
0.334383
0.115669
0.115669
0.401989
0.401989
0.246827
0.246827
0.620957
0.620957
0.057658
0.057658
0.063306
0.063306
0.369740
0.369740
0.404934
0.404934
0.516836
0.516836
0.463128
0.463128
0.658677
0.658677
0.896753
0.896753
0.098467
0.098467
0.329747
0.329747
0.342216
0.342216
0.825347
0.825347
0.882629
0.882629
0.238105
0.238105
0.839939
0.839939
0.014685
0.014685
0.368484
0.368484
0.046067
0.046067
0.160444
0.160444
0.079279
0.079279
0.017018
0.017018
0.033003
0.033003
0.196875
0.196875
0.683191
0.683191
0.025778
0.025778
0.572226
0.572226
0.011902
0.011902
0.038193
0.038193
0.033103
0.033103
0.043761
0.043761
0.000015
0.000015
0.047936
0.047936
0.029258
0.029258
0.087502
0.087502
0.228706
0.228706
0.050496
0.050496
0.006472
0.006472
0.299882
0.299882
0.071006
0.071006
1.486932
1.486932
0.021932
0.021932
0.056211
0.056211
0.345793
0.345793
0.000561
0.000561
0.210259
0.210259
0.093339
0.093339
0.041800
0.041800
0.005464
0.005464
0.319133
0.319133
0.154547
0.154547
0.147903
0.147903
0.003332
0.003332
0.222951
0.222951
0.089041
0.089041
0.668245
0.668245
0.098030
0.098030
0.365683
0.365683
0.630001
0.630001
0.217372
0.217372
0.117019
0.117019
0.343880
0.343880
0.588198
0.588198
0.134926
0.134926
0.095725
0.095725
0.041978
0.041978
1.039226
1.039226
0.442889
0.442889
0.099547
0.099547
0.093661
0.093661
0.260073
0.260073
0.641867
0.641867
0.033736
0.033736
0.375256
0.375256
1.043317
1.043317
0.208584
0.208584
0.081987
0.081987
0.353425
0.353425
0.149012
0.149012
0.312592
0.312592
0.031534
0.031534
0.162465
0.162465
0.058810
0.058810
0.024751
0.024751
0.036766
0.036766
0.008257
0.008257
0.026952
0.026952
0.010816
0.010816
0.074713
0.074713
0.012813
0.012813
0.361997
0.361997
0.028470
0.028470
0.176743
0.176743
0.000225
0.000225
0.051203
0.051203
0.316244
0.316244
0.003042
0.003042
0.177679
0.177679
0.009006
0.009006
0.441272
0.441272
0.106652
0.106652
0.050678
0.050678
0.068585
0.068585
0.006069
0.006069
0.103564
0.103564
0.008851
0.008851
0.077972
0.077972
0.540129
0.540129
0.020067
0.020067
0.001762
0.001762
0.071953
0.071953
0.033813
0.033813
0.174138
0.174138
0.200419
0.200419
0.084424
0.084424
0.006756
0.006756
0.013498
0.013498
0.330995
0.330995
0.173504
0.173504
0.121303
0.121303
0.101508
0.101508
1.051176
1.051176
0.218749
0.218749
0.108198
0.108198
0.263647
0.263647
0.390125
0.390125
0.178903
0.178903
0.548963
0.548963
0.061863
0.061863
0.159537
0.159537
0.122188
0.122188
0.143389
0.143389
0.293302
0.293302
0.082615
0.082615
0.203641
0.203641
0.190065
0.190065
0.183452
0.183452
0.123773
0.123773
0.073868
0.073868
0.180577
0.180577
0.397034
0.397034
0.094658
0.094658
0.082526
0.082526
0.232007
0.232007
0.008287
0.008287
0.214261
0.214261
0.018170
0.018170
0.459044
0.459044
0.023361
0.023361
0.488165
0.488165
0.180995
0.180995
0.000012
0.000012
0.066560
0.066560
0.159892
0.159892
0.057254
0.057254
0.094870
0.094870
0.633315
0.633315
0.014511
0.014511
0.005314
0.005314
0.339551
0.339551
0.717804
0.717804
0.052031
0.052031
0.070399
0.070399
0.075742
0.075742
0.131882
0.131882
0.038259
0.038259
0.598570
0.598570
0.332122
0.332122
0.124252
0.124252
0.059140
0.059140
0.440802
0.440802
0.194991
0.194991
0.079840
0.079840
0.013177
0.013177
0.006801
0.006801
0.196013
0.196013
0.098259
0.098259
0.344653
0.344653
0.444285
0.444285
0.082900
0.082900
0.179161
0.179161
0.154172
0.154172
0.212349
0.212349
0.169959
0.169959
0.192864
0.192864
0.022167
0.022167
0.046430
0.046430
0.117422
0.117422
0.025028
0.025028
0.649841
0.649841
0.003582
0.003582
0.131411
0.131411
0.046992
0.046992
0.217233
0.217233
0.129424
0.129424
0.004923
0.004923
0.099622
0.099622
0.139023
0.139023
0.337056
0.337056
0.014565
0.014565
0.215216
0.215216
0.004364
0.004364
0.314486
0.314486
0.052708
0.052708
0.048751
0.048751
0.148652
0.148652
0.030582
0.030582
0.420840
0.420840
0.017204
0.017204
0.007058
0.007058
0.651897
0.651897
0.098895
0.098895
0.005075
0.005075
0.136412
0.136412
0.083830
0.083830
0.082545
0.082545
0.045134
0.045134
0.007144
0.007144
0.006227
0.006227
0.093904
0.093904
0.038853
0.038853
0.029001
0.029001
0.003143
0.003143
0.043539
0.043539
0.102600
0.102600
0.041173
0.041173
0.209355
0.209355
0.137840
0.137840
0.076699
0.076699
0.051977
0.051977
0.309960
0.309960
0.188328
0.188328
0.038822
0.038822
0.330423
0.330423
0.262763
0.262763
0.188673
0.188673
0.087073
0.087073
0.077530
0.077530
0.044141
0.044141
0.141995
0.141995
0.554435
0.554435
0.139635
0.139635
0.002656
0.002656
0.032929
0.032929
0.438593
0.438593
0.070332
0.070332
0.019975
0.019975
0.015769
0.015769
0.453336
0.453336
0.185802
0.185802
0.007860
0.007860
0.006455
0.006455
0.002244
0.002244
0.335114
0.335114
0.085469
0.085469
0.068265
0.068265
0.054890
0.054890
0.091218
0.091218
0.030308
0.030308
0.627265
0.627265
0.101163
0.101163
0.040048
0.040048
0.000035
0.000035
0.069891
0.069891
0.012970
0.012970
0.032158
0.032158
0.111927
0.111927
0.116180
0.116180
0.666834
0.666834
0.067977
0.067977
0.355535
0.355535
0.089159
0.089159
0.004068
0.004068
0.018732
0.018732
0.084947
0.084947
0.104359
0.104359
0.442282
0.442282
0.029728
0.029728
0.006513
0.006513
0.161264
0.161264
0.735208
0.735208
0.392911
0.392911
0.140571
0.140571
0.019845
0.019845
0.023142
0.023142
0.162125
0.162125
0.039216
0.039216
0.155232
0.155232
0.141735
0.141735
0.018015
0.018015
0.033415
0.033415
0.312557
0.312557
0.014667
0.014667
0.107195
0.107195
0.115768
0.115768
0.208308
0.208308
0.346813
0.346813
0.087508
0.087508
0.056977
0.056977
0.684735
0.684735
0.297929
0.297929
0.255872
0.255872
0.207820
0.207820
0.166069
0.166069
0.011176
0.011176
0.126744
0.126744
0.076442
0.076442
0.106691
0.106691
0.176914
0.176914
0.243706
0.243706
0.386636
0.386636
0.254531
0.254531
0.015809
0.015809
0.079641
0.079641
0.307407
0.307407
0.117488
0.117488
0.016589
0.016589
0.037580
0.037580
0.152080
0.152080
0.023993
0.023993
0.052008
0.052008
0.032608
0.032608
0.035176
0.035176
0.003074
0.003074
0.026993
0.026993
0.540889
0.540889
0.045277
0.045277
0.284139
0.284139
0.042471
0.042471
0.051977
0.051977
0.084449
0.084449
0.045096
0.045096
0.158793
0.158793
0.035762
0.035762
0.151656
0.151656
0.014654
0.014654
0.029490
0.029490
0.077620
0.077620
0.127913
0.127913
0.438255
0.438255
0.012221
0.012221
0.123961
0.123961
0.061232
0.061232
0.028221
0.028221
0.052754
0.052754
0.023065
0.023065
0.000826
0.000826
0.020616
0.020616
0.020956
0.020956
0.168089
0.168089
0.004062
0.004062
0.082468
0.082468
0.134800
0.134800
0.010341
0.010341
0.339517
0.339517
0.074748
0.074748
0.392265
0.392265
0.002654
0.002654
0.088536
0.088536
0.144710
0.144710
0.727783
0.727783
0.101136
0.101136
0.215420
0.215420
0.221997
0.221997
0.031519
0.031519
0.376702
0.376702
0.069235
0.069235
0.019078
0.019078
0.222926
0.222926
0.037039
0.037039
0.069729
0.069729
0.211711
0.211711
0.265932
0.265932
0.000102
0.000102
0.014229
0.014229
0.188841
0.188841
0.031340
0.031340
0.380899
0.380899
0.075433
0.075433
0.455785
0.455785
0.001461
0.001461
0.098996
0.098996
0.382386
0.382386
0.438830
0.438830
0.069385
0.069385
0.024352
0.024352
0.194454
0.194454
0.273936
0.273936
0.387107
0.387107
0.035277
0.035277
0.003690
0.003690
0.026879
0.026879
0.129882
0.129882
0.012703
0.012703
0.053874
0.053874
0.003921
0.003921
0.482930
0.482930
0.034661
0.034661
0.043118
0.043118
0.006127
0.006127
0.003110
0.003110
0.241624
0.241624
0.106545
0.106545
0.047909
0.047909
0.063769
0.063769
0.177445
0.177445
0.013735
0.013735
0.007986
0.007986
0.148402
0.148402
0.022170
0.022170
0.043156
0.043156
0.552082
0.552082
0.164991
0.164991
0.211313
0.211313
0.009048
0.009048
0.152886
0.152886
0.005882
0.005882
0.070881
0.070881
0.090931
0.090931
0.049099
0.049099
0.091403
0.091403
0.455396
0.455396
0.029423
0.029423
0.081530
0.081530
0.037605
0.037605
0.077207
0.077207
0.363695
0.363695
0.084580
0.084580
0.071840
0.071840
0.045372
0.045372
0.049716
0.049716
0.176216
0.176216
0.255516
0.255516
0.105255
0.105255
0.068485
0.068485
0.023443
0.023443
0.019916
0.019916
0.201174
0.201174
0.340890
0.340890
0.068648
0.068648
0.273348
0.273348
0.123740
0.123740
0.134586
0.134586
0.007651
0.007651
0.086358
0.086358
0.046006
0.046006
0.075917
0.075917
0.053679
0.053679
0.048224
0.048224
0.009631
0.009631
0.024298
0.024298
0.153117
0.153117
0.081329
0.081329
0.345171
0.345171
0.282797
0.282797
0.197771
0.197771
0.079392
0.079392
0.319165
0.319165
0.046803
0.046803
0.049112
0.049112
0.274432
0.274432
0.092518
0.092518
0.001023
0.001023
0.049673
0.049673
0.129692
0.129692
0.000937
0.000937
0.114837
0.114837
0.013165
0.013165
0.000650
0.000650
0.070148
0.070148
0.262147
0.262147
0.035556
0.035556
0.330568
0.330568
0.031061
0.031061
0.014729
0.014729
0.221512
0.221512
0.023743
0.023743
0.196524
0.196524
0.027977
0.027977
0.214347
0.214347
0.056589
0.056589
0.068132
0.068132
0.448739
0.448739
0.365848
0.365848
0.002075
0.002075
0.074477
0.074477
0.006775
0.006775
0.065707
0.065707
0.006723
0.006723
0.213918
0.213918
0.021246
0.021246
0.037405
0.037405
0.422028
0.422028
0.009570
0.009570
0.112645
0.112645
0.025457
0.025457
0.021722
0.021722
0.156986
0.156986
0.011780
0.011780
0.095611
0.095611
0.179389
0.179389
0.666735
0.666735
0.139277
0.139277
0.065124
0.065124
0.028175
0.028175
0.005238
0.005238
0.355234
0.355234
0.293074
0.293074
0.080329
0.080329
0.019430
0.019430
0.000363
0.000363
0.016315
0.016315
0.008076
0.008076
0.090969
0.090969
0.030974
0.030974
0.257919
0.257919
0.005655
0.005655
0.135430
0.135430
0.527558
0.527558
0.010942
0.010942
0.032928
0.032928
0.314762
0.314762
0.415761
0.415761
0.077836
0.077836
0.141412
0.141412
0.014180
0.014180
0.147787
0.147787
0.100570
0.100570
0.270924
0.270924
0.309923
0.309923
0.062534
0.062534
0.007095
0.007095
0.374877
0.374877
0.077104
0.077104
0.069311
0.069311
0.189220
0.189220
0.097637
0.097637
0.008828
0.008828
0.062809
0.062809
0.134265
0.134265
0.006881
0.006881
0.002505
0.002505
0.015909
0.015909
0.003321
0.003321
0.023501
0.023501
0.332124
0.332124
0.027222
0.027222
0.047719
0.047719
0.004044
0.004044
0.046705
0.046705
0.182407
0.182407
0.019481
0.019481
0.049828
0.049828
0.023979
0.023979
0.060127
0.060127
0.003967
0.003967
0.167401
0.167401
0.187407
0.187407
0.000512
0.000512
0.016694
0.016694
0.051628
0.051628
0.113136
0.113136
0.093816
0.093816
0.097694
0.097694
0.092963
0.092963
0.193123
0.193123
0.357097
0.357097
0.008171
0.008171
0.032507
0.032507
0.227311
0.227311
0.108622
0.108622
0.053633
0.053633
0.103654
0.103654
0.250221
0.250221
0.280129
0.280129
0.122178
0.122178
0.050880
0.050880
0.076801
0.076801
0.058395
0.058395
0.255198
0.255198
0.140025
0.140025
0.147596
0.147596
0.380301
0.380301
0.389085
0.389085
0.103330
0.103330
0.127903
0.127903
0.203889
0.203889
0.429226
0.429226
0.196305
0.196305
0.076420
0.076420
0.209974
0.209974
0.006969
0.006969
0.130001
0.130001
0.095436
0.095436
0.172600
0.172600
0.007516
0.007516
0.039970
0.039970
0.055954
0.055954
0.113942
0.113942
0.162528
0.162528
0.089808
0.089808
0.160016
0.160016
0.194861
0.194861
0.697367
0.697367
0.076710
0.076710
0.161323
0.161323
0.398254
0.398254
0.628878
0.628878
0.243053
0.243053
0.166284
0.166284
0.084854
0.084854
0.462184
0.462184
0.018551
0.018551
0.001878
0.001878
0.017623
0.017623
0.069130
0.069130
0.124071
0.124071
0.177087
0.177087
0.051262
0.051262
0.208534
0.208534
0.049973
0.049973
0.016105
0.016105
0.158678
0.158678
0.011106
0.011106
0.081613
0.081613
0.115885
0.115885
0.094244
0.094244
0.198870
0.198870
0.099383
0.099383
0.003228
0.003228
0.013338
0.013338
0.207687
0.207687
0.019718
0.019718
0.248282
0.248282
0.029287
0.029287
0.413836
0.413836
0.019377
0.019377
0.032953
0.032953
0.151240
0.151240
0.004774
0.004774
0.087372
0.087372
0.348062
0.348062
0.057368
0.057368
0.038289
0.038289
0.243822
0.243822
0.054434
0.054434
0.016204
0.016204
0.050453
0.050453
0.028192
0.028192
0.067257
0.067257
0.020414
0.020414
0.071118
0.071118
0.109687
0.109687
0.210012
0.210012
0.020838
0.020838
0.133112
0.133112
0.021051
0.021051
0.051971
0.051971
0.033921
0.033921
0.081272
0.081272
0.268574
0.268574
0.009539
0.009539
0.005152
0.005152
0.033238
0.033238
0.041637
0.041637
0.121448
0.121448
0.161878
0.161878
0.093540
0.093540
0.299183
0.299183
0.056200
0.056200
0.030930
0.030930
0.041160
0.041160
0.025193
0.025193
0.216961
0.216961
0.002442
0.002442
0.172086
0.172086
0.309039
0.309039
0.021992
0.021992
0.012890
0.012890
0.064695
0.064695
0.001372
0.001372
0.155132
0.155132
0.071777
0.071777
0.020232
0.020232
0.090159
0.090159
0.043041
0.043041
0.171654
0.171654
0.014023
0.014023
0.456975
0.456975
0.187823
0.187823
0.370020
0.370020
0.198049
0.198049
0.036269
0.036269
0.029356
0.029356
0.035928
0.035928
0.350405
0.350405
0.255402
0.255402
0.348661
0.348661
0.093364
0.093364
0.554321
0.554321
0.141410
0.141410
0.174828
0.174828
0.099847
0.099847
0.152836
0.152836
0.248409
0.248409
0.298273
0.298273
0.030094
0.030094
0.023975
0.023975
0.038326
0.038326
0.485707
0.485707
0.355133
0.355133
0.123381
0.123381
0.032423
0.032423
0.075085
0.075085
0.025094
0.025094
0.107423
0.107423
0.005932
0.005932
0.086860
0.086860
0.071628
0.071628
0.004648
0.004648
0.015106
0.015106
0.016830
0.016830
0.270249
0.270249
0.102233
0.102233
0.003890
0.003890
0.015114
0.015114
0.076902
0.076902
0.130894
0.130894
0.305715
0.305715
0.011976
0.011976
0.084417
0.084417
0.204053
0.204053
0.125036
0.125036
0.327133
0.327133
0.192075
0.192075
0.040015
0.040015
0.470047
0.470047
0.098274
0.098274
0.083427
0.083427
0.062301
0.062301
0.288387
0.288387
0.271013
0.271013
0.023161
0.023161
0.164311
0.164311
0.097282
0.097282
0.145349
0.145349
0.384962
0.384962
0.017836
0.017836
0.176537
0.176537
0.083366
0.083366
0.051264
0.051264
0.052080
0.052080
0.279418
0.279418
0.372053
0.372053
0.069794
0.069794
0.159443
0.159443
0.033332
0.033332
0.005976
0.005976
0.251075
0.251075
0.021015
0.021015
0.105572
0.105572
0.064827
0.064827
0.005227
0.005227
0.059186
0.059186
0.007276
0.007276
0.003887
0.003887
0.362518
0.362518
0.088802
0.088802
0.041464
0.041464
0.320933
0.320933
0.075583
0.075583
0.024585
0.024585
0.199988
0.199988
0.006561
0.006561
0.175719
0.175719
0.029112
0.029112
0.170229
0.170229
0.013838
0.013838
0.028394
0.028394
0.063404
0.063404
0.103255
0.103255
0.037391
0.037391
0.141095
0.141095
0.018080
0.018080
0.276210
0.276210
0.004608
0.004608
0.039381
0.039381
0.038370
0.038370
0.022637
0.022637
0.179807
0.179807
0.079371
0.079371
0.011244
0.011244
0.543111
0.543111
0.247243
0.247243
0.503560
0.503560
0.140544
0.140544
0.207797
0.207797
0.364793
0.364793
0.220412
0.220412
0.298688
0.298688
0.208982
0.208982
0.045986
0.045986
0.306590
0.306590
0.149524
0.149524
0.128179
0.128179
0.640349
0.640349
0.069980
0.069980
0.291578
0.291578
0.086633
0.086633
0.024000
0.024000
0.004731
0.004731
0.043552
0.043552
0.053252
0.053252
0.183654
0.183654
0.250844
0.250844
0.009651
0.009651
0.223628
0.223628
0.085392
0.085392
0.015013
0.015013
0.020395
0.020395
0.101026
0.101026
0.340482
0.340482
0.057159
0.057159
0.110643
0.110643
0.008138
0.008138
0.473343
0.473343
0.265686
0.265686
0.026146
0.026146
0.114561
0.114561
0.236106
0.236106
0.006403
0.006403
0.292062
0.292062
0.202448
0.202448
0.051459
0.051459
0.155020
0.155020
0.087446
0.087446
0.184409
0.184409
0.050743
0.050743
0.018664
0.018664
0.040939
0.040939
0.032476
0.032476
0.194324
0.194324
0.157697
0.157697
0.081354
0.081354
0.290103
0.290103
0.147971
0.147971
0.133694
0.133694
0.712679
0.712679
0.258809
0.258809
0.270119
0.270119
0.416319
0.416319
0.934622
0.934622
0.470176
0.470176
0.414076
0.414076
0.094071
0.094071
0.172802
0.172802
0.398609
0.398609
0.148752
0.148752
0.073981
0.073981
0.008238
0.008238
0.152668
0.152668
0.017426
0.017426
0.087475
0.087475
0.135959
0.135959
0.408674
0.408674
0.072268
0.072268
0.117872
0.117872
0.144509
0.144509
0.165885
0.165885
0.029749
0.029749
0.139242
0.139242
0.526132
0.526132
0.050557
0.050557
0.342918
0.342918
0.021849
0.021849
0.175426
0.175426
0.097679
0.097679
0.156616
0.156616
0.176513
0.176513
0.385601
0.385601
0.025286
0.025286
0.295975
0.295975
0.264324
0.264324
0.125444
0.125444
0.365717
0.365717
0.011333
0.011333
0.029547
0.029547
0.052102
0.052102
0.041423
0.041423
0.225403
0.225403
0.119334
0.119334
0.056960
0.056960
0.562219
0.562219
0.801687
0.801687
0.276561
0.276561
0.319634
0.319634
0.430421
0.430421
0.527675
0.527675
0.242631
0.242631
1.807953
1.807953
1.092737
1.092737
1.491535
1.491535
0.404423
0.404423
0.305974
0.305974
0.302434
0.302434
0.433796
0.433796
0.039670
0.039670
0.036474
0.036474
0.259487
0.259487
0.349151
0.349151
0.056352
0.056352
0.013112
0.013112
0.323723
0.323723
0.010859
0.010859
0.049475
0.049475
0.010525
0.010525
0.062119
0.062119
0.146676
0.146676
0.007460
0.007460
0.015388
0.015388
0.140445
0.140445
0.006752
0.006752
0.235294
0.235294
0.031449
0.031449
0.401218
0.401218
0.127594
0.127594
0.166196
0.166196
0.687927
0.687927
0.000275
0.000275
0.128298
0.128298
0.366540
0.366540
0.038875
0.038875
0.166030
0.166030
0.260457
0.260457
0.094147
0.094147
0.220908
0.220908
0.922458
0.922458
0.487308
0.487308
0.030167
0.030167
0.338085
0.338085
0.051891
0.051891
0.152549
0.152549
0.194089
0.194089
0.501893
0.501893
0.321836
0.321836
0.207611
0.207611
0.444051
0.444051
0.283563
0.283563
0.048289
0.048289
0.857944
0.857944
0.057398
0.057398
0.007808
0.007808
0.674611
0.674611
0.924824
0.924824
0.292114
0.292114
0.073323
0.073323
0.576280
0.576280
0.319387
0.319387
0.384639
0.384639
0.217269
0.217269
0.470216
0.470216
1.108389
1.108389
0.239939
0.239939
0.768045
0.768045
0.013600
0.013600
0.728570
0.728570
0.037442
0.037442
0.067415
0.067415
0.106849
0.106849
0.398446
0.398446
0.750453
0.750453
0.402527
0.402527
0.402127
0.402127
0.328486
0.328486
0.120330
0.120330
0.106264
0.106264
0.482263
0.482263
0.522364
0.522364
0.250751
0.250751
0.040436
0.040436
0.170729
0.170729
0.371872
0.371872
0.135704
0.135704
0.670024
0.670024
0.571634
0.571634
0.248528
0.248528
0.433735
0.433735
1.181309
1.181309
0.834269
0.834269
1.241593
1.241593
1.630127
1.630127
1.194629
1.194629
1.686493
1.686493
1.869281
1.869281
0.380506
0.380506
0.863967
0.863967
0.382202
0.382202
0.426145
0.426145
0.213073
0.213073
0.125019
0.125019
0.474293
0.474293
0.447306
0.447306
0.103002
0.103002
0.000341
0.000341
0.194535
0.194535
0.730289
0.730289
0.252249
0.252249
0.351925
0.351925
0.008533
0.008533
0.604614
0.604614
0.151187
0.151187
0.478653
0.478653
0.241140
0.241140
0.959856
0.959856
0.626293
0.626293
1.075760
1.075760
0.566282
0.566282
0.750173
0.750173
0.392705
0.392705
1.019145
1.019145
0.293231
0.293231
0.500055
0.500055
0.720804
0.720804
1.053728
1.053728
0.101514
0.101514
0.010952
0.010952
0.145700
0.145700
1.046550
1.046550
0.035468
0.035468
0.134830
0.134830
0.092124
0.092124
0.189419
0.189419
0.242839
0.242839
0.154240
0.154240
0.590961
0.590961
0.130706
0.130706
0.265651
0.265651
0.761399
0.761399
0.046887
0.046887
0.023587
0.023587
0.816251
0.816251
0.410027
0.410027
0.730354
0.730354
0.824470
0.824470
0.639323
0.639323
0.319345
0.319345
0.435582
0.435582
1.061372
1.061372
0.200733
0.200733
0.470534
0.470534
1.736833
1.736833
0.755409
0.755409
0.930022
0.930022
1.791120
1.791120
0.891965
0.891965
0.526716
0.526716
0.018650
0.018650
0.280303
0.280303
0.066395
0.066395
0.000112
0.000112
0.258980
0.258980
0.012026
0.012026
0.041377
0.041377
0.405556
0.405556
0.445575
0.445575
0.220970
0.220970
0.034405
0.034405
0.000862
0.000862
0.430322
0.430322
0.483228
0.483228
0.017097
0.017097
0.866882
0.866882
0.146931
0.146931
0.003622
0.003622
0.016349
0.016349
0.498125
0.498125
0.886133
0.886133
0.460720
0.460720
1.244639
1.244639
0.930532
0.930532
0.421257
0.421257
0.312342
0.312342
0.832748
0.832748
0.168010
0.168010
0.695487
0.695487
0.044982
0.044982
1.120843
1.120843
0.255788
0.255788
0.846409
0.846409
0.169486
0.169486
0.208573
0.208573
0.075437
0.075437
0.588647
0.588647
0.747469
0.747469
0.262532
0.262532
0.041020
0.041020
0.633385
0.633385
0.325923
0.325923
0.070392
0.070392
0.076385
0.076385
0.230383
0.230383
0.483821
0.483821
0.746413
0.746413
0.524861
0.524861
0.119121
0.119121
0.142130
0.142130
0.098793
0.098793
0.312227
0.312227
0.149962
0.149962
0.264250
0.264250
0.656121
0.656121
0.033739
0.033739
0.264433
0.264433
0.283291
0.283291
0.102371
0.102371
0.365519
0.365519
0.205873
0.205873
0.391100
0.391100
0.706540
0.706540
0.115468
0.115468
0.138519
0.138519
0.171984
0.171984
0.061356
0.061356
0.331513
0.331513
0.081570
0.081570
0.798627
0.798627
0.335737
0.335737
0.197275
0.197275
0.008032
0.008032
0.294024
0.294024
0.156399
0.156399
0.608193
0.608193
0.618144
0.618144
0.445833
0.445833
0.024386
0.024386
0.013104
0.013104
0.251446
0.251446
0.125982
0.125982
0.153664
0.153664
0.192243
0.192243
0.218535
0.218535
0.376292
0.376292
0.603275
0.603275
0.064499
0.064499
0.201945
0.201945
0.092337
0.092337
0.192021
0.192021
0.566277
0.566277
0.267647
0.267647
0.080030
0.080030
0.011222
0.011222
0.276353
0.276353
0.288894
0.288894
0.260041
0.260041
0.178068
0.178068
0.020081
0.020081
0.083414
0.083414
0.018870
0.018870
0.000505
0.000505
0.066668
0.066668
0.511363
0.511363
1.023835
1.023835
0.032017
0.032017
0.200874
0.200874
0.162683
0.162683
0.063674
0.063674
0.121212
0.121212
0.041541
0.041541
0.214450
0.214450
0.161139
0.161139
0.229373
0.229373
0.019412
0.019412
0.293189
0.293189
0.359628
0.359628
0.624491
0.624491
0.016129
0.016129
0.069753
0.069753
0.582804
0.582804
0.626294
0.626294
0.009927
0.009927
0.184484
0.184484
0.511665
0.511665
0.245695
0.245695
0.342407
0.342407
0.109653
0.109653
0.042356
0.042356
0.048358
0.048358
0.010455
0.010455
0.076636
0.076636
0.034180
0.034180
0.018266
0.018266
0.205735
0.205735
0.424264
0.424264
0.027283
0.027283
0.126086
0.126086
0.098567
0.098567
0.054013
0.054013
0.075384
0.075384
0.057860
0.057860
0.017979
0.017979
0.013654
0.013654
0.105485
0.105485
0.038550
0.038550
0.002886
0.002886
0.489572
0.489572
0.015869
0.015869
0.117382
0.117382
0.702779
0.702779
0.177621
0.177621
0.110624
0.110624
0.173882
0.173882
0.074163
0.074163
0.290931
0.290931
0.106739
0.106739
0.115457
0.115457
0.018631
0.018631
0.545667
0.545667
0.331414
0.331414
0.157661
0.157661
0.574366
0.574366
0.344404
0.344404
0.746358
0.746358
0.011167
0.011167
0.030885
0.030885
0.194717
0.194717
0.053158
0.053158
0.476110
0.476110
0.356726
0.356726
0.671390
0.671390
0.224569
0.224569
0.122739
0.122739
0.100169
0.100169
0.156056
0.156056
0.247238
0.247238
0.004765
0.004765
0.000523
0.000523
0.004012
0.004012
0.030942
0.030942
0.097764
0.097764
0.013682
0.013682
0.068565
0.068565
0.194420
0.194420
0.067969
0.067969
0.125338
0.125338
0.076296
0.076296
0.010341
0.010341
0.001131
0.001131
0.190064
0.190064
0.135819
0.135819
0.180018
0.180018
0.587839
0.587839
0.219655
0.219655
0.240250
0.240250
0.097413
0.097413
0.099261
0.099261
0.154932
0.154932
0.242810
0.242810
0.366265
0.366265
0.011202
0.011202
0.081943
0.081943
0.183973
0.183973
0.958818
0.958818
1.173192
1.173192
0.111451
0.111451
0.207781
0.207781
0.050583
0.050583
0.146447
0.146447
0.052073
0.052073
0.256772
0.256772
0.006654
0.006654
0.499566
0.499566
0.053965
0.053965
0.194469
0.194469
0.225929
0.225929
0.022665
0.022665
0.123506
0.123506
0.260693
0.260693
0.375306
0.375306
0.238548
0.238548
0.010816
0.010816
0.323331
0.323331
0.032631
0.032631
0.032368
0.032368
0.018008
0.018008
0.035662
0.035662
0.140796
0.140796
0.183340
0.183340
0.111487
0.111487
0.003900
0.003900
0.109010
0.109010
0.015780
0.015780
0.001705
0.001705
0.308064
0.308064
0.805716
0.805716
0.300654
0.300654
0.031689
0.031689
0.186053
0.186053
0.047030
0.047030
0.128187
0.128187
0.167358
0.167358
0.065886
0.065886
0.425099
0.425099
0.408811
0.408811
0.005733
0.005733
0.144206
0.144206
0.291828
0.291828
0.055790
0.055790
0.001135
0.001135
0.052904
0.052904
0.277864
0.277864
0.344323
0.344323
0.330684
0.330684
0.064190
0.064190
0.032220
0.032220
0.048949
0.048949
0.093384
0.093384
0.036842
0.036842
0.024091
0.024091
0.015270
0.015270
0.020395
0.020395
0.002920
0.002920
0.079243
0.079243
0.095087
0.095087
0.016350
0.016350
0.010338
0.010338
0.008195
0.008195
0.028065
0.028065
0.160188
0.160188
0.230499
0.230499
0.092504
0.092504
0.023308
0.023308
0.195686
0.195686
0.124899
0.124899
0.018481
0.018481
0.088658
0.088658
0.170761
0.170761
0.243463
0.243463
0.389217
0.389217
0.014671
0.014671
0.131305
0.131305
0.026750
0.026750
0.040984
0.040984
0.016636
0.016636
0.088366
0.088366
0.038923
0.038923
0.472160
0.472160
0.138614
0.138614
0.698602
0.698602
0.002415
0.002415
0.219815
0.219815
0.061810
0.061810
0.034785
0.034785
0.486422
0.486422
0.416986
0.416986
0.136937
0.136937
0.226179
0.226179
0.072017
0.072017
0.051935
0.051935
0.139628
0.139628
0.150709
0.150709
0.725365
0.725365
0.201177
0.201177
0.402701
0.402701
0.018787
0.018787
0.062962
0.062962
0.175969
0.175969
0.016824
0.016824
0.368135
0.368135
0.040616
0.040616
0.139869
0.139869
0.006214
0.006214
0.029412
0.029412
0.000005
0.000005
0.055764
0.055764
0.044299
0.044299
0.007906
0.007906
0.092521
0.092521
0.042487
0.042487
0.059215
0.059215
0.333198
0.333198
0.119258
0.119258
0.326536
0.326536
0.013713
0.013713
0.032770
0.032770
0.060427
0.060427
0.078393
0.078393
0.074811
0.074811
0.306482
0.306482
0.215158
0.215158
0.049084
0.049084
0.113645
0.113645
0.407210
0.407210
0.039536
0.039536
0.087810
0.087810
0.076425
0.076425
0.121903
0.121903
0.008317
0.008317
0.156829
0.156829
0.260140
0.260140
0.254938
0.254938
0.117256
0.117256
0.157004
0.157004
0.435609
0.435609
0.467879
0.467879
0.286839
0.286839
0.275515
0.275515
0.010118
0.010118
0.017329
0.017329
0.172716
0.172716
0.397041
0.397041
0.034487
0.034487
0.004771
0.004771
0.039500
0.039500
0.006029
0.006029
0.101757
0.101757
0.029069
0.029069
0.178114
0.178114
0.082916
0.082916
0.188654
0.188654
0.117350
0.117350
0.766217
0.766217
0.070688
0.070688
0.094826
0.094826
0.047904
0.047904
0.198605
0.198605
0.003001
0.003001
0.292958
0.292958
0.140068
0.140068
0.007539
0.007539
0.434805
0.434805
0.027851
0.027851
0.177453
0.177453
0.470879
0.470879
0.073907
0.073907
0.082704
0.082704
0.001438
0.001438
0.174560
0.174560
0.000639
0.000639
0.187550
0.187550
0.470323
0.470323
0.060172
0.060172
0.148567
0.148567
0.004559
0.004559
0.135573
0.135573
0.084369
0.084369
0.175744
0.175744
0.023745
0.023745
0.018927
0.018927
0.028664
0.028664
0.006755
0.006755
0.129809
0.129809
0.126620
0.126620
0.222919
0.222919
0.236758
0.236758
0.012652
0.012652
0.180353
0.180353
0.031921
0.031921
0.175340
0.175340
0.111915
0.111915
0.172180
0.172180
0.038492
0.038492
0.119132
0.119132
0.019605
0.019605
0.253326
0.253326
0.057727
0.057727
0.017209
0.017209
0.162727
0.162727
0.046750
0.046750
0.209675
0.209675
0.076551
0.076551
0.040933
0.040933
0.100109
0.100109
0.004515
0.004515
0.089032
0.089032
0.136020
0.136020
0.633284
0.633284
0.017204
0.017204
0.003974
0.003974
0.456472
0.456472
0.042765
0.042765
0.021767
0.021767
0.240689
0.240689
0.019415
0.019415
0.001083
0.001083
0.133708
0.133708
0.054432
0.054432
0.022277
0.022277
0.106953
0.106953
0.168077
0.168077
0.096041
0.096041
0.007167
0.007167
0.080680
0.080680
0.061091
0.061091
0.016939
0.016939
0.220184
0.220184
0.356712
0.356712
0.144750
0.144750
0.042828
0.042828
0.225025
0.225025
0.122911
0.122911
0.007071
0.007071
0.159310
0.159310
0.084768
0.084768
0.273819
0.273819
0.057878
0.057878
0.007765
0.007765
0.014118
0.014118
0.067496
0.067496
0.003337
0.003337
0.041854
0.041854
0.052942
0.052942
0.222566
0.222566
0.136799
0.136799
0.048803
0.048803
0.243904
0.243904
0.138616
0.138616
0.286080
0.286080
0.211777
0.211777
0.167918
0.167918
0.104886
0.104886
0.318377
0.318377
0.117031
0.117031
0.037538
0.037538
0.041659
0.041659
0.228116
0.228116
0.011472
0.011472
0.012582
0.012582
0.153426
0.153426
0.125039
0.125039
0.029992
0.029992
0.207289
0.207289
0.012824
0.012824
0.074604
0.074604
0.255730
0.255730
0.454319
0.454319
0.091590
0.091590
0.284053
0.284053
0.074728
0.074728
0.034075
0.034075
0.622291
0.622291
0.200105
0.200105
0.466448
0.466448
0.129006
0.129006
0.021026
0.021026
0.344842
0.344842
0.230998
0.230998
0.001090
0.001090
0.035317
0.035317
0.096407
0.096407
0.063843
0.063843
0.094906
0.094906
0.315932
0.315932
0.017848
0.017848
0.440173
0.440173
0.064764
0.064764
0.052788
0.052788
0.063961
0.063961
0.347922
0.347922
0.018443
0.018443
0.009227
0.009227
0.001648
0.001648
0.187087
0.187087
0.009300
0.009300
0.036057
0.036057
0.359999
0.359999
0.029945
0.029945
0.019819
0.019819
0.002070
0.002070
0.288052
0.288052
0.096738
0.096738
0.039325
0.039325
0.106563
0.106563
0.008114
0.008114
0.028026
0.028026
0.216602
0.216602
0.041242
0.041242
0.270524
0.270524
0.425228
0.425228
0.135001
0.135001
0.020186
0.020186
0.007479
0.007479
0.200596
0.200596
0.080031
0.080031
0.652771
0.652771
0.076225
0.076225
0.172457
0.172457
0.046821
0.046821
0.108983
0.108983
0.013219
0.013219
0.372791
0.372791
0.156388
0.156388
0.202592
0.202592
0.014599
0.014599
0.111717
0.111717
0.720907
0.720907
0.135552
0.135552
0.014752
0.014752
0.816804
0.816804
0.103591
0.103591
0.044505
0.044505
0.084788
0.084788
0.056344
0.056344
0.036728
0.036728
0.281828
0.281828
0.052200
0.052200
0.118996
0.118996
0.011927
0.011927
0.057475
0.057475
0.166326
0.166326
0.056746
0.056746
0.093658
0.093658
0.352701
0.352701
0.020374
0.020374
0.305122
0.305122
0.009422
0.009422
0.052606
0.052606
0.016318
0.016318
0.002008
0.002008
0.079438
0.079438
0.160923
0.160923
0.108149
0.108149
0.010824
0.010824
0.278935
0.278935
0.003673
0.003673
0.085845
0.085845
0.044411
0.044411
0.030633
0.030633
0.006518
0.006518
0.262329
0.262329
0.042567
0.042567
0.131667
0.131667
0.065074
0.065074
0.445130
0.445130
0.306798
0.306798
0.071944
0.071944
0.049902
0.049902
0.004596
0.004596
0.173125
0.173125
0.035949
0.035949
0.063748
0.063748
0.004150
0.004150
0.008270
0.008270
0.124521
0.124521
0.366580
0.366580
0.002703
0.002703
0.416169
0.416169
0.033363
0.033363
0.264940
0.264940
0.014756
0.014756
0.109097
0.109097
0.226063
0.226063
0.076902
0.076902
0.025777
0.025777
0.004354
0.004354
0.032139
0.032139
0.043489
0.043489
0.158813
0.158813
0.017144
0.017144
0.052671
0.052671
0.146542
0.146542
0.286055
0.286055
0.030220
0.030220
0.138724
0.138724
0.032904
0.032904
0.273903
0.273903
0.313897
0.313897
0.069356
0.069356
0.282242
0.282242
0.036846
0.036846
0.184496
0.184496
0.279341
0.279341
0.035681
0.035681
0.321248
0.321248
0.391152
0.391152
0.004033
0.004033
0.157756
0.157756
0.141855
0.141855
0.042086
0.042086
0.547761
0.547761
0.003473
0.003473
0.016633
0.016633
0.026238
0.026238
0.023962
0.023962
0.091344
0.091344
0.213049
0.213049
0.063208
0.063208
0.107701
0.107701
0.007204
0.007204
0.033670
0.033670
0.006875
0.006875
0.119034
0.119034
0.123659
0.123659
0.030299
0.030299
0.187088
0.187088
0.007369
0.007369
0.009234
0.009234
0.014941
0.014941
0.285341
0.285341
0.065128
0.065128
0.149467
0.149467
0.064982
0.064982
0.154218
0.154218
0.005795
0.005795
0.421803
0.421803
0.015812
0.015812
0.000493
0.000493
0.199431
0.199431
0.083952
0.083952
0.191754
0.191754
0.140100
0.140100
0.014337
0.014337
0.232992
0.232992
0.022680
0.022680
0.010051
0.010051
0.176350
0.176350
0.014057
0.014057
0.011640
0.011640
0.120349
0.120349
0.007115
0.007115
0.029766
0.029766
0.019447
0.019447
0.097746
0.097746
0.026147
0.026147
0.016206
0.016206
0.319260
0.319260
0.020190
0.020190
0.091120
0.091120
0.000966
0.000966
0.011477
0.011477
0.013212
0.013212
0.057116
0.057116
0.034644
0.034644
0.048768
0.048768
0.273279
0.273279
0.033047
0.033047
0.017620
0.017620
0.002487
0.002487
0.182261
0.182261
0.102064
0.102064
0.018803
0.018803
0.259487
0.259487
0.065822
0.065822
0.441766
0.441766
0.334824
0.334824
0.119806
0.119806
0.111446
0.111446
0.318700
0.318700
0.053501
0.053501
0.018840
0.018840
0.029512
0.029512
0.068128
0.068128
0.227106
0.227106
0.122598
0.122598
0.408790
0.408790
0.056702
0.056702
0.722191
0.722191
0.171786
0.171786
0.030863
0.030863
0.020076
0.020076
0.096874
0.096874
0.105250
0.105250
0.358243
0.358243
0.011354
0.011354
0.166542
0.166542
0.006952
0.006952
0.537731
0.537731
0.050632
0.050632
0.001444
0.001444
0.454412
0.454412
0.082288
0.082288
0.024467
0.024467
0.198053
0.198053
0.115553
0.115553
0.038352
0.038352
0.104181
0.104181
0.071553
0.071553
0.056213
0.056213
0.024197
0.024197
0.080627
0.080627
0.006561
0.006561
0.052498
0.052498
0.016293
0.016293
0.074496
0.074496
0.033469
0.033469
0.007133
0.007133
0.043344
0.043344
0.157175
0.157175
0.103497
0.103497
0.102621
0.102621
0.048311
0.048311
0.047417
0.047417
0.089185
0.089185
0.090831
0.090831
0.010761
0.010761
0.025564
0.025564
0.025027
0.025027
0.072115
0.072115
0.016078
0.016078
0.084086
0.084086
0.039591
0.039591
0.183589
0.183589
0.324154
0.324154
0.100745
0.100745
0.109928
0.109928
0.324471
0.324471
0.565652
0.565652
0.212780
0.212780
0.062358
0.062358
0.114963
0.114963
0.262181
0.262181
0.496219
0.496219
0.028127
0.028127
0.152028
0.152028
0.052550
0.052550
0.040970
0.040970
0.269771
0.269771
2.969473
2.969473
0.017026
0.017026
0.062312
0.062312
0.111681
0.111681
0.014566
0.014566
0.006911
0.006911
0.174481
0.174481
0.176840
0.176840
0.007300
0.007300
0.081282
0.081282
0.056572
0.056572
0.081656
0.081656
0.071582
0.071582
0.013727
0.013727
0.420914
0.420914
0.126571
0.126571
0.044416
0.044416
0.062432
0.062432
0.047007
0.047007
0.000883
0.000883
0.014631
0.014631
0.343633
0.343633
0.050853
0.050853
0.119615
0.119615
0.011479
0.011479
0.204096
0.204096
0.021777
0.021777
0.001675
0.001675
0.026040
0.026040
0.087782
0.087782
0.172746
0.172746
0.056281
0.056281
0.056495
0.056495
0.036894
0.036894
0.195825
0.195825
0.014920
0.014920
0.056207
0.056207
0.133287
0.133287
0.025730
0.025730
0.013930
0.013930
0.161691
0.161691
0.036119
0.036119
0.224537
0.224537
0.101689
0.101689
0.020621
0.020621
0.262079
0.262079
0.247173
0.247173
0.088284
0.088284
0.317264
0.317264
0.323817
0.323817
0.002767
0.002767
0.006207
0.006207
0.035061
0.035061
0.214465
0.214465
0.225057
0.225057
0.035035
0.035035
0.106580
0.106580
0.064407
0.064407
0.072652
0.072652
0.021162
0.021162
0.288774
0.288774
0.004467
0.004467
0.111361
0.111361
0.066141
0.066141
0.300019
0.300019
0.028131
0.028131
0.059777
0.059777
0.301896
0.301896
0.012265
0.012265
0.437273
0.437273
0.414451
0.414451
0.429334
0.429334
0.004320
0.004320
0.166153
0.166153
0.044640
0.044640
0.013856
0.013856
0.168243
0.168243
0.310521
0.310521
0.144367
0.144367
0.041078
0.041078
0.285258
0.285258
0.347670
0.347670
0.101042
0.101042
0.004563
0.004563
0.192392
0.192392
0.030466
0.030466
0.021161
0.021161
0.411850
0.411850
0.153845
0.153845
0.128815
0.128815
0.152307
0.152307
0.012383
0.012383
0.015826
0.015826
0.556103
0.556103
0.104516
0.104516
0.125321
0.125321
0.012084
0.012084
0.084427
0.084427
0.036314
0.036314
0.376390
0.376390
0.087678
0.087678
0.171539
0.171539
0.336057
0.336057
0.176652
0.176652
0.095067
0.095067
0.101755
0.101755
0.004163
0.004163
0.038407
0.038407
0.088734
0.088734
0.070638
0.070638
0.180606
0.180606
0.044671
0.044671
0.053081
0.053081
0.002982
0.002982
0.015005
0.015005
0.098136
0.098136
0.059886
0.059886
0.012789
0.012789
0.368113
0.368113
0.224679
0.224679
0.059209
0.059209
0.002141
0.002141
0.051552
0.051552
0.164802
0.164802
0.010228
0.010228
0.133591
0.133591
0.119278
0.119278
0.079718
0.079718
0.292754
0.292754
0.068361
0.068361
0.103996
0.103996
0.003902
0.003902
0.017663
0.017663
0.013370
0.013370
0.091551
0.091551
0.085131
0.085131
0.035069
0.035069
0.100087
0.100087
0.069267
0.069267
0.095585
0.095585
0.260220
0.260220
0.076503
0.076503
0.156763
0.156763
0.041740
0.041740
0.561968
0.561968
0.004769
0.004769
0.122595
0.122595
0.277837
0.277837
0.198402
0.198402
0.099233
0.099233
0.246880
0.246880
0.111493
0.111493
0.023324
0.023324
0.015771
0.015771
0.546749
0.546749
0.529151
0.529151
0.033531
0.033531
0.849808
0.849808
0.015033
0.015033
0.347165
0.347165
0.672612
0.672612
0.447730
0.447730
0.126230
0.126230
0.167330
0.167330
0.506266
0.506266
0.041976
0.041976
0.051854
0.051854
0.003118
0.003118
0.495556
0.495556
0.058108
0.058108
0.057882
0.057882
0.021952
0.021952
0.084644
0.084644
0.110278
0.110278
0.016357
0.016357
0.061226
0.061226
0.004197
0.004197
0.531383
0.531383
0.108700
0.108700
0.006746
0.006746
0.126742
0.126742
0.280576
0.280576
0.255922
0.255922
0.025474
0.025474
0.001174
0.001174
0.180706
0.180706
0.279724
0.279724
0.396454
0.396454
0.143131
0.143131
0.010750
0.010750
0.034489
0.034489
0.365118
0.365118
0.167838
0.167838
0.043938
0.043938
0.055242
0.055242
0.032969
0.032969
0.013514
0.013514
0.057827
0.057827
0.093975
0.093975
0.013346
0.013346
0.098668
0.098668
0.273543
0.273543
0.419838
0.419838
0.113832
0.113832
0.210874
0.210874
0.215716
0.215716
0.377125
0.377125
0.460896
0.460896
0.299072
0.299072
0.824624
0.824624
0.063603
0.063603
0.013366
0.013366
0.540590
0.540590
0.097106
0.097106
0.408214
0.408214
0.025752
0.025752
0.087851
0.087851
0.029691
0.029691
0.005767
0.005767
0.124196
0.124196
0.047178
0.047178
0.162396
0.162396
0.000078
0.000078
0.044147
0.044147
0.112157
0.112157
0.276015
0.276015
0.044272
0.044272
0.100702
0.100702
0.119311
0.119311
0.476269
0.476269
0.042227
0.042227
0.081281
0.081281
0.276600
0.276600
0.330085
0.330085
0.142778
0.142778
0.523873
0.523873
0.134860
0.134860
0.124721
0.124721
0.201960
0.201960
0.477481
0.477481
0.536577
0.536577
0.499355
0.499355
0.067475
0.067475
