2.287475
2.287475
2.315042
2.315042
2.296403
2.296403
2.309231
2.309231
2.291790
2.291790
2.287387
2.287387
2.289029
2.289029
2.318093
2.318093
2.294805
2.294805
2.307401
2.307401
2.284069
2.284069
2.301447
2.301447
2.314934
2.314934
2.339229
2.339229
2.332446
2.332446
2.321232
2.321232
2.329843
2.329843
2.348876
2.348876
2.319915
2.319915
2.329418
2.329418
2.324548
2.324548
2.336421
2.336421
2.331778
2.331778
2.344441
2.344441
2.353232
2.353232
2.323483
2.323483
2.361645
2.361645
2.360120
2.360120
2.374209
2.374209
2.333427
2.333427
2.366487
2.366487
2.356018
2.356018
2.348582
2.348582
2.362746
2.362746
2.388407
2.388407
2.377789
2.377789
2.375507
2.375507
2.381437
2.381437
2.392239
2.392239
2.422047
2.422047
2.410100
2.410100
2.406891
2.406891
2.370250
2.370250
2.407611
2.407611
2.382859
2.382859
2.362125
2.362125
2.384883
2.384883
2.392266
2.392266
2.446869
2.446869
2.433917
2.433917
2.380228
2.380228
2.401948
2.401948
2.408275
2.408275
2.441960
2.441960
2.450149
2.450149
2.399817
2.399817
2.446154
2.446154
2.447743
2.447743
2.407318
2.407318
2.417342
2.417342
2.485197
2.485197
2.427693
2.427693
2.448223
2.448223
2.494515
2.494515
2.478045
2.478045
2.436983
2.436983
2.504249
2.504249
2.486825
2.486825
2.503960
2.503960
2.470673
2.470673
2.543580
2.543580
2.438831
2.438831
2.540913
2.540913
2.528814
2.528814
2.542602
2.542602
2.500845
2.500845
2.440578
2.440578
2.530832
2.530832
2.459205
2.459205
2.544289
2.544289
2.599846
2.599846
2.515069
2.515069
2.529486
2.529486
2.451767
2.451767
2.548942
2.548942
2.599562
2.599562
2.502989
2.502989
2.569189
2.569189
2.609972
2.609972
2.514565
2.514565
2.539786
2.539786
2.538384
2.538384
2.531264
2.531264
2.502769
2.502769
2.578989
2.578989
2.598296
2.598296
2.610136
2.610136
2.597340
2.597340
2.532706
2.532706
2.496266
2.496266
2.604411
2.604411
2.660248
2.660248
2.554861
2.554861
2.592121
2.592121
2.470283
2.470283
2.608933
2.608933
2.498157
2.498157
2.419827
2.419827
2.610673
2.610673
2.548849
2.548849
2.596721
2.596721
2.594864
2.594864
2.568120
2.568120
2.585533
2.585533
2.578742
2.578742
2.521882
2.521882
2.477734
2.477734
2.547253
2.547253
2.547407
2.547407
2.584213
2.584213
2.582822
2.582822
2.515092
2.515092
2.471754
2.471754
2.637370
2.637370
2.577384
2.577384
2.546816
2.546816
2.548424
2.548424
2.553869
2.553869
2.605286
2.605286
2.575624
2.575624
2.573163
2.573163
2.520489
2.520489
2.555454
2.555454
2.539160
2.539160
2.475605
2.475605
2.511179
2.511179
2.565328
2.565328
2.594162
2.594162
2.545907
2.545907
2.534493
2.534493
2.506593
2.506593
2.365773
2.365773
2.460861
2.460861
2.500966
2.500966
2.441544
2.441544
2.553463
2.553463
2.426116
2.426116
2.517920
2.517920
2.540061
2.540061
2.551910
2.551910
2.575245
2.575245
2.412066
2.412066
2.326096
2.326096
2.508274
2.508274
2.463732
2.463732
2.495800
2.495800
2.494192
2.494192
2.535869
2.535869
2.345700
2.345700
2.458223
2.458223
2.452507
2.452507
2.486253
2.486253
2.411094
2.411094
2.379581
2.379581
2.507815
2.507815
2.516618
2.516618
2.392451
2.392451
2.567801
2.567801
2.559738
2.559738
2.511787
2.511787
2.535935
2.535935
2.510304
2.510304
2.484874
2.484874
2.552520
2.552520
2.500833
2.500833
2.513039
2.513039
2.573875
2.573875
2.516495
2.516495
2.460806
2.460806
2.432732
2.432732
2.623475
2.623475
2.455662
2.455662
2.450230
2.450230
2.555454
2.555454
2.532158
2.532158
2.527788
2.527788
2.496835
2.496835
2.577543
2.577543
2.548760
2.548760
2.468190
2.468190
2.486736
2.486736
2.582397
2.582397
2.510355
2.510355
2.625768
2.625768
2.449750
2.449750
2.442212
2.442212
2.540775
2.540775
2.426511
2.426511
2.474324
2.474324
2.468704
2.468704
2.394691
2.394691
2.492972
2.492972
2.477382
2.477382
2.685682
2.685682
2.405711
2.405711
2.493637
2.493637
2.469716
2.469716
2.495402
2.495402
2.516087
2.516087
2.357095
2.357095
2.552590
2.552590
2.546569
2.546569
2.414064
2.414064
2.580679
2.580679
2.398445
2.398445
2.504146
2.504146
2.429772
2.429772
2.461059
2.461059
2.494657
2.494657
2.411144
2.411144
2.540469
2.540469
2.353730
2.353730
2.422952
2.422952
2.601747
2.601747
2.496964
2.496964
2.383195
2.383195
2.443680
2.443680
2.568475
2.568475
2.370412
2.370412
2.423158
2.423158
2.344606
2.344606
2.389083
2.389083
2.570287
2.570287
2.508202
2.508202
2.525241
2.525241
2.519485
2.519485
2.493433
2.493433
2.411165
2.411165
2.444194
2.444194
2.306779
2.306779
2.498845
2.498845
2.318223
2.318223
2.392980
2.392980
2.527090
2.527090
2.366766
2.366766
2.512957
2.512957
2.412933
2.412933
2.478167
2.478167
2.489809
2.489809
2.418165
2.418165
2.371500
2.371500
2.399273
2.399273
2.597441
2.597441
2.493450
2.493450
2.428274
2.428274
2.499260
2.499260
2.341467
2.341467
2.350559
2.350559
2.348147
2.348147
2.365721
2.365721
2.612969
2.612969
2.495399
2.495399
2.528003
2.528003
2.473500
2.473500
2.437428
2.437428
2.538928
2.538928
2.462675
2.462675
2.367399
2.367399
2.486319
2.486319
2.594307
2.594307
2.448333
2.448333
2.552704
2.552704
2.410088
2.410088
2.415695
2.415695
2.438201
2.438201
2.587319
2.587319
2.594593
2.594593
2.283621
2.283621
2.426207
2.426207
2.431081
2.431081
2.364117
2.364117
2.342042
2.342042
2.316746
2.316746
2.401470
2.401470
2.273537
2.273537
2.379543
2.379543
2.309943
2.309943
2.477050
2.477050
2.239605
2.239605
2.342366
2.342366
2.315872
2.315872
2.329473
2.329473
2.224621
2.224621
2.308675
2.308675
2.223779
2.223779
2.211964
2.211964
2.145258
2.145258
2.114162
2.114162
2.442295
2.442295
1.942495
1.942495
2.235105
2.235105
2.355219
2.355219
2.056138
2.056138
2.354148
2.354148
2.180338
2.180338
2.157390
2.157390
2.116054
2.116054
2.260047
2.260047
2.282862
2.282862
2.264027
2.264027
2.259398
2.259398
2.293180
2.293180
2.342481
2.342481
2.228098
2.228098
2.392413
2.392413
2.490230
2.490230
2.260251
2.260251
2.533607
2.533607
2.330200
2.330200
2.622354
2.622354
2.430993
2.430993
2.537400
2.537400
2.622051
2.622051
2.545208
2.545208
2.542549
2.542549
2.568693
2.568693
2.801699
2.801699
2.555016
2.555016
2.859831
2.859831
2.565553
2.565553
2.869549
2.869549
2.752237
2.752237
2.935608
2.935608
2.746580
2.746580
2.939911
2.939911
2.915531
2.915531
2.688252
2.688252
2.773201
2.773201
2.759440
2.759440
2.970398
2.970398
2.808415
2.808415
2.935342
2.935342
2.764923
2.764923
2.674230
2.674230
2.513218
2.513218
2.620751
2.620751
2.661979
2.661979
2.526659
2.526659
2.542642
2.542642
2.364766
2.364766
2.348301
2.348301
2.540428
2.540428
2.305921
2.305921
2.218527
2.218527
2.320419
2.320419
2.322637
2.322637
2.131151
2.131151
2.254538
2.254538
2.072260
2.072260
2.294849
2.294849
2.000062
2.000062
2.123586
2.123586
2.053233
2.053233
2.271800
2.271800
2.417165
2.417165
2.191901
2.191901
2.139313
2.139313
2.066290
2.066290
2.087269
2.087269
2.115731
2.115731
2.137045
2.137045
2.048639
2.048639
1.944330
1.944330
1.923254
1.923254
2.004967
2.004967
2.035221
2.035221
2.051775
2.051775
1.974634
1.974634
1.989682
1.989682
2.259268
2.259268
2.086224
2.086224
2.175808
2.175808
1.994402
1.994402
2.009718
2.009718
1.962228
1.962228
2.158731
2.158731
2.037569
2.037569
1.998744
1.998744
2.209760
2.209760
2.200090
2.200090
2.097709
2.097709
2.277185
2.277185
2.078107
2.078107
2.151855
2.151855
2.341214
2.341214
2.268409
2.268409
2.389982
2.389982
2.366467
2.366467
2.346906
2.346906
2.434683
2.434683
2.673700
2.673700
2.362456
2.362456
2.432914
2.432914
2.767190
2.767190
2.686658
2.686658
2.632404
2.632404
2.697942
2.697942
2.583916
2.583916
2.678873
2.678873
2.533713
2.533713
2.786367
2.786367
2.533663
2.533663
2.714097
2.714097
2.709292
2.709292
2.642590
2.642590
2.616292
2.616292
2.457220
2.457220
2.582700
2.582700
2.570356
2.570356
2.543699
2.543699
2.405886
2.405886
2.389092
2.389092
2.373364
2.373364
2.463748
2.463748
2.190197
2.190197
2.227031
2.227031
2.278691
2.278691
2.250521
2.250521
2.244080
2.244080
2.300098
2.300098
2.250611
2.250611
2.217600
2.217600
2.302574
2.302574
2.221220
2.221220
2.287088
2.287088
2.179922
2.179922
2.221735
2.221735
2.219015
2.219015
2.248353
2.248353
2.197981
2.197981
2.171127
2.171127
2.225420
2.225420
2.158101
2.158101
2.112458
2.112458
2.198011
2.198011
2.281322
2.281322
2.132144
2.132144
2.220079
2.220079
2.154737
2.154737
2.046714
2.046714
2.206275
2.206275
2.289500
2.289500
2.280318
2.280318
2.418808
2.418808
2.325591
2.325591
2.171191
2.171191
2.378691
2.378691
2.427085
2.427085
2.400908
2.400908
2.328235
2.328235
2.301780
2.301780
2.418877
2.418877
2.241807
2.241807
2.137813
2.137813
2.255785
2.255785
2.452947
2.452947
2.407377
2.407377
2.289207
2.289207
2.302616
2.302616
2.339804
2.339804
2.417019
2.417019
2.328144
2.328144
2.324978
2.324978
2.388217
2.388217
2.370998
2.370998
2.484358
2.484358
2.290475
2.290475
2.385192
2.385192
2.337240
2.337240
2.255341
2.255341
2.404096
2.404096
2.429817
2.429817
2.519470
2.519470
2.333013
2.333013
2.289154
2.289154
2.455069
2.455069
2.478251
2.478251
2.293950
2.293950
2.580640
2.580640
2.262304
2.262304
2.494219
2.494219
2.178389
2.178389
2.473510
2.473510
2.497011
2.497011
2.356326
2.356326
2.416578
2.416578
2.294243
2.294243
2.254072
2.254072
2.424823
2.424823
2.417203
2.417203
2.401885
2.401885
2.311412
2.311412
2.361930
2.361930
2.369243
2.369243
2.428971
2.428971
2.508505
2.508505
2.410285
2.410285
2.424017
2.424017
2.277897
2.277897
2.374450
2.374450
2.234905
2.234905
2.377010
2.377010
2.462753
2.462753
2.375111
2.375111
2.348125
2.348125
2.326958
2.326958
2.280024
2.280024
2.320230
2.320230
2.274321
2.274321
2.342344
2.342344
2.156123
2.156123
2.175303
2.175303
2.195273
2.195273
2.118715
2.118715
1.972961
1.972961
2.250813
2.250813
2.118338
2.118338
2.027550
2.027550
2.071732
2.071732
2.152472
2.152472
2.060095
2.060095
1.985019
1.985019
2.144191
2.144191
1.920423
1.920423
1.983513
1.983513
2.043037
2.043037
1.995125
1.995125
1.942244
1.942244
1.876481
1.876481
1.978788
1.978788
1.915059
1.915059
1.834491
1.834491
2.052190
2.052190
2.028438
2.028438
1.937673
1.937673
1.892661
1.892661
2.062326
2.062326
2.039900
2.039900
2.017292
2.017292
1.897645
1.897645
2.044513
2.044513
2.043406
2.043406
2.121084
2.121084
2.112830
2.112830
2.055801
2.055801
2.096985
2.096985
1.983646
1.983646
1.950120
1.950120
2.106527
2.106527
2.060292
2.060292
2.115804
2.115804
2.144848
2.144848
2.173339
2.173339
2.108588
2.108588
2.119882
2.119882
2.248396
2.248396
2.113377
2.113377
2.101042
2.101042
2.181210
2.181210
2.170068
2.170068
2.406552
2.406552
2.278216
2.278216
2.256212
2.256212
2.208129
2.208129
2.355862
2.355862
2.286711
2.286711
2.395295
2.395295
2.272348
2.272348
2.454319
2.454319
2.567496
2.567496
2.542493
2.542493
2.330946
2.330946
2.547381
2.547381
2.283488
2.283488
2.699134
2.699134
2.621241
2.621241
2.655684
2.655684
2.673126
2.673126
2.499346
2.499346
2.396600
2.396600
2.590336
2.590336
2.416902
2.416902
2.594901
2.594901
2.760429
2.760429
2.391497
2.391497
2.326599
2.326599
2.333755
2.333755
2.445648
2.445648
2.295834
2.295834
2.535734
2.535734
1.949710
1.949710
2.396717
2.396717
2.151597
2.151597
2.092274
2.092274
2.192321
2.192321
2.153628
2.153628
1.940393
1.940393
2.255916
2.255916
2.078526
2.078526
1.887937
1.887937
2.063713
2.063713
2.084461
2.084461
1.870140
1.870140
1.881541
1.881541
1.948070
1.948070
2.001246
2.001246
1.960964
1.960964
1.993200
1.993200
1.903415
1.903415
1.856135
1.856135
1.969855
1.969855
1.938839
1.938839
1.817734
1.817734
1.940923
1.940923
1.948944
1.948944
1.906564
1.906564
1.762017
1.762017
1.888904
1.888904
1.953552
1.953552
1.877807
1.877807
1.823522
1.823522
1.970732
1.970732
2.035334
2.035334
1.761813
1.761813
1.807374
1.807374
1.711999
1.711999
1.934669
1.934669
1.883798
1.883798
2.049103
2.049103
1.760503
1.760503
1.977392
1.977392
1.918366
1.918366
1.991939
1.991939
1.970683
1.970683
1.996773
1.996773
1.942334
1.942334
2.053666
2.053666
1.910827
1.910827
2.391894
2.391894
2.159090
2.159090
2.198039
2.198039
2.210409
2.210409
2.070183
2.070183
2.549371
2.549371
2.205320
2.205320
2.080366
2.080366
2.199955
2.199955
2.476258
2.476258
2.443200
2.443200
2.238106
2.238106
2.391270
2.391270
2.403169
2.403169
2.348361
2.348361
2.662636
2.662636
2.467796
2.467796
2.401939
2.401939
2.692442
2.692442
2.264683
2.264683
2.588778
2.588778
2.752884
2.752884
2.353997
2.353997
2.541343
2.541343
2.662415
2.662415
2.482010
2.482010
2.566686
2.566686
2.587371
2.587371
2.373411
2.373411
2.406567
2.406567
2.522333
2.522333
2.434901
2.434901
2.674237
2.674237
2.551933
2.551933
2.133902
2.133902
2.241100
2.241100
2.131731
2.131731
1.937580
1.937580
2.347624
2.347624
2.122161
2.122161
1.960654
1.960654
2.075223
2.075223
1.945971
1.945971
2.077884
2.077884
2.054180
2.054180
2.265005
2.265005
1.936255
1.936255
2.043527
2.043527
2.058526
2.058526
2.055151
2.055151
2.079601
2.079601
1.994931
1.994931
1.972514
1.972514
1.910149
1.910149
1.998187
1.998187
1.898183
1.898183
1.893514
1.893514
1.836177
1.836177
2.125036
2.125036
1.836170
1.836170
2.029897
2.029897
1.954928
1.954928
1.997868
1.997868
1.851169
1.851169
1.895252
1.895252
2.004914
2.004914
2.136047
2.136047
1.890889
1.890889
1.661714
1.661714
2.001877
2.001877
1.877875
1.877875
1.844605
1.844605
1.949697
1.949697
1.889709
1.889709
1.891951
1.891951
1.716155
1.716155
1.997938
1.997938
1.840234
1.840234
1.874128
1.874128
1.992986
1.992986
1.917785
1.917785
1.975016
1.975016
1.956214
1.956214
2.051282
2.051282
2.093158
2.093158
2.086182
2.086182
1.955956
1.955956
2.118988
2.118988
2.007975
2.007975
2.023886
2.023886
2.090496
2.090496
2.233675
2.233675
2.014554
2.014554
2.009093
2.009093
2.129629
2.129629
2.091052
2.091052
2.513636
2.513636
2.233731
2.233731
2.397177
2.397177
2.014617
2.014617
2.222550
2.222550
2.455269
2.455269
2.408158
2.408158
2.312719
2.312719
2.402396
2.402396
2.448402
2.448402
2.296417
2.296417
2.270046
2.270046
2.196145
2.196145
2.574784
2.574784
2.056043
2.056043
2.292202
2.292202
2.544557
2.544557
2.382194
2.382194
2.244047
2.244047
2.312674
2.312674
2.329593
2.329593
2.165966
2.165966
2.069689
2.069689
2.305198
2.305198
2.157094
2.157094
2.061100
2.061100
2.264910
2.264910
2.150917
2.150917
2.039486
2.039486
2.091616
2.091616
2.191005
2.191005
2.082727
2.082727
2.085977
2.085977
2.007252
2.007252
2.054382
2.054382
1.848872
1.848872
2.076170
2.076170
2.139247
2.139247
1.981442
1.981442
2.108379
2.108379
1.968537
1.968537
1.973727
1.973727
1.954878
1.954878
2.070632
2.070632
2.061738
2.061738
1.895594
1.895594
1.786141
1.786141
1.939937
1.939937
2.083569
2.083569
1.880003
1.880003
1.951778
1.951778
1.928478
1.928478
1.921361
1.921361
2.148549
2.148549
2.131562
2.131562
1.892586
1.892586
1.854747
1.854747
2.007706
2.007706
1.958915
1.958915
2.019071
2.019071
1.770370
1.770370
1.977405
1.977405
2.106768
2.106768
2.099487
2.099487
2.046530
2.046530
1.935588
1.935588
2.049323
2.049323
2.063510
2.063510
1.870316
1.870316
2.236632
2.236632
2.013602
2.013602
1.835147
1.835147
1.822199
1.822199
2.235091
2.235091
2.154788
2.154788
2.357773
2.357773
2.142455
2.142455
1.911734
1.911734
2.000654
2.000654
2.263111
2.263111
2.077817
2.077817
1.871218
1.871218
2.153399
2.153399
1.897263
1.897263
1.914829
1.914829
1.883456
1.883456
2.182889
2.182889
1.876796
1.876796
2.276240
2.276240
2.367111
2.367111
1.974272
1.974272
2.156209
2.156209
2.239374
2.239374
2.280336
2.280336
2.204642
2.204642
2.251123
2.251123
2.176444
2.176444
2.022592
2.022592
2.142268
2.142268
2.122432
2.122432
2.057929
2.057929
2.281452
2.281452
2.411264
2.411264
2.136424
2.136424
2.317915
2.317915
2.221253
2.221253
2.228876
2.228876
2.018210
2.018210
2.492598
2.492598
2.229174
2.229174
2.134558
2.134558
1.900746
1.900746
2.177914
2.177914
1.934183
1.934183
2.119140
2.119140
2.149395
2.149395
1.985304
1.985304
2.081848
2.081848
2.016148
2.016148
1.915637
1.915637
1.995041
1.995041
2.067274
2.067274
1.971183
1.971183
1.905612
1.905612
1.914439
1.914439
1.985360
1.985360
1.888377
1.888377
1.790988
1.790988
1.655066
1.655066
1.700259
1.700259
1.740085
1.740085
1.930698
1.930698
1.749098
1.749098
1.945666
1.945666
1.771303
1.771303
1.968954
1.968954
1.794815
1.794815
1.815962
1.815962
1.682595
1.682595
1.762269
1.762269
1.895683
1.895683
1.871636
1.871636
1.925954
1.925954
1.673457
1.673457
1.827541
1.827541
1.870374
1.870374
2.020528
2.020528
2.220967
2.220967
1.868696
1.868696
1.978550
1.978550
2.049197
2.049197
2.077440
2.077440
1.982496
1.982496
2.018090
2.018090
1.929636
1.929636
2.219743
2.219743
2.024919
2.024919
1.908102
1.908102
2.023639
2.023639
1.957372
1.957372
1.984664
1.984664
2.113308
2.113308
1.975709
1.975709
1.833113
1.833113
2.060356
2.060356
2.024043
2.024043
2.090225
2.090225
2.102881
2.102881
2.260356
2.260356
2.216669
2.216669
2.181018
2.181018
1.842487
1.842487
2.045931
2.045931
1.922850
1.922850
2.090703
2.090703
1.830928
1.830928
1.991149
1.991149
2.374758
2.374758
2.131033
2.131033
2.052546
2.052546
1.925168
1.925168
2.235953
2.235953
1.918933
1.918933
1.864972
1.864972
2.104021
2.104021
2.021830
2.021830
2.104311
2.104311
2.184492
2.184492
2.199752
2.199752
2.114676
2.114676
2.149352
2.149352
2.166348
2.166348
2.331029
2.331029
2.125144
2.125144
2.085318
2.085318
2.192991
2.192991
2.593231
2.593231
2.477483
2.477483
2.318095
2.318095
2.332989
2.332989
1.988630
1.988630
2.389188
2.389188
2.348919
2.348919
2.042109
2.042109
1.959718
1.959718
2.373879
2.373879
2.298603
2.298603
2.082750
2.082750
2.121704
2.121704
2.016865
2.016865
2.047935
2.047935
2.085751
2.085751
1.835994
1.835994
1.909522
1.909522
2.107169
2.107169
1.936120
1.936120
1.939950
1.939950
1.745840
1.745840
1.779334
1.779334
2.012133
2.012133
1.898820
1.898820
2.233371
2.233371
1.870779
1.870779
1.854383
1.854383
1.713740
1.713740
1.880386
1.880386
1.858324
1.858324
1.686249
1.686249
1.982200
1.982200
2.091915
2.091915
2.243271
2.243271
1.997632
1.997632
1.865800
1.865800
1.879078
1.879078
1.970977
1.970977
2.495243
2.495243
2.075495
2.075495
1.971967
1.971967
2.039340
2.039340
2.204039
2.204039
2.076222
2.076222
1.943771
1.943771
2.039596
2.039596
2.087428
2.087428
2.369611
2.369611
2.206831
2.206831
2.201283
2.201283
2.117547
2.117547
2.147203
2.147203
1.882170
1.882170
2.168774
2.168774
2.032605
2.032605
1.816248
1.816248
2.153460
2.153460
2.004056
2.004056
2.115251
2.115251
1.962782
1.962782
2.046126
2.046126
1.644732
1.644732
1.982940
1.982940
1.829386
1.829386
1.802175
1.802175
2.019999
2.019999
1.602999
1.602999
1.725753
1.725753
1.919296
1.919296
2.191788
2.191788
1.941043
1.941043
2.003640
2.003640
1.803345
1.803345
2.068531
2.068531
2.146803
2.146803
2.179653
2.179653
1.895411
1.895411
1.781214
1.781214
1.942080
1.942080
1.959852
1.959852
2.337122
2.337122
1.894536
1.894536
2.171607
2.171607
2.034946
2.034946
1.852445
1.852445
2.034189
2.034189
1.890995
1.890995
1.972229
1.972229
2.164736
2.164736
2.345471
2.345471
1.794409
1.794409
2.040753
2.040753
2.035071
2.035071
2.098075
2.098075
1.879601
1.879601
2.105182
2.105182
2.095881
2.095881
2.305934
2.305934
1.947795
1.947795
1.989775
1.989775
1.934617
1.934617
2.099535
2.099535
1.796643
1.796643
2.261386
2.261386
2.098738
2.098738
1.900169
1.900169
1.868222
1.868222
1.845286
1.845286
1.794240
1.794240
1.853439
1.853439
1.819002
1.819002
1.985060
1.985060
2.060184
2.060184
1.925441
1.925441
1.785825
1.785825
1.879113
1.879113
1.844905
1.844905
2.161296
2.161296
1.684462
1.684462
1.965322
1.965322
1.913524
1.913524
2.053503
2.053503
1.740423
1.740423
2.034073
2.034073
1.939179
1.939179
2.015889
2.015889
2.114849
2.114849
2.361238
2.361238
1.841205
1.841205
2.227358
2.227358
1.868781
1.868781
1.956221
1.956221
2.173127
2.173127
2.297648
2.297648
2.033138
2.033138
2.070719
2.070719
2.189665
2.189665
2.149127
2.149127
2.356451
2.356451
2.173703
2.173703
2.085569
2.085569
2.153683
2.153683
2.212002
2.212002
1.816101
1.816101
2.221553
2.221553
2.188436
2.188436
2.015958
2.015958
2.043570
2.043570
2.144216
2.144216
2.144854
2.144854
2.021833
2.021833
1.972198
1.972198
2.086094
2.086094
2.195814
2.195814
2.162954
2.162954
2.044354
2.044354
1.944399
1.944399
1.827710
1.827710
2.150520
2.150520
2.099522
2.099522
2.030709
2.030709
1.962466
1.962466
2.046803
2.046803
1.718382
1.718382
1.854723
1.854723
1.668916
1.668916
1.758917
1.758917
1.920557
1.920557
1.960716
1.960716
2.077673
2.077673
1.678149
1.678149
1.748527
1.748527
1.962617
1.962617
1.802006
1.802006
1.771558
1.771558
1.591442
1.591442
1.998652
1.998652
1.906049
1.906049
1.812099
1.812099
1.888946
1.888946
1.863348
1.863348
1.779490
1.779490
1.907407
1.907407
1.986462
1.986462
1.932678
1.932678
1.926009
1.926009
2.126079
2.126079
1.856063
1.856063
2.029922
2.029922
2.051599
2.051599
2.103643
2.103643
2.063174
2.063174
2.079369
2.079369
1.915738
1.915738
1.663723
1.663723
1.758925
1.758925
1.929167
1.929167
2.078109
2.078109
1.806301
1.806301
1.926579
1.926579
2.052968
2.052968
2.167702
2.167702
1.700684
1.700684
2.006618
2.006618
1.810836
1.810836
1.923309
1.923309
1.618016
1.618016
1.831783
1.831783
1.918504
1.918504
1.932982
1.932982
1.820300
1.820300
1.900696
1.900696
2.031925
2.031925
1.884573
1.884573
1.965782
1.965782
2.047885
2.047885
1.994897
1.994897
1.820700
1.820700
1.844784
1.844784
1.765120
1.765120
1.838583
1.838583
1.792162
1.792162
2.042355
2.042355
2.011160
2.011160
1.964632
1.964632
2.007492
2.007492
1.753738
1.753738
2.077223
2.077223
2.046975
2.046975
2.066713
2.066713
2.156032
2.156032
2.094086
2.094086
2.264984
2.264984
2.291599
2.291599
1.878406
1.878406
1.950071
1.950071
2.148471
2.148471
2.149814
2.149814
2.262151
2.262151
2.202634
2.202634
2.354493
2.354493
2.197107
2.197107
1.856025
1.856025
2.094328
2.094328
2.196577
2.196577
2.275789
2.275789
2.314244
2.314244
2.105870
2.105870
2.253644
2.253644
2.310189
2.310189
1.962089
1.962089
2.225935
2.225935
2.033555
2.033555
2.297132
2.297132
1.849326
1.849326
2.244200
2.244200
1.991059
1.991059
1.940408
1.940408
2.030845
2.030845
1.882968
1.882968
1.971296
1.971296
2.209254
2.209254
2.086380
2.086380
1.985044
1.985044
2.186084
2.186084
2.112410
2.112410
2.003032
2.003032
2.209741
2.209741
2.202424
2.202424
1.976844
1.976844
2.211510
2.211510
2.329262
2.329262
1.860482
1.860482
2.051985
2.051985
1.881246
1.881246
1.681857
1.681857
1.586615
1.586615
1.937175
1.937175
1.603288
1.603288
1.929279
1.929279
2.076865
2.076865
1.659185
1.659185
1.731204
1.731204
1.822310
1.822310
1.859695
1.859695
1.868182
1.868182
2.033293
2.033293
1.760045
1.760045
1.698763
1.698763
2.176822
2.176822
1.711529
1.711529
1.675179
1.675179
1.862728
1.862728
1.635499
1.635499
1.652984
1.652984
1.633208
1.633208
1.779347
1.779347
1.796611
1.796611
1.695202
1.695202
1.921798
1.921798
1.748696
1.748696
1.750011
1.750011
1.812785
1.812785
1.882638
1.882638
1.778801
1.778801
1.724115
1.724115
1.800954
1.800954
1.627292
1.627292
1.665944
1.665944
1.795200
1.795200
1.958673
1.958673
1.907678
1.907678
1.728719
1.728719
1.716702
1.716702
1.818121
1.818121
1.883376
1.883376
1.700187
1.700187
1.791431
1.791431
1.813767
1.813767
1.919864
1.919864
1.967087
1.967087
1.887511
1.887511
1.826573
1.826573
2.026654
2.026654
2.130546
2.130546
2.237628
2.237628
1.982372
1.982372
2.021284
2.021284
1.977740
1.977740
1.843629
1.843629
2.099130
2.099130
2.437916
2.437916
2.101161
2.101161
2.145701
2.145701
2.410843
2.410843
2.199260
2.199260
2.358432
2.358432
1.722100
1.722100
2.105174
2.105174
2.050781
2.050781
2.288415
2.288415
2.000588
2.000588
1.994012
1.994012
2.047819
2.047819
2.241773
2.241773
2.275473
2.275473
2.081289
2.081289
2.309765
2.309765
1.887550
1.887550
2.152297
2.152297
2.204360
2.204360
1.962370
1.962370
1.953803
1.953803
1.918425
1.918425
2.264527
2.264527
2.085643
2.085643
2.054064
2.054064
1.910595
1.910595
1.859465
1.859465
1.864741
1.864741
1.714046
1.714046
2.110721
2.110721
1.900119
1.900119
1.990823
1.990823
1.887294
1.887294
2.000135
2.000135
1.597542
1.597542
1.695427
1.695427
1.993856
1.993856
1.836188
1.836188
1.820083
1.820083
1.518072
1.518072
1.642704
1.642704
1.767547
1.767547
1.841123
1.841123
1.704981
1.704981
1.778646
1.778646
1.582461
1.582461
1.858340
1.858340
1.807189
1.807189
2.075499
2.075499
1.860772
1.860772
1.999475
1.999475
1.651713
1.651713
1.621450
1.621450
1.732194
1.732194
1.784064
1.784064
1.928041
1.928041
1.657215
1.657215
1.827271
1.827271
1.809103
1.809103
1.939553
1.939553
1.922034
1.922034
1.878737
1.878737
2.188769
2.188769
1.691782
1.691782
1.790438
1.790438
1.901416
1.901416
2.015294
2.015294
1.904116
1.904116
2.037494
2.037494
2.032615
2.032615
1.858768
1.858768
2.013398
2.013398
2.078065
2.078065
2.115380
2.115380
1.972932
1.972932
1.882188
1.882188
1.982125
1.982125
1.743707
1.743707
1.909036
1.909036
2.064687
2.064687
1.867654
1.867654
2.173454
2.173454
1.905760
1.905760
2.181656
2.181656
1.959194
1.959194
1.852772
1.852772
2.003016
2.003016
2.161541
2.161541
2.110811
2.110811
1.826875
1.826875
1.765576
1.765576
2.440158
2.440158
2.029862
2.029862
1.967415
1.967415
1.783910
1.783910
2.228532
2.228532
1.826583
1.826583
2.093666
2.093666
1.784048
1.784048
2.116657
2.116657
1.648353
1.648353
1.864314
1.864314
1.948742
1.948742
1.873582
1.873582
1.928420
1.928420
1.890900
1.890900
1.925411
1.925411
2.138602
2.138602
1.957175
1.957175
2.146096
2.146096
1.745123
1.745123
1.992405
1.992405
2.034542
2.034542
1.838523
1.838523
1.862369
1.862369
2.028147
2.028147
1.949633
1.949633
1.874044
1.874044
1.949283
1.949283
1.716806
1.716806
1.792660
1.792660
1.865913
1.865913
1.977690
1.977690
1.997038
1.997038
1.980545
1.980545
2.141241
2.141241
2.012809
2.012809
1.696166
1.696166
1.806939
1.806939
2.035184
2.035184
1.879745
1.879745
1.863885
1.863885
2.083781
2.083781
1.724297
1.724297
1.898574
1.898574
1.932122
1.932122
1.887501
1.887501
2.111912
2.111912
1.980278
1.980278
1.830694
1.830694
1.892277
1.892277
1.983044
1.983044
2.166755
2.166755
1.962995
1.962995
2.115096
2.115096
1.967096
1.967096
2.374813
2.374813
2.405803
2.405803
2.194828
2.194828
1.864868
1.864868
1.928757
1.928757
2.303793
2.303793
2.145980
2.145980
1.995721
1.995721
2.076999
2.076999
1.959705
1.959705
2.395023
2.395023
2.154966
2.154966
1.944402
1.944402
2.085541
2.085541
1.924229
1.924229
2.124952
2.124952
2.228768
2.228768
1.951262
1.951262
1.748163
1.748163
1.716658
1.716658
1.861042
1.861042
2.038809
2.038809
1.763458
1.763458
1.980532
1.980532
1.927740
1.927740
1.884607
1.884607
1.863915
1.863915
1.695304
1.695304
2.050596
2.050596
1.850676
1.850676
1.416489
1.416489
1.784031
1.784031
2.014627
2.014627
1.859909
1.859909
1.740717
1.740717
1.944514
1.944514
1.903476
1.903476
1.791904
1.791904
1.823872
1.823872
1.837322
1.837322
1.956355
1.956355
1.787440
1.787440
1.847891
1.847891
1.865663
1.865663
1.829095
1.829095
1.846644
1.846644
1.770157
1.770157
1.818214
1.818214
1.747329
1.747329
1.802137
1.802137
1.856928
1.856928
1.740907
1.740907
1.671092
1.671092
1.722401
1.722401
1.737592
1.737592
1.799408
1.799408
1.876776
1.876776
1.810526
1.810526
1.696990
1.696990
1.657423
1.657423
1.979941
1.979941
1.889587
1.889587
1.804647
1.804647
1.870066
1.870066
1.792229
1.792229
1.884795
1.884795
1.606669
1.606669
1.752449
1.752449
1.810161
1.810161
2.263588
2.263588
2.000188
2.000188
1.672017
1.672017
2.223149
2.223149
2.243816
2.243816
1.922549
1.922549
1.989976
1.989976
1.956800
1.956800
2.043304
2.043304
2.378463
2.378463
2.344703
2.344703
2.503855
2.503855
2.201279
2.201279
2.214417
2.214417
2.346320
2.346320
2.278696
2.278696
2.320984
2.320984
2.363763
2.363763
1.987643
1.987643
2.340445
2.340445
2.108582
2.108582
2.379506
2.379506
2.280831
2.280831
1.877841
1.877841
2.148746
2.148746
2.238643
2.238643
1.981540
1.981540
2.136016
2.136016
2.301565
2.301565
1.635976
1.635976
2.039871
2.039871
2.042621
2.042621
1.682714
1.682714
1.896713
1.896713
1.940746
1.940746
1.971719
1.971719
1.961136
1.961136
1.913762
1.913762
2.039685
2.039685
1.801573
1.801573
1.898920
1.898920
1.742854
1.742854
1.624269
1.624269
1.812087
1.812087
2.051383
2.051383
1.866639
1.866639
1.829386
1.829386
1.768982
1.768982
1.719434
1.719434
1.782960
1.782960
1.811661
1.811661
1.865657
1.865657
1.844518
1.844518
1.716222
1.716222
1.750214
1.750214
1.778652
1.778652
1.611072
1.611072
1.646656
1.646656
1.884007
1.884007
1.716466
1.716466
1.575890
1.575890
1.746987
1.746987
1.498734
1.498734
1.837781
1.837781
1.782778
1.782778
1.864912
1.864912
1.713727
1.713727
1.638905
1.638905
1.618130
1.618130
1.924362
1.924362
1.844442
1.844442
1.827995
1.827995
1.725106
1.725106
1.892090
1.892090
1.865529
1.865529
1.899215
1.899215
1.927941
1.927941
1.596622
1.596622
1.760861
1.760861
1.636155
1.636155
1.908744
1.908744
1.859948
1.859948
1.669241
1.669241
1.800679
1.800679
1.723127
1.723127
1.817436
1.817436
1.939151
1.939151
2.143662
2.143662
1.988789
1.988789
2.134195
2.134195
2.085351
2.085351
1.942862
1.942862
1.980390
1.980390
2.150556
2.150556
1.989893
1.989893
1.850815
1.850815
1.860004
1.860004
2.380056
2.380056
1.954589
1.954589
2.121953
2.121953
1.909363
1.909363
2.218153
2.218153
2.304815
2.304815
2.043624
2.043624
2.247448
2.247448
2.239718
2.239718
2.157612
2.157612
2.027724
2.027724
2.160751
2.160751
2.230490
2.230490
2.099029
2.099029
2.595901
2.595901
2.169474
2.169474
2.120339
2.120339
2.197798
2.197798
2.216547
2.216547
1.834088
1.834088
2.512485
2.512485
2.244288
2.244288
1.956883
1.956883
2.312911
2.312911
1.981322
1.981322
1.890809
1.890809
2.195796
2.195796
2.166308
2.166308
1.826763
1.826763
1.937954
1.937954
1.864567
1.864567
2.134877
2.134877
2.156742
2.156742
2.060456
2.060456
1.919270
1.919270
2.045455
2.045455
2.364144
2.364144
1.814247
1.814247
1.660225
1.660225
2.046116
2.046116
1.712502
1.712502
2.056950
2.056950
1.696517
1.696517
1.790538
1.790538
1.690207
1.690207
1.647838
1.647838
2.026467
2.026467
1.788247
1.788247
1.879655
1.879655
1.516483
1.516483
2.048444
2.048444
1.658601
1.658601
1.728802
1.728802
1.758641
1.758641
1.761759
1.761759
1.706190
1.706190
1.983218
1.983218
1.712719
1.712719
2.181655
2.181655
1.852574
1.852574
1.945757
1.945757
1.733225
1.733225
1.732418
1.732418
1.655372
1.655372
1.761730
1.761730
1.878256
1.878256
1.998624
1.998624
1.719504
1.719504
1.680857
1.680857
1.972307
1.972307
1.929298
1.929298
1.833440
1.833440
1.571549
1.571549
1.701391
1.701391
1.927427
1.927427
1.684831
1.684831
1.770966
1.770966
1.823857
1.823857
1.923243
1.923243
1.749328
1.749328
1.811998
1.811998
1.665628
1.665628
1.811428
1.811428
1.847287
1.847287
1.795430
1.795430
1.938282
1.938282
1.746116
1.746116
1.724473
1.724473
2.013813
2.013813
1.899242
1.899242
1.971698
1.971698
1.854416
1.854416
1.815552
1.815552
1.826152
1.826152
1.763110
1.763110
1.809408
1.809408
2.083236
2.083236
1.576725
1.576725
1.971386
1.971386
1.958504
1.958504
1.800484
1.800484
1.995255
1.995255
1.694892
1.694892
1.815500
1.815500
1.939014
1.939014
1.751974
1.751974
2.087821
2.087821
1.827512
1.827512
1.880911
1.880911
1.846690
1.846690
1.676571
1.676571
2.118422
2.118422
2.208506
2.208506
1.831134
1.831134
2.143068
2.143068
2.093421
2.093421
1.794353
1.794353
1.856229
1.856229
2.097759
2.097759
1.639733
1.639733
1.832043
1.832043
1.674503
1.674503
1.962391
1.962391
2.136235
2.136235
1.788740
1.788740
1.679635
1.679635
1.874042
1.874042
2.323008
2.323008
1.840662
1.840662
1.695010
1.695010
1.777830
1.777830
1.923570
1.923570
1.686925
1.686925
2.023593
2.023593
1.908349
1.908349
2.075205
2.075205
1.760154
1.760154
2.145843
2.145843
1.741574
1.741574
1.902276
1.902276
1.774438
1.774438
1.755567
1.755567
2.007275
2.007275
1.667013
1.667013
1.884633
1.884633
1.834994
1.834994
1.633458
1.633458
1.644972
1.644972
1.969521
1.969521
2.341368
2.341368
1.899726
1.899726
1.995054
1.995054
1.996818
1.996818
1.774838
1.774838
1.756213
1.756213
1.742377
1.742377
2.128858
2.128858
2.010170
2.010170
1.790121
1.790121
2.128429
2.128429
1.702592
1.702592
1.900338
1.900338
2.132166
2.132166
1.788333
1.788333
1.764935
1.764935
1.602446
1.602446
1.855853
1.855853
1.869751
1.869751
1.937116
1.937116
1.591876
1.591876
1.904897
1.904897
1.732560
1.732560
1.825565
1.825565
1.691590
1.691590
1.643313
1.643313
1.657784
1.657784
1.733695
1.733695
1.794325
1.794325
1.792247
1.792247
2.061207
2.061207
1.819401
1.819401
1.751639
1.751639
1.633761
1.633761
1.803323
1.803323
1.485461
1.485461
1.937891
1.937891
1.884897
1.884897
1.814172
1.814172
1.647226
1.647226
1.766912
1.766912
1.794509
1.794509
1.738508
1.738508
1.851807
1.851807
2.057865
2.057865
1.813831
1.813831
1.867606
1.867606
1.809247
1.809247
1.870821
1.870821
1.781284
1.781284
2.005701
2.005701
1.674382
1.674382
1.786480
1.786480
1.652328
1.652328
1.777884
1.777884
1.689311
1.689311
1.979879
1.979879
1.759973
1.759973
1.767244
1.767244
1.831000
1.831000
1.939364
1.939364
1.760325
1.760325
1.889412
1.889412
1.656484
1.656484
1.614629
1.614629
1.645575
1.645575
2.021354
2.021354
1.760985
1.760985
1.960226
1.960226
1.802439
1.802439
2.013113
2.013113
1.850575
1.850575
1.946707
1.946707
2.013433
2.013433
1.952307
1.952307
1.788577
1.788577
1.868268
1.868268
1.906887
1.906887
1.919506
1.919506
2.234482
2.234482
2.277065
2.277065
1.846524
1.846524
1.615583
1.615583
1.874918
1.874918
2.048429
2.048429
2.152335
2.152335
1.901718
1.901718
1.857465
1.857465
2.062831
2.062831
1.891570
1.891570
1.745694
1.745694
1.945023
1.945023
2.324645
2.324645
2.341203
2.341203
1.913707
1.913707
1.876348
1.876348
1.876506
1.876506
1.782791
1.782791
1.907855
1.907855
2.042993
2.042993
1.964109
1.964109
1.954407
1.954407
1.738763
1.738763
1.699219
1.699219
1.867150
1.867150
1.806822
1.806822
2.086689
2.086689
1.769313
1.769313
1.780799
1.780799
1.515712
1.515712
1.898348
1.898348
1.586535
1.586535
1.705304
1.705304
1.642407
1.642407
1.836365
1.836365
1.683515
1.683515
1.924878
1.924878
1.761359
1.761359
1.546744
1.546744
2.048862
2.048862
1.923548
1.923548
1.981534
1.981534
1.886813
1.886813
1.806385
1.806385
2.021837
2.021837
2.026217
2.026217
1.757405
1.757405
1.849949
1.849949
1.779511
1.779511
1.729499
1.729499
2.026015
2.026015
1.876686
1.876686
1.797358
1.797358
1.694676
1.694676
1.800979
1.800979
1.850635
1.850635
1.878842
1.878842
1.829399
1.829399
1.770550
1.770550
1.932725
1.932725
1.771299
1.771299
1.881019
1.881019
1.910800
1.910800
1.749843
1.749843
1.818880
1.818880
1.882789
1.882789
1.789203
1.789203
1.620102
1.620102
1.726657
1.726657
1.697248
1.697248
1.654653
1.654653
1.841898
1.841898
1.846462
1.846462
1.840470
1.840470
1.623247
1.623247
1.679883
1.679883
1.965845
1.965845
1.932363
1.932363
1.984192
1.984192
1.721539
1.721539
1.591241
1.591241
1.957040
1.957040
1.895107
1.895107
2.159367
2.159367
1.970910
1.970910
1.970787
1.970787
2.203581
2.203581
2.088697
2.088697
1.731044
1.731044
2.182103
2.182103
2.094064
2.094064
2.284644
2.284644
2.371897
2.371897
1.894480
1.894480
2.344051
2.344051
1.873383
1.873383
1.608928
1.608928
2.153977
2.153977
2.115805
2.115805
2.337635
2.337635
1.754281
1.754281
1.694977
1.694977
1.876807
1.876807
1.788893
1.788893
1.848098
1.848098
1.751442
1.751442
1.994045
1.994045
1.684749
1.684749
1.718903
1.718903
1.701346
1.701346
2.068525
2.068525
1.609837
1.609837
1.600110
1.600110
1.709047
1.709047
1.956552
1.956552
1.852221
1.852221
2.013272
2.013272
1.949528
1.949528
1.597630
1.597630
1.651443
1.651443
1.707143
1.707143
1.815768
1.815768
2.175090
2.175090
1.805998
1.805998
1.859354
1.859354
1.580915
1.580915
1.712076
1.712076
1.998849
1.998849
1.837100
1.837100
1.943799
1.943799
1.835194
1.835194
2.008092
2.008092
1.954795
1.954795
1.713102
1.713102
1.650936
1.650936
1.779738
1.779738
1.861706
1.861706
1.864110
1.864110
1.954558
1.954558
1.666381
1.666381
1.865178
1.865178
1.940502
1.940502
1.744578
1.744578
1.878215
1.878215
1.775076
1.775076
2.242722
2.242722
2.045780
2.045780
1.901181
1.901181
1.675871
1.675871
1.750507
1.750507
1.863020
1.863020
2.155768
2.155768
1.681020
1.681020
1.702245
1.702245
1.941885
1.941885
1.709442
1.709442
1.843868
1.843868
2.213760
2.213760
1.920972
1.920972
1.741441
1.741441
1.758987
1.758987
1.744396
1.744396
1.862860
1.862860
1.981339
1.981339
2.063927
2.063927
1.610346
1.610346
1.579309
1.579309
1.833013
1.833013
1.895698
1.895698
2.011563
2.011563
1.814882
1.814882
1.949301
1.949301
1.710763
1.710763
1.669737
1.669737
2.066658
2.066658
1.884176
1.884176
1.829171
1.829171
2.059666
2.059666
1.757558
1.757558
1.756652
1.756652
1.494487
1.494487
1.773943
1.773943
1.754829
1.754829
1.483063
1.483063
1.475009
1.475009
1.726113
1.726113
1.648836
1.648836
1.530522
1.530522
1.591848
1.591848
1.546945
1.546945
1.588366
1.588366
1.673105
1.673105
1.461284
1.461284
1.587521
1.587521
1.453286
1.453286
1.468183
1.468183
1.677951
1.677951
1.649971
1.649971
1.662236
1.662236
1.638691
1.638691
1.610675
1.610675
1.697999
1.697999
1.668300
1.668300
1.519178
1.519178
1.814706
1.814706
2.070695
2.070695
1.795925
1.795925
1.843643
1.843643
1.788968
1.788968
1.564681
1.564681
1.558726
1.558726
1.664069
1.664069
1.803676
1.803676
1.515705
1.515705
1.703423
1.703423
1.453520
1.453520
1.627784
1.627784
1.822387
1.822387
1.816298
1.816298
1.984197
1.984197
1.923079
1.923079
1.991277
1.991277
1.997058
1.997058
1.873374
1.873374
1.823087
1.823087
1.637597
1.637597
1.884658
1.884658
1.911442
1.911442
1.817075
1.817075
1.777647
1.777647
1.844536
1.844536
2.185230
2.185230
1.923995
1.923995
1.963433
1.963433
2.126725
2.126725
1.724318
1.724318
1.922895
1.922895
1.991578
1.991578
2.145533
2.145533
1.871760
1.871760
1.874498
1.874498
1.972235
1.972235
2.151561
2.151561
1.839534
1.839534
1.988510
1.988510
2.042745
2.042745
1.951640
1.951640
2.149831
2.149831
2.065079
2.065079
2.402967
2.402967
2.248968
2.248968
1.759505
1.759505
1.765042
1.765042
2.174718
2.174718
1.607977
1.607977
2.030575
2.030575
1.728059
1.728059
1.770088
1.770088
2.035540
2.035540
2.135396
2.135396
2.009999
2.009999
2.254602
2.254602
1.764843
1.764843
1.771957
1.771957
1.762208
1.762208
1.730432
1.730432
1.720629
1.720629
1.964893
1.964893
1.726423
1.726423
1.469745
1.469745
1.840011
1.840011
1.951959
1.951959
1.833908
1.833908
1.544765
1.544765
1.775860
1.775860
1.587778
1.587778
1.595182
1.595182
1.536052
1.536052
1.774580
1.774580
1.582665
1.582665
1.676348
1.676348
1.683527
1.683527
1.532725
1.532725
1.562805
1.562805
1.682009
1.682009
1.421483
1.421483
1.791516
1.791516
1.850998
1.850998
1.652312
1.652312
2.212586
2.212586
1.782636
1.782636
1.665941
1.665941
1.590979
1.590979
1.570549
1.570549
1.656813
1.656813
1.857277
1.857277
1.704130
1.704130
1.737546
1.737546
1.795056
1.795056
1.868132
1.868132
1.616920
1.616920
1.631212
1.631212
2.074465
2.074465
1.918504
1.918504
1.711968
1.711968
1.959774
1.959774
1.918384
1.918384
1.696169
1.696169
1.801379
1.801379
1.758698
1.758698
1.675559
1.675559
1.706782
1.706782
1.916041
1.916041
1.622689
1.622689
1.965665
1.965665
1.563773
1.563773
1.862631
1.862631
1.737429
1.737429
1.674595
1.674595
1.899595
1.899595
1.774108
1.774108
1.672242
1.672242
1.641990
1.641990
1.817122
1.817122
1.752268
1.752268
1.641803
1.641803
1.658032
1.658032
1.509206
1.509206
1.912568
1.912568
1.956884
1.956884
2.203244
2.203244
2.012150
2.012150
2.238743
2.238743
1.550876
1.550876
2.281037
2.281037
2.016434
2.016434
1.621636
1.621636
1.715202
1.715202
2.002732
2.002732
1.856840
1.856840
2.215848
2.215848
1.680956
1.680956
1.986836
1.986836
1.704376
1.704376
1.537355
1.537355
1.750338
1.750338
2.006086
2.006086
2.089580
2.089580
1.935894
1.935894
1.951706
1.951706
1.689486
1.689486
1.693004
1.693004
1.678981
1.678981
1.786847
1.786847
1.506685
1.506685
2.055119
2.055119
1.757630
1.757630
1.819467
1.819467
1.553934
1.553934
1.453280
1.453280
1.448935
1.448935
1.190871
1.190871
1.751532
1.751532
1.731736
1.731736
1.590611
1.590611
1.513704
1.513704
1.604226
1.604226
1.533925
1.533925
1.674571
1.674571
1.763061
1.763061
1.584054
1.584054
1.955805
1.955805
1.722833
1.722833
1.486131
1.486131
1.743528
1.743528
1.940731
1.940731
1.674356
1.674356
1.981711
1.981711
1.809285
1.809285
1.777319
1.777319
2.113597
2.113597
1.736367
1.736367
1.559825
1.559825
1.800009
1.800009
1.676460
1.676460
1.799734
1.799734
1.922234
1.922234
1.897784
1.897784
1.897833
1.897833
1.835628
1.835628
1.755368
1.755368
1.730082
1.730082
1.832318
1.832318
2.031649
2.031649
1.657439
1.657439
1.910548
1.910548
1.740458
1.740458
1.783982
1.783982
2.092946
2.092946
1.652313
1.652313
1.810571
1.810571
1.783317
1.783317
2.057508
2.057508
2.149798
2.149798
1.900298
1.900298
1.827719
1.827719
1.741230
1.741230
2.135520
2.135520
1.648731
1.648731
1.684584
1.684584
1.792547
1.792547
1.914467
1.914467
2.165269
2.165269
1.912224
1.912224
2.253687
2.253687
1.961660
1.961660
2.033050
2.033050
1.760642
1.760642
2.025193
2.025193
2.065678
2.065678
2.133745
2.133745
2.084378
2.084378
1.749223
1.749223
2.054378
2.054378
2.216308
2.216308
2.266639
2.266639
1.792633
1.792633
1.911091
1.911091
1.809705
1.809705
2.120318
2.120318
2.197283
2.197283
2.013053
2.013053
1.928033
1.928033
1.767072
1.767072
1.516897
1.516897
1.493657
1.493657
1.736196
1.736196
1.351465
1.351465
1.613312
1.613312
1.927244
1.927244
1.693638
1.693638
1.758779
1.758779
1.526450
1.526450
1.655595
1.655595
1.790167
1.790167
1.737015
1.737015
1.552880
1.552880
1.771316
1.771316
1.556302
1.556302
1.539330
1.539330
1.547424
1.547424
1.621961
1.621961
1.665398
1.665398
1.599142
1.599142
1.568115
1.568115
1.686816
1.686816
1.761999
1.761999
1.673162
1.673162
1.625013
1.625013
1.705526
1.705526
1.521164
1.521164
1.715473
1.715473
1.620223
1.620223
1.779293
1.779293
1.845734
1.845734
1.656113
1.656113
1.756078
1.756078
1.441029
1.441029
1.663776
1.663776
1.604785
1.604785
1.798177
1.798177
1.787518
1.787518
1.943641
1.943641
1.775769
1.775769
1.754564
1.754564
1.658923
1.658923
2.264027
2.264027
1.856040
1.856040
2.108172
2.108172
1.963926
1.963926
1.848703
1.848703
2.190588
2.190588
1.890250
1.890250
2.060230
2.060230
1.830770
1.830770
2.102743
2.102743
1.783248
1.783248
2.075316
2.075316
2.073261
2.073261
2.233327
2.233327
1.818618
1.818618
1.659001
1.659001
2.227983
2.227983
1.773240
1.773240
1.991570
1.991570
1.893809
1.893809
1.714743
1.714743
2.146827
2.146827
1.797700
1.797700
2.122424
2.122424
1.971622
1.971622
1.735303
1.735303
2.128541
2.128541
2.204401
2.204401
1.947816
1.947816
2.051947
2.051947
1.846630
1.846630
2.109109
2.109109
1.925093
1.925093
1.997757
1.997757
2.014399
2.014399
2.160223
2.160223
1.895745
1.895745
2.163180
2.163180
1.755933
1.755933
1.901446
1.901446
1.633397
1.633397
1.930009
1.930009
1.651022
1.651022
2.159821
2.159821
1.524856
1.524856
1.750754
1.750754
1.639708
1.639708
1.883762
1.883762
1.614419
1.614419
1.787044
1.787044
1.803071
1.803071
1.702224
1.702224
1.737662
1.737662
1.544868
1.544868
1.656263
1.656263
1.873925
1.873925
1.833076
1.833076
1.787313
1.787313
1.811250
1.811250
1.681825
1.681825
2.012089
2.012089
1.653869
1.653869
1.405528
1.405528
1.672674
1.672674
1.522099
1.522099
1.512271
1.512271
1.846649
1.846649
1.566454
1.566454
1.882220
1.882220
1.673140
1.673140
1.690569
1.690569
1.772373
1.772373
1.773518
1.773518
1.664110
1.664110
1.797318
1.797318
1.694592
1.694592
1.677827
1.677827
1.669253
1.669253
1.916304
1.916304
1.742017
1.742017
1.643057
1.643057
1.749937
1.749937
1.511131
1.511131
1.802329
1.802329
1.774742
1.774742
1.618231
1.618231
1.434904
1.434904
1.578188
1.578188
1.940207
1.940207
1.796376
1.796376
1.987424
1.987424
1.612261
1.612261
1.788950
1.788950
1.826215
1.826215
1.976366
1.976366
1.812997
1.812997
2.012356
2.012356
1.797892
1.797892
1.891968
1.891968
1.751175
1.751175
1.745033
1.745033
1.630128
1.630128
1.803930
1.803930
1.709223
1.709223
1.850108
1.850108
1.954737
1.954737
1.991153
1.991153
2.194340
2.194340
2.194295
2.194295
2.127149
2.127149
1.729931
1.729931
1.830938
1.830938
2.066736
2.066736
2.095679
2.095679
2.309454
2.309454
1.596525
1.596525
1.966001
1.966001
1.951257
1.951257
2.213706
2.213706
2.014531
2.014531
1.819726
1.819726
2.179579
2.179579
1.812268
1.812268
1.953644
1.953644
1.768970
1.768970
1.775144
1.775144
1.970320
1.970320
1.852826
1.852826
1.934971
1.934971
1.612109
1.612109
1.866778
1.866778
2.059487
2.059487
1.748543
1.748543
1.675082
1.675082
1.774023
1.774023
1.728820
1.728820
1.791572
1.791572
1.637570
1.637570
1.661666
1.661666
1.752098
1.752098
1.758404
1.758404
1.914462
1.914462
1.587964
1.587964
1.625332
1.625332
1.843410
1.843410
1.857889
1.857889
1.946027
1.946027
1.833555
1.833555
2.101566
2.101566
1.824517
1.824517
1.820312
1.820312
1.704757
1.704757
1.544499
1.544499
1.602435
1.602435
1.594228
1.594228
1.744207
1.744207
1.795614
1.795614
1.993798
1.993798
1.777172
1.777172
1.710642
1.710642
1.592066
1.592066
1.679985
1.679985
1.758869
1.758869
1.972689
1.972689
1.753955
1.753955
1.698163
1.698163
1.779463
1.779463
1.835721
1.835721
1.712269
1.712269
1.612760
1.612760
1.533516
1.533516
1.491887
1.491887
1.794525
1.794525
1.824991
1.824991
1.925776
1.925776
1.720639
1.720639
1.864937
1.864937
1.970920
1.970920
1.837625
1.837625
1.876471
1.876471
1.691973
1.691973
1.742845
1.742845
1.715262
1.715262
1.566323
1.566323
2.082385
2.082385
1.904350
1.904350
1.684574
1.684574
1.771958
1.771958
1.480070
1.480070
1.643890
1.643890
1.949762
1.949762
1.925625
1.925625
1.560581
1.560581
1.667108
1.667108
1.937445
1.937445
1.636133
1.636133
1.888923
1.888923
2.094157
2.094157
2.093506
2.093506
1.932901
1.932901
1.935002
1.935002
2.002243
2.002243
2.225713
2.225713
1.880147
1.880147
1.802349
1.802349
2.125915
2.125915
1.859552
1.859552
2.211289
2.211289
1.711127
1.711127
1.750010
1.750010
1.696673
1.696673
1.639793
1.639793
1.675947
1.675947
1.716885
1.716885
1.775014
1.775014
1.793492
1.793492
1.661057
1.661057
1.636621
1.636621
1.702936
1.702936
1.762729
1.762729
1.956228
1.956228
1.454781
1.454781
1.615025
1.615025
1.607224
1.607224
1.817093
1.817093
1.749982
1.749982
1.736780
1.736780
1.608960
1.608960
1.583070
1.583070
1.672825
1.672825
1.898754
1.898754
1.758805
1.758805
1.453486
1.453486
1.465240
1.465240
1.636690
1.636690
1.760425
1.760425
1.583041
1.583041
1.602986
1.602986
1.755904
1.755904
1.905013
1.905013
1.808094
1.808094
1.674002
1.674002
1.702773
1.702773
1.759888
1.759888
1.789713
1.789713
1.742266
1.742266
1.685786
1.685786
1.729633
1.729633
1.698531
1.698531
1.744019
1.744019
1.906062
1.906062
1.772272
1.772272
1.656573
1.656573
1.691808
1.691808
1.628838
1.628838
1.949998
1.949998
1.702167
1.702167
1.645211
1.645211
1.751921
1.751921
1.510894
1.510894
1.669148
1.669148
1.815310
1.815310
1.464787
1.464787
1.701969
1.701969
1.826573
1.826573
1.898949
1.898949
2.067372
2.067372
1.607649
1.607649
1.802332
1.802332
1.682120
1.682120
1.631340
1.631340
1.610299
1.610299
1.826903
1.826903
1.692822
1.692822
1.692467
1.692467
1.719062
1.719062
1.761273
1.761273
1.871376
1.871376
1.455592
1.455592
1.750462
1.750462
1.706183
1.706183
1.643384
1.643384
1.759993
1.759993
1.988247
1.988247
1.572603
1.572603
2.235925
2.235925
1.743048
1.743048
1.823130
1.823130
2.007195
2.007195
1.880229
1.880229
2.022527
2.022527
1.874436
1.874436
1.914162
1.914162
1.738133
1.738133
1.946904
1.946904
2.057073
2.057073
1.749750
1.749750
1.714332
1.714332
1.970622
1.970622
1.933428
1.933428
1.897858
1.897858
1.858499
1.858499
1.958577
1.958577
2.110580
2.110580
1.586955
1.586955
1.403800
1.403800
1.544699
1.544699
1.752048
1.752048
1.737636
1.737636
1.540033
1.540033
1.799630
1.799630
1.691959
1.691959
1.628033
1.628033
1.615157
1.615157
1.796854
1.796854
1.764422
1.764422
1.854099
1.854099
1.871473
1.871473
1.728603
1.728603
1.621714
1.621714
1.765050
1.765050
1.663407
1.663407
1.736071
1.736071
1.568477
1.568477
1.704973
1.704973
1.849096
1.849096
1.870168
1.870168
1.731840
1.731840
1.692994
1.692994
1.937490
1.937490
2.045746
2.045746
1.662488
1.662488
1.751828
1.751828
1.670729
1.670729
1.638208
1.638208
1.506948
1.506948
1.757626
1.757626
1.595071
1.595071
1.587452
1.587452
1.695788
1.695788
1.744791
1.744791
1.533380
1.533380
1.496339
1.496339
1.649694
1.649694
1.618211
1.618211
1.689500
1.689500
1.693775
1.693775
1.425071
1.425071
1.708117
1.708117
1.907698
1.907698
1.548406
1.548406
1.555155
1.555155
1.412241
1.412241
1.425163
1.425163
1.607975
1.607975
1.727553
1.727553
1.605206
1.605206
1.634635
1.634635
1.510177
1.510177
1.970220
1.970220
1.777769
1.777769
1.364276
1.364276
1.573556
1.573556
1.969856
1.969856
2.044682
2.044682
1.756413
1.756413
2.060734
2.060734
1.620113
1.620113
1.408068
1.408068
1.908964
1.908964
1.821206
1.821206
1.858638
1.858638
1.870754
1.870754
1.872124
1.872124
1.395569
1.395569
1.720695
1.720695
1.841220
1.841220
1.607782
1.607782
1.454769
1.454769
1.684910
1.684910
1.960976
1.960976
1.802581
1.802581
1.738684
1.738684
1.523797
1.523797
1.984957
1.984957
1.964708
1.964708
1.918397
1.918397
1.855993
1.855993
1.709490
1.709490
1.436567
1.436567
1.802217
1.802217
1.493589
1.493589
1.750708
1.750708
1.540194
1.540194
1.814722
1.814722
1.627784
1.627784
1.591490
1.591490
1.767853
1.767853
1.621873
1.621873
1.557018
1.557018
1.689163
1.689163
1.604034
1.604034
1.732397
1.732397
1.685658
1.685658
1.557800
1.557800
1.636195
1.636195
1.727231
1.727231
2.046755
2.046755
1.689452
1.689452
1.688578
1.688578
1.731654
1.731654
1.815095
1.815095
1.482141
1.482141
1.713571
1.713571
1.859826
1.859826
1.614630
1.614630
1.880963
1.880963
1.514202
1.514202
1.821071
1.821071
1.707090
1.707090
1.520863
1.520863
1.573105
1.573105
1.851238
1.851238
1.752589
1.752589
1.640091
1.640091
1.575764
1.575764
2.077016
2.077016
1.948621
1.948621
1.884576
1.884576
1.747465
1.747465
1.741156
1.741156
1.757269
1.757269
2.047078
2.047078
2.005625
2.005625
1.831518
1.831518
1.833548
1.833548
1.791877
1.791877
2.161515
2.161515
1.601716
1.601716
1.721609
1.721609
1.716698
1.716698
1.535901
1.535901
1.625740
1.625740
1.498306
1.498306
2.009441
2.009441
1.930611
1.930611
1.552746
1.552746
1.458199
1.458199
1.682053
1.682053
1.725279
1.725279
1.954538
1.954538
1.418870
1.418870
1.500582
1.500582
1.857157
1.857157
1.864065
1.864065
1.564452
1.564452
1.537179
1.537179
1.811706
1.811706
2.138948
2.138948
2.086855
2.086855
1.865856
1.865856
1.744701
1.744701
1.843031
1.843031
1.810083
1.810083
1.651651
1.651651
1.588662
1.588662
1.624875
1.624875
1.610100
1.610100
1.510349
1.510349
1.632797
1.632797
1.683894
1.683894
1.545738
1.545738
1.995222
1.995222
1.874814
1.874814
1.395029
1.395029
1.525440
1.525440
1.658272
1.658272
1.865958
1.865958
1.695589
1.695589
1.324156
1.324156
1.729178
1.729178
1.389203
1.389203
1.513279
1.513279
1.675056
1.675056
1.669392
1.669392
1.543854
1.543854
1.858241
1.858241
1.694002
1.694002
1.714183
1.714183
1.237790
1.237790
1.186861
1.186861
1.646334
1.646334
1.404102
1.404102
1.278418
1.278418
1.557971
1.557971
1.376189
1.376189
1.306917
1.306917
1.402552
1.402552
1.769944
1.769944
1.403058
1.403058
1.698428
1.698428
1.624679
1.624679
1.637923
1.637923
1.692540
1.692540
1.661097
1.661097
1.650806
1.650806
1.619031
1.619031
1.725053
1.725053
1.567975
1.567975
1.708494
1.708494
1.595806
1.595806
1.556891
1.556891
1.555461
1.555461
1.711118
1.711118
1.451669
1.451669
1.629739
1.629739
1.921317
1.921317
1.551002
1.551002
1.952526
1.952526
2.097743
2.097743
1.834150
1.834150
1.553016
1.553016
1.794510
1.794510
1.878616
1.878616
1.760168
1.760168
1.720767
1.720767
2.078416
2.078416
2.018010
2.018010
2.011944
2.011944
2.035634
2.035634
1.824439
1.824439
1.585616
1.585616
1.856712
1.856712
1.610552
1.610552
1.761921
1.761921
1.934753
1.934753
1.577297
1.577297
1.938265
1.938265
2.172100
2.172100
1.903482
1.903482
2.271471
2.271471
1.885720
1.885720
1.973686
1.973686
1.922076
1.922076
2.114723
2.114723
1.824123
1.824123
1.807669
1.807669
2.130488
2.130488
1.915722
1.915722
1.971074
1.971074
1.670107
1.670107
1.767067
1.767067
1.879357
1.879357
2.129362
2.129362
2.006452
2.006452
1.512353
1.512353
1.837624
1.837624
1.780698
1.780698
1.885990
1.885990
1.658485
1.658485
2.030277
2.030277
1.477860
1.477860
1.935346
1.935346
1.537035
1.537035
1.560523
1.560523
1.985333
1.985333
1.530615
1.530615
1.531125
1.531125
1.490229
1.490229
1.738690
1.738690
2.029155
2.029155
1.454464
1.454464
1.464539
1.464539
1.878529
1.878529
1.604801
1.604801
1.596658
1.596658
1.439139
1.439139
1.479156
1.479156
1.549134
1.549134
1.636357
1.636357
1.472253
1.472253
1.486079
1.486079
1.436643
1.436643
1.894497
1.894497
1.328630
1.328630
1.371609
1.371609
1.249330
1.249330
1.675605
1.675605
1.553957
1.553957
1.550457
1.550457
1.531452
1.531452
1.461418
1.461418
1.520177
1.520177
1.519390
1.519390
1.238817
1.238817
1.644834
1.644834
1.426958
1.426958
1.447036
1.447036
1.712425
1.712425
1.637634
1.637634
1.807988
1.807988
2.017785
2.017785
1.702617
1.702617
1.930728
1.930728
1.687645
1.687645
1.457126
1.457126
1.608162
1.608162
1.575129
1.575129
1.583256
1.583256
1.862283
1.862283
1.861442
1.861442
1.948524
1.948524
2.039880
2.039880
1.949458
1.949458
1.828822
1.828822
1.905597
1.905597
1.781445
1.781445
2.157863
2.157863
1.817278
1.817278
2.009283
2.009283
1.837184
1.837184
1.889933
1.889933
2.080561
2.080561
1.770545
1.770545
2.001924
2.001924
2.112492
2.112492
1.845293
1.845293
2.222028
2.222028
1.973772
1.973772
1.967215
1.967215
2.011310
2.011310
2.233016
2.233016
2.172945
2.172945
1.902987
1.902987
2.301434
2.301434
2.297324
2.297324
2.146108
2.146108
2.208651
2.208651
2.382189
2.382189
2.271673
2.271673
1.651009
1.651009
2.024946
2.024946
2.443825
2.443825
1.742207
1.742207
1.566157
1.566157
1.841282
1.841282
1.779302
1.779302
1.895409
1.895409
1.923366
1.923366
1.840787
1.840787
1.795837
1.795837
1.734867
1.734867
1.622285
1.622285
1.882671
1.882671
1.774606
1.774606
1.597703
1.597703
1.610773
1.610773
1.676333
1.676333
1.734938
1.734938
1.380272
1.380272
1.557144
1.557144
1.555193
1.555193
1.603912
1.603912
1.621205
1.621205
1.839054
1.839054
1.588055
1.588055
1.354714
1.354714
1.473006
1.473006
1.582705
1.582705
1.475241
1.475241
1.883471
1.883471
1.439720
1.439720
1.546743
1.546743
1.155537
1.155537
1.509070
1.509070
1.258480
1.258480
1.690138
1.690138
1.432036
1.432036
1.387564
1.387564
1.460761
1.460761
1.497189
1.497189
1.426276
1.426276
1.383777
1.383777
1.683298
1.683298
1.370031
1.370031
1.409339
1.409339
1.417146
1.417146
1.637185
1.637185
1.589141
1.589141
1.505879
1.505879
1.472136
1.472136
1.497375
1.497375
1.523455
1.523455
1.858618
1.858618
1.598302
1.598302
1.535899
1.535899
1.503418
1.503418
1.522561
1.522561
1.762573
1.762573
1.862296
1.862296
1.527335
1.527335
1.803693
1.803693
1.857539
1.857539
1.559644
1.559644
1.730551
1.730551
1.355361
1.355361
2.109432
2.109432
1.989536
1.989536
1.888269
1.888269
1.582338
1.582338
1.797317
1.797317
2.104010
2.104010
2.020845
2.020845
2.007443
2.007443
1.900283
1.900283
2.036829
2.036829
2.174844
2.174844
2.113595
2.113595
2.306485
2.306485
2.118357
2.118357
1.870295
1.870295
2.073039
2.073039
2.410065
2.410065
2.162726
2.162726
2.491328
2.491328
2.047472
2.047472
2.101633
2.101633
2.168242
2.168242
2.349360
2.349360
2.085478
2.085478
1.789673
1.789673
2.308504
2.308504
1.905893
1.905893
1.744298
1.744298
2.367324
2.367324
2.194018
2.194018
1.812311
1.812311
2.144486
2.144486
1.683974
1.683974
1.885374
1.885374
1.943454
1.943454
1.876264
1.876264
2.002316
2.002316
1.911600
1.911600
2.071357
2.071357
1.815797
1.815797
1.695341
1.695341
1.763569
1.763569
1.693798
1.693798
2.015592
2.015592
2.210398
2.210398
1.982049
1.982049
1.717329
1.717329
1.725954
1.725954
1.818601
1.818601
1.742473
1.742473
1.666190
1.666190
1.463934
1.463934
1.868602
1.868602
1.664660
1.664660
1.648036
1.648036
1.416565
1.416565
1.470173
1.470173
1.628790
1.628790
1.504360
1.504360
1.912179
1.912179
1.648455
1.648455
1.682413
1.682413
1.288137
1.288137
1.676836
1.676836
1.623869
1.623869
1.675390
1.675390
1.465919
1.465919
1.573595
1.573595
1.774374
1.774374
1.615987
1.615987
1.647284
1.647284
1.772436
1.772436
1.796003
1.796003
1.476235
1.476235
1.746661
1.746661
1.591587
1.591587
1.679864
1.679864
1.828155
1.828155
1.745814
1.745814
1.697909
1.697909
1.672234
1.672234
1.556718
1.556718
1.583512
1.583512
1.615376
1.615376
1.354598
1.354598
1.566905
1.566905
1.503906
1.503906
1.526518
1.526518
1.555780
1.555780
1.837780
1.837780
1.604906
1.604906
1.745800
1.745800
1.446164
1.446164
1.752350
1.752350
1.918694
1.918694
1.431694
1.431694
1.865488
1.865488
1.563884
1.563884
1.910253
1.910253
1.789546
1.789546
1.977660
1.977660
1.929847
1.929847
1.806658
1.806658
1.748997
1.748997
1.882123
1.882123
1.683700
1.683700
1.617883
1.617883
1.829767
1.829767
1.668025
1.668025
1.646605
1.646605
1.951182
1.951182
1.993771
1.993771
1.679896
1.679896
1.889885
1.889885
2.114043
2.114043
1.847997
1.847997
1.842700
1.842700
1.584670
1.584670
1.902504
1.902504
2.174357
2.174357
1.744136
1.744136
1.807816
1.807816
1.496782
1.496782
1.658503
1.658503
1.593000
1.593000
1.655716
1.655716
1.695033
1.695033
1.707491
1.707491
1.970578
1.970578
1.432795
1.432795
1.375375
1.375375
1.633300
1.633300
1.628864
1.628864
1.527260
1.527260
1.674912
1.674912
1.890396
1.890396
1.500011
1.500011
1.625840
1.625840
1.327869
1.327869
1.592976
1.592976
1.495739
1.495739
1.582237
1.582237
1.772387
1.772387
1.562960
1.562960
1.839347
1.839347
1.609055
1.609055
1.674257
1.674257
1.605121
1.605121
1.774066
1.774066
1.780503
1.780503
1.328069
1.328069
1.485665
1.485665
1.674097
1.674097
2.034225
2.034225
1.761782
1.761782
1.477664
1.477664
1.767274
1.767274
1.508818
1.508818
1.817560
1.817560
2.056499
2.056499
1.629370
1.629370
1.775018
1.775018
1.930526
1.930526
2.059273
2.059273
1.626150
1.626150
1.763104
1.763104
1.868799
1.868799
1.733742
1.733742
1.655874
1.655874
1.631785
1.631785
1.749486
1.749486
1.871177
1.871177
1.784025
1.784025
1.699384
1.699384
1.803199
1.803199
1.816898
1.816898
1.952161
1.952161
1.793698
1.793698
1.771964
1.771964
1.694359
1.694359
2.049790
2.049790
1.974411
1.974411
1.667709
1.667709
2.125290
2.125290
1.796909
1.796909
1.827956
1.827956
2.080165
2.080165
1.802568
1.802568
1.651549
1.651549
2.142906
2.142906
1.692603
1.692603
1.984759
1.984759
2.061306
2.061306
2.450869
2.450869
1.940154
1.940154
1.798560
1.798560
1.629495
1.629495
1.859975
1.859975
1.894845
1.894845
1.493557
1.493557
1.690274
1.690274
1.545094
1.545094
1.408751
1.408751
1.729105
1.729105
1.547808
1.547808
1.706966
1.706966
1.837637
1.837637
1.410006
1.410006
1.845783
1.845783
1.609896
1.609896
1.495368
1.495368
1.614420
1.614420
1.403196
1.403196
1.858636
1.858636
1.488335
1.488335
1.859630
1.859630
1.766458
1.766458
1.470439
1.470439
1.886734
1.886734
1.606840
1.606840
1.501227
1.501227
1.969701
1.969701
1.920725
1.920725
1.596140
1.596140
1.702128
1.702128
1.655249
1.655249
2.045288
2.045288
1.671337
1.671337
1.580270
1.580270
2.146158
2.146158
1.816075
1.816075
1.709476
1.709476
2.006083
2.006083
1.659044
1.659044
1.601647
1.601647
2.052308
2.052308
1.890233
1.890233
1.424505
1.424505
1.818745
1.818745
1.714307
1.714307
1.685912
1.685912
1.624539
1.624539
1.526707
1.526707
1.692462
1.692462
1.773182
1.773182
1.614618
1.614618
1.397922
1.397922
1.815229
1.815229
1.789602
1.789602
1.815593
1.815593
1.657499
1.657499
1.812277
1.812277
1.488914
1.488914
1.446529
1.446529
1.763526
1.763526
1.574219
1.574219
1.408944
1.408944
1.613755
1.613755
1.629574
1.629574
1.488185
1.488185
1.553191
1.553191
1.846970
1.846970
1.592062
1.592062
1.780406
1.780406
2.399668
2.399668
1.854452
1.854452
1.329182
1.329182
1.823842
1.823842
1.867501
1.867501
1.675951
1.675951
1.697794
1.697794
1.581031
1.581031
1.735335
1.735335
1.588312
1.588312
1.542885
1.542885
1.854936
1.854936
1.673488
1.673488
1.853520
1.853520
2.033595
2.033595
1.808834
1.808834
1.772957
1.772957
1.814455
1.814455
1.857417
1.857417
1.580606
1.580606
1.576372
1.576372
1.631722
1.631722
1.841742
1.841742
1.556320
1.556320
1.954440
1.954440
1.511110
1.511110
1.570222
1.570222
1.709853
1.709853
1.754932
1.754932
1.749631
1.749631
1.554056
1.554056
1.824898
1.824898
1.690659
1.690659
1.601269
1.601269
1.732952
1.732952
1.916882
1.916882
1.493911
1.493911
1.564944
1.564944
1.708308
1.708308
1.765537
1.765537
1.798634
1.798634
1.775025
1.775025
1.793043
1.793043
1.722937
1.722937
1.611067
1.611067
1.800429
1.800429
2.032414
2.032414
1.865165
1.865165
1.883357
1.883357
1.907855
1.907855
1.798775
1.798775
1.679525
1.679525
2.071123
2.071123
1.840295
1.840295
1.848451
1.848451
1.628784
1.628784
1.947893
1.947893
1.837805
1.837805
2.074183
2.074183
1.736307
1.736307
1.585237
1.585237
1.691947
1.691947
1.785840
1.785840
2.034400
2.034400
1.853792
1.853792
2.051557
2.051557
1.997149
1.997149
1.753832
1.753832
1.678670
1.678670
1.805177
1.805177
1.875593
1.875593
1.784972
1.784972
1.758188
1.758188
1.545993
1.545993
1.555463
1.555463
1.792082
1.792082
1.746080
1.746080
1.582069
1.582069
1.720042
1.720042
1.591261
1.591261
1.805473
1.805473
1.513266
1.513266
1.733647
1.733647
1.792787
1.792787
1.854622
1.854622
1.748668
1.748668
1.701383
1.701383
1.901112
1.901112
1.967461
1.967461
1.892093
1.892093
1.533120
1.533120
1.447803
1.447803
1.891080
1.891080
1.465243
1.465243
1.620625
1.620625
1.512606
1.512606
1.326931
1.326931
1.638801
1.638801
1.505071
1.505071
1.467100
1.467100
1.561586
1.561586
1.631761
1.631761
1.576681
1.576681
1.363279
1.363279
1.421550
1.421550
1.767379
1.767379
1.617401
1.617401
1.572834
1.572834
1.664534
1.664534
1.446284
1.446284
1.497638
1.497638
1.516991
1.516991
1.663727
1.663727
1.697293
1.697293
1.694643
1.694643
1.593477
1.593477
1.687348
1.687348
1.477719
1.477719
1.467134
1.467134
1.613149
1.613149
1.368807
1.368807
1.785734
1.785734
1.600257
1.600257
1.662115
1.662115
1.427260
1.427260
1.684680
1.684680
1.460496
1.460496
1.820349
1.820349
1.776252
1.776252
1.742087
1.742087
1.600599
1.600599
1.592742
1.592742
1.920957
1.920957
1.758952
1.758952
1.533561
1.533561
1.498464
1.498464
1.641417
1.641417
1.483281
1.483281
1.693391
1.693391
2.011127
2.011127
1.604781
1.604781
1.709035
1.709035
1.838762
1.838762
1.942113
1.942113
1.712801
1.712801
1.768302
1.768302
2.046363
2.046363
1.670899
1.670899
1.986084
1.986084
1.701817
1.701817
1.623853
1.623853
1.753819
1.753819
1.916721
1.916721
1.692174
1.692174
2.107792
2.107792
1.785327
1.785327
2.216799
2.216799
1.514522
1.514522
1.864238
1.864238
2.077581
2.077581
1.698559
1.698559
1.831328
1.831328
1.780092
1.780092
1.880527
1.880527
1.793261
1.793261
1.922003
1.922003
2.019143
2.019143
2.078306
2.078306
1.632030
1.632030
1.721166
1.721166
1.848500
1.848500
1.656511
1.656511
1.587075
1.587075
1.520860
1.520860
1.563559
1.563559
2.167028
2.167028
1.785467
1.785467
1.727479
1.727479
1.479905
1.479905
1.662866
1.662866
1.902521
1.902521
1.733973
1.733973
1.374253
1.374253
2.119076
2.119076
1.450312
1.450312
1.510397
1.510397
1.646160
1.646160
1.584063
1.584063
1.614228
1.614228
1.772174
1.772174
1.476019
1.476019
1.449298
1.449298
1.850471
1.850471
1.376793
1.376793
1.520278
1.520278
1.683633
1.683633
1.667365
1.667365
1.603388
1.603388
1.453386
1.453386
1.527660
1.527660
1.574428
1.574428
1.338794
1.338794
1.583578
1.583578
1.459799
1.459799
1.417751
1.417751
1.719132
1.719132
1.446027
1.446027
1.597832
1.597832
1.598414
1.598414
1.575214
1.575214
1.768093
1.768093
1.551208
1.551208
1.417200
1.417200
1.534952
1.534952
1.412687
1.412687
1.870195
1.870195
1.712439
1.712439
1.522164
1.522164
1.762207
1.762207
1.924083
1.924083
1.506912
1.506912
1.662437
1.662437
1.466950
1.466950
1.577631
1.577631
1.683955
1.683955
1.522529
1.522529
1.609782
1.609782
1.807594
1.807594
1.697715
1.697715
1.670054
1.670054
1.765121
1.765121
1.764812
1.764812
1.497336
1.497336
1.857948
1.857948
1.937156
1.937156
1.848479
1.848479
1.627481
1.627481
1.780975
1.780975
1.606979
1.606979
1.797927
1.797927
1.564359
1.564359
1.582516
1.582516
1.660146
1.660146
1.750011
1.750011
1.866103
1.866103
1.612802
1.612802
1.766976
1.766976
1.958904
1.958904
1.680280
1.680280
1.805787
1.805787
2.083953
2.083953
1.545247
1.545247
1.478099
1.478099
1.573264
1.573264
1.706947
1.706947
1.958631
1.958631
1.543819
1.543819
1.675874
1.675874
1.827255
1.827255
2.056472
2.056472
1.813048
1.813048
2.176881
2.176881
1.647899
1.647899
1.717825
1.717825
1.385459
1.385459
1.671283
1.671283
1.216006
1.216006
1.487353
1.487353
1.457731
1.457731
1.382949
1.382949
1.397051
1.397051
1.611953
1.611953
1.443697
1.443697
1.644865
1.644865
1.356568
1.356568
1.393418
1.393418
1.320418
1.320418
1.498430
1.498430
1.777587
1.777587
1.783879
1.783879
1.748838
1.748838
1.573396
1.573396
1.415267
1.415267
1.514434
1.514434
1.923188
1.923188
1.511292
1.511292
1.601541
1.601541
1.556670
1.556670
1.697906
1.697906
1.549164
1.549164
1.531753
1.531753
1.674664
1.674664
1.482613
1.482613
1.459756
1.459756
1.829243
1.829243
1.870090
1.870090
1.434718
1.434718
1.763710
1.763710
1.571846
1.571846
1.904031
1.904031
1.743425
1.743425
1.810304
1.810304
1.767377
1.767377
1.695139
1.695139
1.762821
1.762821
1.774955
1.774955
1.369719
1.369719
1.814122
1.814122
1.629303
1.629303
1.501691
1.501691
1.526618
1.526618
1.500595
1.500595
1.505714
1.505714
1.537114
1.537114
1.750117
1.750117
1.915546
1.915546
1.855217
1.855217
1.455853
1.455853
1.835629
1.835629
1.798146
1.798146
1.981719
1.981719
1.823377
1.823377
1.827233
1.827233
1.589091
1.589091
1.617529
1.617529
1.984556
1.984556
1.743503
1.743503
1.544363
1.544363
1.579649
1.579649
1.916404
1.916404
2.042203
2.042203
2.299954
2.299954
1.767798
1.767798
1.213430
1.213430
1.535633
1.535633
1.584866
1.584866
1.584774
1.584774
1.744514
1.744514
1.756640
1.756640
1.572791
1.572791
1.800260
1.800260
1.693037
1.693037
1.479340
1.479340
1.585297
1.585297
1.357817
1.357817
1.579778
1.579778
1.525151
1.525151
1.566587
1.566587
1.398321
1.398321
1.577285
1.577285
1.337712
1.337712
1.549082
1.549082
1.702378
1.702378
1.609138
1.609138
1.321881
1.321881
1.563388
1.563388
1.519538
1.519538
1.619134
1.619134
1.610915
1.610915
1.363197
1.363197
1.537302
1.537302
1.591768
1.591768
1.795744
1.795744
1.785201
1.785201
1.620450
1.620450
1.741355
1.741355
1.827074
1.827074
1.671758
1.671758
1.855767
1.855767
1.921189
1.921189
1.858835
1.858835
1.597308
1.597308
1.690233
1.690233
1.576444
1.576444
1.859159
1.859159
1.696536
1.696536
2.388007
2.388007
1.910820
1.910820
2.204826
2.204826
1.917748
1.917748
1.733834
1.733834
1.603448
1.603448
1.962921
1.962921
1.751547
1.751547
1.771377
1.771377
1.817190
1.817190
1.820135
1.820135
1.647100
1.647100
2.008133
2.008133
1.687872
1.687872
1.808304
1.808304
1.524601
1.524601
1.944306
1.944306
1.726723
1.726723
1.835751
1.835751
1.683993
1.683993
1.875886
1.875886
1.548244
1.548244
1.599330
1.599330
1.481405
1.481405
1.411671
1.411671
1.614710
1.614710
1.589884
1.589884
1.309445
1.309445
1.472583
1.472583
1.771726
1.771726
1.706751
1.706751
1.689819
1.689819
1.537907
1.537907
1.460602
1.460602
1.609057
1.609057
1.520703
1.520703
1.633882
1.633882
1.474032
1.474032
1.407409
1.407409
1.241039
1.241039
1.399920
1.399920
1.762725
1.762725
1.418045
1.418045
1.112840
1.112840
1.663872
1.663872
1.284212
1.284212
1.559704
1.559704
1.182812
1.182812
1.293191
1.293191
1.540377
1.540377
1.508989
1.508989
1.604311
1.604311
1.454243
1.454243
1.344401
1.344401
1.589680
1.589680
1.448575
1.448575
1.252107
1.252107
1.364613
1.364613
1.330571
1.330571
1.585147
1.585147
1.431312
1.431312
1.565626
1.565626
1.200172
1.200172
1.337922
1.337922
1.323064
1.323064
1.569920
1.569920
1.505145
1.505145
1.721826
1.721826
1.430684
1.430684
1.384031
1.384031
1.576818
1.576818
1.648054
1.648054
1.851177
1.851177
1.355046
1.355046
1.767527
1.767527
1.477047
1.477047
1.990731
1.990731
1.983816
1.983816
1.962672
1.962672
2.177133
2.177133
1.729772
1.729772
1.888364
1.888364
1.965609
1.965609
1.894222
1.894222
1.858327
1.858327
1.910313
1.910313
2.091265
2.091265
2.163489
2.163489
2.091072
2.091072
1.865312
1.865312
1.875027
1.875027
1.978555
1.978555
1.930499
1.930499
2.085791
2.085791
1.887297
1.887297
2.240317
2.240317
1.741062
1.741062
2.147318
2.147318
1.967398
1.967398
1.939820
1.939820
2.098740
2.098740
2.181765
2.181765
1.812622
1.812622
2.064729
2.064729
2.223688
2.223688
1.693720
1.693720
2.365289
2.365289
1.878013
1.878013
2.023648
2.023648
1.625062
1.625062
1.909373
1.909373
1.709732
1.709732
1.909800
1.909800
1.523476
1.523476
1.863894
1.863894
1.512721
1.512721
1.819296
1.819296
2.021456
2.021456
2.240640
2.240640
1.887767
1.887767
1.660072
1.660072
1.850604
1.850604
1.505114
1.505114
1.792343
1.792343
1.836873
1.836873
1.742075
1.742075
1.727860
1.727860
1.451126
1.451126
1.897345
1.897345
1.187367
1.187367
1.348374
1.348374
1.457733
1.457733
1.539743
1.539743
1.786534
1.786534
1.314380
1.314380
1.564318
1.564318
1.372042
1.372042
1.373256
1.373256
1.503582
1.503582
1.424416
1.424416
1.406937
1.406937
1.418252
1.418252
1.349783
1.349783
1.597057
1.597057
1.487846
1.487846
1.534417
1.534417
1.267815
1.267815
1.530945
1.530945
1.227642
1.227642
1.615449
1.615449
1.515473
1.515473
1.485057
1.485057
1.169594
1.169594
1.515537
1.515537
1.359190
1.359190
1.448703
1.448703
1.270522
1.270522
1.760572
1.760572
1.714580
1.714580
1.387858
1.387858
1.404330
1.404330
1.573633
1.573633
1.425468
1.425468
1.546695
1.546695
1.919195
1.919195
1.436175
1.436175
1.503844
1.503844
1.690317
1.690317
1.509900
1.509900
1.565117
1.565117
1.644121
1.644121
1.608305
1.608305
1.918117
1.918117
1.814997
1.814997
1.775774
1.775774
2.096467
2.096467
1.726215
1.726215
1.740059
1.740059
1.674320
1.674320
2.099231
2.099231
1.915817
1.915817
1.878515
1.878515
1.673441
1.673441
2.194585
2.194585
2.093196
2.093196
2.033838
2.033838
1.610313
1.610313
1.995927
1.995927
1.646992
1.646992
1.924537
1.924537
1.856643
1.856643
1.779598
1.779598
1.605703
1.605703
2.023980
2.023980
1.793466
1.793466
1.623872
1.623872
1.864979
1.864979
1.640274
1.640274
1.859619
1.859619
1.774809
1.774809
1.623808
1.623808
2.021646
2.021646
1.773972
1.773972
1.665318
1.665318
1.818292
1.818292
1.830398
1.830398
1.540698
1.540698
1.513547
1.513547
1.668523
1.668523
1.759324
1.759324
1.970068
1.970068
1.622018
1.622018
1.287055
1.287055
1.589611
1.589611
1.686193
1.686193
1.420342
1.420342
1.391268
1.391268
1.443320
1.443320
1.371629
1.371629
1.422414
1.422414
1.517814
1.517814
1.256892
1.256892
1.331096
1.331096
1.375605
1.375605
1.489847
1.489847
1.446192
1.446192
1.343068
1.343068
1.421232
1.421232
1.157642
1.157642
1.233037
1.233037
1.280486
1.280486
1.290988
1.290988
1.344643
1.344643
1.268115
1.268115
1.124528
1.124528
1.436840
1.436840
1.312683
1.312683
1.582317
1.582317
1.560362
1.560362
1.186086
1.186086
1.480659
1.480659
1.233454
1.233454
1.492908
1.492908
1.593959
1.593959
1.473858
1.473858
1.461077
1.461077
1.495765
1.495765
1.490785
1.490785
1.757512
1.757512
1.649463
1.649463
1.253309
1.253309
1.490078
1.490078
1.470712
1.470712
2.000954
2.000954
1.774095
1.774095
1.506649
1.506649
1.773488
1.773488
1.872877
1.872877
1.739498
1.739498
1.738332
1.738332
1.859043
1.859043
1.820151
1.820151
1.935405
1.935405
1.578046
1.578046
2.050692
2.050692
2.026441
2.026441
2.056145
2.056145
2.042820
2.042820
1.773962
1.773962
1.820016
1.820016
1.862902
1.862902
2.079882
2.079882
1.934548
1.934548
2.095837
2.095837
1.819805
1.819805
2.217489
2.217489
1.936734
1.936734
2.000252
2.000252
1.920748
1.920748
1.732519
1.732519
1.732396
1.732396
1.984180
1.984180
1.757167
1.757167
1.786332
1.786332
1.769133
1.769133
1.933654
1.933654
1.917117
1.917117
2.190131
2.190131
1.899476
1.899476
1.790202
1.790202
1.877381
1.877381
1.658318
1.658318
1.704584
1.704584
2.088315
2.088315
1.382138
1.382138
1.895204
1.895204
1.766424
1.766424
1.560339
1.560339
1.642555
1.642555
1.628127
1.628127
1.541732
1.541732
1.404716
1.404716
1.385077
1.385077
1.441293
1.441293
1.529660
1.529660
1.507757
1.507757
1.388367
1.388367
1.684585
1.684585
1.494128
1.494128
1.429462
1.429462
1.583695
1.583695
1.535628
1.535628
1.305160
1.305160
1.329563
1.329563
1.203400
1.203400
1.150272
1.150272
1.316771
1.316771
1.498430
1.498430
1.596326
1.596326
1.375273
1.375273
1.442537
1.442537
1.469288
1.469288
1.494443
1.494443
1.380867
1.380867
1.475578
1.475578
1.506824
1.506824
1.184841
1.184841
1.353799
1.353799
1.658709
1.658709
1.415957
1.415957
1.393933
1.393933
1.407614
1.407614
1.497849
1.497849
1.646610
1.646610
1.617744
1.617744
1.295945
1.295945
2.081998
2.081998
1.862849
1.862849
1.569791
1.569791
1.697991
1.697991
1.718323
1.718323
1.648934
1.648934
1.475559
1.475559
1.567372
1.567372
1.582092
1.582092
1.483863
1.483863
1.465876
1.465876
1.688002
1.688002
1.415567
1.415567
1.925971
1.925971
1.494370
1.494370
1.861465
1.861465
1.496424
1.496424
1.668501
1.668501
1.707008
1.707008
1.776180
1.776180
1.572509
1.572509
1.839787
1.839787
1.296653
1.296653
1.464932
1.464932
1.549295
1.549295
1.757755
1.757755
1.943834
1.943834
1.820388
1.820388
1.782310
1.782310
1.653249
1.653249
1.715965
1.715965
1.802273
1.802273
1.910590
1.910590
1.856143
1.856143
2.084289
2.084289
1.621698
1.621698
1.790046
1.790046
1.678046
1.678046
1.402938
1.402938
1.629092
1.629092
1.421330
1.421330
1.578834
1.578834
1.597164
1.597164
1.643641
1.643641
1.607596
1.607596
1.332087
1.332087
1.503027
1.503027
1.351835
1.351835
1.815139
1.815139
1.243109
1.243109
1.579591
1.579591
1.625324
1.625324
1.445995
1.445995
1.365337
1.365337
1.596125
1.596125
1.739480
1.739480
1.772200
1.772200
1.521976
1.521976
1.616548
1.616548
1.635002
1.635002
1.682096
1.682096
1.447524
1.447524
1.412538
1.412538
1.650504
1.650504
1.945760
1.945760
1.510743
1.510743
1.505043
1.505043
1.682420
1.682420
1.988518
1.988518
1.919183
1.919183
1.620496
1.620496
1.832692
1.832692
1.462946
1.462946
1.839498
1.839498
1.678489
1.678489
1.967077
1.967077
2.062345
2.062345
1.320288
1.320288
1.549065
1.549065
1.514889
1.514889
1.729146
1.729146
1.739871
1.739871
1.942282
1.942282
1.556754
1.556754
1.302055
1.302055
1.639900
1.639900
1.990037
1.990037
1.867994
1.867994
1.689233
1.689233
1.980676
1.980676
1.510956
1.510956
1.646042
1.646042
1.646741
1.646741
1.864774
1.864774
1.620792
1.620792
1.591641
1.591641
1.557219
1.557219
1.696190
1.696190
1.443248
1.443248
1.763851
1.763851
1.636386
1.636386
1.832642
1.832642
1.965097
1.965097
1.678957
1.678957
1.666587
1.666587
1.562070
1.562070
1.714422
1.714422
1.753162
1.753162
1.715419
1.715419
1.641990
1.641990
1.655375
1.655375
1.681795
1.681795
1.698778
1.698778
1.837239
1.837239
1.940560
1.940560
1.742945
1.742945
1.877997
1.877997
1.650365
1.650365
1.451241
1.451241
1.541902
1.541902
1.667018
1.667018
1.399189
1.399189
1.756702
1.756702
1.937714
1.937714
1.960912
1.960912
1.366444
1.366444
1.520893
1.520893
1.432186
1.432186
1.479374
1.479374
1.572473
1.572473
1.203877
1.203877
1.617713
1.617713
1.342026
1.342026
1.363146
1.363146
1.858032
1.858032
1.529428
1.529428
1.362433
1.362433
1.525440
1.525440
1.297082
1.297082
1.166456
1.166456
1.314800
1.314800
1.502903
1.502903
1.558745
1.558745
1.635704
1.635704
1.530491
1.530491
1.662244
1.662244
1.653186
1.653186
1.660881
1.660881
1.754219
1.754219
1.705865
1.705865
1.604265
1.604265
1.869868
1.869868
1.512059
1.512059
1.577018
1.577018
1.639713
1.639713
1.883002
1.883002
1.770685
1.770685
1.866587
1.866587
1.779830
1.779830
2.044284
2.044284
1.738008
1.738008
2.090358
2.090358
1.929716
1.929716
2.106550
2.106550
1.830073
1.830073
1.835573
1.835573
1.807547
1.807547
1.774778
1.774778
2.101253
2.101253
1.842010
1.842010
2.043409
2.043409
2.229573
2.229573
2.095920
2.095920
2.011289
2.011289
2.239185
2.239185
2.241296
2.241296
2.002000
2.002000
1.661532
1.661532
1.862425
1.862425
1.797778
1.797778
2.113861
2.113861
1.792222
1.792222
1.794748
1.794748
1.610587
1.610587
1.778230
1.778230
1.827906
1.827906
1.453132
1.453132
1.668774
1.668774
1.690816
1.690816
2.103110
2.103110
1.927239
1.927239
1.757832
1.757832
1.875425
1.875425
2.116214
2.116214
1.833304
1.833304
1.801286
1.801286
1.314001
1.314001
1.747462
1.747462
1.639434
1.639434
1.320352
1.320352
1.841213
1.841213
1.598691
1.598691
1.551259
1.551259
1.529906
1.529906
1.756654
1.756654
1.383212
1.383212
1.454477
1.454477
1.496936
1.496936
1.351799
1.351799
1.084239
1.084239
1.514769
1.514769
1.297178
1.297178
1.318296
1.318296
1.069837
1.069837
1.146133
1.146133
1.064156
1.064156
1.308657
1.308657
1.461473
1.461473
0.908906
0.908906
1.291870
1.291870
1.055066
1.055066
1.520007
1.520007
1.048443
1.048443
1.080213
1.080213
1.459980
1.459980
1.446384
1.446384
1.128696
1.128696
1.244085
1.244085
1.067943
1.067943
1.297806
1.297806
1.237088
1.237088
1.217111
1.217111
1.240757
1.240757
1.555038
1.555038
1.276412
1.276412
1.248968
1.248968
1.523824
1.523824
1.731416
1.731416
1.280183
1.280183
1.617023
1.617023
1.759476
1.759476
1.635267
1.635267
1.516020
1.516020
2.031854
2.031854
1.806877
1.806877
1.888330
1.888330
1.884759
1.884759
1.502036
1.502036
1.669862
1.669862
1.934628
1.934628
1.729528
1.729528
1.644039
1.644039
1.737154
1.737154
1.641080
1.641080
1.820078
1.820078
2.110145
2.110145
1.986872
1.986872
1.903509
1.903509
2.062429
2.062429
2.350880
2.350880
1.991722
1.991722
1.886949
1.886949
2.144768
2.144768
2.185162
2.185162
2.133392
2.133392
2.208315
2.208315
1.905154
1.905154
2.063636
2.063636
2.027948
2.027948
1.992286
1.992286
2.144670
2.144670
2.228065
2.228065
2.043613
2.043613
1.981252
1.981252
1.997641
1.997641
1.946602
1.946602
2.133244
2.133244
2.070551
2.070551
2.121921
2.121921
2.121660
2.121660
2.450575
2.450575
1.896628
1.896628
1.904858
1.904858
2.102026
2.102026
1.831738
1.831738
1.726484
1.726484
1.742959
1.742959
1.645995
1.645995
1.517795
1.517795
1.786343
1.786343
1.623574
1.623574
1.574189
1.574189
1.526669
1.526669
1.633402
1.633402
1.591285
1.591285
1.549833
1.549833
2.140990
2.140990
1.755103
1.755103
1.546752
1.546752
1.647274
1.647274
1.652686
1.652686
1.528380
1.528380
1.501868
1.501868
1.756414
1.756414
1.377121
1.377121
1.134554
1.134554
1.620597
1.620597
1.542345
1.542345
1.532493
1.532493
1.389946
1.389946
1.076300
1.076300
1.374962
1.374962
1.411722
1.411722
1.133554
1.133554
1.123541
1.123541
1.331247
1.331247
1.333481
1.333481
1.087207
1.087207
1.367159
1.367159
1.415715
1.415715
1.239023
1.239023
1.248300
1.248300
1.225142
1.225142
1.488889
1.488889
1.270509
1.270509
1.246844
1.246844
1.574124
1.574124
1.386575
1.386575
1.447853
1.447853
1.417886
1.417886
1.486031
1.486031
1.468144
1.468144
1.486291
1.486291
1.563566
1.563566
1.593394
1.593394
1.608763
1.608763
1.560269
1.560269
1.333350
1.333350
1.559162
1.559162
1.501637
1.501637
1.840129
1.840129
1.461719
1.461719
1.549211
1.549211
1.630467
1.630467
1.427534
1.427534
1.772748
1.772748
1.444105
1.444105
1.630974
1.630974
1.722733
1.722733
1.689501
1.689501
1.564427
1.564427
1.666486
1.666486
1.618907
1.618907
1.729142
1.729142
1.727444
1.727444
1.628501
1.628501
1.743644
1.743644
1.875103
1.875103
1.863164
1.863164
1.910112
1.910112
1.998401
1.998401
1.954044
1.954044
1.751446
1.751446
1.630443
1.630443
1.658144
1.658144
1.671821
1.671821
1.647813
1.647813
2.040848
2.040848
1.702346
1.702346
2.292431
2.292431
1.783987
1.783987
1.919272
1.919272
1.506823
1.506823
1.645680
1.645680
1.757931
1.757931
1.728750
1.728750
1.758766
1.758766
1.500243
1.500243
2.086936
2.086936
1.790102
1.790102
1.577554
1.577554
1.612163
1.612163
1.626464
1.626464
1.716099
1.716099
1.589694
1.589694
1.507347
1.507347
1.499379
1.499379
1.693739
1.693739
1.533118
1.533118
1.455190
1.455190
1.420897
1.420897
1.447813
1.447813
1.561732
1.561732
1.358820
1.358820
1.366546
1.366546
1.189689
1.189689
1.300413
1.300413
1.546908
1.546908
1.486671
1.486671
1.567280
1.567280
1.444844
1.444844
1.534067
1.534067
1.565807
1.565807
1.423593
1.423593
1.142760
1.142760
1.363561
1.363561
1.465734
1.465734
1.427380
1.427380
1.343524
1.343524
1.681630
1.681630
1.105198
1.105198
1.441610
1.441610
1.410904
1.410904
1.497791
1.497791
1.397219
1.397219
1.520335
1.520335
1.138702
1.138702
1.631391
1.631391
1.250705
1.250705
1.179623
1.179623
1.539070
1.539070
1.589975
1.589975
1.232617
1.232617
1.457180
1.457180
1.697999
1.697999
1.735425
1.735425
1.835560
1.835560
1.065189
1.065189
1.472182
1.472182
1.322551
1.322551
1.607344
1.607344
1.480668
1.480668
1.491220
1.491220
1.746348
1.746348
1.406910
1.406910
1.197022
1.197022
1.432172
1.432172
1.557296
1.557296
1.255358
1.255358
1.527611
1.527611
1.367326
1.367326
1.870944
1.870944
1.523519
1.523519
1.423580
1.423580
1.739701
1.739701
1.271574
1.271574
1.787971
1.787971
1.736748
1.736748
1.713695
1.713695
1.507461
1.507461
1.537471
1.537471
1.338519
1.338519
1.851088
1.851088
2.019522
2.019522
2.007451
2.007451
1.743984
1.743984
1.743951
1.743951
1.421753
1.421753
1.589435
1.589435
1.584705
1.584705
1.631307
1.631307
1.924200
1.924200
1.734061
1.734061
1.797950
1.797950
1.596919
1.596919
1.562803
1.562803
1.778545
1.778545
1.612668
1.612668
1.592549
1.592549
1.771127
1.771127
1.628522
1.628522
1.810280
1.810280
1.588836
1.588836
1.639476
1.639476
1.602097
1.602097
1.556154
1.556154
1.706278
1.706278
1.729365
1.729365
1.372501
1.372501
1.663031
1.663031
1.410593
1.410593
1.370700
1.370700
1.391194
1.391194
1.349975
1.349975
1.840695
1.840695
1.557227
1.557227
1.641492
1.641492
1.655133
1.655133
1.477667
1.477667
1.695135
1.695135
1.293199
1.293199
1.424911
1.424911
1.434180
1.434180
1.558507
1.558507
1.403215
1.403215
1.476641
1.476641
1.557576
1.557576
1.833990
1.833990
1.370001
1.370001
1.376469
1.376469
1.613383
1.613383
1.530147
1.530147
1.420026
1.420026
1.328319
1.328319
1.728802
1.728802
1.388724
1.388724
1.510079
1.510079
1.442551
1.442551
1.130210
1.130210
1.341732
1.341732
1.366804
1.366804
1.332961
1.332961
1.189615
1.189615
1.515390
1.515390
1.456084
1.456084
1.789843
1.789843
1.454449
1.454449
1.385585
1.385585
1.414417
1.414417
1.606302
1.606302
1.510218
1.510218
1.589653
1.589653
1.448609
1.448609
1.473199
1.473199
1.325978
1.325978
1.391080
1.391080
1.562476
1.562476
1.475619
1.475619
1.427438
1.427438
1.630623
1.630623
1.191060
1.191060
1.306588
1.306588
1.407271
1.407271
1.488550
1.488550
1.574243
1.574243
1.579424
1.579424
1.497308
1.497308
1.358448
1.358448
1.787172
1.787172
1.844432
1.844432
1.639851
1.639851
1.832022
1.832022
1.448243
1.448243
1.578620
1.578620
1.378649
1.378649
1.918027
1.918027
1.589739
1.589739
1.934396
1.934396
1.356268
1.356268
1.518996
1.518996
1.707537
1.707537
1.658591
1.658591
1.716054
1.716054
1.667083
1.667083
1.869194
1.869194
1.712448
1.712448
1.746609
1.746609
2.127770
2.127770
1.850884
1.850884
1.590198
1.590198
1.627489
1.627489
1.397977
1.397977
1.633074
1.633074
1.462218
1.462218
1.527299
1.527299
1.523755
1.523755
1.569839
1.569839
1.655982
1.655982
1.505746
1.505746
1.797928
1.797928
2.013305
2.013305
1.741702
1.741702
1.438494
1.438494
1.853296
1.853296
1.578173
1.578173
1.818030
1.818030
1.880757
1.880757
1.698694
1.698694
1.582078
1.582078
1.702639
1.702639
1.532999
1.532999
1.495300
1.495300
1.468070
1.468070
1.560825
1.560825
1.360040
1.360040
1.734182
1.734182
1.291547
1.291547
1.920871
1.920871
1.676677
1.676677
1.754261
1.754261
1.410597
1.410597
1.338051
1.338051
1.251978
1.251978
1.542190
1.542190
1.633283
1.633283
1.446567
1.446567
1.559590
1.559590
1.286111
1.286111
1.217017
1.217017
1.563065
1.563065
1.522314
1.522314
1.517742
1.517742
1.344364
1.344364
1.091481
1.091481
1.597348
1.597348
1.062099
1.062099
1.229548
1.229548
1.058255
1.058255
0.982233
0.982233
1.404425
1.404425
1.264454
1.264454
1.297194
1.297194
1.261149
1.261149
1.042122
1.042122
1.302762
1.302762
1.142833
1.142833
1.205289
1.205289
1.214547
1.214547
1.279064
1.279064
1.242982
1.242982
1.232628
1.232628
1.310244
1.310244
1.615582
1.615582
1.382199
1.382199
1.404276
1.404276
1.531454
1.531454
1.391815
1.391815
1.393598
1.393598
1.495761
1.495761
1.331525
1.331525
1.327846
1.327846
1.314250
1.314250
1.510642
1.510642
1.196358
1.196358
1.618182
1.618182
1.543259
1.543259
1.268681
1.268681
1.182753
1.182753
1.154232
1.154232
1.707864
1.707864
1.756263
1.756263
1.332045
1.332045
1.239049
1.239049
1.532122
1.532122
1.504137
1.504137
1.722688
1.722688
1.574721
1.574721
1.542879
1.542879
1.383440
1.383440
1.789335
1.789335
1.569357
1.569357
1.673528
1.673528
1.855534
1.855534
1.887893
1.887893
1.707066
1.707066
2.051042
2.051042
1.876365
1.876365
2.130926
2.130926
1.844079
1.844079
1.717485
1.717485
2.048837
2.048837
1.902835
1.902835
2.063247
2.063247
1.770627
1.770627
2.120237
2.120237
1.694374
1.694374
1.969004
1.969004
1.604443
1.604443
1.638915
1.638915
1.741153
1.741153
2.030254
2.030254
1.705080
1.705080
1.583683
1.583683
1.797305
1.797305
2.038588
2.038588
1.661399
1.661399
1.724623
1.724623
1.738040
1.738040
1.906380
1.906380
1.649666
1.649666
1.801275
1.801275
1.627162
1.627162
1.841283
1.841283
1.664826
1.664826
1.633405
1.633405
1.468462
1.468462
1.224341
1.224341
1.322404
1.322404
1.620997
1.620997
1.591599
1.591599
1.547931
1.547931
1.334644
1.334644
1.384428
1.384428
1.334103
1.334103
1.350208
1.350208
1.064675
1.064675
1.370752
1.370752
1.019074
1.019074
1.339582
1.339582
1.004177
1.004177
1.329196
1.329196
1.253749
1.253749
1.226787
1.226787
1.538068
1.538068
1.288331
1.288331
1.275231
1.275231
1.031896
1.031896
1.592328
1.592328
1.272727
1.272727
1.125147
1.125147
1.180745
1.180745
1.440674
1.440674
1.526851
1.526851
1.297168
1.297168
1.484074
1.484074
1.490929
1.490929
1.202295
1.202295
1.485042
1.485042
1.219207
1.219207
1.645822
1.645822
1.663075
1.663075
1.565693
1.565693
1.803890
1.803890
1.627374
1.627374
1.348006
1.348006
1.748010
1.748010
1.736122
1.736122
1.570956
1.570956
1.399944
1.399944
1.545164
1.545164
1.859452
1.859452
1.694160
1.694160
1.835738
1.835738
1.322093
1.322093
1.616325
1.616325
1.920729
1.920729
1.704600
1.704600
1.410183
1.410183
1.635062
1.635062
1.848120
1.848120
1.510855
1.510855
1.544400
1.544400
1.819117
1.819117
1.808164
1.808164
1.775410
1.775410
2.162828
2.162828
1.798891
1.798891
1.536103
1.536103
1.329484
1.329484
1.677872
1.677872
2.037833
2.037833
2.143180
2.143180
1.747186
1.747186
1.459840
1.459840
1.525652
1.525652
1.612752
1.612752
1.498549
1.498549
1.506716
1.506716
1.819018
1.819018
1.627144
1.627144
1.877250
1.877250
1.976808
1.976808
1.799635
1.799635
1.862040
1.862040
1.693768
1.693768
1.611523
1.611523
1.882941
1.882941
1.532028
1.532028
1.769526
1.769526
1.767253
1.767253
1.630539
1.630539
1.353760
1.353760
1.751643
1.751643
1.308370
1.308370
1.566061
1.566061
1.281237
1.281237
1.444815
1.444815
1.603604
1.603604
1.111774
1.111774
1.332919
1.332919
1.418628
1.418628
1.429040
1.429040
1.428878
1.428878
1.275015
1.275015
0.996889
0.996889
1.173308
1.173308
1.314356
1.314356
1.370043
1.370043
1.388414
1.388414
1.149123
1.149123
1.340017
1.340017
1.203208
1.203208
0.999029
0.999029
1.394884
1.394884
1.097568
1.097568
0.902336
0.902336
1.237778
1.237778
1.447407
1.447407
1.294668
1.294668
1.354725
1.354725
1.660589
1.660589
1.483200
1.483200
1.380721
1.380721
1.761914
1.761914
1.701889
1.701889
1.319831
1.319831
1.991707
1.991707
1.551596
1.551596
1.572626
1.572626
1.509933
1.509933
1.583175
1.583175
2.022405
2.022405
1.712611
1.712611
1.839967
1.839967
1.901870
1.901870
1.870381
1.870381
1.546151
1.546151
1.972714
1.972714
1.680768
1.680768
1.447183
1.447183
1.392287
1.392287
1.699277
1.699277
1.826831
1.826831
1.556461
1.556461
1.440921
1.440921
1.767336
1.767336
1.806634
1.806634
1.811973
1.811973
1.962924
1.962924
1.649183
1.649183
1.553874
1.553874
1.676483
1.676483
1.621100
1.621100
1.756587
1.756587
1.744503
1.744503
1.625522
1.625522
1.896992
1.896992
1.453216
1.453216
1.419958
1.419958
1.796077
1.796077
1.478753
1.478753
1.798428
1.798428
1.740571
1.740571
1.500699
1.500699
1.501906
1.501906
1.648463
1.648463
1.535716
1.535716
1.675612
1.675612
1.350737
1.350737
1.618874
1.618874
1.462762
1.462762
1.656348
1.656348
1.596077
1.596077
1.374896
1.374896
1.438208
1.438208
1.496986
1.496986
1.592181
1.592181
1.357341
1.357341
1.389459
1.389459
1.382139
1.382139
1.394616
1.394616
1.323806
1.323806
1.660683
1.660683
1.566457
1.566457
1.621037
1.621037
1.474238
1.474238
1.114706
1.114706
1.514969
1.514969
1.332247
1.332247
1.402004
1.402004
1.270472
1.270472
1.367275
1.367275
1.361358
1.361358
1.227054
1.227054
1.536087
1.536087
1.529866
1.529866
1.365008
1.365008
1.214545
1.214545
1.699073
1.699073
1.518853
1.518853
1.675633
1.675633
1.326219
1.326219
1.780809
1.780809
1.389573
1.389573
1.418944
1.418944
1.637146
1.637146
1.682269
1.682269
1.433283
1.433283
1.584781
1.584781
1.545394
1.545394
1.703799
1.703799
2.240151
2.240151
1.614126
1.614126
1.698336
1.698336
1.643303
1.643303
1.407332
1.407332
1.663236
1.663236
1.686075
1.686075
1.687773
1.687773
2.033497
2.033497
1.523957
1.523957
1.881376
1.881376
1.762110
1.762110
1.544770
1.544770
1.833750
1.833750
1.560602
1.560602
1.865904
1.865904
1.339353
1.339353
1.395986
1.395986
1.589495
1.589495
1.735196
1.735196
1.653242
1.653242
1.898570
1.898570
1.807341
1.807341
1.667428
1.667428
1.669046
1.669046
1.515255
1.515255
1.571615
1.571615
1.530160
1.530160
1.576198
1.576198
1.324137
1.324137
1.525501
1.525501
1.387279
1.387279
1.285409
1.285409
1.385083
1.385083
1.370264
1.370264
1.499277
1.499277
1.658307
1.658307
1.072232
1.072232
1.414005
1.414005
1.220765
1.220765
1.460109
1.460109
1.262411
1.262411
1.303141
1.303141
1.595523
1.595523
1.344038
1.344038
1.268244
1.268244
1.453459
1.453459
1.160256
1.160256
1.252274
1.252274
1.465212
1.465212
1.380447
1.380447
1.323170
1.323170
1.281346
1.281346
1.054910
1.054910
1.345455
1.345455
1.328281
1.328281
1.232540
1.232540
1.323227
1.323227
1.342617
1.342617
1.228011
1.228011
1.350226
1.350226
1.255905
1.255905
1.318662
1.318662
1.523459
1.523459
1.257677
1.257677
0.983883
0.983883
1.411797
1.411797
1.671862
1.671862
1.593436
1.593436
1.760690
1.760690
1.357422
1.357422
1.465085
1.465085
1.371994
1.371994
1.382369
1.382369
1.497718
1.497718
1.658794
1.658794
1.322129
1.322129
1.708924
1.708924
1.748173
1.748173
1.801933
1.801933
1.766557
1.766557
1.671499
1.671499
1.573153
1.573153
1.777454
1.777454
1.854371
1.854371
2.101729
2.101729
1.502111
1.502111
1.633244
1.633244
1.824934
1.824934
1.413430
1.413430
1.681612
1.681612
1.779073
1.779073
1.663999
1.663999
1.931914
1.931914
1.651567
1.651567
1.451734
1.451734
1.638534
1.638534
1.594679
1.594679
1.772590
1.772590
1.867834
1.867834
1.483783
1.483783
1.632416
1.632416
1.974761
1.974761
1.526299
1.526299
1.744985
1.744985
1.666365
1.666365
1.492908
1.492908
1.969916
1.969916
1.703375
1.703375
2.070294
2.070294
1.796662
1.796662
1.705339
1.705339
1.696467
1.696467
1.673080
1.673080
1.680097
1.680097
1.591835
1.591835
2.163124
2.163124
1.818153
1.818153
1.763173
1.763173
1.422859
1.422859
1.713384
1.713384
1.506855
1.506855
1.511558
1.511558
1.514519
1.514519
1.720907
1.720907
1.366292
1.366292
1.312905
1.312905
1.290574
1.290574
1.295484
1.295484
1.335223
1.335223
1.404604
1.404604
1.416680
1.416680
1.349392
1.349392
1.475973
1.475973
1.717864
1.717864
1.422414
1.422414
1.400148
1.400148
1.443504
1.443504
1.342113
1.342113
1.450344
1.450344
1.222443
1.222443
1.609770
1.609770
1.775915
1.775915
1.611610
1.611610
1.303432
1.303432
1.165364
1.165364
1.585673
1.585673
1.481533
1.481533
1.575061
1.575061
1.490029
1.490029
1.540260
1.540260
1.547006
1.547006
1.624177
1.624177
1.657379
1.657379
1.216431
1.216431
1.460055
1.460055
1.381003
1.381003
1.709107
1.709107
1.543301
1.543301
1.292197
1.292197
1.207322
1.207322
1.177672
1.177672
1.472714
1.472714
1.122745
1.122745
1.409903
1.409903
1.519248
1.519248
1.558968
1.558968
1.348485
1.348485
1.173970
1.173970
1.289130
1.289130
1.386428
1.386428
1.371701
1.371701
1.502189
1.502189
1.567668
1.567668
1.380332
1.380332
1.494401
1.494401
2.034853
2.034853
1.367567
1.367567
1.434163
1.434163
1.263569
1.263569
1.496980
1.496980
1.491050
1.491050
1.424888
1.424888
1.429333
1.429333
1.424313
1.424313
1.466636
1.466636
1.490119
1.490119
1.754949
1.754949
1.637227
1.637227
2.017622
2.017622
1.690433
1.690433
2.165743
2.165743
2.159427
2.159427
2.031178
2.031178
1.823598
1.823598
1.831913
1.831913
2.163060
2.163060
2.077971
2.077971
1.788849
1.788849
2.078016
2.078016
2.323585
2.323585
1.792561
1.792561
2.353265
2.353265
2.183777
2.183777
1.875571
1.875571
2.092852
2.092852
1.626458
1.626458
2.284202
2.284202
2.067929
2.067929
1.835505
1.835505
2.388941
2.388941
1.992420
1.992420
1.976604
1.976604
1.566593
1.566593
1.812368
1.812368
2.300157
2.300157
2.193489
2.193489
1.874749
1.874749
1.977490
1.977490
2.017422
2.017422
1.921451
1.921451
2.263562
2.263562
1.928207
1.928207
2.024296
2.024296
1.809994
1.809994
2.138542
2.138542
1.941195
1.941195
1.966377
1.966377
1.732194
1.732194
2.319012
2.319012
1.887681
1.887681
1.838915
1.838915
1.904659
1.904659
1.789397
1.789397
1.382930
1.382930
1.734919
1.734919
1.562992
1.562992
1.428732
1.428732
1.479457
1.479457
1.418615
1.418615
1.390393
1.390393
1.257550
1.257550
1.434015
1.434015
1.302740
1.302740
1.164550
1.164550
1.250832
1.250832
1.264501
1.264501
1.222319
1.222319
1.169457
1.169457
1.170401
1.170401
1.139042
1.139042
1.454677
1.454677
1.145038
1.145038
1.098840
1.098840
1.048542
1.048542
1.111512
1.111512
1.332378
1.332378
1.368717
1.368717
1.343879
1.343879
1.365051
1.365051
1.302251
1.302251
1.386020
1.386020
1.317006
1.317006
1.161343
1.161343
1.399776
1.399776
1.410320
1.410320
1.389263
1.389263
1.647442
1.647442
1.683534
1.683534
1.462421
1.462421
1.446623
1.446623
1.570831
1.570831
1.452300
1.452300
1.842775
1.842775
1.787097
1.787097
1.902014
1.902014
1.524216
1.524216
1.769533
1.769533
1.810410
1.810410
2.113966
2.113966
1.784439
1.784439
1.799354
1.799354
2.106990
2.106990
1.929048
1.929048
2.050184
2.050184
1.944391
1.944391
1.895491
1.895491
1.766906
1.766906
1.699300
1.699300
1.869536
1.869536
1.516186
1.516186
1.985594
1.985594
1.435162
1.435162
1.636058
1.636058
1.910098
1.910098
1.905942
1.905942
1.880260
1.880260
2.130947
2.130947
1.852842
1.852842
2.024448
2.024448
1.823759
1.823759
1.711517
1.711517
2.017718
2.017718
2.132410
2.132410
1.852843
1.852843
1.924478
1.924478
1.952421
1.952421
1.890843
1.890843
1.603688
1.603688
1.811152
1.811152
1.980332
1.980332
1.991090
1.991090
2.035213
2.035213
1.649013
1.649013
1.940206
1.940206
1.794384
1.794384
1.717108
1.717108
1.839192
1.839192
1.858802
1.858802
1.954588
1.954588
1.617224
1.617224
1.952640
1.952640
1.751077
1.751077
1.474141
1.474141
1.405701
1.405701
1.543779
1.543779
1.558045
1.558045
1.662421
1.662421
1.437514
1.437514
1.346529
1.346529
1.463328
1.463328
1.514410
1.514410
1.696663
1.696663
1.358444
1.358444
1.499450
1.499450
1.463468
1.463468
1.203699
1.203699
1.216441
1.216441
1.595453
1.595453
1.515911
1.515911
1.562059
1.562059
1.098235
1.098235
1.537285
1.537285
1.333683
1.333683
1.293851
1.293851
1.214937
1.214937
1.200275
1.200275
1.421407
1.421407
1.314540
1.314540
1.548450
1.548450
1.376586
1.376586
1.198377
1.198377
1.687193
1.687193
1.344316
1.344316
1.175392
1.175392
1.511837
1.511837
1.769869
1.769869
1.243615
1.243615
1.325159
1.325159
1.834476
1.834476
1.705216
1.705216
1.339050
1.339050
1.597307
1.597307
1.245201
1.245201
1.417095
1.417095
1.487330
1.487330
1.793500
1.793500
1.635352
1.635352
1.830333
1.830333
1.744332
1.744332
1.417740
1.417740
1.399295
1.399295
1.649034
1.649034
1.737735
1.737735
1.670167
1.670167
1.947812
1.947812
1.553804
1.553804
1.357554
1.357554
1.432958
1.432958
1.226660
1.226660
1.553818
1.553818
1.861479
1.861479
1.735640
1.735640
1.686037
1.686037
1.289104
1.289104
1.519070
1.519070
1.387718
1.387718
1.422318
1.422318
1.717930
1.717930
1.622815
1.622815
1.559313
1.559313
1.501291
1.501291
1.675839
1.675839
1.433119
1.433119
1.658840
1.658840
1.639141
1.639141
1.532542
1.532542
1.519696
1.519696
1.482103
1.482103
1.623370
1.623370
1.565230
1.565230
1.490436
1.490436
1.442004
1.442004
1.470802
1.470802
1.655371
1.655371
1.385474
1.385474
1.515835
1.515835
1.336375
1.336375
1.338051
1.338051
1.777127
1.777127
1.410045
1.410045
1.424732
1.424732
1.472842
1.472842
1.741634
1.741634
1.202099
1.202099
1.762859
1.762859
1.557102
1.557102
1.247074
1.247074
1.545268
1.545268
1.505162
1.505162
1.275160
1.275160
1.483604
1.483604
1.696358
1.696358
1.391675
1.391675
1.691342
1.691342
1.642541
1.642541
1.293292
1.293292
1.373168
1.373168
1.319632
1.319632
1.309723
1.309723
1.305677
1.305677
1.455814
1.455814
1.604052
1.604052
1.439588
1.439588
1.335325
1.335325
1.479221
1.479221
1.605082
1.605082
1.441401
1.441401
1.315137
1.315137
1.601996
1.601996
1.324775
1.324775
1.711208
1.711208
1.597408
1.597408
1.382339
1.382339
1.737809
1.737809
1.466295
1.466295
1.493953
1.493953
1.467713
1.467713
1.253797
1.253797
1.659369
1.659369
1.553004
1.553004
1.732076
1.732076
1.808144
1.808144
1.963838
1.963838
1.781589
1.781589
1.568194
1.568194
1.662907
1.662907
1.555342
1.555342
1.383835
1.383835
1.480376
1.480376
1.677232
1.677232
1.095550
1.095550
1.167530
1.167530
1.312318
1.312318
1.724469
1.724469
1.280431
1.280431
1.744642
1.744642
1.330337
1.330337
1.482221
1.482221
1.454942
1.454942
1.333327
1.333327
1.197781
1.197781
1.553741
1.553741
1.290937
1.290937
1.610806
1.610806
1.535179
1.535179
1.929447
1.929447
1.267008
1.267008
1.455109
1.455109
1.629384
1.629384
1.598442
1.598442
1.014752
1.014752
1.697543
1.697543
1.360543
1.360543
1.634892
1.634892
1.484993
1.484993
1.658849
1.658849
1.426112
1.426112
1.742406
1.742406
1.434275
1.434275
1.632043
1.632043
1.348636
1.348636
1.480773
1.480773
1.467473
1.467473
1.461234
1.461234
1.435771
1.435771
1.299501
1.299501
1.257950
1.257950
1.401352
1.401352
1.295063
1.295063
1.383416
1.383416
1.182506
1.182506
1.488211
1.488211
1.518247
1.518247
1.563520
1.563520
1.569659
1.569659
1.176696
1.176696
1.111460
1.111460
1.846010
1.846010
1.469569
1.469569
1.478061
1.478061
1.376287
1.376287
1.513323
1.513323
1.471030
1.471030
1.461538
1.461538
1.374537
1.374537
1.444513
1.444513
1.509478
1.509478
1.506997
1.506997
1.367138
1.367138
1.355737
1.355737
2.140641
2.140641
1.415294
1.415294
2.050724
2.050724
1.803310
1.803310
1.830058
1.830058
1.953954
1.953954
1.534050
1.534050
1.432046
1.432046
1.693305
1.693305
2.036937
2.036937
1.377516
1.377516
1.718869
1.718869
1.876877
1.876877
1.711939
1.711939
1.585848
1.585848
1.836203
1.836203
1.799335
1.799335
1.684856
1.684856
1.820636
1.820636
1.324228
1.324228
1.704621
1.704621
1.831133
1.831133
1.993293
1.993293
1.613040
1.613040
1.470493
1.470493
1.141806
1.141806
1.396842
1.396842
1.093494
1.093494
1.490565
1.490565
1.159723
1.159723
1.385399
1.385399
1.408058
1.408058
1.508126
1.508126
1.474804
1.474804
1.300142
1.300142
1.501464
1.501464
1.038369
1.038369
1.301716
1.301716
1.572469
1.572469
1.419236
1.419236
1.315483
1.315483
1.449868
1.449868
1.383416
1.383416
1.407290
1.407290
1.584158
1.584158
1.764965
1.764965
1.442848
1.442848
1.410868
1.410868
1.290004
1.290004
1.323289
1.323289
1.170148
1.170148
1.341643
1.341643
1.393062
1.393062
1.216046
1.216046
1.457551
1.457551
0.879357
0.879357
1.839670
1.839670
1.304265
1.304265
1.343834
1.343834
1.199160
1.199160
1.162206
1.162206
1.238752
1.238752
1.304521
1.304521
1.439050
1.439050
1.203607
1.203607
1.226243
1.226243
1.582518
1.582518
1.383538
1.383538
1.525238
1.525238
1.209820
1.209820
1.201147
1.201147
1.354030
1.354030
1.639186
1.639186
1.561309
1.561309
1.217723
1.217723
1.329426
1.329426
1.350154
1.350154
1.291039
1.291039
1.622493
1.622493
1.452307
1.452307
1.384334
1.384334
1.587209
1.587209
1.500751
1.500751
1.675112
1.675112
1.821185
1.821185
1.771164
1.771164
1.285852
1.285852
1.944914
1.944914
1.839788
1.839788
1.537294
1.537294
1.871284
1.871284
1.645604
1.645604
1.817920
1.817920
2.084686
2.084686
1.700575
1.700575
1.550989
1.550989
1.749532
1.749532
1.993070
1.993070
2.058894
2.058894
1.835160
1.835160
1.890997
1.890997
1.862511
1.862511
1.624557
1.624557
1.660036
1.660036
1.320129
1.320129
1.918498
1.918498
2.168696
2.168696
1.712705
1.712705
1.924341
1.924341
2.056451
2.056451
1.575009
1.575009
1.715968
1.715968
1.845806
1.845806
1.602780
1.602780
1.965631
1.965631
1.518110
1.518110
1.885361
1.885361
1.724036
1.724036
1.536716
1.536716
1.565148
1.565148
1.797445
1.797445
1.585616
1.585616
1.471615
1.471615
1.625362
1.625362
1.555852
1.555852
1.329126
1.329126
1.192496
1.192496
1.692128
1.692128
1.545560
1.545560
1.395708
1.395708
1.324327
1.324327
1.499287
1.499287
1.318878
1.318878
1.447786
1.447786
1.459864
1.459864
1.460797
1.460797
1.252330
1.252330
1.302247
1.302247
1.238837
1.238837
1.091881
1.091881
1.478481
1.478481
1.035424
1.035424
1.394648
1.394648
0.955179
0.955179
1.290539
1.290539
1.204525
1.204525
1.284745
1.284745
1.390132
1.390132
1.198966
1.198966
0.977173
0.977173
1.439666
1.439666
1.283347
1.283347
1.420809
1.420809
1.411574
1.411574
1.007553
1.007553
1.384910
1.384910
1.126919
1.126919
1.183371
1.183371
1.470213
1.470213
1.213168
1.213168
1.343848
1.343848
1.228197
1.228197
1.307388
1.307388
1.164658
1.164658
1.301602
1.301602
1.408024
1.408024
1.274211
1.274211
1.316962
1.316962
1.297265
1.297265
1.231462
1.231462
1.344525
1.344525
1.433891
1.433891
1.575598
1.575598
1.508524
1.508524
1.721487
1.721487
1.691081
1.691081
1.387012
1.387012
1.879782
1.879782
1.683784
1.683784
1.276471
1.276471
1.961311
1.961311
1.389760
1.389760
1.856723
1.856723
1.786357
1.786357
1.486329
1.486329
1.504269
1.504269
1.552510
1.552510
2.017717
2.017717
1.696197
1.696197
1.690856
1.690856
1.898888
1.898888
1.748005
1.748005
1.559780
1.559780
1.850994
1.850994
1.716582
1.716582
1.503148
1.503148
1.567055
1.567055
1.602563
1.602563
1.732621
1.732621
1.472828
1.472828
1.858547
1.858547
1.468787
1.468787
1.760412
1.760412
1.403304
1.403304
1.495116
1.495116
1.690041
1.690041
1.399353
1.399353
1.425731
1.425731
1.549073
1.549073
1.262619
1.262619
1.591405
1.591405
1.881585
1.881585
1.500589
1.500589
1.346994
1.346994
1.711935
1.711935
1.368340
1.368340
1.641136
1.641136
1.653749
1.653749
1.523379
1.523379
1.603911
1.603911
1.579989
1.579989
1.531399
1.531399
1.556590
1.556590
1.435165
1.435165
1.114820
1.114820
1.669126
1.669126
1.262773
1.262773
1.327978
1.327978
1.289244
1.289244
1.463527
1.463527
1.309945
1.309945
1.071072
1.071072
1.376100
1.376100
1.076865
1.076865
1.246997
1.246997
1.273458
1.273458
1.394395
1.394395
1.787540
1.787540
1.342693
1.342693
1.742245
1.742245
1.262125
1.262125
1.513679
1.513679
1.234971
1.234971
1.248518
1.248518
1.389790
1.389790
1.143607
1.143607
1.231006
1.231006
1.371987
1.371987
1.453712
1.453712
1.352841
1.352841
1.472618
1.472618
1.469785
1.469785
1.239847
1.239847
1.358637
1.358637
1.289934
1.289934
1.441156
1.441156
1.464423
1.464423
1.196463
1.196463
1.364354
1.364354
1.230040
1.230040
1.466445
1.466445
1.154570
1.154570
1.318116
1.318116
1.453923
1.453923
1.542037
1.542037
1.252266
1.252266
1.527604
1.527604
1.352482
1.352482
1.530947
1.530947
1.776403
1.776403
1.611109
1.611109
1.384240
1.384240
1.688394
1.688394
1.500553
1.500553
1.260670
1.260670
1.447705
1.447705
1.196599
1.196599
1.130699
1.130699
1.364028
1.364028
1.784177
1.784177
1.564605
1.564605
1.610085
1.610085
1.413793
1.413793
1.463991
1.463991
1.789054
1.789054
1.647560
1.647560
1.751951
1.751951
1.497668
1.497668
1.383126
1.383126
1.375539
1.375539
1.498991
1.498991
1.601291
1.601291
1.538974
1.538974
1.979472
1.979472
1.481655
1.481655
1.381959
1.381959
1.688990
1.688990
1.670938
1.670938
1.852169
1.852169
1.754399
1.754399
1.330663
1.330663
1.197592
1.197592
1.542976
1.542976
1.547789
1.547789
1.539679
1.539679
1.402450
1.402450
1.229665
1.229665
2.058570
2.058570
1.748522
1.748522
1.400809
1.400809
1.501169
1.501169
1.369331
1.369331
1.168924
1.168924
1.396875
1.396875
1.331482
1.331482
1.636395
1.636395
1.341716
1.341716
1.282877
1.282877
1.395412
1.395412
1.351084
1.351084
1.544844
1.544844
1.357652
1.357652
1.621156
1.621156
1.487544
1.487544
1.458412
1.458412
1.598489
1.598489
1.452721
1.452721
1.435334
1.435334
1.399189
1.399189
1.426655
1.426655
1.401612
1.401612
1.334742
1.334742
1.716367
1.716367
1.257039
1.257039
1.405264
1.405264
1.427632
1.427632
1.443258
1.443258
1.290976
1.290976
1.628489
1.628489
1.477287
1.477287
1.248895
1.248895
1.553859
1.553859
1.641930
1.641930
1.390424
1.390424
1.371813
1.371813
1.601220
1.601220
1.442267
1.442267
1.400500
1.400500
1.387982
1.387982
1.314614
1.314614
1.306843
1.306843
1.240847
1.240847
1.467142
1.467142
1.379408
1.379408
1.320195
1.320195
1.246156
1.246156
1.603460
1.603460
1.621179
1.621179
1.249768
1.249768
1.547706
1.547706
1.366893
1.366893
1.451882
1.451882
1.564458
1.564458
1.285330
1.285330
1.571805
1.571805
1.378398
1.378398
1.416596
1.416596
1.055673
1.055673
1.841646
1.841646
1.218719
1.218719
1.642632
1.642632
1.393551
1.393551
1.380762
1.380762
1.604260
1.604260
1.423140
1.423140
1.208195
1.208195
1.477995
1.477995
1.219024
1.219024
1.411393
1.411393
1.290609
1.290609
1.585281
1.585281
1.348755
1.348755
1.473229
1.473229
1.375041
1.375041
1.599023
1.599023
2.010056
2.010056
1.352920
1.352920
1.603950
1.603950
1.630977
1.630977
1.679639
1.679639
1.906106
1.906106
1.528457
1.528457
1.223953
1.223953
1.771526
1.771526
2.149639
2.149639
1.460725
1.460725
1.678371
1.678371
1.969028
1.969028
1.349931
1.349931
1.375984
1.375984
1.733353
1.733353
1.539667
1.539667
1.661353
1.661353
1.727229
1.727229
1.487499
1.487499
1.321755
1.321755
1.415359
1.415359
1.687464
1.687464
1.522640
1.522640
1.381257
1.381257
1.501095
1.501095
1.833365
1.833365
1.513299
1.513299
1.358548
1.358548
1.344947
1.344947
1.479403
1.479403
1.219105
1.219105
1.817853
1.817853
1.537822
1.537822
1.308845
1.308845
1.518612
1.518612
1.206386
1.206386
1.397742
1.397742
1.343793
1.343793
1.434460
1.434460
0.964058
0.964058
1.268401
1.268401
1.280108
1.280108
1.199924
1.199924
1.114794
1.114794
1.114041
1.114041
1.468940
1.468940
1.345792
1.345792
1.315389
1.315389
1.273874
1.273874
1.490190
1.490190
1.385662
1.385662
1.313558
1.313558
1.197241
1.197241
1.272908
1.272908
1.039828
1.039828
1.334812
1.334812
1.100925
1.100925
1.366378
1.366378
1.201634
1.201634
1.367950
1.367950
1.340418
1.340418
1.200309
1.200309
1.639071
1.639071
1.131198
1.131198
1.461014
1.461014
1.415057
1.415057
1.358424
1.358424
1.796048
1.796048
1.744887
1.744887
1.541611
1.541611
1.815041
1.815041
1.535189
1.535189
1.397629
1.397629
1.977818
1.977818
1.487093
1.487093
1.575960
1.575960
1.791716
1.791716
1.540087
1.540087
1.684915
1.684915
1.836035
1.836035
1.609934
1.609934
1.727486
1.727486
1.626972
1.626972
1.681288
1.681288
1.825720
1.825720
1.752965
1.752965
1.180922
1.180922
1.602602
1.602602
1.506848
1.506848
1.895269
1.895269
1.654649
1.654649
2.025266
2.025266
1.703202
1.703202
1.690288
1.690288
1.701974
1.701974
1.518721
1.518721
1.671566
1.671566
1.673381
1.673381
1.496133
1.496133
1.555788
1.555788
1.424726
1.424726
1.596859
1.596859
1.581183
1.581183
1.524586
1.524586
1.616114
1.616114
1.719958
1.719958
1.332392
1.332392
1.253987
1.253987
1.477147
1.477147
1.458437
1.458437
1.377218
1.377218
1.543876
1.543876
1.250128
1.250128
1.467096
1.467096
1.776205
1.776205
1.273791
1.273791
1.281768
1.281768
1.440506
1.440506
1.424741
1.424741
1.256557
1.256557
1.278415
1.278415
1.239246
1.239246
1.400712
1.400712
1.687047
1.687047
1.449378
1.449378
1.450377
1.450377
1.359550
1.359550
1.297988
1.297988
1.124997
1.124997
1.307504
1.307504
1.249210
1.249210
1.282532
1.282532
1.226894
1.226894
1.125201
1.125201
1.249640
1.249640
1.108376
1.108376
1.267221
1.267221
1.503813
1.503813
1.294314
1.294314
1.717246
1.717246
1.089269
1.089269
1.266052
1.266052
1.228137
1.228137
1.288222
1.288222
1.640370
1.640370
1.178327
1.178327
1.461286
1.461286
1.139017
1.139017
1.460258
1.460258
1.288763
1.288763
1.375664
1.375664
1.468473
1.468473
1.414284
1.414284
1.525825
1.525825
1.742686
1.742686
1.642343
1.642343
1.319166
1.319166
1.556100
1.556100
1.274613
1.274613
1.427267
1.427267
1.798721
1.798721
1.467519
1.467519
1.500129
1.500129
1.751482
1.751482
1.588649
1.588649
1.985275
1.985275
1.758622
1.758622
1.282626
1.282626
1.255574
1.255574
1.431058
1.431058
1.481884
1.481884
1.650440
1.650440
1.747859
1.747859
1.482980
1.482980
1.445288
1.445288
1.416155
1.416155
1.398726
1.398726
1.447632
1.447632
1.614422
1.614422
1.263863
1.263863
1.479475
1.479475
1.131086
1.131086
1.304085
1.304085
1.397112
1.397112
1.874491
1.874491
1.444911
1.444911
1.385420
1.385420
1.225394
1.225394
1.264872
1.264872
1.548599
1.548599
1.193732
1.193732
1.617484
1.617484
1.583808
1.583808
1.738136
1.738136
1.443650
1.443650
1.494483
1.494483
1.479799
1.479799
1.649348
1.649348
1.412134
1.412134
1.614424
1.614424
1.417338
1.417338
1.194713
1.194713
1.406407
1.406407
1.541919
1.541919
1.676250
1.676250
1.473026
1.473026
1.626787
1.626787
1.339100
1.339100
1.450814
1.450814
1.759153
1.759153
1.738776
1.738776
1.552978
1.552978
1.524271
1.524271
1.425574
1.425574
1.587525
1.587525
1.365373
1.365373
1.601901
1.601901
1.507367
1.507367
1.355561
1.355561
1.452662
1.452662
1.668940
1.668940
1.828848
1.828848
1.883805
1.883805
2.064594
2.064594
1.447209
1.447209
1.762892
1.762892
1.777388
1.777388
1.624960
1.624960
1.558131
1.558131
1.418602
1.418602
1.482242
1.482242
1.927775
1.927775
1.306809
1.306809
1.328399
1.328399
1.704007
1.704007
1.524707
1.524707
1.627011
1.627011
1.652420
1.652420
1.212835
1.212835
2.016334
2.016334
1.313156
1.313156
1.489006
1.489006
1.525842
1.525842
1.424805
1.424805
1.708470
1.708470
1.566153
1.566153
1.013107
1.013107
1.329706
1.329706
1.392961
1.392961
1.230240
1.230240
1.072534
1.072534
1.164253
1.164253
0.727858
0.727858
1.197001
1.197001
1.370944
1.370944
1.411054
1.411054
1.393432
1.393432
1.164939
1.164939
1.263886
1.263886
1.440982
1.440982
1.444772
1.444772
1.036409
1.036409
1.289651
1.289651
1.053045
1.053045
0.989832
0.989832
0.877389
0.877389
1.332664
1.332664
1.003223
1.003223
1.203721
1.203721
1.237794
1.237794
1.291329
1.291329
1.414494
1.414494
1.065140
1.065140
1.244484
1.244484
1.095263
1.095263
0.983784
0.983784
1.437895
1.437895
1.412922
1.412922
1.113771
1.113771
1.259099
1.259099
1.423523
1.423523
1.239253
1.239253
1.391882
1.391882
1.281933
1.281933
1.263039
1.263039
1.450914
1.450914
1.437596
1.437596
1.219985
1.219985
1.376840
1.376840
1.627016
1.627016
1.466896
1.466896
1.554899
1.554899
1.384634
1.384634
1.379816
1.379816
1.731777
1.731777
1.919108
1.919108
1.586210
1.586210
2.072002
2.072002
1.411550
1.411550
1.629338
1.629338
1.414371
1.414371
1.557915
1.557915
1.614416
1.614416
1.943168
1.943168
2.092274
2.092274
1.638747
1.638747
1.653534
1.653534
1.649774
1.649774
1.878716
1.878716
1.815638
1.815638
2.171650
2.171650
1.776943
1.776943
1.866261
1.866261
1.847257
1.847257
1.912567
1.912567
2.321557
2.321557
1.696374
1.696374
1.547707
1.547707
2.118459
2.118459
1.867866
1.867866
1.580945
1.580945
2.028333
2.028333
1.696004
1.696004
1.563832
1.563832
1.724729
1.724729
1.508502
1.508502
1.604623
1.604623
1.897107
1.897107
1.712651
1.712651
1.826515
1.826515
1.583282
1.583282
1.587553
1.587553
1.457880
1.457880
1.458293
1.458293
1.494957
1.494957
1.428172
1.428172
1.337090
1.337090
1.341022
1.341022
1.235458
1.235458
1.542100
1.542100
1.400805
1.400805
1.744081
1.744081
1.195318
1.195318
1.200982
1.200982
1.521788
1.521788
0.991808
0.991808
1.401397
1.401397
1.188240
1.188240
1.247896
1.247896
1.184309
1.184309
1.132950
1.132950
1.348730
1.348730
1.195359
1.195359
1.540538
1.540538
1.108311
1.108311
1.506653
1.506653
1.058348
1.058348
1.266838
1.266838
1.277626
1.277626
0.916705
0.916705
1.017624
1.017624
0.938469
0.938469
0.900023
0.900023
1.312765
1.312765
1.309455
1.309455
1.186922
1.186922
0.892573
0.892573
0.851471
0.851471
1.229697
1.229697
1.175998
1.175998
1.302936
1.302936
1.156404
1.156404
1.433809
1.433809
1.325787
1.325787
1.133659
1.133659
1.088297
1.088297
1.186574
1.186574
1.258548
1.258548
1.304528
1.304528
1.172358
1.172358
1.148456
1.148456
1.539523
1.539523
1.416371
1.416371
1.364878
1.364878
1.587694
1.587694
1.480976
1.480976
1.738969
1.738969
1.624088
1.624088
1.452823
1.452823
1.823150
1.823150
1.665029
1.665029
1.882553
1.882553
2.061610
2.061610
1.604256
1.604256
1.776692
1.776692
2.014223
2.014223
1.469755
1.469755
1.670022
1.670022
1.479903
1.479903
1.704583
1.704583
1.902269
1.902269
1.894301
1.894301
2.151405
2.151405
1.400226
1.400226
1.956513
1.956513
1.990160
1.990160
1.509440
1.509440
2.068899
2.068899
1.584215
1.584215
1.454911
1.454911
1.534457
1.534457
1.758285
1.758285
1.753951
1.753951
1.324567
1.324567
1.857136
1.857136
1.296320
1.296320
1.568699
1.568699
1.570401
1.570401
1.592571
1.592571
1.514202
1.514202
1.265915
1.265915
1.419518
1.419518
1.654116
1.654116
1.359740
1.359740
1.793552
1.793552
1.717379
1.717379
1.376523
1.376523
1.699910
1.699910
1.496226
1.496226
1.629447
1.629447
1.514017
1.514017
1.522536
1.522536
1.431033
1.431033
1.663233
1.663233
1.663021
1.663021
1.511528
1.511528
1.332343
1.332343
1.461815
1.461815
1.448167
1.448167
1.583717
1.583717
1.525290
1.525290
1.461722
1.461722
1.453588
1.453588
1.382910
1.382910
1.663874
1.663874
1.370645
1.370645
1.295575
1.295575
1.536141
1.536141
1.490020
1.490020
1.167263
1.167263
1.242028
1.242028
1.185770
1.185770
1.458966
1.458966
1.621553
1.621553
0.993306
0.993306
1.442866
1.442866
1.356286
1.356286
1.356253
1.356253
1.355834
1.355834
1.202884
1.202884
1.303724
1.303724
1.396378
1.396378
1.114663
1.114663
1.382757
1.382757
1.185812
1.185812
1.562359
1.562359
1.356849
1.356849
1.419639
1.419639
1.425639
1.425639
1.680228
1.680228
1.508407
1.508407
1.202307
1.202307
1.424539
1.424539
1.180162
1.180162
1.579034
1.579034
1.371016
1.371016
1.290550
1.290550
1.401655
1.401655
1.559404
1.559404
1.303369
1.303369
1.205908
1.205908
1.323278
1.323278
1.346809
1.346809
1.366779
1.366779
1.511538
1.511538
1.406389
1.406389
1.522669
1.522669
1.167506
1.167506
1.291098
1.291098
1.464822
1.464822
1.513537
1.513537
1.583288
1.583288
1.362006
1.362006
1.645653
1.645653
1.378837
1.378837
1.250313
1.250313
1.544567
1.544567
1.622579
1.622579
1.522396
1.522396
1.395476
1.395476
1.248252
1.248252
1.335163
1.335163
1.399172
1.399172
1.603335
1.603335
1.791761
1.791761
1.470101
1.470101
1.713041
1.713041
1.728974
1.728974
1.715122
1.715122
1.053718
1.053718
1.384458
1.384458
1.473956
1.473956
1.512861
1.512861
1.255299
1.255299
1.647866
1.647866
1.558243
1.558243
1.547874
1.547874
1.364172
1.364172
1.946791
1.946791
1.670108
1.670108
1.970508
1.970508
1.588547
1.588547
1.413162
1.413162
1.309896
1.309896
1.468021
1.468021
1.850706
1.850706
1.541573
1.541573
1.625644
1.625644
1.455415
1.455415
1.554450
1.554450
1.614674
1.614674
1.614978
1.614978
1.369255
1.369255
1.556876
1.556876
1.675678
1.675678
1.445585
1.445585
1.690626
1.690626
1.622949
1.622949
1.687591
1.687591
1.549792
1.549792
1.403122
1.403122
1.504179
1.504179
1.651488
1.651488
1.464355
1.464355
1.676382
1.676382
1.380063
1.380063
1.082271
1.082271
1.497985
1.497985
1.258140
1.258140
1.270150
1.270150
1.372140
1.372140
1.754745
1.754745
1.450803
1.450803
1.445601
1.445601
1.524112
1.524112
1.594719
1.594719
1.499456
1.499456
1.643351
1.643351
1.124953
1.124953
1.511796
1.511796
1.471889
1.471889
1.362037
1.362037
1.657489
1.657489
1.659990
1.659990
1.518756
1.518756
1.315475
1.315475
1.393810
1.393810
1.353765
1.353765
1.533712
1.533712
1.535333
1.535333
1.248230
1.248230
1.754938
1.754938
1.370806
1.370806
1.272165
1.272165
1.365745
1.365745
1.414340
1.414340
1.381622
1.381622
1.131503
1.131503
1.517789
1.517789
1.198413
1.198413
1.187641
1.187641
1.375758
1.375758
1.597806
1.597806
1.535137
1.535137
1.238853
1.238853
1.388597
1.388597
1.322956
1.322956
1.260932
1.260932
1.185900
1.185900
1.156077
1.156077
1.344079
1.344079
0.847583
0.847583
1.124612
1.124612
0.984061
0.984061
1.205348
1.205348
1.409283
1.409283
1.283524
1.283524
1.159895
1.159895
1.628811
1.628811
1.208259
1.208259
1.588680
1.588680
1.568442
1.568442
1.534027
1.534027
1.471078
1.471078
1.252487
1.252487
1.533913
1.533913
1.332410
1.332410
1.684754
1.684754
1.730525
1.730525
1.888194
1.888194
1.477553
1.477553
1.430576
1.430576
1.817546
1.817546
1.856656
1.856656
1.685380
1.685380
1.813891
1.813891
1.903052
1.903052
1.553794
1.553794
2.029658
2.029658
1.607232
1.607232
1.583728
1.583728
1.789158
1.789158
2.042658
2.042658
1.668024
1.668024
1.936321
1.936321
2.045693
2.045693
1.971128
1.971128
1.869905
1.869905
1.833554
1.833554
1.648480
1.648480
1.470945
1.470945
1.960132
1.960132
1.965780
1.965780
1.566390
1.566390
1.819319
1.819319
1.631809
1.631809
1.873624
1.873624
1.795370
1.795370
1.496026
1.496026
1.630167
1.630167
1.781956
1.781956
1.632210
1.632210
1.304150
1.304150
1.566531
1.566531
1.828834
1.828834
1.820146
1.820146
1.752157
1.752157
1.647342
1.647342
1.659423
1.659423
1.544316
1.544316
1.597029
1.597029
1.432293
1.432293
1.878407
1.878407
1.729442
1.729442
1.277775
1.277775
1.140152
1.140152
1.416955
1.416955
1.397767
1.397767
1.298451
1.298451
1.378190
1.378190
1.163771
1.163771
1.340367
1.340367
1.152851
1.152851
1.075729
1.075729
1.157885
1.157885
0.947010
0.947010
1.116788
1.116788
0.952382
0.952382
1.058006
1.058006
1.230255
1.230255
0.958947
0.958947
0.998178
0.998178
1.133732
1.133732
1.265197
1.265197
1.135099
1.135099
1.002521
1.002521
1.090026
1.090026
1.125547
1.125547
1.294331
1.294331
1.239074
1.239074
1.189191
1.189191
1.125635
1.125635
1.417154
1.417154
1.040967
1.040967
1.266403
1.266403
1.302654
1.302654
1.270951
1.270951
1.520284
1.520284
1.471605
1.471605
1.515878
1.515878
1.803414
1.803414
1.539725
1.539725
1.945971
1.945971
1.577625
1.577625
1.347888
1.347888
1.461812
1.461812
1.807834
1.807834
1.601158
1.601158
1.740353
1.740353
1.862583
1.862583
1.923394
1.923394
2.163550
2.163550
1.601184
1.601184
1.939596
1.939596
1.889645
1.889645
1.968413
1.968413
2.093169
2.093169
1.772707
1.772707
2.103395
2.103395
1.903542
1.903542
2.300137
2.300137
1.906185
1.906185
1.821857
1.821857
1.650014
1.650014
1.819309
1.819309
1.657986
1.657986
1.768081
1.768081
2.082725
2.082725
1.974518
1.974518
1.781573
1.781573
1.978263
1.978263
1.849331
1.849331
1.739440
1.739440
2.066851
2.066851
1.719821
1.719821
1.757590
1.757590
1.668283
1.668283
1.366027
1.366027
1.659622
1.659622
1.891443
1.891443
1.625339
1.625339
1.909459
1.909459
1.712779
1.712779
1.884596
1.884596
1.345430
1.345430
1.522656
1.522656
1.557301
1.557301
1.420265
1.420265
1.512211
1.512211
1.704722
1.704722
1.855247
1.855247
1.481483
1.481483
1.853157
1.853157
1.297886
1.297886
1.351070
1.351070
1.301502
1.301502
1.259439
1.259439
1.199367
1.199367
1.316939
1.316939
1.625890
1.625890
1.560080
1.560080
1.133002
1.133002
1.084414
1.084414
1.325610
1.325610
1.443812
1.443812
1.210037
1.210037
1.298568
1.298568
0.953543
0.953543
1.080434
1.080434
1.309815
1.309815
1.170964
1.170964
1.087460
1.087460
1.078726
1.078726
1.405539
1.405539
1.376163
1.376163
1.265069
1.265069
1.282668
1.282668
1.250654
1.250654
1.049366
1.049366
1.150107
1.150107
1.451142
1.451142
1.157651
1.157651
1.445887
1.445887
1.598332
1.598332
1.482967
1.482967
1.275627
1.275627
1.345196
1.345196
1.569753
1.569753
1.523541
1.523541
1.458097
1.458097
1.360913
1.360913
1.599215
1.599215
1.410809
1.410809
1.425332
1.425332
1.709143
1.709143
1.774945
1.774945
1.857960
1.857960
1.565687
1.565687
1.991907
1.991907
1.451399
1.451399
1.449742
1.449742
1.623928
1.623928
1.406803
1.406803
1.757454
1.757454
1.926723
1.926723
2.121102
2.121102
1.521682
1.521682
1.791799
1.791799
1.433554
1.433554
1.531628
1.531628
1.977426
1.977426
1.428710
1.428710
1.834962
1.834962
1.272753
1.272753
1.552097
1.552097
1.815325
1.815325
1.431009
1.431009
1.550238
1.550238
1.553915
1.553915
1.367308
1.367308
2.268069
2.268069
1.275681
1.275681
1.416156
1.416156
1.452017
1.452017
1.544802
1.544802
1.386312
1.386312
1.347362
1.347362
1.470279
1.470279
2.009207
2.009207
1.459749
1.459749
1.653558
1.653558
1.926541
1.926541
1.456903
1.456903
1.308283
1.308283
1.529787
1.529787
1.503105
1.503105
1.583798
1.583798
1.345046
1.345046
1.538829
1.538829
1.314321
1.314321
1.383829
1.383829
1.153765
1.153765
1.470947
1.470947
1.351494
1.351494
1.159597
1.159597
1.211578
1.211578
0.785039
0.785039
1.344793
1.344793
1.235761
1.235761
1.175861
1.175861
1.552981
1.552981
1.004443
1.004443
1.199978
1.199978
1.224089
1.224089
1.149248
1.149248
1.107772
1.107772
1.359803
1.359803
1.015762
1.015762
1.513296
1.513296
1.191417
1.191417
1.298984
1.298984
1.243834
1.243834
1.160428
1.160428
1.520517
1.520517
1.376529
1.376529
1.552056
1.552056
1.179298
1.179298
1.187664
1.187664
1.501872
1.501872
1.564061
1.564061
1.380832
1.380832
1.657384
1.657384
1.761871
1.761871
1.487972
1.487972
1.692861
1.692861
1.374842
1.374842
1.582842
1.582842
1.521832
1.521832
1.712667
1.712667
1.655497
1.655497
1.466426
1.466426
1.419035
1.419035
1.576945
1.576945
1.429010
1.429010
1.515187
1.515187
1.703429
1.703429
1.237872
1.237872
1.773018
1.773018
1.914724
1.914724
1.759303
1.759303
1.637673
1.637673
1.196642
1.196642
1.596471
1.596471
1.296139
1.296139
1.640490
1.640490
1.663994
1.663994
1.763072
1.763072
1.356980
1.356980
1.331629
1.331629
1.456495
1.456495
1.376843
1.376843
1.349810
1.349810
1.264349
1.264349
1.689936
1.689936
1.503531
1.503531
1.523768
1.523768
1.373639
1.373639
1.637350
1.637350
1.712940
1.712940
1.327081
1.327081
1.351024
1.351024
1.345956
1.345956
1.471023
1.471023
1.578497
1.578497
1.124213
1.124213
1.483651
1.483651
1.143288
1.143288
1.229294
1.229294
1.527431
1.527431
1.034785
1.034785
1.363820
1.363820
1.178138
1.178138
1.224984
1.224984
1.106656
1.106656
1.077771
1.077771
1.386749
1.386749
1.499269
1.499269
1.494863
1.494863
1.482434
1.482434
1.421088
1.421088
1.332338
1.332338
1.073892
1.073892
1.355964
1.355964
1.079090
1.079090
1.133845
1.133845
1.107700
1.107700
1.154883
1.154883
1.168632
1.168632
1.002213
1.002213
1.371318
1.371318
1.111325
1.111325
1.292325
1.292325
1.409771
1.409771
1.698560
1.698560
1.326214
1.326214
1.350045
1.350045
1.411155
1.411155
1.402859
1.402859
1.321718
1.321718
1.246078
1.246078
1.445266
1.445266
1.512347
1.512347
1.457910
1.457910
1.449974
1.449974
1.351689
1.351689
1.264589
1.264589
1.470996
1.470996
1.565382
1.565382
1.704980
1.704980
1.481405
1.481405
1.812935
1.812935
1.636368
1.636368
1.492005
1.492005
1.670115
1.670115
1.401111
1.401111
1.557193
1.557193
1.413727
1.413727
1.444323
1.444323
1.722370
1.722370
1.566067
1.566067
1.722485
1.722485
1.346843
1.346843
1.762617
1.762617
1.562346
1.562346
1.520340
1.520340
1.917526
1.917526
1.703297
1.703297
1.481436
1.481436
2.020477
2.020477
1.616521
1.616521
1.723787
1.723787
1.787564
1.787564
1.541133
1.541133
1.299260
1.299260
1.708849
1.708849
1.653000
1.653000
1.388256
1.388256
1.491705
1.491705
1.504515
1.504515
1.445947
1.445947
1.657317
1.657317
1.262587
1.262587
1.417271
1.417271
1.629145
1.629145
1.381875
1.381875
1.358705
1.358705
1.384689
1.384689
1.434875
1.434875
1.262763
1.262763
1.157908
1.157908
1.191885
1.191885
1.620234
1.620234
1.118410
1.118410
0.950850
0.950850
1.411782
1.411782
1.216524
1.216524
1.239456
1.239456
1.061696
1.061696
1.347716
1.347716
1.228960
1.228960
1.179045
1.179045
1.039852
1.039852
1.296049
1.296049
1.132155
1.132155
1.073808
1.073808
1.112471
1.112471
1.048943
1.048943
0.968971
0.968971
0.890636
0.890636
1.018399
1.018399
1.132744
1.132744
0.891979
0.891979
1.147277
1.147277
1.153553
1.153553
0.924065
0.924065
1.602188
1.602188
0.992963
0.992963
1.160915
1.160915
0.911427
0.911427
1.194662
1.194662
1.271476
1.271476
1.260410
1.260410
1.470410
1.470410
1.464313
1.464313
1.222827
1.222827
1.185797
1.185797
1.337833
1.337833
1.562418
1.562418
1.422623
1.422623
1.365428
1.365428
1.318422
1.318422
1.899901
1.899901
1.513713
1.513713
1.351169
1.351169
1.316143
1.316143
1.579553
1.579553
1.684334
1.684334
1.587564
1.587564
1.490139
1.490139
1.537904
1.537904
1.473934
1.473934
1.555213
1.555213
1.727511
1.727511
2.062358
2.062358
1.627086
1.627086
1.772591
1.772591
1.776037
1.776037
1.772585
1.772585
1.457322
1.457322
1.878538
1.878538
1.835533
1.835533
1.788779
1.788779
1.736675
1.736675
1.643731
1.643731
1.852023
1.852023
1.994013
1.994013
1.826302
1.826302
2.011948
2.011948
2.022652
2.022652
1.606691
1.606691
2.118744
2.118744
1.810906
1.810906
1.713630
1.713630
1.797594
1.797594
2.124351
2.124351
2.262018
2.262018
2.059595
2.059595
1.647956
1.647956
1.503730
1.503730
1.611977
1.611977
1.611492
1.611492
1.472818
1.472818
1.171563
1.171563
1.375901
1.375901
1.568866
1.568866
1.497296
1.497296
1.480310
1.480310
1.501101
1.501101
1.529557
1.529557
1.669426
1.669426
1.524793
1.524793
1.090300
1.090300
1.637167
1.637167
1.193116
1.193116
1.054532
1.054532
1.170951
1.170951
1.358168
1.358168
1.091165
1.091165
1.210029
1.210029
1.354017
1.354017
1.024016
1.024016
0.931849
0.931849
0.955282
0.955282
0.945259
0.945259
0.921223
0.921223
1.225608
1.225608
1.079724
1.079724
1.069960
1.069960
1.106104
1.106104
1.098936
1.098936
1.178086
1.178086
1.055615
1.055615
1.253428
1.253428
0.831646
0.831646
1.348153
1.348153
0.754467
0.754467
1.318006
1.318006
1.267785
1.267785
1.480147
1.480147
1.513732
1.513732
1.156569
1.156569
1.120888
1.120888
1.541966
1.541966
1.318476
1.318476
1.406543
1.406543
1.537817
1.537817
1.200244
1.200244
1.535900
1.535900
1.140175
1.140175
1.153525
1.153525
1.563708
1.563708
1.440347
1.440347
1.291486
1.291486
1.312921
1.312921
1.560837
1.560837
1.367919
1.367919
1.622264
1.622264
1.166338
1.166338
1.444175
1.444175
1.597045
1.597045
1.426067
1.426067
1.218521
1.218521
1.622847
1.622847
1.418159
1.418159
1.596612
1.596612
1.513864
1.513864
1.526428
1.526428
1.342948
1.342948
1.785373
1.785373
1.764603
1.764603
1.847201
1.847201
1.540208
1.540208
1.674213
1.674213
1.957535
1.957535
1.730371
1.730371
1.475239
1.475239
1.441780
1.441780
1.844585
1.844585
1.919253
1.919253
1.788244
1.788244
1.643799
1.643799
1.831685
1.831685
1.687301
1.687301
1.417633
1.417633
1.445247
1.445247
1.307086
1.307086
1.511097
1.511097
1.436789
1.436789
1.449703
1.449703
1.198985
1.198985
1.582496
1.582496
1.354439
1.354439
1.208366
1.208366
1.523281
1.523281
1.397043
1.397043
1.255301
1.255301
1.330840
1.330840
1.291356
1.291356
1.336767
1.336767
1.190798
1.190798
1.429781
1.429781
1.462298
1.462298
1.103724
1.103724
1.180403
1.180403
1.279828
1.279828
1.149321
1.149321
1.065464
1.065464
1.122074
1.122074
1.165915
1.165915
1.037142
1.037142
0.969523
0.969523
1.374180
1.374180
1.144014
1.144014
1.203002
1.203002
1.196844
1.196844
0.863725
0.863725
1.474976
1.474976
1.047802
1.047802
1.119110
1.119110
1.149646
1.149646
1.040802
1.040802
1.319114
1.319114
1.136779
1.136779
1.489017
1.489017
1.216259
1.216259
1.338728
1.338728
1.316539
1.316539
1.548787
1.548787
1.331355
1.331355
1.280996
1.280996
1.274029
1.274029
1.221825
1.221825
1.149819
1.149819
1.256366
1.256366
1.417959
1.417959
1.284960
1.284960
1.360754
1.360754
0.951765
0.951765
1.222949
1.222949
1.686170
1.686170
1.359296
1.359296
1.483634
1.483634
1.471901
1.471901
1.442762
1.442762
1.373168
1.373168
1.441535
1.441535
1.480786
1.480786
1.601375
1.601375
1.335271
1.335271
1.152004
1.152004
1.361346
1.361346
1.483872
1.483872
1.536348
1.536348
1.294117
1.294117
1.456359
1.456359
1.426766
1.426766
1.936813
1.936813
1.737224
1.737224
1.547716
1.547716
1.867838
1.867838
1.503459
1.503459
1.642819
1.642819
1.360015
1.360015
1.458432
1.458432
1.930575
1.930575
1.798117
1.798117
1.468877
1.468877
1.528584
1.528584
1.362782
1.362782
1.525494
1.525494
1.619090
1.619090
1.894774
1.894774
1.817046
1.817046
2.013724
2.013724
1.586978
1.586978
1.660712
1.660712
2.079530
2.079530
1.388467
1.388467
1.771843
1.771843
1.906167
1.906167
1.518796
1.518796
1.819691
1.819691
1.290433
1.290433
1.346011
1.346011
1.621818
1.621818
2.031640
2.031640
1.755604
1.755604
1.922619
1.922619
1.404667
1.404667
1.457807
1.457807
1.613940
1.613940
1.684476
1.684476
1.257752
1.257752
1.409435
1.409435
1.423790
1.423790
1.250001
1.250001
1.403780
1.403780
1.402786
1.402786
1.381858
1.381858
0.901955
0.901955
1.149797
1.149797
1.081864
1.081864
1.625033
1.625033
1.378650
1.378650
1.059481
1.059481
1.438807
1.438807
1.207291
1.207291
1.093754
1.093754
1.362884
1.362884
1.108865
1.108865
1.475073
1.475073
1.336245
1.336245
0.905023
0.905023
0.971851
0.971851
1.156015
1.156015
1.188154
1.188154
1.345672
1.345672
1.344837
1.344837
1.140953
1.140953
1.167062
1.167062
0.926779
0.926779
1.134030
1.134030
1.223046
1.223046
1.130491
1.130491
1.246916
1.246916
1.006472
1.006472
1.007540
1.007540
1.330805
1.330805
1.285699
1.285699
1.323208
1.323208
1.206972
1.206972
0.951050
0.951050
1.414649
1.414649
1.485607
1.485607
1.164943
1.164943
1.347271
1.347271
1.276060
1.276060
1.379466
1.379466
1.419924
1.419924
1.190811
1.190811
1.329713
1.329713
1.378169
1.378169
1.564214
1.564214
1.383339
1.383339
1.502673
1.502673
1.329966
1.329966
1.812291
1.812291
1.507309
1.507309
1.262098
1.262098
1.383988
1.383988
1.812438
1.812438
1.746123
1.746123
1.587248
1.587248
1.805815
1.805815
1.616755
1.616755
1.791806
1.791806
1.713133
1.713133
2.187554
2.187554
1.761312
1.761312
1.566204
1.566204
1.962325
1.962325
2.119074
2.119074
1.689645
1.689645
1.657354
1.657354
1.901100
1.901100
1.809046
1.809046
1.668626
1.668626
2.011070
2.011070
1.910786
1.910786
2.334678
2.334678
1.797995
1.797995
1.713842
1.713842
1.998736
1.998736
1.750163
1.750163
1.648028
1.648028
2.037377
2.037377
1.336629
1.336629
1.548569
1.548569
1.303783
1.303783
1.892648
1.892648
1.681754
1.681754
1.605110
1.605110
1.293575
1.293575
1.468287
1.468287
1.569894
1.569894
1.401857
1.401857
1.145709
1.145709
1.368085
1.368085
1.413856
1.413856
1.138823
1.138823
1.349485
1.349485
1.336593
1.336593
1.000011
1.000011
1.521768
1.521768
1.499371
1.499371
1.414053
1.414053
1.324134
1.324134
1.292844
1.292844
1.307318
1.307318
1.048165
1.048165
1.091512
1.091512
1.207938
1.207938
1.177362
1.177362
1.162638
1.162638
1.020931
1.020931
1.138436
1.138436
1.220092
1.220092
1.016445
1.016445
1.272609
1.272609
1.025938
1.025938
1.234961
1.234961
1.091504
1.091504
1.289285
1.289285
1.056708
1.056708
1.273120
1.273120
0.866133
0.866133
1.178320
1.178320
1.065587
1.065587
1.171889
1.171889
1.216434
1.216434
0.910398
0.910398
1.284687
1.284687
1.184895
1.184895
1.376428
1.376428
1.325333
1.325333
1.435970
1.435970
1.392530
1.392530
1.303366
1.303366
1.323203
1.323203
1.645764
1.645764
1.374303
1.374303
1.352815
1.352815
1.563758
1.563758
1.465873
1.465873
1.652661
1.652661
1.630640
1.630640
1.814890
1.814890
1.566847
1.566847
1.816442
1.816442
1.689170
1.689170
1.747078
1.747078
1.591790
1.591790
2.047672
2.047672
1.871352
1.871352
1.749368
1.749368
1.875896
1.875896
1.413610
1.413610
1.927044
1.927044
1.649428
1.649428
1.981949
1.981949
1.732247
1.732247
1.878654
1.878654
1.512825
1.512825
2.016918
2.016918
1.761542
1.761542
1.820667
1.820667
1.671890
1.671890
1.842278
1.842278
1.678169
1.678169
1.798136
1.798136
1.524684
1.524684
1.816179
1.816179
1.882293
1.882293
1.572346
1.572346
1.488159
1.488159
1.379113
1.379113
1.279172
1.279172
1.836350
1.836350
1.758127
1.758127
1.546697
1.546697
1.488469
1.488469
1.669188
1.669188
1.507813
1.507813
1.708689
1.708689
1.576766
1.576766
1.307035
1.307035
1.219928
1.219928
1.483496
1.483496
1.180458
1.180458
1.332900
1.332900
1.478395
1.478395
1.195646
1.195646
1.497663
1.497663
1.375860
1.375860
1.055320
1.055320
1.189001
1.189001
1.293826
1.293826
1.324343
1.324343
1.174227
1.174227
1.287917
1.287917
1.319499
1.319499
1.339346
1.339346
1.120725
1.120725
1.183349
1.183349
0.914121
0.914121
1.242511
1.242511
1.448854
1.448854
1.392842
1.392842
0.880764
0.880764
1.332482
1.332482
0.947553
0.947553
1.344100
1.344100
1.098877
1.098877
1.209873
1.209873
1.529988
1.529988
1.218376
1.218376
1.460676
1.460676
0.901652
0.901652
1.409864
1.409864
1.299324
1.299324
1.586512
1.586512
1.570669
1.570669
1.928212
1.928212
1.690628
1.690628
1.610047
1.610047
1.441609
1.441609
1.561678
1.561678
1.406251
1.406251
1.547183
1.547183
1.808157
1.808157
1.384538
1.384538
1.370002
1.370002
1.598458
1.598458
1.740806
1.740806
1.424102
1.424102
2.004200
2.004200
1.468539
1.468539
1.631200
1.631200
1.520165
1.520165
1.159662
1.159662
1.493338
1.493338
1.683482
1.683482
1.314629
1.314629
1.359336
1.359336
1.297587
1.297587
1.313078
1.313078
1.235235
1.235235
1.695569
1.695569
1.292598
1.292598
1.531892
1.531892
1.585147
1.585147
1.171154
1.171154
1.003550
1.003550
1.375494
1.375494
1.381119
1.381119
1.322237
1.322237
1.277932
1.277932
1.455091
1.455091
1.155854
1.155854
1.125246
1.125246
1.517782
1.517782
1.470600
1.470600
1.414014
1.414014
1.490079
1.490079
1.583132
1.583132
1.364270
1.364270
1.124072
1.124072
1.501319
1.501319
1.329308
1.329308
1.337662
1.337662
1.384091
1.384091
1.103984
1.103984
1.413078
1.413078
1.638366
1.638366
1.081566
1.081566
1.366969
1.366969
1.516361
1.516361
1.570360
1.570360
1.382724
1.382724
1.573960
1.573960
1.486720
1.486720
1.261394
1.261394
1.559515
1.559515
1.216595
1.216595
1.430174
1.430174
1.310067
1.310067
1.380456
1.380456
1.228188
1.228188
1.653685
1.653685
1.466910
1.466910
1.456506
1.456506
1.442381
1.442381
1.283691
1.283691
1.314583
1.314583
1.384066
1.384066
1.357920
1.357920
1.519305
1.519305
1.234742
1.234742
1.875749
1.875749
1.463884
1.463884
1.729712
1.729712
1.207551
1.207551
1.214820
1.214820
1.461551
1.461551
1.426149
1.426149
1.489668
1.489668
1.234368
1.234368
1.268284
1.268284
1.419258
1.419258
1.565438
1.565438
1.291062
1.291062
1.549448
1.549448
1.146222
1.146222
1.468403
1.468403
1.296994
1.296994
1.295696
1.295696
1.563557
1.563557
1.259255
1.259255
1.243142
1.243142
1.272467
1.272467
1.453785
1.453785
1.668551
1.668551
1.312248
1.312248
1.113024
1.113024
1.195984
1.195984
1.113248
1.113248
1.335378
1.335378
1.197529
1.197529
1.307530
1.307530
1.330353
1.330353
1.278654
1.278654
1.110232
1.110232
1.314278
1.314278
1.436085
1.436085
1.197540
1.197540
1.295447
1.295447
1.214429
1.214429
1.392236
1.392236
1.476097
1.476097
1.114663
1.114663
1.245697
1.245697
1.528825
1.528825
1.254496
1.254496
1.273740
1.273740
1.188517
1.188517
1.170979
1.170979
1.219521
1.219521
1.525840
1.525840
1.359003
1.359003
1.531132
1.531132
1.412572
1.412572
1.482798
1.482798
1.497817
1.497817
1.552637
1.552637
1.604449
1.604449
1.579916
1.579916
1.657230
1.657230
1.498183
1.498183
1.788305
1.788305
1.563470
1.563470
1.616694
1.616694
1.924042
1.924042
1.205806
1.205806
1.835023
1.835023
1.612053
1.612053
1.730909
1.730909
1.424129
1.424129
1.816711
1.816711
1.660890
1.660890
1.630468
1.630468
1.644247
1.644247
1.436705
1.436705
1.349273
1.349273
1.748160
1.748160
1.615599
1.615599
1.737682
1.737682
1.702053
1.702053
1.948498
1.948498
1.619696
1.619696
1.602064
1.602064
1.407541
1.407541
1.763563
1.763563
1.427797
1.427797
1.865408
1.865408
1.902594
1.902594
1.683429
1.683429
1.810782
1.810782
1.488415
1.488415
1.743711
1.743711
1.575560
1.575560
1.817501
1.817501
1.521661
1.521661
1.477561
1.477561
1.350713
1.350713
1.303759
1.303759
1.421377
1.421377
1.345315
1.345315
1.326991
1.326991
1.287313
1.287313
1.294816
1.294816
1.092331
1.092331
1.491969
1.491969
1.601982
1.601982
1.527819
1.527819
1.274674
1.274674
1.172160
1.172160
1.354369
1.354369
1.180624
1.180624
1.270650
1.270650
1.283489
1.283489
1.132106
1.132106
1.162831
1.162831
1.409924
1.409924
0.908841
0.908841
0.958021
0.958021
1.447585
1.447585
1.161701
1.161701
1.229623
1.229623
1.030082
1.030082
0.980303
0.980303
0.884266
0.884266
0.901717
0.901717
0.826264
0.826264
0.989953
0.989953
1.078548
1.078548
1.332666
1.332666
1.323378
1.323378
1.211405
1.211405
1.271035
1.271035
1.025797
1.025797
1.331020
1.331020
1.280630
1.280630
0.886721
0.886721
0.932278
0.932278
1.202273
1.202273
1.277771
1.277771
1.481281
1.481281
1.297934
1.297934
1.312556
1.312556
1.421556
1.421556
1.182615
1.182615
1.532707
1.532707
1.299664
1.299664
1.145259
1.145259
1.090556
1.090556
1.496897
1.496897
1.391131
1.391131
1.612473
1.612473
1.603835
1.603835
1.312115
1.312115
1.678354
1.678354
1.471627
1.471627
1.783211
1.783211
1.455222
1.455222
1.951391
1.951391
1.508026
1.508026
1.613989
1.613989
1.875971
1.875971
1.558421
1.558421
1.692892
1.692892
1.569407
1.569407
1.624225
1.624225
1.480432
1.480432
1.393617
1.393617
1.365472
1.365472
1.955554
1.955554
1.345463
1.345463
1.696526
1.696526
1.420394
1.420394
1.740099
1.740099
1.752321
1.752321
1.265693
1.265693
1.560528
1.560528
1.400188
1.400188
1.723642
1.723642
1.539502
1.539502
1.684036
1.684036
1.739146
1.739146
1.658450
1.658450
1.480376
1.480376
1.475808
1.475808
1.293492
1.293492
1.735227
1.735227
1.368381
1.368381
1.579874
1.579874
1.294436
1.294436
1.234574
1.234574
1.356687
1.356687
1.087581
1.087581
1.504414
1.504414
1.079512
1.079512
1.460352
1.460352
1.482415
1.482415
1.409124
1.409124
1.174644
1.174644
1.330508
1.330508
1.317693
1.317693
1.415751
1.415751
1.062386
1.062386
1.236228
1.236228
1.563828
1.563828
1.270708
1.270708
1.024541
1.024541
1.489863
1.489863
1.400703
1.400703
1.324826
1.324826
1.236735
1.236735
1.257099
1.257099
1.129307
1.129307
1.103224
1.103224
1.329652
1.329652
0.993563
0.993563
1.160199
1.160199
1.460778
1.460778
1.193669
1.193669
1.091342
1.091342
1.106519
1.106519
1.279739
1.279739
1.228160
1.228160
1.220484
1.220484
1.080011
1.080011
1.284570
1.284570
1.388490
1.388490
1.256964
1.256964
1.368704
1.368704
1.365786
1.365786
1.341824
1.341824
1.119987
1.119987
1.150722
1.150722
1.354022
1.354022
1.038683
1.038683
1.285042
1.285042
1.297398
1.297398
1.278112
1.278112
1.310045
1.310045
1.359569
1.359569
1.211652
1.211652
1.180944
1.180944
1.225551
1.225551
1.275081
1.275081
1.333233
1.333233
1.372780
1.372780
1.255917
1.255917
1.423399
1.423399
1.575278
1.575278
1.537241
1.537241
1.203684
1.203684
2.006797
2.006797
1.741385
1.741385
1.448637
1.448637
1.524256
1.524256
1.605105
1.605105
1.423931
1.423931
1.320254
1.320254
1.816349
1.816349
1.514275
1.514275
1.523741
1.523741
1.515372
1.515372
1.943969
1.943969
1.498285
1.498285
1.406441
1.406441
1.289273
1.289273
1.198694
1.198694
1.560215
1.560215
1.502651
1.502651
1.711633
1.711633
1.322211
1.322211
1.400275
1.400275
1.488942
1.488942
1.243106
1.243106
1.147611
1.147611
1.132714
1.132714
1.124718
1.124718
1.209185
1.209185
1.003173
1.003173
1.367742
1.367742
1.598516
1.598516
1.210658
1.210658
1.540684
1.540684
1.134191
1.134191
1.222183
1.222183
1.141222
1.141222
1.488036
1.488036
1.545693
1.545693
1.124014
1.124014
1.416398
1.416398
1.217776
1.217776
1.139513
1.139513
0.854982
0.854982
1.466835
1.466835
1.364841
1.364841
1.294603
1.294603
1.488089
1.488089
1.360176
1.360176
0.966998
0.966998
1.204478
1.204478
1.061090
1.061090
1.333134
1.333134
1.147761
1.147761
1.449463
1.449463
1.553479
1.553479
1.322484
1.322484
1.562122
1.562122
1.336419
1.336419
1.091842
1.091842
1.102160
1.102160
1.248289
1.248289
1.520424
1.520424
1.270934
1.270934
0.978896
0.978896
1.321115
1.321115
0.890938
0.890938
1.521146
1.521146
1.464454
1.464454
1.259485
1.259485
1.092412
1.092412
1.598200
1.598200
1.400113
1.400113
1.517952
1.517952
1.313001
1.313001
1.268960
1.268960
1.863241
1.863241
1.561741
1.561741
1.396048
1.396048
1.605397
1.605397
1.611924
1.611924
1.387400
1.387400
1.370890
1.370890
1.808406
1.808406
1.173739
1.173739
1.177463
1.177463
1.378398
1.378398
1.705320
1.705320
1.561126
1.561126
1.373135
1.373135
1.038148
1.038148
1.295704
1.295704
1.301139
1.301139
1.621064
1.621064
1.231891
1.231891
1.401079
1.401079
1.458925
1.458925
1.332388
1.332388
1.280233
1.280233
1.130938
1.130938
1.041634
1.041634
1.343668
1.343668
1.269246
1.269246
1.783689
1.783689
1.550892
1.550892
1.188675
1.188675
1.740654
1.740654
1.341624
1.341624
1.209028
1.209028
1.593015
1.593015
1.078093
1.078093
1.021741
1.021741
1.133466
1.133466
1.276037
1.276037
1.287524
1.287524
1.282598
1.282598
1.038989
1.038989
1.535208
1.535208
1.442437
1.442437
1.203214
1.203214
1.389759
1.389759
1.125411
1.125411
1.005867
1.005867
0.973910
0.973910
1.002360
1.002360
1.047120
1.047120
1.265835
1.265835
1.437249
1.437249
1.272731
1.272731
1.332462
1.332462
1.199576
1.199576
1.061814
1.061814
1.196664
1.196664
1.323831
1.323831
1.477649
1.477649
1.236032
1.236032
1.409621
1.409621
1.793401
1.793401
1.517129
1.517129
1.213812
1.213812
1.260505
1.260505
1.434978
1.434978
1.650873
1.650873
1.413451
1.413451
1.569218
1.569218
1.387725
1.387725
1.322814
1.322814
1.330188
1.330188
1.793581
1.793581
1.293117
1.293117
1.485673
1.485673
1.667032
1.667032
1.804066
1.804066
1.598800
1.598800
1.611129
1.611129
1.904212
1.904212
1.306719
1.306719
2.053034
2.053034
1.486559
1.486559
2.155604
2.155604
1.569041
1.569041
1.527186
1.527186
1.488264
1.488264
1.710507
1.710507
1.736435
1.736435
1.664508
1.664508
1.373830
1.373830
1.742645
1.742645
1.547620
1.547620
1.450426
1.450426
1.567348
1.567348
1.465384
1.465384
1.491127
1.491127
1.580990
1.580990
1.466936
1.466936
1.756035
1.756035
1.259476
1.259476
1.168266
1.168266
1.490260
1.490260
1.676315
1.676315
1.525478
1.525478
1.486474
1.486474
1.198214
1.198214
1.195971
1.195971
1.327414
1.327414
1.406506
1.406506
1.287203
1.287203
1.340774
1.340774
1.518586
1.518586
1.200837
1.200837
1.379694
1.379694
1.246896
1.246896
1.441963
1.441963
1.131678
1.131678
1.323094
1.323094
1.328523
1.328523
1.479155
1.479155
1.261982
1.261982
1.112975
1.112975
1.378921
1.378921
1.230554
1.230554
1.145404
1.145404
0.890817
0.890817
0.811592
0.811592
0.997807
0.997807
1.117271
1.117271
1.327338
1.327338
1.206507
1.206507
1.111259
1.111259
1.287451
1.287451
1.124213
1.124213
1.145319
1.145319
1.152552
1.152552
0.917631
0.917631
0.774204
0.774204
1.205917
1.205917
0.999626
0.999626
0.793672
0.793672
1.436735
1.436735
1.105428
1.105428
1.298129
1.298129
0.772665
0.772665
1.182043
1.182043
0.966670
0.966670
1.311003
1.311003
1.410733
1.410733
1.578867
1.578867
1.080064
1.080064
1.396218
1.396218
1.247902
1.247902
1.411357
1.411357
1.380504
1.380504
1.721062
1.721062
1.418458
1.418458
1.554176
1.554176
1.616212
1.616212
1.546649
1.546649
1.212558
1.212558
1.718597
1.718597
1.739872
1.739872
1.460156
1.460156
1.541017
1.541017
1.355822
1.355822
1.425994
1.425994
1.744974
1.744974
1.795355
1.795355
1.799500
1.799500
2.053061
2.053061
1.642022
1.642022
1.456169
1.456169
1.574786
1.574786
1.343263
1.343263
1.653399
1.653399
1.783488
1.783488
1.896829
1.896829
1.686394
1.686394
1.529502
1.529502
1.380251
1.380251
1.426685
1.426685
1.583038
1.583038
1.795877
1.795877
1.513896
1.513896
1.346393
1.346393
1.666073
1.666073
1.568068
1.568068
1.464244
1.464244
1.695553
1.695553
1.661228
1.661228
1.292531
1.292531
1.740387
1.740387
1.458039
1.458039
1.829075
1.829075
1.250262
1.250262
1.133648
1.133648
1.439550
1.439550
1.376043
1.376043
1.187624
1.187624
1.367611
1.367611
1.427983
1.427983
1.310565
1.310565
1.292658
1.292658
1.323224
1.323224
1.367736
1.367736
1.133253
1.133253
1.321327
1.321327
1.702012
1.702012
0.958744
0.958744
1.113267
1.113267
1.262005
1.262005
1.074873
1.074873
1.425161
1.425161
1.382050
1.382050
1.563203
1.563203
1.498155
1.498155
1.478962
1.478962
1.356844
1.356844
1.490377
1.490377
1.207838
1.207838
1.360377
1.360377
1.175903
1.175903
1.326346
1.326346
1.361425
1.361425
1.500972
1.500972
1.555578
1.555578
1.230158
1.230158
1.476672
1.476672
1.355654
1.355654
1.545864
1.545864
1.101386
1.101386
1.465246
1.465246
1.351155
1.351155
1.077574
1.077574
1.506851
1.506851
1.370429
1.370429
1.419361
1.419361
1.044301
1.044301
1.174290
1.174290
1.466519
1.466519
1.263300
1.263300
1.169578
1.169578
1.361458
1.361458
1.382979
1.382979
1.259451
1.259451
1.648907
1.648907
1.311801
1.311801
1.502043
1.502043
1.479752
1.479752
1.400163
1.400163
1.354879
1.354879
1.511380
1.511380
1.255935
1.255935
1.304505
1.304505
1.141389
1.141389
1.262619
1.262619
1.078398
1.078398
1.020328
1.020328
1.380742
1.380742
1.205242
1.205242
1.183010
1.183010
1.544609
1.544609
1.018702
1.018702
1.393688
1.393688
1.043636
1.043636
0.996780
0.996780
1.310840
1.310840
1.240132
1.240132
1.653886
1.653886
1.146387
1.146387
1.687891
1.687891
1.487948
1.487948
1.881945
1.881945
1.494804
1.494804
1.243266
1.243266
1.073845
1.073845
1.084691
1.084691
1.134620
1.134620
1.569576
1.569576
1.469465
1.469465
1.247935
1.247935
1.341489
1.341489
1.258070
1.258070
1.243533
1.243533
1.541534
1.541534
1.300513
1.300513
1.600694
1.600694
1.237678
1.237678
1.265551
1.265551
1.271351
1.271351
1.317388
1.317388
1.219230
1.219230
1.414161
1.414161
1.151549
1.151549
1.331287
1.331287
1.284027
1.284027
1.556886
1.556886
1.394517
1.394517
1.460943
1.460943
1.417366
1.417366
1.159946
1.159946
1.481090
1.481090
1.243327
1.243327
1.434971
1.434971
1.758111
1.758111
1.180917
1.180917
1.545471
1.545471
1.452446
1.452446
1.692585
1.692585
1.550813
1.550813
1.414611
1.414611
1.710487
1.710487
1.656571
1.656571
1.347387
1.347387
1.232701
1.232701
1.521265
1.521265
1.566224
1.566224
1.731184
1.731184
1.483621
1.483621
1.302038
1.302038
1.468027
1.468027
1.455652
1.455652
1.446888
1.446888
1.570294
1.570294
1.374115
1.374115
1.490928
1.490928
1.515262
1.515262
1.310635
1.310635
1.337001
1.337001
1.427774
1.427774
1.141468
1.141468
1.617766
1.617766
1.250005
1.250005
1.057523
1.057523
1.360547
1.360547
1.413888
1.413888
1.182388
1.182388
1.669838
1.669838
1.254371
1.254371
1.207033
1.207033
1.202032
1.202032
1.286222
1.286222
1.125278
1.125278
1.079153
1.079153
1.192236
1.192236
1.342026
1.342026
1.217378
1.217378
1.739396
1.739396
1.565245
1.565245
1.024858
1.024858
1.190712
1.190712
1.077729
1.077729
1.256023
1.256023
1.439527
1.439527
1.037512
1.037512
1.450855
1.450855
0.810793
0.810793
1.131246
1.131246
0.966334
0.966334
0.902851
0.902851
1.037930
1.037930
0.875111
0.875111
1.070793
1.070793
1.021966
1.021966
1.149493
1.149493
1.311349
1.311349
0.885416
0.885416
1.183204
1.183204
1.244657
1.244657
1.136237
1.136237
1.260165
1.260165
1.119804
1.119804
1.081871
1.081871
1.096000
1.096000
1.105046
1.105046
1.376923
1.376923
1.306138
1.306138
0.993099
0.993099
1.624163
1.624163
1.250376
1.250376
1.444617
1.444617
1.348167
1.348167
1.283087
1.283087
1.300544
1.300544
1.321146
1.321146
1.791774
1.791774
1.308024
1.308024
1.190476
1.190476
1.552826
1.552826
1.315253
1.315253
1.244495
1.244495
1.584748
1.584748
1.616351
1.616351
1.398108
1.398108
1.660841
1.660841
1.392557
1.392557
1.475322
1.475322
1.291975
1.291975
1.488892
1.488892
1.574126
1.574126
1.530828
1.530828
1.344225
1.344225
1.731302
1.731302
1.665272
1.665272
1.379077
1.379077
1.612982
1.612982
1.795333
1.795333
1.734182
1.734182
1.649602
1.649602
1.518181
1.518181
1.686481
1.686481
1.402825
1.402825
1.544950
1.544950
1.364216
1.364216
1.683038
1.683038
1.459132
1.459132
1.468045
1.468045
1.733540
1.733540
1.839787
1.839787
1.975000
1.975000
1.908672
1.908672
1.603492
1.603492
1.757183
1.757183
1.671192
1.671192
1.437329
1.437329
1.689284
1.689284
2.009944
2.009944
1.800429
1.800429
1.558852
1.558852
1.535716
1.535716
1.697273
1.697273
1.560963
1.560963
1.153479
1.153479
1.345259
1.345259
1.532288
1.532288
1.318855
1.318855
1.096813
1.096813
1.398195
1.398195
1.112201
1.112201
1.528863
1.528863
0.965193
0.965193
1.285864
1.285864
1.318399
1.318399
1.017284
1.017284
1.179661
1.179661
1.308470
1.308470
1.302804
1.302804
0.901159
0.901159
1.040494
1.040494
1.145836
1.145836
0.981843
0.981843
0.924519
0.924519
1.186961
1.186961
1.332358
1.332358
1.236088
1.236088
1.160088
1.160088
1.117308
1.117308
0.955141
0.955141
1.121406
1.121406
1.161498
1.161498
1.033958
1.033958
1.158770
1.158770
1.215464
1.215464
1.025451
1.025451
1.385888
1.385888
1.275048
1.275048
0.971249
0.971249
1.225560
1.225560
1.362132
1.362132
1.130685
1.130685
1.114220
1.114220
1.334395
1.334395
0.842009
0.842009
1.195237
1.195237
1.298512
1.298512
1.153419
1.153419
1.152100
1.152100
1.083505
1.083505
1.235572
1.235572
1.140245
1.140245
1.284623
1.284623
1.392057
1.392057
1.391259
1.391259
1.651909
1.651909
1.398998
1.398998
1.320454
1.320454
1.924921
1.924921
1.596594
1.596594
1.327311
1.327311
1.247884
1.247884
1.663340
1.663340
1.237236
1.237236
1.766315
1.766315
1.238803
1.238803
1.906791
1.906791
1.421965
1.421965
2.006716
2.006716
1.639423
1.639423
1.630805
1.630805
1.670223
1.670223
1.425519
1.425519
1.583723
1.583723
1.628394
1.628394
1.960836
1.960836
1.740084
1.740084
1.662412
1.662412
1.946847
1.946847
1.709625
1.709625
1.852204
1.852204
1.899107
1.899107
1.653909
1.653909
2.025704
2.025704
1.782222
1.782222
1.711052
1.711052
2.049692
2.049692
1.637470
1.637470
2.015726
2.015726
1.745709
1.745709
1.486952
1.486952
1.528736
1.528736
1.479001
1.479001
1.797645
1.797645
1.564537
1.564537
1.263680
1.263680
1.391668
1.391668
1.823865
1.823865
1.268867
1.268867
1.447529
1.447529
1.465402
1.465402
1.589236
1.589236
1.380473
1.380473
1.456393
1.456393
1.218881
1.218881
1.101277
1.101277
1.181478
1.181478
1.047762
1.047762
1.197840
1.197840
1.532309
1.532309
1.593770
1.593770
1.597572
1.597572
1.449148
1.449148
1.348294
1.348294
1.203978
1.203978
1.329722
1.329722
1.156622
1.156622
1.128149
1.128149
1.346685
1.346685
1.186705
1.186705
1.425899
1.425899
1.592057
1.592057
1.218969
1.218969
1.179818
1.179818
1.003512
1.003512
0.967623
0.967623
1.256474
1.256474
1.069907
1.069907
1.076504
1.076504
1.275160
1.275160
1.039911
1.039911
0.680904
0.680904
0.963317
0.963317
1.153785
1.153785
0.950864
0.950864
0.837005
0.837005
0.771226
0.771226
1.007508
1.007508
1.090514
1.090514
1.020932
1.020932
1.037462
1.037462
1.012811
1.012811
0.971141
0.971141
0.970654
0.970654
0.818271
0.818271
0.924325
0.924325
0.870448
0.870448
0.889832
0.889832
1.245049
1.245049
1.198303
1.198303
1.239652
1.239652
1.211409
1.211409
0.963520
0.963520
1.326805
1.326805
1.045846
1.045846
1.341966
1.341966
1.400809
1.400809
1.399873
1.399873
1.340905
1.340905
1.572017
1.572017
1.335139
1.335139
1.506814
1.506814
1.524062
1.524062
1.479389
1.479389
1.967937
1.967937
1.568257
1.568257
1.584012
1.584012
1.726580
1.726580
1.815378
1.815378
1.452516
1.452516
1.669959
1.669959
1.949403
1.949403
1.766263
1.766263
1.745062
1.745062
1.846768
1.846768
1.925389
1.925389
2.064806
2.064806
2.096503
2.096503
2.212920
2.212920
1.709397
1.709397
1.650277
1.650277
2.219148
2.219148
1.983916
1.983916
1.766252
1.766252
1.525434
1.525434
2.387408
2.387408
1.950853
1.950853
1.323814
1.323814
2.152598
2.152598
1.909735
1.909735
1.695861
1.695861
1.670512
1.670512
2.123373
2.123373
1.941287
1.941287
1.624044
1.624044
1.822682
1.822682
1.558928
1.558928
1.544319
1.544319
1.573501
1.573501
1.793908
1.793908
1.828846
1.828846
1.855088
1.855088
1.899483
1.899483
1.825976
1.825976
1.410895
1.410895
1.521690
1.521690
1.449655
1.449655
1.527631
1.527631
1.257666
1.257666
1.179148
1.179148
1.500998
1.500998
1.551965
1.551965
1.158999
1.158999
1.232276
1.232276
1.241956
1.241956
1.208418
1.208418
1.038557
1.038557
1.122585
1.122585
1.295322
1.295322
1.123535
1.123535
1.096752
1.096752
0.915488
0.915488
1.101375
1.101375
1.230195
1.230195
0.868288
0.868288
0.900508
0.900508
0.915373
0.915373
0.839609
0.839609
1.139117
1.139117
0.823983
0.823983
0.979172
0.979172
0.852264
0.852264
0.941992
0.941992
0.869657
0.869657
0.997310
0.997310
0.891287
0.891287
1.075229
1.075229
0.905510
0.905510
0.902506
0.902506
0.918454
0.918454
0.904325
0.904325
0.988388
0.988388
0.853281
0.853281
1.124804
1.124804
1.079214
1.079214
0.945942
0.945942
0.757333
0.757333
1.235243
1.235243
1.214056
1.214056
1.734957
1.734957
1.202853
1.202853
1.557703
1.557703
1.145556
1.145556
1.678279
1.678279
1.614936
1.614936
1.386184
1.386184
1.512032
1.512032
1.535807
1.535807
1.504982
1.504982
1.590532
1.590532
1.457042
1.457042
1.607027
1.607027
1.967778
1.967778
1.843413
1.843413
1.538216
1.538216
1.928707
1.928707
1.852319
1.852319
1.963774
1.963774
1.642809
1.642809
1.686099
1.686099
1.628722
1.628722
1.624684
1.624684
1.795408
1.795408
2.013500
2.013500
1.722255
1.722255
1.852726
1.852726
1.757424
1.757424
2.010424
2.010424
1.530955
1.530955
1.811792
1.811792
1.707556
1.707556
2.165804
2.165804
1.989201
1.989201
1.661070
1.661070
1.473953
1.473953
1.781344
1.781344
1.693639
1.693639
1.639063
1.639063
1.483718
1.483718
2.061568
2.061568
1.933921
1.933921
1.858262
1.858262
1.639094
1.639094
1.840883
1.840883
1.780205
1.780205
1.636179
1.636179
1.411892
1.411892
1.763014
1.763014
1.317708
1.317708
1.153356
1.153356
1.426522
1.426522
1.314617
1.314617
1.234720
1.234720
1.329586
1.329586
1.217470
1.217470
1.265454
1.265454
1.334204
1.334204
1.072430
1.072430
1.380733
1.380733
1.320194
1.320194
1.429011
1.429011
1.125885
1.125885
1.057933
1.057933
1.042344
1.042344
1.229725
1.229725
0.958340
0.958340
1.245117
1.245117
1.045931
1.045931
1.124988
1.124988
1.023827
1.023827
1.123720
1.123720
0.858754
0.858754
1.104734
1.104734
0.976188
0.976188
1.025896
1.025896
0.947523
0.947523
0.761424
0.761424
0.756110
0.756110
0.980471
0.980471
1.128228
1.128228
1.037066
1.037066
1.092819
1.092819
1.095634
1.095634
0.959616
0.959616
0.909931
0.909931
0.645635
0.645635
1.273625
1.273625
1.314719
1.314719
1.438912
1.438912
1.083025
1.083025
1.047918
1.047918
1.238015
1.238015
1.162966
1.162966
1.420467
1.420467
1.298974
1.298974
1.127578
1.127578
1.349805
1.349805
1.159984
1.159984
1.109352
1.109352
1.561558
1.561558
1.215145
1.215145
1.494246
1.494246
1.317951
1.317951
1.459090
1.459090
1.776532
1.776532
1.442084
1.442084
1.799441
1.799441
1.379633
1.379633
1.452232
1.452232
1.844625
1.844625
1.547240
1.547240
1.780526
1.780526
1.493826
1.493826
1.848742
1.848742
1.203226
1.203226
1.329047
1.329047
1.478245
1.478245
1.314289
1.314289
1.416027
1.416027
1.071314
1.071314
1.195087
1.195087
1.161841
1.161841
1.431486
1.431486
1.696119
1.696119
1.147993
1.147993
1.344399
1.344399
1.087482
1.087482
1.243496
1.243496
1.278463
1.278463
1.098703
1.098703
1.251392
1.251392
1.450911
1.450911
1.279208
1.279208
1.295588
1.295588
1.369467
1.369467
1.159135
1.159135
1.425949
1.425949
1.547188
1.547188
1.434468
1.434468
1.259092
1.259092
1.576436
1.576436
1.337278
1.337278
1.408560
1.408560
1.375629
1.375629
1.405574
1.405574
1.675749
1.675749
1.231512
1.231512
1.570541
1.570541
1.110761
1.110761
1.588451
1.588451
1.326811
1.326811
1.439529
1.439529
1.204881
1.204881
1.862740
1.862740
1.363139
1.363139
1.195837
1.195837
1.471735
1.471735
1.240506
1.240506
1.117038
1.117038
1.393978
1.393978
1.304254
1.304254
1.467012
1.467012
1.033345
1.033345
1.112045
1.112045
1.359441
1.359441
1.422819
1.422819
1.336567
1.336567
1.469457
1.469457
1.512772
1.512772
1.257127
1.257127
1.375248
1.375248
1.190458
1.190458
1.681539
1.681539
1.560936
1.560936
1.438231
1.438231
1.264630
1.264630
1.067145
1.067145
1.173727
1.173727
1.243765
1.243765
1.152238
1.152238
1.191723
1.191723
1.511508
1.511508
1.307714
1.307714
1.573727
1.573727
1.269586
1.269586
1.349706
1.349706
1.223328
1.223328
1.242634
1.242634
1.313779
1.313779
1.280544
1.280544
1.513656
1.513656
1.232424
1.232424
0.882710
0.882710
1.192080
1.192080
0.979241
0.979241
0.980504
0.980504
1.031389
1.031389
0.866132
0.866132
1.204122
1.204122
0.895442
0.895442
1.200518
1.200518
1.018190
1.018190
0.754318
0.754318
0.964611
0.964611
0.669560
0.669560
0.888960
0.888960
0.833634
0.833634
0.658529
0.658529
0.889582
0.889582
1.092009
1.092009
0.877828
0.877828
1.179385
1.179385
0.867724
0.867724
0.952477
0.952477
1.212468
1.212468
0.741776
0.741776
1.179277
1.179277
0.846030
0.846030
1.071177
1.071177
0.979697
0.979697
1.220896
1.220896
1.198734
1.198734
1.084610
1.084610
1.337688
1.337688
1.534871
1.534871
1.206390
1.206390
1.193157
1.193157
1.386414
1.386414
1.231129
1.231129
1.643793
1.643793
1.401354
1.401354
1.409453
1.409453
1.878087
1.878087
1.360935
1.360935
1.217036
1.217036
1.713358
1.713358
1.684007
1.684007
1.940695
1.940695
1.375555
1.375555
1.215721
1.215721
2.058801
2.058801
2.079556
2.079556
2.105152
2.105152
1.788044
1.788044
1.821310
1.821310
1.913391
1.913391
1.798351
1.798351
2.064555
2.064555
1.939340
1.939340
2.016154
2.016154
2.013364
2.013364
1.967404
1.967404
1.785556
1.785556
1.780138
1.780138
1.860600
1.860600
1.861569
1.861569
1.662451
1.662451
2.047888
2.047888
1.813086
1.813086
2.016308
2.016308
1.821047
1.821047
2.027870
2.027870
1.512622
1.512622
2.052048
2.052048
2.023058
2.023058
2.092275
2.092275
1.642333
1.642333
2.054179
2.054179
1.766703
1.766703
1.673688
1.673688
1.538986
1.538986
1.982706
1.982706
1.854367
1.854367
1.603709
1.603709
1.297935
1.297935
1.609963
1.609963
1.325175
1.325175
1.474469
1.474469
1.395055
1.395055
1.545880
1.545880
1.142830
1.142830
1.375218
1.375218
1.371682
1.371682
1.275570
1.275570
1.164568
1.164568
1.324960
1.324960
1.035192
1.035192
1.201508
1.201508
0.910644
0.910644
0.863557
0.863557
1.141958
1.141958
1.139001
1.139001
0.842971
0.842971
0.766620
0.766620
1.025633
1.025633
0.890264
0.890264
0.920955
0.920955
1.140356
1.140356
0.792615
0.792615
0.823957
0.823957
0.892015
0.892015
1.057067
1.057067
1.124824
1.124824
1.049300
1.049300
1.037613
1.037613
0.999106
0.999106
0.907006
0.907006
1.102917
1.102917
1.136279
1.136279
1.065037
1.065037
1.090089
1.090089
1.361610
1.361610
1.005063
1.005063
0.944017
0.944017
1.004588
1.004588
1.447534
1.447534
1.088457
1.088457
1.162273
1.162273
1.051975
1.051975
1.166404
1.166404
1.312130
1.312130
1.100164
1.100164
1.434454
1.434454
1.048512
1.048512
1.523592
1.523592
1.239292
1.239292
1.124519
1.124519
1.303752
1.303752
1.376900
1.376900
1.480249
1.480249
1.151562
1.151562
1.371447
1.371447
1.169559
1.169559
1.302395
1.302395
1.150265
1.150265
1.532868
1.532868
1.290132
1.290132
1.429376
1.429376
1.628914
1.628914
1.596838
1.596838
1.587473
1.587473
1.972200
1.972200
1.518117
1.518117
1.530951
1.530951
1.806095
1.806095
1.544658
1.544658
1.821522
1.821522
1.584562
1.584562
1.450838
1.450838
1.529662
1.529662
2.012852
2.012852
2.077053
2.077053
1.508933
1.508933
2.010047
2.010047
1.809379
1.809379
1.737397
1.737397
1.551776
1.551776
1.604697
1.604697
2.073523
2.073523
1.854873
1.854873
2.084074
2.084074
1.586525
1.586525
1.906454
1.906454
1.744602
1.744602
1.468911
1.468911
1.837051
1.837051
1.501621
1.501621
1.471504
1.471504
1.432696
1.432696
1.764362
1.764362
1.577740
1.577740
1.508911
1.508911
1.597538
1.597538
1.344522
1.344522
1.373827
1.373827
1.500480
1.500480
1.262037
1.262037
1.528717
1.528717
1.127254
1.127254
0.858689
0.858689
1.122502
1.122502
1.258216
1.258216
1.134562
1.134562
1.165548
1.165548
1.298133
1.298133
1.122798
1.122798
1.474892
1.474892
1.431483
1.431483
1.058781
1.058781
1.261974
1.261974
1.298640
1.298640
1.498476
1.498476
1.148129
1.148129
1.183588
1.183588
1.182142
1.182142
1.098427
1.098427
1.334928
1.334928
1.242115
1.242115
1.055006
1.055006
1.004563
1.004563
1.124532
1.124532
1.152498
1.152498
1.064546
1.064546
1.406809
1.406809
0.799796
0.799796
1.086687
1.086687
1.346451
1.346451
1.005786
1.005786
1.335493
1.335493
1.019739
1.019739
1.059018
1.059018
1.104426
1.104426
0.999537
0.999537
1.106314
1.106314
0.843702
0.843702
0.901433
0.901433
0.813943
0.813943
0.902827
0.902827
1.004748
1.004748
1.136102
1.136102
1.199805
1.199805
0.941656
0.941656
1.118435
1.118435
1.113924
1.113924
1.187594
1.187594
1.274534
1.274534
1.068651
1.068651
1.253067
1.253067
1.211478
1.211478
1.169405
1.169405
1.264487
1.264487
1.197492
1.197492
0.919513
0.919513
1.217650
1.217650
1.500825
1.500825
1.246295
1.246295
1.243900
1.243900
1.511777
1.511777
1.413297
1.413297
1.276895
1.276895
1.640942
1.640942
1.239166
1.239166
1.010394
1.010394
1.191391
1.191391
1.686994
1.686994
1.614506
1.614506
1.310424
1.310424
1.461052
1.461052
1.258075
1.258075
1.590427
1.590427
1.876815
1.876815
1.754216
1.754216
2.164565
2.164565
1.615607
1.615607
1.550710
1.550710
1.596606
1.596606
1.547564
1.547564
1.684022
1.684022
1.354431
1.354431
1.517439
1.517439
1.719841
1.719841
1.452557
1.452557
1.719332
1.719332
1.759173
1.759173
1.677528
1.677528
1.870356
1.870356
1.491262
1.491262
1.928002
1.928002
1.977380
1.977380
1.714088
1.714088
1.368826
1.368826
1.536544
1.536544
1.416500
1.416500
1.335723
1.335723
1.593757
1.593757
1.556267
1.556267
1.448005
1.448005
1.363218
1.363218
1.589706
1.589706
1.073450
1.073450
1.666214
1.666214
1.349647
1.349647
1.466013
1.466013
1.428604
1.428604
1.289292
1.289292
1.226756
1.226756
1.357590
1.357590
1.232001
1.232001
1.277676
1.277676
1.357252
1.357252
1.484684
1.484684
0.904054
0.904054
1.089759
1.089759
1.099706
1.099706
1.045140
1.045140
1.043769
1.043769
0.812371
0.812371
0.919312
0.919312
1.026820
1.026820
1.013051
1.013051
0.826958
0.826958
1.364052
1.364052
1.013975
1.013975
1.306130
1.306130
0.883542
0.883542
1.036749
1.036749
1.272702
1.272702
0.885939
0.885939
1.073650
1.073650
0.972107
0.972107
0.917455
0.917455
1.073440
1.073440
0.782255
0.782255
0.916321
0.916321
1.284169
1.284169
1.186068
1.186068
0.945636
0.945636
1.100140
1.100140
0.934209
0.934209
0.955748
0.955748
0.811572
0.811572
1.304103
1.304103
1.517149
1.517149
0.958917
0.958917
1.158727
1.158727
1.270379
1.270379
0.932534
0.932534
1.044815
1.044815
1.046066
1.046066
1.133891
1.133891
1.269781
1.269781
1.108328
1.108328
1.035994
1.035994
1.566738
1.566738
1.509176
1.509176
1.626884
1.626884
1.412125
1.412125
1.988442
1.988442
1.632422
1.632422
2.052238
2.052238
1.650753
1.650753
1.453141
1.453141
1.855445
1.855445
1.691314
1.691314
1.839557
1.839557
1.703354
1.703354
1.897348
1.897348
1.906187
1.906187
1.970860
1.970860
1.637886
1.637886
1.459995
1.459995
1.578204
1.578204
1.738778
1.738778
1.743994
1.743994
1.557051
1.557051
1.539290
1.539290
1.649090
1.649090
1.571342
1.571342
1.627549
1.627549
1.762316
1.762316
1.650842
1.650842
1.710466
1.710466
1.826603
1.826603
1.684227
1.684227
1.543400
1.543400
1.611430
1.611430
1.895209
1.895209
1.765187
1.765187
1.610356
1.610356
1.462550
1.462550
1.477869
1.477869
1.349217
1.349217
1.459700
1.459700
1.445003
1.445003
1.631401
1.631401
1.629463
1.629463
1.340865
1.340865
1.213411
1.213411
1.299846
1.299846
1.444277
1.444277
1.484543
1.484543
1.145070
1.145070
1.198167
1.198167
1.069733
1.069733
1.122091
1.122091
1.237799
1.237799
1.008205
1.008205
1.621548
1.621548
1.131456
1.131456
0.908705
0.908705
1.040565
1.040565
1.118287
1.118287
1.438774
1.438774
1.067136
1.067136
0.839192
0.839192
1.022758
1.022758
1.244019
1.244019
0.928166
0.928166
1.219153
1.219153
0.935816
0.935816
0.956161
0.956161
1.202894
1.202894
1.035923
1.035923
1.034629
1.034629
0.856672
0.856672
1.047574
1.047574
1.022463
1.022463
1.140410
1.140410
1.079792
1.079792
0.647024
0.647024
1.017191
1.017191
1.143182
1.143182
1.157389
1.157389
1.002252
1.002252
0.988429
0.988429
1.092671
1.092671
1.277727
1.277727
0.996637
0.996637
0.898679
0.898679
1.093991
1.093991
1.015357
1.015357
1.216981
1.216981
0.919796
0.919796
1.230094
1.230094
1.539845
1.539845
1.384612
1.384612
1.654084
1.654084
1.331032
1.331032
1.599696
1.599696
1.440698
1.440698
1.538328
1.538328
1.226188
1.226188
1.487989
1.487989
1.957039
1.957039
1.709357
1.709357
1.384648
1.384648
1.196461
1.196461
2.029018
2.029018
1.420072
1.420072
1.784875
1.784875
1.989691
1.989691
1.658623
1.658623
1.421670
1.421670
1.480065
1.480065
1.614218
1.614218
2.071329
2.071329
1.613916
1.613916
1.584996
1.584996
1.507074
1.507074
1.929568
1.929568
1.678776
1.678776
1.807586
1.807586
1.517420
1.517420
1.396812
1.396812
1.602084
1.602084
1.338694
1.338694
1.255324
1.255324
1.474819
1.474819
1.566691
1.566691
1.370906
1.370906
1.519328
1.519328
1.738023
1.738023
1.468760
1.468760
1.801064
1.801064
1.464837
1.464837
1.677060
1.677060
1.300828
1.300828
1.539788
1.539788
1.341726
1.341726
1.315417
1.315417
1.268541
1.268541
1.324785
1.324785
1.445669
1.445669
1.396518
1.396518
1.324879
1.324879
1.229769
1.229769
1.245049
1.245049
1.405647
1.405647
0.902077
0.902077
1.338833
1.338833
1.123437
1.123437
1.414171
1.414171
0.830324
0.830324
1.045349
1.045349
1.082001
1.082001
1.293998
1.293998
0.988250
0.988250
1.197276
1.197276
1.235999
1.235999
1.369655
1.369655
1.189138
1.189138
1.073267
1.073267
0.946639
0.946639
1.060596
1.060596
1.233184
1.233184
0.910132
0.910132
1.110168
1.110168
0.893865
0.893865
0.948337
0.948337
1.031488
1.031488
1.305082
1.305082
1.052433
1.052433
1.279469
1.279469
1.078212
1.078212
1.030418
1.030418
1.397283
1.397283
0.812524
0.812524
1.104117
1.104117
1.139295
1.139295
1.374740
1.374740
1.020709
1.020709
1.047295
1.047295
1.291732
1.291732
1.210311
1.210311
1.725963
1.725963
1.431220
1.431220
1.373839
1.373839
1.480262
1.480262
1.351409
1.351409
1.479690
1.479690
1.474894
1.474894
1.695459
1.695459
1.294487
1.294487
1.140329
1.140329
1.290052
1.290052
1.330864
1.330864
1.551863
1.551863
1.308463
1.308463
1.584578
1.584578
1.713419
1.713419
1.693349
1.693349
1.495242
1.495242
1.440005
1.440005
1.541486
1.541486
1.462056
1.462056
1.807007
1.807007
1.965241
1.965241
1.562107
1.562107
1.657271
1.657271
1.543344
1.543344
1.478641
1.478641
1.420650
1.420650
1.467460
1.467460
1.606573
1.606573
1.174535
1.174535
1.930412
1.930412
1.420046
1.420046
1.546683
1.546683
1.607377
1.607377
1.315214
1.315214
1.384596
1.384596
1.346653
1.346653
1.470328
1.470328
1.391774
1.391774
1.457608
1.457608
1.601946
1.601946
1.540572
1.540572
1.289016
1.289016
1.335835
1.335835
1.648005
1.648005
1.464930
1.464930
1.239429
1.239429
1.188996
1.188996
1.307170
1.307170
1.228468
1.228468
1.182492
1.182492
1.015017
1.015017
1.323044
1.323044
1.272627
1.272627
1.118648
1.118648
0.984326
0.984326
1.138863
1.138863
1.257844
1.257844
1.093574
1.093574
0.914708
0.914708
1.461473
1.461473
1.081623
1.081623
0.889683
0.889683
1.114291
1.114291
0.963573
0.963573
1.150046
1.150046
0.973219
0.973219
1.136407
1.136407
1.348769
1.348769
1.122301
1.122301
1.116841
1.116841
1.016139
1.016139
1.124905
1.124905
0.865449
0.865449
1.028796
1.028796
1.144102
1.144102
1.101682
1.101682
1.361560
1.361560
1.201233
1.201233
1.326702
1.326702
1.415638
1.415638
1.153804
1.153804
1.186739
1.186739
1.270367
1.270367
1.113329
1.113329
1.350534
1.350534
1.364106
1.364106
1.247341
1.247341
1.402107
1.402107
1.264113
1.264113
1.273806
1.273806
1.109339
1.109339
0.808931
0.808931
1.283134
1.283134
1.289202
1.289202
1.593740
1.593740
1.403769
1.403769
1.663360
1.663360
1.118478
1.118478
1.394266
1.394266
1.167780
1.167780
1.190156
1.190156
1.292560
1.292560
0.846835
0.846835
1.079513
1.079513
1.382569
1.382569
1.212227
1.212227
1.213087
1.213087
0.939391
0.939391
1.498154
1.498154
1.609288
1.609288
1.159196
1.159196
1.170055
1.170055
1.285697
1.285697
1.514179
1.514179
1.222300
1.222300
1.348473
1.348473
1.419638
1.419638
1.472563
1.472563
1.575660
1.575660
1.203092
1.203092
1.164382
1.164382
1.372907
1.372907
1.219941
1.219941
1.470316
1.470316
1.359486
1.359486
1.499273
1.499273
1.394324
1.394324
1.322219
1.322219
1.680393
1.680393
1.271089
1.271089
1.597123
1.597123
1.760014
1.760014
1.167527
1.167527
1.406186
1.406186
1.401308
1.401308
1.390206
1.390206
1.597383
1.597383
1.388155
1.388155
1.375315
1.375315
1.384523
1.384523
1.281253
1.281253
1.201462
1.201462
1.174397
1.174397
1.301882
1.301882
1.309950
1.309950
1.450486
1.450486
1.443458
1.443458
1.228369
1.228369
1.244817
1.244817
1.389073
1.389073
1.346373
1.346373
1.263935
1.263935
1.386156
1.386156
1.171141
1.171141
1.332055
1.332055
1.108276
1.108276
1.222884
1.222884
1.336426
1.336426
1.048745
1.048745
1.120790
1.120790
0.958280
0.958280
1.327710
1.327710
1.401543
1.401543
1.063572
1.063572
1.438679
1.438679
1.025256
1.025256
1.559364
1.559364
0.983472
0.983472
1.353763
1.353763
1.063971
1.063971
1.415061
1.415061
1.343441
1.343441
0.997548
0.997548
0.934260
0.934260
1.204036
1.204036
0.938770
0.938770
1.315295
1.315295
1.174850
1.174850
1.272694
1.272694
1.240307
1.240307
1.002802
1.002802
1.038636
1.038636
1.362680
1.362680
0.997533
0.997533
1.233604
1.233604
1.275309
1.275309
1.379399
1.379399
1.223378
1.223378
0.999629
0.999629
1.428469
1.428469
1.088777
1.088777
1.035846
1.035846
1.351449
1.351449
1.255985
1.255985
1.012584
1.012584
0.988965
0.988965
1.038639
1.038639
1.040624
1.040624
1.075412
1.075412
1.061946
1.061946
0.957906
0.957906
1.091265
1.091265
0.916971
0.916971
0.979290
0.979290
0.967491
0.967491
1.229045
1.229045
1.109519
1.109519
1.337323
1.337323
1.449866
1.449866
1.039344
1.039344
1.094729
1.094729
1.236998
1.236998
1.109280
1.109280
1.389444
1.389444
1.234156
1.234156
1.160846
1.160846
1.159353
1.159353
1.312573
1.312573
1.456744
1.456744
1.641937
1.641937
1.395627
1.395627
0.998533
0.998533
1.355142
1.355142
1.225603
1.225603
1.366886
1.366886
1.453448
1.453448
1.598593
1.598593
1.162726
1.162726
1.712920
1.712920
1.134875
1.134875
1.509411
1.509411
1.428236
1.428236
1.307274
1.307274
1.459010
1.459010
1.841865
1.841865
1.446630
1.446630
1.566440
1.566440
1.687729
1.687729
1.455359
1.455359
1.294223
1.294223
1.587913
1.587913
1.584726
1.584726
1.345630
1.345630
1.542334
1.542334
1.582921
1.582921
1.807296
1.807296
1.352701
1.352701
1.553085
1.553085
1.612791
1.612791
1.411069
1.411069
1.554891
1.554891
1.414933
1.414933
1.739904
1.739904
1.824466
1.824466
1.408459
1.408459
1.414462
1.414462
1.467765
1.467765
1.658602
1.658602
1.560455
1.560455
1.322026
1.322026
1.542335
1.542335
1.489547
1.489547
1.480668
1.480668
1.363637
1.363637
1.300013
1.300013
1.362174
1.362174
1.518942
1.518942
1.357400
1.357400
1.745515
1.745515
1.421341
1.421341
1.316013
1.316013
1.071052
1.071052
1.517318
1.517318
1.270057
1.270057
1.543039
1.543039
1.069533
1.069533
1.103241
1.103241
1.142178
1.142178
1.247909
1.247909
1.120559
1.120559
1.022789
1.022789
1.149205
1.149205
1.137666
1.137666
1.161318
1.161318
1.251564
1.251564
1.237559
1.237559
1.071105
1.071105
1.617572
1.617572
0.748549
0.748549
0.969156
0.969156
0.894239
0.894239
0.766247
0.766247
1.001727
1.001727
1.375868
1.375868
1.284712
1.284712
0.890211
0.890211
1.121027
1.121027
1.054775
1.054775
1.016803
1.016803
1.026349
1.026349
0.802320
0.802320
0.855353
0.855353
1.044457
1.044457
0.741603
0.741603
1.196978
1.196978
1.199034
1.199034
0.845912
0.845912
0.853086
0.853086
1.140134
1.140134
0.761138
0.761138
1.297356
1.297356
1.112577
1.112577
0.861624
0.861624
1.011605
1.011605
1.031302
1.031302
0.919409
0.919409
1.146642
1.146642
1.290262
1.290262
1.197285
1.197285
1.378119
1.378119
1.349756
1.349756
1.160355
1.160355
1.206818
1.206818
1.264735
1.264735
1.228883
1.228883
1.463500
1.463500
1.344563
1.344563
1.477135
1.477135
1.217200
1.217200
1.513231
1.513231
1.333756
1.333756
1.732879
1.732879
1.422830
1.422830
1.377307
1.377307
1.643291
1.643291
1.545004
1.545004
1.962146
1.962146
1.881876
1.881876
1.403264
1.403264
1.494091
1.494091
1.871692
1.871692
1.606578
1.606578
1.216368
1.216368
1.789639
1.789639
1.378741
1.378741
1.590639
1.590639
1.963944
1.963944
1.631392
1.631392
1.689520
1.689520
2.150863
2.150863
1.697042
1.697042
1.690478
1.690478
1.779627
1.779627
1.951221
1.951221
1.373076
1.373076
2.061632
2.061632
2.190180
2.190180
1.749837
1.749837
1.123916
1.123916
1.575567
1.575567
1.628442
1.628442
1.644696
1.644696
1.483282
1.483282
1.692584
1.692584
1.638484
1.638484
1.356520
1.356520
1.428133
1.428133
1.253422
1.253422
1.277980
1.277980
1.396105
1.396105
1.083688
1.083688
1.430187
1.430187
1.218765
1.218765
1.523374
1.523374
1.289336
1.289336
1.213610
1.213610
0.772075
0.772075
0.848721
0.848721
1.157633
1.157633
0.965896
0.965896
0.841674
0.841674
0.822858
0.822858
1.027079
1.027079
0.722574
0.722574
0.950603
0.950603
0.867393
0.867393
0.708456
0.708456
0.844504
0.844504
0.774755
0.774755
1.012196
1.012196
0.944933
0.944933
0.677117
0.677117
0.901663
0.901663
0.616124
0.616124
0.979056
0.979056
0.833568
0.833568
1.098880
1.098880
0.818016
0.818016
0.982522
0.982522
1.153784
1.153784
1.190643
1.190643
1.065201
1.065201
0.893144
0.893144
0.980423
0.980423
0.900431
0.900431
0.811981
0.811981
0.968135
0.968135
1.172527
1.172527
1.041711
1.041711
1.486844
1.486844
1.230165
1.230165
1.183762
1.183762
1.298643
1.298643
1.436416
1.436416
1.063962
1.063962
1.410999
1.410999
1.317608
1.317608
1.878483
1.878483
1.463509
1.463509
1.704506
1.704506
2.103411
2.103411
1.856798
1.856798
1.639093
1.639093
1.638878
1.638878
1.774228
1.774228
1.785329
1.785329
1.872134
1.872134
1.914827
1.914827
2.012822
2.012822
1.598531
1.598531
2.034272
2.034272
1.994259
1.994259
1.670590
1.670590
1.867698
1.867698
1.713104
1.713104
2.000322
2.000322
1.813642
1.813642
2.116944
2.116944
1.999922
1.999922
1.766487
1.766487
2.024906
2.024906
1.804073
1.804073
1.937239
1.937239
1.628802
1.628802
1.880804
1.880804
1.633584
1.633584
2.001773
2.001773
1.861834
1.861834
1.511956
1.511956
1.414422
1.414422
2.145303
2.145303
1.993872
1.993872
1.668210
1.668210
1.577496
1.577496
1.316944
1.316944
1.593863
1.593863
1.370786
1.370786
1.826821
1.826821
1.603785
1.603785
1.778094
1.778094
1.260372
1.260372
1.195651
1.195651
1.184036
1.184036
1.189920
1.189920
1.197025
1.197025
1.133227
1.133227
0.832935
0.832935
1.095060
1.095060
1.037211
1.037211
1.169721
1.169721
1.146090
1.146090
0.981846
0.981846
1.152747
1.152747
1.006896
1.006896
1.246625
1.246625
0.922563
0.922563
1.165124
1.165124
1.036884
1.036884
0.942062
0.942062
0.856975
0.856975
1.010626
1.010626
1.206548
1.206548
1.199920
1.199920
1.254144
1.254144
0.991738
0.991738
0.906968
0.906968
1.179584
1.179584
0.780152
0.780152
1.098364
1.098364
1.184080
1.184080
0.998840
0.998840
0.955849
0.955849
1.329811
1.329811
1.293823
1.293823
0.803129
0.803129
1.211367
1.211367
1.045257
1.045257
1.128509
1.128509
1.041950
1.041950
1.187897
1.187897
1.128175
1.128175
0.938991
0.938991
1.286132
1.286132
0.981246
0.981246
1.034208
1.034208
1.392023
1.392023
1.404722
1.404722
0.918411
0.918411
1.380261
1.380261
1.071964
1.071964
1.412913
1.412913
1.141172
1.141172
1.254494
1.254494
1.330958
1.330958
1.349568
1.349568
1.398663
1.398663
1.450915
1.450915
1.392865
1.392865
1.357134
1.357134
0.997873
0.997873
1.420666
1.420666
1.352145
1.352145
1.500475
1.500475
1.379225
1.379225
1.368360
1.368360
1.290954
1.290954
1.392022
1.392022
1.424435
1.424435
1.744307
1.744307
1.628091
1.628091
1.704381
1.704381
1.284879
1.284879
1.435814
1.435814
1.420441
1.420441
1.855050
1.855050
1.505941
1.505941
1.604470
1.604470
1.355275
1.355275
1.323985
1.323985
1.389662
1.389662
1.627783
1.627783
1.407972
1.407972
1.341036
1.341036
1.664991
1.664991
1.437418
1.437418
1.104481
1.104481
1.052979
1.052979
1.636428
1.636428
1.303715
1.303715
1.216497
1.216497
1.442945
1.442945
1.122475
1.122475
1.196630
1.196630
1.148754
1.148754
0.947261
0.947261
1.326017
1.326017
1.031313
1.031313
1.275027
1.275027
1.392808
1.392808
1.117521
1.117521
1.287206
1.287206
1.513527
1.513527
1.325591
1.325591
1.135980
1.135980
1.359101
1.359101
1.367726
1.367726
1.113407
1.113407
1.301381
1.301381
1.345315
1.345315
1.437003
1.437003
1.282598
1.282598
1.625675
1.625675
1.434489
1.434489
1.227555
1.227555
1.244533
1.244533
1.336900
1.336900
1.379338
1.379338
1.218664
1.218664
1.410348
1.410348
1.365216
1.365216
1.645567
1.645567
1.238308
1.238308
1.107127
1.107127
1.254966
1.254966
1.487292
1.487292
1.281595
1.281595
1.325585
1.325585
1.422574
1.422574
0.984893
0.984893
1.120187
1.120187
1.271368
1.271368
1.037349
1.037349
1.312398
1.312398
1.223120
1.223120
1.255275
1.255275
1.262037
1.262037
0.970661
0.970661
0.930618
0.930618
1.024294
1.024294
1.263550
1.263550
0.911323
0.911323
0.982267
0.982267
0.978870
0.978870
1.060986
1.060986
1.052304
1.052304
0.891138
0.891138
1.085220
1.085220
0.842851
0.842851
0.521484
0.521484
0.984472
0.984472
1.016433
1.016433
0.988934
0.988934
0.962171
0.962171
1.000370
1.000370
1.273124
1.273124
0.840877
0.840877
0.808674
0.808674
0.961912
0.961912
1.149017
1.149017
1.170234
1.170234
0.891331
0.891331
1.019761
1.019761
1.096972
1.096972
0.972727
0.972727
1.053496
1.053496
1.063446
1.063446
1.125335
1.125335
0.974199
0.974199
1.332196
1.332196
1.218640
1.218640
1.358384
1.358384
1.206787
1.206787
1.232528
1.232528
1.009234
1.009234
0.973158
0.973158
1.642628
1.642628
1.194723
1.194723
1.133536
1.133536
1.179940
1.179940
1.355154
1.355154
1.256948
1.256948
1.798160
1.798160
1.525025
1.525025
1.691473
1.691473
1.517315
1.517315
1.644137
1.644137
1.504653
1.504653
1.881819
1.881819
1.597825
1.597825
2.138321
2.138321
1.960722
1.960722
1.575890
1.575890
1.721228
1.721228
1.679954
1.679954
1.904443
1.904443
1.692304
1.692304
1.563398
1.563398
1.595445
1.595445
1.857027
1.857027
1.633577
1.633577
1.265500
1.265500
1.689390
1.689390
1.510367
1.510367
1.590419
1.590419
1.576899
1.576899
1.217566
1.217566
1.663770
1.663770
1.385245
1.385245
1.225189
1.225189
1.598585
1.598585
1.246292
1.246292
1.655469
1.655469
1.482546
1.482546
1.337118
1.337118
1.650016
1.650016
1.387460
1.387460
1.423195
1.423195
1.546819
1.546819
1.144796
1.144796
1.226812
1.226812
0.959003
0.959003
1.239494
1.239494
0.985293
0.985293
1.246737
1.246737
1.282804
1.282804
1.047586
1.047586
0.984185
0.984185
0.903710
0.903710
1.068497
1.068497
1.117994
1.117994
0.977987
0.977987
0.894351
0.894351
0.944969
0.944969
0.987771
0.987771
1.180628
1.180628
0.903942
0.903942
0.797395
0.797395
1.097551
1.097551
0.824595
0.824595
0.722034
0.722034
0.619813
0.619813
0.711827
0.711827
0.928115
0.928115
0.751475
0.751475
0.821662
0.821662
1.036134
1.036134
0.890736
0.890736
1.145656
1.145656
0.986101
0.986101
1.333122
1.333122
0.897068
0.897068
1.023880
1.023880
1.023556
1.023556
0.941760
0.941760
1.130823
1.130823
1.222722
1.222722
1.341292
1.341292
1.254965
1.254965
1.291623
1.291623
1.289970
1.289970
1.320723
1.320723
1.341242
1.341242
1.223550
1.223550
1.471463
1.471463
1.658358
1.658358
1.460794
1.460794
1.434469
1.434469
1.282300
1.282300
1.596662
1.596662
1.731968
1.731968
1.429911
1.429911
1.465471
1.465471
1.841430
1.841430
2.030059
2.030059
1.782414
1.782414
1.741931
1.741931
1.537901
1.537901
1.488338
1.488338
1.625318
1.625318
1.445045
1.445045
1.545830
1.545830
1.644024
1.644024
1.382269
1.382269
1.476411
1.476411
1.525029
1.525029
1.477971
1.477971
1.604500
1.604500
1.896052
1.896052
1.848806
1.848806
1.601524
1.601524
1.697191
1.697191
1.441881
1.441881
1.371082
1.371082
1.130173
1.130173
1.340532
1.340532
1.251938
1.251938
1.513369
1.513369
1.157335
1.157335
1.277796
1.277796
1.437776
1.437776
1.485754
1.485754
1.259521
1.259521
1.411377
1.411377
1.455327
1.455327
1.402117
1.402117
1.352710
1.352710
1.144516
1.144516
1.156602
1.156602
1.232023
1.232023
1.219180
1.219180
1.661445
1.661445
1.532623
1.532623
1.310777
1.310777
1.283059
1.283059
1.363049
1.363049
1.217043
1.217043
1.118003
1.118003
1.152441
1.152441
1.071334
1.071334
1.262690
1.262690
0.939729
0.939729
1.073783
1.073783
1.158767
1.158767
1.190280
1.190280
1.097416
1.097416
1.172274
1.172274
0.938224
0.938224
1.165652
1.165652
0.873402
0.873402
0.935900
0.935900
0.876040
0.876040
0.873863
0.873863
1.266481
1.266481
1.171927
1.171927
1.010927
1.010927
1.013187
1.013187
0.940196
0.940196
1.069442
1.069442
1.083195
1.083195
1.236475
1.236475
1.295550
1.295550
1.055877
1.055877
1.182145
1.182145
1.351637
1.351637
0.964621
0.964621
1.477109
1.477109
1.231711
1.231711
1.150367
1.150367
1.340475
1.340475
1.122670
1.122670
1.545655
1.545655
1.193159
1.193159
1.195403
1.195403
1.503361
1.503361
1.580164
1.580164
0.959934
0.959934
1.225610
1.225610
1.515744
1.515744
1.182079
1.182079
1.625058
1.625058
1.451803
1.451803
1.303278
1.303278
1.072754
1.072754
1.068471
1.068471
1.326504
1.326504
1.329672
1.329672
0.970734
0.970734
1.342467
1.342467
1.119485
1.119485
0.908773
0.908773
1.211442
1.211442
1.197226
1.197226
1.208097
1.208097
1.160764
1.160764
1.030098
1.030098
1.131181
1.131181
1.136366
1.136366
0.779015
0.779015
1.127907
1.127907
1.297637
1.297637
1.290193
1.290193
1.083120
1.083120
1.062110
1.062110
1.075763
1.075763
1.146197
1.146197
0.872073
0.872073
1.240732
1.240732
1.046025
1.046025
1.540451
1.540451
0.922679
0.922679
1.067235
1.067235
1.405012
1.405012
1.259321
1.259321
1.142900
1.142900
1.311017
1.311017
1.710894
1.710894
1.389049
1.389049
1.088777
1.088777
1.179762
1.179762
1.089690
1.089690
1.230178
1.230178
1.313699
1.313699
1.001399
1.001399
1.278219
1.278219
1.324819
1.324819
1.344691
1.344691
1.623574
1.623574
1.155195
1.155195
1.468761
1.468761
1.477999
1.477999
1.446383
1.446383
1.433798
1.433798
1.516622
1.516622
1.361579
1.361579
1.339054
1.339054
1.550500
1.550500
1.663448
1.663448
1.401506
1.401506
1.594987
1.594987
1.687065
1.687065
1.283595
1.283595
1.385936
1.385936
1.438736
1.438736
1.242798
1.242798
1.185671
1.185671
1.018926
1.018926
1.411050
1.411050
1.293721
1.293721
1.265482
1.265482
1.456063
1.456063
1.665904
1.665904
1.845724
1.845724
1.137412
1.137412
1.429452
1.429452
1.380212
1.380212
1.256016
1.256016
1.425820
1.425820
1.480682
1.480682
1.661008
1.661008
1.356593
1.356593
1.338338
1.338338
1.309079
1.309079
1.123451
1.123451
1.328138
1.328138
1.257474
1.257474
1.299817
1.299817
1.250880
1.250880
1.116219
1.116219
0.978514
0.978514
1.396947
1.396947
1.417398
1.417398
0.941107
0.941107
1.127261
1.127261
1.271574
1.271574
1.276801
1.276801
1.208759
1.208759
1.311991
1.311991
0.962507
0.962507
0.868940
0.868940
1.304275
1.304275
1.239076
1.239076
1.279825
1.279825
1.382873
1.382873
0.983696
0.983696
1.399630
1.399630
1.165879
1.165879
1.105717
1.105717
0.872920
0.872920
1.259101
1.259101
1.016137
1.016137
1.390567
1.390567
0.952595
0.952595
1.013065
1.013065
1.071313
1.071313
1.320681
1.320681
1.466510
1.466510
0.970016
0.970016
1.126606
1.126606
1.293362
1.293362
1.324022
1.324022
1.352037
1.352037
0.981997
0.981997
1.121337
1.121337
1.188785
1.188785
0.907771
0.907771
1.416033
1.416033
1.350473
1.350473
1.303659
1.303659
1.126815
1.126815
1.415350
1.415350
1.316540
1.316540
1.230243
1.230243
1.349612
1.349612
1.341713
1.341713
1.285092
1.285092
1.214818
1.214818
1.552750
1.552750
1.201063
1.201063
1.184062
1.184062
0.965823
0.965823
1.262061
1.262061
1.392096
1.392096
1.561065
1.561065
1.260187
1.260187
1.205506
1.205506
1.820292
1.820292
1.745923
1.745923
1.337586
1.337586
1.262346
1.262346
1.507836
1.507836
1.375069
1.375069
1.306863
1.306863
1.516846
1.516846
1.359681
1.359681
1.323912
1.323912
1.093940
1.093940
1.365653
1.365653
1.440801
1.440801
1.550186
1.550186
1.215170
1.215170
1.509655
1.509655
1.411925
1.411925
1.612781
1.612781
1.360653
1.360653
1.087460
1.087460
1.130322
1.130322
1.380191
1.380191
0.869037
0.869037
0.971920
0.971920
1.469583
1.469583
1.266099
1.266099
1.199636
1.199636
1.215364
1.215364
0.945262
0.945262
1.072124
1.072124
1.316582
1.316582
1.464840
1.464840
1.033369
1.033369
1.228890
1.228890
1.255818
1.255818
1.648125
1.648125
1.170046
1.170046
1.202460
1.202460
1.408854
1.408854
1.019752
1.019752
1.133209
1.133209
1.278952
1.278952
1.319370
1.319370
1.339473
1.339473
1.376314
1.376314
1.358221
1.358221
1.155077
1.155077
1.433508
1.433508
1.563882
1.563882
1.613627
1.613627
1.629876
1.629876
1.553210
1.553210
1.417933
1.417933
1.439496
1.439496
1.470796
1.470796
1.550816
1.550816
1.789846
1.789846
1.655720
1.655720
1.191419
1.191419
1.242230
1.242230
1.103984
1.103984
1.395107
1.395107
1.480418
1.480418
1.781747
1.781747
1.839828
1.839828
1.429202
1.429202
1.338988
1.338988
1.380851
1.380851
1.450216
1.450216
1.480347
1.480347
1.144000
1.144000
1.620031
1.620031
1.566811
1.566811
1.157486
1.157486
1.342697
1.342697
1.306772
1.306772
1.227096
1.227096
1.364727
1.364727
1.631683
1.631683
1.300271
1.300271
1.221781
1.221781
1.107237
1.107237
1.227469
1.227469
1.229276
1.229276
1.226481
1.226481
1.075594
1.075594
1.294620
1.294620
1.152952
1.152952
1.082066
1.082066
1.252019
1.252019
1.213350
1.213350
1.376214
1.376214
1.172604
1.172604
0.956952
0.956952
0.978704
0.978704
0.817989
0.817989
0.878895
0.878895
0.941968
0.941968
1.160713
1.160713
0.832689
0.832689
0.781159
0.781159
1.018688
1.018688
1.051590
1.051590
0.992146
0.992146
1.062594
1.062594
0.855408
0.855408
0.983702
0.983702
0.907154
0.907154
1.083549
1.083549
1.200750
1.200750
1.033340
1.033340
1.017513
1.017513
0.980287
0.980287
0.972641
0.972641
1.121885
1.121885
1.252249
1.252249
1.207211
1.207211
1.380858
1.380858
1.603517
1.603517
1.299043
1.299043
1.217222
1.217222
1.257497
1.257497
1.298432
1.298432
1.577631
1.577631
1.417011
1.417011
1.467556
1.467556
1.653290
1.653290
1.306605
1.306605
1.434559
1.434559
1.784682
1.784682
1.773102
1.773102
1.356549
1.356549
1.728590
1.728590
1.402285
1.402285
1.873947
1.873947
1.879456
1.879456
2.024498
2.024498
1.944058
1.944058
1.779831
1.779831
1.558052
1.558052
2.456656
2.456656
1.724383
1.724383
1.659184
1.659184
1.831894
1.831894
2.242986
2.242986
1.718807
1.718807
1.347761
1.347761
1.444354
1.444354
1.444926
1.444926
1.298922
1.298922
1.312578
1.312578
1.790094
1.790094
1.407938
1.407938
1.788709
1.788709
1.666212
1.666212
1.483325
1.483325
1.647635
1.647635
1.452380
1.452380
1.668212
1.668212
1.824803
1.824803
1.472204
1.472204
1.218981
1.218981
1.513419
1.513419
1.487092
1.487092
1.732777
1.732777
1.138717
1.138717
1.214077
1.214077
1.175803
1.175803
1.570178
1.570178
1.318115
1.318115
1.386322
1.386322
1.175658
1.175658
1.242234
1.242234
1.257698
1.257698
1.145828
1.145828
0.956227
0.956227
0.910288
0.910288
1.329451
1.329451
0.866908
0.866908
0.942217
0.942217
0.897954
0.897954
0.986958
0.986958
1.081425
1.081425
0.686191
0.686191
1.037085
1.037085
0.901769
0.901769
0.979463
0.979463
0.786969
0.786969
0.941157
0.941157
0.920524
0.920524
0.791630
0.791630
0.978372
0.978372
0.913991
0.913991
0.984539
0.984539
0.670535
0.670535
0.899547
0.899547
0.834391
0.834391
0.613457
0.613457
0.806685
0.806685
0.837611
0.837611
0.880476
0.880476
1.015322
1.015322
1.009605
1.009605
1.206483
1.206483
0.969716
0.969716
0.876363
0.876363
0.914811
0.914811
1.079574
1.079574
0.923599
0.923599
1.186586
1.186586
1.275006
1.275006
1.058851
1.058851
0.985589
0.985589
1.324281
1.324281
1.269987
1.269987
1.447300
1.447300
1.354709
1.354709
1.243251
1.243251
1.290761
1.290761
1.356456
1.356456
1.814637
1.814637
1.494363
1.494363
1.541713
1.541713
1.733000
1.733000
1.386392
1.386392
1.386646
1.386646
1.713045
1.713045
1.724005
1.724005
1.547459
1.547459
1.785568
1.785568
1.623060
1.623060
1.562418
1.562418
1.869690
1.869690
1.387167
1.387167
1.308380
1.308380
2.238168
2.238168
1.351252
1.351252
1.553299
1.553299
1.510755
1.510755
1.444021
1.444021
1.657487
1.657487
1.389343
1.389343
1.606171
1.606171
1.681417
1.681417
1.173696
1.173696
1.889731
1.889731
1.334002
1.334002
1.213267
1.213267
1.585053
1.585053
1.306052
1.306052
1.348882
1.348882
1.256992
1.256992
1.316721
1.316721
1.213031
1.213031
1.356532
1.356532
1.175542
1.175542
1.570520
1.570520
1.414026
1.414026
1.213262
1.213262
1.266605
1.266605
1.302961
1.302961
1.135322
1.135322
1.416813
1.416813
1.260927
1.260927
1.189570
1.189570
1.287808
1.287808
1.103626
1.103626
1.138618
1.138618
0.841846
0.841846
1.190066
1.190066
1.096496
1.096496
1.210818
1.210818
0.937248
0.937248
1.267785
1.267785
1.401011
1.401011
0.932744
0.932744
1.020263
1.020263
1.076429
1.076429
1.015241
1.015241
1.244125
1.244125
1.138346
1.138346
1.102511
1.102511
1.159247
1.159247
1.104693
1.104693
1.274301
1.274301
1.285452
1.285452
1.137490
1.137490
1.234599
1.234599
1.047098
1.047098
1.402504
1.402504
1.609442
1.609442
0.982750
0.982750
1.188423
1.188423
1.043957
1.043957
1.346736
1.346736
1.273848
1.273848
0.846788
0.846788
1.084521
1.084521
1.426631
1.426631
1.345925
1.345925
1.348992
1.348992
1.037946
1.037946
1.467406
1.467406
1.466699
1.466699
1.265605
1.265605
1.670270
1.670270
1.444447
1.444447
1.368070
1.368070
1.122144
1.122144
1.433115
1.433115
1.099851
1.099851
1.625514
1.625514
1.187370
1.187370
1.425578
1.425578
1.235571
1.235571
1.759796
1.759796
1.061050
1.061050
1.268704
1.268704
1.100607
1.100607
1.176725
1.176725
1.058312
1.058312
1.113934
1.113934
1.068804
1.068804
1.268498
1.268498
1.222203
1.222203
1.251246
1.251246
1.360318
1.360318
0.934184
0.934184
0.972072
0.972072
1.140277
1.140277
1.319911
1.319911
0.976229
0.976229
1.065336
1.065336
1.246244
1.246244
1.185488
1.185488
1.056272
1.056272
1.188451
1.188451
1.031597
1.031597
1.030085
1.030085
0.951837
0.951837
1.066251
1.066251
1.061491
1.061491
0.953996
0.953996
1.018139
1.018139
1.042270
1.042270
1.230852
1.230852
1.283470
1.283470
1.147070
1.147070
1.145864
1.145864
1.132656
1.132656
1.368886
1.368886
1.255904
1.255904
1.141059
1.141059
1.218755
1.218755
1.252373
1.252373
1.205799
1.205799
1.223366
1.223366
1.244535
1.244535
1.317180
1.317180
1.312211
1.312211
1.109822
1.109822
1.342600
1.342600
1.350660
1.350660
1.286319
1.286319
1.689261
1.689261
1.376817
1.376817
1.426537
1.426537
1.344812
1.344812
1.191257
1.191257
1.451983
1.451983
1.604968
1.604968
1.008637
1.008637
1.549605
1.549605
1.309983
1.309983
1.455861
1.455861
1.381719
1.381719
1.401893
1.401893
1.554112
1.554112
1.563640
1.563640
1.548819
1.548819
1.453526
1.453526
1.566875
1.566875
1.249115
1.249115
1.125179
1.125179
1.329163
1.329163
1.244540
1.244540
1.345241
1.345241
1.098336
1.098336
1.481609
1.481609
1.294906
1.294906
1.389367
1.389367
1.566269
1.566269
1.247136
1.247136
1.254857
1.254857
1.353247
1.353247
1.307910
1.307910
1.252761
1.252761
1.109718
1.109718
1.183910
1.183910
1.407699
1.407699
1.142243
1.142243
1.599548
1.599548
0.840671
0.840671
1.036826
1.036826
1.264051
1.264051
0.981829
0.981829
1.241846
1.241846
0.912958
0.912958
1.392637
1.392637
0.941284
0.941284
0.832033
0.832033
1.124411
1.124411
1.058670
1.058670
0.987022
0.987022
1.073176
1.073176
1.081812
1.081812
1.117843
1.117843
0.886141
0.886141
1.104038
1.104038
0.992615
0.992615
0.973022
0.973022
0.867030
0.867030
1.212565
1.212565
0.966143
0.966143
1.097259
1.097259
1.401663
1.401663
1.255618
1.255618
1.212271
1.212271
1.076672
1.076672
1.176110
1.176110
1.305956
1.305956
0.900525
0.900525
1.178987
1.178987
1.062179
1.062179
1.199463
1.199463
1.084064
1.084064
0.874924
0.874924
1.472113
1.472113
1.197820
1.197820
1.306952
1.306952
1.202851
1.202851
1.637970
1.637970
1.182955
1.182955
1.421909
1.421909
1.318125
1.318125
1.400345
1.400345
1.534618
1.534618
1.376949
1.376949
1.530025
1.530025
1.425733
1.425733
1.746280
1.746280
1.605236
1.605236
1.328914
1.328914
1.517562
1.517562
1.594540
1.594540
1.737705
1.737705
1.449373
1.449373
1.685645
1.685645
1.491036
1.491036
1.117776
1.117776
1.477438
1.477438
1.443652
1.443652
1.221996
1.221996
1.658171
1.658171
1.583822
1.583822
1.372058
1.372058
1.750439
1.750439
1.375615
1.375615
1.768648
1.768648
1.360839
1.360839
1.224266
1.224266
2.135867
2.135867
1.285226
1.285226
1.678869
1.678869
1.649279
1.649279
1.414264
1.414264
1.562058
1.562058
1.390625
1.390625
1.531126
1.531126
1.459205
1.459205
1.273470
1.273470
1.190855
1.190855
1.366823
1.366823
1.188825
1.188825
0.978676
0.978676
1.253615
1.253615
1.213552
1.213552
1.619400
1.619400
0.857771
0.857771
1.026042
1.026042
1.054058
1.054058
1.382162
1.382162
1.057855
1.057855
1.062318
1.062318
1.243296
1.243296
1.005667
1.005667
0.921479
0.921479
0.977294
0.977294
0.948805
0.948805
1.034228
1.034228
1.097671
1.097671
1.264213
1.264213
1.139275
1.139275
1.001477
1.001477
0.882999
0.882999
0.988362
0.988362
0.965861
0.965861
1.055545
1.055545
0.891367
0.891367
1.037305
1.037305
1.054277
1.054277
1.164546
1.164546
0.979455
0.979455
0.996347
0.996347
0.789706
0.789706
1.146036
1.146036
0.714993
0.714993
1.220565
1.220565
1.040141
1.040141
1.456016
1.456016
1.279315
1.279315
1.168359
1.168359
1.325095
1.325095
1.227238
1.227238
1.123494
1.123494
1.341119
1.341119
1.383403
1.383403
1.242955
1.242955
1.403609
1.403609
1.468052
1.468052
1.279020
1.279020
1.332566
1.332566
1.171651
1.171651
1.462133
1.462133
1.690048
1.690048
1.503735
1.503735
1.510018
1.510018
1.776861
1.776861
1.539754
1.539754
1.523251
1.523251
1.189002
1.189002
1.281047
1.281047
1.641690
1.641690
1.386798
1.386798
1.349872
1.349872
1.350398
1.350398
1.504659
1.504659
1.387279
1.387279
1.756717
1.756717
1.730029
1.730029
1.404704
1.404704
1.855877
1.855877
1.628077
1.628077
1.597615
1.597615
1.538692
1.538692
1.408852
1.408852
1.333972
1.333972
1.364704
1.364704
1.426515
1.426515
1.343278
1.343278
1.468374
1.468374
1.446146
1.446146
1.419598
1.419598
0.991190
0.991190
1.339217
1.339217
1.459189
1.459189
1.230246
1.230246
1.122496
1.122496
1.208068
1.208068
1.111138
1.111138
1.231664
1.231664
1.039964
1.039964
1.145564
1.145564
1.157311
1.157311
1.155929
1.155929
1.008420
1.008420
1.101496
1.101496
1.073894
1.073894
1.088686
1.088686
0.770832
0.770832
1.139012
1.139012
0.911726
0.911726
1.122255
1.122255
0.972640
0.972640
0.851317
0.851317
0.985953
0.985953
1.220601
1.220601
0.934158
0.934158
1.401399
1.401399
0.730397
0.730397
0.893772
0.893772
0.870069
0.870069
0.725824
0.725824
0.771658
0.771658
0.843170
0.843170
1.337439
1.337439
1.099504
1.099504
1.159890
1.159890
0.941252
0.941252
0.783575
0.783575
0.786094
0.786094
0.889917
0.889917
1.096129
1.096129
0.967773
0.967773
0.946328
0.946328
1.138996
1.138996
1.173761
1.173761
1.037425
1.037425
0.909556
0.909556
1.464364
1.464364
1.437329
1.437329
1.163702
1.163702
1.091811
1.091811
1.425123
1.425123
1.405359
1.405359
1.573496
1.573496
1.805912
1.805912
1.365463
1.365463
1.301993
1.301993
1.510812
1.510812
1.682817
1.682817
1.736995
1.736995
1.276314
1.276314
1.150779
1.150779
1.379709
1.379709
2.014495
2.014495
1.603013
1.603013
1.356713
1.356713
1.665845
1.665845
1.437292
1.437292
1.879676
1.879676
1.482955
1.482955
1.573528
1.573528
1.550169
1.550169
1.485969
1.485969
1.839817
1.839817
1.554588
1.554588
1.855192
1.855192
1.662561
1.662561
1.421008
1.421008
1.444379
1.444379
1.253480
1.253480
1.657577
1.657577
1.541277
1.541277
1.375932
1.375932
1.763903
1.763903
1.447035
1.447035
1.225979
1.225979
1.426205
1.426205
1.429549
1.429549
1.403799
1.403799
1.572767
1.572767
1.266040
1.266040
1.379827
1.379827
1.621047
1.621047
1.203382
1.203382
1.370872
1.370872
1.349546
1.349546
1.356288
1.356288
1.507623
1.507623
1.258064
1.258064
1.376938
1.376938
1.433991
1.433991
1.305551
1.305551
1.063410
1.063410
1.138654
1.138654
1.318910
1.318910
1.035957
1.035957
0.964548
0.964548
0.900337
0.900337
0.802594
0.802594
0.988377
0.988377
1.086925
1.086925
0.863915
0.863915
1.042633
1.042633
1.117869
1.117869
1.123396
1.123396
0.845128
0.845128
0.955872
0.955872
1.138423
1.138423
0.916959
0.916959
0.932986
0.932986
1.159118
1.159118
1.049909
1.049909
1.108008
1.108008
1.137547
1.137547
1.216845
1.216845
0.987720
0.987720
1.400217
1.400217
1.286197
1.286197
0.887654
0.887654
0.964621
0.964621
1.309716
1.309716
1.111917
1.111917
0.875349
0.875349
1.165234
1.165234
1.311699
1.311699
1.119366
1.119366
1.078331
1.078331
1.208430
1.208430
1.170154
1.170154
1.065185
1.065185
1.316345
1.316345
1.304685
1.304685
1.135718
1.135718
0.740592
0.740592
1.514424
1.514424
1.491660
1.491660
1.510249
1.510249
1.212641
1.212641
1.226453
1.226453
1.437416
1.437416
1.573123
1.573123
1.568181
1.568181
1.375962
1.375962
1.505527
1.505527
1.492422
1.492422
1.313957
1.313957
1.641124
1.641124
1.477275
1.477275
1.745492
1.745492
1.369345
1.369345
1.274708
1.274708
1.517818
1.517818
1.716753
1.716753
1.693533
1.693533
1.421763
1.421763
1.484021
1.484021
1.521277
1.521277
1.706699
1.706699
1.354729
1.354729
1.480116
1.480116
1.471341
1.471341
1.630471
1.630471
1.227269
1.227269
1.612035
1.612035
1.579638
1.579638
1.462773
1.462773
1.409601
1.409601
1.305873
1.305873
1.489786
1.489786
1.511809
1.511809
1.455784
1.455784
1.459950
1.459950
1.350222
1.350222
1.014112
1.014112
1.359902
1.359902
1.434976
1.434976
1.177309
1.177309
1.441747
1.441747
1.269925
1.269925
1.235029
1.235029
1.352205
1.352205
1.495776
1.495776
1.453536
1.453536
1.215600
1.215600
1.270471
1.270471
1.223443
1.223443
1.265933
1.265933
1.428273
1.428273
1.312846
1.312846
1.388743
1.388743
1.188814
1.188814
0.983481
0.983481
1.215513
1.215513
1.161952
1.161952
1.249373
1.249373
0.933368
0.933368
1.342503
1.342503
1.049766
1.049766
1.165462
1.165462
0.979105
0.979105
1.292637
1.292637
1.102173
1.102173
0.993249
0.993249
0.983606
0.983606
0.990585
0.990585
1.353429
1.353429
1.212295
1.212295
1.003436
1.003436
1.040642
1.040642
1.201305
1.201305
1.292793
1.292793
1.147235
1.147235
0.794529
0.794529
1.172453
1.172453
1.045439
1.045439
0.954089
0.954089
1.401616
1.401616
1.116583
1.116583
1.082772
1.082772
1.092874
1.092874
1.259968
1.259968
1.299808
1.299808
1.661969
1.661969
1.287562
1.287562
1.596387
1.596387
1.134546
1.134546
1.199883
1.199883
1.119073
1.119073
1.429684
1.429684
1.276286
1.276286
1.449503
1.449503
1.221956
1.221956
1.083126
1.083126
1.401458
1.401458
1.194338
1.194338
1.294567
1.294567
1.259016
1.259016
1.331094
1.331094
1.603635
1.603635
1.273504
1.273504
1.266557
1.266557
1.444790
1.444790
1.326059
1.326059
1.461119
1.461119
1.056096
1.056096
1.455595
1.455595
1.296594
1.296594
1.402121
1.402121
1.293267
1.293267
1.454682
1.454682
1.493562
1.493562
1.427606
1.427606
1.716602
1.716602
1.349129
1.349129
1.188493
1.188493
1.855783
1.855783
1.135278
1.135278
1.596933
1.596933
1.464895
1.464895
1.168847
1.168847
1.106009
1.106009
1.256162
1.256162
1.624707
1.624707
1.230844
1.230844
1.174084
1.174084
1.660671
1.660671
1.479924
1.479924
1.264698
1.264698
1.327017
1.327017
1.566594
1.566594
1.046961
1.046961
1.222947
1.222947
1.441262
1.441262
1.359691
1.359691
1.266903
1.266903
1.093671
1.093671
1.019468
1.019468
1.081760
1.081760
1.299474
1.299474
1.216740
1.216740
1.054785
1.054785
1.230426
1.230426
1.067134
1.067134
0.926122
0.926122
1.051355
1.051355
1.293327
1.293327
0.900344
0.900344
0.993729
0.993729
0.913495
0.913495
1.211986
1.211986
1.199150
1.199150
0.989454
0.989454
1.201201
1.201201
0.849641
0.849641
1.200361
1.200361
1.295995
1.295995
0.985766
0.985766
0.943791
0.943791
1.026173
1.026173
1.220864
1.220864
1.218159
1.218159
1.216758
1.216758
1.216811
1.216811
1.039315
1.039315
1.326967
1.326967
1.390029
1.390029
1.271878
1.271878
1.332314
1.332314
1.165447
1.165447
1.050852
1.050852
1.314715
1.314715
1.336469
1.336469
0.971327
0.971327
1.246140
1.246140
1.235163
1.235163
1.110649
1.110649
1.387637
1.387637
1.296421
1.296421
0.991334
0.991334
1.301068
1.301068
1.157983
1.157983
1.013960
1.013960
1.352315
1.352315
1.050484
1.050484
1.067488
1.067488
1.239791
1.239791
1.298894
1.298894
1.167969
1.167969
1.381974
1.381974
1.710748
1.710748
1.401899
1.401899
1.123933
1.123933
1.405658
1.405658
1.681883
1.681883
1.158967
1.158967
1.534034
1.534034
1.379406
1.379406
1.344293
1.344293
1.634934
1.634934
1.266984
1.266984
1.504228
1.504228
1.490165
1.490165
1.220547
1.220547
1.674495
1.674495
1.092819
1.092819
1.173196
1.173196
1.802391
1.802391
1.102134
1.102134
1.358090
1.358090
1.495661
1.495661
1.125882
1.125882
1.420629
1.420629
1.520390
1.520390
1.149029
1.149029
1.498245
1.498245
1.137206
1.137206
1.647714
1.647714
0.931439
0.931439
1.281117
1.281117
1.484401
1.484401
1.011536
1.011536
1.002930
1.002930
1.352877
1.352877
1.413905
1.413905
0.943328
0.943328
1.397222
1.397222
1.402041
1.402041
1.232123
1.232123
1.337966
1.337966
1.473494
1.473494
1.187818
1.187818
1.222372
1.222372
1.220243
1.220243
1.565136
1.565136
1.509208
1.509208
0.868291
0.868291
1.286993
1.286993
0.906255
0.906255
1.155200
1.155200
1.492512
1.492512
1.196581
1.196581
1.268348
1.268348
1.162527
1.162527
1.112587
1.112587
1.268100
1.268100
0.951743
0.951743
1.153913
1.153913
1.265771
1.265771
1.050998
1.050998
1.213924
1.213924
1.126738
1.126738
1.305370
1.305370
1.383041
1.383041
1.035781
1.035781
1.323999
1.323999
1.076784
1.076784
1.385249
1.385249
1.127986
1.127986
1.259486
1.259486
0.973544
0.973544
0.902350
0.902350
1.492005
1.492005
1.107771
1.107771
1.445762
1.445762
1.226176
1.226176
1.047391
1.047391
1.139637
1.139637
1.494315
1.494315
1.065726
1.065726
1.046121
1.046121
1.114553
1.114553
0.900895
0.900895
1.037304
1.037304
1.008971
1.008971
1.190365
1.190365
0.800767
0.800767
1.162239
1.162239
1.231655
1.231655
1.040665
1.040665
1.242465
1.242465
0.904147
0.904147
1.102019
1.102019
1.272882
1.272882
1.212885
1.212885
1.201162
1.201162
1.040867
1.040867
0.941837
0.941837
1.163688
1.163688
1.396235
1.396235
1.035353
1.035353
1.397344
1.397344
1.428401
1.428401
1.213572
1.213572
1.342897
1.342897
1.360446
1.360446
1.470663
1.470663
1.467039
1.467039
1.432690
1.432690
1.296641
1.296641
1.818521
1.818521
1.043419
1.043419
1.627353
1.627353
1.348541
1.348541
1.490282
1.490282
1.613140
1.613140
1.105790
1.105790
1.498203
1.498203
1.162356
1.162356
1.556972
1.556972
1.577093
1.577093
1.218000
1.218000
1.345590
1.345590
1.714482
1.714482
1.515446
1.515446
1.677785
1.677785
1.414490
1.414490
1.320753
1.320753
1.405714
1.405714
1.537606
1.537606
0.807768
0.807768
1.534549
1.534549
0.997081
0.997081
1.287854
1.287854
1.247472
1.247472
1.322913
1.322913
1.203949
1.203949
1.221972
1.221972
1.424102
1.424102
1.222185
1.222185
1.701049
1.701049
1.350650
1.350650
1.287519
1.287519
1.475534
1.475534
1.061943
1.061943
1.075394
1.075394
0.976118
0.976118
1.105776
1.105776
1.198866
1.198866
1.233976
1.233976
0.915667
0.915667
1.081046
1.081046
1.358439
1.358439
0.993038
0.993038
1.188541
1.188541
1.052537
1.052537
1.289731
1.289731
1.509634
1.509634
1.219438
1.219438
1.082917
1.082917
1.154858
1.154858
1.118659
1.118659
0.935526
0.935526
1.296358
1.296358
0.878627
0.878627
1.100151
1.100151
0.796864
0.796864
1.244994
1.244994
1.037770
1.037770
1.122267
1.122267
0.898050
0.898050
1.104135
1.104135
1.001046
1.001046
1.084377
1.084377
1.152048
1.152048
1.177016
1.177016
0.813105
0.813105
0.791216
0.791216
0.996000
0.996000
1.191818
1.191818
0.994403
0.994403
1.226533
1.226533
1.166055
1.166055
1.133157
1.133157
0.943040
0.943040
1.062701
1.062701
1.255179
1.255179
1.248769
1.248769
1.175168
1.175168
1.209425
1.209425
1.180253
1.180253
1.334459
1.334459
1.074364
1.074364
1.016483
1.016483
0.827150
0.827150
1.345205
1.345205
1.258641
1.258641
1.457521
1.457521
1.338516
1.338516
1.477617
1.477617
1.457956
1.457956
1.391609
1.391609
1.240407
1.240407
1.264122
1.264122
1.500894
1.500894
1.240246
1.240246
1.515567
1.515567
1.619815
1.619815
1.321920
1.321920
1.113672
1.113672
1.260374
1.260374
1.252707
1.252707
1.668940
1.668940
1.978580
1.978580
1.695589
1.695589
1.317502
1.317502
0.994389
0.994389
1.862685
1.862685
1.346105
1.346105
1.399722
1.399722
1.320321
1.320321
1.578082
1.578082
1.654355
1.654355
1.513053
1.513053
1.786011
1.786011
1.612677
1.612677
1.423795
1.423795
1.434222
1.434222
1.538253
1.538253
1.279834
1.279834
1.246819
1.246819
1.460031
1.460031
1.218787
1.218787
1.369821
1.369821
1.588960
1.588960
1.518921
1.518921
1.314087
1.314087
1.303318
1.303318
1.439602
1.439602
1.247187
1.247187
1.351015
1.351015
1.277215
1.277215
1.319561
1.319561
1.318013
1.318013
1.002573
1.002573
1.432982
1.432982
1.115646
1.115646
1.242971
1.242971
0.839219
0.839219
1.191870
1.191870
1.315467
1.315467
0.883627
0.883627
1.166899
1.166899
1.321636
1.321636
1.024315
1.024315
1.132678
1.132678
1.012035
1.012035
1.069391
1.069391
1.238272
1.238272
1.065989
1.065989
1.225809
1.225809
1.074594
1.074594
0.824423
0.824423
1.066769
1.066769
0.976496
0.976496
0.919432
0.919432
0.874642
0.874642
1.112638
1.112638
0.813683
0.813683
1.059973
1.059973
1.273949
1.273949
1.032745
1.032745
0.779715
0.779715
0.969397
0.969397
0.832674
0.832674
0.843144
0.843144
1.172162
1.172162
1.064056
1.064056
1.032709
1.032709
1.152098
1.152098
1.447934
1.447934
0.947225
0.947225
1.257563
1.257563
1.072296
1.072296
0.986162
0.986162
0.972180
0.972180
1.104304
1.104304
1.128208
1.128208
1.221244
1.221244
1.277678
1.277678
1.169087
1.169087
1.046217
1.046217
1.364840
1.364840
1.040804
1.040804
1.599100
1.599100
1.340164
1.340164
1.238694
1.238694
1.123068
1.123068
1.157460
1.157460
0.855281
0.855281
1.375192
1.375192
1.085068
1.085068
1.258291
1.258291
1.025507
1.025507
1.066169
1.066169
1.171506
1.171506
1.111063
1.111063
1.298664
1.298664
1.228281
1.228281
1.143662
1.143662
1.173830
1.173830
1.104886
1.104886
0.944892
0.944892
1.266348
1.266348
1.339821
1.339821
1.574894
1.574894
1.349558
1.349558
1.458925
1.458925
1.463217
1.463217
1.335568
1.335568
1.091166
1.091166
0.959469
0.959469
1.283241
1.283241
1.096060
1.096060
1.269892
1.269892
1.409149
1.409149
1.136849
1.136849
1.177777
1.177777
1.449040
1.449040
1.411201
1.411201
1.657745
1.657745
1.438686
1.438686
1.615755
1.615755
1.211377
1.211377
1.170637
1.170637
1.169577
1.169577
1.351993
1.351993
1.349035
1.349035
1.385557
1.385557
1.441203
1.441203
1.346542
1.346542
1.207112
1.207112
1.460363
1.460363
1.296378
1.296378
1.084782
1.084782
1.327561
1.327561
1.649068
1.649068
1.075278
1.075278
1.234843
1.234843
1.472458
1.472458
1.090617
1.090617
1.330717
1.330717
1.164807
1.164807
1.241809
1.241809
1.347346
1.347346
1.004835
1.004835
1.601303
1.601303
1.249504
1.249504
1.401303
1.401303
1.608998
1.608998
1.174991
1.174991
1.648710
1.648710
1.072259
1.072259
1.513914
1.513914
1.303229
1.303229
1.263818
1.263818
1.332328
1.332328
1.303838
1.303838
1.417092
1.417092
1.179636
1.179636
1.247429
1.247429
1.252740
1.252740
1.041761
1.041761
1.434336
1.434336
1.059615
1.059615
1.061250
1.061250
1.343140
1.343140
1.018488
1.018488
1.023003
1.023003
1.040878
1.040878
1.009097
1.009097
0.940745
0.940745
1.007341
1.007341
0.738673
0.738673
0.797443
0.797443
0.845705
0.845705
0.975991
0.975991
0.814402
0.814402
0.752023
0.752023
0.895992
0.895992
0.819954
0.819954
0.687937
0.687937
0.993615
0.993615
0.570039
0.570039
0.752721
0.752721
0.923164
0.923164
0.692130
0.692130
0.974632
0.974632
0.763730
0.763730
1.003029
1.003029
0.745789
0.745789
0.854129
0.854129
1.105628
1.105628
1.127455
1.127455
1.003487
1.003487
0.961396
0.961396
1.064766
1.064766
1.017903
1.017903
1.244323
1.244323
1.137564
1.137564
1.340443
1.340443
1.181966
1.181966
1.116056
1.116056
1.191802
1.191802
1.051697
1.051697
1.497012
1.497012
1.580012
1.580012
1.567111
1.567111
1.389547
1.389547
1.513191
1.513191
1.234545
1.234545
1.408846
1.408846
1.559129
1.559129
1.391284
1.391284
1.952164
1.952164
1.704582
1.704582
1.797425
1.797425
1.760330
1.760330
1.710296
1.710296
1.636389
1.636389
1.692220
1.692220
1.931998
1.931998
1.636023
1.636023
2.237866
2.237866
1.674545
1.674545
1.757886
1.757886
1.779164
1.779164
1.544800
1.544800
1.858937
1.858937
2.010621
2.010621
1.453218
1.453218
1.778081
1.778081
1.597277
1.597277
1.758465
1.758465
1.966542
1.966542
2.101731
2.101731
1.524387
1.524387
1.766057
1.766057
2.164264
2.164264
1.802738
1.802738
1.702631
1.702631
2.030258
2.030258
1.559963
1.559963
1.556635
1.556635
1.700606
1.700606
1.349715
1.349715
1.471673
1.471673
1.287808
1.287808
1.751550
1.751550
1.311253
1.311253
1.324553
1.324553
1.501788
1.501788
1.454705
1.454705
1.396523
1.396523
1.240442
1.240442
1.424891
1.424891
1.101285
1.101285
1.027904
1.027904
1.075957
1.075957
1.164860
1.164860
0.989341
0.989341
1.174091
1.174091
1.280473
1.280473
0.831134
0.831134
1.070328
1.070328
0.935356
0.935356
0.847068
0.847068
0.889057
0.889057
0.937203
0.937203
0.883945
0.883945
1.053078
1.053078
0.667639
0.667639
0.776812
0.776812
1.201145
1.201145
0.848033
0.848033
1.021121
1.021121
0.885114
0.885114
0.772657
0.772657
0.866923
0.866923
0.979629
0.979629
1.195400
1.195400
0.743966
0.743966
0.934624
0.934624
0.895690
0.895690
1.093454
1.093454
0.831299
0.831299
0.851222
0.851222
1.113836
1.113836
1.085555
1.085555
0.841021
0.841021
1.106845
1.106845
0.959507
0.959507
1.072463
1.072463
1.109139
1.109139
1.416427
1.416427
1.077962
1.077962
1.415806
1.415806
1.212489
1.212489
1.380146
1.380146
1.114055
1.114055
1.492951
1.492951
1.257378
1.257378
1.166205
1.166205
1.526019
1.526019
1.279142
1.279142
1.537641
1.537641
1.495707
1.495707
1.323652
1.323652
1.618692
1.618692
1.303655
1.303655
1.282264
1.282264
1.126626
1.126626
1.394042
1.394042
1.358425
1.358425
1.416016
1.416016
1.667915
1.667915
1.630450
1.630450
1.329772
1.329772
1.551871
1.551871
1.767637
1.767637
1.356600
1.356600
1.701487
1.701487
1.914624
1.914624
1.701833
1.701833
1.471506
1.471506
1.796391
1.796391
1.729311
1.729311
1.543216
1.543216
1.723077
1.723077
1.339301
1.339301
1.352452
1.352452
1.575497
1.575497
1.225922
1.225922
1.468315
1.468315
1.359918
1.359918
1.724725
1.724725
1.297987
1.297987
1.367535
1.367535
1.368200
1.368200
1.448123
1.448123
1.339026
1.339026
1.589771
1.589771
1.690677
1.690677
1.466841
1.466841
1.260091
1.260091
1.245757
1.245757
1.502090
1.502090
1.289247
1.289247
1.211021
1.211021
1.353314
1.353314
1.062073
1.062073
1.238014
1.238014
1.110540
1.110540
1.052304
1.052304
1.043736
1.043736
1.118046
1.118046
1.244043
1.244043
0.965742
0.965742
1.054943
1.054943
0.989209
0.989209
1.403209
1.403209
1.131962
1.131962
1.180700
1.180700
1.006756
1.006756
1.089472
1.089472
1.045480
1.045480
1.216892
1.216892
1.102747
1.102747
1.207544
1.207544
1.007815
1.007815
0.971013
0.971013
1.065293
1.065293
1.103321
1.103321
1.216367
1.216367
1.170433
1.170433
1.213707
1.213707
0.944584
0.944584
0.930797
0.930797
1.158728
1.158728
0.968523
0.968523
1.043529
1.043529
1.177483
1.177483
1.062641
1.062641
0.813721
0.813721
1.064057
1.064057
1.010376
1.010376
1.025709
1.025709
1.242006
1.242006
0.928991
0.928991
0.957049
0.957049
0.907280
0.907280
1.134112
1.134112
0.767585
0.767585
0.859655
0.859655
1.192451
1.192451
1.031872
1.031872
0.860103
0.860103
0.979163
0.979163
1.173259
1.173259
1.311776
1.311776
1.209980
1.209980
1.278637
1.278637
1.007403
1.007403
1.030006
1.030006
1.358803
1.358803
1.194760
1.194760
1.297902
1.297902
1.347040
1.347040
1.418638
1.418638
1.240344
1.240344
1.215739
1.215739
1.118515
1.118515
1.069790
1.069790
1.225465
1.225465
1.448943
1.448943
1.085619
1.085619
1.113212
1.113212
1.032285
1.032285
1.386392
1.386392
1.355649
1.355649
1.212286
1.212286
1.144778
1.144778
1.001996
1.001996
1.287368
1.287368
1.432934
1.432934
1.498952
1.498952
1.494769
1.494769
1.166488
1.166488
1.362377
1.362377
1.544366
1.544366
1.618700
1.618700
1.652639
1.652639
1.120603
1.120603
1.582769
1.582769
1.139907
1.139907
1.176355
1.176355
1.551335
1.551335
1.718986
1.718986
1.993244
1.993244
1.404090
1.404090
1.391283
1.391283
2.041621
2.041621
1.994629
1.994629
2.167848
2.167848
1.567067
1.567067
1.824376
1.824376
1.396442
1.396442
2.058137
2.058137
2.257681
2.257681
1.796227
1.796227
1.231437
1.231437
1.659834
1.659834
1.474521
1.474521
2.052467
2.052467
1.668069
1.668069
1.668546
1.668546
1.531300
1.531300
1.736346
1.736346
1.820709
1.820709
1.648190
1.648190
1.276553
1.276553
1.417720
1.417720
1.322565
1.322565
1.642752
1.642752
1.699212
1.699212
1.624054
1.624054
1.265796
1.265796
1.259845
1.259845
1.407949
1.407949
1.350790
1.350790
1.215544
1.215544
1.516279
1.516279
0.973364
0.973364
1.017301
1.017301
1.117648
1.117648
1.000556
1.000556
1.056722
1.056722
1.266837
1.266837
1.450881
1.450881
1.127849
1.127849
0.922038
0.922038
0.890002
0.890002
1.128084
1.128084
1.050993
1.050993
1.174655
1.174655
1.080423
1.080423
0.979112
0.979112
1.081019
1.081019
1.016121
1.016121
1.155852
1.155852
0.920866
0.920866
0.869365
0.869365
0.957752
0.957752
0.982853
0.982853
0.970672
0.970672
1.117415
1.117415
0.970704
0.970704
1.038992
1.038992
1.216723
1.216723
1.274244
1.274244
1.074321
1.074321
1.152548
1.152548
1.045439
1.045439
1.008632
1.008632
1.274353
1.274353
1.112412
1.112412
0.852109
0.852109
0.920659
0.920659
0.927910
0.927910
1.266169
1.266169
0.950100
0.950100
0.747562
0.747562
1.221652
1.221652
0.728772
0.728772
0.742961
0.742961
1.008242
1.008242
0.873506
0.873506
1.172171
1.172171
0.985277
0.985277
1.143777
1.143777
1.268488
1.268488
1.207376
1.207376
0.752466
0.752466
0.979251
0.979251
1.086636
1.086636
0.915500
0.915500
1.057287
1.057287
0.960567
0.960567
1.184306
1.184306
1.100525
1.100525
1.165884
1.165884
1.171387
1.171387
1.211182
1.211182
1.240456
1.240456
1.073449
1.073449
1.102470
1.102470
1.125777
1.125777
1.137557
1.137557
1.296441
1.296441
1.465942
1.465942
1.335481
1.335481
1.426280
1.426280
1.176100
1.176100
1.592858
1.592858
1.249898
1.249898
1.007837
1.007837
1.307637
1.307637
1.295464
1.295464
1.343700
1.343700
1.577870
1.577870
1.488455
1.488455
1.325209
1.325209
1.534414
1.534414
1.367974
1.367974
1.494448
1.494448
1.567111
1.567111
1.311084
1.311084
1.333689
1.333689
1.444344
1.444344
1.342296
1.342296
1.456109
1.456109
1.459056
1.459056
1.612524
1.612524
1.577677
1.577677
1.129300
1.129300
1.236759
1.236759
1.475395
1.475395
1.299521
1.299521
1.441484
1.441484
1.413974
1.413974
1.699719
1.699719
1.423503
1.423503
1.534889
1.534889
1.508591
1.508591
1.462905
1.462905
1.541034
1.541034
1.373843
1.373843
1.503024
1.503024
1.470134
1.470134
1.530215
1.530215
1.581978
1.581978
1.160636
1.160636
1.623433
1.623433
1.895349
1.895349
1.245351
1.245351
1.399795
1.399795
1.377088
1.377088
1.119614
1.119614
1.403586
1.403586
0.762431
0.762431
1.384654
1.384654
1.531465
1.531465
1.324604
1.324604
1.637979
1.637979
1.397562
1.397562
0.803129
0.803129
1.300932
1.300932
1.464450
1.464450
1.228190
1.228190
1.349391
1.349391
1.253802
1.253802
0.946368
0.946368
1.273329
1.273329
1.088029
1.088029
0.983271
0.983271
0.791956
0.791956
1.125129
1.125129
1.090482
1.090482
1.276501
1.276501
0.857738
0.857738
1.053516
1.053516
1.340438
1.340438
0.798349
0.798349
0.997491
0.997491
0.704008
0.704008
1.065725
1.065725
0.824835
0.824835
0.774085
0.774085
0.920173
0.920173
1.103860
1.103860
0.757318
0.757318
0.849716
0.849716
0.668834
0.668834
0.777984
0.777984
0.771164
0.771164
0.906817
0.906817
0.808307
0.808307
0.869914
0.869914
0.681998
0.681998
0.998233
0.998233
0.840024
0.840024
0.866537
0.866537
1.052785
1.052785
0.699883
0.699883
0.833501
0.833501
0.947646
0.947646
1.072709
1.072709
0.992128
0.992128
0.960084
0.960084
1.336401
1.336401
1.151211
1.151211
0.918542
0.918542
1.333714
1.333714
1.181532
1.181532
1.390128
1.390128
1.881598
1.881598
0.890592
0.890592
1.468962
1.468962
1.356314
1.356314
1.578393
1.578393
1.556519
1.556519
1.726540
1.726540
1.884870
1.884870
1.921810
1.921810
1.337573
1.337573
1.825592
1.825592
1.641492
1.641492
2.003892
2.003892
2.454417
2.454417
1.646678
1.646678
2.113572
2.113572
2.058734
2.058734
1.885845
1.885845
1.946199
1.946199
1.773340
1.773340
2.004396
2.004396
2.257188
2.257188
2.220488
2.220488
1.781008
1.781008
1.830348
1.830348
2.341851
2.341851
1.994310
1.994310
2.350541
2.350541
2.119064
2.119064
2.232231
2.232231
2.141649
2.141649
2.028969
2.028969
2.374441
2.374441
2.001623
2.001623
1.810176
1.810176
1.816686
1.816686
1.733229
1.733229
1.941647
1.941647
1.767602
1.767602
1.899754
1.899754
2.227075
2.227075
1.570094
1.570094
1.244866
1.244866
1.723935
1.723935
1.691617
1.691617
1.520187
1.520187
1.433763
1.433763
1.577717
1.577717
1.645017
1.645017
1.124362
1.124362
1.383284
1.383284
1.455953
1.455953
1.358257
1.358257
1.683983
1.683983
1.160030
1.160030
1.521933
1.521933
1.003760
1.003760
1.138201
1.138201
0.935334
0.935334
0.840439
0.840439
1.015270
1.015270
0.902450
0.902450
1.169493
1.169493
0.920518
0.920518
1.134011
1.134011
1.231285
1.231285
0.886265
0.886265
0.424394
0.424394
0.873138
0.873138
1.074422
1.074422
0.645506
0.645506
0.816559
0.816559
0.696945
0.696945
0.539849
0.539849
0.763681
0.763681
0.712327
0.712327
0.742083
0.742083
0.758421
0.758421
0.720013
0.720013
0.769200
0.769200
1.009542
1.009542
0.770483
0.770483
0.919034
0.919034
0.624019
0.624019
0.806512
0.806512
1.315716
1.315716
0.975547
0.975547
0.842880
0.842880
0.822264
0.822264
0.939791
0.939791
1.110754
1.110754
1.406451
1.406451
1.049358
1.049358
1.014610
1.014610
1.343688
1.343688
1.049775
1.049775
1.356089
1.356089
1.475934
1.475934
1.092808
1.092808
1.231420
1.231420
1.383999
1.383999
0.878224
0.878224
1.429370
1.429370
1.266283
1.266283
1.409668
1.409668
1.619927
1.619927
1.359543
1.359543
1.492289
1.492289
1.655845
1.655845
1.323126
1.323126
1.529624
1.529624
1.999208
1.999208
1.471207
1.471207
1.434468
1.434468
1.613570
1.613570
1.485727
1.485727
1.611433
1.611433
2.121528
2.121528
1.733459
1.733459
1.418847
1.418847
1.567849
1.567849
1.611047
1.611047
1.797703
1.797703
2.086001
2.086001
1.647898
1.647898
1.552159
1.552159
1.638112
1.638112
1.800437
1.800437
2.071403
2.071403
1.688594
1.688594
1.761223
1.761223
1.601539
1.601539
1.602735
1.602735
1.985768
1.985768
1.519818
1.519818
1.135082
1.135082
1.555129
1.555129
1.673272
1.673272
1.482818
1.482818
1.591942
1.591942
1.644123
1.644123
1.602594
1.602594
1.538215
1.538215
1.326105
1.326105
1.094837
1.094837
1.272906
1.272906
1.475783
1.475783
1.186480
1.186480
1.132859
1.132859
1.070982
1.070982
1.115279
1.115279
1.102431
1.102431
0.659854
0.659854
0.988397
0.988397
0.858669
0.858669
0.942013
0.942013
0.883591
0.883591
0.876061
0.876061
0.714513
0.714513
0.967223
0.967223
0.831913
0.831913
0.882348
0.882348
0.625323
0.625323
0.719425
0.719425
0.787337
0.787337
0.767194
0.767194
1.108345
1.108345
0.920840
0.920840
0.885791
0.885791
0.557146
0.557146
0.800523
0.800523
0.870016
0.870016
0.787262
0.787262
0.965658
0.965658
0.737600
0.737600
0.776107
0.776107
1.146889
1.146889
0.998615
0.998615
0.828081
0.828081
0.915768
0.915768
1.020077
1.020077
1.345838
1.345838
1.037757
1.037757
0.569822
0.569822
0.843745
0.843745
0.844787
0.844787
1.021954
1.021954
0.930781
0.930781
1.020418
1.020418
0.766847
0.766847
0.952749
0.952749
1.162654
1.162654
0.988505
0.988505
0.913148
0.913148
1.153510
1.153510
1.115934
1.115934
1.352273
1.352273
1.258586
1.258586
1.153201
1.153201
1.286664
1.286664
0.844879
0.844879
1.026917
1.026917
1.141588
1.141588
1.369918
1.369918
1.533642
1.533642
1.274402
1.274402
1.390178
1.390178
1.238977
1.238977
1.411884
1.411884
1.389737
1.389737
1.159285
1.159285
1.339487
1.339487
1.240007
1.240007
1.412921
1.412921
1.503402
1.503402
1.090606
1.090606
1.181593
1.181593
1.486827
1.486827
1.425317
1.425317
1.422881
1.422881
1.552694
1.552694
1.362199
1.362199
1.233703
1.233703
1.341314
1.341314
1.584299
1.584299
1.593459
1.593459
1.618241
1.618241
1.721655
1.721655
1.701980
1.701980
1.723874
1.723874
1.609100
1.609100
1.531020
1.531020
1.797881
1.797881
1.474283
1.474283
1.558104
1.558104
1.488113
1.488113
1.692068
1.692068
1.171938
1.171938
1.370259
1.370259
1.287457
1.287457
1.552059
1.552059
1.592756
1.592756
1.113883
1.113883
1.563831
1.563831
1.079544
1.079544
1.309372
1.309372
1.059499
1.059499
1.333220
1.333220
1.103667
1.103667
1.157215
1.157215
1.195922
1.195922
0.988362
0.988362
0.985840
0.985840
1.085625
1.085625
0.819754
0.819754
0.993284
0.993284
0.714487
0.714487
0.853151
0.853151
0.796424
0.796424
1.257476
1.257476
0.907488
0.907488
0.876894
0.876894
0.704025
0.704025
0.805185
0.805185
0.897338
0.897338
0.800038
0.800038
0.557078
0.557078
1.020447
1.020447
0.657614
0.657614
1.002458
1.002458
0.860621
0.860621
0.734233
0.734233
0.683651
0.683651
1.162449
1.162449
0.889017
0.889017
0.751811
0.751811
0.707099
0.707099
0.878889
0.878889
0.717035
0.717035
0.713185
0.713185
0.697922
0.697922
0.717663
0.717663
0.913648
0.913648
0.750115
0.750115
0.611590
0.611590
0.695568
0.695568
0.756351
0.756351
0.982174
0.982174
0.629473
0.629473
0.825902
0.825902
0.873077
0.873077
0.990794
0.990794
0.845224
0.845224
0.984080
0.984080
0.984630
0.984630
0.991793
0.991793
0.760980
0.760980
0.891094
0.891094
1.059188
1.059188
0.794280
0.794280
1.056731
1.056731
1.180046
1.180046
1.029122
1.029122
1.263205
1.263205
1.334987
1.334987
1.040921
1.040921
1.504514
1.504514
1.373507
1.373507
1.526196
1.526196
1.366152
1.366152
1.556941
1.556941
1.519383
1.519383
1.353710
1.353710
1.495478
1.495478
1.684149
1.684149
1.692356
1.692356
1.493047
1.493047
1.704513
1.704513
2.004778
2.004778
1.848021
1.848021
1.394705
1.394705
2.022708
2.022708
1.861920
1.861920
1.897082
1.897082
1.714683
1.714683
2.107826
2.107826
1.624815
1.624815
2.023255
2.023255
1.751000
1.751000
1.757163
1.757163
1.929495
1.929495
1.452247
1.452247
1.765504
1.765504
1.769498
1.769498
1.712809
1.712809
1.510266
1.510266
1.559105
1.559105
1.971258
1.971258
1.366972
1.366972
1.750912
1.750912
1.769818
1.769818
1.340334
1.340334
2.086812
2.086812
1.554430
1.554430
1.426986
1.426986
1.450255
1.450255
1.071427
1.071427
1.627139
1.627139
1.371161
1.371161
1.238044
1.238044
1.284862
1.284862
1.177088
1.177088
1.033091
1.033091
0.984535
0.984535
1.141267
1.141267
1.000461
1.000461
1.136279
1.136279
1.068084
1.068084
0.897781
0.897781
1.003249
1.003249
0.857262
0.857262
0.796632
0.796632
1.051678
1.051678
0.922905
0.922905
0.852395
0.852395
0.903536
0.903536
0.730935
0.730935
0.919179
0.919179
0.663961
0.663961
0.902404
0.902404
0.868874
0.868874
0.923783
0.923783
1.148108
1.148108
0.676576
0.676576
0.754001
0.754001
0.683501
0.683501
0.744448
0.744448
1.037862
1.037862
0.909257
0.909257
1.127972
1.127972
1.023400
1.023400
0.879605
0.879605
0.942751
0.942751
1.089725
1.089725
0.967747
0.967747
0.872510
0.872510
0.960383
0.960383
1.124225
1.124225
1.039326
1.039326
0.793318
0.793318
0.928886
0.928886
0.920011
0.920011
0.721165
0.721165
0.938164
0.938164
1.045567
1.045567
1.104750
1.104750
1.201965
1.201965
0.945528
0.945528
1.188645
1.188645
1.100473
1.100473
1.156919
1.156919
1.180789
1.180789
1.312651
1.312651
1.136279
1.136279
1.474025
1.474025
1.138453
1.138453
1.108652
1.108652
1.035179
1.035179
1.258644
1.258644
1.108888
1.108888
1.478792
1.478792
1.469382
1.469382
1.002231
1.002231
1.346606
1.346606
1.422097
1.422097
1.745435
1.745435
1.303251
1.303251
1.481815
1.481815
1.672763
1.672763
1.705375
1.705375
1.565439
1.565439
1.780127
1.780127
1.395769
1.395769
1.567376
1.567376
1.501183
1.501183
1.738556
1.738556
1.614363
1.614363
1.967615
1.967615
1.357392
1.357392
1.575271
1.575271
1.463580
1.463580
1.169765
1.169765
1.648257
1.648257
1.513107
1.513107
1.459679
1.459679
1.284604
1.284604
1.547415
1.547415
1.541126
1.541126
1.347070
1.347070
1.642368
1.642368
1.736264
1.736264
1.183039
1.183039
1.465009
1.465009
1.637077
1.637077
1.748554
1.748554
1.486297
1.486297
1.170601
1.170601
1.614625
1.614625
1.152296
1.152296
1.153071
1.153071
1.173481
1.173481
1.327301
1.327301
1.456438
1.456438
1.346040
1.346040
1.445259
1.445259
0.947893
0.947893
0.912540
0.912540
1.106563
1.106563
1.129794
1.129794
0.924769
0.924769
0.956990
0.956990
1.325608
1.325608
0.902500
0.902500
0.922577
0.922577
0.712872
0.712872
0.798768
0.798768
0.942507
0.942507
0.610190
0.610190
0.810413
0.810413
0.955778
0.955778
1.005602
1.005602
1.144029
1.144029
1.001487
1.001487
0.746752
0.746752
0.886288
0.886288
0.975934
0.975934
0.738647
0.738647
0.957820
0.957820
0.790657
0.790657
0.886525
0.886525
0.887622
0.887622
0.755017
0.755017
0.992843
0.992843
0.782461
0.782461
0.916535
0.916535
0.804292
0.804292
0.978001
0.978001
0.977058
0.977058
0.775765
0.775765
1.042448
1.042448
1.181698
1.181698
0.798516
0.798516
1.077297
1.077297
0.750941
0.750941
1.212617
1.212617
1.090840
1.090840
1.155324
1.155324
1.006980
1.006980
1.035115
1.035115
1.004389
1.004389
1.017848
1.017848
0.923015
0.923015
1.234966
1.234966
1.274724
1.274724
1.331712
1.331712
1.412423
1.412423
1.517171
1.517171
1.343156
1.343156
0.966147
0.966147
1.366060
1.366060
1.383704
1.383704
1.234163
1.234163
1.457232
1.457232
1.228959
1.228959
1.520279
1.520279
1.512263
1.512263
1.277900
1.277900
1.342118
1.342118
1.255884
1.255884
1.053273
1.053273
1.293615
1.293615
1.551717
1.551717
1.354959
1.354959
1.475246
1.475246
1.339117
1.339117
1.217172
1.217172
1.422877
1.422877
1.427716
1.427716
1.317168
1.317168
1.359038
1.359038
1.377403
1.377403
1.435494
1.435494
1.642853
1.642853
1.319703
1.319703
1.249564
1.249564
1.465916
1.465916
1.597825
1.597825
1.194469
1.194469
1.207134
1.207134
1.330775
1.330775
1.220714
1.220714
1.623914
1.623914
1.242010
1.242010
1.117358
1.117358
1.343451
1.343451
1.209601
1.209601
1.204813
1.204813
1.158681
1.158681
1.028460
1.028460
1.268610
1.268610
1.425514
1.425514
1.178082
1.178082
0.995390
0.995390
1.064152
1.064152
0.968795
0.968795
1.297288
1.297288
0.962694
0.962694
0.854084
0.854084
0.941647
0.941647
0.849261
0.849261
0.926468
0.926468
1.249393
1.249393
0.956326
0.956326
1.151753
1.151753
1.125172
1.125172
0.922760
0.922760
1.170103
1.170103
0.832727
0.832727
0.980343
0.980343
0.974789
0.974789
1.111311
1.111311
1.090662
1.090662
1.271127
1.271127
1.140045
1.140045
1.030885
1.030885
1.375194
1.375194
0.974066
0.974066
0.995311
0.995311
1.177767
1.177767
1.069920
1.069920
1.537671
1.537671
1.574523
1.574523
1.019245
1.019245
1.054282
1.054282
1.383995
1.383995
1.027102
1.027102
1.257131
1.257131
1.178142
1.178142
1.269717
1.269717
0.885423
0.885423
1.001579
1.001579
0.892506
0.892506
1.150746
1.150746
0.969252
0.969252
0.840473
0.840473
1.193480
1.193480
1.059420
1.059420
0.889705
0.889705
1.020416
1.020416
0.868556
0.868556
0.729837
0.729837
0.838793
0.838793
0.589798
0.589798
0.757385
0.757385
0.881115
0.881115
0.808482
0.808482
0.814001
0.814001
0.820745
0.820745
0.813934
0.813934
0.869579
0.869579
1.005484
1.005484
1.046365
1.046365
0.958389
0.958389
0.882405
0.882405
0.704476
0.704476
1.089635
1.089635
0.748933
0.748933
1.233111
1.233111
0.824264
0.824264
0.948637
0.948637
1.073455
1.073455
1.231254
1.231254
1.088767
1.088767
1.386104
1.386104
1.245759
1.245759
1.198773
1.198773
1.103238
1.103238
1.114794
1.114794
1.414964
1.414964
1.150189
1.150189
1.390196
1.390196
1.410497
1.410497
1.539836
1.539836
1.408043
1.408043
1.483468
1.483468
1.289580
1.289580
1.367009
1.367009
1.247686
1.247686
1.389320
1.389320
1.320373
1.320373
1.523877
1.523877
1.453285
1.453285
1.574396
1.574396
2.312812
2.312812
1.577046
1.577046
1.583331
1.583331
1.523467
1.523467
1.363431
1.363431
1.672295
1.672295
1.674609
1.674609
1.414757
1.414757
1.452269
1.452269
1.283859
1.283859
1.459142
1.459142
1.457398
1.457398
1.200849
1.200849
1.315078
1.315078
1.588664
1.588664
1.119219
1.119219
1.465236
1.465236
1.484530
1.484530
1.702153
1.702153
1.756075
1.756075
1.682223
1.682223
1.602200
1.602200
1.230000
1.230000
1.771184
1.771184
1.514838
1.514838
1.304061
1.304061
1.377313
1.377313
1.271198
1.271198
1.186211
1.186211
1.387665
1.387665
1.440403
1.440403
1.072441
1.072441
1.251163
1.251163
1.518678
1.518678
1.419155
1.419155
1.407241
1.407241
1.159757
1.159757
1.059169
1.059169
1.036125
1.036125
1.170933
1.170933
1.114147
1.114147
1.300594
1.300594
1.056268
1.056268
1.191268
1.191268
1.055650
1.055650
1.267373
1.267373
0.963780
0.963780
0.992270
0.992270
0.998265
0.998265
1.124015
1.124015
0.947654
0.947654
1.019067
1.019067
0.841596
0.841596
0.807510
0.807510
0.760074
0.760074
0.769270
0.769270
0.705643
0.705643
0.965005
0.965005
0.716066
0.716066
0.789111
0.789111
0.838990
0.838990
0.844967
0.844967
0.782178
0.782178
0.552193
0.552193
1.040721
1.040721
1.070684
1.070684
0.968445
0.968445
0.989055
0.989055
0.843510
0.843510
0.991501
0.991501
0.945681
0.945681
0.871982
0.871982
0.868449
0.868449
0.941739
0.941739
0.916003
0.916003
0.978776
0.978776
0.791874
0.791874
0.850957
0.850957
1.006059
1.006059
1.247366
1.247366
1.454775
1.454775
1.243804
1.243804
1.134213
1.134213
1.418217
1.418217
1.111064
1.111064
1.088784
1.088784
1.071974
1.071974
1.258052
1.258052
1.444504
1.444504
1.346134
1.346134
1.729367
1.729367
1.571820
1.571820
1.371786
1.371786
1.270654
1.270654
1.414936
1.414936
1.526710
1.526710
1.411437
1.411437
1.341926
1.341926
1.648616
1.648616
1.175120
1.175120
1.720609
1.720609
1.648663
1.648663
1.507453
1.507453
1.650604
1.650604
1.691552
1.691552
1.674512
1.674512
1.656981
1.656981
1.388389
1.388389
1.803133
1.803133
1.766091
1.766091
1.549658
1.549658
1.463431
1.463431
1.390018
1.390018
1.475038
1.475038
1.719052
1.719052
1.616189
1.616189
1.470809
1.470809
1.643803
1.643803
1.596572
1.596572
1.688216
1.688216
1.588067
1.588067
1.738868
1.738868
1.420123
1.420123
1.900100
1.900100
1.414178
1.414178
1.458758
1.458758
1.552396
1.552396
1.664776
1.664776
1.641844
1.641844
1.578693
1.578693
1.449513
1.449513
1.031850
1.031850
1.197481
1.197481
1.488538
1.488538
1.193632
1.193632
1.358253
1.358253
1.165413
1.165413
0.941786
0.941786
1.302244
1.302244
0.851282
0.851282
1.139469
1.139469
0.968558
0.968558
1.142421
1.142421
1.117491
1.117491
1.105455
1.105455
0.811728
0.811728
1.009715
1.009715
0.908203
0.908203
0.866801
0.866801
1.084414
1.084414
0.842383
0.842383
0.733001
0.733001
0.920343
0.920343
0.804216
0.804216
0.925966
0.925966
0.885411
0.885411
1.017765
1.017765
0.924895
0.924895
0.634058
0.634058
1.008766
1.008766
0.730137
0.730137
0.889402
0.889402
0.716901
0.716901
0.981814
0.981814
0.716793
0.716793
0.782593
0.782593
0.852695
0.852695
0.877340
0.877340
1.114516
1.114516
0.628500
0.628500
0.547336
0.547336
0.718326
0.718326
0.733910
0.733910
1.070367
1.070367
0.684263
0.684263
1.029933
1.029933
1.352444
1.352444
0.679842
0.679842
0.927747
0.927747
0.854112
0.854112
1.007723
1.007723
1.243787
1.243787
1.048415
1.048415
0.894369
0.894369
1.352342
1.352342
1.128446
1.128446
1.084182
1.084182
1.091032
1.091032
1.437275
1.437275
1.346142
1.346142
1.388990
1.388990
1.451880
1.451880
1.391169
1.391169
1.338585
1.338585
1.022229
1.022229
1.582974
1.582974
1.425874
1.425874
1.260172
1.260172
1.454010
1.454010
1.468697
1.468697
1.593329
1.593329
1.356539
1.356539
1.550604
1.550604
1.641721
1.641721
1.441777
1.441777
1.489123
1.489123
1.634129
1.634129
1.711217
1.711217
1.595103
1.595103
1.566457
1.566457
1.400348
1.400348
1.500566
1.500566
1.486680
1.486680
1.381857
1.381857
1.692821
1.692821
1.191806
1.191806
1.351154
1.351154
1.244345
1.244345
1.449061
1.449061
1.222520
1.222520
1.298043
1.298043
1.419329
1.419329
1.416339
1.416339
1.246496
1.246496
1.565517
1.565517
1.348520
1.348520
1.429091
1.429091
1.248667
1.248667
1.335778
1.335778
1.259423
1.259423
1.419391
1.419391
1.421264
1.421264
1.140136
1.140136
1.171064
1.171064
1.525194
1.525194
1.261824
1.261824
1.273759
1.273759
1.268482
1.268482
1.091589
1.091589
1.158919
1.158919
1.213349
1.213349
0.966436
0.966436
1.221571
1.221571
0.941822
0.941822
1.431498
1.431498
0.969668
0.969668
1.349588
1.349588
1.404687
1.404687
1.168126
1.168126
1.267036
1.267036
1.237480
1.237480
1.327529
1.327529
1.055236
1.055236
1.114944
1.114944
1.039962
1.039962
1.075629
1.075629
0.774343
0.774343
1.000089
1.000089
1.222245
1.222245
1.038805
1.038805
0.841832
0.841832
1.139636
1.139636
0.845282
0.845282
1.181080
1.181080
0.750463
0.750463
1.440402
1.440402
1.022421
1.022421
1.012604
1.012604
1.130179
1.130179
1.614180
1.614180
1.133320
1.133320
1.027611
1.027611
1.087374
1.087374
0.820922
0.820922
0.982181
0.982181
1.033052
1.033052
1.108032
1.108032
0.931907
0.931907
1.348778
1.348778
1.126224
1.126224
1.228671
1.228671
0.866143
0.866143
0.939164
0.939164
0.879978
0.879978
1.037926
1.037926
0.948314
0.948314
1.240778
1.240778
0.904421
0.904421
1.206018
1.206018
0.585364
0.585364
1.304357
1.304357
1.016292
1.016292
0.904469
0.904469
1.203946
1.203946
1.079140
1.079140
1.133760
1.133760
1.001474
1.001474
0.885008
0.885008
1.116345
1.116345
0.996011
0.996011
1.016523
1.016523
1.281356
1.281356
0.786139
0.786139
1.058355
1.058355
1.243380
1.243380
1.417840
1.417840
0.920001
0.920001
1.383414
1.383414
0.990887
0.990887
0.993416
0.993416
1.291316
1.291316
0.948837
0.948837
0.874527
0.874527
0.686175
0.686175
1.110400
1.110400
1.111809
1.111809
1.093017
1.093017
1.025832
1.025832
1.163218
1.163218
0.967927
0.967927
1.229567
1.229567
1.138066
1.138066
1.120055
1.120055
1.029719
1.029719
1.452942
1.452942
1.047159
1.047159
1.162633
1.162633
1.150790
1.150790
1.154008
1.154008
0.784707
0.784707
1.231108
1.231108
1.227617
1.227617
1.493047
1.493047
1.167776
1.167776
1.474154
1.474154
1.101144
1.101144
1.411041
1.411041
1.076488
1.076488
1.254213
1.254213
1.022782
1.022782
1.405819
1.405819
1.461897
1.461897
0.889083
0.889083
0.990328
0.990328
1.160035
1.160035
1.522090
1.522090
1.228578
1.228578
1.135791
1.135791
0.867656
0.867656
1.492954
1.492954
1.059743
1.059743
1.250896
1.250896
1.109903
1.109903
1.152045
1.152045
1.081131
1.081131
1.091866
1.091866
1.246954
1.246954
1.332610
1.332610
1.098765
1.098765
0.981391
0.981391
0.881212
0.881212
0.924332
0.924332
1.023876
1.023876
0.984933
0.984933
1.109161
1.109161
1.134834
1.134834
1.248570
1.248570
0.947138
0.947138
1.335553
1.335553
1.105146
1.105146
1.256626
1.256626
1.092620
1.092620
0.900924
0.900924
0.964192
0.964192
1.006704
1.006704
0.933634
0.933634
1.124979
1.124979
1.317460
1.317460
1.094633
1.094633
1.026689
1.026689
1.032466
1.032466
1.112221
1.112221
0.935908
0.935908
1.099646
1.099646
0.929146
0.929146
1.008219
1.008219
1.103907
1.103907
0.989027
0.989027
1.069915
1.069915
1.064034
1.064034
1.007322
1.007322
0.956940
0.956940
0.816361
0.816361
1.010175
1.010175
1.172844
1.172844
0.987797
0.987797
1.157733
1.157733
1.117805
1.117805
0.997168
0.997168
0.771977
0.771977
1.156214
1.156214
1.045937
1.045937
1.046490
1.046490
1.086805
1.086805
0.955269
0.955269
1.197425
1.197425
0.695317
0.695317
0.763062
0.763062
1.048838
1.048838
1.120881
1.120881
1.318943
1.318943
1.047932
1.047932
0.750049
0.750049
1.241590
1.241590
0.926316
0.926316
1.343683
1.343683
1.083300
1.083300
1.313060
1.313060
1.313246
1.313246
1.252125
1.252125
1.047990
1.047990
1.155718
1.155718
0.993291
0.993291
1.117266
1.117266
1.031548
1.031548
0.974848
0.974848
0.927594
0.927594
1.132403
1.132403
1.157094
1.157094
0.804077
0.804077
1.226309
1.226309
1.476576
1.476576
1.420749
1.420749
1.021250
1.021250
0.840364
0.840364
1.085343
1.085343
1.148604
1.148604
1.206326
1.206326
1.017014
1.017014
1.428420
1.428420
1.403421
1.403421
1.293507
1.293507
0.947843
0.947843
1.155843
1.155843
1.054616
1.054616
1.126957
1.126957
1.461956
1.461956
1.301015
1.301015
1.263285
1.263285
1.207482
1.207482
1.147928
1.147928
1.163341
1.163341
1.441436
1.441436
1.392686
1.392686
1.190586
1.190586
1.278400
1.278400
1.595389
1.595389
1.574900
1.574900
0.976482
0.976482
1.530810
1.530810
1.324810
1.324810
1.664306
1.664306
1.702610
1.702610
1.525554
1.525554
1.363212
1.363212
1.495032
1.495032
1.178054
1.178054
1.451745
1.451745
1.072514
1.072514
1.308723
1.308723
1.312947
1.312947
1.087463
1.087463
1.431060
1.431060
1.008556
1.008556
1.220849
1.220849
1.119480
1.119480
1.051247
1.051247
1.079507
1.079507
1.090475
1.090475
1.357153
1.357153
0.886382
0.886382
1.109423
1.109423
1.215654
1.215654
1.167701
1.167701
1.198311
1.198311
1.042862
1.042862
1.220273
1.220273
0.930294
0.930294
0.900935
0.900935
1.049266
1.049266
1.041450
1.041450
0.893561
0.893561
0.969954
0.969954
0.963074
0.963074
1.100526
1.100526
1.065240
1.065240
0.761569
0.761569
0.941169
0.941169
0.854556
0.854556
0.939760
0.939760
0.804424
0.804424
0.944894
0.944894
0.799655
0.799655
0.721249
0.721249
0.806881
0.806881
1.007047
1.007047
0.836860
0.836860
0.904867
0.904867
0.973406
0.973406
0.827537
0.827537
0.923617
0.923617
0.948650
0.948650
1.066225
1.066225
0.826084
0.826084
1.378373
1.378373
1.155688
1.155688
1.301283
1.301283
0.930779
0.930779
1.166320
1.166320
1.169199
1.169199
1.145315
1.145315
1.006058
1.006058
1.256612
1.256612
1.344321
1.344321
1.092023
1.092023
0.982697
0.982697
1.351899
1.351899
1.437437
1.437437
1.209978
1.209978
1.491425
1.491425
1.786411
1.786411
1.166393
1.166393
1.241890
1.241890
1.465592
1.465592
1.333992
1.333992
1.496652
1.496652
1.501477
1.501477
1.293640
1.293640
1.310339
1.310339
1.509690
1.509690
1.425095
1.425095
1.681707
1.681707
2.044889
2.044889
1.557830
1.557830
1.485462
1.485462
1.524327
1.524327
1.567005
1.567005
1.928677
1.928677
1.577381
1.577381
1.254983
1.254983
1.531792
1.531792
1.340249
1.340249
1.283476
1.283476
1.671018
1.671018
1.402851
1.402851
1.507570
1.507570
1.467909
1.467909
1.278813
1.278813
1.348144
1.348144
1.514044
1.514044
1.456829
1.456829
1.199607
1.199607
1.512962
1.512962
1.319408
1.319408
1.412521
1.412521
1.264435
1.264435
1.063225
1.063225
1.064021
1.064021
1.156880
1.156880
1.259546
1.259546
1.138268
1.138268
1.054323
1.054323
0.956082
0.956082
1.118471
1.118471
0.770707
0.770707
0.887913
0.887913
0.909923
0.909923
1.008631
1.008631
0.835764
0.835764
1.104730
1.104730
0.868140
0.868140
0.959297
0.959297
1.174480
1.174480
0.947551
0.947551
0.941357
0.941357
0.861807
0.861807
0.626816
0.626816
0.886476
0.886476
0.797653
0.797653
0.974202
0.974202
0.710958
0.710958
1.015309
1.015309
0.837965
0.837965
1.041412
1.041412
1.070364
1.070364
1.104769
1.104769
1.264972
1.264972
0.750985
0.750985
1.031134
1.031134
1.077926
1.077926
1.065533
1.065533
1.092606
1.092606
1.010608
1.010608
1.119218
1.119218
1.071504
1.071504
1.053075
1.053075
1.119381
1.119381
1.267414
1.267414
0.915555
0.915555
1.372361
1.372361
1.231038
1.231038
1.935950
1.935950
1.158821
1.158821
1.447255
1.447255
1.297095
1.297095
1.131738
1.131738
1.022042
1.022042
0.715637
0.715637
1.172159
1.172159
1.196690
1.196690
1.174298
1.174298
1.204750
1.204750
1.250648
1.250648
1.343506
1.343506
1.428329
1.428329
1.184427
1.184427
0.976073
0.976073
0.962034
0.962034
1.082312
1.082312
1.377231
1.377231
1.096940
1.096940
1.153042
1.153042
0.887683
0.887683
1.383998
1.383998
1.409663
1.409663
1.318665
1.318665
1.316742
1.316742
1.332493
1.332493
1.304027
1.304027
1.225818
1.225818
1.128772
1.128772
0.969953
0.969953
1.412402
1.412402
1.395724
1.395724
1.329579
1.329579
0.958481
0.958481
0.976630
0.976630
0.990493
0.990493
1.296790
1.296790
1.104657
1.104657
1.319182
1.319182
1.227085
1.227085
1.002915
1.002915
1.026933
1.026933
0.985939
0.985939
1.210922
1.210922
0.974453
0.974453
1.086021
1.086021
1.046002
1.046002
0.936502
0.936502
1.262792
1.262792
1.096002
1.096002
0.877828
0.877828
1.365646
1.365646
1.209303
1.209303
1.004730
1.004730
1.076260
1.076260
1.125665
1.125665
1.386884
1.386884
1.032832
1.032832
1.035053
1.035053
1.011248
1.011248
1.330880
1.330880
1.155838
1.155838
1.066010
1.066010
1.006372
1.006372
1.436412
1.436412
1.470795
1.470795
1.104381
1.104381
0.906996
0.906996
1.458835
1.458835
1.239846
1.239846
0.882444
0.882444
1.297477
1.297477
1.190065
1.190065
1.301443
1.301443
1.607466
1.607466
1.232224
1.232224
1.118128
1.118128
1.444976
1.444976
1.608515
1.608515
1.488072
1.488072
1.201174
1.201174
1.428944
1.428944
1.412135
1.412135
1.383527
1.383527
1.297677
1.297677
1.131636
1.131636
1.353481
1.353481
1.237380
1.237380
1.532235
1.532235
0.930615
0.930615
1.262784
1.262784
1.203910
1.203910
1.133784
1.133784
0.877987
0.877987
1.135597
1.135597
1.127674
1.127674
1.243869
1.243869
1.152351
1.152351
1.077864
1.077864
0.959734
0.959734
1.597932
1.597932
1.207003
1.207003
1.418023
1.418023
1.092390
1.092390
1.063305
1.063305
1.032864
1.032864
1.124842
1.124842
1.100407
1.100407
1.174268
1.174268
0.972084
0.972084
1.232032
1.232032
1.110021
1.110021
1.312607
1.312607
1.067250
1.067250
1.295985
1.295985
1.390849
1.390849
1.170948
1.170948
1.225342
1.225342
1.117215
1.117215
1.197274
1.197274
1.198225
1.198225
1.242308
1.242308
1.379282
1.379282
1.386450
1.386450
1.297799
1.297799
1.167583
1.167583
1.216495
1.216495
1.321735
1.321735
0.999518
0.999518
1.310163
1.310163
1.255434
1.255434
1.629096
1.629096
1.309435
1.309435
1.222252
1.222252
1.166994
1.166994
1.185175
1.185175
1.272593
1.272593
1.227032
1.227032
1.045584
1.045584
1.444318
1.444318
1.293349
1.293349
0.985813
0.985813
1.555044
1.555044
1.281585
1.281585
1.377096
1.377096
1.027746
1.027746
1.513310
1.513310
1.834953
1.834953
1.310771
1.310771
1.471761
1.471761
1.614172
1.614172
1.574123
1.574123
1.555672
1.555672
1.614559
1.614559
1.378525
1.378525
1.483791
1.483791
1.266457
1.266457
1.291965
1.291965
1.183671
1.183671
1.645140
1.645140
1.275663
1.275663
1.492028
1.492028
1.545848
1.545848
1.183926
1.183926
1.526602
1.526602
1.021713
1.021713
1.072490
1.072490
1.383479
1.383479
0.938014
0.938014
1.364846
1.364846
1.176962
1.176962
1.104333
1.104333
1.511376
1.511376
0.988944
0.988944
1.517154
1.517154
0.934983
0.934983
1.103519
1.103519
1.115615
1.115615
1.172721
1.172721
0.958975
0.958975
1.021001
1.021001
0.951518
0.951518
1.328328
1.328328
0.834025
0.834025
0.810176
0.810176
0.845285
0.845285
1.265478
1.265478
1.207786
1.207786
0.764156
0.764156
0.896700
0.896700
0.734334
0.734334
0.923291
0.923291
0.843433
0.843433
0.760193
0.760193
0.943080
0.943080
0.902620
0.902620
0.844860
0.844860
1.127334
1.127334
0.830711
0.830711
0.993548
0.993548
1.108031
1.108031
0.978530
0.978530
1.082106
1.082106
0.968612
0.968612
0.794515
0.794515
1.081057
1.081057
0.673701
0.673701
1.099709
1.099709
1.113526
1.113526
1.063905
1.063905
1.129814
1.129814
1.164552
1.164552
1.165480
1.165480
1.335153
1.335153
0.783447
0.783447
1.118938
1.118938
1.048695
1.048695
0.977266
0.977266
1.309678
1.309678
0.601065
0.601065
1.017600
1.017600
0.988766
0.988766
0.907616
0.907616
0.990826
0.990826
0.757992
0.757992
1.298693
1.298693
0.920010
0.920010
0.975832
0.975832
1.217746
1.217746
1.231519
1.231519
1.144441
1.144441
1.302613
1.302613
1.497517
1.497517
1.292951
1.292951
1.220255
1.220255
1.280879
1.280879
1.123441
1.123441
1.224973
1.224973
1.328946
1.328946
1.306293
1.306293
1.165121
1.165121
1.368457
1.368457
1.143360
1.143360
1.444208
1.444208
1.288013
1.288013
1.322195
1.322195
1.206501
1.206501
1.216990
1.216990
1.597519
1.597519
1.532840
1.532840
1.444335
1.444335
1.105001
1.105001
1.750264
1.750264
1.219847
1.219847
1.647142
1.647142
1.286922
1.286922
1.575669
1.575669
1.103781
1.103781
1.324367
1.324367
1.235978
1.235978
1.350185
1.350185
1.296749
1.296749
1.221603
1.221603
1.371626
1.371626
1.215667
1.215667
1.524396
1.524396
1.291861
1.291861
0.811586
0.811586
1.107049
1.107049
1.159354
1.159354
1.056559
1.056559
0.960236
0.960236
1.075105
1.075105
1.216565
1.216565
1.055132
1.055132
0.828561
0.828561
1.163031
1.163031
1.109019
1.109019
1.516320
1.516320
0.933776
0.933776
0.899944
0.899944
1.033165
1.033165
0.848016
0.848016
0.940845
0.940845
1.133063
1.133063
1.112663
1.112663
1.141410
1.141410
0.914710
0.914710
1.010613
1.010613
1.517859
1.517859
1.534252
1.534252
1.470806
1.470806
1.044990
1.044990
1.165517
1.165517
1.118738
1.118738
1.067463
1.067463
0.976756
0.976756
1.114093
1.114093
1.022514
1.022514
0.812298
0.812298
1.108920
1.108920
1.052710
1.052710
0.896368
0.896368
1.121499
1.121499
0.701304
0.701304
1.118361
1.118361
0.792740
0.792740
1.028741
1.028741
1.195551
1.195551
0.993682
0.993682
1.056120
1.056120
1.067683
1.067683
0.979494
0.979494
0.960589
0.960589
1.109403
1.109403
1.263290
1.263290
1.212864
1.212864
1.355760
1.355760
0.835288
0.835288
0.788474
0.788474
0.766774
0.766774
1.050279
1.050279
1.272328
1.272328
1.171339
1.171339
0.903936
0.903936
1.142806
1.142806
1.113462
1.113462
1.035617
1.035617
1.168933
1.168933
0.988953
0.988953
0.983818
0.983818
1.141501
1.141501
1.176214
1.176214
1.273127
1.273127
1.501952
1.501952
1.506110
1.506110
1.191688
1.191688
1.200286
1.200286
1.290221
1.290221
1.253346
1.253346
1.241181
1.241181
1.203787
1.203787
1.373461
1.373461
1.481344
1.481344
1.271902
1.271902
1.173528
1.173528
1.235309
1.235309
1.498692
1.498692
1.354305
1.354305
1.496464
1.496464
1.177022
1.177022
1.119967
1.119967
1.158508
1.158508
1.157350
1.157350
0.886360
0.886360
1.107611
1.107611
1.303916
1.303916
1.052336
1.052336
1.045335
1.045335
1.325184
1.325184
1.273939
1.273939
1.084176
1.084176
1.206506
1.206506
1.168825
1.168825
1.131204
1.131204
1.334091
1.334091
0.934328
0.934328
1.157964
1.157964
1.121443
1.121443
0.902418
0.902418
0.983187
0.983187
1.076956
1.076956
1.105017
1.105017
1.067143
1.067143
1.193739
1.193739
0.891713
0.891713
1.469409
1.469409
1.258456
1.258456
1.359839
1.359839
1.061695
1.061695
1.162551
1.162551
1.012325
1.012325
1.005260
1.005260
1.043332
1.043332
1.136827
1.136827
1.090626
1.090626
0.870296
0.870296
1.109302
1.109302
1.064921
1.064921
0.935657
0.935657
0.756565
0.756565
1.290028
1.290028
0.966196
0.966196
0.888128
0.888128
0.969546
0.969546
0.895919
0.895919
0.889212
0.889212
0.866747
0.866747
0.968895
0.968895
0.864746
0.864746
1.140741
1.140741
0.722898
0.722898
1.034369
1.034369
0.989340
0.989340
0.916053
0.916053
0.950907
0.950907
0.724914
0.724914
0.804320
0.804320
0.808548
0.808548
1.055005
1.055005
0.992190
0.992190
1.253998
1.253998
0.997344
0.997344
1.031643
1.031643
1.043662
1.043662
1.062137
1.062137
0.995230
0.995230
1.190454
1.190454
0.828174
0.828174
1.048070
1.048070
1.304354
1.304354
1.170482
1.170482
0.901597
0.901597
1.052579
1.052579
1.293827
1.293827
1.329352
1.329352
1.019786
1.019786
1.465983
1.465983
0.891646
0.891646
1.275588
1.275588
1.222662
1.222662
1.038093
1.038093
1.297963
1.297963
1.228932
1.228932
1.303455
1.303455
1.017707
1.017707
1.722980
1.722980
1.157364
1.157364
1.831298
1.831298
1.244176
1.244176
1.190707
1.190707
1.038886
1.038886
1.225099
1.225099
1.368629
1.368629
1.562298
1.562298
1.351232
1.351232
1.326606
1.326606
1.269021
1.269021
1.209869
1.209869
1.353809
1.353809
1.618536
1.618536
1.346398
1.346398
1.145780
1.145780
1.256580
1.256580
1.396887
1.396887
1.216495
1.216495
1.179196
1.179196
1.227017
1.227017
1.665817
1.665817
1.235620
1.235620
1.236622
1.236622
1.206761
1.206761
1.052984
1.052984
0.936157
0.936157
0.995591
0.995591
1.046776
1.046776
1.060729
1.060729
0.844182
0.844182
1.018392
1.018392
1.048487
1.048487
0.888241
0.888241
0.652098
0.652098
1.049521
1.049521
0.993387
0.993387
0.936966
0.936966
0.958156
0.958156
0.775181
0.775181
0.988730
0.988730
0.857661
0.857661
1.169545
1.169545
1.064662
1.064662
1.115647
1.115647
0.958665
0.958665
0.658236
0.658236
1.097380
1.097380
0.912657
0.912657
0.912764
0.912764
0.814357
0.814357
0.789499
0.789499
1.058499
1.058499
1.035647
1.035647
0.610590
0.610590
1.009865
1.009865
0.891899
0.891899
0.867049
0.867049
0.923689
0.923689
0.727593
0.727593
0.785859
0.785859
0.868246
0.868246
0.817997
0.817997
0.958813
0.958813
0.953551
0.953551
1.210058
1.210058
1.226978
1.226978
0.883342
0.883342
1.178690
1.178690
1.202375
1.202375
0.854913
0.854913
1.164178
1.164178
1.230621
1.230621
0.910428
0.910428
1.250669
1.250669
1.068602
1.068602
1.110273
1.110273
1.611179
1.611179
1.107323
1.107323
0.883576
0.883576
1.309334
1.309334
0.879823
0.879823
1.006200
1.006200
1.370739
1.370739
1.243619
1.243619
1.249872
1.249872
1.353152
1.353152
1.162690
1.162690
1.380976
1.380976
1.158604
1.158604
0.980741
0.980741
0.955936
0.955936
1.316090
1.316090
1.488926
1.488926
1.264206
1.264206
1.171805
1.171805
0.791644
0.791644
1.303621
1.303621
1.110643
1.110643
1.104292
1.104292
1.267334
1.267334
1.085302
1.085302
1.342106
1.342106
1.108024
1.108024
1.503071
1.503071
1.247529
1.247529
1.310242
1.310242
1.308396
1.308396
1.317977
1.317977
1.180981
1.180981
1.232604
1.232604
0.797289
0.797289
1.152501
1.152501
1.093434
1.093434
1.095218
1.095218
1.229147
1.229147
1.305215
1.305215
1.243160
1.243160
1.278999
1.278999
0.896169
0.896169
1.312849
1.312849
1.189726
1.189726
1.016627
1.016627
1.090092
1.090092
0.832406
0.832406
1.219045
1.219045
1.091276
1.091276
0.943077
0.943077
1.202702
1.202702
0.933482
0.933482
1.222665
1.222665
1.052932
1.052932
1.033530
1.033530
0.917409
0.917409
1.007548
1.007548
1.151745
1.151745
1.046088
1.046088
1.264285
1.264285
0.957522
0.957522
0.980306
0.980306
0.967677
0.967677
0.809789
0.809789
1.031391
1.031391
0.917455
0.917455
0.858438
0.858438
0.609113
0.609113
0.774561
0.774561
1.134490
1.134490
0.941770
0.941770
1.195859
1.195859
0.872125
0.872125
1.054637
1.054637
0.830594
0.830594
0.749060
0.749060
0.842702
0.842702
0.853981
0.853981
0.768399
0.768399
0.701680
0.701680
0.832394
0.832394
0.918458
0.918458
0.812923
0.812923
0.770796
0.770796
0.718723
0.718723
0.980249
0.980249
0.953353
0.953353
0.784967
0.784967
1.013647
1.013647
0.899522
0.899522
1.213581
1.213581
0.699500
0.699500
0.492042
0.492042
1.093949
1.093949
1.182625
1.182625
1.190463
1.190463
0.918971
0.918971
1.008379
1.008379
0.979630
0.979630
1.070566
1.070566
1.086566
1.086566
0.933453
0.933453
1.111838
1.111838
0.970172
0.970172
1.143917
1.143917
1.445649
1.445649
1.004015
1.004015
1.024231
1.024231
1.244241
1.244241
1.269117
1.269117
1.081880
1.081880
1.058454
1.058454
1.499809
1.499809
1.258834
1.258834
1.115808
1.115808
1.735019
1.735019
1.505295
1.505295
1.693853
1.693853
1.411240
1.411240
1.506514
1.506514
1.490159
1.490159
1.317541
1.317541
1.539162
1.539162
1.700786
1.700786
1.559132
1.559132
1.536373
1.536373
1.512044
1.512044
1.755574
1.755574
1.655730
1.655730
1.152493
1.152493
1.720659
1.720659
1.540688
1.540688
1.657043
1.657043
1.611312
1.611312
1.701486
1.701486
1.461564
1.461564
1.477892
1.477892
1.692349
1.692349
1.781607
1.781607
1.468820
1.468820
1.538109
1.538109
1.616881
1.616881
1.330510
1.330510
1.339396
1.339396
1.135124
1.135124
1.129673
1.129673
1.419567
1.419567
1.158524
1.158524
1.229228
1.229228
1.533298
1.533298
1.437524
1.437524
1.111488
1.111488
1.177382
1.177382
1.404288
1.404288
1.001589
1.001589
0.871195
0.871195
1.015300
1.015300
1.088743
1.088743
0.950169
0.950169
0.995704
0.995704
0.868414
0.868414
0.820068
0.820068
0.946330
0.946330
0.838220
0.838220
0.530476
0.530476
0.924692
0.924692
0.989433
0.989433
0.631537
0.631537
0.717243
0.717243
0.799996
0.799996
0.511306
0.511306
0.813701
0.813701
0.741724
0.741724
0.723060
0.723060
0.887230
0.887230
0.713366
0.713366
0.793118
0.793118
0.550650
0.550650
0.974638
0.974638
0.890948
0.890948
0.736027
0.736027
0.733211
0.733211
0.981301
0.981301
0.906008
0.906008
1.065244
1.065244
0.963748
0.963748
0.894923
0.894923
0.771301
0.771301
0.907169
0.907169
1.113114
1.113114
0.964580
0.964580
1.258461
1.258461
1.239722
1.239722
1.324398
1.324398
1.468131
1.468131
1.547840
1.547840
1.481363
1.481363
1.224195
1.224195
1.491953
1.491953
1.542777
1.542777
1.554622
1.554622
1.681775
1.681775
1.484093
1.484093
1.689988
1.689988
1.666795
1.666795
1.477351
1.477351
2.171968
2.171968
1.697174
1.697174
1.803614
1.803614
1.534191
1.534191
1.557734
1.557734
1.817165
1.817165
1.712277
1.712277
2.012638
2.012638
1.682951
1.682951
1.591298
1.591298
1.686551
1.686551
1.475546
1.475546
1.493253
1.493253
1.798277
1.798277
2.124620
2.124620
1.532321
1.532321
1.834665
1.834665
1.831908
1.831908
1.884015
1.884015
1.661169
1.661169
1.666033
1.666033
1.711540
1.711540
1.468627
1.468627
1.929248
1.929248
1.792081
1.792081
1.451687
1.451687
1.402862
1.402862
1.450423
1.450423
1.466828
1.466828
1.637130
1.637130
1.491938
1.491938
1.919058
1.919058
1.395422
1.395422
1.059102
1.059102
1.277236
1.277236
0.944191
0.944191
1.302819
1.302819
1.319954
1.319954
0.934976
0.934976
1.288717
1.288717
1.132070
1.132070
1.185012
1.185012
1.014156
1.014156
0.800327
0.800327
0.812876
0.812876
0.849468
0.849468
1.082822
1.082822
0.985382
0.985382
0.712967
0.712967
0.937665
0.937665
0.892559
0.892559
0.744005
0.744005
0.748566
0.748566
0.879110
0.879110
0.886157
0.886157
0.892488
0.892488
0.763518
0.763518
0.725973
0.725973
1.052134
1.052134
1.242174
1.242174
0.833801
0.833801
0.710647
0.710647
0.612609
0.612609
1.037903
1.037903
0.985040
0.985040
0.945481
0.945481
0.718444
0.718444
0.629395
0.629395
0.707147
0.707147
0.646047
0.646047
0.778322
0.778322
0.861498
0.861498
1.196395
1.196395
1.141461
1.141461
1.046908
1.046908
1.393809
1.393809
0.895400
0.895400
0.998896
0.998896
1.302095
1.302095
1.117350
1.117350
1.143171
1.143171
0.985986
0.985986
1.356909
1.356909
1.425618
1.425618
1.359421
1.359421
1.062609
1.062609
1.537232
1.537232
1.469987
1.469987
1.507166
1.507166
1.379362
1.379362
1.176793
1.176793
1.287306
1.287306
1.325818
1.325818
1.769645
1.769645
1.285569
1.285569
1.132866
1.132866
1.634114
1.634114
1.333092
1.333092
1.322168
1.322168
1.446733
1.446733
1.341427
1.341427
1.485245
1.485245
1.323262
1.323262
1.307351
1.307351
1.473081
1.473081
1.523803
1.523803
1.347626
1.347626
1.589914
1.589914
1.391030
1.391030
1.721712
1.721712
1.575013
1.575013
1.108353
1.108353
1.227664
1.227664
1.349614
1.349614
1.241385
1.241385
1.395146
1.395146
1.177142
1.177142
1.250481
1.250481
1.258978
1.258978
1.364241
1.364241
1.279880
1.279880
0.889583
0.889583
1.264455
1.264455
1.352001
1.352001
1.014032
1.014032
1.257712
1.257712
1.318956
1.318956
1.226956
1.226956
1.022610
1.022610
1.112622
1.112622
0.999450
0.999450
0.845952
0.845952
1.192898
1.192898
1.123351
1.123351
1.019841
1.019841
0.897997
0.897997
0.974527
0.974527
0.979505
0.979505
0.868350
0.868350
1.155297
1.155297
1.086672
1.086672
1.098468
1.098468
1.032398
1.032398
1.181321
1.181321
0.665862
0.665862
1.199479
1.199479
0.946818
0.946818
0.826546
0.826546
0.989380
0.989380
1.044635
1.044635
1.118425
1.118425
1.192167
1.192167
1.050489
1.050489
0.980787
0.980787
0.966251
0.966251
1.127040
1.127040
1.239266
1.239266
0.706471
0.706471
0.927607
0.927607
1.155050
1.155050
0.988401
0.988401
0.751457
0.751457
1.040198
1.040198
0.999333
0.999333
0.916312
0.916312
1.096360
1.096360
1.394702
1.394702
0.761252
0.761252
0.990564
0.990564
1.012158
1.012158
1.270315
1.270315
0.753709
0.753709
0.932232
0.932232
1.112808
1.112808
0.859831
0.859831
1.028140
1.028140
1.231965
1.231965
1.160259
1.160259
1.095743
1.095743
0.865645
0.865645
0.893689
0.893689
0.813654
0.813654
0.967462
0.967462
1.021750
1.021750
0.654112
0.654112
0.737483
0.737483
1.183649
1.183649
0.899521
0.899521
0.860255
0.860255
0.851599
0.851599
1.075420
1.075420
1.213655
1.213655
1.080065
1.080065
1.200043
1.200043
1.348999
1.348999
1.339503
1.339503
1.142893
1.142893
1.380999
1.380999
0.837586
0.837586
0.976793
0.976793
1.248416
1.248416
1.355326
1.355326
1.232807
1.232807
1.380935
1.380935
1.066453
1.066453
1.179847
1.179847
0.776748
0.776748
1.007298
1.007298
1.125555
1.125555
0.910733
0.910733
1.301879
1.301879
1.282208
1.282208
1.374899
1.374899
1.401648
1.401648
1.229546
1.229546
1.176057
1.176057
1.534036
1.534036
0.880326
0.880326
1.241357
1.241357
0.778060
0.778060
1.383541
1.383541
1.475554
1.475554
0.986146
0.986146
1.242821
1.242821
1.066571
1.066571
1.115139
1.115139
1.230004
1.230004
1.154583
1.154583
1.295173
1.295173
1.213354
1.213354
1.069183
1.069183
1.431460
1.431460
0.892318
0.892318
1.404494
1.404494
1.062881
1.062881
1.362495
1.362495
1.084361
1.084361
1.235757
1.235757
1.180099
1.180099
0.966223
0.966223
1.144843
1.144843
1.250648
1.250648
1.496037
1.496037
1.034009
1.034009
1.070644
1.070644
1.198105
1.198105
1.214602
1.214602
0.880392
0.880392
0.876794
0.876794
0.995751
0.995751
1.026440
1.026440
0.957171
0.957171
0.597225
0.597225
0.947111
0.947111
1.132129
1.132129
0.656649
0.656649
0.743451
0.743451
0.917315
0.917315
0.994226
0.994226
0.721782
0.721782
1.171311
1.171311
0.991998
0.991998
0.699473
0.699473
0.859570
0.859570
1.274615
1.274615
0.730606
0.730606
0.709280
0.709280
0.839791
0.839791
0.901336
0.901336
0.776375
0.776375
0.954552
0.954552
0.952178
0.952178
0.876147
0.876147
0.986096
0.986096
0.981882
0.981882
0.904852
0.904852
0.981348
0.981348
0.930325
0.930325
0.759270
0.759270
0.920092
0.920092
1.159237
1.159237
1.276841
1.276841
0.966924
0.966924
1.189018
1.189018
1.347774
1.347774
1.000334
1.000334
1.116081
1.116081
1.041388
1.041388
0.952134
0.952134
0.783327
0.783327
0.822746
0.822746
1.034137
1.034137
0.949990
0.949990
1.169864
1.169864
1.131073
1.131073
1.289067
1.289067
1.468037
1.468037
1.069700
1.069700
1.050525
1.050525
1.590937
1.590937
1.078661
1.078661
1.295201
1.295201
1.233758
1.233758
1.659196
1.659196
1.407558
1.407558
1.623575
1.623575
1.489070
1.489070
1.546936
1.546936
1.502932
1.502932
1.408350
1.408350
1.888248
1.888248
1.613261
1.613261
1.178584
1.178584
1.675673
1.675673
1.725292
1.725292
1.780161
1.780161
1.593007
1.593007
1.525425
1.525425
1.705572
1.705572
1.364882
1.364882
1.517207
1.517207
1.808809
1.808809
1.798123
1.798123
1.456450
1.456450
1.698510
1.698510
1.717510
1.717510
1.408824
1.408824
1.475373
1.475373
1.414735
1.414735
1.404324
1.404324
1.255558
1.255558
1.397593
1.397593
1.411786
1.411786
1.345920
1.345920
1.573390
1.573390
1.244571
1.244571
0.967438
0.967438
1.199972
1.199972
1.353268
1.353268
1.249286
1.249286
1.089354
1.089354
1.114375
1.114375
1.293321
1.293321
1.302191
1.302191
0.894372
0.894372
0.913493
0.913493
1.151426
1.151426
1.129697
1.129697
0.875041
0.875041
0.852892
0.852892
1.144743
1.144743
1.079820
1.079820
1.020087
1.020087
1.351402
1.351402
1.070169
1.070169
0.919673
0.919673
0.967755
0.967755
0.859031
0.859031
1.023367
1.023367
0.939399
0.939399
1.241142
1.241142
1.386943
1.386943
1.450038
1.450038
0.902159
0.902159
1.034195
1.034195
1.122813
1.122813
0.886938
0.886938
0.886486
0.886486
1.027360
1.027360
0.998460
0.998460
1.172512
1.172512
0.871544
0.871544
0.903365
0.903365
0.918463
0.918463
1.130099
1.130099
0.875568
0.875568
0.910569
0.910569
0.631402
0.631402
1.084699
1.084699
1.096561
1.096561
1.219250
1.219250
0.837971
0.837971
1.006158
1.006158
1.080416
1.080416
1.022640
1.022640
0.945035
0.945035
1.240781
1.240781
1.097130
1.097130
0.963477
0.963477
1.044245
1.044245
0.967896
0.967896
1.219422
1.219422
1.130220
1.130220
1.516145
1.516145
1.523394
1.523394
1.598283
1.598283
1.704610
1.704610
1.601056
1.601056
1.234442
1.234442
1.436125
1.436125
1.606337
1.606337
1.508069
1.508069
1.684973
1.684973
1.379411
1.379411
1.515244
1.515244
1.428154
1.428154
1.450124
1.450124
1.560362
1.560362
0.994920
0.994920
1.653544
1.653544
1.849661
1.849661
1.255698
1.255698
1.746040
1.746040
1.246112
1.246112
1.191629
1.191629
1.425768
1.425768
1.358010
1.358010
1.157074
1.157074
1.338666
1.338666
1.482877
1.482877
1.614902
1.614902
1.300842
1.300842
1.461309
1.461309
0.998328
0.998328
0.987882
0.987882
1.045523
1.045523
1.738393
1.738393
1.145145
1.145145
1.397547
1.397547
1.101462
1.101462
1.130809
1.130809
1.421003
1.421003
1.302655
1.302655
1.292926
1.292926
1.327407
1.327407
1.319622
1.319622
1.230263
1.230263
1.009858
1.009858
1.276300
1.276300
1.098422
1.098422
1.363863
1.363863
1.159694
1.159694
1.231396
1.231396
1.275888
1.275888
1.190781
1.190781
1.128784
1.128784
1.292299
1.292299
1.068141
1.068141
1.162892
1.162892
1.050161
1.050161
0.965959
0.965959
1.110003
1.110003
0.996421
0.996421
0.889171
0.889171
0.827816
0.827816
0.922698
0.922698
0.826508
0.826508
0.822552
0.822552
0.887166
0.887166
1.180789
1.180789
0.714002
0.714002
0.940396
0.940396
0.866655
0.866655
0.821054
0.821054
1.062225
1.062225
0.720151
0.720151
0.827774
0.827774
0.696888
0.696888
0.921354
0.921354
0.966657
0.966657
1.174134
1.174134
1.431596
1.431596
1.100931
1.100931
1.177884
1.177884
1.078093
1.078093
0.981332
0.981332
1.112234
1.112234
0.974999
0.974999
1.278063
1.278063
1.413849
1.413849
1.378583
1.378583
1.055193
1.055193
1.244648
1.244648
1.233303
1.233303
1.022070
1.022070
1.423000
1.423000
1.569168
1.569168
1.243600
1.243600
1.303797
1.303797
1.317236
1.317236
1.524491
1.524491
1.314574
1.314574
1.086176
1.086176
1.257380
1.257380
1.462006
1.462006
1.025208
1.025208
1.574052
1.574052
1.116406
1.116406
0.940948
0.940948
1.176826
1.176826
1.281929
1.281929
1.489725
1.489725
1.364492
1.364492
1.080926
1.080926
1.196886
1.196886
1.157527
1.157527
1.497632
1.497632
1.261220
1.261220
0.955369
0.955369
0.965970
0.965970
0.805670
0.805670
0.759436
0.759436
0.957665
0.957665
1.145703
1.145703
0.930213
0.930213
1.203028
1.203028
1.139029
1.139029
1.160923
1.160923
1.267966
1.267966
0.938934
0.938934
1.341373
1.341373
1.155534
1.155534
0.917050
0.917050
1.538392
1.538392
1.202437
1.202437
1.005902
1.005902
1.484003
1.484003
1.260602
1.260602
1.022004
1.022004
1.071694
1.071694
1.123587
1.123587
0.988103
0.988103
1.362974
1.362974
1.248878
1.248878
1.229846
1.229846
1.042876
1.042876
1.048894
1.048894
0.965825
0.965825
0.811381
0.811381
0.911726
0.911726
0.925762
0.925762
1.007513
1.007513
1.055665
1.055665
1.039346
1.039346
1.051884
1.051884
1.356128
1.356128
1.168682
1.168682
1.024710
1.024710
1.216580
1.216580
1.132699
1.132699
0.866077
0.866077
0.962822
0.962822
1.041810
1.041810
1.036771
1.036771
1.259417
1.259417
1.022386
1.022386
1.192138
1.192138
1.134296
1.134296
1.075106
1.075106
0.839655
0.839655
1.021728
1.021728
1.116230
1.116230
1.003397
1.003397
1.102316
1.102316
1.204283
1.204283
0.881529
0.881529
1.454863
1.454863
1.490633
1.490633
0.806002
0.806002
1.171162
1.171162
1.323285
1.323285
1.235649
1.235649
1.282824
1.282824
1.604170
1.604170
0.847511
0.847511
1.315260
1.315260
1.450346
1.450346
1.389553
1.389553
1.480635
1.480635
1.152014
1.152014
1.185132
1.185132
1.169194
1.169194
1.531387
1.531387
1.437540
1.437540
1.521484
1.521484
1.569643
1.569643
1.071203
1.071203
0.982901
0.982901
1.060052
1.060052
1.111934
1.111934
1.101461
1.101461
1.184521
1.184521
1.284753
1.284753
0.842800
0.842800
1.326092
1.326092
0.798802
0.798802
1.058949
1.058949
1.028625
1.028625
1.161422
1.161422
1.033107
1.033107
0.827599
0.827599
1.009351
1.009351
1.009712
1.009712
0.901108
0.901108
1.051951
1.051951
0.660304
0.660304
1.215806
1.215806
0.887017
0.887017
1.253066
1.253066
0.830376
0.830376
0.802310
0.802310
0.756854
0.756854
0.931964
0.931964
1.137182
1.137182
0.728412
0.728412
0.986488
0.986488
0.915748
0.915748
0.719740
0.719740
1.171045
1.171045
0.797080
0.797080
1.135892
1.135892
0.691052
0.691052
1.239046
1.239046
0.957733
0.957733
1.076299
1.076299
1.424073
1.424073
0.989734
0.989734
1.219136
1.219136
0.909307
0.909307
1.074208
1.074208
1.006039
1.006039
1.090472
1.090472
0.917335
0.917335
1.166960
1.166960
1.325038
1.325038
1.119885
1.119885
1.304213
1.304213
1.249621
1.249621
1.158384
1.158384
1.059920
1.059920
0.958671
0.958671
0.966887
0.966887
0.983100
0.983100
1.118054
1.118054
1.161019
1.161019
1.082957
1.082957
1.162278
1.162278
1.068305
1.068305
1.410223
1.410223
1.568426
1.568426
1.218169
1.218169
1.694339
1.694339
1.060454
1.060454
1.150621
1.150621
1.428450
1.428450
1.296861
1.296861
1.696223
1.696223
1.475490
1.475490
1.651081
1.651081
1.439211
1.439211
1.948237
1.948237
1.600962
1.600962
1.561289
1.561289
1.667422
1.667422
1.402443
1.402443
1.691209
1.691209
1.648277
1.648277
1.451106
1.451106
1.495553
1.495553
1.638398
1.638398
1.360124
1.360124
1.204557
1.204557
1.056114
1.056114
1.300308
1.300308
1.591502
1.591502
1.185469
1.185469
1.303714
1.303714
1.009074
1.009074
1.148707
1.148707
1.277384
1.277384
1.022224
1.022224
1.289269
1.289269
0.902648
0.902648
1.213212
1.213212
0.975985
0.975985
1.314570
1.314570
0.998702
0.998702
1.240364
1.240364
1.066499
1.066499
0.899301
0.899301
0.782666
0.782666
0.998207
0.998207
0.916798
0.916798
0.749494
0.749494
0.770789
0.770789
0.856148
0.856148
0.853135
0.853135
0.842743
0.842743
0.925135
0.925135
0.803045
0.803045
0.680312
0.680312
0.903423
0.903423
0.801924
0.801924
1.017979
1.017979
0.983203
0.983203
0.943600
0.943600
0.736198
0.736198
1.043934
1.043934
0.754288
0.754288
0.948340
0.948340
0.776657
0.776657
1.001070
1.001070
0.821490
0.821490
0.749565
0.749565
0.676716
0.676716
0.823154
0.823154
0.877331
0.877331
0.817777
0.817777
0.910780
0.910780
0.866266
0.866266
0.852966
0.852966
1.091851
1.091851
0.750510
0.750510
0.830600
0.830600
0.974100
0.974100
1.079324
1.079324
1.447420
1.447420
1.225945
1.225945
1.114946
1.114946
1.370906
1.370906
1.096292
1.096292
1.093954
1.093954
1.181061
1.181061
1.153063
1.153063
1.041089
1.041089
1.273232
1.273232
1.238945
1.238945
1.160191
1.160191
1.539477
1.539477
1.290228
1.290228
1.620948
1.620948
1.583264
1.583264
1.467280
1.467280
1.451047
1.451047
1.122046
1.122046
1.608739
1.608739
1.371956
1.371956
1.840223
1.840223
1.190657
1.190657
1.631102
1.631102
1.602680
1.602680
1.548971
1.548971
1.135159
1.135159
1.298661
1.298661
1.847299
1.847299
1.352257
1.352257
1.325452
1.325452
1.467974
1.467974
1.497292
1.497292
1.667448
1.667448
1.524854
1.524854
1.176528
1.176528
1.488648
1.488648
1.404903
1.404903
1.140794
1.140794
1.483974
1.483974
1.227193
1.227193
1.089472
1.089472
1.345541
1.345541
1.019153
1.019153
1.212597
1.212597
1.370418
1.370418
1.282339
1.282339
1.087165
1.087165
0.968747
0.968747
1.384448
1.384448
0.934470
0.934470
1.450782
1.450782
1.192082
1.192082
0.991579
0.991579
0.863482
0.863482
0.938779
0.938779
1.047632
1.047632
1.115888
1.115888
0.854603
0.854603
0.780651
0.780651
0.917309
0.917309
0.717650
0.717650
1.120112
1.120112
0.976461
0.976461
0.951380
0.951380
0.805964
0.805964
0.960377
0.960377
0.961625
0.961625
1.075073
1.075073
0.964571
0.964571
0.917040
0.917040
1.210435
1.210435
0.967557
0.967557
1.000247
1.000247
0.775466
0.775466
0.724593
0.724593
0.976903
0.976903
0.792313
0.792313
0.544875
0.544875
0.918434
0.918434
0.725014
0.725014
0.788101
0.788101
1.096935
1.096935
0.783322
0.783322
0.957955
0.957955
0.811864
0.811864
1.062960
1.062960
0.718199
0.718199
0.797357
0.797357
1.293623
1.293623
0.705718
0.705718
0.558520
0.558520
1.065807
1.065807
0.672911
0.672911
1.197338
1.197338
0.911455
0.911455
0.878098
0.878098
0.861272
0.861272
0.992673
0.992673
0.801040
0.801040
0.923091
0.923091
1.030732
1.030732
1.485754
1.485754
0.918633
0.918633
1.000128
1.000128
0.849336
0.849336
1.056844
1.056844
1.193282
1.193282
1.047382
1.047382
1.389791
1.389791
0.996566
0.996566
1.269488
1.269488
1.561123
1.561123
1.149776
1.149776
1.338141
1.338141
1.783725
1.783725
1.392777
1.392777
1.434917
1.434917
1.375340
1.375340
1.565673
1.565673
1.366348
1.366348
1.529477
1.529477
2.072717
2.072717
1.798450
1.798450
1.500755
1.500755
1.142527
1.142527
1.226638
1.226638
1.418033
1.418033
1.378765
1.378765
1.683892
1.683892
1.530496
1.530496
1.223522
1.223522
1.240466
1.240466
1.455540
1.455540
1.316623
1.316623
1.380613
1.380613
1.395855
1.395855
1.385598
1.385598
1.064684
1.064684
1.526385
1.526385
1.329603
1.329603
1.352203
1.352203
1.268508
1.268508
1.425487
1.425487
1.658561
1.658561
1.383114
1.383114
1.249381
1.249381
1.213507
1.213507
1.376065
1.376065
1.174392
1.174392
1.145437
1.145437
1.311245
1.311245
1.298172
1.298172
1.343375
1.343375
0.990528
0.990528
0.969591
0.969591
1.077157
1.077157
1.434256
1.434256
1.180687
1.180687
1.513628
1.513628
1.370615
1.370615
1.107182
1.107182
1.142650
1.142650
0.844100
0.844100
0.898317
0.898317
1.002099
1.002099
0.957022
0.957022
1.237611
1.237611
0.828768
0.828768
0.937779
0.937779
0.720599
0.720599
0.786795
0.786795
0.600176
0.600176
0.504864
0.504864
0.656088
0.656088
0.591328
0.591328
0.631618
0.631618
0.695040
0.695040
0.843446
0.843446
0.668296
0.668296
0.587103
0.587103
0.793251
0.793251
0.739697
0.739697
0.758847
0.758847
0.986174
0.986174
0.761488
0.761488
0.852018
0.852018
0.748906
0.748906
0.853327
0.853327
0.576394
0.576394
0.633565
0.633565
0.693953
0.693953
1.073426
1.073426
1.196467
1.196467
0.836980
0.836980
1.028867
1.028867
1.158774
1.158774
1.075011
1.075011
1.559908
1.559908
1.312359
1.312359
0.977109
0.977109
1.214792
1.214792
1.126201
1.126201
1.419258
1.419258
1.242621
1.242621
1.347363
1.347363
1.246907
1.246907
1.699275
1.699275
1.399233
1.399233
1.956409
1.956409
1.596208
1.596208
1.200099
1.200099
1.910168
1.910168
2.254804
2.254804
1.854251
1.854251
1.634936
1.634936
1.700133
1.700133
1.606260
1.606260
1.963795
1.963795
1.977534
1.977534
2.034041
2.034041
1.777334
1.777334
1.619404
1.619404
2.080435
2.080435
1.487042
1.487042
2.302749
2.302749
1.638708
1.638708
2.097541
2.097541
2.066459
2.066459
1.666627
1.666627
1.836260
1.836260
1.833428
1.833428
1.924311
1.924311
2.230898
2.230898
1.622027
1.622027
1.983972
1.983972
1.983526
1.983526
1.831024
1.831024
1.682480
1.682480
1.660855
1.660855
1.921569
1.921569
1.695551
1.695551
1.901786
1.901786
1.445482
1.445482
1.878408
1.878408
1.790565
1.790565
1.757425
1.757425
1.393628
1.393628
1.257722
1.257722
1.340217
1.340217
1.508475
1.508475
1.472376
1.472376
1.484786
1.484786
1.354373
1.354373
1.082147
1.082147
1.480926
1.480926
1.328964
1.328964
0.970051
0.970051
0.932085
0.932085
1.031897
1.031897
1.121780
1.121780
0.916565
0.916565
0.731107
0.731107
0.896178
0.896178
0.944126
0.944126
0.933679
0.933679
0.659979
0.659979
0.877030
0.877030
0.739243
0.739243
0.742456
0.742456
0.652886
0.652886
0.862427
0.862427
0.665127
0.665127
0.728601
0.728601
0.861132
0.861132
0.823257
0.823257
0.938038
0.938038
0.593526
0.593526
0.835525
0.835525
0.745939
0.745939
0.855272
0.855272
0.757218
0.757218
0.862310
0.862310
0.866476
0.866476
0.518071
0.518071
0.758825
0.758825
1.070366
1.070366
0.503287
0.503287
0.723336
0.723336
0.856768
0.856768
0.987956
0.987956
0.941949
0.941949
0.638556
0.638556
1.370649
1.370649
0.858241
0.858241
0.909945
0.909945
0.938891
0.938891
0.871869
0.871869
1.214818
1.214818
1.094763
1.094763
1.391662
1.391662
1.224227
1.224227
1.159183
1.159183
1.770736
1.770736
1.188343
1.188343
1.356415
1.356415
1.633464
1.633464
1.367973
1.367973
1.243344
1.243344
1.341100
1.341100
1.500824
1.500824
1.209196
1.209196
1.612831
1.612831
1.385924
1.385924
1.508292
1.508292
1.730754
1.730754
1.130057
1.130057
1.528511
1.528511
1.420462
1.420462
1.532698
1.532698
1.207715
1.207715
1.324473
1.324473
1.574201
1.574201
1.856260
1.856260
1.337884
1.337884
1.622615
1.622615
1.667859
1.667859
1.446354
1.446354
1.509462
1.509462
1.747760
1.747760
1.651640
1.651640
1.332341
1.332341
1.523097
1.523097
1.242382
1.242382
1.237433
1.237433
1.437379
1.437379
1.598237
1.598237
1.485804
1.485804
1.670941
1.670941
1.258943
1.258943
1.346590
1.346590
1.162629
1.162629
1.608309
1.608309
1.300435
1.300435
1.143069
1.143069
1.481820
1.481820
1.271757
1.271757
1.170306
1.170306
1.450703
1.450703
1.372593
1.372593
1.378563
1.378563
1.188397
1.188397
1.574938
1.574938
1.628698
1.628698
1.395631
1.395631
1.056809
1.056809
1.281008
1.281008
1.111974
1.111974
1.009150
1.009150
1.094108
1.094108
1.146375
1.146375
0.928566
0.928566
0.925555
0.925555
1.227101
1.227101
1.169379
1.169379
1.057149
1.057149
1.244239
1.244239
0.895410
0.895410
0.895624
0.895624
0.825440
0.825440
0.984882
0.984882
0.880892
0.880892
1.038307
1.038307
1.017890
1.017890
0.770337
0.770337
1.146817
1.146817
1.132483
1.132483
0.889505
0.889505
0.998360
0.998360
0.685785
0.685785
1.028108
1.028108
0.634243
0.634243
0.695033
0.695033
1.019123
1.019123
0.539698
0.539698
0.901604
0.901604
1.040442
1.040442
0.922740
0.922740
0.735711
0.735711
1.053715
1.053715
0.918087
0.918087
0.822737
0.822737
0.910826
0.910826
0.901854
0.901854
0.851684
0.851684
0.792776
0.792776
0.861878
0.861878
0.775989
0.775989
0.710083
0.710083
0.858620
0.858620
0.970014
0.970014
0.829205
0.829205
0.813766
0.813766
0.953056
0.953056
1.032256
1.032256
1.013823
1.013823
0.972884
0.972884
0.750261
0.750261
0.913135
0.913135
0.589489
0.589489
0.794604
0.794604
0.801032
0.801032
1.028933
1.028933
1.182566
1.182566
1.097214
1.097214
1.144095
1.144095
1.105067
1.105067
1.029271
1.029271
0.879669
0.879669
1.061143
1.061143
0.950273
0.950273
1.176945
1.176945
0.881862
0.881862
1.272039
1.272039
1.326561
1.326561
1.257817
1.257817
1.234835
1.234835
1.329068
1.329068
1.180882
1.180882
1.230193
1.230193
1.256305
1.256305
1.030997
1.030997
1.202702
1.202702
1.267087
1.267087
1.185155
1.185155
1.056244
1.056244
1.643602
1.643602
1.352843
1.352843
1.344606
1.344606
1.346676
1.346676
1.070961
1.070961
1.293341
1.293341
1.378123
1.378123
1.317987
1.317987
1.411026
1.411026
1.250078
1.250078
1.424199
1.424199
1.413799
1.413799
1.366666
1.366666
1.636439
1.636439
1.573969
1.573969
1.074116
1.074116
1.541701
1.541701
1.560750
1.560750
1.507774
1.507774
1.732766
1.732766
1.601159
1.601159
1.352067
1.352067
1.196237
1.196237
1.242675
1.242675
1.369554
1.369554
1.308603
1.308603
1.303038
1.303038
1.227611
1.227611
1.417470
1.417470
1.148301
1.148301
1.198474
1.198474
1.792659
1.792659
1.123461
1.123461
1.150481
1.150481
1.097539
1.097539
1.245806
1.245806
1.336269
1.336269
0.910387
0.910387
1.027037
1.027037
1.029770
1.029770
1.103879
1.103879
0.990211
0.990211
1.171763
1.171763
1.110486
1.110486
1.405512
1.405512
1.286350
1.286350
1.038502
1.038502
0.995100
0.995100
1.072038
1.072038
1.333844
1.333844
0.880738
0.880738
0.880500
0.880500
0.719469
0.719469
1.054189
1.054189
0.792818
0.792818
0.744905
0.744905
1.250098
1.250098
0.700433
0.700433
0.962223
0.962223
0.551162
0.551162
0.966017
0.966017
0.687748
0.687748
0.600144
0.600144
0.669713
0.669713
0.892398
0.892398
0.634329
0.634329
0.905794
0.905794
0.835971
0.835971
0.898280
0.898280
0.609729
0.609729
0.869320
0.869320
0.650603
0.650603
0.567316
0.567316
0.766953
0.766953
1.019490
1.019490
0.861618
0.861618
0.708851
0.708851
0.812288
0.812288
0.894657
0.894657
0.741177
0.741177
0.868751
0.868751
0.868570
0.868570
0.868356
0.868356
0.769923
0.769923
0.604754
0.604754
0.805702
0.805702
1.200037
1.200037
1.355841
1.355841
1.175227
1.175227
1.097505
1.097505
1.160409
1.160409
1.194372
1.194372
1.120445
1.120445
1.248819
1.248819
1.219789
1.219789
1.257445
1.257445
0.982862
0.982862
1.464033
1.464033
1.847046
1.847046
1.283313
1.283313
1.373372
1.373372
1.212494
1.212494
1.309006
1.309006
1.618837
1.618837
1.382527
1.382527
1.519274
1.519274
1.200975
1.200975
1.241770
1.241770
1.326422
1.326422
1.533102
1.533102
1.691473
1.691473
1.474433
1.474433
1.358919
1.358919
1.364546
1.364546
1.057881
1.057881
1.392358
1.392358
1.621115
1.621115
1.213553
1.213553
1.279350
1.279350
1.205017
1.205017
1.522902
1.522902
1.427028
1.427028
1.239054
1.239054
1.355186
1.355186
1.435919
1.435919
1.611853
1.611853
1.303835
1.303835
1.323466
1.323466
1.420094
1.420094
1.439771
1.439771
1.055066
1.055066
1.445159
1.445159
1.009055
1.009055
1.284793
1.284793
1.367284
1.367284
1.149792
1.149792
1.315314
1.315314
1.451918
1.451918
0.862937
0.862937
1.188761
1.188761
1.033963
1.033963
0.913673
0.913673
1.100297
1.100297
1.039412
1.039412
0.838360
0.838360
1.077856
1.077856
0.831342
0.831342
1.142152
1.142152
1.040931
1.040931
0.824177
0.824177
0.963321
0.963321
0.816033
0.816033
1.039237
1.039237
0.612218
0.612218
0.766722
0.766722
0.798745
0.798745
0.914570
0.914570
0.866898
0.866898
0.789343
0.789343
0.559803
0.559803
0.583503
0.583503
0.878642
0.878642
0.752689
0.752689
0.799303
0.799303
0.927214
0.927214
0.769703
0.769703
0.939942
0.939942
0.931068
0.931068
0.696661
0.696661
0.728184
0.728184
0.777835
0.777835
0.826659
0.826659
0.861335
0.861335
0.895475
0.895475
0.814315
0.814315
0.817218
0.817218
1.103896
1.103896
0.916263
0.916263
1.009807
1.009807
0.770638
0.770638
1.193436
1.193436
1.222391
1.222391
1.304763
1.304763
0.727230
0.727230
0.639943
0.639943
0.849847
0.849847
1.003326
1.003326
1.140388
1.140388
1.010187
1.010187
0.925628
0.925628
1.098825
1.098825
1.099591
1.099591
0.930601
0.930601
0.909935
0.909935
0.801364
0.801364
0.871516
0.871516
1.015712
1.015712
1.220673
1.220673
1.175685
1.175685
1.121783
1.121783
1.035902
1.035902
1.121714
1.121714
1.289559
1.289559
0.935533
0.935533
0.960074
0.960074
0.858838
0.858838
1.073599
1.073599
1.059533
1.059533
0.714904
0.714904
0.992292
0.992292
0.972118
0.972118
1.099833
1.099833
1.101620
1.101620
1.022743
1.022743
0.983135
0.983135
1.343609
1.343609
1.002942
1.002942
1.084590
1.084590
1.072019
1.072019
1.018153
1.018153
1.106036
1.106036
0.912444
0.912444
1.281841
1.281841
1.227956
1.227956
0.781221
0.781221
0.989685
0.989685
0.914413
0.914413
1.175284
1.175284
1.215027
1.215027
0.987076
0.987076
0.926260
0.926260
1.171247
1.171247
1.106007
1.106007
1.065477
1.065477
1.039566
1.039566
0.878128
0.878128
1.087444
1.087444
1.296647
1.296647
0.992736
0.992736
0.757380
0.757380
1.071959
1.071959
1.083431
1.083431
0.950906
0.950906
0.926713
0.926713
1.123206
1.123206
1.122916
1.122916
0.909117
0.909117
1.048312
1.048312
0.968630
0.968630
0.856412
0.856412
1.172813
1.172813
0.841828
0.841828
1.059861
1.059861
1.068525
1.068525
1.311582
1.311582
1.241519
1.241519
0.912111
0.912111
1.229385
1.229385
0.975233
0.975233
1.030359
1.030359
1.180804
1.180804
1.391590
1.391590
1.389747
1.389747
1.019672
1.019672
0.967648
0.967648
0.980005
0.980005
1.097224
1.097224
1.311474
1.311474
0.965135
0.965135
1.130630
1.130630
1.113069
1.113069
1.442976
1.442976
0.991825
0.991825
0.773620
0.773620
0.704353
0.704353
0.913291
0.913291
1.104497
1.104497
0.660867
0.660867
0.906287
0.906287
1.051037
1.051037
0.844417
0.844417
0.771850
0.771850
1.095597
1.095597
1.112382
1.112382
0.809672
0.809672
1.034280
1.034280
1.025179
1.025179
0.599026
0.599026
0.879768
0.879768
0.851729
0.851729
0.742432
0.742432
0.883359
0.883359
0.950777
0.950777
0.766914
0.766914
0.963968
0.963968
0.768219
0.768219
0.769332
0.769332
0.892079
0.892079
0.963425
0.963425
0.759675
0.759675
1.034896
1.034896
1.304725
1.304725
1.173383
1.173383
0.866739
0.866739
0.927642
0.927642
0.924263
0.924263
0.809797
0.809797
1.073105
1.073105
0.806654
0.806654
1.315905
1.315905
1.227810
1.227810
1.079240
1.079240
1.182467
1.182467
1.263001
1.263001
1.215058
1.215058
1.103276
1.103276
0.898110
0.898110
1.220477
1.220477
1.257938
1.257938
1.531950
1.531950
1.264819
1.264819
1.237439
1.237439
1.180723
1.180723
1.220548
1.220548
1.122839
1.122839
1.151757
1.151757
1.351149
1.351149
1.417396
1.417396
1.287037
1.287037
1.311497
1.311497
1.224363
1.224363
1.282501
1.282501
1.019261
1.019261
1.600301
1.600301
1.499433
1.499433
1.133593
1.133593
1.948813
1.948813
1.247365
1.247365
1.151910
1.151910
1.581080
1.581080
1.249210
1.249210
1.311396
1.311396
0.777254
0.777254
1.023803
1.023803
1.235920
1.235920
1.462085
1.462085
1.190389
1.190389
1.059681
1.059681
1.157538
1.157538
1.377827
1.377827
1.191668
1.191668
1.106298
1.106298
0.958039
0.958039
1.462807
1.462807
1.214999
1.214999
1.160680
1.160680
1.206492
1.206492
1.368864
1.368864
1.019075
1.019075
0.828022
0.828022
1.398473
1.398473
0.818941
0.818941
1.280736
1.280736
0.982244
0.982244
0.983819
0.983819
0.875601
0.875601
1.014232
1.014232
0.841113
0.841113
0.801751
0.801751
0.891158
0.891158
0.855893
0.855893
0.601949
0.601949
0.772833
0.772833
0.708649
0.708649
0.917946
0.917946
0.916313
0.916313
0.568943
0.568943
0.832775
0.832775
0.825385
0.825385
0.796797
0.796797
0.594342
0.594342
0.945987
0.945987
0.727864
0.727864
0.898809
0.898809
0.892282
0.892282
1.071732
1.071732
1.054608
1.054608
0.715535
0.715535
1.183791
1.183791
0.812220
0.812220
0.851705
0.851705
1.022950
1.022950
1.039015
1.039015
1.047727
1.047727
0.888399
0.888399
1.026675
1.026675
0.809470
0.809470
1.119158
1.119158
0.943465
0.943465
0.982764
0.982764
1.193313
1.193313
1.130097
1.130097
1.161425
1.161425
1.244002
1.244002
1.022604
1.022604
1.109571
1.109571
1.123649
1.123649
1.062765
1.062765
1.397911
1.397911
1.276729
1.276729
1.388175
1.388175
1.189689
1.189689
1.215631
1.215631
1.212065
1.212065
1.370743
1.370743
1.558988
1.558988
1.536333
1.536333
1.846670
1.846670
1.597311
1.597311
1.404148
1.404148
1.229323
1.229323
1.281649
1.281649
1.124612
1.124612
1.351491
1.351491
1.267574
1.267574
1.665577
1.665577
1.331443
1.331443
1.494419
1.494419
1.678232
1.678232
1.311992
1.311992
1.476150
1.476150
0.982304
0.982304
1.384424
1.384424
1.384614
1.384614
1.109010
1.109010
1.490634
1.490634
1.301555
1.301555
1.280546
1.280546
1.332372
1.332372
1.207121
1.207121
1.374239
1.374239
1.228436
1.228436
1.278316
1.278316
0.925971
0.925971
1.144252
1.144252
1.027138
1.027138
1.218151
1.218151
1.420103
1.420103
1.338006
1.338006
1.243193
1.243193
1.043179
1.043179
1.456072
1.456072
1.509909
1.509909
0.970139
0.970139
0.933355
0.933355
1.120508
1.120508
1.160955
1.160955
0.985112
0.985112
1.037556
1.037556
1.284144
1.284144
1.055833
1.055833
0.977515
0.977515
1.128444
1.128444
0.814695
0.814695
1.128121
1.128121
1.072555
1.072555
0.802282
0.802282
0.824100
0.824100
0.872539
0.872539
0.748361
0.748361
0.854002
0.854002
1.069873
1.069873
0.898905
0.898905
0.895828
0.895828
0.973615
0.973615
0.937017
0.937017
0.608080
0.608080
0.768514
0.768514
0.822920
0.822920
0.954793
0.954793
0.909370
0.909370
0.755337
0.755337
0.574010
0.574010
0.806326
0.806326
0.942918
0.942918
0.703850
0.703850
0.957759
0.957759
0.986724
0.986724
1.140317
1.140317
0.788256
0.788256
1.027746
1.027746
1.080881
1.080881
0.873354
0.873354
1.119200
1.119200
0.997601
0.997601
1.026283
1.026283
1.047537
1.047537
0.987376
0.987376
0.975530
0.975530
1.123299
1.123299
1.460106
1.460106
1.215880
1.215880
1.175488
1.175488
1.049074
1.049074
1.242257
1.242257
0.959090
0.959090
1.443564
1.443564
1.132586
1.132586
1.109274
1.109274
1.134395
1.134395
0.934554
0.934554
1.319151
1.319151
1.439029
1.439029
0.971028
0.971028
1.076731
1.076731
1.251704
1.251704
1.490350
1.490350
1.290689
1.290689
1.611693
1.611693
1.192201
1.192201
1.082733
1.082733
1.060109
1.060109
1.412699
1.412699
1.526879
1.526879
1.811022
1.811022
1.304469
1.304469
1.377563
1.377563
1.251329
1.251329
1.412610
1.412610
1.542819
1.542819
1.154697
1.154697
1.212337
1.212337
1.246591
1.246591
1.594678
1.594678
1.301790
1.301790
1.296191
1.296191
1.414876
1.414876
1.539064
1.539064
1.172366
1.172366
1.419465
1.419465
1.256755
1.256755
1.492638
1.492638
1.357520
1.357520
1.039991
1.039991
1.412175
1.412175
1.185210
1.185210
1.090446
1.090446
0.766565
0.766565
0.928271
0.928271
1.211993
1.211993
0.903092
0.903092
1.233087
1.233087
1.165542
1.165542
0.753801
0.753801
1.083337
1.083337
0.904597
0.904597
0.941645
0.941645
1.082365
1.082365
0.886485
0.886485
1.167139
1.167139
0.979355
0.979355
0.608789
0.608789
0.957880
0.957880
0.982255
0.982255
0.626989
0.626989
0.853378
0.853378
1.091057
1.091057
0.601305
0.601305
0.629080
0.629080
0.699264
0.699264
1.009163
1.009163
0.773260
0.773260
0.924110
0.924110
0.948587
0.948587
0.924236
0.924236
0.766607
0.766607
0.819695
0.819695
0.914388
0.914388
0.819653
0.819653
0.808162
0.808162
0.901929
0.901929
0.997697
0.997697
1.045521
1.045521
0.844884
0.844884
1.066632
1.066632
0.976193
0.976193
0.931713
0.931713
0.903263
0.903263
1.012061
1.012061
0.763957
0.763957
0.920908
0.920908
0.989331
0.989331
0.873969
0.873969
0.899849
0.899849
0.728694
0.728694
0.991082
0.991082
0.924177
0.924177
0.663559
0.663559
1.172338
1.172338
0.852844
0.852844
1.223158
1.223158
1.216285
1.216285
1.054573
1.054573
1.287833
1.287833
0.682594
0.682594
1.192846
1.192846
1.408036
1.408036
0.987658
0.987658
1.071147
1.071147
1.404846
1.404846
1.409578
1.409578
1.269742
1.269742
1.118838
1.118838
1.244369
1.244369
1.399373
1.399373
0.988396
0.988396
1.188539
1.188539
1.186576
1.186576
1.053445
1.053445
1.196048
1.196048
1.052481
1.052481
1.408443
1.408443
1.164000
1.164000
1.034429
1.034429
1.257826
1.257826
0.931864
0.931864
1.219703
1.219703
1.179544
1.179544
1.060596
1.060596
1.236447
1.236447
0.907411
0.907411
1.103614
1.103614
1.352946
1.352946
0.808876
0.808876
0.912451
0.912451
1.334971
1.334971
1.006778
1.006778
1.230006
1.230006
0.958730
0.958730
1.287235
1.287235
1.266470
1.266470
1.022545
1.022545
1.035137
1.035137
0.723456
0.723456
0.967238
0.967238
1.089103
1.089103
0.966968
0.966968
1.099369
1.099369
1.313597
1.313597
1.090296
1.090296
0.851290
0.851290
1.205303
1.205303
0.992517
0.992517
0.894700
0.894700
1.202561
1.202561
1.216246
1.216246
0.894682
0.894682
0.711528
0.711528
0.901106
0.901106
0.754144
0.754144
0.835700
0.835700
0.911409
0.911409
0.906960
0.906960
0.455718
0.455718
1.019896
1.019896
0.637672
0.637672
0.805546
0.805546
1.287043
1.287043
1.053224
1.053224
0.692788
0.692788
1.039163
1.039163
1.078063
1.078063
0.904663
0.904663
0.958512
0.958512
0.648751
0.648751
1.037792
1.037792
0.861898
0.861898
0.982330
0.982330
0.971049
0.971049
1.136486
1.136486
1.025467
1.025467
0.983436
0.983436
1.216603
1.216603
1.163299
1.163299
0.967386
0.967386
0.991937
0.991937
0.922325
0.922325
1.047639
1.047639
0.955538
0.955538
1.037347
1.037347
1.279836
1.279836
1.327559
1.327559
1.134498
1.134498
1.116104
1.116104
0.955393
0.955393
1.162474
1.162474
1.059007
1.059007
1.094059
1.094059
1.088368
1.088368
0.864763
0.864763
1.000532
1.000532
1.480514
1.480514
0.955820
0.955820
1.057449
1.057449
1.353040
1.353040
1.252681
1.252681
1.281934
1.281934
1.155419
1.155419
1.250719
1.250719
1.235398
1.235398
1.108980
1.108980
1.046198
1.046198
1.308656
1.308656
1.118470
1.118470
1.361501
1.361501
1.266600
1.266600
1.303241
1.303241
1.521996
1.521996
1.257565
1.257565
1.098439
1.098439
1.145183
1.145183
1.667896
1.667896
1.245419
1.245419
1.316987
1.316987
1.429782
1.429782
1.536382
1.536382
1.688837
1.688837
1.155744
1.155744
1.286978
1.286978
1.333808
1.333808
1.292135
1.292135
1.380853
1.380853
1.205846
1.205846
1.286515
1.286515
1.166214
1.166214
1.234146
1.234146
1.543798
1.543798
1.264609
1.264609
1.046679
1.046679
1.174303
1.174303
1.012351
1.012351
1.242320
1.242320
1.119820
1.119820
1.055467
1.055467
1.128782
1.128782
1.198054
1.198054
1.053709
1.053709
1.187525
1.187525
1.224176
1.224176
0.740014
0.740014
1.000251
1.000251
0.993337
0.993337
1.215367
1.215367
0.933138
0.933138
0.992364
0.992364
0.957235
0.957235
1.106753
1.106753
1.120660
1.120660
0.882272
0.882272
0.791820
0.791820
0.687505
0.687505
0.857553
0.857553
0.855408
0.855408
0.912062
0.912062
0.871535
0.871535
0.905756
0.905756
0.736635
0.736635
0.817252
0.817252
0.753531
0.753531
0.847028
0.847028
0.870732
0.870732
0.534756
0.534756
0.796230
0.796230
1.095303
1.095303
1.213045
1.213045
1.200954
1.200954
1.226426
1.226426
0.622969
0.622969
0.662383
0.662383
1.053150
1.053150
0.869181
0.869181
0.966128
0.966128
1.082060
1.082060
0.750666
0.750666
1.003762
1.003762
1.354298
1.354298
1.013764
1.013764
1.499499
1.499499
1.193757
1.193757
1.102200
1.102200
1.046027
1.046027
0.967224
0.967224
1.021991
1.021991
0.991918
0.991918
1.191255
1.191255
1.225960
1.225960
1.373265
1.373265
1.111954
1.111954
1.127077
1.127077
0.987626
0.987626
1.006615
1.006615
1.261964
1.261964
1.515063
1.515063
1.267713
1.267713
1.056507
1.056507
0.967199
0.967199
1.227235
1.227235
0.960584
0.960584
1.123351
1.123351
0.986423
0.986423
1.422573
1.422573
1.130172
1.130172
1.321508
1.321508
1.018455
1.018455
1.026458
1.026458
1.124051
1.124051
0.990357
0.990357
1.083810
1.083810
1.331204
1.331204
1.212799
1.212799
1.219337
1.219337
1.036578
1.036578
0.963616
0.963616
0.960397
0.960397
1.001917
1.001917
0.992090
0.992090
1.027230
1.027230
1.335166
1.335166
1.293006
1.293006
1.050681
1.050681
1.144803
1.144803
1.231220
1.231220
1.134904
1.134904
1.125179
1.125179
1.054523
1.054523
1.313453
1.313453
1.374843
1.374843
1.394924
1.394924
1.042860
1.042860
1.298225
1.298225
1.199596
1.199596
1.097252
1.097252
0.975281
0.975281
1.346962
1.346962
1.275432
1.275432
1.202176
1.202176
0.859546
0.859546
1.116853
1.116853
1.083604
1.083604
1.169041
1.169041
1.023000
1.023000
0.813544
0.813544
1.012288
1.012288
1.003112
1.003112
1.265604
1.265604
0.797804
0.797804
1.151665
1.151665
0.910302
0.910302
1.059866
1.059866
1.020892
1.020892
1.165366
1.165366
0.948815
0.948815
1.368141
1.368141
0.867318
0.867318
1.037478
1.037478
1.244401
1.244401
1.634995
1.634995
1.517938
1.517938
1.064302
1.064302
0.922061
0.922061
0.887563
0.887563
0.938475
0.938475
0.914443
0.914443
1.096396
1.096396
1.060199
1.060199
0.992767
0.992767
1.073900
1.073900
1.303204
1.303204
1.006912
1.006912
1.257826
1.257826
0.837787
0.837787
1.353774
1.353774
0.856839
0.856839
1.143287
1.143287
1.221211
1.221211
1.228733
1.228733
1.072724
1.072724
1.172824
1.172824
1.414730
1.414730
0.999620
0.999620
0.881153
0.881153
1.057340
1.057340
0.819764
0.819764
1.130496
1.130496
1.164051
1.164051
1.143044
1.143044
1.154729
1.154729
1.150733
1.150733
1.094091
1.094091
1.048726
1.048726
1.371803
1.371803
1.059095
1.059095
0.967846
0.967846
0.843573
0.843573
1.016806
1.016806
1.329267
1.329267
1.075870
1.075870
0.848914
0.848914
0.982206
0.982206
0.779704
0.779704
0.984130
0.984130
0.883573
0.883573
1.040106
1.040106
0.959269
0.959269
0.849799
0.849799
1.031067
1.031067
0.860599
0.860599
0.930119
0.930119
1.161184
1.161184
0.937865
0.937865
1.314325
1.314325
1.086048
1.086048
0.998971
0.998971
0.942964
0.942964
0.872168
0.872168
1.061721
1.061721
1.005315
1.005315
1.308601
1.308601
1.118040
1.118040
1.352618
1.352618
1.109857
1.109857
1.161112
1.161112
1.199557
1.199557
1.260413
1.260413
1.380517
1.380517
1.500252
1.500252
1.365371
1.365371
1.344190
1.344190
1.600832
1.600832
1.772448
1.772448
1.769212
1.769212
1.291182
1.291182
1.921328
1.921328
1.499806
1.499806
1.886285
1.886285
1.689663
1.689663
1.895130
1.895130
1.666573
1.666573
1.986734
1.986734
1.651953
1.651953
1.299300
1.299300
1.474079
1.474079
1.405843
1.405843
1.319247
1.319247
1.150972
1.150972
1.256759
1.256759
1.375107
1.375107
1.168647
1.168647
1.343100
1.343100
1.161507
1.161507
1.402988
1.402988
1.169008
1.169008
1.261123
1.261123
1.123050
1.123050
1.201436
1.201436
0.820764
0.820764
1.409176
1.409176
1.235044
1.235044
0.922067
0.922067
0.877035
0.877035
0.969086
0.969086
1.071529
1.071529
1.156727
1.156727
1.200780
1.200780
1.144758
1.144758
1.043532
1.043532
1.298728
1.298728
0.984501
0.984501
0.927383
0.927383
0.957237
0.957237
1.213711
1.213711
0.944692
0.944692
1.069993
1.069993
1.044234
1.044234
1.155645
1.155645
1.084994
1.084994
1.030242
1.030242
0.786747
0.786747
1.067456
1.067456
1.165504
1.165504
0.694192
0.694192
1.153690
1.153690
1.159140
1.159140
0.969395
0.969395
0.991600
0.991600
1.127827
1.127827
1.051369
1.051369
0.987153
0.987153
1.094210
1.094210
0.844189
0.844189
1.184047
1.184047
1.010227
1.010227
0.988603
0.988603
0.725830
0.725830
1.257758
1.257758
0.771511
0.771511
0.792393
0.792393
1.022927
1.022927
1.088122
1.088122
1.066855
1.066855
1.202475
1.202475
0.894325
0.894325
1.070410
1.070410
1.308637
1.308637
1.179249
1.179249
1.039831
1.039831
1.093784
1.093784
1.111928
1.111928
1.267151
1.267151
1.214939
1.214939
1.273186
1.273186
1.097845
1.097845
0.845052
0.845052
1.524293
1.524293
1.217120
1.217120
0.972510
0.972510
0.944952
0.944952
1.024264
1.024264
1.308700
1.308700
1.420677
1.420677
1.313714
1.313714
1.157501
1.157501
1.314573
1.314573
1.276131
1.276131
1.295382
1.295382
1.356909
1.356909
1.430584
1.430584
1.231764
1.231764
1.351894
1.351894
1.182167
1.182167
1.253926
1.253926
1.126007
1.126007
1.015468
1.015468
1.246250
1.246250
1.232683
1.232683
1.284519
1.284519
1.278874
1.278874
1.274443
1.274443
1.059007
1.059007
0.932876
0.932876
1.168542
1.168542
1.008911
1.008911
0.852573
0.852573
1.104251
1.104251
1.012685
1.012685
0.909549
0.909549
1.160035
1.160035
0.991970
0.991970
0.997910
0.997910
1.133974
1.133974
1.022043
1.022043
0.920663
0.920663
1.157890
1.157890
1.089641
1.089641
0.813166
0.813166
0.874373
0.874373
1.018314
1.018314
0.846493
0.846493
0.761706
0.761706
0.783020
0.783020
1.018025
1.018025
1.039021
1.039021
0.818315
0.818315
1.104672
1.104672
0.914939
0.914939
1.162186
1.162186
0.888586
0.888586
1.247143
1.247143
0.750833
0.750833
1.025524
1.025524
1.053342
1.053342
1.011367
1.011367
1.267693
1.267693
1.050444
1.050444
1.026233
1.026233
1.192105
1.192105
1.383049
1.383049
0.686182
0.686182
0.981010
0.981010
1.340925
1.340925
0.941396
0.941396
1.111305
1.111305
0.976191
0.976191
1.229075
1.229075
1.388993
1.388993
1.199222
1.199222
1.554220
1.554220
1.470632
1.470632
1.471852
1.471852
1.568159
1.568159
1.778698
1.778698
1.142172
1.142172
1.491953
1.491953
1.318568
1.318568
1.352633
1.352633
1.569749
1.569749
1.269626
1.269626
1.262623
1.262623
1.333177
1.333177
0.961469
0.961469
1.487915
1.487915
1.334802
1.334802
1.174822
1.174822
1.349374
1.349374
1.319618
1.319618
1.244741
1.244741
1.339195
1.339195
1.148536
1.148536
1.212983
1.212983
1.517738
1.517738
1.088540
1.088540
1.238308
1.238308
1.141388
1.141388
0.960442
0.960442
0.908429
0.908429
1.121919
1.121919
1.147643
1.147643
0.959982
0.959982
0.865379
0.865379
0.920545
0.920545
0.900401
0.900401
1.058566
1.058566
0.994747
0.994747
1.123524
1.123524
0.853622
0.853622
0.842698
0.842698
0.843721
0.843721
0.740242
0.740242
0.660315
0.660315
0.772460
0.772460
0.950263
0.950263
0.887085
0.887085
1.042509
1.042509
0.989590
0.989590
0.787897
0.787897
0.809066
0.809066
0.851451
0.851451
0.834620
0.834620
0.685278
0.685278
1.240505
1.240505
1.023504
1.023504
0.726910
0.726910
1.188578
1.188578
0.765694
0.765694
1.068475
1.068475
0.816802
0.816802
1.112438
1.112438
1.021191
1.021191
1.051570
1.051570
1.133495
1.133495
0.992263
0.992263
0.884412
0.884412
0.788468
0.788468
1.064415
1.064415
0.970702
0.970702
0.746288
0.746288
1.323243
1.323243
1.085123
1.085123
1.223132
1.223132
1.022438
1.022438
1.030882
1.030882
0.983232
0.983232
1.303114
1.303114
1.126538
1.126538
0.783990
0.783990
1.149808
1.149808
1.104510
1.104510
1.136301
1.136301
0.923025
0.923025
1.199737
1.199737
1.117644
1.117644
1.089140
1.089140
1.095334
1.095334
0.769894
0.769894
1.457322
1.457322
0.942758
0.942758
1.446047
1.446047
1.110405
1.110405
1.043526
1.043526
1.083090
1.083090
1.479960
1.479960
0.659747
0.659747
0.995322
0.995322
1.004423
1.004423
1.179478
1.179478
1.074801
1.074801
0.892018
0.892018
1.199342
1.199342
1.610761
1.610761
1.118224
1.118224
0.926329
0.926329
1.075771
1.075771
1.194112
1.194112
1.104491
1.104491
1.088630
1.088630
1.058239
1.058239
1.193000
1.193000
0.960908
0.960908
1.256509
1.256509
1.043000
1.043000
0.944987
0.944987
1.085633
1.085633
0.909742
0.909742
1.350369
1.350369
0.989443
0.989443
1.318866
1.318866
1.067998
1.067998
0.902988
0.902988
0.908946
0.908946
0.793953
0.793953
0.831168
0.831168
1.031797
1.031797
1.117956
1.117956
0.837021
0.837021
0.929052
0.929052
1.093501
1.093501
0.902395
0.902395
1.043897
1.043897
0.777985
0.777985
0.970169
0.970169
0.840791
0.840791
0.751502
0.751502
1.005028
1.005028
1.087035
1.087035
0.972251
0.972251
1.090844
1.090844
0.975267
0.975267
1.009253
1.009253
1.050632
1.050632
0.891463
0.891463
1.099967
1.099967
1.200130
1.200130
1.169189
1.169189
0.972923
0.972923
0.705797
0.705797
1.343525
1.343525
0.797072
0.797072
1.216019
1.216019
0.908823
0.908823
1.030632
1.030632
1.339055
1.339055
1.032045
1.032045
1.176533
1.176533
1.070346
1.070346
1.162364
1.162364
1.448987
1.448987
1.125010
1.125010
1.208938
1.208938
1.258937
1.258937
1.404890
1.404890
1.249711
1.249711
1.159716
1.159716
0.974736
0.974736
1.214856
1.214856
1.147842
1.147842
1.280414
1.280414
1.023145
1.023145
0.943992
0.943992
0.966274
0.966274
1.255392
1.255392
1.402751
1.402751
1.349540
1.349540
1.279133
1.279133
1.091959
1.091959
1.262126
1.262126
0.984697
0.984697
0.971978
0.971978
1.042766
1.042766
1.144985
1.144985
1.308497
1.308497
1.300795
1.300795
1.522109
1.522109
0.933878
0.933878
1.230076
1.230076
1.197300
1.197300
0.933753
0.933753
1.130942
1.130942
1.286239
1.286239
1.146653
1.146653
0.717964
0.717964
1.646000
1.646000
1.191682
1.191682
1.203148
1.203148
1.822624
1.822624
1.376653
1.376653
1.218575
1.218575
1.257507
1.257507
1.059798
1.059798
1.037781
1.037781
1.146991
1.146991
1.226672
1.226672
1.424534
1.424534
1.183988
1.183988
1.320080
1.320080
1.376674
1.376674
1.167201
1.167201
1.073512
1.073512
1.221085
1.221085
1.340630
1.340630
1.285127
1.285127
1.167700
1.167700
1.078895
1.078895
0.900507
0.900507
1.050700
1.050700
1.027754
1.027754
1.251420
1.251420
1.177281
1.177281
1.100538
1.100538
0.910008
0.910008
0.945890
0.945890
0.970768
0.970768
0.920911
0.920911
1.189842
1.189842
0.793763
0.793763
0.892327
0.892327
0.864668
0.864668
0.778420
0.778420
0.697290
0.697290
0.800644
0.800644
0.735430
0.735430
0.969005
0.969005
0.829942
0.829942
1.204621
1.204621
0.812606
0.812606
0.643818
0.643818
0.737141
0.737141
0.870985
0.870985
0.995376
0.995376
0.872752
0.872752
0.816961
0.816961
0.920118
0.920118
0.976651
0.976651
0.829055
0.829055
0.736091
0.736091
0.776683
0.776683
1.063165
1.063165
0.958375
0.958375
0.763050
0.763050
0.706636
0.706636
1.138703
1.138703
0.997157
0.997157
0.725695
0.725695
0.978198
0.978198
0.888951
0.888951
1.098989
1.098989
0.969694
0.969694
0.936335
0.936335
0.980987
0.980987
0.862668
0.862668
0.979835
0.979835
0.988648
0.988648
0.969021
0.969021
1.020222
1.020222
1.044560
1.044560
1.103612
1.103612
1.024433
1.024433
1.289845
1.289845
1.394930
1.394930
1.172617
1.172617
1.358421
1.358421
1.238903
1.238903
1.212459
1.212459
1.624485
1.624485
1.316317
1.316317
1.333393
1.333393
1.446384
1.446384
1.141184
1.141184
1.725585
1.725585
1.654058
1.654058
1.255167
1.255167
1.298949
1.298949
1.544902
1.544902
1.698499
1.698499
1.447311
1.447311
1.875007
1.875007
1.968279
1.968279
1.286564
1.286564
1.257968
1.257968
1.637889
1.637889
1.299061
1.299061
1.675160
1.675160
1.475561
1.475561
1.801912
1.801912
2.110365
2.110365
1.469276
1.469276
1.899370
1.899370
1.342921
1.342921
1.340092
1.340092
1.013835
1.013835
1.623112
1.623112
1.390409
1.390409
1.270305
1.270305
1.524432
1.524432
1.182776
1.182776
1.582067
1.582067
1.265563
1.265563
1.668479
1.668479
1.287410
1.287410
1.270490
1.270490
1.156548
1.156548
1.267589
1.267589
1.236663
1.236663
1.222115
1.222115
0.904991
0.904991
0.902976
0.902976
1.361978
1.361978
0.860456
0.860456
1.010056
1.010056
0.853798
0.853798
0.663112
0.663112
0.842708
0.842708
0.860620
0.860620
0.883860
0.883860
0.596351
0.596351
0.639767
0.639767
0.756054
0.756054
0.910230
0.910230
0.630747
0.630747
0.784159
0.784159
0.787415
0.787415
0.890222
0.890222
0.814913
0.814913
0.691240
0.691240
0.623119
0.623119
0.611483
0.611483
0.902296
0.902296
0.843068
0.843068
0.721008
0.721008
1.059882
1.059882
0.750715
0.750715
0.687058
0.687058
0.851632
0.851632
0.946226
0.946226
0.703357
0.703357
0.699041
0.699041
1.291754
1.291754
0.817652
0.817652
0.623869
0.623869
0.889944
0.889944
0.889514
0.889514
0.918349
0.918349
1.128803
1.128803
0.824064
0.824064
1.316688
1.316688
0.979700
0.979700
1.089930
1.089930
0.906859
0.906859
1.165598
1.165598
1.020850
1.020850
0.765466
0.765466
1.061709
1.061709
1.052537
1.052537
1.240408
1.240408
1.095607
1.095607
1.042024
1.042024
0.789608
0.789608
1.422152
1.422152
1.251721
1.251721
1.355660
1.355660
1.271746
1.271746
1.215916
1.215916
1.101019
1.101019
1.011431
1.011431
1.202879
1.202879
1.297090
1.297090
1.324057
1.324057
1.557247
1.557247
1.542432
1.542432
1.121887
1.121887
1.313815
1.313815
1.199841
1.199841
1.371253
1.371253
1.267919
1.267919
1.515974
1.515974
1.062035
1.062035
1.337016
1.337016
1.501497
1.501497
1.213536
1.213536
1.127568
1.127568
1.249116
1.249116
1.318042
1.318042
1.404382
1.404382
1.389897
1.389897
1.128618
1.128618
1.276598
1.276598
1.037220
1.037220
1.475305
1.475305
0.926768
0.926768
1.212482
1.212482
1.102894
1.102894
1.354322
1.354322
1.382512
1.382512
1.191192
1.191192
1.236614
1.236614
1.314215
1.314215
1.349129
1.349129
1.172253
1.172253
0.947043
0.947043
1.106687
1.106687
0.943873
0.943873
0.906276
0.906276
1.040077
1.040077
1.194723
1.194723
0.976034
0.976034
1.580665
1.580665
1.209654
1.209654
1.197439
1.197439
1.225150
1.225150
1.321822
1.321822
1.273561
1.273561
0.744178
0.744178
0.930757
0.930757
1.295207
1.295207
0.960678
0.960678
0.980813
0.980813
1.000393
1.000393
1.497274
1.497274
1.125683
1.125683
0.544702
0.544702
1.018438
1.018438
0.939538
0.939538
0.916071
0.916071
0.919172
0.919172
0.829107
0.829107
0.986735
0.986735
0.950969
0.950969
0.921057
0.921057
0.748331
0.748331
0.882399
0.882399
0.704432
0.704432
1.071414
1.071414
0.536162
0.536162
1.025670
1.025670
0.737191
0.737191
0.678091
0.678091
0.710647
0.710647
0.996311
0.996311
0.958912
0.958912
0.750707
0.750707
0.644204
0.644204
0.621682
0.621682
0.681292
0.681292
0.697206
0.697206
0.877987
0.877987
1.086723
1.086723
0.675238
0.675238
0.822460
0.822460
0.964094
0.964094
0.683487
0.683487
1.223977
1.223977
1.046708
1.046708
0.971961
0.971961
0.965705
0.965705
0.827355
0.827355
1.303859
1.303859
1.356376
1.356376
1.053047
1.053047
0.902855
0.902855
0.873040
0.873040
1.125569
1.125569
1.141181
1.141181
1.366910
1.366910
1.087338
1.087338
1.352112
1.352112
1.242648
1.242648
0.925519
0.925519
1.353645
1.353645
1.313753
1.313753
1.653298
1.653298
2.037103
2.037103
1.517280
1.517280
1.577395
1.577395
1.603289
1.603289
1.874826
1.874826
1.338266
1.338266
1.447492
1.447492
1.576213
1.576213
1.550643
1.550643
1.655202
1.655202
1.568476
1.568476
1.124821
1.124821
1.768016
1.768016
1.824242
1.824242
1.056389
1.056389
1.258849
1.258849
1.615279
1.615279
1.400812
1.400812
1.624945
1.624945
1.203642
1.203642
1.499782
1.499782
1.765594
1.765594
1.178913
1.178913
1.406338
1.406338
1.898724
1.898724
1.324821
1.324821
1.307412
1.307412
1.444020
1.444020
1.312883
1.312883
0.832048
0.832048
1.304013
1.304013
0.923779
0.923779
1.504416
1.504416
1.278555
1.278555
1.028135
1.028135
1.126673
1.126673
0.872575
0.872575
1.319472
1.319472
1.017126
1.017126
1.020263
1.020263
1.068814
1.068814
0.991915
0.991915
0.688583
0.688583
1.132772
1.132772
1.215580
1.215580
1.235227
1.235227
0.607781
0.607781
1.210463
1.210463
1.038429
1.038429
0.651849
0.651849
0.928965
0.928965
0.833932
0.833932
0.789621
0.789621
0.734457
0.734457
0.566597
0.566597
0.834955
0.834955
0.560116
0.560116
0.789156
0.789156
0.776311
0.776311
0.821206
0.821206
0.725186
0.725186
0.906886
0.906886
0.571777
0.571777
0.591135
0.591135
0.560625
0.560625
0.678068
0.678068
0.733828
0.733828
0.452000
0.452000
0.573613
0.573613
0.988761
0.988761
0.600922
0.600922
0.585986
0.585986
0.804303
0.804303
0.642174
0.642174
0.593794
0.593794
0.783831
0.783831
0.591372
0.591372
0.617925
0.617925
1.118229
1.118229
0.967745
0.967745
1.052257
1.052257
1.040471
1.040471
0.895340
0.895340
0.768295
0.768295
1.175560
1.175560
0.985222
0.985222
1.070137
1.070137
1.189309
1.189309
1.135835
1.135835
1.212788
1.212788
1.536723
1.536723
1.346045
1.346045
1.232835
1.232835
1.319994
1.319994
1.518436
1.518436
1.211791
1.211791
1.251536
1.251536
1.351810
1.351810
1.297467
1.297467
1.354961
1.354961
1.374929
1.374929
1.256203
1.256203
1.388340
1.388340
1.634926
1.634926
1.443452
1.443452
1.604877
1.604877
1.799343
1.799343
1.576078
1.576078
1.355535
1.355535
1.417866
1.417866
1.558136
1.558136
1.675664
1.675664
1.209435
1.209435
1.461246
1.461246
1.389688
1.389688
1.459341
1.459341
1.291148
1.291148
1.711403
1.711403
1.452917
1.452917
1.543161
1.543161
1.509499
1.509499
1.096228
1.096228
1.348217
1.348217
1.168305
1.168305
1.113936
1.113936
1.072976
1.072976
1.377726
1.377726
1.389583
1.389583
1.378663
1.378663
1.208928
1.208928
1.209381
1.209381
1.141435
1.141435
1.170572
1.170572
0.995892
0.995892
0.986344
0.986344
1.240732
1.240732
1.208925
1.208925
0.864415
0.864415
1.118230
1.118230
1.015921
1.015921
0.741374
0.741374
1.170278
1.170278
1.082740
1.082740
1.141063
1.141063
0.920395
0.920395
0.928916
0.928916
0.894665
0.894665
0.614768
0.614768
0.883685
0.883685
0.765959
0.765959
0.597697
0.597697
0.523435
0.523435
0.671742
0.671742
0.542832
0.542832
0.700598
0.700598
0.808914
0.808914
0.658396
0.658396
0.759523
0.759523
0.541983
0.541983
0.668819
0.668819
0.441942
0.441942
0.634493
0.634493
0.649284
0.649284
0.536795
0.536795
0.857378
0.857378
0.544750
0.544750
0.711771
0.711771
0.740103
0.740103
0.657596
0.657596
0.934342
0.934342
0.757150
0.757150
0.680702
0.680702
0.920566
0.920566
1.048258
1.048258
0.637471
0.637471
0.750579
0.750579
0.902680
0.902680
0.664144
0.664144
0.778462
0.778462
0.849610
0.849610
0.799260
0.799260
0.963189
0.963189
1.008889
1.008889
1.080606
1.080606
0.797900
0.797900
0.826515
0.826515
1.179245
1.179245
0.968477
0.968477
0.792147
0.792147
1.209729
1.209729
1.291749
1.291749
1.365722
1.365722
1.011052
1.011052
1.116141
1.116141
1.450055
1.450055
1.406958
1.406958
1.261836
1.261836
1.001999
1.001999
1.324028
1.324028
1.645047
1.645047
1.639763
1.639763
1.542500
1.542500
1.503624
1.503624
1.565863
1.565863
1.677376
1.677376
1.458159
1.458159
1.992009
1.992009
1.710672
1.710672
1.498395
1.498395
1.656906
1.656906
1.645099
1.645099
1.723038
1.723038
1.879495
1.879495
1.678958
1.678958
1.768022
1.768022
1.936832
1.936832
1.507144
1.507144
1.652230
1.652230
2.241676
2.241676
1.556784
1.556784
1.717516
1.717516
1.769248
1.769248
1.745864
1.745864
1.777614
1.777614
1.293883
1.293883
1.295187
1.295187
1.691692
1.691692
1.167450
1.167450
1.297448
1.297448
1.138893
1.138893
1.120222
1.120222
1.285388
1.285388
0.910225
0.910225
1.200506
1.200506
1.226849
1.226849
0.973663
0.973663
0.786418
0.786418
1.019552
1.019552
0.898014
0.898014
0.937292
0.937292
0.882711
0.882711
0.919905
0.919905
0.822518
0.822518
0.722856
0.722856
0.794298
0.794298
0.887548
0.887548
0.822364
0.822364
0.552468
0.552468
0.768249
0.768249
0.900909
0.900909
0.547740
0.547740
1.015960
1.015960
0.911825
0.911825
0.516143
0.516143
0.523284
0.523284
0.547207
0.547207
0.946235
0.946235
0.743034
0.743034
0.736406
0.736406
0.590193
0.590193
0.635941
0.635941
0.653706
0.653706
1.029527
1.029527
0.761869
0.761869
0.820860
0.820860
0.731873
0.731873
0.857335
0.857335
0.833672
0.833672
0.636447
0.636447
0.710348
0.710348
0.763363
0.763363
0.993768
0.993768
0.729421
0.729421
0.594719
0.594719
0.762027
0.762027
0.696746
0.696746
0.895288
0.895288
1.014905
1.014905
1.083950
1.083950
0.983285
0.983285
0.636330
0.636330
0.847665
0.847665
1.153587
1.153587
1.069694
1.069694
0.885359
0.885359
1.067168
1.067168
1.013491
1.013491
0.921377
0.921377
1.215779
1.215779
1.475737
1.475737
1.113001
1.113001
0.960577
0.960577
1.179918
1.179918
1.423095
1.423095
1.115573
1.115573
1.156071
1.156071
1.465166
1.465166
1.445317
1.445317
1.696710
1.696710
1.074342
1.074342
1.555531
1.555531
1.534311
1.534311
1.317667
1.317667
1.629814
1.629814
1.372433
1.372433
1.537971
1.537971
1.752015
1.752015
1.717218
1.717218
1.296114
1.296114
1.325862
1.325862
1.331386
1.331386
1.288475
1.288475
1.788665
1.788665
1.524574
1.524574
1.909679
1.909679
1.193651
1.193651
1.476297
1.476297
1.610462
1.610462
1.628727
1.628727
1.558250
1.558250
1.112755
1.112755
1.577718
1.577718
1.670815
1.670815
1.385685
1.385685
1.144938
1.144938
1.294514
1.294514
1.356616
1.356616
1.477025
1.477025
1.362970
1.362970
1.096251
1.096251
1.172939
1.172939
1.382304
1.382304
1.379333
1.379333
1.187576
1.187576
1.288933
1.288933
1.317435
1.317435
0.811621
0.811621
0.959639
0.959639
1.408553
1.408553
1.145809
1.145809
1.068706
1.068706
1.162103
1.162103
1.251413
1.251413
1.201192
1.201192
1.166331
1.166331
1.049292
1.049292
1.054124
1.054124
0.855438
0.855438
1.149813
1.149813
1.136061
1.136061
0.929714
0.929714
0.843454
0.843454
1.150826
1.150826
0.919726
0.919726
0.891903
0.891903
1.031599
1.031599
0.973397
0.973397
1.096778
1.096778
0.486798
0.486798
0.913477
0.913477
0.897681
0.897681
1.072261
1.072261
0.571861
0.571861
0.788767
0.788767
0.758123
0.758123
0.825033
0.825033
0.680550
0.680550
0.588171
0.588171
0.872999
0.872999
0.920825
0.920825
0.598630
0.598630
0.884432
0.884432
0.823504
0.823504
0.562607
0.562607
0.815060
0.815060
0.527927
0.527927
0.702235
0.702235
0.702411
0.702411
1.241138
1.241138
0.564308
0.564308
0.782417
0.782417
0.840793
0.840793
0.496941
0.496941
0.781866
0.781866
1.029938
1.029938
0.906623
0.906623
0.511686
0.511686
0.586891
0.586891
0.784503
0.784503
0.906112
0.906112
0.827939
0.827939
1.308958
1.308958
1.157263
1.157263
1.008556
1.008556
0.816221
0.816221
1.132950
1.132950
0.944299
0.944299
0.948506
0.948506
1.153390
1.153390
1.190457
1.190457
1.353806
1.353806
1.022238
1.022238
1.325766
1.325766
1.212624
1.212624
1.042534
1.042534
1.254340
1.254340
1.101569
1.101569
1.018338
1.018338
1.142079
1.142079
1.474183
1.474183
1.404651
1.404651
1.481996
1.481996
1.664617
1.664617
1.195644
1.195644
1.386607
1.386607
1.467414
1.467414
1.341516
1.341516
1.333817
1.333817
1.573240
1.573240
1.171531
1.171531
1.304392
1.304392
1.601380
1.601380
1.727128
1.727128
1.909267
1.909267
1.924733
1.924733
1.320190
1.320190
1.388452
1.388452
1.651180
1.651180
1.358365
1.358365
1.141924
1.141924
1.725392
1.725392
1.549907
1.549907
1.361808
1.361808
1.406623
1.406623
1.417317
1.417317
1.217668
1.217668
1.258684
1.258684
1.405449
1.405449
1.279029
1.279029
1.167922
1.167922
1.218452
1.218452
1.103704
1.103704
1.259847
1.259847
1.038152
1.038152
1.298626
1.298626
1.011151
1.011151
1.121805
1.121805
0.985923
0.985923
1.075566
1.075566
1.268670
1.268670
0.874487
0.874487
0.885144
0.885144
0.939046
0.939046
1.003251
1.003251
1.065777
1.065777
0.953863
0.953863
0.998244
0.998244
1.092570
1.092570
0.719256
0.719256
0.886526
0.886526
0.776775
0.776775
0.656121
0.656121
0.843853
0.843853
0.950302
0.950302
0.902017
0.902017
0.784180
0.784180
0.749976
0.749976
0.472483
0.472483
0.788754
0.788754
0.653832
0.653832
0.907876
0.907876
0.649899
0.649899
0.572972
0.572972
0.637660
0.637660
0.596566
0.596566
0.586770
0.586770
0.721955
0.721955
0.574379
0.574379
0.429084
0.429084
0.623518
0.623518
0.688227
0.688227
0.786411
0.786411
0.692304
0.692304
0.634838
0.634838
0.627666
0.627666
0.700053
0.700053
0.603088
0.603088
0.591742
0.591742
0.940544
0.940544
1.079536
1.079536
0.792152
0.792152
0.999233
0.999233
1.016714
1.016714
0.967598
0.967598
0.850882
0.850882
0.864510
0.864510
0.788038
0.788038
0.791352
0.791352
1.033224
1.033224
1.123451
1.123451
1.410968
1.410968
1.065946
1.065946
1.213879
1.213879
1.344245
1.344245
1.236044
1.236044
1.071575
1.071575
1.305917
1.305917
1.086439
1.086439
1.446636
1.446636
1.337462
1.337462
1.451723
1.451723
1.405378
1.405378
1.085757
1.085757
1.659461
1.659461
1.582196
1.582196
1.340003
1.340003
1.262363
1.262363
1.387249
1.387249
1.253602
1.253602
1.715709
1.715709
1.182410
1.182410
1.446579
1.446579
1.429226
1.429226
1.361365
1.361365
1.197090
1.197090
1.462083
1.462083
1.721943
1.721943
1.478014
1.478014
1.112760
1.112760
1.783482
1.783482
1.348083
1.348083
1.808849
1.808849
1.199794
1.199794
1.396151
1.396151
1.329974
1.329974
1.498265
1.498265
1.516220
1.516220
1.396289
1.396289
1.420370
1.420370
1.308294
1.308294
1.464055
1.464055
1.578067
1.578067
1.321888
1.321888
1.174607
1.174607
1.288312
1.288312
0.984659
0.984659
1.015046
1.015046
1.213145
1.213145
1.193771
1.193771
1.007529
1.007529
0.832913
0.832913
1.217724
1.217724
0.983207
0.983207
0.792108
0.792108
0.815495
0.815495
0.991375
0.991375
0.799354
0.799354
1.094383
1.094383
0.758528
0.758528
0.866737
0.866737
0.867590
0.867590
0.718301
0.718301
0.739284
0.739284
0.909807
0.909807
0.717164
0.717164
0.753872
0.753872
0.669442
0.669442
1.063256
1.063256
0.857107
0.857107
0.855869
0.855869
0.563049
0.563049
0.900134
0.900134
0.719195
0.719195
0.538356
0.538356
0.756887
0.756887
0.892949
0.892949
0.693792
0.693792
0.696668
0.696668
0.717989
0.717989
0.647697
0.647697
0.957125
0.957125
0.804497
0.804497
0.579311
0.579311
0.956206
0.956206
0.730638
0.730638
0.697685
0.697685
0.623220
0.623220
1.268906
1.268906
0.621359
0.621359
0.721196
0.721196
0.737488
0.737488
0.687707
0.687707
0.789307
0.789307
0.847967
0.847967
0.658224
0.658224
0.709617
0.709617
0.775413
0.775413
0.797599
0.797599
1.162963
1.162963
1.114478
1.114478
0.743182
0.743182
0.836323
0.836323
0.911253
0.911253
0.912383
0.912383
0.615558
0.615558
0.857443
0.857443
0.815682
0.815682
1.079973
1.079973
1.095618
1.095618
1.251285
1.251285
0.949114
0.949114
0.895655
0.895655
0.851403
0.851403
0.830885
0.830885
1.307166
1.307166
1.151376
1.151376
1.363842
1.363842
1.132210
1.132210
1.127771
1.127771
1.028135
1.028135
1.205029
1.205029
1.376059
1.376059
1.339236
1.339236
1.691419
1.691419
1.242360
1.242360
1.474386
1.474386
1.632968
1.632968
1.336277
1.336277
1.997783
1.997783
1.455585
1.455585
1.559541
1.559541
2.221407
2.221407
1.936155
1.936155
1.842820
1.842820
2.076357
2.076357
2.021258
2.021258
1.611613
1.611613
1.715816
1.715816
1.893573
1.893573
2.238694
2.238694
1.843826
1.843826
1.430322
1.430322
1.930882
1.930882
1.550739
1.550739
1.722320
1.722320
1.802435
1.802435
1.312980
1.312980
1.413799
1.413799
1.701698
1.701698
1.675912
1.675912
1.605058
1.605058
1.370802
1.370802
1.790584
1.790584
1.402241
1.402241
1.142079
1.142079
1.458571
1.458571
1.593421
1.593421
1.503280
1.503280
1.226407
1.226407
1.081868
1.081868
1.186007
1.186007
1.138546
1.138546
0.824168
0.824168
0.965549
0.965549
1.116690
1.116690
1.307090
1.307090
1.190792
1.190792
0.916785
0.916785
1.030293
1.030293
1.176775
1.176775
1.064508
1.064508
0.930766
0.930766
1.140599
1.140599
0.916701
0.916701
0.947499
0.947499
1.163368
1.163368
0.905946
0.905946
0.858401
0.858401
0.695124
0.695124
0.690303
0.690303
0.751239
0.751239
0.905404
0.905404
0.823047
0.823047
0.840241
0.840241
0.653915
0.653915
0.822103
0.822103
0.814128
0.814128
0.919545
0.919545
0.825827
0.825827
0.878649
0.878649
0.581273
0.581273
0.604557
0.604557
0.742440
0.742440
0.735826
0.735826
0.594102
0.594102
0.713548
0.713548
0.577555
0.577555
0.639713
0.639713
0.578234
0.578234
0.438737
0.438737
0.828426
0.828426
0.746776
0.746776
0.867963
0.867963
0.901841
0.901841
0.692700
0.692700
0.721193
0.721193
1.003489
1.003489
0.841712
0.841712
1.055351
1.055351
1.171853
1.171853
1.135497
1.135497
1.440348
1.440348
1.195495
1.195495
0.962508
0.962508
1.367430
1.367430
1.438140
1.438140
1.438287
1.438287
1.474181
1.474181
1.552143
1.552143
1.714213
1.714213
1.601115
1.601115
1.350046
1.350046
1.600370
1.600370
1.881946
1.881946
1.333030
1.333030
1.590779
1.590779
1.449107
1.449107
1.616417
1.616417
1.755805
1.755805
1.768552
1.768552
1.703569
1.703569
1.899245
1.899245
1.420969
1.420969
1.563867
1.563867
1.769637
1.769637
1.836706
1.836706
1.768856
1.768856
1.565604
1.565604
1.692642
1.692642
1.627915
1.627915
1.811513
1.811513
1.586509
1.586509
1.723224
1.723224
1.577423
1.577423
1.689125
1.689125
1.961149
1.961149
1.584662
1.584662
1.292070
1.292070
1.644920
1.644920
1.621702
1.621702
1.791031
1.791031
1.536714
1.536714
1.711351
1.711351
1.644225
1.644225
1.469335
1.469335
1.405273
1.405273
1.325118
1.325118
1.341436
1.341436
1.403878
1.403878
1.400317
1.400317
1.305916
1.305916
1.202615
1.202615
1.699341
1.699341
1.123293
1.123293
1.132015
1.132015
1.147394
1.147394
1.171348
1.171348
1.036054
1.036054
1.297979
1.297979
1.104550
1.104550
1.100595
1.100595
1.160793
1.160793
1.036851
1.036851
0.973008
0.973008
1.083963
1.083963
0.752675
0.752675
0.754946
0.754946
0.989158
0.989158
1.144510
1.144510
0.871620
0.871620
0.965414
0.965414
0.676251
0.676251
1.019010
1.019010
0.772576
0.772576
0.911385
0.911385
0.621035
0.621035
0.531679
0.531679
0.773694
0.773694
0.792259
0.792259
0.982633
0.982633
0.718677
0.718677
0.605618
0.605618
0.951776
0.951776
1.038259
1.038259
0.915395
0.915395
0.739833
0.739833
0.892687
0.892687
0.723317
0.723317
0.983312
0.983312
1.049968
1.049968
1.031661
1.031661
0.909802
0.909802
0.702047
0.702047
0.933501
0.933501
0.475875
0.475875
0.868628
0.868628
1.204298
1.204298
0.965582
0.965582
1.045953
1.045953
0.725409
0.725409
0.986658
0.986658
0.843773
0.843773
1.307632
1.307632
0.971963
0.971963
0.622334
0.622334
0.887467
0.887467
0.792092
0.792092
0.808348
0.808348
0.789219
0.789219
0.874871
0.874871
1.134534
1.134534
1.114621
1.114621
1.234418
1.234418
0.989973
0.989973
0.849550
0.849550
1.197198
1.197198
1.038248
1.038248
0.884840
0.884840
1.159106
1.159106
0.947882
0.947882
1.254571
1.254571
1.107390
1.107390
1.027553
1.027553
1.182973
1.182973
0.883155
0.883155
1.168696
1.168696
1.102513
1.102513
1.120003
1.120003
0.977927
0.977927
0.831121
0.831121
1.252852
1.252852
0.980023
0.980023
1.106045
1.106045
1.085808
1.085808
0.858113
0.858113
0.924312
0.924312
1.178718
1.178718
1.183490
1.183490
1.006480
1.006480
0.989339
0.989339
1.286237
1.286237
1.172203
1.172203
1.110781
1.110781
0.954587
0.954587
0.953806
0.953806
1.032945
1.032945
1.122423
1.122423
0.970535
0.970535
1.245731
1.245731
0.963767
0.963767
1.024085
1.024085
1.258655
1.258655
1.015699
1.015699
0.941436
0.941436
0.960162
0.960162
0.963840
0.963840
1.008214
1.008214
0.987483
0.987483
1.033005
1.033005
1.124916
1.124916
0.919643
0.919643
1.117100
1.117100
1.141641
1.141641
0.933993
0.933993
1.138012
1.138012
0.876677
0.876677
0.815542
0.815542
0.745909
0.745909
1.107946
1.107946
0.778006
0.778006
0.743923
0.743923
0.837429
0.837429
0.953439
0.953439
1.035134
1.035134
0.923308
0.923308
0.844322
0.844322
1.068879
1.068879
0.693163
0.693163
0.921726
0.921726
1.058179
1.058179
1.072749
1.072749
0.920399
0.920399
1.040728
1.040728
0.904238
0.904238
0.880897
0.880897
0.840185
0.840185
0.870481
0.870481
0.926605
0.926605
1.039991
1.039991
0.848558
0.848558
0.981804
0.981804
0.944728
0.944728
1.001879
1.001879
0.772068
0.772068
0.818705
0.818705
0.889001
0.889001
0.922122
0.922122
0.713344
0.713344
1.269629
1.269629
1.106293
1.106293
0.970600
0.970600
1.097493
1.097493
0.748350
0.748350
0.825809
0.825809
1.346272
1.346272
1.112174
1.112174
0.570096
0.570096
1.404189
1.404189
0.988679
0.988679
1.098780
1.098780
1.218215
1.218215
1.285034
1.285034
1.209777
1.209777
1.349494
1.349494
1.297709
1.297709
1.293853
1.293853
1.447535
1.447535
0.962445
0.962445
1.520800
1.520800
1.589020
1.589020
1.721940
1.721940
1.366553
1.366553
1.369056
1.369056
1.394577
1.394577
1.389644
1.389644
1.282456
1.282456
1.261628
1.261628
1.349543
1.349543
1.521930
1.521930
1.112854
1.112854
0.959678
0.959678
1.412611
1.412611
1.109764
1.109764
1.163231
1.163231
1.088897
1.088897
1.382445
1.382445
1.039489
1.039489
0.863198
0.863198
1.159556
1.159556
0.979125
0.979125
1.284369
1.284369
0.998269
0.998269
0.870615
0.870615
1.173599
1.173599
0.947627
0.947627
0.874014
0.874014
0.675482
0.675482
0.770036
0.770036
0.763283
0.763283
0.800760
0.800760
0.767396
0.767396
0.586122
0.586122
0.839791
0.839791
0.956069
0.956069
0.836128
0.836128
0.692627
0.692627
0.759596
0.759596
0.951010
0.951010
0.937390
0.937390
0.604039
0.604039
0.738795
0.738795
0.848864
0.848864
0.883383
0.883383
0.762722
0.762722
0.870291
0.870291
0.724401
0.724401
0.879112
0.879112
0.785209
0.785209
0.628955
0.628955
0.747497
0.747497
0.714023
0.714023
0.700066
0.700066
0.722927
0.722927
0.724595
0.724595
1.022660
1.022660
0.809069
0.809069
0.643133
0.643133
0.723353
0.723353
0.762783
0.762783
1.151621
1.151621
0.861246
0.861246
1.268682
1.268682
1.223681
1.223681
0.941001
0.941001
1.180877
1.180877
1.262580
1.262580
1.065088
1.065088
1.155894
1.155894
1.798448
1.798448
1.304970
1.304970
1.239706
1.239706
1.383863
1.383863
1.369920
1.369920
1.765707
1.765707
1.680507
1.680507
1.942107
1.942107
1.528663
1.528663
1.756462
1.756462
1.467909
1.467909
1.870033
1.870033
2.005713
2.005713
1.775955
1.775955
1.624084
1.624084
1.826788
1.826788
1.776540
1.776540
1.599076
1.599076
1.346989
1.346989
1.683102
1.683102
1.508813
1.508813
1.350565
1.350565
1.312066
1.312066
1.313555
1.313555
1.280817
1.280817
1.372770
1.372770
1.469345
1.469345
1.463509
1.463509
1.367926
1.367926
1.301021
1.301021
1.228989
1.228989
1.280449
1.280449
1.349710
1.349710
1.200555
1.200555
1.578429
1.578429
1.035210
1.035210
0.915117
0.915117
0.918085
0.918085
0.979939
0.979939
0.907778
0.907778
1.320249
1.320249
1.041950
1.041950
1.236111
1.236111
0.795942
0.795942
1.145939
1.145939
1.258734
1.258734
1.112523
1.112523
0.948102
0.948102
0.998010
0.998010
0.955408
0.955408
0.996392
0.996392
0.997100
0.997100
0.861647
0.861647
0.968625
0.968625
0.979252
0.979252
0.766718
0.766718
0.814871
0.814871
0.742291
0.742291
0.468453
0.468453
0.794407
0.794407
0.737719
0.737719
0.987998
0.987998
0.481737
0.481737
0.593486
0.593486
1.102345
1.102345
0.835878
0.835878
0.979869
0.979869
0.935400
0.935400
0.988087
0.988087
1.044783
1.044783
0.834202
0.834202
0.819914
0.819914
0.782398
0.782398
1.082390
1.082390
0.936945
0.936945
0.958133
0.958133
1.320742
1.320742
1.179961
1.179961
1.245763
1.245763
1.091976
1.091976
1.155886
1.155886
1.060616
1.060616
1.224058
1.224058
1.642797
1.642797
1.384362
1.384362
1.268898
1.268898
1.582666
1.582666
1.191440
1.191440
1.308753
1.308753
1.274822
1.274822
1.269884
1.269884
1.370505
1.370505
1.491747
1.491747
1.353076
1.353076
1.351567
1.351567
1.360295
1.360295
1.098153
1.098153
1.256884
1.256884
1.530773
1.530773
1.393691
1.393691
1.135347
1.135347
1.178613
1.178613
1.038920
1.038920
1.380109
1.380109
1.464474
1.464474
1.455841
1.455841
1.672090
1.672090
1.344471
1.344471
1.156425
1.156425
1.182870
1.182870
1.317181
1.317181
1.278981
1.278981
1.423918
1.423918
1.192058
1.192058
1.052844
1.052844
1.075670
1.075670
1.203873
1.203873
1.355083
1.355083
1.224925
1.224925
0.964475
0.964475
0.983036
0.983036
0.936066
0.936066
0.908420
0.908420
0.862640
0.862640
1.023365
1.023365
0.983060
0.983060
0.886143
0.886143
0.745100
0.745100
0.982439
0.982439
0.777408
0.777408
0.835370
0.835370
0.933018
0.933018
0.764899
0.764899
0.851297
0.851297
0.960955
0.960955
0.802083
0.802083
0.532124
0.532124
0.669475
0.669475
0.834952
0.834952
0.828901
0.828901
0.882647
0.882647
0.909868
0.909868
0.673785
0.673785
0.805680
0.805680
1.092865
1.092865
0.946963
0.946963
0.737227
0.737227
0.884573
0.884573
0.719569
0.719569
0.857493
0.857493
0.816043
0.816043
0.870760
0.870760
0.821785
0.821785
0.861398
0.861398
0.769556
0.769556
0.877255
0.877255
0.928726
0.928726
0.958372
0.958372
1.172260
1.172260
0.896430
0.896430
0.970448
0.970448
1.092584
1.092584
1.269824
1.269824
1.168355
1.168355
0.874413
0.874413
1.075040
1.075040
1.114159
1.114159
1.135816
1.135816
0.953817
0.953817
1.297237
1.297237
1.129273
1.129273
1.141512
1.141512
1.335952
1.335952
1.488341
1.488341
1.227783
1.227783
1.088197
1.088197
1.511345
1.511345
1.011087
1.011087
1.129499
1.129499
0.808945
0.808945
1.379744
1.379744
1.298445
1.298445
1.172374
1.172374
1.070214
1.070214
1.035219
1.035219
1.079277
1.079277
1.187959
1.187959
1.283274
1.283274
1.036366
1.036366
1.156535
1.156535
1.212984
1.212984
1.291533
1.291533
1.021986
1.021986
1.375436
1.375436
1.104190
1.104190
0.928613
0.928613
1.565881
1.565881
1.090685
1.090685
0.845254
0.845254
1.115893
1.115893
1.232846
1.232846
1.319840
1.319840
1.337915
1.337915
1.107870
1.107870
0.889218
0.889218
1.006456
1.006456
1.157025
1.157025
0.928957
0.928957
1.001823
1.001823
0.930928
0.930928
0.933047
0.933047
1.023431
1.023431
1.168245
1.168245
1.112319
1.112319
0.944876
0.944876
0.835638
0.835638
0.828246
0.828246
0.918076
0.918076
1.010857
1.010857
0.766926
0.766926
0.757567
0.757567
1.048102
1.048102
0.990859
0.990859
1.022794
1.022794
0.681536
0.681536
0.689559
0.689559
0.973011
0.973011
0.995219
0.995219
0.729648
0.729648
0.637849
0.637849
0.909133
0.909133
0.798118
0.798118
0.835867
0.835867
0.859436
0.859436
0.560935
0.560935
1.211656
1.211656
0.911076
0.911076
0.694478
0.694478
0.783174
0.783174
0.795306
0.795306
0.677964
0.677964
0.638826
0.638826
0.699138
0.699138
0.675199
0.675199
0.626476
0.626476
0.740166
0.740166
0.886815
0.886815
0.706156
0.706156
0.909214
0.909214
0.895986
0.895986
0.671587
0.671587
1.000389
1.000389
0.880203
0.880203
0.700071
0.700071
0.809992
0.809992
0.753622
0.753622
0.750454
0.750454
1.087497
1.087497
0.839562
0.839562
0.834602
0.834602
0.663488
0.663488
1.061033
1.061033
0.666910
0.666910
0.776323
0.776323
0.863470
0.863470
0.921761
0.921761
0.775505
0.775505
1.036567
1.036567
0.858081
0.858081
0.974237
0.974237
1.126861
1.126861
0.886077
0.886077
0.858041
0.858041
1.112158
1.112158
1.050955
1.050955
0.801334
0.801334
0.636285
0.636285
1.184231
1.184231
1.071167
1.071167
1.042980
1.042980
0.958488
0.958488
1.255745
1.255745
1.154731
1.154731
1.338005
1.338005
1.317846
1.317846
1.161253
1.161253
1.135402
1.135402
1.064799
1.064799
1.072865
1.072865
1.298130
1.298130
1.385352
1.385352
1.423765
1.423765
1.665673
1.665673
1.712027
1.712027
1.072849
1.072849
1.697920
1.697920
1.749235
1.749235
1.233733
1.233733
1.319605
1.319605
1.417629
1.417629
1.269713
1.269713
1.415212
1.415212
1.297165
1.297165
1.624553
1.624553
1.384619
1.384619
1.633422
1.633422
1.279864
1.279864
1.320372
1.320372
1.070022
1.070022
1.259323
1.259323
1.068280
1.068280
1.349800
1.349800
1.066116
1.066116
1.069302
1.069302
0.970331
0.970331
1.040773
1.040773
0.859690
0.859690
1.237845
1.237845
0.979699
0.979699
0.999400
0.999400
1.234407
1.234407
1.261385
1.261385
0.945369
0.945369
1.340350
1.340350
0.808191
0.808191
0.728021
0.728021
0.948158
0.948158
0.808738
0.808738
0.863386
0.863386
0.865856
0.865856
0.758455
0.758455
0.744214
0.744214
0.820086
0.820086
1.053290
1.053290
0.832957
0.832957
0.917446
0.917446
0.674673
0.674673
0.595157
0.595157
0.836639
0.836639
0.641874
0.641874
0.444372
0.444372
0.480050
0.480050
0.669705
0.669705
0.630657
0.630657
0.548596
0.548596
1.010786
1.010786
0.812583
0.812583
0.700100
0.700100
0.559230
0.559230
0.937844
0.937844
0.826073
0.826073
0.716445
0.716445
0.632996
0.632996
0.727322
0.727322
0.630269
0.630269
1.037664
1.037664
0.634065
0.634065
0.863927
0.863927
0.814656
0.814656
0.829376
0.829376
0.787574
0.787574
0.738681
0.738681
0.929923
0.929923
0.952875
0.952875
0.892202
0.892202
1.212841
1.212841
0.971113
0.971113
0.723473
0.723473
1.146625
1.146625
1.347074
1.347074
0.929318
0.929318
1.253397
1.253397
1.433985
1.433985
1.476014
1.476014
1.208368
1.208368
1.928137
1.928137
1.081802
1.081802
1.338744
1.338744
1.623623
1.623623
1.262860
1.262860
1.552898
1.552898
2.005291
2.005291
1.796464
1.796464
1.246637
1.246637
1.321437
1.321437
1.266787
1.266787
2.035151
2.035151
1.344214
1.344214
1.448166
1.448166
1.607236
1.607236
1.629199
1.629199
1.534926
1.534926
1.770654
1.770654
1.489091
1.489091
1.089975
1.089975
1.447107
1.447107
1.338078
1.338078
1.543058
1.543058
1.247834
1.247834
1.840766
1.840766
1.427131
1.427131
1.439224
1.439224
1.206258
1.206258
1.276643
1.276643
1.170747
1.170747
1.164388
1.164388
1.152880
1.152880
1.319456
1.319456
0.917940
0.917940
0.914362
0.914362
0.946627
0.946627
0.959916
0.959916
1.139391
1.139391
0.881931
0.881931
0.917305
0.917305
0.956529
0.956529
1.019848
1.019848
1.217210
1.217210
1.021513
1.021513
0.887516
0.887516
0.970271
0.970271
0.917045
0.917045
0.953228
0.953228
0.902261
0.902261
0.937679
0.937679
1.133504
1.133504
1.125987
1.125987
0.913865
0.913865
1.007430
1.007430
0.701296
0.701296
0.692247
0.692247
0.902391
0.902391
0.977408
0.977408
0.794236
0.794236
0.953425
0.953425
1.106556
1.106556
1.081788
1.081788
1.081526
1.081526
1.130818
1.130818
0.983013
0.983013
0.941650
0.941650
0.781739
0.781739
0.957327
0.957327
0.745766
0.745766
0.740262
0.740262
0.676743
0.676743
0.935420
0.935420
0.944642
0.944642
0.849288
0.849288
0.886397
0.886397
0.892105
0.892105
0.676606
0.676606
1.113113
1.113113
0.603461
0.603461
0.833562
0.833562
0.888428
0.888428
0.958736
0.958736
0.704528
0.704528
0.738165
0.738165
0.631772
0.631772
0.934595
0.934595
0.895545
0.895545
0.985806
0.985806
0.979133
0.979133
0.951784
0.951784
0.898065
0.898065
1.006953
1.006953
1.252583
1.252583
1.097336
1.097336
1.084933
1.084933
1.070627
1.070627
1.031020
1.031020
1.026948
1.026948
0.945290
0.945290
0.909422
0.909422
0.913757
0.913757
1.254980
1.254980
1.091748
1.091748
0.901889
0.901889
0.914389
0.914389
1.245578
1.245578
1.293694
1.293694
1.150167
1.150167
1.325066
1.325066
1.177690
1.177690
1.203675
1.203675
1.008089
1.008089
1.352358
1.352358
1.048409
1.048409
1.333431
1.333431
1.263350
1.263350
1.299928
1.299928
1.249340
1.249340
1.242912
1.242912
1.022331
1.022331
1.032904
1.032904
1.526705
1.526705
1.072371
1.072371
1.325851
1.325851
1.347406
1.347406
1.445890
1.445890
1.672405
1.672405
1.111099
1.111099
1.215431
1.215431
1.396122
1.396122
1.255669
1.255669
0.998426
0.998426
1.344645
1.344645
1.045207
1.045207
1.186277
1.186277
1.395001
1.395001
1.163300
1.163300
1.536122
1.536122
1.059792
1.059792
1.404338
1.404338
1.271306
1.271306
1.389874
1.389874
1.190433
1.190433
0.897205
0.897205
1.503582
1.503582
1.141625
1.141625
0.875049
0.875049
0.911872
0.911872
0.728325
0.728325
0.819570
0.819570
0.958065
0.958065
1.224196
1.224196
0.870812
0.870812
0.973627
0.973627
0.851706
0.851706
0.726322
0.726322
0.798676
0.798676
0.969374
0.969374
0.816596
0.816596
0.866345
0.866345
0.997244
0.997244
0.677993
0.677993
0.777505
0.777505
0.813626
0.813626
0.889347
0.889347
0.942135
0.942135
1.014324
1.014324
0.679964
0.679964
0.616509
0.616509
0.641349
0.641349
0.866965
0.866965
0.614078
0.614078
0.394764
0.394764
0.600597
0.600597
0.754995
0.754995
0.529176
0.529176
0.724876
0.724876
0.902380
0.902380
1.064739
1.064739
0.676227
0.676227
0.970475
0.970475
0.885152
0.885152
0.815846
0.815846
0.859443
0.859443
0.729462
0.729462
0.861508
0.861508
0.609857
0.609857
0.987031
0.987031
1.071764
1.071764
0.986153
0.986153
0.919747
0.919747
1.031460
1.031460
0.974093
0.974093
1.023918
1.023918
0.994266
0.994266
1.347568
1.347568
1.140640
1.140640
1.085094
1.085094
1.096672
1.096672
1.265588
1.265588
1.251991
1.251991
1.212232
1.212232
1.625257
1.625257
1.476425
1.476425
1.331134
1.331134
1.259097
1.259097
1.669063
1.669063
1.562702
1.562702
1.588794
1.588794
1.607532
1.607532
1.403649
1.403649
1.915314
1.915314
1.609806
1.609806
1.782839
1.782839
1.782321
1.782321
1.816531
1.816531
1.443575
1.443575
1.713912
1.713912
2.333188
2.333188
1.639688
1.639688
1.457483
1.457483
1.257440
1.257440
1.686235
1.686235
1.448315
1.448315
1.796939
1.796939
1.592685
1.592685
1.921679
1.921679
1.716939
1.716939
1.966134
1.966134
1.554085
1.554085
1.176726
1.176726
1.309525
1.309525
1.644761
1.644761
1.367633
1.367633
1.400837
1.400837
1.314388
1.314388
1.419656
1.419656
1.652374
1.652374
1.248074
1.248074
1.632642
1.632642
1.310341
1.310341
1.510741
1.510741
0.987704
0.987704
1.135037
1.135037
1.006086
1.006086
0.971459
0.971459
0.802160
0.802160
1.388272
1.388272
0.935716
0.935716
1.275980
1.275980
1.017296
1.017296
1.011112
1.011112
0.886938
0.886938
1.075553
1.075553
0.994393
0.994393
0.943435
0.943435
0.812882
0.812882
0.798889
0.798889
0.876336
0.876336
0.985930
0.985930
0.603657
0.603657
0.778010
0.778010
0.773826
0.773826
0.983453
0.983453
0.768475
0.768475
0.755342
0.755342
0.676097
0.676097
0.615286
0.615286
0.776445
0.776445
0.654116
0.654116
0.683552
0.683552
0.973173
0.973173
0.682852
0.682852
0.860045
0.860045
0.774101
0.774101
0.966654
0.966654
0.787749
0.787749
0.496318
0.496318
0.766785
0.766785
0.638451
0.638451
0.782150
0.782150
0.717369
0.717369
0.531728
0.531728
0.929763
0.929763
0.609744
0.609744
0.803148
0.803148
0.932741
0.932741
0.771269
0.771269
0.717633
0.717633
0.682585
0.682585
0.845051
0.845051
0.916165
0.916165
0.899901
0.899901
1.131983
1.131983
1.143378
1.143378
1.089827
1.089827
1.109432
1.109432
1.220945
1.220945
1.323563
1.323563
1.055839
1.055839
1.470065
1.470065
1.510663
1.510663
1.216828
1.216828
1.081612
1.081612
1.836416
1.836416
1.230687
1.230687
1.123916
1.123916
1.452705
1.452705
1.215650
1.215650
0.971353
0.971353
1.425389
1.425389
1.380541
1.380541
1.523525
1.523525
1.406969
1.406969
1.443552
1.443552
1.638002
1.638002
1.163120
1.163120
1.105678
1.105678
1.292639
1.292639
1.158085
1.158085
1.445932
1.445932
1.542892
1.542892
1.650140
1.650140
1.055118
1.055118
0.933013
0.933013
1.330139
1.330139
1.350391
1.350391
1.201438
1.201438
1.118880
1.118880
1.403626
1.403626
1.048357
1.048357
1.523049
1.523049
1.368383
1.368383
1.278632
1.278632
1.366848
1.366848
1.263548
1.263548
1.105442
1.105442
1.298036
1.298036
1.171347
1.171347
0.971306
0.971306
1.189264
1.189264
1.334551
1.334551
0.902232
0.902232
1.205010
1.205010
0.767884
0.767884
1.079345
1.079345
1.253827
1.253827
1.091916
1.091916
0.903553
0.903553
0.844494
0.844494
0.942931
0.942931
0.814722
0.814722
1.160325
1.160325
0.854617
0.854617
0.945316
0.945316
1.051056
1.051056
0.841781
0.841781
0.941375
0.941375
0.887692
0.887692
1.059581
1.059581
0.826305
0.826305
0.959515
0.959515
0.987976
0.987976
0.697335
0.697335
0.799762
0.799762
0.747486
0.747486
0.779268
0.779268
0.835817
0.835817
0.894114
0.894114
0.803603
0.803603
0.897699
0.897699
0.922933
0.922933
0.733751
0.733751
0.729218
0.729218
0.727537
0.727537
0.974252
0.974252
0.952012
0.952012
0.687178
0.687178
0.591458
0.591458
0.621109
0.621109
0.602731
0.602731
0.858771
0.858771
0.862905
0.862905
0.798838
0.798838
0.859016
0.859016
0.899695
0.899695
0.988167
0.988167
1.189198
1.189198
1.157381
1.157381
1.015108
1.015108
1.126484
1.126484
1.367461
1.367461
1.256091
1.256091
1.451509
1.451509
1.282385
1.282385
1.188556
1.188556
0.973909
0.973909
1.302699
1.302699
1.077736
1.077736
1.264705
1.264705
0.979451
0.979451
1.117034
1.117034
1.326937
1.326937
1.097838
1.097838
1.295406
1.295406
0.956176
0.956176
1.270699
1.270699
0.985736
0.985736
1.140008
1.140008
1.054895
1.054895
1.277922
1.277922
1.210002
1.210002
1.004217
1.004217
1.171230
1.171230
1.139446
1.139446
0.888029
0.888029
1.105046
1.105046
1.557334
1.557334
1.240105
1.240105
1.309719
1.309719
1.311021
1.311021
1.248659
1.248659
0.957025
0.957025
1.476393
1.476393
1.049297
1.049297
1.250556
1.250556
1.281912
1.281912
0.994707
0.994707
1.357701
1.357701
1.510559
1.510559
1.033549
1.033549
1.285492
1.285492
1.098129
1.098129
0.920937
0.920937
1.108917
1.108917
1.398870
1.398870
1.225586
1.225586
1.281269
1.281269
1.179749
1.179749
1.362570
1.362570
1.161465
1.161465
1.053110
1.053110
1.157624
1.157624
0.808755
0.808755
1.196659
1.196659
0.984732
0.984732
1.050807
1.050807
0.857531
0.857531
1.341557
1.341557
1.371927
1.371927
1.097930
1.097930
1.076778
1.076778
0.801615
0.801615
0.763235
0.763235
0.947760
0.947760
0.766071
0.766071
0.745777
0.745777
0.958288
0.958288
0.728231
0.728231
0.764031
0.764031
0.895184
0.895184
0.764776
0.764776
1.067250
1.067250
1.249743
1.249743
0.794874
0.794874
0.869254
0.869254
0.691215
0.691215
0.666072
0.666072
0.715182
0.715182
1.058311
1.058311
0.815305
0.815305
0.836246
0.836246
0.870459
0.870459
0.898128
0.898128
0.859758
0.859758
0.790455
0.790455
1.235938
1.235938
0.867723
0.867723
0.910786
0.910786
0.627476
0.627476
0.732999
0.732999
0.671308
0.671308
0.956062
0.956062
0.712034
0.712034
0.805392
0.805392
0.823480
0.823480
0.788266
0.788266
0.632658
0.632658
0.757633
0.757633
0.837738
0.837738
0.759113
0.759113
0.726095
0.726095
0.729233
0.729233
0.927597
0.927597
1.136005
1.136005
0.775743
0.775743
0.815777
0.815777
0.887442
0.887442
1.275914
1.275914
0.874846
0.874846
0.714771
0.714771
0.941159
0.941159
0.969165
0.969165
0.706014
0.706014
0.623826
0.623826
0.828701
0.828701
1.141079
1.141079
0.836963
0.836963
1.197505
1.197505
1.435252
1.435252
1.260650
1.260650
1.099843
1.099843
1.089631
1.089631
0.936134
0.936134
1.002843
1.002843
1.089825
1.089825
1.344979
1.344979
0.810088
0.810088
1.195307
1.195307
1.157097
1.157097
0.910709
0.910709
1.318411
1.318411
0.996012
0.996012
0.972911
0.972911
1.398628
1.398628
1.256508
1.256508
1.283181
1.283181
1.307505
1.307505
1.342656
1.342656
1.133412
1.133412
1.448211
1.448211
1.505168
1.505168
1.363413
1.363413
1.142028
1.142028
1.751687
1.751687
1.295270
1.295270
1.477691
1.477691
1.634943
1.634943
1.411865
1.411865
1.347825
1.347825
1.243884
1.243884
1.174234
1.174234
1.100036
1.100036
1.368610
1.368610
1.493995
1.493995
1.379527
1.379527
1.364582
1.364582
1.536705
1.536705
1.111872
1.111872
1.160480
1.160480
0.737774
0.737774
1.001177
1.001177
1.261039
1.261039
1.048941
1.048941
1.436700
1.436700
0.949306
0.949306
1.152269
1.152269
1.087368
1.087368
1.073449
1.073449
0.967135
0.967135
1.220083
1.220083
1.325150
1.325150
1.090357
1.090357
1.271193
1.271193
0.690134
0.690134
0.991803
0.991803
1.085038
1.085038
0.763324
0.763324
0.903928
0.903928
1.089545
1.089545
0.971695
0.971695
1.077913
1.077913
0.782221
0.782221
0.793552
0.793552
0.861890
0.861890
0.796501
0.796501
0.719772
0.719772
0.702222
0.702222
0.934173
0.934173
0.647080
0.647080
0.920564
0.920564
0.666018
0.666018
0.719269
0.719269
0.732611
0.732611
0.796336
0.796336
0.865441
0.865441
0.816403
0.816403
0.646543
0.646543
0.813608
0.813608
0.643827
0.643827
0.774245
0.774245
0.874837
0.874837
1.090773
1.090773
0.877438
0.877438
0.835076
0.835076
0.695809
0.695809
1.163243
1.163243
1.140407
1.140407
0.996504
0.996504
0.818395
0.818395
1.178951
1.178951
0.988852
0.988852
1.037082
1.037082
0.757203
0.757203
0.794758
0.794758
0.698285
0.698285
0.828365
0.828365
0.994458
0.994458
0.855193
0.855193
0.783132
0.783132
1.090045
1.090045
1.013856
1.013856
1.330402
1.330402
0.776103
0.776103
1.124645
1.124645
1.069444
1.069444
1.014040
1.014040
1.056558
1.056558
0.845874
0.845874
0.955070
0.955070
0.894066
0.894066
1.167983
1.167983
0.974977
0.974977
0.895855
0.895855
0.897637
0.897637
1.357111
1.357111
0.984089
0.984089
1.561231
1.561231
1.178283
1.178283
1.261504
1.261504
1.332101
1.332101
1.338820
1.338820
1.528258
1.528258
1.092095
1.092095
1.577220
1.577220
0.896756
0.896756
1.220277
1.220277
1.359378
1.359378
1.171311
1.171311
1.486631
1.486631
0.951170
0.951170
1.210487
1.210487
1.525473
1.525473
1.087472
1.087472
1.018380
1.018380
1.609200
1.609200
1.361373
1.361373
0.897968
0.897968
1.556641
1.556641
1.081794
1.081794
1.325538
1.325538
0.773049
0.773049
0.725800
0.725800
0.831273
0.831273
0.936313
0.936313
1.258584
1.258584
0.468243
0.468243
0.987222
0.987222
1.053286
1.053286
1.173028
1.173028
0.939764
0.939764
0.717509
0.717509
0.801904
0.801904
1.017078
1.017078
0.932412
0.932412
0.794634
0.794634
0.999253
0.999253
0.872216
0.872216
1.018895
1.018895
0.828233
0.828233
0.616594
0.616594
0.992822
0.992822
0.943676
0.943676
0.752284
0.752284
0.636378
0.636378
0.479509
0.479509
0.822989
0.822989
0.860177
0.860177
0.966782
0.966782
1.147641
1.147641
0.894574
0.894574
0.867749
0.867749
0.998148
0.998148
0.759884
0.759884
0.917994
0.917994
0.981613
0.981613
1.027498
1.027498
0.830928
0.830928
0.755491
0.755491
0.966836
0.966836
0.915501
0.915501
0.867563
0.867563
1.189252
1.189252
1.109598
1.109598
1.093405
1.093405
0.926718
0.926718
0.859580
0.859580
0.890293
0.890293
1.209173
1.209173
1.110484
1.110484
0.774316
0.774316
1.249291
1.249291
1.203048
1.203048
0.652364
0.652364
1.070962
1.070962
1.007661
1.007661
1.222836
1.222836
0.937908
0.937908
0.782516
0.782516
1.048277
1.048277
1.065072
1.065072
1.166763
1.166763
0.950055
0.950055
0.817807
0.817807
0.981691
0.981691
0.811631
0.811631
1.202772
1.202772
1.244837
1.244837
1.031337
1.031337
0.976429
0.976429
1.036000
1.036000
1.358114
1.358114
1.396621
1.396621
1.191692
1.191692
1.085335
1.085335
1.053648
1.053648
0.917275
0.917275
1.047263
1.047263
1.168263
1.168263
1.088806
1.088806
1.104125
1.104125
1.349951
1.349951
1.284042
1.284042
1.244322
1.244322
1.276642
1.276642
0.788139
0.788139
1.020486
1.020486
1.174012
1.174012
1.268902
1.268902
0.659346
0.659346
1.046068
1.046068
1.032136
1.032136
0.994007
0.994007
1.066603
1.066603
1.126622
1.126622
1.312613
1.312613
0.895276
0.895276
1.051683
1.051683
0.924569
0.924569
0.978969
0.978969
0.767578
0.767578
0.922310
0.922310
0.911440
0.911440
1.080755
1.080755
0.839419
0.839419
0.969732
0.969732
0.909127
0.909127
0.842430
0.842430
0.764158
0.764158
0.633698
0.633698
0.925245
0.925245
0.753492
0.753492
1.054417
1.054417
1.071745
1.071745
0.863758
0.863758
1.118842
1.118842
1.154962
1.154962
1.018667
1.018667
1.034526
1.034526
1.016708
1.016708
0.781507
0.781507
1.066970
1.066970
0.859140
0.859140
0.723057
0.723057
0.701735
0.701735
1.148465
1.148465
1.113345
1.113345
1.093559
1.093559
0.671972
0.671972
1.129327
1.129327
0.622404
0.622404
0.925931
0.925931
0.721639
0.721639
0.757864
0.757864
0.931759
0.931759
0.875729
0.875729
1.206300
1.206300
0.913230
0.913230
0.886997
0.886997
1.035350
1.035350
1.050870
1.050870
0.962949
0.962949
0.995630
0.995630
0.906775
0.906775
0.999200
0.999200
0.797455
0.797455
0.910772
0.910772
0.782347
0.782347
1.140361
1.140361
0.994180
0.994180
1.054083
1.054083
0.941708
0.941708
0.765573
0.765573
1.278546
1.278546
1.153075
1.153075
0.970762
0.970762
1.014180
1.014180
1.909104
1.909104
1.259144
1.259144
1.264261
1.264261
1.116201
1.116201
1.300066
1.300066
1.112352
1.112352
1.437167
1.437167
1.005900
1.005900
1.005815
1.005815
1.220422
1.220422
1.027430
1.027430
1.061171
1.061171
1.294131
1.294131
1.082170
1.082170
1.181827
1.181827
0.990443
0.990443
1.008398
1.008398
1.072878
1.072878
0.716743
0.716743
0.532056
0.532056
0.844499
0.844499
0.848162
0.848162
0.861014
0.861014
0.795652
0.795652
0.857611
0.857611
0.838637
0.838637
0.710689
0.710689
0.606731
0.606731
0.767069
0.767069
1.026767
1.026767
0.842297
0.842297
0.927641
0.927641
0.858738
0.858738
0.819024
0.819024
0.697361
0.697361
0.969829
0.969829
0.917160
0.917160
0.632930
0.632930
1.207276
1.207276
0.931309
0.931309
0.819951
0.819951
1.067732
1.067732
0.892834
0.892834
0.974830
0.974830
1.205394
1.205394
0.920893
0.920893
1.037902
1.037902
0.812196
0.812196
1.086799
1.086799
1.230346
1.230346
1.005173
1.005173
0.753433
0.753433
1.215842
1.215842
1.182688
1.182688
1.026338
1.026338
1.081802
1.081802
0.981237
0.981237
0.978082
0.978082
1.083441
1.083441
1.055426
1.055426
1.223603
1.223603
0.913783
0.913783
1.115907
1.115907
0.889453
0.889453
0.875607
0.875607
0.709506
0.709506
1.106424
1.106424
1.027115
1.027115
0.911040
0.911040
0.967135
0.967135
1.204003
1.204003
0.893835
0.893835
1.020026
1.020026
1.076307
1.076307
1.082982
1.082982
1.023212
1.023212
1.061963
1.061963
1.114857
1.114857
1.247025
1.247025
0.893905
0.893905
1.169072
1.169072
1.219764
1.219764
1.078517
1.078517
0.801910
0.801910
0.888916
0.888916
0.909871
0.909871
1.108922
1.108922
0.974193
0.974193
1.072169
1.072169
0.984171
0.984171
0.983396
0.983396
0.976051
0.976051
1.245108
1.245108
1.095509
1.095509
0.828239
0.828239
1.067568
1.067568
1.034502
1.034502
0.931006
0.931006
0.969409
0.969409
1.060017
1.060017
1.004328
1.004328
1.120106
1.120106
0.826437
0.826437
1.255508
1.255508
0.917661
0.917661
1.458513
1.458513
1.044591
1.044591
0.989594
0.989594
1.024101
1.024101
1.068253
1.068253
0.934494
0.934494
1.014341
1.014341
0.897123
0.897123
0.985540
0.985540
0.990326
0.990326
0.904848
0.904848
1.059328
1.059328
0.800217
0.800217
1.245799
1.245799
1.004314
1.004314
0.725198
0.725198
1.163776
1.163776
1.178266
1.178266
1.067391
1.067391
0.988691
0.988691
0.990346
0.990346
0.986090
0.986090
1.025031
1.025031
1.174227
1.174227
0.988505
0.988505
1.169677
1.169677
0.976317
0.976317
1.338126
1.338126
0.838308
0.838308
1.133459
1.133459
0.928407
0.928407
0.886004
0.886004
0.751339
0.751339
0.914783
0.914783
0.774841
0.774841
1.266686
1.266686
0.958511
0.958511
1.177567
1.177567
1.063905
1.063905
0.796307
0.796307
0.946436
0.946436
1.106412
1.106412
0.851129
0.851129
1.203042
1.203042
0.942778
0.942778
0.998320
0.998320
0.691999
0.691999
0.911684
0.911684
1.086330
1.086330
0.795226
0.795226
0.916922
0.916922
1.000296
1.000296
0.868748
0.868748
1.007812
1.007812
0.893941
0.893941
0.722224
0.722224
0.655741
0.655741
0.636681
0.636681
0.881018
0.881018
0.942625
0.942625
0.608065
0.608065
1.080737
1.080737
1.042991
1.042991
1.115973
1.115973
1.103261
1.103261
1.076647
1.076647
0.936657
0.936657
0.906126
0.906126
0.667005
0.667005
0.967737
0.967737
1.006556
1.006556
1.104203
1.104203
1.239905
1.239905
0.945297
0.945297
1.074412
1.074412
0.997828
0.997828
0.778923
0.778923
1.411822
1.411822
1.109175
1.109175
0.971545
0.971545
0.802348
0.802348
1.197969
1.197969
1.376655
1.376655
0.976542
0.976542
1.324365
1.324365
1.083427
1.083427
0.935372
0.935372
1.169546
1.169546
1.112689
1.112689
1.264578
1.264578
0.893110
0.893110
1.243180
1.243180
0.912439
0.912439
1.227014
1.227014
1.019689
1.019689
1.178317
1.178317
1.001948
1.001948
0.971162
0.971162
0.826200
0.826200
1.287363
1.287363
1.097710
1.097710
1.080479
1.080479
0.797372
0.797372
0.996458
0.996458
0.887028
0.887028
1.133599
1.133599
1.055331
1.055331
1.238279
1.238279
1.139168
1.139168
1.154613
1.154613
0.962693
0.962693
1.159390
1.159390
0.731181
0.731181
1.064164
1.064164
0.861227
0.861227
0.781395
0.781395
0.878775
0.878775
0.908140
0.908140
1.022256
1.022256
0.848771
0.848771
0.652377
0.652377
0.718320
0.718320
0.879108
0.879108
0.786292
0.786292
0.751746
0.751746
0.735824
0.735824
0.747528
0.747528
0.639076
0.639076
0.602669
0.602669
0.598134
0.598134
0.825810
0.825810
0.612737
0.612737
0.668479
0.668479
1.080286
1.080286
0.641417
0.641417
0.639618
0.639618
0.600170
0.600170
0.809276
0.809276
0.578082
0.578082
0.786379
0.786379
1.097222
1.097222
0.914920
0.914920
1.106172
1.106172
0.792165
0.792165
1.055691
1.055691
1.011645
1.011645
0.931406
0.931406
1.184675
1.184675
0.944877
0.944877
0.886526
0.886526
1.070005
1.070005
0.887082
0.887082
1.320568
1.320568
1.068364
1.068364
1.419271
1.419271
1.582000
1.582000
1.794834
1.794834
1.891305
1.891305
1.436646
1.436646
1.174310
1.174310
1.453847
1.453847
1.282867
1.282867
1.252082
1.252082
1.484568
1.484568
1.497490
1.497490
0.807463
0.807463
1.077194
1.077194
1.354612
1.354612
0.937660
0.937660
1.139339
1.139339
1.277944
1.277944
1.145941
1.145941
1.056548
1.056548
1.261062
1.261062
1.299597
1.299597
1.272322
1.272322
1.236773
1.236773
0.849632
0.849632
1.049318
1.049318
1.071111
1.071111
0.880846
0.880846
0.946237
0.946237
0.995627
0.995627
1.045825
1.045825
1.244832
1.244832
0.990080
0.990080
1.157678
1.157678
1.053235
1.053235
1.251881
1.251881
0.961690
0.961690
0.745321
0.745321
0.757774
0.757774
1.182695
1.182695
1.013276
1.013276
0.822980
0.822980
0.884350
0.884350
1.009126
1.009126
1.049182
1.049182
1.090163
1.090163
1.135720
1.135720
0.880207
0.880207
0.871283
0.871283
0.718257
0.718257
0.716725
0.716725
1.008408
1.008408
0.837358
0.837358
1.162053
1.162053
0.811758
0.811758
0.832586
0.832586
0.842630
0.842630
0.855974
0.855974
1.013599
1.013599
1.061712
1.061712
1.153700
1.153700
0.758996
0.758996
1.256377
1.256377
1.230886
1.230886
0.685783
0.685783
0.883304
0.883304
0.857837
0.857837
0.881319
0.881319
0.678957
0.678957
0.678420
0.678420
0.882822
0.882822
0.925998
0.925998
0.870693
0.870693
0.748071
0.748071
0.964326
0.964326
0.900099
0.900099
0.873135
0.873135
0.763971
0.763971
1.259701
1.259701
0.576081
0.576081
1.021197
1.021197
0.901191
0.901191
1.169254
1.169254
1.012274
1.012274
1.025436
1.025436
1.005426
1.005426
1.019173
1.019173
0.895165
0.895165
0.982842
0.982842
1.037138
1.037138
0.765964
0.765964
1.087643
1.087643
1.101053
1.101053
1.046134
1.046134
1.085649
1.085649
0.999661
0.999661
1.065659
1.065659
1.127894
1.127894
0.924721
0.924721
0.949531
0.949531
1.076208
1.076208
1.088122
1.088122
0.830496
0.830496
1.347689
1.347689
1.035854
1.035854
0.785572
0.785572
1.230743
1.230743
1.264540
1.264540
1.289004
1.289004
1.308080
1.308080
1.304724
1.304724
1.248508
1.248508
1.128727
1.128727
1.063418
1.063418
1.264116
1.264116
0.884463
0.884463
1.301637
1.301637
1.268148
1.268148
0.848616
0.848616
1.095713
1.095713
0.797590
0.797590
0.990720
0.990720
1.310365
1.310365
0.847369
0.847369
0.920857
0.920857
0.982312
0.982312
1.202125
1.202125
1.042525
1.042525
1.076179
1.076179
0.873432
0.873432
0.797656
0.797656
0.691930
0.691930
1.009419
1.009419
0.900324
0.900324
0.998877
0.998877
0.986186
0.986186
0.970394
0.970394
0.736108
0.736108
0.990223
0.990223
0.740104
0.740104
1.229488
1.229488
0.759706
0.759706
0.905861
0.905861
1.062709
1.062709
0.835405
0.835405
1.017726
1.017726
1.004261
1.004261
1.019677
1.019677
0.974341
0.974341
0.937732
0.937732
1.081469
1.081469
1.054458
1.054458
0.780005
0.780005
0.901056
0.901056
0.827241
0.827241
0.915796
0.915796
0.800171
0.800171
1.139790
1.139790
0.624541
0.624541
0.912814
0.912814
0.752787
0.752787
0.617802
0.617802
0.752499
0.752499
0.660501
0.660501
0.857561
0.857561
0.624238
0.624238
0.855268
0.855268
0.888599
0.888599
0.841321
0.841321
0.841170
0.841170
0.699617
0.699617
0.865134
0.865134
0.969532
0.969532
0.777633
0.777633
0.739426
0.739426
0.681367
0.681367
0.992750
0.992750
1.044696
1.044696
0.780336
0.780336
0.914606
0.914606
0.926998
0.926998
0.819749
0.819749
1.237225
1.237225
1.042683
1.042683
1.073380
1.073380
1.169871
1.169871
1.009889
1.009889
0.822311
0.822311
0.912650
0.912650
1.177916
1.177916
1.157429
1.157429
1.013314
1.013314
1.166211
1.166211
1.108331
1.108331
1.052356
1.052356
0.843067
0.843067
1.346810
1.346810
1.245837
1.245837
1.354066
1.354066
1.552925
1.552925
1.650660
1.650660
1.656261
1.656261
1.356084
1.356084
1.134808
1.134808
1.498157
1.498157
1.625611
1.625611
1.307278
1.307278
1.329786
1.329786
1.901726
1.901726
1.575597
1.575597
1.180106
1.180106
1.655297
1.655297
1.729854
1.729854
1.388862
1.388862
1.652196
1.652196
1.539907
1.539907
1.611511
1.611511
1.440737
1.440737
1.435661
1.435661
1.178482
1.178482
1.259120
1.259120
1.230185
1.230185
1.245040
1.245040
1.552370
1.552370
1.230710
1.230710
1.223674
1.223674
1.512353
1.512353
1.051286
1.051286
0.796612
0.796612
0.989636
0.989636
1.196189
1.196189
0.738703
0.738703
0.999975
0.999975
1.306989
1.306989
0.744121
0.744121
0.876533
0.876533
0.937786
0.937786
0.882746
0.882746
0.936938
0.936938
0.606483
0.606483
0.795996
0.795996
0.832812
0.832812
1.018066
1.018066
0.772239
0.772239
1.002002
1.002002
0.773563
0.773563
0.824196
0.824196
0.750008
0.750008
0.856199
0.856199
1.088451
1.088451
0.752897
0.752897
0.701531
0.701531
1.116208
1.116208
0.671194
0.671194
1.086928
1.086928
0.659217
0.659217
0.584209
0.584209
0.836166
0.836166
0.798831
0.798831
0.799077
0.799077
0.674097
0.674097
1.121638
1.121638
0.581875
0.581875
0.840280
0.840280
0.766919
0.766919
0.896386
0.896386
0.976412
0.976412
1.113575
1.113575
0.896009
0.896009
1.132617
1.132617
0.939126
0.939126
1.219478
1.219478
0.789442
0.789442
0.954251
0.954251
1.064469
1.064469
1.217000
1.217000
1.024764
1.024764
1.306131
1.306131
1.213480
1.213480
1.162774
1.162774
1.016709
1.016709
1.614148
1.614148
1.290371
1.290371
1.746558
1.746558
1.274266
1.274266
1.417183
1.417183
1.720495
1.720495
1.359257
1.359257
1.625436
1.625436
1.495938
1.495938
1.542989
1.542989
1.177318
1.177318
1.383490
1.383490
1.578159
1.578159
1.492629
1.492629
1.266718
1.266718
1.748070
1.748070
1.548127
1.548127
1.395386
1.395386
1.061761
1.061761
1.542307
1.542307
1.021250
1.021250
1.127794
1.127794
1.340942
1.340942
1.349358
1.349358
1.814468
1.814468
1.328579
1.328579
1.415038
1.415038
1.168739
1.168739
1.206364
1.206364
1.289124
1.289124
1.450147
1.450147
1.416915
1.416915
1.038941
1.038941
0.951041
0.951041
1.163878
1.163878
1.187366
1.187366
1.175354
1.175354
1.251772
1.251772
1.123947
1.123947
1.083571
1.083571
1.096644
1.096644
1.125442
1.125442
0.848495
0.848495
0.720818
0.720818
0.791970
0.791970
0.911304
0.911304
0.809065
0.809065
0.852804
0.852804
0.872539
0.872539
0.971063
0.971063
1.015073
1.015073
0.958319
0.958319
1.007895
1.007895
0.595422
0.595422
0.997641
0.997641
0.812722
0.812722
0.618709
0.618709
0.814475
0.814475
0.900602
0.900602
1.037303
1.037303
0.950100
0.950100
0.892671
0.892671
0.671288
0.671288
0.649080
0.649080
0.909498
0.909498
0.875466
0.875466
0.770458
0.770458
0.932346
0.932346
0.671528
0.671528
1.096646
1.096646
0.841591
0.841591
0.785751
0.785751
0.784237
0.784237
0.591741
0.591741
0.928345
0.928345
0.782131
0.782131
0.925525
0.925525
1.165454
1.165454
1.192811
1.192811
1.193021
1.193021
1.062618
1.062618
1.172130
1.172130
1.079384
1.079384
1.285887
1.285887
0.933581
0.933581
1.218199
1.218199
1.059843
1.059843
1.203075
1.203075
1.293083
1.293083
1.099713
1.099713
1.105083
1.105083
1.525228
1.525228
1.012036
1.012036
1.451415
1.451415
0.890170
0.890170
1.130986
1.130986
1.413420
1.413420
1.141657
1.141657
1.397628
1.397628
1.072423
1.072423
1.018639
1.018639
1.388361
1.388361
1.215724
1.215724
0.815601
0.815601
0.971343
0.971343
1.018169
1.018169
1.170942
1.170942
1.553253
1.553253
1.093336
1.093336
1.083119
1.083119
1.166925
1.166925
0.979848
0.979848
0.998166
0.998166
1.003682
1.003682
1.018175
1.018175
1.046799
1.046799
1.104990
1.104990
1.161289
1.161289
1.120818
1.120818
1.162658
1.162658
1.067358
1.067358
1.068810
1.068810
0.998273
0.998273
1.313885
1.313885
1.066164
1.066164
0.855630
0.855630
1.066295
1.066295
1.077319
1.077319
0.986798
0.986798
1.338787
1.338787
0.817713
0.817713
1.298497
1.298497
1.270332
1.270332
1.125566
1.125566
0.968655
0.968655
0.845002
0.845002
1.049630
1.049630
1.055987
1.055987
1.118722
1.118722
1.449902
1.449902
1.358540
1.358540
0.946514
0.946514
0.754190
0.754190
1.017884
1.017884
1.059242
1.059242
0.679314
0.679314
0.943907
0.943907
1.145331
1.145331
0.841808
0.841808
0.960800
0.960800
0.872453
0.872453
1.183965
1.183965
0.645041
0.645041
0.883373
0.883373
0.957256
0.957256
0.978406
0.978406
1.038118
1.038118
0.891658
0.891658
1.093546
1.093546
0.919275
0.919275
1.038023
1.038023
1.001303
1.001303
0.737709
0.737709
0.934788
0.934788
0.926962
0.926962
0.694716
0.694716
0.768354
0.768354
1.097008
1.097008
0.689332
0.689332
1.148654
1.148654
0.804922
0.804922
0.677287
0.677287
0.726085
0.726085
0.691503
0.691503
0.819802
0.819802
1.042343
1.042343
0.955856
0.955856
1.116769
1.116769
1.165736
1.165736
0.759614
0.759614
0.638905
0.638905
1.160333
1.160333
0.962684
0.962684
0.831312
0.831312
1.017473
1.017473
0.958939
0.958939
1.127944
1.127944
0.610737
0.610737
0.944578
0.944578
0.759711
0.759711
0.943829
0.943829
0.912560
0.912560
0.837287
0.837287
0.775100
0.775100
1.065853
1.065853
0.864534
0.864534
0.752217
0.752217
0.943150
0.943150
0.957280
0.957280
0.974061
0.974061
0.821706
0.821706
0.933891
0.933891
1.028486
1.028486
1.107270
1.107270
0.795193
0.795193
1.008006
1.008006
0.905196
0.905196
1.121913
1.121913
1.141169
1.141169
0.957027
0.957027
1.168648
1.168648
1.248337
1.248337
1.571380
1.571380
1.193348
1.193348
1.184736
1.184736
1.269077
1.269077
1.612188
1.612188
1.388947
1.388947
1.246579
1.246579
1.805366
1.805366
1.440704
1.440704
1.760192
1.760192
1.617456
1.617456
1.340646
1.340646
1.503201
1.503201
1.127236
1.127236
1.456989
1.456989
1.478509
1.478509
1.294956
1.294956
1.615546
1.615546
1.538537
1.538537
1.478369
1.478369
1.815471
1.815471
1.475266
1.475266
1.528607
1.528607
1.343313
1.343313
1.586287
1.586287
1.348337
1.348337
1.138743
1.138743
1.093630
1.093630
1.048124
1.048124
1.084051
1.084051
0.918439
0.918439
1.189219
1.189219
1.355033
1.355033
1.087862
1.087862
0.817710
0.817710
0.700535
0.700535
1.162837
1.162837
0.803001
0.803001
0.842503
0.842503
0.624422
0.624422
0.935384
0.935384
0.720657
0.720657
0.564943
0.564943
0.784991
0.784991
0.691077
0.691077
0.578077
0.578077
0.697235
0.697235
0.738120
0.738120
0.682457
0.682457
1.000816
1.000816
0.437539
0.437539
0.707581
0.707581
0.635588
0.635588
1.087033
1.087033
0.749931
0.749931
0.962643
0.962643
0.605221
0.605221
0.852681
0.852681
0.400712
0.400712
0.539961
0.539961
0.782407
0.782407
0.820508
0.820508
0.663072
0.663072
0.863125
0.863125
0.709191
0.709191
0.890725
0.890725
0.799497
0.799497
0.671128
0.671128
0.707109
0.707109
0.643043
0.643043
1.066372
1.066372
1.106444
1.106444
0.970598
0.970598
0.839318
0.839318
0.945476
0.945476
0.955888
0.955888
0.754324
0.754324
0.987757
0.987757
0.736368
0.736368
1.250655
1.250655
0.845411
0.845411
1.315809
1.315809
0.996805
0.996805
1.133946
1.133946
1.558875
1.558875
1.046619
1.046619
1.295689
1.295689
1.227342
1.227342
1.302970
1.302970
1.459076
1.459076
1.524673
1.524673
1.056214
1.056214
1.523439
1.523439
1.256968
1.256968
1.242227
1.242227
1.232915
1.232915
1.445482
1.445482
1.518063
1.518063
1.742249
1.742249
1.680525
1.680525
1.387221
1.387221
1.715771
1.715771
1.475025
1.475025
1.650132
1.650132
1.831432
1.831432
1.315477
1.315477
1.521714
1.521714
1.054570
1.054570
1.669097
1.669097
1.255887
1.255887
1.511380
1.511380
1.098968
1.098968
1.365260
1.365260
1.518147
1.518147
1.270516
1.270516
1.465861
1.465861
1.412274
1.412274
1.104818
1.104818
1.238795
1.238795
1.383377
1.383377
1.253252
1.253252
1.154774
1.154774
1.136258
1.136258
1.130026
1.130026
1.124390
1.124390
0.778829
0.778829
0.706942
0.706942
1.054788
1.054788
0.555154
0.555154
0.921379
0.921379
0.784520
0.784520
0.922547
0.922547
0.888360
0.888360
0.901798
0.901798
0.942895
0.942895
0.682265
0.682265
0.811797
0.811797
0.850888
0.850888
0.753886
0.753886
0.766094
0.766094
0.384500
0.384500
0.941645
0.941645
0.646780
0.646780
0.697925
0.697925
0.721435
0.721435
1.022210
1.022210
0.730580
0.730580
0.757724
0.757724
0.740481
0.740481
0.701629
0.701629
0.902097
0.902097
0.647332
0.647332
0.664880
0.664880
0.703045
0.703045
0.791698
0.791698
0.631695
0.631695
0.984635
0.984635
0.941343
0.941343
0.857496
0.857496
0.627146
0.627146
0.808041
0.808041
0.749543
0.749543
0.660345
0.660345
0.665557
0.665557
0.672635
0.672635
0.841699
0.841699
0.832864
0.832864
0.870460
0.870460
0.938247
0.938247
0.944451
0.944451
0.840749
0.840749
1.013964
1.013964
1.080844
1.080844
0.702215
0.702215
1.193735
1.193735
1.252002
1.252002
0.820975
0.820975
0.920216
0.920216
1.201471
1.201471
0.932215
0.932215
0.726178
0.726178
0.882345
0.882345
0.900420
0.900420
1.158599
1.158599
0.859386
0.859386
0.821369
0.821369
1.361186
1.361186
1.152527
1.152527
1.077699
1.077699
1.311697
1.311697
1.044119
1.044119
0.956565
0.956565
1.293150
1.293150
1.014974
1.014974
0.773512
0.773512
1.308661
1.308661
1.107578
1.107578
0.935236
0.935236
0.940345
0.940345
1.124265
1.124265
0.981520
0.981520
0.929365
0.929365
0.820441
0.820441
0.931463
0.931463
1.412370
1.412370
1.304045
1.304045
0.949301
0.949301
1.025442
1.025442
0.989193
0.989193
0.944129
0.944129
0.965753
0.965753
1.034576
1.034576
1.171866
1.171866
0.787365
0.787365
1.255214
1.255214
1.363150
1.363150
1.054657
1.054657
0.903192
0.903192
1.114845
1.114845
0.983500
0.983500
0.984248
0.984248
1.054502
1.054502
0.860362
0.860362
0.721902
0.721902
1.223548
1.223548
0.993254
0.993254
1.021118
1.021118
0.989031
0.989031
1.019492
1.019492
0.978214
0.978214
1.228408
1.228408
1.260631
1.260631
1.036543
1.036543
1.189252
1.189252
0.864405
0.864405
0.994524
0.994524
0.908973
0.908973
1.068143
1.068143
0.801724
0.801724
1.098780
1.098780
0.683002
0.683002
0.982324
0.982324
1.062008
1.062008
0.770014
0.770014
0.926984
0.926984
0.914320
0.914320
0.972606
0.972606
1.086134
1.086134
0.936446
0.936446
0.788820
0.788820
0.705806
0.705806
0.950120
0.950120
0.753517
0.753517
0.771915
0.771915
0.976232
0.976232
0.745555
0.745555
1.105902
1.105902
0.654108
0.654108
0.712343
0.712343
1.029059
1.029059
0.810612
0.810612
0.695114
0.695114
0.703179
0.703179
0.841118
0.841118
1.258142
1.258142
0.953694
0.953694
0.877434
0.877434
0.989309
0.989309
0.757383
0.757383
1.007009
1.007009
1.051605
1.051605
0.829280
0.829280
0.832114
0.832114
0.706116
0.706116
1.026280
1.026280
0.953329
0.953329
0.822613
0.822613
0.828955
0.828955
1.155616
1.155616
1.062605
1.062605
1.092881
1.092881
1.026119
1.026119
1.134569
1.134569
0.885817
0.885817
1.059950
1.059950
1.083630
1.083630
1.030671
1.030671
1.183740
1.183740
0.998711
0.998711
0.966602
0.966602
1.172539
1.172539
1.254426
1.254426
0.952901
0.952901
1.225845
1.225845
0.890152
0.890152
1.471750
1.471750
1.336056
1.336056
0.999377
0.999377
1.141994
1.141994
1.326454
1.326454
1.132223
1.132223
1.492757
1.492757
1.061084
1.061084
1.668851
1.668851
1.171688
1.171688
1.094983
1.094983
1.554934
1.554934
1.239719
1.239719
1.529767
1.529767
1.606069
1.606069
1.174013
1.174013
1.186665
1.186665
1.252381
1.252381
1.283878
1.283878
1.105174
1.105174
1.457269
1.457269
1.188311
1.188311
1.165456
1.165456
1.069777
1.069777
1.212204
1.212204
1.188152
1.188152
1.535721
1.535721
1.441696
1.441696
1.029984
1.029984
1.205639
1.205639
1.261959
1.261959
0.887054
0.887054
0.868325
0.868325
1.022403
1.022403
1.195956
1.195956
1.414048
1.414048
0.696505
0.696505
0.988549
0.988549
0.970423
0.970423
1.259670
1.259670
0.937480
0.937480
1.032959
1.032959
1.096055
1.096055
0.744797
0.744797
0.909783
0.909783
0.826069
0.826069
0.947049
0.947049
1.188403
1.188403
1.417394
1.417394
1.264036
1.264036
1.111271
1.111271
0.916468
0.916468
1.213058
1.213058
1.436430
1.436430
1.056491
1.056491
1.090432
1.090432
0.874998
0.874998
1.047061
1.047061
1.163599
1.163599
0.926415
0.926415
0.849980
0.849980
1.034919
1.034919
0.922330
0.922330
0.823016
0.823016
0.779259
0.779259
1.069049
1.069049
0.839535
0.839535
0.992831
0.992831
0.882936
0.882936
0.813451
0.813451
1.113321
1.113321
1.129054
1.129054
0.847104
0.847104
0.919278
0.919278
0.979801
0.979801
0.796843
0.796843
0.826345
0.826345
1.224801
1.224801
0.831125
0.831125
0.929051
0.929051
1.206768
1.206768
0.957493
0.957493
0.790419
0.790419
0.970211
0.970211
0.748963
0.748963
1.065314
1.065314
0.905180
0.905180
0.633739
0.633739
1.005583
1.005583
1.201182
1.201182
1.100734
1.100734
1.369528
1.369528
1.051114
1.051114
1.066908
1.066908
1.100355
1.100355
1.264220
1.264220
1.289685
1.289685
1.268103
1.268103
1.214360
1.214360
1.246227
1.246227
1.073724
1.073724
1.595856
1.595856
1.242273
1.242273
1.465139
1.465139
1.395176
1.395176
1.207423
1.207423
1.378716
1.378716
1.776946
1.776946
1.207313
1.207313
1.424949
1.424949
1.496552
1.496552
1.473884
1.473884
1.543168
1.543168
1.498254
1.498254
1.411199
1.411199
1.158591
1.158591
1.383728
1.383728
1.021361
1.021361
1.710928
1.710928
1.371124
1.371124
1.269907
1.269907
1.264763
1.264763
1.216596
1.216596
1.434347
1.434347
1.139557
1.139557
1.571406
1.571406
1.193236
1.193236
1.092945
1.092945
1.125237
1.125237
1.061253
1.061253
0.986392
0.986392
1.163509
1.163509
1.308115
1.308115
1.118538
1.118538
1.335454
1.335454
0.911435
0.911435
1.122434
1.122434
1.046951
1.046951
0.754728
0.754728
0.873035
0.873035
0.949197
0.949197
0.961582
0.961582
0.939545
0.939545
0.841139
0.841139
1.120824
1.120824
0.803451
0.803451
0.930941
0.930941
1.009116
1.009116
0.861910
0.861910
0.934918
0.934918
0.807469
0.807469
1.075956
1.075956
0.806556
0.806556
0.849667
0.849667
1.042783
1.042783
0.809327
0.809327
1.133218
1.133218
0.672271
0.672271
0.833974
0.833974
0.818521
0.818521
0.673342
0.673342
1.096825
1.096825
0.590437
0.590437
0.729133
0.729133
0.855490
0.855490
0.916896
0.916896
1.041357
1.041357
0.607738
0.607738
0.667901
0.667901
0.751168
0.751168
0.481918
0.481918
0.657652
0.657652
0.689844
0.689844
0.739597
0.739597
1.031216
1.031216
0.860426
0.860426
0.838856
0.838856
1.085261
1.085261
0.804275
0.804275
0.809421
0.809421
1.086241
1.086241
0.958627
0.958627
1.104008
1.104008
0.968061
0.968061
1.208111
1.208111
1.372503
1.372503
1.160749
1.160749
0.875523
0.875523
1.032528
1.032528
0.879038
0.879038
0.962592
0.962592
1.190577
1.190577
1.054777
1.054777
0.925414
0.925414
1.108930
1.108930
1.387609
1.387609
1.309056
1.309056
1.287407
1.287407
1.024345
1.024345
1.697127
1.697127
0.860550
0.860550
1.091427
1.091427
1.263082
1.263082
1.394009
1.394009
1.085539
1.085539
1.037277
1.037277
1.274943
1.274943
1.243478
1.243478
0.933367
0.933367
1.216095
1.216095
1.105595
1.105595
1.200530
1.200530
1.030707
1.030707
1.328510
1.328510
0.767715
0.767715
1.091147
1.091147
1.456017
1.456017
1.118142
1.118142
1.243770
1.243770
1.073381
1.073381
1.226550
1.226550
1.228136
1.228136
1.482776
1.482776
1.150066
1.150066
1.041217
1.041217
1.211365
1.211365
1.099996
1.099996
1.131987
1.131987
1.002491
1.002491
0.993865
0.993865
0.808010
0.808010
1.037201
1.037201
1.114555
1.114555
0.945931
0.945931
0.930700
0.930700
1.020295
1.020295
1.197482
1.197482
1.066935
1.066935
1.026331
1.026331
0.795338
0.795338
1.347444
1.347444
0.801308
0.801308
0.857168
0.857168
0.705498
0.705498
0.598488
0.598488
0.900328
0.900328
0.895358
0.895358
0.765734
0.765734
0.816620
0.816620
0.834048
0.834048
0.717346
0.717346
0.768675
0.768675
0.732033
0.732033
1.045078
1.045078
0.716339
0.716339
0.555733
0.555733
0.936466
0.936466
0.922735
0.922735
1.001024
1.001024
0.934589
0.934589
0.703049
0.703049
0.869512
0.869512
1.045608
1.045608
0.936808
0.936808
0.781875
0.781875
0.769676
0.769676
1.164694
1.164694
0.838610
0.838610
1.347034
1.347034
0.944561
0.944561
0.866825
0.866825
0.767722
0.767722
1.168800
1.168800
1.061434
1.061434
0.799943
0.799943
0.914677
0.914677
0.849445
0.849445
0.910474
0.910474
1.048162
1.048162
0.867223
0.867223
1.197762
1.197762
1.172165
1.172165
0.895542
0.895542
1.049324
1.049324
0.971806
0.971806
1.101374
1.101374
1.233777
1.233777
0.905111
0.905111
0.840867
0.840867
