2.323685
2.323685
2.183951
2.183951
2.002707
2.002707
2.237935
2.237935
2.212522
2.212522
1.899275
1.899275
1.967537
1.967537
1.774013
1.774013
1.652993
1.652993
1.685477
1.685477
1.539887
1.539887
1.555454
1.555454
1.426243
1.426243
1.323461
1.323461
1.374446
1.374446
1.239549
1.239549
1.183806
1.183806
1.074430
1.074430
1.228185
1.228185
1.246947
1.246947
1.229964
1.229964
0.989094
0.989094
1.055436
1.055436
1.064997
1.064997
0.966087
0.966087
1.029322
1.029322
1.164151
1.164151
1.101148
1.101148
1.277501
1.277501
0.862398
0.862398
1.173273
1.173273
1.247554
1.247554
1.073118
1.073118
1.256800
1.256800
1.227612
1.227612
1.134970
1.134970
1.018804
1.018804
0.807006
0.807006
0.793384
0.793384
0.963796
0.963796
1.053051
1.053051
1.114794
1.114794
0.763037
0.763037
0.972289
0.972289
0.892942
0.892942
0.793414
0.793414
0.718989
0.718989
0.930768
0.930768
0.938199
0.938199
0.769239
0.769239
0.770279
0.770279
0.739759
0.739759
0.747238
0.747238
0.775239
0.775239
0.626247
0.626247
0.948735
0.948735
0.987658
0.987658
0.844417
0.844417
1.080488
1.080488
0.782887
0.782887
0.564552
0.564552
0.674024
0.674024
0.617590
0.617590
0.653018
0.653018
0.929469
0.929469
0.680352
0.680352
0.762153
0.762153
0.725945
0.725945
0.691848
0.691848
0.800311
0.800311
0.712191
0.712191
1.030022
1.030022
0.833969
0.833969
0.725001
0.725001
0.775052
0.775052
0.679850
0.679850
0.849297
0.849297
0.557783
0.557783
0.736286
0.736286
0.883769
0.883769
0.634743
0.634743
0.687124
0.687124
0.796867
0.796867
0.797795
0.797795
1.002307
1.002307
0.540444
0.540444
0.859868
0.859868
0.590689
0.590689
0.599171
0.599171
0.414242
0.414242
0.984173
0.984173
0.597065
0.597065
0.620659
0.620659
0.925290
0.925290
0.793405
0.793405
0.451119
0.451119
0.531980
0.531980
1.030499
1.030499
0.675010
0.675010
0.739943
0.739943
0.612751
0.612751
0.539353
0.539353
0.721116
0.721116
0.697860
0.697860
0.712907
0.712907
0.779820
0.779820
0.697421
0.697421
0.563054
0.563054
0.643069
0.643069
0.471206
0.471206
0.946891
0.946891
0.612860
0.612860
0.769188
0.769188
0.489845
0.489845
0.926478
0.926478
0.638577
0.638577
0.732496
0.732496
0.667547
0.667547
0.706975
0.706975
0.926837
0.926837
0.561688
0.561688
0.630142
0.630142
0.642422
0.642422
0.628828
0.628828
0.558710
0.558710
0.667440
0.667440
0.592579
0.592579
0.485660
0.485660
0.646781
0.646781
0.665454
0.665454
0.444902
0.444902
0.320486
0.320486
0.590693
0.590693
0.869111
0.869111
0.874041
0.874041
0.499933
0.499933
0.595616
0.595616
0.729379
0.729379
1.051621
1.051621
0.579474
0.579474
0.438562
0.438562
0.715490
0.715490
0.649598
0.649598
0.409331
0.409331
0.696517
0.696517
0.716460
0.716460
0.736523
0.736523
0.773233
0.773233
1.016361
1.016361
0.701341
0.701341
0.710331
0.710331
0.559798
0.559798
0.499088
0.499088
0.801224
0.801224
0.466432
0.466432
0.594920
0.594920
0.561211
0.561211
0.612283
0.612283
0.631940
0.631940
0.652162
0.652162
0.810299
0.810299
0.622597
0.622597
0.787661
0.787661
0.824939
0.824939
0.465849
0.465849
0.882815
0.882815
0.585945
0.585945
0.455800
0.455800
0.552511
0.552511
0.494087
0.494087
0.508957
0.508957
0.628849
0.628849
0.677790
0.677790
0.714668
0.714668
0.616665
0.616665
0.603664
0.603664
0.655931
0.655931
0.608898
0.608898
0.701822
0.701822
0.825387
0.825387
0.687451
0.687451
0.504036
0.504036
0.539876
0.539876
0.487108
0.487108
0.661571
0.661571
0.684388
0.684388
0.509767
0.509767
0.562629
0.562629
0.692505
0.692505
0.451258
0.451258
0.679621
0.679621
0.653521
0.653521
0.576410
0.576410
0.648265
0.648265
0.410420
0.410420
0.559602
0.559602
0.570969
0.570969
0.550344
0.550344
0.787432
0.787432
0.525324
0.525324
0.454206
0.454206
0.709736
0.709736
0.684371
0.684371
0.646724
0.646724
0.513367
0.513367
0.836635
0.836635
0.775938
0.775938
0.353107
0.353107
0.623388
0.623388
0.525443
0.525443
0.689575
0.689575
0.750334
0.750334
0.667867
0.667867
0.279707
0.279707
0.735786
0.735786
0.884375
0.884375
0.624573
0.624573
0.539201
0.539201
0.600245
0.600245
0.380906
0.380906
0.522505
0.522505
0.532053
0.532053
0.601082
0.601082
0.522047
0.522047
0.687661
0.687661
0.531409
0.531409
0.628357
0.628357
0.597565
0.597565
0.649793
0.649793
0.310778
0.310778
0.750644
0.750644
0.420927
0.420927
0.414249
0.414249
0.486621
0.486621
0.640973
0.640973
0.541215
0.541215
0.423238
0.423238
0.768873
0.768873
0.486321
0.486321
0.837575
0.837575
0.578806
0.578806
0.530815
0.530815
0.470528
0.470528
0.899270
0.899270
0.840944
0.840944
0.461158
0.461158
0.738741
0.738741
0.354431
0.354431
0.454913
0.454913
0.689001
0.689001
0.628694
0.628694
0.551381
0.551381
0.529909
0.529909
0.455539
0.455539
0.577365
0.577365
0.422726
0.422726
0.674583
0.674583
0.460117
0.460117
0.552786
0.552786
0.395414
0.395414
0.357325
0.357325
0.650003
0.650003
0.491317
0.491317
1.012796
1.012796
0.579109
0.579109
0.660725
0.660725
0.584610
0.584610
0.474207
0.474207
0.639451
0.639451
0.537904
0.537904
0.689147
0.689147
0.433579
0.433579
0.551910
0.551910
0.718061
0.718061
0.316252
0.316252
0.838331
0.838331
0.591925
0.591925
0.731911
0.731911
0.329239
0.329239
0.536358
0.536358
0.514105
0.514105
0.545620
0.545620
0.407665
0.407665
0.470926
0.470926
0.747482
0.747482
0.571634
0.571634
0.570268
0.570268
0.524073
0.524073
0.629571
0.629571
0.489844
0.489844
0.792061
0.792061
0.634216
0.634216
0.460915
0.460915
0.761396
0.761396
0.709193
0.709193
0.439317
0.439317
0.488124
0.488124
0.839038
0.839038
0.264635
0.264635
0.602239
0.602239
0.358573
0.358573
0.442521
0.442521
0.549985
0.549985
0.570806
0.570806
0.469556
0.469556
0.584863
0.584863
0.810694
0.810694
0.566411
0.566411
0.617877
0.617877
0.596796
0.596796
0.399177
0.399177
0.461961
0.461961
0.550126
0.550126
0.587700
0.587700
0.469862
0.469862
0.724560
0.724560
0.633171
0.633171
0.490430
0.490430
0.663778
0.663778
0.448970
0.448970
0.873911
0.873911
0.564452
0.564452
0.429472
0.429472
0.561812
0.561812
0.467495
0.467495
0.773601
0.773601
0.485816
0.485816
0.630080
0.630080
0.495062
0.495062
0.824309
0.824309
0.614789
0.614789
0.526846
0.526846
0.600977
0.600977
0.441427
0.441427
0.609991
0.609991
0.954578
0.954578
0.632908
0.632908
0.719359
0.719359
0.585100
0.585100
0.391665
0.391665
0.906464
0.906464
0.487487
0.487487
0.487500
0.487500
0.530496
0.530496
0.428559
0.428559
0.417581
0.417581
0.933634
0.933634
0.525192
0.525192
0.460753
0.460753
0.445100
0.445100
0.649465
0.649465
0.507872
0.507872
0.750130
0.750130
0.335487
0.335487
0.670288
0.670288
0.332167
0.332167
0.591615
0.591615
0.654674
0.654674
0.666023
0.666023
0.810228
0.810228
0.588495
0.588495
0.599956
0.599956
0.586919
0.586919
0.759219
0.759219
0.523275
0.523275
0.387089
0.387089
0.658315
0.658315
0.488875
0.488875
0.436658
0.436658
0.676426
0.676426
0.732941
0.732941
0.411772
0.411772
0.509050
0.509050
0.695023
0.695023
0.260219
0.260219
0.418415
0.418415
0.636687
0.636687
0.857446
0.857446
0.721341
0.721341
0.412796
0.412796
0.473616
0.473616
0.510429
0.510429
0.553532
0.553532
0.563651
0.563651
0.289623
0.289623
0.320378
0.320378
0.486887
0.486887
0.467144
0.467144
0.548268
0.548268
0.483090
0.483090
0.621080
0.621080
0.642762
0.642762
0.610355
0.610355
0.418573
0.418573
0.452049
0.452049
0.566982
0.566982
0.398220
0.398220
0.313778
0.313778
0.435183
0.435183
0.422108
0.422108
0.438713
0.438713
0.502982
0.502982
0.709137
0.709137
0.594631
0.594631
0.589889
0.589889
0.650398
0.650398
0.531401
0.531401
0.583280
0.583280
0.457020
0.457020
0.562125
0.562125
0.602589
0.602589
0.562086
0.562086
0.687440
0.687440
0.419994
0.419994
0.476150
0.476150
1.001377
1.001377
0.621774
0.621774
0.462036
0.462036
0.505540
0.505540
0.697685
0.697685
0.505274
0.505274
0.588270
0.588270
0.675349
0.675349
0.380730
0.380730
0.296499
0.296499
0.703378
0.703378
0.867185
0.867185
0.500146
0.500146
0.510033
0.510033
0.447895
0.447895
0.344207
0.344207
0.255165
0.255165
0.438818
0.438818
0.611202
0.611202
0.688047
0.688047
0.791796
0.791796
0.426099
0.426099
0.287817
0.287817
0.602835
0.602835
0.461044
0.461044
0.858286
0.858286
0.524645
0.524645
0.585925
0.585925
0.401061
0.401061
0.736744
0.736744
0.505368
0.505368
0.401961
0.401961
0.647360
0.647360
0.589079
0.589079
0.356241
0.356241
0.505173
0.505173
0.595343
0.595343
0.511802
0.511802
0.493414
0.493414
0.600270
0.600270
0.523955
0.523955
0.533296
0.533296
0.480299
0.480299
0.390646
0.390646
0.488102
0.488102
0.374365
0.374365
0.377963
0.377963
0.493754
0.493754
0.571189
0.571189
0.587374
0.587374
0.408302
0.408302
0.371028
0.371028
0.728243
0.728243
0.449682
0.449682
0.376834
0.376834
0.635517
0.635517
0.571510
0.571510
0.843421
0.843421
0.478136
0.478136
0.543387
0.543387
0.624714
0.624714
0.532379
0.532379
0.581946
0.581946
0.418445
0.418445
0.496962
0.496962
0.484409
0.484409
0.350152
0.350152
0.276497
0.276497
0.568948
0.568948
0.538536
0.538536
0.425097
0.425097
0.401301
0.401301
0.672490
0.672490
0.658387
0.658387
0.671740
0.671740
0.659991
0.659991
0.282526
0.282526
0.464477
0.464477
0.477451
0.477451
0.570119
0.570119
0.481715
0.481715
0.389567
0.389567
0.333263
0.333263
0.611652
0.611652
0.987533
0.987533
0.472146
0.472146
0.595135
0.595135
0.462667
0.462667
0.403352
0.403352
0.326937
0.326937
0.798727
0.798727
0.697722
0.697722
0.655214
0.655214
0.323608
0.323608
0.711186
0.711186
0.557361
0.557361
0.573921
0.573921
0.776692
0.776692
0.533041
0.533041
0.537693
0.537693
0.451952
0.451952
0.366418
0.366418
0.952336
0.952336
0.366462
0.366462
0.711027
0.711027
0.591300
0.591300
0.765706
0.765706
0.537530
0.537530
0.413581
0.413581
0.380015
0.380015
0.603204
0.603204
0.849056
0.849056
0.554502
0.554502
0.465338
0.465338
0.439950
0.439950
0.509305
0.509305
0.416307
0.416307
0.559305
0.559305
0.406689
0.406689
0.567917
0.567917
0.466872
0.466872
0.490197
0.490197
0.267291
0.267291
0.660300
0.660300
0.517754
0.517754
0.385455
0.385455
0.727258
0.727258
0.452422
0.452422
0.388111
0.388111
0.593826
0.593826
0.681192
0.681192
0.440968
0.440968
0.469711
0.469711
0.951432
0.951432
0.345343
0.345343
0.342973
0.342973
0.501875
0.501875
0.459267
0.459267
0.547369
0.547369
0.391540
0.391540
0.383649
0.383649
0.210607
0.210607
0.736201
0.736201
0.516544
0.516544
0.481588
0.481588
0.473109
0.473109
0.318849
0.318849
0.578048
0.578048
0.549924
0.549924
0.336313
0.336313
0.616028
0.616028
0.564468
0.564468
0.517756
0.517756
0.325086
0.325086
0.569316
0.569316
0.623950
0.623950
0.335421
0.335421
0.405733
0.405733
0.706719
0.706719
0.456733
0.456733
0.510575
0.510575
0.484973
0.484973
0.488588
0.488588
0.735046
0.735046
0.381520
0.381520
0.685774
0.685774
0.627020
0.627020
0.372521
0.372521
0.811017
0.811017
0.427140
0.427140
0.647339
0.647339
0.387026
0.387026
0.419364
0.419364
0.471241
0.471241
0.415089
0.415089
0.388907
0.388907
0.379415
0.379415
0.552633
0.552633
0.693499
0.693499
0.523817
0.523817
0.744059
0.744059
0.367856
0.367856
0.411400
0.411400
0.596574
0.596574
0.548363
0.548363
0.860874
0.860874
0.402401
0.402401
0.452586
0.452586
1.195440
1.195440
0.503395
0.503395
0.414218
0.414218
0.420201
0.420201
0.403872
0.403872
0.781346
0.781346
0.344874
0.344874
0.529682
0.529682
0.331673
0.331673
0.348077
0.348077
0.609578
0.609578
0.627238
0.627238
0.720534
0.720534
0.310952
0.310952
0.440977
0.440977
0.509998
0.509998
0.644107
0.644107
0.614835
0.614835
0.454420
0.454420
0.356968
0.356968
0.672822
0.672822
0.578576
0.578576
0.760874
0.760874
0.762082
0.762082
0.519747
0.519747
0.530269
0.530269
0.523196
0.523196
0.438683
0.438683
0.900025
0.900025
0.470121
0.470121
0.525071
0.525071
0.723705
0.723705
0.798147
0.798147
0.538740
0.538740
0.625180
0.625180
0.389899
0.389899
0.550279
0.550279
0.275894
0.275894
0.444657
0.444657
0.517895
0.517895
0.323459
0.323459
0.248315
0.248315
0.185633
0.185633
0.351860
0.351860
0.489022
0.489022
0.707384
0.707384
0.586414
0.586414
0.456783
0.456783
0.445745
0.445745
0.484230
0.484230
0.270812
0.270812
0.668915
0.668915
0.472905
0.472905
0.495438
0.495438
0.362180
0.362180
0.355210
0.355210
0.516885
0.516885
0.362676
0.362676
0.450455
0.450455
0.678748
0.678748
0.595585
0.595585
0.630381
0.630381
0.553388
0.553388
0.383650
0.383650
0.412220
0.412220
0.327548
0.327548
0.535601
0.535601
0.562488
0.562488
0.557139
0.557139
0.981130
0.981130
0.641889
0.641889
0.618141
0.618141
0.628113
0.628113
0.509520
0.509520
0.483500
0.483500
0.611542
0.611542
0.286818
0.286818
0.511063
0.511063
0.314501
0.314501
0.312985
0.312985
0.454929
0.454929
0.598728
0.598728
0.600630
0.600630
0.310826
0.310826
0.540629
0.540629
0.451004
0.451004
0.983488
0.983488
0.528663
0.528663
0.406859
0.406859
0.321324
0.321324
0.627981
0.627981
0.529173
0.529173
0.300797
0.300797
0.460793
0.460793
0.425414
0.425414
0.802465
0.802465
0.439376
0.439376
0.712490
0.712490
0.593660
0.593660
0.268414
0.268414
0.421997
0.421997
0.600678
0.600678
0.334244
0.334244
0.665169
0.665169
0.609315
0.609315
0.531075
0.531075
0.438282
0.438282
0.543216
0.543216
0.701275
0.701275
0.354164
0.354164
0.639777
0.639777
0.539765
0.539765
0.323606
0.323606
0.320157
0.320157
0.370871
0.370871
0.285171
0.285171
0.576102
0.576102
0.271642
0.271642
0.611911
0.611911
0.348574
0.348574
0.697342
0.697342
0.536946
0.536946
0.483797
0.483797
0.428938
0.428938
0.737301
0.737301
0.415473
0.415473
0.443056
0.443056
0.421456
0.421456
0.526834
0.526834
0.606972
0.606972
0.352316
0.352316
0.553627
0.553627
0.420509
0.420509
0.263247
0.263247
0.632602
0.632602
0.632893
0.632893
0.606508
0.606508
0.429168
0.429168
0.294084
0.294084
0.422298
0.422298
0.393882
0.393882
0.353333
0.353333
0.452865
0.452865
0.306496
0.306496
0.545407
0.545407
0.564810
0.564810
0.488193
0.488193
0.462855
0.462855
0.610858
0.610858
0.631573
0.631573
0.633660
0.633660
0.613648
0.613648
0.510089
0.510089
0.600643
0.600643
0.572467
0.572467
0.664291
0.664291
0.469949
0.469949
0.902571
0.902571
0.543404
0.543404
0.710540
0.710540
0.359719
0.359719
0.514515
0.514515
0.395095
0.395095
0.290632
0.290632
0.270196
0.270196
0.533154
0.533154
0.327959
0.327959
0.636831
0.636831
0.539680
0.539680
0.321488
0.321488
0.591961
0.591961
0.740235
0.740235
0.564486
0.564486
0.452122
0.452122
0.431225
0.431225
0.726975
0.726975
0.527451
0.527451
0.507499
0.507499
0.410313
0.410313
0.737477
0.737477
0.467384
0.467384
0.454975
0.454975
0.372872
0.372872
0.287780
0.287780
0.587602
0.587602
0.471575
0.471575
0.426350
0.426350
0.629684
0.629684
0.493073
0.493073
0.621745
0.621745
0.612773
0.612773
0.463532
0.463532
0.554984
0.554984
0.379617
0.379617
0.527268
0.527268
0.596759
0.596759
0.502437
0.502437
0.308168
0.308168
0.331667
0.331667
0.638790
0.638790
0.355944
0.355944
0.432706
0.432706
0.437918
0.437918
0.682552
0.682552
0.737468
0.737468
0.487043
0.487043
0.473312
0.473312
0.595598
0.595598
0.480446
0.480446
0.414820
0.414820
0.531426
0.531426
0.420118
0.420118
0.569311
0.569311
0.625622
0.625622
0.750473
0.750473
0.388202
0.388202
0.642002
0.642002
0.592031
0.592031
0.555225
0.555225
0.572406
0.572406
0.305587
0.305587
0.479908
0.479908
0.341477
0.341477
0.584780
0.584780
0.632609
0.632609
0.420470
0.420470
0.230223
0.230223
0.520886
0.520886
0.796614
0.796614
0.421261
0.421261
0.496813
0.496813
0.447529
0.447529
0.405282
0.405282
0.379681
0.379681
0.773383
0.773383
0.475961
0.475961
0.380474
0.380474
0.486350
0.486350
0.787530
0.787530
0.756274
0.756274
0.492674
0.492674
0.465918
0.465918
0.572276
0.572276
0.416541
0.416541
0.458020
0.458020
0.539285
0.539285
0.491238
0.491238
0.422169
0.422169
0.506397
0.506397
0.601514
0.601514
0.328835
0.328835
0.723876
0.723876
0.295968
0.295968
0.587017
0.587017
0.659427
0.659427
0.603879
0.603879
0.526698
0.526698
0.549415
0.549415
0.543886
0.543886
0.407524
0.407524
0.597930
0.597930
0.281166
0.281166
0.444911
0.444911
0.202166
0.202166
0.611438
0.611438
0.628208
0.628208
0.472944
0.472944
1.021857
1.021857
0.366313
0.366313
0.435750
0.435750
0.463255
0.463255
0.448533
0.448533
0.315884
0.315884
0.436613
0.436613
0.560113
0.560113
0.415701
0.415701
0.498752
0.498752
0.618689
0.618689
0.354218
0.354218
0.562032
0.562032
0.350300
0.350300
0.606670
0.606670
0.724676
0.724676
0.658391
0.658391
0.376280
0.376280
0.630707
0.630707
0.632018
0.632018
0.500156
0.500156
0.468573
0.468573
0.472532
0.472532
0.321953
0.321953
0.414967
0.414967
0.245544
0.245544
0.559925
0.559925
0.502428
0.502428
0.491259
0.491259
0.619914
0.619914
0.494939
0.494939
0.291971
0.291971
0.461774
0.461774
0.491210
0.491210
0.379995
0.379995
0.522553
0.522553
0.343802
0.343802
0.361173
0.361173
0.552915
0.552915
0.492409
0.492409
0.489221
0.489221
0.421176
0.421176
0.359430
0.359430
0.597303
0.597303
0.313451
0.313451
0.644336
0.644336
0.561788
0.561788
0.533852
0.533852
0.344611
0.344611
0.491346
0.491346
0.722593
0.722593
0.622135
0.622135
0.391331
0.391331
0.765251
0.765251
0.789401
0.789401
0.577398
0.577398
0.660404
0.660404
0.476228
0.476228
0.552053
0.552053
0.451892
0.451892
0.395201
0.395201
0.709282
0.709282
0.383609
0.383609
0.605170
0.605170
0.718909
0.718909
0.651972
0.651972
0.688175
0.688175
0.320754
0.320754
0.287792
0.287792
0.573261
0.573261
0.702706
0.702706
0.255167
0.255167
0.508317
0.508317
0.552928
0.552928
0.410284
0.410284
0.312279
0.312279
0.428569
0.428569
0.518706
0.518706
0.416447
0.416447
0.522239
0.522239
0.194532
0.194532
0.456127
0.456127
0.550619
0.550619
0.397171
0.397171
0.373294
0.373294
0.433299
0.433299
0.417894
0.417894
0.400183
0.400183
0.411979
0.411979
0.290210
0.290210
0.744642
0.744642
0.296880
0.296880
0.503449
0.503449
0.523568
0.523568
0.438222
0.438222
0.456703
0.456703
0.528272
0.528272
0.340619
0.340619
0.401578
0.401578
0.966357
0.966357
0.659477
0.659477
0.512189
0.512189
0.717146
0.717146
0.390026
0.390026
0.279297
0.279297
0.461883
0.461883
0.615284
0.615284
0.226790
0.226790
0.412422
0.412422
0.559021
0.559021
0.463172
0.463172
0.461062
0.461062
0.443834
0.443834
0.293898
0.293898
0.491399
0.491399
0.611870
0.611870
0.410916
0.410916
0.573699
0.573699
0.427908
0.427908
0.630876
0.630876
0.376970
0.376970
0.388139
0.388139
0.313590
0.313590
0.456659
0.456659
0.444317
0.444317
0.443405
0.443405
0.363436
0.363436
0.509016
0.509016
0.522695
0.522695
0.718600
0.718600
0.453244
0.453244
0.436401
0.436401
0.508349
0.508349
0.654913
0.654913
0.447213
0.447213
0.283585
0.283585
0.474203
0.474203
0.837028
0.837028
0.758892
0.758892
0.299018
0.299018
0.544693
0.544693
0.216614
0.216614
0.519964
0.519964
0.390903
0.390903
0.622015
0.622015
0.334193
0.334193
0.735628
0.735628
0.735502
0.735502
0.565007
0.565007
0.362380
0.362380
0.456913
0.456913
0.460137
0.460137
0.319933
0.319933
0.414340
0.414340
0.544428
0.544428
0.409077
0.409077
0.524132
0.524132
0.460432
0.460432
0.326679
0.326679
0.544987
0.544987
0.621410
0.621410
0.338923
0.338923
0.452333
0.452333
0.550660
0.550660
0.483274
0.483274
0.636803
0.636803
0.553248
0.553248
0.476141
0.476141
0.286085
0.286085
0.271466
0.271466
0.574355
0.574355
0.423549
0.423549
0.376766
0.376766
0.665751
0.665751
0.661046
0.661046
0.324261
0.324261
0.559755
0.559755
0.485339
0.485339
0.494183
0.494183
1.034968
1.034968
0.461089
0.461089
0.378313
0.378313
0.667392
0.667392
0.511104
0.511104
0.281847
0.281847
0.381630
0.381630
0.392418
0.392418
0.599338
0.599338
0.513109
0.513109
0.253211
0.253211
0.444926
0.444926
0.365551
0.365551
0.515828
0.515828
0.450405
0.450405
0.576210
0.576210
0.465073
0.465073
0.530014
0.530014
0.321670
0.321670
0.844118
0.844118
0.534775
0.534775
0.463653
0.463653
0.545976
0.545976
0.571940
0.571940
0.330054
0.330054
0.585357
0.585357
0.279843
0.279843
0.271855
0.271855
0.456700
0.456700
0.734095
0.734095
0.384453
0.384453
0.295930
0.295930
0.237314
0.237314
0.908075
0.908075
0.571127
0.571127
0.258800
0.258800
0.458005
0.458005
0.651091
0.651091
0.565714
0.565714
0.507407
0.507407
0.802978
0.802978
0.530679
0.530679
0.492967
0.492967
0.589418
0.589418
0.444175
0.444175
0.440756
0.440756
0.620744
0.620744
0.555964
0.555964
0.370866
0.370866
0.453311
0.453311
0.419405
0.419405
0.512734
0.512734
0.288803
0.288803
0.203147
0.203147
0.430399
0.430399
0.450950
0.450950
0.475307
0.475307
0.496781
0.496781
0.415898
0.415898
0.328979
0.328979
0.548613
0.548613
0.392039
0.392039
0.824976
0.824976
0.624882
0.624882
0.401372
0.401372
0.431010
0.431010
0.473483
0.473483
0.364381
0.364381
0.563293
0.563293
0.463090
0.463090
0.440364
0.440364
0.647170
0.647170
0.660459
0.660459
0.490388
0.490388
0.383185
0.383185
0.475067
0.475067
0.287495
0.287495
0.509851
0.509851
0.597270
0.597270
0.413611
0.413611
0.418584
0.418584
0.720064
0.720064
0.299670
0.299670
0.323170
0.323170
0.503182
0.503182
0.252655
0.252655
0.389211
0.389211
0.585204
0.585204
0.533027
0.533027
0.515165
0.515165
0.499822
0.499822
0.338198
0.338198
0.379865
0.379865
0.486258
0.486258
0.374755
0.374755
0.342141
0.342141
0.594059
0.594059
0.653722
0.653722
0.361049
0.361049
0.790340
0.790340
0.425901
0.425901
0.525584
0.525584
0.390904
0.390904
0.438343
0.438343
0.810214
0.810214
0.450402
0.450402
0.379926
0.379926
0.758775
0.758775
0.363722
0.363722
0.543737
0.543737
0.502722
0.502722
0.672667
0.672667
0.389680
0.389680
0.512648
0.512648
0.452435
0.452435
0.475078
0.475078
0.476270
0.476270
0.396585
0.396585
0.567610
0.567610
0.529425
0.529425
0.674003
0.674003
0.283973
0.283973
0.523617
0.523617
0.802126
0.802126
0.552810
0.552810
0.295400
0.295400
0.404982
0.404982
0.407080
0.407080
0.444997
0.444997
0.466191
0.466191
0.625831
0.625831
0.466067
0.466067
0.272164
0.272164
0.658092
0.658092
0.557514
0.557514
0.452553
0.452553
0.321197
0.321197
0.505340
0.505340
0.665821
0.665821
0.359739
0.359739
0.353045
0.353045
0.409475
0.409475
0.457262
0.457262
0.388258
0.388258
0.453615
0.453615
0.573628
0.573628
0.468511
0.468511
0.429014
0.429014
0.399755
0.399755
0.503724
0.503724
0.390787
0.390787
0.530942
0.530942
0.359580
0.359580
0.445336
0.445336
0.701209
0.701209
0.458573
0.458573
0.909644
0.909644
0.471244
0.471244
0.525414
0.525414
0.467986
0.467986
0.386671
0.386671
0.533363
0.533363
0.279321
0.279321
0.402586
0.402586
0.499733
0.499733
0.353848
0.353848
0.421407
0.421407
0.520182
0.520182
0.777656
0.777656
0.654954
0.654954
0.601550
0.601550
0.476302
0.476302
0.493704
0.493704
0.554921
0.554921
0.344049
0.344049
0.367958
0.367958
0.296766
0.296766
0.496341
0.496341
0.439476
0.439476
0.489772
0.489772
0.676982
0.676982
0.279603
0.279603
0.361148
0.361148
0.469936
0.469936
0.306146
0.306146
0.478967
0.478967
0.263531
0.263531
0.570878
0.570878
0.531893
0.531893
0.646204
0.646204
0.494435
0.494435
0.318855
0.318855
0.316889
0.316889
0.780186
0.780186
0.446873
0.446873
0.616809
0.616809
0.374691
0.374691
0.350460
0.350460
0.693617
0.693617
0.443822
0.443822
0.639509
0.639509
0.352242
0.352242
0.308275
0.308275
0.548187
0.548187
0.432879
0.432879
0.382721
0.382721
0.569324
0.569324
0.289094
0.289094
0.346300
0.346300
0.745798
0.745798
0.558004
0.558004
0.642893
0.642893
0.628612
0.628612
0.428747
0.428747
0.459069
0.459069
0.315950
0.315950
0.514304
0.514304
0.388743
0.388743
0.260978
0.260978
0.334103
0.334103
0.452526
0.452526
0.415639
0.415639
0.677974
0.677974
0.431121
0.431121
0.886986
0.886986
0.469063
0.469063
0.869976
0.869976
0.302964
0.302964
0.265553
0.265553
0.721365
0.721365
0.484298
0.484298
0.550506
0.550506
0.512351
0.512351
0.708660
0.708660
0.253755
0.253755
0.298576
0.298576
0.434469
0.434469
0.480531
0.480531
0.220723
0.220723
0.395162
0.395162
0.517980
0.517980
0.524708
0.524708
0.364153
0.364153
0.438669
0.438669
0.558692
0.558692
0.591191
0.591191
0.626599
0.626599
0.395337
0.395337
0.597526
0.597526
0.511226
0.511226
0.485811
0.485811
0.563091
0.563091
0.586022
0.586022
0.439778
0.439778
0.434089
0.434089
0.883996
0.883996
0.304291
0.304291
0.385049
0.385049
0.355210
0.355210
0.626027
0.626027
0.241941
0.241941
0.519608
0.519608
0.402997
0.402997
0.567883
0.567883
0.195398
0.195398
0.448351
0.448351
0.433267
0.433267
0.397759
0.397759
0.500746
0.500746
0.191757
0.191757
0.388653
0.388653
0.462487
0.462487
0.376578
0.376578
0.336515
0.336515
0.433431
0.433431
0.582910
0.582910
0.612050
0.612050
0.522013
0.522013
0.673606
0.673606
0.446444
0.446444
0.646120
0.646120
0.689721
0.689721
0.598971
0.598971
0.227649
0.227649
0.411376
0.411376
0.420794
0.420794
0.552804
0.552804
0.388783
0.388783
0.671767
0.671767
0.388299
0.388299
0.275967
0.275967
0.379448
0.379448
0.325498
0.325498
0.290286
0.290286
0.420304
0.420304
0.609871
0.609871
0.655147
0.655147
0.376792
0.376792
0.663363
0.663363
0.497625
0.497625
0.481428
0.481428
0.421537
0.421537
0.647223
0.647223
0.345223
0.345223
0.523964
0.523964
0.463648
0.463648
0.318175
0.318175
0.815573
0.815573
0.489420
0.489420
0.628612
0.628612
0.470579
0.470579
0.510115
0.510115
0.539078
0.539078
0.467152
0.467152
0.398312
0.398312
0.441875
0.441875
0.514333
0.514333
0.478581
0.478581
0.474456
0.474456
0.696682
0.696682
0.217085
0.217085
0.587353
0.587353
0.599724
0.599724
0.384263
0.384263
0.418081
0.418081
0.722679
0.722679
0.296476
0.296476
0.779207
0.779207
0.549121
0.549121
0.419279
0.419279
0.352761
0.352761
0.602375
0.602375
0.510715
0.510715
0.432109
0.432109
0.308704
0.308704
0.718648
0.718648
0.365592
0.365592
0.516178
0.516178
0.373603
0.373603
0.627327
0.627327
0.477769
0.477769
0.425799
0.425799
0.318431
0.318431
0.419052
0.419052
0.596534
0.596534
0.559859
0.559859
0.500164
0.500164
0.301026
0.301026
0.604031
0.604031
0.586061
0.586061
0.326218
0.326218
0.514266
0.514266
0.406240
0.406240
0.411179
0.411179
0.464284
0.464284
0.641582
0.641582
0.472859
0.472859
0.195882
0.195882
0.308638
0.308638
0.505810
0.505810
0.846057
0.846057
0.815148
0.815148
0.595228
0.595228
0.620445
0.620445
0.419502
0.419502
0.456940
0.456940
0.627201
0.627201
0.935485
0.935485
0.583715
0.583715
0.450279
0.450279
0.414159
0.414159
0.414161
0.414161
0.429561
0.429561
0.480899
0.480899
0.371282
0.371282
0.453926
0.453926
0.341225
0.341225
0.396369
0.396369
0.526603
0.526603
0.675549
0.675549
0.393849
0.393849
0.574232
0.574232
0.568289
0.568289
0.396860
0.396860
0.364826
0.364826
0.265886
0.265886
0.554984
0.554984
0.530052
0.530052
0.423813
0.423813
0.434254
0.434254
0.504427
0.504427
0.497400
0.497400
0.359467
0.359467
0.254437
0.254437
0.217411
0.217411
0.305110
0.305110
0.504721
0.504721
0.397560
0.397560
0.502885
0.502885
0.466253
0.466253
0.299022
0.299022
0.235225
0.235225
0.382291
0.382291
0.639998
0.639998
0.465505
0.465505
0.521064
0.521064
0.267709
0.267709
0.358925
0.358925
0.467079
0.467079
0.451089
0.451089
0.363141
0.363141
0.346072
0.346072
0.565339
0.565339
0.375003
0.375003
0.498420
0.498420
0.320538
0.320538
0.526445
0.526445
0.433040
0.433040
0.564875
0.564875
0.365198
0.365198
0.519484
0.519484
0.570000
0.570000
0.730308
0.730308
0.394005
0.394005
0.424010
0.424010
0.461190
0.461190
0.353385
0.353385
0.424006
0.424006
0.240859
0.240859
0.573217
0.573217
0.908126
0.908126
0.363092
0.363092
0.602866
0.602866
0.291090
0.291090
0.404794
0.404794
0.408997
0.408997
0.549416
0.549416
0.346956
0.346956
0.626785
0.626785
0.463275
0.463275
0.394633
0.394633
0.499133
0.499133
0.534352
0.534352
0.256640
0.256640
0.599101
0.599101
0.184234
0.184234
0.647858
0.647858
0.470565
0.470565
0.370924
0.370924
0.520210
0.520210
0.496302
0.496302
0.370712
0.370712
0.401293
0.401293
0.404075
0.404075
0.387955
0.387955
0.455059
0.455059
0.412234
0.412234
0.349748
0.349748
0.596010
0.596010
0.330384
0.330384
0.565160
0.565160
0.863582
0.863582
0.918920
0.918920
0.307897
0.307897
0.627088
0.627088
0.301762
0.301762
0.598171
0.598171
0.280088
0.280088
0.280046
0.280046
0.306870
0.306870
0.331710
0.331710
0.515718
0.515718
0.515698
0.515698
0.248218
0.248218
0.459362
0.459362
0.296638
0.296638
0.517081
0.517081
0.278981
0.278981
0.516447
0.516447
0.354065
0.354065
0.677399
0.677399
0.602290
0.602290
0.400754
0.400754
0.471518
0.471518
0.609210
0.609210
0.553726
0.553726
0.664040
0.664040
0.390445
0.390445
0.713452
0.713452
0.388030
0.388030
0.556442
0.556442
0.540006
0.540006
0.562223
0.562223
0.329948
0.329948
0.317414
0.317414
0.317166
0.317166
0.501756
0.501756
0.474249
0.474249
0.716459
0.716459
0.946170
0.946170
0.420005
0.420005
0.519855
0.519855
0.395228
0.395228
0.396666
0.396666
0.329151
0.329151
0.574865
0.574865
0.324437
0.324437
0.373451
0.373451
0.493259
0.493259
0.765568
0.765568
0.498368
0.498368
0.419158
0.419158
0.278566
0.278566
0.286934
0.286934
0.292019
0.292019
0.574122
0.574122
0.313528
0.313528
0.230346
0.230346
0.478677
0.478677
0.437126
0.437126
0.414465
0.414465
0.712348
0.712348
0.476003
0.476003
0.482326
0.482326
0.467630
0.467630
0.407518
0.407518
0.371467
0.371467
0.293209
0.293209
0.612938
0.612938
0.729054
0.729054
0.359155
0.359155
0.588937
0.588937
0.632901
0.632901
0.474966
0.474966
0.440876
0.440876
0.338277
0.338277
0.496386
0.496386
0.442843
0.442843
0.404168
0.404168
0.339004
0.339004
0.458485
0.458485
0.555367
0.555367
0.216862
0.216862
0.566640
0.566640
0.283571
0.283571
0.359398
0.359398
0.396410
0.396410
0.354922
0.354922
0.452779
0.452779
0.165616
0.165616
0.357097
0.357097
0.522439
0.522439
0.300563
0.300563
0.338553
0.338553
0.524094
0.524094
0.947697
0.947697
0.447951
0.447951
0.449071
0.449071
0.621673
0.621673
0.595973
0.595973
0.756223
0.756223
0.254496
0.254496
0.457153
0.457153
0.517037
0.517037
0.496302
0.496302
0.929943
0.929943
0.512011
0.512011
0.593250
0.593250
0.393246
0.393246
0.332739
0.332739
0.384688
0.384688
0.628983
0.628983
0.285307
0.285307
0.561609
0.561609
0.660623
0.660623
0.561286
0.561286
0.457777
0.457777
0.567084
0.567084
0.451250
0.451250
0.340676
0.340676
0.705690
0.705690
0.654689
0.654689
0.421927
0.421927
0.777088
0.777088
0.332013
0.332013
0.254731
0.254731
0.792950
0.792950
0.369588
0.369588
0.411756
0.411756
0.473866
0.473866
0.307954
0.307954
0.274546
0.274546
0.453358
0.453358
0.297180
0.297180
0.487779
0.487779
0.523148
0.523148
0.344565
0.344565
0.575609
0.575609
0.276556
0.276556
0.374674
0.374674
0.333084
0.333084
0.631004
0.631004
0.882761
0.882761
0.564479
0.564479
0.256496
0.256496
0.770063
0.770063
0.635290
0.635290
0.591103
0.591103
0.399835
0.399835
0.610506
0.610506
0.424254
0.424254
0.358710
0.358710
0.420748
0.420748
0.582527
0.582527
0.745327
0.745327
0.308726
0.308726
0.505608
0.505608
0.581705
0.581705
0.521436
0.521436
0.664024
0.664024
0.721402
0.721402
0.303709
0.303709
0.373828
0.373828
0.383549
0.383549
0.350211
0.350211
0.590001
0.590001
0.635683
0.635683
0.300742
0.300742
0.309290
0.309290
0.570263
0.570263
0.518986
0.518986
0.318996
0.318996
0.596443
0.596443
0.371274
0.371274
0.679715
0.679715
0.557395
0.557395
0.414962
0.414962
0.288667
0.288667
0.578130
0.578130
0.493471
0.493471
0.334778
0.334778
0.582167
0.582167
0.612650
0.612650
0.330631
0.330631
0.543065
0.543065
0.519583
0.519583
0.663748
0.663748
0.531371
0.531371
0.437158
0.437158
0.535422
0.535422
0.484734
0.484734
0.395768
0.395768
0.436827
0.436827
0.435532
0.435532
0.543474
0.543474
0.537378
0.537378
0.261003
0.261003
0.529052
0.529052
0.357917
0.357917
0.494540
0.494540
0.634391
0.634391
0.481109
0.481109
0.405529
0.405529
0.541027
0.541027
0.385273
0.385273
0.495245
0.495245
0.630843
0.630843
0.560705
0.560705
0.561757
0.561757
0.258681
0.258681
0.428180
0.428180
0.362573
0.362573
0.316321
0.316321
0.531449
0.531449
0.472838
0.472838
0.344484
0.344484
0.306863
0.306863
0.495357
0.495357
0.214069
0.214069
0.475259
0.475259
0.470044
0.470044
0.492422
0.492422
0.386980
0.386980
0.474058
0.474058
0.476708
0.476708
0.305048
0.305048
0.527859
0.527859
0.809505
0.809505
0.214747
0.214747
0.498180
0.498180
0.434155
0.434155
0.775453
0.775453
0.263339
0.263339
0.328966
0.328966
0.593653
0.593653
0.424974
0.424974
0.456111
0.456111
0.337535
0.337535
0.369995
0.369995
0.598533
0.598533
0.348357
0.348357
0.633449
0.633449
0.269279
0.269279
0.295080
0.295080
0.247055
0.247055
0.172391
0.172391
0.285752
0.285752
0.332362
0.332362
0.488956
0.488956
0.345244
0.345244
0.328050
0.328050
0.412594
0.412594
0.621017
0.621017
0.545358
0.545358
0.405037
0.405037
0.298456
0.298456
0.299162
0.299162
0.557992
0.557992
0.727722
0.727722
0.392444
0.392444
0.450463
0.450463
0.572402
0.572402
0.321641
0.321641
0.600212
0.600212
0.435340
0.435340
0.397107
0.397107
0.361488
0.361488
0.409638
0.409638
0.289823
0.289823
0.505859
0.505859
0.526013
0.526013
0.514374
0.514374
0.445860
0.445860
0.699386
0.699386
0.471725
0.471725
0.614000
0.614000
0.409565
0.409565
0.512422
0.512422
0.447636
0.447636
0.342231
0.342231
0.324716
0.324716
0.341959
0.341959
0.811305
0.811305
0.270281
0.270281
0.630435
0.630435
0.333525
0.333525
0.495994
0.495994
0.599932
0.599932
0.446008
0.446008
0.516342
0.516342
0.674212
0.674212
0.499696
0.499696
0.552988
0.552988
0.663975
0.663975
0.668007
0.668007
0.792375
0.792375
0.257711
0.257711
0.484672
0.484672
0.956633
0.956633
0.402324
0.402324
0.250183
0.250183
0.636471
0.636471
0.322138
0.322138
0.507179
0.507179
0.403017
0.403017
0.616705
0.616705
0.537033
0.537033
0.399832
0.399832
0.548220
0.548220
0.610238
0.610238
0.332865
0.332865
0.424393
0.424393
0.487199
0.487199
0.587423
0.587423
0.610314
0.610314
0.397200
0.397200
1.003452
1.003452
0.928700
0.928700
0.651064
0.651064
0.306947
0.306947
0.936935
0.936935
0.290937
0.290937
0.403269
0.403269
0.548547
0.548547
0.487065
0.487065
0.342396
0.342396
0.521907
0.521907
0.268427
0.268427
0.461807
0.461807
0.400944
0.400944
0.523965
0.523965
0.631282
0.631282
0.234376
0.234376
0.494068
0.494068
0.307090
0.307090
0.394091
0.394091
0.640088
0.640088
0.476940
0.476940
0.318782
0.318782
0.263866
0.263866
0.287010
0.287010
0.519287
0.519287
0.309104
0.309104
0.365995
0.365995
0.578229
0.578229
0.318521
0.318521
0.456677
0.456677
0.582292
0.582292
0.490277
0.490277
0.431185
0.431185
0.386201
0.386201
0.764939
0.764939
0.342957
0.342957
0.241599
0.241599
0.345044
0.345044
0.269477
0.269477
0.425472
0.425472
0.678612
0.678612
0.512525
0.512525
0.393823
0.393823
0.404093
0.404093
0.341584
0.341584
0.223464
0.223464
0.367976
0.367976
0.364606
0.364606
0.351920
0.351920
0.435713
0.435713
0.540661
0.540661
0.616202
0.616202
0.488651
0.488651
0.484333
0.484333
0.515556
0.515556
0.420935
0.420935
0.376037
0.376037
0.369377
0.369377
0.530525
0.530525
0.267694
0.267694
0.283871
0.283871
0.602409
0.602409
0.392148
0.392148
0.401307
0.401307
0.594083
0.594083
0.456530
0.456530
0.831571
0.831571
0.378183
0.378183
0.449375
0.449375
0.448721
0.448721
0.340915
0.340915
0.649467
0.649467
0.337545
0.337545
0.598899
0.598899
0.250707
0.250707
0.325167
0.325167
0.305326
0.305326
0.629726
0.629726
0.476558
0.476558
0.474256
0.474256
0.344246
0.344246
0.358848
0.358848
0.312665
0.312665
0.335142
0.335142
0.193388
0.193388
0.735545
0.735545
0.859728
0.859728
0.298445
0.298445
0.274994
0.274994
0.557883
0.557883
0.205030
0.205030
0.402238
0.402238
0.481211
0.481211
0.257477
0.257477
0.343168
0.343168
0.530857
0.530857
0.512792
0.512792
0.540640
0.540640
0.414563
0.414563
0.687967
0.687967
0.327185
0.327185
0.406003
0.406003
0.256468
0.256468
0.768953
0.768953
0.498154
0.498154
0.308601
0.308601
1.038352
1.038352
0.468342
0.468342
0.440136
0.440136
0.427918
0.427918
0.357885
0.357885
0.576310
0.576310
0.349952
0.349952
0.394921
0.394921
0.702374
0.702374
0.625423
0.625423
0.612761
0.612761
0.571136
0.571136
0.442379
0.442379
0.529193
0.529193
0.295349
0.295349
0.487409
0.487409
0.473486
0.473486
0.684722
0.684722
0.404382
0.404382
0.621585
0.621585
0.391730
0.391730
0.623763
0.623763
0.561585
0.561585
0.503837
0.503837
0.529517
0.529517
0.298166
0.298166
0.350881
0.350881
0.504891
0.504891
0.390017
0.390017
0.345649
0.345649
0.572995
0.572995
0.556584
0.556584
0.550728
0.550728
0.526020
0.526020
0.612007
0.612007
0.443191
0.443191
0.486081
0.486081
0.376452
0.376452
0.358615
0.358615
0.771306
0.771306
0.390127
0.390127
0.163182
0.163182
0.319392
0.319392
0.566941
0.566941
0.365835
0.365835
0.492795
0.492795
0.451959
0.451959
0.530663
0.530663
0.370285
0.370285
0.360787
0.360787
0.409896
0.409896
0.426333
0.426333
0.410614
0.410614
0.227738
0.227738
0.810160
0.810160
0.580714
0.580714
0.238070
0.238070
0.441432
0.441432
0.499756
0.499756
0.432447
0.432447
0.498704
0.498704
0.368746
0.368746
0.519338
0.519338
0.358939
0.358939
0.845013
0.845013
0.410922
0.410922
0.538525
0.538525
0.567182
0.567182
0.742756
0.742756
0.351454
0.351454
0.269645
0.269645
0.564920
0.564920
0.224180
0.224180
0.622569
0.622569
0.172162
0.172162
0.447738
0.447738
0.430955
0.430955
0.973798
0.973798
0.439770
0.439770
0.508474
0.508474
0.270582
0.270582
0.459547
0.459547
0.602677
0.602677
0.415990
0.415990
0.530750
0.530750
0.589755
0.589755
0.457648
0.457648
0.455009
0.455009
0.553804
0.553804
0.807258
0.807258
0.683093
0.683093
0.543725
0.543725
0.327039
0.327039
0.518766
0.518766
0.462190
0.462190
0.455063
0.455063
0.434596
0.434596
0.434711
0.434711
0.585724
0.585724
0.475672
0.475672
0.471271
0.471271
0.299350
0.299350
0.387949
0.387949
0.336105
0.336105
0.415351
0.415351
0.448289
0.448289
0.262765
0.262765
0.591060
0.591060
0.362874
0.362874
0.280067
0.280067
0.569128
0.569128
0.647445
0.647445
0.339623
0.339623
0.383007
0.383007
0.607686
0.607686
0.284019
0.284019
0.463308
0.463308
0.497686
0.497686
0.476867
0.476867
0.597156
0.597156
0.379884
0.379884
0.288854
0.288854
0.408174
0.408174
0.388483
0.388483
0.734289
0.734289
0.478641
0.478641
0.436130
0.436130
0.473671
0.473671
0.368742
0.368742
0.526091
0.526091
0.427919
0.427919
0.496828
0.496828
0.555780
0.555780
0.517985
0.517985
0.430694
0.430694
0.237377
0.237377
0.432791
0.432791
0.296209
0.296209
0.468926
0.468926
0.469101
0.469101
0.604323
0.604323
0.361170
0.361170
0.374747
0.374747
0.432211
0.432211
0.408741
0.408741
0.377862
0.377862
0.501409
0.501409
0.124083
0.124083
0.479202
0.479202
0.427311
0.427311
0.630347
0.630347
0.601734
0.601734
0.426960
0.426960
0.248882
0.248882
0.382262
0.382262
0.315060
0.315060
0.302993
0.302993
0.372810
0.372810
0.323143
0.323143
0.757937
0.757937
0.664017
0.664017
0.556478
0.556478
0.276547
0.276547
0.498098
0.498098
0.357825
0.357825
0.794884
0.794884
0.431492
0.431492
0.427396
0.427396
0.247246
0.247246
0.488734
0.488734
0.635977
0.635977
0.492466
0.492466
0.374590
0.374590
0.347912
0.347912
0.290081
0.290081
0.456378
0.456378
0.501973
0.501973
0.503783
0.503783
0.279417
0.279417
0.351217
0.351217
0.731494
0.731494
0.314609
0.314609
0.502972
0.502972
0.465147
0.465147
0.401203
0.401203
0.752316
0.752316
0.366781
0.366781
0.547718
0.547718
0.590688
0.590688
0.752453
0.752453
0.596952
0.596952
0.445067
0.445067
0.232072
0.232072
0.605523
0.605523
0.618135
0.618135
0.499432
0.499432
0.611026
0.611026
0.329214
0.329214
0.300954
0.300954
0.473788
0.473788
0.523620
0.523620
0.320446
0.320446
0.512697
0.512697
0.476687
0.476687
0.461510
0.461510
0.659779
0.659779
0.388914
0.388914
0.380393
0.380393
0.398583
0.398583
0.455620
0.455620
0.274869
0.274869
0.483120
0.483120
0.409359
0.409359
0.351088
0.351088
0.545115
0.545115
0.401519
0.401519
0.328338
0.328338
0.272012
0.272012
0.479193
0.479193
0.320050
0.320050
0.467830
0.467830
0.606615
0.606615
0.556626
0.556626
0.450912
0.450912
0.358796
0.358796
0.338264
0.338264
0.316014
0.316014
0.643634
0.643634
0.334327
0.334327
0.681625
0.681625
0.505706
0.505706
0.545413
0.545413
0.520201
0.520201
0.253451
0.253451
0.537464
0.537464
0.299175
0.299175
0.418389
0.418389
0.449201
0.449201
0.326852
0.326852
0.511440
0.511440
0.421950
0.421950
0.327978
0.327978
0.667014
0.667014
0.393870
0.393870
0.263668
0.263668
0.482619
0.482619
0.740521
0.740521
0.733895
0.733895
0.486287
0.486287
0.377768
0.377768
0.524070
0.524070
0.352381
0.352381
0.465399
0.465399
0.566540
0.566540
0.477342
0.477342
0.486057
0.486057
0.186827
0.186827
0.364138
0.364138
0.624481
0.624481
0.426965
0.426965
0.479492
0.479492
0.472138
0.472138
0.525218
0.525218
0.271697
0.271697
0.399604
0.399604
0.359584
0.359584
0.494790
0.494790
0.305391
0.305391
0.185851
0.185851
0.655199
0.655199
0.249092
0.249092
0.326426
0.326426
0.404071
0.404071
0.469368
0.469368
0.582933
0.582933
0.317404
0.317404
0.444526
0.444526
0.505372
0.505372
0.516511
0.516511
0.721245
0.721245
0.391428
0.391428
0.200758
0.200758
0.443321
0.443321
0.265682
0.265682
0.391411
0.391411
0.823428
0.823428
0.287562
0.287562
0.543733
0.543733
0.401191
0.401191
0.805694
0.805694
0.353788
0.353788
0.630846
0.630846
0.335453
0.335453
0.563656
0.563656
0.794320
0.794320
0.547215
0.547215
0.257187
0.257187
0.661790
0.661790
0.487595
0.487595
0.580333
0.580333
0.279207
0.279207
0.367628
0.367628
0.488471
0.488471
0.759945
0.759945
0.373016
0.373016
0.603284
0.603284
0.443526
0.443526
0.571372
0.571372
0.665451
0.665451
0.307106
0.307106
0.591470
0.591470
0.412999
0.412999
0.613845
0.613845
0.601837
0.601837
0.319999
0.319999
0.384073
0.384073
0.471035
0.471035
0.810174
0.810174
0.251239
0.251239
0.378809
0.378809
0.403756
0.403756
0.395993
0.395993
0.332678
0.332678
0.467121
0.467121
0.438255
0.438255
0.485123
0.485123
0.612666
0.612666
0.250384
0.250384
0.306327
0.306327
0.518329
0.518329
0.603726
0.603726
0.359688
0.359688
0.289234
0.289234
0.594937
0.594937
0.348269
0.348269
0.297678
0.297678
0.202922
0.202922
0.446186
0.446186
0.310173
0.310173
0.495288
0.495288
0.464173
0.464173
0.420643
0.420643
0.299171
0.299171
0.506558
0.506558
0.668880
0.668880
0.527797
0.527797
0.447623
0.447623
0.312256
0.312256
0.646739
0.646739
0.332392
0.332392
0.640869
0.640869
0.754875
0.754875
0.410774
0.410774
0.429933
0.429933
0.444622
0.444622
0.449985
0.449985
0.421892
0.421892
0.350085
0.350085
0.389671
0.389671
0.451711
0.451711
0.493938
0.493938
0.740568
0.740568
0.361164
0.361164
0.513448
0.513448
0.466590
0.466590
0.654257
0.654257
0.387533
0.387533
0.417097
0.417097
0.324652
0.324652
0.393630
0.393630
0.426201
0.426201
0.551490
0.551490
0.315624
0.315624
0.328604
0.328604
0.274896
0.274896
0.377980
0.377980
0.547273
0.547273
0.446008
0.446008
0.245522
0.245522
0.498463
0.498463
0.456006
0.456006
0.652019
0.652019
0.269796
0.269796
0.235207
0.235207
0.200270
0.200270
0.392485
0.392485
0.297642
0.297642
0.600066
0.600066
0.282888
0.282888
0.595512
0.595512
0.373402
0.373402
0.687252
0.687252
0.476564
0.476564
0.253913
0.253913
0.422156
0.422156
0.538146
0.538146
0.587401
0.587401
0.437326
0.437326
0.332055
0.332055
0.320587
0.320587
0.334364
0.334364
0.303016
0.303016
0.514552
0.514552
0.455479
0.455479
0.432203
0.432203
0.425809
0.425809
0.646297
0.646297
0.471243
0.471243
0.451621
0.451621
0.351089
0.351089
0.413803
0.413803
0.739836
0.739836
0.384245
0.384245
0.312774
0.312774
0.509004
0.509004
0.273775
0.273775
0.306518
0.306518
0.700382
0.700382
0.560537
0.560537
0.209599
0.209599
0.383873
0.383873
0.553866
0.553866
0.232914
0.232914
0.362373
0.362373
0.288573
0.288573
0.400833
0.400833
0.579603
0.579603
0.955013
0.955013
0.681295
0.681295
0.535821
0.535821
0.592910
0.592910
0.424909
0.424909
0.400962
0.400962
0.565960
0.565960
0.574968
0.574968
0.493339
0.493339
0.547680
0.547680
0.594390
0.594390
0.399256
0.399256
0.453753
0.453753
0.319690
0.319690
0.267416
0.267416
0.614193
0.614193
0.544871
0.544871
0.302282
0.302282
0.253825
0.253825
0.946428
0.946428
0.381054
0.381054
0.525999
0.525999
0.471907
0.471907
0.260006
0.260006
0.425536
0.425536
0.592380
0.592380
0.707200
0.707200
0.511225
0.511225
0.350209
0.350209
0.191678
0.191678
0.296086
0.296086
0.497252
0.497252
0.303938
0.303938
0.474726
0.474726
0.332538
0.332538
0.629515
0.629515
0.539118
0.539118
0.721272
0.721272
0.548320
0.548320
0.375946
0.375946
0.805738
0.805738
0.304885
0.304885
0.413514
0.413514
0.486966
0.486966
0.369392
0.369392
0.483878
0.483878
0.466921
0.466921
0.501393
0.501393
0.439735
0.439735
0.354023
0.354023
0.374557
0.374557
0.311878
0.311878
0.410770
0.410770
0.687122
0.687122
0.292251
0.292251
0.279995
0.279995
0.325381
0.325381
0.482649
0.482649
0.388376
0.388376
0.490326
0.490326
0.730513
0.730513
0.291332
0.291332
0.500199
0.500199
0.392510
0.392510
0.526535
0.526535
0.589945
0.589945
0.369551
0.369551
0.503098
0.503098
0.576036
0.576036
0.381558
0.381558
0.705734
0.705734
0.497645
0.497645
0.804588
0.804588
0.776894
0.776894
0.396971
0.396971
0.558850
0.558850
0.383077
0.383077
0.437132
0.437132
0.728068
0.728068
0.461639
0.461639
0.522630
0.522630
0.578918
0.578918
0.522824
0.522824
0.179106
0.179106
0.662619
0.662619
0.609955
0.609955
0.402882
0.402882
0.498613
0.498613
0.384486
0.384486
0.408390
0.408390
0.538857
0.538857
0.240739
0.240739
0.458829
0.458829
0.345328
0.345328
0.431801
0.431801
0.283294
0.283294
0.430292
0.430292
0.372007
0.372007
0.587137
0.587137
0.497900
0.497900
0.375799
0.375799
0.417395
0.417395
0.411115
0.411115
0.540249
0.540249
0.262336
0.262336
0.464304
0.464304
0.426691
0.426691
0.324059
0.324059
0.689637
0.689637
0.275292
0.275292
0.466121
0.466121
0.544235
0.544235
0.541205
0.541205
0.411497
0.411497
0.506575
0.506575
0.519733
0.519733
0.211996
0.211996
0.491057
0.491057
0.346988
0.346988
0.364257
0.364257
0.476810
0.476810
0.403393
0.403393
0.336601
0.336601
0.469821
0.469821
0.436524
0.436524
0.501145
0.501145
0.656983
0.656983
0.522377
0.522377
0.368138
0.368138
0.541928
0.541928
0.388461
0.388461
0.400208
0.400208
0.423700
0.423700
0.473437
0.473437
0.385142
0.385142
0.413794
0.413794
0.623559
0.623559
0.247771
0.247771
0.434662
0.434662
0.769220
0.769220
0.476204
0.476204
0.353817
0.353817
0.443980
0.443980
0.348697
0.348697
0.522022
0.522022
0.658787
0.658787
0.401326
0.401326
0.383181
0.383181
0.755007
0.755007
0.347702
0.347702
0.448287
0.448287
0.351577
0.351577
0.406671
0.406671
0.417858
0.417858
0.492952
0.492952
0.573000
0.573000
0.435538
0.435538
0.632986
0.632986
0.721308
0.721308
0.490450
0.490450
0.445077
0.445077
0.504839
0.504839
0.501590
0.501590
0.241007
0.241007
0.344835
0.344835
0.929403
0.929403
0.442742
0.442742
0.366333
0.366333
0.252718
0.252718
0.534802
0.534802
0.370214
0.370214
0.411942
0.411942
0.442903
0.442903
0.312264
0.312264
0.249465
0.249465
0.455422
0.455422
0.895257
0.895257
0.330548
0.330548
1.124714
1.124714
0.880912
0.880912
0.188954
0.188954
0.490305
0.490305
0.351159
0.351159
0.256806
0.256806
0.371973
0.371973
0.187374
0.187374
0.467610
0.467610
0.334139
0.334139
0.663667
0.663667
0.431853
0.431853
0.726691
0.726691
0.363179
0.363179
0.466184
0.466184
0.328796
0.328796
0.598928
0.598928
0.400251
0.400251
0.297756
0.297756
0.405510
0.405510
0.424837
0.424837
0.471303
0.471303
0.291259
0.291259
0.411565
0.411565
0.397559
0.397559
0.498496
0.498496
0.387721
0.387721
0.314131
0.314131
0.437173
0.437173
0.327542
0.327542
0.377431
0.377431
0.375716
0.375716
0.791001
0.791001
0.647494
0.647494
0.532432
0.532432
0.193933
0.193933
0.416985
0.416985
0.414360
0.414360
0.375876
0.375876
0.505726
0.505726
0.452041
0.452041
0.352752
0.352752
0.257299
0.257299
0.752173
0.752173
0.494370
0.494370
0.442063
0.442063
0.578465
0.578465
0.304083
0.304083
0.369129
0.369129
0.345224
0.345224
0.491182
0.491182
0.388124
0.388124
0.499120
0.499120
0.266599
0.266599
0.516486
0.516486
0.498010
0.498010
0.331437
0.331437
0.606265
0.606265
0.435836
0.435836
0.536069
0.536069
0.543140
0.543140
0.638417
0.638417
0.571556
0.571556
0.566024
0.566024
0.394027
0.394027
0.765407
0.765407
0.317699
0.317699
0.564033
0.564033
0.702146
0.702146
0.317414
0.317414
0.419716
0.419716
0.693713
0.693713
0.364747
0.364747
0.342071
0.342071
0.450695
0.450695
0.462103
0.462103
0.315994
0.315994
0.388256
0.388256
0.586899
0.586899
0.371176
0.371176
0.453736
0.453736
0.424233
0.424233
0.597827
0.597827
0.229695
0.229695
0.410447
0.410447
0.232868
0.232868
0.358578
0.358578
0.571364
0.571364
0.415919
0.415919
0.637246
0.637246
0.281334
0.281334
0.445538
0.445538
0.400905
0.400905
0.374526
0.374526
0.506023
0.506023
0.352550
0.352550
0.595021
0.595021
0.558535
0.558535
0.565129
0.565129
0.416676
0.416676
0.638235
0.638235
0.634615
0.634615
0.471457
0.471457
0.471817
0.471817
0.323489
0.323489
0.531270
0.531270
0.271631
0.271631
0.311124
0.311124
0.460211
0.460211
0.483509
0.483509
0.406169
0.406169
0.345147
0.345147
0.355866
0.355866
0.377504
0.377504
0.379452
0.379452
0.538949
0.538949
0.579164
0.579164
0.824542
0.824542
0.378930
0.378930
0.481267
0.481267
0.504319
0.504319
0.374593
0.374593
0.271471
0.271471
0.324233
0.324233
0.253623
0.253623
0.301174
0.301174
0.473330
0.473330
0.572314
0.572314
0.670105
0.670105
0.377034
0.377034
0.484019
0.484019
0.249810
0.249810
0.392401
0.392401
0.559721
0.559721
0.321836
0.321836
0.608575
0.608575
0.932021
0.932021
0.592980
0.592980
0.475252
0.475252
0.714835
0.714835
0.571452
0.571452
0.482971
0.482971
0.475015
0.475015
0.420267
0.420267
0.403125
0.403125
0.339348
0.339348
0.232245
0.232245
0.530914
0.530914
0.249543
0.249543
0.353605
0.353605
0.443585
0.443585
0.523394
0.523394
0.512420
0.512420
0.402872
0.402872
0.584745
0.584745
0.369473
0.369473
0.263661
0.263661
0.248701
0.248701
0.182058
0.182058
0.490621
0.490621
0.391328
0.391328
0.335097
0.335097
0.254133
0.254133
0.455655
0.455655
0.221512
0.221512
0.207361
0.207361
0.312826
0.312826
0.595785
0.595785
0.618588
0.618588
0.382763
0.382763
0.538191
0.538191
0.279198
0.279198
0.259279
0.259279
0.693752
0.693752
0.712400
0.712400
0.473541
0.473541
0.565319
0.565319
0.489556
0.489556
0.538275
0.538275
0.352942
0.352942
0.406406
0.406406
0.447978
0.447978
0.443940
0.443940
0.358571
0.358571
0.292061
0.292061
0.354143
0.354143
0.508045
0.508045
0.413967
0.413967
0.313611
0.313611
0.462221
0.462221
0.434024
0.434024
0.505503
0.505503
0.547616
0.547616
0.516391
0.516391
0.451299
0.451299
0.354917
0.354917
0.396746
0.396746
0.858142
0.858142
0.350031
0.350031
0.611859
0.611859
0.526167
0.526167
0.385496
0.385496
0.363216
0.363216
0.261161
0.261161
0.588079
0.588079
0.244109
0.244109
0.311693
0.311693
0.461311
0.461311
0.359256
0.359256
0.216737
0.216737
0.297323
0.297323
0.359721
0.359721
0.209727
0.209727
0.298448
0.298448
0.402192
0.402192
0.522178
0.522178
0.648443
0.648443
0.495877
0.495877
0.710838
0.710838
0.480654
0.480654
0.455110
0.455110
0.428556
0.428556
0.443254
0.443254
0.331488
0.331488
0.324446
0.324446
0.295550
0.295550
0.447716
0.447716
0.312384
0.312384
0.601449
0.601449
0.656952
0.656952
0.404451
0.404451
0.284621
0.284621
0.472937
0.472937
0.197265
0.197265
0.454701
0.454701
0.464247
0.464247
0.342282
0.342282
0.944813
0.944813
0.300999
0.300999
0.566222
0.566222
0.183013
0.183013
0.329833
0.329833
0.385485
0.385485
0.462058
0.462058
0.511632
0.511632
0.647099
0.647099
0.514328
0.514328
0.778905
0.778905
0.254410
0.254410
0.264724
0.264724
0.587692
0.587692
0.691068
0.691068
0.528778
0.528778
0.515357
0.515357
0.332755
0.332755
0.228462
0.228462
0.384697
0.384697
0.556363
0.556363
0.187189
0.187189
0.543306
0.543306
0.318454
0.318454
0.490625
0.490625
0.371046
0.371046
0.443573
0.443573
0.532908
0.532908
0.321577
0.321577
0.333808
0.333808
0.359972
0.359972
0.576378
0.576378
0.466308
0.466308
0.562600
0.562600
0.400720
0.400720
0.558710
0.558710
0.689476
0.689476
0.553283
0.553283
0.392501
0.392501
0.375862
0.375862
0.710987
0.710987
0.392232
0.392232
0.343739
0.343739
0.300751
0.300751
0.573301
0.573301
0.209693
0.209693
0.424919
0.424919
0.222826
0.222826
0.479735
0.479735
0.718078
0.718078
0.456512
0.456512
0.273928
0.273928
0.540873
0.540873
0.453420
0.453420
0.268441
0.268441
0.234897
0.234897
0.288112
0.288112
0.461353
0.461353
0.774453
0.774453
0.555432
0.555432
0.673214
0.673214
0.589785
0.589785
0.351777
0.351777
0.349273
0.349273
0.308182
0.308182
0.463416
0.463416
0.521032
0.521032
0.398220
0.398220
0.619284
0.619284
0.625547
0.625547
0.264940
0.264940
0.358586
0.358586
0.237659
0.237659
0.582939
0.582939
0.686500
0.686500
0.278750
0.278750
0.414451
0.414451
0.375697
0.375697
0.394206
0.394206
0.476753
0.476753
0.615535
0.615535
0.273166
0.273166
0.431064
0.431064
0.365126
0.365126
0.753872
0.753872
0.234128
0.234128
0.668514
0.668514
0.251064
0.251064
0.408344
0.408344
0.330821
0.330821
0.319910
0.319910
0.537558
0.537558
0.466911
0.466911
0.621226
0.621226
0.450617
0.450617
0.528512
0.528512
0.247219
0.247219
0.440721
0.440721
0.488339
0.488339
0.519467
0.519467
0.360296
0.360296
0.433547
0.433547
0.536847
0.536847
0.565160
0.565160
0.389927
0.389927
0.342246
0.342246
0.417771
0.417771
0.499392
0.499392
0.404513
0.404513
0.382468
0.382468
0.557175
0.557175
0.381685
0.381685
0.478529
0.478529
0.516311
0.516311
0.319038
0.319038
0.297662
0.297662
0.502069
0.502069
0.402499
0.402499
0.470375
0.470375
0.568153
0.568153
0.470015
0.470015
0.272931
0.272931
0.656850
0.656850
1.072498
1.072498
0.526395
0.526395
0.390412
0.390412
0.504364
0.504364
0.379219
0.379219
0.889990
0.889990
0.218720
0.218720
0.502865
0.502865
0.320721
0.320721
0.521310
0.521310
0.544668
0.544668
0.409034
0.409034
0.264025
0.264025
0.417003
0.417003
0.285526
0.285526
0.553382
0.553382
0.929392
0.929392
0.374755
0.374755
0.771161
0.771161
0.408534
0.408534
0.439648
0.439648
0.532906
0.532906
0.242130
0.242130
0.548556
0.548556
0.354621
0.354621
0.817453
0.817453
0.459474
0.459474
0.411431
0.411431
0.384279
0.384279
0.320110
0.320110
0.360243
0.360243
0.591799
0.591799
0.628843
0.628843
0.343175
0.343175
0.296224
0.296224
0.250913
0.250913
0.239567
0.239567
0.231143
0.231143
0.552779
0.552779
0.508137
0.508137
0.529831
0.529831
0.679160
0.679160
0.631059
0.631059
0.300306
0.300306
0.340667
0.340667
0.448791
0.448791
0.560758
0.560758
0.301388
0.301388
0.255245
0.255245
0.770656
0.770656
0.250120
0.250120
0.410484
0.410484
0.385598
0.385598
0.379160
0.379160
0.211110
0.211110
0.442613
0.442613
0.555438
0.555438
0.605284
0.605284
0.538803
0.538803
0.299645
0.299645
0.300244
0.300244
0.522088
0.522088
0.790805
0.790805
0.439122
0.439122
0.412777
0.412777
0.511540
0.511540
0.323838
0.323838
0.798208
0.798208
0.490339
0.490339
0.393940
0.393940
1.014019
1.014019
0.398490
0.398490
0.737690
0.737690
0.415641
0.415641
0.333042
0.333042
0.432337
0.432337
0.620753
0.620753
0.284335
0.284335
0.240159
0.240159
0.434853
0.434853
0.482844
0.482844
0.496167
0.496167
0.494354
0.494354
0.781165
0.781165
0.286944
0.286944
0.369465
0.369465
0.362246
0.362246
0.715293
0.715293
0.417853
0.417853
0.521712
0.521712
0.668022
0.668022
0.306947
0.306947
0.550970
0.550970
0.242396
0.242396
0.280856
0.280856
0.300565
0.300565
0.392622
0.392622
0.223269
0.223269
0.214476
0.214476
0.267239
0.267239
0.476006
0.476006
0.443271
0.443271
0.500611
0.500611
0.342573
0.342573
0.284270
0.284270
0.253636
0.253636
0.614935
0.614935
0.397139
0.397139
0.413985
0.413985
0.665507
0.665507
0.312380
0.312380
0.366178
0.366178
0.339552
0.339552
0.557729
0.557729
0.618885
0.618885
0.555223
0.555223
0.662972
0.662972
0.398956
0.398956
0.314029
0.314029
0.447448
0.447448
0.451345
0.451345
0.557206
0.557206
0.523867
0.523867
0.497380
0.497380
0.271644
0.271644
0.421865
0.421865
0.313159
0.313159
0.585707
0.585707
0.473151
0.473151
0.518566
0.518566
0.424776
0.424776
0.337963
0.337963
0.316179
0.316179
0.358348
0.358348
0.366782
0.366782
0.436373
0.436373
0.442440
0.442440
0.486571
0.486571
0.675389
0.675389
0.343161
0.343161
0.376398
0.376398
0.379810
0.379810
0.305563
0.305563
0.338632
0.338632
0.570057
0.570057
0.565701
0.565701
0.828571
0.828571
0.509672
0.509672
0.401466
0.401466
0.326360
0.326360
0.208205
0.208205
0.485017
0.485017
0.564852
0.564852
0.256699
0.256699
0.460248
0.460248
0.507774
0.507774
0.246360
0.246360
0.376871
0.376871
0.453233
0.453233
0.342353
0.342353
0.314362
0.314362
0.409521
0.409521
0.470023
0.470023
0.240929
0.240929
0.477412
0.477412
0.512177
0.512177
0.445312
0.445312
0.336266
0.336266
0.473126
0.473126
0.430807
0.430807
0.261310
0.261310
0.766670
0.766670
0.450302
0.450302
0.462116
0.462116
0.355063
0.355063
0.311571
0.311571
0.280366
0.280366
0.482897
0.482897
0.475717
0.475717
0.326007
0.326007
0.323556
0.323556
0.595457
0.595457
0.283055
0.283055
0.347367
0.347367
0.401394
0.401394
0.341763
0.341763
0.333064
0.333064
0.389480
0.389480
0.686354
0.686354
0.560155
0.560155
0.628001
0.628001
0.292214
0.292214
0.560602
0.560602
0.531711
0.531711
0.412795
0.412795
0.482740
0.482740
0.691604
0.691604
0.155098
0.155098
0.518138
0.518138
0.355099
0.355099
0.814092
0.814092
0.364383
0.364383
0.445558
0.445558
0.461370
0.461370
0.542266
0.542266
0.348364
0.348364
0.435026
0.435026
0.387961
0.387961
0.222309
0.222309
0.235356
0.235356
0.369838
0.369838
0.556927
0.556927
0.361836
0.361836
0.378505
0.378505
0.550726
0.550726
0.612053
0.612053
0.312172
0.312172
0.530356
0.530356
0.504151
0.504151
0.302886
0.302886
0.446184
0.446184
0.631365
0.631365
1.228273
1.228273
0.395508
0.395508
0.419980
0.419980
0.443925
0.443925
0.493718
0.493718
0.724189
0.724189
0.332262
0.332262
0.502880
0.502880
0.357261
0.357261
0.316129
0.316129
0.489518
0.489518
0.346632
0.346632
0.321288
0.321288
0.376430
0.376430
0.238901
0.238901
0.213279
0.213279
0.826664
0.826664
0.371341
0.371341
0.311718
0.311718
0.384934
0.384934
0.264170
0.264170
0.321959
0.321959
0.312233
0.312233
0.367337
0.367337
0.291829
0.291829
0.346318
0.346318
0.462719
0.462719
0.302999
0.302999
0.596133
0.596133
0.551689
0.551689
0.464142
0.464142
0.617484
0.617484
0.487543
0.487543
0.486463
0.486463
0.273819
0.273819
0.264569
0.264569
0.239739
0.239739
0.570887
0.570887
0.329937
0.329937
0.459883
0.459883
0.548666
0.548666
0.262320
0.262320
0.291061
0.291061
0.487458
0.487458
0.546168
0.546168
0.535080
0.535080
0.350478
0.350478
0.389130
0.389130
0.627477
0.627477
0.417146
0.417146
0.383662
0.383662
0.391930
0.391930
0.239852
0.239852
0.637692
0.637692
0.363702
0.363702
0.658697
0.658697
0.607501
0.607501
0.296129
0.296129
0.422634
0.422634
0.801735
0.801735
0.755350
0.755350
0.408180
0.408180
0.499465
0.499465
0.407660
0.407660
0.660064
0.660064
0.495072
0.495072
0.475859
0.475859
0.546759
0.546759
0.772876
0.772876
0.398764
0.398764
0.779460
0.779460
0.450185
0.450185
0.195704
0.195704
0.399637
0.399637
0.284434
0.284434
0.718884
0.718884
0.408760
0.408760
0.530713
0.530713
0.545562
0.545562
0.429797
0.429797
0.900664
0.900664
0.242205
0.242205
0.319089
0.319089
0.526855
0.526855
0.486868
0.486868
0.352343
0.352343
0.247078
0.247078
0.489661
0.489661
0.251106
0.251106
0.423595
0.423595
0.521104
0.521104
0.641423
0.641423
0.454013
0.454013
0.367800
0.367800
0.486326
0.486326
0.348190
0.348190
0.508750
0.508750
0.346516
0.346516
0.395708
0.395708
0.347662
0.347662
0.610672
0.610672
0.281467
0.281467
0.522079
0.522079
0.651213
0.651213
0.554758
0.554758
0.484955
0.484955
0.231736
0.231736
0.561040
0.561040
0.393291
0.393291
0.371570
0.371570
0.597209
0.597209
0.242480
0.242480
0.560216
0.560216
0.420221
0.420221
0.448073
0.448073
0.331677
0.331677
0.329143
0.329143
0.360610
0.360610
0.314424
0.314424
0.412591
0.412591
0.733762
0.733762
0.374509
0.374509
0.416202
0.416202
0.446602
0.446602
0.420077
0.420077
0.498362
0.498362
0.278343
0.278343
0.313880
0.313880
0.388564
0.388564
0.353620
0.353620
0.504583
0.504583
0.479517
0.479517
0.528786
0.528786
0.452808
0.452808
0.473381
0.473381
0.376436
0.376436
0.455909
0.455909
0.669371
0.669371
0.499935
0.499935
0.453976
0.453976
0.158699
0.158699
0.308880
0.308880
0.336407
0.336407
0.347613
0.347613
0.503113
0.503113
0.357830
0.357830
0.319794
0.319794
0.494279
0.494279
0.878093
0.878093
0.255616
0.255616
0.743574
0.743574
0.285023
0.285023
0.443862
0.443862
0.375648
0.375648
0.348059
0.348059
0.544557
0.544557
0.709965
0.709965
0.826377
0.826377
0.473872
0.473872
0.727682
0.727682
0.569529
0.569529
0.594603
0.594603
0.382726
0.382726
0.407614
0.407614
0.409447
0.409447
0.377246
0.377246
0.210550
0.210550
0.530905
0.530905
0.470490
0.470490
0.497176
0.497176
0.524918
0.524918
0.369827
0.369827
0.584331
0.584331
0.161117
0.161117
0.528187
0.528187
0.468357
0.468357
0.311402
0.311402
0.375491
0.375491
0.343050
0.343050
0.422146
0.422146
0.369059
0.369059
0.775078
0.775078
0.506255
0.506255
0.416094
0.416094
0.488849
0.488849
0.290567
0.290567
0.405554
0.405554
0.497377
0.497377
0.530213
0.530213
0.305815
0.305815
0.605965
0.605965
0.516356
0.516356
0.597814
0.597814
0.310329
0.310329
0.535837
0.535837
0.537625
0.537625
0.256176
0.256176
0.321223
0.321223
0.406676
0.406676
0.498756
0.498756
0.667832
0.667832
0.440717
0.440717
0.387280
0.387280
0.190121
0.190121
0.650950
0.650950
0.567358
0.567358
0.416691
0.416691
0.503977
0.503977
0.702586
0.702586
0.738971
0.738971
0.373923
0.373923
0.433835
0.433835
0.379758
0.379758
0.338252
0.338252
0.235143
0.235143
0.226810
0.226810
0.449884
0.449884
0.321656
0.321656
0.712187
0.712187
0.464040
0.464040
0.464655
0.464655
0.502876
0.502876
0.351059
0.351059
0.538918
0.538918
0.285849
0.285849
0.406421
0.406421
0.324445
0.324445
0.245426
0.245426
0.660174
0.660174
0.444161
0.444161
0.438640
0.438640
0.359683
0.359683
0.514562
0.514562
0.342947
0.342947
0.340557
0.340557
0.444387
0.444387
0.486221
0.486221
0.338557
0.338557
0.519441
0.519441
0.343417
0.343417
0.765973
0.765973
0.393700
0.393700
0.487845
0.487845
0.610647
0.610647
0.410173
0.410173
0.425512
0.425512
0.406569
0.406569
0.433206
0.433206
0.338749
0.338749
0.268361
0.268361
0.485566
0.485566
0.347377
0.347377
0.630315
0.630315
0.437648
0.437648
0.380756
0.380756
0.283128
0.283128
0.523269
0.523269
0.321670
0.321670
0.475081
0.475081
0.391940
0.391940
0.689358
0.689358
0.308930
0.308930
0.394036
0.394036
0.604632
0.604632
0.593405
0.593405
0.409492
0.409492
0.534820
0.534820
0.430222
0.430222
0.309830
0.309830
0.331911
0.331911
0.401340
0.401340
0.402697
0.402697
0.444945
0.444945
0.518586
0.518586
0.351933
0.351933
0.560729
0.560729
0.424123
0.424123
0.467029
0.467029
0.436172
0.436172
0.689898
0.689898
0.619696
0.619696
0.366228
0.366228
0.515250
0.515250
0.396976
0.396976
0.474832
0.474832
0.483529
0.483529
0.213232
0.213232
0.254812
0.254812
0.380816
0.380816
0.460623
0.460623
0.904129
0.904129
0.381380
0.381380
0.348824
0.348824
0.316091
0.316091
0.351037
0.351037
0.480963
0.480963
0.427789
0.427789
0.314187
0.314187
0.611877
0.611877
0.598878
0.598878
0.381282
0.381282
0.435025
0.435025
0.489861
0.489861
0.685694
0.685694
0.345528
0.345528
0.375621
0.375621
0.602874
0.602874
0.637549
0.637549
0.438942
0.438942
0.354014
0.354014
0.297599
0.297599
0.674461
0.674461
0.344409
0.344409
0.503493
0.503493
0.278846
0.278846
0.379457
0.379457
0.582237
0.582237
0.450070
0.450070
0.602765
0.602765
0.352740
0.352740
0.474789
0.474789
0.620470
0.620470
0.381072
0.381072
0.352393
0.352393
0.456875
0.456875
0.382680
0.382680
0.424613
0.424613
0.450701
0.450701
0.427534
0.427534
0.635676
0.635676
0.329051
0.329051
0.746914
0.746914
0.304750
0.304750
0.391762
0.391762
0.352592
0.352592
0.209458
0.209458
0.418494
0.418494
0.401339
0.401339
0.389205
0.389205
0.538625
0.538625
0.400563
0.400563
0.539599
0.539599
0.489555
0.489555
0.500743
0.500743
0.583986
0.583986
0.354361
0.354361
0.471413
0.471413
0.232447
0.232447
0.527554
0.527554
0.371603
0.371603
0.481226
0.481226
0.643224
0.643224
0.353693
0.353693
0.485687
0.485687
0.475104
0.475104
0.464908
0.464908
0.206172
0.206172
0.707942
0.707942
0.414551
0.414551
0.405693
0.405693
0.263735
0.263735
0.655925
0.655925
0.155727
0.155727
0.450809
0.450809
0.498695
0.498695
0.488662
0.488662
0.296731
0.296731
0.220485
0.220485
0.524140
0.524140
0.554324
0.554324
0.255446
0.255446
0.526406
0.526406
0.540828
0.540828
0.396686
0.396686
0.496725
0.496725
0.338585
0.338585
0.411898
0.411898
0.462535
0.462535
0.769788
0.769788
0.854746
0.854746
0.664284
0.664284
0.863464
0.863464
0.334280
0.334280
0.407100
0.407100
0.442006
0.442006
0.372294
0.372294
0.585178
0.585178
0.391622
0.391622
0.312172
0.312172
0.411740
0.411740
0.356514
0.356514
0.442399
0.442399
0.466778
0.466778
0.279510
0.279510
0.626731
0.626731
0.270085
0.270085
0.231419
0.231419
0.476978
0.476978
0.398842
0.398842
0.367445
0.367445
0.444875
0.444875
0.391311
0.391311
0.409065
0.409065
0.485017
0.485017
0.431879
0.431879
0.359462
0.359462
0.545668
0.545668
0.531651
0.531651
0.239819
0.239819
0.184233
0.184233
0.482386
0.482386
0.618309
0.618309
0.466475
0.466475
0.468715
0.468715
0.489162
0.489162
0.341458
0.341458
0.624843
0.624843
0.776341
0.776341
0.269615
0.269615
0.326991
0.326991
0.776476
0.776476
0.505103
0.505103
0.240342
0.240342
0.237147
0.237147
0.492994
0.492994
0.391530
0.391530
0.248863
0.248863
0.250754
0.250754
0.361587
0.361587
0.376814
0.376814
0.465572
0.465572
0.171147
0.171147
0.264601
0.264601
0.399232
0.399232
0.500531
0.500531
0.604408
0.604408
0.350732
0.350732
0.437250
0.437250
0.275738
0.275738
0.956401
0.956401
0.467297
0.467297
0.488323
0.488323
0.381367
0.381367
0.329769
0.329769
0.428408
0.428408
0.363573
0.363573
0.409923
0.409923
0.255440
0.255440
0.253408
0.253408
0.306044
0.306044
0.550882
0.550882
0.395003
0.395003
0.235839
0.235839
0.410076
0.410076
0.352219
0.352219
0.398604
0.398604
0.551606
0.551606
0.687775
0.687775
0.477004
0.477004
0.415610
0.415610
0.527249
0.527249
0.302205
0.302205
0.614639
0.614639
0.398770
0.398770
0.414486
0.414486
0.238686
0.238686
0.768163
0.768163
0.718544
0.718544
0.439647
0.439647
0.565675
0.565675
0.562008
0.562008
0.489631
0.489631
1.039659
1.039659
0.548022
0.548022
0.404675
0.404675
0.639746
0.639746
0.327151
0.327151
0.385965
0.385965
0.229239
0.229239
0.485859
0.485859
0.217160
0.217160
0.531535
0.531535
0.484457
0.484457
0.567755
0.567755
0.329559
0.329559
0.258482
0.258482
0.490589
0.490589
0.267721
0.267721
0.476887
0.476887
0.213056
0.213056
0.292020
0.292020
0.341446
0.341446
0.588012
0.588012
0.447769
0.447769
0.530424
0.530424
0.945435
0.945435
0.297395
0.297395
0.387665
0.387665
0.410909
0.410909
0.372887
0.372887
0.425702
0.425702
0.393762
0.393762
0.342525
0.342525
0.240217
0.240217
0.301827
0.301827
0.306152
0.306152
0.185256
0.185256
0.204681
0.204681
0.342007
0.342007
0.482638
0.482638
0.296410
0.296410
0.344552
0.344552
0.336859
0.336859
0.236540
0.236540
0.401928
0.401928
0.369022
0.369022
0.327973
0.327973
0.286011
0.286011
0.318875
0.318875
0.355812
0.355812
0.276261
0.276261
0.395446
0.395446
0.309009
0.309009
0.403557
0.403557
0.386980
0.386980
0.726031
0.726031
0.491632
0.491632
0.309396
0.309396
0.416890
0.416890
0.282259
0.282259
0.254506
0.254506
0.512989
0.512989
0.279377
0.279377
0.430466
0.430466
0.409367
0.409367
0.343124
0.343124
0.363958
0.363958
0.386361
0.386361
0.261627
0.261627
0.522447
0.522447
0.367495
0.367495
0.627421
0.627421
0.468399
0.468399
0.345707
0.345707
0.349100
0.349100
1.199120
1.199120
0.839485
0.839485
0.382749
0.382749
0.560391
0.560391
0.522137
0.522137
0.435827
0.435827
0.232273
0.232273
0.391312
0.391312
0.371975
0.371975
0.808637
0.808637
0.743183
0.743183
0.600056
0.600056
0.269577
0.269577
0.407262
0.407262
0.477696
0.477696
0.544002
0.544002
0.735169
0.735169
0.414122
0.414122
0.281175
0.281175
0.233572
0.233572
0.387195
0.387195
0.336732
0.336732
0.589377
0.589377
0.324077
0.324077
0.478979
0.478979
0.335202
0.335202
0.357175
0.357175
0.707406
0.707406
0.288718
0.288718
0.496860
0.496860
0.423674
0.423674
0.488040
0.488040
0.536600
0.536600
0.734707
0.734707
0.721919
0.721919
0.488885
0.488885
0.591074
0.591074
0.772854
0.772854
0.692706
0.692706
0.363648
0.363648
0.499210
0.499210
0.452293
0.452293
0.716806
0.716806
0.296397
0.296397
0.313237
0.313237
0.255665
0.255665
0.200090
0.200090
0.297964
0.297964
0.407308
0.407308
0.379391
0.379391
0.746121
0.746121
0.465619
0.465619
0.482024
0.482024
0.482461
0.482461
0.255996
0.255996
0.564200
0.564200
0.610486
0.610486
0.566557
0.566557
0.604363
0.604363
0.451564
0.451564
0.425323
0.425323
0.391712
0.391712
0.398738
0.398738
0.269940
0.269940
0.373803
0.373803
0.546574
0.546574
0.208425
0.208425
0.345905
0.345905
0.579869
0.579869
0.639517
0.639517
0.572998
0.572998
0.506679
0.506679
0.610454
0.610454
0.527466
0.527466
0.335192
0.335192
0.352079
0.352079
0.475751
0.475751
0.468408
0.468408
0.347572
0.347572
0.792155
0.792155
0.565812
0.565812
0.443373
0.443373
0.731898
0.731898
0.687775
0.687775
0.374690
0.374690
0.400348
0.400348
0.383881
0.383881
0.855382
0.855382
0.456847
0.456847
0.410615
0.410615
0.480530
0.480530
0.422304
0.422304
0.291149
0.291149
0.326178
0.326178
0.519792
0.519792
0.308249
0.308249
0.178806
0.178806
0.577356
0.577356
0.463037
0.463037
0.270023
0.270023
0.233550
0.233550
0.261687
0.261687
0.584052
0.584052
0.451533
0.451533
0.429060
0.429060
0.336734
0.336734
0.425080
0.425080
0.526165
0.526165
0.354667
0.354667
0.323640
0.323640
0.251885
0.251885
0.356372
0.356372
0.645254
0.645254
0.345538
0.345538
0.513758
0.513758
0.474304
0.474304
0.319508
0.319508
0.377259
0.377259
0.308934
0.308934
0.389581
0.389581
0.285551
0.285551
0.294301
0.294301
0.540559
0.540559
0.556837
0.556837
0.358283
0.358283
0.538177
0.538177
0.356441
0.356441
0.259665
0.259665
0.540083
0.540083
0.167309
0.167309
0.214537
0.214537
0.567654
0.567654
0.307966
0.307966
0.480741
0.480741
0.435127
0.435127
0.235285
0.235285
0.917691
0.917691
0.268133
0.268133
0.576037
0.576037
0.298265
0.298265
0.765227
0.765227
0.645148
0.645148
0.699441
0.699441
0.489857
0.489857
0.513324
0.513324
0.237893
0.237893
0.566985
0.566985
0.458150
0.458150
0.616907
0.616907
0.289993
0.289993
0.319347
0.319347
0.362005
0.362005
0.336426
0.336426
1.074967
1.074967
0.744036
0.744036
0.380206
0.380206
0.281604
0.281604
0.517288
0.517288
0.447647
0.447647
0.776487
0.776487
0.263942
0.263942
0.417487
0.417487
0.275985
0.275985
0.350371
0.350371
0.565844
0.565844
0.278881
0.278881
0.439447
0.439447
0.761111
0.761111
0.542309
0.542309
0.279741
0.279741
0.374730
0.374730
0.474442
0.474442
0.473476
0.473476
0.402474
0.402474
0.594279
0.594279
0.487649
0.487649
0.412304
0.412304
0.331281
0.331281
0.620909
0.620909
0.271461
0.271461
0.331578
0.331578
0.339974
0.339974
0.376721
0.376721
0.300354
0.300354
0.480906
0.480906
0.601969
0.601969
0.374133
0.374133
0.334047
0.334047
0.704233
0.704233
0.602244
0.602244
0.493352
0.493352
0.577046
0.577046
0.235901
0.235901
0.342218
0.342218
0.326993
0.326993
0.508519
0.508519
0.459288
0.459288
0.223210
0.223210
0.289614
0.289614
0.441780
0.441780
0.471904
0.471904
0.215103
0.215103
0.320972
0.320972
0.482217
0.482217
0.805398
0.805398
0.526778
0.526778
0.468111
0.468111
0.524873
0.524873
0.470350
0.470350
0.592335
0.592335
0.479791
0.479791
0.548807
0.548807
0.270608
0.270608
0.690933
0.690933
0.394488
0.394488
0.244116
0.244116
0.312773
0.312773
0.612311
0.612311
0.446792
0.446792
0.579818
0.579818
0.189640
0.189640
0.342627
0.342627
0.632279
0.632279
0.353664
0.353664
0.455790
0.455790
0.393051
0.393051
0.377209
0.377209
0.333549
0.333549
0.552957
0.552957
0.353303
0.353303
0.299266
0.299266
0.473171
0.473171
0.267950
0.267950
0.403083
0.403083
0.371805
0.371805
0.625192
0.625192
0.336356
0.336356
0.354592
0.354592
0.518319
0.518319
0.387689
0.387689
0.407115
0.407115
0.422768
0.422768
0.392241
0.392241
0.246996
0.246996
0.331071
0.331071
0.389643
0.389643
0.406587
0.406587
0.281838
0.281838
0.404266
0.404266
0.460009
0.460009
0.279594
0.279594
0.311105
0.311105
0.540954
0.540954
0.520255
0.520255
0.560010
0.560010
0.221480
0.221480
0.465484
0.465484
0.444615
0.444615
0.453205
0.453205
0.372314
0.372314
0.339622
0.339622
0.246658
0.246658
0.333246
0.333246
0.491140
0.491140
0.446805
0.446805
0.835564
0.835564
0.538783
0.538783
0.530190
0.530190
0.303989
0.303989
0.320705
0.320705
0.649241
0.649241
0.448219
0.448219
0.581954
0.581954
0.428505
0.428505
0.452387
0.452387
0.443604
0.443604
0.516632
0.516632
0.399144
0.399144
0.341559
0.341559
0.280817
0.280817
0.492962
0.492962
0.703104
0.703104
0.373613
0.373613
0.801726
0.801726
0.313419
0.313419
0.419481
0.419481
0.547770
0.547770
0.819421
0.819421
0.346033
0.346033
0.429894
0.429894
0.463635
0.463635
0.322398
0.322398
0.623143
0.623143
0.474952
0.474952
0.446880
0.446880
0.331760
0.331760
0.369414
0.369414
0.369079
0.369079
0.415594
0.415594
1.045286
1.045286
0.284677
0.284677
0.367871
0.367871
0.497832
0.497832
0.240190
0.240190
0.270214
0.270214
0.735599
0.735599
0.319319
0.319319
0.502828
0.502828
0.814993
0.814993
0.418440
0.418440
0.405350
0.405350
0.422850
0.422850
0.382053
0.382053
0.381524
0.381524
0.472677
0.472677
0.463875
0.463875
0.249748
0.249748
0.249794
0.249794
0.413639
0.413639
0.458864
0.458864
0.297364
0.297364
0.500287
0.500287
0.591897
0.591897
0.462373
0.462373
0.332730
0.332730
0.655483
0.655483
0.287985
0.287985
0.304657
0.304657
0.427637
0.427637
0.391770
0.391770
0.367283
0.367283
0.362519
0.362519
0.149412
0.149412
0.154293
0.154293
0.893754
0.893754
0.240219
0.240219
0.470469
0.470469
0.399062
0.399062
0.352514
0.352514
0.329502
0.329502
0.676136
0.676136
0.192638
0.192638
0.218464
0.218464
0.673445
0.673445
0.443223
0.443223
0.233314
0.233314
0.331009
0.331009
0.923733
0.923733
0.584762
0.584762
0.389420
0.389420
0.739897
0.739897
0.503479
0.503479
0.698387
0.698387
0.644750
0.644750
0.379303
0.379303
0.420985
0.420985
0.260548
0.260548
0.275594
0.275594
0.435152
0.435152
0.810489
0.810489
0.233423
0.233423
0.286713
0.286713
0.521618
0.521618
0.716451
0.716451
0.232471
0.232471
0.388908
0.388908
0.366791
0.366791
0.164324
0.164324
0.240636
0.240636
0.312872
0.312872
0.252898
0.252898
0.743629
0.743629
0.362924
0.362924
0.278621
0.278621
0.367303
0.367303
0.533349
0.533349
0.537401
0.537401
0.620905
0.620905
0.289229
0.289229
0.371876
0.371876
0.367376
0.367376
0.341104
0.341104
0.343832
0.343832
0.749155
0.749155
0.518668
0.518668
0.283529
0.283529
0.511872
0.511872
0.480156
0.480156
0.413908
0.413908
0.322036
0.322036
0.667096
0.667096
0.640307
0.640307
0.485254
0.485254
0.602728
0.602728
0.525081
0.525081
0.356547
0.356547
0.445291
0.445291
0.401442
0.401442
0.366296
0.366296
0.260208
0.260208
0.192444
0.192444
0.279161
0.279161
0.571307
0.571307
0.472425
0.472425
0.508357
0.508357
0.410924
0.410924
0.428255
0.428255
0.326099
0.326099
0.645160
0.645160
0.480307
0.480307
0.392895
0.392895
0.524443
0.524443
0.895324
0.895324
0.208681
0.208681
0.379326
0.379326
0.335877
0.335877
0.353485
0.353485
0.383672
0.383672
0.283727
0.283727
0.251778
0.251778
0.416634
0.416634
0.250063
0.250063
0.405899
0.405899
0.527532
0.527532
1.064132
1.064132
0.358591
0.358591
0.512126
0.512126
0.417340
0.417340
0.408987
0.408987
0.321370
0.321370
0.468342
0.468342
0.558734
0.558734
0.541505
0.541505
0.296542
0.296542
0.331394
0.331394
0.658522
0.658522
0.452464
0.452464
0.609452
0.609452
0.292939
0.292939
0.644736
0.644736
0.526486
0.526486
0.353371
0.353371
0.304500
0.304500
0.388973
0.388973
0.657780
0.657780
0.526430
0.526430
0.542177
0.542177
0.379673
0.379673
0.384185
0.384185
0.237348
0.237348
0.484732
0.484732
0.263728
0.263728
0.566593
0.566593
0.324857
0.324857
0.391091
0.391091
0.485132
0.485132
0.706335
0.706335
0.558268
0.558268
0.281425
0.281425
0.271675
0.271675
0.311064
0.311064
0.591281
0.591281
0.478295
0.478295
0.304620
0.304620
0.477383
0.477383
0.287988
0.287988
0.246329
0.246329
0.434047
0.434047
0.321223
0.321223
0.294937
0.294937
0.562185
0.562185
0.323545
0.323545
0.418565
0.418565
0.346407
0.346407
0.447279
0.447279
0.437696
0.437696
0.558170
0.558170
0.297401
0.297401
0.251093
0.251093
0.715056
0.715056
0.419172
0.419172
0.553538
0.553538
0.380831
0.380831
0.384670
0.384670
0.576739
0.576739
0.464818
0.464818
0.908348
0.908348
0.578169
0.578169
0.513798
0.513798
0.469684
0.469684
0.666725
0.666725
0.623030
0.623030
0.290131
0.290131
0.503872
0.503872
0.352549
0.352549
0.139906
0.139906
0.455881
0.455881
0.728948
0.728948
0.553188
0.553188
0.513981
0.513981
0.206636
0.206636
0.363060
0.363060
0.388974
0.388974
0.241025
0.241025
0.712384
0.712384
0.564094
0.564094
0.221280
0.221280
0.320168
0.320168
0.421167
0.421167
0.215291
0.215291
0.380778
0.380778
0.520141
0.520141
0.342502
0.342502
0.419962
0.419962
0.464202
0.464202
0.609552
0.609552
0.484191
0.484191
0.387026
0.387026
0.549527
0.549527
0.403010
0.403010
0.440365
0.440365
0.306020
0.306020
0.728395
0.728395
0.540010
0.540010
0.603683
0.603683
0.304840
0.304840
0.470903
0.470903
0.530217
0.530217
0.566117
0.566117
0.291666
0.291666
0.405312
0.405312
0.322687
0.322687
0.519675
0.519675
0.297172
0.297172
1.005774
1.005774
0.412986
0.412986
0.672167
0.672167
0.525968
0.525968
0.315811
0.315811
0.198747
0.198747
0.533702
0.533702
0.339413
0.339413
0.274966
0.274966
0.349570
0.349570
0.336588
0.336588
0.437204
0.437204
0.271740
0.271740
0.293054
0.293054
0.365839
0.365839
0.492921
0.492921
0.354313
0.354313
0.484485
0.484485
0.432801
0.432801
0.969534
0.969534
0.844589
0.844589
0.469588
0.469588
0.210963
0.210963
0.729562
0.729562
0.280881
0.280881
0.590825
0.590825
0.559357
0.559357
0.180897
0.180897
0.473307
0.473307
0.335741
0.335741
0.495378
0.495378
0.186412
0.186412
0.179731
0.179731
0.224456
0.224456
0.464062
0.464062
0.701109
0.701109
0.414200
0.414200
0.383465
0.383465
0.258781
0.258781
0.339954
0.339954
0.488280
0.488280
0.300930
0.300930
0.492093
0.492093
0.223549
0.223549
0.329628
0.329628
0.393865
0.393865
0.394587
0.394587
0.675760
0.675760
0.362681
0.362681
0.501716
0.501716
0.536553
0.536553
0.454679
0.454679
0.388832
0.388832
0.487541
0.487541
0.617098
0.617098
0.392267
0.392267
0.453712
0.453712
0.297575
0.297575
0.363877
0.363877
0.215043
0.215043
0.549917
0.549917
0.313834
0.313834
0.272591
0.272591
0.315602
0.315602
0.422612
0.422612
0.205628
0.205628
0.299273
0.299273
0.458035
0.458035
0.973716
0.973716
0.435281
0.435281
0.279411
0.279411
0.302127
0.302127
0.171824
0.171824
0.316148
0.316148
0.550067
0.550067
0.422057
0.422057
0.230612
0.230612
0.334755
0.334755
0.624833
0.624833
0.337976
0.337976
0.869093
0.869093
0.309703
0.309703
0.579999
0.579999
0.369630
0.369630
0.309528
0.309528
0.697093
0.697093
0.481992
0.481992
0.474219
0.474219
0.306408
0.306408
0.629821
0.629821
0.275617
0.275617
0.432128
0.432128
0.494393
0.494393
0.310745
0.310745
0.287865
0.287865
0.265357
0.265357
0.351625
0.351625
0.509535
0.509535
0.491560
0.491560
0.510569
0.510569
0.229865
0.229865
0.459176
0.459176
0.524791
0.524791
0.835312
0.835312
0.376013
0.376013
0.527260
0.527260
0.506538
0.506538
0.378002
0.378002
0.383570
0.383570
0.627301
0.627301
0.320980
0.320980
0.373597
0.373597
0.784266
0.784266
0.293228
0.293228
0.365367
0.365367
0.335913
0.335913
0.284412
0.284412
0.406880
0.406880
0.374005
0.374005
0.380480
0.380480
0.502096
0.502096
0.352612
0.352612
0.292281
0.292281
0.316664
0.316664
0.263379
0.263379
0.665632
0.665632
0.777478
0.777478
0.449066
0.449066
0.678642
0.678642
0.257369
0.257369
0.733646
0.733646
0.413481
0.413481
0.495657
0.495657
0.524277
0.524277
0.508875
0.508875
0.604317
0.604317
0.358569
0.358569
0.430138
0.430138
0.442276
0.442276
0.609018
0.609018
0.225576
0.225576
0.456786
0.456786
0.271378
0.271378
0.396121
0.396121
0.477336
0.477336
1.014779
1.014779
0.376237
0.376237
0.454843
0.454843
0.284858
0.284858
0.420895
0.420895
0.661454
0.661454
0.382209
0.382209
0.503605
0.503605
0.305277
0.305277
0.357447
0.357447
0.202893
0.202893
0.352107
0.352107
0.407621
0.407621
0.228692
0.228692
0.583212
0.583212
0.573110
0.573110
0.584141
0.584141
0.515458
0.515458
0.272625
0.272625
0.608590
0.608590
0.473146
0.473146
0.417540
0.417540
0.229226
0.229226
0.354562
0.354562
0.290449
0.290449
0.443619
0.443619
0.375298
0.375298
0.341255
0.341255
0.380850
0.380850
0.638670
0.638670
0.259578
0.259578
0.400462
0.400462
0.573786
0.573786
0.504714
0.504714
0.318655
0.318655
0.340042
0.340042
0.339278
0.339278
0.448759
0.448759
0.394255
0.394255
0.387384
0.387384
0.361978
0.361978
0.452652
0.452652
0.548562
0.548562
0.200424
0.200424
0.263844
0.263844
0.389293
0.389293
0.375154
0.375154
0.361216
0.361216
0.516877
0.516877
0.502014
0.502014
0.230437
0.230437
0.432501
0.432501
0.324124
0.324124
0.326839
0.326839
0.374654
0.374654
0.450575
0.450575
0.524276
0.524276
0.403151
0.403151
0.744495
0.744495
0.337198
0.337198
0.495956
0.495956
0.760637
0.760637
0.298994
0.298994
0.435020
0.435020
0.478643
0.478643
0.383788
0.383788
0.545279
0.545279
0.251617
0.251617
0.330226
0.330226
0.309160
0.309160
0.338277
0.338277
0.720600
0.720600
0.553517
0.553517
0.340568
0.340568
0.354386
0.354386
0.403030
0.403030
0.522613
0.522613
0.435391
0.435391
0.314598
0.314598
0.403278
0.403278
0.310635
0.310635
0.646618
0.646618
0.838937
0.838937
0.584797
0.584797
0.421735
0.421735
0.367919
0.367919
0.294235
0.294235
0.515348
0.515348
0.414545
0.414545
0.402701
0.402701
0.546842
0.546842
0.524495
0.524495
0.528970
0.528970
0.368969
0.368969
0.426144
0.426144
0.414813
0.414813
0.350897
0.350897
0.479722
0.479722
0.399884
0.399884
0.921115
0.921115
0.337798
0.337798
0.413229
0.413229
0.381319
0.381319
0.238627
0.238627
0.435177
0.435177
0.338704
0.338704
0.500009
0.500009
0.287708
0.287708
0.350360
0.350360
0.243544
0.243544
0.333127
0.333127
0.516225
0.516225
0.501833
0.501833
0.582338
0.582338
0.386450
0.386450
0.577178
0.577178
0.692882
0.692882
0.411047
0.411047
0.429523
0.429523
0.249438
0.249438
0.400143
0.400143
0.327671
0.327671
0.465175
0.465175
0.390237
0.390237
0.384993
0.384993
0.505005
0.505005
0.385053
0.385053
0.262294
0.262294
0.269903
0.269903
0.431207
0.431207
0.419292
0.419292
0.491296
0.491296
0.483535
0.483535
0.388893
0.388893
0.319702
0.319702
0.324443
0.324443
0.327169
0.327169
0.347617
0.347617
0.389274
0.389274
0.642979
0.642979
0.636149
0.636149
0.354157
0.354157
0.248604
0.248604
0.469042
0.469042
0.166502
0.166502
0.577730
0.577730
0.263197
0.263197
0.286194
0.286194
0.374762
0.374762
0.701844
0.701844
0.364069
0.364069
0.501304
0.501304
0.411284
0.411284
0.304807
0.304807
0.379158
0.379158
0.523857
0.523857
0.397631
0.397631
0.570022
0.570022
0.578916
0.578916
0.453248
0.453248
0.552377
0.552377
0.653018
0.653018
0.372598
0.372598
0.336367
0.336367
0.598804
0.598804
0.347695
0.347695
0.481695
0.481695
0.494738
0.494738
0.378298
0.378298
0.405389
0.405389
0.516539
0.516539
0.529229
0.529229
0.305000
0.305000
0.271121
0.271121
0.688610
0.688610
0.628367
0.628367
0.327483
0.327483
0.419835
0.419835
0.542947
0.542947
0.261009
0.261009
0.359867
0.359867
0.521650
0.521650
0.476544
0.476544
0.267136
0.267136
0.413600
0.413600
0.212749
0.212749
0.339119
0.339119
0.365067
0.365067
0.431513
0.431513
0.547896
0.547896
0.352920
0.352920
0.483481
0.483481
0.632365
0.632365
0.537082
0.537082
0.298141
0.298141
0.236875
0.236875
0.547631
0.547631
0.632653
0.632653
0.321444
0.321444
0.436539
0.436539
0.370541
0.370541
0.300524
0.300524
0.667193
0.667193
0.364717
0.364717
0.800026
0.800026
0.490999
0.490999
0.635618
0.635618
0.364250
0.364250
0.520428
0.520428
0.335127
0.335127
0.535828
0.535828
0.341835
0.341835
0.499729
0.499729
0.361493
0.361493
0.334904
0.334904
0.523689
0.523689
0.547338
0.547338
0.389971
0.389971
0.417046
0.417046
0.350182
0.350182
0.676314
0.676314
0.299157
0.299157
0.481587
0.481587
0.410054
0.410054
0.300430
0.300430
0.418013
0.418013
0.385473
0.385473
0.505040
0.505040
0.249444
0.249444
0.554536
0.554536
0.833072
0.833072
0.754847
0.754847
1.117198
1.117198
0.321538
0.321538
0.342371
0.342371
0.414625
0.414625
0.418912
0.418912
0.434382
0.434382
0.210263
0.210263
0.374606
0.374606
0.397888
0.397888
0.459244
0.459244
0.447631
0.447631
0.634714
0.634714
0.293752
0.293752
0.471049
0.471049
0.149916
0.149916
0.247677
0.247677
0.349798
0.349798
0.297290
0.297290
0.419705
0.419705
0.313095
0.313095
0.647363
0.647363
0.505051
0.505051
0.434669
0.434669
0.476583
0.476583
0.478767
0.478767
0.313004
0.313004
0.206364
0.206364
0.539783
0.539783
0.312181
0.312181
0.656935
0.656935
0.333934
0.333934
0.482833
0.482833
0.280377
0.280377
0.346221
0.346221
0.352363
0.352363
0.765977
0.765977
0.575160
0.575160
0.543287
0.543287
0.360805
0.360805
0.598422
0.598422
0.350470
0.350470
0.519911
0.519911
0.519945
0.519945
0.342497
0.342497
0.263918
0.263918
0.380407
0.380407
0.252621
0.252621
0.326837
0.326837
0.327865
0.327865
0.432055
0.432055
0.333168
0.333168
0.409291
0.409291
0.358121
0.358121
0.482210
0.482210
0.550394
0.550394
0.272724
0.272724
0.636728
0.636728
0.740804
0.740804
0.924631
0.924631
0.586923
0.586923
0.262226
0.262226
0.630128
0.630128
0.289115
0.289115
0.485641
0.485641
0.478422
0.478422
0.736371
0.736371
0.522567
0.522567
0.528673
0.528673
0.373605
0.373605
0.216524
0.216524
0.377399
0.377399
0.279728
0.279728
0.333386
0.333386
0.580094
0.580094
0.556365
0.556365
0.202286
0.202286
0.536046
0.536046
0.499100
0.499100
0.305057
0.305057
0.483439
0.483439
0.322826
0.322826
0.404331
0.404331
0.434977
0.434977
0.414896
0.414896
0.562426
0.562426
0.455186
0.455186
0.345105
0.345105
0.608570
0.608570
0.149922
0.149922
0.404119
0.404119
0.365475
0.365475
0.282478
0.282478
0.338137
0.338137
0.495841
0.495841
0.338460
0.338460
0.281627
0.281627
0.409637
0.409637
0.278678
0.278678
0.262280
0.262280
0.382210
0.382210
0.366540
0.366540
0.469367
0.469367
0.486701
0.486701
0.529236
0.529236
0.486452
0.486452
0.638387
0.638387
0.333800
0.333800
0.290899
0.290899
0.515476
0.515476
0.271497
0.271497
0.267724
0.267724
0.362418
0.362418
0.257951
0.257951
0.748800
0.748800
0.688984
0.688984
0.385801
0.385801
0.256652
0.256652
0.480350
0.480350
0.302667
0.302667
0.327466
0.327466
0.241309
0.241309
0.659574
0.659574
0.300632
0.300632
0.327217
0.327217
0.360482
0.360482
0.506223
0.506223
0.458615
0.458615
0.251485
0.251485
0.468326
0.468326
0.539196
0.539196
0.268660
0.268660
0.815004
0.815004
0.583275
0.583275
0.288250
0.288250
0.332579
0.332579
0.414846
0.414846
0.430660
0.430660
0.555547
0.555547
0.342706
0.342706
0.436250
0.436250
0.508706
0.508706
0.536646
0.536646
0.710538
0.710538
0.373792
0.373792
0.373249
0.373249
0.255619
0.255619
0.467055
0.467055
0.459430
0.459430
0.534256
0.534256
0.521559
0.521559
0.485835
0.485835
0.291971
0.291971
0.489639
0.489639
0.540964
0.540964
0.364681
0.364681
0.727093
0.727093
0.661448
0.661448
0.612155
0.612155
0.622200
0.622200
0.305821
0.305821
0.503017
0.503017
0.443528
0.443528
0.396678
0.396678
0.248012
0.248012
0.246929
0.246929
0.347840
0.347840
0.455361
0.455361
0.373721
0.373721
0.504872
0.504872
0.283682
0.283682
0.304803
0.304803
0.838238
0.838238
0.436191
0.436191
0.470946
0.470946
0.587385
0.587385
0.632357
0.632357
0.935627
0.935627
0.344728
0.344728
0.255276
0.255276
0.359037
0.359037
0.295767
0.295767
0.561513
0.561513
0.177654
0.177654
0.548037
0.548037
0.256646
0.256646
0.308662
0.308662
0.548561
0.548561
0.406150
0.406150
0.795999
0.795999
0.361852
0.361852
0.330358
0.330358
0.536280
0.536280
0.599651
0.599651
0.490953
0.490953
0.399397
0.399397
0.462827
0.462827
0.285263
0.285263
0.251420
0.251420
0.627024
0.627024
0.240102
0.240102
0.391148
0.391148
0.272313
0.272313
0.446798
0.446798
0.434225
0.434225
0.448320
0.448320
0.727395
0.727395
0.334035
0.334035
0.738558
0.738558
0.204111
0.204111
0.523206
0.523206
0.425459
0.425459
0.461183
0.461183
0.593529
0.593529
0.489069
0.489069
0.315487
0.315487
0.356900
0.356900
0.516076
0.516076
0.459848
0.459848
0.742256
0.742256
0.420360
0.420360
0.632579
0.632579
0.767673
0.767673
0.195774
0.195774
0.349010
0.349010
0.466826
0.466826
0.610987
0.610987
0.225506
0.225506
0.295143
0.295143
0.237532
0.237532
0.587804
0.587804
0.260596
0.260596
0.465089
0.465089
0.456887
0.456887
0.345945
0.345945
0.555597
0.555597
0.428294
0.428294
0.242187
0.242187
0.237448
0.237448
0.285969
0.285969
0.253064
0.253064
0.470373
0.470373
0.436311
0.436311
1.039317
1.039317
0.347653
0.347653
0.529133
0.529133
0.641367
0.641367
0.377205
0.377205
0.503808
0.503808
0.404489
0.404489
0.440500
0.440500
0.362302
0.362302
0.356443
0.356443
0.397862
0.397862
0.388751
0.388751
0.417816
0.417816
0.422386
0.422386
0.557294
0.557294
0.284173
0.284173
0.627870
0.627870
0.386240
0.386240
0.391473
0.391473
0.536757
0.536757
0.569975
0.569975
0.327328
0.327328
0.518312
0.518312
0.475966
0.475966
0.493624
0.493624
0.421154
0.421154
0.375036
0.375036
0.429459
0.429459
0.400540
0.400540
0.236109
0.236109
0.327201
0.327201
0.281386
0.281386
0.428743
0.428743
0.376252
0.376252
0.487427
0.487427
0.277203
0.277203
0.465428
0.465428
0.336048
0.336048
0.182856
0.182856
0.357828
0.357828
0.486358
0.486358
0.491562
0.491562
0.569669
0.569669
0.672506
0.672506
0.383562
0.383562
0.461283
0.461283
0.464812
0.464812
0.543227
0.543227
0.242972
0.242972
0.382517
0.382517
0.506104
0.506104
0.435588
0.435588
0.418841
0.418841
0.273898
0.273898
0.390844
0.390844
0.490211
0.490211
0.315192
0.315192
0.227277
0.227277
0.503277
0.503277
0.219057
0.219057
0.360950
0.360950
0.569143
0.569143
0.447532
0.447532
0.497445
0.497445
0.739063
0.739063
0.240584
0.240584
0.515663
0.515663
0.338249
0.338249
0.334018
0.334018
0.804963
0.804963
0.236907
0.236907
0.292725
0.292725
0.226005
0.226005
0.621133
0.621133
0.310892
0.310892
0.316494
0.316494
0.560325
0.560325
0.371752
0.371752
0.380589
0.380589
0.582954
0.582954
0.607342
0.607342
0.306262
0.306262
0.468782
0.468782
0.602677
0.602677
0.320127
0.320127
0.178185
0.178185
0.334384
0.334384
0.388797
0.388797
0.406170
0.406170
0.341905
0.341905
0.499723
0.499723
0.666231
0.666231
0.157786
0.157786
0.384149
0.384149
0.306226
0.306226
0.406356
0.406356
0.186644
0.186644
0.394834
0.394834
0.448980
0.448980
0.235154
0.235154
0.292901
0.292901
0.644845
0.644845
0.243154
0.243154
0.724581
0.724581
0.505556
0.505556
0.363944
0.363944
0.528318
0.528318
0.581802
0.581802
0.363840
0.363840
0.574481
0.574481
0.522724
0.522724
0.475655
0.475655
0.362457
0.362457
0.270572
0.270572
0.286912
0.286912
0.411556
0.411556
0.255329
0.255329
0.487827
0.487827
0.623969
0.623969
0.499224
0.499224
0.599856
0.599856
0.586701
0.586701
0.808687
0.808687
0.309514
0.309514
0.203065
0.203065
0.435608
0.435608
0.392634
0.392634
0.364720
0.364720
0.476315
0.476315
0.446317
0.446317
0.562469
0.562469
0.499838
0.499838
0.405558
0.405558
0.626440
0.626440
0.413529
0.413529
0.378609
0.378609
0.461413
0.461413
0.303704
0.303704
0.331008
0.331008
0.506889
0.506889
0.321776
0.321776
0.270455
0.270455
0.299067
0.299067
0.538741
0.538741
0.436905
0.436905
0.359080
0.359080
0.466494
0.466494
0.574414
0.574414
0.774612
0.774612
0.438347
0.438347
0.463473
0.463473
0.465620
0.465620
0.217520
0.217520
0.232058
0.232058
0.219318
0.219318
0.503843
0.503843
0.532097
0.532097
0.350070
0.350070
0.525128
0.525128
0.575791
0.575791
0.590618
0.590618
0.385841
0.385841
0.532697
0.532697
0.381876
0.381876
0.800242
0.800242
0.563493
0.563493
0.253835
0.253835
0.287241
0.287241
0.827667
0.827667
0.423891
0.423891
0.450109
0.450109
0.498157
0.498157
0.351311
0.351311
0.545438
0.545438
0.274602
0.274602
0.587748
0.587748
0.496828
0.496828
0.311415
0.311415
0.304245
0.304245
0.215593
0.215593
0.273452
0.273452
0.260416
0.260416
0.606164
0.606164
0.664450
0.664450
0.349860
0.349860
0.149259
0.149259
0.456101
0.456101
0.379311
0.379311
0.499705
0.499705
0.480253
0.480253
0.351380
0.351380
0.269362
0.269362
0.292345
0.292345
0.354943
0.354943
0.502448
0.502448
0.362452
0.362452
0.506291
0.506291
0.613747
0.613747
0.780313
0.780313
0.321931
0.321931
0.447062
0.447062
0.370856
0.370856
0.765491
0.765491
0.354609
0.354609
0.479477
0.479477
0.614222
0.614222
0.368048
0.368048
0.370706
0.370706
0.359805
0.359805
0.315452
0.315452
0.401450
0.401450
0.348063
0.348063
0.426830
0.426830
0.381235
0.381235
0.331602
0.331602
0.440379
0.440379
0.357435
0.357435
0.335440
0.335440
0.397586
0.397586
0.492022
0.492022
0.448594
0.448594
0.396461
0.396461
0.454599
0.454599
0.481238
0.481238
0.517505
0.517505
0.571026
0.571026
0.402747
0.402747
0.269028
0.269028
0.411717
0.411717
0.251140
0.251140
0.193414
0.193414
0.356894
0.356894
0.430105
0.430105
0.578821
0.578821
0.356898
0.356898
0.512774
0.512774
0.304134
0.304134
0.396323
0.396323
0.747209
0.747209
0.409988
0.409988
0.583306
0.583306
0.347756
0.347756
0.535860
0.535860
0.365784
0.365784
0.196895
0.196895
0.264324
0.264324
0.346685
0.346685
0.445773
0.445773
0.353854
0.353854
0.498120
0.498120
0.457069
0.457069
0.463701
0.463701
0.406241
0.406241
0.295764
0.295764
0.455003
0.455003
0.621182
0.621182
0.431976
0.431976
0.534368
0.534368
0.185770
0.185770
0.356162
0.356162
0.206714
0.206714
0.604747
0.604747
0.278044
0.278044
0.422135
0.422135
0.430651
0.430651
0.531604
0.531604
0.432779
0.432779
0.366473
0.366473
0.520023
0.520023
0.286750
0.286750
0.497331
0.497331
0.317327
0.317327
0.378740
0.378740
0.496776
0.496776
0.282990
0.282990
0.396894
0.396894
0.409747
0.409747
0.354980
0.354980
0.438644
0.438644
0.399861
0.399861
0.224211
0.224211
0.435371
0.435371
0.171766
0.171766
0.353864
0.353864
0.575480
0.575480
0.665377
0.665377
0.357317
0.357317
0.255137
0.255137
0.382195
0.382195
0.453492
0.453492
0.657993
0.657993
0.324594
0.324594
1.018130
1.018130
0.911907
0.911907
0.289078
0.289078
0.407415
0.407415
0.694521
0.694521
0.761312
0.761312
0.517741
0.517741
0.345494
0.345494
0.656482
0.656482
0.352784
0.352784
0.263562
0.263562
0.464556
0.464556
0.187280
0.187280
0.411674
0.411674
0.274540
0.274540
0.231971
0.231971
0.340404
0.340404
0.642056
0.642056
0.326310
0.326310
0.417815
0.417815
0.428347
0.428347
0.406058
0.406058
0.346230
0.346230
0.469281
0.469281
0.263477
0.263477
0.513162
0.513162
0.209026
0.209026
0.470914
0.470914
0.666743
0.666743
0.426442
0.426442
0.551980
0.551980
0.347033
0.347033
0.306416
0.306416
0.434118
0.434118
0.496895
0.496895
0.511094
0.511094
0.220726
0.220726
0.546650
0.546650
0.556125
0.556125
0.341948
0.341948
0.665809
0.665809
0.475975
0.475975
1.019867
1.019867
0.351365
0.351365
0.236600
0.236600
0.654992
0.654992
0.300652
0.300652
0.338741
0.338741
0.541786
0.541786
0.550437
0.550437
0.344570
0.344570
0.254670
0.254670
0.675213
0.675213
0.465458
0.465458
0.386180
0.386180
0.300279
0.300279
0.511472
0.511472
0.242611
0.242611
0.814548
0.814548
0.627459
0.627459
0.343509
0.343509
0.468382
0.468382
0.396480
0.396480
0.294906
0.294906
0.482510
0.482510
0.595971
0.595971
0.459888
0.459888
0.469233
0.469233
0.379145
0.379145
0.743932
0.743932
0.251596
0.251596
0.622768
0.622768
0.901676
0.901676
0.244826
0.244826
0.259714
0.259714
0.545529
0.545529
0.494293
0.494293
0.335703
0.335703
0.543604
0.543604
0.293619
0.293619
0.575153
0.575153
0.414455
0.414455
0.388456
0.388456
0.447611
0.447611
0.331815
0.331815
0.281035
0.281035
0.481120
0.481120
0.604887
0.604887
0.388317
0.388317
0.528385
0.528385
0.334800
0.334800
0.714393
0.714393
0.787876
0.787876
0.253677
0.253677
0.490296
0.490296
0.322826
0.322826
0.739583
0.739583
0.379992
0.379992
0.150116
0.150116
0.425298
0.425298
0.666418
0.666418
0.415275
0.415275
0.399416
0.399416
0.318417
0.318417
0.378095
0.378095
0.517384
0.517384
0.373231
0.373231
0.584173
0.584173
0.323042
0.323042
0.391090
0.391090
0.401885
0.401885
0.217981
0.217981
0.307684
0.307684
0.486440
0.486440
0.560988
0.560988
0.338790
0.338790
0.466602
0.466602
0.453837
0.453837
0.504770
0.504770
0.398936
0.398936
0.647521
0.647521
0.403845
0.403845
0.262705
0.262705
0.228527
0.228527
0.380942
0.380942
0.278653
0.278653
0.296172
0.296172
0.668991
0.668991
0.454156
0.454156
0.535796
0.535796
0.399496
0.399496
0.417808
0.417808
0.478654
0.478654
0.640414
0.640414
0.735508
0.735508
0.566616
0.566616
0.773479
0.773479
0.297296
0.297296
0.484544
0.484544
0.351430
0.351430
0.180811
0.180811
0.347735
0.347735
0.428295
0.428295
0.426536
0.426536
0.445864
0.445864
0.690516
0.690516
0.258258
0.258258
0.464707
0.464707
0.490723
0.490723
0.317216
0.317216
0.691054
0.691054
0.302062
0.302062
0.500805
0.500805
0.540642
0.540642
0.431066
0.431066
0.317850
0.317850
0.262693
0.262693
0.404674
0.404674
0.290244
0.290244
0.201613
0.201613
0.521427
0.521427
0.384557
0.384557
0.359104
0.359104
0.421573
0.421573
0.366554
0.366554
0.320938
0.320938
0.457026
0.457026
0.330021
0.330021
0.384481
0.384481
0.322888
0.322888
0.230651
0.230651
0.331392
0.331392
0.654716
0.654716
0.304457
0.304457
0.440465
0.440465
0.581128
0.581128
0.731735
0.731735
0.751716
0.751716
0.364478
0.364478
0.450528
0.450528
0.277366
0.277366
0.355449
0.355449
0.612425
0.612425
0.562104
0.562104
0.372558
0.372558
0.374832
0.374832
0.635676
0.635676
0.446941
0.446941
0.342175
0.342175
0.558905
0.558905
0.702986
0.702986
0.277526
0.277526
0.331474
0.331474
0.224648
0.224648
0.368578
0.368578
0.392545
0.392545
0.521192
0.521192
0.311759
0.311759
0.236706
0.236706
0.279300
0.279300
0.689225
0.689225
0.485779
0.485779
0.413147
0.413147
0.401208
0.401208
0.408551
0.408551
0.413370
0.413370
0.342817
0.342817
0.323096
0.323096
0.579762
0.579762
0.778394
0.778394
0.410207
0.410207
0.316292
0.316292
0.243132
0.243132
0.434990
0.434990
0.445349
0.445349
0.237158
0.237158
0.876042
0.876042
0.700392
0.700392
0.328334
0.328334
0.463275
0.463275
0.304005
0.304005
0.307756
0.307756
0.436794
0.436794
0.446289
0.446289
0.305684
0.305684
0.428087
0.428087
0.442204
0.442204
0.603618
0.603618
0.474782
0.474782
0.482553
0.482553
0.452692
0.452692
0.338200
0.338200
0.340018
0.340018
0.451898
0.451898
0.498402
0.498402
0.244128
0.244128
0.507215
0.507215
0.502149
0.502149
0.509027
0.509027
0.463574
0.463574
0.364978
0.364978
0.240829
0.240829
0.550691
0.550691
0.408440
0.408440
0.492909
0.492909
0.339294
0.339294
0.269417
0.269417
0.563807
0.563807
0.407761
0.407761
0.134214
0.134214
0.393576
0.393576
0.393831
0.393831
0.445136
0.445136
0.440877
0.440877
0.319770
0.319770
0.342483
0.342483
0.598992
0.598992
0.479812
0.479812
0.504773
0.504773
0.516481
0.516481
0.835747
0.835747
0.540933
0.540933
0.323347
0.323347
0.322485
0.322485
0.367234
0.367234
0.187980
0.187980
0.268718
0.268718
0.613672
0.613672
0.496355
0.496355
0.451942
0.451942
0.464379
0.464379
0.282728
0.282728
0.494884
0.494884
0.311427
0.311427
0.481488
0.481488
0.496925
0.496925
0.464288
0.464288
0.521696
0.521696
0.372984
0.372984
0.627727
0.627727
0.264387
0.264387
0.310630
0.310630
0.436798
0.436798
0.406207
0.406207
0.252969
0.252969
0.498755
0.498755
0.615986
0.615986
0.379560
0.379560
0.676579
0.676579
0.389853
0.389853
0.361929
0.361929
0.279062
0.279062
0.412527
0.412527
0.379018
0.379018
0.649356
0.649356
0.598413
0.598413
0.392698
0.392698
0.247075
0.247075
0.489466
0.489466
0.466066
0.466066
0.339459
0.339459
0.371600
0.371600
0.322943
0.322943
0.480523
0.480523
0.445473
0.445473
0.476860
0.476860
0.418811
0.418811
0.467171
0.467171
0.303012
0.303012
0.375805
0.375805
0.550106
0.550106
0.286520
0.286520
0.223915
0.223915
0.371224
0.371224
0.286936
0.286936
0.273842
0.273842
0.456640
0.456640
0.658967
0.658967
0.754124
0.754124
0.469583
0.469583
0.492428
0.492428
0.314175
0.314175
0.304459
0.304459
0.446069
0.446069
0.216857
0.216857
0.285376
0.285376
0.334746
0.334746
0.419317
0.419317
0.935404
0.935404
0.475087
0.475087
0.324501
0.324501
1.104115
1.104115
0.579367
0.579367
0.306675
0.306675
0.239077
0.239077
0.271884
0.271884
0.559389
0.559389
0.597138
0.597138
0.283677
0.283677
0.607845
0.607845
0.390512
0.390512
0.624237
0.624237
0.554392
0.554392
0.486247
0.486247
0.424055
0.424055
0.294376
0.294376
0.349663
0.349663
0.589176
0.589176
0.313127
0.313127
0.384937
0.384937
0.622090
0.622090
0.381617
0.381617
0.791071
0.791071
0.477823
0.477823
0.274164
0.274164
0.582312
0.582312
0.448323
0.448323
0.425570
0.425570
0.504643
0.504643
0.487727
0.487727
0.408389
0.408389
0.408456
0.408456
0.228141
0.228141
0.467318
0.467318
0.237429
0.237429
0.436706
0.436706
0.330531
0.330531
0.364359
0.364359
0.437030
0.437030
0.643764
0.643764
0.368273
0.368273
0.372102
0.372102
0.454323
0.454323
0.305297
0.305297
0.269987
0.269987
0.411127
0.411127
0.333941
0.333941
0.139057
0.139057
0.920660
0.920660
0.612196
0.612196
0.215456
0.215456
0.371476
0.371476
0.468184
0.468184
0.360266
0.360266
0.390960
0.390960
0.313902
0.313902
0.185863
0.185863
0.499415
0.499415
0.563198
0.563198
0.439291
0.439291
0.885958
0.885958
0.307973
0.307973
0.463183
0.463183
0.410915
0.410915
0.237890
0.237890
0.534456
0.534456
0.371392
0.371392
0.253319
0.253319
0.244012
0.244012
0.762779
0.762779
0.474422
0.474422
0.574175
0.574175
0.592489
0.592489
0.707309
0.707309
0.435383
0.435383
0.499820
0.499820
0.223970
0.223970
0.393764
0.393764
0.310931
0.310931
0.584044
0.584044
0.365061
0.365061
0.339463
0.339463
0.348720
0.348720
0.540987
0.540987
0.600200
0.600200
0.511576
0.511576
0.238534
0.238534
0.378540
0.378540
0.296770
0.296770
0.163790
0.163790
0.416163
0.416163
0.286472
0.286472
0.210653
0.210653
0.465662
0.465662
0.189148
0.189148
0.565083
0.565083
0.777631
0.777631
0.506732
0.506732
0.577064
0.577064
0.310440
0.310440
0.380293
0.380293
0.707324
0.707324
0.304772
0.304772
0.646470
0.646470
0.555149
0.555149
0.468232
0.468232
0.472710
0.472710
0.292323
0.292323
0.392808
0.392808
0.465161
0.465161
0.374822
0.374822
0.649828
0.649828
0.316638
0.316638
0.365397
0.365397
0.578827
0.578827
0.365867
0.365867
0.358961
0.358961
0.493929
0.493929
0.345826
0.345826
0.715773
0.715773
0.323490
0.323490
0.311872
0.311872
0.296459
0.296459
0.334239
0.334239
0.426628
0.426628
0.229297
0.229297
0.276036
0.276036
0.615871
0.615871
0.374418
0.374418
0.287216
0.287216
0.329095
0.329095
0.445465
0.445465
0.747703
0.747703
0.545570
0.545570
0.433245
0.433245
0.785651
0.785651
0.442715
0.442715
0.239243
0.239243
0.600285
0.600285
0.419859
0.419859
0.289289
0.289289
0.590365
0.590365
0.305160
0.305160
0.230694
0.230694
0.360646
0.360646
0.342828
0.342828
0.390501
0.390501
0.429834
0.429834
0.440486
0.440486
0.311378
0.311378
0.512168
0.512168
0.215896
0.215896
0.379631
0.379631
0.562826
0.562826
0.422207
0.422207
0.399539
0.399539
0.486524
0.486524
0.460626
0.460626
0.225232
0.225232
0.323083
0.323083
0.268767
0.268767
0.235174
0.235174
0.360210
0.360210
0.365017
0.365017
0.546387
0.546387
0.709736
0.709736
0.367904
0.367904
0.361715
0.361715
0.530216
0.530216
0.760923
0.760923
0.889002
0.889002
0.475021
0.475021
0.375583
0.375583
0.274584
0.274584
0.228902
0.228902
0.272899
0.272899
0.730871
0.730871
0.470215
0.470215
0.527366
0.527366
0.437367
0.437367
0.579748
0.579748
0.574737
0.574737
0.318119
0.318119
0.497674
0.497674
0.477391
0.477391
0.747144
0.747144
0.369581
0.369581
0.469416
0.469416
0.426955
0.426955
0.524021
0.524021
0.762244
0.762244
0.263175
0.263175
0.449513
0.449513
0.367967
0.367967
0.354164
0.354164
0.623883
0.623883
0.441272
0.441272
0.224142
0.224142
0.313737
0.313737
0.455858
0.455858
0.319723
0.319723
0.412385
0.412385
0.153152
0.153152
0.308661
0.308661
0.464046
0.464046
0.248227
0.248227
0.419677
0.419677
0.266716
0.266716
0.289280
0.289280
0.445025
0.445025
0.394466
0.394466
0.354214
0.354214
0.406721
0.406721
0.656670
0.656670
0.380066
0.380066
0.451007
0.451007
0.253377
0.253377
0.513800
0.513800
0.388479
0.388479
0.473175
0.473175
0.328501
0.328501
0.720771
0.720771
0.221274
0.221274
0.407452
0.407452
0.419730
0.419730
0.376608
0.376608
0.280275
0.280275
0.635659
0.635659
0.221849
0.221849
0.299799
0.299799
0.443445
0.443445
0.407990
0.407990
0.641319
0.641319
0.927808
0.927808
1.120998
1.120998
0.554204
0.554204
0.389087
0.389087
0.268535
0.268535
0.239300
0.239300
0.345826
0.345826
0.338838
0.338838
0.242427
0.242427
0.307160
0.307160
0.448555
0.448555
0.403026
0.403026
0.268000
0.268000
0.440367
0.440367
0.328949
0.328949
0.446095
0.446095
0.588355
0.588355
0.303405
0.303405
0.263269
0.263269
0.590478
0.590478
0.455788
0.455788
0.636041
0.636041
0.709512
0.709512
0.580658
0.580658
0.390669
0.390669
0.397601
0.397601
0.542454
0.542454
0.317352
0.317352
0.662160
0.662160
0.469990
0.469990
0.312689
0.312689
0.466529
0.466529
0.508177
0.508177
0.377904
0.377904
0.461917
0.461917
0.351908
0.351908
0.215813
0.215813
0.436563
0.436563
0.394658
0.394658
0.358268
0.358268
0.254717
0.254717
0.397618
0.397618
0.752013
0.752013
0.366675
0.366675
0.196732
0.196732
0.394500
0.394500
0.596504
0.596504
0.362449
0.362449
0.469161
0.469161
0.256675
0.256675
0.403270
0.403270
0.277236
0.277236
0.668069
0.668069
0.266687
0.266687
0.362416
0.362416
0.471429
0.471429
0.302666
0.302666
0.428552
0.428552
0.431787
0.431787
0.244215
0.244215
0.356156
0.356156
0.624188
0.624188
0.401047
0.401047
0.585005
0.585005
0.577841
0.577841
0.296540
0.296540
0.242631
0.242631
0.791503
0.791503
0.421241
0.421241
0.343816
0.343816
0.385300
0.385300
0.188764
0.188764
0.260343
0.260343
0.216378
0.216378
0.339381
0.339381
0.490354
0.490354
0.293263
0.293263
0.446176
0.446176
0.391708
0.391708
0.377628
0.377628
0.719268
0.719268
0.365317
0.365317
0.355993
0.355993
0.332866
0.332866
0.791555
0.791555
0.529039
0.529039
0.388565
0.388565
0.283554
0.283554
0.394454
0.394454
0.741187
0.741187
0.709995
0.709995
0.181462
0.181462
0.271070
0.271070
0.227607
0.227607
0.487341
0.487341
0.539843
0.539843
0.355251
0.355251
0.502545
0.502545
0.364777
0.364777
0.552714
0.552714
0.523423
0.523423
0.390882
0.390882
0.296616
0.296616
0.238669
0.238669
0.237056
0.237056
0.451039
0.451039
0.380430
0.380430
0.672232
0.672232
0.306428
0.306428
0.458329
0.458329
0.456131
0.456131
0.379712
0.379712
0.493015
0.493015
0.450541
0.450541
0.274753
0.274753
0.330996
0.330996
0.305370
0.305370
0.626082
0.626082
0.317891
0.317891
0.450466
0.450466
0.269960
0.269960
0.685237
0.685237
0.265441
0.265441
0.719852
0.719852
0.240048
0.240048
0.336730
0.336730
0.909130
0.909130
0.473708
0.473708
0.381317
0.381317
0.509303
0.509303
0.657028
0.657028
0.285399
0.285399
0.262342
0.262342
0.613647
0.613647
0.606939
0.606939
0.573588
0.573588
0.511328
0.511328
0.411347
0.411347
0.616997
0.616997
0.397848
0.397848
0.586168
0.586168
0.477017
0.477017
0.353450
0.353450
0.173557
0.173557
0.376337
0.376337
0.624692
0.624692
0.593715
0.593715
0.650719
0.650719
0.457373
0.457373
0.378568
0.378568
0.264616
0.264616
0.153707
0.153707
0.334067
0.334067
0.369338
0.369338
0.653967
0.653967
0.509639
0.509639
0.555225
0.555225
0.311991
0.311991
0.219866
0.219866
0.573424
0.573424
0.386564
0.386564
0.393820
0.393820
0.414149
0.414149
0.466768
0.466768
0.477576
0.477576
0.518581
0.518581
0.567254
0.567254
0.443141
0.443141
0.201128
0.201128
0.420191
0.420191
0.361257
0.361257
0.736044
0.736044
0.406627
0.406627
0.555325
0.555325
0.533251
0.533251
0.499038
0.499038
0.456095
0.456095
0.308351
0.308351
0.683783
0.683783
0.458042
0.458042
0.454989
0.454989
0.388935
0.388935
0.512143
0.512143
0.576480
0.576480
0.193313
0.193313
0.484076
0.484076
0.501031
0.501031
0.276763
0.276763
0.607813
0.607813
0.486161
0.486161
0.487527
0.487527
0.292411
0.292411
0.442900
0.442900
0.228532
0.228532
0.342297
0.342297
0.241684
0.241684
0.130730
0.130730
0.489947
0.489947
0.334348
0.334348
0.222390
0.222390
0.419935
0.419935
0.715236
0.715236
0.525512
0.525512
0.578040
0.578040
0.513332
0.513332
0.521386
0.521386
0.433409
0.433409
0.432892
0.432892
0.402062
0.402062
0.196964
0.196964
0.516355
0.516355
0.520757
0.520757
0.574179
0.574179
0.298256
0.298256
0.744374
0.744374
0.345492
0.345492
0.413913
0.413913
0.531307
0.531307
0.325059
0.325059
0.379419
0.379419
0.325963
0.325963
0.240712
0.240712
0.268264
0.268264
0.342204
0.342204
0.394142
0.394142
0.610942
0.610942
0.195761
0.195761
0.445873
0.445873
0.367809
0.367809
0.656210
0.656210
0.404513
0.404513
0.767264
0.767264
0.428798
0.428798
0.303510
0.303510
0.227368
0.227368
0.396750
0.396750
0.411890
0.411890
0.750485
0.750485
0.561934
0.561934
0.252814
0.252814
0.484789
0.484789
0.176964
0.176964
0.352508
0.352508
0.462332
0.462332
0.337428
0.337428
0.332898
0.332898
0.320840
0.320840
0.362586
0.362586
0.499852
0.499852
0.357179
0.357179
0.599230
0.599230
0.446653
0.446653
0.567890
0.567890
0.390932
0.390932
0.290853
0.290853
0.479976
0.479976
0.206316
0.206316
0.490970
0.490970
0.413903
0.413903
0.529647
0.529647
0.441974
0.441974
0.387473
0.387473
0.474348
0.474348
0.380982
0.380982
0.608264
0.608264
0.318352
0.318352
0.274495
0.274495
0.174169
0.174169
0.391412
0.391412
0.326034
0.326034
0.321644
0.321644
0.346199
0.346199
0.661955
0.661955
0.607591
0.607591
0.288819
0.288819
0.492454
0.492454
0.393440
0.393440
0.540699
0.540699
0.466539
0.466539
0.280992
0.280992
0.321831
0.321831
0.438774
0.438774
0.496988
0.496988
0.467497
0.467497
0.390305
0.390305
0.490185
0.490185
0.196579
0.196579
0.341247
0.341247
0.334437
0.334437
0.391768
0.391768
0.471393
0.471393
0.235637
0.235637
0.317726
0.317726
0.294038
0.294038
0.493314
0.493314
0.655155
0.655155
0.265656
0.265656
0.374043
0.374043
0.308354
0.308354
0.220233
0.220233
0.492195
0.492195
0.457541
0.457541
0.282865
0.282865
0.804888
0.804888
0.492953
0.492953
0.449191
0.449191
0.553107
0.553107
0.356265
0.356265
0.229525
0.229525
0.396070
0.396070
0.521615
0.521615
0.336837
0.336837
0.675531
0.675531
0.495739
0.495739
0.315520
0.315520
0.252027
0.252027
0.327107
0.327107
0.399606
0.399606
0.460328
0.460328
0.307173
0.307173
0.462777
0.462777
0.694559
0.694559
0.174096
0.174096
0.727752
0.727752
0.453289
0.453289
0.454272
0.454272
0.835519
0.835519
0.320772
0.320772
0.521646
0.521646
0.413392
0.413392
0.205835
0.205835
0.508699
0.508699
0.521887
0.521887
0.264523
0.264523
0.336998
0.336998
0.365139
0.365139
0.841964
0.841964
0.351972
0.351972
0.340284
0.340284
0.724237
0.724237
0.410676
0.410676
0.268431
0.268431
0.170295
0.170295
0.632115
0.632115
0.399149
0.399149
0.444628
0.444628
0.534782
0.534782
0.557355
0.557355
0.237559
0.237559
0.441986
0.441986
0.240387
0.240387
0.560939
0.560939
0.432615
0.432615
0.469251
0.469251
0.238850
0.238850
0.561552
0.561552
0.393184
0.393184
0.666546
0.666546
0.550979
0.550979
0.614929
0.614929
0.424831
0.424831
0.479737
0.479737
0.385723
0.385723
0.509532
0.509532
0.309729
0.309729
0.364682
0.364682
0.356272
0.356272
0.420639
0.420639
0.336411
0.336411
0.321164
0.321164
0.316990
0.316990
0.363389
0.363389
0.451634
0.451634
0.395405
0.395405
0.395286
0.395286
0.415277
0.415277
0.442591
0.442591
0.382013
0.382013
0.234952
0.234952
0.387071
0.387071
0.366224
0.366224
0.569676
0.569676
0.468434
0.468434
0.429608
0.429608
0.267221
0.267221
0.536111
0.536111
0.541277
0.541277
0.663331
0.663331
0.340971
0.340971
0.603472
0.603472
0.368653
0.368653
0.417534
0.417534
0.577515
0.577515
0.550909
0.550909
0.877997
0.877997
0.354524
0.354524
0.364967
0.364967
0.235953
0.235953
0.646062
0.646062
0.377797
0.377797
0.189001
0.189001
0.228460
0.228460
0.531276
0.531276
0.287964
0.287964
0.332647
0.332647
0.693474
0.693474
0.538820
0.538820
0.613614
0.613614
0.629256
0.629256
0.842198
0.842198
0.225472
0.225472
0.452870
0.452870
0.411828
0.411828
0.234722
0.234722
0.590317
0.590317
0.369651
0.369651
0.422164
0.422164
0.269814
0.269814
0.391312
0.391312
0.404866
0.404866
0.362057
0.362057
0.339304
0.339304
0.507529
0.507529
0.465865
0.465865
0.637646
0.637646
0.252618
0.252618
0.446380
0.446380
0.396326
0.396326
0.526371
0.526371
0.272249
0.272249
0.422551
0.422551
0.632383
0.632383
0.525504
0.525504
0.647443
0.647443
0.435531
0.435531
0.564808
0.564808
0.317950
0.317950
0.459839
0.459839
0.690462
0.690462
0.709123
0.709123
0.394517
0.394517
0.198112
0.198112
0.495799
0.495799
0.331932
0.331932
0.511370
0.511370
0.892647
0.892647
0.628220
0.628220
0.371717
0.371717
0.310017
0.310017
0.284821
0.284821
0.344885
0.344885
0.391321
0.391321
0.266144
0.266144
0.626361
0.626361
0.527510
0.527510
0.467282
0.467282
0.581852
0.581852
0.794403
0.794403
0.424846
0.424846
0.707272
0.707272
0.644092
0.644092
0.203885
0.203885
0.400759
0.400759
0.521612
0.521612
0.308802
0.308802
0.598473
0.598473
0.206273
0.206273
0.386213
0.386213
0.361961
0.361961
0.648164
0.648164
0.329526
0.329526
0.255457
0.255457
0.334783
0.334783
0.304180
0.304180
0.316722
0.316722
0.565150
0.565150
0.304309
0.304309
0.359358
0.359358
0.306867
0.306867
0.282480
0.282480
0.441476
0.441476
0.206328
0.206328
0.369936
0.369936
0.289732
0.289732
0.453766
0.453766
0.533999
0.533999
0.439580
0.439580
0.264859
0.264859
0.226865
0.226865
0.765216
0.765216
0.254168
0.254168
0.378674
0.378674
0.364906
0.364906
0.541642
0.541642
0.445982
0.445982
0.318112
0.318112
0.358706
0.358706
0.370854
0.370854
0.420044
0.420044
0.373270
0.373270
0.530604
0.530604
0.624453
0.624453
0.367955
0.367955
0.529879
0.529879
0.433115
0.433115
0.539287
0.539287
0.374387
0.374387
0.353193
0.353193
0.771704
0.771704
0.721224
0.721224
0.305994
0.305994
0.449686
0.449686
0.395083
0.395083
0.416367
0.416367
0.366293
0.366293
0.182746
0.182746
0.554618
0.554618
0.426148
0.426148
0.385472
0.385472
0.282230
0.282230
0.289253
0.289253
0.499956
0.499956
0.438866
0.438866
0.568480
0.568480
0.375739
0.375739
0.659580
0.659580
0.561504
0.561504
0.347116
0.347116
0.536770
0.536770
0.412934
0.412934
0.320211
0.320211
0.575526
0.575526
0.573457
0.573457
0.447059
0.447059
0.287731
0.287731
0.314613
0.314613
0.877487
0.877487
0.259772
0.259772
0.223645
0.223645
0.433372
0.433372
0.192241
0.192241
0.364995
0.364995
0.305258
0.305258
0.596677
0.596677
0.449413
0.449413
0.237772
0.237772
0.578899
0.578899
0.457909
0.457909
0.204362
0.204362
0.379927
0.379927
0.293253
0.293253
0.633186
0.633186
0.327818
0.327818
0.218976
0.218976
0.143873
0.143873
0.663686
0.663686
0.331377
0.331377
0.267121
0.267121
0.516732
0.516732
0.297187
0.297187
0.409632
0.409632
0.279670
0.279670
0.399752
0.399752
0.336643
0.336643
0.451495
0.451495
0.347793
0.347793
0.247006
0.247006
0.235184
0.235184
0.256892
0.256892
0.460226
0.460226
0.431113
0.431113
0.284682
0.284682
0.387154
0.387154
0.206114
0.206114
0.486973
0.486973
0.607458
0.607458
0.464553
0.464553
0.730561
0.730561
0.274421
0.274421
0.498939
0.498939
0.362953
0.362953
0.324009
0.324009
0.298467
0.298467
0.254020
0.254020
0.628032
0.628032
0.357807
0.357807
0.275059
0.275059
0.548729
0.548729
0.449710
0.449710
0.172298
0.172298
0.297899
0.297899
0.267166
0.267166
0.443810
0.443810
0.497140
0.497140
0.307847
0.307847
0.232109
0.232109
0.342817
0.342817
0.317652
0.317652
0.191952
0.191952
0.257341
0.257341
0.413418
0.413418
0.473433
0.473433
0.367979
0.367979
0.153867
0.153867
0.477583
0.477583
0.463669
0.463669
0.665369
0.665369
0.486899
0.486899
0.288229
0.288229
0.305915
0.305915
0.305284
0.305284
0.437239
0.437239
0.633175
0.633175
0.358353
0.358353
0.432669
0.432669
0.247561
0.247561
0.388406
0.388406
0.429074
0.429074
0.337258
0.337258
0.518547
0.518547
0.397004
0.397004
0.497212
0.497212
0.567691
0.567691
0.211635
0.211635
0.391263
0.391263
0.454072
0.454072
0.542998
0.542998
0.276949
0.276949
0.313567
0.313567
0.327249
0.327249
0.374817
0.374817
0.500122
0.500122
0.178474
0.178474
0.585209
0.585209
0.208949
0.208949
0.654499
0.654499
0.483355
0.483355
0.259796
0.259796
0.179207
0.179207
0.361964
0.361964
0.408294
0.408294
0.601038
0.601038
0.245293
0.245293
0.573554
0.573554
0.252181
0.252181
0.466324
0.466324
0.531491
0.531491
0.464349
0.464349
0.335172
0.335172
0.418518
0.418518
0.493954
0.493954
0.405952
0.405952
0.278785
0.278785
0.409968
0.409968
0.351453
0.351453
0.790482
0.790482
0.679017
0.679017
0.411241
0.411241
0.550890
0.550890
0.463490
0.463490
0.512601
0.512601
0.432091
0.432091
0.339682
0.339682
0.390203
0.390203
0.433413
0.433413
0.488977
0.488977
0.706617
0.706617
0.342019
0.342019
0.727610
0.727610
0.330759
0.330759
0.517065
0.517065
0.316665
0.316665
0.328731
0.328731
0.464949
0.464949
0.945413
0.945413
0.257096
0.257096
0.753528
0.753528
0.384014
0.384014
0.519242
0.519242
0.489759
0.489759
0.428097
0.428097
0.306330
0.306330
0.290468
0.290468
0.405099
0.405099
0.265834
0.265834
0.638775
0.638775
0.669673
0.669673
0.793009
0.793009
0.466774
0.466774
0.308592
0.308592
0.368606
0.368606
0.396222
0.396222
0.606999
0.606999
0.699031
0.699031
0.501135
0.501135
0.674094
0.674094
0.561287
0.561287
0.403883
0.403883
0.510971
0.510971
0.467609
0.467609
0.408646
0.408646
0.464454
0.464454
0.445340
0.445340
0.370933
0.370933
0.407026
0.407026
0.495743
0.495743
0.418615
0.418615
0.389975
0.389975
0.408438
0.408438
0.571351
0.571351
0.351065
0.351065
0.417228
0.417228
0.643461
0.643461
0.483498
0.483498
0.479111
0.479111
0.637421
0.637421
0.625610
0.625610
0.339175
0.339175
0.603651
0.603651
0.636164
0.636164
0.200717
0.200717
0.194081
0.194081
0.459481
0.459481
0.740646
0.740646
0.419388
0.419388
0.412528
0.412528
0.414212
0.414212
0.394038
0.394038
0.340853
0.340853
0.544282
0.544282
0.583012
0.583012
0.232356
0.232356
0.153157
0.153157
0.381707
0.381707
0.313880
0.313880
0.328854
0.328854
0.517069
0.517069
0.359059
0.359059
0.400255
0.400255
0.551601
0.551601
0.363274
0.363274
0.600451
0.600451
0.424067
0.424067
0.752783
0.752783
0.374973
0.374973
0.432744
0.432744
0.814322
0.814322
0.412122
0.412122
0.356914
0.356914
0.263960
0.263960
0.405012
0.405012
0.514586
0.514586
0.712119
0.712119
0.321448
0.321448
0.314035
0.314035
0.152314
0.152314
0.429769
0.429769
0.326928
0.326928
0.297493
0.297493
0.545138
0.545138
0.386455
0.386455
0.492017
0.492017
0.408839
0.408839
0.511649
0.511649
0.293578
0.293578
0.419629
0.419629
0.543206
0.543206
0.219839
0.219839
0.302127
0.302127
0.357258
0.357258
0.508577
0.508577
0.308306
0.308306
0.399131
0.399131
0.253990
0.253990
0.337513
0.337513
0.345007
0.345007
0.458446
0.458446
0.359702
0.359702
0.264830
0.264830
0.332146
0.332146
0.264307
0.264307
0.566453
0.566453
0.198452
0.198452
0.483360
0.483360
0.239555
0.239555
0.520638
0.520638
0.376258
0.376258
0.569479
0.569479
0.317012
0.317012
0.316985
0.316985
0.545114
0.545114
0.446000
0.446000
0.481290
0.481290
0.644528
0.644528
0.604361
0.604361
0.375179
0.375179
0.287021
0.287021
0.635733
0.635733
0.245538
0.245538
0.200761
0.200761
0.713745
0.713745
0.424161
0.424161
0.179018
0.179018
0.301006
0.301006
0.294268
0.294268
0.399389
0.399389
0.267195
0.267195
0.428200
0.428200
0.407092
0.407092
0.243060
0.243060
0.237668
0.237668
0.538628
0.538628
0.200318
0.200318
0.431917
0.431917
0.304794
0.304794
0.547557
0.547557
0.398317
0.398317
0.811867
0.811867
0.438557
0.438557
0.280688
0.280688
0.561427
0.561427
0.509746
0.509746
0.514285
0.514285
0.592457
0.592457
0.384676
0.384676
0.262651
0.262651
0.646680
0.646680
0.594417
0.594417
0.546106
0.546106
0.318125
0.318125
0.727517
0.727517
0.253568
0.253568
0.463229
0.463229
0.242474
0.242474
0.406237
0.406237
0.715450
0.715450
0.268597
0.268597
0.266655
0.266655
0.993674
0.993674
0.508227
0.508227
0.522959
0.522959
0.696063
0.696063
0.340986
0.340986
0.677811
0.677811
0.412962
0.412962
0.563979
0.563979
0.477362
0.477362
0.438839
0.438839
0.494968
0.494968
0.499313
0.499313
0.334733
0.334733
0.371628
0.371628
0.389520
0.389520
0.302330
0.302330
0.573452
0.573452
0.415125
0.415125
0.419987
0.419987
0.289206
0.289206
0.185290
0.185290
0.497774
0.497774
0.571205
0.571205
0.424715
0.424715
0.452038
0.452038
0.245698
0.245698
0.254606
0.254606
0.322572
0.322572
0.357244
0.357244
0.299812
0.299812
0.349590
0.349590
0.527271
0.527271
0.336298
0.336298
0.184845
0.184845
0.550375
0.550375
0.269812
0.269812
0.319296
0.319296
0.303485
0.303485
0.344253
0.344253
0.461151
0.461151
0.430819
0.430819
0.607829
0.607829
0.536938
0.536938
0.341625
0.341625
0.350270
0.350270
0.335853
0.335853
0.508522
0.508522
0.511803
0.511803
0.420881
0.420881
0.311734
0.311734
0.413149
0.413149
0.557715
0.557715
0.314966
0.314966
0.936601
0.936601
0.725735
0.725735
0.722208
0.722208
0.612699
0.612699
0.235880
0.235880
0.755322
0.755322
0.612735
0.612735
0.494051
0.494051
0.282348
0.282348
0.339074
0.339074
0.402642
0.402642
0.290329
0.290329
0.439246
0.439246
0.264884
0.264884
0.325504
0.325504
0.908245
0.908245
0.398073
0.398073
0.369867
0.369867
0.421123
0.421123
0.424970
0.424970
0.269386
0.269386
0.507133
0.507133
0.562020
0.562020
0.636999
0.636999
0.252701
0.252701
0.428297
0.428297
0.322091
0.322091
0.408078
0.408078
0.416400
0.416400
0.300198
0.300198
0.386256
0.386256
0.438477
0.438477
0.469539
0.469539
0.357599
0.357599
0.351438
0.351438
0.439271
0.439271
0.391558
0.391558
0.250894
0.250894
0.345945
0.345945
0.291730
0.291730
0.250628
0.250628
0.340062
0.340062
0.392138
0.392138
0.354305
0.354305
0.438318
0.438318
0.282367
0.282367
0.405291
0.405291
0.466827
0.466827
0.311916
0.311916
0.538730
0.538730
0.405515
0.405515
0.246417
0.246417
0.535704
0.535704
0.382681
0.382681
0.433196
0.433196
0.536369
0.536369
0.945910
0.945910
0.729639
0.729639
0.258227
0.258227
0.461464
0.461464
0.364396
0.364396
0.475685
0.475685
0.473786
0.473786
0.347818
0.347818
0.529305
0.529305
0.833150
0.833150
0.385375
0.385375
0.419318
0.419318
0.400214
0.400214
0.630231
0.630231
0.382692
0.382692
0.371610
0.371610
0.477390
0.477390
0.323847
0.323847
0.479320
0.479320
0.313866
0.313866
0.295982
0.295982
0.327219
0.327219
0.441128
0.441128
0.406958
0.406958
0.343682
0.343682
0.739572
0.739572
0.256756
0.256756
0.326192
0.326192
0.432170
0.432170
0.345643
0.345643
0.356597
0.356597
0.226145
0.226145
0.345667
0.345667
0.222018
0.222018
0.376926
0.376926
0.520444
0.520444
0.418054
0.418054
0.626666
0.626666
0.607149
0.607149
0.314803
0.314803
0.396476
0.396476
0.368204
0.368204
0.359783
0.359783
0.446624
0.446624
0.459605
0.459605
0.353581
0.353581
0.651479
0.651479
0.308730
0.308730
0.366554
0.366554
0.538924
0.538924
0.215698
0.215698
0.265550
0.265550
0.274867
0.274867
0.505235
0.505235
0.509126
0.509126
0.315211
0.315211
0.398793
0.398793
0.340677
0.340677
0.397057
0.397057
0.417554
0.417554
0.707251
0.707251
0.401983
0.401983
0.503435
0.503435
0.509550
0.509550
0.380250
0.380250
0.443273
0.443273
0.494863
0.494863
0.603735
0.603735
0.520435
0.520435
0.450357
0.450357
0.344132
0.344132
0.312729
0.312729
0.418492
0.418492
0.504657
0.504657
0.357762
0.357762
0.421793
0.421793
0.511809
0.511809
0.530661
0.530661
0.281989
0.281989
0.276061
0.276061
0.501075
0.501075
0.403621
0.403621
0.523030
0.523030
0.516649
0.516649
0.312092
0.312092
0.423700
0.423700
0.659780
0.659780
0.463521
0.463521
0.294039
0.294039
0.278654
0.278654
0.366843
0.366843
0.477671
0.477671
0.257939
0.257939
0.527205
0.527205
0.414658
0.414658
0.268008
0.268008
0.242802
0.242802
0.461698
0.461698
0.431360
0.431360
0.595672
0.595672
0.195275
0.195275
0.311571
0.311571
0.408267
0.408267
0.228689
0.228689
0.379147
0.379147
0.517719
0.517719
0.294329
0.294329
0.452658
0.452658
0.352208
0.352208
0.262253
0.262253
0.483064
0.483064
0.456127
0.456127
0.159108
0.159108
0.573470
0.573470
0.852886
0.852886
0.435443
0.435443
0.223171
0.223171
0.612223
0.612223
0.689528
0.689528
0.392455
0.392455
0.380131
0.380131
0.561671
0.561671
0.269043
0.269043
0.395091
0.395091
0.332798
0.332798
0.587220
0.587220
0.357078
0.357078
0.189694
0.189694
0.489775
0.489775
0.549004
0.549004
0.349508
0.349508
0.254486
0.254486
0.661369
0.661369
0.213332
0.213332
0.765775
0.765775
0.556044
0.556044
0.691376
0.691376
0.363998
0.363998
0.220360
0.220360
0.997025
0.997025
0.182537
0.182537
0.655766
0.655766
0.467136
0.467136
0.476948
0.476948
0.736209
0.736209
0.589590
0.589590
0.238800
0.238800
0.394353
0.394353
0.484528
0.484528
0.599273
0.599273
0.392126
0.392126
0.455282
0.455282
0.323403
0.323403
0.300393
0.300393
0.523741
0.523741
0.217867
0.217867
0.446112
0.446112
0.595635
0.595635
0.447250
0.447250
0.414011
0.414011
0.341503
0.341503
0.460209
0.460209
0.372263
0.372263
0.375011
0.375011
0.464068
0.464068
0.368747
0.368747
0.356023
0.356023
0.498476
0.498476
0.344183
0.344183
0.431763
0.431763
0.448885
0.448885
0.455918
0.455918
0.338027
0.338027
0.251634
0.251634
0.250917
0.250917
0.311205
0.311205
0.324610
0.324610
0.373802
0.373802
0.739476
0.739476
0.700705
0.700705
0.385827
0.385827
0.877195
0.877195
0.205288
0.205288
0.433083
0.433083
0.222937
0.222937
0.342989
0.342989
1.307155
1.307155
0.439883
0.439883
0.442545
0.442545
0.389526
0.389526
0.443837
0.443837
0.302789
0.302789
0.208182
0.208182
0.598935
0.598935
0.310393
0.310393
0.608590
0.608590
0.361715
0.361715
0.304297
0.304297
0.454052
0.454052
0.481543
0.481543
0.320224
0.320224
0.326103
0.326103
0.488343
0.488343
0.409573
0.409573
0.222915
0.222915
0.366192
0.366192
0.330844
0.330844
0.384658
0.384658
0.380487
0.380487
0.363611
0.363611
0.162755
0.162755
0.369963
0.369963
0.361194
0.361194
0.346712
0.346712
0.257208
0.257208
0.265786
0.265786
0.462580
0.462580
0.542284
0.542284
0.445817
0.445817
0.375293
0.375293
0.545635
0.545635
0.198369
0.198369
0.396375
0.396375
0.271629
0.271629
0.308763
0.308763
0.356877
0.356877
0.289699
0.289699
0.309654
0.309654
0.435089
0.435089
0.549680
0.549680
0.588323
0.588323
0.482429
0.482429
0.561968
0.561968
0.594291
0.594291
0.525514
0.525514
0.322586
0.322586
0.679776
0.679776
0.423641
0.423641
0.469142
0.469142
0.264399
0.264399
0.343816
0.343816
0.569077
0.569077
0.327079
0.327079
0.224377
0.224377
0.354277
0.354277
0.460313
0.460313
0.741581
0.741581
0.701233
0.701233
0.498519
0.498519
0.523562
0.523562
0.431195
0.431195
0.604358
0.604358
0.567318
0.567318
0.450297
0.450297
0.455820
0.455820
0.539747
0.539747
0.243252
0.243252
0.305173
0.305173
0.350636
0.350636
0.575593
0.575593
0.357108
0.357108
0.477639
0.477639
0.379109
0.379109
0.232470
0.232470
0.342280
0.342280
0.594644
0.594644
0.484619
0.484619
0.271230
0.271230
0.454968
0.454968
0.576156
0.576156
0.399007
0.399007
0.292293
0.292293
0.592006
0.592006
0.235619
0.235619
0.544278
0.544278
0.297075
0.297075
0.316096
0.316096
0.594591
0.594591
0.232775
0.232775
0.382867
0.382867
0.307615
0.307615
0.526589
0.526589
0.613294
0.613294
0.298742
0.298742
0.249520
0.249520
0.187860
0.187860
0.583752
0.583752
0.436675
0.436675
0.848914
0.848914
0.181061
0.181061
0.284003
0.284003
0.962884
0.962884
0.414729
0.414729
0.656129
0.656129
0.272657
0.272657
0.410471
0.410471
0.231781
0.231781
0.302945
0.302945
0.261526
0.261526
0.478118
0.478118
0.467823
0.467823
0.390641
0.390641
0.489417
0.489417
0.184016
0.184016
0.371136
0.371136
0.221125
0.221125
0.397243
0.397243
0.592338
0.592338
0.218220
0.218220
0.534471
0.534471
0.395417
0.395417
0.335058
0.335058
0.319519
0.319519
0.464497
0.464497
0.301215
0.301215
0.315679
0.315679
0.480182
0.480182
0.257664
0.257664
0.281159
0.281159
0.321390
0.321390
0.460965
0.460965
0.448822
0.448822
0.216406
0.216406
0.414359
0.414359
0.249538
0.249538
0.500590
0.500590
0.244828
0.244828
0.369577
0.369577
0.401029
0.401029
0.479801
0.479801
0.417235
0.417235
0.156116
0.156116
0.563886
0.563886
0.347496
0.347496
0.224475
0.224475
0.549951
0.549951
0.332750
0.332750
0.560842
0.560842
0.290357
0.290357
0.571423
0.571423
0.306505
0.306505
0.382087
0.382087
0.200504
0.200504
0.678797
0.678797
0.363113
0.363113
0.425005
0.425005
0.569984
0.569984
0.356080
0.356080
0.625642
0.625642
0.936787
0.936787
0.426409
0.426409
0.702462
0.702462
0.632578
0.632578
0.363428
0.363428
0.433972
0.433972
0.629139
0.629139
0.784111
0.784111
0.335066
0.335066
0.279416
0.279416
0.728639
0.728639
0.719834
0.719834
0.243249
0.243249
0.326253
0.326253
0.330258
0.330258
0.357059
0.357059
0.139763
0.139763
0.565368
0.565368
0.328240
0.328240
0.554556
0.554556
0.460850
0.460850
0.287773
0.287773
0.178741
0.178741
0.474884
0.474884
0.354047
0.354047
0.317579
0.317579
0.860340
0.860340
0.536066
0.536066
0.428774
0.428774
0.705323
0.705323
0.390903
0.390903
0.366745
0.366745
0.563532
0.563532
0.378470
0.378470
0.311654
0.311654
0.319219
0.319219
0.253043
0.253043
0.473020
0.473020
0.311808
0.311808
0.702967
0.702967
0.390845
0.390845
0.359870
0.359870
0.769724
0.769724
0.317913
0.317913
0.343240
0.343240
0.819578
0.819578
0.282160
0.282160
0.603476
0.603476
0.824793
0.824793
0.270683
0.270683
0.670270
0.670270
0.342141
0.342141
0.371447
0.371447
0.689104
0.689104
0.548953
0.548953
0.369451
0.369451
0.194279
0.194279
0.236774
0.236774
0.361268
0.361268
0.541010
0.541010
0.446556
0.446556
0.531494
0.531494
0.301594
0.301594
0.245231
0.245231
0.470674
0.470674
0.281845
0.281845
0.520748
0.520748
0.284255
0.284255
0.250779
0.250779
0.534154
0.534154
0.481811
0.481811
0.320153
0.320153
0.450982
0.450982
0.334818
0.334818
0.253198
0.253198
0.424972
0.424972
0.382794
0.382794
0.543653
0.543653
0.419701
0.419701
0.482169
0.482169
0.413597
0.413597
0.405892
0.405892
0.574298
0.574298
0.223584
0.223584
0.245722
0.245722
0.587406
0.587406
0.646891
0.646891
0.286109
0.286109
0.326412
0.326412
0.226592
0.226592
0.371102
0.371102
0.456314
0.456314
0.587121
0.587121
0.503699
0.503699
0.504251
0.504251
0.286995
0.286995
0.272743
0.272743
0.581574
0.581574
0.285584
0.285584
0.359891
0.359891
0.331670
0.331670
0.403876
0.403876
0.310574
0.310574
0.210433
0.210433
0.206607
0.206607
0.822631
0.822631
0.245894
0.245894
0.383804
0.383804
0.224174
0.224174
0.393673
0.393673
0.389292
0.389292
0.444069
0.444069
0.884672
0.884672
0.579329
0.579329
0.498382
0.498382
0.682086
0.682086
0.607007
0.607007
0.224935
0.224935
0.602140
0.602140
0.390249
0.390249
0.336330
0.336330
0.593624
0.593624
0.462380
0.462380
0.915351
0.915351
0.812160
0.812160
0.407848
0.407848
0.558506
0.558506
0.221224
0.221224
0.386151
0.386151
0.441932
0.441932
0.352870
0.352870
0.309366
0.309366
0.491468
0.491468
0.723943
0.723943
0.420763
0.420763
0.341969
0.341969
0.606813
0.606813
0.354422
0.354422
0.283185
0.283185
0.607371
0.607371
1.010261
1.010261
0.378362
0.378362
0.316212
0.316212
0.513047
0.513047
0.384687
0.384687
0.334664
0.334664
0.338732
0.338732
0.210091
0.210091
0.478620
0.478620
0.405477
0.405477
0.252126
0.252126
0.519206
0.519206
0.383546
0.383546
0.329585
0.329585
0.358090
0.358090
0.450827
0.450827
0.284529
0.284529
0.670290
0.670290
0.478547
0.478547
0.450687
0.450687
0.331295
0.331295
0.401568
0.401568
0.334402
0.334402
0.582967
0.582967
0.528823
0.528823
0.308580
0.308580
0.298893
0.298893
0.465682
0.465682
0.484647
0.484647
0.407796
0.407796
0.347605
0.347605
0.341994
0.341994
0.625780
0.625780
0.532663
0.532663
0.357042
0.357042
0.343816
0.343816
0.316470
0.316470
0.299902
0.299902
0.206913
0.206913
0.585549
0.585549
0.558290
0.558290
0.542564
0.542564
0.323532
0.323532
0.576236
0.576236
0.471757
0.471757
0.250402
0.250402
0.275150
0.275150
0.149837
0.149837
0.389911
0.389911
0.341800
0.341800
0.533866
0.533866
0.142474
0.142474
0.282991
0.282991
0.523268
0.523268
0.306592
0.306592
0.456061
0.456061
0.431950
0.431950
0.566027
0.566027
0.389614
0.389614
0.262454
0.262454
0.630893
0.630893
0.287962
0.287962
0.462668
0.462668
0.779832
0.779832
0.545300
0.545300
0.322152
0.322152
0.252276
0.252276
0.328772
0.328772
0.426399
0.426399
0.442847
0.442847
0.392718
0.392718
0.372899
0.372899
0.426467
0.426467
0.406072
0.406072
0.507506
0.507506
0.539669
0.539669
0.405394
0.405394
0.429822
0.429822
0.424016
0.424016
0.215557
0.215557
0.301499
0.301499
0.314163
0.314163
0.654566
0.654566
0.615663
0.615663
0.351756
0.351756
0.437619
0.437619
0.583444
0.583444
0.308696
0.308696
0.218368
0.218368
0.426361
0.426361
0.537920
0.537920
0.390269
0.390269
0.405762
0.405762
0.372284
0.372284
0.591001
0.591001
0.439652
0.439652
0.460107
0.460107
0.325608
0.325608
0.374683
0.374683
0.257003
0.257003
0.536898
0.536898
0.346568
0.346568
0.281718
0.281718
0.613583
0.613583
0.173296
0.173296
0.331059
0.331059
0.470252
0.470252
0.337268
0.337268
0.361597
0.361597
0.196537
0.196537
0.228140
0.228140
0.853064
0.853064
0.680052
0.680052
0.739043
0.739043
0.487831
0.487831
0.536133
0.536133
0.353959
0.353959
0.236232
0.236232
0.311901
0.311901
0.306380
0.306380
0.271657
0.271657
0.372242
0.372242
0.624625
0.624625
0.314028
0.314028
0.432383
0.432383
0.232775
0.232775
0.331885
0.331885
0.190849
0.190849
0.267568
0.267568
0.282219
0.282219
0.594932
0.594932
0.373053
0.373053
0.527375
0.527375
0.517987
0.517987
0.710677
0.710677
0.486862
0.486862
0.316062
0.316062
0.760576
0.760576
0.529771
0.529771
0.408895
0.408895
0.389433
0.389433
0.459142
0.459142
0.385160
0.385160
0.576023
0.576023
0.845334
0.845334
0.588666
0.588666
0.230374
0.230374
0.403129
0.403129
0.383116
0.383116
0.248838
0.248838
0.249623
0.249623
0.509405
0.509405
0.864604
0.864604
0.274559
0.274559
0.292547
0.292547
0.246138
0.246138
0.385017
0.385017
0.385261
0.385261
0.433894
0.433894
0.231159
0.231159
0.474909
0.474909
0.640391
0.640391
0.576356
0.576356
0.240963
0.240963
0.362961
0.362961
0.243583
0.243583
0.308522
0.308522
0.279302
0.279302
0.382516
0.382516
0.296572
0.296572
0.435155
0.435155
0.137086
0.137086
0.393153
0.393153
0.636825
0.636825
0.439270
0.439270
0.239083
0.239083
0.401436
0.401436
0.321306
0.321306
0.431326
0.431326
0.309404
0.309404
0.257415
0.257415
0.436957
0.436957
0.273492
0.273492
0.432679
0.432679
0.601990
0.601990
0.397307
0.397307
0.373301
0.373301
0.423988
0.423988
0.307868
0.307868
0.275841
0.275841
0.709915
0.709915
0.679741
0.679741
0.435337
0.435337
0.442187
0.442187
0.286852
0.286852
0.222179
0.222179
0.288962
0.288962
0.360673
0.360673
0.446097
0.446097
0.472579
0.472579
0.320946
0.320946
0.460169
0.460169
0.431941
0.431941
0.248833
0.248833
0.345425
0.345425
0.296673
0.296673
0.332109
0.332109
0.724081
0.724081
0.399711
0.399711
0.398303
0.398303
0.602384
0.602384
0.281417
0.281417
0.394258
0.394258
0.295922
0.295922
0.248699
0.248699
0.333377
0.333377
0.763001
0.763001
0.288661
0.288661
0.235193
0.235193
0.498199
0.498199
0.242935
0.242935
0.243252
0.243252
0.370819
0.370819
0.229782
0.229782
0.424790
0.424790
0.488029
0.488029
0.312843
0.312843
0.399715
0.399715
0.387348
0.387348
0.268156
0.268156
0.334842
0.334842
0.203257
0.203257
0.256771
0.256771
0.602659
0.602659
0.571532
0.571532
0.271239
0.271239
0.471269
0.471269
0.310458
0.310458
0.705309
0.705309
0.190553
0.190553
0.475291
0.475291
0.352805
0.352805
0.444657
0.444657
0.254741
0.254741
0.389489
0.389489
0.197737
0.197737
0.295277
0.295277
0.406694
0.406694
0.298817
0.298817
0.349662
0.349662
0.879781
0.879781
0.943186
0.943186
0.283332
0.283332
0.470018
0.470018
0.581478
0.581478
0.659628
0.659628
0.381202
0.381202
0.260807
0.260807
0.458820
0.458820
0.370712
0.370712
0.355782
0.355782
0.773479
0.773479
0.291053
0.291053
0.444877
0.444877
0.456603
0.456603
0.733967
0.733967
0.393486
0.393486
0.705269
0.705269
0.764117
0.764117
0.492125
0.492125
0.461464
0.461464
0.429918
0.429918
0.336496
0.336496
0.286003
0.286003
0.249195
0.249195
0.403533
0.403533
0.428806
0.428806
0.231229
0.231229
0.326208
0.326208
0.743803
0.743803
0.683099
0.683099
0.599855
0.599855
0.388154
0.388154
0.658607
0.658607
0.525660
0.525660
0.190974
0.190974
0.299801
0.299801
0.579579
0.579579
0.395618
0.395618
0.423227
0.423227
0.355343
0.355343
0.338113
0.338113
0.585277
0.585277
0.404303
0.404303
0.762101
0.762101
0.492382
0.492382
0.540839
0.540839
0.316429
0.316429
0.775719
0.775719
0.261752
0.261752
0.497959
0.497959
0.622616
0.622616
0.372845
0.372845
0.421172
0.421172
0.267430
0.267430
0.327034
0.327034
0.241494
0.241494
0.299768
0.299768
0.223645
0.223645
0.664820
0.664820
0.768591
0.768591
0.186106
0.186106
0.619950
0.619950
0.611308
0.611308
0.275623
0.275623
0.629979
0.629979
0.856592
0.856592
0.437565
0.437565
0.531874
0.531874
0.350961
0.350961
0.621164
0.621164
0.648417
0.648417
0.338638
0.338638
0.286800
0.286800
0.402603
0.402603
0.438846
0.438846
0.305003
0.305003
0.317225
0.317225
0.229500
0.229500
0.493607
0.493607
0.513945
0.513945
0.329912
0.329912
0.525854
0.525854
0.291025
0.291025
0.404363
0.404363
0.379830
0.379830
0.377984
0.377984
0.269196
0.269196
0.372499
0.372499
0.324959
0.324959
0.216373
0.216373
0.346257
0.346257
0.416140
0.416140
0.441973
0.441973
0.480447
0.480447
0.338044
0.338044
0.576689
0.576689
0.423676
0.423676
0.401221
0.401221
0.284614
0.284614
0.622467
0.622467
0.362611
0.362611
0.467047
0.467047
0.266163
0.266163
0.532522
0.532522
0.491841
0.491841
0.606054
0.606054
0.898936
0.898936
0.372665
0.372665
0.229011
0.229011
0.481467
0.481467
0.337604
0.337604
0.429984
0.429984
0.290855
0.290855
0.314780
0.314780
0.522905
0.522905
0.545355
0.545355
0.304566
0.304566
0.718485
0.718485
0.396181
0.396181
0.383102
0.383102
0.238312
0.238312
0.212725
0.212725
0.310914
0.310914
0.551120
0.551120
0.531978
0.531978
0.544450
0.544450
0.327525
0.327525
0.414615
0.414615
0.369287
0.369287
0.507005
0.507005
0.729174
0.729174
0.348227
0.348227
0.431725
0.431725
0.442422
0.442422
0.397934
0.397934
0.212266
0.212266
0.396423
0.396423
0.303875
0.303875
0.535645
0.535645
0.315868
0.315868
0.305210
0.305210
0.493103
0.493103
0.520493
0.520493
0.678550
0.678550
0.226373
0.226373
0.442935
0.442935
0.298152
0.298152
0.339856
0.339856
0.353415
0.353415
0.369997
0.369997
0.262482
0.262482
0.427085
0.427085
0.391102
0.391102
0.422810
0.422810
0.349075
0.349075
0.649690
0.649690
0.403026
0.403026
0.292255
0.292255
0.727732
0.727732
0.413753
0.413753
0.270572
0.270572
0.355207
0.355207
0.612996
0.612996
0.368390
0.368390
0.368538
0.368538
0.706240
0.706240
0.543958
0.543958
0.619107
0.619107
0.233785
0.233785
0.291781
0.291781
0.334749
0.334749
0.250673
0.250673
0.374034
0.374034
0.345128
0.345128
0.464703
0.464703
0.352363
0.352363
0.899233
0.899233
0.367712
0.367712
0.283573
0.283573
0.288845
0.288845
0.704623
0.704623
0.215214
0.215214
0.540493
0.540493
0.562961
0.562961
0.738943
0.738943
0.376402
0.376402
0.289977
0.289977
0.425225
0.425225
0.285807
0.285807
0.484524
0.484524
0.156321
0.156321
0.426907
0.426907
0.368232
0.368232
0.408612
0.408612
0.361307
0.361307
0.313621
0.313621
0.609559
0.609559
0.689549
0.689549
0.532784
0.532784
0.418614
0.418614
0.373719
0.373719
0.345885
0.345885
0.346426
0.346426
0.223205
0.223205
0.715415
0.715415
0.382705
0.382705
0.272108
0.272108
0.469940
0.469940
0.257242
0.257242
0.319089
0.319089
0.500261
0.500261
0.438781
0.438781
0.322684
0.322684
0.630684
0.630684
0.788660
0.788660
0.435868
0.435868
0.562995
0.562995
0.337712
0.337712
1.043739
1.043739
0.566092
0.566092
0.515805
0.515805
0.587205
0.587205
0.483502
0.483502
0.255151
0.255151
0.650461
0.650461
0.502490
0.502490
0.496761
0.496761
0.504168
0.504168
0.201082
0.201082
0.286119
0.286119
0.426294
0.426294
0.492986
0.492986
0.217813
0.217813
0.430227
0.430227
0.499941
0.499941
0.474270
0.474270
0.554732
0.554732
0.299989
0.299989
0.388542
0.388542
0.298875
0.298875
0.282378
0.282378
0.283571
0.283571
0.310805
0.310805
0.569242
0.569242
0.583444
0.583444
0.345169
0.345169
0.544662
0.544662
0.296304
0.296304
0.467472
0.467472
0.515403
0.515403
0.485258
0.485258
0.400798
0.400798
0.777301
0.777301
0.277147
0.277147
0.614224
0.614224
0.348069
0.348069
0.551694
0.551694
0.474181
0.474181
0.335420
0.335420
0.284182
0.284182
0.300609
0.300609
0.655402
0.655402
0.326895
0.326895
0.219073
0.219073
0.615236
0.615236
1.011726
1.011726
0.355884
0.355884
0.351072
0.351072
0.381608
0.381608
0.487990
0.487990
0.312002
0.312002
0.279493
0.279493
0.372442
0.372442
0.285262
0.285262
0.348704
0.348704
0.313872
0.313872
0.359351
0.359351
0.449679
0.449679
0.343705
0.343705
0.301553
0.301553
0.288580
0.288580
0.428158
0.428158
0.364688
0.364688
0.420523
0.420523
0.266246
0.266246
0.457024
0.457024
0.588446
0.588446
0.744462
0.744462
0.350886
0.350886
0.594531
0.594531
0.497420
0.497420
0.527009
0.527009
0.322953
0.322953
0.399804
0.399804
0.320875
0.320875
0.379151
0.379151
0.428839
0.428839
0.398064
0.398064
0.458825
0.458825
0.302403
0.302403
0.380628
0.380628
0.487788
0.487788
0.569122
0.569122
0.236319
0.236319
0.366843
0.366843
0.599539
0.599539
0.145148
0.145148
0.293640
0.293640
0.261930
0.261930
0.525611
0.525611
0.455700
0.455700
0.358496
0.358496
0.415571
0.415571
0.468938
0.468938
0.372041
0.372041
0.611795
0.611795
0.332818
0.332818
0.163033
0.163033
0.336982
0.336982
0.255026
0.255026
0.476036
0.476036
0.628809
0.628809
0.396877
0.396877
0.382548
0.382548
0.201281
0.201281
0.371366
0.371366
0.446464
0.446464
0.315025
0.315025
0.441473
0.441473
0.699766
0.699766
0.585941
0.585941
0.297227
0.297227
0.470563
0.470563
0.223076
0.223076
0.701425
0.701425
0.462324
0.462324
0.299627
0.299627
0.327419
0.327419
0.373600
0.373600
0.704008
0.704008
0.279742
0.279742
0.399796
0.399796
0.341804
0.341804
0.262166
0.262166
0.199807
0.199807
0.593648
0.593648
0.429443
0.429443
0.876068
0.876068
0.356988
0.356988
0.458444
0.458444
0.490380
0.490380
0.375725
0.375725
0.657461
0.657461
0.217112
0.217112
0.369329
0.369329
0.685848
0.685848
0.378841
0.378841
0.438767
0.438767
0.404727
0.404727
0.381254
0.381254
0.313372
0.313372
0.346635
0.346635
0.381501
0.381501
0.375104
0.375104
0.307589
0.307589
0.205730
0.205730
0.209713
0.209713
0.752925
0.752925
0.514294
0.514294
0.384221
0.384221
0.406029
0.406029
0.272289
0.272289
0.313605
0.313605
0.401547
0.401547
0.303832
0.303832
0.328100
0.328100
0.929625
0.929625
0.489336
0.489336
0.335958
0.335958
0.762336
0.762336
0.225524
0.225524
0.729759
0.729759
0.462873
0.462873
0.331110
0.331110
0.523371
0.523371
0.418702
0.418702
0.382581
0.382581
0.364236
0.364236
0.187085
0.187085
0.302709
0.302709
0.493342
0.493342
0.511415
0.511415
0.573539
0.573539
0.421340
0.421340
0.138104
0.138104
0.221587
0.221587
0.432059
0.432059
0.389878
0.389878
0.462619
0.462619
0.499143
0.499143
0.526437
0.526437
0.218391
0.218391
0.218035
0.218035
0.468291
0.468291
0.460377
0.460377
0.607013
0.607013
0.384674
0.384674
0.368702
0.368702
0.259834
0.259834
0.582648
0.582648
0.480519
0.480519
0.537465
0.537465
0.488147
0.488147
0.314107
0.314107
0.243920
0.243920
0.500885
0.500885
0.343499
0.343499
0.400238
0.400238
0.332357
0.332357
0.636952
0.636952
0.809388
0.809388
0.254900
0.254900
0.385066
0.385066
0.541150
0.541150
0.405927
0.405927
0.327477
0.327477
0.356493
0.356493
0.346163
0.346163
0.315607
0.315607
0.377271
0.377271
0.191966
0.191966
0.762098
0.762098
0.394156
0.394156
0.440781
0.440781
0.299277
0.299277
0.540674
0.540674
0.545566
0.545566
0.381411
0.381411
0.241161
0.241161
0.364097
0.364097
0.855925
0.855925
0.353097
0.353097
0.208816
0.208816
0.778024
0.778024
0.494317
0.494317
0.369285
0.369285
0.232793
0.232793
0.671392
0.671392
0.374927
0.374927
0.423069
0.423069
0.400536
0.400536
0.328939
0.328939
0.230661
0.230661
0.524799
0.524799
0.276239
0.276239
0.623702
0.623702
0.279572
0.279572
0.472312
0.472312
0.491717
0.491717
0.503440
0.503440
0.261073
0.261073
0.628565
0.628565
0.337406
0.337406
0.627000
0.627000
0.238166
0.238166
0.303572
0.303572
0.310277
0.310277
0.445125
0.445125
0.440135
0.440135
0.688086
0.688086
0.476692
0.476692
0.318826
0.318826
0.545270
0.545270
0.621493
0.621493
0.218199
0.218199
0.501477
0.501477
0.413908
0.413908
0.408081
0.408081
0.710525
0.710525
0.209769
0.209769
0.532497
0.532497
0.326209
0.326209
0.526645
0.526645
0.478256
0.478256
0.227498
0.227498
0.464090
0.464090
0.297934
0.297934
0.437884
0.437884
0.339004
0.339004
0.293117
0.293117
0.416898
0.416898
0.426912
0.426912
0.180743
0.180743
0.346119
0.346119
0.444831
0.444831
0.386077
0.386077
0.448589
0.448589
0.427076
0.427076
0.701326
0.701326
0.213566
0.213566
0.439176
0.439176
0.177638
0.177638
0.614551
0.614551
0.448040
0.448040
0.424358
0.424358
0.388138
0.388138
0.416123
0.416123
0.744794
0.744794
0.242711
0.242711
0.333368
0.333368
0.267872
0.267872
0.535306
0.535306
0.498463
0.498463
0.303213
0.303213
0.260356
0.260356
0.454720
0.454720
0.519876
0.519876
0.292827
0.292827
0.464347
0.464347
0.446500
0.446500
0.438325
0.438325
0.547185
0.547185
0.255202
0.255202
0.340638
0.340638
0.377957
0.377957
0.349437
0.349437
0.644468
0.644468
0.338657
0.338657
0.298747
0.298747
0.354857
0.354857
0.379005
0.379005
0.324878
0.324878
0.435777
0.435777
0.437648
0.437648
0.223021
0.223021
0.399610
0.399610
0.834230
0.834230
0.256111
0.256111
0.456248
0.456248
0.448239
0.448239
0.667670
0.667670
0.537780
0.537780
0.541934
0.541934
0.447517
0.447517
0.514743
0.514743
0.510249
0.510249
0.666773
0.666773
0.478373
0.478373
0.267847
0.267847
0.445438
0.445438
0.717707
0.717707
0.720020
0.720020
0.305486
0.305486
0.361100
0.361100
0.553940
0.553940
0.365648
0.365648
0.808809
0.808809
0.449300
0.449300
0.320052
0.320052
0.409968
0.409968
0.270369
0.270369
0.167588
0.167588
0.240532
0.240532
0.285595
0.285595
0.415654
0.415654
0.341935
0.341935
0.540916
0.540916
0.208398
0.208398
0.178051
0.178051
0.192551
0.192551
0.244105
0.244105
0.398224
0.398224
0.458217
0.458217
0.648359
0.648359
0.705220
0.705220
0.369596
0.369596
0.358841
0.358841
0.264548
0.264548
0.378931
0.378931
0.366956
0.366956
0.804053
0.804053
0.415121
0.415121
0.643145
0.643145
0.418134
0.418134
0.618456
0.618456
0.406025
0.406025
0.292610
0.292610
0.366080
0.366080
0.197771
0.197771
0.299503
0.299503
0.422907
0.422907
0.547306
0.547306
0.440694
0.440694
0.459387
0.459387
0.265087
0.265087
0.301273
0.301273
0.349572
0.349572
0.505444
0.505444
0.452778
0.452778
0.206368
0.206368
0.308434
0.308434
0.440451
0.440451
0.179821
0.179821
0.412444
0.412444
0.479566
0.479566
0.651699
0.651699
0.539892
0.539892
0.500070
0.500070
0.521465
0.521465
0.624893
0.624893
0.226662
0.226662
0.649349
0.649349
0.372779
0.372779
0.369280
0.369280
0.335803
0.335803
0.509371
0.509371
0.401028
0.401028
0.540271
0.540271
0.492834
0.492834
0.373938
0.373938
0.316676
0.316676
0.977531
0.977531
0.425275
0.425275
0.347971
0.347971
0.293291
0.293291
0.314342
0.314342
0.660091
0.660091
0.636092
0.636092
0.765987
0.765987
0.336476
0.336476
0.277753
0.277753
0.495025
0.495025
0.380915
0.380915
0.360533
0.360533
0.250451
0.250451
0.773341
0.773341
0.315445
0.315445
0.379907
0.379907
0.367950
0.367950
0.334443
0.334443
0.439355
0.439355
0.524168
0.524168
0.305414
0.305414
0.744783
0.744783
0.342940
0.342940
0.388139
0.388139
0.435291
0.435291
0.231714
0.231714
0.391669
0.391669
0.333655
0.333655
0.614989
0.614989
0.260730
0.260730
0.481428
0.481428
0.697338
0.697338
0.534225
0.534225
0.355082
0.355082
0.621000
0.621000
0.522968
0.522968
0.322141
0.322141
0.346464
0.346464
0.399957
0.399957
0.466291
0.466291
0.426484
0.426484
0.318179
0.318179
0.274534
0.274534
0.576629
0.576629
0.226757
0.226757
0.405655
0.405655
0.416912
0.416912
0.838107
0.838107
0.368739
0.368739
0.561356
0.561356
0.548878
0.548878
0.231741
0.231741
0.446179
0.446179
0.226799
0.226799
0.362436
0.362436
0.294572
0.294572
0.388675
0.388675
0.635069
0.635069
0.410438
0.410438
0.238236
0.238236
0.585651
0.585651
0.202359
0.202359
0.204562
0.204562
0.632231
0.632231
0.506177
0.506177
0.346515
0.346515
0.476824
0.476824
0.348840
0.348840
0.185952
0.185952
0.565691
0.565691
0.559770
0.559770
0.242139
0.242139
0.526310
0.526310
0.625985
0.625985
0.498905
0.498905
0.418888
0.418888
0.258599
0.258599
0.414881
0.414881
0.558630
0.558630
0.424705
0.424705
0.528463
0.528463
0.371321
0.371321
0.260265
0.260265
0.252334
0.252334
0.514878
0.514878
0.570195
0.570195
0.413094
0.413094
0.266806
0.266806
0.393202
0.393202
0.292120
0.292120
0.193328
0.193328
0.175162
0.175162
0.585047
0.585047
0.434987
0.434987
0.559141
0.559141
0.561863
0.561863
0.362860
0.362860
0.389301
0.389301
0.453669
0.453669
0.334899
0.334899
0.601824
0.601824
0.385398
0.385398
0.292734
0.292734
0.313344
0.313344
0.399764
0.399764
0.415075
0.415075
0.408034
0.408034
0.317324
0.317324
0.377333
0.377333
0.624210
0.624210
0.500736
0.500736
0.351378
0.351378
0.517180
0.517180
0.297113
0.297113
0.262110
0.262110
0.365124
0.365124
0.168416
0.168416
0.469839
0.469839
0.627770
0.627770
0.540372
0.540372
0.448544
0.448544
0.441069
0.441069
0.398921
0.398921
0.436178
0.436178
0.352478
0.352478
0.188949
0.188949
0.659806
0.659806
0.286141
0.286141
0.269791
0.269791
0.228095
0.228095
0.164738
0.164738
0.333155
0.333155
0.268262
0.268262
0.193688
0.193688
0.254021
0.254021
0.399903
0.399903
0.452719
0.452719
0.510624
0.510624
0.434544
0.434544
0.723804
0.723804
0.431635
0.431635
0.796504
0.796504
0.351011
0.351011
0.463748
0.463748
0.391286
0.391286
0.261882
0.261882
0.714355
0.714355
0.474888
0.474888
0.345612
0.345612
0.340228
0.340228
0.807898
0.807898
0.419352
0.419352
0.323692
0.323692
0.380162
0.380162
0.215928
0.215928
0.440298
0.440298
0.427942
0.427942
0.492585
0.492585
0.419733
0.419733
0.288217
0.288217
0.576356
0.576356
0.406797
0.406797
0.376505
0.376505
0.487820
0.487820
0.401461
0.401461
0.647332
0.647332
0.461845
0.461845
0.241325
0.241325
0.633701
0.633701
0.393494
0.393494
0.203698
0.203698
0.202072
0.202072
0.470998
0.470998
0.559067
0.559067
0.434377
0.434377
0.588382
0.588382
0.252718
0.252718
0.337573
0.337573
0.254363
0.254363
0.631095
0.631095
0.421736
0.421736
0.314498
0.314498
0.538203
0.538203
0.397648
0.397648
0.423732
0.423732
0.650064
0.650064
0.361046
0.361046
0.525397
0.525397
0.415187
0.415187
0.598465
0.598465
0.593480
0.593480
0.230498
0.230498
0.391702
0.391702
0.434981
0.434981
0.507720
0.507720
0.911074
0.911074
0.204490
0.204490
0.675436
0.675436
0.319415
0.319415
0.391620
0.391620
0.649336
0.649336
0.397669
0.397669
0.698941
0.698941
0.318339
0.318339
0.294792
0.294792
0.287750
0.287750
0.503675
0.503675
0.430689
0.430689
0.322266
0.322266
0.364858
0.364858
0.387266
0.387266
0.388257
0.388257
0.360721
0.360721
0.444374
0.444374
0.307447
0.307447
0.378343
0.378343
0.358624
0.358624
0.290353
0.290353
0.246532
0.246532
0.292678
0.292678
0.807298
0.807298
0.283676
0.283676
0.713128
0.713128
0.529853
0.529853
0.672490
0.672490
0.291828
0.291828
0.513276
0.513276
0.426485
0.426485
0.332439
0.332439
0.315571
0.315571
0.289401
0.289401
0.519455
0.519455
0.445186
0.445186
0.263001
0.263001
1.193797
1.193797
0.275353
0.275353
0.645624
0.645624
0.297670
0.297670
0.401015
0.401015
0.162144
0.162144
0.457448
0.457448
0.302639
0.302639
0.372545
0.372545
0.311776
0.311776
0.415906
0.415906
0.282633
0.282633
0.519543
0.519543
0.575609
0.575609
0.479893
0.479893
0.396582
0.396582
0.495438
0.495438
0.294598
0.294598
0.486997
0.486997
0.346861
0.346861
0.273899
0.273899
0.313657
0.313657
0.675748
0.675748
0.278389
0.278389
0.172748
0.172748
0.521009
0.521009
0.242839
0.242839
0.388043
0.388043
0.435767
0.435767
0.588083
0.588083
0.421692
0.421692
0.729874
0.729874
0.431939
0.431939
0.449937
0.449937
0.629852
0.629852
0.283883
0.283883
0.463144
0.463144
0.293500
0.293500
0.621870
0.621870
0.364162
0.364162
0.795055
0.795055
0.545765
0.545765
0.251876
0.251876
0.577140
0.577140
0.250102
0.250102
0.431217
0.431217
0.331855
0.331855
0.600174
0.600174
0.275675
0.275675
0.238214
0.238214
0.373650
0.373650
0.737010
0.737010
0.223458
0.223458
0.352420
0.352420
0.395661
0.395661
0.384047
0.384047
0.483154
0.483154
0.288056
0.288056
0.273374
0.273374
0.227184
0.227184
0.245366
0.245366
0.322220
0.322220
0.310361
0.310361
0.523242
0.523242
0.274192
0.274192
0.437765
0.437765
0.278196
0.278196
0.326580
0.326580
0.418950
0.418950
0.554495
0.554495
0.381994
0.381994
0.580145
0.580145
0.347576
0.347576
0.324557
0.324557
0.456899
0.456899
0.343136
0.343136
0.360862
0.360862
0.572541
0.572541
0.407246
0.407246
0.301558
0.301558
0.459558
0.459558
0.731918
0.731918
0.468360
0.468360
0.445321
0.445321
0.290386
0.290386
0.258792
0.258792
0.619887
0.619887
0.596306
0.596306
0.194234
0.194234
0.357395
0.357395
0.342584
0.342584
0.469267
0.469267
0.407496
0.407496
0.275979
0.275979
0.343605
0.343605
0.624174
0.624174
0.405856
0.405856
0.250934
0.250934
0.401919
0.401919
0.257373
0.257373
0.643264
0.643264
0.534776
0.534776
0.303495
0.303495
0.314311
0.314311
0.090385
0.090385
0.475570
0.475570
0.488816
0.488816
0.238511
0.238511
0.511875
0.511875
0.304176
0.304176
0.351005
0.351005
0.273948
0.273948
0.502994
0.502994
0.258610
0.258610
0.333510
0.333510
0.512873
0.512873
0.470568
0.470568
0.398305
0.398305
0.667382
0.667382
0.392498
0.392498
0.700243
0.700243
0.800550
0.800550
0.495240
0.495240
0.562171
0.562171
0.212272
0.212272
0.360068
0.360068
0.287092
0.287092
0.166962
0.166962
0.307179
0.307179
0.376065
0.376065
0.652030
0.652030
0.534745
0.534745
0.415511
0.415511
0.527154
0.527154
0.427401
0.427401
0.349623
0.349623
0.314886
0.314886
0.293526
0.293526
0.410539
0.410539
0.541714
0.541714
0.511970
0.511970
0.351036
0.351036
0.415531
0.415531
0.368290
0.368290
0.396489
0.396489
0.501176
0.501176
0.582071
0.582071
0.662078
0.662078
0.823831
0.823831
0.208503
0.208503
0.459682
0.459682
0.393110
0.393110
0.568794
0.568794
0.250299
0.250299
0.267554
0.267554
0.404308
0.404308
0.586228
0.586228
0.231343
0.231343
0.290414
0.290414
0.304898
0.304898
0.366729
0.366729
0.541564
0.541564
0.214484
0.214484
0.421510
0.421510
0.155424
0.155424
0.153293
0.153293
0.647949
0.647949
0.248296
0.248296
0.382679
0.382679
0.322986
0.322986
0.248087
0.248087
0.233935
0.233935
0.348881
0.348881
0.739196
0.739196
0.455308
0.455308
0.356309
0.356309
0.575247
0.575247
0.588682
0.588682
0.425956
0.425956
0.628919
0.628919
0.689584
0.689584
0.234925
0.234925
0.449444
0.449444
0.488202
0.488202
0.487585
0.487585
0.397235
0.397235
0.510620
0.510620
0.346404
0.346404
0.408986
0.408986
0.512429
0.512429
0.319121
0.319121
0.380193
0.380193
0.544770
0.544770
0.316812
0.316812
0.439395
0.439395
0.297985
0.297985
0.369147
0.369147
0.347292
0.347292
0.250876
0.250876
0.347268
0.347268
0.490686
0.490686
0.241378
0.241378
0.604920
0.604920
0.662530
0.662530
0.375166
0.375166
0.400501
0.400501
0.268594
0.268594
0.563095
0.563095
0.394637
0.394637
0.630349
0.630349
0.281906
0.281906
0.628639
0.628639
0.315133
0.315133
0.656223
0.656223
0.559470
0.559470
0.338930
0.338930
0.413871
0.413871
0.370195
0.370195
0.412081
0.412081
0.355746
0.355746
0.331938
0.331938
0.414973
0.414973
0.327516
0.327516
0.294401
0.294401
0.296328
0.296328
0.273664
0.273664
0.251199
0.251199
0.459709
0.459709
0.245182
0.245182
0.391057
0.391057
0.683039
0.683039
0.379045
0.379045
0.245757
0.245757
0.342810
0.342810
0.446109
0.446109
0.516625
0.516625
0.525466
0.525466
0.337335
0.337335
0.631584
0.631584
0.423454
0.423454
0.544045
0.544045
0.844857
0.844857
0.270318
0.270318
0.803236
0.803236
0.410969
0.410969
0.376118
0.376118
0.314367
0.314367
0.289964
0.289964
0.445020
0.445020
0.251524
0.251524
0.435492
0.435492
0.431037
0.431037
0.507755
0.507755
0.216004
0.216004
0.459957
0.459957
0.517263
0.517263
0.453616
0.453616
0.247407
0.247407
0.617256
0.617256
0.464636
0.464636
0.571698
0.571698
0.688233
0.688233
0.388815
0.388815
0.505467
0.505467
0.378081
0.378081
0.374694
0.374694
0.467185
0.467185
0.570893
0.570893
0.348497
0.348497
0.192478
0.192478
0.421283
0.421283
0.433417
0.433417
0.342900
0.342900
0.469809
0.469809
0.318971
0.318971
0.433577
0.433577
0.303967
0.303967
0.465281
0.465281
0.526491
0.526491
0.271219
0.271219
0.334062
0.334062
0.683493
0.683493
0.575222
0.575222
0.265468
0.265468
0.320791
0.320791
0.355868
0.355868
0.344738
0.344738
0.369155
0.369155
0.314622
0.314622
0.370963
0.370963
0.538057
0.538057
0.528019
0.528019
0.626073
0.626073
0.407227
0.407227
0.282422
0.282422
0.418524
0.418524
0.329280
0.329280
0.413413
0.413413
0.360083
0.360083
0.371819
0.371819
0.320213
0.320213
0.503357
0.503357
0.608711
0.608711
0.390922
0.390922
0.444209
0.444209
0.394594
0.394594
0.199912
0.199912
0.273728
0.273728
0.603036
0.603036
0.534327
0.534327
0.501501
0.501501
0.462421
0.462421
0.156440
0.156440
0.520288
0.520288
0.286909
0.286909
0.258306
0.258306
0.366919
0.366919
0.347153
0.347153
0.624255
0.624255
0.367172
0.367172
0.247416
0.247416
0.572447
0.572447
0.334623
0.334623
0.391242
0.391242
0.344144
0.344144
0.319702
0.319702
0.298246
0.298246
0.470966
0.470966
0.603494
0.603494
0.425047
0.425047
0.285864
0.285864
0.399507
0.399507
0.652858
0.652858
0.323853
0.323853
0.769035
0.769035
0.357517
0.357517
0.311180
0.311180
0.549706
0.549706
0.434490
0.434490
0.286498
0.286498
0.360035
0.360035
0.347893
0.347893
0.395219
0.395219
1.125601
1.125601
0.517965
0.517965
0.358155
0.358155
0.345793
0.345793
0.655866
0.655866
0.445960
0.445960
0.638266
0.638266
0.255465
0.255465
0.241540
0.241540
0.573361
0.573361
0.182708
0.182708
0.305003
0.305003
0.460423
0.460423
0.407867
0.407867
0.396061
0.396061
0.512399
0.512399
0.535550
0.535550
0.541321
0.541321
0.531773
0.531773
0.480074
0.480074
0.249601
0.249601
0.442519
0.442519
0.270779
0.270779
0.242889
0.242889
0.268181
0.268181
0.237885
0.237885
0.246750
0.246750
0.631816
0.631816
0.358687
0.358687
0.300270
0.300270
0.375039
0.375039
0.404525
0.404525
0.453941
0.453941
0.398045
0.398045
0.442285
0.442285
0.366098
0.366098
0.210038
0.210038
0.620307
0.620307
0.406094
0.406094
0.240830
0.240830
0.320374
0.320374
0.247002
0.247002
0.619614
0.619614
0.373328
0.373328
0.336271
0.336271
0.316292
0.316292
0.602398
0.602398
0.303662
0.303662
0.207634
0.207634
0.673526
0.673526
0.668869
0.668869
0.729535
0.729535
0.262156
0.262156
0.365088
0.365088
0.329620
0.329620
0.366494
0.366494
0.326175
0.326175
0.266252
0.266252
0.572213
0.572213
0.320143
0.320143
0.438786
0.438786
0.737146
0.737146
0.412611
0.412611
0.105670
0.105670
0.691596
0.691596
0.244459
0.244459
0.738659
0.738659
0.275261
0.275261
0.295989
0.295989
0.265479
0.265479
0.391529
0.391529
0.167016
0.167016
0.306051
0.306051
0.360129
0.360129
0.295608
0.295608
0.303650
0.303650
0.369976
0.369976
0.433415
0.433415
0.296164
0.296164
0.438884
0.438884
0.229403
0.229403
0.743904
0.743904
0.300269
0.300269
0.432662
0.432662
0.207076
0.207076
0.545055
0.545055
0.330661
0.330661
0.267886
0.267886
0.472531
0.472531
0.379337
0.379337
0.464940
0.464940
0.241993
0.241993
0.800589
0.800589
0.584477
0.584477
0.552252
0.552252
0.201247
0.201247
0.811206
0.811206
0.282625
0.282625
0.856235
0.856235
0.466417
0.466417
0.407130
0.407130
0.352491
0.352491
0.557453
0.557453
0.207672
0.207672
0.476404
0.476404
0.426978
0.426978
0.197860
0.197860
0.237204
0.237204
0.409694
0.409694
0.432185
0.432185
0.655471
0.655471
0.457696
0.457696
0.455683
0.455683
0.612546
0.612546
0.488756
0.488756
0.403890
0.403890
0.583815
0.583815
0.330159
0.330159
0.511352
0.511352
0.551227
0.551227
0.303745
0.303745
0.415323
0.415323
0.586116
0.586116
0.516335
0.516335
0.594014
0.594014
0.509141
0.509141
0.410847
0.410847
0.242544
0.242544
0.472831
0.472831
0.381358
0.381358
0.240700
0.240700
0.740715
0.740715
0.453212
0.453212
0.548156
0.548156
0.305441
0.305441
0.216443
0.216443
0.462020
0.462020
0.477971
0.477971
0.709787
0.709787
0.454412
0.454412
0.288144
0.288144
0.299872
0.299872
0.309448
0.309448
0.180763
0.180763
0.493841
0.493841
0.481009
0.481009
0.228240
0.228240
0.377615
0.377615
0.389567
0.389567
0.458685
0.458685
0.628907
0.628907
0.434192
0.434192
0.338151
0.338151
0.624394
0.624394
0.345511
0.345511
0.502247
0.502247
0.481184
0.481184
0.199707
0.199707
0.678004
0.678004
0.264135
0.264135
0.627222
0.627222
0.465545
0.465545
0.293536
0.293536
0.852872
0.852872
0.647219
0.647219
0.302589
0.302589
0.406702
0.406702
0.520425
0.520425
0.697068
0.697068
0.417007
0.417007
0.251041
0.251041
0.413852
0.413852
0.485415
0.485415
0.222657
0.222657
0.336146
0.336146
0.421866
0.421866
0.318273
0.318273
0.247985
0.247985
0.395584
0.395584
0.311550
0.311550
0.508612
0.508612
0.458955
0.458955
0.470528
0.470528
0.445077
0.445077
0.278859
0.278859
0.468558
0.468558
0.442238
0.442238
0.361026
0.361026
0.219770
0.219770
0.384043
0.384043
0.206980
0.206980
0.362304
0.362304
0.477132
0.477132
0.335145
0.335145
0.411490
0.411490
0.306002
0.306002
0.320255
0.320255
0.266129
0.266129
0.337050
0.337050
0.469886
0.469886
0.369095
0.369095
0.318226
0.318226
0.550247
0.550247
0.642443
0.642443
0.388300
0.388300
0.434092
0.434092
0.590479
0.590479
0.556440
0.556440
0.322510
0.322510
0.410829
0.410829
0.427043
0.427043
0.551781
0.551781
1.231827
1.231827
0.427135
0.427135
0.729650
0.729650
0.444108
0.444108
0.371794
0.371794
0.404316
0.404316
0.537682
0.537682
0.314103
0.314103
0.394800
0.394800
0.348302
0.348302
0.305236
0.305236
0.204782
0.204782
0.662571
0.662571
0.248633
0.248633
0.309495
0.309495
0.625737
0.625737
0.376982
0.376982
0.271608
0.271608
0.476761
0.476761
0.223307
0.223307
0.301074
0.301074
0.350296
0.350296
0.138648
0.138648
0.644050
0.644050
0.449836
0.449836
0.233272
0.233272
0.633560
0.633560
0.356945
0.356945
0.390749
0.390749
0.566929
0.566929
0.496319
0.496319
0.423630
0.423630
0.553730
0.553730
0.146911
0.146911
0.343033
0.343033
0.520348
0.520348
0.295664
0.295664
0.369878
0.369878
0.396102
0.396102
0.293083
0.293083
0.333953
0.333953
0.390148
0.390148
0.561801
0.561801
0.574860
0.574860
0.391912
0.391912
0.260977
0.260977
0.485006
0.485006
0.718629
0.718629
0.271952
0.271952
0.320341
0.320341
0.595851
0.595851
0.212423
0.212423
0.266666
0.266666
0.379739
0.379739
0.361514
0.361514
0.494144
0.494144
0.255222
0.255222
0.216040
0.216040
0.376947
0.376947
0.651599
0.651599
0.652529
0.652529
0.307223
0.307223
0.562942
0.562942
0.493348
0.493348
0.241486
0.241486
0.356087
0.356087
0.816580
0.816580
0.487163
0.487163
0.607019
0.607019
0.480928
0.480928
0.678346
0.678346
0.443138
0.443138
0.492092
0.492092
0.239170
0.239170
0.859884
0.859884
0.524136
0.524136
0.311525
0.311525
0.385407
0.385407
0.338519
0.338519
0.421142
0.421142
0.340456
0.340456
0.581489
0.581489
0.349855
0.349855
0.348216
0.348216
0.374077
0.374077
0.255554
0.255554
0.618573
0.618573
0.432421
0.432421
0.238354
0.238354
0.560546
0.560546
0.588608
0.588608
0.358850
0.358850
0.573867
0.573867
0.442933
0.442933
0.352344
0.352344
0.510124
0.510124
0.364844
0.364844
0.516226
0.516226
0.369738
0.369738
0.334333
0.334333
0.462149
0.462149
0.373458
0.373458
0.414120
0.414120
0.330098
0.330098
0.527244
0.527244
0.471615
0.471615
0.759803
0.759803
0.255572
0.255572
0.256845
0.256845
0.400835
0.400835
0.545085
0.545085
0.412514
0.412514
0.630315
0.630315
0.454291
0.454291
0.196376
0.196376
0.205394
0.205394
0.542298
0.542298
0.361218
0.361218
0.772974
0.772974
0.366967
0.366967
0.252205
0.252205
0.394675
0.394675
0.257240
0.257240
0.273217
0.273217
0.290294
0.290294
0.443390
0.443390
0.498324
0.498324
0.273549
0.273549
0.273848
0.273848
0.221946
0.221946
0.390699
0.390699
0.252282
0.252282
0.368594
0.368594
0.295322
0.295322
0.295393
0.295393
0.537720
0.537720
0.401357
0.401357
0.621885
0.621885
0.341422
0.341422
0.319406
0.319406
0.284326
0.284326
0.536241
0.536241
0.427154
0.427154
0.337153
0.337153
0.457919
0.457919
0.343667
0.343667
0.597188
0.597188
0.380473
0.380473
0.732202
0.732202
0.479127
0.479127
0.196236
0.196236
0.314128
0.314128
0.432220
0.432220
0.332723
0.332723
0.271817
0.271817
0.288558
0.288558
0.313505
0.313505
0.430616
0.430616
0.908148
0.908148
0.216176
0.216176
0.347902
0.347902
0.276212
0.276212
0.366015
0.366015
0.364268
0.364268
0.699484
0.699484
0.271408
0.271408
0.613485
0.613485
0.475736
0.475736
0.318882
0.318882
0.422108
0.422108
0.617327
0.617327
0.484664
0.484664
0.283017
0.283017
0.636854
0.636854
0.504324
0.504324
0.451362
0.451362
0.401366
0.401366
0.515969
0.515969
0.451800
0.451800
0.604796
0.604796
0.219936
0.219936
0.382375
0.382375
0.232033
0.232033
0.341009
0.341009
0.653487
0.653487
0.270766
0.270766
0.383952
0.383952
0.412312
0.412312
0.448420
0.448420
0.307316
0.307316
0.428783
0.428783
0.425090
0.425090
0.607129
0.607129
0.309040
0.309040
0.268419
0.268419
0.339310
0.339310
0.528988
0.528988
0.423633
0.423633
0.369924
0.369924
0.337495
0.337495
0.337585
0.337585
0.408223
0.408223
0.195194
0.195194
0.617947
0.617947
0.511268
0.511268
0.364935
0.364935
0.459953
0.459953
0.250871
0.250871
0.615315
0.615315
0.633290
0.633290
0.884114
0.884114
0.295034
0.295034
0.280034
0.280034
0.427563
0.427563
0.363800
0.363800
0.333640
0.333640
0.465674
0.465674
0.332013
0.332013
0.449418
0.449418
0.509812
0.509812
0.309087
0.309087
0.630268
0.630268
0.427576
0.427576
0.287724
0.287724
0.272173
0.272173
0.317385
0.317385
0.313316
0.313316
0.245261
0.245261
0.298524
0.298524
0.369409
0.369409
0.767816
0.767816
0.253181
0.253181
0.324371
0.324371
0.211816
0.211816
0.692245
0.692245
0.351978
0.351978
0.336270
0.336270
0.267082
0.267082
0.385377
0.385377
0.218278
0.218278
0.455837
0.455837
0.295666
0.295666
0.252188
0.252188
0.258300
0.258300
0.325821
0.325821
0.325415
0.325415
0.532498
0.532498
0.447627
0.447627
0.428151
0.428151
0.267178
0.267178
0.306361
0.306361
0.241095
0.241095
0.806012
0.806012
0.452538
0.452538
0.404780
0.404780
0.376433
0.376433
0.478090
0.478090
0.285762
0.285762
0.352499
0.352499
0.456893
0.456893
0.277292
0.277292
0.324808
0.324808
0.244576
0.244576
0.332796
0.332796
0.769003
0.769003
0.462152
0.462152
0.512426
0.512426
0.406145
0.406145
0.355634
0.355634
0.470650
0.470650
0.279169
0.279169
0.311563
0.311563
0.304682
0.304682
0.557035
0.557035
0.402522
0.402522
0.278523
0.278523
0.467234
0.467234
0.433778
0.433778
0.371336
0.371336
0.707161
0.707161
0.392836
0.392836
0.727937
0.727937
0.276655
0.276655
0.644127
0.644127
0.713092
0.713092
0.485856
0.485856
0.827513
0.827513
0.454314
0.454314
0.509476
0.509476
0.371198
0.371198
0.472966
0.472966
0.208559
0.208559
0.406811
0.406811
0.445343
0.445343
0.311922
0.311922
0.549928
0.549928
0.299653
0.299653
0.369234
0.369234
0.164055
0.164055
0.410840
0.410840
0.157393
0.157393
0.502332
0.502332
0.304039
0.304039
0.301283
0.301283
0.305128
0.305128
0.271614
0.271614
0.275933
0.275933
0.354913
0.354913
0.287024
0.287024
0.333293
0.333293
0.460719
0.460719
0.960574
0.960574
0.762838
0.762838
0.194633
0.194633
0.333575
0.333575
0.326747
0.326747
0.248736
0.248736
0.244919
0.244919
0.386508
0.386508
0.282790
0.282790
0.233868
0.233868
0.320411
0.320411
0.335392
0.335392
0.569087
0.569087
0.320770
0.320770
0.600044
0.600044
0.454625
0.454625
0.742131
0.742131
0.531245
0.531245
0.509350
0.509350
0.297600
0.297600
0.373162
0.373162
0.243422
0.243422
0.577544
0.577544
0.307566
0.307566
0.326431
0.326431
0.640425
0.640425
0.458355
0.458355
0.400850
0.400850
0.492564
0.492564
0.399612
0.399612
0.632852
0.632852
0.436017
0.436017
0.264880
0.264880
0.438077
0.438077
0.388903
0.388903
0.328289
0.328289
0.551872
0.551872
0.274161
0.274161
0.584248
0.584248
0.419089
0.419089
0.937825
0.937825
0.580418
0.580418
0.361634
0.361634
0.486830
0.486830
0.986104
0.986104
0.401436
0.401436
0.633797
0.633797
0.484510
0.484510
0.381404
0.381404
0.220853
0.220853
0.562707
0.562707
0.499721
0.499721
0.391104
0.391104
0.466471
0.466471
0.358427
0.358427
0.553573
0.553573
0.569677
0.569677
0.526398
0.526398
0.504805
0.504805
0.863195
0.863195
0.402190
0.402190
0.341424
0.341424
0.608134
0.608134
0.891935
0.891935
0.396976
0.396976
0.400370
0.400370
0.386884
0.386884
0.485838
0.485838
0.287663
0.287663
0.286787
0.286787
0.113007
0.113007
0.328307
0.328307
0.507938
0.507938
0.526758
0.526758
0.351056
0.351056
0.283177
0.283177
0.651120
0.651120
0.364018
0.364018
0.352621
0.352621
0.267406
0.267406
0.537338
0.537338
0.222560
0.222560
0.355520
0.355520
0.734137
0.734137
0.496814
0.496814
0.373762
0.373762
0.375447
0.375447
0.545768
0.545768
0.544877
0.544877
0.254020
0.254020
0.992444
0.992444
0.444005
0.444005
0.224017
0.224017
0.351767
0.351767
0.453849
0.453849
0.345069
0.345069
0.376980
0.376980
0.229682
0.229682
0.714724
0.714724
0.461942
0.461942
0.250434
0.250434
0.217241
0.217241
0.177287
0.177287
0.168296
0.168296
0.357077
0.357077
0.278912
0.278912
0.536714
0.536714
0.753252
0.753252
0.696330
0.696330
0.284861
0.284861
0.219145
0.219145
0.512306
0.512306
0.520686
0.520686
0.394548
0.394548
0.237693
0.237693
0.308960
0.308960
0.553849
0.553849
0.228694
0.228694
0.492113
0.492113
0.269016
0.269016
0.915581
0.915581
0.571665
0.571665
0.362341
0.362341
0.913946
0.913946
0.297792
0.297792
0.486210
0.486210
0.642811
0.642811
0.485833
0.485833
0.262943
0.262943
0.540822
0.540822
0.592483
0.592483
0.575195
0.575195
0.192799
0.192799
0.325862
0.325862
0.542660
0.542660
0.444509
0.444509
0.266630
0.266630
0.382674
0.382674
0.250241
0.250241
0.514597
0.514597
0.275885
0.275885
0.642652
0.642652
0.660116
0.660116
0.338666
0.338666
0.744966
0.744966
0.342168
0.342168
0.537162
0.537162
0.613237
0.613237
0.416765
0.416765
0.433956
0.433956
0.534274
0.534274
0.439817
0.439817
0.814769
0.814769
0.313507
0.313507
0.421113
0.421113
0.354433
0.354433
0.386234
0.386234
0.403900
0.403900
0.293948
0.293948
0.349266
0.349266
0.267012
0.267012
0.343324
0.343324
0.340385
0.340385
0.690798
0.690798
0.374995
0.374995
0.410949
0.410949
0.347148
0.347148
0.262562
0.262562
0.392445
0.392445
0.246004
0.246004
0.360508
0.360508
0.303606
0.303606
0.280623
0.280623
0.553951
0.553951
0.290834
0.290834
0.316994
0.316994
0.341458
0.341458
0.587957
0.587957
0.481292
0.481292
0.415900
0.415900
0.351068
0.351068
0.335561
0.335561
0.463144
0.463144
0.283567
0.283567
0.228885
0.228885
0.499333
0.499333
0.446036
0.446036
0.321729
0.321729
0.540212
0.540212
0.444914
0.444914
0.356949
0.356949
0.400394
0.400394
0.486761
0.486761
0.365921
0.365921
0.330820
0.330820
0.865959
0.865959
0.325969
0.325969
0.536041
0.536041
0.383840
0.383840
0.550884
0.550884
0.342805
0.342805
0.363835
0.363835
0.271129
0.271129
0.266237
0.266237
0.379157
0.379157
0.392052
0.392052
0.451249
0.451249
0.219002
0.219002
0.465535
0.465535
0.167264
0.167264
0.661056
0.661056
0.482125
0.482125
0.318807
0.318807
0.419132
0.419132
0.363288
0.363288
0.343051
0.343051
0.451274
0.451274
0.339924
0.339924
0.215491
0.215491
0.400965
0.400965
0.262049
0.262049
0.229636
0.229636
0.256943
0.256943
0.654410
0.654410
0.351102
0.351102
0.317611
0.317611
0.400549
0.400549
0.652029
0.652029
0.510469
0.510469
0.568035
0.568035
0.335025
0.335025
0.326936
0.326936
0.305521
0.305521
0.798739
0.798739
0.498981
0.498981
0.290201
0.290201
0.570229
0.570229
0.649073
0.649073
0.253167
0.253167
0.557502
0.557502
0.370620
0.370620
0.327315
0.327315
0.281188
0.281188
0.179603
0.179603
0.462127
0.462127
0.339503
0.339503
0.170569
0.170569
0.245015
0.245015
0.586836
0.586836
0.733501
0.733501
0.340270
0.340270
0.559826
0.559826
0.404059
0.404059
0.363630
0.363630
0.292759
0.292759
0.539686
0.539686
0.363438
0.363438
0.411716
0.411716
0.310450
0.310450
0.327495
0.327495
0.410332
0.410332
0.478637
0.478637
0.303050
0.303050
0.683605
0.683605
0.381279
0.381279
0.632950
0.632950
0.488326
0.488326
0.195360
0.195360
0.321735
0.321735
0.469925
0.469925
0.362966
0.362966
0.370880
0.370880
0.323459
0.323459
0.356406
0.356406
0.601394
0.601394
0.193072
0.193072
0.228858
0.228858
0.444050
0.444050
0.198677
0.198677
0.257157
0.257157
0.293007
0.293007
0.605465
0.605465
0.473747
0.473747
0.317210
0.317210
0.249426
0.249426
0.217532
0.217532
0.204442
0.204442
0.407925
0.407925
0.406388
0.406388
0.778469
0.778469
0.331018
0.331018
0.451271
0.451271
0.498466
0.498466
0.523273
0.523273
0.390705
0.390705
0.364031
0.364031
0.196175
0.196175
0.312989
0.312989
0.721943
0.721943
0.522633
0.522633
0.401256
0.401256
0.423547
0.423547
0.437928
0.437928
0.480740
0.480740
0.248377
0.248377
0.314951
0.314951
0.459114
0.459114
0.582044
0.582044
0.633643
0.633643
0.496073
0.496073
0.303373
0.303373
0.596112
0.596112
0.357287
0.357287
0.506887
0.506887
0.327573
0.327573
0.398204
0.398204
0.447071
0.447071
0.507599
0.507599
0.489496
0.489496
0.184596
0.184596
0.465084
0.465084
0.662117
0.662117
0.375546
0.375546
0.380066
0.380066
0.263857
0.263857
0.356129
0.356129
0.329034
0.329034
0.606418
0.606418
0.343663
0.343663
0.357961
0.357961
0.598476
0.598476
0.203937
0.203937
0.398892
0.398892
0.372579
0.372579
0.282064
0.282064
0.460479
0.460479
0.332022
0.332022
0.725017
0.725017
0.536474
0.536474
0.758616
0.758616
0.428184
0.428184
0.443338
0.443338
0.249538
0.249538
0.353659
0.353659
0.622045
0.622045
0.199428
0.199428
0.627793
0.627793
0.647378
0.647378
0.524217
0.524217
0.278473
0.278473
0.227979
0.227979
0.428512
0.428512
0.430044
0.430044
0.545298
0.545298
0.591753
0.591753
0.410785
0.410785
0.439709
0.439709
0.244935
0.244935
0.440177
0.440177
0.458527
0.458527
0.672880
0.672880
0.525183
0.525183
0.758295
0.758295
0.262895
0.262895
0.375535
0.375535
0.463616
0.463616
0.449586
0.449586
0.284165
0.284165
0.397669
0.397669
0.478748
0.478748
0.532436
0.532436
0.273468
0.273468
0.916229
0.916229
0.624834
0.624834
0.980948
0.980948
0.822170
0.822170
0.423332
0.423332
0.369942
0.369942
0.272945
0.272945
0.814727
0.814727
0.211709
0.211709
0.806873
0.806873
0.293292
0.293292
0.172932
0.172932
0.514870
0.514870
0.517413
0.517413
0.424370
0.424370
0.549506
0.549506
0.400337
0.400337
0.500152
0.500152
0.436232
0.436232
0.567976
0.567976
0.274070
0.274070
0.368912
0.368912
0.544005
0.544005
0.307772
0.307772
0.504498
0.504498
0.394877
0.394877
0.381331
0.381331
0.418164
0.418164
0.226984
0.226984
0.768202
0.768202
0.174719
0.174719
0.427616
0.427616
0.418083
0.418083
0.295409
0.295409
0.274066
0.274066
0.243425
0.243425
0.333801
0.333801
0.598782
0.598782
0.411932
0.411932
0.427985
0.427985
0.442353
0.442353
0.281725
0.281725
0.742038
0.742038
0.531536
0.531536
0.583071
0.583071
0.504055
0.504055
0.336273
0.336273
0.360572
0.360572
0.376806
0.376806
0.181234
0.181234
0.588740
0.588740
0.349058
0.349058
0.550667
0.550667
0.240173
0.240173
0.348427
0.348427
0.353689
0.353689
0.547532
0.547532
0.465978
0.465978
0.624308
0.624308
0.418628
0.418628
0.227968
0.227968
0.441464
0.441464
0.407735
0.407735
0.293869
0.293869
0.370253
0.370253
0.448013
0.448013
0.529275
0.529275
0.267747
0.267747
0.482386
0.482386
0.481874
0.481874
0.285834
0.285834
0.306246
0.306246
0.470912
0.470912
0.490693
0.490693
0.464413
0.464413
0.263553
0.263553
0.324066
0.324066
0.328512
0.328512
0.431088
0.431088
0.505490
0.505490
0.327752
0.327752
0.381347
0.381347
0.240877
0.240877
0.287841
0.287841
0.313623
0.313623
0.570472
0.570472
0.507979
0.507979
0.393390
0.393390
0.288062
0.288062
0.374017
0.374017
0.293928
0.293928
0.455575
0.455575
0.325475
0.325475
0.186370
0.186370
0.415159
0.415159
0.354396
0.354396
0.370361
0.370361
0.211836
0.211836
0.430231
0.430231
0.466205
0.466205
0.271336
0.271336
0.356691
0.356691
0.483208
0.483208
0.311541
0.311541
0.223518
0.223518
0.311274
0.311274
0.170803
0.170803
0.403265
0.403265
0.379842
0.379842
0.209043
0.209043
0.484186
0.484186
0.335943
0.335943
0.434069
0.434069
0.494871
0.494871
0.280276
0.280276
0.298620
0.298620
0.316583
0.316583
0.592800
0.592800
0.474673
0.474673
0.352970
0.352970
0.423540
0.423540
0.318998
0.318998
0.273045
0.273045
0.233907
0.233907
0.251073
0.251073
0.503567
0.503567
0.309971
0.309971
0.348971
0.348971
0.277812
0.277812
0.244458
0.244458
0.793060
0.793060
0.312140
0.312140
0.796914
0.796914
0.492080
0.492080
0.384507
0.384507
0.523206
0.523206
0.507289
0.507289
0.320015
0.320015
0.397243
0.397243
0.797097
0.797097
0.277391
0.277391
0.429256
0.429256
0.383005
0.383005
0.388446
0.388446
0.525373
0.525373
0.457255
0.457255
0.302307
0.302307
0.571811
0.571811
0.292805
0.292805
0.460458
0.460458
0.298588
0.298588
0.424767
0.424767
0.356815
0.356815
0.475654
0.475654
0.379094
0.379094
0.244285
0.244285
0.416638
0.416638
0.476191
0.476191
0.378195
0.378195
0.362909
0.362909
0.314443
0.314443
0.321422
0.321422
0.260684
0.260684
0.303421
0.303421
0.341997
0.341997
0.607105
0.607105
0.656139
0.656139
0.142019
0.142019
0.441576
0.441576
0.260613
0.260613
0.912972
0.912972
0.298518
0.298518
0.399655
0.399655
0.294132
0.294132
0.469752
0.469752
0.249449
0.249449
0.263345
0.263345
0.248616
0.248616
0.318505
0.318505
0.344533
0.344533
0.436758
0.436758
0.246121
0.246121
0.287643
0.287643
0.547401
0.547401
0.282364
0.282364
0.719042
0.719042
0.392961
0.392961
0.422674
0.422674
0.407198
0.407198
0.840882
0.840882
0.542701
0.542701
0.353174
0.353174
0.400164
0.400164
0.475887
0.475887
0.548333
0.548333
0.715647
0.715647
0.365044
0.365044
0.330423
0.330423
0.147807
0.147807
0.481856
0.481856
0.402846
0.402846
0.388859
0.388859
0.508193
0.508193
0.757271
0.757271
0.843788
0.843788
0.366790
0.366790
0.368528
0.368528
0.399184
0.399184
0.295734
0.295734
0.399835
0.399835
0.496648
0.496648
0.489187
0.489187
0.612851
0.612851
0.238219
0.238219
0.273899
0.273899
0.542700
0.542700
0.350624
0.350624
0.211584
0.211584
0.255476
0.255476
0.555170
0.555170
0.975929
0.975929
0.338104
0.338104
0.272882
0.272882
0.514773
0.514773
0.361918
0.361918
0.325926
0.325926
0.373304
0.373304
0.744282
0.744282
0.426457
0.426457
0.819458
0.819458
0.428282
0.428282
0.466895
0.466895
0.321643
0.321643
0.266212
0.266212
0.306833
0.306833
0.570851
0.570851
0.275274
0.275274
0.337887
0.337887
0.253703
0.253703
0.328535
0.328535
0.410367
0.410367
0.252199
0.252199
0.541619
0.541619
0.301602
0.301602
0.356489
0.356489
0.205220
0.205220
0.510579
0.510579
0.443637
0.443637
0.471204
0.471204
0.349881
0.349881
0.547639
0.547639
0.662925
0.662925
0.457383
0.457383
0.343567
0.343567
0.359863
0.359863
0.458061
0.458061
0.542251
0.542251
0.435922
0.435922
0.228069
0.228069
0.724953
0.724953
0.281871
0.281871
0.269857
0.269857
0.267332
0.267332
0.487212
0.487212
0.617745
0.617745
0.560568
0.560568
0.456239
0.456239
0.408142
0.408142
0.630273
0.630273
0.553813
0.553813
0.484895
0.484895
0.481417
0.481417
0.322216
0.322216
0.594696
0.594696
0.269850
0.269850
0.234285
0.234285
0.376123
0.376123
0.445469
0.445469
0.402313
0.402313
0.266761
0.266761
0.264579
0.264579
0.344254
0.344254
0.187146
0.187146
0.278736
0.278736
0.528930
0.528930
0.236278
0.236278
0.456209
0.456209
0.469911
0.469911
0.441021
0.441021
0.611255
0.611255
0.384801
0.384801
0.514092
0.514092
0.383633
0.383633
0.889668
0.889668
0.228159
0.228159
0.458436
0.458436
0.334785
0.334785
0.480432
0.480432
0.324747
0.324747
0.518666
0.518666
0.251879
0.251879
0.451020
0.451020
0.494796
0.494796
0.390151
0.390151
0.741211
0.741211
0.337093
0.337093
0.406588
0.406588
0.366164
0.366164
0.227443
0.227443
0.446128
0.446128
0.465491
0.465491
0.599040
0.599040
0.387613
0.387613
0.622461
0.622461
0.637694
0.637694
0.383435
0.383435
0.359020
0.359020
0.220143
0.220143
0.605195
0.605195
0.216554
0.216554
0.252680
0.252680
0.308584
0.308584
0.920597
0.920597
0.286364
0.286364
0.392832
0.392832
0.458265
0.458265
0.463879
0.463879
0.453413
0.453413
0.377012
0.377012
0.170046
0.170046
0.502308
0.502308
0.680353
0.680353
0.433825
0.433825
0.372622
0.372622
0.734034
0.734034
0.588980
0.588980
0.232785
0.232785
0.372067
0.372067
0.344286
0.344286
0.751593
0.751593
0.516687
0.516687
0.334031
0.334031
0.199022
0.199022
0.427155
0.427155
0.201487
0.201487
0.523229
0.523229
0.341416
0.341416
0.497240
0.497240
0.277124
0.277124
0.551966
0.551966
0.343706
0.343706
0.356181
0.356181
0.516650
0.516650
0.338961
0.338961
0.337360
0.337360
0.637752
0.637752
0.499062
0.499062
0.496461
0.496461
0.389221
0.389221
0.388340
0.388340
0.496337
0.496337
0.294451
0.294451
0.443061
0.443061
0.322128
0.322128
0.647233
0.647233
0.457200
0.457200
0.325889
0.325889
0.520783
0.520783
0.426567
0.426567
0.252288
0.252288
0.449490
0.449490
0.442255
0.442255
0.618500
0.618500
0.331449
0.331449
0.596331
0.596331
0.433694
0.433694
0.402911
0.402911
0.403194
0.403194
0.362278
0.362278
0.626217
0.626217
0.309135
0.309135
0.556040
0.556040
0.610624
0.610624
0.335027
0.335027
0.528827
0.528827
0.373298
0.373298
0.421353
0.421353
0.386258
0.386258
0.539099
0.539099
0.463179
0.463179
0.444370
0.444370
0.309871
0.309871
0.240422
0.240422
0.277193
0.277193
0.407595
0.407595
0.521315
0.521315
0.612211
0.612211
0.346629
0.346629
0.380996
0.380996
0.396124
0.396124
0.710463
0.710463
0.516749
0.516749
0.314546
0.314546
0.282185
0.282185
0.602737
0.602737
0.632664
0.632664
0.335422
0.335422
0.456752
0.456752
0.419998
0.419998
0.615739
0.615739
0.265532
0.265532
0.339683
0.339683
0.322908
0.322908
0.460185
0.460185
0.402488
0.402488
0.252218
0.252218
0.251496
0.251496
0.437250
0.437250
0.277952
0.277952
0.267354
0.267354
0.396630
0.396630
0.351128
0.351128
0.614670
0.614670
0.451843
0.451843
0.369920
0.369920
0.228450
0.228450
0.207477
0.207477
0.467100
0.467100
0.381759
0.381759
0.280113
0.280113
0.441081
0.441081
0.270421
0.270421
0.410228
0.410228
0.293517
0.293517
0.390883
0.390883
0.355390
0.355390
0.357778
0.357778
0.777927
0.777927
0.373868
0.373868
0.614210
0.614210
0.328694
0.328694
0.478638
0.478638
0.368318
0.368318
0.347929
0.347929
0.470787
0.470787
0.487338
0.487338
0.269504
0.269504
0.675083
0.675083
0.392479
0.392479
0.382441
0.382441
0.636421
0.636421
0.304926
0.304926
0.363775
0.363775
0.216803
0.216803
0.322769
0.322769
0.633486
0.633486
0.440542
0.440542
0.222851
0.222851
0.386818
0.386818
0.445852
0.445852
0.526726
0.526726
0.330855
0.330855
0.343170
0.343170
0.632072
0.632072
0.364979
0.364979
0.436473
0.436473
0.284707
0.284707
0.588829
0.588829
0.399908
0.399908
0.512667
0.512667
0.301350
0.301350
0.406684
0.406684
0.354052
0.354052
0.540402
0.540402
0.245825
0.245825
0.366585
0.366585
0.454633
0.454633
1.021595
1.021595
0.410269
0.410269
0.329099
0.329099
0.367645
0.367645
0.530295
0.530295
0.304804
0.304804
0.243159
0.243159
0.467101
0.467101
0.483611
0.483611
0.361524
0.361524
0.408439
0.408439
0.338474
0.338474
0.267569
0.267569
0.380699
0.380699
0.536455
0.536455
0.374780
0.374780
0.434801
0.434801
0.226420
0.226420
0.693353
0.693353
0.155297
0.155297
0.234028
0.234028
0.640544
0.640544
0.419087
0.419087
0.485937
0.485937
0.321016
0.321016
0.373892
0.373892
0.646916
0.646916
0.336948
0.336948
0.414898
0.414898
0.370082
0.370082
0.468425
0.468425
0.278844
0.278844
0.333762
0.333762
0.462271
0.462271
0.351219
0.351219
0.552575
0.552575
0.176644
0.176644
0.404849
0.404849
0.342488
0.342488
0.365503
0.365503
0.159633
0.159633
0.470378
0.470378
0.471682
0.471682
0.524540
0.524540
0.197093
0.197093
0.313801
0.313801
0.288378
0.288378
0.589436
0.589436
0.333729
0.333729
0.797071
0.797071
0.432520
0.432520
0.430768
0.430768
0.393154
0.393154
0.137916
0.137916
0.380210
0.380210
0.577566
0.577566
0.282320
0.282320
0.384114
0.384114
0.429752
0.429752
0.513275
0.513275
0.590602
0.590602
0.771845
0.771845
0.264885
0.264885
0.363358
0.363358
0.583546
0.583546
0.715338
0.715338
0.368505
0.368505
0.280978
0.280978
0.549124
0.549124
0.741446
0.741446
0.413793
0.413793
0.568809
0.568809
0.382302
0.382302
0.258146
0.258146
0.421936
0.421936
0.482235
0.482235
0.562629
0.562629
0.508213
0.508213
0.248138
0.248138
0.324384
0.324384
0.539267
0.539267
0.453438
0.453438
0.494251
0.494251
0.192814
0.192814
0.306293
0.306293
0.516144
0.516144
0.323267
0.323267
0.339198
0.339198
0.464232
0.464232
0.307053
0.307053
0.225423
0.225423
0.301391
0.301391
0.318080
0.318080
0.760625
0.760625
0.404679
0.404679
0.225006
0.225006
0.415306
0.415306
0.247204
0.247204
0.775374
0.775374
0.579984
0.579984
0.250505
0.250505
0.208217
0.208217
0.351977
0.351977
0.393192
0.393192
0.704861
0.704861
0.643080
0.643080
0.343846
0.343846
0.189337
0.189337
0.464257
0.464257
0.386118
0.386118
0.501763
0.501763
0.358362
0.358362
0.323987
0.323987
0.645889
0.645889
0.309935
0.309935
0.564047
0.564047
0.221260
0.221260
0.639919
0.639919
0.184648
0.184648
0.258057
0.258057
0.503200
0.503200
0.705879
0.705879
0.312719
0.312719
0.257732
0.257732
0.528478
0.528478
0.620342
0.620342
0.504408
0.504408
0.393850
0.393850
0.200925
0.200925
0.274353
0.274353
0.289911
0.289911
0.248876
0.248876
0.673780
0.673780
0.250969
0.250969
0.637890
0.637890
0.594806
0.594806
0.366973
0.366973
0.489302
0.489302
0.410458
0.410458
0.313715
0.313715
0.402479
0.402479
0.213349
0.213349
0.706205
0.706205
0.204554
0.204554
0.849440
0.849440
0.351407
0.351407
0.541144
0.541144
0.292546
0.292546
0.269538
0.269538
0.379809
0.379809
0.494870
0.494870
0.437496
0.437496
0.382254
0.382254
0.177984
0.177984
0.305371
0.305371
0.530763
0.530763
0.271239
0.271239
0.327207
0.327207
0.596183
0.596183
0.192728
0.192728
0.613392
0.613392
0.316598
0.316598
0.496241
0.496241
0.273706
0.273706
0.201082
0.201082
0.195381
0.195381
0.202267
0.202267
0.360257
0.360257
0.178359
0.178359
0.255127
0.255127
0.310896
0.310896
0.989144
0.989144
0.330431
0.330431
0.253898
0.253898
0.405781
0.405781
0.453613
0.453613
0.240932
0.240932
0.895055
0.895055
0.516360
0.516360
0.344575
0.344575
0.394547
0.394547
0.429683
0.429683
0.594263
0.594263
0.360942
0.360942
0.373209
0.373209
0.235604
0.235604
0.305915
0.305915
0.257922
0.257922
0.733752
0.733752
0.574084
0.574084
0.550919
0.550919
0.637014
0.637014
0.279033
0.279033
0.286812
0.286812
0.436782
0.436782
0.377085
0.377085
0.404561
0.404561
0.517756
0.517756
0.499819
0.499819
0.772139
0.772139
0.344509
0.344509
0.330830
0.330830
0.514994
0.514994
0.190932
0.190932
0.849505
0.849505
0.390259
0.390259
0.297157
0.297157
0.359884
0.359884
0.303433
0.303433
0.411776
0.411776
0.146943
0.146943
0.641403
0.641403
0.336778
0.336778
0.314170
0.314170
0.405101
0.405101
0.461486
0.461486
0.395286
0.395286
0.395633
0.395633
0.390243
0.390243
0.261160
0.261160
0.364446
0.364446
0.344663
0.344663
0.418492
0.418492
0.351672
0.351672
0.628664
0.628664
0.403492
0.403492
0.682851
0.682851
0.441292
0.441292
0.276845
0.276845
0.251466
0.251466
0.416700
0.416700
0.363383
0.363383
0.301549
0.301549
0.408675
0.408675
0.338820
0.338820
0.489981
0.489981
0.413369
0.413369
0.363987
0.363987
0.508281
0.508281
0.747967
0.747967
0.277954
0.277954
0.480046
0.480046
0.213823
0.213823
0.411740
0.411740
0.358345
0.358345
0.416107
0.416107
0.447541
0.447541
0.491591
0.491591
0.497091
0.497091
0.547237
0.547237
0.380434
0.380434
0.345373
0.345373
0.450549
0.450549
0.464480
0.464480
0.430193
0.430193
0.297585
0.297585
0.216907
0.216907
0.319917
0.319917
0.415840
0.415840
0.326885
0.326885
0.934593
0.934593
0.416976
0.416976
0.448048
0.448048
0.182321
0.182321
0.364796
0.364796
0.528517
0.528517
0.774354
0.774354
0.303881
0.303881
0.490835
0.490835
0.322528
0.322528
0.382129
0.382129
0.744613
0.744613
0.265550
0.265550
0.446600
0.446600
0.470251
0.470251
0.246592
0.246592
0.308792
0.308792
0.190788
0.190788
0.285122
0.285122
0.357770
0.357770
0.354473
0.354473
0.333972
0.333972
0.538383
0.538383
0.308148
0.308148
0.638748
0.638748
0.253800
0.253800
0.405277
0.405277
0.414587
0.414587
0.429237
0.429237
0.231635
0.231635
0.583223
0.583223
0.289387
0.289387
0.216396
0.216396
1.012649
1.012649
0.817923
0.817923
0.368770
0.368770
0.248378
0.248378
0.476535
0.476535
0.399462
0.399462
0.360997
0.360997
0.210379
0.210379
0.517857
0.517857
0.231162
0.231162
0.386053
0.386053
0.589806
0.589806
0.612599
0.612599
0.224790
0.224790
0.389083
0.389083
0.251183
0.251183
0.754146
0.754146
0.343598
0.343598
0.358125
0.358125
0.302343
0.302343
0.309793
0.309793
0.406719
0.406719
0.586677
0.586677
0.184362
0.184362
0.335994
0.335994
0.420298
0.420298
0.410710
0.410710
0.378684
0.378684
0.221537
0.221537
0.406434
0.406434
0.278358
0.278358
0.345752
0.345752
0.302079
0.302079
0.376658
0.376658
0.480556
0.480556
0.384192
0.384192
0.297067
0.297067
0.348784
0.348784
0.568554
0.568554
0.365267
0.365267
0.397754
0.397754
0.262660
0.262660
0.356510
0.356510
0.733852
0.733852
0.372115
0.372115
0.475715
0.475715
0.571173
0.571173
0.184166
0.184166
0.220389
0.220389
0.641871
0.641871
0.278008
0.278008
0.523058
0.523058
0.414531
0.414531
0.198031
0.198031
0.554242
0.554242
0.166293
0.166293
0.490586
0.490586
0.464339
0.464339
0.647892
0.647892
0.265626
0.265626
0.417248
0.417248
0.321832
0.321832
0.197426
0.197426
0.515515
0.515515
0.405059
0.405059
0.378903
0.378903
0.496918
0.496918
0.341175
0.341175
0.491521
0.491521
0.327946
0.327946
0.248153
0.248153
0.233484
0.233484
0.326225
0.326225
0.239541
0.239541
0.323605
0.323605
0.545386
0.545386
0.555403
0.555403
0.628755
0.628755
0.210496
0.210496
0.422487
0.422487
0.333062
0.333062
0.634387
0.634387
0.265445
0.265445
0.284957
0.284957
0.663957
0.663957
0.420888
0.420888
0.289255
0.289255
0.727075
0.727075
0.415650
0.415650
0.420636
0.420636
0.612070
0.612070
0.408379
0.408379
0.332380
0.332380
0.326729
0.326729
0.549871
0.549871
0.300015
0.300015
0.524198
0.524198
0.544671
0.544671
0.417440
0.417440
0.783022
0.783022
0.181105
0.181105
0.475584
0.475584
0.480235
0.480235
0.457086
0.457086
0.315714
0.315714
0.252013
0.252013
0.278694
0.278694
0.382777
0.382777
0.425763
0.425763
0.283226
0.283226
0.316592
0.316592
0.237141
0.237141
0.591124
0.591124
0.505394
0.505394
0.416400
0.416400
0.243327
0.243327
0.583077
0.583077
0.639191
0.639191
0.232464
0.232464
0.281339
0.281339
0.530730
0.530730
0.396828
0.396828
0.445012
0.445012
0.367927
0.367927
0.245902
0.245902
0.698824
0.698824
0.505525
0.505525
0.818078
0.818078
0.272748
0.272748
0.399462
0.399462
0.445814
0.445814
0.558053
0.558053
0.297381
0.297381
0.387438
0.387438
0.175900
0.175900
0.251307
0.251307
0.260889
0.260889
0.703422
0.703422
0.280010
0.280010
0.310982
0.310982
0.518819
0.518819
0.214296
0.214296
0.709209
0.709209
0.565150
0.565150
0.617694
0.617694
0.735510
0.735510
0.487667
0.487667
0.663511
0.663511
0.620688
0.620688
0.375293
0.375293
0.401177
0.401177
0.317202
0.317202
0.322335
0.322335
0.278515
0.278515
0.450553
0.450553
0.342705
0.342705
0.415891
0.415891
0.636008
0.636008
0.243447
0.243447
0.610558
0.610558
0.571728
0.571728
0.371051
0.371051
0.734609
0.734609
0.477464
0.477464
0.338862
0.338862
0.268301
0.268301
0.432140
0.432140
0.381361
0.381361
0.481178
0.481178
0.378700
0.378700
0.522073
0.522073
0.876793
0.876793
0.588540
0.588540
0.474149
0.474149
0.389381
0.389381
0.566862
0.566862
0.137731
0.137731
0.395941
0.395941
0.262837
0.262837
0.267772
0.267772
0.414594
0.414594
0.225715
0.225715
0.433472
0.433472
0.576288
0.576288
0.502991
0.502991
0.279920
0.279920
0.445108
0.445108
0.382217
0.382217
0.629295
0.629295
1.082899
1.082899
0.348406
0.348406
0.503000
0.503000
0.471702
0.471702
0.204573
0.204573
0.915012
0.915012
0.541930
0.541930
0.309830
0.309830
0.414800
0.414800
0.380105
0.380105
0.374562
0.374562
0.527724
0.527724
0.347350
0.347350
0.503413
0.503413
0.687170
0.687170
0.246199
0.246199
0.567378
0.567378
0.274829
0.274829
0.269433
0.269433
0.252880
0.252880
0.363936
0.363936
0.414882
0.414882
0.626575
0.626575
0.387528
0.387528
0.300459
0.300459
0.520518
0.520518
0.327335
0.327335
0.361837
0.361837
0.717606
0.717606
0.282964
0.282964
0.406494
0.406494
0.470492
0.470492
0.450842
0.450842
0.295405
0.295405
0.310976
0.310976
0.534204
0.534204
0.444970
0.444970
0.269821
0.269821
0.358684
0.358684
0.772119
0.772119
0.712676
0.712676
0.521913
0.521913
0.468645
0.468645
0.403164
0.403164
0.506349
0.506349
1.001475
1.001475
0.435264
0.435264
0.301693
0.301693
0.601414
0.601414
0.271707
0.271707
0.307596
0.307596
0.517564
0.517564
0.368748
0.368748
0.317048
0.317048
0.292277
0.292277
0.354997
0.354997
0.420866
0.420866
0.267053
0.267053
0.361260
0.361260
0.244491
0.244491
0.540946
0.540946
0.332427
0.332427
0.205210
0.205210
0.394884
0.394884
0.453566
0.453566
0.231899
0.231899
0.436450
0.436450
0.468290
0.468290
0.379405
0.379405
0.369995
0.369995
0.362794
0.362794
0.202095
0.202095
0.183415
0.183415
0.280078
0.280078
0.154039
0.154039
0.473953
0.473953
0.742900
0.742900
0.263254
0.263254
0.361256
0.361256
0.467767
0.467767
0.275452
0.275452
0.490288
0.490288
0.261271
0.261271
0.358976
0.358976
0.368625
0.368625
0.320083
0.320083
0.274336
0.274336
0.262248
0.262248
0.301121
0.301121
0.308184
0.308184
0.386100
0.386100
0.479684
0.479684
0.402155
0.402155
0.265907
0.265907
0.478602
0.478602
0.512197
0.512197
0.604213
0.604213
0.628947
0.628947
0.287125
0.287125
0.172932
0.172932
0.328976
0.328976
0.290169
0.290169
0.521586
0.521586
0.528818
0.528818
0.703880
0.703880
0.284718
0.284718
0.538486
0.538486
0.624614
0.624614
0.545499
0.545499
0.742519
0.742519
0.448763
0.448763
0.501936
0.501936
0.347542
0.347542
0.336360
0.336360
0.482049
0.482049
0.435146
0.435146
0.476353
0.476353
0.412253
0.412253
0.222767
0.222767
0.428522
0.428522
0.424471
0.424471
0.388986
0.388986
0.572103
0.572103
0.604760
0.604760
0.428279
0.428279
0.374688
0.374688
0.355163
0.355163
0.280601
0.280601
0.637427
0.637427
0.552404
0.552404
0.479504
0.479504
0.205556
0.205556
0.239076
0.239076
0.478557
0.478557
0.250656
0.250656
0.363887
0.363887
0.379840
0.379840
0.285210
0.285210
0.405199
0.405199
0.239390
0.239390
0.279620
0.279620
0.551966
0.551966
0.370163
0.370163
0.357278
0.357278
0.413564
0.413564
0.591025
0.591025
0.202371
0.202371
0.374009
0.374009
0.270600
0.270600
0.508992
0.508992
0.441850
0.441850
0.459040
0.459040
0.331947
0.331947
0.445374
0.445374
0.804043
0.804043
0.250512
0.250512
0.284354
0.284354
0.548813
0.548813
0.388361
0.388361
0.289404
0.289404
0.210491
0.210491
0.446283
0.446283
0.178849
0.178849
0.387827
0.387827
0.312627
0.312627
0.317570
0.317570
0.454015
0.454015
0.417223
0.417223
0.217671
0.217671
0.366621
0.366621
0.348310
0.348310
0.450577
0.450577
0.739157
0.739157
0.870365
0.870365
0.148210
0.148210
0.335196
0.335196
0.572639
0.572639
0.435879
0.435879
0.236767
0.236767
0.465041
0.465041
0.359479
0.359479
0.352239
0.352239
0.621481
0.621481
0.237254
0.237254
0.682718
0.682718
0.311875
0.311875
0.219196
0.219196
0.405145
0.405145
0.369793
0.369793
0.490013
0.490013
0.503163
0.503163
0.372166
0.372166
0.943221
0.943221
0.546287
0.546287
0.287834
0.287834
0.468250
0.468250
0.498348
0.498348
0.319638
0.319638
0.593662
0.593662
0.378736
0.378736
0.412831
0.412831
0.372653
0.372653
0.303621
0.303621
0.555683
0.555683
0.425621
0.425621
0.476244
0.476244
0.830111
0.830111
0.324921
0.324921
0.606762
0.606762
0.831362
0.831362
0.383484
0.383484
0.343111
0.343111
0.566101
0.566101
0.224190
0.224190
0.342786
0.342786
0.487042
0.487042
0.332505
0.332505
0.294666
0.294666
0.321962
0.321962
0.495893
0.495893
0.246354
0.246354
0.408138
0.408138
0.288326
0.288326
0.680180
0.680180
0.532960
0.532960
0.278953
0.278953
0.695088
0.695088
0.479508
0.479508
0.422279
0.422279
0.433418
0.433418
0.246247
0.246247
0.412247
0.412247
0.322523
0.322523
0.259795
0.259795
0.344403
0.344403
0.288831
0.288831
0.271343
0.271343
0.332302
0.332302
0.462851
0.462851
0.539472
0.539472
0.348249
0.348249
0.370002
0.370002
0.714255
0.714255
0.333488
0.333488
0.520337
0.520337
0.606897
0.606897
0.466284
0.466284
0.263330
0.263330
0.287981
0.287981
0.243520
0.243520
0.459909
0.459909
0.495654
0.495654
0.416977
0.416977
0.426627
0.426627
0.404811
0.404811
0.381627
0.381627
0.361009
0.361009
0.436142
0.436142
0.501641
0.501641
0.481562
0.481562
0.751543
0.751543
0.395113
0.395113
0.389775
0.389775
0.712904
0.712904
0.350883
0.350883
0.500492
0.500492
0.537221
0.537221
0.221863
0.221863
0.866179
0.866179
0.513249
0.513249
0.571436
0.571436
0.481940
0.481940
0.338999
0.338999
0.264242
0.264242
0.390570
0.390570
0.464628
0.464628
0.242021
0.242021
0.722984
0.722984
0.167326
0.167326
0.330274
0.330274
0.225294
0.225294
0.452006
0.452006
0.473141
0.473141
0.339400
0.339400
0.406134
0.406134
0.464279
0.464279
0.513869
0.513869
0.346819
0.346819
0.550603
0.550603
0.358472
0.358472
0.404620
0.404620
0.384324
0.384324
0.220542
0.220542
0.388102
0.388102
0.264489
0.264489
0.391135
0.391135
0.318195
0.318195
0.246335
0.246335
0.349935
0.349935
0.324679
0.324679
0.563008
0.563008
0.655297
0.655297
0.371386
0.371386
0.663720
0.663720
0.430840
0.430840
0.498705
0.498705
0.313082
0.313082
0.325348
0.325348
0.447033
0.447033
0.271438
0.271438
0.234081
0.234081
0.746481
0.746481
0.276236
0.276236
0.290548
0.290548
0.458486
0.458486
0.239892
0.239892
0.316702
0.316702
0.394598
0.394598
0.226089
0.226089
0.499413
0.499413
0.597178
0.597178
0.329393
0.329393
0.274475
0.274475
0.532015
0.532015
0.267871
0.267871
0.450969
0.450969
0.890778
0.890778
0.327570
0.327570
0.522100
0.522100
0.248464
0.248464
0.670657
0.670657
0.151342
0.151342
0.708217
0.708217
0.230482
0.230482
0.394627
0.394627
0.251502
0.251502
0.288579
0.288579
0.344178
0.344178
0.495058
0.495058
0.212813
0.212813
0.418391
0.418391
0.423102
0.423102
0.389543
0.389543
0.536780
0.536780
0.658841
0.658841
0.305313
0.305313
0.314036
0.314036
0.263733
0.263733
0.497880
0.497880
0.303680
0.303680
0.295277
0.295277
0.481225
0.481225
0.341571
0.341571
0.461203
0.461203
0.546306
0.546306
0.337425
0.337425
0.248098
0.248098
0.343049
0.343049
0.410556
0.410556
0.427865
0.427865
0.404033
0.404033
0.462217
0.462217
1.071719
1.071719
0.334813
0.334813
0.404787
0.404787
0.321607
0.321607
0.198321
0.198321
0.247743
0.247743
0.202893
0.202893
0.279264
0.279264
0.454084
0.454084
0.350067
0.350067
0.339952
0.339952
0.393711
0.393711
0.651350
0.651350
0.513830
0.513830
0.258531
0.258531
0.313754
0.313754
0.367315
0.367315
0.556160
0.556160
0.632863
0.632863
0.277047
0.277047
0.264193
0.264193
0.241138
0.241138
0.523135
0.523135
0.306851
0.306851
0.558418
0.558418
0.318534
0.318534
0.338084
0.338084
0.457121
0.457121
0.638133
0.638133
0.442548
0.442548
0.152940
0.152940
0.366384
0.366384
0.497507
0.497507
0.505882
0.505882
0.567754
0.567754
0.195374
0.195374
0.343414
0.343414
0.336959
0.336959
0.831433
0.831433
0.414385
0.414385
0.765709
0.765709
0.364340
0.364340
0.390597
0.390597
0.192200
0.192200
0.150322
0.150322
0.309466
0.309466
0.579566
0.579566
0.185875
0.185875
0.388306
0.388306
0.755470
0.755470
0.491279
0.491279
0.408902
0.408902
0.538341
0.538341
0.508681
0.508681
0.255624
0.255624
0.411445
0.411445
0.564429
0.564429
0.419996
0.419996
0.588787
0.588787
0.464886
0.464886
0.691692
0.691692
0.293712
0.293712
0.537203
0.537203
0.808876
0.808876
0.379880
0.379880
0.433167
0.433167
0.441653
0.441653
0.813253
0.813253
0.605192
0.605192
0.385397
0.385397
0.423689
0.423689
0.299111
0.299111
0.403428
0.403428
0.404263
0.404263
0.520892
0.520892
0.264918
0.264918
0.317112
0.317112
0.495237
0.495237
0.645663
0.645663
0.404240
0.404240
0.223109
0.223109
0.407941
0.407941
0.687729
0.687729
0.370789
0.370789
0.383123
0.383123
0.258098
0.258098
0.613325
0.613325
0.269920
0.269920
0.355230
0.355230
0.449053
0.449053
0.218397
0.218397
0.267189
0.267189
0.697542
0.697542
0.317076
0.317076
0.470401
0.470401
0.328457
0.328457
0.524639
0.524639
0.437663
0.437663
0.210391
0.210391
0.303349
0.303349
0.419333
0.419333
0.421757
0.421757
0.407000
0.407000
0.296561
0.296561
0.661848
0.661848
0.521124
0.521124
0.483908
0.483908
0.142432
0.142432
0.265453
0.265453
0.487726
0.487726
0.178060
0.178060
0.596571
0.596571
0.271572
0.271572
0.264560
0.264560
0.383564
0.383564
0.323200
0.323200
0.204761
0.204761
0.538270
0.538270
0.208743
0.208743
0.851704
0.851704
0.589298
0.589298
0.381092
0.381092
0.467085
0.467085
0.431402
0.431402
0.206258
0.206258
0.202212
0.202212
0.356333
0.356333
0.231150
0.231150
0.475581
0.475581
0.194615
0.194615
0.253699
0.253699
0.428076
0.428076
0.324033
0.324033
0.342618
0.342618
0.506796
0.506796
0.216227
0.216227
0.353338
0.353338
0.289644
0.289644
0.279086
0.279086
0.234529
0.234529
0.378319
0.378319
0.508387
0.508387
0.702958
0.702958
0.326621
0.326621
0.212990
0.212990
0.345021
0.345021
0.371515
0.371515
0.453630
0.453630
0.295853
0.295853
0.480379
0.480379
0.290337
0.290337
0.239873
0.239873
0.496108
0.496108
0.494963
0.494963
0.256043
0.256043
0.518928
0.518928
0.258453
0.258453
0.284335
0.284335
0.418577
0.418577
0.306540
0.306540
0.420881
0.420881
0.380048
0.380048
0.596833
0.596833
0.408686
0.408686
0.556506
0.556506
0.732441
0.732441
0.792856
0.792856
0.530275
0.530275
0.518432
0.518432
0.401937
0.401937
0.744776
0.744776
0.542350
0.542350
0.280254
0.280254
0.485293
0.485293
0.469184
0.469184
0.769138
0.769138
0.273193
0.273193
0.196690
0.196690
0.452246
0.452246
0.442911
0.442911
0.479680
0.479680
0.531940
0.531940
0.566766
0.566766
0.507065
0.507065
0.320705
0.320705
0.506842
0.506842
0.223550
0.223550
0.382601
0.382601
0.262699
0.262699
0.442366
0.442366
0.454688
0.454688
0.500651
0.500651
0.564315
0.564315
0.499546
0.499546
0.200641
0.200641
0.400778
0.400778
0.317126
0.317126
0.436664
0.436664
0.433036
0.433036
0.294478
0.294478
0.316603
0.316603
0.589798
0.589798
0.196033
0.196033
0.312663
0.312663
0.482322
0.482322
0.442041
0.442041
0.154299
0.154299
0.375876
0.375876
0.404274
0.404274
0.272858
0.272858
0.564328
0.564328
0.412092
0.412092
0.328383
0.328383
0.798356
0.798356
0.342945
0.342945
0.369678
0.369678
0.825838
0.825838
0.325294
0.325294
0.574351
0.574351
0.274007
0.274007
0.218344
0.218344
0.504558
0.504558
0.282468
0.282468
0.317392
0.317392
0.313385
0.313385
0.578022
0.578022
0.304633
0.304633
0.394329
0.394329
0.750471
0.750471
0.437969
0.437969
0.288022
0.288022
0.834773
0.834773
0.204606
0.204606
0.389357
0.389357
0.211759
0.211759
0.275503
0.275503
0.629392
0.629392
0.352791
0.352791
0.736187
0.736187
0.413289
0.413289
0.627684
0.627684
0.243335
0.243335
0.373501
0.373501
0.298186
0.298186
0.408707
0.408707
0.264809
0.264809
0.595928
0.595928
0.764377
0.764377
0.371414
0.371414
0.229169
0.229169
0.253454
0.253454
0.594903
0.594903
0.531390
0.531390
0.475408
0.475408
0.328629
0.328629
0.361048
0.361048
0.490948
0.490948
0.341097
0.341097
0.363618
0.363618
0.189582
0.189582
0.486148
0.486148
0.706871
0.706871
0.575618
0.575618
0.333187
0.333187
0.488694
0.488694
0.362445
0.362445
0.327696
0.327696
0.434055
0.434055
0.672375
0.672375
0.395176
0.395176
0.558700
0.558700
0.326849
0.326849
0.507980
0.507980
0.718192
0.718192
0.462606
0.462606
0.469562
0.469562
0.236598
0.236598
0.368507
0.368507
0.230548
0.230548
0.437548
0.437548
0.430923
0.430923
0.576100
0.576100
0.402126
0.402126
0.299187
0.299187
0.284879
0.284879
0.418789
0.418789
0.380096
0.380096
0.274835
0.274835
0.481039
0.481039
0.354342
0.354342
0.426156
0.426156
0.609488
0.609488
0.566828
0.566828
0.528500
0.528500
0.548603
0.548603
0.216049
0.216049
0.354838
0.354838
0.293914
0.293914
0.299234
0.299234
0.385150
0.385150
0.365279
0.365279
0.258451
0.258451
0.301545
0.301545
0.676759
0.676759
0.295717
0.295717
0.248730
0.248730
0.741931
0.741931
0.315774
0.315774
0.339924
0.339924
0.541933
0.541933
0.364153
0.364153
0.369212
0.369212
0.287130
0.287130
0.609918
0.609918
0.339414
0.339414
0.515866
0.515866
0.442709
0.442709
0.704990
0.704990
0.288154
0.288154
0.462493
0.462493
0.440166
0.440166
0.182270
0.182270
0.311322
0.311322
0.372752
0.372752
0.396067
0.396067
0.595969
0.595969
0.717804
0.717804
0.382852
0.382852
0.557395
0.557395
0.516323
0.516323
0.442512
0.442512
0.442395
0.442395
0.301925
0.301925
0.290365
0.290365
0.458701
0.458701
0.354970
0.354970
0.253528
0.253528
0.330365
0.330365
0.635266
0.635266
0.425698
0.425698
0.471994
0.471994
0.723730
0.723730
0.366009
0.366009
0.218728
0.218728
0.471839
0.471839
0.356321
0.356321
0.379020
0.379020
0.206887
0.206887
0.504403
0.504403
0.367323
0.367323
0.382711
0.382711
0.323641
0.323641
0.471555
0.471555
0.770704
0.770704
0.405934
0.405934
0.345350
0.345350
0.452318
0.452318
0.399061
0.399061
0.227881
0.227881
0.316948
0.316948
0.388134
0.388134
0.465371
0.465371
0.185627
0.185627
0.387443
0.387443
0.405248
0.405248
0.513089
0.513089
0.314574
0.314574
0.245975
0.245975
0.337739
0.337739
0.429261
0.429261
0.226164
0.226164
0.623353
0.623353
0.362283
0.362283
0.433367
0.433367
0.546358
0.546358
0.159096
0.159096
0.317559
0.317559
0.583691
0.583691
0.285957
0.285957
0.720003
0.720003
0.368431
0.368431
0.355742
0.355742
0.506419
0.506419
0.445554
0.445554
0.542398
0.542398
0.383741
0.383741
0.238244
0.238244
0.267778
0.267778
0.508736
0.508736
0.285954
0.285954
0.136556
0.136556
0.226846
0.226846
0.329530
0.329530
0.613750
0.613750
0.306887
0.306887
0.312250
0.312250
0.666361
0.666361
0.382049
0.382049
0.450100
0.450100
0.603771
0.603771
0.412770
0.412770
0.305832
0.305832
0.315103
0.315103
0.194031
0.194031
0.203383
0.203383
0.602799
0.602799
0.137250
0.137250
0.498614
0.498614
0.307633
0.307633
0.450924
0.450924
0.348331
0.348331
0.554279
0.554279
0.255007
0.255007
0.610729
0.610729
0.673828
0.673828
0.473553
0.473553
0.388810
0.388810
0.411333
0.411333
0.194552
0.194552
0.574369
0.574369
0.281694
0.281694
0.363671
0.363671
0.587797
0.587797
0.346744
0.346744
0.417588
0.417588
0.633827
0.633827
0.334344
0.334344
0.807922
0.807922
0.240229
0.240229
0.402354
0.402354
0.311106
0.311106
0.171031
0.171031
0.333743
0.333743
0.367333
0.367333
0.699243
0.699243
0.464644
0.464644
0.594049
0.594049
0.712443
0.712443
0.491254
0.491254
0.269517
0.269517
0.632175
0.632175
0.368966
0.368966
0.510276
0.510276
0.791579
0.791579
0.358887
0.358887
0.358805
0.358805
0.426193
0.426193
0.268393
0.268393
0.263291
0.263291
0.240078
0.240078
0.456215
0.456215
0.380374
0.380374
0.601023
0.601023
0.198862
0.198862
0.552627
0.552627
0.591871
0.591871
0.293962
0.293962
0.290605
0.290605
0.485703
0.485703
0.287353
0.287353
0.542200
0.542200
0.520471
0.520471
0.361871
0.361871
0.370666
0.370666
0.619888
0.619888
0.347696
0.347696
0.232070
0.232070
0.371054
0.371054
0.246473
0.246473
0.538109
0.538109
0.585111
0.585111
0.182128
0.182128
0.692923
0.692923
0.508174
0.508174
0.231068
0.231068
0.152311
0.152311
0.370352
0.370352
0.555192
0.555192
0.224640
0.224640
0.232618
0.232618
0.155762
0.155762
0.376748
0.376748
0.295358
0.295358
0.614242
0.614242
0.237454
0.237454
0.366933
0.366933
0.393052
0.393052
0.416511
0.416511
0.356723
0.356723
0.396856
0.396856
0.664534
0.664534
0.396164
0.396164
0.525253
0.525253
0.362800
0.362800
0.900301
0.900301
0.373921
0.373921
0.227318
0.227318
0.274747
0.274747
0.288614
0.288614
0.290043
0.290043
0.359774
0.359774
0.255348
0.255348
0.480434
0.480434
0.258984
0.258984
0.510827
0.510827
0.264145
0.264145
0.358476
0.358476
0.316567
0.316567
0.332818
0.332818
0.343237
0.343237
0.429622
0.429622
0.164685
0.164685
0.671469
0.671469
0.518889
0.518889
0.534558
0.534558
0.370147
0.370147
0.770346
0.770346
0.326234
0.326234
0.536441
0.536441
0.696929
0.696929
0.452405
0.452405
0.331314
0.331314
0.302213
0.302213
0.465599
0.465599
0.202222
0.202222
0.479909
0.479909
0.292031
0.292031
0.453367
0.453367
0.268357
0.268357
0.226897
0.226897
0.606677
0.606677
0.242870
0.242870
0.689122
0.689122
0.234265
0.234265
0.555058
0.555058
0.361846
0.361846
0.403231
0.403231
0.335350
0.335350
0.240369
0.240369
0.331626
0.331626
0.572440
0.572440
0.463449
0.463449
0.526929
0.526929
0.480776
0.480776
0.449813
0.449813
0.304005
0.304005
0.491321
0.491321
0.624488
0.624488
0.238187
0.238187
0.391509
0.391509
0.734350
0.734350
0.423642
0.423642
0.236708
0.236708
0.165605
0.165605
0.387478
0.387478
0.289441
0.289441
0.278094
0.278094
0.632276
0.632276
0.220990
0.220990
0.382570
0.382570
0.279376
0.279376
0.682772
0.682772
0.346682
0.346682
0.279761
0.279761
0.221789
0.221789
0.548974
0.548974
0.293263
0.293263
0.709691
0.709691
0.299330
0.299330
0.323479
0.323479
0.620466
0.620466
0.309724
0.309724
0.562914
0.562914
0.231555
0.231555
0.222421
0.222421
0.553353
0.553353
0.208834
0.208834
0.316941
0.316941
0.392996
0.392996
0.676552
0.676552
0.410234
0.410234
0.330644
0.330644
0.486196
0.486196
0.458793
0.458793
0.403703
0.403703
0.490980
0.490980
0.329413
0.329413
0.250046
0.250046
0.347619
0.347619
0.319992
0.319992
0.341065
0.341065
0.332621
0.332621
0.517359
0.517359
0.268500
0.268500
0.212955
0.212955
0.699108
0.699108
0.542051
0.542051
0.259867
0.259867
0.569036
0.569036
0.794268
0.794268
0.461074
0.461074
0.541945
0.541945
0.290534
0.290534
0.214588
0.214588
0.364217
0.364217
0.526252
0.526252
0.439289
0.439289
0.445602
0.445602
0.244885
0.244885
0.387661
0.387661
0.426948
0.426948
0.245686
0.245686
0.288518
0.288518
0.519701
0.519701
0.550857
0.550857
0.328850
0.328850
0.585671
0.585671
0.796604
0.796604
0.474001
0.474001
0.611974
0.611974
0.331136
0.331136
0.357854
0.357854
0.283898
0.283898
0.373650
0.373650
0.329073
0.329073
0.561750
0.561750
0.360543
0.360543
0.384986
0.384986
0.785354
0.785354
0.549842
0.549842
0.209811
0.209811
0.408676
0.408676
0.727291
0.727291
0.332388
0.332388
0.512592
0.512592
0.454228
0.454228
0.445771
0.445771
0.636772
0.636772
0.246344
0.246344
0.218319
0.218319
0.307712
0.307712
0.455547
0.455547
0.279381
0.279381
0.276428
0.276428
0.499733
0.499733
0.392073
0.392073
0.466192
0.466192
0.561348
0.561348
0.305608
0.305608
0.659390
0.659390
0.451982
0.451982
0.394376
0.394376
0.581007
0.581007
0.395349
0.395349
0.472325
0.472325
0.492051
0.492051
0.636208
0.636208
0.410184
0.410184
0.260260
0.260260
0.589873
0.589873
0.612476
0.612476
0.923691
0.923691
0.338177
0.338177
0.377963
0.377963
0.363296
0.363296
0.236076
0.236076
0.326843
0.326843
0.414531
0.414531
0.329867
0.329867
0.723110
0.723110
0.357935
0.357935
0.339273
0.339273
0.183347
0.183347
0.502130
0.502130
0.185452
0.185452
0.761963
0.761963
0.311586
0.311586
0.461190
0.461190
0.415146
0.415146
0.470375
0.470375
0.407471
0.407471
0.245332
0.245332
0.477499
0.477499
0.381337
0.381337
0.347754
0.347754
0.735720
0.735720
0.217490
0.217490
0.478271
0.478271
0.347966
0.347966
0.317959
0.317959
0.398171
0.398171
0.270408
0.270408
0.219392
0.219392
0.446905
0.446905
0.445322
0.445322
0.409960
0.409960
0.454587
0.454587
0.259333
0.259333
0.336810
0.336810
0.243848
0.243848
0.570214
0.570214
0.176738
0.176738
0.315118
0.315118
0.489346
0.489346
0.429036
0.429036
0.353987
0.353987
0.382951
0.382951
0.575574
0.575574
0.170627
0.170627
0.481692
0.481692
0.399933
0.399933
0.416785
0.416785
0.631766
0.631766
0.228843
0.228843
0.568479
0.568479
0.335483
0.335483
0.356733
0.356733
0.385671
0.385671
0.394878
0.394878
0.450354
0.450354
0.221120
0.221120
0.223161
0.223161
0.430852
0.430852
0.436612
0.436612
0.443274
0.443274
0.280176
0.280176
0.289987
0.289987
1.112031
1.112031
0.441008
0.441008
0.234182
0.234182
0.378619
0.378619
0.548860
0.548860
0.364310
0.364310
0.222329
0.222329
0.364834
0.364834
0.453908
0.453908
0.265824
0.265824
0.544430
0.544430
0.540532
0.540532
0.213112
0.213112
0.217541
0.217541
0.320304
0.320304
0.279706
0.279706
0.303899
0.303899
0.329615
0.329615
0.925315
0.925315
0.522026
0.522026
0.394246
0.394246
0.459959
0.459959
0.382788
0.382788
0.378829
0.378829
0.995098
0.995098
0.544929
0.544929
0.253041
0.253041
0.295503
0.295503
0.461354
0.461354
0.469627
0.469627
0.272725
0.272725
0.257436
0.257436
0.512749
0.512749
0.357674
0.357674
0.474347
0.474347
0.311980
0.311980
0.393704
0.393704
0.488494
0.488494
0.760764
0.760764
0.596227
0.596227
0.301610
0.301610
0.504757
0.504757
0.561680
0.561680
0.658601
0.658601
0.652074
0.652074
0.241129
0.241129
0.304389
0.304389
0.734614
0.734614
0.264238
0.264238
0.209691
0.209691
0.503418
0.503418
0.601558
0.601558
0.647979
0.647979
0.491189
0.491189
0.270748
0.270748
0.398919
0.398919
0.516586
0.516586
0.354205
0.354205
0.382822
0.382822
0.279384
0.279384
0.346213
0.346213
0.483120
0.483120
0.459740
0.459740
0.562816
0.562816
0.364423
0.364423
0.235944
0.235944
0.413501
0.413501
0.294006
0.294006
0.223951
0.223951
0.294998
0.294998
0.355184
0.355184
0.471268
0.471268
0.146882
0.146882
0.412501
0.412501
0.449564
0.449564
0.567156
0.567156
0.376458
0.376458
0.579609
0.579609
0.266628
0.266628
0.423986
0.423986
0.561822
0.561822
0.456318
0.456318
0.378542
0.378542
0.442544
0.442544
0.160883
0.160883
0.256963
0.256963
0.184034
0.184034
0.479292
0.479292
0.762430
0.762430
0.197284
0.197284
0.593976
0.593976
0.578875
0.578875
0.359702
0.359702
0.405793
0.405793
0.441883
0.441883
0.345021
0.345021
0.654520
0.654520
0.414415
0.414415
0.936317
0.936317
0.541042
0.541042
0.194903
0.194903
0.320281
0.320281
0.344438
0.344438
0.495134
0.495134
0.844413
0.844413
0.235136
0.235136
0.391291
0.391291
0.327642
0.327642
0.178832
0.178832
0.351822
0.351822
0.686446
0.686446
0.227758
0.227758
0.298958
0.298958
0.538094
0.538094
0.263685
0.263685
0.296355
0.296355
0.369339
0.369339
0.274749
0.274749
0.640801
0.640801
0.315762
0.315762
0.755333
0.755333
0.231576
0.231576
0.401413
0.401413
0.569465
0.569465
0.336776
0.336776
0.537025
0.537025
0.537425
0.537425
0.912788
0.912788
0.485437
0.485437
0.609458
0.609458
0.257230
0.257230
0.421293
0.421293
0.266766
0.266766
0.337683
0.337683
0.355570
0.355570
0.378308
0.378308
0.349459
0.349459
0.521041
0.521041
0.299296
0.299296
0.528832
0.528832
0.578272
0.578272
0.214564
0.214564
0.361337
0.361337
0.491949
0.491949
0.234067
0.234067
0.358266
0.358266
0.667529
0.667529
0.370879
0.370879
0.556992
0.556992
0.277180
0.277180
0.318904
0.318904
0.603681
0.603681
0.358177
0.358177
0.492155
0.492155
0.242159
0.242159
0.241541
0.241541
0.273308
0.273308
0.581912
0.581912
0.496950
0.496950
0.268053
0.268053
0.494677
0.494677
0.515015
0.515015
0.276555
0.276555
0.585773
0.585773
0.525028
0.525028
0.430605
0.430605
0.490458
0.490458
0.664847
0.664847
0.307805
0.307805
0.608773
0.608773
0.262304
0.262304
0.311575
0.311575
0.354437
0.354437
0.393758
0.393758
0.386292
0.386292
0.308704
0.308704
0.197711
0.197711
0.351367
0.351367
0.416597
0.416597
0.510602
0.510602
0.300642
0.300642
0.365071
0.365071
0.400284
0.400284
0.368375
0.368375
0.427084
0.427084
0.474965
0.474965
0.380035
0.380035
0.258692
0.258692
0.231373
0.231373
0.319588
0.319588
0.265949
0.265949
0.363271
0.363271
0.429201
0.429201
0.327485
0.327485
0.642657
0.642657
0.455313
0.455313
0.412353
0.412353
0.365016
0.365016
0.415482
0.415482
0.488733
0.488733
0.470982
0.470982
0.259157
0.259157
0.763709
0.763709
0.422467
0.422467
0.410469
0.410469
0.263762
0.263762
0.280043
0.280043
0.499195
0.499195
0.198925
0.198925
0.301796
0.301796
0.578995
0.578995
0.431320
0.431320
0.316059
0.316059
0.525368
0.525368
0.461931
0.461931
0.434545
0.434545
0.359353
0.359353
0.381038
0.381038
0.338177
0.338177
0.253154
0.253154
0.423265
0.423265
0.576218
0.576218
0.362613
0.362613
0.479130
0.479130
0.367154
0.367154
0.452428
0.452428
0.159324
0.159324
0.206279
0.206279
0.242077
0.242077
0.372051
0.372051
0.529962
0.529962
0.258285
0.258285
0.462903
0.462903
0.846593
0.846593
0.410377
0.410377
0.419098
0.419098
0.367942
0.367942
0.381254
0.381254
0.345321
0.345321
0.264010
0.264010
0.546173
0.546173
0.409029
0.409029
0.580239
0.580239
0.249526
0.249526
0.316796
0.316796
0.271908
0.271908
0.416423
0.416423
0.161292
0.161292
0.502970
0.502970
0.704547
0.704547
0.450820
0.450820
1.200809
1.200809
0.408782
0.408782
0.476579
0.476579
0.563905
0.563905
0.451677
0.451677
0.357671
0.357671
0.911659
0.911659
0.518437
0.518437
0.453100
0.453100
0.553277
0.553277
0.443061
0.443061
0.236842
0.236842
0.275603
0.275603
0.218566
0.218566
0.263430
0.263430
0.351527
0.351527
0.506899
0.506899
0.391547
0.391547
0.347866
0.347866
0.526481
0.526481
0.478679
0.478679
0.504571
0.504571
0.552297
0.552297
0.247667
0.247667
0.239420
0.239420
0.174395
0.174395
0.412208
0.412208
0.304585
0.304585
0.372119
0.372119
0.399808
0.399808
0.317813
0.317813
0.592059
0.592059
0.730193
0.730193
0.505134
0.505134
0.500777
0.500777
0.397435
0.397435
0.488786
0.488786
0.446111
0.446111
0.303883
0.303883
0.271301
0.271301
0.728286
0.728286
0.584162
0.584162
0.281097
0.281097
0.547662
0.547662
0.192111
0.192111
0.454423
0.454423
0.314180
0.314180
0.236492
0.236492
0.246379
0.246379
0.478492
0.478492
0.309420
0.309420
0.294209
0.294209
0.527333
0.527333
0.387233
0.387233
0.323068
0.323068
0.531663
0.531663
0.502614
0.502614
0.787535
0.787535
0.713068
0.713068
0.398394
0.398394
0.415631
0.415631
0.245999
0.245999
0.342042
0.342042
0.229977
0.229977
0.483435
0.483435
0.292663
0.292663
0.397738
0.397738
0.237094
0.237094
0.753222
0.753222
0.673907
0.673907
0.444305
0.444305
0.275422
0.275422
0.260970
0.260970
0.455192
0.455192
0.287752
0.287752
0.319545
0.319545
0.463111
0.463111
0.268403
0.268403
0.218562
0.218562
0.687366
0.687366
0.324101
0.324101
0.479015
0.479015
0.390171
0.390171
0.356204
0.356204
0.455886
0.455886
0.376876
0.376876
0.341470
0.341470
0.312628
0.312628
0.630877
0.630877
0.579623
0.579623
0.241254
0.241254
0.235593
0.235593
0.844263
0.844263
0.306215
0.306215
0.667322
0.667322
0.463179
0.463179
0.583053
0.583053
0.648851
0.648851
0.395153
0.395153
0.229914
0.229914
0.418569
0.418569
0.432297
0.432297
0.681631
0.681631
0.248239
0.248239
0.527915
0.527915
0.419840
0.419840
0.335399
0.335399
0.512741
0.512741
0.289246
0.289246
0.463502
0.463502
0.510539
0.510539
0.323815
0.323815
0.380906
0.380906
0.438608
0.438608
0.581288
0.581288
0.359040
0.359040
0.481866
0.481866
0.420348
0.420348
0.412299
0.412299
0.413922
0.413922
0.333654
0.333654
0.377342
0.377342
0.500271
0.500271
0.606626
0.606626
0.502291
0.502291
0.452578
0.452578
0.297431
0.297431
0.201560
0.201560
0.304270
0.304270
0.345452
0.345452
0.429716
0.429716
0.206306
0.206306
0.600842
0.600842
0.643726
0.643726
0.560925
0.560925
0.473502
0.473502
0.472991
0.472991
0.438554
0.438554
0.203966
0.203966
0.514239
0.514239
0.420376
0.420376
0.366368
0.366368
0.389958
0.389958
0.733893
0.733893
0.477894
0.477894
0.167054
0.167054
0.546509
0.546509
0.470849
0.470849
0.479969
0.479969
0.678919
0.678919
0.416051
0.416051
0.638334
0.638334
0.494437
0.494437
0.576564
0.576564
0.331690
0.331690
0.303307
0.303307
0.543143
0.543143
0.692444
0.692444
0.267912
0.267912
0.302040
0.302040
0.257438
0.257438
0.659928
0.659928
0.455674
0.455674
0.632892
0.632892
0.187234
0.187234
0.281623
0.281623
0.333490
0.333490
0.837003
0.837003
0.814638
0.814638
0.684909
0.684909
0.330202
0.330202
0.394904
0.394904
0.304471
0.304471
0.346362
0.346362
0.624280
0.624280
0.272722
0.272722
0.365271
0.365271
0.216812
0.216812
0.321696
0.321696
0.279591
0.279591
0.491498
0.491498
0.596185
0.596185
0.222308
0.222308
0.202020
0.202020
0.586477
0.586477
0.556799
0.556799
0.407500
0.407500
0.503797
0.503797
0.220015
0.220015
0.533483
0.533483
0.463807
0.463807
0.406660
0.406660
0.255653
0.255653
0.527281
0.527281
0.477964
0.477964
0.531316
0.531316
0.459213
0.459213
0.541696
0.541696
0.385720
0.385720
0.444236
0.444236
0.339109
0.339109
0.379760
0.379760
0.371820
0.371820
0.519312
0.519312
0.515992
0.515992
0.473214
0.473214
0.408201
0.408201
0.599484
0.599484
0.436745
0.436745
0.341649
0.341649
0.359134
0.359134
0.659797
0.659797
0.227081
0.227081
0.381646
0.381646
0.485594
0.485594
0.304977
0.304977
0.363760
0.363760
0.358883
0.358883
0.549078
0.549078
0.459974
0.459974
0.246546
0.246546
0.416459
0.416459
0.272233
0.272233
0.292694
0.292694
0.359413
0.359413
0.321817
0.321817
0.336229
0.336229
0.356818
0.356818
0.518074
0.518074
0.414631
0.414631
0.472469
0.472469
0.502905
0.502905
0.246903
0.246903
0.348177
0.348177
0.309664
0.309664
0.245267
0.245267
0.596528
0.596528
0.444045
0.444045
0.396133
0.396133
0.284309
0.284309
0.272764
0.272764
0.522014
0.522014
0.421002
0.421002
0.722820
0.722820
0.354174
0.354174
0.410034
0.410034
0.593518
0.593518
0.232284
0.232284
0.639207
0.639207
0.324630
0.324630
0.718492
0.718492
0.467214
0.467214
0.309771
0.309771
0.328275
0.328275
0.506068
0.506068
0.463079
0.463079
0.281150
0.281150
0.665975
0.665975
0.424670
0.424670
0.153615
0.153615
0.380586
0.380586
0.436173
0.436173
0.230237
0.230237
0.297927
0.297927
0.359464
0.359464
0.274780
0.274780
0.474282
0.474282
0.488580
0.488580
0.313946
0.313946
0.422299
0.422299
0.285862
0.285862
0.383728
0.383728
0.467448
0.467448
0.407910
0.407910
0.300630
0.300630
0.621442
0.621442
0.209469
0.209469
0.513090
0.513090
0.533131
0.533131
0.282642
0.282642
0.595367
0.595367
0.676210
0.676210
0.442873
0.442873
0.278844
0.278844
0.272409
0.272409
0.326421
0.326421
0.408942
0.408942
0.240851
0.240851
0.260107
0.260107
0.326343
0.326343
0.458966
0.458966
0.245402
0.245402
0.285891
0.285891
0.321463
0.321463
0.309943
0.309943
0.305342
0.305342
0.389107
0.389107
0.413147
0.413147
0.503884
0.503884
0.235828
0.235828
0.268663
0.268663
0.401881
0.401881
0.316211
0.316211
0.297527
0.297527
0.412782
0.412782
0.213633
0.213633
0.539849
0.539849
0.389809
0.389809
0.368851
0.368851
0.329778
0.329778
0.321170
0.321170
0.306408
0.306408
0.567349
0.567349
0.239263
0.239263
0.426755
0.426755
0.217409
0.217409
0.317079
0.317079
0.496210
0.496210
0.567188
0.567188
0.350350
0.350350
0.367441
0.367441
0.427257
0.427257
0.632088
0.632088
0.302607
0.302607
0.295737
0.295737
0.312464
0.312464
0.533205
0.533205
0.652092
0.652092
0.355498
0.355498
0.547612
0.547612
0.609644
0.609644
0.476755
0.476755
0.422499
0.422499
0.720624
0.720624
0.366717
0.366717
0.432990
0.432990
0.271711
0.271711
0.270333
0.270333
0.354130
0.354130
0.383704
0.383704
0.456319
0.456319
0.347948
0.347948
0.393951
0.393951
0.629593
0.629593
0.369901
0.369901
0.731477
0.731477
0.301724
0.301724
0.446441
0.446441
0.450496
0.450496
0.240723
0.240723
0.447449
0.447449
0.376839
0.376839
0.512009
0.512009
0.395897
0.395897
0.291618
0.291618
0.965687
0.965687
0.530043
0.530043
0.683828
0.683828
0.262720
0.262720
0.400319
0.400319
0.261173
0.261173
0.252839
0.252839
0.422954
0.422954
0.435506
0.435506
0.494639
0.494639
0.333556
0.333556
0.423728
0.423728
0.160793
0.160793
0.227044
0.227044
0.763379
0.763379
0.528058
0.528058
0.243727
0.243727
0.342130
0.342130
0.216268
0.216268
0.396344
0.396344
0.620476
0.620476
0.369503
0.369503
0.447827
0.447827
0.404964
0.404964
0.280822
0.280822
0.477132
0.477132
0.577917
0.577917
0.388851
0.388851
0.333004
0.333004
0.325654
0.325654
0.366242
0.366242
0.180569
0.180569
0.547596
0.547596
0.482193
0.482193
0.561542
0.561542
0.390088
0.390088
0.497011
0.497011
0.279382
0.279382
0.378842
0.378842
0.226862
0.226862
0.743612
0.743612
0.552484
0.552484
0.645922
0.645922
0.306878
0.306878
0.611277
0.611277
0.353137
0.353137
0.483072
0.483072
0.448134
0.448134
0.309685
0.309685
0.473674
0.473674
0.442801
0.442801
0.349872
0.349872
0.229528
0.229528
0.456947
0.456947
0.379037
0.379037
0.352094
0.352094
0.295598
0.295598
0.520697
0.520697
0.612507
0.612507
0.327320
0.327320
0.168524
0.168524
0.202565
0.202565
0.357675
0.357675
0.284907
0.284907
0.391392
0.391392
0.278104
0.278104
0.270459
0.270459
0.907812
0.907812
0.716137
0.716137
0.406150
0.406150
0.319359
0.319359
0.307808
0.307808
0.277170
0.277170
0.327020
0.327020
0.369764
0.369764
0.620621
0.620621
0.216228
0.216228
0.478488
0.478488
0.616052
0.616052
0.297606
0.297606
0.238587
0.238587
0.306901
0.306901
0.543543
0.543543
0.239825
0.239825
0.302070
0.302070
0.264210
0.264210
0.406319
0.406319
0.201700
0.201700
0.210082
0.210082
0.717120
0.717120
0.348927
0.348927
0.788755
0.788755
0.564777
0.564777
0.365161
0.365161
0.420349
0.420349
0.659552
0.659552
0.327832
0.327832
0.616259
0.616259
0.405054
0.405054
0.317183
0.317183
0.332433
0.332433
0.276248
0.276248
0.426204
0.426204
0.182988
0.182988
0.554335
0.554335
0.390095
0.390095
0.263679
0.263679
0.584485
0.584485
0.365807
0.365807
0.347715
0.347715
0.311248
0.311248
0.534437
0.534437
0.266322
0.266322
0.361252
0.361252
0.568972
0.568972
0.449649
0.449649
0.471190
0.471190
0.562669
0.562669
0.387287
0.387287
0.523873
0.523873
0.254288
0.254288
0.496807
0.496807
0.566681
0.566681
0.314919
0.314919
0.455440
0.455440
0.439858
0.439858
0.332146
0.332146
0.359424
0.359424
0.765182
0.765182
0.578407
0.578407
0.328588
0.328588
1.111362
1.111362
0.504059
0.504059
0.368352
0.368352
0.501547
0.501547
0.340748
0.340748
0.368516
0.368516
0.465649
0.465649
0.389438
0.389438
0.468402
0.468402
0.425626
0.425626
0.393856
0.393856
0.357751
0.357751
0.387172
0.387172
0.297110
0.297110
0.392445
0.392445
0.352128
0.352128
0.308481
0.308481
0.236880
0.236880
0.323082
0.323082
0.299803
0.299803
0.325422
0.325422
0.520378
0.520378
0.321383
0.321383
0.489067
0.489067
0.440605
0.440605
0.538351
0.538351
0.295376
0.295376
0.188761
0.188761
0.318239
0.318239
0.313393
0.313393
0.318858
0.318858
0.401142
0.401142
0.289548
0.289548
0.499445
0.499445
0.532174
0.532174
0.511921
0.511921
0.361525
0.361525
0.267627
0.267627
0.316320
0.316320
0.278762
0.278762
0.526050
0.526050
0.291610
0.291610
0.718825
0.718825
0.338492
0.338492
0.229115
0.229115
0.412828
0.412828
0.248447
0.248447
0.250905
0.250905
0.451441
0.451441
0.441689
0.441689
0.380556
0.380556
0.516905
0.516905
1.019230
1.019230
0.356235
0.356235
0.514689
0.514689
0.289164
0.289164
0.425717
0.425717
0.398429
0.398429
0.414541
0.414541
0.315232
0.315232
0.231866
0.231866
0.432382
0.432382
0.149792
0.149792
0.298890
0.298890
0.208691
0.208691
0.277680
0.277680
0.576141
0.576141
0.479560
0.479560
0.293454
0.293454
0.287714
0.287714
0.583309
0.583309
0.397430
0.397430
0.485156
0.485156
0.452474
0.452474
0.532636
0.532636
0.244680
0.244680
0.617490
0.617490
0.512787
0.512787
0.793762
0.793762
0.547540
0.547540
0.205978
0.205978
0.246054
0.246054
0.555713
0.555713
0.313336
0.313336
0.629623
0.629623
0.786273
0.786273
0.391453
0.391453
0.503994
0.503994
0.238434
0.238434
0.470046
0.470046
0.490953
0.490953
0.229004
0.229004
0.294203
0.294203
0.643385
0.643385
0.461888
0.461888
0.653385
0.653385
0.483396
0.483396
0.525270
0.525270
0.229115
0.229115
0.402451
0.402451
0.583998
0.583998
0.638047
0.638047
0.615018
0.615018
0.229379
0.229379
0.164125
0.164125
0.473021
0.473021
0.527181
0.527181
0.279316
0.279316
0.326537
0.326537
0.638015
0.638015
0.403835
0.403835
0.434545
0.434545
0.457162
0.457162
0.215058
0.215058
0.689130
0.689130
0.442478
0.442478
0.547336
0.547336
0.260638
0.260638
0.651020
0.651020
0.608537
0.608537
0.376367
0.376367
0.665876
0.665876
0.488447
0.488447
0.324032
0.324032
0.231867
0.231867
0.439895
0.439895
0.379001
0.379001
0.324104
0.324104
0.399096
0.399096
0.383195
0.383195
0.343174
0.343174
0.236673
0.236673
0.384351
0.384351
0.331743
0.331743
1.027129
1.027129
0.244836
0.244836
0.292470
0.292470
0.403895
0.403895
0.567020
0.567020
0.255689
0.255689
0.465944
0.465944
0.497315
0.497315
0.252255
0.252255
0.542313
0.542313
0.354851
0.354851
0.400815
0.400815
0.459888
0.459888
0.471998
0.471998
0.335342
0.335342
0.559003
0.559003
0.273219
0.273219
0.367981
0.367981
0.293927
0.293927
0.314663
0.314663
0.443749
0.443749
0.657357
0.657357
0.256860
0.256860
0.485709
0.485709
0.292104
0.292104
0.482807
0.482807
0.569560
0.569560
0.253155
0.253155
0.393976
0.393976
0.228061
0.228061
0.682423
0.682423
0.704697
0.704697
0.308320
0.308320
0.369616
0.369616
0.256642
0.256642
0.508078
0.508078
0.759399
0.759399
0.378939
0.378939
0.401603
0.401603
0.279079
0.279079
0.661312
0.661312
0.279881
0.279881
0.254300
0.254300
0.697087
0.697087
0.513810
0.513810
0.248879
0.248879
0.418075
0.418075
0.401542
0.401542
0.309705
0.309705
0.277407
0.277407
0.211967
0.211967
0.225854
0.225854
0.381714
0.381714
0.502363
0.502363
0.473666
0.473666
0.411857
0.411857
0.317546
0.317546
0.472412
0.472412
0.264471
0.264471
0.178059
0.178059
0.407482
0.407482
0.290993
0.290993
0.346241
0.346241
0.777703
0.777703
0.372294
0.372294
0.476619
0.476619
0.288505
0.288505
0.277588
0.277588
0.375376
0.375376
0.567617
0.567617
0.584241
0.584241
0.585084
0.585084
0.288658
0.288658
0.571399
0.571399
0.675926
0.675926
0.253579
0.253579
0.384167
0.384167
0.516289
0.516289
0.238765
0.238765
0.303196
0.303196
0.112980
0.112980
0.440758
0.440758
0.302176
0.302176
0.204476
0.204476
0.573766
0.573766
0.280949
0.280949
0.759598
0.759598
0.365797
0.365797
0.306365
0.306365
0.261400
0.261400
0.425131
0.425131
0.368593
0.368593
0.311093
0.311093
0.384406
0.384406
0.560078
0.560078
0.225114
0.225114
0.502318
0.502318
0.381155
0.381155
0.355154
0.355154
0.346783
0.346783
0.177434
0.177434
0.261224
0.261224
0.223365
0.223365
0.517299
0.517299
0.713587
0.713587
0.395459
0.395459
0.461074
0.461074
0.380931
0.380931
0.335015
0.335015
0.541723
0.541723
0.982375
0.982375
0.287084
0.287084
0.771724
0.771724
0.461906
0.461906
0.305910
0.305910
0.627608
0.627608
0.239485
0.239485
0.232317
0.232317
0.819963
0.819963
0.874190
0.874190
0.510717
0.510717
0.413568
0.413568
0.307943
0.307943
0.313025
0.313025
0.622228
0.622228
0.369000
0.369000
0.595497
0.595497
0.464658
0.464658
0.396897
0.396897
0.243006
0.243006
0.314066
0.314066
0.250506
0.250506
0.347002
0.347002
0.302399
0.302399
0.472968
0.472968
0.241051
0.241051
0.301203
0.301203
0.485654
0.485654
0.559441
0.559441
0.218134
0.218134
0.334512
0.334512
0.303964
0.303964
0.450284
0.450284
0.555569
0.555569
0.935797
0.935797
0.269530
0.269530
0.570256
0.570256
0.503738
0.503738
0.380055
0.380055
0.362847
0.362847
0.446213
0.446213
0.308883
0.308883
0.285252
0.285252
0.216609
0.216609
0.273870
0.273870
0.469487
0.469487
0.430533
0.430533
0.232154
0.232154
0.591568
0.591568
0.527152
0.527152
0.552302
0.552302
0.624497
0.624497
0.708233
0.708233
0.509089
0.509089
0.586419
0.586419
0.851072
0.851072
0.427868
0.427868
0.139709
0.139709
0.553893
0.553893
0.318978
0.318978
0.372250
0.372250
0.264316
0.264316
0.174737
0.174737
0.275692
0.275692
0.375013
0.375013
0.233674
0.233674
0.398744
0.398744
0.387906
0.387906
0.593110
0.593110
0.451854
0.451854
0.397178
0.397178
0.482786
0.482786
0.508055
0.508055
0.471266
0.471266
0.386635
0.386635
0.650695
0.650695
0.352020
0.352020
0.462846
0.462846
0.367135
0.367135
0.260105
0.260105
0.259774
0.259774
0.464873
0.464873
0.348611
0.348611
0.188404
0.188404
0.215329
0.215329
0.124774
0.124774
0.205825
0.205825
0.516706
0.516706
0.268570
0.268570
0.398849
0.398849
0.168071
0.168071
0.436616
0.436616
0.363884
0.363884
0.457995
0.457995
0.205859
0.205859
0.258993
0.258993
0.469002
0.469002
0.450250
0.450250
0.299146
0.299146
0.589423
0.589423
0.231629
0.231629
0.496208
0.496208
0.291462
0.291462
0.277809
0.277809
0.329365
0.329365
0.299892
0.299892
0.414619
0.414619
0.534013
0.534013
0.241561
0.241561
0.373260
0.373260
0.720767
0.720767
0.412686
0.412686
0.259620
0.259620
0.383896
0.383896
0.650587
0.650587
0.213553
0.213553
0.380008
0.380008
0.228055
0.228055
0.509849
0.509849
0.606321
0.606321
0.545818
0.545818
0.568743
0.568743
0.241568
0.241568
0.203771
0.203771
0.333957
0.333957
0.315291
0.315291
0.500718
0.500718
0.334569
0.334569
0.237399
0.237399
0.397741
0.397741
0.397726
0.397726
0.293670
0.293670
0.585945
0.585945
0.505397
0.505397
0.262339
0.262339
0.721690
0.721690
0.334628
0.334628
0.400037
0.400037
0.512189
0.512189
0.405538
0.405538
0.229811
0.229811
0.436440
0.436440
0.438973
0.438973
0.372789
0.372789
0.222086
0.222086
0.690462
0.690462
0.207315
0.207315
0.386011
0.386011
0.598542
0.598542
0.288381
0.288381
0.734158
0.734158
0.322830
0.322830
0.177927
0.177927
0.423640
0.423640
0.710785
0.710785
0.419950
0.419950
0.385865
0.385865
0.395275
0.395275
0.232920
0.232920
0.311286
0.311286
0.400936
0.400936
0.385567
0.385567
0.537395
0.537395
0.629703
0.629703
0.410159
0.410159
0.426022
0.426022
0.346338
0.346338
0.246843
0.246843
0.489604
0.489604
0.310437
0.310437
0.480856
0.480856
0.613411
0.613411
0.457206
0.457206
0.319660
0.319660
0.311495
0.311495
0.442137
0.442137
0.269800
0.269800
0.569983
0.569983
0.510757
0.510757
0.315016
0.315016
0.512351
0.512351
0.539653
0.539653
0.308685
0.308685
0.413372
0.413372
0.457509
0.457509
0.358510
0.358510
0.248328
0.248328
0.422158
0.422158
0.355320
0.355320
0.487575
0.487575
0.347307
0.347307
0.221311
0.221311
0.670183
0.670183
0.637464
0.637464
0.365363
0.365363
0.791026
0.791026
0.582077
0.582077
0.459606
0.459606
0.244384
0.244384
0.535618
0.535618
0.228511
0.228511
0.390036
0.390036
0.480963
0.480963
0.465273
0.465273
0.590912
0.590912
0.313743
0.313743
0.371362
0.371362
0.479938
0.479938
0.288491
0.288491
0.348313
0.348313
0.603267
0.603267
0.319717
0.319717
0.555456
0.555456
0.310735
0.310735
0.456171
0.456171
0.314608
0.314608
0.723116
0.723116
0.473322
0.473322
0.242977
0.242977
0.438161
0.438161
0.385404
0.385404
0.276463
0.276463
0.334114
0.334114
0.298682
0.298682
0.386836
0.386836
0.389642
0.389642
0.361760
0.361760
0.535737
0.535737
0.363820
0.363820
0.159569
0.159569
0.353734
0.353734
0.365384
0.365384
0.344214
0.344214
0.392435
0.392435
0.239132
0.239132
0.424248
0.424248
0.332033
0.332033
0.355250
0.355250
0.481678
0.481678
0.217988
0.217988
0.610553
0.610553
0.340556
0.340556
0.610826
0.610826
0.387541
0.387541
0.337425
0.337425
0.427898
0.427898
0.893663
0.893663
0.456441
0.456441
0.337270
0.337270
0.447893
0.447893
0.382540
0.382540
0.505766
0.505766
0.632772
0.632772
0.388695
0.388695
0.299382
0.299382
0.309252
0.309252
0.741394
0.741394
0.527702
0.527702
0.304896
0.304896
0.435256
0.435256
0.324242
0.324242
0.669419
0.669419
0.379595
0.379595
0.490403
0.490403
0.776214
0.776214
0.582232
0.582232
0.382638
0.382638
0.508191
0.508191
0.364737
0.364737
0.332927
0.332927
0.301874
0.301874
0.409937
0.409937
0.311715
0.311715
0.435958
0.435958
0.780874
0.780874
0.364578
0.364578
0.528773
0.528773
0.314332
0.314332
0.529793
0.529793
0.374689
0.374689
0.346863
0.346863
0.415737
0.415737
0.538973
0.538973
0.214334
0.214334
0.552042
0.552042
0.290061
0.290061
0.211304
0.211304
0.451911
0.451911
0.351391
0.351391
0.211322
0.211322
0.332152
0.332152
0.330604
0.330604
0.281078
0.281078
0.227770
0.227770
0.292025
0.292025
0.434159
0.434159
0.298858
0.298858
0.190079
0.190079
0.582739
0.582739
0.336835
0.336835
0.225183
0.225183
0.474443
0.474443
0.893359
0.893359
0.278808
0.278808
0.472891
0.472891
0.380175
0.380175
0.443653
0.443653
0.329041
0.329041
0.320290
0.320290
0.414745
0.414745
0.208403
0.208403
0.479099
0.479099
0.293539
0.293539
0.336863
0.336863
0.188843
0.188843
0.274577
0.274577
0.661074
0.661074
0.542024
0.542024
0.338575
0.338575
0.715266
0.715266
0.524908
0.524908
0.229990
0.229990
0.325376
0.325376
0.531193
0.531193
0.208311
0.208311
0.385797
0.385797
0.613405
0.613405
0.224938
0.224938
0.573782
0.573782
0.470319
0.470319
0.423238
0.423238
0.405706
0.405706
0.310686
0.310686
0.279127
0.279127
0.385726
0.385726
0.617098
0.617098
0.673325
0.673325
0.209210
0.209210
0.494686
0.494686
0.408937
0.408937
0.258669
0.258669
0.348012
0.348012
0.665395
0.665395
0.346243
0.346243
0.394521
0.394521
0.265932
0.265932
0.503961
0.503961
0.229982
0.229982
0.646976
0.646976
0.385116
0.385116
0.587525
0.587525
0.281674
0.281674
0.451477
0.451477
0.500819
0.500819
0.660710
0.660710
0.373055
0.373055
0.401827
0.401827
0.242516
0.242516
0.345117
0.345117
0.489519
0.489519
0.447350
0.447350
0.305728
0.305728
0.354843
0.354843
0.287147
0.287147
0.407017
0.407017
0.318724
0.318724
0.135825
0.135825
0.180675
0.180675
0.415135
0.415135
0.556044
0.556044
0.182124
0.182124
0.759741
0.759741
0.376284
0.376284
0.392911
0.392911
0.396937
0.396937
0.440655
0.440655
0.261849
0.261849
0.424929
0.424929
0.361691
0.361691
0.351002
0.351002
0.609993
0.609993
0.525390
0.525390
0.371171
0.371171
0.390932
0.390932
1.063002
1.063002
0.433299
0.433299
0.442603
0.442603
0.441836
0.441836
0.517564
0.517564
0.298371
0.298371
0.971498
0.971498
0.446387
0.446387
0.440678
0.440678
0.214471
0.214471
0.446205
0.446205
0.416432
0.416432
0.588589
0.588589
0.386315
0.386315
0.226102
0.226102
0.357279
0.357279
0.479618
0.479618
0.131237
0.131237
0.193765
0.193765
0.367150
0.367150
0.225451
0.225451
0.377627
0.377627
0.395739
0.395739
0.383487
0.383487
0.262943
0.262943
1.008072
1.008072
0.439632
0.439632
0.734750
0.734750
0.552888
0.552888
0.722186
0.722186
0.389656
0.389656
0.451039
0.451039
0.273053
0.273053
0.425797
0.425797
0.331758
0.331758
0.340311
0.340311
0.378515
0.378515
0.528160
0.528160
0.176274
0.176274
0.253903
0.253903
0.416866
0.416866
0.642295
0.642295
0.485512
0.485512
0.374346
0.374346
0.202927
0.202927
0.296040
0.296040
0.361994
0.361994
0.204198
0.204198
0.419026
0.419026
0.292474
0.292474
0.451807
0.451807
0.303792
0.303792
0.922073
0.922073
0.337401
0.337401
0.411251
0.411251
0.684258
0.684258
0.418101
0.418101
0.282662
0.282662
0.300835
0.300835
0.281613
0.281613
0.309374
0.309374
0.360149
0.360149
0.236645
0.236645
0.407048
0.407048
0.383903
0.383903
0.342940
0.342940
0.879308
0.879308
0.339774
0.339774
0.388274
0.388274
0.551397
0.551397
0.385897
0.385897
0.414009
0.414009
0.510848
0.510848
0.189714
0.189714
0.427470
0.427470
0.494336
0.494336
0.230919
0.230919
0.354234
0.354234
0.620471
0.620471
0.693678
0.693678
0.487657
0.487657
0.435329
0.435329
0.276202
0.276202
0.441220
0.441220
0.313697
0.313697
0.661995
0.661995
0.553535
0.553535
0.388829
0.388829
0.342946
0.342946
0.556662
0.556662
0.219943
0.219943
0.494777
0.494777
0.197331
0.197331
0.523660
0.523660
0.369581
0.369581
0.584293
0.584293
0.444851
0.444851
0.608585
0.608585
0.476431
0.476431
0.932343
0.932343
0.588133
0.588133
0.472200
0.472200
0.310815
0.310815
0.232417
0.232417
0.248245
0.248245
0.317928
0.317928
0.293749
0.293749
0.200132
0.200132
0.258615
0.258615
0.571241
0.571241
0.212236
0.212236
0.333526
0.333526
0.593612
0.593612
0.389831
0.389831
0.276266
0.276266
0.303723
0.303723
0.241783
0.241783
0.326510
0.326510
0.218181
0.218181
0.559475
0.559475
0.233632
0.233632
0.258168
0.258168
0.293355
0.293355
0.546242
0.546242
0.544956
0.544956
0.272271
0.272271
0.415844
0.415844
0.318530
0.318530
0.454878
0.454878
0.343789
0.343789
0.528848
0.528848
0.492514
0.492514
0.514528
0.514528
0.457013
0.457013
0.185969
0.185969
0.306870
0.306870
0.348575
0.348575
0.281055
0.281055
0.482132
0.482132
0.488105
0.488105
0.520221
0.520221
0.364448
0.364448
0.204317
0.204317
0.481066
0.481066
0.311104
0.311104
0.417841
0.417841
0.331696
0.331696
0.239977
0.239977
0.310452
0.310452
0.682413
0.682413
0.235231
0.235231
0.282339
0.282339
0.315042
0.315042
0.247972
0.247972
0.542324
0.542324
0.281243
0.281243
0.293016
0.293016
0.384760
0.384760
0.738925
0.738925
0.432298
0.432298
0.658262
0.658262
0.195847
0.195847
0.450355
0.450355
0.216114
0.216114
0.751664
0.751664
0.346895
0.346895
0.655954
0.655954
0.419372
0.419372
0.406937
0.406937
0.385643
0.385643
0.472801
0.472801
0.810687
0.810687
0.507354
0.507354
0.378063
0.378063
0.340999
0.340999
0.628134
0.628134
0.423927
0.423927
0.741521
0.741521
0.195354
0.195354
0.345709
0.345709
0.588877
0.588877
0.320258
0.320258
0.423667
0.423667
0.540103
0.540103
0.271302
0.271302
0.678987
0.678987
0.460254
0.460254
0.419689
0.419689
0.191089
0.191089
0.236433
0.236433
0.270518
0.270518
0.421895
0.421895
0.511974
0.511974
0.567527
0.567527
0.368552
0.368552
0.414271
0.414271
0.413741
0.413741
0.374862
0.374862
0.517657
0.517657
0.455492
0.455492
0.531502
0.531502
0.347078
0.347078
0.327667
0.327667
0.268001
0.268001
0.360927
0.360927
0.286359
0.286359
1.078749
1.078749
0.327912
0.327912
0.509805
0.509805
0.273716
0.273716
0.328268
0.328268
0.525187
0.525187
0.442920
0.442920
0.519961
0.519961
0.248956
0.248956
0.320297
0.320297
0.337148
0.337148
0.641766
0.641766
0.798408
0.798408
0.279233
0.279233
0.361524
0.361524
0.224814
0.224814
0.467098
0.467098
0.529887
0.529887
0.144852
0.144852
0.466136
0.466136
0.370312
0.370312
0.591662
0.591662
0.452754
0.452754
0.200298
0.200298
0.474036
0.474036
0.445709
0.445709
0.343232
0.343232
0.592652
0.592652
0.313479
0.313479
0.294536
0.294536
0.265781
0.265781
0.077146
0.077146
0.511733
0.511733
0.444802
0.444802
0.471852
0.471852
0.353650
0.353650
0.216057
0.216057
0.214896
0.214896
0.510636
0.510636
0.345782
0.345782
0.491745
0.491745
0.220023
0.220023
0.248256
0.248256
0.342458
0.342458
0.527634
0.527634
0.308713
0.308713
0.357565
0.357565
0.236847
0.236847
0.719487
0.719487
0.223296
0.223296
0.535471
0.535471
0.197655
0.197655
0.282530
0.282530
0.417899
0.417899
0.398114
0.398114
0.372440
0.372440
0.584717
0.584717
0.496870
0.496870
0.665785
0.665785
0.376292
0.376292
0.411879
0.411879
0.515261
0.515261
0.398069
0.398069
0.499343
0.499343
0.436001
0.436001
0.460403
0.460403
0.349745
0.349745
0.288478
0.288478
0.526918
0.526918
0.752023
0.752023
0.322764
0.322764
0.339297
0.339297
0.389626
0.389626
0.475210
0.475210
0.462033
0.462033
0.562106
0.562106
0.281958
0.281958
0.435417
0.435417
0.582052
0.582052
0.289846
0.289846
0.545630
0.545630
0.934206
0.934206
0.448707
0.448707
0.282220
0.282220
0.380527
0.380527
0.453698
0.453698
0.434038
0.434038
0.559033
0.559033
0.337495
0.337495
0.490563
0.490563
0.356358
0.356358
0.392495
0.392495
0.628951
0.628951
0.710878
0.710878
0.526256
0.526256
0.636769
0.636769
0.203858
0.203858
0.191178
0.191178
0.416919
0.416919
0.383161
0.383161
0.146097
0.146097
0.257657
0.257657
0.635129
0.635129
0.468227
0.468227
0.542550
0.542550
0.184468
0.184468
0.292684
0.292684
0.242593
0.242593
0.426553
0.426553
0.564891
0.564891
0.360287
0.360287
0.421240
0.421240
0.498212
0.498212
0.616306
0.616306
0.270470
0.270470
0.276431
0.276431
0.617399
0.617399
0.445200
0.445200
0.206545
0.206545
0.424529
0.424529
0.400911
0.400911
0.313472
0.313472
0.543783
0.543783
0.287101
0.287101
0.472868
0.472868
0.194099
0.194099
0.396668
0.396668
0.292656
0.292656
0.464829
0.464829
0.356879
0.356879
0.366156
0.366156
0.241582
0.241582
0.419401
0.419401
0.279280
0.279280
0.209004
0.209004
0.244265
0.244265
0.515766
0.515766
0.415041
0.415041
0.388873
0.388873
0.323601
0.323601
0.445221
0.445221
0.312844
0.312844
0.261726
0.261726
0.497378
0.497378
0.588188
0.588188
0.486532
0.486532
0.454817
0.454817
0.730451
0.730451
0.342547
0.342547
0.522011
0.522011
0.449971
0.449971
0.220005
0.220005
0.360113
0.360113
0.374725
0.374725
0.446938
0.446938
0.342028
0.342028
0.658518
0.658518
0.250552
0.250552
0.499562
0.499562
0.302068
0.302068
0.285127
0.285127
0.426780
0.426780
0.346222
0.346222
0.333810
0.333810
0.307187
0.307187
0.483377
0.483377
0.287735
0.287735
0.472698
0.472698
0.559289
0.559289
0.503724
0.503724
0.530807
0.530807
0.175417
0.175417
0.401352
0.401352
0.468673
0.468673
0.506247
0.506247
0.444959
0.444959
0.366428
0.366428
0.388390
0.388390
0.450102
0.450102
0.160145
0.160145
0.491115
0.491115
0.689792
0.689792
0.275010
0.275010
0.629959
0.629959
0.413437
0.413437
0.447061
0.447061
0.728085
0.728085
0.239317
0.239317
0.205234
0.205234
0.499517
0.499517
0.235197
0.235197
0.524843
0.524843
0.397185
0.397185
0.208669
0.208669
0.394826
0.394826
0.628657
0.628657
0.149773
0.149773
0.272678
0.272678
0.634800
0.634800
0.445658
0.445658
0.372841
0.372841
0.255580
0.255580
0.428455
0.428455
0.993245
0.993245
0.770970
0.770970
0.534444
0.534444
0.433142
0.433142
0.326621
0.326621
0.247017
0.247017
0.306547
0.306547
0.338333
0.338333
0.507742
0.507742
0.529698
0.529698
0.324275
0.324275
0.590242
0.590242
0.590184
0.590184
0.325128
0.325128
0.278049
0.278049
0.356058
0.356058
0.313337
0.313337
0.473696
0.473696
0.605536
0.605536
0.593515
0.593515
0.824693
0.824693
0.250073
0.250073
0.344576
0.344576
0.239754
0.239754
0.225351
0.225351
0.401936
0.401936
0.433585
0.433585
0.315650
0.315650
0.860705
0.860705
0.425984
0.425984
0.775383
0.775383
0.363787
0.363787
0.383436
0.383436
0.345956
0.345956
0.194807
0.194807
0.637813
0.637813
0.213787
0.213787
0.379512
0.379512
0.299172
0.299172
0.350644
0.350644
0.531545
0.531545
0.346597
0.346597
0.308998
0.308998
0.318199
0.318199
0.420645
0.420645
0.452032
0.452032
0.697866
0.697866
0.362126
0.362126
0.193336
0.193336
0.617522
0.617522
0.331448
0.331448
0.270247
0.270247
0.326685
0.326685
0.374525
0.374525
0.637810
0.637810
0.596745
0.596745
0.315967
0.315967
0.625339
0.625339
0.199817
0.199817
0.709400
0.709400
0.435481
0.435481
0.423059
0.423059
0.658230
0.658230
0.668718
0.668718
0.400373
0.400373
0.496040
0.496040
0.463083
0.463083
0.189930
0.189930
0.422403
0.422403
0.546297
0.546297
0.401165
0.401165
0.245375
0.245375
0.547696
0.547696
0.372491
0.372491
0.288620
0.288620
0.289676
0.289676
0.533122
0.533122
0.418555
0.418555
0.401891
0.401891
0.320181
0.320181
0.483916
0.483916
0.335485
0.335485
0.344597
0.344597
0.378834
0.378834
0.297496
0.297496
0.262161
0.262161
0.264502
0.264502
0.381915
0.381915
0.483079
0.483079
0.537765
0.537765
0.388598
0.388598
0.239995
0.239995
0.169404
0.169404
0.430418
0.430418
0.656014
0.656014
0.371733
0.371733
0.471610
0.471610
0.415316
0.415316
0.350611
0.350611
0.419652
0.419652
0.871283
0.871283
0.696259
0.696259
0.390503
0.390503
0.571743
0.571743
0.256688
0.256688
0.400505
0.400505
0.331322
0.331322
0.776961
0.776961
0.387272
0.387272
0.366186
0.366186
0.292575
0.292575
0.417978
0.417978
0.410158
0.410158
0.294010
0.294010
0.338987
0.338987
0.300346
0.300346
0.370531
0.370531
0.223662
0.223662
0.397296
0.397296
0.397516
0.397516
0.224428
0.224428
0.756568
0.756568
0.244539
0.244539
0.576889
0.576889
0.742125
0.742125
0.391532
0.391532
0.461317
0.461317
0.270128
0.270128
0.301520
0.301520
0.328850
0.328850
0.748659
0.748659
0.245849
0.245849
0.572596
0.572596
0.342245
0.342245
0.703510
0.703510
0.274917
0.274917
0.275089
0.275089
0.328747
0.328747
0.598109
0.598109
0.285979
0.285979
0.493409
0.493409
0.416826
0.416826
0.504956
0.504956
0.430918
0.430918
0.530041
0.530041
0.471920
0.471920
0.617508
0.617508
0.310139
0.310139
0.652220
0.652220
0.369309
0.369309
0.296377
0.296377
0.351188
0.351188
0.236855
0.236855
0.336229
0.336229
0.148901
0.148901
0.457950
0.457950
0.436627
0.436627
0.683293
0.683293
0.425566
0.425566
0.606833
0.606833
0.429035
0.429035
0.328267
0.328267
0.507900
0.507900
0.302079
0.302079
0.217057
0.217057
0.468287
0.468287
0.248308
0.248308
0.487364
0.487364
0.403577
0.403577
0.835654
0.835654
0.194265
0.194265
0.233144
0.233144
0.308757
0.308757
0.273277
0.273277
0.342327
0.342327
0.379304
0.379304
0.202893
0.202893
0.597264
0.597264
0.458377
0.458377
0.417079
0.417079
0.332141
0.332141
0.444831
0.444831
0.452542
0.452542
0.365693
0.365693
0.216879
0.216879
0.767007
0.767007
0.367975
0.367975
0.364010
0.364010
0.456040
0.456040
0.203334
0.203334
0.471011
0.471011
0.268494
0.268494
0.190925
0.190925
0.609862
0.609862
0.373335
0.373335
0.674439
0.674439
0.238991
0.238991
0.385289
0.385289
0.450795
0.450795
0.419303
0.419303
0.406577
0.406577
0.381085
0.381085
0.689543
0.689543
0.301161
0.301161
0.523893
0.523893
0.403960
0.403960
0.439089
0.439089
0.259270
0.259270
0.539820
0.539820
0.679318
0.679318
0.679214
0.679214
0.402927
0.402927
0.231910
0.231910
0.380391
0.380391
0.324964
0.324964
0.403647
0.403647
0.424801
0.424801
0.715839
0.715839
0.340380
0.340380
0.394150
0.394150
0.314473
0.314473
0.304556
0.304556
0.409593
0.409593
0.214802
0.214802
0.227364
0.227364
0.475972
0.475972
0.498264
0.498264
0.598816
0.598816
0.361987
0.361987
0.174208
0.174208
0.407609
0.407609
0.424069
0.424069
0.234857
0.234857
0.428992
0.428992
0.644889
0.644889
0.367362
0.367362
0.427055
0.427055
0.288595
0.288595
0.372306
0.372306
0.654420
0.654420
0.216458
0.216458
0.347252
0.347252
0.293255
0.293255
0.376721
0.376721
0.176215
0.176215
0.511198
0.511198
0.390894
0.390894
0.437272
0.437272
0.389076
0.389076
0.450246
0.450246
0.246802
0.246802
0.503681
0.503681
0.370101
0.370101
0.530095
0.530095
0.467474
0.467474
0.151655
0.151655
0.369518
0.369518
0.262624
0.262624
0.276000
0.276000
0.490177
0.490177
0.363901
0.363901
0.544635
0.544635
0.571545
0.571545
0.186343
0.186343
0.623735
0.623735
0.411087
0.411087
0.390458
0.390458
0.363238
0.363238
0.400513
0.400513
0.368674
0.368674
0.231286
0.231286
0.376150
0.376150
0.189381
0.189381
0.329301
0.329301
0.319978
0.319978
0.466018
0.466018
0.804368
0.804368
0.324057
0.324057
0.416227
0.416227
0.248826
0.248826
0.486446
0.486446
0.753792
0.753792
0.309863
0.309863
0.706784
0.706784
0.182097
0.182097
0.243607
0.243607
0.234565
0.234565
0.339952
0.339952
0.485878
0.485878
0.337831
0.337831
0.686621
0.686621
0.474077
0.474077
0.407454
0.407454
0.289047
0.289047
0.208014
0.208014
0.280225
0.280225
0.350791
0.350791
0.465832
0.465832
0.593847
0.593847
0.389357
0.389357
0.386106
0.386106
0.638902
0.638902
0.335421
0.335421
0.250636
0.250636
0.315787
0.315787
0.233672
0.233672
0.436772
0.436772
0.336511
0.336511
0.420921
0.420921
0.332218
0.332218
0.483509
0.483509
0.299022
0.299022
0.300477
0.300477
0.497046
0.497046
0.325716
0.325716
0.281280
0.281280
0.287988
0.287988
0.235036
0.235036
0.471450
0.471450
0.357560
0.357560
0.233150
0.233150
0.392511
0.392511
0.532101
0.532101
0.512801
0.512801
0.497735
0.497735
0.472909
0.472909
0.437343
0.437343
0.552454
0.552454
0.501060
0.501060
0.461097
0.461097
0.463672
0.463672
0.713457
0.713457
0.251789
0.251789
0.756752
0.756752
0.421268
0.421268
0.643880
0.643880
0.302913
0.302913
0.542739
0.542739
0.260623
0.260623
0.524357
0.524357
0.417372
0.417372
0.408050
0.408050
0.696406
0.696406
0.386688
0.386688
0.350624
0.350624
0.475573
0.475573
0.233190
0.233190
0.434329
0.434329
0.424309
0.424309
0.433820
0.433820
0.381105
0.381105
0.297127
0.297127
0.692077
0.692077
0.427096
0.427096
0.297254
0.297254
0.539669
0.539669
0.568318
0.568318
0.236212
0.236212
0.436936
0.436936
0.274678
0.274678
0.905441
0.905441
0.455703
0.455703
0.343473
0.343473
0.206157
0.206157
0.367351
0.367351
0.561195
0.561195
0.490953
0.490953
0.342711
0.342711
0.516509
0.516509
0.295363
0.295363
0.185311
0.185311
0.273612
0.273612
0.648448
0.648448
0.304926
0.304926
0.328811
0.328811
0.358696
0.358696
0.173734
0.173734
0.238466
0.238466
0.403032
0.403032
0.452091
0.452091
0.247249
0.247249
0.919117
0.919117
0.293321
0.293321
0.485891
0.485891
0.749534
0.749534
0.582833
0.582833
0.701802
0.701802
0.361116
0.361116
0.318862
0.318862
0.549803
0.549803
0.531495
0.531495
0.692606
0.692606
0.292442
0.292442
0.678073
0.678073
0.153067
0.153067
0.476398
0.476398
0.535311
0.535311
0.654902
0.654902
0.519336
0.519336
0.183689
0.183689
0.271909
0.271909
0.390831
0.390831
0.418334
0.418334
0.438182
0.438182
0.378101
0.378101
0.182134
0.182134
0.471088
0.471088
0.240465
0.240465
0.235946
0.235946
0.504359
0.504359
0.834943
0.834943
0.259923
0.259923
0.449434
0.449434
0.352779
0.352779
0.331574
0.331574
0.264371
0.264371
0.268456
0.268456
0.306761
0.306761
0.271408
0.271408
0.502244
0.502244
0.375422
0.375422
0.291574
0.291574
0.533812
0.533812
0.328177
0.328177
0.598809
0.598809
0.374627
0.374627
0.508383
0.508383
0.484906
0.484906
0.275696
0.275696
0.469101
0.469101
0.169901
0.169901
0.347669
0.347669
0.484822
0.484822
0.610576
0.610576
0.846572
0.846572
0.416337
0.416337
0.236147
0.236147
0.255787
0.255787
0.928302
0.928302
0.364887
0.364887
0.388114
0.388114
0.338501
0.338501
0.324048
0.324048
0.228662
0.228662
0.289637
0.289637
0.532809
0.532809
0.338092
0.338092
0.375141
0.375141
0.314505
0.314505
0.616713
0.616713
0.449167
0.449167
0.152138
0.152138
0.273256
0.273256
0.304292
0.304292
0.143615
0.143615
0.536646
0.536646
0.389129
0.389129
0.571358
0.571358
0.574856
0.574856
0.620769
0.620769
0.366579
0.366579
0.356766
0.356766
0.489819
0.489819
0.389203
0.389203
0.366793
0.366793
0.261180
0.261180
0.484148
0.484148
0.378157
0.378157
0.653849
0.653849
0.485758
0.485758
0.444770
0.444770
0.397419
0.397419
0.455918
0.455918
0.309331
0.309331
0.361495
0.361495
0.512756
0.512756
0.631946
0.631946
0.383846
0.383846
0.536228
0.536228
0.258925
0.258925
0.366299
0.366299
0.296094
0.296094
0.349125
0.349125
0.442910
0.442910
0.320296
0.320296
0.574815
0.574815
0.237092
0.237092
0.460768
0.460768
0.229552
0.229552
0.270908
0.270908
0.241105
0.241105
0.420735
0.420735
0.447914
0.447914
0.316155
0.316155
0.690842
0.690842
0.398603
0.398603
0.438567
0.438567
0.356494
0.356494
0.542142
0.542142
0.445189
0.445189
0.217977
0.217977
0.285699
0.285699
0.352445
0.352445
0.290975
0.290975
0.228931
0.228931
0.342969
0.342969
0.593663
0.593663
0.502297
0.502297
0.429971
0.429971
0.571245
0.571245
0.532254
0.532254
0.570583
0.570583
0.465817
0.465817
0.457870
0.457870
0.492103
0.492103
0.513375
0.513375
0.610285
0.610285
0.246538
0.246538
0.435760
0.435760
0.411746
0.411746
0.435386
0.435386
0.275153
0.275153
0.288936
0.288936
0.341109
0.341109
0.734951
0.734951
0.529233
0.529233
0.324637
0.324637
0.435398
0.435398
0.399437
0.399437
0.519166
0.519166
0.825983
0.825983
0.324203
0.324203
0.222880
0.222880
0.690797
0.690797
0.316443
0.316443
0.488381
0.488381
0.386321
0.386321
0.498626
0.498626
0.372822
0.372822
0.293854
0.293854
0.261859
0.261859
0.190865
0.190865
0.310217
0.310217
0.364973
0.364973
0.348729
0.348729
0.333709
0.333709
0.535020
0.535020
0.562391
0.562391
0.420271
0.420271
0.534547
0.534547
0.316835
0.316835
0.319278
0.319278
0.494112
0.494112
0.276197
0.276197
0.433199
0.433199
0.288931
0.288931
0.559433
0.559433
0.257323
0.257323
0.451133
0.451133
0.349386
0.349386
0.133252
0.133252
0.381075
0.381075
0.292135
0.292135
0.375804
0.375804
0.324162
0.324162
0.386175
0.386175
0.203374
0.203374
0.277782
0.277782
0.348474
0.348474
0.171950
0.171950
0.307994
0.307994
0.326488
0.326488
0.377916
0.377916
0.292821
0.292821
0.467715
0.467715
0.259128
0.259128
0.357831
0.357831
0.328172
0.328172
0.299210
0.299210
0.443083
0.443083
0.479962
0.479962
0.550368
0.550368
0.613545
0.613545
0.316988
0.316988
0.532901
0.532901
0.601151
0.601151
0.491582
0.491582
0.328909
0.328909
0.276718
0.276718
0.326614
0.326614
0.376921
0.376921
0.368101
0.368101
0.213506
0.213506
0.322302
0.322302
0.583471
0.583471
0.474756
0.474756
0.149099
0.149099
0.305520
0.305520
0.391019
0.391019
0.452023
0.452023
0.331703
0.331703
0.405146
0.405146
0.209481
0.209481
0.321176
0.321176
0.425580
0.425580
0.299203
0.299203
0.255781
0.255781
0.245769
0.245769
0.467958
0.467958
0.370583
0.370583
0.489041
0.489041
0.449793
0.449793
0.480118
0.480118
0.300188
0.300188
0.295906
0.295906
0.212763
0.212763
0.770480
0.770480
0.484240
0.484240
0.414906
0.414906
0.536690
0.536690
0.810010
0.810010
0.366004
0.366004
0.493683
0.493683
0.434939
0.434939
0.250599
0.250599
0.472629
0.472629
0.224257
0.224257
0.326098
0.326098
0.335315
0.335315
0.469799
0.469799
0.431721
0.431721
0.441092
0.441092
0.368055
0.368055
0.559594
0.559594
0.602749
0.602749
0.564427
0.564427
0.486369
0.486369
0.668912
0.668912
0.370662
0.370662
0.733717
0.733717
0.569143
0.569143
0.509289
0.509289
0.601247
0.601247
0.129151
0.129151
0.583429
0.583429
0.816558
0.816558
0.510566
0.510566
0.373687
0.373687
0.600929
0.600929
0.377656
0.377656
0.652577
0.652577
0.512668
0.512668
0.076776
0.076776
0.343387
0.343387
0.620701
0.620701
0.325497
0.325497
0.199424
0.199424
0.251624
0.251624
0.619629
0.619629
0.550490
0.550490
0.159545
0.159545
0.367029
0.367029
0.551799
0.551799
0.386296
0.386296
0.379961
0.379961
0.314921
0.314921
0.445092
0.445092
0.440157
0.440157
0.387335
0.387335
0.367241
0.367241
0.662162
0.662162
0.556619
0.556619
0.552052
0.552052
0.273948
0.273948
0.994564
0.994564
0.349785
0.349785
0.319153
0.319153
0.327958
0.327958
0.233113
0.233113
0.960901
0.960901
0.601672
0.601672
0.409698
0.409698
0.268732
0.268732
0.351313
0.351313
0.223095
0.223095
0.209125
0.209125
0.248122
0.248122
0.367596
0.367596
0.321507
0.321507
0.602156
0.602156
0.333188
0.333188
0.231480
0.231480
0.357013
0.357013
0.455383
0.455383
0.283451
0.283451
0.749480
0.749480
0.252902
0.252902
0.269863
0.269863
0.326113
0.326113
0.352359
0.352359
0.282548
0.282548
0.265806
0.265806
0.330082
0.330082
0.520121
0.520121
0.483939
0.483939
0.448621
0.448621
0.300005
0.300005
0.256164
0.256164
0.504537
0.504537
0.779572
0.779572
0.412086
0.412086
0.523876
0.523876
0.582746
0.582746
0.410167
0.410167
0.395987
0.395987
0.308907
0.308907
0.584265
0.584265
0.535799
0.535799
0.488204
0.488204
0.585431
0.585431
0.812610
0.812610
0.475877
0.475877
0.547765
0.547765
0.193009
0.193009
0.456890
0.456890
0.617136
0.617136
0.678148
0.678148
0.349526
0.349526
0.217325
0.217325
0.362513
0.362513
0.355806
0.355806
0.652117
0.652117
0.580958
0.580958
0.594837
0.594837
0.358880
0.358880
0.609794
0.609794
0.550650
0.550650
0.760667
0.760667
1.180912
1.180912
0.525949
0.525949
0.329795
0.329795
0.314994
0.314994
0.396227
0.396227
0.836532
0.836532
0.426900
0.426900
0.288494
0.288494
0.546766
0.546766
0.407442
0.407442
0.476234
0.476234
0.434542
0.434542
0.327123
0.327123
0.345677
0.345677
0.508452
0.508452
0.432920
0.432920
0.401558
0.401558
0.286716
0.286716
0.357395
0.357395
0.243621
0.243621
0.459269
0.459269
0.677017
0.677017
0.482113
0.482113
0.257291
0.257291
0.417803
0.417803
0.435381
0.435381
0.834509
0.834509
0.328839
0.328839
0.682943
0.682943
0.462968
0.462968
0.508448
0.508448
0.603344
0.603344
0.721579
0.721579
0.457351
0.457351
0.236142
0.236142
0.322361
0.322361
0.370531
0.370531
0.614774
0.614774
0.588213
0.588213
0.269769
0.269769
0.510412
0.510412
0.341063
0.341063
0.304166
0.304166
0.451469
0.451469
0.219632
0.219632
0.274611
0.274611
0.407888
0.407888
0.464369
0.464369
0.597175
0.597175
0.278327
0.278327
0.467610
0.467610
0.824448
0.824448
0.230319
0.230319
0.401819
0.401819
0.101746
0.101746
0.393859
0.393859
0.479326
0.479326
0.261791
0.261791
0.297772
0.297772
0.219541
0.219541
0.455326
0.455326
0.366832
0.366832
0.472492
0.472492
0.399965
0.399965
0.406074
0.406074
0.468614
0.468614
0.313426
0.313426
0.612598
0.612598
0.370865
0.370865
0.420156
0.420156
0.707387
0.707387
0.276526
0.276526
0.259982
0.259982
0.323760
0.323760
0.347639
0.347639
0.257279
0.257279
0.263461
0.263461
0.404964
0.404964
0.388275
0.388275
0.420417
0.420417
0.578492
0.578492
0.339840
0.339840
0.288025
0.288025
0.385345
0.385345
0.482814
0.482814
0.449072
0.449072
0.464662
0.464662
0.422833
0.422833
0.316438
0.316438
0.384516
0.384516
0.104650
0.104650
0.275455
0.275455
0.422973
0.422973
0.300497
0.300497
0.267788
0.267788
0.503169
0.503169
0.274935
0.274935
0.255035
0.255035
0.271701
0.271701
0.292242
0.292242
0.836108
0.836108
0.328248
0.328248
0.658676
0.658676
0.602705
0.602705
0.368128
0.368128
0.304541
0.304541
0.482938
0.482938
0.137635
0.137635
0.605095
0.605095
0.600541
0.600541
0.614715
0.614715
0.870423
0.870423
0.286189
0.286189
0.524840
0.524840
0.322196
0.322196
0.370911
0.370911
0.215051
0.215051
0.308431
0.308431
0.535099
0.535099
0.511809
0.511809
0.658075
0.658075
0.554692
0.554692
0.364503
0.364503
0.482250
0.482250
0.228983
0.228983
0.285494
0.285494
0.200225
0.200225
0.686135
0.686135
0.312056
0.312056
0.282985
0.282985
0.339972
0.339972
0.469251
0.469251
0.408391
0.408391
0.461901
0.461901
0.193722
0.193722
0.242482
0.242482
0.329794
0.329794
0.280448
0.280448
0.422556
0.422556
0.405199
0.405199
0.363754
0.363754
0.592809
0.592809
0.254979
0.254979
0.577727
0.577727
0.292013
0.292013
0.277244
0.277244
0.470147
0.470147
0.276077
0.276077
0.610966
0.610966
0.249568
0.249568
0.458657
0.458657
0.562368
0.562368
0.423720
0.423720
0.291903
0.291903
0.430094
0.430094
0.253862
0.253862
0.215002
0.215002
0.349457
0.349457
0.362821
0.362821
0.725464
0.725464
0.418015
0.418015
0.437974
0.437974
0.235348
0.235348
0.300638
0.300638
0.379593
0.379593
0.808101
0.808101
0.563509
0.563509
0.483778
0.483778
0.206152
0.206152
0.487735
0.487735
0.392854
0.392854
0.278252
0.278252
0.386635
0.386635
0.390534
0.390534
0.531842
0.531842
0.213391
0.213391
0.631270
0.631270
0.358201
0.358201
0.258510
0.258510
0.387398
0.387398
0.486565
0.486565
0.187666
0.187666
0.260196
0.260196
0.578828
0.578828
0.547815
0.547815
0.356015
0.356015
0.411494
0.411494
0.301983
0.301983
0.344439
0.344439
0.172287
0.172287
0.414672
0.414672
0.182408
0.182408
0.460947
0.460947
0.107110
0.107110
0.463295
0.463295
0.353750
0.353750
0.384480
0.384480
0.354755
0.354755
0.267162
0.267162
0.272065
0.272065
0.317729
0.317729
0.587830
0.587830
0.171434
0.171434
0.157306
0.157306
0.182845
0.182845
0.320999
0.320999
0.644938
0.644938
0.636161
0.636161
0.096077
0.096077
0.622763
0.622763
0.363602
0.363602
0.427859
0.427859
0.292485
0.292485
0.284869
0.284869
0.323427
0.323427
0.557049
0.557049
0.270784
0.270784
0.198312
0.198312
0.370712
0.370712
0.222215
0.222215
0.393058
0.393058
0.399726
0.399726
0.372823
0.372823
0.850865
0.850865
0.383512
0.383512
0.447086
0.447086
0.587608
0.587608
0.230152
0.230152
0.265880
0.265880
0.331489
0.331489
0.546097
0.546097
0.324457
0.324457
0.444519
0.444519
0.472009
0.472009
0.630962
0.630962
0.644463
0.644463
0.381238
0.381238
0.265447
0.265447
0.568366
0.568366
0.295374
0.295374
0.262021
0.262021
0.361533
0.361533
0.899154
0.899154
0.243188
0.243188
0.289489
0.289489
0.606948
0.606948
0.228839
0.228839
0.356272
0.356272
0.790919
0.790919
0.530430
0.530430
0.246309
0.246309
0.313012
0.313012
0.759786
0.759786
0.485292
0.485292
0.296484
0.296484
0.591316
0.591316
0.524167
0.524167
0.365233
0.365233
0.316392
0.316392
0.674614
0.674614
0.291463
0.291463
0.204175
0.204175
0.355416
0.355416
0.406841
0.406841
0.371433
0.371433
0.659954
0.659954
0.327152
0.327152
0.529771
0.529771
0.534212
0.534212
0.367001
0.367001
0.463951
0.463951
0.336333
0.336333
0.404948
0.404948
0.478761
0.478761
0.292907
0.292907
0.168845
0.168845
0.202882
0.202882
0.340565
0.340565
0.549899
0.549899
0.721464
0.721464
0.642700
0.642700
0.271031
0.271031
0.428926
0.428926
0.251065
0.251065
0.175200
0.175200
1.380454
1.380454
0.300413
0.300413
0.728814
0.728814
0.278992
0.278992
0.268671
0.268671
0.350288
0.350288
0.715704
0.715704
0.396449
0.396449
0.562021
0.562021
0.330632
0.330632
0.352363
0.352363
0.375018
0.375018
0.614240
0.614240
0.441421
0.441421
0.274382
0.274382
0.362008
0.362008
0.194844
0.194844
0.410892
0.410892
0.203719
0.203719
0.110891
0.110891
0.334059
0.334059
0.405059
0.405059
0.621598
0.621598
0.473458
0.473458
0.442750
0.442750
0.202507
0.202507
0.452597
0.452597
0.579914
0.579914
0.390423
0.390423
0.898553
0.898553
0.391337
0.391337
0.519819
0.519819
0.154761
0.154761
0.323622
0.323622
0.217816
0.217816
0.431978
0.431978
0.403189
0.403189
0.454449
0.454449
0.407015
0.407015
0.239657
0.239657
0.170436
0.170436
0.394572
0.394572
0.282257
0.282257
0.515728
0.515728
0.613589
0.613589
0.383235
0.383235
0.099769
0.099769
0.335068
0.335068
0.184710
0.184710
0.168782
0.168782
0.249472
0.249472
0.400241
0.400241
0.576192
0.576192
0.151662
0.151662
0.559308
0.559308
0.293174
0.293174
0.423482
0.423482
0.188554
0.188554
0.188212
0.188212
0.470512
0.470512
0.281872
0.281872
0.294270
0.294270
0.152815
0.152815
0.359599
0.359599
0.137988
0.137988
0.411941
0.411941
0.351425
0.351425
0.422854
0.422854
0.256794
0.256794
0.416786
0.416786
0.417804
0.417804
0.428500
0.428500
0.346887
0.346887
0.120447
0.120447
0.543179
0.543179
0.402920
0.402920
0.604532
0.604532
0.378046
0.378046
0.342825
0.342825
0.674865
0.674865
0.406785
0.406785
0.586571
0.586571
0.414503
0.414503
0.441326
0.441326
0.496640
0.496640
0.354756
0.354756
0.409660
0.409660
0.492719
0.492719
0.185256
0.185256
0.301162
0.301162
0.182356
0.182356
0.223365
0.223365
0.581106
0.581106
0.203089
0.203089
0.355414
0.355414
0.349764
0.349764
0.400836
0.400836
0.229174
0.229174
0.521364
0.521364
0.323461
0.323461
0.367883
0.367883
0.368661
0.368661
0.499948
0.499948
0.483135
0.483135
0.213504
0.213504
0.260993
0.260993
0.518727
0.518727
0.365017
0.365017
0.423356
0.423356
0.324567
0.324567
0.198533
0.198533
0.217538
0.217538
0.227883
0.227883
0.371039
0.371039
0.225968
0.225968
0.203902
0.203902
0.434254
0.434254
0.499944
0.499944
0.458961
0.458961
0.658487
0.658487
0.306592
0.306592
0.389218
0.389218
0.753970
0.753970
0.171002
0.171002
0.502620
0.502620
0.322520
0.322520
0.327322
0.327322
0.316388
0.316388
0.449365
0.449365
0.306693
0.306693
0.268580
0.268580
0.245718
0.245718
0.264438
0.264438
0.469398
0.469398
0.464140
0.464140
0.617254
0.617254
0.242469
0.242469
0.256915
0.256915
0.485734
0.485734
0.305397
0.305397
0.380372
0.380372
0.193300
0.193300
0.158705
0.158705
0.259514
0.259514
0.241413
0.241413
0.249321
0.249321
0.350275
0.350275
0.453598
0.453598
0.115045
0.115045
0.270079
0.270079
0.241021
0.241021
0.513436
0.513436
0.397649
0.397649
0.162034
0.162034
0.456203
0.456203
0.410774
0.410774
0.332662
0.332662
0.265843
0.265843
0.622729
0.622729
0.126653
0.126653
1.152232
1.152232
0.319207
0.319207
0.345832
0.345832
0.464808
0.464808
0.503019
0.503019
0.329895
0.329895
0.285067
0.285067
0.556317
0.556317
0.370876
0.370876
0.304373
0.304373
0.529642
0.529642
0.362684
0.362684
0.537580
0.537580
0.429183
0.429183
0.325292
0.325292
0.457776
0.457776
0.330741
0.330741
0.542580
0.542580
1.264536
1.264536
0.404921
0.404921
0.288319
0.288319
0.218990
0.218990
0.417270
0.417270
0.168810
0.168810
0.460023
0.460023
0.258441
0.258441
0.117308
0.117308
0.139626
0.139626
0.094339
0.094339
0.574300
0.574300
0.573184
0.573184
0.263884
0.263884
0.289234
0.289234
0.516939
0.516939
0.443008
0.443008
0.733010
0.733010
0.601350
0.601350
0.458363
0.458363
0.314018
0.314018
0.463993
0.463993
0.790930
0.790930
0.256224
0.256224
0.303555
0.303555
0.727640
0.727640
0.557351
0.557351
0.274589
0.274589
0.319422
0.319422
0.418179
0.418179
0.198952
0.198952
0.353317
0.353317
0.239320
0.239320
0.208654
0.208654
0.533314
0.533314
0.650784
0.650784
0.294269
0.294269
0.654815
0.654815
0.219257
0.219257
0.638808
0.638808
0.208688
0.208688
0.357556
0.357556
0.202333
0.202333
0.177894
0.177894
0.464287
0.464287
0.334631
0.334631
0.559696
0.559696
0.532174
0.532174
0.255765
0.255765
0.603824
0.603824
0.412265
0.412265
0.136286
0.136286
0.492619
0.492619
0.512073
0.512073
0.311765
0.311765
0.569230
0.569230
0.679028
0.679028
0.374476
0.374476
0.352366
0.352366
0.750736
0.750736
0.441432
0.441432
0.392597
0.392597
0.489946
0.489946
0.458593
0.458593
0.144208
0.144208
0.264465
0.264465
0.303872
0.303872
0.287020
0.287020
0.673410
0.673410
0.389691
0.389691
0.199132
0.199132
0.347046
0.347046
0.165762
0.165762
0.569355
0.569355
0.592717
0.592717
0.512785
0.512785
0.345683
0.345683
0.230546
0.230546
0.289070
0.289070
0.435067
0.435067
0.506487
0.506487
0.411656
0.411656
0.555801
0.555801
0.256583
0.256583
0.431693
0.431693
0.808686
0.808686
0.183108
0.183108
0.177126
0.177126
0.502182
0.502182
0.548270
0.548270
0.441750
0.441750
0.309298
0.309298
0.240683
0.240683
0.339426
0.339426
0.199933
0.199933
0.398636
0.398636
0.295708
0.295708
0.487315
0.487315
0.262032
0.262032
0.631129
0.631129
0.238912
0.238912
0.600626
0.600626
0.207753
0.207753
0.633945
0.633945
0.551125
0.551125
0.205725
0.205725
0.083286
0.083286
0.400195
0.400195
0.358814
0.358814
0.308132
0.308132
0.306050
0.306050
0.142864
0.142864
0.396267
0.396267
0.453555
0.453555
0.411322
0.411322
0.363907
0.363907
0.411579
0.411579
0.480856
0.480856
0.559554
0.559554
0.175691
0.175691
0.428392
0.428392
0.246529
0.246529
0.256128
0.256128
0.560660
0.560660
0.449946
0.449946
0.626510
0.626510
0.207390
0.207390
0.272985
0.272985
0.214595
0.214595
0.316122
0.316122
0.107966
0.107966
0.190945
0.190945
0.577221
0.577221
0.240545
0.240545
0.370359
0.370359
0.202831
0.202831
0.447057
0.447057
0.246281
0.246281
0.377686
0.377686
0.408027
0.408027
0.775022
0.775022
0.305061
0.305061
0.387519
0.387519
0.405594
0.405594
0.314168
0.314168
0.461584
0.461584
0.580572
0.580572
0.231338
0.231338
0.252109
0.252109
0.402359
0.402359
0.629059
0.629059
0.194029
0.194029
0.292371
0.292371
0.450760
0.450760
0.534547
0.534547
0.396470
0.396470
0.563823
0.563823
0.552173
0.552173
0.268595
0.268595
0.564588
0.564588
0.260616
0.260616
0.735113
0.735113
0.196436
0.196436
0.335536
0.335536
0.304913
0.304913
0.424066
0.424066
0.195886
0.195886
0.773311
0.773311
0.285991
0.285991
0.125772
0.125772
0.370868
0.370868
0.348402
0.348402
0.257909
0.257909
0.524077
0.524077
0.329302
0.329302
0.201538
0.201538
0.200239
0.200239
0.339511
0.339511
0.308583
0.308583
0.580430
0.580430
0.443756
0.443756
0.221508
0.221508
0.350557
0.350557
0.352766
0.352766
0.292991
0.292991
0.705564
0.705564
0.566200
0.566200
0.901530
0.901530
0.422773
0.422773
0.330013
0.330013
0.189010
0.189010
0.241502
0.241502
0.342241
0.342241
0.460031
0.460031
0.419008
0.419008
0.417670
0.417670
0.901974
0.901974
0.106209
0.106209
0.483991
0.483991
0.581310
0.581310
0.196606
0.196606
0.443920
0.443920
0.326349
0.326349
0.528410
0.528410
0.459819
0.459819
0.466691
0.466691
0.591039
0.591039
0.222921
0.222921
0.755752
0.755752
0.273104
0.273104
0.214414
0.214414
0.626172
0.626172
0.422439
0.422439
0.413499
0.413499
0.450192
0.450192
0.270175
0.270175
0.313083
0.313083
0.336097
0.336097
0.340174
0.340174
0.203332
0.203332
0.193534
0.193534
0.299981
0.299981
0.541130
0.541130
0.298650
0.298650
0.345388
0.345388
0.413117
0.413117
0.321890
0.321890
0.576738
0.576738
0.462647
0.462647
0.244888
0.244888
0.665228
0.665228
0.304903
0.304903
0.430790
0.430790
0.274321
0.274321
0.220671
0.220671
0.549828
0.549828
0.243513
0.243513
0.338148
0.338148
0.264962
0.264962
0.483969
0.483969
0.384326
0.384326
0.680857
0.680857
0.148335
0.148335
0.584905
0.584905
0.172086
0.172086
0.643151
0.643151
0.087235
0.087235
0.285804
0.285804
0.551054
0.551054
0.193388
0.193388
0.326159
0.326159
0.306236
0.306236
0.379853
0.379853
0.229515
0.229515
0.990905
0.990905
0.358985
0.358985
0.293213
0.293213
0.261338
0.261338
0.497124
0.497124
0.473793
0.473793
0.166679
0.166679
0.179182
0.179182
0.274869
0.274869
0.492420
0.492420
0.348476
0.348476
0.105232
0.105232
0.413193
0.413193
0.389212
0.389212
0.192128
0.192128
0.346984
0.346984
0.279554
0.279554
0.203601
0.203601
0.609292
0.609292
0.206602
0.206602
0.654663
0.654663
0.337964
0.337964
0.423540
0.423540
0.375991
0.375991
0.220583
0.220583
0.556129
0.556129
0.394084
0.394084
0.534763
0.534763
0.472477
0.472477
0.644991
0.644991
0.146779
0.146779
0.213073
0.213073
0.313148
0.313148
0.300915
0.300915
0.662350
0.662350
0.370810
0.370810
0.266294
0.266294
0.123117
0.123117
0.341207
0.341207
0.584448
0.584448
0.465368
0.465368
0.319176
0.319176
0.163130
0.163130
0.375145
0.375145
0.281559
0.281559
0.120997
0.120997
0.295808
0.295808
0.287811
0.287811
0.309149
0.309149
0.357556
0.357556
0.568003
0.568003
0.350231
0.350231
0.494989
0.494989
0.911838
0.911838
0.270115
0.270115
0.107446
0.107446
0.706594
0.706594
0.354566
0.354566
0.320996
0.320996
0.479358
0.479358
0.082052
0.082052
0.454587
0.454587
0.343319
0.343319
0.237134
0.237134
0.570272
0.570272
0.368922
0.368922
0.307151
0.307151
0.524206
0.524206
0.233654
0.233654
0.250117
0.250117
0.133472
0.133472
0.221813
0.221813
0.601697
0.601697
0.335881
0.335881
0.503681
0.503681
0.597353
0.597353
0.263639
0.263639
0.183253
0.183253
0.336281
0.336281
0.375329
0.375329
0.326193
0.326193
0.198644
0.198644
0.485603
0.485603
0.384057
0.384057
0.263570
0.263570
0.578564
0.578564
1.241284
1.241284
0.213229
0.213229
0.910048
0.910048
0.236415
0.236415
0.550118
0.550118
0.854243
0.854243
0.542522
0.542522
0.115848
0.115848
0.608846
0.608846
0.468658
0.468658
0.312024
0.312024
0.363906
0.363906
0.490656
0.490656
0.256626
0.256626
0.440244
0.440244
0.380959
0.380959
0.515387
0.515387
0.376358
0.376358
0.145789
0.145789
0.495022
0.495022
0.181733
0.181733
0.415839
0.415839
0.401837
0.401837
0.283215
0.283215
0.571440
0.571440
0.453917
0.453917
0.353074
0.353074
0.307956
0.307956
0.602728
0.602728
0.289680
0.289680
0.367109
0.367109
0.169468
0.169468
0.176855
0.176855
0.426286
0.426286
0.801297
0.801297
0.298263
0.298263
0.530114
0.530114
0.357994
0.357994
0.472781
0.472781
0.429264
0.429264
0.202246
0.202246
0.431501
0.431501
0.251839
0.251839
0.362194
0.362194
0.425467
0.425467
0.259125
0.259125
0.219501
0.219501
0.362414
0.362414
0.215829
0.215829
0.314071
0.314071
0.456350
0.456350
0.170962
0.170962
0.119309
0.119309
0.258882
0.258882
0.280500
0.280500
0.200158
0.200158
0.288511
0.288511
0.794463
0.794463
0.348702
0.348702
0.598435
0.598435
0.428274
0.428274
0.739442
0.739442
0.476693
0.476693
0.188471
0.188471
0.456363
0.456363
0.636318
0.636318
0.333215
0.333215
0.472721
0.472721
0.299125
0.299125
0.462934
0.462934
0.358263
0.358263
0.166135
0.166135
0.237930
0.237930
0.252357
0.252357
0.378142
0.378142
0.212504
0.212504
0.220407
0.220407
0.641262
0.641262
0.433857
0.433857
0.284833
0.284833
0.189898
0.189898
0.397794
0.397794
0.453605
0.453605
0.555720
0.555720
0.121812
0.121812
0.557494
0.557494
0.683547
0.683547
0.369735
0.369735
0.319848
0.319848
0.571014
0.571014
0.361239
0.361239
0.284817
0.284817
0.370579
0.370579
0.435902
0.435902
0.432106
0.432106
0.257299
0.257299
0.310449
0.310449
0.324230
0.324230
0.240297
0.240297
0.303125
0.303125
0.273435
0.273435
0.808784
0.808784
0.285073
0.285073
0.165434
0.165434
0.234312
0.234312
0.253399
0.253399
0.471571
0.471571
0.400059
0.400059
0.423237
0.423237
0.182066
0.182066
0.321742
0.321742
0.352085
0.352085
0.224648
0.224648
0.292125
0.292125
0.299557
0.299557
0.346993
0.346993
0.390644
0.390644
0.410305
0.410305
0.403835
0.403835
0.311240
0.311240
0.606667
0.606667
0.238244
0.238244
0.443954
0.443954
0.140475
0.140475
0.470086
0.470086
0.344557
0.344557
0.308880
0.308880
0.348874
0.348874
0.332097
0.332097
0.823636
0.823636
0.265989
0.265989
0.347137
0.347137
0.318657
0.318657
0.279588
0.279588
0.422469
0.422469
0.295668
0.295668
0.477008
0.477008
0.367360
0.367360
0.167701
0.167701
0.310409
0.310409
0.449030
0.449030
0.420280
0.420280
0.332118
0.332118
0.132667
0.132667
0.289461
0.289461
0.207698
0.207698
0.364558
0.364558
0.335259
0.335259
0.253495
0.253495
0.355704
0.355704
0.426952
0.426952
0.578441
0.578441
0.681379
0.681379
0.428152
0.428152
0.254692
0.254692
0.101813
0.101813
0.479324
0.479324
0.470201
0.470201
0.177942
0.177942
0.510676
0.510676
0.416523
0.416523
0.189551
0.189551
0.236453
0.236453
0.396431
0.396431
0.345947
0.345947
0.258673
0.258673
0.447262
0.447262
0.213654
0.213654
0.390244
0.390244
0.285917
0.285917
0.370392
0.370392
0.434754
0.434754
0.720539
0.720539
0.582206
0.582206
0.237500
0.237500
0.295531
0.295531
0.503404
0.503404
0.462554
0.462554
0.421341
0.421341
0.267633
0.267633
0.305962
0.305962
0.335381
0.335381
0.694136
0.694136
0.400575
0.400575
0.200576
0.200576
0.367796
0.367796
0.522781
0.522781
0.394730
0.394730
0.184012
0.184012
0.310233
0.310233
0.320678
0.320678
0.301281
0.301281
0.159930
0.159930
0.612042
0.612042
0.184942
0.184942
0.486941
0.486941
0.536934
0.536934
0.408956
0.408956
0.390231
0.390231
0.510924
0.510924
0.265178
0.265178
0.383556
0.383556
0.337854
0.337854
0.474633
0.474633
0.322894
0.322894
0.435071
0.435071
0.347179
0.347179
0.492199
0.492199
0.349424
0.349424
0.398343
0.398343
0.387121
0.387121
0.536947
0.536947
0.477969
0.477969
0.451267
0.451267
0.340658
0.340658
0.353349
0.353349
0.416713
0.416713
0.354034
0.354034
0.241682
0.241682
0.427008
0.427008
0.424421
0.424421
0.279234
0.279234
0.568875
0.568875
0.644647
0.644647
0.315953
0.315953
0.440185
0.440185
0.355760
0.355760
0.528450
0.528450
0.364268
0.364268
0.427818
0.427818
0.527255
0.527255
0.587292
0.587292
0.439234
0.439234
0.271070
0.271070
0.288034
0.288034
0.116436
0.116436
0.784862
0.784862
0.274905
0.274905
0.305999
0.305999
0.405435
0.405435
0.383850
0.383850
0.187257
0.187257
0.242603
0.242603
0.244763
0.244763
0.383799
0.383799
0.317374
0.317374
0.258550
0.258550
0.440445
0.440445
0.374941
0.374941
0.441347
0.441347
0.130710
0.130710
0.582621
0.582621
0.608850
0.608850
0.497644
0.497644
0.316825
0.316825
0.399158
0.399158
0.334922
0.334922
0.159061
0.159061
0.629940
0.629940
0.248698
0.248698
0.341194
0.341194
0.427770
0.427770
0.258164
0.258164
0.306834
0.306834
0.123007
0.123007
0.203756
0.203756
0.372373
0.372373
0.351058
0.351058
0.201825
0.201825
0.209032
0.209032
0.458989
0.458989
0.262473
0.262473
0.700527
0.700527
0.106459
0.106459
0.304598
0.304598
0.443126
0.443126
0.234979
0.234979
0.228683
0.228683
0.381262
0.381262
0.240506
0.240506
0.376935
0.376935
0.358003
0.358003
0.159062
0.159062
0.305009
0.305009
0.243554
0.243554
0.448950
0.448950
0.209819
0.209819
0.323879
0.323879
0.233288
0.233288
0.524265
0.524265
0.497950
0.497950
0.802312
0.802312
0.312209
0.312209
0.388849
0.388849
0.631454
0.631454
0.287950
0.287950
0.472136
0.472136
0.252663
0.252663
0.164979
0.164979
0.338192
0.338192
0.533955
0.533955
0.350483
0.350483
0.131996
0.131996
0.466141
0.466141
0.567237
0.567237
0.321903
0.321903
0.269462
0.269462
0.294498
0.294498
0.198381
0.198381
0.440351
0.440351
0.385356
0.385356
0.394299
0.394299
0.232948
0.232948
0.328092
0.328092
0.498417
0.498417
0.612939
0.612939
0.263885
0.263885
0.366289
0.366289
0.465282
0.465282
0.765136
0.765136
0.289536
0.289536
0.190333
0.190333
0.324884
0.324884
0.425473
0.425473
0.280085
0.280085
0.224909
0.224909
0.350758
0.350758
0.475498
0.475498
0.284975
0.284975
0.325764
0.325764
0.141150
0.141150
0.462671
0.462671
0.178124
0.178124
0.300564
0.300564
0.279518
0.279518
0.241111
0.241111
0.521323
0.521323
0.128944
0.128944
0.171151
0.171151
0.269673
0.269673
0.262563
0.262563
0.493437
0.493437
0.329638
0.329638
0.514808
0.514808
0.648836
0.648836
0.260915
0.260915
0.893574
0.893574
0.250381
0.250381
0.232185
0.232185
0.552077
0.552077
0.392885
0.392885
0.185697
0.185697
0.943875
0.943875
0.233685
0.233685
0.657167
0.657167
0.433173
0.433173
0.146314
0.146314
0.253247
0.253247
0.682295
0.682295
0.273511
0.273511
0.570735
0.570735
0.458051
0.458051
0.713786
0.713786
0.367744
0.367744
0.147490
0.147490
0.448877
0.448877
0.175058
0.175058
1.057831
1.057831
0.364372
0.364372
0.395228
0.395228
0.337324
0.337324
0.715610
0.715610
0.159062
0.159062
0.207981
0.207981
0.248025
0.248025
0.238266
0.238266
0.216586
0.216586
0.344891
0.344891
0.434800
0.434800
0.352130
0.352130
0.332517
0.332517
0.396334
0.396334
0.313167
0.313167
0.192948
0.192948
0.543919
0.543919
0.283231
0.283231
0.384650
0.384650
0.381975
0.381975
0.322976
0.322976
0.128751
0.128751
0.348531
0.348531
0.293776
0.293776
0.151440
0.151440
0.340772
0.340772
0.519648
0.519648
0.328680
0.328680
0.436392
0.436392
0.470695
0.470695
0.219281
0.219281
0.555985
0.555985
0.312972
0.312972
0.523459
0.523459
0.413349
0.413349
0.246972
0.246972
0.462595
0.462595
0.315516
0.315516
0.350241
0.350241
0.194332
0.194332
0.231853
0.231853
0.227061
0.227061
0.339251
0.339251
0.547541
0.547541
0.336058
0.336058
0.202693
0.202693
0.272497
0.272497
0.251976
0.251976
0.590284
0.590284
0.179257
0.179257
0.307523
0.307523
0.190902
0.190902
1.241572
1.241572
0.633864
0.633864
0.494850
0.494850
0.601117
0.601117
0.377299
0.377299
0.219709
0.219709
0.268506
0.268506
0.495189
0.495189
0.760560
0.760560
0.123808
0.123808
0.575630
0.575630
0.158785
0.158785
0.185002
0.185002
0.534672
0.534672
0.242937
0.242937
0.436245
0.436245
0.796244
0.796244
0.300012
0.300012
0.272189
0.272189
0.455347
0.455347
0.598819
0.598819
0.467425
0.467425
0.440867
0.440867
1.129916
1.129916
0.289560
0.289560
0.195082
0.195082
0.391818
0.391818
0.805922
0.805922
0.303062
0.303062
0.177574
0.177574
0.532914
0.532914
0.443799
0.443799
0.511732
0.511732
0.324289
0.324289
0.326194
0.326194
0.166651
0.166651
0.505752
0.505752
0.592560
0.592560
0.249681
0.249681
0.245612
0.245612
0.423741
0.423741
0.386505
0.386505
0.285817
0.285817
0.507964
0.507964
0.486740
0.486740
0.216286
0.216286
0.620938
0.620938
0.212144
0.212144
0.269761
0.269761
0.304300
0.304300
0.340839
0.340839
0.457802
0.457802
0.344521
0.344521
0.403338
0.403338
0.272475
0.272475
0.174013
0.174013
0.330628
0.330628
0.604133
0.604133
0.422301
0.422301
0.399255
0.399255
0.214329
0.214329
0.604207
0.604207
0.311420
0.311420
0.270364
0.270364
0.436120
0.436120
0.597359
0.597359
0.379176
0.379176
0.311404
0.311404
0.299489
0.299489
0.250106
0.250106
0.362259
0.362259
0.914469
0.914469
0.395180
0.395180
0.482486
0.482486
0.222168
0.222168
0.722669
0.722669
0.450079
0.450079
0.254532
0.254532
0.367077
0.367077
0.370126
0.370126
0.344333
0.344333
0.586535
0.586535
0.362011
0.362011
0.590299
0.590299
0.175335
0.175335
0.272184
0.272184
0.145839
0.145839
0.159590
0.159590
0.141626
0.141626
0.315522
0.315522
0.173952
0.173952
0.344542
0.344542
0.444379
0.444379
0.127613
0.127613
0.276839
0.276839
0.397486
0.397486
0.371582
0.371582
0.425802
0.425802
0.380261
0.380261
0.406643
0.406643
0.464517
0.464517
0.661584
0.661584
0.213766
0.213766
0.225489
0.225489
0.340123
0.340123
0.640651
0.640651
0.338810
0.338810
0.073061
0.073061
0.219030
0.219030
0.419885
0.419885
0.503610
0.503610
0.379919
0.379919
0.241937
0.241937
0.244617
0.244617
0.297400
0.297400
0.438539
0.438539
0.249546
0.249546
0.326529
0.326529
0.183827
0.183827
0.289326
0.289326
0.981475
0.981475
0.266783
0.266783
0.539370
0.539370
0.567852
0.567852
0.237270
0.237270
0.366989
0.366989
0.396862
0.396862
0.557693
0.557693
0.297318
0.297318
0.321465
0.321465
0.382490
0.382490
0.158427
0.158427
0.341221
0.341221
0.449225
0.449225
0.432482
0.432482
0.113862
0.113862
0.155790
0.155790
0.310250
0.310250
0.309310
0.309310
0.270523
0.270523
0.320743
0.320743
0.716251
0.716251
0.318344
0.318344
0.714550
0.714550
0.357311
0.357311
0.385383
0.385383
0.225894
0.225894
0.228544
0.228544
0.260811
0.260811
0.322572
0.322572
0.305421
0.305421
0.379159
0.379159
0.257554
0.257554
0.529547
0.529547
0.379540
0.379540
0.077311
0.077311
0.253824
0.253824
0.165845
0.165845
0.586642
0.586642
0.785716
0.785716
0.256327
0.256327
0.489652
0.489652
0.712161
0.712161
0.223285
0.223285
0.271422
0.271422
0.384779
0.384779
0.594667
0.594667
0.254062
0.254062
0.248131
0.248131
0.405758
0.405758
0.269595
0.269595
0.247150
0.247150
0.264984
0.264984
0.234075
0.234075
0.452749
0.452749
0.355229
0.355229
0.327210
0.327210
0.120793
0.120793
0.136703
0.136703
0.551785
0.551785
0.287153
0.287153
0.261898
0.261898
0.989811
0.989811
0.236269
0.236269
0.419193
0.419193
0.395940
0.395940
0.186278
0.186278
0.427273
0.427273
0.374507
0.374507
0.221121
0.221121
0.475619
0.475619
0.272114
0.272114
0.351727
0.351727
0.488895
0.488895
0.299452
0.299452
0.415493
0.415493
0.550665
0.550665
0.295804
0.295804
0.215592
0.215592
0.296676
0.296676
0.674308
0.674308
0.613166
0.613166
0.447185
0.447185
0.215488
0.215488
0.094885
0.094885
0.090762
0.090762
0.359555
0.359555
0.368140
0.368140
0.200651
0.200651
0.732377
0.732377
0.334401
0.334401
0.288988
0.288988
0.204665
0.204665
0.302815
0.302815
0.340698
0.340698
0.232335
0.232335
0.414799
0.414799
0.351508
0.351508
0.698585
0.698585
0.322296
0.322296
0.100695
0.100695
0.450426
0.450426
0.173702
0.173702
0.146565
0.146565
0.334923
0.334923
0.215561
0.215561
0.382303
0.382303
0.512977
0.512977
0.243899
0.243899
0.337364
0.337364
0.242858
0.242858
0.207399
0.207399
0.117474
0.117474
0.254704
0.254704
0.535657
0.535657
0.233835
0.233835
0.592634
0.592634
0.094596
0.094596
0.300015
0.300015
0.470590
0.470590
0.937055
0.937055
0.357371
0.357371
0.269407
0.269407
0.450583
0.450583
0.825857
0.825857
0.410338
0.410338
0.386606
0.386606
0.290917
0.290917
0.400054
0.400054
0.477334
0.477334
0.558204
0.558204
0.624369
0.624369
0.246333
0.246333
0.253641
0.253641
0.345641
0.345641
0.238364
0.238364
0.480915
0.480915
0.396517
0.396517
0.434929
0.434929
0.544036
0.544036
0.258355
0.258355
0.717908
0.717908
0.585740
0.585740
0.754748
0.754748
0.209481
0.209481
0.287970
0.287970
0.211467
0.211467
0.543345
0.543345
0.633327
0.633327
0.332285
0.332285
0.472283
0.472283
0.499482
0.499482
0.234800
0.234800
0.334238
0.334238
0.514924
0.514924
0.140773
0.140773
0.108820
0.108820
0.355528
0.355528
0.268868
0.268868
0.294488
0.294488
0.174262
0.174262
0.380173
0.380173
0.365536
0.365536
0.158428
0.158428
0.398011
0.398011
0.437020
0.437020
0.340624
0.340624
0.359225
0.359225
0.314208
0.314208
0.342359
0.342359
0.272506
0.272506
0.229031
0.229031
0.165070
0.165070
0.169579
0.169579
0.268495
0.268495
0.403064
0.403064
0.188720
0.188720
0.334479
0.334479
0.687600
0.687600
0.692065
0.692065
0.207519
0.207519
0.445543
0.445543
0.423371
0.423371
0.210510
0.210510
0.337641
0.337641
0.405136
0.405136
0.305286
0.305286
0.752794
0.752794
0.146615
0.146615
0.873176
0.873176
0.444898
0.444898
0.422074
0.422074
0.290832
0.290832
0.369503
0.369503
0.198320
0.198320
0.278929
0.278929
0.263041
0.263041
0.600737
0.600737
0.529390
0.529390
0.730510
0.730510
0.417376
0.417376
0.428780
0.428780
0.248613
0.248613
0.242991
0.242991
0.208154
0.208154
0.389596
0.389596
0.417132
0.417132
0.376623
0.376623
0.380407
0.380407
0.200543
0.200543
0.309828
0.309828
0.420715
0.420715
0.426010
0.426010
0.328858
0.328858
0.420923
0.420923
0.173447
0.173447
0.140317
0.140317
0.133872
0.133872
0.420024
0.420024
0.285682
0.285682
0.570819
0.570819
0.124562
0.124562
0.312103
0.312103
0.588838
0.588838
0.371563
0.371563
0.291821
0.291821
0.228176
0.228176
0.614112
0.614112
0.426474
0.426474
0.338518
0.338518
0.328299
0.328299
0.790022
0.790022
0.262381
0.262381
0.197041
0.197041
0.424931
0.424931
0.363016
0.363016
0.498843
0.498843
0.430348
0.430348
0.583160
0.583160
0.577419
0.577419
0.247901
0.247901
0.293862
0.293862
0.428262
0.428262
0.641551
0.641551
0.580440
0.580440
0.438048
0.438048
0.249191
0.249191
0.379181
0.379181
0.361464
0.361464
0.578736
0.578736
0.295766
0.295766
0.286782
0.286782
0.415398
0.415398
0.663672
0.663672
0.155621
0.155621
0.197067
0.197067
0.357225
0.357225
0.562140
0.562140
0.665255
0.665255
0.274501
0.274501
0.359627
0.359627
0.327630
0.327630
0.523175
0.523175
0.341244
0.341244
0.391189
0.391189
0.730184
0.730184
0.266219
0.266219
0.195831
0.195831
0.386903
0.386903
0.160433
0.160433
0.253049
0.253049
0.474800
0.474800
0.229198
0.229198
0.836469
0.836469
0.304731
0.304731
0.254826
0.254826
0.329540
0.329540
0.150569
0.150569
0.503257
0.503257
0.423687
0.423687
0.409387
0.409387
0.321773
0.321773
0.642023
0.642023
0.688550
0.688550
0.524844
0.524844
0.414901
0.414901
0.280591
0.280591
0.322374
0.322374
0.420082
0.420082
0.322472
0.322472
0.455170
0.455170
0.184669
0.184669
0.543412
0.543412
0.271841
0.271841
0.489721
0.489721
0.393403
0.393403
0.540055
0.540055
0.260556
0.260556
0.330349
0.330349
0.471153
0.471153
0.219729
0.219729
0.481541
0.481541
0.119468
0.119468
0.327642
0.327642
0.378686
0.378686
0.105265
0.105265
0.369475
0.369475
0.258682
0.258682
0.369942
0.369942
0.462435
0.462435
0.247043
0.247043
0.296957
0.296957
0.453764
0.453764
0.162562
0.162562
0.535207
0.535207
0.334635
0.334635
0.391298
0.391298
0.216030
0.216030
0.248956
0.248956
0.270432
0.270432
0.333208
0.333208
0.204909
0.204909
0.508057
0.508057
0.314045
0.314045
0.465408
0.465408
0.258471
0.258471
0.261453
0.261453
0.256158
0.256158
0.351339
0.351339
0.322460
0.322460
0.468404
0.468404
0.336933
0.336933
0.355388
0.355388
0.341230
0.341230
0.457312
0.457312
0.299633
0.299633
0.224063
0.224063
0.983500
0.983500
0.217418
0.217418
0.174466
0.174466
0.295716
0.295716
0.297491
0.297491
0.541181
0.541181
0.184135
0.184135
0.569671
0.569671
0.237863
0.237863
0.340700
0.340700
0.395369
0.395369
0.219858
0.219858
0.113065
0.113065
0.237538
0.237538
0.648553
0.648553
0.453732
0.453732
0.472988
0.472988
0.597538
0.597538
0.262338
0.262338
0.424873
0.424873
0.446064
0.446064
0.440898
0.440898
0.156246
0.156246
0.188513
0.188513
0.493326
0.493326
0.189331
0.189331
0.254892
0.254892
0.286096
0.286096
0.237277
0.237277
0.324571
0.324571
0.478693
0.478693
0.157336
0.157336
0.612215
0.612215
0.434074
0.434074
0.272183
0.272183
0.342252
0.342252
0.276949
0.276949
0.253723
0.253723
0.466329
0.466329
0.316825
0.316825
0.417894
0.417894
0.439551
0.439551
0.486240
0.486240
0.307963
0.307963
0.617814
0.617814
0.274844
0.274844
0.260865
0.260865
0.539123
0.539123
0.237908
0.237908
0.472130
0.472130
0.276291
0.276291
0.305684
0.305684
0.545215
0.545215
0.168269
0.168269
0.301853
0.301853
0.201447
0.201447
0.310442
0.310442
0.312054
0.312054
0.311332
0.311332
0.365001
0.365001
0.268846
0.268846
0.426504
0.426504
0.486420
0.486420
0.726161
0.726161
0.116099
0.116099
0.564694
0.564694
0.566126
0.566126
0.148215
0.148215
0.463185
0.463185
0.282433
0.282433
0.312461
0.312461
0.390824
0.390824
0.617077
0.617077
0.700418
0.700418
0.233237
0.233237
0.464150
0.464150
0.248300
0.248300
0.426886
0.426886
0.543100
0.543100
0.114219
0.114219
0.503118
0.503118
0.170523
0.170523
0.221946
0.221946
0.220887
0.220887
0.834584
0.834584
0.296095
0.296095
0.582559
0.582559
0.462033
0.462033
0.344619
0.344619
0.509868
0.509868
0.198681
0.198681
0.540335
0.540335
0.182130
0.182130
0.264473
0.264473
0.671666
0.671666
0.161125
0.161125
0.218394
0.218394
0.236813
0.236813
0.229435
0.229435
0.286022
0.286022
0.295130
0.295130
0.870015
0.870015
0.644759
0.644759
0.168773
0.168773
0.369324
0.369324
0.502187
0.502187
0.075159
0.075159
0.279830
0.279830
0.207311
0.207311
0.485915
0.485915
0.521943
0.521943
0.107828
0.107828
0.200124
0.200124
0.372956
0.372956
0.334912
0.334912
0.188621
0.188621
0.609535
0.609535
0.277075
0.277075
0.303069
0.303069
0.291387
0.291387
0.136922
0.136922
0.548630
0.548630
0.428823
0.428823
0.582587
0.582587
0.243094
0.243094
0.652217
0.652217
0.284191
0.284191
0.672420
0.672420
0.559442
0.559442
0.341503
0.341503
0.465861
0.465861
0.543257
0.543257
0.220693
0.220693
0.310927
0.310927
0.298660
0.298660
0.232951
0.232951
0.407087
0.407087
0.461966
0.461966
0.811755
0.811755
0.362843
0.362843
0.376364
0.376364
0.650391
0.650391
0.317750
0.317750
0.386339
0.386339
0.368780
0.368780
0.342790
0.342790
0.086626
0.086626
0.441144
0.441144
0.130648
0.130648
0.336399
0.336399
0.538081
0.538081
0.383041
0.383041
0.295673
0.295673
0.463352
0.463352
0.220670
0.220670
0.639520
0.639520
0.281478
0.281478
0.398922
0.398922
0.369337
0.369337
0.490461
0.490461
0.313051
0.313051
0.423977
0.423977
0.325056
0.325056
0.495124
0.495124
0.337383
0.337383
0.682704
0.682704
0.266849
0.266849
0.434270
0.434270
0.302823
0.302823
0.460126
0.460126
0.149220
0.149220
0.318268
0.318268
0.357779
0.357779
0.158826
0.158826
0.284412
0.284412
0.369245
0.369245
0.149586
0.149586
0.426484
0.426484
0.237707
0.237707
0.337190
0.337190
0.438109
0.438109
0.184377
0.184377
0.159813
0.159813
0.273216
0.273216
0.299932
0.299932
0.148722
0.148722
0.353202
0.353202
0.431784
0.431784
0.278751
0.278751
0.425030
0.425030
0.274283
0.274283
0.565820
0.565820
0.306293
0.306293
0.230377
0.230377
0.319405
0.319405
0.268831
0.268831
0.394706
0.394706
0.426137
0.426137
0.264051
0.264051
0.334544
0.334544
0.443452
0.443452
0.436184
0.436184
0.269509
0.269509
0.369128
0.369128
0.415577
0.415577
0.527997
0.527997
0.176074
0.176074
0.179937
0.179937
0.141464
0.141464
0.509640
0.509640
0.561268
0.561268
0.648749
0.648749
0.249965
0.249965
0.236919
0.236919
0.328781
0.328781
0.214794
0.214794
0.268762
0.268762
0.284593
0.284593
0.132600
0.132600
0.513847
0.513847
0.692622
0.692622
0.326988
0.326988
0.295737
0.295737
0.326452
0.326452
0.203717
0.203717
0.358902
0.358902
0.501640
0.501640
0.173304
0.173304
0.334919
0.334919
0.373639
0.373639
0.377675
0.377675
0.341714
0.341714
0.223909
0.223909
0.235497
0.235497
0.312887
0.312887
0.251626
0.251626
0.200307
0.200307
0.235935
0.235935
0.287586
0.287586
0.923630
0.923630
0.312652
0.312652
0.351332
0.351332
0.166509
0.166509
0.408208
0.408208
0.336712
0.336712
0.157785
0.157785
0.417389
0.417389
0.169271
0.169271
0.530335
0.530335
0.473875
0.473875
0.433997
0.433997
0.746301
0.746301
0.455123
0.455123
0.071912
0.071912
0.288461
0.288461
0.239242
0.239242
0.609604
0.609604
0.308767
0.308767
0.387223
0.387223
0.355263
0.355263
0.250349
0.250349
0.326147
0.326147
0.251161
0.251161
1.024903
1.024903
0.243197
0.243197
0.356024
0.356024
0.309014
0.309014
0.173884
0.173884
0.332207
0.332207
0.766028
0.766028
0.140631
0.140631
0.186206
0.186206
0.414577
0.414577
0.778430
0.778430
0.188775
0.188775
0.260784
0.260784
0.179612
0.179612
0.239899
0.239899
0.606700
0.606700
0.677830
0.677830
0.485487
0.485487
0.124018
0.124018
0.781927
0.781927
0.307197
0.307197
0.542590
0.542590
0.390643
0.390643
0.463436
0.463436
0.483448
0.483448
0.405493
0.405493
0.403256
0.403256
0.254943
0.254943
0.939041
0.939041
0.160469
0.160469
0.465096
0.465096
0.502325
0.502325
0.278895
0.278895
0.410387
0.410387
0.431160
0.431160
0.395949
0.395949
0.382567
0.382567
0.193794
0.193794
0.261003
0.261003
0.212399
0.212399
0.214052
0.214052
0.275040
0.275040
0.193363
0.193363
0.453563
0.453563
0.514160
0.514160
0.242485
0.242485
0.382390
0.382390
0.294545
0.294545
0.358337
0.358337
0.386007
0.386007
0.421393
0.421393
0.656470
0.656470
0.399434
0.399434
0.310312
0.310312
0.398607
0.398607
0.267802
0.267802
0.472784
0.472784
0.312703
0.312703
0.315485
0.315485
0.206828
0.206828
0.262343
0.262343
0.359891
0.359891
0.290518
0.290518
0.295600
0.295600
0.306598
0.306598
0.715757
0.715757
0.272540
0.272540
0.274605
0.274605
0.296852
0.296852
0.721220
0.721220
0.339397
0.339397
0.352354
0.352354
0.240271
0.240271
0.223231
0.223231
0.508840
0.508840
0.396162
0.396162
0.219482
0.219482
0.275061
0.275061
0.618896
0.618896
0.477447
0.477447
0.367761
0.367761
0.436835
0.436835
0.529658
0.529658
0.449334
0.449334
0.175620
0.175620
0.372501
0.372501
0.427454
0.427454
0.307726
0.307726
0.600595
0.600595
0.293283
0.293283
0.535107
0.535107
0.349632
0.349632
0.434012
0.434012
0.233430
0.233430
0.399083
0.399083
0.259104
0.259104
0.475353
0.475353
0.112699
0.112699
0.405254
0.405254
0.607074
0.607074
0.473709
0.473709
0.241044
0.241044
0.498131
0.498131
0.207901
0.207901
0.172522
0.172522
0.391884
0.391884
0.389477
0.389477
0.212153
0.212153
0.260628
0.260628
0.306080
0.306080
0.420760
0.420760
0.346596
0.346596
0.210738
0.210738
0.341399
0.341399
0.312293
0.312293
0.316980
0.316980
0.145238
0.145238
0.553243
0.553243
0.367741
0.367741
0.292788
0.292788
0.219414
0.219414
0.271251
0.271251
0.147373
0.147373
0.179550
0.179550
0.883807
0.883807
0.569418
0.569418
0.367104
0.367104
0.204600
0.204600
0.563130
0.563130
0.349328
0.349328
0.406717
0.406717
0.379775
0.379775
0.235335
0.235335
0.305024
0.305024
0.373021
0.373021
0.319736
0.319736
0.426601
0.426601
0.190142
0.190142
0.322585
0.322585
0.243045
0.243045
0.533024
0.533024
0.307284
0.307284
0.334995
0.334995
0.300715
0.300715
0.233207
0.233207
0.260313
0.260313
0.117665
0.117665
0.210571
0.210571
0.294670
0.294670
0.101094
0.101094
0.223996
0.223996
0.378155
0.378155
0.265187
0.265187
0.452672
0.452672
0.643888
0.643888
0.210625
0.210625
0.503695
0.503695
0.457800
0.457800
0.234549
0.234549
0.327460
0.327460
0.203799
0.203799
0.361313
0.361313
0.262464
0.262464
0.245166
0.245166
0.592247
0.592247
0.358645
0.358645
0.266211
0.266211
0.503399
0.503399
0.195122
0.195122
0.350492
0.350492
0.271918
0.271918
0.501437
0.501437
0.325904
0.325904
0.204130
0.204130
0.364966
0.364966
0.423797
0.423797
0.395359
0.395359
0.335634
0.335634
0.212922
0.212922
0.099084
0.099084
0.381120
0.381120
0.293434
0.293434
0.397114
0.397114
0.389876
0.389876
0.294470
0.294470
0.246786
0.246786
0.241033
0.241033
0.326424
0.326424
0.476610
0.476610
0.365337
0.365337
0.499541
0.499541
0.688253
0.688253
0.358592
0.358592
0.226884
0.226884
0.392984
0.392984
0.473642
0.473642
0.221740
0.221740
0.397449
0.397449
0.524901
0.524901
0.512307
0.512307
0.403083
0.403083
0.854761
0.854761
0.390450
0.390450
0.345223
0.345223
0.216133
0.216133
0.429456
0.429456
0.358149
0.358149
0.399889
0.399889
0.158532
0.158532
0.267508
0.267508
0.412609
0.412609
0.298094
0.298094
0.229489
0.229489
0.259017
0.259017
0.609940
0.609940
0.619699
0.619699
0.436519
0.436519
0.329127
0.329127
0.371900
0.371900
0.681669
0.681669
0.449681
0.449681
0.434200
0.434200
0.317263
0.317263
0.557724
0.557724
0.423873
0.423873
0.173983
0.173983
0.239112
0.239112
0.128576
0.128576
0.224415
0.224415
1.057137
1.057137
0.138224
0.138224
0.352829
0.352829
0.478388
0.478388
0.372497
0.372497
0.809467
0.809467
0.897595
0.897595
0.149836
0.149836
0.344942
0.344942
0.258035
0.258035
0.223988
0.223988
0.348079
0.348079
0.309859
0.309859
0.221093
0.221093
0.096639
0.096639
0.236582
0.236582
0.488872
0.488872
0.653554
0.653554
0.220819
0.220819
0.237619
0.237619
0.599245
0.599245
0.516255
0.516255
0.398013
0.398013
0.306956
0.306956
0.217993
0.217993
0.404705
0.404705
0.317970
0.317970
0.423578
0.423578
0.181429
0.181429
0.304257
0.304257
0.355754
0.355754
0.857521
0.857521
0.209143
0.209143
0.408839
0.408839
0.428394
0.428394
0.131872
0.131872
0.355648
0.355648
0.834838
0.834838
0.092378
0.092378
0.217011
0.217011
0.505364
0.505364
0.221832
0.221832
0.352730
0.352730
0.244419
0.244419
0.368254
0.368254
0.382018
0.382018
0.281781
0.281781
0.224622
0.224622
0.138764
0.138764
0.402327
0.402327
0.442823
0.442823
0.175418
0.175418
0.322500
0.322500
0.325529
0.325529
0.286710
0.286710
0.564525
0.564525
0.265991
0.265991
0.201282
0.201282
0.417352
0.417352
0.222549
0.222549
0.472158
0.472158
0.312479
0.312479
0.492243
0.492243
0.410714
0.410714
0.222881
0.222881
0.303326
0.303326
0.188630
0.188630
0.494690
0.494690
0.330279
0.330279
0.254427
0.254427
0.344445
0.344445
0.412496
0.412496
0.284581
0.284581
0.161169
0.161169
0.391064
0.391064
0.256622
0.256622
1.654461
1.654461
0.354798
0.354798
0.292435
0.292435
0.493503
0.493503
0.652021
0.652021
0.308190
0.308190
0.478514
0.478514
0.319641
0.319641
0.214028
0.214028
0.353906
0.353906
0.348091
0.348091
0.580438
0.580438
0.154627
0.154627
0.217168
0.217168
0.342029
0.342029
0.256591
0.256591
0.261741
0.261741
0.359955
0.359955
0.165389
0.165389
0.279660
0.279660
0.269179
0.269179
0.209003
0.209003
0.430133
0.430133
0.701372
0.701372
0.500955
0.500955
0.345292
0.345292
0.298323
0.298323
0.728080
0.728080
0.187819
0.187819
0.454361
0.454361
0.327668
0.327668
0.307966
0.307966
0.399197
0.399197
0.368818
0.368818
0.144334
0.144334
0.387915
0.387915
0.425008
0.425008
0.358547
0.358547
0.224196
0.224196
0.147700
0.147700
0.131505
0.131505
0.225483
0.225483
0.172886
0.172886
0.273677
0.273677
0.358032
0.358032
0.649153
0.649153
0.193939
0.193939
0.228001
0.228001
0.159563
0.159563
0.304037
0.304037
0.412599
0.412599
0.329388
0.329388
0.347708
0.347708
0.406656
0.406656
0.325372
0.325372
0.342951
0.342951
0.468226
0.468226
0.394256
0.394256
0.431736
0.431736
0.147734
0.147734
0.274796
0.274796
0.567323
0.567323
0.362851
0.362851
0.706519
0.706519
0.312069
0.312069
0.602583
0.602583
0.300605
0.300605
0.609338
0.609338
0.197745
0.197745
0.473975
0.473975
0.394866
0.394866
0.564189
0.564189
0.520891
0.520891
0.169583
0.169583
0.148106
0.148106
0.286807
0.286807
0.443582
0.443582
0.539622
0.539622
0.280543
0.280543
0.457535
0.457535
0.257387
0.257387
0.548545
0.548545
0.202056
0.202056
0.604421
0.604421
0.396695
0.396695
0.229977
0.229977
0.191866
0.191866
0.287605
0.287605
0.927594
0.927594
0.331411
0.331411
0.756548
0.756548
0.473169
0.473169
0.327627
0.327627
0.130988
0.130988
0.241272
0.241272
0.342857
0.342857
0.354811
0.354811
0.123488
0.123488
0.489338
0.489338
0.287543
0.287543
0.287576
0.287576
0.410561
0.410561
0.408390
0.408390
0.452415
0.452415
0.446636
0.446636
0.203623
0.203623
0.461631
0.461631
0.311286
0.311286
0.130908
0.130908
0.196205
0.196205
0.260396
0.260396
0.287695
0.287695
0.318881
0.318881
0.404131
0.404131
0.185503
0.185503
0.496228
0.496228
0.406283
0.406283
0.419174
0.419174
0.440380
0.440380
0.677099
0.677099
0.293232
0.293232
0.313691
0.313691
0.374436
0.374436
0.471220
0.471220
0.485897
0.485897
0.467141
0.467141
0.269589
0.269589
0.239640
0.239640
0.667528
0.667528
0.459701
0.459701
0.520718
0.520718
0.291177
0.291177
0.493603
0.493603
0.183562
0.183562
0.424680
0.424680
0.499958
0.499958
0.626811
0.626811
0.396727
0.396727
0.271043
0.271043
0.694332
0.694332
0.441470
0.441470
0.439434
0.439434
0.197210
0.197210
0.178693
0.178693
0.527233
0.527233
0.161128
0.161128
0.377999
0.377999
0.239775
0.239775
0.296894
0.296894
0.522475
0.522475
0.304080
0.304080
0.175032
0.175032
0.291165
0.291165
0.257226
0.257226
0.426802
0.426802
0.535323
0.535323
0.314853
0.314853
0.400220
0.400220
0.220323
0.220323
0.194418
0.194418
0.137599
0.137599
0.474847
0.474847
0.540035
0.540035
0.466255
0.466255
0.353569
0.353569
0.254650
0.254650
0.301689
0.301689
0.150786
0.150786
0.348031
0.348031
0.422622
0.422622
0.242472
0.242472
0.460967
0.460967
0.294952
0.294952
0.103283
0.103283
0.313174
0.313174
0.705768
0.705768
0.326723
0.326723
0.253128
0.253128
0.396736
0.396736
0.290148
0.290148
0.113094
0.113094
0.308568
0.308568
0.441531
0.441531
0.306531
0.306531
0.560081
0.560081
0.270351
0.270351
0.301406
0.301406
0.166780
0.166780
0.263775
0.263775
0.424026
0.424026
0.176054
0.176054
0.308243
0.308243
0.186664
0.186664
0.211009
0.211009
0.176186
0.176186
0.496539
0.496539
0.261353
0.261353
0.208998
0.208998
0.196717
0.196717
0.453577
0.453577
0.430315
0.430315
0.571948
0.571948
0.156260
0.156260
0.190937
0.190937
0.428303
0.428303
0.307615
0.307615
0.387801
0.387801
0.383478
0.383478
0.420363
0.420363
0.187950
0.187950
0.357981
0.357981
0.271070
0.271070
0.768180
0.768180
0.461060
0.461060
0.310110
0.310110
0.461452
0.461452
0.651384
0.651384
0.346524
0.346524
0.620229
0.620229
0.284699
0.284699
0.325980
0.325980
0.362118
0.362118
0.461133
0.461133
0.468199
0.468199
0.412129
0.412129
0.314517
0.314517
0.283588
0.283588
0.083766
0.083766
0.217616
0.217616
0.292674
0.292674
0.285915
0.285915
0.296112
0.296112
0.140867
0.140867
0.465961
0.465961
0.193780
0.193780
0.195773
0.195773
0.562768
0.562768
0.195182
0.195182
0.641200
0.641200
1.202573
1.202573
0.364514
0.364514
0.476416
0.476416
0.315828
0.315828
0.458161
0.458161
0.261780
0.261780
0.198742
0.198742
0.255497
0.255497
0.357465
0.357465
0.060174
0.060174
0.382335
0.382335
0.446444
0.446444
0.232552
0.232552
0.772977
0.772977
0.228524
0.228524
0.552041
0.552041
0.245934
0.245934
0.300213
0.300213
0.455539
0.455539
0.300935
0.300935
0.311696
0.311696
0.101688
0.101688
0.553073
0.553073
0.250881
0.250881
0.356413
0.356413
0.298632
0.298632
0.303076
0.303076
0.194021
0.194021
0.292670
0.292670
0.326811
0.326811
0.221816
0.221816
0.374866
0.374866
0.522369
0.522369
0.239513
0.239513
0.240800
0.240800
0.131492
0.131492
0.464424
0.464424
0.254197
0.254197
0.498726
0.498726
0.509456
0.509456
0.295377
0.295377
0.320507
0.320507
0.278309
0.278309
0.491388
0.491388
0.553896
0.553896
0.518329
0.518329
0.620601
0.620601
0.512288
0.512288
0.206300
0.206300
0.183071
0.183071
0.092111
0.092111
0.539490
0.539490
0.482355
0.482355
0.538037
0.538037
0.468743
0.468743
0.385130
0.385130
0.456551
0.456551
0.564447
0.564447
0.260057
0.260057
0.140642
0.140642
0.933856
0.933856
0.328909
0.328909
0.281044
0.281044
0.282260
0.282260
0.223831
0.223831
0.160026
0.160026
0.338508
0.338508
0.465851
0.465851
0.130884
0.130884
0.207974
0.207974
0.605415
0.605415
0.264546
0.264546
0.585538
0.585538
0.413714
0.413714
0.337766
0.337766
0.100784
0.100784
0.765948
0.765948
0.290500
0.290500
0.486930
0.486930
0.269953
0.269953
0.301173
0.301173
0.331895
0.331895
0.479574
0.479574
0.659664
0.659664
0.353968
0.353968
0.371442
0.371442
0.386002
0.386002
0.456940
0.456940
0.570305
0.570305
0.276459
0.276459
0.409087
0.409087
0.419867
0.419867
0.379183
0.379183
0.560640
0.560640
0.253832
0.253832
0.155899
0.155899
0.237444
0.237444
0.341569
0.341569
0.289903
0.289903
0.280648
0.280648
0.201751
0.201751
0.292905
0.292905
0.380008
0.380008
0.218612
0.218612
0.357054
0.357054
0.116995
0.116995
0.170169
0.170169
0.325084
0.325084
0.255063
0.255063
0.187057
0.187057
0.452105
0.452105
0.529005
0.529005
0.533354
0.533354
0.315594
0.315594
0.413777
0.413777
0.344285
0.344285
0.363693
0.363693
0.391004
0.391004
0.282877
0.282877
0.436000
0.436000
0.780086
0.780086
0.561925
0.561925
0.189675
0.189675
0.402634
0.402634
0.260311
0.260311
0.641891
0.641891
0.445066
0.445066
0.647251
0.647251
0.319623
0.319623
0.459284
0.459284
0.588191
0.588191
0.332921
0.332921
0.375683
0.375683
0.328910
0.328910
0.478899
0.478899
0.539816
0.539816
0.203400
0.203400
0.251435
0.251435
0.279652
0.279652
0.238833
0.238833
0.262425
0.262425
0.261827
0.261827
0.223499
0.223499
0.327011
0.327011
0.444400
0.444400
0.276294
0.276294
0.522090
0.522090
0.447001
0.447001
0.148577
0.148577
0.368748
0.368748
0.530659
0.530659
0.832755
0.832755
0.175222
0.175222
0.185172
0.185172
0.250235
0.250235
0.436171
0.436171
0.251382
0.251382
0.246469
0.246469
0.200651
0.200651
0.199742
0.199742
0.302167
0.302167
0.260510
0.260510
0.289738
0.289738
0.426688
0.426688
0.162178
0.162178
0.147315
0.147315
0.400195
0.400195
0.401369
0.401369
0.342115
0.342115
0.171815
0.171815
0.365712
0.365712
0.576222
0.576222
0.454668
0.454668
0.176934
0.176934
0.362405
0.362405
0.530115
0.530115
0.173271
0.173271
0.387053
0.387053
0.364373
0.364373
0.511726
0.511726
0.097341
0.097341
0.356474
0.356474
0.270956
0.270956
0.236972
0.236972
0.592063
0.592063
0.148465
0.148465
0.360302
0.360302
0.422784
0.422784
0.387828
0.387828
0.442409
0.442409
0.256774
0.256774
0.281650
0.281650
0.173643
0.173643
0.276994
0.276994
0.511133
0.511133
0.419788
0.419788
0.422421
0.422421
0.475245
0.475245
0.330832
0.330832
0.230827
0.230827
0.789632
0.789632
0.724132
0.724132
0.348844
0.348844
0.458312
0.458312
0.267976
0.267976
0.516111
0.516111
0.197053
0.197053
0.323927
0.323927
0.212388
0.212388
0.362050
0.362050
0.127529
0.127529
0.256762
0.256762
0.343829
0.343829
0.296334
0.296334
0.358471
0.358471
0.224764
0.224764
0.193161
0.193161
0.541261
0.541261
0.480224
0.480224
0.464253
0.464253
0.494454
0.494454
0.330041
0.330041
0.302330
0.302330
0.262220
0.262220
0.301566
0.301566
0.328863
0.328863
0.266647
0.266647
0.286560
0.286560
0.270786
0.270786
0.248678
0.248678
0.344657
0.344657
0.182435
0.182435
0.460512
0.460512
0.312397
0.312397
0.249582
0.249582
0.444235
0.444235
0.448060
0.448060
0.203438
0.203438
0.555840
0.555840
0.757167
0.757167
0.264360
0.264360
0.610477
0.610477
0.439120
0.439120
0.400547
0.400547
0.433551
0.433551
0.261377
0.261377
0.281209
0.281209
0.449954
0.449954
0.259379
0.259379
0.331216
0.331216
0.415004
0.415004
0.283125
0.283125
0.363177
0.363177
0.637199
0.637199
0.440843
0.440843
0.252516
0.252516
0.468456
0.468456
0.488226
0.488226
0.529271
0.529271
0.303058
0.303058
0.434985
0.434985
0.379077
0.379077
0.561698
0.561698
0.491570
0.491570
0.529927
0.529927
0.271399
0.271399
0.359754
0.359754
0.173725
0.173725
0.282925
0.282925
0.809827
0.809827
0.329823
0.329823
0.435780
0.435780
0.197049
0.197049
0.368214
0.368214
0.320867
0.320867
0.251551
0.251551
0.392750
0.392750
0.538434
0.538434
0.355619
0.355619
0.282585
0.282585
0.327563
0.327563
0.613022
0.613022
0.305475
0.305475
0.246266
0.246266
0.209850
0.209850
0.429350
0.429350
0.356253
0.356253
0.396918
0.396918
0.332122
0.332122
0.139020
0.139020
0.298857
0.298857
0.385679
0.385679
0.389768
0.389768
0.600940
0.600940
0.433664
0.433664
0.212672
0.212672
0.429992
0.429992
0.321104
0.321104
0.342957
0.342957
0.277180
0.277180
0.247865
0.247865
0.135518
0.135518
0.202362
0.202362
0.497093
0.497093
0.355860
0.355860
0.225011
0.225011
0.395097
0.395097
0.152613
0.152613
0.346083
0.346083
0.330641
0.330641
0.427698
0.427698
0.370897
0.370897
0.207901
0.207901
0.409106
0.409106
0.482688
0.482688
0.224779
0.224779
0.225990
0.225990
0.714995
0.714995
0.552497
0.552497
0.500657
0.500657
0.199345
0.199345
0.397757
0.397757
0.450717
0.450717
0.618866
0.618866
0.281755
0.281755
0.439578
0.439578
0.438638
0.438638
0.263393
0.263393
0.255722
0.255722
0.112672
0.112672
1.090433
1.090433
0.481699
0.481699
0.312273
0.312273
0.580765
0.580765
0.556910
0.556910
0.343682
0.343682
0.128316
0.128316
0.271892
0.271892
0.368280
0.368280
0.482855
0.482855
0.251911
0.251911
0.530997
0.530997
0.332927
0.332927
0.287316
0.287316
0.413089
0.413089
0.529297
0.529297
0.344405
0.344405
0.236301
0.236301
0.554361
0.554361
0.179543
0.179543
0.499499
0.499499
0.145808
0.145808
0.227144
0.227144
0.580741
0.580741
0.333939
0.333939
0.601198
0.601198
0.465486
0.465486
0.193223
0.193223
0.324641
0.324641
0.653470
0.653470
0.293848
0.293848
0.576392
0.576392
0.527694
0.527694
0.781864
0.781864
0.238089
0.238089
0.197294
0.197294
0.284375
0.284375
0.367330
0.367330
0.200073
0.200073
0.400212
0.400212
0.435847
0.435847
0.349002
0.349002
0.139731
0.139731
0.400729
0.400729
0.686477
0.686477
0.430709
0.430709
0.228679
0.228679
0.419795
0.419795
0.197333
0.197333
0.353418
0.353418
0.341608
0.341608
0.138708
0.138708
0.555539
0.555539
0.236761
0.236761
0.245213
0.245213
0.489019
0.489019
0.355521
0.355521
0.253268
0.253268
0.307437
0.307437
0.555604
0.555604
0.188305
0.188305
0.476402
0.476402
0.195006
0.195006
0.409189
0.409189
0.378948
0.378948
0.381688
0.381688
0.226098
0.226098
0.228829
0.228829
0.183130
0.183130
0.301160
0.301160
0.295894
0.295894
0.628061
0.628061
0.146913
0.146913
0.471847
0.471847
0.331378
0.331378
0.323358
0.323358
0.101527
0.101527
0.429416
0.429416
0.290467
0.290467
0.196295
0.196295
0.211292
0.211292
0.448191
0.448191
0.549657
0.549657
0.634555
0.634555
0.182456
0.182456
0.169994
0.169994
0.936489
0.936489
0.269172
0.269172
0.625160
0.625160
0.364034
0.364034
0.477250
0.477250
0.474956
0.474956
0.280968
0.280968
0.131188
0.131188
0.386467
0.386467
0.258249
0.258249
0.410693
0.410693
0.239273
0.239273
0.340501
0.340501
0.525857
0.525857
0.885417
0.885417
0.073780
0.073780
0.241131
0.241131
0.292780
0.292780
0.481261
0.481261
0.350195
0.350195
1.029271
1.029271
0.533113
0.533113
0.217834
0.217834
0.258525
0.258525
0.352582
0.352582
0.213193
0.213193
0.462100
0.462100
0.518249
0.518249
0.309300
0.309300
0.235538
0.235538
0.183017
0.183017
0.279511
0.279511
0.400335
0.400335
0.419548
0.419548
0.398284
0.398284
0.301569
0.301569
0.437014
0.437014
0.327537
0.327537
0.210434
0.210434
0.525918
0.525918
0.164612
0.164612
0.170965
0.170965
0.571102
0.571102
0.283191
0.283191
0.332916
0.332916
0.463730
0.463730
0.264758
0.264758
0.719437
0.719437
0.475149
0.475149
0.310712
0.310712
0.201012
0.201012
0.500062
0.500062
0.089723
0.089723
0.271550
0.271550
0.415417
0.415417
0.262671
0.262671
0.375781
0.375781
0.526554
0.526554
0.204181
0.204181
0.193734
0.193734
0.282124
0.282124
0.446054
0.446054
0.253101
0.253101
0.342109
0.342109
0.224138
0.224138
0.374767
0.374767
0.261622
0.261622
0.172752
0.172752
0.271367
0.271367
0.355774
0.355774
0.321165
0.321165
0.254107
0.254107
0.325727
0.325727
0.424012
0.424012
0.313644
0.313644
0.377194
0.377194
0.616280
0.616280
0.233065
0.233065
0.223916
0.223916
0.298884
0.298884
0.053882
0.053882
0.404997
0.404997
0.384362
0.384362
0.505016
0.505016
0.349917
0.349917
0.856649
0.856649
0.287063
0.287063
0.368972
0.368972
0.316475
0.316475
0.312192
0.312192
0.302712
0.302712
0.373722
0.373722
0.410746
0.410746
0.140905
0.140905
0.241777
0.241777
0.576408
0.576408
0.230700
0.230700
0.188311
0.188311
0.295143
0.295143
0.300442
0.300442
0.354315
0.354315
0.355103
0.355103
0.415527
0.415527
0.389779
0.389779
0.205461
0.205461
0.945944
0.945944
0.380505
0.380505
0.363832
0.363832
0.394062
0.394062
0.269871
0.269871
0.498540
0.498540
0.176301
0.176301
0.319408
0.319408
0.279007
0.279007
0.374559
0.374559
0.491044
0.491044
0.504613
0.504613
0.571207
0.571207
0.222279
0.222279
0.273949
0.273949
0.382962
0.382962
0.580944
0.580944
0.356355
0.356355
0.405662
0.405662
0.531338
0.531338
0.260590
0.260590
0.399767
0.399767
0.159149
0.159149
0.394900
0.394900
0.254084
0.254084
0.338345
0.338345
0.500911
0.500911
0.248994
0.248994
0.237056
0.237056
0.272682
0.272682
0.464481
0.464481
0.715948
0.715948
0.143007
0.143007
0.590201
0.590201
0.068152
0.068152
0.420600
0.420600
0.370292
0.370292
1.155038
1.155038
0.408116
0.408116
0.222114
0.222114
0.189877
0.189877
0.423269
0.423269
0.570204
0.570204
0.162782
0.162782
0.325243
0.325243
0.321689
0.321689
0.123058
0.123058
0.245769
0.245769
0.148543
0.148543
0.422333
0.422333
0.275795
0.275795
0.219036
0.219036
0.129140
0.129140
0.410829
0.410829
0.374133
0.374133
0.113456
0.113456
0.395162
0.395162
0.834698
0.834698
0.274673
0.274673
0.207746
0.207746
0.255795
0.255795
0.538586
0.538586
0.307631
0.307631
0.245573
0.245573
0.563721
0.563721
0.437379
0.437379
0.453285
0.453285
0.127047
0.127047
0.468080
0.468080
0.417556
0.417556
0.331677
0.331677
0.375997
0.375997
0.302276
0.302276
0.518507
0.518507
0.325627
0.325627
0.591411
0.591411
0.329416
0.329416
0.096483
0.096483
0.198547
0.198547
0.503541
0.503541
0.352212
0.352212
0.325365
0.325365
0.420777
0.420777
0.174634
0.174634
0.441881
0.441881
0.284112
0.284112
0.289824
0.289824
0.415320
0.415320
0.217450
0.217450
0.225156
0.225156
0.199725
0.199725
0.303314
0.303314
0.426694
0.426694
0.319302
0.319302
0.517192
0.517192
0.504779
0.504779
0.420781
0.420781
0.158870
0.158870
0.570260
0.570260
0.683960
0.683960
0.202247
0.202247
0.314099
0.314099
0.299204
0.299204
0.237460
0.237460
0.185285
0.185285
0.568821
0.568821
0.321718
0.321718
0.252949
0.252949
0.457055
0.457055
0.224205
0.224205
0.293768
0.293768
0.402939
0.402939
0.455268
0.455268
0.429484
0.429484
0.311889
0.311889
0.612346
0.612346
0.279244
0.279244
0.585633
0.585633
0.436930
0.436930
0.145428
0.145428
0.068550
0.068550
0.169170
0.169170
0.347444
0.347444
0.497203
0.497203
0.252091
0.252091
0.370565
0.370565
0.566219
0.566219
0.391714
0.391714
0.184588
0.184588
0.456677
0.456677
0.590425
0.590425
0.337433
0.337433
0.439296
0.439296
0.190632
0.190632
0.516767
0.516767
0.107257
0.107257
0.507883
0.507883
0.225736
0.225736
0.298229
0.298229
0.215603
0.215603
0.278140
0.278140
0.247307
0.247307
0.274126
0.274126
0.494425
0.494425
0.232205
0.232205
0.303213
0.303213
0.359601
0.359601
0.260456
0.260456
0.140872
0.140872
0.178669
0.178669
0.279962
0.279962
0.389186
0.389186
0.181392
0.181392
0.324519
0.324519
0.291365
0.291365
0.426478
0.426478
0.285312
0.285312
0.469781
0.469781
0.275413
0.275413
0.279853
0.279853
0.246677
0.246677
0.449506
0.449506
0.226679
0.226679
0.300022
0.300022
0.383907
0.383907
0.170074
0.170074
0.296347
0.296347
0.251977
0.251977
0.431714
0.431714
0.404435
0.404435
0.318738
0.318738
0.374785
0.374785
0.226201
0.226201
0.143440
0.143440
0.404499
0.404499
0.310749
0.310749
0.357857
0.357857
0.291599
0.291599
0.454071
0.454071
0.326247
0.326247
0.464616
0.464616
0.326178
0.326178
0.313005
0.313005
0.444853
0.444853
0.249414
0.249414
0.269847
0.269847
0.778981
0.778981
0.227432
0.227432
0.294480
0.294480
0.476852
0.476852
0.613098
0.613098
0.535558
0.535558
0.338483
0.338483
0.295105
0.295105
0.454294
0.454294
0.599289
0.599289
0.543017
0.543017
0.658011
0.658011
0.115433
0.115433
0.141585
0.141585
0.410011
0.410011
0.200732
0.200732
0.152253
0.152253
0.332976
0.332976
0.572921
0.572921
0.171856
0.171856
0.548082
0.548082
0.565263
0.565263
0.273404
0.273404
0.186225
0.186225
0.449055
0.449055
0.311909
0.311909
0.200132
0.200132
0.590557
0.590557
0.334193
0.334193
0.250291
0.250291
0.441022
0.441022
0.442140
0.442140
0.493955
0.493955
0.238283
0.238283
0.095346
0.095346
0.581228
0.581228
0.176074
0.176074
0.193580
0.193580
0.802141
0.802141
0.279947
0.279947
0.279500
0.279500
1.141534
1.141534
0.338169
0.338169
0.268182
0.268182
0.384996
0.384996
0.489528
0.489528
0.630356
0.630356
0.304469
0.304469
0.988093
0.988093
0.411961
0.411961
0.227460
0.227460
0.275556
0.275556
0.364450
0.364450
0.223402
0.223402
0.270273
0.270273
0.444273
0.444273
0.456240
0.456240
0.280279
0.280279
0.268263
0.268263
0.559407
0.559407
0.459748
0.459748
0.273849
0.273849
0.301562
0.301562
0.165674
0.165674
0.766655
0.766655
0.235173
0.235173
0.350503
0.350503
0.397406
0.397406
0.488113
0.488113
0.517560
0.517560
0.383871
0.383871
0.442514
0.442514
0.371113
0.371113
0.336608
0.336608
0.358356
0.358356
0.359356
0.359356
0.371504
0.371504
0.695898
0.695898
0.154419
0.154419
0.629286
0.629286
0.611188
0.611188
0.301117
0.301117
0.444755
0.444755
0.303786
0.303786
0.213130
0.213130
0.288881
0.288881
0.205640
0.205640
0.380983
0.380983
0.408697
0.408697
0.362030
0.362030
0.180609
0.180609
0.317947
0.317947
0.283864
0.283864
0.336649
0.336649
0.602577
0.602577
0.213920
0.213920
0.354127
0.354127
0.212590
0.212590
0.380575
0.380575
1.058765
1.058765
0.384602
0.384602
0.411932
0.411932
0.273611
0.273611
0.200828
0.200828
0.531056
0.531056
0.507627
0.507627
0.510787
0.510787
0.174965
0.174965
0.635524
0.635524
0.212006
0.212006
0.163774
0.163774
0.198321
0.198321
0.460222
0.460222
0.355181
0.355181
0.442794
0.442794
0.243472
0.243472
0.513590
0.513590
0.312391
0.312391
0.307936
0.307936
0.455233
0.455233
0.182510
0.182510
0.491349
0.491349
0.221553
0.221553
0.118093
0.118093
0.196883
0.196883
0.395154
0.395154
0.437146
0.437146
0.424045
0.424045
0.325050
0.325050
0.523782
0.523782
0.323400
0.323400
0.219812
0.219812
0.406770
0.406770
0.279099
0.279099
0.435537
0.435537
0.531656
0.531656
0.238791
0.238791
0.302813
0.302813
0.401430
0.401430
0.225432
0.225432
0.454307
0.454307
0.851946
0.851946
0.201155
0.201155
0.368057
0.368057
0.264796
0.264796
0.328674
0.328674
0.271355
0.271355
0.512035
0.512035
0.285628
0.285628
0.198224
0.198224
0.166901
0.166901
0.359052
0.359052
0.530447
0.530447
0.453244
0.453244
0.753722
0.753722
0.332830
0.332830
0.294570
0.294570
0.165836
0.165836
0.642273
0.642273
0.620071
0.620071
0.173246
0.173246
0.223390
0.223390
0.441301
0.441301
0.281139
0.281139
0.242432
0.242432
0.705696
0.705696
0.170718
0.170718
0.312136
0.312136
0.759631
0.759631
0.247945
0.247945
0.251963
0.251963
0.312015
0.312015
0.307391
0.307391
0.596612
0.596612
0.258103
0.258103
0.167041
0.167041
0.275956
0.275956
0.169475
0.169475
0.217650
0.217650
0.690878
0.690878
0.652091
0.652091
0.446472
0.446472
0.230321
0.230321
0.245046
0.245046
0.121798
0.121798
0.658639
0.658639
0.159852
0.159852
0.282690
0.282690
0.217564
0.217564
0.413571
0.413571
0.280291
0.280291
0.153050
0.153050
0.287224
0.287224
0.329299
0.329299
0.273510
0.273510
0.364277
0.364277
0.438789
0.438789
0.259213
0.259213
0.151362
0.151362
0.876891
0.876891
0.496047
0.496047
0.374833
0.374833
0.745384
0.745384
0.227946
0.227946
0.268149
0.268149
0.420666
0.420666
0.346511
0.346511
0.540402
0.540402
0.763121
0.763121
0.216422
0.216422
0.298549
0.298549
0.091282
0.091282
0.734042
0.734042
0.376813
0.376813
0.147189
0.147189
0.434281
0.434281
0.305049
0.305049
0.260473
0.260473
0.267910
0.267910
0.188629
0.188629
0.630581
0.630581
0.498941
0.498941
0.252794
0.252794
0.126510
0.126510
0.363030
0.363030
0.542512
0.542512
0.501728
0.501728
0.210699
0.210699
0.157450
0.157450
0.131977
0.131977
0.225682
0.225682
0.260755
0.260755
0.434136
0.434136
0.310966
0.310966
0.377688
0.377688
0.212031
0.212031
0.439271
0.439271
0.317290
0.317290
0.203209
0.203209
0.333717
0.333717
0.396792
0.396792
0.196420
0.196420
0.304412
0.304412
0.110000
0.110000
0.233108
0.233108
0.518818
0.518818
0.269366
0.269366
0.240841
0.240841
0.219101
0.219101
0.488641
0.488641
0.346550
0.346550
0.180226
0.180226
0.454647
0.454647
0.504763
0.504763
0.619531
0.619531
0.274945
0.274945
0.338599
0.338599
0.305811
0.305811
0.429100
0.429100
0.142229
0.142229
0.384925
0.384925
0.270678
0.270678
0.313479
0.313479
0.622609
0.622609
0.197062
0.197062
0.138559
0.138559
0.258464
0.258464
0.418456
0.418456
0.276019
0.276019
0.560326
0.560326
0.178858
0.178858
0.277759
0.277759
0.331606
0.331606
0.228522
0.228522
0.152972
0.152972
0.327929
0.327929
0.190501
0.190501
0.453557
0.453557
0.341046
0.341046
0.304799
0.304799
0.616740
0.616740
0.233229
0.233229
0.324170
0.324170
0.267957
0.267957
0.256841
0.256841
0.298456
0.298456
0.277929
0.277929
0.216574
0.216574
0.211611
0.211611
0.630848
0.630848
0.255146
0.255146
0.373348
0.373348
0.294085
0.294085
0.612994
0.612994
0.211085
0.211085
0.367206
0.367206
0.375570
0.375570
0.424058
0.424058
0.667565
0.667565
0.251948
0.251948
0.292591
0.292591
0.443482
0.443482
0.628587
0.628587
0.484940
0.484940
0.420421
0.420421
0.272710
0.272710
0.219509
0.219509
0.524324
0.524324
0.381859
0.381859
0.480184
0.480184
0.243442
0.243442
0.362658
0.362658
0.192728
0.192728
0.098874
0.098874
0.355883
0.355883
0.436094
0.436094
0.483376
0.483376
1.246241
1.246241
0.357600
0.357600
0.325473
0.325473
0.370773
0.370773
0.427074
0.427074
0.399886
0.399886
0.285875
0.285875
0.390437
0.390437
0.138669
0.138669
0.329145
0.329145
0.146259
0.146259
0.401054
0.401054
0.231771
0.231771
1.063894
1.063894
0.405846
0.405846
0.485467
0.485467
0.357424
0.357424
0.454556
0.454556
0.238242
0.238242
0.459692
0.459692
0.272460
0.272460
0.215524
0.215524
0.388548
0.388548
0.586768
0.586768
0.255241
0.255241
0.388780
0.388780
0.379766
0.379766
0.466017
0.466017
0.429599
0.429599
0.544066
0.544066
0.156396
0.156396
0.218069
0.218069
0.222400
0.222400
0.797841
0.797841
0.352541
0.352541
0.144393
0.144393
0.377439
0.377439
0.228198
0.228198
0.229959
0.229959
0.798794
0.798794
0.239402
0.239402
0.175717
0.175717
0.571328
0.571328
0.475857
0.475857
0.429970
0.429970
0.748380
0.748380
0.215782
0.215782
0.425925
0.425925
0.565345
0.565345
0.494535
0.494535
0.272701
0.272701
0.312317
0.312317
0.158586
0.158586
0.173756
0.173756
0.555444
0.555444
0.357629
0.357629
0.316260
0.316260
0.396804
0.396804
0.255074
0.255074
0.836105
0.836105
0.274383
0.274383
0.449384
0.449384
0.289445
0.289445
0.357753
0.357753
0.405021
0.405021
0.390191
0.390191
0.425119
0.425119
0.340518
0.340518
0.152489
0.152489
0.219436
0.219436
0.309201
0.309201
0.213008
0.213008
0.356334
0.356334
0.418816
0.418816
0.536119
0.536119
0.412183
0.412183
0.358360
0.358360
0.250242
0.250242
0.200536
0.200536
0.215617
0.215617
0.239525
0.239525
0.409567
0.409567
0.428449
0.428449
0.494809
0.494809
0.292679
0.292679
0.452634
0.452634
0.251574
0.251574
0.117832
0.117832
0.290323
0.290323
0.337595
0.337595
0.220031
0.220031
0.304165
0.304165
0.269461
0.269461
0.233855
0.233855
0.290885
0.290885
1.011628
1.011628
0.503773
0.503773
0.207583
0.207583
0.263105
0.263105
0.352950
0.352950
0.216209
0.216209
0.310947
0.310947
0.354915
0.354915
0.420968
0.420968
0.325569
0.325569
0.642028
0.642028
0.317406
0.317406
0.332192
0.332192
0.194485
0.194485
0.293487
0.293487
0.275163
0.275163
0.391865
0.391865
0.366603
0.366603
0.395234
0.395234
0.345383
0.345383
0.181733
0.181733
0.510008
0.510008
0.552170
0.552170
0.521181
0.521181
0.526739
0.526739
0.559779
0.559779
0.250107
0.250107
0.246613
0.246613
0.159734
0.159734
0.265990
0.265990
0.249404
0.249404
0.247258
0.247258
0.169490
0.169490
0.581632
0.581632
0.431911
0.431911
0.083077
0.083077
0.359448
0.359448
0.451842
0.451842
0.319400
0.319400
0.238968
0.238968
0.210290
0.210290
0.167966
0.167966
0.188021
0.188021
0.290931
0.290931
0.342772
0.342772
0.338358
0.338358
0.243039
0.243039
0.371221
0.371221
0.302002
0.302002
0.558945
0.558945
0.273772
0.273772
0.582564
0.582564
0.139138
0.139138
0.280449
0.280449
0.215964
0.215964
0.222962
0.222962
0.660618
0.660618
0.490963
0.490963
0.382386
0.382386
0.304194
0.304194
1.315469
1.315469
0.529678
0.529678
0.537273
0.537273
0.380167
0.380167
0.462924
0.462924
0.296504
0.296504
0.274753
0.274753
0.385654
0.385654
0.392815
0.392815
0.293774
0.293774
0.294155
0.294155
0.350083
0.350083
0.344581
0.344581
0.226400
0.226400
0.252694
0.252694
0.254030
0.254030
0.153624
0.153624
0.096110
0.096110
0.085176
0.085176
0.341703
0.341703
0.328857
0.328857
0.201210
0.201210
0.557186
0.557186
0.291809
0.291809
0.319705
0.319705
0.715353
0.715353
0.240151
0.240151
0.220716
0.220716
0.289659
0.289659
0.493718
0.493718
0.633016
0.633016
0.374310
0.374310
0.209243
0.209243
0.344619
0.344619
0.257156
0.257156
0.586911
0.586911
0.413043
0.413043
0.243905
0.243905
0.378774
0.378774
0.281777
0.281777
0.197324
0.197324
0.159958
0.159958
0.456121
0.456121
0.383631
0.383631
0.591931
0.591931
0.542501
0.542501
0.559189
0.559189
0.208685
0.208685
0.438806
0.438806
0.229889
0.229889
0.300866
0.300866
0.193128
0.193128
0.242366
0.242366
0.154045
0.154045
0.292986
0.292986
0.577328
0.577328
0.490686
0.490686
0.299559
0.299559
0.171290
0.171290
0.251196
0.251196
0.145869
0.145869
0.427696
0.427696
0.281311
0.281311
0.299740
0.299740
0.365981
0.365981
0.388905
0.388905
0.281841
0.281841
0.710309
0.710309
0.433217
0.433217
0.374430
0.374430
0.616251
0.616251
0.149567
0.149567
0.334134
0.334134
0.565931
0.565931
0.341722
0.341722
0.391591
0.391591
0.620999
0.620999
0.292183
0.292183
0.352249
0.352249
0.479473
0.479473
0.174660
0.174660
0.399415
0.399415
0.196466
0.196466
0.270777
0.270777
0.180590
0.180590
0.334977
0.334977
0.316007
0.316007
0.340990
0.340990
0.140276
0.140276
0.195898
0.195898
0.316621
0.316621
0.412400
0.412400
0.360588
0.360588
0.196156
0.196156
0.293525
0.293525
0.292724
0.292724
0.433102
0.433102
0.490567
0.490567
0.396260
0.396260
0.405835
0.405835
0.410107
0.410107
0.420942
0.420942
0.195266
0.195266
0.110695
0.110695
0.461842
0.461842
0.696239
0.696239
0.216823
0.216823
0.646858
0.646858
0.265085
0.265085
0.282368
0.282368
0.350786
0.350786
0.734754
0.734754
0.455004
0.455004
0.422496
0.422496
0.741627
0.741627
0.216565
0.216565
0.155498
0.155498
0.103176
0.103176
0.249381
0.249381
0.326662
0.326662
0.149409
0.149409
0.528623
0.528623
0.289055
0.289055
0.287936
0.287936
0.406246
0.406246
0.159429
0.159429
0.472989
0.472989
0.302473
0.302473
0.309117
0.309117
0.463273
0.463273
0.238323
0.238323
0.168733
0.168733
0.237257
0.237257
0.598585
0.598585
0.423993
0.423993
0.403661
0.403661
0.412598
0.412598
0.170041
0.170041
0.330449
0.330449
0.310495
0.310495
0.277988
0.277988
0.761901
0.761901
0.348932
0.348932
0.346745
0.346745
0.237797
0.237797
0.462755
0.462755
0.165036
0.165036
0.414480
0.414480
0.198436
0.198436
0.401038
0.401038
0.209675
0.209675
0.253098
0.253098
0.417988
0.417988
0.205365
0.205365
0.800605
0.800605
0.440399
0.440399
0.359405
0.359405
0.866555
0.866555
0.640882
0.640882
0.500878
0.500878
0.359904
0.359904
0.268733
0.268733
0.225592
0.225592
0.539443
0.539443
0.282421
0.282421
0.342058
0.342058
0.478478
0.478478
0.437034
0.437034
0.459785
0.459785
0.173665
0.173665
0.532239
0.532239
0.336581
0.336581
0.445472
0.445472
0.287801
0.287801
0.301024
0.301024
0.256268
0.256268
0.458773
0.458773
0.315653
0.315653
0.447145
0.447145
0.365512
0.365512
0.210448
0.210448
0.760075
0.760075
0.308480
0.308480
0.227730
0.227730
0.184187
0.184187
0.171446
0.171446
0.352673
0.352673
0.237826
0.237826
0.264554
0.264554
0.526609
0.526609
0.207504
0.207504
0.482129
0.482129
0.259179
0.259179
0.419737
0.419737
0.263024
0.263024
0.517177
0.517177
0.325320
0.325320
0.378563
0.378563
0.447909
0.447909
0.265525
0.265525
0.705826
0.705826
0.155829
0.155829
0.194733
0.194733
0.284637
0.284637
0.267292
0.267292
0.237137
0.237137
0.658134
0.658134
0.293912
0.293912
0.010344
0.010344
0.231458
0.231458
0.296574
0.296574
0.481667
0.481667
0.309548
0.309548
0.225637
0.225637
0.351967
0.351967
0.303487
0.303487
0.303608
0.303608
0.138365
0.138365
0.571539
0.571539
0.516144
0.516144
0.399042
0.399042
0.245264
0.245264
0.307043
0.307043
0.376285
0.376285
0.505272
0.505272
0.368415
0.368415
0.392914
0.392914
0.328393
0.328393
0.161426
0.161426
0.157160
0.157160
0.335399
0.335399
0.365010
0.365010
0.310126
0.310126
0.433501
0.433501
0.410570
0.410570
0.310010
0.310010
0.171395
0.171395
0.471189
0.471189
0.165485
0.165485
0.532108
0.532108
0.172355
0.172355
0.331118
0.331118
0.188063
0.188063
0.432759
0.432759
0.433995
0.433995
0.281290
0.281290
0.348711
0.348711
0.468599
0.468599
0.273527
0.273527
0.555137
0.555137
0.302015
0.302015
0.245587
0.245587
0.212689
0.212689
0.460253
0.460253
0.308440
0.308440
0.348139
0.348139
0.708565
0.708565
0.246057
0.246057
0.372953
0.372953
0.132945
0.132945
0.176039
0.176039
0.541570
0.541570
0.274253
0.274253
0.640232
0.640232
0.159791
0.159791
0.565537
0.565537
0.293802
0.293802
0.585009
0.585009
0.276390
0.276390
0.119283
0.119283
0.265234
0.265234
0.615473
0.615473
0.523578
0.523578
0.130115
0.130115
0.285226
0.285226
0.223380
0.223380
0.266839
0.266839
0.351099
0.351099
0.303903
0.303903
0.238929
0.238929
0.500898
0.500898
0.384983
0.384983
0.141411
0.141411
0.113799
0.113799
0.259185
0.259185
0.172430
0.172430
0.250845
0.250845
0.106348
0.106348
0.261601
0.261601
0.237134
0.237134
0.148922
0.148922
0.313178
0.313178
0.476693
0.476693
0.225656
0.225656
0.345690
0.345690
0.324593
0.324593
0.211284
0.211284
0.406003
0.406003
0.152591
0.152591
0.525267
0.525267
0.453943
0.453943
0.434381
0.434381
0.232904
0.232904
0.464923
0.464923
0.379140
0.379140
0.881040
0.881040
0.703499
0.703499
0.265830
0.265830
0.431111
0.431111
0.279165
0.279165
0.350315
0.350315
0.329407
0.329407
0.250958
0.250958
0.110788
0.110788
0.666567
0.666567
0.194140
0.194140
0.286187
0.286187
0.705407
0.705407
0.535689
0.535689
0.379902
0.379902
0.152328
0.152328
0.322930
0.322930
0.367872
0.367872
0.275871
0.275871
0.655068
0.655068
0.169588
0.169588
0.574603
0.574603
0.257648
0.257648
0.571483
0.571483
0.361063
0.361063
0.261589
0.261589
0.272890
0.272890
0.169994
0.169994
0.625380
0.625380
0.591612
0.591612
0.264451
0.264451
0.368515
0.368515
0.172684
0.172684
0.386195
0.386195
0.380929
0.380929
0.627846
0.627846
0.330528
0.330528
0.405145
0.405145
0.132460
0.132460
0.303854
0.303854
0.481880
0.481880
0.670005
0.670005
0.482419
0.482419
0.188830
0.188830
0.608160
0.608160
0.639823
0.639823
0.149527
0.149527
0.149996
0.149996
0.250672
0.250672
0.350840
0.350840
0.155577
0.155577
0.450569
0.450569
0.269704
0.269704
0.789919
0.789919
0.295147
0.295147
0.378306
0.378306
0.293515
0.293515
0.139171
0.139171
0.320315
0.320315
0.251151
0.251151
0.261509
0.261509
0.817926
0.817926
0.287840
0.287840
0.322297
0.322297
0.303681
0.303681
0.480537
0.480537
0.410968
0.410968
0.192129
0.192129
0.271905
0.271905
0.390625
0.390625
0.231833
0.231833
0.318545
0.318545
0.201330
0.201330
0.230697
0.230697
0.264663
0.264663
0.204747
0.204747
0.256312
0.256312
0.309238
0.309238
0.413401
0.413401
0.653993
0.653993
0.358742
0.358742
0.289683
0.289683
1.314501
1.314501
0.456028
0.456028
0.325437
0.325437
0.505397
0.505397
0.446050
0.446050
0.370036
0.370036
0.260444
0.260444
0.606200
0.606200
0.553567
0.553567
0.163056
0.163056
0.652814
0.652814
0.165145
0.165145
0.544696
0.544696
0.176438
0.176438
0.611200
0.611200
0.334323
0.334323
0.228218
0.228218
0.373969
0.373969
0.798417
0.798417
0.275659
0.275659
0.243582
0.243582
0.326341
0.326341
0.457285
0.457285
0.273969
0.273969
0.234623
0.234623
0.402765
0.402765
0.346548
0.346548
0.403775
0.403775
0.290397
0.290397
0.066930
0.066930
0.440763
0.440763
0.328329
0.328329
0.306787
0.306787
0.429502
0.429502
0.734622
0.734622
0.473996
0.473996
0.879313
0.879313
0.202456
0.202456
0.311342
0.311342
0.585723
0.585723
0.301558
0.301558
0.343448
0.343448
0.673962
0.673962
0.054543
0.054543
0.323627
0.323627
0.252734
0.252734
0.225217
0.225217
0.707745
0.707745
0.086170
0.086170
0.202327
0.202327
0.325106
0.325106
0.415174
0.415174
0.299476
0.299476
0.320881
0.320881
0.106804
0.106804
0.748460
0.748460
0.426450
0.426450
0.190694
0.190694
0.272625
0.272625
0.507301
0.507301
0.306650
0.306650
0.325055
0.325055
0.682384
0.682384
0.236028
0.236028
0.580458
0.580458
0.226984
0.226984
0.156472
0.156472
0.209505
0.209505
0.368839
0.368839
0.489576
0.489576
0.323452
0.323452
0.291844
0.291844
0.258720
0.258720
0.264513
0.264513
0.392789
0.392789
0.319017
0.319017
0.147046
0.147046
0.268760
0.268760
0.371448
0.371448
0.297118
0.297118
0.520485
0.520485
0.268546
0.268546
0.570712
0.570712
0.273065
0.273065
0.110179
0.110179
0.402573
0.402573
0.212729
0.212729
0.525582
0.525582
0.228534
0.228534
0.309220
0.309220
0.213960
0.213960
0.249547
0.249547
0.396148
0.396148
0.198731
0.198731
0.289761
0.289761
0.552946
0.552946
0.636221
0.636221
0.144868
0.144868
0.488220
0.488220
0.391569
0.391569
0.389435
0.389435
0.257324
0.257324
0.200096
0.200096
0.485890
0.485890
0.402933
0.402933
0.165660
0.165660
0.333901
0.333901
0.240122
0.240122
0.184865
0.184865
0.307616
0.307616
0.297036
0.297036
0.695843
0.695843
0.337543
0.337543
0.366904
0.366904
0.361552
0.361552
0.400096
0.400096
0.349243
0.349243
0.184155
0.184155
0.155204
0.155204
0.663276
0.663276
0.366076
0.366076
0.367161
0.367161
0.170123
0.170123
0.156760
0.156760
0.662390
0.662390
0.545992
0.545992
0.394406
0.394406
0.174002
0.174002
0.307022
0.307022
0.209098
0.209098
0.362536
0.362536
0.304824
0.304824
0.174059
0.174059
0.283747
0.283747
0.302830
0.302830
0.370013
0.370013
0.295071
0.295071
0.194331
0.194331
0.385914
0.385914
0.471995
0.471995
0.211713
0.211713
0.229568
0.229568
0.311191
0.311191
0.164238
0.164238
0.291489
0.291489
0.784183
0.784183
0.375769
0.375769
0.174189
0.174189
0.107164
0.107164
0.913343
0.913343
0.132760
0.132760
1.168768
1.168768
0.369673
0.369673
0.392222
0.392222
0.091268
0.091268
0.406453
0.406453
0.500634
0.500634
0.235630
0.235630
0.249572
0.249572
0.329854
0.329854
0.274670
0.274670
0.517626
0.517626
0.230150
0.230150
0.184864
0.184864
0.625424
0.625424
0.333097
0.333097
0.343354
0.343354
0.313515
0.313515
0.334635
0.334635
0.373910
0.373910
0.234743
0.234743
0.249178
0.249178
0.283183
0.283183
0.219594
0.219594
0.230653
0.230653
0.154114
0.154114
0.727990
0.727990
0.695439
0.695439
0.486787
0.486787
0.509624
0.509624
0.155337
0.155337
0.139252
0.139252
0.328434
0.328434
0.480087
0.480087
0.422373
0.422373
0.265603
0.265603
0.273869
0.273869
0.292704
0.292704
0.708680
0.708680
0.375699
0.375699
0.399462
0.399462
0.217334
0.217334
0.139998
0.139998
0.571227
0.571227
0.174100
0.174100
0.157661
0.157661
0.326677
0.326677
0.337209
0.337209
0.185901
0.185901
0.391864
0.391864
0.209376
0.209376
0.360236
0.360236
0.663743
0.663743
0.187952
0.187952
0.796101
0.796101
1.026091
1.026091
0.319333
0.319333
0.374254
0.374254
0.461341
0.461341
0.375669
0.375669
0.256547
0.256547
0.493576
0.493576
0.416676
0.416676
0.354557
0.354557
0.442021
0.442021
0.427708
0.427708
0.580350
0.580350
0.407793
0.407793
0.612401
0.612401
0.320383
0.320383
0.302815
0.302815
0.244134
0.244134
0.228433
0.228433
0.555595
0.555595
0.237715
0.237715
0.280367
0.280367
0.267181
0.267181
0.339150
0.339150
0.237559
0.237559
0.729986
0.729986
0.200826
0.200826
0.374256
0.374256
0.234179
0.234179
0.366275
0.366275
0.239879
0.239879
0.224996
0.224996
0.279267
0.279267
0.592813
0.592813
0.215696
0.215696
0.298979
0.298979
0.516645
0.516645
0.205229
0.205229
0.105111
0.105111
0.316298
0.316298
0.190695
0.190695
0.241079
0.241079
0.510341
0.510341
0.299235
0.299235
0.193269
0.193269
0.208911
0.208911
0.439804
0.439804
0.137171
0.137171
0.440462
0.440462
0.328451
0.328451
0.178672
0.178672
0.171692
0.171692
0.291879
0.291879
0.298146
0.298146
0.353790
0.353790
0.315302
0.315302
0.401548
0.401548
0.294737
0.294737
0.385116
0.385116
0.393296
0.393296
0.204794
0.204794
0.142929
0.142929
0.358241
0.358241
0.145011
0.145011
0.368781
0.368781
0.422501
0.422501
0.421823
0.421823
0.625767
0.625767
0.165893
0.165893
0.430299
0.430299
0.222474
0.222474
0.688159
0.688159
0.459557
0.459557
0.340243
0.340243
0.593466
0.593466
0.198350
0.198350
0.153858
0.153858
0.148597
0.148597
0.338582
0.338582
0.086193
0.086193
0.295391
0.295391
0.260190
0.260190
0.400432
0.400432
0.365249
0.365249
0.662408
0.662408
0.238662
0.238662
0.341560
0.341560
0.313787
0.313787
0.328211
0.328211
0.293668
0.293668
0.274749
0.274749
0.346539
0.346539
0.346804
0.346804
0.382425
0.382425
0.364156
0.364156
0.592466
0.592466
0.204904
0.204904
0.228245
0.228245
0.408303
0.408303
0.375882
0.375882
0.243163
0.243163
0.191134
0.191134
0.592096
0.592096
0.355227
0.355227
0.322583
0.322583
0.202131
0.202131
0.388467
0.388467
0.551393
0.551393
0.565504
0.565504
0.472783
0.472783
0.177031
0.177031
0.253013
0.253013
0.507245
0.507245
0.763793
0.763793
0.194324
0.194324
0.408632
0.408632
0.164054
0.164054
0.383720
0.383720
0.225885
0.225885
0.355847
0.355847
0.523004
0.523004
0.555363
0.555363
0.165761
0.165761
0.268979
0.268979
0.296192
0.296192
0.312309
0.312309
0.201815
0.201815
0.454399
0.454399
0.322329
0.322329
0.188393
0.188393
0.536629
0.536629
0.303031
0.303031
0.250250
0.250250
0.679933
0.679933
0.222757
0.222757
0.719169
0.719169
0.215398
0.215398
0.399819
0.399819
0.461948
0.461948
0.361456
0.361456
0.484746
0.484746
0.206407
0.206407
0.223462
0.223462
0.472431
0.472431
0.371070
0.371070
0.340811
0.340811
0.225916
0.225916
0.468125
0.468125
0.258429
0.258429
0.183687
0.183687
0.413619
0.413619
0.168575
0.168575
0.271923
0.271923
0.192189
0.192189
1.346093
1.346093
0.696236
0.696236
0.290573
0.290573
0.273061
0.273061
0.273417
0.273417
0.387920
0.387920
0.203735
0.203735
0.396024
0.396024
0.167880
0.167880
0.315969
0.315969
0.353957
0.353957
0.309190
0.309190
0.452193
0.452193
0.260839
0.260839
0.617120
0.617120
0.679118
0.679118
0.299936
0.299936
0.468548
0.468548
0.469202
0.469202
0.577565
0.577565
0.178358
0.178358
0.250921
0.250921
0.142707
0.142707
0.645523
0.645523
0.361016
0.361016
0.296741
0.296741
0.321716
0.321716
0.410342
0.410342
0.286250
0.286250
0.173679
0.173679
0.395504
0.395504
0.311615
0.311615
0.453447
0.453447
0.351673
0.351673
0.191404
0.191404
0.335431
0.335431
0.151697
0.151697
0.298015
0.298015
0.406296
0.406296
0.429206
0.429206
0.466486
0.466486
0.127039
0.127039
0.280136
0.280136
0.350908
0.350908
0.592377
0.592377
0.260586
0.260586
0.521312
0.521312
0.253558
0.253558
0.503347
0.503347
0.422873
0.422873
0.322193
0.322193
0.242271
0.242271
0.558920
0.558920
0.334208
0.334208
0.462681
0.462681
0.880110
0.880110
0.178506
0.178506
0.496868
0.496868
0.343252
0.343252
0.310069
0.310069
0.330165
0.330165
0.247261
0.247261
0.293037
0.293037
0.263213
0.263213
0.394710
0.394710
0.197397
0.197397
0.246851
0.246851
0.495226
0.495226
0.262941
0.262941
0.376516
0.376516
0.677639
0.677639
0.290585
0.290585
0.401662
0.401662
0.395312
0.395312
0.228367
0.228367
0.759798
0.759798
0.500348
0.500348
0.259666
0.259666
0.147186
0.147186
0.665188
0.665188
0.279981
0.279981
0.312821
0.312821
0.351091
0.351091
0.504269
0.504269
0.407309
0.407309
0.964383
0.964383
0.197317
0.197317
0.067722
0.067722
0.827121
0.827121
0.692709
0.692709
0.188728
0.188728
0.129270
0.129270
0.153705
0.153705
0.321315
0.321315
0.227594
0.227594
0.759279
0.759279
0.203684
0.203684
0.109937
0.109937
0.638590
0.638590
0.205633
0.205633
0.283039
0.283039
0.501953
0.501953
0.174733
0.174733
0.275564
0.275564
0.375653
0.375653
0.470718
0.470718
0.372984
0.372984
0.454027
0.454027
0.146765
0.146765
0.412600
0.412600
0.280077
0.280077
0.439481
0.439481
0.800697
0.800697
0.473967
0.473967
0.382820
0.382820
0.411378
0.411378
0.300912
0.300912
0.280549
0.280549
0.251835
0.251835
0.098022
0.098022
0.283422
0.283422
0.194882
0.194882
0.276414
0.276414
0.362407
0.362407
0.389140
0.389140
0.337729
0.337729
0.133896
0.133896
0.189756
0.189756
0.227608
0.227608
0.331083
0.331083
0.284267
0.284267
0.512776
0.512776
0.214610
0.214610
0.464869
0.464869
0.549788
0.549788
0.259134
0.259134
0.528990
0.528990
0.399271
0.399271
0.270943
0.270943
0.560158
0.560158
0.202307
0.202307
0.148840
0.148840
0.164120
0.164120
0.358280
0.358280
0.294606
0.294606
0.463547
0.463547
0.634142
0.634142
0.622253
0.622253
0.266205
0.266205
0.277665
0.277665
0.305727
0.305727
0.277402
0.277402
0.487472
0.487472
0.599759
0.599759
0.278814
0.278814
0.604735
0.604735
0.170015
0.170015
0.318493
0.318493
0.435470
0.435470
0.141858
0.141858
0.350391
0.350391
0.562153
0.562153
0.237793
0.237793
0.718247
0.718247
0.456038
0.456038
0.221908
0.221908
0.211919
0.211919
0.177147
0.177147
0.260685
0.260685
0.345745
0.345745
0.415265
0.415265
0.268780
0.268780
0.440539
0.440539
0.723346
0.723346
0.341260
0.341260
0.403240
0.403240
0.390474
0.390474
0.284002
0.284002
0.512678
0.512678
0.413911
0.413911
0.355730
0.355730
0.108824
0.108824
0.491385
0.491385
0.355691
0.355691
0.182969
0.182969
0.360824
0.360824
0.285469
0.285469
0.248821
0.248821
0.726031
0.726031
0.297638
0.297638
0.275796
0.275796
0.342928
0.342928
0.450035
0.450035
0.432720
0.432720
0.226061
0.226061
0.485910
0.485910
0.116406
0.116406
0.352025
0.352025
0.483720
0.483720
0.413413
0.413413
0.412244
0.412244
0.525511
0.525511
0.326295
0.326295
0.274919
0.274919
0.483344
0.483344
0.287974
0.287974
0.295800
0.295800
0.346927
0.346927
0.349478
0.349478
0.272349
0.272349
0.299046
0.299046
0.268725
0.268725
0.271176
0.271176
0.639489
0.639489
0.233635
0.233635
0.269209
0.269209
0.240074
0.240074
0.705435
0.705435
0.148081
0.148081
0.409806
0.409806
0.245825
0.245825
0.272064
0.272064
0.397878
0.397878
0.263870
0.263870
0.401613
0.401613
0.472391
0.472391
0.418882
0.418882
0.510063
0.510063
0.289678
0.289678
0.263013
0.263013
0.360848
0.360848
0.428339
0.428339
0.424419
0.424419
0.114132
0.114132
0.481034
0.481034
0.407173
0.407173
0.521822
0.521822
0.462960
0.462960
0.289072
0.289072
0.675592
0.675592
0.246736
0.246736
0.194213
0.194213
0.226012
0.226012
0.247883
0.247883
0.431021
0.431021
0.203124
0.203124
0.592110
0.592110
0.207127
0.207127
0.160343
0.160343
0.346745
0.346745
0.651253
0.651253
0.576847
0.576847
0.340940
0.340940
0.266293
0.266293
0.336446
0.336446
0.492638
0.492638
0.275832
0.275832
0.289697
0.289697
0.751927
0.751927
0.161136
0.161136
0.488023
0.488023
0.370897
0.370897
0.178691
0.178691
0.393617
0.393617
0.447661
0.447661
0.364044
0.364044
0.275133
0.275133
0.256795
0.256795
0.194031
0.194031
0.342245
0.342245
0.569247
0.569247
0.141919
0.141919
0.421388
0.421388
0.340543
0.340543
0.218463
0.218463
0.312617
0.312617
0.312187
0.312187
0.136805
0.136805
0.255574
0.255574
0.246519
0.246519
0.182676
0.182676
0.442578
0.442578
0.590742
0.590742
0.241242
0.241242
0.208401
0.208401
0.242729
0.242729
0.181165
0.181165
0.640447
0.640447
0.359478
0.359478
0.297052
0.297052
0.365562
0.365562
0.204180
0.204180
0.321984
0.321984
0.426489
0.426489
0.321357
0.321357
0.117869
0.117869
0.454301
0.454301
0.574704
0.574704
0.481803
0.481803
0.537778
0.537778
0.295690
0.295690
0.283526
0.283526
0.783656
0.783656
0.280067
0.280067
0.491935
0.491935
0.387040
0.387040
0.207211
0.207211
0.392652
0.392652
0.423494
0.423494
0.312245
0.312245
0.317358
0.317358
0.203745
0.203745
1.111309
1.111309
0.272666
0.272666
0.150847
0.150847
0.398813
0.398813
0.801778
0.801778
0.165644
0.165644
0.169431
0.169431
0.379636
0.379636
0.285212
0.285212
0.317676
0.317676
0.260565
0.260565
0.125964
0.125964
0.222844
0.222844
0.326448
0.326448
0.377933
0.377933
0.594011
0.594011
0.660973
0.660973
0.776988
0.776988
0.289203
0.289203
0.201341
0.201341
0.216428
0.216428
0.209466
0.209466
0.416351
0.416351
0.597488
0.597488
0.707101
0.707101
0.240381
0.240381
0.422869
0.422869
0.215654
0.215654
0.341834
0.341834
0.297269
0.297269
0.416602
0.416602
0.189537
0.189537
0.415411
0.415411
0.274753
0.274753
0.199588
0.199588
0.308677
0.308677
0.305168
0.305168
0.233897
0.233897
0.322010
0.322010
0.210079
0.210079
0.893276
0.893276
0.233076
0.233076
0.446732
0.446732
0.199987
0.199987
0.328015
0.328015
0.349056
0.349056
0.105444
0.105444
0.338752
0.338752
0.574177
0.574177
0.362066
0.362066
0.199835
0.199835
0.287972
0.287972
0.475555
0.475555
0.638286
0.638286
0.157012
0.157012
0.328030
0.328030
0.457684
0.457684
0.262124
0.262124
0.666183
0.666183
0.561079
0.561079
0.846087
0.846087
0.205930
0.205930
0.206899
0.206899
0.288678
0.288678
0.224607
0.224607
0.223654
0.223654
0.204237
0.204237
0.744545
0.744545
0.291600
0.291600
0.171800
0.171800
0.128062
0.128062
0.358893
0.358893
0.235405
0.235405
0.343951
0.343951
0.173276
0.173276
0.490552
0.490552
0.322161
0.322161
0.349869
0.349869
0.249884
0.249884
0.522073
0.522073
0.461864
0.461864
0.540874
0.540874
0.255584
0.255584
0.426476
0.426476
0.078349
0.078349
0.280502
0.280502
0.276303
0.276303
0.473581
0.473581
0.092053
0.092053
0.514288
0.514288
0.499825
0.499825
0.538064
0.538064
0.200693
0.200693
0.411329
0.411329
0.389620
0.389620
0.294475
0.294475
0.248040
0.248040
0.451431
0.451431
0.372594
0.372594
0.442073
0.442073
0.364011
0.364011
0.700190
0.700190
0.433811
0.433811
0.184126
0.184126
0.203957
0.203957
0.149161
0.149161
0.465089
0.465089
0.473059
0.473059
0.186886
0.186886
0.362961
0.362961
0.105751
0.105751
0.230782
0.230782
0.204950
0.204950
0.362967
0.362967
0.229404
0.229404
0.257173
0.257173
0.184032
0.184032
0.323475
0.323475
0.251193
0.251193
0.534613
0.534613
0.129362
0.129362
0.421161
0.421161
0.246248
0.246248
0.147106
0.147106
0.245372
0.245372
0.330260
0.330260
0.375715
0.375715
0.401824
0.401824
0.296581
0.296581
0.345879
0.345879
0.479840
0.479840
0.460563
0.460563
0.517180
0.517180
0.460727
0.460727
0.179655
0.179655
0.314926
0.314926
0.467038
0.467038
0.459989
0.459989
0.457015
0.457015
0.383749
0.383749
0.319812
0.319812
0.432979
0.432979
0.347950
0.347950
0.222256
0.222256
0.209745
0.209745
0.360420
0.360420
0.337893
0.337893
0.230605
0.230605
0.366442
0.366442
0.263685
0.263685
0.208496
0.208496
0.334341
0.334341
0.287156
0.287156
0.411802
0.411802
0.263673
0.263673
0.182647
0.182647
0.344751
0.344751
0.552990
0.552990
0.263139
0.263139
0.557643
0.557643
0.329175
0.329175
0.085844
0.085844
0.425644
0.425644
0.231661
0.231661
0.423480
0.423480
0.444393
0.444393
0.383373
0.383373
0.255264
0.255264
0.288036
0.288036
0.286819
0.286819
0.486407
0.486407
0.541341
0.541341
0.416093
0.416093
0.405771
0.405771
0.312636
0.312636
0.209877
0.209877
0.555953
0.555953
0.416225
0.416225
0.361959
0.361959
0.374347
0.374347
0.251312
0.251312
0.238525
0.238525
0.503621
0.503621
0.542991
0.542991
0.519215
0.519215
0.289558
0.289558
0.269496
0.269496
0.332423
0.332423
0.559116
0.559116
0.327637
0.327637
0.080381
0.080381
0.983222
0.983222
0.297335
0.297335
0.493763
0.493763
0.215712
0.215712
0.327844
0.327844
0.437855
0.437855
0.113118
0.113118
0.252623
0.252623
0.232040
0.232040
0.339638
0.339638
0.644607
0.644607
0.440817
0.440817
0.742253
0.742253
0.435240
0.435240
0.413319
0.413319
0.420944
0.420944
0.417460
0.417460
0.328513
0.328513
0.169673
0.169673
0.368264
0.368264
0.262068
0.262068
0.261714
0.261714
0.411485
0.411485
0.180873
0.180873
0.078937
0.078937
0.130677
0.130677
0.204057
0.204057
0.272399
0.272399
0.420858
0.420858
0.400545
0.400545
0.374973
0.374973
0.580889
0.580889
0.457652
0.457652
0.375528
0.375528
0.130036
0.130036
0.128061
0.128061
0.287648
0.287648
0.185409
0.185409
0.587515
0.587515
0.457902
0.457902
0.710202
0.710202
0.229002
0.229002
0.529727
0.529727
0.218049
0.218049
0.455434
0.455434
0.327501
0.327501
0.258499
0.258499
0.351531
0.351531
0.314951
0.314951
0.237026
0.237026
0.076270
0.076270
0.328875
0.328875
0.429671
0.429671
0.240121
0.240121
0.240478
0.240478
0.858670
0.858670
0.295633
0.295633
0.333663
0.333663
0.276084
0.276084
0.218184
0.218184
0.129415
0.129415
0.572188
0.572188
0.338409
0.338409
0.161115
0.161115
0.657418
0.657418
0.458795
0.458795
0.455073
0.455073
0.279123
0.279123
0.227772
0.227772
0.244920
0.244920
0.140605
0.140605
0.339183
0.339183
0.155158
0.155158
0.388952
0.388952
0.577823
0.577823
0.369616
0.369616
0.438133
0.438133
0.372206
0.372206
0.931627
0.931627
0.161341
0.161341
0.246275
0.246275
0.452990
0.452990
0.246676
0.246676
0.318517
0.318517
0.623439
0.623439
0.361731
0.361731
0.792280
0.792280
0.480522
0.480522
0.128862
0.128862
0.270744
0.270744
0.416111
0.416111
0.305531
0.305531
0.487754
0.487754
0.269856
0.269856
0.481367
0.481367
0.280719
0.280719
1.013203
1.013203
0.105980
0.105980
0.569124
0.569124
0.516090
0.516090
0.398776
0.398776
0.254445
0.254445
0.947726
0.947726
0.199643
0.199643
0.211695
0.211695
0.438229
0.438229
0.266290
0.266290
0.542071
0.542071
0.280396
0.280396
0.342954
0.342954
0.215993
0.215993
0.577023
0.577023
0.324239
0.324239
0.584842
0.584842
0.540762
0.540762
0.183870
0.183870
0.572111
0.572111
0.411980
0.411980
0.371504
0.371504
0.154146
0.154146
0.721852
0.721852
0.475331
0.475331
0.145382
0.145382
0.395149
0.395149
0.635461
0.635461
0.348494
0.348494
0.171838
0.171838
0.235501
0.235501
0.283789
0.283789
0.441667
0.441667
0.472428
0.472428
0.507300
0.507300
0.213614
0.213614
0.360799
0.360799
0.106645
0.106645
0.273589
0.273589
0.348476
0.348476
0.439373
0.439373
0.377926
0.377926
0.201469
0.201469
0.235424
0.235424
0.359656
0.359656
0.164091
0.164091
0.367137
0.367137
0.288030
0.288030
0.232612
0.232612
0.528393
0.528393
0.387568
0.387568
0.477611
0.477611
0.273041
0.273041
0.288558
0.288558
0.332388
0.332388
0.127859
0.127859
0.338815
0.338815
0.313254
0.313254
0.454424
0.454424
0.544895
0.544895
0.638517
0.638517
0.547472
0.547472
0.618981
0.618981
0.451688
0.451688
0.437529
0.437529
0.255819
0.255819
0.212110
0.212110
0.390545
0.390545
0.156734
0.156734
0.309539
0.309539
0.293586
0.293586
0.461936
0.461936
0.434995
0.434995
0.378443
0.378443
0.131130
0.131130
0.493997
0.493997
0.165624
0.165624
0.604826
0.604826
0.157268
0.157268
0.249571
0.249571
0.268426
0.268426
0.189256
0.189256
0.387598
0.387598
0.466054
0.466054
0.329152
0.329152
0.374299
0.374299
0.185223
0.185223
0.186087
0.186087
0.278685
0.278685
0.265123
0.265123
0.382670
0.382670
0.428420
0.428420
0.129093
0.129093
0.190930
0.190930
0.358164
0.358164
0.385512
0.385512
0.258034
0.258034
0.208512
0.208512
0.572718
0.572718
0.204714
0.204714
0.469431
0.469431
0.159461
0.159461
0.256922
0.256922
0.210060
0.210060
0.332908
0.332908
0.306021
0.306021
0.371578
0.371578
0.425289
0.425289
0.160289
0.160289
0.248981
0.248981
0.191994
0.191994
0.222522
0.222522
0.231676
0.231676
0.298585
0.298585
0.121441
0.121441
0.347520
0.347520
0.226199
0.226199
0.249362
0.249362
0.180334
0.180334
0.389003
0.389003
0.329642
0.329642
0.240154
0.240154
0.395053
0.395053
0.328276
0.328276
0.304608
0.304608
0.388145
0.388145
0.271511
0.271511
0.630323
0.630323
0.339731
0.339731
0.251747
0.251747
0.214176
0.214176
0.322720
0.322720
0.217902
0.217902
0.327024
0.327024
0.574205
0.574205
0.248674
0.248674
0.393444
0.393444
0.111755
0.111755
0.217857
0.217857
0.104174
0.104174
0.223592
0.223592
0.618906
0.618906
0.269655
0.269655
0.130787
0.130787
0.307745
0.307745
0.802877
0.802877
0.524499
0.524499
0.510821
0.510821
0.425935
0.425935
0.246588
0.246588
0.481096
0.481096
0.169863
0.169863
0.390016
0.390016
0.706190
0.706190
0.291479
0.291479
0.417482
0.417482
0.519861
0.519861
0.617195
0.617195
0.388548
0.388548
0.410376
0.410376
0.105358
0.105358
0.425762
0.425762
0.467633
0.467633
0.379936
0.379936
0.255525
0.255525
0.299818
0.299818
0.485173
0.485173
0.141149
0.141149
0.427695
0.427695
0.572554
0.572554
0.540746
0.540746
0.404616
0.404616
0.255090
0.255090
0.300909
0.300909
0.130572
0.130572
0.503801
0.503801
0.386200
0.386200
0.381807
0.381807
0.370544
0.370544
0.337159
0.337159
0.378814
0.378814
0.884670
0.884670
0.341664
0.341664
0.407223
0.407223
0.132493
0.132493
0.175773
0.175773
0.190204
0.190204
0.188152
0.188152
0.462408
0.462408
0.364206
0.364206
0.424666
0.424666
0.354629
0.354629
0.313013
0.313013
0.223868
0.223868
0.190339
0.190339
0.434639
0.434639
0.439142
0.439142
0.122582
0.122582
0.434963
0.434963
0.266154
0.266154
0.185875
0.185875
0.331679
0.331679
0.291956
0.291956
0.575084
0.575084
0.800805
0.800805
0.189184
0.189184
0.216852
0.216852
0.283725
0.283725
0.270043
0.270043
0.134572
0.134572
0.213522
0.213522
0.240468
0.240468
0.169298
0.169298
0.429819
0.429819
0.187417
0.187417
0.520388
0.520388
0.397458
0.397458
0.155312
0.155312
0.443007
0.443007
0.565402
0.565402
0.321714
0.321714
0.226034
0.226034
0.190442
0.190442
0.294294
0.294294
0.424869
0.424869
0.400582
0.400582
0.277754
0.277754
0.168861
0.168861
0.182103
0.182103
0.522057
0.522057
0.581588
0.581588
0.383367
0.383367
0.452900
0.452900
0.165240
0.165240
0.398873
0.398873
0.124579
0.124579
0.329953
0.329953
0.107498
0.107498
0.383964
0.383964
0.377076
0.377076
0.365198
0.365198
0.404507
0.404507
0.373186
0.373186
0.391331
0.391331
0.460318
0.460318
0.357751
0.357751
0.243460
0.243460
0.232950
0.232950
0.329695
0.329695
0.346251
0.346251
0.612398
0.612398
0.320540
0.320540
0.609107
0.609107
0.167451
0.167451
0.337447
0.337447
0.337362
0.337362
0.301609
0.301609
0.271768
0.271768
0.143104
0.143104
0.329833
0.329833
0.385389
0.385389
0.253818
0.253818
0.312759
0.312759
0.537919
0.537919
0.917351
0.917351
0.315684
0.315684
0.210869
0.210869
0.354107
0.354107
0.371356
0.371356
0.494361
0.494361
0.382036
0.382036
0.168007
0.168007
0.344223
0.344223
0.109666
0.109666
0.371111
0.371111
0.452915
0.452915
0.180557
0.180557
0.270540
0.270540
0.825194
0.825194
0.231672
0.231672
0.196271
0.196271
0.426547
0.426547
0.299386
0.299386
0.391674
0.391674
0.231963
0.231963
0.234207
0.234207
0.088761
0.088761
0.437950
0.437950
0.280550
0.280550
0.296341
0.296341
0.790524
0.790524
0.385957
0.385957
0.337358
0.337358
0.284272
0.284272
0.573388
0.573388
0.277620
0.277620
0.486197
0.486197
0.311552
0.311552
0.307444
0.307444
0.410053
0.410053
0.422704
0.422704
0.610281
0.610281
0.209913
0.209913
0.500805
0.500805
0.490074
0.490074
0.234810
0.234810
0.298073
0.298073
0.305319
0.305319
0.474444
0.474444
0.307836
0.307836
0.442639
0.442639
0.311448
0.311448
0.850779
0.850779
0.214760
0.214760
0.339590
0.339590
0.276413
0.276413
0.970178
0.970178
0.842331
0.842331
0.390616
0.390616
0.243685
0.243685
0.345235
0.345235
0.239539
0.239539
0.459314
0.459314
0.419170
0.419170
0.446385
0.446385
0.457033
0.457033
0.246221
0.246221
0.357795
0.357795
0.305235
0.305235
0.076290
0.076290
0.421699
0.421699
0.173767
0.173767
0.430329
0.430329
0.223572
0.223572
0.372803
0.372803
0.163413
0.163413
0.350226
0.350226
0.171085
0.171085
0.107961
0.107961
0.254558
0.254558
0.764058
0.764058
0.380727
0.380727
0.249346
0.249346
0.437156
0.437156
0.388860
0.388860
0.219285
0.219285
0.215088
0.215088
0.230088
0.230088
0.639540
0.639540
0.356041
0.356041
0.572111
0.572111
0.273177
0.273177
0.297600
0.297600
0.472662
0.472662
0.328485
0.328485
0.179663
0.179663
0.387769
0.387769
0.438694
0.438694
0.250334
0.250334
0.309767
0.309767
0.245989
0.245989
0.418323
0.418323
0.489257
0.489257
0.331708
0.331708
0.485150
0.485150
0.458398
0.458398
0.393796
0.393796
0.424167
0.424167
0.636950
0.636950
0.586228
0.586228
0.531673
0.531673
0.424797
0.424797
0.275234
0.275234
0.196641
0.196641
0.324185
0.324185
0.547589
0.547589
0.444711
0.444711
0.248864
0.248864
0.310647
0.310647
0.962956
0.962956
0.193799
0.193799
0.309054
0.309054
0.541070
0.541070
0.439360
0.439360
0.376086
0.376086
0.420937
0.420937
0.287803
0.287803
0.182252
0.182252
0.109825
0.109825
0.285420
0.285420
0.095524
0.095524
0.216636
0.216636
0.526332
0.526332
0.149126
0.149126
0.300303
0.300303
0.164632
0.164632
0.597077
0.597077
0.271097
0.271097
0.420814
0.420814
0.437668
0.437668
0.269390
0.269390
0.281257
0.281257
0.217727
0.217727
0.156509
0.156509
0.177704
0.177704
0.373219
0.373219
0.598881
0.598881
0.298006
0.298006
0.560395
0.560395
0.218186
0.218186
0.362739
0.362739
0.322645
0.322645
0.283341
0.283341
0.281459
0.281459
1.319756
1.319756
0.665488
0.665488
0.269820
0.269820
0.217454
0.217454
0.112916
0.112916
0.462439
0.462439
0.352516
0.352516
0.194356
0.194356
0.308254
0.308254
0.836842
0.836842
0.513396
0.513396
0.280423
0.280423
0.232938
0.232938
0.219852
0.219852
0.361870
0.361870
0.190919
0.190919
0.242782
0.242782
0.671218
0.671218
0.149817
0.149817
0.212779
0.212779
0.292360
0.292360
0.221798
0.221798
0.505501
0.505501
0.432978
0.432978
0.222416
0.222416
0.181581
0.181581
0.389181
0.389181
0.203272
0.203272
0.234495
0.234495
0.362240
0.362240
0.412561
0.412561
0.197551
0.197551
0.321735
0.321735
0.264393
0.264393
0.594657
0.594657
0.733867
0.733867
0.200476
0.200476
0.185661
0.185661
0.691109
0.691109
0.241155
0.241155
0.372906
0.372906
0.310172
0.310172
0.460341
0.460341
0.386019
0.386019
0.373921
0.373921
0.187336
0.187336
0.511139
0.511139
0.463169
0.463169
0.331564
0.331564
0.683706
0.683706
0.309573
0.309573
0.325543
0.325543
0.209340
0.209340
0.223535
0.223535
0.489623
0.489623
0.247824
0.247824
0.132065
0.132065
0.162019
0.162019
0.606069
0.606069
0.509577
0.509577
0.287541
0.287541
0.238224
0.238224
0.407255
0.407255
0.601599
0.601599
0.120396
0.120396
0.211379
0.211379
0.248282
0.248282
0.161192
0.161192
0.607826
0.607826
0.251114
0.251114
0.315378
0.315378
0.231441
0.231441
0.136053
0.136053
0.333671
0.333671
0.488988
0.488988
0.483166
0.483166
0.484840
0.484840
0.284491
0.284491
0.323625
0.323625
0.123685
0.123685
0.380782
0.380782
0.759046
0.759046
0.643893
0.643893
0.226195
0.226195
0.377040
0.377040
0.504709
0.504709
0.430346
0.430346
0.337516
0.337516
0.417615
0.417615
0.367412
0.367412
0.197451
0.197451
0.329903
0.329903
0.101021
0.101021
0.208122
0.208122
0.284328
0.284328
0.273918
0.273918
0.173164
0.173164
0.382914
0.382914
0.299386
0.299386
0.208679
0.208679
0.243934
0.243934
0.433715
0.433715
0.399567
0.399567
0.314119
0.314119
0.537955
0.537955
0.593203
0.593203
0.307074
0.307074
0.188368
0.188368
0.245380
0.245380
0.372963
0.372963
0.462157
0.462157
0.270284
0.270284
0.408441
0.408441
0.457060
0.457060
0.169641
0.169641
0.196700
0.196700
0.244962
0.244962
0.381097
0.381097
0.310293
0.310293
0.126609
0.126609
0.440232
0.440232
0.349527
0.349527
0.221267
0.221267
0.297346
0.297346
0.164635
0.164635
1.281189
1.281189
0.322548
0.322548
0.304359
0.304359
0.209098
0.209098
0.394738
0.394738
0.538000
0.538000
0.340193
0.340193
0.481144
0.481144
0.420752
0.420752
0.259810
0.259810
0.240911
0.240911
0.244735
0.244735
0.143318
0.143318
0.308884
0.308884
0.245939
0.245939
0.182605
0.182605
0.235435
0.235435
0.224024
0.224024
0.156115
0.156115
0.521916
0.521916
0.146341
0.146341
0.743553
0.743553
0.254586
0.254586
0.301438
0.301438
0.097277
0.097277
0.272683
0.272683
0.379442
0.379442
0.100780
0.100780
0.170522
0.170522
0.301371
0.301371
0.359267
0.359267
0.393257
0.393257
0.269683
0.269683
0.360311
0.360311
0.200681
0.200681
0.492624
0.492624
0.160442
0.160442
0.296843
0.296843
0.513910
0.513910
0.464685
0.464685
0.286179
0.286179
0.516451
0.516451
0.194617
0.194617
0.715373
0.715373
0.707289
0.707289
0.581628
0.581628
0.540693
0.540693
0.480817
0.480817
0.430185
0.430185
0.158792
0.158792
0.411154
0.411154
0.447442
0.447442
0.662603
0.662603
0.491437
0.491437
0.454662
0.454662
0.571046
0.571046
0.340224
0.340224
0.246454
0.246454
0.336969
0.336969
0.599933
0.599933
0.758968
0.758968
0.380412
0.380412
0.106934
0.106934
0.262100
0.262100
0.161200
0.161200
0.067250
0.067250
0.220237
0.220237
0.385558
0.385558
0.463261
0.463261
0.403003
0.403003
0.247990
0.247990
0.140722
0.140722
0.646251
0.646251
0.529081
0.529081
0.394568
0.394568
0.285608
0.285608
0.097646
0.097646
0.123418
0.123418
0.294946
0.294946
0.061199
0.061199
0.607774
0.607774
0.142433
0.142433
0.294948
0.294948
0.297699
0.297699
0.327556
0.327556
0.397269
0.397269
0.246679
0.246679
0.235401
0.235401
0.236438
0.236438
0.483792
0.483792
0.245162
0.245162
0.233521
0.233521
0.231387
0.231387
0.228460
0.228460
0.334845
0.334845
0.320389
0.320389
0.586498
0.586498
0.594751
0.594751
0.243778
0.243778
0.494544
0.494544
0.759283
0.759283
0.353869
0.353869
0.148069
0.148069
0.387997
0.387997
0.342993
0.342993
0.640239
0.640239
0.397081
0.397081
0.167869
0.167869
0.579611
0.579611
0.302796
0.302796
0.347356
0.347356
0.297446
0.297446
0.490593
0.490593
0.219554
0.219554
0.361125
0.361125
0.271672
0.271672
0.218293
0.218293
0.312307
0.312307
0.337816
0.337816
0.412123
0.412123
0.575318
0.575318
0.224037
0.224037
0.674565
0.674565
0.292113
0.292113
0.388801
0.388801
0.181152
0.181152
0.218715
0.218715
0.519313
0.519313
0.398019
0.398019
0.274541
0.274541
0.702851
0.702851
0.265328
0.265328
0.255355
0.255355
0.457367
0.457367
0.298721
0.298721
0.567633
0.567633
0.308380
0.308380
0.228885
0.228885
0.315256
0.315256
0.339433
0.339433
0.199685
0.199685
0.196288
0.196288
0.201469
0.201469
0.361717
0.361717
0.394532
0.394532
0.156965
0.156965
0.216493
0.216493
0.250129
0.250129
0.319617
0.319617
0.880113
0.880113
0.196203
0.196203
0.233521
0.233521
0.668312
0.668312
0.676952
0.676952
0.133795
0.133795
0.119359
0.119359
0.448559
0.448559
0.199206
0.199206
0.310587
0.310587
0.432864
0.432864
0.536296
0.536296
0.473556
0.473556
0.536811
0.536811
0.296466
0.296466
0.278031
0.278031
0.219105
0.219105
0.476296
0.476296
0.359075
0.359075
0.379312
0.379312
0.229066
0.229066
0.210243
0.210243
0.326952
0.326952
0.665407
0.665407
0.323052
0.323052
0.321263
0.321263
0.537353
0.537353
0.345006
0.345006
0.356823
0.356823
0.489898
0.489898
0.435410
0.435410
0.436739
0.436739
0.301139
0.301139
0.342823
0.342823
0.365788
0.365788
0.254018
0.254018
0.401554
0.401554
0.334107
0.334107
0.724777
0.724777
0.610112
0.610112
0.383468
0.383468
0.180382
0.180382
0.279468
0.279468
0.364694
0.364694
0.300089
0.300089
0.133627
0.133627
0.246044
0.246044
0.390078
0.390078
0.287461
0.287461
0.643476
0.643476
0.109025
0.109025
0.351763
0.351763
0.619896
0.619896
0.178046
0.178046
0.316353
0.316353
0.320060
0.320060
0.295065
0.295065
0.193772
0.193772
0.221873
0.221873
0.225116
0.225116
1.075585
1.075585
0.461109
0.461109
0.370441
0.370441
0.402736
0.402736
0.362561
0.362561
0.413689
0.413689
0.134524
0.134524
0.347827
0.347827
0.229563
0.229563
0.188843
0.188843
0.435320
0.435320
0.255304
0.255304
0.373591
0.373591
0.319302
0.319302
0.292143
0.292143
0.292304
0.292304
0.309737
0.309737
0.300334
0.300334
0.241665
0.241665
0.191080
0.191080
0.168226
0.168226
0.367391
0.367391
0.937022
0.937022
0.458372
0.458372
0.388057
0.388057
0.175010
0.175010
0.315348
0.315348
0.279210
0.279210
0.459115
0.459115
0.332758
0.332758
0.559175
0.559175
0.318556
0.318556
0.608490
0.608490
0.268632
0.268632
0.369478
0.369478
0.145789
0.145789
0.386639
0.386639
0.381482
0.381482
0.129211
0.129211
0.304105
0.304105
0.165451
0.165451
0.413057
0.413057
0.303525
0.303525
0.202294
0.202294
0.165677
0.165677
0.231952
0.231952
0.532590
0.532590
0.184579
0.184579
0.257206
0.257206
0.713891
0.713891
0.324693
0.324693
0.349282
0.349282
0.263305
0.263305
0.466141
0.466141
0.259868
0.259868
0.354189
0.354189
0.808424
0.808424
0.280244
0.280244
0.288822
0.288822
0.177985
0.177985
0.174222
0.174222
0.380678
0.380678
0.166226
0.166226
0.288230
0.288230
0.127995
0.127995
0.339701
0.339701
0.261360
0.261360
0.689765
0.689765
0.343818
0.343818
0.631418
0.631418
0.526950
0.526950
0.318863
0.318863
0.234434
0.234434
0.148586
0.148586
0.221309
0.221309
0.443281
0.443281
0.213061
0.213061
0.178117
0.178117
0.502741
0.502741
0.374203
0.374203
0.704428
0.704428
0.282355
0.282355
0.563907
0.563907
0.320962
0.320962
0.423166
0.423166
0.268956
0.268956
0.104736
0.104736
0.223069
0.223069
0.215616
0.215616
0.281935
0.281935
0.549456
0.549456
0.342470
0.342470
0.543004
0.543004
0.186176
0.186176
0.221869
0.221869
0.755756
0.755756
0.375423
0.375423
0.224967
0.224967
0.108187
0.108187
0.181127
0.181127
0.407377
0.407377
0.554869
0.554869
0.296237
0.296237
0.418750
0.418750
0.445129
0.445129
0.450792
0.450792
0.361962
0.361962
0.522963
0.522963
0.335173
0.335173
0.174022
0.174022
0.569597
0.569597
0.424591
0.424591
0.793160
0.793160
0.217294
0.217294
0.546768
0.546768
0.301889
0.301889
0.774496
0.774496
0.233487
0.233487
0.303626
0.303626
0.248829
0.248829
0.424187
0.424187
0.204065
0.204065
0.387342
0.387342
0.658524
0.658524
0.342433
0.342433
0.364923
0.364923
0.241590
0.241590
0.489096
0.489096
0.516062
0.516062
0.441714
0.441714
0.290200
0.290200
0.111205
0.111205
0.279691
0.279691
0.523264
0.523264
0.463629
0.463629
0.283731
0.283731
0.597066
0.597066
0.418075
0.418075
0.240999
0.240999
0.291831
0.291831
0.400427
0.400427
0.413092
0.413092
0.282247
0.282247
0.487268
0.487268
0.386189
0.386189
0.167647
0.167647
0.209214
0.209214
0.576930
0.576930
0.101648
0.101648
0.314090
0.314090
0.218515
0.218515
0.381812
0.381812
0.535046
0.535046
0.183047
0.183047
0.438231
0.438231
0.494117
0.494117
0.220111
0.220111
0.249471
0.249471
0.303806
0.303806
0.413895
0.413895
0.269204
0.269204
0.162147
0.162147
0.221373
0.221373
0.199544
0.199544
0.282389
0.282389
0.312913
0.312913
0.446827
0.446827
0.257254
0.257254
0.472611
0.472611
0.574467
0.574467
0.261912
0.261912
0.270802
0.270802
0.410337
0.410337
0.372560
0.372560
0.358367
0.358367
0.175883
0.175883
0.331800
0.331800
0.281062
0.281062
0.403981
0.403981
0.282063
0.282063
0.170603
0.170603
0.258644
0.258644
0.158679
0.158679
0.406576
0.406576
0.443970
0.443970
0.716004
0.716004
0.223170
0.223170
0.457070
0.457070
0.501653
0.501653
0.121276
0.121276
0.168165
0.168165
0.592885
0.592885
0.505354
0.505354
0.254162
0.254162
0.226408
0.226408
0.925962
0.925962
0.240312
0.240312
0.524232
0.524232
0.283466
0.283466
0.819079
0.819079
0.254215
0.254215
0.298852
0.298852
0.279548
0.279548
0.234717
0.234717
0.374650
0.374650
0.421149
0.421149
0.359361
0.359361
0.144661
0.144661
0.236811
0.236811
0.209738
0.209738
0.210062
0.210062
0.131755
0.131755
0.239211
0.239211
0.531148
0.531148
0.213114
0.213114
0.309894
0.309894
0.229600
0.229600
0.287585
0.287585
0.229142
0.229142
0.289530
0.289530
0.224085
0.224085
0.322895
0.322895
0.335559
0.335559
0.159387
0.159387
0.257227
0.257227
0.415349
0.415349
0.240649
0.240649
0.172864
0.172864
