2.361534
2.361534
2.309998
2.309998
2.291385
2.291385
2.187383
2.187383
2.249905
2.249905
2.142858
2.142858
2.038667
2.038667
1.974026
1.974026
1.830411
1.830411
1.834366
1.834366
1.835101
1.835101
1.803061
1.803061
1.692445
1.692445
1.575208
1.575208
1.593651
1.593651
1.559969
1.559969
1.437146
1.437146
1.402524
1.402524
1.420918
1.420918
1.545340
1.545340
1.246057
1.246057
1.261170
1.261170
1.098277
1.098277
1.337411
1.337411
1.217746
1.217746
1.245082
1.245082
1.135918
1.135918
1.064305
1.064305
1.005027
1.005027
1.250817
1.250817
0.900748
0.900748
1.037074
1.037074
0.930660
0.930660
0.892423
0.892423
0.840161
0.840161
0.826100
0.826100
1.000201
1.000201
0.791234
0.791234
0.845784
0.845784
0.834136
0.834136
1.089300
1.089300
1.031046
1.031046
0.786406
0.786406
0.849938
0.849938
1.012416
1.012416
0.955031
0.955031
0.951101
0.951101
0.749395
0.749395
0.946552
0.946552
0.874625
0.874625
0.745298
0.745298
0.921718
0.921718
0.934140
0.934140
0.601126
0.601126
0.814548
0.814548
0.846164
0.846164
0.668829
0.668829
0.746300
0.746300
0.760945
0.760945
0.858907
0.858907
0.731916
0.731916
0.768426
0.768426
0.602392
0.602392
0.963098
0.963098
0.992769
0.992769
0.769755
0.769755
0.520508
0.520508
0.570358
0.570358
0.616655
0.616655
0.686235
0.686235
0.668916
0.668916
0.725829
0.725829
0.727412
0.727412
0.543070
0.543070
0.649140
0.649140
0.775166
0.775166
0.667530
0.667530
0.536160
0.536160
0.651981
0.651981
0.647158
0.647158
0.659735
0.659735
0.700014
0.700014
0.742768
0.742768
0.677316
0.677316
0.533979
0.533979
0.722791
0.722791
0.597361
0.597361
0.502276
0.502276
0.807149
0.807149
0.891095
0.891095
0.586653
0.586653
0.583214
0.583214
0.492316
0.492316
0.700292
0.700292
0.629319
0.629319
0.510249
0.510249
0.686880
0.686880
0.597653
0.597653
0.857643
0.857643
0.897690
0.897690
0.492804
0.492804
0.626860
0.626860
0.603903
0.603903
0.647902
0.647902
0.617128
0.617128
0.509531
0.509531
0.652732
0.652732
0.539875
0.539875
0.735130
0.735130
0.602121
0.602121
0.460509
0.460509
0.604743
0.604743
0.652097
0.652097
0.305082
0.305082
0.475226
0.475226
0.398913
0.398913
0.756895
0.756895
0.408651
0.408651
0.449808
0.449808
0.485896
0.485896
0.540251
0.540251
0.641030
0.641030
0.570931
0.570931
0.129206
0.129206
0.492742
0.492742
0.635859
0.635859
0.530635
0.530635
0.594851
0.594851
0.521595
0.521595
0.636257
0.636257
0.622875
0.622875
0.606970
0.606970
0.664123
0.664123
0.648295
0.648295
0.458685
0.458685
0.539366
0.539366
0.350386
0.350386
0.621939
0.621939
0.590058
0.590058
1.135211
1.135211
0.469766
0.469766
0.373399
0.373399
0.588835
0.588835
0.430405
0.430405
0.830391
0.830391
0.639663
0.639663
0.365015
0.365015
0.524451
0.524451
0.425562
0.425562
0.517123
0.517123
0.504868
0.504868
0.592137
0.592137
0.448783
0.448783
0.579466
0.579466
0.844656
0.844656
0.746599
0.746599
0.462884
0.462884
0.523304
0.523304
0.375535
0.375535
0.665306
0.665306
0.378669
0.378669
0.307393
0.307393
0.570388
0.570388
0.574398
0.574398
0.616483
0.616483
0.408389
0.408389
0.319126
0.319126
0.396393
0.396393
0.589787
0.589787
0.726290
0.726290
0.700544
0.700544
0.488578
0.488578
0.666390
0.666390
0.479127
0.479127
0.620795
0.620795
0.558565
0.558565
0.534256
0.534256
0.347151
0.347151
0.378355
0.378355
0.621415
0.621415
0.694823
0.694823
0.811316
0.811316
0.403091
0.403091
0.311141
0.311141
0.612809
0.612809
0.437730
0.437730
0.645931
0.645931
0.653452
0.653452
0.542023
0.542023
0.454260
0.454260
0.428300
0.428300
0.448665
0.448665
0.497500
0.497500
0.714231
0.714231
0.468943
0.468943
0.506408
0.506408
0.460779
0.460779
0.710553
0.710553
0.329737
0.329737
0.553639
0.553639
0.562639
0.562639
0.346636
0.346636
0.369213
0.369213
0.697213
0.697213
0.561280
0.561280
0.538015
0.538015
0.423678
0.423678
0.452535
0.452535
0.363787
0.363787
0.595414
0.595414
0.271471
0.271471
0.585105
0.585105
0.482541
0.482541
0.303446
0.303446
0.624182
0.624182
0.910320
0.910320
0.518782
0.518782
0.376515
0.376515
0.476017
0.476017
0.547352
0.547352
0.504299
0.504299
0.479349
0.479349
0.330608
0.330608
0.483367
0.483367
0.551335
0.551335
0.564915
0.564915
0.507132
0.507132
0.331702
0.331702
0.682355
0.682355
0.337415
0.337415
0.823858
0.823858
0.535434
0.535434
0.357968
0.357968
0.452509
0.452509
0.825635
0.825635
0.618750
0.618750
0.484088
0.484088
0.383434
0.383434
0.340924
0.340924
0.399651
0.399651
0.412989
0.412989
0.443850
0.443850
0.289414
0.289414
0.309230
0.309230
0.404483
0.404483
0.378440
0.378440
0.286286
0.286286
1.809093
1.809093
0.549057
0.549057
0.447514
0.447514
0.371115
0.371115
0.422422
0.422422
0.349197
0.349197
0.591636
0.591636
0.615745
0.615745
0.359157
0.359157
0.640160
0.640160
0.466915
0.466915
0.632736
0.632736
0.746806
0.746806
0.499676
0.499676
0.453808
0.453808
0.367355
0.367355
0.640285
0.640285
0.513292
0.513292
0.393050
0.393050
0.239574
0.239574
0.344979
0.344979
0.345231
0.345231
0.587780
0.587780
0.397677
0.397677
0.596439
0.596439
0.480115
0.480115
0.513917
0.513917
0.270152
0.270152
0.319794
0.319794
0.327537
0.327537
0.499525
0.499525
0.282826
0.282826
0.437015
0.437015
0.701270
0.701270
0.569679
0.569679
0.603367
0.603367
0.324760
0.324760
0.294940
0.294940
0.327359
0.327359
0.588785
0.588785
0.348809
0.348809
0.593965
0.593965
0.660881
0.660881
0.490814
0.490814
0.308273
0.308273
0.553707
0.553707
0.809259
0.809259
0.308940
0.308940
0.361202
0.361202
0.418372
0.418372
0.340071
0.340071
0.358314
0.358314
0.534992
0.534992
0.506926
0.506926
0.554253
0.554253
0.168536
0.168536
0.349568
0.349568
0.426231
0.426231
0.646464
0.646464
0.591858
0.591858
0.628942
0.628942
0.568461
0.568461
0.372159
0.372159
0.544995
0.544995
0.284807
0.284807
0.436227
0.436227
0.285914
0.285914
0.312913
0.312913
0.502225
0.502225
0.465671
0.465671
0.329535
0.329535
0.298279
0.298279
0.313049
0.313049
0.409843
0.409843
0.659336
0.659336
0.508250
0.508250
0.363229
0.363229
0.421668
0.421668
0.375019
0.375019
0.437368
0.437368
0.321240
0.321240
0.532640
0.532640
0.690111
0.690111
0.590951
0.590951
0.443978
0.443978
0.443235
0.443235
0.483598
0.483598
0.279360
0.279360
0.595047
0.595047
0.566099
0.566099
0.450036
0.450036
0.761063
0.761063
1.147802
1.147802
0.670743
0.670743
0.502529
0.502529
0.668533
0.668533
0.438970
0.438970
0.350058
0.350058
0.428911
0.428911
0.255925
0.255925
0.496637
0.496637
0.285267
0.285267
0.802118
0.802118
0.294789
0.294789
0.299167
0.299167
0.480044
0.480044
0.262376
0.262376
0.305576
0.305576
0.267989
0.267989
0.364657
0.364657
0.238237
0.238237
0.399779
0.399779
0.811278
0.811278
0.499156
0.499156
0.507172
0.507172
0.525853
0.525853
0.467897
0.467897
0.443545
0.443545
0.580928
0.580928
0.411448
0.411448
0.281937
0.281937
0.789368
0.789368
0.384523
0.384523
0.592165
0.592165
0.047566
0.047566
0.420133
0.420133
0.384560
0.384560
0.921812
0.921812
0.342454
0.342454
0.369979
0.369979
0.472559
0.472559
0.367240
0.367240
0.241426
0.241426
0.404865
0.404865
0.497615
0.497615
0.429494
0.429494
0.193628
0.193628
0.256162
0.256162
0.515519
0.515519
0.384898
0.384898
0.932304
0.932304
0.702687
0.702687
0.334413
0.334413
0.375903
0.375903
0.485448
0.485448
0.703606
0.703606
0.462308
0.462308
0.554692
0.554692
0.609784
0.609784
0.373512
0.373512
0.685803
0.685803
0.417547
0.417547
0.564775
0.564775
0.420271
0.420271
0.359765
0.359765
0.559320
0.559320
0.458287
0.458287
0.329662
0.329662
0.348241
0.348241
0.459136
0.459136
0.350883
0.350883
0.437265
0.437265
0.245840
0.245840
0.533949
0.533949
0.285654
0.285654
0.610317
0.610317
0.711160
0.711160
0.273914
0.273914
0.342572
0.342572
0.564133
0.564133
0.659740
0.659740
0.297891
0.297891
0.464891
0.464891
0.482097
0.482097
0.452162
0.452162
0.493230
0.493230
0.312457
0.312457
0.346835
0.346835
0.386229
0.386229
0.312649
0.312649
0.556197
0.556197
0.444622
0.444622
0.561689
0.561689
0.306324
0.306324
0.503514
0.503514
0.492038
0.492038
0.378443
0.378443
0.604006
0.604006
0.319336
0.319336
0.306399
0.306399
0.601232
0.601232
0.451379
0.451379
0.266901
0.266901
0.324683
0.324683
0.201625
0.201625
0.550682
0.550682
0.390251
0.390251
0.318647
0.318647
0.503328
0.503328
0.419757
0.419757
0.552404
0.552404
0.353381
0.353381
0.219112
0.219112
0.633416
0.633416
0.570705
0.570705
0.262833
0.262833
0.357252
0.357252
0.368873
0.368873
0.294658
0.294658
0.364176
0.364176
0.624440
0.624440
0.272606
0.272606
0.419338
0.419338
0.456433
0.456433
0.793176
0.793176
0.468844
0.468844
0.335326
0.335326
0.508999
0.508999
0.256211
0.256211
0.384401
0.384401
0.470558
0.470558
0.268543
0.268543
0.584544
0.584544
0.433371
0.433371
0.301699
0.301699
0.347499
0.347499
0.495524
0.495524
0.253655
0.253655
0.680901
0.680901
0.409569
0.409569
0.288854
0.288854
0.325480
0.325480
0.587874
0.587874
0.467376
0.467376
0.316178
0.316178
0.496278
0.496278
0.420410
0.420410
0.743113
0.743113
0.455997
0.455997
0.413189
0.413189
0.555732
0.555732
0.408479
0.408479
0.318089
0.318089
0.504227
0.504227
0.437644
0.437644
0.314157
0.314157
0.494731
0.494731
0.454787
0.454787
0.064601
0.064601
0.536338
0.536338
0.352379
0.352379
0.449169
0.449169
0.414404
0.414404
0.328410
0.328410
0.320054
0.320054
0.315081
0.315081
0.319573
0.319573
0.272778
0.272778
0.595937
0.595937
0.676627
0.676627
0.510571
0.510571
0.192742
0.192742
0.421753
0.421753
0.587947
0.587947
0.320986
0.320986
0.582701
0.582701
0.435133
0.435133
0.697687
0.697687
0.505275
0.505275
0.641313
0.641313
0.353860
0.353860
0.440324
0.440324
0.600183
0.600183
0.274054
0.274054
0.267457
0.267457
0.501173
0.501173
0.825040
0.825040
0.295505
0.295505
0.333958
0.333958
0.497631
0.497631
0.885775
0.885775
0.240119
0.240119
0.381852
0.381852
0.556519
0.556519
0.401304
0.401304
0.463458
0.463458
0.227387
0.227387
0.284204
0.284204
0.553154
0.553154
0.468057
0.468057
0.563312
0.563312
0.381846
0.381846
0.579834
0.579834
0.331235
0.331235
0.370174
0.370174
0.206323
0.206323
0.476767
0.476767
0.304737
0.304737
0.493957
0.493957
0.195960
0.195960
0.323743
0.323743
0.344483
0.344483
0.376063
0.376063
0.328635
0.328635
0.613542
0.613542
0.296281
0.296281
0.390650
0.390650
0.380922
0.380922
0.334452
0.334452
0.219271
0.219271
0.580307
0.580307
0.388607
0.388607
0.470248
0.470248
0.548479
0.548479
0.416182
0.416182
0.227448
0.227448
0.389765
0.389765
0.539646
0.539646
0.609733
0.609733
0.273265
0.273265
0.371471
0.371471
0.503532
0.503532
0.511141
0.511141
0.308354
0.308354
0.521113
0.521113
0.434654
0.434654
0.365990
0.365990
0.275687
0.275687
0.520868
0.520868
0.309110
0.309110
0.500293
0.500293
0.641920
0.641920
0.226461
0.226461
0.250868
0.250868
0.390873
0.390873
0.399335
0.399335
0.194029
0.194029
0.461362
0.461362
0.467347
0.467347
0.472664
0.472664
0.189345
0.189345
0.404993
0.404993
0.369461
0.369461
0.913105
0.913105
0.488303
0.488303
0.492023
0.492023
0.495794
0.495794
0.301931
0.301931
0.314542
0.314542
0.406435
0.406435
0.235794
0.235794
0.378188
0.378188
0.465392
0.465392
0.597523
0.597523
0.355199
0.355199
0.201135
0.201135
0.290192
0.290192
0.563553
0.563553
0.311794
0.311794
0.170476
0.170476
0.318199
0.318199
0.213390
0.213390
0.774919
0.774919
0.248554
0.248554
0.458802
0.458802
0.319935
0.319935
0.313079
0.313079
0.554525
0.554525
0.500644
0.500644
0.683056
0.683056
0.264452
0.264452
0.341967
0.341967
0.062784
0.062784
0.418557
0.418557
0.423617
0.423617
0.440849
0.440849
0.412728
0.412728
0.487191
0.487191
0.647867
0.647867
0.829546
0.829546
0.260904
0.260904
0.518637
0.518637
0.445192
0.445192
0.286415
0.286415
0.256599
0.256599
0.483116
0.483116
0.441658
0.441658
0.443868
0.443868
0.471651
0.471651
0.300499
0.300499
0.384378
0.384378
0.535396
0.535396
0.685838
0.685838
0.691180
0.691180
0.595723
0.595723
0.658739
0.658739
0.537542
0.537542
0.524910
0.524910
0.354598
0.354598
0.231586
0.231586
0.574851
0.574851
0.428082
0.428082
0.350685
0.350685
0.198125
0.198125
0.219483
0.219483
0.536066
0.536066
0.304483
0.304483
0.236115
0.236115
0.303712
0.303712
0.353913
0.353913
0.564301
0.564301
0.314059
0.314059
0.540682
0.540682
0.427136
0.427136
0.301610
0.301610
0.476286
0.476286
0.490706
0.490706
0.255297
0.255297
0.451926
0.451926
0.587040
0.587040
0.479464
0.479464
0.149357
0.149357
0.524256
0.524256
0.306645
0.306645
0.330064
0.330064
0.494410
0.494410
0.343493
0.343493
0.347708
0.347708
0.541119
0.541119
0.258862
0.258862
0.202329
0.202329
0.444580
0.444580
0.534311
0.534311
0.375024
0.375024
0.590951
0.590951
0.341791
0.341791
0.426069
0.426069
0.586775
0.586775
0.317652
0.317652
0.773361
0.773361
0.411522
0.411522
0.506244
0.506244
0.555175
0.555175
0.326642
0.326642
0.514825
0.514825
0.382271
0.382271
0.235802
0.235802
0.199954
0.199954
0.318898
0.318898
0.241981
0.241981
0.425407
0.425407
0.316595
0.316595
0.505223
0.505223
0.380089
0.380089
0.614127
0.614127
0.437341
0.437341
0.480124
0.480124
0.379958
0.379958
0.301040
0.301040
0.296046
0.296046
0.324495
0.324495
0.228955
0.228955
0.479888
0.479888
0.232497
0.232497
0.277116
0.277116
0.219583
0.219583
0.377676
0.377676
0.315153
0.315153
0.505175
0.505175
0.366968
0.366968
0.431469
0.431469
0.256874
0.256874
0.268088
0.268088
0.334904
0.334904
0.244808
0.244808
0.480373
0.480373
0.265320
0.265320
0.362911
0.362911
0.492377
0.492377
0.212584
0.212584
0.472677
0.472677
0.478652
0.478652
0.238853
0.238853
0.371873
0.371873
0.643864
0.643864
0.306418
0.306418
0.302309
0.302309
0.449196
0.449196
0.267264
0.267264
0.483934
0.483934
0.443760
0.443760
0.516514
0.516514
0.244906
0.244906
0.379620
0.379620
0.401859
0.401859
0.307480
0.307480
0.238438
0.238438
0.471965
0.471965
0.624876
0.624876
0.610407
0.610407
0.489903
0.489903
0.665514
0.665514
0.215839
0.215839
0.591969
0.591969
0.294882
0.294882
0.381922
0.381922
0.343949
0.343949
0.254382
0.254382
0.395456
0.395456
0.422771
0.422771
0.369172
0.369172
0.551493
0.551493
0.318426
0.318426
0.485914
0.485914
0.266095
0.266095
0.267141
0.267141
0.159714
0.159714
0.178179
0.178179
0.553022
0.553022
0.249216
0.249216
0.322307
0.322307
0.201188
0.201188
0.353709
0.353709
0.291049
0.291049
0.230171
0.230171
0.398464
0.398464
0.404646
0.404646
0.332209
0.332209
0.437670
0.437670
0.202025
0.202025
0.297247
0.297247
0.431183
0.431183
0.378312
0.378312
0.322971
0.322971
0.224968
0.224968
0.561034
0.561034
0.306171
0.306171
0.683019
0.683019
0.291501
0.291501
0.525008
0.525008
0.340071
0.340071
0.186671
0.186671
0.473538
0.473538
0.404525
0.404525
0.245465
0.245465
0.388203
0.388203
0.625133
0.625133
0.480892
0.480892
0.328279
0.328279
0.322556
0.322556
0.317747
0.317747
0.368937
0.368937
0.466191
0.466191
0.802663
0.802663
0.490687
0.490687
0.327671
0.327671
0.314656
0.314656
0.316548
0.316548
0.356359
0.356359
0.385779
0.385779
0.278251
0.278251
0.380074
0.380074
0.604373
0.604373
0.536636
0.536636
0.626158
0.626158
0.291920
0.291920
0.269776
0.269776
0.331259
0.331259
0.365371
0.365371
0.424851
0.424851
0.430004
0.430004
0.359301
0.359301
0.186627
0.186627
0.552745
0.552745
0.284218
0.284218
0.242130
0.242130
0.229505
0.229505
0.379375
0.379375
0.240032
0.240032
0.370313
0.370313
0.398106
0.398106
0.376377
0.376377
0.464681
0.464681
0.470575
0.470575
0.738921
0.738921
0.289312
0.289312
0.557378
0.557378
0.473188
0.473188
0.220290
0.220290
0.362972
0.362972
0.344900
0.344900
0.436472
0.436472
0.324552
0.324552
0.459090
0.459090
0.629640
0.629640
0.361415
0.361415
0.274589
0.274589
0.197954
0.197954
0.374990
0.374990
0.504596
0.504596
0.449989
0.449989
0.356061
0.356061
0.298158
0.298158
0.383033
0.383033
0.265646
0.265646
0.511561
0.511561
0.332705
0.332705
0.356364
0.356364
0.668063
0.668063
0.302200
0.302200
0.179043
0.179043
0.423276
0.423276
0.408796
0.408796
0.676449
0.676449
0.836141
0.836141
0.602890
0.602890
0.406305
0.406305
0.219922
0.219922
0.407920
0.407920
0.409504
0.409504
0.082359
0.082359
0.146373
0.146373
0.412355
0.412355
0.610657
0.610657
0.202643
0.202643
0.527686
0.527686
0.572418
0.572418
0.503080
0.503080
0.303513
0.303513
0.687122
0.687122
0.164763
0.164763
0.337547
0.337547
0.215382
0.215382
0.420503
0.420503
0.489130
0.489130
0.211450
0.211450
0.409021
0.409021
0.167056
0.167056
0.362025
0.362025
0.250011
0.250011
0.721240
0.721240
0.428000
0.428000
0.378451
0.378451
0.432053
0.432053
0.507385
0.507385
0.474325
0.474325
0.239889
0.239889
0.615531
0.615531
0.485291
0.485291
0.335492
0.335492
0.409960
0.409960
0.368108
0.368108
0.252486
0.252486
0.271169
0.271169
0.192145
0.192145
0.290041
0.290041
0.551015
0.551015
0.316644
0.316644
0.496476
0.496476
0.534243
0.534243
0.527060
0.527060
0.688107
0.688107
0.292134
0.292134
0.375528
0.375528
0.341988
0.341988
0.195828
0.195828
0.198234
0.198234
0.237489
0.237489
0.817373
0.817373
0.435011
0.435011
0.168981
0.168981
0.299457
0.299457
0.393582
0.393582
0.390269
0.390269
0.305309
0.305309
0.547202
0.547202
0.247816
0.247816
0.361197
0.361197
0.363780
0.363780
0.380891
0.380891
0.256974
0.256974
0.371391
0.371391
0.390810
0.390810
0.230982
0.230982
0.248136
0.248136
0.541486
0.541486
0.814457
0.814457
0.201987
0.201987
0.437564
0.437564
0.430747
0.430747
0.538764
0.538764
0.286535
0.286535
0.353510
0.353510
0.344927
0.344927
0.390872
0.390872
0.362577
0.362577
0.429064
0.429064
0.530927
0.530927
0.484907
0.484907
0.177340
0.177340
0.408974
0.408974
0.320915
0.320915
0.329654
0.329654
0.547317
0.547317
0.432532
0.432532
0.290427
0.290427
0.359646
0.359646
0.365639
0.365639
0.221123
0.221123
0.377673
0.377673
0.230577
0.230577
0.170012
0.170012
0.309092
0.309092
0.491438
0.491438
0.298015
0.298015
0.279309
0.279309
0.683916
0.683916
0.323468
0.323468
0.280695
0.280695
0.237611
0.237611
0.385950
0.385950
0.412169
0.412169
0.615939
0.615939
0.784318
0.784318
0.469465
0.469465
0.221355
0.221355
0.301246
0.301246
0.410430
0.410430
0.215480
0.215480
0.369461
0.369461
0.420260
0.420260
0.249264
0.249264
0.367676
0.367676
0.488534
0.488534
0.584415
0.584415
0.426911
0.426911
0.194513
0.194513
0.379057
0.379057
0.326004
0.326004
0.266162
0.266162
0.808501
0.808501
0.389119
0.389119
0.327408
0.327408
0.330521
0.330521
2.045714
2.045714
0.173783
0.173783
0.419783
0.419783
0.606979
0.606979
0.634640
0.634640
0.245772
0.245772
0.368058
0.368058
0.294588
0.294588
0.319175
0.319175
0.552261
0.552261
0.251954
0.251954
0.410197
0.410197
0.406021
0.406021
0.601028
0.601028
0.311660
0.311660
0.352810
0.352810
0.282186
0.282186
0.592505
0.592505
0.312474
0.312474
0.495187
0.495187
0.403970
0.403970
0.273900
0.273900
0.442691
0.442691
0.317271
0.317271
0.514518
0.514518
0.619159
0.619159
0.291492
0.291492
0.291442
0.291442
0.288649
0.288649
0.208354
0.208354
0.454970
0.454970
0.339268
0.339268
0.389029
0.389029
0.217309
0.217309
0.333825
0.333825
0.398956
0.398956
0.288535
0.288535
0.575062
0.575062
0.414707
0.414707
0.320157
0.320157
0.267365
0.267365
0.275298
0.275298
0.259081
0.259081
0.925826
0.925826
0.411104
0.411104
0.139730
0.139730
0.235247
0.235247
0.541820
0.541820
0.573111
0.573111
0.606748
0.606748
0.350136
0.350136
0.334137
0.334137
0.477412
0.477412
0.331614
0.331614
0.730727
0.730727
0.172802
0.172802
0.187026
0.187026
0.328555
0.328555
0.457653
0.457653
0.262356
0.262356
0.294025
0.294025
0.701261
0.701261
0.168009
0.168009
0.256052
0.256052
0.492481
0.492481
0.400202
0.400202
0.232376
0.232376
0.377681
0.377681
0.442722
0.442722
0.568807
0.568807
0.230286
0.230286
0.346511
0.346511
0.347314
0.347314
0.271286
0.271286
0.243166
0.243166
0.365416
0.365416
0.328481
0.328481
0.400807
0.400807
0.476773
0.476773
0.351158
0.351158
0.444959
0.444959
0.721780
0.721780
0.152852
0.152852
0.429910
0.429910
0.424812
0.424812
0.418657
0.418657
0.265425
0.265425
0.277173
0.277173
0.320602
0.320602
0.316016
0.316016
0.342438
0.342438
0.406766
0.406766
0.297080
0.297080
0.359532
0.359532
0.422548
0.422548
0.238249
0.238249
0.217809
0.217809
0.153714
0.153714
0.275667
0.275667
0.259321
0.259321
0.215457
0.215457
0.298854
0.298854
0.416255
0.416255
0.624566
0.624566
0.404734
0.404734
0.439433
0.439433
0.440949
0.440949
0.182547
0.182547
0.354613
0.354613
0.297674
0.297674
0.396645
0.396645
0.339576
0.339576
0.511559
0.511559
0.304566
0.304566
0.582618
0.582618
0.462697
0.462697
0.515896
0.515896
0.378295
0.378295
0.280143
0.280143
0.231331
0.231331
0.319867
0.319867
0.337148
0.337148
0.308895
0.308895
0.450244
0.450244
1.386292
1.386292
0.377095
0.377095
0.287931
0.287931
0.310468
0.310468
0.777941
0.777941
0.499602
0.499602
0.335575
0.335575
0.421807
0.421807
0.504824
0.504824
0.184795
0.184795
0.502546
0.502546
0.273344
0.273344
0.198364
0.198364
0.387800
0.387800
0.500270
0.500270
0.255884
0.255884
0.389356
0.389356
0.681184
0.681184
0.259924
0.259924
0.378812
0.378812
0.209348
0.209348
0.390968
0.390968
0.240016
0.240016
0.552274
0.552274
0.451874
0.451874
0.355824
0.355824
0.345088
0.345088
0.435592
0.435592
0.352184
0.352184
0.296156
0.296156
0.460804
0.460804
0.360972
0.360972
0.540412
0.540412
0.506374
0.506374
0.627298
0.627298
0.228611
0.228611
0.319495
0.319495
0.272228
0.272228
0.253525
0.253525
0.302990
0.302990
0.477878
0.477878
0.470888
0.470888
0.417886
0.417886
0.436613
0.436613
0.250220
0.250220
0.252024
0.252024
0.350068
0.350068
0.151438
0.151438
0.740666
0.740666
0.235869
0.235869
0.627940
0.627940
0.231687
0.231687
0.357196
0.357196
0.247594
0.247594
0.264041
0.264041
0.301245
0.301245
0.596715
0.596715
0.445446
0.445446
0.223610
0.223610
0.655275
0.655275
0.347836
0.347836
0.312456
0.312456
0.485324
0.485324
0.295635
0.295635
0.352437
0.352437
0.435090
0.435090
0.370751
0.370751
0.541122
0.541122
0.363303
0.363303
0.394920
0.394920
0.268548
0.268548
0.186665
0.186665
0.461122
0.461122
0.373514
0.373514
0.589640
0.589640
0.217479
0.217479
0.290632
0.290632
0.402610
0.402610
0.116834
0.116834
0.188402
0.188402
0.331750
0.331750
0.481889
0.481889
0.267410
0.267410
0.193050
0.193050
0.388458
0.388458
0.348397
0.348397
0.234136
0.234136
0.489969
0.489969
0.585740
0.585740
0.218219
0.218219
0.127171
0.127171
0.283123
0.283123
0.182393
0.182393
0.376764
0.376764
0.331728
0.331728
0.355476
0.355476
0.456542
0.456542
0.166147
0.166147
0.585329
0.585329
0.264323
0.264323
0.221885
0.221885
0.361828
0.361828
0.508990
0.508990
0.297574
0.297574
0.287893
0.287893
0.353426
0.353426
0.571276
0.571276
0.143795
0.143795
0.340190
0.340190
0.516415
0.516415
0.221669
0.221669
0.325082
0.325082
0.414542
0.414542
0.562273
0.562273
0.620065
0.620065
0.319640
0.319640
0.300109
0.300109
0.436762
0.436762
0.444639
0.444639
0.385405
0.385405
0.644494
0.644494
0.172909
0.172909
0.226943
0.226943
0.433147
0.433147
0.127147
0.127147
0.360576
0.360576
0.130460
0.130460
0.968265
0.968265
0.211860
0.211860
0.387765
0.387765
0.252303
0.252303
0.269367
0.269367
0.211229
0.211229
0.281156
0.281156
0.497232
0.497232
0.176633
0.176633
0.551984
0.551984
0.485469
0.485469
0.340929
0.340929
0.211127
0.211127
0.369354
0.369354
0.331378
0.331378
0.316002
0.316002
0.190555
0.190555
0.396020
0.396020
0.239864
0.239864
0.315392
0.315392
0.201600
0.201600
0.201804
0.201804
0.354336
0.354336
0.298609
0.298609
0.535824
0.535824
0.240070
0.240070
0.233060
0.233060
0.409466
0.409466
0.460262
0.460262
0.713071
0.713071
0.602435
0.602435
0.260290
0.260290
0.672896
0.672896
0.291181
0.291181
0.266014
0.266014
0.289609
0.289609
0.371464
0.371464
0.454102
0.454102
0.311543
0.311543
0.265108
0.265108
0.521782
0.521782
0.221922
0.221922
0.423692
0.423692
0.300237
0.300237
0.243305
0.243305
0.243451
0.243451
0.260598
0.260598
0.531565
0.531565
0.306727
0.306727
0.380685
0.380685
0.328792
0.328792
0.275909
0.275909
0.249969
0.249969
0.313634
0.313634
0.396849
0.396849
0.623669
0.623669
0.415571
0.415571
0.675548
0.675548
0.257160
0.257160
0.240485
0.240485
0.180667
0.180667
0.245207
0.245207
0.322440
0.322440
0.398007
0.398007
0.315416
0.315416
0.190527
0.190527
0.249348
0.249348
0.299387
0.299387
0.385884
0.385884
0.448250
0.448250
0.135829
0.135829
0.254770
0.254770
0.306053
0.306053
0.324940
0.324940
0.456968
0.456968
0.238093
0.238093
0.368932
0.368932
0.789870
0.789870
0.582516
0.582516
0.346765
0.346765
0.342448
0.342448
0.279757
0.279757
0.153998
0.153998
0.217164
0.217164
0.358356
0.358356
0.300732
0.300732
0.531453
0.531453
0.434409
0.434409
0.473491
0.473491
0.329756
0.329756
0.276716
0.276716
0.523945
0.523945
0.332576
0.332576
0.620503
0.620503
0.575679
0.575679
0.267129
0.267129
0.641259
0.641259
0.175278
0.175278
0.834423
0.834423
0.665042
0.665042
0.273598
0.273598
0.656348
0.656348
0.727627
0.727627
0.260303
0.260303
0.533390
0.533390
0.405410
0.405410
0.233851
0.233851
0.430890
0.430890
0.273585
0.273585
0.252594
0.252594
0.279418
0.279418
0.346386
0.346386
0.478173
0.478173
0.504096
0.504096
0.451844
0.451844
0.359175
0.359175
0.252579
0.252579
0.507261
0.507261
0.369512
0.369512
0.339754
0.339754
0.244403
0.244403
0.489771
0.489771
0.248967
0.248967
0.224839
0.224839
0.129226
0.129226
0.124106
0.124106
0.275520
0.275520
0.297402
0.297402
0.375931
0.375931
0.376505
0.376505
0.408342
0.408342
0.710719
0.710719
0.739726
0.739726
0.449337
0.449337
0.714017
0.714017
0.211695
0.211695
0.574230
0.574230
0.260403
0.260403
0.250631
0.250631
0.386650
0.386650
0.441817
0.441817
0.427251
0.427251
0.193036
0.193036
0.181678
0.181678
0.263398
0.263398
0.225198
0.225198
0.464709
0.464709
0.475806
0.475806
0.220834
0.220834
0.251887
0.251887
0.422199
0.422199
0.207725
0.207725
0.146570
0.146570
0.307419
0.307419
0.322085
0.322085
0.331120
0.331120
0.266895
0.266895
0.156537
0.156537
0.374532
0.374532
0.332092
0.332092
0.505975
0.505975
0.299750
0.299750
0.269317
0.269317
0.433308
0.433308
0.306974
0.306974
0.399159
0.399159
0.472172
0.472172
0.184375
0.184375
0.206576
0.206576
0.213704
0.213704
0.332733
0.332733
0.179976
0.179976
0.284337
0.284337
0.452024
0.452024
0.484201
0.484201
0.428788
0.428788
0.310191
0.310191
0.305069
0.305069
0.213601
0.213601
0.499736
0.499736
0.234842
0.234842
0.404266
0.404266
0.300834
0.300834
0.439131
0.439131
0.550081
0.550081
0.165848
0.165848
0.142938
0.142938
0.461053
0.461053
0.181856
0.181856
0.262390
0.262390
0.599668
0.599668
0.438468
0.438468
0.375708
0.375708
0.573132
0.573132
0.331855
0.331855
0.221874
0.221874
0.222833
0.222833
0.443053
0.443053
0.321705
0.321705
0.304265
0.304265
0.218134
0.218134
0.525331
0.525331
0.535331
0.535331
0.592572
0.592572
0.505537
0.505537
0.391487
0.391487
0.371717
0.371717
0.212250
0.212250
0.320000
0.320000
0.527712
0.527712
0.406225
0.406225
0.291307
0.291307
0.462456
0.462456
0.127022
0.127022
0.508569
0.508569
0.374058
0.374058
0.420790
0.420790
0.301140
0.301140
0.472462
0.472462
0.574778
0.574778
0.645341
0.645341
0.258511
0.258511
0.371162
0.371162
0.196546
0.196546
0.181950
0.181950
0.517154
0.517154
0.632006
0.632006
0.511038
0.511038
0.407055
0.407055
0.505872
0.505872
0.230398
0.230398
0.319051
0.319051
0.710622
0.710622
0.198296
0.198296
0.449183
0.449183
0.435600
0.435600
0.337423
0.337423
0.294053
0.294053
0.210299
0.210299
0.412106
0.412106
0.407699
0.407699
0.192293
0.192293
0.330154
0.330154
0.605131
0.605131
0.147309
0.147309
0.192003
0.192003
0.593873
0.593873
0.180203
0.180203
0.401031
0.401031
0.180111
0.180111
0.256884
0.256884
0.240380
0.240380
0.345300
0.345300
0.257770
0.257770
0.210514
0.210514
0.447418
0.447418
0.272520
0.272520
0.395002
0.395002
0.206647
0.206647
0.265689
0.265689
0.444739
0.444739
0.568391
0.568391
0.386383
0.386383
0.410006
0.410006
0.418333
0.418333
0.254436
0.254436
0.241151
0.241151
0.412890
0.412890
0.376997
0.376997
0.253838
0.253838
0.451656
0.451656
0.390484
0.390484
0.361045
0.361045
0.649276
0.649276
0.270960
0.270960
0.224660
0.224660
0.260992
0.260992
0.239716
0.239716
0.393528
0.393528
0.865615
0.865615
0.284071
0.284071
0.242915
0.242915
0.351112
0.351112
0.141719
0.141719
0.292417
0.292417
0.362052
0.362052
0.579803
0.579803
0.442033
0.442033
0.425113
0.425113
0.510759
0.510759
0.239377
0.239377
0.242846
0.242846
0.427896
0.427896
0.426663
0.426663
0.309734
0.309734
0.198484
0.198484
0.210719
0.210719
0.248819
0.248819
0.337050
0.337050
0.592528
0.592528
0.418189
0.418189
0.814906
0.814906
0.573835
0.573835
0.153722
0.153722
0.329523
0.329523
0.242325
0.242325
0.418318
0.418318
0.575239
0.575239
0.183449
0.183449
0.281518
0.281518
0.168300
0.168300
0.431749
0.431749
0.205953
0.205953
0.390260
0.390260
0.297353
0.297353
0.381863
0.381863
0.704210
0.704210
0.763951
0.763951
0.285250
0.285250
0.638615
0.638615
0.594759
0.594759
0.293604
0.293604
0.270985
0.270985
0.363467
0.363467
0.306238
0.306238
0.188566
0.188566
0.105562
0.105562
0.234929
0.234929
0.510841
0.510841
0.206488
0.206488
0.241267
0.241267
0.737480
0.737480
0.423349
0.423349
0.297279
0.297279
0.434456
0.434456
0.458080
0.458080
0.178601
0.178601
0.303931
0.303931
0.216851
0.216851
0.363799
0.363799
0.210062
0.210062
0.155582
0.155582
0.352045
0.352045
0.368845
0.368845
0.147909
0.147909
0.128228
0.128228
0.415846
0.415846
0.340878
0.340878
0.214625
0.214625
0.510267
0.510267
0.147169
0.147169
0.470820
0.470820
0.492922
0.492922
0.350732
0.350732
0.146617
0.146617
0.266188
0.266188
0.348437
0.348437
0.493576
0.493576
0.534698
0.534698
0.331738
0.331738
0.313483
0.313483
0.244790
0.244790
0.400576
0.400576
0.193701
0.193701
0.395889
0.395889
0.376839
0.376839
0.537873
0.537873
0.362413
0.362413
0.442063
0.442063
2.156264
2.156264
0.270953
0.270953
0.307232
0.307232
0.313380
0.313380
0.281481
0.281481
0.171211
0.171211
0.269574
0.269574
0.137098
0.137098
0.301620
0.301620
0.242256
0.242256
0.336450
0.336450
0.596452
0.596452
0.398171
0.398171
0.424222
0.424222
0.563122
0.563122
0.297225
0.297225
0.652958
0.652958
0.283548
0.283548
0.315696
0.315696
0.370110
0.370110
0.451576
0.451576
0.391574
0.391574
0.361419
0.361419
0.223417
0.223417
0.334010
0.334010
0.402377
0.402377
0.153933
0.153933
0.358102
0.358102
0.282543
0.282543
0.301206
0.301206
0.206396
0.206396
0.275626
0.275626
0.324135
0.324135
0.374731
0.374731
0.219492
0.219492
0.537064
0.537064
0.193922
0.193922
0.181885
0.181885
0.191142
0.191142
0.787410
0.787410
0.245131
0.245131
0.214297
0.214297
0.374597
0.374597
0.295843
0.295843
0.247348
0.247348
0.557484
0.557484
0.213608
0.213608
0.479138
0.479138
0.416267
0.416267
0.333052
0.333052
0.713755
0.713755
0.129611
0.129611
0.556145
0.556145
0.414681
0.414681
0.334741
0.334741
0.370818
0.370818
0.472107
0.472107
0.374121
0.374121
0.503315
0.503315
0.165960
0.165960
0.364471
0.364471
0.427600
0.427600
0.172934
0.172934
0.271758
0.271758
0.246430
0.246430
0.151305
0.151305
0.371465
0.371465
0.374946
0.374946
0.438141
0.438141
0.358713
0.358713
0.195586
0.195586
0.473524
0.473524
0.346472
0.346472
0.309107
0.309107
0.234575
0.234575
0.365499
0.365499
0.427088
0.427088
0.268414
0.268414
0.225560
0.225560
0.443104
0.443104
0.568307
0.568307
0.459585
0.459585
0.351638
0.351638
0.234829
0.234829
0.475412
0.475412
0.318432
0.318432
0.286937
0.286937
0.328989
0.328989
0.536036
0.536036
0.301317
0.301317
0.226642
0.226642
0.245229
0.245229
0.405824
0.405824
0.326573
0.326573
0.612686
0.612686
0.269309
0.269309
0.669736
0.669736
0.356767
0.356767
0.192697
0.192697
0.344649
0.344649
0.378213
0.378213
0.441029
0.441029
0.262082
0.262082
0.485422
0.485422
0.447166
0.447166
0.356303
0.356303
0.146917
0.146917
0.355322
0.355322
0.257725
0.257725
0.790521
0.790521
0.394759
0.394759
0.411827
0.411827
0.366899
0.366899
0.267449
0.267449
0.456331
0.456331
0.291740
0.291740
0.401030
0.401030
0.304386
0.304386
0.374440
0.374440
0.278559
0.278559
0.250539
0.250539
0.567220
0.567220
0.368524
0.368524
0.214645
0.214645
3.087853
3.087853
0.314597
0.314597
0.238572
0.238572
0.431246
0.431246
0.367118
0.367118
0.381262
0.381262
0.281272
0.281272
0.354498
0.354498
0.408513
0.408513
0.222255
0.222255
0.242219
0.242219
0.224132
0.224132
0.247025
0.247025
0.231993
0.231993
0.569660
0.569660
0.370574
0.370574
0.317058
0.317058
0.672049
0.672049
0.250285
0.250285
0.366963
0.366963
0.345826
0.345826
0.400312
0.400312
0.346155
0.346155
0.244939
0.244939
0.473879
0.473879
0.258331
0.258331
0.365917
0.365917
0.610019
0.610019
0.168177
0.168177
0.291228
0.291228
0.381676
0.381676
0.276165
0.276165
0.379415
0.379415
0.590075
0.590075
0.572433
0.572433
0.154455
0.154455
0.563289
0.563289
0.104788
0.104788
0.681670
0.681670
0.260728
0.260728
0.494248
0.494248
0.282490
0.282490
0.375044
0.375044
0.370298
0.370298
0.245178
0.245178
0.349753
0.349753
0.347391
0.347391
0.760979
0.760979
0.220401
0.220401
0.264458
0.264458
0.421134
0.421134
0.335021
0.335021
0.562889
0.562889
0.200858
0.200858
0.326062
0.326062
0.495477
0.495477
0.209498
0.209498
0.436079
0.436079
1.017985
1.017985
0.255526
0.255526
0.582902
0.582902
0.220170
0.220170
0.373904
0.373904
0.453144
0.453144
0.577670
0.577670
0.312776
0.312776
0.303881
0.303881
0.298971
0.298971
0.561632
0.561632
0.434030
0.434030
0.297130
0.297130
0.324811
0.324811
0.137339
0.137339
0.208846
0.208846
0.145708
0.145708
0.268693
0.268693
0.150290
0.150290
0.274689
0.274689
0.324062
0.324062
0.483366
0.483366
0.347759
0.347759
0.165319
0.165319
0.185387
0.185387
0.346800
0.346800
0.169260
0.169260
0.227508
0.227508
0.512156
0.512156
0.538980
0.538980
0.409317
0.409317
0.312834
0.312834
0.279151
0.279151
0.275190
0.275190
0.254815
0.254815
0.256717
0.256717
0.442743
0.442743
0.234938
0.234938
0.354421
0.354421
0.514919
0.514919
0.205713
0.205713
0.421567
0.421567
0.285025
0.285025
0.227448
0.227448
0.306490
0.306490
0.374604
0.374604
0.197393
0.197393
0.254592
0.254592
0.171114
0.171114
0.310360
0.310360
0.415038
0.415038
0.348020
0.348020
0.223014
0.223014
0.457208
0.457208
0.294506
0.294506
0.266243
0.266243
0.175479
0.175479
0.308881
0.308881
0.139170
0.139170
0.711503
0.711503
0.615498
0.615498
0.240391
0.240391
0.223247
0.223247
0.253000
0.253000
0.392984
0.392984
0.236313
0.236313
0.190854
0.190854
0.601891
0.601891
0.214868
0.214868
0.415946
0.415946
0.267507
0.267507
0.233865
0.233865
0.365315
0.365315
0.521938
0.521938
0.340644
0.340644
0.345133
0.345133
0.259126
0.259126
0.444265
0.444265
0.242123
0.242123
0.334845
0.334845
0.413483
0.413483
0.185563
0.185563
0.339772
0.339772
0.220584
0.220584
0.305256
0.305256
0.439655
0.439655
0.427199
0.427199
0.681372
0.681372
0.284971
0.284971
0.424747
0.424747
0.333507
0.333507
0.282821
0.282821
0.205364
0.205364
0.361852
0.361852
0.270312
0.270312
0.303591
0.303591
0.269247
0.269247
0.326694
0.326694
0.295265
0.295265
0.585325
0.585325
0.298537
0.298537
0.491438
0.491438
0.270686
0.270686
0.326701
0.326701
0.212282
0.212282
0.180678
0.180678
0.415798
0.415798
0.302233
0.302233
0.401894
0.401894
0.248462
0.248462
0.202652
0.202652
0.565167
0.565167
0.358368
0.358368
0.339337
0.339337
0.165194
0.165194
0.512681
0.512681
0.292199
0.292199
0.398332
0.398332
0.201959
0.201959
0.152054
0.152054
0.227528
0.227528
0.190241
0.190241
0.454772
0.454772
0.352852
0.352852
0.419564
0.419564
0.366100
0.366100
0.461433
0.461433
0.426256
0.426256
0.201561
0.201561
0.474101
0.474101
0.477344
0.477344
0.413473
0.413473
0.253883
0.253883
0.200220
0.200220
0.393090
0.393090
0.347402
0.347402
0.412086
0.412086
0.317880
0.317880
0.182876
0.182876
0.803069
0.803069
0.285438
0.285438
0.385917
0.385917
0.185898
0.185898
0.249260
0.249260
0.397553
0.397553
0.148630
0.148630
0.324530
0.324530
0.322893
0.322893
0.336604
0.336604
0.306202
0.306202
0.667765
0.667765
0.257759
0.257759
0.144806
0.144806
0.319921
0.319921
0.268961
0.268961
0.276872
0.276872
0.382998
0.382998
0.417922
0.417922
0.504343
0.504343
0.524599
0.524599
0.172794
0.172794
0.337535
0.337535
0.267328
0.267328
0.413208
0.413208
0.507607
0.507607
0.157303
0.157303
0.360507
0.360507
0.430129
0.430129
0.187307
0.187307
0.510375
0.510375
0.729532
0.729532
0.296238
0.296238
0.339718
0.339718
0.263291
0.263291
0.323435
0.323435
0.171096
0.171096
0.362931
0.362931
0.349729
0.349729
0.588779
0.588779
0.662672
0.662672
0.428978
0.428978
0.324784
0.324784
0.291018
0.291018
0.501392
0.501392
0.394471
0.394471
0.442613
0.442613
0.270519
0.270519
0.139735
0.139735
0.224850
0.224850
0.228368
0.228368
0.080208
0.080208
0.267069
0.267069
0.322714
0.322714
0.155024
0.155024
0.538929
0.538929
0.239927
0.239927
0.154615
0.154615
0.123924
0.123924
0.130112
0.130112
0.162017
0.162017
0.166476
0.166476
0.601104
0.601104
0.205885
0.205885
0.376881
0.376881
0.293907
0.293907
0.483562
0.483562
0.348530
0.348530
0.275160
0.275160
0.209095
0.209095
0.316628
0.316628
0.506653
0.506653
0.499891
0.499891
0.481423
0.481423
0.153935
0.153935
0.419710
0.419710
0.361654
0.361654
0.529879
0.529879
0.376574
0.376574
0.371593
0.371593
0.166591
0.166591
0.154536
0.154536
0.284767
0.284767
0.181773
0.181773
0.412449
0.412449
0.463709
0.463709
0.378858
0.378858
0.485034
0.485034
0.214685
0.214685
0.097403
0.097403
0.803832
0.803832
0.625797
0.625797
0.538085
0.538085
0.349294
0.349294
0.317995
0.317995
0.274523
0.274523
0.382849
0.382849
0.274824
0.274824
0.256307
0.256307
0.239574
0.239574
0.232370
0.232370
0.375653
0.375653
0.511450
0.511450
0.158864
0.158864
0.316553
0.316553
0.410698
0.410698
0.251199
0.251199
0.608492
0.608492
0.331994
0.331994
0.207774
0.207774
0.307760
0.307760
0.395635
0.395635
0.200306
0.200306
0.465952
0.465952
0.395549
0.395549
0.694186
0.694186
0.536747
0.536747
0.425060
0.425060
0.282962
0.282962
0.259525
0.259525
0.298833
0.298833
0.300384
0.300384
0.252848
0.252848
0.377650
0.377650
0.278852
0.278852
0.205366
0.205366
0.500378
0.500378
0.205414
0.205414
0.455357
0.455357
0.516205
0.516205
0.216786
0.216786
0.218260
0.218260
0.154077
0.154077
0.506826
0.506826
0.198702
0.198702
0.500355
0.500355
0.294599
0.294599
0.524869
0.524869
0.554028
0.554028
0.213771
0.213771
0.325235
0.325235
0.309892
0.309892
0.252443
0.252443
0.371889
0.371889
0.294059
0.294059
0.279957
0.279957
0.208680
0.208680
0.351252
0.351252
0.190081
0.190081
0.547675
0.547675
0.178763
0.178763
0.182179
0.182179
0.321442
0.321442
0.319774
0.319774
0.568454
0.568454
0.221367
0.221367
0.464045
0.464045
0.452758
0.452758
0.616891
0.616891
0.260282
0.260282
0.269298
0.269298
0.733896
0.733896
0.299906
0.299906
0.285149
0.285149
0.422716
0.422716
0.327943
0.327943
0.420220
0.420220
0.294823
0.294823
0.432900
0.432900
0.195051
0.195051
0.706968
0.706968
0.438524
0.438524
0.340995
0.340995
0.315163
0.315163
0.272471
0.272471
0.078033
0.078033
0.413552
0.413552
0.196977
0.196977
0.207728
0.207728
0.172508
0.172508
0.184343
0.184343
0.591383
0.591383
0.362478
0.362478
0.497367
0.497367
0.202172
0.202172
0.346789
0.346789
0.586421
0.586421
0.374125
0.374125
0.523026
0.523026
0.213002
0.213002
0.498150
0.498150
0.223455
0.223455
0.320927
0.320927
0.502816
0.502816
0.309916
0.309916
0.175640
0.175640
0.324276
0.324276
0.285657
0.285657
0.336055
0.336055
0.221272
0.221272
0.150997
0.150997
0.179754
0.179754
0.277368
0.277368
0.426050
0.426050
0.318179
0.318179
0.353501
0.353501
0.147820
0.147820
0.352572
0.352572
0.352071
0.352071
0.288050
0.288050
0.419944
0.419944
0.286025
0.286025
0.426376
0.426376
0.415862
0.415862
0.407026
0.407026
0.352051
0.352051
0.230392
0.230392
0.199855
0.199855
0.407711
0.407711
0.162407
0.162407
0.312733
0.312733
0.516704
0.516704
0.183895
0.183895
0.347620
0.347620
0.321313
0.321313
0.208209
0.208209
0.146523
0.146523
0.329480
0.329480
0.202741
0.202741
0.396765
0.396765
0.341243
0.341243
0.254538
0.254538
0.430543
0.430543
0.222015
0.222015
0.582565
0.582565
0.377362
0.377362
0.146359
0.146359
0.290610
0.290610
0.278823
0.278823
0.211775
0.211775
0.531931
0.531931
0.766135
0.766135
0.230539
0.230539
0.415702
0.415702
0.780120
0.780120
0.245958
0.245958
0.845040
0.845040
0.299321
0.299321
0.128630
0.128630
0.317442
0.317442
0.329705
0.329705
0.216612
0.216612
0.391507
0.391507
0.237421
0.237421
0.494661
0.494661
0.266839
0.266839
0.336639
0.336639
0.457206
0.457206
0.306361
0.306361
0.533531
0.533531
0.337286
0.337286
0.249054
0.249054
0.321656
0.321656
0.815444
0.815444
0.343986
0.343986
0.251890
0.251890
0.322455
0.322455
0.455562
0.455562
0.290209
0.290209
0.274758
0.274758
0.535208
0.535208
0.195380
0.195380
0.189664
0.189664
0.210964
0.210964
0.188130
0.188130
0.299618
0.299618
0.356665
0.356665
0.604011
0.604011
0.433558
0.433558
0.383451
0.383451
0.333004
0.333004
0.232683
0.232683
0.227312
0.227312
0.262701
0.262701
0.230683
0.230683
0.524509
0.524509
0.270386
0.270386
0.298035
0.298035
0.274944
0.274944
0.415328
0.415328
0.571040
0.571040
0.584367
0.584367
0.408754
0.408754
0.249627
0.249627
0.200712
0.200712
0.405647
0.405647
0.287998
0.287998
0.184325
0.184325
0.319498
0.319498
0.148644
0.148644
0.117587
0.117587
0.213954
0.213954
0.317282
0.317282
0.279852
0.279852
0.341104
0.341104
0.342942
0.342942
0.153089
0.153089
0.180521
0.180521
0.350660
0.350660
0.388928
0.388928
0.238400
0.238400
0.399970
0.399970
0.311845
0.311845
0.252242
0.252242
0.265438
0.265438
0.431858
0.431858
0.228697
0.228697
0.185352
0.185352
0.298780
0.298780
0.267373
0.267373
0.162876
0.162876
0.224517
0.224517
0.503322
0.503322
0.811501
0.811501
0.406738
0.406738
0.181016
0.181016
0.204970
0.204970
0.142239
0.142239
0.470137
0.470137
0.262346
0.262346
0.169925
0.169925
0.210506
0.210506
0.613931
0.613931
0.284416
0.284416
0.177013
0.177013
0.350953
0.350953
0.532078
0.532078
0.227232
0.227232
0.354719
0.354719
0.196920
0.196920
0.384519
0.384519
0.292459
0.292459
0.378872
0.378872
0.305709
0.305709
0.181108
0.181108
1.044431
1.044431
0.325460
0.325460
0.217371
0.217371
0.564744
0.564744
0.226821
0.226821
0.248273
0.248273
0.425385
0.425385
0.157422
0.157422
0.320743
0.320743
0.279338
0.279338
0.269869
0.269869
0.516979
0.516979
0.215633
0.215633
0.226524
0.226524
0.251236
0.251236
0.391602
0.391602
0.354197
0.354197
0.615020
0.615020
0.605156
0.605156
0.421465
0.421465
0.194850
0.194850
0.287422
0.287422
0.355631
0.355631
0.613190
0.613190
0.301176
0.301176
0.571474
0.571474
0.215279
0.215279
0.319206
0.319206
0.206300
0.206300
0.214742
0.214742
0.365169
0.365169
0.279767
0.279767
0.233949
0.233949
0.278536
0.278536
0.485609
0.485609
0.305911
0.305911
0.327356
0.327356
0.344725
0.344725
0.472494
0.472494
0.386524
0.386524
0.381866
0.381866
0.111122
0.111122
0.088564
0.088564
0.268673
0.268673
0.196207
0.196207
0.534581
0.534581
0.116292
0.116292
0.881633
0.881633
0.408089
0.408089
0.242766
0.242766
0.390205
0.390205
0.355021
0.355021
0.299346
0.299346
0.322182
0.322182
0.164918
0.164918
0.282302
0.282302
0.195814
0.195814
0.424260
0.424260
0.306602
0.306602
0.235536
0.235536
0.482850
0.482850
0.196568
0.196568
0.465394
0.465394
0.350464
0.350464
0.931400
0.931400
0.368980
0.368980
0.541963
0.541963
0.604335
0.604335
0.325118
0.325118
0.334154
0.334154
0.399981
0.399981
0.356325
0.356325
0.382081
0.382081
0.467476
0.467476
0.314158
0.314158
0.380703
0.380703
0.349193
0.349193
0.237427
0.237427
0.035709
0.035709
0.252005
0.252005
0.394832
0.394832
0.258138
0.258138
0.423924
0.423924
0.410043
0.410043
0.394783
0.394783
0.303168
0.303168
0.285040
0.285040
0.287410
0.287410
0.343632
0.343632
0.295022
0.295022
0.230442
0.230442
0.534669
0.534669
0.398401
0.398401
0.193248
0.193248
0.346444
0.346444
0.170121
0.170121
0.224216
0.224216
0.259828
0.259828
0.385325
0.385325
0.340761
0.340761
0.445567
0.445567
0.269463
0.269463
0.334768
0.334768
0.202191
0.202191
0.227264
0.227264
0.205512
0.205512
0.104062
0.104062
0.597168
0.597168
0.272335
0.272335
0.228812
0.228812
0.412409
0.412409
0.385440
0.385440
0.546279
0.546279
0.387729
0.387729
0.156687
0.156687
0.256162
0.256162
0.234374
0.234374
0.326657
0.326657
0.334696
0.334696
0.340015
0.340015
0.675278
0.675278
0.191834
0.191834
0.195247
0.195247
0.295652
0.295652
0.435752
0.435752
0.296155
0.296155
0.367545
0.367545
0.246503
0.246503
0.329785
0.329785
0.208770
0.208770
0.375864
0.375864
0.432936
0.432936
0.365987
0.365987
0.418552
0.418552
0.230379
0.230379
0.434689
0.434689
0.231710
0.231710
0.359739
0.359739
0.344387
0.344387
0.764310
0.764310
0.101143
0.101143
0.509217
0.509217
0.183556
0.183556
0.373382
0.373382
0.479088
0.479088
0.422449
0.422449
0.421895
0.421895
0.190963
0.190963
0.344514
0.344514
0.289835
0.289835
0.361539
0.361539
0.324252
0.324252
0.238009
0.238009
0.276397
0.276397
0.321113
0.321113
0.280374
0.280374
0.450563
0.450563
0.305747
0.305747
0.371005
0.371005
0.323130
0.323130
0.340435
0.340435
0.661903
0.661903
0.233316
0.233316
0.234662
0.234662
0.365773
0.365773
0.353255
0.353255
0.278407
0.278407
0.460725
0.460725
0.638593
0.638593
0.364968
0.364968
0.217789
0.217789
0.302009
0.302009
0.319496
0.319496
0.213588
0.213588
0.368482
0.368482
0.320740
0.320740
0.328147
0.328147
0.334664
0.334664
0.655819
0.655819
0.564081
0.564081
0.171339
0.171339
0.198647
0.198647
0.501227
0.501227
0.673630
0.673630
0.370032
0.370032
0.432337
0.432337
0.523568
0.523568
0.151241
0.151241
0.254020
0.254020
0.399599
0.399599
0.426221
0.426221
0.227602
0.227602
0.295911
0.295911
0.204248
0.204248
0.472585
0.472585
0.151651
0.151651
0.148833
0.148833
0.307986
0.307986
0.359031
0.359031
0.425135
0.425135
0.314273
0.314273
0.454142
0.454142
0.012824
0.012824
0.287718
0.287718
0.394657
0.394657
0.266036
0.266036
0.117349
0.117349
0.335000
0.335000
0.458944
0.458944
0.239820
0.239820
0.423734
0.423734
0.389309
0.389309
0.213916
0.213916
0.288273
0.288273
0.279406
0.279406
0.447404
0.447404
0.227938
0.227938
0.286964
0.286964
0.215488
0.215488
0.262832
0.262832
0.242110
0.242110
0.653975
0.653975
0.311711
0.311711
0.127773
0.127773
0.519562
0.519562
0.317809
0.317809
0.509953
0.509953
0.166274
0.166274
0.427332
0.427332
0.238401
0.238401
0.579141
0.579141
0.290512
0.290512
0.474586
0.474586
0.503083
0.503083
0.320193
0.320193
0.484190
0.484190
0.382937
0.382937
0.411180
0.411180
0.272060
0.272060
0.400310
0.400310
0.241975
0.241975
0.411942
0.411942
0.292133
0.292133
0.122906
0.122906
0.423616
0.423616
0.348464
0.348464
0.613931
0.613931
0.391214
0.391214
0.384496
0.384496
0.292661
0.292661
0.631212
0.631212
0.163472
0.163472
0.163102
0.163102
0.254056
0.254056
0.483553
0.483553
0.166652
0.166652
0.384713
0.384713
0.184754
0.184754
0.207921
0.207921
0.489594
0.489594
0.380072
0.380072
0.278322
0.278322
0.124589
0.124589
0.279081
0.279081
0.244837
0.244837
0.413474
0.413474
0.156821
0.156821
0.327423
0.327423
0.507772
0.507772
0.337029
0.337029
0.431342
0.431342
0.189958
0.189958
0.282764
0.282764
0.319681
0.319681
0.211855
0.211855
0.338908
0.338908
0.229966
0.229966
0.260899
0.260899
0.198510
0.198510
0.448700
0.448700
0.596776
0.596776
0.452757
0.452757
0.224061
0.224061
0.256848
0.256848
0.571816
0.571816
0.334894
0.334894
0.282430
0.282430
0.559269
0.559269
0.260994
0.260994
0.415711
0.415711
0.195779
0.195779
0.217560
0.217560
0.245866
0.245866
0.174635
0.174635
0.205380
0.205380
0.390136
0.390136
0.627841
0.627841
0.488754
0.488754
0.237526
0.237526
0.418660
0.418660
0.598123
0.598123
0.363670
0.363670
0.202055
0.202055
0.548421
0.548421
0.241629
0.241629
0.178325
0.178325
0.319362
0.319362
0.265617
0.265617
0.118854
0.118854
0.354617
0.354617
0.436095
0.436095
0.411723
0.411723
0.181448
0.181448
0.550997
0.550997
0.206194
0.206194
0.122549
0.122549
0.359099
0.359099
0.741475
0.741475
0.449085
0.449085
0.450169
0.450169
0.216026
0.216026
0.288936
0.288936
0.284729
0.284729
0.303346
0.303346
0.211100
0.211100
0.434856
0.434856
0.001986
0.001986
0.656577
0.656577
0.152145
0.152145
0.310744
0.310744
0.195525
0.195525
0.269130
0.269130
0.296686
0.296686
0.295167
0.295167
0.340101
0.340101
0.222327
0.222327
0.187163
0.187163
0.212859
0.212859
0.371056
0.371056
0.290764
0.290764
0.491224
0.491224
0.193839
0.193839
0.463447
0.463447
0.205418
0.205418
0.396581
0.396581
0.338569
0.338569
0.194568
0.194568
0.529388
0.529388
0.222460
0.222460
0.252408
0.252408
0.300845
0.300845
0.232628
0.232628
0.383655
0.383655
0.386316
0.386316
0.278237
0.278237
0.413620
0.413620
0.268500
0.268500
0.428706
0.428706
0.176920
0.176920
0.235774
0.235774
0.534286
0.534286
0.209137
0.209137
0.456545
0.456545
0.225950
0.225950
0.235849
0.235849
0.282623
0.282623
0.598131
0.598131
0.385580
0.385580
0.313029
0.313029
0.295839
0.295839
0.181020
0.181020
0.199237
0.199237
0.340739
0.340739
0.207032
0.207032
0.216393
0.216393
0.433647
0.433647
0.193769
0.193769
0.291176
0.291176
0.511073
0.511073
0.338491
0.338491
0.270576
0.270576
0.294427
0.294427
0.218098
0.218098
0.500994
0.500994
0.428380
0.428380
0.221824
0.221824
0.205809
0.205809
0.322351
0.322351
0.168920
0.168920
0.387135
0.387135
0.325882
0.325882
0.576923
0.576923
0.481439
0.481439
0.311494
0.311494
0.557025
0.557025
0.335121
0.335121
0.303186
0.303186
0.367745
0.367745
0.349205
0.349205
0.447454
0.447454
0.489286
0.489286
0.871616
0.871616
0.318852
0.318852
0.641004
0.641004
0.202934
0.202934
0.340974
0.340974
0.635161
0.635161
0.210673
0.210673
0.155021
0.155021
0.312577
0.312577
0.474591
0.474591
0.367070
0.367070
0.286007
0.286007
0.268103
0.268103
0.186861
0.186861
0.643342
0.643342
0.321979
0.321979
0.293749
0.293749
0.292632
0.292632
0.185104
0.185104
0.146312
0.146312
0.445809
0.445809
0.171384
0.171384
0.203561
0.203561
0.232785
0.232785
0.529520
0.529520
0.180833
0.180833
0.354106
0.354106
0.798374
0.798374
0.188723
0.188723
0.540667
0.540667
0.247059
0.247059
0.302832
0.302832
0.241082
0.241082
0.341745
0.341745
0.099750
0.099750
0.286282
0.286282
0.202189
0.202189
0.298113
0.298113
0.536832
0.536832
0.211675
0.211675
0.272842
0.272842
0.838678
0.838678
0.247554
0.247554
0.232740
0.232740
0.561158
0.561158
0.216888
0.216888
0.189930
0.189930
0.105897
0.105897
0.474607
0.474607
0.405905
0.405905
0.377291
0.377291
0.296352
0.296352
0.485793
0.485793
0.361864
0.361864
0.533356
0.533356
0.674949
0.674949
0.349833
0.349833
0.333503
0.333503
0.572766
0.572766
0.206397
0.206397
0.543554
0.543554
0.194675
0.194675
0.469842
0.469842
0.380752
0.380752
0.452920
0.452920
0.217039
0.217039
0.215936
0.215936
0.251607
0.251607
0.368806
0.368806
0.117750
0.117750
0.467748
0.467748
0.165789
0.165789
0.297193
0.297193
0.334547
0.334547
0.571289
0.571289
0.314666
0.314666
0.347401
0.347401
0.360966
0.360966
0.228765
0.228765
0.156744
0.156744
0.231608
0.231608
0.323004
0.323004
0.459709
0.459709
0.149909
0.149909
0.426611
0.426611
0.337797
0.337797
0.308671
0.308671
0.433125
0.433125
0.316928
0.316928
0.426639
0.426639
0.255873
0.255873
0.190887
0.190887
0.346259
0.346259
0.305682
0.305682
0.526526
0.526526
0.347001
0.347001
0.276902
0.276902
0.388142
0.388142
0.646063
0.646063
0.460865
0.460865
0.398013
0.398013
0.287755
0.287755
0.207633
0.207633
0.425565
0.425565
0.524273
0.524273
0.389824
0.389824
0.220375
0.220375
0.376725
0.376725
0.316963
0.316963
0.540654
0.540654
0.278339
0.278339
0.407329
0.407329
0.458515
0.458515
0.103966
0.103966
0.309165
0.309165
0.182167
0.182167
0.288387
0.288387
0.419328
0.419328
0.188656
0.188656
0.555090
0.555090
0.444421
0.444421
0.138491
0.138491
0.668895
0.668895
0.326733
0.326733
0.268889
0.268889
0.282714
0.282714
0.175025
0.175025
0.368770
0.368770
0.170820
0.170820
0.166652
0.166652
0.376963
0.376963
0.161854
0.161854
0.241596
0.241596
0.468829
0.468829
0.226826
0.226826
0.240427
0.240427
0.340731
0.340731
0.182877
0.182877
0.312845
0.312845
0.525674
0.525674
0.174993
0.174993
0.239288
0.239288
0.239455
0.239455
0.117940
0.117940
0.214546
0.214546
0.233328
0.233328
0.435512
0.435512
0.370476
0.370476
0.278117
0.278117
0.176907
0.176907
0.283285
0.283285
0.214146
0.214146
0.518680
0.518680
0.327725
0.327725
0.141740
0.141740
0.460780
0.460780
0.213275
0.213275
0.436019
0.436019
0.355038
0.355038
0.309365
0.309365
0.307735
0.307735
0.408568
0.408568
0.328573
0.328573
0.183033
0.183033
0.279670
0.279670
0.245892
0.245892
0.288833
0.288833
0.637860
0.637860
0.422369
0.422369
0.345256
0.345256
0.136928
0.136928
0.239375
0.239375
0.214870
0.214870
0.224277
0.224277
0.277771
0.277771
0.282691
0.282691
0.113144
0.113144
0.255986
0.255986
0.099584
0.099584
0.431279
0.431279
0.265149
0.265149
0.810868
0.810868
0.141163
0.141163
0.567965
0.567965
0.276102
0.276102
0.263130
0.263130
0.314767
0.314767
0.540899
0.540899
0.604176
0.604176
0.247287
0.247287
0.514227
0.514227
0.193554
0.193554
0.110286
0.110286
0.321543
0.321543
0.500382
0.500382
0.408629
0.408629
0.524098
0.524098
0.411000
0.411000
0.250563
0.250563
0.311186
0.311186
0.196833
0.196833
0.413828
0.413828
0.187768
0.187768
0.256575
0.256575
0.265146
0.265146
0.289174
0.289174
0.638056
0.638056
0.581322
0.581322
0.326508
0.326508
0.175630
0.175630
0.164786
0.164786
0.396531
0.396531
0.570643
0.570643
0.730356
0.730356
0.223294
0.223294
0.354951
0.354951
0.369692
0.369692
0.309488
0.309488
0.354211
0.354211
0.372938
0.372938
0.541120
0.541120
0.187845
0.187845
0.415270
0.415270
0.113127
0.113127
0.222175
0.222175
0.232149
0.232149
0.210894
0.210894
0.249656
0.249656
0.576999
0.576999
0.282721
0.282721
0.339896
0.339896
0.273466
0.273466
0.269609
0.269609
0.156020
0.156020
0.625928
0.625928
0.281463
0.281463
0.290943
0.290943
0.264160
0.264160
0.282397
0.282397
0.585280
0.585280
0.202060
0.202060
0.441813
0.441813
0.288227
0.288227
0.139209
0.139209
0.230136
0.230136
0.342502
0.342502
0.257833
0.257833
0.265000
0.265000
0.302124
0.302124
0.438014
0.438014
0.328991
0.328991
0.214839
0.214839
0.238424
0.238424
0.280795
0.280795
0.265928
0.265928
0.163369
0.163369
0.129104
0.129104
0.223164
0.223164
0.359036
0.359036
0.654238
0.654238
0.517304
0.517304
0.423680
0.423680
0.193302
0.193302
0.283279
0.283279
0.208253
0.208253
0.391499
0.391499
0.273130
0.273130
0.194323
0.194323
0.183324
0.183324
0.568209
0.568209
0.478965
0.478965
0.200487
0.200487
0.180492
0.180492
0.347989
0.347989
0.323294
0.323294
0.344550
0.344550
0.482613
0.482613
0.312979
0.312979
0.561188
0.561188
0.275832
0.275832
0.458056
0.458056
0.171368
0.171368
0.165193
0.165193
0.134675
0.134675
0.254291
0.254291
0.426780
0.426780
0.515411
0.515411
0.379923
0.379923
0.422826
0.422826
0.256289
0.256289
0.398850
0.398850
0.265354
0.265354
0.550788
0.550788
0.211267
0.211267
0.213465
0.213465
0.570603
0.570603
0.155932
0.155932
0.362334
0.362334
0.267687
0.267687
0.340799
0.340799
0.379987
0.379987
0.491375
0.491375
0.170979
0.170979
0.603082
0.603082
0.333853
0.333853
0.425181
0.425181
0.172118
0.172118
0.348217
0.348217
0.227771
0.227771
0.289975
0.289975
0.207459
0.207459
0.337893
0.337893
0.478260
0.478260
0.295377
0.295377
0.335397
0.335397
0.396810
0.396810
0.390369
0.390369
0.371496
0.371496
0.722217
0.722217
0.737586
0.737586
0.294674
0.294674
0.261179
0.261179
0.447520
0.447520
0.535135
0.535135
0.286929
0.286929
0.686563
0.686563
0.577981
0.577981
0.348857
0.348857
0.406062
0.406062
0.743806
0.743806
0.194336
0.194336
0.237721
0.237721
0.384517
0.384517
0.261318
0.261318
0.446132
0.446132
0.432600
0.432600
0.307889
0.307889
0.113188
0.113188
0.505641
0.505641
0.270102
0.270102
0.157020
0.157020
0.202189
0.202189
0.387699
0.387699
0.236214
0.236214
0.206534
0.206534
0.242297
0.242297
0.379771
0.379771
0.312329
0.312329
0.322911
0.322911
0.328585
0.328585
0.256899
0.256899
0.342011
0.342011
0.412204
0.412204
0.235693
0.235693
0.162913
0.162913
0.274522
0.274522
0.389004
0.389004
0.505855
0.505855
0.184647
0.184647
0.240744
0.240744
0.335798
0.335798
0.124955
0.124955
0.139306
0.139306
0.169724
0.169724
0.331479
0.331479
0.746229
0.746229
0.275008
0.275008
0.155284
0.155284
0.267871
0.267871
0.484391
0.484391
0.155767
0.155767
0.166227
0.166227
0.192525
0.192525
0.364971
0.364971
0.366424
0.366424
0.194967
0.194967
0.151274
0.151274
0.213779
0.213779
0.270552
0.270552
0.284522
0.284522
0.211426
0.211426
0.290018
0.290018
0.441045
0.441045
0.464137
0.464137
0.481266
0.481266
0.298919
0.298919
0.705165
0.705165
0.206812
0.206812
0.422367
0.422367
0.334208
0.334208
0.483117
0.483117
0.371119
0.371119
0.248441
0.248441
0.195270
0.195270
0.135185
0.135185
0.316204
0.316204
0.161295
0.161295
0.180759
0.180759
0.330857
0.330857
0.358776
0.358776
0.162692
0.162692
0.271607
0.271607
0.290196
0.290196
0.346840
0.346840
0.456814
0.456814
0.333241
0.333241
0.333518
0.333518
0.335884
0.335884
0.371073
0.371073
0.347707
0.347707
0.211479
0.211479
0.704313
0.704313
0.303256
0.303256
0.336099
0.336099
0.372684
0.372684
0.167116
0.167116
0.263553
0.263553
0.198396
0.198396
0.164315
0.164315
0.224650
0.224650
0.150414
0.150414
0.502905
0.502905
0.357689
0.357689
0.196845
0.196845
0.525442
0.525442
0.262482
0.262482
0.209550
0.209550
0.171431
0.171431
0.178603
0.178603
0.434143
0.434143
0.352508
0.352508
0.295505
0.295505
0.309506
0.309506
0.325075
0.325075
0.254000
0.254000
0.224132
0.224132
0.326356
0.326356
0.263837
0.263837
0.289477
0.289477
0.475871
0.475871
0.210147
0.210147
0.306334
0.306334
0.232453
0.232453
0.522097
0.522097
0.383113
0.383113
0.246859
0.246859
0.389018
0.389018
0.394654
0.394654
0.772694
0.772694
0.206256
0.206256
0.356607
0.356607
0.273375
0.273375
0.532992
0.532992
0.516550
0.516550
0.505097
0.505097
0.366658
0.366658
0.410451
0.410451
0.196310
0.196310
0.530328
0.530328
0.194300
0.194300
0.714242
0.714242
0.584240
0.584240
0.144625
0.144625
0.267322
0.267322
0.219376
0.219376
0.090503
0.090503
0.397597
0.397597
0.122532
0.122532
0.500346
0.500346
0.278320
0.278320
0.220143
0.220143
0.237209
0.237209
0.515571
0.515571
0.328876
0.328876
0.222501
0.222501
0.197776
0.197776
0.113294
0.113294
0.355076
0.355076
0.314807
0.314807
0.314437
0.314437
0.176849
0.176849
0.368078
0.368078
0.443438
0.443438
0.149923
0.149923
0.248072
0.248072
0.164212
0.164212
0.342480
0.342480
0.248205
0.248205
0.270844
0.270844
0.357506
0.357506
0.291314
0.291314
0.199070
0.199070
0.343049
0.343049
0.334867
0.334867
0.109031
0.109031
0.164817
0.164817
0.192315
0.192315
0.218537
0.218537
0.593346
0.593346
0.251795
0.251795
0.200334
0.200334
0.115864
0.115864
0.321174
0.321174
0.454501
0.454501
0.187919
0.187919
0.498408
0.498408
0.148016
0.148016
0.371526
0.371526
0.490567
0.490567
0.260822
0.260822
0.606642
0.606642
0.366052
0.366052
0.192651
0.192651
0.280718
0.280718
0.159523
0.159523
0.261781
0.261781
0.253911
0.253911
0.429309
0.429309
0.299059
0.299059
0.405018
0.405018
0.408119
0.408119
0.253168
0.253168
0.379947
0.379947
0.207268
0.207268
0.211880
0.211880
0.240324
0.240324
0.195002
0.195002
0.717558
0.717558
0.691267
0.691267
0.328507
0.328507
0.208141
0.208141
0.519475
0.519475
0.508706
0.508706
0.713631
0.713631
0.268165
0.268165
0.606221
0.606221
0.401603
0.401603
0.191268
0.191268
0.460785
0.460785
0.337795
0.337795
0.183330
0.183330
0.402962
0.402962
0.380201
0.380201
0.279638
0.279638
0.246599
0.246599
0.235911
0.235911
0.353887
0.353887
0.267280
0.267280
0.403959
0.403959
0.354804
0.354804
0.180146
0.180146
0.337101
0.337101
0.379401
0.379401
0.236104
0.236104
0.121821
0.121821
0.200803
0.200803
0.085343
0.085343
0.100435
0.100435
0.697066
0.697066
0.120852
0.120852
0.532515
0.532515
0.188937
0.188937
0.222051
0.222051
0.392771
0.392771
0.365496
0.365496
0.295483
0.295483
0.592056
0.592056
0.426926
0.426926
0.267678
0.267678
0.450375
0.450375
0.540803
0.540803
0.431318
0.431318
0.390925
0.390925
0.209343
0.209343
0.254234
0.254234
0.206080
0.206080
0.280989
0.280989
0.451641
0.451641
0.463209
0.463209
0.186482
0.186482
0.126116
0.126116
0.451876
0.451876
0.475926
0.475926
0.446074
0.446074
0.265507
0.265507
0.307211
0.307211
0.230755
0.230755
0.537653
0.537653
0.139784
0.139784
0.516633
0.516633
0.192572
0.192572
0.210731
0.210731
0.239475
0.239475
0.258202
0.258202
0.596394
0.596394
0.246671
0.246671
0.154420
0.154420
0.325552
0.325552
0.283900
0.283900
0.414863
0.414863
0.331801
0.331801
0.227625
0.227625
0.332886
0.332886
0.352006
0.352006
0.198580
0.198580
0.209676
0.209676
0.159182
0.159182
0.211898
0.211898
0.425740
0.425740
0.383445
0.383445
0.125723
0.125723
0.427489
0.427489
0.259728
0.259728
0.570533
0.570533
0.216988
0.216988
0.428983
0.428983
0.650940
0.650940
0.161655
0.161655
0.304602
0.304602
0.275313
0.275313
0.241553
0.241553
0.284748
0.284748
0.242544
0.242544
0.422382
0.422382
0.178802
0.178802
0.360615
0.360615
0.119056
0.119056
0.327237
0.327237
0.446975
0.446975
0.282096
0.282096
0.313527
0.313527
0.106369
0.106369
0.201592
0.201592
0.396180
0.396180
0.522377
0.522377
0.351405
0.351405
0.318171
0.318171
0.329667
0.329667
0.369657
0.369657
0.326859
0.326859
0.514172
0.514172
0.241028
0.241028
0.205106
0.205106
0.267597
0.267597
0.226844
0.226844
0.266895
0.266895
0.605877
0.605877
0.380716
0.380716
0.308057
0.308057
0.313581
0.313581
0.325457
0.325457
0.477169
0.477169
0.436488
0.436488
0.184154
0.184154
0.228487
0.228487
0.212480
0.212480
0.179756
0.179756
0.103527
0.103527
0.276117
0.276117
0.363157
0.363157
0.458271
0.458271
0.213705
0.213705
0.304892
0.304892
0.200070
0.200070
0.971802
0.971802
0.384222
0.384222
0.711030
0.711030
0.410002
0.410002
0.239578
0.239578
0.190538
0.190538
0.110475
0.110475
0.281363
0.281363
0.341538
0.341538
0.155258
0.155258
0.500945
0.500945
0.368902
0.368902
0.447779
0.447779
0.440691
0.440691
0.353198
0.353198
0.315853
0.315853
0.611440
0.611440
0.339993
0.339993
0.385843
0.385843
0.143671
0.143671
0.258001
0.258001
0.442632
0.442632
0.284993
0.284993
0.185309
0.185309
0.416509
0.416509
0.447337
0.447337
0.273679
0.273679
0.280094
0.280094
0.174710
0.174710
0.329173
0.329173
0.263109
0.263109
0.188613
0.188613
0.443182
0.443182
0.509006
0.509006
0.399095
0.399095
0.140887
0.140887
0.324812
0.324812
0.203412
0.203412
0.128565
0.128565
0.474194
0.474194
0.277326
0.277326
0.340547
0.340547
0.594097
0.594097
0.307055
0.307055
0.206056
0.206056
0.414134
0.414134
0.234348
0.234348
0.217277
0.217277
0.306597
0.306597
0.452577
0.452577
0.559783
0.559783
0.405245
0.405245
0.185107
0.185107
0.330646
0.330646
0.273423
0.273423
0.152568
0.152568
0.410996
0.410996
0.214382
0.214382
0.326980
0.326980
0.289542
0.289542
0.358154
0.358154
0.259284
0.259284
0.591605
0.591605
0.221843
0.221843
0.212698
0.212698
0.239605
0.239605
0.326218
0.326218
0.348171
0.348171
0.635312
0.635312
0.587483
0.587483
0.344790
0.344790
0.510888
0.510888
0.216766
0.216766
0.225137
0.225137
0.460391
0.460391
0.195842
0.195842
0.278647
0.278647
0.276855
0.276855
0.397672
0.397672
0.395669
0.395669
0.309160
0.309160
0.152431
0.152431
0.172941
0.172941
0.257201
0.257201
0.244237
0.244237
0.287375
0.287375
0.333173
0.333173
0.141603
0.141603
0.162499
0.162499
0.255100
0.255100
0.115882
0.115882
0.574519
0.574519
0.248815
0.248815
0.335029
0.335029
0.185397
0.185397
0.241681
0.241681
0.246598
0.246598
0.401271
0.401271
0.182517
0.182517
0.203870
0.203870
0.132251
0.132251
0.140437
0.140437
0.455343
0.455343
0.293215
0.293215
0.701465
0.701465
0.149324
0.149324
0.178252
0.178252
0.184818
0.184818
0.308923
0.308923
0.265850
0.265850
0.194697
0.194697
0.130935
0.130935
0.151958
0.151958
0.271163
0.271163
0.991917
0.991917
0.597919
0.597919
0.304207
0.304207
0.406263
0.406263
0.165144
0.165144
0.448292
0.448292
0.649466
0.649466
0.274185
0.274185
0.448081
0.448081
0.781400
0.781400
0.635579
0.635579
0.301293
0.301293
0.283142
0.283142
0.359085
0.359085
0.204602
0.204602
0.019226
0.019226
0.384209
0.384209
0.379851
0.379851
0.375852
0.375852
0.199263
0.199263
0.502127
0.502127
0.292234
0.292234
0.168530
0.168530
0.389975
0.389975
0.464985
0.464985
0.181291
0.181291
0.192412
0.192412
0.360488
0.360488
0.200836
0.200836
0.435566
0.435566
0.290720
0.290720
0.353860
0.353860
0.250428
0.250428
0.224273
0.224273
0.204286
0.204286
0.360641
0.360641
0.258371
0.258371
0.890811
0.890811
0.135555
0.135555
0.534464
0.534464
0.302304
0.302304
0.311204
0.311204
0.375648
0.375648
0.146647
0.146647
0.558174
0.558174
0.239414
0.239414
0.368341
0.368341
0.150372
0.150372
0.221261
0.221261
0.137919
0.137919
0.324972
0.324972
0.384144
0.384144
0.167837
0.167837
0.377879
0.377879
0.463262
0.463262
0.292487
0.292487
0.473227
0.473227
0.436919
0.436919
0.439085
0.439085
0.179745
0.179745
0.527416
0.527416
0.227029
0.227029
0.240552
0.240552
0.355557
0.355557
0.310615
0.310615
0.295103
0.295103
0.144448
0.144448
0.325217
0.325217
0.359807
0.359807
0.310957
0.310957
0.588903
0.588903
0.517632
0.517632
0.358437
0.358437
0.529505
0.529505
0.358155
0.358155
0.424686
0.424686
0.283842
0.283842
0.375220
0.375220
0.374851
0.374851
0.520348
0.520348
0.438626
0.438626
0.273197
0.273197
0.445486
0.445486
0.346176
0.346176
0.194127
0.194127
0.369439
0.369439
0.131458
0.131458
0.239122
0.239122
0.216034
0.216034
0.262951
0.262951
0.174009
0.174009
0.418216
0.418216
0.268115
0.268115
0.500960
0.500960
0.145940
0.145940
0.121029
0.121029
0.253534
0.253534
0.298310
0.298310
0.160942
0.160942
0.382974
0.382974
0.377166
0.377166
0.325804
0.325804
0.559600
0.559600
0.200423
0.200423
0.169910
0.169910
0.329706
0.329706
0.366982
0.366982
0.376138
0.376138
0.234264
0.234264
0.278144
0.278144
0.307281
0.307281
0.349245
0.349245
0.212440
0.212440
0.213658
0.213658
0.266007
0.266007
0.267447
0.267447
0.274863
0.274863
0.367029
0.367029
0.250259
0.250259
0.292897
0.292897
0.365384
0.365384
0.373730
0.373730
0.266588
0.266588
0.286069
0.286069
0.164025
0.164025
0.934784
0.934784
0.188840
0.188840
0.253177
0.253177
0.335778
0.335778
0.234351
0.234351
0.276014
0.276014
0.160184
0.160184
0.222976
0.222976
0.298302
0.298302
0.343702
0.343702
0.598463
0.598463
0.346497
0.346497
0.561852
0.561852
0.228570
0.228570
1.604074
1.604074
0.196227
0.196227
0.136530
0.136530
0.180411
0.180411
0.441677
0.441677
0.236527
0.236527
0.410619
0.410619
0.258462
0.258462
0.168064
0.168064
0.165618
0.165618
0.325881
0.325881
0.445926
0.445926
0.201257
0.201257
0.415870
0.415870
0.258552
0.258552
0.150501
0.150501
0.184524
0.184524
0.401312
0.401312
0.321744
0.321744
0.183274
0.183274
0.160329
0.160329
0.288071
0.288071
0.297172
0.297172
0.475311
0.475311
0.355170
0.355170
0.236186
0.236186
0.139053
0.139053
0.193043
0.193043
0.413210
0.413210
0.381164
0.381164
0.352041
0.352041
0.163295
0.163295
0.411987
0.411987
0.188617
0.188617
0.181156
0.181156
0.605299
0.605299
0.973419
0.973419
0.296013
0.296013
0.377187
0.377187
0.385589
0.385589
0.380452
0.380452
0.315814
0.315814
0.122586
0.122586
0.181503
0.181503
0.201752
0.201752
0.432213
0.432213
0.289027
0.289027
0.496192
0.496192
0.162740
0.162740
0.742980
0.742980
0.305463
0.305463
0.563103
0.563103
0.245693
0.245693
0.159768
0.159768
0.305164
0.305164
0.763606
0.763606
0.239584
0.239584
0.192903
0.192903
0.341545
0.341545
0.215315
0.215315
0.539049
0.539049
0.311551
0.311551
0.337300
0.337300
0.282720
0.282720
0.220933
0.220933
0.377050
0.377050
0.404243
0.404243
0.462917
0.462917
0.431860
0.431860
0.290478
0.290478
0.151930
0.151930
0.206113
0.206113
0.161373
0.161373
0.310304
0.310304
0.523982
0.523982
0.415799
0.415799
0.236266
0.236266
0.300955
0.300955
0.241065
0.241065
0.168825
0.168825
0.106937
0.106937
0.599475
0.599475
0.230132
0.230132
0.185510
0.185510
0.310493
0.310493
0.209985
0.209985
0.288520
0.288520
0.262325
0.262325
0.188179
0.188179
0.108472
0.108472
0.249975
0.249975
0.279964
0.279964
0.722624
0.722624
0.288308
0.288308
0.283767
0.283767
0.371554
0.371554
0.396829
0.396829
0.248547
0.248547
0.165453
0.165453
0.280090
0.280090
0.248272
0.248272
0.383253
0.383253
0.472974
0.472974
0.189083
0.189083
0.299705
0.299705
0.174858
0.174858
0.314262
0.314262
0.874126
0.874126
0.302915
0.302915
0.577729
0.577729
0.291006
0.291006
0.197404
0.197404
0.228012
0.228012
0.464278
0.464278
0.453866
0.453866
0.302610
0.302610
0.143702
0.143702
0.357823
0.357823
0.277326
0.277326
0.356311
0.356311
0.296512
0.296512
0.237275
0.237275
0.553821
0.553821
0.321076
0.321076
0.014054
0.014054
0.207247
0.207247
0.315743
0.315743
0.327524
0.327524
0.526986
0.526986
0.297321
0.297321
0.195792
0.195792
0.212818
0.212818
0.315764
0.315764
0.545407
0.545407
0.152781
0.152781
0.220030
0.220030
0.396351
0.396351
0.199150
0.199150
0.396951
0.396951
0.087755
0.087755
0.479477
0.479477
0.332393
0.332393
0.261242
0.261242
0.136523
0.136523
0.268647
0.268647
0.167642
0.167642
0.233414
0.233414
0.304275
0.304275
0.393589
0.393589
0.516512
0.516512
0.351671
0.351671
0.190621
0.190621
0.803688
0.803688
0.505149
0.505149
0.332056
0.332056
0.248655
0.248655
0.247509
0.247509
0.222307
0.222307
0.164438
0.164438
0.106635
0.106635
0.286924
0.286924
0.161963
0.161963
0.186188
0.186188
0.354406
0.354406
0.322633
0.322633
0.248002
0.248002
0.272698
0.272698
0.439398
0.439398
0.376938
0.376938
0.282668
0.282668
0.491077
0.491077
0.248924
0.248924
0.505978
0.505978
0.516576
0.516576
0.428387
0.428387
0.442190
0.442190
0.302686
0.302686
0.443615
0.443615
0.325539
0.325539
0.421811
0.421811
0.096341
0.096341
0.217331
0.217331
0.332788
0.332788
0.219937
0.219937
0.222471
0.222471
0.238791
0.238791
0.341518
0.341518
0.733728
0.733728
0.307827
0.307827
0.203863
0.203863
0.211771
0.211771
0.235658
0.235658
0.153291
0.153291
0.278045
0.278045
0.456519
0.456519
0.279681
0.279681
0.472361
0.472361
0.447015
0.447015
0.174283
0.174283
0.177876
0.177876
0.360660
0.360660
0.337882
0.337882
0.294802
0.294802
0.111864
0.111864
0.118752
0.118752
0.380430
0.380430
0.489504
0.489504
0.411704
0.411704
0.293202
0.293202
0.350978
0.350978
0.305114
0.305114
0.293590
0.293590
0.273864
0.273864
0.512717
0.512717
0.181840
0.181840
0.405110
0.405110
0.211007
0.211007
0.222745
0.222745
0.437738
0.437738
0.329216
0.329216
0.188575
0.188575
0.502606
0.502606
0.368438
0.368438
0.325041
0.325041
0.270320
0.270320
0.306243
0.306243
0.196925
0.196925
0.254685
0.254685
0.206955
0.206955
0.176247
0.176247
0.398249
0.398249
0.442446
0.442446
0.313202
0.313202
0.305226
0.305226
0.252395
0.252395
0.488515
0.488515
0.268868
0.268868
0.611834
0.611834
0.284666
0.284666
0.400231
0.400231
0.148406
0.148406
0.292803
0.292803
0.517933
0.517933
0.121655
0.121655
0.391281
0.391281
0.461871
0.461871
0.416063
0.416063
0.627088
0.627088
0.096274
0.096274
0.243595
0.243595
0.335893
0.335893
0.444503
0.444503
0.538107
0.538107
0.337124
0.337124
0.449891
0.449891
0.285529
0.285529
0.610767
0.610767
0.204829
0.204829
0.377106
0.377106
0.199426
0.199426
0.391708
0.391708
0.412154
0.412154
0.268509
0.268509
0.162967
0.162967
0.201439
0.201439
0.167216
0.167216
0.378240
0.378240
0.376713
0.376713
0.778637
0.778637
0.168377
0.168377
0.169486
0.169486
0.401515
0.401515
0.093378
0.093378
0.727358
0.727358
0.292620
0.292620
0.192679
0.192679
0.328620
0.328620
0.549888
0.549888
0.424604
0.424604
0.245721
0.245721
0.245151
0.245151
0.143355
0.143355
0.261604
0.261604
0.392657
0.392657
0.103715
0.103715
0.288004
0.288004
0.363928
0.363928
0.486557
0.486557
0.259237
0.259237
0.259565
0.259565
0.410960
0.410960
0.251438
0.251438
0.236353
0.236353
0.172746
0.172746
0.339483
0.339483
0.161069
0.161069
0.330634
0.330634
0.396436
0.396436
0.322059
0.322059
0.221074
0.221074
0.287769
0.287769
0.152319
0.152319
0.373606
0.373606
0.314277
0.314277
0.254790
0.254790
0.270427
0.270427
0.526723
0.526723
0.321958
0.321958
0.434694
0.434694
0.288353
0.288353
0.340005
0.340005
0.221097
0.221097
0.288573
0.288573
0.214868
0.214868
0.269026
0.269026
0.183978
0.183978
0.103115
0.103115
0.436240
0.436240
0.407430
0.407430
0.615626
0.615626
0.149206
0.149206
0.300251
0.300251
0.396060
0.396060
0.163455
0.163455
0.204305
0.204305
0.284844
0.284844
0.531944
0.531944
0.396084
0.396084
0.443263
0.443263
0.385777
0.385777
0.301058
0.301058
0.223590
0.223590
0.338485
0.338485
0.321774
0.321774
0.281701
0.281701
0.220739
0.220739
0.408564
0.408564
0.214841
0.214841
0.583906
0.583906
0.345032
0.345032
0.238253
0.238253
0.460777
0.460777
0.453822
0.453822
0.100494
0.100494
0.177768
0.177768
0.144600
0.144600
0.163051
0.163051
0.245433
0.245433
0.486448
0.486448
0.499508
0.499508
0.216588
0.216588
0.140486
0.140486
0.403905
0.403905
0.206354
0.206354
0.187114
0.187114
0.207037
0.207037
0.328781
0.328781
0.406363
0.406363
0.230385
0.230385
0.659836
0.659836
0.438329
0.438329
0.195359
0.195359
0.219285
0.219285
0.316347
0.316347
0.605573
0.605573
0.115658
0.115658
0.332550
0.332550
0.196847
0.196847
0.349431
0.349431
0.642867
0.642867
0.278112
0.278112
0.338402
0.338402
0.076798
0.076798
0.464168
0.464168
0.320808
0.320808
0.466697
0.466697
0.181885
0.181885
0.336039
0.336039
0.287989
0.287989
0.095782
0.095782
0.366074
0.366074
0.381814
0.381814
0.467360
0.467360
0.381300
0.381300
0.255969
0.255969
0.261299
0.261299
0.603461
0.603461
0.309464
0.309464
0.250589
0.250589
0.167756
0.167756
0.290165
0.290165
0.104749
0.104749
0.361016
0.361016
0.160335
0.160335
0.409121
0.409121
0.865468
0.865468
0.516445
0.516445
0.299241
0.299241
0.447654
0.447654
0.414186
0.414186
0.478423
0.478423
0.209057
0.209057
0.572639
0.572639
0.464323
0.464323
0.190275
0.190275
0.202297
0.202297
0.483987
0.483987
0.276066
0.276066
0.332785
0.332785
0.284374
0.284374
0.237995
0.237995
0.320684
0.320684
0.598752
0.598752
0.174070
0.174070
0.225819
0.225819
0.532682
0.532682
0.177048
0.177048
0.245439
0.245439
0.289391
0.289391
0.312826
0.312826
0.306144
0.306144
0.447498
0.447498
0.181277
0.181277
0.225146
0.225146
0.308495
0.308495
0.359521
0.359521
0.342343
0.342343
0.415991
0.415991
0.266592
0.266592
0.228039
0.228039
0.600366
0.600366
0.171086
0.171086
0.243324
0.243324
0.374959
0.374959
0.264187
0.264187
0.313544
0.313544
0.176659
0.176659
0.340367
0.340367
0.198798
0.198798
0.129559
0.129559
0.205082
0.205082
0.287670
0.287670
0.111543
0.111543
0.375722
0.375722
0.339912
0.339912
0.369304
0.369304
0.397709
0.397709
0.526822
0.526822
0.279399
0.279399
0.282927
0.282927
0.468461
0.468461
0.159489
0.159489
0.409440
0.409440
0.175274
0.175274
0.235551
0.235551
0.354991
0.354991
0.450353
0.450353
0.372260
0.372260
0.453913
0.453913
0.289414
0.289414
0.228487
0.228487
0.250770
0.250770
0.130834
0.130834
0.282096
0.282096
0.243476
0.243476
0.183813
0.183813
0.743297
0.743297
0.435395
0.435395
0.151644
0.151644
0.354811
0.354811
0.230148
0.230148
0.216759
0.216759
0.233956
0.233956
0.262292
0.262292
0.201981
0.201981
0.277525
0.277525
0.319323
0.319323
0.225292
0.225292
0.720731
0.720731
0.518663
0.518663
0.429084
0.429084
0.292671
0.292671
0.341323
0.341323
0.214725
0.214725
0.276949
0.276949
0.131564
0.131564
0.096367
0.096367
0.317958
0.317958
0.478839
0.478839
0.320487
0.320487
0.352482
0.352482
0.199000
0.199000
0.263136
0.263136
0.152833
0.152833
0.263897
0.263897
0.411453
0.411453
0.019204
0.019204
0.169083
0.169083
0.111107
0.111107
0.289357
0.289357
0.313225
0.313225
0.445263
0.445263
0.293484
0.293484
0.435652
0.435652
0.446029
0.446029
0.445996
0.445996
0.207968
0.207968
0.089963
0.089963
0.513112
0.513112
0.379239
0.379239
0.247468
0.247468
0.351202
0.351202
0.421718
0.421718
0.132551
0.132551
0.215133
0.215133
0.261716
0.261716
0.494350
0.494350
0.427001
0.427001
0.257449
0.257449
0.477246
0.477246
0.740712
0.740712
0.378163
0.378163
0.334501
0.334501
0.199053
0.199053
0.272139
0.272139
0.148564
0.148564
0.335352
0.335352
0.387025
0.387025
0.160163
0.160163
0.241399
0.241399
0.229910
0.229910
0.524054
0.524054
0.222478
0.222478
0.209666
0.209666
0.139450
0.139450
0.692291
0.692291
0.347171
0.347171
0.352473
0.352473
0.521325
0.521325
0.318365
0.318365
0.242739
0.242739
0.235225
0.235225
0.297367
0.297367
0.115381
0.115381
0.638627
0.638627
0.406017
0.406017
0.173480
0.173480
0.243311
0.243311
0.438508
0.438508
0.206814
0.206814
0.275036
0.275036
0.181378
0.181378
0.149697
0.149697
0.184525
0.184525
0.370541
0.370541
0.322250
0.322250
0.218242
0.218242
0.654300
0.654300
0.421140
0.421140
0.428797
0.428797
0.372453
0.372453
0.624774
0.624774
0.580900
0.580900
0.167075
0.167075
0.369344
0.369344
0.359865
0.359865
0.224256
0.224256
0.263742
0.263742
0.286256
0.286256
0.315566
0.315566
0.434104
0.434104
0.400648
0.400648
0.124158
0.124158
0.203565
0.203565
0.252723
0.252723
0.372935
0.372935
0.287917
0.287917
0.296115
0.296115
0.241449
0.241449
0.223672
0.223672
0.229318
0.229318
0.110001
0.110001
0.517664
0.517664
0.247407
0.247407
0.369237
0.369237
0.103799
0.103799
0.332662
0.332662
0.636958
0.636958
0.224925
0.224925
0.262842
0.262842
0.133252
0.133252
0.373959
0.373959
0.519683
0.519683
0.235032
0.235032
0.231185
0.231185
0.279518
0.279518
0.355825
0.355825
0.267786
0.267786
0.282668
0.282668
0.421442
0.421442
0.166178
0.166178
0.291465
0.291465
0.507878
0.507878
0.264683
0.264683
0.416386
0.416386
0.387626
0.387626
0.291490
0.291490
0.542643
0.542643
0.157437
0.157437
0.235596
0.235596
0.320726
0.320726
0.260397
0.260397
0.298311
0.298311
0.219160
0.219160
0.127583
0.127583
0.425171
0.425171
0.216238
0.216238
0.139231
0.139231
0.464397
0.464397
0.474953
0.474953
0.610563
0.610563
0.302291
0.302291
0.321118
0.321118
0.148073
0.148073
0.364751
0.364751
0.196929
0.196929
0.258745
0.258745
0.449611
0.449611
0.532678
0.532678
0.243561
0.243561
0.216617
0.216617
0.658154
0.658154
0.361527
0.361527
0.224374
0.224374
0.428980
0.428980
0.581104
0.581104
0.403076
0.403076
0.320926
0.320926
0.263406
0.263406
0.274610
0.274610
0.423972
0.423972
0.253338
0.253338
0.422199
0.422199
0.257207
0.257207
0.207136
0.207136
0.254207
0.254207
0.128030
0.128030
0.148658
0.148658
0.366368
0.366368
0.233703
0.233703
0.212098
0.212098
0.155447
0.155447
0.458900
0.458900
0.242159
0.242159
0.851459
0.851459
0.162537
0.162537
0.233045
0.233045
0.374286
0.374286
0.587030
0.587030
0.315480
0.315480
0.413233
0.413233
0.266732
0.266732
0.136139
0.136139
0.213243
0.213243
0.283089
0.283089
0.342480
0.342480
0.306685
0.306685
0.253517
0.253517
0.228603
0.228603
0.670537
0.670537
0.473104
0.473104
0.266753
0.266753
0.466519
0.466519
0.223461
0.223461
0.185305
0.185305
0.426648
0.426648
0.410675
0.410675
0.208263
0.208263
0.361343
0.361343
0.184788
0.184788
0.307303
0.307303
0.240048
0.240048
0.334055
0.334055
0.325733
0.325733
0.249829
0.249829
0.381333
0.381333
0.339034
0.339034
0.339069
0.339069
0.360851
0.360851
0.268832
0.268832
0.052924
0.052924
0.261303
0.261303
0.312119
0.312119
0.178404
0.178404
0.216912
0.216912
0.377787
0.377787
0.228771
0.228771
0.193118
0.193118
0.602291
0.602291
0.483602
0.483602
0.203500
0.203500
0.360053
0.360053
0.229364
0.229364
0.265588
0.265588
0.569145
0.569145
0.526837
0.526837
0.512730
0.512730
0.217538
0.217538
0.245124
0.245124
0.443626
0.443626
0.477516
0.477516
0.399875
0.399875
0.174635
0.174635
0.175068
0.175068
0.141006
0.141006
0.294856
0.294856
0.299669
0.299669
0.212487
0.212487
0.422237
0.422237
0.145266
0.145266
0.390241
0.390241
0.504543
0.504543
0.509912
0.509912
0.417278
0.417278
0.302999
0.302999
0.545023
0.545023
0.361209
0.361209
0.092719
0.092719
0.156252
0.156252
0.613671
0.613671
0.159350
0.159350
0.234487
0.234487
0.240934
0.240934
0.228810
0.228810
0.271523
0.271523
0.285400
0.285400
0.213922
0.213922
0.199941
0.199941
0.200915
0.200915
0.351109
0.351109
0.322692
0.322692
0.238912
0.238912
0.365203
0.365203
0.192738
0.192738
0.047656
0.047656
0.362758
0.362758
0.292474
0.292474
0.414836
0.414836
0.398721
0.398721
0.247548
0.247548
0.282752
0.282752
0.322081
0.322081
0.353139
0.353139
0.432668
0.432668
0.438762
0.438762
0.156556
0.156556
0.286919
0.286919
0.411345
0.411345
0.176306
0.176306
0.323324
0.323324
0.460500
0.460500
0.648703
0.648703
0.434325
0.434325
0.223321
0.223321
0.115749
0.115749
0.122009
0.122009
0.281753
0.281753
0.086849
0.086849
0.232718
0.232718
0.802891
0.802891
0.469860
0.469860
0.189005
0.189005
0.295923
0.295923
0.200871
0.200871
0.310340
0.310340
0.937889
0.937889
0.241685
0.241685
0.207864
0.207864
0.395766
0.395766
0.271330
0.271330
0.358791
0.358791
0.266108
0.266108
0.197007
0.197007
0.674240
0.674240
0.147337
0.147337
0.375285
0.375285
0.259036
0.259036
0.170448
0.170448
0.276346
0.276346
0.269681
0.269681
0.284462
0.284462
0.583125
0.583125
0.241158
0.241158
0.382537
0.382537
0.105953
0.105953
0.405823
0.405823
0.490648
0.490648
0.269396
0.269396
0.295012
0.295012
0.214595
0.214595
0.286289
0.286289
0.166606
0.166606
0.182782
0.182782
0.187111
0.187111
0.257994
0.257994
0.147224
0.147224
0.176602
0.176602
0.399116
0.399116
0.336449
0.336449
0.138997
0.138997
0.149299
0.149299
0.361202
0.361202
0.331922
0.331922
0.189418
0.189418
0.444332
0.444332
0.118524
0.118524
0.095351
0.095351
0.217239
0.217239
0.253403
0.253403
0.271751
0.271751
0.412091
0.412091
0.340045
0.340045
0.238355
0.238355
0.228900
0.228900
0.251270
0.251270
0.219228
0.219228
0.656151
0.656151
0.177151
0.177151
0.215616
0.215616
0.422339
0.422339
0.681671
0.681671
0.261943
0.261943
0.199372
0.199372
0.296528
0.296528
0.484687
0.484687
0.249355
0.249355
0.154408
0.154408
0.126991
0.126991
0.126088
0.126088
0.554207
0.554207
0.352352
0.352352
0.113613
0.113613
0.456150
0.456150
0.411418
0.411418
0.399154
0.399154
0.396511
0.396511
0.315368
0.315368
0.280014
0.280014
0.264552
0.264552
0.283138
0.283138
0.218626
0.218626
0.280051
0.280051
0.219482
0.219482
0.266889
0.266889
0.499498
0.499498
0.308070
0.308070
0.220785
0.220785
0.183830
0.183830
0.418809
0.418809
0.639595
0.639595
0.185691
0.185691
0.494543
0.494543
0.370945
0.370945
0.551416
0.551416
0.433462
0.433462
0.319969
0.319969
0.278892
0.278892
0.351415
0.351415
0.003834
0.003834
0.148889
0.148889
0.174970
0.174970
0.180048
0.180048
0.259518
0.259518
0.115700
0.115700
0.608426
0.608426
0.372285
0.372285
0.172080
0.172080
0.222610
0.222610
0.113497
0.113497
0.363303
0.363303
0.258935
0.258935
0.258905
0.258905
0.264889
0.264889
0.441326
0.441326
0.409441
0.409441
0.478356
0.478356
0.313350
0.313350
0.252760
0.252760
0.278776
0.278776
0.599797
0.599797
0.223480
0.223480
0.898070
0.898070
0.293846
0.293846
0.159990
0.159990
0.614389
0.614389
0.340272
0.340272
0.245251
0.245251
0.321105
0.321105
0.290818
0.290818
0.080889
0.080889
0.440037
0.440037
0.291810
0.291810
0.485722
0.485722
0.447369
0.447369
0.440574
0.440574
0.324699
0.324699
0.390142
0.390142
0.246877
0.246877
0.370082
0.370082
0.202225
0.202225
0.126148
0.126148
0.486018
0.486018
0.204045
0.204045
0.302156
0.302156
0.213120
0.213120
0.542437
0.542437
0.387466
0.387466
0.175260
0.175260
0.339679
0.339679
0.322444
0.322444
0.290866
0.290866
0.267139
0.267139
0.303543
0.303543
0.229090
0.229090
0.272059
0.272059
0.250086
0.250086
0.349257
0.349257
0.115425
0.115425
0.340887
0.340887
0.319481
0.319481
0.268408
0.268408
0.419948
0.419948
0.408346
0.408346
0.296195
0.296195
0.400955
0.400955
0.163211
0.163211
0.308344
0.308344
0.258038
0.258038
0.363118
0.363118
0.401047
0.401047
0.195273
0.195273
0.200317
0.200317
0.116555
0.116555
0.138497
0.138497
0.211603
0.211603
0.122361
0.122361
0.508215
0.508215
0.393004
0.393004
0.734439
0.734439
0.153089
0.153089
0.274009
0.274009
0.594944
0.594944
0.214770
0.214770
0.214817
0.214817
0.578338
0.578338
0.234831
0.234831
0.528381
0.528381
0.142658
0.142658
0.721808
0.721808
0.496019
0.496019
0.192028
0.192028
0.247077
0.247077
0.305656
0.305656
0.212814
0.212814
0.308359
0.308359
0.106430
0.106430
0.451799
0.451799
0.274399
0.274399
0.410425
0.410425
0.395266
0.395266
0.195985
0.195985
0.377860
0.377860
0.261571
0.261571
0.179537
0.179537
0.294778
0.294778
0.222105
0.222105
0.133446
0.133446
0.361109
0.361109
0.266890
0.266890
0.338939
0.338939
0.264778
0.264778
0.412336
0.412336
0.427271
0.427271
0.405861
0.405861
0.454518
0.454518
0.392679
0.392679
0.640792
0.640792
0.437432
0.437432
0.341510
0.341510
0.201454
0.201454
0.332889
0.332889
0.133199
0.133199
0.038105
0.038105
0.633411
0.633411
0.311175
0.311175
0.121765
0.121765
0.235926
0.235926
0.200764
0.200764
0.261326
0.261326
0.271391
0.271391
0.097491
0.097491
0.235862
0.235862
0.418981
0.418981
0.117753
0.117753
0.493669
0.493669
0.474564
0.474564
0.193754
0.193754
0.432788
0.432788
0.570282
0.570282
0.311785
0.311785
0.119449
0.119449
0.386226
0.386226
0.352005
0.352005
0.282792
0.282792
0.237147
0.237147
0.238042
0.238042
0.302169
0.302169
0.321525
0.321525
0.167522
0.167522
0.438447
0.438447
0.143145
0.143145
0.451066
0.451066
0.332958
0.332958
0.197095
0.197095
0.558555
0.558555
0.404775
0.404775
0.158077
0.158077
0.568306
0.568306
0.329587
0.329587
0.237206
0.237206
0.253197
0.253197
0.305975
0.305975
0.298495
0.298495
0.459685
0.459685
0.552326
0.552326
0.083449
0.083449
0.177675
0.177675
0.233178
0.233178
0.332768
0.332768
0.256194
0.256194
0.204044
0.204044
0.397078
0.397078
0.537209
0.537209
0.313691
0.313691
0.193136
0.193136
0.222092
0.222092
0.278979
0.278979
0.649098
0.649098
0.204262
0.204262
0.269375
0.269375
0.357624
0.357624
0.342013
0.342013
0.214646
0.214646
0.444136
0.444136
0.170041
0.170041
0.302643
0.302643
0.202349
0.202349
0.427853
0.427853
0.410738
0.410738
0.302472
0.302472
0.144634
0.144634
0.433686
0.433686
0.328367
0.328367
0.223115
0.223115
0.342698
0.342698
0.427028
0.427028
0.303743
0.303743
0.427881
0.427881
0.227224
0.227224
0.111397
0.111397
0.189904
0.189904
0.258552
0.258552
0.264386
0.264386
0.272188
0.272188
0.324110
0.324110
0.350375
0.350375
0.177977
0.177977
0.242100
0.242100
0.207716
0.207716
0.366755
0.366755
0.552230
0.552230
0.250965
0.250965
0.132147
0.132147
0.205058
0.205058
0.366259
0.366259
0.595379
0.595379
0.249865
0.249865
0.318118
0.318118
0.240197
0.240197
0.238651
0.238651
0.296911
0.296911
0.381857
0.381857
0.315772
0.315772
0.242705
0.242705
0.259613
0.259613
0.333967
0.333967
0.268061
0.268061
0.614730
0.614730
0.529761
0.529761
0.283384
0.283384
0.558700
0.558700
0.238006
0.238006
0.526296
0.526296
0.296072
0.296072
0.423514
0.423514
0.280355
0.280355
0.209600
0.209600
0.173733
0.173733
0.228557
0.228557
0.265216
0.265216
0.217499
0.217499
0.382349
0.382349
0.300784
0.300784
0.193153
0.193153
0.264974
0.264974
0.118047
0.118047
0.011877
0.011877
0.365900
0.365900
0.296992
0.296992
0.421095
0.421095
0.178733
0.178733
0.373250
0.373250
0.173898
0.173898
0.213666
0.213666
0.182795
0.182795
0.558165
0.558165
0.393005
0.393005
0.525303
0.525303
0.220267
0.220267
0.312610
0.312610
0.279075
0.279075
1.132986
1.132986
0.231475
0.231475
0.460271
0.460271
0.366995
0.366995
0.240099
0.240099
0.229356
0.229356
0.178191
0.178191
0.420716
0.420716
0.267619
0.267619
0.568531
0.568531
0.176000
0.176000
0.183200
0.183200
0.591615
0.591615
0.186293
0.186293
0.292314
0.292314
0.342314
0.342314
0.440520
0.440520
0.260280
0.260280
0.176889
0.176889
0.154922
0.154922
0.283295
0.283295
0.175357
0.175357
0.328072
0.328072
0.091793
0.091793
0.199286
0.199286
0.200037
0.200037
0.155872
0.155872
0.313776
0.313776
0.135146
0.135146
0.368905
0.368905
0.388071
0.388071
0.201105
0.201105
0.147791
0.147791
0.417018
0.417018
0.631289
0.631289
0.288548
0.288548
0.302824
0.302824
0.161956
0.161956
0.528612
0.528612
0.126375
0.126375
0.457364
0.457364
0.190181
0.190181
0.397289
0.397289
0.346149
0.346149
0.268316
0.268316
0.275313
0.275313
0.778279
0.778279
0.141257
0.141257
0.528065
0.528065
0.220526
0.220526
0.185752
0.185752
0.301116
0.301116
0.190886
0.190886
0.241141
0.241141
0.315020
0.315020
0.265357
0.265357
0.291457
0.291457
0.241912
0.241912
0.415821
0.415821
0.087672
0.087672
0.210991
0.210991
0.294292
0.294292
0.398622
0.398622
0.186303
0.186303
0.185865
0.185865
0.479682
0.479682
0.207922
0.207922
0.563684
0.563684
0.331834
0.331834
0.290867
0.290867
0.171533
0.171533
0.286873
0.286873
0.510233
0.510233
0.171406
0.171406
0.207978
0.207978
0.313033
0.313033
0.242299
0.242299
0.268750
0.268750
0.093859
0.093859
0.336583
0.336583
0.229103
0.229103
0.201027
0.201027
0.105247
0.105247
0.546959
0.546959
0.298820
0.298820
0.174252
0.174252
0.511999
0.511999
0.276306
0.276306
0.696965
0.696965
0.282829
0.282829
0.251245
0.251245
0.388761
0.388761
0.350645
0.350645
0.324525
0.324525
0.157232
0.157232
0.196733
0.196733
0.413454
0.413454
0.349926
0.349926
0.357937
0.357937
0.599509
0.599509
0.292086
0.292086
0.127665
0.127665
0.194921
0.194921
0.925077
0.925077
0.116713
0.116713
0.313299
0.313299
0.153822
0.153822
0.483816
0.483816
0.416563
0.416563
0.025273
0.025273
0.248366
0.248366
0.189212
0.189212
0.373092
0.373092
0.462081
0.462081
0.391001
0.391001
0.326893
0.326893
0.383547
0.383547
0.148809
0.148809
0.200678
0.200678
0.320650
0.320650
0.173510
0.173510
0.361424
0.361424
0.221168
0.221168
0.197616
0.197616
0.162310
0.162310
0.111736
0.111736
0.124058
0.124058
0.284732
0.284732
0.503643
0.503643
0.307188
0.307188
0.181092
0.181092
0.273387
0.273387
0.638099
0.638099
0.210890
0.210890
0.320415
0.320415
0.169027
0.169027
0.459392
0.459392
0.498989
0.498989
0.138986
0.138986
0.309764
0.309764
0.343266
0.343266
0.184668
0.184668
0.480499
0.480499
0.302763
0.302763
0.481319
0.481319
0.217514
0.217514
0.513649
0.513649
0.271030
0.271030
0.542573
0.542573
0.308097
0.308097
0.639345
0.639345
0.277477
0.277477
0.386565
0.386565
0.299049
0.299049
0.269792
0.269792
0.679758
0.679758
0.292129
0.292129
0.539512
0.539512
0.618772
0.618772
0.308006
0.308006
0.207775
0.207775
0.351044
0.351044
0.243474
0.243474
0.337161
0.337161
0.257924
0.257924
0.175565
0.175565
0.290841
0.290841
0.275980
0.275980
0.252611
0.252611
0.254687
0.254687
0.134628
0.134628
1.057039
1.057039
0.219986
0.219986
0.345492
0.345492
0.404444
0.404444
0.167557
0.167557
0.250034
0.250034
0.338587
0.338587
0.341959
0.341959
0.289212
0.289212
0.259346
0.259346
0.211265
0.211265
0.145887
0.145887
0.449864
0.449864
0.215694
0.215694
0.515160
0.515160
0.215072
0.215072
0.179170
0.179170
0.236734
0.236734
0.246996
0.246996
0.276083
0.276083
0.300044
0.300044
0.221985
0.221985
0.244857
0.244857
0.352770
0.352770
0.324679
0.324679
0.310727
0.310727
0.198549
0.198549
0.423118
0.423118
0.332975
0.332975
0.464493
0.464493
0.189452
0.189452
0.213403
0.213403
0.591973
0.591973
0.557337
0.557337
0.375871
0.375871
0.221413
0.221413
0.116108
0.116108
0.470046
0.470046
0.226412
0.226412
0.243072
0.243072
0.258239
0.258239
0.363560
0.363560
0.163610
0.163610
0.277150
0.277150
0.139041
0.139041
0.323946
0.323946
0.221932
0.221932
0.194142
0.194142
0.416219
0.416219
0.364386
0.364386
0.467309
0.467309
0.416600
0.416600
0.139391
0.139391
0.265780
0.265780
0.187626
0.187626
0.294170
0.294170
0.140139
0.140139
0.314643
0.314643
0.325035
0.325035
0.414917
0.414917
0.167581
0.167581
0.413967
0.413967
0.042789
0.042789
0.360764
0.360764
0.243076
0.243076
0.338038
0.338038
0.524333
0.524333
0.297450
0.297450
0.445860
0.445860
0.384353
0.384353
0.134143
0.134143
0.411469
0.411469
0.170548
0.170548
0.479533
0.479533
0.529481
0.529481
0.218282
0.218282
0.211188
0.211188
0.336481
0.336481
0.130467
0.130467
0.307675
0.307675
0.327189
0.327189
0.385094
0.385094
0.246693
0.246693
0.577104
0.577104
0.512534
0.512534
0.221828
0.221828
0.333664
0.333664
0.179052
0.179052
0.205738
0.205738
0.375661
0.375661
0.154655
0.154655
0.355892
0.355892
0.289733
0.289733
0.308639
0.308639
0.397986
0.397986
0.171185
0.171185
0.432152
0.432152
0.329184
0.329184
0.275531
0.275531
0.120975
0.120975
0.435099
0.435099
0.192206
0.192206
0.646819
0.646819
0.300987
0.300987
0.270154
0.270154
0.120227
0.120227
0.325401
0.325401
0.336385
0.336385
0.295532
0.295532
0.382688
0.382688
0.244353
0.244353
0.124391
0.124391
0.247567
0.247567
0.541191
0.541191
0.147856
0.147856
0.390560
0.390560
0.392060
0.392060
0.203859
0.203859
0.385453
0.385453
0.099180
0.099180
0.176294
0.176294
0.278470
0.278470
0.190089
0.190089
0.285022
0.285022
0.384077
0.384077
0.414360
0.414360
0.197903
0.197903
0.218196
0.218196
0.295648
0.295648
0.317028
0.317028
0.401703
0.401703
0.403237
0.403237
0.166970
0.166970
0.130444
0.130444
0.841447
0.841447
0.338431
0.338431
0.501486
0.501486
0.464724
0.464724
0.581504
0.581504
0.167411
0.167411
0.222251
0.222251
0.330429
0.330429
0.272011
0.272011
0.174336
0.174336
0.638962
0.638962
0.217853
0.217853
0.194831
0.194831
0.190638
0.190638
0.100857
0.100857
0.217954
0.217954
0.239601
0.239601
0.298367
0.298367
0.395821
0.395821
0.325540
0.325540
0.382948
0.382948
0.217239
0.217239
0.311249
0.311249
0.114946
0.114946
0.230875
0.230875
0.505343
0.505343
0.358861
0.358861
0.144964
0.144964
0.262933
0.262933
0.484061
0.484061
0.492065
0.492065
0.416195
0.416195
0.154747
0.154747
0.239435
0.239435
0.210893
0.210893
0.261759
0.261759
0.647868
0.647868
0.175451
0.175451
0.110388
0.110388
0.403532
0.403532
0.173843
0.173843
0.178842
0.178842
0.304615
0.304615
0.236107
0.236107
0.151540
0.151540
0.203924
0.203924
0.420474
0.420474
0.278335
0.278335
0.328017
0.328017
0.707635
0.707635
0.219174
0.219174
0.446441
0.446441
0.108075
0.108075
0.218276
0.218276
0.206004
0.206004
0.279984
0.279984
0.309918
0.309918
0.359471
0.359471
0.345034
0.345034
0.315382
0.315382
0.309306
0.309306
0.350879
0.350879
0.110021
0.110021
0.319696
0.319696
0.534309
0.534309
0.171162
0.171162
0.345923
0.345923
0.276766
0.276766
0.297346
0.297346
0.255438
0.255438
0.277351
0.277351
0.307444
0.307444
0.218958
0.218958
0.425827
0.425827
0.196161
0.196161
0.326932
0.326932
0.204013
0.204013
0.386704
0.386704
0.199037
0.199037
0.229309
0.229309
0.200869
0.200869
0.317230
0.317230
0.399616
0.399616
0.472880
0.472880
0.104025
0.104025
0.238064
0.238064
0.377880
0.377880
0.452538
0.452538
0.236308
0.236308
0.174718
0.174718
0.430215
0.430215
0.137208
0.137208
0.329785
0.329785
0.334547
0.334547
0.232375
0.232375
0.425333
0.425333
0.299532
0.299532
0.392055
0.392055
0.277082
0.277082
0.220702
0.220702
0.154731
0.154731
0.584492
0.584492
0.187756
0.187756
0.232052
0.232052
0.296780
0.296780
0.235087
0.235087
0.188106
0.188106
0.265425
0.265425
0.117895
0.117895
0.275228
0.275228
0.373368
0.373368
0.255509
0.255509
0.273669
0.273669
0.184642
0.184642
0.930102
0.930102
0.428737
0.428737
0.219898
0.219898
0.435604
0.435604
0.383167
0.383167
0.121781
0.121781
0.272067
0.272067
0.554144
0.554144
0.226677
0.226677
0.222453
0.222453
0.158803
0.158803
0.211556
0.211556
0.135026
0.135026
0.160886
0.160886
0.548978
0.548978
0.293284
0.293284
0.227339
0.227339
0.186767
0.186767
0.205201
0.205201
0.416330
0.416330
0.113856
0.113856
0.175923
0.175923
0.511641
0.511641
0.895503
0.895503
0.306089
0.306089
0.115516
0.115516
0.217598
0.217598
0.225819
0.225819
0.588336
0.588336
0.387506
0.387506
0.256536
0.256536
0.436150
0.436150
0.212936
0.212936
0.150937
0.150937
0.166136
0.166136
0.479712
0.479712
0.823988
0.823988
0.263748
0.263748
0.214137
0.214137
0.384390
0.384390
0.506495
0.506495
0.211089
0.211089
0.283849
0.283849
0.333302
0.333302
0.239203
0.239203
0.523994
0.523994
0.366920
0.366920
0.407772
0.407772
0.298948
0.298948
0.301964
0.301964
0.170503
0.170503
0.262645
0.262645
0.518414
0.518414
0.330744
0.330744
0.230920
0.230920
0.491460
0.491460
0.249430
0.249430
0.201765
0.201765
0.427252
0.427252
0.276384
0.276384
0.240404
0.240404
0.783474
0.783474
0.011351
0.011351
0.195357
0.195357
0.155880
0.155880
0.620667
0.620667
0.573628
0.573628
0.206336
0.206336
0.276086
0.276086
0.269499
0.269499
0.310387
0.310387
0.130632
0.130632
0.453790
0.453790
0.267927
0.267927
0.247786
0.247786
0.291122
0.291122
0.166280
0.166280
0.383015
0.383015
0.144949
0.144949
0.121925
0.121925
0.321556
0.321556
0.363969
0.363969
0.404458
0.404458
0.375804
0.375804
0.264192
0.264192
0.298423
0.298423
0.239286
0.239286
0.333318
0.333318
0.828363
0.828363
0.798883
0.798883
0.332649
0.332649
0.142509
0.142509
0.651541
0.651541
0.364654
0.364654
0.374024
0.374024
0.227141
0.227141
0.312757
0.312757
0.457645
0.457645
0.269846
0.269846
0.196510
0.196510
0.317507
0.317507
0.256783
0.256783
0.236998
0.236998
0.198012
0.198012
0.167126
0.167126
0.125841
0.125841
0.738474
0.738474
0.224894
0.224894
0.390537
0.390537
0.665473
0.665473
0.490883
0.490883
0.452096
0.452096
0.492771
0.492771
0.266192
0.266192
0.161938
0.161938
0.515057
0.515057
0.331010
0.331010
0.304417
0.304417
0.322814
0.322814
0.182598
0.182598
0.323828
0.323828
0.248995
0.248995
0.192873
0.192873
0.279147
0.279147
0.306974
0.306974
0.166594
0.166594
0.562182
0.562182
0.225950
0.225950
0.179493
0.179493
0.082018
0.082018
0.383386
0.383386
0.223473
0.223473
0.186065
0.186065
0.232483
0.232483
0.199533
0.199533
0.191083
0.191083
0.334828
0.334828
0.539160
0.539160
0.123631
0.123631
0.112068
0.112068
0.443539
0.443539
0.323738
0.323738
0.324920
0.324920
0.185883
0.185883
0.258400
0.258400
0.238468
0.238468
0.372021
0.372021
0.225785
0.225785
0.187859
0.187859
0.424650
0.424650
0.222139
0.222139
0.530172
0.530172
0.167443
0.167443
0.212156
0.212156
0.416239
0.416239
0.416832
0.416832
0.123998
0.123998
0.372104
0.372104
0.169932
0.169932
0.334389
0.334389
0.376937
0.376937
0.151290
0.151290
0.275882
0.275882
0.511304
0.511304
0.270813
0.270813
0.383860
0.383860
0.268458
0.268458
0.406667
0.406667
0.175678
0.175678
0.215428
0.215428
0.426320
0.426320
0.275482
0.275482
0.121096
0.121096
0.236617
0.236617
0.181244
0.181244
0.409300
0.409300
0.513705
0.513705
0.258397
0.258397
0.360543
0.360543
0.302794
0.302794
0.224335
0.224335
0.548817
0.548817
0.103947
0.103947
0.160944
0.160944
0.333285
0.333285
0.120317
0.120317
0.040615
0.040615
0.254798
0.254798
0.285086
0.285086
0.422278
0.422278
0.266987
0.266987
0.433408
0.433408
0.185398
0.185398
0.641880
0.641880
0.232492
0.232492
0.252739
0.252739
0.317193
0.317193
0.229096
0.229096
0.198995
0.198995
0.586112
0.586112
0.772776
0.772776
0.316764
0.316764
0.183953
0.183953
0.252163
0.252163
0.238332
0.238332
0.124002
0.124002
0.187781
0.187781
0.382662
0.382662
0.257440
0.257440
0.283227
0.283227
0.382253
0.382253
0.246912
0.246912
0.164069
0.164069
0.511168
0.511168
0.347263
0.347263
0.592292
0.592292
0.622355
0.622355
0.497021
0.497021
0.321474
0.321474
0.333967
0.333967
0.560267
0.560267
0.360898
0.360898
0.411157
0.411157
0.299894
0.299894
0.315434
0.315434
0.135998
0.135998
0.298041
0.298041
0.316742
0.316742
0.265337
0.265337
0.116420
0.116420
0.368924
0.368924
0.215380
0.215380
0.375530
0.375530
0.209134
0.209134
0.225163
0.225163
0.189171
0.189171
0.421652
0.421652
0.261440
0.261440
0.122802
0.122802
0.107313
0.107313
0.357405
0.357405
0.162713
0.162713
0.115302
0.115302
0.200220
0.200220
0.356513
0.356513
0.146074
0.146074
0.228036
0.228036
0.270294
0.270294
0.200295
0.200295
0.189840
0.189840
0.339545
0.339545
0.200471
0.200471
0.262332
0.262332
0.629466
0.629466
0.224478
0.224478
0.159927
0.159927
0.325816
0.325816
0.356830
0.356830
0.217007
0.217007
0.500000
0.500000
0.188377
0.188377
0.285941
0.285941
0.221971
0.221971
0.385149
0.385149
0.425103
0.425103
0.301919
0.301919
0.275978
0.275978
0.354728
0.354728
0.105534
0.105534
0.248904
0.248904
0.374730
0.374730
0.224205
0.224205
0.529979
0.529979
0.190320
0.190320
0.190279
0.190279
0.279510
0.279510
0.502578
0.502578
0.153295
0.153295
0.373144
0.373144
0.533163
0.533163
0.410136
0.410136
0.315456
0.315456
0.293880
0.293880
0.279155
0.279155
0.498349
0.498349
0.138953
0.138953
0.137157
0.137157
0.335827
0.335827
0.323469
0.323469
0.203269
0.203269
0.401096
0.401096
0.225983
0.225983
0.285569
0.285569
0.447461
0.447461
0.239314
0.239314
0.232506
0.232506
0.419888
0.419888
0.158608
0.158608
0.559002
0.559002
0.170522
0.170522
0.306292
0.306292
0.711324
0.711324
0.551033
0.551033
0.269868
0.269868
0.451013
0.451013
0.263694
0.263694
0.448892
0.448892
0.107917
0.107917
0.138692
0.138692
0.487631
0.487631
0.053351
0.053351
0.183325
0.183325
0.211802
0.211802
0.166287
0.166287
0.306427
0.306427
0.410711
0.410711
0.194984
0.194984
0.172537
0.172537
0.492135
0.492135
0.195238
0.195238
0.427151
0.427151
0.478335
0.478335
0.276460
0.276460
0.129750
0.129750
0.569536
0.569536
0.341583
0.341583
0.407312
0.407312
0.347563
0.347563
0.251078
0.251078
0.234284
0.234284
0.397258
0.397258
0.318332
0.318332
0.249651
0.249651
0.368991
0.368991
0.293744
0.293744
0.371458
0.371458
0.171998
0.171998
0.374537
0.374537
0.145225
0.145225
0.258296
0.258296
0.243720
0.243720
0.732003
0.732003
0.252629
0.252629
0.201363
0.201363
0.305528
0.305528
0.472837
0.472837
0.114396
0.114396
0.171684
0.171684
0.317858
0.317858
0.267617
0.267617
0.592362
0.592362
0.327627
0.327627
0.327686
0.327686
0.212634
0.212634
0.137386
0.137386
0.222273
0.222273
0.398677
0.398677
0.315037
0.315037
0.249368
0.249368
0.283535
0.283535
0.207624
0.207624
0.272575
0.272575
0.327477
0.327477
0.183271
0.183271
0.079803
0.079803
0.277824
0.277824
0.386278
0.386278
0.230512
0.230512
0.198102
0.198102
0.279617
0.279617
0.259121
0.259121
0.241014
0.241014
0.295964
0.295964
0.798603
0.798603
0.331781
0.331781
0.506740
0.506740
0.730915
0.730915
0.214125
0.214125
0.529750
0.529750
0.321486
0.321486
0.414790
0.414790
0.103065
0.103065
0.424111
0.424111
0.255254
0.255254
0.149314
0.149314
0.107414
0.107414
0.335271
0.335271
0.569368
0.569368
0.272456
0.272456
0.452108
0.452108
0.561591
0.561591
0.193422
0.193422
0.144571
0.144571
0.336937
0.336937
0.237225
0.237225
0.348410
0.348410
0.146050
0.146050
0.242262
0.242262
0.430732
0.430732
0.198771
0.198771
0.265692
0.265692
0.345026
0.345026
0.500182
0.500182
0.166382
0.166382
0.201666
0.201666
0.400113
0.400113
0.205844
0.205844
0.416248
0.416248
0.289586
0.289586
0.244550
0.244550
0.191377
0.191377
0.128115
0.128115
0.722469
0.722469
0.107710
0.107710
0.396509
0.396509
0.183354
0.183354
0.318743
0.318743
0.223285
0.223285
0.150407
0.150407
0.213408
0.213408
0.250031
0.250031
0.126677
0.126677
0.615406
0.615406
0.199057
0.199057
0.487895
0.487895
0.599562
0.599562
0.248555
0.248555
0.620692
0.620692
0.205838
0.205838
0.142918
0.142918
0.228387
0.228387
0.323075
0.323075
0.326440
0.326440
0.359328
0.359328
1.029497
1.029497
0.659546
0.659546
0.168425
0.168425
0.600426
0.600426
0.328538
0.328538
0.299393
0.299393
0.327445
0.327445
0.396867
0.396867
0.434177
0.434177
0.394640
0.394640
0.162270
0.162270
0.140239
0.140239
0.246532
0.246532
0.328578
0.328578
0.181784
0.181784
0.161316
0.161316
0.254471
0.254471
0.467895
0.467895
0.126225
0.126225
0.281060
0.281060
0.430818
0.430818
0.459135
0.459135
0.303120
0.303120
0.363021
0.363021
0.199576
0.199576
0.203861
0.203861
0.394863
0.394863
0.192700
0.192700
0.141220
0.141220
0.144164
0.144164
0.557825
0.557825
0.290234
0.290234
0.332287
0.332287
0.633883
0.633883
0.233921
0.233921
0.307733
0.307733
0.444940
0.444940
0.323046
0.323046
0.374171
0.374171
0.567445
0.567445
0.109363
0.109363
0.356654
0.356654
0.261472
0.261472
0.320173
0.320173
0.176496
0.176496
0.226402
0.226402
0.208335
0.208335
0.258197
0.258197
0.224012
0.224012
0.224442
0.224442
0.319169
0.319169
0.190456
0.190456
0.202593
0.202593
0.418683
0.418683
0.228747
0.228747
0.223093
0.223093
0.153691
0.153691
0.419250
0.419250
0.330191
0.330191
0.387258
0.387258
0.289477
0.289477
0.678623
0.678623
0.230502
0.230502
0.309736
0.309736
0.570765
0.570765
0.211971
0.211971
0.153689
0.153689
0.211369
0.211369
0.199295
0.199295
0.099587
0.099587
0.192286
0.192286
0.176344
0.176344
0.191464
0.191464
0.124967
0.124967
0.231740
0.231740
0.153801
0.153801
0.148140
0.148140
0.155347
0.155347
0.164827
0.164827
0.244678
0.244678
0.571139
0.571139
0.352123
0.352123
0.525517
0.525517
0.515674
0.515674
0.635839
0.635839
0.203168
0.203168
0.297450
0.297450
0.183374
0.183374
0.257963
0.257963
0.474883
0.474883
0.231533
0.231533
0.383508
0.383508
0.348444
0.348444
0.399628
0.399628
0.148373
0.148373
0.689421
0.689421
0.385086
0.385086
0.301311
0.301311
0.579524
0.579524
0.448839
0.448839
0.278153
0.278153
0.187544
0.187544
0.294764
0.294764
0.100672
0.100672
0.294234
0.294234
0.371281
0.371281
0.370574
0.370574
0.208995
0.208995
0.215298
0.215298
0.418323
0.418323
0.220173
0.220173
0.110411
0.110411
0.289349
0.289349
0.183962
0.183962
0.155886
0.155886
0.284690
0.284690
0.233141
0.233141
0.478255
0.478255
0.345968
0.345968
0.267085
0.267085
0.568133
0.568133
0.221149
0.221149
0.295654
0.295654
0.358861
0.358861
0.408380
0.408380
0.240608
0.240608
0.696329
0.696329
0.526861
0.526861
0.200496
0.200496
0.420395
0.420395
0.310183
0.310183
0.181255
0.181255
0.218611
0.218611
0.316917
0.316917
0.308446
0.308446
0.601156
0.601156
0.300258
0.300258
0.326404
0.326404
0.382040
0.382040
0.148807
0.148807
0.130725
0.130725
0.384506
0.384506
0.207455
0.207455
0.355746
0.355746
0.210407
0.210407
0.428448
0.428448
0.170110
0.170110
0.393310
0.393310
0.249249
0.249249
0.549431
0.549431
0.119888
0.119888
0.400130
0.400130
0.299589
0.299589
0.823363
0.823363
0.161695
0.161695
0.141929
0.141929
0.366740
0.366740
0.259210
0.259210
0.422121
0.422121
0.547206
0.547206
0.089612
0.089612
0.249836
0.249836
0.307926
0.307926
0.082184
0.082184
0.157945
0.157945
0.225397
0.225397
0.185217
0.185217
0.106388
0.106388
0.410980
0.410980
0.566074
0.566074
0.107176
0.107176
0.141967
0.141967
0.289480
0.289480
0.119791
0.119791
0.318339
0.318339
0.256574
0.256574
0.553117
0.553117
0.359048
0.359048
0.439077
0.439077
0.303180
0.303180
0.213111
0.213111
0.416562
0.416562
0.205482
0.205482
0.421061
0.421061
0.333683
0.333683
0.527845
0.527845
0.295509
0.295509
0.154914
0.154914
0.310562
0.310562
0.323947
0.323947
0.103999
0.103999
0.298026
0.298026
0.308069
0.308069
0.437551
0.437551
0.175879
0.175879
0.544482
0.544482
0.548491
0.548491
0.269641
0.269641
0.216722
0.216722
0.251879
0.251879
0.226590
0.226590
0.167242
0.167242
0.602130
0.602130
0.246136
0.246136
0.115098
0.115098
0.098996
0.098996
0.257454
0.257454
0.269305
0.269305
0.208093
0.208093
0.242220
0.242220
0.366277
0.366277
0.155527
0.155527
0.526698
0.526698
0.253604
0.253604
0.349896
0.349896
0.057465
0.057465
0.126701
0.126701
0.187580
0.187580
0.310627
0.310627
0.245553
0.245553
0.310436
0.310436
0.247015
0.247015
0.211554
0.211554
0.239908
0.239908
0.404765
0.404765
0.370486
0.370486
0.470577
0.470577
0.348913
0.348913
0.482739
0.482739
0.215572
0.215572
0.398686
0.398686
0.388671
0.388671
0.181342
0.181342
0.096604
0.096604
0.202306
0.202306
0.131837
0.131837
0.444051
0.444051
0.256646
0.256646
0.359539
0.359539
0.265689
0.265689
0.374654
0.374654
0.240092
0.240092
0.610384
0.610384
0.283871
0.283871
0.422686
0.422686
0.218357
0.218357
0.470786
0.470786
0.287367
0.287367
0.031377
0.031377
0.242712
0.242712
0.089536
0.089536
0.147236
0.147236
0.366746
0.366746
0.218057
0.218057
0.252450
0.252450
0.226041
0.226041
0.265779
0.265779
0.169230
0.169230
0.662637
0.662637
0.310098
0.310098
0.098051
0.098051
0.410604
0.410604
0.283121
0.283121
0.509488
0.509488
0.221779
0.221779
0.207117
0.207117
0.676844
0.676844
0.110814
0.110814
0.224572
0.224572
0.246203
0.246203
0.125191
0.125191
0.211321
0.211321
0.590456
0.590456
0.240383
0.240383
0.432461
0.432461
0.548085
0.548085
0.238263
0.238263
0.163943
0.163943
0.328088
0.328088
0.311710
0.311710
0.395341
0.395341
0.152894
0.152894
0.220193
0.220193
0.366772
0.366772
0.080256
0.080256
0.332219
0.332219
0.568560
0.568560
0.252096
0.252096
0.220429
0.220429
0.120750
0.120750
0.558740
0.558740
0.329049
0.329049
0.296668
0.296668
0.494432
0.494432
0.237891
0.237891
0.279176
0.279176
0.243530
0.243530
0.090788
0.090788
0.187042
0.187042
0.434406
0.434406
0.540746
0.540746
0.214910
0.214910
0.312720
0.312720
0.401651
0.401651
0.314805
0.314805
0.456084
0.456084
0.465579
0.465579
0.221708
0.221708
0.215956
0.215956
0.215834
0.215834
0.365810
0.365810
0.223525
0.223525
0.646468
0.646468
0.262438
0.262438
0.200463
0.200463
0.175415
0.175415
0.262252
0.262252
0.277769
0.277769
0.281052
0.281052
0.260632
0.260632
0.187659
0.187659
0.324779
0.324779
0.208947
0.208947
0.641137
0.641137
0.301390
0.301390
0.187550
0.187550
0.198548
0.198548
0.093984
0.093984
0.240669
0.240669
0.283059
0.283059
0.323464
0.323464
0.304671
0.304671
0.329897
0.329897
0.180059
0.180059
0.190466
0.190466
0.578324
0.578324
0.169674
0.169674
0.300176
0.300176
0.688257
0.688257
0.439587
0.439587
0.468001
0.468001
0.222239
0.222239
0.568007
0.568007
0.164480
0.164480
0.190849
0.190849
0.071896
0.071896
0.458852
0.458852
0.236418
0.236418
0.113298
0.113298
0.662357
0.662357
0.347229
0.347229
0.089441
0.089441
0.341092
0.341092
0.257484
0.257484
1.093337
1.093337
0.212707
0.212707
0.593117
0.593117
0.206075
0.206075
0.272187
0.272187
0.464730
0.464730
0.414668
0.414668
0.198563
0.198563
0.378891
0.378891
0.283206
0.283206
0.393574
0.393574
0.208348
0.208348
0.239868
0.239868
0.104214
0.104214
0.307963
0.307963
0.288591
0.288591
0.138156
0.138156
0.309931
0.309931
0.513637
0.513637
0.394942
0.394942
0.213191
0.213191
0.313072
0.313072
0.251694
0.251694
0.432662
0.432662
0.203205
0.203205
0.282823
0.282823
0.467723
0.467723
0.289054
0.289054
0.460516
0.460516
0.249356
0.249356
0.271979
0.271979
0.401675
0.401675
0.493381
0.493381
0.192839
0.192839
0.406401
0.406401
0.162045
0.162045
0.328066
0.328066
0.295171
0.295171
0.121335
0.121335
0.605199
0.605199
0.149777
0.149777
0.139515
0.139515
0.287942
0.287942
0.192622
0.192622
0.195157
0.195157
0.438631
0.438631
0.154639
0.154639
0.467671
0.467671
0.289256
0.289256
0.196692
0.196692
0.129758
0.129758
0.505027
0.505027
0.438298
0.438298
0.250412
0.250412
0.307956
0.307956
0.418140
0.418140
0.233141
0.233141
0.345627
0.345627
0.477500
0.477500
0.116638
0.116638
0.223006
0.223006
0.133588
0.133588
0.174098
0.174098
0.187771
0.187771
0.243950
0.243950
0.211267
0.211267
0.269305
0.269305
0.288069
0.288069
0.218248
0.218248
0.320278
0.320278
0.410080
0.410080
0.336678
0.336678
0.101439
0.101439
0.434857
0.434857
0.154745
0.154745
0.332997
0.332997
0.238910
0.238910
0.257072
0.257072
0.389869
0.389869
0.225360
0.225360
0.621066
0.621066
0.472544
0.472544
0.200512
0.200512
0.204356
0.204356
0.345711
0.345711
0.249303
0.249303
0.325540
0.325540
0.287855
0.287855
0.140926
0.140926
0.273218
0.273218
0.275988
0.275988
0.253097
0.253097
0.225037
0.225037
0.377443
0.377443
0.162199
0.162199
0.464062
0.464062
0.360690
0.360690
0.249183
0.249183
0.288566
0.288566
0.356727
0.356727
0.354595
0.354595
0.218732
0.218732
0.700923
0.700923
0.205738
0.205738
0.242223
0.242223
0.237524
0.237524
0.306445
0.306445
0.109877
0.109877
0.284890
0.284890
0.224784
0.224784
0.529527
0.529527
0.456623
0.456623
0.196643
0.196643
0.116473
0.116473
0.509266
0.509266
0.288609
0.288609
0.188973
0.188973
0.522161
0.522161
0.260337
0.260337
0.296037
0.296037
0.209298
0.209298
0.418565
0.418565
0.363529
0.363529
0.159122
0.159122
0.264262
0.264262
0.238708
0.238708
0.298904
0.298904
0.260658
0.260658
0.414301
0.414301
0.536320
0.536320
0.300577
0.300577
0.865050
0.865050
0.549750
0.549750
0.212763
0.212763
0.363711
0.363711
0.467767
0.467767
0.232264
0.232264
0.125208
0.125208
0.220728
0.220728
0.312292
0.312292
0.311445
0.311445
0.173536
0.173536
0.111686
0.111686
0.224043
0.224043
0.390370
0.390370
0.227898
0.227898
0.179337
0.179337
0.231576
0.231576
0.456867
0.456867
0.423142
0.423142
0.407686
0.407686
0.291182
0.291182
0.322025
0.322025
0.176380
0.176380
0.275350
0.275350
0.652199
0.652199
0.164724
0.164724
0.407038
0.407038
0.230524
0.230524
0.187700
0.187700
0.511830
0.511830
0.295989
0.295989
0.252470
0.252470
0.292644
0.292644
0.146101
0.146101
0.278615
0.278615
0.168155
0.168155
0.299916
0.299916
0.295771
0.295771
0.249428
0.249428
0.115020
0.115020
0.193144
0.193144
0.508588
0.508588
0.444083
0.444083
0.152104
0.152104
0.392894
0.392894
0.331005
0.331005
0.239250
0.239250
0.307886
0.307886
0.403921
0.403921
0.275627
0.275627
0.149074
0.149074
0.459642
0.459642
0.274640
0.274640
0.234602
0.234602
0.340924
0.340924
0.317999
0.317999
0.618871
0.618871
0.661961
0.661961
0.306672
0.306672
0.193632
0.193632
0.317042
0.317042
0.196407
0.196407
0.238022
0.238022
0.322598
0.322598
0.086276
0.086276
0.411586
0.411586
0.278868
0.278868
0.396887
0.396887
0.205146
0.205146
0.289771
0.289771
0.152629
0.152629
0.332985
0.332985
0.170044
0.170044
0.169827
0.169827
0.320589
0.320589
0.210057
0.210057
0.160714
0.160714
0.222202
0.222202
0.211986
0.211986
0.171887
0.171887
0.372016
0.372016
0.226370
0.226370
0.091582
0.091582
0.360957
0.360957
0.189563
0.189563
0.136195
0.136195
0.093075
0.093075
0.117996
0.117996
1.006863
1.006863
0.121008
0.121008
0.257030
0.257030
0.409622
0.409622
0.184773
0.184773
0.454151
0.454151
0.206116
0.206116
0.247695
0.247695
0.194994
0.194994
0.138573
0.138573
0.323992
0.323992
0.338984
0.338984
0.318051
0.318051
0.150443
0.150443
0.207694
0.207694
0.535391
0.535391
0.319686
0.319686
0.153465
0.153465
0.415865
0.415865
0.495038
0.495038
0.391611
0.391611
0.415618
0.415618
0.650913
0.650913
0.508784
0.508784
0.358489
0.358489
0.468999
0.468999
0.217602
0.217602
0.439809
0.439809
0.287865
0.287865
0.255648
0.255648
0.436019
0.436019
0.313833
0.313833
0.412041
0.412041
0.512768
0.512768
0.138979
0.138979
0.273918
0.273918
0.341985
0.341985
0.228318
0.228318
0.264479
0.264479
0.354380
0.354380
0.186300
0.186300
0.197236
0.197236
0.467577
0.467577
0.264655
0.264655
0.508312
0.508312
0.359888
0.359888
0.340865
0.340865
0.009209
0.009209
0.104674
0.104674
0.211465
0.211465
0.275484
0.275484
0.210618
0.210618
0.231439
0.231439
0.172243
0.172243
0.125845
0.125845
0.166552
0.166552
0.199834
0.199834
0.490938
0.490938
0.471311
0.471311
0.208448
0.208448
0.245216
0.245216
0.177691
0.177691
0.197577
0.197577
0.226325
0.226325
0.331655
0.331655
0.268326
0.268326
0.192779
0.192779
0.551089
0.551089
0.235044
0.235044
0.386089
0.386089
0.417237
0.417237
0.560320
0.560320
0.214514
0.214514
0.297718
0.297718
0.346350
0.346350
0.169341
0.169341
0.126620
0.126620
0.221740
0.221740
0.292648
0.292648
0.288327
0.288327
0.236407
0.236407
0.157253
0.157253
0.544526
0.544526
0.449756
0.449756
0.327702
0.327702
0.537049
0.537049
0.159123
0.159123
0.212566
0.212566
0.192398
0.192398
0.238441
0.238441
0.396135
0.396135
0.813326
0.813326
0.188805
0.188805
0.212073
0.212073
0.275663
0.275663
0.215456
0.215456
0.389865
0.389865
0.181040
0.181040
0.229677
0.229677
0.398119
0.398119
0.267229
0.267229
0.346118
0.346118
0.317872
0.317872
0.491724
0.491724
0.256662
0.256662
0.168097
0.168097
0.436105
0.436105
1.094863
1.094863
0.117311
0.117311
0.234396
0.234396
0.148905
0.148905
0.140070
0.140070
0.318157
0.318157
0.531287
0.531287
0.466707
0.466707
0.330379
0.330379
0.161168
0.161168
0.282889
0.282889
0.279960
0.279960
0.162267
0.162267
0.316881
0.316881
0.195895
0.195895
0.150830
0.150830
0.284949
0.284949
0.444682
0.444682
0.668022
0.668022
0.221327
0.221327
0.273215
0.273215
0.323304
0.323304
0.453452
0.453452
0.152313
0.152313
0.139063
0.139063
0.276144
0.276144
0.166878
0.166878
0.297676
0.297676
0.229465
0.229465
0.259929
0.259929
0.398448
0.398448
0.570991
0.570991
0.155126
0.155126
0.228022
0.228022
0.317805
0.317805
0.323643
0.323643
0.528932
0.528932
0.345006
0.345006
0.271560
0.271560
0.314523
0.314523
0.177001
0.177001
0.114488
0.114488
0.225107
0.225107
0.308726
0.308726
0.465254
0.465254
0.486825
0.486825
0.228094
0.228094
0.227413
0.227413
0.428111
0.428111
0.202527
0.202527
0.220086
0.220086
0.239878
0.239878
0.321239
0.321239
0.212661
0.212661
0.558043
0.558043
0.354784
0.354784
0.247158
0.247158
0.170209
0.170209
0.188425
0.188425
0.175104
0.175104
0.652166
0.652166
0.291382
0.291382
0.468345
0.468345
0.190529
0.190529
0.113832
0.113832
0.252162
0.252162
0.457513
0.457513
0.133111
0.133111
0.456215
0.456215
0.671726
0.671726
0.170222
0.170222
0.375173
0.375173
0.169020
0.169020
0.222616
0.222616
0.092939
0.092939
0.608636
0.608636
0.234284
0.234284
0.169825
0.169825
0.337349
0.337349
0.364792
0.364792
0.219886
0.219886
0.145332
0.145332
0.345972
0.345972
0.272090
0.272090
0.262043
0.262043
0.733192
0.733192
0.132820
0.132820
0.195061
0.195061
0.315077
0.315077
0.162386
0.162386
0.272816
0.272816
0.291402
0.291402
0.083435
0.083435
0.591791
0.591791
0.385941
0.385941
0.350002
0.350002
0.264851
0.264851
0.301556
0.301556
0.425458
0.425458
0.348914
0.348914
0.195612
0.195612
0.583385
0.583385
0.229686
0.229686
0.366101
0.366101
0.414435
0.414435
0.637840
0.637840
0.346809
0.346809
0.116426
0.116426
0.307258
0.307258
0.102431
0.102431
0.402191
0.402191
0.381962
0.381962
0.203511
0.203511
0.102415
0.102415
0.237233
0.237233
0.225816
0.225816
0.544009
0.544009
0.616392
0.616392
0.232288
0.232288
0.201125
0.201125
0.212814
0.212814
0.332889
0.332889
0.657478
0.657478
0.756188
0.756188
0.163330
0.163330
0.247761
0.247761
0.309038
0.309038
0.435444
0.435444
0.248535
0.248535
0.276855
0.276855
0.196273
0.196273
0.254185
0.254185
0.635427
0.635427
0.151027
0.151027
0.264365
0.264365
0.445852
0.445852
0.295260
0.295260
0.172081
0.172081
0.202393
0.202393
0.273473
0.273473
0.268252
0.268252
0.160663
0.160663
0.475624
0.475624
0.467073
0.467073
0.608636
0.608636
0.520434
0.520434
0.276307
0.276307
0.197757
0.197757
0.314617
0.314617
0.154149
0.154149
0.276846
0.276846
0.255595
0.255595
0.068990
0.068990
0.121226
0.121226
0.123552
0.123552
0.159032
0.159032
0.289117
0.289117
0.374594
0.374594
0.275742
0.275742
0.156198
0.156198
0.231014
0.231014
0.357891
0.357891
0.213026
0.213026
0.271770
0.271770
0.241651
0.241651
0.333982
0.333982
0.131817
0.131817
0.319750
0.319750
0.262605
0.262605
0.230878
0.230878
0.385172
0.385172
0.173125
0.173125
0.404294
0.404294
0.890356
0.890356
0.257691
0.257691
0.232489
0.232489
0.213585
0.213585
0.305152
0.305152
0.287312
0.287312
0.279317
0.279317
0.322894
0.322894
0.159673
0.159673
0.270315
0.270315
0.174178
0.174178
0.390185
0.390185
0.178578
0.178578
0.216883
0.216883
0.419809
0.419809
0.090192
0.090192
0.168164
0.168164
0.271148
0.271148
0.234575
0.234575
0.160168
0.160168
0.200127
0.200127
0.314386
0.314386
0.462632
0.462632
0.425864
0.425864
0.169957
0.169957
0.173896
0.173896
0.470338
0.470338
0.222378
0.222378
0.249726
0.249726
0.241900
0.241900
0.236899
0.236899
0.265309
0.265309
0.596728
0.596728
1.060107
1.060107
0.257486
0.257486
0.379251
0.379251
0.314909
0.314909
0.178781
0.178781
0.389845
0.389845
0.346926
0.346926
0.190522
0.190522
0.133206
0.133206
0.329151
0.329151
0.111943
0.111943
0.105750
0.105750
0.163685
0.163685
0.175606
0.175606
0.544504
0.544504
0.293328
0.293328
0.373480
0.373480
0.460866
0.460866
0.359677
0.359677
0.234570
0.234570
0.240211
0.240211
0.322765
0.322765
0.307412
0.307412
0.483889
0.483889
0.285853
0.285853
0.289131
0.289131
0.169146
0.169146
0.369015
0.369015
0.265805
0.265805
0.418974
0.418974
0.185194
0.185194
0.237897
0.237897
0.249162
0.249162
0.248570
0.248570
0.383044
0.383044
0.816313
0.816313
0.161425
0.161425
0.564491
0.564491
0.152540
0.152540
0.229138
0.229138
0.172281
0.172281
0.160990
0.160990
0.490781
0.490781
0.228292
0.228292
0.516481
0.516481
0.146250
0.146250
0.292029
0.292029
0.152238
0.152238
0.379170
0.379170
0.200086
0.200086
0.229499
0.229499
0.516712
0.516712
0.257439
0.257439
0.317378
0.317378
0.714996
0.714996
0.355952
0.355952
0.561898
0.561898
0.227525
0.227525
0.101682
0.101682
0.320246
0.320246
0.242794
0.242794
0.434268
0.434268
0.632613
0.632613
0.457300
0.457300
0.117456
0.117456
0.290780
0.290780
0.427493
0.427493
0.157074
0.157074
0.177006
0.177006
0.235037
0.235037
0.500296
0.500296
0.174753
0.174753
0.444329
0.444329
0.412559
0.412559
0.229666
0.229666
0.197703
0.197703
0.314061
0.314061
0.146142
0.146142
0.203694
0.203694
0.148475
0.148475
0.177618
0.177618
0.164818
0.164818
0.264641
0.264641
0.380610
0.380610
0.221683
0.221683
0.391448
0.391448
0.303736
0.303736
0.191552
0.191552
0.123005
0.123005
0.257198
0.257198
0.334305
0.334305
0.485617
0.485617
0.298030
0.298030
0.134215
0.134215
0.228961
0.228961
0.285676
0.285676
0.211718
0.211718
0.499936
0.499936
0.169387
0.169387
0.669997
0.669997
0.161806
0.161806
0.425379
0.425379
0.366856
0.366856
0.167233
0.167233
0.202939
0.202939
0.142190
0.142190
0.035654
0.035654
0.098001
0.098001
0.510554
0.510554
0.234419
0.234419
0.172271
0.172271
0.065783
0.065783
0.446222
0.446222
0.285495
0.285495
0.275460
0.275460
0.308101
0.308101
0.140368
0.140368
0.282249
0.282249
0.285974
0.285974
0.494165
0.494165
0.759813
0.759813
0.305089
0.305089
0.368829
0.368829
0.503004
0.503004
0.163783
0.163783
0.094585
0.094585
0.695931
0.695931
0.461535
0.461535
0.273535
0.273535
0.087313
0.087313
0.177640
0.177640
0.266452
0.266452
0.309688
0.309688
0.289455
0.289455
0.317323
0.317323
0.231720
0.231720
0.315931
0.315931
0.405799
0.405799
0.329962
0.329962
0.183803
0.183803
0.287221
0.287221
0.309645
0.309645
0.822150
0.822150
0.196806
0.196806
0.195987
0.195987
0.490230
0.490230
0.481105
0.481105
0.462623
0.462623
0.115645
0.115645
0.296075
0.296075
0.465491
0.465491
0.369829
0.369829
0.165028
0.165028
0.210116
0.210116
0.603878
0.603878
0.265530
0.265530
0.253921
0.253921
0.294810
0.294810
0.129209
0.129209
0.441625
0.441625
0.258652
0.258652
0.505683
0.505683
0.221782
0.221782
0.161658
0.161658
0.204921
0.204921
0.278762
0.278762
0.497262
0.497262
0.085226
0.085226
0.162330
0.162330
0.108545
0.108545
0.260607
0.260607
0.398795
0.398795
0.184285
0.184285
0.426870
0.426870
0.203203
0.203203
0.175935
0.175935
0.333732
0.333732
0.226524
0.226524
0.260095
0.260095
0.190376
0.190376
0.342277
0.342277
0.212183
0.212183
0.410723
0.410723
0.317325
0.317325
0.228683
0.228683
0.193992
0.193992
0.169182
0.169182
0.325095
0.325095
0.428512
0.428512
0.239124
0.239124
0.232757
0.232757
0.396419
0.396419
0.339449
0.339449
0.400217
0.400217
0.458987
0.458987
0.293421
0.293421
0.439763
0.439763
0.294592
0.294592
0.171766
0.171766
0.410621
0.410621
0.364757
0.364757
0.312070
0.312070
0.270742
0.270742
0.214983
0.214983
0.174017
0.174017
0.406067
0.406067
0.233488
0.233488
0.437233
0.437233
0.133553
0.133553
0.607433
0.607433
0.457993
0.457993
0.283235
0.283235
0.126873
0.126873
0.411761
0.411761
0.143093
0.143093
0.104158
0.104158
0.175730
0.175730
0.275177
0.275177
0.206739
0.206739
0.247390
0.247390
0.373251
0.373251
0.473907
0.473907
0.165952
0.165952
0.156369
0.156369
0.158378
0.158378
0.461249
0.461249
0.383759
0.383759
0.312431
0.312431
0.319936
0.319936
0.324126
0.324126
0.180994
0.180994
0.197355
0.197355
0.223017
0.223017
0.300880
0.300880
0.172545
0.172545
0.401051
0.401051
0.220676
0.220676
0.095346
0.095346
0.140108
0.140108
0.080039
0.080039
0.295602
0.295602
0.361167
0.361167
0.404049
0.404049
0.207603
0.207603
0.223599
0.223599
0.173812
0.173812
0.242999
0.242999
0.357749
0.357749
0.343033
0.343033
0.131458
0.131458
0.110952
0.110952
0.312579
0.312579
0.495891
0.495891
0.338133
0.338133
0.397976
0.397976
0.200951
0.200951
0.241382
0.241382
0.252491
0.252491
0.834038
0.834038
0.192757
0.192757
0.294455
0.294455
0.417889
0.417889
0.282061
0.282061
0.246901
0.246901
0.298356
0.298356
0.468762
0.468762
0.212217
0.212217
0.267594
0.267594
0.681370
0.681370
0.381708
0.381708
0.146640
0.146640
0.392034
0.392034
0.423595
0.423595
0.316650
0.316650
0.132573
0.132573
0.407247
0.407247
0.173486
0.173486
0.361501
0.361501
0.416393
0.416393
0.416054
0.416054
0.623404
0.623404
0.312107
0.312107
0.389975
0.389975
0.347942
0.347942
0.315087
0.315087
0.301004
0.301004
0.137383
0.137383
0.216574
0.216574
0.124093
0.124093
0.411180
0.411180
0.142537
0.142537
0.113517
0.113517
0.341176
0.341176
0.215815
0.215815
0.244583
0.244583
0.105848
0.105848
0.270678
0.270678
0.379251
0.379251
0.173041
0.173041
0.128222
0.128222
0.602583
0.602583
0.087245
0.087245
0.171864
0.171864
0.210010
0.210010
0.314444
0.314444
0.379242
0.379242
0.263002
0.263002
0.161730
0.161730
0.327830
0.327830
0.436347
0.436347
0.308677
0.308677
0.684548
0.684548
0.503720
0.503720
0.149248
0.149248
0.527442
0.527442
0.298185
0.298185
0.177008
0.177008
0.248009
0.248009
0.414468
0.414468
0.209586
0.209586
0.118891
0.118891
0.304318
0.304318
0.455752
0.455752
0.303219
0.303219
0.281163
0.281163
0.284624
0.284624
0.261930
0.261930
0.375940
0.375940
0.435974
0.435974
0.297536
0.297536
0.316513
0.316513
0.219750
0.219750
0.237731
0.237731
0.319268
0.319268
0.335824
0.335824
0.203797
0.203797
0.165514
0.165514
0.242817
0.242817
0.257037
0.257037
0.576499
0.576499
0.175722
0.175722
0.330289
0.330289
0.151152
0.151152
0.288036
0.288036
0.199423
0.199423
0.346576
0.346576
0.214107
0.214107
0.521121
0.521121
0.550712
0.550712
0.131365
0.131365
0.334109
0.334109
0.218635
0.218635
0.131967
0.131967
0.471366
0.471366
0.039602
0.039602
0.158291
0.158291
0.416656
0.416656
0.337609
0.337609
0.243642
0.243642
0.193762
0.193762
0.155330
0.155330
0.255039
0.255039
0.160386
0.160386
0.310575
0.310575
0.222649
0.222649
0.445992
0.445992
0.560243
0.560243
0.120868
0.120868
0.234688
0.234688
0.239112
0.239112
0.195878
0.195878
0.816151
0.816151
0.512430
0.512430
0.232401
0.232401
0.289017
0.289017
0.391506
0.391506
0.581120
0.581120
0.174423
0.174423
0.167973
0.167973
0.234862
0.234862
0.549351
0.549351
0.241193
0.241193
0.198455
0.198455
0.349802
0.349802
0.323467
0.323467
0.407053
0.407053
0.765462
0.765462
0.448912
0.448912
0.209693
0.209693
0.304932
0.304932
0.187336
0.187336
0.396611
0.396611
0.416553
0.416553
0.162579
0.162579
0.474118
0.474118
0.332725
0.332725
0.366303
0.366303
0.231307
0.231307
0.452878
0.452878
0.405042
0.405042
0.189456
0.189456
0.629252
0.629252
0.157332
0.157332
0.204882
0.204882
0.231758
0.231758
0.357586
0.357586
0.276613
0.276613
0.418595
0.418595
0.341304
0.341304
0.399210
0.399210
0.230238
0.230238
0.551654
0.551654
0.404197
0.404197
0.191041
0.191041
0.304981
0.304981
0.124606
0.124606
0.198645
0.198645
0.166545
0.166545
0.395153
0.395153
0.336537
0.336537
0.279233
0.279233
0.202354
0.202354
0.166252
0.166252
0.288543
0.288543
0.316133
0.316133
0.190862
0.190862
0.173829
0.173829
0.246184
0.246184
0.441146
0.441146
0.580683
0.580683
0.397913
0.397913
0.282297
0.282297
0.658914
0.658914
0.241852
0.241852
0.496607
0.496607
0.237771
0.237771
0.190539
0.190539
0.271297
0.271297
0.447426
0.447426
0.177009
0.177009
0.240728
0.240728
0.396281
0.396281
0.184484
0.184484
0.175133
0.175133
0.689095
0.689095
0.135792
0.135792
0.250051
0.250051
0.241565
0.241565
0.102005
0.102005
0.150868
0.150868
0.270276
0.270276
0.135486
0.135486
0.181298
0.181298
0.431971
0.431971
0.221458
0.221458
0.126049
0.126049
0.161638
0.161638
0.165557
0.165557
0.345882
0.345882
0.211203
0.211203
0.232837
0.232837
0.244209
0.244209
0.633822
0.633822
0.426093
0.426093
0.501068
0.501068
0.418088
0.418088
0.465156
0.465156
0.184538
0.184538
0.192710
0.192710
0.241452
0.241452
0.248855
0.248855
0.231769
0.231769
0.139813
0.139813
0.340542
0.340542
0.286136
0.286136
0.209252
0.209252
0.129239
0.129239
0.193132
0.193132
0.037844
0.037844
0.330467
0.330467
0.140254
0.140254
0.591727
0.591727
0.264357
0.264357
0.314112
0.314112
0.140990
0.140990
0.365152
0.365152
0.107638
0.107638
0.414553
0.414553
0.301784
0.301784
0.589397
0.589397
0.135587
0.135587
0.300551
0.300551
0.156528
0.156528
0.203115
0.203115
0.566333
0.566333
0.375166
0.375166
0.300737
0.300737
0.286724
0.286724
0.309905
0.309905
0.357239
0.357239
0.498024
0.498024
0.321902
0.321902
0.467899
0.467899
0.285848
0.285848
0.435551
0.435551
0.170960
0.170960
0.120386
0.120386
0.177863
0.177863
0.289629
0.289629
0.270895
0.270895
0.416158
0.416158
0.169861
0.169861
0.114531
0.114531
0.150169
0.150169
0.195668
0.195668
0.264368
0.264368
0.329775
0.329775
0.445072
0.445072
0.134595
0.134595
0.103286
0.103286
0.283538
0.283538
0.112849
0.112849
0.161726
0.161726
0.944221
0.944221
0.240308
0.240308
0.257361
0.257361
0.735102
0.735102
0.436461
0.436461
0.178250
0.178250
0.300159
0.300159
0.147741
0.147741
0.203171
0.203171
0.203065
0.203065
0.304908
0.304908
0.166401
0.166401
0.432883
0.432883
0.114430
0.114430
0.358670
0.358670
0.418030
0.418030
0.430976
0.430976
0.256396
0.256396
0.305948
0.305948
0.174692
0.174692
0.536115
0.536115
0.241737
0.241737
0.387513
0.387513
0.284576
0.284576
0.264029
0.264029
0.131585
0.131585
0.485272
0.485272
0.240466
0.240466
0.167784
0.167784
0.477466
0.477466
0.297097
0.297097
0.333095
0.333095
0.268178
0.268178
0.575760
0.575760
0.232216
0.232216
0.135247
0.135247
0.238273
0.238273
0.229739
0.229739
0.267555
0.267555
0.368037
0.368037
0.112875
0.112875
0.219945
0.219945
0.232683
0.232683
0.489011
0.489011
0.184950
0.184950
0.331426
0.331426
0.488161
0.488161
0.354960
0.354960
0.186322
0.186322
0.383451
0.383451
0.159638
0.159638
0.232546
0.232546
0.145808
0.145808
0.502625
0.502625
0.512884
0.512884
0.266781
0.266781
0.216863
0.216863
0.294726
0.294726
0.408501
0.408501
0.389372
0.389372
0.367062
0.367062
0.333893
0.333893
0.199010
0.199010
0.291393
0.291393
0.483432
0.483432
0.178422
0.178422
0.460181
0.460181
0.216319
0.216319
0.079249
0.079249
0.388081
0.388081
0.154596
0.154596
0.545643
0.545643
0.173010
0.173010
0.368519
0.368519
0.432718
0.432718
0.224490
0.224490
0.302753
0.302753
0.126151
0.126151
0.162055
0.162055
0.039907
0.039907
0.303438
0.303438
0.267177
0.267177
0.171086
0.171086
0.405223
0.405223
0.182508
0.182508
0.128854
0.128854
0.274125
0.274125
0.400882
0.400882
0.281219
0.281219
0.493517
0.493517
0.297382
0.297382
0.338992
0.338992
0.274236
0.274236
0.131595
0.131595
0.534318
0.534318
0.244330
0.244330
0.547219
0.547219
0.253193
0.253193
0.127350
0.127350
0.494965
0.494965
0.284385
0.284385
0.307683
0.307683
0.368382
0.368382
0.198102
0.198102
0.522655
0.522655
0.345245
0.345245
0.227351
0.227351
0.428971
0.428971
0.592379
0.592379
0.266239
0.266239
0.185842
0.185842
0.294431
0.294431
0.403172
0.403172
0.119656
0.119656
0.186701
0.186701
0.269246
0.269246
0.384845
0.384845
0.219490
0.219490
0.320651
0.320651
0.162222
0.162222
0.363074
0.363074
0.203720
0.203720
0.259307
0.259307
0.122986
0.122986
0.186418
0.186418
0.306081
0.306081
0.216768
0.216768
0.280384
0.280384
0.132037
0.132037
0.229200
0.229200
0.239605
0.239605
0.522084
0.522084
0.210611
0.210611
0.459780
0.459780
0.139463
0.139463
0.342919
0.342919
0.336035
0.336035
0.242456
0.242456
0.333584
0.333584
0.237304
0.237304
0.289160
0.289160
0.214969
0.214969
0.498174
0.498174
0.153599
0.153599
0.160118
0.160118
0.141731
0.141731
0.131902
0.131902
0.209289
0.209289
0.244406
0.244406
0.172402
0.172402
0.195600
0.195600
0.414464
0.414464
0.231828
0.231828
0.322149
0.322149
0.158268
0.158268
0.457820
0.457820
0.140807
0.140807
0.225734
0.225734
0.390708
0.390708
0.663591
0.663591
0.443564
0.443564
0.312697
0.312697
0.160699
0.160699
0.213634
0.213634
0.337726
0.337726
0.110672
0.110672
0.541066
0.541066
0.294583
0.294583
0.484694
0.484694
0.200414
0.200414
0.166407
0.166407
0.433280
0.433280
0.455481
0.455481
0.288344
0.288344
0.391405
0.391405
0.737451
0.737451
0.235671
0.235671
0.598209
0.598209
0.520506
0.520506
0.258373
0.258373
0.136569
0.136569
0.162485
0.162485
0.326008
0.326008
0.565542
0.565542
0.193825
0.193825
0.161054
0.161054
0.599405
0.599405
0.243166
0.243166
0.191331
0.191331
0.183514
0.183514
0.404121
0.404121
0.201505
0.201505
0.443460
0.443460
0.846231
0.846231
0.134124
0.134124
0.190247
0.190247
0.299078
0.299078
0.177687
0.177687
0.238983
0.238983
0.293475
0.293475
0.139317
0.139317
0.318961
0.318961
0.500904
0.500904
0.131597
0.131597
0.789101
0.789101
0.229125
0.229125
0.222796
0.222796
0.104318
0.104318
0.113114
0.113114
0.261128
0.261128
0.117682
0.117682
0.519390
0.519390
0.252210
0.252210
0.229609
0.229609
0.172411
0.172411
0.636843
0.636843
0.160160
0.160160
0.325520
0.325520
0.480668
0.480668
0.219122
0.219122
0.219943
0.219943
0.228291
0.228291
0.476427
0.476427
0.225222
0.225222
0.322215
0.322215
0.246711
0.246711
0.164208
0.164208
0.278408
0.278408
0.327885
0.327885
0.252704
0.252704
0.162694
0.162694
0.257878
0.257878
0.273165
0.273165
0.216241
0.216241
0.253971
0.253971
0.583476
0.583476
0.335208
0.335208
0.233080
0.233080
0.189600
0.189600
0.425578
0.425578
0.636306
0.636306
0.188937
0.188937
0.190264
0.190264
0.275406
0.275406
0.281203
0.281203
0.141259
0.141259
0.338192
0.338192
0.331088
0.331088
0.236485
0.236485
0.387779
0.387779
0.252673
0.252673
0.113369
0.113369
0.202478
0.202478
0.158514
0.158514
0.265995
0.265995
0.375322
0.375322
0.198774
0.198774
0.260396
0.260396
0.196862
0.196862
0.220909
0.220909
0.490020
0.490020
0.150723
0.150723
1.138572
1.138572
0.164258
0.164258
0.189185
0.189185
0.131280
0.131280
0.160173
0.160173
0.236078
0.236078
0.345986
0.345986
0.412444
0.412444
0.436674
0.436674
0.148627
0.148627
0.288216
0.288216
0.154956
0.154956
0.156933
0.156933
0.405609
0.405609
0.337877
0.337877
0.229609
0.229609
0.772401
0.772401
0.120850
0.120850
0.261886
0.261886
0.262936
0.262936
0.128625
0.128625
0.171268
0.171268
0.258669
0.258669
0.113339
0.113339
0.299242
0.299242
0.359803
0.359803
0.314358
0.314358
0.398370
0.398370
0.349921
0.349921
0.332503
0.332503
0.439681
0.439681
0.203498
0.203498
0.325776
0.325776
0.421815
0.421815
0.286469
0.286469
0.130398
0.130398
0.667198
0.667198
0.411717
0.411717
0.264651
0.264651
0.219978
0.219978
0.184213
0.184213
0.315765
0.315765
0.859480
0.859480
0.244271
0.244271
0.261337
0.261337
0.166035
0.166035
0.101125
0.101125
0.335374
0.335374
0.151505
0.151505
0.463000
0.463000
0.437402
0.437402
0.146379
0.146379
0.306215
0.306215
0.189242
0.189242
0.247847
0.247847
0.143576
0.143576
0.378189
0.378189
0.437968
0.437968
0.276317
0.276317
0.390419
0.390419
0.194744
0.194744
0.194798
0.194798
0.270539
0.270539
0.962030
0.962030
0.237692
0.237692
0.226822
0.226822
0.173312
0.173312
0.217330
0.217330
0.359768
0.359768
0.162696
0.162696
0.248723
0.248723
0.360077
0.360077
0.359104
0.359104
0.133613
0.133613
0.185514
0.185514
0.284036
0.284036
0.362753
0.362753
0.175769
0.175769
0.450855
0.450855
0.397135
0.397135
0.352392
0.352392
0.134085
0.134085
0.481377
0.481377
0.191591
0.191591
0.456036
0.456036
0.341909
0.341909
0.197672
0.197672
0.225252
0.225252
0.229263
0.229263
0.721220
0.721220
0.125666
0.125666
0.253462
0.253462
0.163942
0.163942
0.366030
0.366030
0.217044
0.217044
0.189664
0.189664
0.128898
0.128898
0.418797
0.418797
0.278489
0.278489
0.184097
0.184097
0.314766
0.314766
0.218596
0.218596
0.172400
0.172400
0.132717
0.132717
0.200991
0.200991
0.212338
0.212338
0.368757
0.368757
0.267317
0.267317
0.237631
0.237631
0.242473
0.242473
0.264566
0.264566
0.365840
0.365840
0.888967
0.888967
0.247634
0.247634
0.340750
0.340750
0.579751
0.579751
0.555143
0.555143
0.630358
0.630358
0.178607
0.178607
0.140033
0.140033
0.459419
0.459419
0.406323
0.406323
0.316210
0.316210
0.151772
0.151772
0.319365
0.319365
0.228217
0.228217
0.260643
0.260643
0.368701
0.368701
0.534091
0.534091
0.166656
0.166656
0.366502
0.366502
0.575123
0.575123
0.526289
0.526289
0.094322
0.094322
0.155671
0.155671
0.208147
0.208147
0.322084
0.322084
0.107649
0.107649
0.181272
0.181272
0.362199
0.362199
0.127594
0.127594
0.157789
0.157789
0.298931
0.298931
0.209444
0.209444
0.544964
0.544964
0.442424
0.442424
0.515016
0.515016
0.213346
0.213346
0.131516
0.131516
0.243486
0.243486
0.302945
0.302945
0.310036
0.310036
0.324306
0.324306
0.315655
0.315655
0.082925
0.082925
0.281800
0.281800
0.792700
0.792700
0.243491
0.243491
0.351423
0.351423
0.583638
0.583638
0.129878
0.129878
0.134056
0.134056
0.194806
0.194806
0.169941
0.169941
0.538686
0.538686
0.470797
0.470797
0.116882
0.116882
0.149937
0.149937
0.316709
0.316709
0.421109
0.421109
0.245204
0.245204
0.347318
0.347318
0.090545
0.090545
0.100894
0.100894
0.564247
0.564247
0.207482
0.207482
0.197970
0.197970
0.315373
0.315373
0.241874
0.241874
0.278242
0.278242
0.270037
0.270037
0.281810
0.281810
0.190965
0.190965
0.213509
0.213509
0.641479
0.641479
0.184349
0.184349
0.382285
0.382285
0.532216
0.532216
0.142282
0.142282
0.071844
0.071844
0.196843
0.196843
0.225006
0.225006
0.374261
0.374261
0.683373
0.683373
0.276452
0.276452
0.514613
0.514613
0.375573
0.375573
0.302529
0.302529
0.339893
0.339893
0.842359
0.842359
0.235711
0.235711
0.155115
0.155115
0.076706
0.076706
0.629542
0.629542
0.207597
0.207597
0.261256
0.261256
0.203969
0.203969
0.259783
0.259783
0.164111
0.164111
0.446334
0.446334
0.209333
0.209333
0.414069
0.414069
0.203996
0.203996
0.309975
0.309975
0.427904
0.427904
0.262072
0.262072
0.186720
0.186720
0.385682
0.385682
0.234913
0.234913
0.232810
0.232810
0.164032
0.164032
0.165248
0.165248
0.080916
0.080916
0.387832
0.387832
0.399876
0.399876
0.206752
0.206752
0.253013
0.253013
0.202429
0.202429
0.262206
0.262206
0.621482
0.621482
0.309093
0.309093
0.289325
0.289325
0.406135
0.406135
0.200951
0.200951
0.255318
0.255318
0.339463
0.339463
0.343470
0.343470
0.388312
0.388312
0.346153
0.346153
0.097083
0.097083
0.225777
0.225777
0.219910
0.219910
0.192796
0.192796
0.337524
0.337524
0.538648
0.538648
0.095018
0.095018
0.256168
0.256168
0.360557
0.360557
0.355044
0.355044
0.362600
0.362600
0.215778
0.215778
0.263782
0.263782
0.274810
0.274810
0.218321
0.218321
0.444650
0.444650
0.528589
0.528589
0.192381
0.192381
0.349274
0.349274
0.301081
0.301081
0.147817
0.147817
0.122271
0.122271
0.339957
0.339957
0.568231
0.568231
0.363278
0.363278
0.178214
0.178214
0.353480
0.353480
0.229105
0.229105
0.458335
0.458335
0.289059
0.289059
0.131049
0.131049
0.321476
0.321476
0.505702
0.505702
0.424985
0.424985
0.341019
0.341019
0.238054
0.238054
0.155224
0.155224
0.334235
0.334235
0.550269
0.550269
0.232569
0.232569
0.272922
0.272922
0.295671
0.295671
0.236766
0.236766
0.456692
0.456692
0.311165
0.311165
0.330342
0.330342
0.276458
0.276458
0.109151
0.109151
0.137455
0.137455
0.268148
0.268148
0.275425
0.275425
0.201363
0.201363
0.367359
0.367359
0.239552
0.239552
0.324771
0.324771
0.113549
0.113549
0.327701
0.327701
0.231221
0.231221
0.339139
0.339139
0.352657
0.352657
0.129669
0.129669
0.202205
0.202205
0.239749
0.239749
0.191416
0.191416
0.181451
0.181451
0.310454
0.310454
0.270526
0.270526
0.503716
0.503716
0.383958
0.383958
0.342167
0.342167
0.133234
0.133234
0.451301
0.451301
0.236651
0.236651
0.213994
0.213994
0.098608
0.098608
0.178568
0.178568
0.263181
0.263181
0.234019
0.234019
0.277731
0.277731
0.267951
0.267951
0.132946
0.132946
0.665449
0.665449
0.325949
0.325949
0.286488
0.286488
0.368139
0.368139
0.207098
0.207098
0.184367
0.184367
0.409567
0.409567
0.343563
0.343563
0.298787
0.298787
0.319521
0.319521
0.114914
0.114914
0.409937
0.409937
0.189295
0.189295
0.305606
0.305606
0.544351
0.544351
0.516229
0.516229
0.230525
0.230525
0.241180
0.241180
0.165543
0.165543
0.309620
0.309620
0.155121
0.155121
0.176288
0.176288
0.250834
0.250834
0.334234
0.334234
0.275128
0.275128
0.205594
0.205594
0.323983
0.323983
0.194097
0.194097
0.223322
0.223322
0.209808
0.209808
0.163625
0.163625
0.209253
0.209253
0.087813
0.087813
0.206156
0.206156
0.426631
0.426631
0.216738
0.216738
0.285705
0.285705
0.390620
0.390620
0.210726
0.210726
0.610309
0.610309
0.319800
0.319800
0.272994
0.272994
0.217977
0.217977
0.226337
0.226337
0.250834
0.250834
0.351393
0.351393
0.223002
0.223002
0.354308
0.354308
0.189752
0.189752
0.553397
0.553397
0.116842
0.116842
0.529162
0.529162
0.210276
0.210276
0.303169
0.303169
0.295999
0.295999
0.349634
0.349634
0.345243
0.345243
0.224725
0.224725
0.185779
0.185779
0.140143
0.140143
0.201411
0.201411
0.386210
0.386210
0.211549
0.211549
0.319820
0.319820
0.226197
0.226197
0.272398
0.272398
0.353867
0.353867
0.438616
0.438616
0.286009
0.286009
0.473006
0.473006
0.225062
0.225062
0.431858
0.431858
0.270789
0.270789
0.175587
0.175587
0.068142
0.068142
0.140741
0.140741
0.350966
0.350966
0.336255
0.336255
0.251155
0.251155
0.385736
0.385736
0.244562
0.244562
0.499218
0.499218
0.287589
0.287589
0.236753
0.236753
0.259434
0.259434
0.592476
0.592476
0.211349
0.211349
0.175888
0.175888
0.077095
0.077095
0.235262
0.235262
0.329031
0.329031
0.120130
0.120130
0.178494
0.178494
0.558477
0.558477
0.165793
0.165793
0.224324
0.224324
0.191739
0.191739
0.298423
0.298423
0.298013
0.298013
0.373433
0.373433
0.209725
0.209725
0.156195
0.156195
0.330113
0.330113
0.405575
0.405575
0.136727
0.136727
0.324550
0.324550
0.542629
0.542629
0.793191
0.793191
0.691773
0.691773
0.429124
0.429124
0.389638
0.389638
0.605735
0.605735
0.290462
0.290462
0.203544
0.203544
0.242273
0.242273
0.312225
0.312225
0.339911
0.339911
0.079753
0.079753
0.308669
0.308669
0.306408
0.306408
0.548784
0.548784
0.178818
0.178818
0.249028
0.249028
0.364415
0.364415
0.295306
0.295306
0.194031
0.194031
0.291270
0.291270
0.634976
0.634976
0.129541
0.129541
0.166451
0.166451
0.242387
0.242387
0.224701
0.224701
0.155934
0.155934
0.175210
0.175210
0.236834
0.236834
0.345497
0.345497
0.380278
0.380278
0.223660
0.223660
0.448590
0.448590
0.203908
0.203908
0.193088
0.193088
0.241982
0.241982
0.121321
0.121321
0.428504
0.428504
0.421440
0.421440
0.582147
0.582147
0.251489
0.251489
0.176516
0.176516
0.238604
0.238604
0.145933
0.145933
0.290586
0.290586
0.323578
0.323578
0.264595
0.264595
0.290974
0.290974
0.315618
0.315618
0.215815
0.215815
0.219385
0.219385
0.105903
0.105903
0.301703
0.301703
0.677777
0.677777
0.599213
0.599213
0.137701
0.137701
0.264496
0.264496
0.248403
0.248403
0.277582
0.277582
0.413621
0.413621
0.161288
0.161288
0.406273
0.406273
0.332112
0.332112
0.259344
0.259344
0.354513
0.354513
0.183503
0.183503
0.228479
0.228479
0.171110
0.171110
0.102829
0.102829
0.350611
0.350611
0.391517
0.391517
0.109799
0.109799
0.519548
0.519548
0.264299
0.264299
0.392514
0.392514
0.685839
0.685839
0.279366
0.279366
0.195655
0.195655
0.250874
0.250874
0.099876
0.099876
0.418599
0.418599
0.307872
0.307872
0.387666
0.387666
0.246468
0.246468
0.548659
0.548659
0.274399
0.274399
0.292473
0.292473
0.176774
0.176774
0.140374
0.140374
0.290352
0.290352
0.196685
0.196685
0.447958
0.447958
0.353705
0.353705
0.296391
0.296391
0.593315
0.593315
0.306594
0.306594
0.393767
0.393767
0.339894
0.339894
0.282601
0.282601
0.617195
0.617195
0.193424
0.193424
0.358809
0.358809
0.221316
0.221316
0.374483
0.374483
0.554443
0.554443
0.187684
0.187684
0.706075
0.706075
0.241731
0.241731
0.441889
0.441889
0.126591
0.126591
0.196084
0.196084
0.290576
0.290576
0.514093
0.514093
0.220430
0.220430
0.448768
0.448768
0.225901
0.225901
0.127319
0.127319
0.270575
0.270575
0.350086
0.350086
0.222616
0.222616
0.126102
0.126102
0.240647
0.240647
0.332410
0.332410
0.246943
0.246943
0.179799
0.179799
0.214883
0.214883
0.398247
0.398247
0.257259
0.257259
0.187791
0.187791
0.120338
0.120338
0.341399
0.341399
0.184713
0.184713
0.539442
0.539442
0.356643
0.356643
0.330536
0.330536
0.209919
0.209919
0.241986
0.241986
0.225557
0.225557
0.308208
0.308208
0.227670
0.227670
0.094268
0.094268
0.406798
0.406798
0.209815
0.209815
0.568255
0.568255
0.318671
0.318671
0.234891
0.234891
0.277168
0.277168
0.195619
0.195619
0.262807
0.262807
0.319736
0.319736
0.472266
0.472266
0.185371
0.185371
0.179745
0.179745
0.206042
0.206042
0.243976
0.243976
0.260665
0.260665
0.411103
0.411103
0.265941
0.265941
0.223774
0.223774
0.193508
0.193508
0.298363
0.298363
0.141405
0.141405
0.371731
0.371731
0.209448
0.209448
0.226605
0.226605
0.259662
0.259662
0.170359
0.170359
0.182970
0.182970
0.395976
0.395976
0.502506
0.502506
0.532184
0.532184
0.402658
0.402658
0.276011
0.276011
0.209218
0.209218
0.181945
0.181945
0.158232
0.158232
0.106931
0.106931
0.255937
0.255937
0.280270
0.280270
0.255753
0.255753
0.145256
0.145256
0.145077
0.145077
0.264965
0.264965
0.277627
0.277627
0.317595
0.317595
0.310142
0.310142
0.075279
0.075279
0.161541
0.161541
0.293055
0.293055
0.225478
0.225478
0.416208
0.416208
0.229445
0.229445
0.263941
0.263941
0.415100
0.415100
0.064522
0.064522
0.468660
0.468660
0.500427
0.500427
0.705029
0.705029
0.336845
0.336845
0.174195
0.174195
0.289092
0.289092
0.332109
0.332109
0.218309
0.218309
0.321454
0.321454
0.223591
0.223591
0.291445
0.291445
0.409029
0.409029
0.128194
0.128194
0.114783
0.114783
0.079694
0.079694
0.342771
0.342771
0.265317
0.265317
0.151639
0.151639
0.512930
0.512930
0.405192
0.405192
0.446248
0.446248
0.603522
0.603522
0.207864
0.207864
0.644273
0.644273
0.550950
0.550950
0.346003
0.346003
0.334137
0.334137
0.220538
0.220538
0.366884
0.366884
0.615553
0.615553
0.500731
0.500731
0.484626
0.484626
0.142017
0.142017
0.667414
0.667414
0.405445
0.405445
0.364349
0.364349
0.236493
0.236493
0.539880
0.539880
0.188789
0.188789
0.259567
0.259567
0.260255
0.260255
0.210310
0.210310
0.347444
0.347444
0.092834
0.092834
0.293356
0.293356
0.126196
0.126196
0.143145
0.143145
0.166308
0.166308
0.215171
0.215171
0.236819
0.236819
0.228276
0.228276
0.188242
0.188242
0.388954
0.388954
0.290612
0.290612
0.163092
0.163092
0.230399
0.230399
0.353962
0.353962
0.320599
0.320599
0.459769
0.459769
0.281663
0.281663
0.274765
0.274765
0.340094
0.340094
0.541890
0.541890
0.415548
0.415548
0.047619
0.047619
0.192440
0.192440
0.236109
0.236109
0.165483
0.165483
0.194014
0.194014
0.294380
0.294380
0.190722
0.190722
0.133950
0.133950
0.176445
0.176445
0.157331
0.157331
0.308555
0.308555
0.173888
0.173888
0.413557
0.413557
0.439832
0.439832
0.510522
0.510522
0.213971
0.213971
0.266304
0.266304
0.144039
0.144039
0.210597
0.210597
0.181191
0.181191
0.380320
0.380320
0.213085
0.213085
0.161151
0.161151
0.271725
0.271725
0.249726
0.249726
0.490548
0.490548
0.230499
0.230499
0.387123
0.387123
0.164139
0.164139
0.178194
0.178194
0.317930
0.317930
0.408596
0.408596
0.674685
0.674685
0.331155
0.331155
0.200381
0.200381
0.260776
0.260776
0.359063
0.359063
0.144387
0.144387
0.109891
0.109891
0.298814
0.298814
0.279430
0.279430
0.203058
0.203058
0.202391
0.202391
0.380388
0.380388
0.272081
0.272081
0.172955
0.172955
0.441617
0.441617
0.423051
0.423051
0.184509
0.184509
0.344274
0.344274
0.291856
0.291856
0.565048
0.565048
0.218137
0.218137
0.299154
0.299154
0.587400
0.587400
0.287885
0.287885
0.262178
0.262178
0.158210
0.158210
0.243499
0.243499
0.529595
0.529595
0.441348
0.441348
0.204129
0.204129
0.492783
0.492783
0.398321
0.398321
0.117914
0.117914
0.289438
0.289438
0.190308
0.190308
0.278951
0.278951
0.219476
0.219476
0.198031
0.198031
0.377574
0.377574
0.337205
0.337205
0.348108
0.348108
0.081264
0.081264
0.189164
0.189164
0.118755
0.118755
0.215341
0.215341
0.207503
0.207503
0.161855
0.161855
0.340107
0.340107
0.269910
0.269910
0.132211
0.132211
0.252983
0.252983
0.511059
0.511059
0.247068
0.247068
0.227837
0.227837
0.254079
0.254079
0.598226
0.598226
0.282874
0.282874
0.251060
0.251060
0.326195
0.326195
0.210223
0.210223
0.378090
0.378090
0.331316
0.331316
0.140685
0.140685
0.426535
0.426535
0.227184
0.227184
0.450920
0.450920
0.300628
0.300628
0.154210
0.154210
0.204838
0.204838
0.305738
0.305738
0.236906
0.236906
0.428294
0.428294
0.498646
0.498646
0.215885
0.215885
0.361517
0.361517
0.441969
0.441969
0.520283
0.520283
0.364902
0.364902
0.307154
0.307154
0.238282
0.238282
0.310404
0.310404
0.607152
0.607152
0.254590
0.254590
0.257594
0.257594
0.353941
0.353941
0.469496
0.469496
0.902850
0.902850
0.302062
0.302062
0.129419
0.129419
0.162038
0.162038
0.235504
0.235504
0.253741
0.253741
0.137514
0.137514
0.271719
0.271719
0.127448
0.127448
0.227404
0.227404
0.223977
0.223977
0.271038
0.271038
0.192458
0.192458
0.351837
0.351837
0.275502
0.275502
0.106002
0.106002
0.149339
0.149339
0.112790
0.112790
0.466342
0.466342
0.275169
0.275169
0.334600
0.334600
0.608746
0.608746
0.234806
0.234806
0.182852
0.182852
0.268189
0.268189
0.316893
0.316893
0.264980
0.264980
0.251206
0.251206
0.178618
0.178618
0.184559
0.184559
0.199720
0.199720
0.220121
0.220121
0.238266
0.238266
0.241361
0.241361
0.441567
0.441567
0.338261
0.338261
0.489629
0.489629
0.304677
0.304677
0.416632
0.416632
0.427597
0.427597
0.352261
0.352261
0.323995
0.323995
0.287958
0.287958
0.247068
0.247068
0.226450
0.226450
0.173700
0.173700
0.239722
0.239722
0.159811
0.159811
0.157977
0.157977
0.201186
0.201186
0.546985
0.546985
0.265033
0.265033
0.441358
0.441358
0.528414
0.528414
0.469558
0.469558
0.168952
0.168952
0.157650
0.157650
0.293070
0.293070
0.106886
0.106886
0.281142
0.281142
0.360908
0.360908
0.704645
0.704645
0.112777
0.112777
0.253302
0.253302
0.211518
0.211518
0.217627
0.217627
0.311402
0.311402
0.213207
0.213207
0.293363
0.293363
0.634290
0.634290
0.261106
0.261106
0.295577
0.295577
0.336781
0.336781
0.278532
0.278532
0.661884
0.661884
0.450850
0.450850
0.518986
0.518986
0.375943
0.375943
0.443279
0.443279
0.257761
0.257761
0.228695
0.228695
0.116030
0.116030
0.388936
0.388936
0.477500
0.477500
0.416070
0.416070
0.303275
0.303275
0.394210
0.394210
0.235662
0.235662
0.240079
0.240079
0.176341
0.176341
0.090762
0.090762
0.189167
0.189167
0.384099
0.384099
0.380586
0.380586
0.319813
0.319813
0.208158
0.208158
0.207108
0.207108
0.404941
0.404941
0.112807
0.112807
0.533301
0.533301
0.260465
0.260465
0.148443
0.148443
0.473485
0.473485
0.215099
0.215099
0.180090
0.180090
0.120832
0.120832
0.091943
0.091943
0.165861
0.165861
0.290556
0.290556
0.231884
0.231884
0.214881
0.214881
0.161721
0.161721
0.551984
0.551984
0.248524
0.248524
0.245911
0.245911
0.292158
0.292158
0.519406
0.519406
0.366423
0.366423
0.271680
0.271680
0.216297
0.216297
0.239625
0.239625
0.167320
0.167320
0.331612
0.331612
0.482356
0.482356
0.268560
0.268560
0.336717
0.336717
0.480307
0.480307
0.226593
0.226593
0.546960
0.546960
0.379054
0.379054
0.056887
0.056887
0.143513
0.143513
0.750742
0.750742
0.254914
0.254914
0.259365
0.259365
0.414496
0.414496
0.358048
0.358048
0.236584
0.236584
0.539500
0.539500
0.122862
0.122862
0.462232
0.462232
0.394805
0.394805
0.176978
0.176978
0.230014
0.230014
0.163498
0.163498
0.275514
0.275514
0.169021
0.169021
0.447299
0.447299
0.295946
0.295946
0.112914
0.112914
0.152065
0.152065
0.251109
0.251109
0.167834
0.167834
0.214540
0.214540
0.170599
0.170599
0.310447
0.310447
0.128003
0.128003
0.423496
0.423496
0.701674
0.701674
0.185850
0.185850
0.108769
0.108769
0.212320
0.212320
0.344586
0.344586
0.293361
0.293361
0.514380
0.514380
0.203137
0.203137
0.311402
0.311402
0.288872
0.288872
0.223454
0.223454
0.210077
0.210077
0.145586
0.145586
0.374574
0.374574
0.333870
0.333870
0.454197
0.454197
0.471824
0.471824
0.265124
0.265124
0.368288
0.368288
0.190922
0.190922
0.218997
0.218997
0.248829
0.248829
0.334893
0.334893
0.215612
0.215612
0.301809
0.301809
0.376738
0.376738
0.476362
0.476362
0.086995
0.086995
0.152123
0.152123
0.177930
0.177930
0.622673
0.622673
0.127645
0.127645
0.102702
0.102702
0.497377
0.497377
0.125224
0.125224
0.253067
0.253067
0.164886
0.164886
0.356254
0.356254
0.330168
0.330168
0.208956
0.208956
0.128139
0.128139
0.284599
0.284599
0.080905
0.080905
0.405250
0.405250
0.208030
0.208030
0.333067
0.333067
0.230659
0.230659
0.339433
0.339433
0.361817
0.361817
0.266082
0.266082
0.185946
0.185946
0.361965
0.361965
0.359828
0.359828
0.193331
0.193331
0.276812
0.276812
0.433168
0.433168
0.117183
0.117183
0.186675
0.186675
0.346530
0.346530
0.529626
0.529626
0.176469
0.176469
0.365496
0.365496
0.238166
0.238166
0.360008
0.360008
0.471812
0.471812
0.230667
0.230667
0.152951
0.152951
0.293365
0.293365
0.180603
0.180603
0.353407
0.353407
0.388246
0.388246
0.337147
0.337147
0.315912
0.315912
0.126204
0.126204
0.112307
0.112307
0.374995
0.374995
0.220354
0.220354
0.235190
0.235190
0.435493
0.435493
0.303762
0.303762
0.213664
0.213664
0.280860
0.280860
0.592540
0.592540
0.233101
0.233101
0.392394
0.392394
0.428343
0.428343
0.296712
0.296712
0.132804
0.132804
0.373671
0.373671
0.370133
0.370133
0.163910
0.163910
0.880760
0.880760
0.520145
0.520145
0.151972
0.151972
0.196092
0.196092
0.657656
0.657656
0.338503
0.338503
0.105756
0.105756
0.193941
0.193941
0.517715
0.517715
0.333829
0.333829
0.347617
0.347617
0.263051
0.263051
0.175553
0.175553
0.176303
0.176303
0.421230
0.421230
0.468530
0.468530
0.221907
0.221907
0.216986
0.216986
0.158839
0.158839
0.124917
0.124917
0.583595
0.583595
0.305722
0.305722
0.169352
0.169352
0.410651
0.410651
0.516278
0.516278
0.381462
0.381462
0.158429
0.158429
0.312839
0.312839
0.192859
0.192859
0.243144
0.243144
0.196154
0.196154
0.145685
0.145685
0.311781
0.311781
0.239086
0.239086
0.494603
0.494603
0.139795
0.139795
0.660703
0.660703
0.339964
0.339964
0.269344
0.269344
0.423555
0.423555
0.389876
0.389876
0.117763
0.117763
0.180583
0.180583
0.257846
0.257846
0.248809
0.248809
0.288719
0.288719
0.156584
0.156584
0.209471
0.209471
0.175620
0.175620
0.262087
0.262087
0.294466
0.294466
0.779250
0.779250
0.411167
0.411167
0.273152
0.273152
0.199656
0.199656
0.130994
0.130994
0.375254
0.375254
0.296142
0.296142
0.334072
0.334072
0.209675
0.209675
0.233267
0.233267
0.113032
0.113032
0.225225
0.225225
0.417095
0.417095
0.301344
0.301344
0.536560
0.536560
0.255019
0.255019
0.138334
0.138334
0.274650
0.274650
0.290561
0.290561
0.451486
0.451486
0.370048
0.370048
0.169796
0.169796
0.733199
0.733199
0.342705
0.342705
0.545835
0.545835
0.154678
0.154678
0.238365
0.238365
0.278007
0.278007
0.231364
0.231364
0.304083
0.304083
0.191627
0.191627
0.229772
0.229772
0.210853
0.210853
0.193288
0.193288
0.481752
0.481752
0.387329
0.387329
0.511166
0.511166
0.441127
0.441127
0.102277
0.102277
0.112034
0.112034
0.420026
0.420026
0.076195
0.076195
0.141743
0.141743
0.178536
0.178536
0.257929
0.257929
0.235654
0.235654
0.205950
0.205950
0.141124
0.141124
0.242214
0.242214
0.245664
0.245664
0.207252
0.207252
0.180489
0.180489
0.475752
0.475752
0.191407
0.191407
0.216912
0.216912
0.143061
0.143061
0.502579
0.502579
0.830438
0.830438
0.554199
0.554199
0.117195
0.117195
0.159768
0.159768
0.143798
0.143798
0.364782
0.364782
0.588792
0.588792
0.311183
0.311183
0.495797
0.495797
0.411385
0.411385
0.203824
0.203824
0.232382
0.232382
0.296316
0.296316
0.144274
0.144274
0.316958
0.316958
0.159249
0.159249
0.414458
0.414458
0.373635
0.373635
0.354503
0.354503
0.389790
0.389790
0.262174
0.262174
0.029568
0.029568
0.366778
0.366778
0.248648
0.248648
0.155234
0.155234
0.107550
0.107550
0.144386
0.144386
0.172408
0.172408
0.195172
0.195172
0.349663
0.349663
0.841610
0.841610
0.257160
0.257160
0.165674
0.165674
0.367640
0.367640
0.118884
0.118884
0.164151
0.164151
0.319901
0.319901
0.391237
0.391237
0.227079
0.227079
0.131363
0.131363
0.079817
0.079817
0.375386
0.375386
0.462504
0.462504
0.265493
0.265493
0.364141
0.364141
0.396303
0.396303
0.108863
0.108863
0.223967
0.223967
0.123622
0.123622
0.377982
0.377982
0.307464
0.307464
0.411395
0.411395
0.172267
0.172267
0.554287
0.554287
0.315587
0.315587
0.268322
0.268322
0.214986
0.214986
0.226558
0.226558
0.155684
0.155684
0.251497
0.251497
0.179923
0.179923
0.394876
0.394876
0.373840
0.373840
0.313028
0.313028
0.096813
0.096813
0.247891
0.247891
0.567764
0.567764
0.305077
0.305077
0.353378
0.353378
0.153940
0.153940
0.089237
0.089237
0.656946
0.656946
0.305344
0.305344
0.166230
0.166230
0.873514
0.873514
0.689192
0.689192
0.287580
0.287580
0.132274
0.132274
0.104130
0.104130
0.445247
0.445247
0.411196
0.411196
0.330353
0.330353
0.200987
0.200987
0.150775
0.150775
0.116386
0.116386
0.300737
0.300737
0.248487
0.248487
0.133126
0.133126
0.161731
0.161731
0.189460
0.189460
0.183300
0.183300
0.217734
0.217734
0.255383
0.255383
0.126592
0.126592
0.534236
0.534236
0.224793
0.224793
0.616365
0.616365
0.314917
0.314917
0.212351
0.212351
0.252923
0.252923
0.187455
0.187455
0.536788
0.536788
0.503618
0.503618
0.128026
0.128026
0.135129
0.135129
0.381678
0.381678
0.214441
0.214441
0.226959
0.226959
0.572646
0.572646
0.136597
0.136597
0.156345
0.156345
0.157558
0.157558
0.102272
0.102272
0.213032
0.213032
0.308341
0.308341
0.253773
0.253773
0.300946
0.300946
0.176739
0.176739
0.298701
0.298701
0.323414
0.323414
0.333848
0.333848
0.216021
0.216021
0.250797
0.250797
0.846568
0.846568
0.552036
0.552036
0.369875
0.369875
0.162840
0.162840
0.268157
0.268157
0.150189
0.150189
0.337787
0.337787
0.606287
0.606287
0.331101
0.331101
0.358145
0.358145
0.242738
0.242738
0.504625
0.504625
0.435875
0.435875
0.204247
0.204247
0.250490
0.250490
0.382774
0.382774
0.401749
0.401749
0.322274
0.322274
0.151446
0.151446
0.134931
0.134931
0.424414
0.424414
0.237386
0.237386
0.056715
0.056715
0.330037
0.330037
0.272889
0.272889
0.316248
0.316248
0.461602
0.461602
0.243805
0.243805
0.191590
0.191590
0.186598
0.186598
0.194444
0.194444
0.151359
0.151359
0.215257
0.215257
0.192192
0.192192
0.274604
0.274604
0.663705
0.663705
0.694531
0.694531
0.227717
0.227717
0.666396
0.666396
0.110442
0.110442
0.111684
0.111684
0.308363
0.308363
0.472845
0.472845
0.316296
0.316296
0.133810
0.133810
0.214948
0.214948
0.417690
0.417690
0.343452
0.343452
0.254175
0.254175
0.493072
0.493072
0.640291
0.640291
0.194003
0.194003
0.365916
0.365916
0.205970
0.205970
0.143431
0.143431
0.295356
0.295356
0.278243
0.278243
0.290422
0.290422
0.231071
0.231071
0.412157
0.412157
0.268578
0.268578
0.207481
0.207481
0.257879
0.257879
0.248918
0.248918
0.521989
0.521989
0.389741
0.389741
0.392966
0.392966
0.352032
0.352032
0.225946
0.225946
0.600675
0.600675
0.836023
0.836023
0.086569
0.086569
0.079949
0.079949
0.209189
0.209189
0.294407
0.294407
0.194498
0.194498
0.168483
0.168483
0.320933
0.320933
0.237435
0.237435
0.590047
0.590047
0.275250
0.275250
0.206735
0.206735
0.236233
0.236233
0.103481
0.103481
0.186685
0.186685
0.234956
0.234956
0.236872
0.236872
0.291154
0.291154
0.438350
0.438350
0.200681
0.200681
0.366992
0.366992
0.245645
0.245645
0.396461
0.396461
0.212452
0.212452
0.212788
0.212788
0.239019
0.239019
0.282992
0.282992
0.302813
0.302813
0.281451
0.281451
0.069437
0.069437
0.374321
0.374321
0.444403
0.444403
0.254203
0.254203
0.324477
0.324477
0.281691
0.281691
0.478432
0.478432
0.660824
0.660824
0.290428
0.290428
0.115540
0.115540
0.559094
0.559094
0.301292
0.301292
0.230251
0.230251
0.244329
0.244329
0.159056
0.159056
0.303699
0.303699
0.441888
0.441888
0.264547
0.264547
0.117032
0.117032
0.254305
0.254305
0.202696
0.202696
0.185782
0.185782
0.254018
0.254018
0.213018
0.213018
0.228322
0.228322
0.248826
0.248826
0.422229
0.422229
0.157122
0.157122
0.196231
0.196231
0.291701
0.291701
0.307682
0.307682
0.141512
0.141512
0.388870
0.388870
0.158233
0.158233
0.279850
0.279850
0.169303
0.169303
0.485162
0.485162
0.360210
0.360210
0.206787
0.206787
0.195017
0.195017
0.151228
0.151228
0.311226
0.311226
0.242276
0.242276
0.396995
0.396995
0.290347
0.290347
0.317247
0.317247
0.312035
0.312035
1.028349
1.028349
0.095172
0.095172
0.188335
0.188335
0.318991
0.318991
0.181754
0.181754
0.211438
0.211438
0.665429
0.665429
0.535543
0.535543
0.311465
0.311465
0.114635
0.114635
0.172542
0.172542
0.388115
0.388115
0.190007
0.190007
0.289671
0.289671
0.366794
0.366794
0.168662
0.168662
0.236294
0.236294
0.641667
0.641667
0.386751
0.386751
0.269820
0.269820
0.163085
0.163085
0.222664
0.222664
0.187084
0.187084
0.500970
0.500970
0.249439
0.249439
0.175621
0.175621
0.204652
0.204652
0.218130
0.218130
0.303156
0.303156
0.182491
0.182491
0.217902
0.217902
0.322797
0.322797
0.334178
0.334178
0.249232
0.249232
0.312084
0.312084
0.140357
0.140357
0.278004
0.278004
0.133807
0.133807
0.172423
0.172423
0.445955
0.445955
0.163869
0.163869
0.237454
0.237454
0.763572
0.763572
0.425095
0.425095
0.448948
0.448948
0.359233
0.359233
0.231165
0.231165
0.228629
0.228629
0.198538
0.198538
0.122502
0.122502
0.202258
0.202258
0.218059
0.218059
0.147864
0.147864
0.153443
0.153443
0.769271
0.769271
0.575534
0.575534
0.252520
0.252520
0.188006
0.188006
0.242044
0.242044
0.402595
0.402595
0.722662
0.722662
0.253085
0.253085
0.287896
0.287896
0.224501
0.224501
0.339601
0.339601
0.120248
0.120248
0.358790
0.358790
0.527996
0.527996
0.223768
0.223768
0.445051
0.445051
0.514801
0.514801
0.244369
0.244369
0.262434
0.262434
0.185303
0.185303
0.300782
0.300782
0.346301
0.346301
0.209487
0.209487
0.185141
0.185141
0.156521
0.156521
0.164101
0.164101
0.436213
0.436213
0.424243
0.424243
0.615392
0.615392
0.287032
0.287032
0.164433
0.164433
0.257669
0.257669
0.264011
0.264011
0.289860
0.289860
0.082407
0.082407
0.353735
0.353735
0.222349
0.222349
0.299831
0.299831
0.521288
0.521288
0.302893
0.302893
0.166029
0.166029
0.349120
0.349120
0.172288
0.172288
0.198906
0.198906
0.498537
0.498537
0.101542
0.101542
0.295927
0.295927
0.156840
0.156840
0.118039
0.118039
0.395345
0.395345
0.206549
0.206549
0.331621
0.331621
0.269621
0.269621
0.256752
0.256752
0.435109
0.435109
0.190651
0.190651
0.332861
0.332861
0.361864
0.361864
0.137286
0.137286
0.107318
0.107318
0.170301
0.170301
0.456097
0.456097
0.631612
0.631612
0.229862
0.229862
0.284007
0.284007
0.075508
0.075508
0.234569
0.234569
0.453395
0.453395
0.211951
0.211951
0.437534
0.437534
1.486946
1.486946
0.188583
0.188583
0.532720
0.532720
0.244162
0.244162
0.220855
0.220855
0.296095
0.296095
0.125589
0.125589
0.095509
0.095509
0.196168
0.196168
0.485865
0.485865
0.390174
0.390174
0.668232
0.668232
0.415083
0.415083
0.135543
0.135543
0.402960
0.402960
0.303993
0.303993
0.249197
0.249197
0.754500
0.754500
0.366078
0.366078
0.206046
0.206046
0.268239
0.268239
0.175017
0.175017
0.113429
0.113429
0.190095
0.190095
0.272875
0.272875
0.272146
0.272146
0.389167
0.389167
0.118016
0.118016
0.276775
0.276775
0.238668
0.238668
0.315001
0.315001
0.209191
0.209191
0.267224
0.267224
0.148239
0.148239
0.120334
0.120334
0.284078
0.284078
0.218543
0.218543
0.165825
0.165825
0.095164
0.095164
0.446571
0.446571
0.364141
0.364141
0.142967
0.142967
0.144227
0.144227
0.181861
0.181861
0.352359
0.352359
0.855074
0.855074
0.406143
0.406143
0.325434
0.325434
0.197593
0.197593
0.295088
0.295088
0.395828
0.395828
0.272757
0.272757
0.469203
0.469203
0.189810
0.189810
0.468410
0.468410
0.221366
0.221366
0.391361
0.391361
0.469832
0.469832
0.319954
0.319954
0.185349
0.185349
0.347855
0.347855
0.226914
0.226914
0.124769
0.124769
0.610533
0.610533
0.324033
0.324033
0.265839
0.265839
0.184611
0.184611
0.535350
0.535350
0.450884
0.450884
0.090591
0.090591
0.886860
0.886860
0.520974
0.520974
0.231146
0.231146
0.151975
0.151975
0.500909
0.500909
0.293153
0.293153
0.286654
0.286654
0.249545
0.249545
0.233907
0.233907
0.097758
0.097758
0.157807
0.157807
0.561965
0.561965
0.444745
0.444745
0.272425
0.272425
0.513061
0.513061
0.328667
0.328667
0.317648
0.317648
0.287276
0.287276
0.132246
0.132246
0.230986
0.230986
0.315985
0.315985
0.211180
0.211180
0.217735
0.217735
0.086672
0.086672
0.091029
0.091029
0.078717
0.078717
0.194631
0.194631
0.235786
0.235786
0.151503
0.151503
0.219112
0.219112
0.173309
0.173309
0.298780
0.298780
0.258062
0.258062
0.387158
0.387158
0.268365
0.268365
0.234574
0.234574
0.181642
0.181642
0.182898
0.182898
0.123874
0.123874
0.122512
0.122512
0.386114
0.386114
0.296143
0.296143
0.432170
0.432170
0.154095
0.154095
0.323661
0.323661
0.239522
0.239522
0.344650
0.344650
0.303167
0.303167
0.196324
0.196324
0.369458
0.369458
0.276020
0.276020
0.447831
0.447831
0.317479
0.317479
0.133715
0.133715
0.037050
0.037050
0.089452
0.089452
0.461504
0.461504
0.260903
0.260903
0.434662
0.434662
0.430432
0.430432
0.221020
0.221020
0.305934
0.305934
0.346742
0.346742
0.560824
0.560824
0.304493
0.304493
0.349943
0.349943
0.459066
0.459066
0.407859
0.407859
0.396286
0.396286
0.303432
0.303432
0.122962
0.122962
0.156716
0.156716
0.442085
0.442085
0.119715
0.119715
0.225688
0.225688
0.313026
0.313026
0.174231
0.174231
0.186806
0.186806
0.368676
0.368676
0.147976
0.147976
0.181086
0.181086
0.168265
0.168265
0.532060
0.532060
0.151848
0.151848
0.201899
0.201899
0.331308
0.331308
0.645804
0.645804
0.296333
0.296333
0.208914
0.208914
0.251206
0.251206
0.206387
0.206387
0.318148
0.318148
0.339420
0.339420
0.298305
0.298305
0.409843
0.409843
0.581925
0.581925
0.186932
0.186932
0.182986
0.182986
0.336955
0.336955
0.296580
0.296580
0.151272
0.151272
0.474820
0.474820
0.382182
0.382182
0.159274
0.159274
0.282328
0.282328
0.289903
0.289903
0.332762
0.332762
0.204529
0.204529
0.430713
0.430713
0.193118
0.193118
0.574669
0.574669
0.183366
0.183366
0.492117
0.492117
0.771989
0.771989
0.229636
0.229636
0.751783
0.751783
0.118850
0.118850
0.236122
0.236122
0.218074
0.218074
0.523271
0.523271
0.106218
0.106218
0.268445
0.268445
0.185274
0.185274
0.262063
0.262063
0.224813
0.224813
0.222166
0.222166
0.153563
0.153563
0.126708
0.126708
0.202910
0.202910
0.137879
0.137879
0.473924
0.473924
0.144534
0.144534
0.164009
0.164009
0.139805
0.139805
0.450619
0.450619
0.376654
0.376654
0.223319
0.223319
0.092672
0.092672
0.363285
0.363285
0.421834
0.421834
0.142744
0.142744
0.226237
0.226237
0.246527
0.246527
0.396160
0.396160
0.275452
0.275452
0.306000
0.306000
0.191306
0.191306
0.271032
0.271032
0.317152
0.317152
0.404203
0.404203
0.253440
0.253440
0.196761
0.196761
0.434384
0.434384
0.513415
0.513415
0.157566
0.157566
0.252694
0.252694
0.180859
0.180859
0.315029
0.315029
0.106887
0.106887
0.128641
0.128641
0.347652
0.347652
0.255508
0.255508
0.221744
0.221744
0.221338
0.221338
0.247161
0.247161
0.297975
0.297975
0.615302
0.615302
0.143474
0.143474
0.335167
0.335167
0.636600
0.636600
0.193622
0.193622
0.111135
0.111135
0.259869
0.259869
0.085247
0.085247
0.419553
0.419553
0.245372
0.245372
0.293680
0.293680
0.402445
0.402445
0.004570
0.004570
0.246683
0.246683
0.407244
0.407244
0.472386
0.472386
0.441460
0.441460
0.160970
0.160970
0.315498
0.315498
0.331162
0.331162
0.341537
0.341537
0.116531
0.116531
0.497015
0.497015
0.329695
0.329695
0.354920
0.354920
0.160059
0.160059
0.247591
0.247591
0.327184
0.327184
0.273875
0.273875
0.297876
0.297876
0.395840
0.395840
0.452185
0.452185
0.231042
0.231042
0.366395
0.366395
0.347355
0.347355
0.269534
0.269534
0.277637
0.277637
0.248905
0.248905
0.231162
0.231162
0.139921
0.139921
0.162426
0.162426
0.664040
0.664040
0.432706
0.432706
0.277542
0.277542
0.529021
0.529021
0.179405
0.179405
0.195410
0.195410
0.496287
0.496287
0.469615
0.469615
0.222517
0.222517
0.430133
0.430133
0.274000
0.274000
0.153780
0.153780
0.278266
0.278266
0.305950
0.305950
0.343206
0.343206
0.226537
0.226537
0.274114
0.274114
0.253952
0.253952
0.166559
0.166559
0.146835
0.146835
0.310641
0.310641
0.196380
0.196380
0.424459
0.424459
0.310305
0.310305
0.152172
0.152172
0.226683
0.226683
0.236642
0.236642
0.313355
0.313355
0.293814
0.293814
0.122136
0.122136
0.401965
0.401965
0.781101
0.781101
0.456808
0.456808
0.267171
0.267171
0.427045
0.427045
0.279542
0.279542
0.493294
0.493294
0.310962
0.310962
0.205748
0.205748
0.105810
0.105810
0.274392
0.274392
0.165671
0.165671
0.329554
0.329554
0.149038
0.149038
0.115256
0.115256
0.357549
0.357549
0.109626
0.109626
0.557912
0.557912
0.420550
0.420550
0.332260
0.332260
0.441552
0.441552
0.109590
0.109590
0.246681
0.246681
0.303196
0.303196
0.258302
0.258302
0.450685
0.450685
0.280192
0.280192
0.148985
0.148985
0.115841
0.115841
0.096747
0.096747
0.241717
0.241717
0.185054
0.185054
0.231156
0.231156
0.370245
0.370245
0.443013
0.443013
0.260285
0.260285
0.204570
0.204570
0.270400
0.270400
0.264692
0.264692
0.178007
0.178007
0.335452
0.335452
0.185265
0.185265
0.497952
0.497952
0.269879
0.269879
0.640364
0.640364
0.222302
0.222302
0.247964
0.247964
0.235255
0.235255
0.309487
0.309487
0.195594
0.195594
0.277043
0.277043
0.434908
0.434908
0.239417
0.239417
0.530276
0.530276
0.239730
0.239730
0.228476
0.228476
0.284838
0.284838
0.192347
0.192347
0.305472
0.305472
0.281232
0.281232
0.215997
0.215997
0.277232
0.277232
0.253881
0.253881
0.146205
0.146205
0.463749
0.463749
0.100418
0.100418
0.256269
0.256269
0.320235
0.320235
0.770355
0.770355
0.311207
0.311207
0.218237
0.218237
0.132483
0.132483
0.092102
0.092102
0.144664
0.144664
0.310137
0.310137
0.500994
0.500994
0.270779
0.270779
0.287667
0.287667
0.200367
0.200367
0.344949
0.344949
0.220179
0.220179
0.485302
0.485302
0.177527
0.177527
0.220801
0.220801
0.193543
0.193543
0.098771
0.098771
0.141776
0.141776
0.488444
0.488444
0.501549
0.501549
0.326293
0.326293
0.468526
0.468526
0.317799
0.317799
0.305380
0.305380
0.458976
0.458976
0.586596
0.586596
0.241413
0.241413
0.175083
0.175083
0.288371
0.288371
0.842906
0.842906
0.421520
0.421520
0.192734
0.192734
0.188369
0.188369
0.343996
0.343996
0.176545
0.176545
0.329242
0.329242
0.163094
0.163094
0.113885
0.113885
0.408026
0.408026
0.357776
0.357776
0.772785
0.772785
0.328579
0.328579
0.379054
0.379054
0.216787
0.216787
0.191858
0.191858
0.182735
0.182735
0.145417
0.145417
0.099766
0.099766
0.484117
0.484117
0.208895
0.208895
0.128508
0.128508
0.426066
0.426066
0.212049
0.212049
0.137153
0.137153
0.369483
0.369483
0.156400
0.156400
0.218167
0.218167
0.238783
0.238783
0.251703
0.251703
0.240298
0.240298
0.397742
0.397742
0.198134
0.198134
0.165005
0.165005
0.739162
0.739162
0.135512
0.135512
0.171275
0.171275
0.504499
0.504499
0.395777
0.395777
0.245357
0.245357
0.183793
0.183793
0.361023
0.361023
0.132739
0.132739
0.329325
0.329325
0.194653
0.194653
0.410879
0.410879
0.263059
0.263059
0.493887
0.493887
0.243550
0.243550
0.090366
0.090366
0.284764
0.284764
0.184526
0.184526
0.205795
0.205795
0.315236
0.315236
0.165675
0.165675
0.496648
0.496648
0.256279
0.256279
0.183886
0.183886
0.385712
0.385712
0.248780
0.248780
0.298876
0.298876
0.189014
0.189014
0.464548
0.464548
0.205104
0.205104
0.373728
0.373728
0.190034
0.190034
0.176562
0.176562
0.254857
0.254857
0.220778
0.220778
0.224932
0.224932
0.117062
0.117062
0.400268
0.400268
0.305923
0.305923
0.420004
0.420004
0.189450
0.189450
0.311960
0.311960
0.428304
0.428304
0.161706
0.161706
0.488101
0.488101
0.078892
0.078892
0.130420
0.130420
0.303566
0.303566
0.236974
0.236974
0.142508
0.142508
0.355879
0.355879
0.370878
0.370878
0.401913
0.401913
0.296125
0.296125
0.151377
0.151377
0.146289
0.146289
0.313617
0.313617
0.063641
0.063641
0.253905
0.253905
0.108859
0.108859
0.220273
0.220273
0.192968
0.192968
0.360892
0.360892
0.325751
0.325751
0.117851
0.117851
0.175983
0.175983
0.268954
0.268954
0.316163
0.316163
0.228229
0.228229
0.209348
0.209348
0.226625
0.226625
0.275414
0.275414
0.311385
0.311385
0.286807
0.286807
0.251565
0.251565
0.240012
0.240012
0.427556
0.427556
0.363687
0.363687
0.567868
0.567868
0.269671
0.269671
0.140173
0.140173
0.226850
0.226850
0.111521
0.111521
0.263922
0.263922
0.231956
0.231956
0.168394
0.168394
0.245952
0.245952
0.287551
0.287551
0.171150
0.171150
0.344588
0.344588
0.088325
0.088325
0.389332
0.389332
0.288327
0.288327
0.233277
0.233277
0.254532
0.254532
0.254660
0.254660
0.149498
0.149498
0.215112
0.215112
0.219816
0.219816
0.203933
0.203933
0.454891
0.454891
0.269144
0.269144
1.057893
1.057893
0.389684
0.389684
0.261282
0.261282
0.207024
0.207024
0.352532
0.352532
0.353442
0.353442
0.090912
0.090912
0.510056
0.510056
0.286889
0.286889
0.168042
0.168042
0.149314
0.149314
0.177007
0.177007
0.306702
0.306702
0.140114
0.140114
0.309845
0.309845
0.525777
0.525777
0.670297
0.670297
0.332308
0.332308
0.230663
0.230663
0.452405
0.452405
0.174162
0.174162
0.173837
0.173837
0.384786
0.384786
0.299917
0.299917
0.453553
0.453553
0.379734
0.379734
0.196513
0.196513
0.333686
0.333686
0.162768
0.162768
0.152089
0.152089
0.149031
0.149031
0.227355
0.227355
0.206276
0.206276
0.324669
0.324669
0.153153
0.153153
0.245016
0.245016
0.262952
0.262952
0.579843
0.579843
0.317512
0.317512
0.747842
0.747842
0.207147
0.207147
0.142030
0.142030
0.110111
0.110111
0.246602
0.246602
0.369129
0.369129
0.301726
0.301726
0.131235
0.131235
0.404486
0.404486
0.305364
0.305364
0.646450
0.646450
0.152543
0.152543
0.329036
0.329036
0.192378
0.192378
0.258430
0.258430
0.138346
0.138346
0.126079
0.126079
0.293232
0.293232
0.283883
0.283883
0.722974
0.722974
0.103095
0.103095
0.097223
0.097223
0.540236
0.540236
0.188892
0.188892
0.426990
0.426990
0.527226
0.527226
0.197794
0.197794
0.557723
0.557723
0.220051
0.220051
0.455104
0.455104
0.216226
0.216226
0.240006
0.240006
0.207841
0.207841
0.345628
0.345628
0.272170
0.272170
0.372774
0.372774
0.465067
0.465067
0.192512
0.192512
0.601737
0.601737
0.296662
0.296662
0.307672
0.307672
0.303583
0.303583
0.150114
0.150114
0.582900
0.582900
0.631799
0.631799
0.386225
0.386225
0.356444
0.356444
0.205035
0.205035
0.165312
0.165312
0.268054
0.268054
0.200529
0.200529
0.400527
0.400527
0.388198
0.388198
0.250881
0.250881
0.416003
0.416003
0.091488
0.091488
0.324780
0.324780
0.209627
0.209627
0.353254
0.353254
0.203786
0.203786
0.190858
0.190858
0.280247
0.280247
0.227710
0.227710
0.361364
0.361364
0.182257
0.182257
0.344508
0.344508
0.368482
0.368482
0.588747
0.588747
0.135317
0.135317
0.223082
0.223082
0.250897
0.250897
0.347736
0.347736
0.340027
0.340027
0.345457
0.345457
0.139118
0.139118
0.208539
0.208539
0.259676
0.259676
0.142769
0.142769
0.327779
0.327779
0.249020
0.249020
0.638079
0.638079
0.362494
0.362494
0.426276
0.426276
0.250031
0.250031
0.424752
0.424752
0.272287
0.272287
0.154140
0.154140
0.290887
0.290887
0.209005
0.209005
0.155278
0.155278
0.330547
0.330547
0.195677
0.195677
0.292237
0.292237
0.244967
0.244967
0.287502
0.287502
0.404663
0.404663
0.176143
0.176143
0.149476
0.149476
0.329305
0.329305
0.178016
0.178016
0.405439
0.405439
0.261562
0.261562
0.185138
0.185138
0.254473
0.254473
0.163025
0.163025
0.475446
0.475446
0.263048
0.263048
0.219744
0.219744
0.231822
0.231822
0.122832
0.122832
0.494865
0.494865
0.288282
0.288282
0.197214
0.197214
0.913565
0.913565
0.633496
0.633496
0.233967
0.233967
0.192327
0.192327
0.149571
0.149571
0.222172
0.222172
0.185567
0.185567
0.287072
0.287072
0.401246
0.401246
0.191458
0.191458
0.451217
0.451217
0.402794
0.402794
0.432792
0.432792
0.544970
0.544970
0.179336
0.179336
0.674836
0.674836
0.361694
0.361694
0.199360
0.199360
0.399428
0.399428
0.122212
0.122212
0.190855
0.190855
0.118896
0.118896
0.183997
0.183997
0.158341
0.158341
0.377838
0.377838
0.479254
0.479254
0.110814
0.110814
0.203034
0.203034
0.119638
0.119638
0.074129
0.074129
0.264077
0.264077
0.166435
0.166435
0.316844
0.316844
0.195157
0.195157
0.662619
0.662619
0.327902
0.327902
0.173570
0.173570
0.258563
0.258563
0.354407
0.354407
0.196228
0.196228
0.249314
0.249314
0.152176
0.152176
0.240911
0.240911
0.321622
0.321622
0.522579
0.522579
0.166384
0.166384
0.356106
0.356106
0.218032
0.218032
0.347832
0.347832
0.338207
0.338207
0.084137
0.084137
0.032641
0.032641
0.493109
0.493109
0.248471
0.248471
0.341272
0.341272
0.213602
0.213602
0.186967
0.186967
0.275074
0.275074
0.121095
0.121095
0.416019
0.416019
0.278577
0.278577
0.194886
0.194886
0.189353
0.189353
0.460794
0.460794
0.142803
0.142803
0.196975
0.196975
0.353617
0.353617
0.467550
0.467550
0.313314
0.313314
0.155419
0.155419
0.516958
0.516958
0.359883
0.359883
0.379699
0.379699
0.395759
0.395759
0.178081
0.178081
0.353505
0.353505
0.191087
0.191087
0.300275
0.300275
0.424884
0.424884
0.161601
0.161601
0.342529
0.342529
0.145841
0.145841
0.176654
0.176654
0.275400
0.275400
0.441750
0.441750
0.203115
0.203115
0.308033
0.308033
0.159159
0.159159
0.288391
0.288391
0.231001
0.231001
0.309977
0.309977
0.337089
0.337089
0.239539
0.239539
0.247232
0.247232
0.146206
0.146206
0.313727
0.313727
0.142847
0.142847
0.177145
0.177145
0.652803
0.652803
0.240810
0.240810
0.802949
0.802949
0.593150
0.593150
0.356067
0.356067
0.220390
0.220390
0.432550
0.432550
0.164507
0.164507
0.134158
0.134158
0.619176
0.619176
0.185084
0.185084
0.167843
0.167843
0.350690
0.350690
0.316763
0.316763
0.197299
0.197299
0.171421
0.171421
0.401034
0.401034
0.152383
0.152383
0.296358
0.296358
0.291756
0.291756
0.096037
0.096037
0.494753
0.494753
0.150741
0.150741
0.324578
0.324578
0.252803
0.252803
0.211776
0.211776
0.186168
0.186168
0.216224
0.216224
0.410627
0.410627
0.237781
0.237781
0.517611
0.517611
0.126940
0.126940
0.528575
0.528575
0.198483
0.198483
0.193608
0.193608
0.151798
0.151798
0.318993
0.318993
0.225510
0.225510
0.277804
0.277804
0.292031
0.292031
0.288914
0.288914
0.560950
0.560950
0.128005
0.128005
0.335776
0.335776
0.204255
0.204255
0.212416
0.212416
0.147995
0.147995
0.179004
0.179004
0.507436
0.507436
0.524210
0.524210
0.319617
0.319617
0.787796
0.787796
0.260938
0.260938
0.365642
0.365642
0.300457
0.300457
0.134876
0.134876
0.319687
0.319687
0.309553
0.309553
0.430716
0.430716
0.262983
0.262983
0.173203
0.173203
0.235457
0.235457
0.214424
0.214424
0.088962
0.088962
0.154203
0.154203
0.326968
0.326968
0.498012
0.498012
0.111989
0.111989
0.240913
0.240913
0.190772
0.190772
0.280153
0.280153
0.282302
0.282302
0.393149
0.393149
0.352292
0.352292
0.447537
0.447537
0.410109
0.410109
0.086125
0.086125
0.095817
0.095817
0.283824
0.283824
0.271802
0.271802
0.240104
0.240104
0.359563
0.359563
0.169309
0.169309
0.284802
0.284802
0.176554
0.176554
0.442819
0.442819
0.098950
0.098950
0.359943
0.359943
0.388169
0.388169
0.381527
0.381527
0.199703
0.199703
0.198295
0.198295
0.552043
0.552043
0.241021
0.241021
0.317949
0.317949
0.207619
0.207619
0.083434
0.083434
0.478534
0.478534
0.232841
0.232841
0.156035
0.156035
0.453117
0.453117
0.269426
0.269426
0.373020
0.373020
0.335318
0.335318
0.259314
0.259314
0.353886
0.353886
0.263217
0.263217
0.164098
0.164098
0.215275
0.215275
0.281173
0.281173
0.301050
0.301050
0.153277
0.153277
0.327183
0.327183
0.191517
0.191517
0.445705
0.445705
0.131313
0.131313
0.207266
0.207266
0.151368
0.151368
0.189949
0.189949
0.343820
0.343820
0.365160
0.365160
0.093665
0.093665
0.151681
0.151681
0.368486
0.368486
0.322874
0.322874
0.201371
0.201371
0.161759
0.161759
0.345267
0.345267
0.142458
0.142458
0.257355
0.257355
0.173807
0.173807
0.670028
0.670028
0.445736
0.445736
0.182595
0.182595
0.352705
0.352705
0.160452
0.160452
0.515454
0.515454
0.281251
0.281251
0.144800
0.144800
0.349583
0.349583
0.332467
0.332467
0.204138
0.204138
0.660443
0.660443
0.333316
0.333316
0.157692
0.157692
0.380219
0.380219
0.195970
0.195970
0.430436
0.430436
0.201175
0.201175
0.253947
0.253947
0.104529
0.104529
0.370750
0.370750
0.275784
0.275784
0.328128
0.328128
0.557453
0.557453
0.302238
0.302238
0.207294
0.207294
0.639632
0.639632
0.093542
0.093542
0.441645
0.441645
0.252160
0.252160
0.076096
0.076096
0.203412
0.203412
0.490488
0.490488
0.514753
0.514753
0.103137
0.103137
0.402316
0.402316
0.580408
0.580408
0.207491
0.207491
0.351277
0.351277
0.089737
0.089737
0.388076
0.388076
0.324533
0.324533
0.725621
0.725621
0.218296
0.218296
0.184428
0.184428
0.156039
0.156039
0.339283
0.339283
0.587027
0.587027
0.119880
0.119880
0.267887
0.267887
0.096716
0.096716
0.504680
0.504680
0.420616
0.420616
0.105014
0.105014
0.169293
0.169293
0.333573
0.333573
0.231219
0.231219
0.134804
0.134804
0.140153
0.140153
0.187577
0.187577
0.260815
0.260815
0.513140
0.513140
0.157837
0.157837
0.268940
0.268940
0.287348
0.287348
0.518476
0.518476
0.390539
0.390539
0.124565
0.124565
0.444893
0.444893
0.353967
0.353967
0.230975
0.230975
0.432647
0.432647
0.131766
0.131766
0.126710
0.126710
0.569869
0.569869
0.284415
0.284415
0.420827
0.420827
0.319769
0.319769
0.133701
0.133701
0.307782
0.307782
0.300209
0.300209
0.841753
0.841753
0.158547
0.158547
0.376732
0.376732
0.252384
0.252384
0.301491
0.301491
0.280778
0.280778
0.078053
0.078053
0.314871
0.314871
0.219321
0.219321
0.543460
0.543460
0.240935
0.240935
0.257768
0.257768
0.215514
0.215514
0.342395
0.342395
0.243020
0.243020
0.080012
0.080012
0.254607
0.254607
0.147204
0.147204
0.188672
0.188672
0.467523
0.467523
0.286886
0.286886
0.354435
0.354435
0.455457
0.455457
0.219343
0.219343
0.346259
0.346259
0.229917
0.229917
0.275915
0.275915
0.240263
0.240263
0.370454
0.370454
0.245583
0.245583
0.482013
0.482013
0.397139
0.397139
0.236421
0.236421
0.582452
0.582452
0.320401
0.320401
0.282783
0.282783
0.215805
0.215805
0.726048
0.726048
0.413717
0.413717
0.159389
0.159389
0.270224
0.270224
0.219267
0.219267
0.229290
0.229290
0.203048
0.203048
0.270973
0.270973
0.239402
0.239402
0.424195
0.424195
0.233645
0.233645
0.156268
0.156268
0.311541
0.311541
0.340167
0.340167
0.446887
0.446887
0.172891
0.172891
0.102710
0.102710
0.268721
0.268721
0.321145
0.321145
0.466004
0.466004
0.598163
0.598163
0.128872
0.128872
0.242548
0.242548
0.258271
0.258271
0.480729
0.480729
0.367004
0.367004
0.248468
0.248468
0.289555
0.289555
0.785170
0.785170
0.168726
0.168726
0.201793
0.201793
0.190009
0.190009
0.200398
0.200398
0.149315
0.149315
0.233471
0.233471
0.166614
0.166614
0.262288
0.262288
0.305394
0.305394
0.412678
0.412678
0.161345
0.161345
0.146721
0.146721
0.434631
0.434631
0.116276
0.116276
0.328739
0.328739
0.306552
0.306552
0.152873
0.152873
0.386387
0.386387
0.205441
0.205441
0.254224
0.254224
0.312740
0.312740
0.302312
0.302312
0.183029
0.183029
0.458030
0.458030
0.146921
0.146921
0.208164
0.208164
0.068895
0.068895
0.219882
0.219882
0.157947
0.157947
0.590004
0.590004
0.434717
0.434717
0.276951
0.276951
0.472532
0.472532
0.195645
0.195645
0.173885
0.173885
0.245900
0.245900
0.248885
0.248885
0.209204
0.209204
0.231423
0.231423
0.274093
0.274093
0.435233
0.435233
0.108851
0.108851
0.128390
0.128390
0.121382
0.121382
0.147769
0.147769
0.258062
0.258062
0.243594
0.243594
0.027634
0.027634
0.531698
0.531698
0.097387
0.097387
0.176566
0.176566
0.659266
0.659266
0.326070
0.326070
0.365454
0.365454
0.491026
0.491026
0.135821
0.135821
0.267190
0.267190
0.224963
0.224963
0.211392
0.211392
0.222103
0.222103
0.323593
0.323593
0.524021
0.524021
0.132045
0.132045
0.289624
0.289624
0.360205
0.360205
0.162447
0.162447
0.283378
0.283378
0.137596
0.137596
0.381980
0.381980
0.248027
0.248027
0.255110
0.255110
0.246519
0.246519
0.204285
0.204285
0.260854
0.260854
0.240374
0.240374
0.150430
0.150430
0.281659
0.281659
0.235884
0.235884
0.226166
0.226166
0.169934
0.169934
0.450471
0.450471
0.140162
0.140162
0.202029
0.202029
0.465988
0.465988
0.169879
0.169879
0.188549
0.188549
0.213991
0.213991
0.241188
0.241188
0.127978
0.127978
0.257714
0.257714
0.297582
0.297582
0.122770
0.122770
0.287143
0.287143
0.231483
0.231483
0.272788
0.272788
0.439346
0.439346
0.402316
0.402316
0.201326
0.201326
0.374912
0.374912
0.562302
0.562302
0.134787
0.134787
0.251257
0.251257
0.541834
0.541834
0.247092
0.247092
0.421849
0.421849
0.440777
0.440777
0.333788
0.333788
0.226936
0.226936
0.513946
0.513946
0.339943
0.339943
0.152987
0.152987
0.253168
0.253168
0.121304
0.121304
0.366598
0.366598
0.242021
0.242021
0.285438
0.285438
0.199746
0.199746
0.177034
0.177034
0.462054
0.462054
0.183602
0.183602
0.491847
0.491847
0.213319
0.213319
0.915730
0.915730
0.325786
0.325786
0.300464
0.300464
0.366043
0.366043
0.368921
0.368921
0.421419
0.421419
0.467893
0.467893
0.274198
0.274198
0.336695
0.336695
0.202620
0.202620
0.261481
0.261481
0.508943
0.508943
0.203678
0.203678
0.229782
0.229782
0.253033
0.253033
0.135585
0.135585
0.093967
0.093967
0.503575
0.503575
0.264575
0.264575
0.237193
0.237193
0.264271
0.264271
0.218862
0.218862
0.171254
0.171254
0.397168
0.397168
0.322361
0.322361
0.234375
0.234375
0.268856
0.268856
0.294934
0.294934
0.227656
0.227656
0.478002
0.478002
0.145968
0.145968
0.134207
0.134207
0.224650
0.224650
0.168212
0.168212
0.380289
0.380289
0.182761
0.182761
0.276097
0.276097
0.221469
0.221469
0.170573
0.170573
0.246081
0.246081
0.205101
0.205101
0.235887
0.235887
0.191895
0.191895
0.160114
0.160114
0.347960
0.347960
0.217251
0.217251
0.512372
0.512372
0.579853
0.579853
0.600030
0.600030
0.047216
0.047216
0.267539
0.267539
0.557205
0.557205
0.284690
0.284690
0.228856
0.228856
0.116926
0.116926
0.509483
0.509483
0.151519
0.151519
0.367300
0.367300
0.128249
0.128249
0.369850
0.369850
0.470348
0.470348
0.207077
0.207077
0.605790
0.605790
0.522066
0.522066
0.427119
0.427119
0.218706
0.218706
0.351150
0.351150
0.389745
0.389745
0.513407
0.513407
0.274069
0.274069
0.258634
0.258634
0.334359
0.334359
0.230466
0.230466
0.184483
0.184483
0.112859
0.112859
0.128386
0.128386
0.425848
0.425848
0.425113
0.425113
0.281995
0.281995
0.226716
0.226716
0.373824
0.373824
0.174144
0.174144
0.398049
0.398049
0.387289
0.387289
0.268537
0.268537
0.206901
0.206901
0.371623
0.371623
0.098409
0.098409
0.145356
0.145356
0.438206
0.438206
0.266025
0.266025
0.368328
0.368328
0.189365
0.189365
0.355722
0.355722
0.190123
0.190123
0.437008
0.437008
0.124737
0.124737
0.463313
0.463313
0.160881
0.160881
0.765663
0.765663
0.208616
0.208616
0.135165
0.135165
0.291174
0.291174
0.204708
0.204708
0.485638
0.485638
0.239268
0.239268
0.309356
0.309356
0.175269
0.175269
0.288362
0.288362
0.081972
0.081972
0.307603
0.307603
0.335506
0.335506
0.505849
0.505849
0.332722
0.332722
0.378145
0.378145
0.120956
0.120956
0.268537
0.268537
0.288442
0.288442
0.148902
0.148902
0.709252
0.709252
0.162975
0.162975
0.123325
0.123325
0.114962
0.114962
0.208551
0.208551
0.144174
0.144174
0.243002
0.243002
0.118865
0.118865
0.198944
0.198944
0.199244
0.199244
0.550735
0.550735
0.332904
0.332904
0.198371
0.198371
0.330710
0.330710
0.133982
0.133982
0.227647
0.227647
0.481608
0.481608
0.274581
0.274581
0.185552
0.185552
0.536369
0.536369
0.284001
0.284001
0.364330
0.364330
0.356719
0.356719
0.368138
0.368138
0.196504
0.196504
0.721280
0.721280
0.190051
0.190051
0.588833
0.588833
0.479124
0.479124
0.198916
0.198916
0.226914
0.226914
0.207580
0.207580
0.204563
0.204563
0.161060
0.161060
0.274003
0.274003
0.138056
0.138056
0.314586
0.314586
0.216024
0.216024
0.124572
0.124572
0.268414
0.268414
0.318546
0.318546
0.233091
0.233091
0.250311
0.250311
0.124246
0.124246
0.396901
0.396901
0.158927
0.158927
0.227023
0.227023
0.120255
0.120255
0.287568
0.287568
0.356660
0.356660
0.343451
0.343451
0.207058
0.207058
0.470454
0.470454
0.105204
0.105204
0.019145
0.019145
0.524926
0.524926
0.243072
0.243072
0.161273
0.161273
0.097881
0.097881
0.232638
0.232638
0.202171
0.202171
0.216703
0.216703
0.193152
0.193152
0.541906
0.541906
0.239001
0.239001
0.105320
0.105320
0.172309
0.172309
0.304672
0.304672
0.576955
0.576955
0.310986
0.310986
0.090041
0.090041
0.200784
0.200784
0.459897
0.459897
0.380692
0.380692
0.155906
0.155906
0.121350
0.121350
0.166131
0.166131
0.118050
0.118050
0.343699
0.343699
0.218825
0.218825
0.451016
0.451016
0.298855
0.298855
0.521383
0.521383
0.379853
0.379853
0.206819
0.206819
0.328393
0.328393
0.328196
0.328196
0.220718
0.220718
0.302070
0.302070
0.287294
0.287294
0.161876
0.161876
0.212357
0.212357
0.277696
0.277696
0.496497
0.496497
0.170755
0.170755
0.275173
0.275173
0.157201
0.157201
0.450912
0.450912
0.370144
0.370144
0.755121
0.755121
0.410791
0.410791
0.132338
0.132338
0.367971
0.367971
0.354185
0.354185
0.316126
0.316126
0.611722
0.611722
0.198626
0.198626
0.267749
0.267749
0.237007
0.237007
0.257969
0.257969
0.335586
0.335586
0.425540
0.425540
0.179190
0.179190
0.323153
0.323153
0.094224
0.094224
0.226133
0.226133
0.302371
0.302371
0.646242
0.646242
0.570837
0.570837
0.308332
0.308332
0.251096
0.251096
0.221648
0.221648
0.454236
0.454236
0.252692
0.252692
0.272138
0.272138
0.399589
0.399589
0.170197
0.170197
0.258696
0.258696
0.270336
0.270336
0.334996
0.334996
0.158123
0.158123
0.303947
0.303947
0.230896
0.230896
0.236156
0.236156
0.333085
0.333085
0.548517
0.548517
0.144861
0.144861
0.471115
0.471115
0.321910
0.321910
0.149290
0.149290
0.443268
0.443268
0.118494
0.118494
0.246407
0.246407
0.147396
0.147396
0.208471
0.208471
0.362489
0.362489
0.250095
0.250095
0.535979
0.535979
0.286021
0.286021
0.233933
0.233933
0.239097
0.239097
0.222312
0.222312
0.321786
0.321786
0.226344
0.226344
0.379302
0.379302
0.165995
0.165995
0.462819
0.462819
0.196722
0.196722
0.086867
0.086867
0.088949
0.088949
0.368235
0.368235
0.394798
0.394798
0.210655
0.210655
0.212766
0.212766
0.351927
0.351927
0.198468
0.198468
0.147049
0.147049
0.473182
0.473182
0.194621
0.194621
0.319600
0.319600
0.171866
0.171866
0.184779
0.184779
0.229054
0.229054
0.151822
0.151822
0.241118
0.241118
0.351446
0.351446
0.163724
0.163724
0.548349
0.548349
0.009889
0.009889
0.599745
0.599745
0.258604
0.258604
0.190315
0.190315
0.141417
0.141417
0.287668
0.287668
0.150762
0.150762
0.181192
0.181192
0.466681
0.466681
0.251029
0.251029
0.416580
0.416580
0.200912
0.200912
0.267983
0.267983
0.209962
0.209962
0.212581
0.212581
0.212643
0.212643
0.207670
0.207670
0.455940
0.455940
0.218236
0.218236
0.155476
0.155476
0.356025
0.356025
0.226806
0.226806
0.268909
0.268909
0.149707
0.149707
0.532559
0.532559
0.474822
0.474822
0.195843
0.195843
0.492062
0.492062
0.291387
0.291387
0.299280
0.299280
0.364000
0.364000
0.157517
0.157517
0.175405
0.175405
0.293196
0.293196
0.147469
0.147469
0.459254
0.459254
0.238251
0.238251
0.481175
0.481175
0.241622
0.241622
0.170826
0.170826
0.188897
0.188897
0.135424
0.135424
0.199547
0.199547
0.202380
0.202380
0.411862
0.411862
0.258654
0.258654
0.412655
0.412655
0.388808
0.388808
0.455185
0.455185
0.159893
0.159893
0.345117
0.345117
0.303242
0.303242
0.354077
0.354077
0.316265
0.316265
0.210242
0.210242
0.241706
0.241706
0.296388
0.296388
0.204640
0.204640
0.563831
0.563831
0.251383
0.251383
0.209538
0.209538
0.373538
0.373538
0.105837
0.105837
0.392617
0.392617
0.188422
0.188422
0.430876
0.430876
0.199312
0.199312
0.141008
0.141008
0.183984
0.183984
0.153404
0.153404
0.292441
0.292441
0.229562
0.229562
0.222978
0.222978
0.474661
0.474661
0.519905
0.519905
0.424376
0.424376
0.197498
0.197498
0.410650
0.410650
0.278811
0.278811
0.124888
0.124888
0.157624
0.157624
0.455316
0.455316
0.305583
0.305583
0.380008
0.380008
0.357162
0.357162
0.255790
0.255790
0.248513
0.248513
0.252106
0.252106
0.271574
0.271574
0.406238
0.406238
0.185317
0.185317
0.158121
0.158121
0.295698
0.295698
0.143774
0.143774
0.674745
0.674745
0.162666
0.162666
0.287426
0.287426
0.396236
0.396236
0.617584
0.617584
0.468276
0.468276
0.306485
0.306485
0.546722
0.546722
0.235788
0.235788
0.163138
0.163138
0.223742
0.223742
0.223284
0.223284
0.172600
0.172600
0.492387
0.492387
0.289710
0.289710
0.195128
0.195128
0.168712
0.168712
0.149406
0.149406
0.307231
0.307231
0.270846
0.270846
0.394451
0.394451
0.432576
0.432576
0.307077
0.307077
0.564829
0.564829
0.151824
0.151824
0.291396
0.291396
0.229624
0.229624
0.192770
0.192770
0.468026
0.468026
0.252737
0.252737
0.091190
0.091190
0.207620
0.207620
0.327484
0.327484
0.284066
0.284066
0.160678
0.160678
0.422915
0.422915
0.727709
0.727709
0.182464
0.182464
0.129080
0.129080
0.102551
0.102551
0.426839
0.426839
0.375322
0.375322
0.200096
0.200096
0.230970
0.230970
0.187566
0.187566
0.293483
0.293483
0.187683
0.187683
0.307948
0.307948
0.219372
0.219372
0.157541
0.157541
0.285877
0.285877
0.326352
0.326352
0.725589
0.725589
0.639426
0.639426
0.126876
0.126876
0.220615
0.220615
0.276608
0.276608
0.098956
0.098956
0.273119
0.273119
0.333439
0.333439
0.270394
0.270394
0.136148
0.136148
0.180437
0.180437
0.222180
0.222180
0.094215
0.094215
0.318986
0.318986
0.435321
0.435321
0.322460
0.322460
0.290753
0.290753
0.138544
0.138544
0.511370
0.511370
0.416092
0.416092
0.116123
0.116123
0.289684
0.289684
0.297217
0.297217
0.232016
0.232016
0.224141
0.224141
0.558871
0.558871
0.161313
0.161313
0.372652
0.372652
0.303314
0.303314
0.301844
0.301844
0.267286
0.267286
0.300625
0.300625
0.390286
0.390286
0.259635
0.259635
0.495316
0.495316
0.320970
0.320970
0.461986
0.461986
0.284406
0.284406
0.163084
0.163084
0.205899
0.205899
0.201093
0.201093
0.170752
0.170752
0.254931
0.254931
0.130825
0.130825
0.248412
0.248412
0.178890
0.178890
0.243569
0.243569
0.090343
0.090343
0.444308
0.444308
0.137781
0.137781
0.202009
0.202009
0.290612
0.290612
0.456684
0.456684
0.129051
0.129051
0.272263
0.272263
0.158197
0.158197
0.166679
0.166679
0.181281
0.181281
0.393955
0.393955
0.102141
0.102141
0.154189
0.154189
0.483660
0.483660
0.472814
0.472814
0.185912
0.185912
0.404679
0.404679
0.265878
0.265878
0.170706
0.170706
0.144816
0.144816
0.106124
0.106124
0.367850
0.367850
0.342051
0.342051
0.518697
0.518697
0.275563
0.275563
0.270560
0.270560
0.511677
0.511677
0.676958
0.676958
0.313658
0.313658
0.097994
0.097994
0.145712
0.145712
0.410903
0.410903
0.216179
0.216179
0.440839
0.440839
0.246886
0.246886
0.732033
0.732033
0.264493
0.264493
0.550648
0.550648
0.102081
0.102081
0.292546
0.292546
0.511356
0.511356
0.169739
0.169739
0.153782
0.153782
0.128639
0.128639
0.163942
0.163942
0.165093
0.165093
0.145437
0.145437
0.391871
0.391871
0.362666
0.362666
0.232648
0.232648
0.464393
0.464393
0.319801
0.319801
0.406279
0.406279
0.116004
0.116004
0.004322
0.004322
0.122336
0.122336
0.148270
0.148270
0.142838
0.142838
0.282728
0.282728
0.324183
0.324183
0.277516
0.277516
0.190218
0.190218
0.143906
0.143906
0.310038
0.310038
0.242852
0.242852
0.822573
0.822573
0.410465
0.410465
0.082649
0.082649
0.413738
0.413738
0.218697
0.218697
0.349056
0.349056
0.576199
0.576199
0.374661
0.374661
0.224893
0.224893
0.214603
0.214603
0.174747
0.174747
0.465110
0.465110
0.246035
0.246035
0.494809
0.494809
0.217234
0.217234
0.193510
0.193510
0.196164
0.196164
0.180017
0.180017
0.127530
0.127530
0.847091
0.847091
0.390204
0.390204
0.198132
0.198132
0.246111
0.246111
0.150930
0.150930
0.300959
0.300959
0.222429
0.222429
0.206012
0.206012
0.161837
0.161837
0.327516
0.327516
0.475802
0.475802
0.177078
0.177078
0.221010
0.221010
0.196263
0.196263
0.223970
0.223970
0.481716
0.481716
0.102895
0.102895
0.200550
0.200550
0.343613
0.343613
0.123906
0.123906
0.241854
0.241854
0.662036
0.662036
0.372553
0.372553
0.185388
0.185388
0.386155
0.386155
0.170731
0.170731
0.227022
0.227022
0.330556
0.330556
0.281161
0.281161
0.359306
0.359306
0.175698
0.175698
0.458571
0.458571
0.188224
0.188224
0.173679
0.173679
0.349487
0.349487
0.250042
0.250042
0.213799
0.213799
0.383391
0.383391
0.094630
0.094630
0.213437
0.213437
0.165791
0.165791
0.401909
0.401909
0.366459
0.366459
0.473989
0.473989
0.326075
0.326075
0.486188
0.486188
0.329263
0.329263
0.218787
0.218787
0.336925
0.336925
0.383828
0.383828
0.489059
0.489059
0.254362
0.254362
0.421441
0.421441
0.531790
0.531790
0.181286
0.181286
0.260607
0.260607
0.424524
0.424524
0.162449
0.162449
0.400342
0.400342
0.282469
0.282469
0.474381
0.474381
0.331188
0.331188
0.338766
0.338766
0.110432
0.110432
0.156695
0.156695
0.251299
0.251299
0.160922
0.160922
0.603963
0.603963
0.506878
0.506878
0.442096
0.442096
0.217925
0.217925
0.136613
0.136613
0.138467
0.138467
0.215625
0.215625
0.297085
0.297085
0.210373
0.210373
0.314230
0.314230
0.159236
0.159236
0.160139
0.160139
0.284982
0.284982
0.244206
0.244206
0.564755
0.564755
0.142746
0.142746
0.203781
0.203781
0.157505
0.157505
0.263097
0.263097
0.327620
0.327620
0.258137
0.258137
0.114429
0.114429
0.278954
0.278954
0.254997
0.254997
0.377266
0.377266
0.253523
0.253523
0.309396
0.309396
1.388689
1.388689
0.185042
0.185042
0.241179
0.241179
0.193945
0.193945
0.243571
0.243571
0.604301
0.604301
0.268633
0.268633
0.234402
0.234402
0.312906
0.312906
0.201931
0.201931
0.254292
0.254292
0.157988
0.157988
0.524558
0.524558
0.326763
0.326763
0.303839
0.303839
0.409815
0.409815
0.142570
0.142570
0.223232
0.223232
0.101379
0.101379
0.176137
0.176137
0.233824
0.233824
0.094094
0.094094
0.341802
0.341802
0.256054
0.256054
0.179531
0.179531
0.337529
0.337529
0.296557
0.296557
0.698330
0.698330
0.196482
0.196482
0.288866
0.288866
0.264083
0.264083
0.276718
0.276718
0.214935
0.214935
0.078081
0.078081
0.493075
0.493075
0.202269
0.202269
0.184190
0.184190
0.199717
0.199717
0.186203
0.186203
0.208586
0.208586
0.073424
0.073424
0.263937
0.263937
0.162790
0.162790
0.184655
0.184655
0.143176
0.143176
0.294799
0.294799
0.250471
0.250471
0.115854
0.115854
0.234010
0.234010
0.217813
0.217813
0.355013
0.355013
0.200348
0.200348
0.200234
0.200234
0.468038
0.468038
0.195095
0.195095
0.408632
0.408632
0.205381
0.205381
0.404256
0.404256
0.151892
0.151892
0.480871
0.480871
0.217100
0.217100
0.256154
0.256154
0.464413
0.464413
0.697437
0.697437
0.335056
0.335056
0.267477
0.267477
0.426411
0.426411
0.169500
0.169500
0.148110
0.148110
0.515291
0.515291
0.350240
0.350240
0.298290
0.298290
0.418377
0.418377
0.340665
0.340665
0.433317
0.433317
0.229989
0.229989
0.244623
0.244623
0.213421
0.213421
0.175090
0.175090
0.711295
0.711295
0.198135
0.198135
0.249338
0.249338
0.229051
0.229051
0.360754
0.360754
0.126298
0.126298
0.204581
0.204581
0.161046
0.161046
0.186496
0.186496
0.339086
0.339086
0.580440
0.580440
0.587314
0.587314
0.171336
0.171336
0.234793
0.234793
0.368712
0.368712
0.140392
0.140392
0.571694
0.571694
0.362343
0.362343
0.247205
0.247205
0.547913
0.547913
0.138459
0.138459
0.776052
0.776052
0.146547
0.146547
0.229082
0.229082
0.162142
0.162142
0.335537
0.335537
0.448618
0.448618
0.254168
0.254168
0.329672
0.329672
0.347912
0.347912
0.208577
0.208577
0.203407
0.203407
0.101512
0.101512
0.273854
0.273854
0.187286
0.187286
0.244059
0.244059
0.288647
0.288647
0.269910
0.269910
0.089224
0.089224
0.252967
0.252967
0.266755
0.266755
0.636895
0.636895
0.219402
0.219402
0.223383
0.223383
0.437755
0.437755
0.214403
0.214403
0.223049
0.223049
0.200998
0.200998
0.223710
0.223710
0.417926
0.417926
0.182150
0.182150
0.273444
0.273444
0.502529
0.502529
0.225631
0.225631
0.441022
0.441022
0.310990
0.310990
0.178014
0.178014
0.183556
0.183556
0.168841
0.168841
0.141032
0.141032
0.101009
0.101009
0.502394
0.502394
0.283214
0.283214
0.416096
0.416096
0.455455
0.455455
0.103309
0.103309
0.131225
0.131225
0.225326
0.225326
0.276281
0.276281
0.350349
0.350349
0.554214
0.554214
0.087108
0.087108
0.248950
0.248950
0.177015
0.177015
0.426896
0.426896
0.382840
0.382840
0.138277
0.138277
0.232651
0.232651
0.511263
0.511263
0.408735
0.408735
0.202764
0.202764
0.422803
0.422803
0.183558
0.183558
0.134173
0.134173
0.241289
0.241289
0.267463
0.267463
0.545753
0.545753
0.203816
0.203816
0.321340
0.321340
0.368656
0.368656
0.457330
0.457330
0.299614
0.299614
0.616318
0.616318
0.386750
0.386750
0.304891
0.304891
0.237241
0.237241
0.271022
0.271022
0.607435
0.607435
0.105726
0.105726
0.381304
0.381304
0.227884
0.227884
0.137383
0.137383
0.241570
0.241570
0.458977
0.458977
0.250923
0.250923
0.248901
0.248901
0.162185
0.162185
0.129121
0.129121
0.141653
0.141653
0.162852
0.162852
0.543373
0.543373
0.291742
0.291742
0.334724
0.334724
0.418748
0.418748
0.096666
0.096666
0.324603
0.324603
0.322967
0.322967
0.307322
0.307322
0.096681
0.096681
0.311806
0.311806
0.508551
0.508551
0.185483
0.185483
0.731405
0.731405
0.419314
0.419314
0.124973
0.124973
0.192682
0.192682
0.168133
0.168133
0.250211
0.250211
0.455421
0.455421
0.284702
0.284702
0.231392
0.231392
0.111776
0.111776
0.297207
0.297207
0.145453
0.145453
0.193088
0.193088
0.358559
0.358559
0.293684
0.293684
0.392457
0.392457
0.152599
0.152599
0.167537
0.167537
0.476568
0.476568
0.503837
0.503837
0.213722
0.213722
0.382463
0.382463
0.271075
0.271075
0.128682
0.128682
0.155812
0.155812
0.187114
0.187114
0.599411
0.599411
0.315406
0.315406
0.195805
0.195805
0.430873
0.430873
0.374868
0.374868
0.365847
0.365847
0.235389
0.235389
0.160279
0.160279
0.115879
0.115879
0.295137
0.295137
0.452599
0.452599
0.550848
0.550848
0.219990
0.219990
0.248610
0.248610
0.152986
0.152986
0.296068
0.296068
0.262095
0.262095
0.314595
0.314595
0.364237
0.364237
0.151659
0.151659
0.134302
0.134302
0.016407
0.016407
0.317040
0.317040
0.258603
0.258603
0.530211
0.530211
0.094604
0.094604
0.303969
0.303969
0.235618
0.235618
0.312713
0.312713
0.349520
0.349520
0.476454
0.476454
0.272312
0.272312
0.149994
0.149994
0.443143
0.443143
0.277197
0.277197
0.282072
0.282072
0.210678
0.210678
0.255224
0.255224
0.140592
0.140592
0.124343
0.124343
0.302515
0.302515
0.385152
0.385152
0.219746
0.219746
0.275533
0.275533
0.879780
0.879780
0.174221
0.174221
0.175509
0.175509
0.281053
0.281053
0.136336
0.136336
0.523978
0.523978
0.212491
0.212491
0.293617
0.293617
0.368297
0.368297
0.167093
0.167093
0.627362
0.627362
0.542517
0.542517
0.079593
0.079593
0.261838
0.261838
0.148683
0.148683
0.541700
0.541700
0.240430
0.240430
0.149752
0.149752
0.160407
0.160407
0.182433
0.182433
0.162283
0.162283
0.422279
0.422279
0.311006
0.311006
0.525644
0.525644
0.157792
0.157792
0.211986
0.211986
0.161425
0.161425
0.369113
0.369113
0.149657
0.149657
0.119583
0.119583
0.250085
0.250085
0.212641
0.212641
0.150620
0.150620
0.495380
0.495380
0.549447
0.549447
0.223199
0.223199
0.215135
0.215135
0.149417
0.149417
0.192870
0.192870
0.289585
0.289585
0.502610
0.502610
0.140527
0.140527
0.514066
0.514066
0.544589
0.544589
0.230055
0.230055
0.129301
0.129301
0.181280
0.181280
0.298716
0.298716
0.154863
0.154863
0.481622
0.481622
0.206066
0.206066
0.432776
0.432776
0.216169
0.216169
0.362437
0.362437
0.292834
0.292834
0.194876
0.194876
0.279912
0.279912
0.264366
0.264366
0.193267
0.193267
0.518989
0.518989
0.394143
0.394143
0.330411
0.330411
0.239891
0.239891
0.222016
0.222016
0.112613
0.112613
0.320808
0.320808
0.195487
0.195487
0.137862
0.137862
0.160866
0.160866
0.248413
0.248413
0.516717
0.516717
0.261535
0.261535
0.164481
0.164481
0.141250
0.141250
0.332545
0.332545
0.485112
0.485112
0.211972
0.211972
0.633596
0.633596
0.281635
0.281635
0.348631
0.348631
0.308342
0.308342
0.088260
0.088260
0.246354
0.246354
0.152183
0.152183
0.133973
0.133973
0.204041
0.204041
0.267628
0.267628
0.156415
0.156415
0.358866
0.358866
0.468010
0.468010
0.361416
0.361416
0.180435
0.180435
0.234291
0.234291
0.475244
0.475244
0.276011
0.276011
0.162347
0.162347
0.417906
0.417906
0.250001
0.250001
0.225652
0.225652
0.221167
0.221167
0.457389
0.457389
0.219718
0.219718
0.300204
0.300204
0.197382
0.197382
0.112089
0.112089
0.339238
0.339238
0.502614
0.502614
0.169709
0.169709
0.303616
0.303616
0.332149
0.332149
0.207320
0.207320
0.209942
0.209942
0.690858
0.690858
0.293191
0.293191
0.157904
0.157904
0.168567
0.168567
0.111373
0.111373
0.264323
0.264323
0.485398
0.485398
0.199571
0.199571
0.364062
0.364062
0.247054
0.247054
0.223573
0.223573
0.224999
0.224999
0.181730
0.181730
0.101353
0.101353
0.466481
0.466481
0.230876
0.230876
0.234233
0.234233
0.217388
0.217388
0.212509
0.212509
0.361013
0.361013
0.257020
0.257020
0.405705
0.405705
0.446880
0.446880
0.519331
0.519331
0.181276
0.181276
0.308216
0.308216
0.590935
0.590935
0.150690
0.150690
0.356433
0.356433
0.176051
0.176051
0.130480
0.130480
0.132201
0.132201
0.145720
0.145720
0.318759
0.318759
0.238383
0.238383
0.318820
0.318820
0.242713
0.242713
0.107299
0.107299
0.240004
0.240004
0.706591
0.706591
0.317218
0.317218
0.163036
0.163036
0.256516
0.256516
0.447702
0.447702
0.266859
0.266859
0.126345
0.126345
0.068146
0.068146
0.575454
0.575454
0.256166
0.256166
0.384891
0.384891
0.065944
0.065944
0.234918
0.234918
0.158894
0.158894
0.431527
0.431527
0.322717
0.322717
0.208870
0.208870
0.165388
0.165388
0.206016
0.206016
0.461746
0.461746
0.206990
0.206990
0.211487
0.211487
0.306167
0.306167
0.387912
0.387912
0.271852
0.271852
0.413810
0.413810
0.361774
0.361774
0.357048
0.357048
0.215977
0.215977
0.364890
0.364890
0.082417
0.082417
0.323189
0.323189
0.222968
0.222968
0.122750
0.122750
0.493978
0.493978
0.198645
0.198645
0.219144
0.219144
0.246290
0.246290
0.309432
0.309432
0.141416
0.141416
0.505721
0.505721
0.147000
0.147000
0.334522
0.334522
0.430130
0.430130
0.108040
0.108040
0.364868
0.364868
0.275611
0.275611
0.250807
0.250807
0.220424
0.220424
0.238569
0.238569
0.123758
0.123758
0.579666
0.579666
0.333182
0.333182
0.287590
0.287590
0.369282
0.369282
0.218909
0.218909
0.515910
0.515910
0.108162
0.108162
0.211666
0.211666
0.324894
0.324894
0.342188
0.342188
0.131227
0.131227
0.510989
0.510989
0.601880
0.601880
0.249309
0.249309
0.294541
0.294541
0.072594
0.072594
0.262840
0.262840
0.298397
0.298397
0.546100
0.546100
0.212838
0.212838
0.175672
0.175672
0.383716
0.383716
0.538107
0.538107
0.379778
0.379778
0.250855
0.250855
0.409732
0.409732
0.138969
0.138969
0.194741
0.194741
0.081737
0.081737
0.709684
0.709684
0.116388
0.116388
0.215405
0.215405
0.227693
0.227693
0.515647
0.515647
0.554635
0.554635
0.319491
0.319491
0.390341
0.390341
0.608561
0.608561
0.227516
0.227516
0.090906
0.090906
0.262285
0.262285
0.135703
0.135703
0.168617
0.168617
0.237506
0.237506
0.194322
0.194322
0.233854
0.233854
0.249192
0.249192
0.111932
0.111932
0.298823
0.298823
0.248941
0.248941
0.170281
0.170281
0.122664
0.122664
0.111852
0.111852
0.164567
0.164567
0.224940
0.224940
0.215313
0.215313
0.308030
0.308030
0.238989
0.238989
0.343481
0.343481
0.308805
0.308805
0.485168
0.485168
0.183289
0.183289
0.389209
0.389209
0.273225
0.273225
0.161099
0.161099
0.186880
0.186880
0.091112
0.091112
0.109996
0.109996
0.443513
0.443513
0.261598
0.261598
0.447185
0.447185
0.137672
0.137672
0.232273
0.232273
0.202128
0.202128
0.177479
0.177479
0.421685
0.421685
0.398400
0.398400
0.478227
0.478227
0.206786
0.206786
0.323940
0.323940
0.563172
0.563172
0.189024
0.189024
0.533400
0.533400
0.119981
0.119981
0.557176
0.557176
0.235465
0.235465
0.216754
0.216754
0.475841
0.475841
0.253142
0.253142
0.315902
0.315902
0.306347
0.306347
0.678329
0.678329
0.207954
0.207954
0.249618
0.249618
0.242101
0.242101
0.417204
0.417204
0.638164
0.638164
0.249426
0.249426
0.411789
0.411789
0.299733
0.299733
0.199253
0.199253
0.464179
0.464179
0.208323
0.208323
0.212509
0.212509
0.093367
0.093367
0.187423
0.187423
0.070813
0.070813
0.304272
0.304272
0.655501
0.655501
0.214439
0.214439
0.285671
0.285671
0.291070
0.291070
0.106550
0.106550
0.307358
0.307358
0.204039
0.204039
0.194121
0.194121
0.359462
0.359462
0.229680
0.229680
0.194913
0.194913
0.187660
0.187660
0.491738
0.491738
0.333871
0.333871
0.231448
0.231448
0.181755
0.181755
0.365364
0.365364
0.193915
0.193915
0.419955
0.419955
0.154069
0.154069
0.376026
0.376026
0.514911
0.514911
0.150726
0.150726
0.493569
0.493569
0.110763
0.110763
0.165820
0.165820
0.275267
0.275267
0.574663
0.574663
0.220680
0.220680
0.365066
0.365066
0.374238
0.374238
0.129244
0.129244
0.221738
0.221738
0.402878
0.402878
0.351754
0.351754
0.124224
0.124224
0.422868
0.422868
0.279314
0.279314
0.242916
0.242916
0.121307
0.121307
0.520530
0.520530
0.270533
0.270533
0.453285
0.453285
0.210149
0.210149
0.247059
0.247059
0.563209
0.563209
0.170056
0.170056
0.477822
0.477822
0.488665
0.488665
0.115527
0.115527
0.289149
0.289149
0.190988
0.190988
0.342575
0.342575
0.202883
0.202883
0.112508
0.112508
0.247584
0.247584
0.351688
0.351688
0.709638
0.709638
0.385463
0.385463
0.216831
0.216831
0.192589
0.192589
0.183364
0.183364
0.282457
0.282457
0.117914
0.117914
0.611583
0.611583
0.197535
0.197535
0.326006
0.326006
0.315141
0.315141
0.211343
0.211343
0.367056
0.367056
0.350386
0.350386
0.189169
0.189169
0.284380
0.284380
0.287580
0.287580
0.291776
0.291776
0.286301
0.286301
0.117323
0.117323
0.220432
0.220432
0.358740
0.358740
0.335511
0.335511
0.173124
0.173124
0.262270
0.262270
0.633469
0.633469
0.121845
0.121845
0.125270
0.125270
0.202346
0.202346
0.250905
0.250905
0.192718
0.192718
0.322987
0.322987
0.366405
0.366405
0.171183
0.171183
0.254306
0.254306
0.218662
0.218662
0.205921
0.205921
0.275412
0.275412
0.332757
0.332757
0.198252
0.198252
0.268114
0.268114
0.348622
0.348622
0.120783
0.120783
0.214952
0.214952
0.253755
0.253755
0.582080
0.582080
0.085313
0.085313
0.268611
0.268611
0.166159
0.166159
0.134986
0.134986
0.323527
0.323527
0.245535
0.245535
0.442614
0.442614
0.290274
0.290274
0.160532
0.160532
0.138297
0.138297
0.233015
0.233015
0.163567
0.163567
0.185277
0.185277
0.187310
0.187310
0.240306
0.240306
0.358063
0.358063
0.138875
0.138875
0.236399
0.236399
0.509091
0.509091
0.280773
0.280773
0.279459
0.279459
0.160140
0.160140
0.727677
0.727677
0.326103
0.326103
0.119804
0.119804
0.686225
0.686225
0.219753
0.219753
0.289284
0.289284
0.280374
0.280374
0.330851
0.330851
0.192410
0.192410
0.406966
0.406966
0.189623
0.189623
0.319306
0.319306
0.153630
0.153630
0.222983
0.222983
0.167961
0.167961
0.155367
0.155367
0.355919
0.355919
0.183433
0.183433
0.304280
0.304280
0.244153
0.244153
0.116310
0.116310
0.392199
0.392199
0.404988
0.404988
0.211667
0.211667
0.356387
0.356387
0.276486
0.276486
0.482405
0.482405
0.346796
0.346796
0.316037
0.316037
0.410689
0.410689
0.450573
0.450573
0.183889
0.183889
0.298849
0.298849
0.607032
0.607032
0.291886
0.291886
0.272037
0.272037
0.309070
0.309070
0.221566
0.221566
0.017813
0.017813
0.431786
0.431786
0.222242
0.222242
0.183654
0.183654
0.151803
0.151803
0.282209
0.282209
0.437016
0.437016
0.173246
0.173246
0.186848
0.186848
0.209635
0.209635
0.221298
0.221298
0.259552
0.259552
0.157361
0.157361
0.082082
0.082082
0.208839
0.208839
0.276397
0.276397
0.346649
0.346649
0.245739
0.245739
0.258964
0.258964
0.404598
0.404598
0.618435
0.618435
0.360959
0.360959
0.166885
0.166885
0.145840
0.145840
0.378611
0.378611
0.394742
0.394742
0.171764
0.171764
0.176582
0.176582
0.426865
0.426865
0.372530
0.372530
0.244959
0.244959
0.086938
0.086938
0.256954
0.256954
0.261520
0.261520
0.254628
0.254628
0.275164
0.275164
0.204405
0.204405
0.154694
0.154694
0.269932
0.269932
0.219410
0.219410
0.248478
0.248478
0.155068
0.155068
0.623750
0.623750
0.229682
0.229682
0.143785
0.143785
0.387104
0.387104
0.183326
0.183326
0.278839
0.278839
0.362327
0.362327
0.130177
0.130177
0.212389
0.212389
0.126031
0.126031
0.187769
0.187769
0.272086
0.272086
0.662283
0.662283
0.137953
0.137953
0.570227
0.570227
0.218379
0.218379
0.619542
0.619542
0.300393
0.300393
0.454720
0.454720
0.171403
0.171403
0.195525
0.195525
0.249009
0.249009
0.130047
0.130047
0.363001
0.363001
0.204864
0.204864
0.244955
0.244955
0.292063
0.292063
0.382253
0.382253
0.237741
0.237741
0.450225
0.450225
0.320310
0.320310
0.409465
0.409465
0.284831
0.284831
0.353571
0.353571
0.174606
0.174606
0.213265
0.213265
0.355925
0.355925
0.296510
0.296510
0.145336
0.145336
0.152137
0.152137
0.224303
0.224303
0.362104
0.362104
0.858428
0.858428
0.155132
0.155132
0.218317
0.218317
0.667140
0.667140
0.123052
0.123052
0.316088
0.316088
0.278141
0.278141
0.127799
0.127799
0.215681
0.215681
0.490914
0.490914
0.412010
0.412010
0.227965
0.227965
0.428715
0.428715
0.287206
0.287206
0.240940
0.240940
0.141105
0.141105
0.125525
0.125525
0.302029
0.302029
0.322793
0.322793
0.171548
0.171548
0.444841
0.444841
0.178911
0.178911
0.317734
0.317734
0.233366
0.233366
0.273853
0.273853
0.113020
0.113020
0.294162
0.294162
0.248861
0.248861
0.467908
0.467908
0.328502
0.328502
0.580495
0.580495
0.288051
0.288051
0.537814
0.537814
0.305861
0.305861
0.225483
0.225483
0.329229
0.329229
0.138370
0.138370
0.721584
0.721584
0.247360
0.247360
0.113053
0.113053
0.122036
0.122036
0.199293
0.199293
0.319535
0.319535
0.163247
0.163247
0.197388
0.197388
0.230188
0.230188
0.334503
0.334503
0.156357
0.156357
0.578736
0.578736
0.107439
0.107439
0.171411
0.171411
0.279139
0.279139
0.269109
0.269109
0.086940
0.086940
0.316473
0.316473
0.139317
0.139317
0.516268
0.516268
0.306729
0.306729
0.401665
0.401665
0.177887
0.177887
0.199094
0.199094
0.242206
0.242206
0.955564
0.955564
0.321192
0.321192
0.143222
0.143222
0.321787
0.321787
0.371448
0.371448
0.217477
0.217477
0.236173
0.236173
0.378250
0.378250
0.292563
0.292563
0.355918
0.355918
0.143012
0.143012
0.205494
0.205494
0.181572
0.181572
0.185932
0.185932
0.301744
0.301744
0.275189
0.275189
0.508873
0.508873
0.324343
0.324343
0.216301
0.216301
0.249739
0.249739
0.195760
0.195760
0.339175
0.339175
0.234770
0.234770
0.378494
0.378494
0.323011
0.323011
0.111503
0.111503
0.092461
0.092461
0.780457
0.780457
0.155053
0.155053
0.439805
0.439805
0.497682
0.497682
0.174630
0.174630
0.229072
0.229072
0.100411
0.100411
0.666155
0.666155
0.423786
0.423786
0.769026
0.769026
0.292469
0.292469
0.174929
0.174929
0.277989
0.277989
0.501391
0.501391
0.191302
0.191302
0.460406
0.460406
0.198486
0.198486
0.157088
0.157088
0.604956
0.604956
0.119717
0.119717
0.299206
0.299206
0.321359
0.321359
0.306995
0.306995
0.331490
0.331490
0.609532
0.609532
0.242642
0.242642
0.171046
0.171046
0.373579
0.373579
0.087640
0.087640
0.116853
0.116853
0.192683
0.192683
0.180531
0.180531
0.418096
0.418096
0.146140
0.146140
0.236311
0.236311
0.262307
0.262307
0.429275
0.429275
0.213494
0.213494
0.077557
0.077557
0.155130
0.155130
0.348911
0.348911
0.081470
0.081470
0.280701
0.280701
0.210412
0.210412
0.192425
0.192425
0.438008
0.438008
0.246728
0.246728
0.199710
0.199710
0.308414
0.308414
0.215401
0.215401
0.130462
0.130462
0.225166
0.225166
0.084979
0.084979
0.319166
0.319166
0.266067
0.266067
0.268362
0.268362
0.557134
0.557134
0.288040
0.288040
0.468484
0.468484
0.186671
0.186671
0.100918
0.100918
0.260715
0.260715
0.386824
0.386824
0.452105
0.452105
0.329424
0.329424
0.229062
0.229062
0.579163
0.579163
0.113708
0.113708
0.217921
0.217921
0.131194
0.131194
0.244117
0.244117
0.248059
0.248059
0.293840
0.293840
0.371825
0.371825
0.238444
0.238444
0.042094
0.042094
0.398709
0.398709
0.133208
0.133208
0.738898
0.738898
0.202054
0.202054
0.296157
0.296157
0.168713
0.168713
0.340155
0.340155
0.213286
0.213286
0.199442
0.199442
0.116362
0.116362
0.286083
0.286083
0.162679
0.162679
0.350112
0.350112
0.173524
0.173524
0.411148
0.411148
0.190016
0.190016
0.386417
0.386417
0.373969
0.373969
0.222184
0.222184
0.229977
0.229977
0.149689
0.149689
0.173064
0.173064
0.211722
0.211722
0.114678
0.114678
0.213446
0.213446
0.226851
0.226851
0.396372
0.396372
0.415437
0.415437
0.552462
0.552462
0.123137
0.123137
0.229214
0.229214
0.125550
0.125550
0.145070
0.145070
0.244950
0.244950
0.247778
0.247778
0.288352
0.288352
0.156425
0.156425
0.270120
0.270120
0.605542
0.605542
0.281651
0.281651
0.251766
0.251766
0.385497
0.385497
0.595083
0.595083
0.116584
0.116584
0.289605
0.289605
0.054116
0.054116
0.208719
0.208719
0.408801
0.408801
0.216222
0.216222
0.566935
0.566935
0.370567
0.370567
0.191275
0.191275
0.170023
0.170023
0.174699
0.174699
0.430745
0.430745
0.223745
0.223745
0.186226
0.186226
0.319355
0.319355
0.214599
0.214599
0.277759
0.277759
0.082947
0.082947
0.099561
0.099561
0.167759
0.167759
0.443059
0.443059
0.229052
0.229052
0.072875
0.072875
0.592139
0.592139
0.573571
0.573571
0.103997
0.103997
0.173433
0.173433
0.200492
0.200492
0.349728
0.349728
0.347199
0.347199
0.213014
0.213014
0.117705
0.117705
0.364716
0.364716
0.380779
0.380779
0.282828
0.282828
0.197372
0.197372
0.121572
0.121572
0.237605
0.237605
0.197690
0.197690
0.221054
0.221054
0.192872
0.192872
0.199705
0.199705
0.307748
0.307748
0.306033
0.306033
0.590619
0.590619
0.257712
0.257712
0.233464
0.233464
0.194362
0.194362
0.478499
0.478499
0.164318
0.164318
0.165265
0.165265
0.153127
0.153127
0.120968
0.120968
0.215291
0.215291
0.214862
0.214862
0.280486
0.280486
0.700405
0.700405
0.230951
0.230951
0.407983
0.407983
0.859592
0.859592
0.243019
0.243019
0.376141
0.376141
0.367674
0.367674
0.460254
0.460254
0.277073
0.277073
0.187998
0.187998
0.211582
0.211582
0.492288
0.492288
0.220628
0.220628
0.129379
0.129379
0.517905
0.517905
0.713082
0.713082
0.472975
0.472975
0.238840
0.238840
0.471802
0.471802
0.105223
0.105223
0.158174
0.158174
0.370961
0.370961
0.082010
0.082010
0.437712
0.437712
0.004258
0.004258
0.349049
0.349049
0.354879
0.354879
0.288521
0.288521
0.278029
0.278029
0.189260
0.189260
0.102167
0.102167
0.408539
0.408539
0.268636
0.268636
0.780357
0.780357
0.142966
0.142966
0.231475
0.231475
0.254658
0.254658
0.218396
0.218396
0.425494
0.425494
0.362380
0.362380
0.168769
0.168769
0.466748
0.466748
0.318987
0.318987
0.120952
0.120952
0.351439
0.351439
0.271911
0.271911
0.244390
0.244390
0.131970
0.131970
0.319059
0.319059
0.672669
0.672669
0.185214
0.185214
0.347374
0.347374
0.193099
0.193099
0.364531
0.364531
0.307184
0.307184
0.140074
0.140074
0.185915
0.185915
0.254266
0.254266
0.118847
0.118847
0.150478
0.150478
0.304851
0.304851
0.147078
0.147078
0.126637
0.126637
0.168069
0.168069
0.324813
0.324813
0.564217
0.564217
0.404369
0.404369
0.216690
0.216690
0.198154
0.198154
0.598353
0.598353
0.208991
0.208991
0.611453
0.611453
0.365318
0.365318
0.486297
0.486297
0.160056
0.160056
0.441945
0.441945
0.348748
0.348748
0.151804
0.151804
0.409069
0.409069
0.125558
0.125558
0.265391
0.265391
0.393688
0.393688
0.275304
0.275304
0.425882
0.425882
0.158622
0.158622
0.300360
0.300360
0.389694
0.389694
0.672544
0.672544
0.301811
0.301811
0.427997
0.427997
0.410284
0.410284
0.294593
0.294593
0.301271
0.301271
0.362779
0.362779
0.243632
0.243632
0.237978
0.237978
0.133045
0.133045
0.181227
0.181227
0.204740
0.204740
0.508296
0.508296
0.220122
0.220122
0.502225
0.502225
0.305668
0.305668
0.448541
0.448541
0.200684
0.200684
0.272942
0.272942
0.743547
0.743547
0.225582
0.225582
0.213206
0.213206
0.220659
0.220659
0.176864
0.176864
0.551142
0.551142
0.239382
0.239382
0.266558
0.266558
0.110871
0.110871
0.290430
0.290430
0.221673
0.221673
0.244477
0.244477
0.247336
0.247336
0.240194
0.240194
0.265760
0.265760
0.408842
0.408842
0.086967
0.086967
0.164398
0.164398
0.324350
0.324350
0.094978
0.094978
0.186392
0.186392
0.120632
0.120632
0.171610
0.171610
0.147878
0.147878
0.097855
0.097855
0.180963
0.180963
0.254934
0.254934
0.497719
0.497719
0.201393
0.201393
0.197033
0.197033
0.502678
0.502678
0.322433
0.322433
0.113621
0.113621
0.458713
0.458713
0.217005
0.217005
0.241047
0.241047
0.143257
0.143257
0.190554
0.190554
0.238881
0.238881
0.143489
0.143489
0.398622
0.398622
0.321171
0.321171
0.146517
0.146517
0.291215
0.291215
0.357052
0.357052
0.240034
0.240034
0.146896
0.146896
0.474006
0.474006
0.183307
0.183307
0.322102
0.322102
0.212703
0.212703
0.159012
0.159012
0.321906
0.321906
0.442785
0.442785
0.155482
0.155482
0.245010
0.245010
0.259573
0.259573
0.264997
0.264997
0.179109
0.179109
0.136397
0.136397
0.150232
0.150232
0.237785
0.237785
0.088478
0.088478
0.350828
0.350828
0.282130
0.282130
0.357186
0.357186
0.333934
0.333934
0.126117
0.126117
0.267313
0.267313
0.219095
0.219095
0.277917
0.277917
0.429062
0.429062
0.176543
0.176543
0.207784
0.207784
0.510537
0.510537
0.224007
0.224007
0.393659
0.393659
0.120120
0.120120
0.156444
0.156444
0.094651
0.094651
0.335626
0.335626
0.249355
0.249355
0.170258
0.170258
0.252227
0.252227
0.179822
0.179822
0.764565
0.764565
0.177674
0.177674
0.181709
0.181709
0.448440
0.448440
0.543695
0.543695
0.152941
0.152941
0.325922
0.325922
0.335623
0.335623
0.305815
0.305815
0.098455
0.098455
0.353806
0.353806
0.358886
0.358886
0.271649
0.271649
0.775575
0.775575
0.087788
0.087788
0.265253
0.265253
0.213475
0.213475
0.295572
0.295572
0.446072
0.446072
0.136572
0.136572
0.169893
0.169893
0.221153
0.221153
0.256400
0.256400
0.686355
0.686355
0.188139
0.188139
0.431368
0.431368
0.372212
0.372212
0.179378
0.179378
0.050224
0.050224
0.178715
0.178715
0.616345
0.616345
0.322735
0.322735
0.303712
0.303712
0.432917
0.432917
0.149493
0.149493
0.236411
0.236411
0.301358
0.301358
0.422460
0.422460
0.222004
0.222004
0.600703
0.600703
0.285940
0.285940
0.185734
0.185734
0.228961
0.228961
0.289956
0.289956
0.220464
0.220464
0.187975
0.187975
0.133997
0.133997
0.089417
0.089417
0.162537
0.162537
0.251626
0.251626
0.350287
0.350287
0.174503
0.174503
0.128860
0.128860
0.156725
0.156725
0.421731
0.421731
0.137687
0.137687
0.164743
0.164743
0.274723
0.274723
0.251191
0.251191
0.282370
0.282370
0.456075
0.456075
0.320594
0.320594
0.138800
0.138800
0.321626
0.321626
0.479572
0.479572
0.290415
0.290415
0.264015
0.264015
0.184624
0.184624
0.182731
0.182731
0.540364
0.540364
0.207103
0.207103
0.319323
0.319323
0.340366
0.340366
0.115360
0.115360
0.241487
0.241487
0.638751
0.638751
0.516784
0.516784
0.089649
0.089649
0.118904
0.118904
0.762188
0.762188
0.570168
0.570168
0.965717
0.965717
0.130218
0.130218
0.164690
0.164690
0.343535
0.343535
0.242065
0.242065
0.376040
0.376040
0.180125
0.180125
0.245997
0.245997
0.180791
0.180791
0.181046
0.181046
0.383260
0.383260
0.171706
0.171706
0.185816
0.185816
0.080840
0.080840
0.322885
0.322885
0.270134
0.270134
0.116993
0.116993
0.075117
0.075117
0.114177
0.114177
0.240032
0.240032
0.327070
0.327070
0.164355
0.164355
0.128919
0.128919
0.224629
0.224629
0.159355
0.159355
0.237520
0.237520
0.225784
0.225784
0.253748
0.253748
0.290658
0.290658
0.391356
0.391356
0.256445
0.256445
0.514856
0.514856
0.282653
0.282653
0.256994
0.256994
0.210937
0.210937
0.255622
0.255622
0.192096
0.192096
0.188030
0.188030
0.200839
0.200839
0.565243
0.565243
0.260868
0.260868
0.552747
0.552747
0.205387
0.205387
0.476390
0.476390
0.271924
0.271924
0.370952
0.370952
0.206988
0.206988
0.204885
0.204885
0.401331
0.401331
0.150529
0.150529
0.127067
0.127067
0.281704
0.281704
0.606972
0.606972
0.226988
0.226988
0.212703
0.212703
0.462253
0.462253
0.120831
0.120831
0.126964
0.126964
0.165594
0.165594
0.556829
0.556829
0.287921
0.287921
0.258312
0.258312
0.281822
0.281822
0.362835
0.362835
0.522381
0.522381
0.095211
0.095211
0.733841
0.733841
0.136327
0.136327
0.183170
0.183170
0.239543
0.239543
0.142012
0.142012
0.095485
0.095485
0.324606
0.324606
0.536613
0.536613
0.222704
0.222704
0.468454
0.468454
0.291577
0.291577
0.214724
0.214724
0.236515
0.236515
0.323506
0.323506
0.255109
0.255109
0.404322
0.404322
0.377994
0.377994
0.378869
0.378869
0.259220
0.259220
0.598970
0.598970
0.226630
0.226630
0.248140
0.248140
0.398853
0.398853
0.340829
0.340829
0.310251
0.310251
0.248367
0.248367
0.228402
0.228402
0.421276
0.421276
0.159910
0.159910
0.371242
0.371242
0.189348
0.189348
0.428458
0.428458
0.191985
0.191985
0.167686
0.167686
0.237029
0.237029
0.110835
0.110835
0.304043
0.304043
0.118173
0.118173
0.145558
0.145558
0.317314
0.317314
0.140342
0.140342
0.225273
0.225273
0.425672
0.425672
0.133812
0.133812
0.275828
0.275828
0.288965
0.288965
0.538148
0.538148
0.210497
0.210497
0.224211
0.224211
0.233544
0.233544
0.276803
0.276803
0.456580
0.456580
0.364705
0.364705
1.214152
1.214152
0.102825
0.102825
0.370878
0.370878
0.349942
0.349942
0.407790
0.407790
0.403497
0.403497
0.791800
0.791800
0.451797
0.451797
0.447095
0.447095
0.267432
0.267432
0.243511
0.243511
0.142814
0.142814
0.194452
0.194452
0.140753
0.140753
0.285654
0.285654
0.373824
0.373824
0.134598
0.134598
0.328835
0.328835
0.202733
0.202733
0.190901
0.190901
0.204878
0.204878
0.374988
0.374988
0.111481
0.111481
0.222666
0.222666
0.636626
0.636626
0.284260
0.284260
0.467465
0.467465
0.406096
0.406096
0.198314
0.198314
0.166787
0.166787
0.576858
0.576858
0.270240
0.270240
0.302848
0.302848
0.309238
0.309238
0.394486
0.394486
0.358752
0.358752
0.418636
0.418636
0.354664
0.354664
0.242357
0.242357
0.170748
0.170748
0.076035
0.076035
0.275451
0.275451
0.135391
0.135391
0.460594
0.460594
0.276493
0.276493
0.157902
0.157902
0.130746
0.130746
0.360130
0.360130
0.232412
0.232412
0.142936
0.142936
0.179535
0.179535
0.177368
0.177368
0.518799
0.518799
0.113186
0.113186
0.253604
0.253604
0.181261
0.181261
0.112390
0.112390
0.250906
0.250906
0.343608
0.343608
0.499363
0.499363
0.300120
0.300120
0.425611
0.425611
0.480547
0.480547
0.167316
0.167316
0.353529
0.353529
0.187088
0.187088
0.283318
0.283318
0.159745
0.159745
0.202462
0.202462
0.119659
0.119659
0.338969
0.338969
0.245045
0.245045
0.192006
0.192006
0.152257
0.152257
0.465441
0.465441
0.130204
0.130204
0.300109
0.300109
0.258348
0.258348
0.163297
0.163297
0.532271
0.532271
0.196970
0.196970
0.191596
0.191596
0.250009
0.250009
0.315637
0.315637
0.222959
0.222959
0.338420
0.338420
0.324051
0.324051
0.390799
0.390799
0.191618
0.191618
0.222517
0.222517
0.216911
0.216911
0.200347
0.200347
0.202347
0.202347
0.190104
0.190104
0.365870
0.365870
0.202523
0.202523
0.319696
0.319696
0.226804
0.226804
0.291442
0.291442
0.633265
0.633265
0.143700
0.143700
0.357692
0.357692
0.230559
0.230559
0.373293
0.373293
0.195349
0.195349
0.225250
0.225250
0.367518
0.367518
0.263560
0.263560
0.206350
0.206350
0.286288
0.286288
0.120862
0.120862
0.185643
0.185643
0.275266
0.275266
0.278327
0.278327
0.377554
0.377554
0.369551
0.369551
0.172959
0.172959
0.348794
0.348794
0.319961
0.319961
0.718763
0.718763
0.346411
0.346411
0.247715
0.247715
0.453899
0.453899
0.379792
0.379792
0.421997
0.421997
0.127644
0.127644
0.128401
0.128401
0.412871
0.412871
0.217061
0.217061
0.183467
0.183467
0.372101
0.372101
0.292463
0.292463
0.299818
0.299818
0.149010
0.149010
0.156753
0.156753
0.276145
0.276145
0.460608
0.460608
0.501702
0.501702
0.329589
0.329589
0.216407
0.216407
0.198571
0.198571
0.203935
0.203935
0.225533
0.225533
0.500530
0.500530
0.539577
0.539577
0.252208
0.252208
0.115997
0.115997
0.152172
0.152172
0.401235
0.401235
0.177512
0.177512
0.149376
0.149376
0.193309
0.193309
0.525430
0.525430
0.230841
0.230841
0.241091
0.241091
0.271984
0.271984
0.303848
0.303848
0.270158
0.270158
0.250912
0.250912
0.384004
0.384004
0.168470
0.168470
0.179118
0.179118
0.070257
0.070257
0.254793
0.254793
0.292569
0.292569
0.178086
0.178086
0.163521
0.163521
0.175775
0.175775
0.460707
0.460707
0.261247
0.261247
0.088194
0.088194
0.171583
0.171583
0.188191
0.188191
0.361404
0.361404
0.129730
0.129730
0.243115
0.243115
0.469633
0.469633
0.221795
0.221795
0.160333
0.160333
0.184111
0.184111
0.176352
0.176352
0.438774
0.438774
0.579648
0.579648
0.364603
0.364603
0.795389
0.795389
0.614893
0.614893
0.204334
0.204334
0.231984
0.231984
0.852379
0.852379
0.349570
0.349570
0.296373
0.296373
0.202343
0.202343
0.141057
0.141057
0.548862
0.548862
0.387291
0.387291
0.100621
0.100621
0.251576
0.251576
0.174174
0.174174
0.263977
0.263977
0.249777
0.249777
0.246395
0.246395
0.348694
0.348694
0.153953
0.153953
0.293399
0.293399
0.324278
0.324278
0.298266
0.298266
0.175007
0.175007
0.104200
0.104200
0.292662
0.292662
0.267189
0.267189
0.209481
0.209481
0.302982
0.302982
0.233688
0.233688
0.190495
0.190495
0.544654
0.544654
0.309508
0.309508
0.211522
0.211522
0.169663
0.169663
0.164457
0.164457
0.205516
0.205516
0.465537
0.465537
0.131786
0.131786
0.213218
0.213218
0.249442
0.249442
0.222138
0.222138
0.291151
0.291151
0.130161
0.130161
0.265933
0.265933
0.397654
0.397654
0.257540
0.257540
0.208582
0.208582
0.157565
0.157565
0.167617
0.167617
0.267766
0.267766
0.488547
0.488547
0.253189
0.253189
0.606222
0.606222
0.352109
0.352109
0.158593
0.158593
0.465016
0.465016
0.204796
0.204796
0.209039
0.209039
0.237902
0.237902
0.199735
0.199735
0.301270
0.301270
0.387910
0.387910
0.219372
0.219372
0.349976
0.349976
0.189138
0.189138
0.207982
0.207982
0.166446
0.166446
1.032309
1.032309
0.312445
0.312445
0.124884
0.124884
0.165018
0.165018
0.249484
0.249484
0.221362
0.221362
0.612485
0.612485
0.250803
0.250803
0.499175
0.499175
0.233762
0.233762
0.346202
0.346202
0.515550
0.515550
0.132658
0.132658
0.299412
0.299412
0.147949
0.147949
0.197460
0.197460
0.239023
0.239023
0.266332
0.266332
0.079332
0.079332
0.422443
0.422443
0.105061
0.105061
0.138874
0.138874
0.524291
0.524291
0.288427
0.288427
0.409032
0.409032
0.368638
0.368638
0.246616
0.246616
0.211542
0.211542
0.107799
0.107799
0.396574
0.396574
0.460514
0.460514
0.367863
0.367863
0.504566
0.504566
0.505404
0.505404
0.277380
0.277380
0.250119
0.250119
0.570543
0.570543
0.388583
0.388583
0.448881
0.448881
0.198037
0.198037
0.315237
0.315237
0.202229
0.202229
0.200332
0.200332
0.146086
0.146086
0.652407
0.652407
0.165593
0.165593
0.460012
0.460012
0.331828
0.331828
0.244472
0.244472
0.264168
0.264168
0.220134
0.220134
0.268921
0.268921
0.272599
0.272599
0.188426
0.188426
0.328761
0.328761
0.202404
0.202404
0.381494
0.381494
0.232454
0.232454
0.154348
0.154348
0.157209
0.157209
0.172183
0.172183
0.441831
0.441831
0.163746
0.163746
0.097864
0.097864
0.226663
0.226663
0.498000
0.498000
0.246615
0.246615
0.351910
0.351910
0.396935
0.396935
0.355480
0.355480
0.221393
0.221393
0.398514
0.398514
0.109278
0.109278
0.266869
0.266869
0.198614
0.198614
0.168986
0.168986
0.188762
0.188762
0.296520
0.296520
0.112847
0.112847
0.282647
0.282647
0.298336
0.298336
0.257911
0.257911
0.400911
0.400911
0.355480
0.355480
0.205421
0.205421
0.278839
0.278839
0.203681
0.203681
0.224788
0.224788
0.204158
0.204158
0.253313
0.253313
0.223135
0.223135
0.158511
0.158511
0.247961
0.247961
0.274887
0.274887
0.141926
0.141926
0.087876
0.087876
0.264009
0.264009
0.383578
0.383578
0.257447
0.257447
0.150763
0.150763
0.174269
0.174269
0.255662
0.255662
0.188333
0.188333
0.288216
0.288216
0.231182
0.231182
0.393553
0.393553
0.381602
0.381602
0.314095
0.314095
0.242338
0.242338
0.254166
0.254166
0.312784
0.312784
0.187174
0.187174
0.496464
0.496464
0.241558
0.241558
0.130363
0.130363
0.390313
0.390313
0.189999
0.189999
0.248636
0.248636
0.321628
0.321628
0.261395
0.261395
0.112633
0.112633
0.300894
0.300894
0.683754
0.683754
0.142230
0.142230
0.220319
0.220319
0.363994
0.363994
0.648202
0.648202
0.108493
0.108493
0.232865
0.232865
0.341630
0.341630
0.464724
0.464724
0.158753
0.158753
0.217997
0.217997
0.248805
0.248805
0.262819
0.262819
0.202165
0.202165
0.229342
0.229342
0.308656
0.308656
0.162280
0.162280
0.325081
0.325081
0.277307
0.277307
0.222913
0.222913
0.401784
0.401784
0.120562
0.120562
0.483548
0.483548
0.240810
0.240810
0.570696
0.570696
0.268861
0.268861
0.315799
0.315799
0.287554
0.287554
0.082084
0.082084
0.162375
0.162375
0.215141
0.215141
0.215942
0.215942
0.196835
0.196835
0.132466
0.132466
0.264177
0.264177
0.286939
0.286939
0.184230
0.184230
0.218487
0.218487
0.136607
0.136607
0.222428
0.222428
0.278355
0.278355
0.420047
0.420047
0.092582
0.092582
0.280097
0.280097
0.338812
0.338812
0.265920
0.265920
0.321450
0.321450
0.297522
0.297522
0.324716
0.324716
0.217452
0.217452
0.245327
0.245327
0.192680
0.192680
0.179236
0.179236
0.224164
0.224164
0.225504
0.225504
0.523044
0.523044
0.160832
0.160832
0.283578
0.283578
0.320099
0.320099
0.149211
0.149211
0.573592
0.573592
0.199018
0.199018
0.545954
0.545954
0.369920
0.369920
0.196702
0.196702
0.344329
0.344329
0.153853
0.153853
0.247543
0.247543
0.513677
0.513677
0.234215
0.234215
0.293292
0.293292
0.197635
0.197635
0.276824
0.276824
0.220405
0.220405
0.333247
0.333247
0.102971
0.102971
0.272788
0.272788
0.092635
0.092635
0.264384
0.264384
0.174514
0.174514
0.224761
0.224761
0.451443
0.451443
0.309626
0.309626
0.367549
0.367549
0.209840
0.209840
0.315276
0.315276
0.216592
0.216592
0.228033
0.228033
0.104850
0.104850
0.752757
0.752757
0.424415
0.424415
0.171263
0.171263
0.475569
0.475569
0.438870
0.438870
0.132633
0.132633
0.143238
0.143238
0.171288
0.171288
0.971551
0.971551
0.348593
0.348593
0.119973
0.119973
0.264111
0.264111
0.278804
0.278804
0.175253
0.175253
0.436571
0.436571
0.309981
0.309981
0.227683
0.227683
0.270677
0.270677
0.318122
0.318122
0.709009
0.709009
0.343073
0.343073
0.427498
0.427498
0.387990
0.387990
0.295974
0.295974
0.229354
0.229354
0.160724
0.160724
0.122243
0.122243
0.315849
0.315849
0.180991
0.180991
0.218100
0.218100
0.271800
0.271800
0.378942
0.378942
0.608551
0.608551
0.219665
0.219665
0.417135
0.417135
0.292937
0.292937
0.093994
0.093994
0.332974
0.332974
0.323221
0.323221
1.731843
1.731843
0.134761
0.134761
0.407003
0.407003
0.274334
0.274334
0.251026
0.251026
0.571870
0.571870
0.233812
0.233812
0.214381
0.214381
0.372775
0.372775
0.413698
0.413698
0.172285
0.172285
0.252864
0.252864
0.268709
0.268709
0.151641
0.151641
0.097113
0.097113
0.161432
0.161432
0.228267
0.228267
0.265192
0.265192
0.208859
0.208859
0.209617
0.209617
0.177219
0.177219
0.318172
0.318172
0.210241
0.210241
0.285627
0.285627
0.285045
0.285045
0.234210
0.234210
0.454255
0.454255
0.435785
0.435785
0.237098
0.237098
0.295628
0.295628
0.246986
0.246986
0.193844
0.193844
0.162265
0.162265
0.192260
0.192260
0.379524
0.379524
0.537221
0.537221
0.139699
0.139699
0.193169
0.193169
0.143897
0.143897
0.271612
0.271612
0.213269
0.213269
0.448098
0.448098
0.230370
0.230370
0.569113
0.569113
0.278744
0.278744
0.134927
0.134927
0.215671
0.215671
0.090979
0.090979
0.305712
0.305712
0.203794
0.203794
0.252230
0.252230
0.179141
0.179141
0.235188
0.235188
0.274129
0.274129
0.163367
0.163367
0.167905
0.167905
0.329517
0.329517
0.152466
0.152466
0.528029
0.528029
0.206391
0.206391
0.346689
0.346689
0.579837
0.579837
0.204757
0.204757
0.314523
0.314523
0.654332
0.654332
0.148862
0.148862
0.221097
0.221097
0.329939
0.329939
0.251553
0.251553
0.219360
0.219360
0.678823
0.678823
0.316156
0.316156
0.726439
0.726439
0.616235
0.616235
0.142945
0.142945
0.199919
0.199919
0.438337
0.438337
0.137407
0.137407
0.358653
0.358653
0.249672
0.249672
0.156982
0.156982
0.330055
0.330055
0.180631
0.180631
0.243389
0.243389
0.149181
0.149181
0.174299
0.174299
0.345730
0.345730
0.639295
0.639295
0.466433
0.466433
0.145474
0.145474
0.323230
0.323230
0.141780
0.141780
0.162860
0.162860
0.138876
0.138876
0.184534
0.184534
0.193323
0.193323
0.298705
0.298705
0.126537
0.126537
0.353550
0.353550
0.260412
0.260412
0.454542
0.454542
0.136323
0.136323
0.157342
0.157342
0.222379
0.222379
0.701687
0.701687
0.416872
0.416872
0.323424
0.323424
0.306073
0.306073
0.830664
0.830664
0.287023
0.287023
0.141485
0.141485
0.236193
0.236193
0.188616
0.188616
0.058614
0.058614
0.459678
0.459678
0.271977
0.271977
0.355341
0.355341
0.236434
0.236434
0.240201
0.240201
0.158701
0.158701
0.228937
0.228937
0.167054
0.167054
0.186264
0.186264
0.239308
0.239308
0.004609
0.004609
0.541183
0.541183
0.196342
0.196342
0.401258
0.401258
0.425730
0.425730
0.091772
0.091772
0.394458
0.394458
0.312372
0.312372
0.267781
0.267781
0.137152
0.137152
0.625319
0.625319
0.602242
0.602242
0.454332
0.454332
0.461517
0.461517
0.202538
0.202538
0.439712
0.439712
0.148515
0.148515
0.294141
0.294141
0.204084
0.204084
0.167233
0.167233
0.101591
0.101591
0.339584
0.339584
0.168674
0.168674
0.155447
0.155447
0.424501
0.424501
0.174248
0.174248
0.247390
0.247390
0.197181
0.197181
0.251594
0.251594
0.307210
0.307210
0.226898
0.226898
0.305417
0.305417
0.191563
0.191563
0.234697
0.234697
0.506457
0.506457
0.232108
0.232108
0.163334
0.163334
0.293939
0.293939
0.349660
0.349660
0.377862
0.377862
0.202214
0.202214
0.087027
0.087027
0.365472
0.365472
0.358592
0.358592
0.303252
0.303252
0.279917
0.279917
0.268234
0.268234
0.204169
0.204169
0.235800
0.235800
0.145041
0.145041
0.148986
0.148986
0.398934
0.398934
0.220032
0.220032
0.581683
0.581683
0.268191
0.268191
0.322015
0.322015
0.342662
0.342662
0.199957
0.199957
0.179567
0.179567
0.325291
0.325291
0.329315
0.329315
0.376821
0.376821
0.138071
0.138071
0.253911
0.253911
0.209509
0.209509
0.191100
0.191100
0.275774
0.275774
0.337613
0.337613
0.110512
0.110512
0.507650
0.507650
0.502661
0.502661
0.122171
0.122171
0.251051
0.251051
0.131476
0.131476
0.602962
0.602962
0.232108
0.232108
0.467127
0.467127
0.249292
0.249292
0.219097
0.219097
0.237033
0.237033
0.160884
0.160884
0.265296
0.265296
0.437451
0.437451
0.132974
0.132974
0.199854
0.199854
0.176152
0.176152
0.234326
0.234326
0.275709
0.275709
0.134929
0.134929
0.110618
0.110618
0.610326
0.610326
0.258411
0.258411
0.163027
0.163027
0.198058
0.198058
0.263942
0.263942
0.316263
0.316263
0.265425
0.265425
0.252631
0.252631
0.209143
0.209143
0.196165
0.196165
0.418925
0.418925
0.398816
0.398816
0.710245
0.710245
0.607979
0.607979
0.491300
0.491300
0.117639
0.117639
0.118261
0.118261
0.293710
0.293710
0.421855
0.421855
0.113995
0.113995
0.094531
0.094531
0.214018
0.214018
0.206831
0.206831
0.410884
0.410884
0.235200
0.235200
0.175295
0.175295
0.255973
0.255973
0.330368
0.330368
0.403770
0.403770
0.421580
0.421580
0.278095
0.278095
0.206969
0.206969
0.140188
0.140188
0.327176
0.327176
0.160557
0.160557
0.254772
0.254772
0.188424
0.188424
0.413084
0.413084
0.099368
0.099368
0.321209
0.321209
0.203071
0.203071
0.172371
0.172371
0.362357
0.362357
0.307248
0.307248
0.372571
0.372571
0.209739
0.209739
0.282993
0.282993
0.246690
0.246690
0.367287
0.367287
0.120930
0.120930
0.200392
0.200392
0.616144
0.616144
0.270938
0.270938
0.476206
0.476206
0.118840
0.118840
0.154171
0.154171
0.380606
0.380606
0.302211
0.302211
0.261295
0.261295
0.302572
0.302572
0.029614
0.029614
0.437262
0.437262
0.422364
0.422364
0.172897
0.172897
0.205891
0.205891
0.467992
0.467992
0.272023
0.272023
0.395955
0.395955
0.266077
0.266077
0.177596
0.177596
0.318988
0.318988
0.508830
0.508830
0.092220
0.092220
0.173038
0.173038
0.181870
0.181870
0.189746
0.189746
0.704057
0.704057
0.299841
0.299841
0.234537
0.234537
0.096290
0.096290
0.261161
0.261161
0.300045
0.300045
0.206046
0.206046
0.606681
0.606681
0.187009
0.187009
0.310051
0.310051
0.212959
0.212959
0.745898
0.745898
0.111660
0.111660
0.434288
0.434288
0.435211
0.435211
0.122879
0.122879
0.135294
0.135294
0.233594
0.233594
0.131481
0.131481
0.397004
0.397004
0.264925
0.264925
0.241796
0.241796
0.236073
0.236073
0.224598
0.224598
0.182030
0.182030
0.094936
0.094936
0.172843
0.172843
0.144926
0.144926
0.256242
0.256242
0.571922
0.571922
0.321042
0.321042
0.231494
0.231494
0.282468
0.282468
0.114801
0.114801
0.390070
0.390070
0.118861
0.118861
0.117412
0.117412
0.160133
0.160133
0.247815
0.247815
0.367090
0.367090
0.133378
0.133378
0.376826
0.376826
0.373082
0.373082
0.435921
0.435921
0.295578
0.295578
0.222687
0.222687
0.318415
0.318415
0.405196
0.405196
0.099259
0.099259
0.263676
0.263676
0.242851
0.242851
0.420001
0.420001
0.274078
0.274078
0.200829
0.200829
0.078975
0.078975
0.344259
0.344259
0.221538
0.221538
0.318149
0.318149
0.153024
0.153024
0.342740
0.342740
0.229259
0.229259
0.314578
0.314578
0.417001
0.417001
0.381466
0.381466
0.305177
0.305177
0.319214
0.319214
0.466141
0.466141
0.102709
0.102709
0.159591
0.159591
0.401448
0.401448
0.170700
0.170700
0.463462
0.463462
0.302141
0.302141
0.366428
0.366428
0.187341
0.187341
0.448030
0.448030
0.140242
0.140242
0.254399
0.254399
0.208649
0.208649
0.528561
0.528561
0.323184
0.323184
0.323994
0.323994
0.126302
0.126302
0.176664
0.176664
0.152032
0.152032
0.164131
0.164131
0.394352
0.394352
0.314032
0.314032
0.104417
0.104417
0.513295
0.513295
0.156048
0.156048
0.173183
0.173183
0.190798
0.190798
0.088497
0.088497
0.379441
0.379441
0.315028
0.315028
0.179059
0.179059
0.302197
0.302197
0.215681
0.215681
0.158978
0.158978
0.253415
0.253415
0.155679
0.155679
0.363273
0.363273
0.261113
0.261113
0.630528
0.630528
0.717923
0.717923
0.538986
0.538986
0.165720
0.165720
0.166949
0.166949
0.459036
0.459036
0.363494
0.363494
0.338674
0.338674
0.699234
0.699234
0.146605
0.146605
0.171611
0.171611
0.121844
0.121844
0.420177
0.420177
0.215895
0.215895
0.093332
0.093332
0.476192
0.476192
0.360229
0.360229
0.321949
0.321949
0.243680
0.243680
0.315782
0.315782
0.662335
0.662335
0.204611
0.204611
0.450620
0.450620
0.310918
0.310918
0.304427
0.304427
0.201710
0.201710
0.275553
0.275553
0.428448
0.428448
0.417150
0.417150
0.248840
0.248840
0.404967
0.404967
0.116355
0.116355
0.257798
0.257798
0.275069
0.275069
0.381749
0.381749
0.383787
0.383787
0.187362
0.187362
0.278249
0.278249
0.240122
0.240122
0.288562
0.288562
0.198742
0.198742
0.273768
0.273768
0.330110
0.330110
0.162427
0.162427
0.156976
0.156976
0.260623
0.260623
0.279459
0.279459
0.244059
0.244059
0.265076
0.265076
0.201374
0.201374
0.185784
0.185784
0.112038
0.112038
0.111568
0.111568
0.237595
0.237595
0.114618
0.114618
0.359018
0.359018
0.156051
0.156051
0.182840
0.182840
0.246178
0.246178
0.193637
0.193637
0.294409
0.294409
0.147550
0.147550
0.285885
0.285885
0.228493
0.228493
0.304929
0.304929
0.342589
0.342589
0.304545
0.304545
0.476256
0.476256
0.104547
0.104547
0.113184
0.113184
0.211462
0.211462
0.250174
0.250174
0.265517
0.265517
0.223467
0.223467
0.204305
0.204305
0.256175
0.256175
0.226367
0.226367
0.454416
0.454416
0.212577
0.212577
0.311345
0.311345
0.158245
0.158245
0.209829
0.209829
0.263181
0.263181
0.287001
0.287001
0.208341
0.208341
0.303403
0.303403
0.355923
0.355923
0.264374
0.264374
0.432695
0.432695
0.652346
0.652346
0.457330
0.457330
0.328417
0.328417
0.640668
0.640668
0.185833
0.185833
0.607283
0.607283
0.214327
0.214327
0.320856
0.320856
0.282773
0.282773
0.227076
0.227076
0.186963
0.186963
0.172974
0.172974
0.329933
0.329933
0.013980
0.013980
0.185584
0.185584
0.351333
0.351333
0.248185
0.248185
0.166826
0.166826
0.178952
0.178952
0.186323
0.186323
0.390622
0.390622
0.304696
0.304696
0.349207
0.349207
0.232604
0.232604
0.440082
0.440082
0.138873
0.138873
0.307645
0.307645
0.527118
0.527118
0.194208
0.194208
0.232814
0.232814
0.426435
0.426435
0.225861
0.225861
0.371838
0.371838
0.282320
0.282320
0.444937
0.444937
0.368871
0.368871
0.165253
0.165253
0.338733
0.338733
0.207488
0.207488
0.263590
0.263590
0.446027
0.446027
0.531126
0.531126
0.329346
0.329346
0.286430
0.286430
0.270911
0.270911
0.083392
0.083392
0.440713
0.440713
0.334637
0.334637
0.267200
0.267200
0.428621
0.428621
0.194343
0.194343
0.121157
0.121157
0.121020
0.121020
0.707056
0.707056
0.223832
0.223832
0.220680
0.220680
0.205285
0.205285
0.099974
0.099974
0.156835
0.156835
0.188962
0.188962
0.535378
0.535378
0.327414
0.327414
0.447092
0.447092
0.154269
0.154269
0.161731
0.161731
0.241106
0.241106
0.328095
0.328095
0.115326
0.115326
0.433170
0.433170
0.594635
0.594635
0.225441
0.225441
0.480147
0.480147
0.112995
0.112995
0.101451
0.101451
0.190371
0.190371
0.797973
0.797973
0.139829
0.139829
0.201065
0.201065
0.175437
0.175437
0.224666
0.224666
0.403424
0.403424
0.121633
0.121633
0.226840
0.226840
0.169342
0.169342
0.402122
0.402122
0.153842
0.153842
0.116181
0.116181
0.152937
0.152937
0.340077
0.340077
0.431910
0.431910
0.274402
0.274402
0.316928
0.316928
0.412260
0.412260
0.154211
0.154211
0.303356
0.303356
0.130815
0.130815
0.293919
0.293919
0.221950
0.221950
0.140667
0.140667
0.472054
0.472054
0.513754
0.513754
0.116922
0.116922
0.152625
0.152625
0.288753
0.288753
0.100788
0.100788
0.230538
0.230538
0.372037
0.372037
0.168231
0.168231
0.228370
0.228370
0.200471
0.200471
0.311343
0.311343
0.559482
0.559482
0.119466
0.119466
0.452556
0.452556
0.164592
0.164592
0.339418
0.339418
0.201290
0.201290
0.380788
0.380788
0.483605
0.483605
0.315531
0.315531
0.370835
0.370835
0.171022
0.171022
0.095151
0.095151
0.193552
0.193552
0.367444
0.367444
0.415230
0.415230
0.517468
0.517468
0.194855
0.194855
0.281654
0.281654
0.507461
0.507461
0.123141
0.123141
0.108185
0.108185
0.338802
0.338802
0.353088
0.353088
0.146077
0.146077
0.226358
0.226358
0.327900
0.327900
0.012990
0.012990
0.136415
0.136415
0.230786
0.230786
0.123627
0.123627
0.190576
0.190576
0.127370
0.127370
0.531838
0.531838
0.531377
0.531377
0.124355
0.124355
0.612648
0.612648
0.320253
0.320253
0.316243
0.316243
0.176478
0.176478
0.364256
0.364256
0.189076
0.189076
0.274050
0.274050
0.490885
0.490885
0.283825
0.283825
0.205334
0.205334
0.254106
0.254106
0.082605
0.082605
0.185049
0.185049
0.456165
0.456165
0.222813
0.222813
0.164554
0.164554
0.501906
0.501906
0.355253
0.355253
0.336197
0.336197
0.328195
0.328195
0.368084
0.368084
0.264422
0.264422
0.512811
0.512811
0.161282
0.161282
0.141359
0.141359
0.376404
0.376404
0.366142
0.366142
0.230512
0.230512
0.375712
0.375712
0.308813
0.308813
0.264146
0.264146
0.242798
0.242798
0.124807
0.124807
0.590038
0.590038
0.176087
0.176087
0.189109
0.189109
0.615683
0.615683
0.258316
0.258316
0.375234
0.375234
0.168410
0.168410
0.277515
0.277515
0.315045
0.315045
0.399939
0.399939
0.168703
0.168703
0.280640
0.280640
0.248185
0.248185
0.424559
0.424559
0.390061
0.390061
0.303674
0.303674
0.271010
0.271010
0.223377
0.223377
0.180469
0.180469
0.218448
0.218448
0.329138
0.329138
0.319497
0.319497
0.336552
0.336552
0.085994
0.085994
0.197439
0.197439
0.195739
0.195739
0.133905
0.133905
0.149708
0.149708
0.104202
0.104202
0.306534
0.306534
0.392210
0.392210
0.393200
0.393200
0.185085
0.185085
0.228290
0.228290
0.233297
0.233297
0.495185
0.495185
0.838850
0.838850
0.565217
0.565217
0.191729
0.191729
0.082294
0.082294
0.278913
0.278913
0.369355
0.369355
0.157861
0.157861
0.325842
0.325842
0.206933
0.206933
0.304974
0.304974
0.194107
0.194107
0.148807
0.148807
0.076643
0.076643
0.208889
0.208889
0.316616
0.316616
0.306420
0.306420
0.106221
0.106221
0.219702
0.219702
0.517345
0.517345
0.349831
0.349831
0.222356
0.222356
0.199541
0.199541
0.121076
0.121076
0.232994
0.232994
0.468317
0.468317
0.244656
0.244656
0.143364
0.143364
0.339930
0.339930
0.167897
0.167897
0.227570
0.227570
0.166053
0.166053
0.323208
0.323208
0.238581
0.238581
0.468909
0.468909
0.482738
0.482738
0.141859
0.141859
0.430370
0.430370
0.639091
0.639091
0.189448
0.189448
0.414970
0.414970
0.453663
0.453663
0.119693
0.119693
0.161570
0.161570
0.095201
0.095201
0.218337
0.218337
0.197741
0.197741
0.171695
0.171695
0.373634
0.373634
0.178445
0.178445
0.579414
0.579414
0.333508
0.333508
0.198314
0.198314
0.239407
0.239407
0.521634
0.521634
0.266089
0.266089
0.199063
0.199063
0.063099
0.063099
0.461330
0.461330
0.384258
0.384258
0.146199
0.146199
0.278673
0.278673
0.358552
0.358552
0.260999
0.260999
0.336350
0.336350
0.252685
0.252685
0.354985
0.354985
0.123562
0.123562
0.171698
0.171698
0.133659
0.133659
0.340029
0.340029
0.156812
0.156812
0.188820
0.188820
0.230899
0.230899
0.402466
0.402466
0.618743
0.618743
0.727215
0.727215
0.225762
0.225762
0.299541
0.299541
0.275968
0.275968
0.301295
0.301295
0.189514
0.189514
0.391293
0.391293
0.329075
0.329075
0.083507
0.083507
0.242925
0.242925
0.199088
0.199088
0.504321
0.504321
0.381122
0.381122
0.169019
0.169019
0.394507
0.394507
0.155353
0.155353
0.387016
0.387016
0.267520
0.267520
0.258077
0.258077
0.201632
0.201632
0.157971
0.157971
0.109325
0.109325
0.193127
0.193127
0.318485
0.318485
0.538254
0.538254
0.138834
0.138834
0.316087
0.316087
0.263295
0.263295
0.098312
0.098312
0.313650
0.313650
0.441694
0.441694
0.257051
0.257051
0.145181
0.145181
0.081877
0.081877
0.166975
0.166975
0.313137
0.313137
0.457630
0.457630
0.305000
0.305000
0.217813
0.217813
0.284820
0.284820
0.507874
0.507874
0.365095
0.365095
0.161544
0.161544
0.282626
0.282626
0.298018
0.298018
0.539517
0.539517
0.400548
0.400548
0.341436
0.341436
0.203973
0.203973
0.400222
0.400222
0.333842
0.333842
0.400363
0.400363
0.127496
0.127496
0.225444
0.225444
0.137880
0.137880
0.143946
0.143946
0.175449
0.175449
0.379988
0.379988
0.270520
0.270520
0.293243
0.293243
0.360665
0.360665
0.321553
0.321553
0.252047
0.252047
0.360416
0.360416
0.182669
0.182669
0.292434
0.292434
0.340873
0.340873
0.230936
0.230936
0.223308
0.223308
0.364656
0.364656
0.432826
0.432826
0.242984
0.242984
0.158009
0.158009
0.262642
0.262642
0.192585
0.192585
0.477487
0.477487
0.266250
0.266250
0.124198
0.124198
0.187265
0.187265
0.131054
0.131054
0.175506
0.175506
0.151417
0.151417
0.490909
0.490909
0.432714
0.432714
0.307143
0.307143
0.177715
0.177715
0.129039
0.129039
0.276780
0.276780
0.168088
0.168088
0.290247
0.290247
0.231515
0.231515
0.235413
0.235413
0.076879
0.076879
0.443250
0.443250
0.249157
0.249157
0.022865
0.022865
0.505282
0.505282
0.162805
0.162805
0.369811
0.369811
0.341674
0.341674
0.142895
0.142895
0.125141
0.125141
0.222793
0.222793
0.202294
0.202294
0.367400
0.367400
0.420609
0.420609
0.428651
0.428651
0.526745
0.526745
0.235932
0.235932
0.462101
0.462101
0.325799
0.325799
0.340598
0.340598
0.172924
0.172924
0.122432
0.122432
0.359981
0.359981
0.322311
0.322311
0.321482
0.321482
0.346083
0.346083
0.202530
0.202530
0.356415
0.356415
0.203142
0.203142
0.288943
0.288943
0.110107
0.110107
0.141249
0.141249
0.166767
0.166767
0.139775
0.139775
0.180947
0.180947
0.294580
0.294580
0.224119
0.224119
0.235507
0.235507
0.199240
0.199240
0.224561
0.224561
0.189155
0.189155
0.374789
0.374789
0.367020
0.367020
0.220431
0.220431
0.470819
0.470819
0.369206
0.369206
0.099007
0.099007
0.184522
0.184522
0.549417
0.549417
0.150460
0.150460
0.198358
0.198358
0.136520
0.136520
0.589125
0.589125
0.114902
0.114902
0.124090
0.124090
0.294096
0.294096
0.192748
0.192748
0.223779
0.223779
0.358645
0.358645
0.460399
0.460399
0.245269
0.245269
0.294831
0.294831
0.440427
0.440427
0.219901
0.219901
0.338464
0.338464
0.683927
0.683927
0.341883
0.341883
0.480117
0.480117
0.125228
0.125228
0.135522
0.135522
0.488166
0.488166
0.096510
0.096510
0.269540
0.269540
0.228459
0.228459
0.381522
0.381522
0.218952
0.218952
0.121679
0.121679
0.227833
0.227833
0.247658
0.247658
0.300576
0.300576
0.208143
0.208143
0.213230
0.213230
0.148323
0.148323
0.184969
0.184969
0.161727
0.161727
0.301670
0.301670
0.448824
0.448824
0.179745
0.179745
0.156250
0.156250
0.285034
0.285034
0.272354
0.272354
0.260965
0.260965
0.242899
0.242899
0.155061
0.155061
0.591995
0.591995
0.448744
0.448744
0.165029
0.165029
0.328895
0.328895
0.254213
0.254213
0.200858
0.200858
0.553326
0.553326
0.163044
0.163044
0.580387
0.580387
0.197317
0.197317
0.163510
0.163510
0.184983
0.184983
0.239210
0.239210
0.268990
0.268990
0.396337
0.396337
0.263491
0.263491
0.234870
0.234870
0.168709
0.168709
0.147844
0.147844
0.483292
0.483292
0.327274
0.327274
0.598490
0.598490
0.389501
0.389501
0.137687
0.137687
0.386157
0.386157
0.274063
0.274063
0.182332
0.182332
0.289526
0.289526
0.353266
0.353266
0.217265
0.217265
0.288531
0.288531
0.183980
0.183980
0.600523
0.600523
0.001589
0.001589
0.451684
0.451684
0.381190
0.381190
0.254722
0.254722
0.256709
0.256709
0.478218
0.478218
0.297126
0.297126
0.256863
0.256863
0.282041
0.282041
0.444753
0.444753
0.215371
0.215371
0.411518
0.411518
0.199602
0.199602
0.264956
0.264956
0.489874
0.489874
0.137772
0.137772
0.289747
0.289747
0.209067
0.209067
0.142484
0.142484
0.198693
0.198693
0.496847
0.496847
0.100245
0.100245
0.149445
0.149445
0.151827
0.151827
0.181749
0.181749
0.061761
0.061761
0.266512
0.266512
0.586290
0.586290
0.240653
0.240653
0.334321
0.334321
0.443023
0.443023
0.210763
0.210763
0.337617
0.337617
0.681766
0.681766
0.313257
0.313257
0.132602
0.132602
0.102613
0.102613
0.216972
0.216972
0.151723
0.151723
0.159265
0.159265
0.160986
0.160986
0.339597
0.339597
0.246619
0.246619
0.270229
0.270229
0.129091
0.129091
0.216023
0.216023
0.416406
0.416406
0.184540
0.184540
0.315871
0.315871
0.238188
0.238188
0.316808
0.316808
0.471420
0.471420
0.301280
0.301280
0.535268
0.535268
0.265067
0.265067
0.141301
0.141301
0.285631
0.285631
0.202288
0.202288
0.263023
0.263023
0.155253
0.155253
0.225599
0.225599
0.609767
0.609767
0.513384
0.513384
0.078589
0.078589
0.163204
0.163204
0.274462
0.274462
0.373349
0.373349
0.198924
0.198924
0.155187
0.155187
0.082884
0.082884
0.278574
0.278574
0.841591
0.841591
0.396379
0.396379
0.148345
0.148345
0.272938
0.272938
0.156542
0.156542
0.216432
0.216432
0.215414
0.215414
0.485681
0.485681
0.230799
0.230799
0.212486
0.212486
0.568912
0.568912
0.131264
0.131264
0.139607
0.139607
0.165157
0.165157
0.183367
0.183367
0.426395
0.426395
0.123081
0.123081
0.273770
0.273770
0.201823
0.201823
0.227003
0.227003
0.862881
0.862881
0.285705
0.285705
0.280223
0.280223
0.491968
0.491968
0.088168
0.088168
0.440543
0.440543
0.338387
0.338387
0.249044
0.249044
0.521266
0.521266
0.193847
0.193847
0.067058
0.067058
0.287372
0.287372
0.364915
0.364915
0.470914
0.470914
0.316340
0.316340
0.226950
0.226950
0.176491
0.176491
0.156756
0.156756
0.668421
0.668421
0.122711
0.122711
0.100673
0.100673
0.274336
0.274336
0.436107
0.436107
0.192920
0.192920
0.144157
0.144157
0.737294
0.737294
0.169313
0.169313
0.120261
0.120261
0.334422
0.334422
0.235001
0.235001
0.186397
0.186397
0.107197
0.107197
0.276408
0.276408
0.258681
0.258681
0.161834
0.161834
0.234322
0.234322
0.156112
0.156112
0.213466
0.213466
0.222937
0.222937
0.284821
0.284821
0.187705
0.187705
0.157105
0.157105
0.231003
0.231003
0.227589
0.227589
0.197534
0.197534
0.191848
0.191848
0.233191
0.233191
0.455071
0.455071
0.406046
0.406046
0.383277
0.383277
0.351970
0.351970
0.334425
0.334425
0.318136
0.318136
0.142517
0.142517
0.274347
0.274347
0.391937
0.391937
0.151421
0.151421
0.427549
0.427549
0.414795
0.414795
0.270759
0.270759
0.214515
0.214515
0.289871
0.289871
0.241537
0.241537
0.255137
0.255137
0.297222
0.297222
0.276774
0.276774
0.221658
0.221658
0.231158
0.231158
0.325594
0.325594
0.114118
0.114118
0.224262
0.224262
0.628819
0.628819
0.231859
0.231859
0.157469
0.157469
0.121515
0.121515
0.457377
0.457377
0.355660
0.355660
0.133743
0.133743
0.614973
0.614973
0.300468
0.300468
0.248367
0.248367
0.268105
0.268105
0.307337
0.307337
0.442246
0.442246
0.228635
0.228635
0.379558
0.379558
0.468000
0.468000
0.225060
0.225060
0.365914
0.365914
0.090984
0.090984
0.249404
0.249404
0.339447
0.339447
0.115578
0.115578
0.345560
0.345560
0.187038
0.187038
0.163130
0.163130
0.215788
0.215788
0.150846
0.150846
0.204395
0.204395
0.139355
0.139355
0.280087
0.280087
0.220213
0.220213
0.205713
0.205713
0.296377
0.296377
0.193324
0.193324
0.129266
0.129266
0.152819
0.152819
0.146167
0.146167
0.406639
0.406639
0.277966
0.277966
0.426748
0.426748
0.170470
0.170470
0.227821
0.227821
0.360334
0.360334
0.177017
0.177017
0.126188
0.126188
0.200342
0.200342
0.158659
0.158659
0.190307
0.190307
0.218854
0.218854
0.181634
0.181634
0.201515
0.201515
0.095749
0.095749
0.136213
0.136213
0.108756
0.108756
0.612999
0.612999
0.228603
0.228603
0.188744
0.188744
0.330306
0.330306
0.152932
0.152932
0.849142
0.849142
0.291344
0.291344
0.554234
0.554234
0.207773
0.207773
0.642843
0.642843
0.298784
0.298784
0.182093
0.182093
0.294529
0.294529
0.308899
0.308899
0.241072
0.241072
0.167128
0.167128
0.419113
0.419113
0.256358
0.256358
0.139372
0.139372
0.680327
0.680327
0.501057
0.501057
0.508086
0.508086
0.255458
0.255458
0.227855
0.227855
0.336550
0.336550
0.826063
0.826063
0.262886
0.262886
0.118567
0.118567
0.162579
0.162579
0.638426
0.638426
0.274312
0.274312
0.171381
0.171381
0.014347
0.014347
0.327553
0.327553
0.307777
0.307777
0.697146
0.697146
0.200855
0.200855
0.182233
0.182233
0.224804
0.224804
0.214240
0.214240
0.142619
0.142619
0.867561
0.867561
0.313868
0.313868
0.468940
0.468940
0.314831
0.314831
0.163265
0.163265
0.235503
0.235503
0.211816
0.211816
1.547184
1.547184
0.172021
0.172021
0.116674
0.116674
0.323842
0.323842
0.462752
0.462752
0.171694
0.171694
0.202106
0.202106
0.395671
0.395671
0.202564
0.202564
0.351383
0.351383
0.132774
0.132774
0.130375
0.130375
0.345436
0.345436
0.360966
0.360966
0.206435
0.206435
0.124552
0.124552
0.160102
0.160102
0.151943
0.151943
0.146976
0.146976
0.283099
0.283099
0.063221
0.063221
0.279688
0.279688
0.223779
0.223779
0.350790
0.350790
0.175970
0.175970
0.350580
0.350580
0.242602
0.242602
0.302435
0.302435
0.175153
0.175153
0.245950
0.245950
0.171804
0.171804
0.228129
0.228129
0.405073
0.405073
0.204555
0.204555
0.102552
0.102552
0.261799
0.261799
0.357132
0.357132
0.208465
0.208465
0.544375
0.544375
0.184159
0.184159
0.236673
0.236673
0.373413
0.373413
0.305084
0.305084
0.446969
0.446969
0.158350
0.158350
0.177345
0.177345
0.298049
0.298049
0.364939
0.364939
0.211454
0.211454
0.117043
0.117043
0.627776
0.627776
0.197046
0.197046
0.366356
0.366356
0.201244
0.201244
0.379818
0.379818
0.299024
0.299024
0.257539
0.257539
0.320880
0.320880
0.196811
0.196811
0.172760
0.172760
0.266391
0.266391
0.427017
0.427017
0.251342
0.251342
0.116037
0.116037
0.248465
0.248465
0.413517
0.413517
0.486533
0.486533
0.134261
0.134261
0.571587
0.571587
0.137953
0.137953
0.146684
0.146684
0.081241
0.081241
0.369687
0.369687
0.358623
0.358623
0.269916
0.269916
0.240943
0.240943
0.360084
0.360084
0.231592
0.231592
0.166361
0.166361
0.314304
0.314304
0.489410
0.489410
0.204471
0.204471
0.132675
0.132675
0.133039
0.133039
0.209431
0.209431
0.233126
0.233126
0.299527
0.299527
0.297531
0.297531
0.121291
0.121291
0.429988
0.429988
0.376306
0.376306
0.168995
0.168995
0.325864
0.325864
0.252412
0.252412
0.308465
0.308465
0.266543
0.266543
0.178418
0.178418
0.174517
0.174517
0.227681
0.227681
0.301827
0.301827
0.361810
0.361810
0.199879
0.199879
0.119327
0.119327
0.216172
0.216172
0.087735
0.087735
0.345267
0.345267
0.265359
0.265359
0.384791
0.384791
0.124057
0.124057
0.217183
0.217183
0.313985
0.313985
0.349098
0.349098
0.118008
0.118008
0.714929
0.714929
0.271455
0.271455
0.239831
0.239831
0.240443
0.240443
0.364102
0.364102
0.229755
0.229755
0.175476
0.175476
0.252129
0.252129
0.853088
0.853088
0.244594
0.244594
0.364298
0.364298
0.532819
0.532819
0.143498
0.143498
0.311924
0.311924
0.294572
0.294572
0.196005
0.196005
0.223266
0.223266
0.411908
0.411908
0.187230
0.187230
0.253611
0.253611
0.439415
0.439415
0.275165
0.275165
0.070203
0.070203
0.343525
0.343525
0.179666
0.179666
0.228924
0.228924
0.080295
0.080295
0.131034
0.131034
0.285862
0.285862
0.394752
0.394752
0.173355
0.173355
0.253626
0.253626
0.199695
0.199695
0.309132
0.309132
0.262259
0.262259
0.117876
0.117876
0.367818
0.367818
0.236208
0.236208
0.124954
0.124954
0.158758
0.158758
0.168943
0.168943
0.482275
0.482275
0.371755
0.371755
0.150533
0.150533
0.255971
0.255971
0.408092
0.408092
0.800180
0.800180
0.256803
0.256803
0.071421
0.071421
0.409164
0.409164
0.342071
0.342071
0.289997
0.289997
0.235753
0.235753
0.237328
0.237328
0.371595
0.371595
0.280190
0.280190
0.234231
0.234231
0.210561
0.210561
0.397243
0.397243
0.339656
0.339656
0.153441
0.153441
0.331310
0.331310
0.264497
0.264497
0.378978
0.378978
0.218281
0.218281
0.119812
0.119812
0.204695
0.204695
0.382608
0.382608
0.306441
0.306441
0.249844
0.249844
0.214359
0.214359
0.237173
0.237173
0.602171
0.602171
0.330320
0.330320
0.180403
0.180403
0.320408
0.320408
0.359756
0.359756
0.104719
0.104719
0.300180
0.300180
0.488030
0.488030
0.139126
0.139126
0.368515
0.368515
0.134898
0.134898
0.269394
0.269394
0.314140
0.314140
0.137597
0.137597
0.226739
0.226739
0.127638
0.127638
0.300506
0.300506
0.196326
0.196326
0.177139
0.177139
0.324921
0.324921
0.142718
0.142718
0.095655
0.095655
0.193772
0.193772
0.438195
0.438195
0.173476
0.173476
0.478640
0.478640
0.785906
0.785906
0.450896
0.450896
0.300297
0.300297
0.293504
0.293504
0.189875
0.189875
0.220237
0.220237
0.123440
0.123440
0.300457
0.300457
0.320923
0.320923
0.259619
0.259619
0.542562
0.542562
0.226512
0.226512
0.114523
0.114523
0.405417
0.405417
0.144623
0.144623
0.279128
0.279128
0.276177
0.276177
0.394399
0.394399
0.114496
0.114496
0.396651
0.396651
0.228176
0.228176
0.100050
0.100050
0.529402
0.529402
0.263093
0.263093
0.451130
0.451130
0.166783
0.166783
0.087173
0.087173
0.167572
0.167572
0.195891
0.195891
0.416028
0.416028
0.134875
0.134875
0.203976
0.203976
0.115366
0.115366
0.190298
0.190298
0.193124
0.193124
0.260388
0.260388
0.160980
0.160980
0.538835
0.538835
0.422203
0.422203
0.348901
0.348901
0.313019
0.313019
0.215305
0.215305
0.390367
0.390367
0.606694
0.606694
0.405975
0.405975
0.295223
0.295223
0.454160
0.454160
0.378537
0.378537
0.597690
0.597690
0.106243
0.106243
0.387254
0.387254
0.166630
0.166630
0.347270
0.347270
0.288242
0.288242
0.421867
0.421867
0.213984
0.213984
0.132564
0.132564
0.139322
0.139322
0.190667
0.190667
0.258072
0.258072
0.332419
0.332419
0.200606
0.200606
0.170855
0.170855
0.190655
0.190655
0.161259
0.161259
0.440452
0.440452
0.295912
0.295912
0.252463
0.252463
0.114295
0.114295
0.072793
0.072793
0.352923
0.352923
0.493297
0.493297
0.107993
0.107993
0.276224
0.276224
0.152077
0.152077
0.403159
0.403159
0.507890
0.507890
0.123352
0.123352
0.171836
0.171836
0.245061
0.245061
0.139843
0.139843
0.109355
0.109355
0.297649
0.297649
0.188094
0.188094
0.243303
0.243303
0.539102
0.539102
0.157330
0.157330
0.140168
0.140168
0.201432
0.201432
0.117806
0.117806
0.156408
0.156408
0.293311
0.293311
0.488423
0.488423
0.327400
0.327400
0.286409
0.286409
0.189067
0.189067
0.370502
0.370502
0.350540
0.350540
0.588449
0.588449
0.566479
0.566479
0.153872
0.153872
0.470865
0.470865
0.460073
0.460073
0.158850
0.158850
0.206218
0.206218
0.242744
0.242744
0.499651
0.499651
0.425714
0.425714
0.124153
0.124153
0.371235
0.371235
0.197562
0.197562
0.144175
0.144175
0.271323
0.271323
0.225998
0.225998
0.257557
0.257557
0.361076
0.361076
0.331200
0.331200
0.541266
0.541266
0.216641
0.216641
0.207614
0.207614
0.281129
0.281129
0.181770
0.181770
0.208146
0.208146
0.151172
0.151172
0.259896
0.259896
0.380873
0.380873
0.157943
0.157943
0.215076
0.215076
0.387218
0.387218
0.261449
0.261449
0.397774
0.397774
0.149130
0.149130
0.268545
0.268545
0.334318
0.334318
0.318898
0.318898
0.277396
0.277396
0.097179
0.097179
0.263788
0.263788
0.159582
0.159582
0.376616
0.376616
0.772182
0.772182
0.351180
0.351180
0.239030
0.239030
0.109095
0.109095
0.154530
0.154530
0.008556
0.008556
0.261952
0.261952
0.159497
0.159497
0.072987
0.072987
0.227297
0.227297
0.275615
0.275615
0.188464
0.188464
0.258952
0.258952
0.198821
0.198821
0.334194
0.334194
0.169979
0.169979
0.811598
0.811598
0.248609
0.248609
0.331467
0.331467
0.170552
0.170552
0.374557
0.374557
0.384173
0.384173
0.314762
0.314762
0.352276
0.352276
0.245764
0.245764
0.508584
0.508584
0.118055
0.118055
0.200907
0.200907
0.082803
0.082803
0.177811
0.177811
0.460432
0.460432
0.230612
0.230612
0.214516
0.214516
0.430434
0.430434
0.334744
0.334744
0.282311
0.282311
0.157087
0.157087
0.172654
0.172654
0.402367
0.402367
0.415766
0.415766
0.347877
0.347877
0.348325
0.348325
0.648913
0.648913
0.336880
0.336880
0.188433
0.188433
0.110770
0.110770
0.221465
0.221465
0.159782
0.159782
0.207526
0.207526
0.185099
0.185099
0.297822
0.297822
0.596963
0.596963
0.170541
0.170541
0.176226
0.176226
0.318740
0.318740
0.262872
0.262872
0.283721
0.283721
0.476307
0.476307
0.241443
0.241443
0.177735
0.177735
0.240810
0.240810
0.231413
0.231413
0.214104
0.214104
0.157500
0.157500
0.384171
0.384171
0.333615
0.333615
0.239574
0.239574
0.492296
0.492296
0.409212
0.409212
0.555891
0.555891
0.728986
0.728986
0.086087
0.086087
0.180574
0.180574
0.182728
0.182728
0.167167
0.167167
0.157897
0.157897
0.546941
0.546941
0.350086
0.350086
0.205309
0.205309
0.282133
0.282133
0.298168
0.298168
0.239726
0.239726
0.136823
0.136823
0.091272
0.091272
0.387299
0.387299
0.234665
0.234665
0.418028
0.418028
0.321010
0.321010
0.180970
0.180970
0.240695
0.240695
0.449913
0.449913
0.159376
0.159376
0.276667
0.276667
0.200282
0.200282
0.209866
0.209866
0.325236
0.325236
0.206105
0.206105
0.331005
0.331005
0.144708
0.144708
0.207188
0.207188
0.465535
0.465535
0.168975
0.168975
0.176634
0.176634
0.156628
0.156628
0.233014
0.233014
0.657062
0.657062
0.331537
0.331537
0.114688
0.114688
0.663730
0.663730
0.112776
0.112776
0.203846
0.203846
0.437481
0.437481
0.199758
0.199758
0.184345
0.184345
0.356707
0.356707
0.207549
0.207549
0.175695
0.175695
0.212750
0.212750
0.142887
0.142887
0.163906
0.163906
0.249811
0.249811
0.214442
0.214442
0.246746
0.246746
0.195828
0.195828
0.248966
0.248966
0.361829
0.361829
0.192629
0.192629
0.229087
0.229087
0.196882
0.196882
1.131211
1.131211
0.066072
0.066072
0.325505
0.325505
0.397446
0.397446
0.244948
0.244948
0.178946
0.178946
0.139985
0.139985
0.497182
0.497182
0.239702
0.239702
0.093797
0.093797
0.159017
0.159017
0.213524
0.213524
0.261147
0.261147
0.128241
0.128241
0.266739
0.266739
0.137304
0.137304
0.701786
0.701786
0.302530
0.302530
0.301082
0.301082
0.289637
0.289637
0.157125
0.157125
0.169029
0.169029
0.162821
0.162821
0.533473
0.533473
0.579308
0.579308
0.348822
0.348822
0.364795
0.364795
0.393870
0.393870
0.215616
0.215616
0.285716
0.285716
0.464308
0.464308
0.085005
0.085005
0.244157
0.244157
0.337879
0.337879
0.395090
0.395090
0.220793
0.220793
0.625006
0.625006
0.406973
0.406973
0.165022
0.165022
0.131035
0.131035
0.339654
0.339654
0.135184
0.135184
0.217714
0.217714
0.161242
0.161242
0.259925
0.259925
0.239927
0.239927
0.413991
0.413991
0.199322
0.199322
0.401872
0.401872
0.214795
0.214795
0.359186
0.359186
0.354419
0.354419
0.220695
0.220695
0.312146
0.312146
0.360669
0.360669
0.125349
0.125349
0.247480
0.247480
0.127340
0.127340
0.206975
0.206975
0.218382
0.218382
0.158095
0.158095
0.315115
0.315115
0.326381
0.326381
0.238750
0.238750
0.401650
0.401650
0.209273
0.209273
0.471461
0.471461
0.133000
0.133000
0.150223
0.150223
0.614014
0.614014
0.530648
0.530648
0.315545
0.315545
0.230385
0.230385
0.138347
0.138347
0.217055
0.217055
0.346021
0.346021
0.406670
0.406670
0.248361
0.248361
0.243773
0.243773
0.221240
0.221240
0.398564
0.398564
0.562065
0.562065
0.384652
0.384652
0.214652
0.214652
0.172574
0.172574
0.161270
0.161270
0.200700
0.200700
0.477034
0.477034
0.112639
0.112639
0.351732
0.351732
0.354575
0.354575
0.187275
0.187275
0.250154
0.250154
0.184552
0.184552
0.293811
0.293811
0.554181
0.554181
0.409843
0.409843
0.485647
0.485647
0.284439
0.284439
0.124092
0.124092
0.262346
0.262346
0.265599
0.265599
0.217807
0.217807
0.452511
0.452511
0.158645
0.158645
0.462219
0.462219
0.365609
0.365609
0.178475
0.178475
0.198622
0.198622
0.126292
0.126292
0.152780
0.152780
0.144626
0.144626
0.281590
0.281590
0.196680
0.196680
0.240676
0.240676
0.191293
0.191293
0.494397
0.494397
0.076644
0.076644
0.229605
0.229605
0.289433
0.289433
0.462314
0.462314
0.208716
0.208716
0.315571
0.315571
0.167406
0.167406
0.096605
0.096605
0.190257
0.190257
0.142925
0.142925
0.240026
0.240026
0.196927
0.196927
0.741292
0.741292
0.381075
0.381075
0.488023
0.488023
0.201109
0.201109
0.202457
0.202457
0.173564
0.173564
0.174939
0.174939
0.213762
0.213762
0.584165
0.584165
0.303883
0.303883
0.390852
0.390852
0.337875
0.337875
0.290207
0.290207
0.207763
0.207763
0.284981
0.284981
0.111079
0.111079
0.074311
0.074311
0.162509
0.162509
0.234198
0.234198
0.170182
0.170182
0.142165
0.142165
0.207607
0.207607
0.371349
0.371349
0.393146
0.393146
0.171053
0.171053
0.191214
0.191214
0.134846
0.134846
0.412441
0.412441
0.379696
0.379696
0.257408
0.257408
0.564174
0.564174
0.174034
0.174034
0.564427
0.564427
0.155232
0.155232
0.134143
0.134143
0.253305
0.253305
0.248727
0.248727
0.419699
0.419699
0.376631
0.376631
0.093000
0.093000
0.223861
0.223861
0.451493
0.451493
0.281453
0.281453
0.329952
0.329952
0.311240
0.311240
0.208707
0.208707
0.293794
0.293794
0.202332
0.202332
0.946385
0.946385
0.201474
0.201474
0.218447
0.218447
0.461188
0.461188
0.147794
0.147794
0.241249
0.241249
0.205677
0.205677
0.142987
0.142987
0.308561
0.308561
0.114346
0.114346
0.322281
0.322281
0.258731
0.258731
0.119515
0.119515
0.226734
0.226734
0.207836
0.207836
0.172635
0.172635
0.098097
0.098097
0.185663
0.185663
0.212189
0.212189
0.353195
0.353195
0.258922
0.258922
0.250324
0.250324
0.302971
0.302971
0.240908
0.240908
0.211975
0.211975
0.536748
0.536748
0.167545
0.167545
0.532188
0.532188
0.572982
0.572982
0.534026
0.534026
0.428285
0.428285
0.514249
0.514249
0.141367
0.141367
0.133913
0.133913
0.232739
0.232739
0.271200
0.271200
0.359312
0.359312
0.152547
0.152547
0.138068
0.138068
0.340180
0.340180
0.253403
0.253403
0.229280
0.229280
0.300326
0.300326
0.269440
0.269440
0.176273
0.176273
0.322005
0.322005
0.169155
0.169155
0.194722
0.194722
0.285736
0.285736
0.322067
0.322067
0.230815
0.230815
0.308708
0.308708
0.120996
0.120996
0.191369
0.191369
0.305131
0.305131
0.245612
0.245612
0.477113
0.477113
0.145888
0.145888
0.139588
0.139588
0.345348
0.345348
0.280650
0.280650
0.678443
0.678443
0.764708
0.764708
0.468292
0.468292
0.314649
0.314649
0.215231
0.215231
0.238923
0.238923
0.133778
0.133778
0.424896
0.424896
0.186691
0.186691
0.099123
0.099123
0.024103
0.024103
0.141033
0.141033
0.503737
0.503737
0.454189
0.454189
0.695649
0.695649
0.223216
0.223216
0.304514
0.304514
0.428807
0.428807
0.197389
0.197389
0.088501
0.088501
0.209151
0.209151
0.141757
0.141757
0.206362
0.206362
0.386245
0.386245
0.247165
0.247165
0.492366
0.492366
0.308401
0.308401
0.319267
0.319267
0.282082
0.282082
0.244339
0.244339
0.120106
0.120106
0.246751
0.246751
0.453400
0.453400
0.348768
0.348768
0.297925
0.297925
0.227056
0.227056
0.291769
0.291769
0.297839
0.297839
0.242464
0.242464
0.429259
0.429259
0.282181
0.282181
0.201253
0.201253
0.302975
0.302975
0.210278
0.210278
0.368147
0.368147
0.229311
0.229311
0.271631
0.271631
0.170024
0.170024
0.226582
0.226582
0.056114
0.056114
0.422476
0.422476
0.257546
0.257546
0.232318
0.232318
0.320548
0.320548
0.094904
0.094904
0.285017
0.285017
0.536988
0.536988
0.180089
0.180089
0.469401
0.469401
0.302980
0.302980
0.447311
0.447311
0.451271
0.451271
0.323876
0.323876
0.357456
0.357456
0.487167
0.487167
0.516983
0.516983
0.254914
0.254914
0.226674
0.226674
0.388089
0.388089
0.242323
0.242323
0.191255
0.191255
0.328157
0.328157
0.169729
0.169729
0.196688
0.196688
0.142138
0.142138
0.200787
0.200787
0.142021
0.142021
0.142514
0.142514
0.300699
0.300699
0.220907
0.220907
0.347240
0.347240
0.153730
0.153730
0.350517
0.350517
0.188367
0.188367
0.202703
0.202703
0.326346
0.326346
0.129210
0.129210
0.106898
0.106898
0.104787
0.104787
0.182771
0.182771
0.488920
0.488920
0.356300
0.356300
0.239799
0.239799
0.173280
0.173280
0.512893
0.512893
0.185280
0.185280
0.201287
0.201287
0.360277
0.360277
0.148112
0.148112
0.208572
0.208572
0.332738
0.332738
0.211477
0.211477
0.097837
0.097837
0.593909
0.593909
0.742434
0.742434
0.221879
0.221879
0.121252
0.121252
0.212328
0.212328
0.675235
0.675235
0.119121
0.119121
0.124603
0.124603
0.280889
0.280889
0.222618
0.222618
0.228017
0.228017
0.139228
0.139228
0.254556
0.254556
0.319342
0.319342
0.252516
0.252516
0.229954
0.229954
0.133089
0.133089
0.346227
0.346227
0.213157
0.213157
0.128717
0.128717
0.276927
0.276927
0.341169
0.341169
0.191977
0.191977
0.228385
0.228385
0.329492
0.329492
0.165826
0.165826
0.083570
0.083570
0.163097
0.163097
0.165028
0.165028
0.297026
0.297026
0.912916
0.912916
0.034850
0.034850
0.238611
0.238611
0.563747
0.563747
0.233058
0.233058
0.285148
0.285148
0.270724
0.270724
0.085113
0.085113
0.215525
0.215525
0.291586
0.291586
0.257271
0.257271
0.163782
0.163782
0.568323
0.568323
0.204286
0.204286
0.236439
0.236439
0.110317
0.110317
0.220096
0.220096
0.293328
0.293328
0.127098
0.127098
0.578758
0.578758
0.368904
0.368904
0.205414
0.205414
0.206392
0.206392
0.288234
0.288234
0.350959
0.350959
0.343604
0.343604
0.412905
0.412905
0.276100
0.276100
0.237128
0.237128
0.208668
0.208668
0.645466
0.645466
0.422885
0.422885
0.220891
0.220891
0.237471
0.237471
0.379815
0.379815
0.165424
0.165424
0.544396
0.544396
0.245263
0.245263
0.356815
0.356815
0.158309
0.158309
0.507036
0.507036
0.302365
0.302365
0.272609
0.272609
0.282136
0.282136
0.299342
0.299342
0.216772
0.216772
0.238029
0.238029
0.156930
0.156930
0.223512
0.223512
0.312822
0.312822
0.170795
0.170795
0.272588
0.272588
0.277295
0.277295
0.165240
0.165240
0.057497
0.057497
0.199409
0.199409
0.264280
0.264280
0.382114
0.382114
0.448507
0.448507
0.267387
0.267387
0.216063
0.216063
0.250736
0.250736
0.654736
0.654736
0.641521
0.641521
0.201015
0.201015
0.586518
0.586518
0.074352
0.074352
0.246703
0.246703
0.273145
0.273145
0.145992
0.145992
0.145614
0.145614
0.437211
0.437211
0.289952
0.289952
0.283136
0.283136
0.240127
0.240127
0.227021
0.227021
0.197696
0.197696
0.354209
0.354209
0.268661
0.268661
0.245465
0.245465
0.214067
0.214067
0.313041
0.313041
0.164342
0.164342
0.167811
0.167811
0.164640
0.164640
0.383900
0.383900
0.148318
0.148318
0.325151
0.325151
0.172063
0.172063
0.210041
0.210041
0.228831
0.228831
0.475962
0.475962
0.116411
0.116411
0.190058
0.190058
0.206238
0.206238
0.500601
0.500601
0.103368
0.103368
0.213040
0.213040
0.273826
0.273826
0.334972
0.334972
0.279459
0.279459
0.443547
0.443547
0.212801
0.212801
0.152833
0.152833
0.193501
0.193501
0.131667
0.131667
0.189971
0.189971
0.311728
0.311728
0.221835
0.221835
0.072852
0.072852
0.127396
0.127396
0.314347
0.314347
0.524731
0.524731
0.703198
0.703198
0.138943
0.138943
0.697373
0.697373
0.474790
0.474790
0.147861
0.147861
0.240851
0.240851
0.159565
0.159565
0.276268
0.276268
0.274977
0.274977
0.308868
0.308868
0.219539
0.219539
0.173873
0.173873
0.020667
0.020667
0.162259
0.162259
0.058212
0.058212
0.379066
0.379066
0.885599
0.885599
0.336796
0.336796
0.249940
0.249940
0.146854
0.146854
0.210692
0.210692
0.493825
0.493825
0.188351
0.188351
0.231840
0.231840
0.356282
0.356282
0.233333
0.233333
0.373673
0.373673
0.219419
0.219419
0.202994
0.202994
0.191894
0.191894
0.232439
0.232439
0.246400
0.246400
0.125911
0.125911
0.172978
0.172978
0.301484
0.301484
0.060984
0.060984
0.339656
0.339656
0.197546
0.197546
0.227572
0.227572
0.196848
0.196848
0.142279
0.142279
0.180352
0.180352
0.158053
0.158053
0.267663
0.267663
0.242821
0.242821
0.167969
0.167969
0.294112
0.294112
0.559054
0.559054
0.158051
0.158051
0.293653
0.293653
0.330553
0.330553
0.173358
0.173358
0.308625
0.308625
0.129349
0.129349
0.328652
0.328652
0.138980
0.138980
0.232549
0.232549
0.117749
0.117749
0.323047
0.323047
0.177594
0.177594
0.111106
0.111106
0.131281
0.131281
0.378884
0.378884
0.301747
0.301747
0.279272
0.279272
0.227340
0.227340
0.335675
0.335675
0.369062
0.369062
0.417580
0.417580
0.194704
0.194704
0.446160
0.446160
0.178179
0.178179
0.287351
0.287351
0.389643
0.389643
0.226783
0.226783
0.244808
0.244808
0.209921
0.209921
0.321745
0.321745
0.278919
0.278919
0.563803
0.563803
0.173315
0.173315
0.273728
0.273728
0.679859
0.679859
0.315595
0.315595
0.157508
0.157508
0.255524
0.255524
0.149762
0.149762
0.289413
0.289413
0.246618
0.246618
0.287523
0.287523
0.327590
0.327590
0.319958
0.319958
0.160133
0.160133
1.034418
1.034418
0.363624
0.363624
0.261173
0.261173
0.233635
0.233635
0.287015
0.287015
0.188862
0.188862
0.228033
0.228033
0.209090
0.209090
0.109818
0.109818
0.423079
0.423079
0.175093
0.175093
0.313292
0.313292
0.198633
0.198633
0.202328
0.202328
0.310306
0.310306
0.081656
0.081656
0.278685
0.278685
0.578575
0.578575
0.257659
0.257659
0.252763
0.252763
0.292678
0.292678
0.235793
0.235793
0.188141
0.188141
0.270507
0.270507
0.190502
0.190502
0.474092
0.474092
0.340990
0.340990
0.240410
0.240410
0.106839
0.106839
0.382697
0.382697
0.170362
0.170362
0.573852
0.573852
0.626426
0.626426
0.386752
0.386752
0.141558
0.141558
0.395210
0.395210
0.298949
0.298949
0.624591
0.624591
0.167319
0.167319
0.245556
0.245556
0.241421
0.241421
0.067853
0.067853
0.495068
0.495068
0.008053
0.008053
0.289698
0.289698
0.234209
0.234209
0.082847
0.082847
0.099158
0.099158
0.257567
0.257567
0.166376
0.166376
0.502700
0.502700
0.211043
0.211043
0.338953
0.338953
0.257098
0.257098
0.277704
0.277704
0.452105
0.452105
0.358620
0.358620
0.314589
0.314589
0.240769
0.240769
0.718169
0.718169
0.246026
0.246026
0.255968
0.255968
0.298907
0.298907
0.197821
0.197821
0.626606
0.626606
0.328282
0.328282
0.374727
0.374727
0.194970
0.194970
0.174485
0.174485
0.278567
0.278567
0.384754
0.384754
0.273841
0.273841
0.124506
0.124506
0.277606
0.277606
0.437797
0.437797
0.165393
0.165393
0.230960
0.230960
0.553526
0.553526
0.319419
0.319419
0.099884
0.099884
0.322359
0.322359
0.303477
0.303477
0.814072
0.814072
0.097221
0.097221
0.121600
0.121600
0.342189
0.342189
0.388776
0.388776
0.445352
0.445352
0.147222
0.147222
0.262828
0.262828
0.128969
0.128969
0.328689
0.328689
0.082608
0.082608
0.260961
0.260961
0.460743
0.460743
0.549241
0.549241
0.236416
0.236416
0.202427
0.202427
0.129423
0.129423
0.146725
0.146725
0.105650
0.105650
0.241225
0.241225
0.189546
0.189546
0.309930
0.309930
0.207781
0.207781
0.497444
0.497444
0.236275
0.236275
0.393638
0.393638
0.142476
0.142476
0.210276
0.210276
0.228009
0.228009
0.201817
0.201817
0.230354
0.230354
0.217417
0.217417
0.184083
0.184083
0.171870
0.171870
0.243258
0.243258
0.344918
0.344918
0.145551
0.145551
0.261763
0.261763
0.348798
0.348798
0.773511
0.773511
0.222846
0.222846
0.455465
0.455465
0.149003
0.149003
0.208154
0.208154
0.184274
0.184274
0.172062
0.172062
0.270704
0.270704
0.299434
0.299434
0.615176
0.615176
0.213761
0.213761
0.221212
0.221212
0.162833
0.162833
0.147628
0.147628
0.127023
0.127023
0.300470
0.300470
0.140273
0.140273
0.480907
0.480907
0.198988
0.198988
0.159663
0.159663
0.242829
0.242829
0.244210
0.244210
0.458118
0.458118
0.345919
0.345919
0.166246
0.166246
0.187870
0.187870
0.279292
0.279292
0.465757
0.465757
0.261110
0.261110
0.347519
0.347519
0.232529
0.232529
0.496349
0.496349
0.151777
0.151777
0.140957
0.140957
0.637063
0.637063
0.308278
0.308278
0.171244
0.171244
0.206000
0.206000
0.159712
0.159712
0.329834
0.329834
0.269929
0.269929
0.515577
0.515577
0.319454
0.319454
0.187285
0.187285
0.251758
0.251758
0.135684
0.135684
2.848300
2.848300
0.222498
0.222498
0.406817
0.406817
0.251641
0.251641
0.193420
0.193420
0.102947
0.102947
0.623269
0.623269
0.413628
0.413628
0.162860
0.162860
0.372888
0.372888
0.286424
0.286424
0.553819
0.553819
0.076037
0.076037
0.201120
0.201120
0.371348
0.371348
0.387432
0.387432
0.321097
0.321097
0.316291
0.316291
0.269942
0.269942
0.677685
0.677685
0.356224
0.356224
0.153818
0.153818
0.509281
0.509281
0.275370
0.275370
0.272650
0.272650
0.148832
0.148832
0.364914
0.364914
0.197921
0.197921
0.314292
0.314292
0.202937
0.202937
0.159113
0.159113
0.453240
0.453240
0.289179
0.289179
0.160192
0.160192
0.489566
0.489566
0.215954
0.215954
0.251409
0.251409
0.496060
0.496060
0.180351
0.180351
0.133529
0.133529
0.126682
0.126682
0.318226
0.318226
0.238189
0.238189
0.592209
0.592209
0.251997
0.251997
0.297518
0.297518
0.115556
0.115556
0.222241
0.222241
0.487210
0.487210
0.212818
0.212818
0.301062
0.301062
0.330405
0.330405
0.327916
0.327916
0.232356
0.232356
0.204684
0.204684
0.198607
0.198607
0.204022
0.204022
0.230149
0.230149
0.251888
0.251888
0.497592
0.497592
0.382479
0.382479
0.131499
0.131499
0.232703
0.232703
0.235924
0.235924
0.347545
0.347545
0.195040
0.195040
0.186023
0.186023
0.189812
0.189812
0.273985
0.273985
0.201924
0.201924
0.141780
0.141780
0.165065
0.165065
0.248801
0.248801
0.197882
0.197882
0.628028
0.628028
0.533955
0.533955
0.151799
0.151799
0.132848
0.132848
0.246670
0.246670
0.311441
0.311441
0.326131
0.326131
0.386345
0.386345
0.197189
0.197189
0.183849
0.183849
0.196055
0.196055
0.171705
0.171705
0.586327
0.586327
0.195255
0.195255
0.188400
0.188400
0.151223
0.151223
0.105170
0.105170
0.486705
0.486705
0.196979
0.196979
0.301426
0.301426
0.232654
0.232654
0.217455
0.217455
0.152428
0.152428
0.358691
0.358691
0.266410
0.266410
0.422134
0.422134
0.243605
0.243605
0.437865
0.437865
0.266950
0.266950
0.190296
0.190296
0.288856
0.288856
0.376351
0.376351
0.316901
0.316901
0.584587
0.584587
0.215172
0.215172
0.354975
0.354975
0.186760
0.186760
0.284992
0.284992
0.201765
0.201765
0.112011
0.112011
0.140685
0.140685
0.203891
0.203891
0.239142
0.239142
0.144496
0.144496
0.199482
0.199482
0.177958
0.177958
0.232804
0.232804
0.353739
0.353739
0.141084
0.141084
0.059747
0.059747
1.563733
1.563733
0.062441
0.062441
0.234704
0.234704
0.288742
0.288742
0.383502
0.383502
0.191483
0.191483
0.183987
0.183987
0.544942
0.544942
0.122527
0.122527
0.144663
0.144663
0.265469
0.265469
0.310817
0.310817
0.120994
0.120994
0.458060
0.458060
0.229214
0.229214
0.305070
0.305070
0.180960
0.180960
0.300831
0.300831
0.409754
0.409754
0.378899
0.378899
0.201507
0.201507
0.221610
0.221610
0.236341
0.236341
0.371164
0.371164
0.439560
0.439560
0.217738
0.217738
0.294276
0.294276
0.169601
0.169601
0.175483
0.175483
0.241656
0.241656
0.410524
0.410524
0.321234
0.321234
0.088400
0.088400
0.325137
0.325137
0.851926
0.851926
0.552352
0.552352
0.250396
0.250396
0.253317
0.253317
0.188451
0.188451
0.153991
0.153991
0.281518
0.281518
0.258028
0.258028
0.283527
0.283527
0.131829
0.131829
0.155201
0.155201
0.497787
0.497787
0.186409
0.186409
0.142536
0.142536
0.545626
0.545626
0.329636
0.329636
0.163804
0.163804
0.260316
0.260316
0.069363
0.069363
0.106854
0.106854
0.330263
0.330263
0.184541
0.184541
0.348344
0.348344
0.369030
0.369030
0.273888
0.273888
0.280161
0.280161
0.178067
0.178067
0.483620
0.483620
0.252407
0.252407
0.269066
0.269066
0.199143
0.199143
0.230922
0.230922
0.163933
0.163933
0.277147
0.277147
0.238453
0.238453
0.271512
0.271512
0.436665
0.436665
0.281066
0.281066
0.147236
0.147236
0.204948
0.204948
0.353898
0.353898
0.384728
0.384728
0.094207
0.094207
0.160874
0.160874
0.330594
0.330594
0.470687
0.470687
0.262091
0.262091
0.291000
0.291000
0.115428
0.115428
0.260716
0.260716
0.458283
0.458283
0.100234
0.100234
0.348569
0.348569
0.319348
0.319348
0.218259
0.218259
0.633298
0.633298
0.123894
0.123894
0.175360
0.175360
0.179716
0.179716
0.437647
0.437647
0.268503
0.268503
0.210103
0.210103
0.223540
0.223540
0.336449
0.336449
0.166137
0.166137
0.367015
0.367015
0.206125
0.206125
0.509990
0.509990
0.235468
0.235468
0.197435
0.197435
0.153232
0.153232
0.618189
0.618189
0.215271
0.215271
0.166249
0.166249
0.191960
0.191960
0.500406
0.500406
0.157695
0.157695
0.426165
0.426165
0.212869
0.212869
0.111641
0.111641
0.712351
0.712351
0.454874
0.454874
0.281469
0.281469
0.246870
0.246870
0.498939
0.498939
0.151565
0.151565
0.056576
0.056576
0.249923
0.249923
0.244836
0.244836
0.439681
0.439681
0.013350
0.013350
0.174228
0.174228
0.241778
0.241778
0.298549
0.298549
0.245103
0.245103
0.220295
0.220295
0.235950
0.235950
0.507191
0.507191
0.310655
0.310655
0.493263
0.493263
0.123782
0.123782
0.292178
0.292178
0.467730
0.467730
0.259978
0.259978
0.322521
0.322521
0.445839
0.445839
0.683895
0.683895
0.147327
0.147327
0.119755
0.119755
0.226598
0.226598
0.372024
0.372024
0.277196
0.277196
0.264205
0.264205
0.141251
0.141251
0.324989
0.324989
0.177227
0.177227
0.241671
0.241671
0.114203
0.114203
0.205735
0.205735
0.161565
0.161565
0.572809
0.572809
0.423475
0.423475
0.114912
0.114912
0.244831
0.244831
0.151544
0.151544
0.136389
0.136389
0.494904
0.494904
0.215807
0.215807
0.292849
0.292849
0.322980
0.322980
0.485361
0.485361
0.163387
0.163387
0.308358
0.308358
0.140311
0.140311
0.245613
0.245613
0.305819
0.305819
0.159273
0.159273
0.317808
0.317808
0.266993
0.266993
0.179745
0.179745
0.294445
0.294445
0.300473
0.300473
0.253729
0.253729
0.252236
0.252236
0.209173
0.209173
0.288327
0.288327
0.183634
0.183634
0.280344
0.280344
0.241348
0.241348
0.119611
0.119611
0.081366
0.081366
0.172846
0.172846
0.263360
0.263360
0.287360
0.287360
0.473595
0.473595
0.201195
0.201195
0.171406
0.171406
0.176093
0.176093
0.319778
0.319778
0.938032
0.938032
0.315459
0.315459
0.244168
0.244168
0.242911
0.242911
0.368268
0.368268
0.204207
0.204207
0.348782
0.348782
0.238458
0.238458
0.219979
0.219979
0.212012
0.212012
0.186840
0.186840
0.222564
0.222564
0.503088
0.503088
0.281608
0.281608
0.249853
0.249853
0.198246
0.198246
0.367805
0.367805
0.161754
0.161754
0.180085
0.180085
0.162331
0.162331
0.289778
0.289778
0.199909
0.199909
0.360355
0.360355
0.159846
0.159846
0.247281
0.247281
0.400291
0.400291
0.199707
0.199707
0.200815
0.200815
0.385844
0.385844
0.121582
0.121582
0.196201
0.196201
0.165697
0.165697
0.290592
0.290592
0.143640
0.143640
0.455123
0.455123
0.179402
0.179402
0.583128
0.583128
0.334961
0.334961
0.811340
0.811340
0.667520
0.667520
0.273732
0.273732
0.133356
0.133356
0.166638
0.166638
0.241228
0.241228
0.101410
0.101410
0.150465
0.150465
0.120843
0.120843
0.440130
0.440130
0.210484
0.210484
0.420571
0.420571
0.129530
0.129530
0.539633
0.539633
0.163777
0.163777
0.326076
0.326076
0.483998
0.483998
0.090357
0.090357
0.427947
0.427947
0.424157
0.424157
0.186470
0.186470
0.429182
0.429182
0.274495
0.274495
0.437627
0.437627
0.270130
0.270130
0.160855
0.160855
0.259973
0.259973
0.206219
0.206219
0.211151
0.211151
0.507547
0.507547
0.376571
0.376571
0.281676
0.281676
0.339392
0.339392
0.367539
0.367539
0.337975
0.337975
0.198611
0.198611
0.115210
0.115210
0.400778
0.400778
0.184565
0.184565
0.207692
0.207692
0.188118
0.188118
0.180026
0.180026
0.313645
0.313645
0.245277
0.245277
0.461816
0.461816
0.404998
0.404998
0.145861
0.145861
0.426030
0.426030
0.168955
0.168955
0.332525
0.332525
0.523279
0.523279
0.078037
0.078037
0.145013
0.145013
0.115195
0.115195
0.407862
0.407862
0.300385
0.300385
0.443370
0.443370
0.212604
0.212604
0.341151
0.341151
0.165452
0.165452
0.528081
0.528081
0.537912
0.537912
0.232386
0.232386
0.149554
0.149554
0.489936
0.489936
0.226972
0.226972
0.183197
0.183197
0.097533
0.097533
0.152127
0.152127
0.135798
0.135798
0.298836
0.298836
0.252433
0.252433
0.172737
0.172737
0.248300
0.248300
0.257934
0.257934
0.193356
0.193356
0.331793
0.331793
0.461447
0.461447
0.227065
0.227065
0.218871
0.218871
0.246175
0.246175
0.096144
0.096144
0.226137
0.226137
0.459107
0.459107
0.373055
0.373055
0.335555
0.335555
0.257762
0.257762
0.186800
0.186800
0.167321
0.167321
0.589892
0.589892
0.433634
0.433634
0.149246
0.149246
0.169838
0.169838
0.354939
0.354939
0.262869
0.262869
0.137074
0.137074
0.204028
0.204028
0.182678
0.182678
0.432351
0.432351
0.287330
0.287330
0.284227
0.284227
0.225884
0.225884
0.123239
0.123239
0.272474
0.272474
0.233944
0.233944
0.131802
0.131802
0.200227
0.200227
0.308807
0.308807
0.264585
0.264585
0.575139
0.575139
0.224610
0.224610
0.224152
0.224152
0.262709
0.262709
0.172395
0.172395
0.221589
0.221589
0.290568
0.290568
0.536411
0.536411
0.181937
0.181937
0.343407
0.343407
0.401406
0.401406
0.821474
0.821474
0.397333
0.397333
0.166241
0.166241
0.080705
0.080705
0.288169
0.288169
0.219337
0.219337
0.172513
0.172513
0.232843
0.232843
0.227124
0.227124
0.279896
0.279896
0.263329
0.263329
0.109798
0.109798
0.219622
0.219622
0.328498
0.328498
0.218134
0.218134
0.148221
0.148221
0.214962
0.214962
0.102432
0.102432
0.539382
0.539382
0.296607
0.296607
0.457754
0.457754
0.020523
0.020523
0.278009
0.278009
0.148415
0.148415
0.224528
0.224528
0.129356
0.129356
0.441686
0.441686
0.172986
0.172986
0.267053
0.267053
0.230948
0.230948
0.205744
0.205744
0.223983
0.223983
0.178793
0.178793
0.163640
0.163640
0.367657
0.367657
0.149713
0.149713
0.267138
0.267138
0.118836
0.118836
0.203170
0.203170
0.358957
0.358957
0.432895
0.432895
0.189807
0.189807
0.464586
0.464586
0.218694
0.218694
0.299621
0.299621
0.111931
0.111931
0.279630
0.279630
0.239713
0.239713
0.175920
0.175920
0.698086
0.698086
0.133306
0.133306
0.413638
0.413638
0.406634
0.406634
0.370679
0.370679
0.156999
0.156999
0.177141
0.177141
0.131331
0.131331
0.317408
0.317408
0.192990
0.192990
0.225033
0.225033
0.292622
0.292622
0.098168
0.098168
0.336319
0.336319
0.376729
0.376729
0.336367
0.336367
0.208193
0.208193
0.245788
0.245788
0.745251
0.745251
0.248487
0.248487
0.518605
0.518605
0.094832
0.094832
0.100086
0.100086
0.282929
0.282929
0.136619
0.136619
0.236959
0.236959
0.072598
0.072598
0.318102
0.318102
0.484777
0.484777
0.283695
0.283695
0.453507
0.453507
0.560009
0.560009
0.166248
0.166248
0.241687
0.241687
0.154831
0.154831
0.295744
0.295744
0.652001
0.652001
0.280259
0.280259
0.254700
0.254700
0.206062
0.206062
0.219707
0.219707
0.518560
0.518560
0.364546
0.364546
0.171016
0.171016
0.233880
0.233880
0.296148
0.296148
0.167730
0.167730
0.149587
0.149587
0.164292
0.164292
0.202906
0.202906
0.345829
0.345829
0.132431
0.132431
0.371723
0.371723
0.237634
0.237634
0.264325
0.264325
0.318789
0.318789
0.577578
0.577578
0.291798
0.291798
0.406493
0.406493
0.332796
0.332796
0.243717
0.243717
0.930245
0.930245
0.438522
0.438522
0.224567
0.224567
0.267560
0.267560
0.124913
0.124913
0.362172
0.362172
0.414122
0.414122
0.195758
0.195758
0.224921
0.224921
0.145107
0.145107
0.218127
0.218127
0.182011
0.182011
0.087121
0.087121
0.371279
0.371279
0.129075
0.129075
0.671885
0.671885
0.169697
0.169697
0.164799
0.164799
0.534077
0.534077
0.183534
0.183534
0.312467
0.312467
0.186635
0.186635
0.367286
0.367286
0.152181
0.152181
0.194449
0.194449
0.455941
0.455941
0.163940
0.163940
0.184127
0.184127
0.298783
0.298783
0.495742
0.495742
0.093534
0.093534
0.136959
0.136959
0.266140
0.266140
0.087536
0.087536
0.162998
0.162998
0.144533
0.144533
0.157719
0.157719
0.173414
0.173414
0.366295
0.366295
0.307365
0.307365
0.172771
0.172771
0.215108
0.215108
0.224469
0.224469
0.159140
0.159140
0.806143
0.806143
0.217076
0.217076
0.261413
0.261413
0.236923
0.236923
0.232701
0.232701
0.120286
0.120286
0.290775
0.290775
0.372121
0.372121
0.118059
0.118059
0.375837
0.375837
0.127558
0.127558
0.138575
0.138575
0.159116
0.159116
0.290307
0.290307
0.254526
0.254526
0.218068
0.218068
0.398127
0.398127
0.225451
0.225451
0.115130
0.115130
0.304266
0.304266
0.196561
0.196561
0.247579
0.247579
0.255981
0.255981
0.074896
0.074896
0.323342
0.323342
0.190336
0.190336
0.098868
0.098868
0.100889
0.100889
0.627662
0.627662
0.171085
0.171085
0.356744
0.356744
0.449134
0.449134
0.665825
0.665825
0.237987
0.237987
0.253180
0.253180
0.214485
0.214485
0.289908
0.289908
0.797989
0.797989
0.343194
0.343194
0.245878
0.245878
0.542552
0.542552
0.354997
0.354997
0.412071
0.412071
0.117072
0.117072
0.160061
0.160061
0.174959
0.174959
0.255080
0.255080
0.405021
0.405021
0.453492
0.453492
0.153996
0.153996
0.217129
0.217129
0.504414
0.504414
0.230103
0.230103
0.207710
0.207710
0.416271
0.416271
0.449848
0.449848
0.384472
0.384472
0.487997
0.487997
0.337514
0.337514
0.168325
0.168325
0.087315
0.087315
0.443089
0.443089
0.170862
0.170862
0.657541
0.657541
0.545125
0.545125
0.282366
0.282366
0.330076
0.330076
0.236419
0.236419
0.171367
0.171367
0.236848
0.236848
0.102991
0.102991
0.135339
0.135339
0.201529
0.201529
0.322592
0.322592
0.196638
0.196638
0.418860
0.418860
0.184521
0.184521
0.333629
0.333629
0.366840
0.366840
0.393708
0.393708
0.144483
0.144483
0.192817
0.192817
0.252597
0.252597
0.154753
0.154753
0.217920
0.217920
0.300252
0.300252
0.127124
0.127124
0.193369
0.193369
0.296384
0.296384
0.265090
0.265090
0.403258
0.403258
0.265075
0.265075
0.299968
0.299968
0.148473
0.148473
0.286699
0.286699
0.410872
0.410872
0.258309
0.258309
0.230031
0.230031
0.401457
0.401457
0.564165
0.564165
0.324218
0.324218
0.168995
0.168995
0.090447
0.090447
0.209555
0.209555
0.220841
0.220841
0.102598
0.102598
0.321238
0.321238
0.164371
0.164371
0.205983
0.205983
0.203429
0.203429
0.318021
0.318021
0.172786
0.172786
0.198189
0.198189
0.174378
0.174378
0.551230
0.551230
0.114770
0.114770
0.557321
0.557321
0.497226
0.497226
0.265504
0.265504
0.170009
0.170009
0.236165
0.236165
0.473850
0.473850
0.251131
0.251131
0.223589
0.223589
0.233615
0.233615
0.098244
0.098244
0.384237
0.384237
0.094645
0.094645
0.593478
0.593478
0.440814
0.440814
0.151718
0.151718
0.215861
0.215861
0.319586
0.319586
0.316718
0.316718
0.172211
0.172211
0.285896
0.285896
0.129187
0.129187
0.076336
0.076336
0.222391
0.222391
0.146691
0.146691
0.290946
0.290946
0.164045
0.164045
0.135000
0.135000
0.297364
0.297364
0.747214
0.747214
0.357731
0.357731
0.157732
0.157732
0.129366
0.129366
0.166514
0.166514
0.168315
0.168315
0.215212
0.215212
0.229436
0.229436
0.258840
0.258840
0.257006
0.257006
0.294722
0.294722
0.287830
0.287830
0.247332
0.247332
0.388422
0.388422
0.174191
0.174191
0.390218
0.390218
0.211205
0.211205
0.144298
0.144298
0.161206
0.161206
0.157490
0.157490
0.137889
0.137889
0.271131
0.271131
0.182027
0.182027
0.215134
0.215134
0.281887
0.281887
0.693850
0.693850
0.300320
0.300320
0.336790
0.336790
0.299535
0.299535
0.175356
0.175356
0.461055
0.461055
0.532532
0.532532
0.198737
0.198737
0.224032
0.224032
0.287565
0.287565
0.328404
0.328404
0.166398
0.166398
0.180222
0.180222
0.216487
0.216487
0.274149
0.274149
0.231730
0.231730
0.265688
0.265688
0.261044
0.261044
0.402822
0.402822
0.235456
0.235456
0.630113
0.630113
0.332781
0.332781
0.267886
0.267886
0.226169
0.226169
0.738269
0.738269
0.268088
0.268088
0.158197
0.158197
0.069866
0.069866
0.390195
0.390195
0.252050
0.252050
0.602854
0.602854
0.132298
0.132298
0.196454
0.196454
0.152945
0.152945
0.436696
0.436696
0.339583
0.339583
0.262701
0.262701
0.187875
0.187875
0.170112
0.170112
0.319441
0.319441
0.444298
0.444298
0.167622
0.167622
0.532087
0.532087
0.116615
0.116615
0.155200
0.155200
0.850590
0.850590
0.321505
0.321505
0.165162
0.165162
0.184673
0.184673
0.237028
0.237028
0.270327
0.270327
0.201696
0.201696
0.136227
0.136227
0.188337
0.188337
0.222909
0.222909
0.355367
0.355367
0.201968
0.201968
0.113104
0.113104
0.483654
0.483654
0.188938
0.188938
0.279117
0.279117
0.139378
0.139378
0.153400
0.153400
0.237209
0.237209
0.314824
0.314824
0.733196
0.733196
0.296038
0.296038
0.301476
0.301476
0.331599
0.331599
0.166521
0.166521
0.031056
0.031056
0.214444
0.214444
0.249561
0.249561
0.364302
0.364302
0.312877
0.312877
0.232484
0.232484
0.116669
0.116669
0.360370
0.360370
0.143889
0.143889
0.165248
0.165248
0.114795
0.114795
0.630368
0.630368
0.157378
0.157378
0.085365
0.085365
0.199853
0.199853
0.146458
0.146458
0.127908
0.127908
0.285986
0.285986
0.172125
0.172125
0.130535
0.130535
0.799183
0.799183
0.623564
0.623564
0.467561
0.467561
0.841960
0.841960
0.170245
0.170245
0.577811
0.577811
0.325035
0.325035
0.075086
0.075086
0.186939
0.186939
0.352633
0.352633
0.585603
0.585603
0.339320
0.339320
0.229153
0.229153
0.355468
0.355468
0.302624
0.302624
0.299447
0.299447
0.277226
0.277226
0.102427
0.102427
0.212888
0.212888
0.272054
0.272054
0.086835
0.086835
0.464924
0.464924
0.289045
0.289045
0.311508
0.311508
0.642240
0.642240
0.105084
0.105084
0.298488
0.298488
0.106960
0.106960
0.534696
0.534696
0.282025
0.282025
0.176523
0.176523
0.312208
0.312208
0.123076
0.123076
0.262885
0.262885
0.473688
0.473688
0.214218
0.214218
0.289032
0.289032
0.224268
0.224268
0.423452
0.423452
0.178719
0.178719
0.225791
0.225791
0.237980
0.237980
0.144316
0.144316
0.362417
0.362417
0.186747
0.186747
0.226075
0.226075
0.244269
0.244269
0.199470
0.199470
0.326740
0.326740
0.172910
0.172910
0.324807
0.324807
0.212576
0.212576
0.150988
0.150988
0.075067
0.075067
0.357684
0.357684
0.220475
0.220475
0.153574
0.153574
0.248591
0.248591
0.112291
0.112291
0.185832
0.185832
0.217906
0.217906
0.117448
0.117448
0.716374
0.716374
0.204280
0.204280
0.321309
0.321309
0.089669
0.089669
0.294256
0.294256
0.278824
0.278824
0.273872
0.273872
0.162491
0.162491
0.419156
0.419156
0.284586
0.284586
0.273189
0.273189
0.083152
0.083152
0.077920
0.077920
0.173789
0.173789
0.295753
0.295753
0.261170
0.261170
0.211530
0.211530
0.228614
0.228614
0.235120
0.235120
0.314057
0.314057
0.077037
0.077037
0.237026
0.237026
0.267652
0.267652
0.577672
0.577672
0.123352
0.123352
0.247860
0.247860
0.418828
0.418828
0.178185
0.178185
0.427249
0.427249
0.318694
0.318694
0.269119
0.269119
0.546170
0.546170
0.092913
0.092913
0.283748
0.283748
0.570586
0.570586
0.380347
0.380347
0.530605
0.530605
0.309028
0.309028
0.105709
0.105709
0.120762
0.120762
0.377567
0.377567
0.277626
0.277626
0.030124
0.030124
0.387016
0.387016
0.328535
0.328535
0.306617
0.306617
0.229434
0.229434
0.109194
0.109194
0.501808
0.501808
0.393204
0.393204
0.183798
0.183798
0.215621
0.215621
0.295168
0.295168
0.139852
0.139852
0.288545
0.288545
0.210069
0.210069
0.142347
0.142347
0.122665
0.122665
0.294118
0.294118
0.271795
0.271795
0.198665
0.198665
0.480356
0.480356
0.434572
0.434572
0.163147
0.163147
0.343738
0.343738
0.161673
0.161673
0.387003
0.387003
0.093216
0.093216
0.235638
0.235638
0.149254
0.149254
0.252201
0.252201
0.433403
0.433403
0.242178
0.242178
0.278716
0.278716
0.351543
0.351543
0.233347
0.233347
0.427108
0.427108
0.167930
0.167930
0.114599
0.114599
0.498252
0.498252
0.136970
0.136970
0.391254
0.391254
0.163929
0.163929
0.245284
0.245284
0.422971
0.422971
0.478038
0.478038
0.150271
0.150271
0.179378
0.179378
0.278117
0.278117
0.234034
0.234034
0.425605
0.425605
0.359045
0.359045
0.223408
0.223408
0.264411
0.264411
0.221875
0.221875
0.391121
0.391121
0.187929
0.187929
0.221208
0.221208
0.527857
0.527857
0.320032
0.320032
0.310302
0.310302
0.251366
0.251366
0.230514
0.230514
0.092027
0.092027
0.214079
0.214079
0.489312
0.489312
0.370324
0.370324
0.146667
0.146667
0.280482
0.280482
0.390900
0.390900
0.335623
0.335623
0.263236
0.263236
0.180797
0.180797
0.421688
0.421688
0.390822
0.390822
0.218980
0.218980
0.174393
0.174393
0.200018
0.200018
0.199228
0.199228
0.751508
0.751508
0.448329
0.448329
0.263654
0.263654
0.220447
0.220447
0.290613
0.290613
0.173761
0.173761
0.125952
0.125952
0.209395
0.209395
0.136690
0.136690
0.453795
0.453795
0.356746
0.356746
0.192710
0.192710
0.224910
0.224910
0.225678
0.225678
0.184639
0.184639
0.294385
0.294385
0.261258
0.261258
0.446703
0.446703
0.399924
0.399924
0.269736
0.269736
0.627195
0.627195
0.213309
0.213309
0.153057
0.153057
0.166630
0.166630
0.173776
0.173776
0.491951
0.491951
0.391931
0.391931
0.208487
0.208487
0.117648
0.117648
0.143720
0.143720
0.611141
0.611141
0.189524
0.189524
0.185195
0.185195
0.334041
0.334041
0.324302
0.324302
0.236518
0.236518
0.258997
0.258997
0.124355
0.124355
0.336965
0.336965
0.246443
0.246443
0.446591
0.446591
0.106068
0.106068
0.246251
0.246251
0.313921
0.313921
0.389896
0.389896
0.184167
0.184167
0.274646
0.274646
0.110503
0.110503
0.245217
0.245217
0.384922
0.384922
0.361076
0.361076
0.218265
0.218265
0.341404
0.341404
0.197689
0.197689
0.073073
0.073073
0.210369
0.210369
0.438588
0.438588
0.186292
0.186292
0.131797
0.131797
0.310658
0.310658
0.266297
0.266297
0.206051
0.206051
0.120861
0.120861
0.228512
0.228512
0.495446
0.495446
0.246480
0.246480
0.176674
0.176674
0.187172
0.187172
0.158783
0.158783
0.171915
0.171915
0.259194
0.259194
0.152380
0.152380
0.364819
0.364819
0.180241
0.180241
0.253938
0.253938
0.609255
0.609255
0.534696
0.534696
0.291941
0.291941
0.175659
0.175659
0.198640
0.198640
0.343685
0.343685
0.117395
0.117395
0.235063
0.235063
0.214593
0.214593
0.208577
0.208577
1.422018
1.422018
0.171264
0.171264
0.528542
0.528542
0.270553
0.270553
0.200983
0.200983
0.380405
0.380405
0.266824
0.266824
0.101385
0.101385
0.312387
0.312387
0.353820
0.353820
0.240402
0.240402
0.265692
0.265692
0.283693
0.283693
0.219269
0.219269
0.446755
0.446755
0.178322
0.178322
0.250982
0.250982
0.289382
0.289382
0.268147
0.268147
0.472578
0.472578
0.071096
0.071096
0.168314
0.168314
0.243708
0.243708
0.297269
0.297269
0.261500
0.261500
0.346139
0.346139
0.403394
0.403394
0.252649
0.252649
0.340618
0.340618
0.121834
0.121834
0.291098
0.291098
0.198130
0.198130
0.105066
0.105066
0.118501
0.118501
0.218771
0.218771
0.162187
0.162187
0.127338
0.127338
0.251135
0.251135
0.316763
0.316763
0.390112
0.390112
0.269406
0.269406
0.147122
0.147122
0.342141
0.342141
0.455856
0.455856
0.530201
0.530201
0.418340
0.418340
0.124081
0.124081
0.294452
0.294452
0.453804
0.453804
0.231511
0.231511
0.213958
0.213958
0.217204
0.217204
0.171024
0.171024
0.090910
0.090910
0.632925
0.632925
0.243698
0.243698
0.177306
0.177306
0.163254
0.163254
0.394800
0.394800
0.259711
0.259711
0.182147
0.182147
0.265300
0.265300
0.223440
0.223440
0.141270
0.141270
0.136559
0.136559
0.561598
0.561598
0.199427
0.199427
0.457813
0.457813
0.251348
0.251348
0.434093
0.434093
0.220358
0.220358
0.233665
0.233665
0.386006
0.386006
0.108336
0.108336
0.122144
0.122144
0.555247
0.555247
0.447801
0.447801
0.194158
0.194158
0.153173
0.153173
0.159530
0.159530
0.207514
0.207514
0.224513
0.224513
0.355298
0.355298
0.417793
0.417793
0.180859
0.180859
0.125281
0.125281
0.119917
0.119917
0.288979
0.288979
0.166671
0.166671
0.226912
0.226912
0.263735
0.263735
0.194315
0.194315
0.138006
0.138006
0.262492
0.262492
0.198730
0.198730
0.342166
0.342166
0.313034
0.313034
0.362902
0.362902
0.132126
0.132126
0.716918
0.716918
0.324338
0.324338
0.136627
0.136627
0.109443
0.109443
0.170489
0.170489
0.308738
0.308738
0.149241
0.149241
0.105430
0.105430
0.139968
0.139968
0.303934
0.303934
0.349419
0.349419
0.220501
0.220501
0.185405
0.185405
0.429252
0.429252
0.166105
0.166105
0.369975
0.369975
0.318467
0.318467
0.207755
0.207755
0.107626
0.107626
0.220181
0.220181
0.453525
0.453525
0.426479
0.426479
0.286341
0.286341
0.341151
0.341151
0.333628
0.333628
0.114826
0.114826
0.288285
0.288285
0.216616
0.216616
0.425160
0.425160
0.160497
0.160497
0.350583
0.350583
0.277453
0.277453
0.174417
0.174417
0.218896
0.218896
0.248347
0.248347
0.250879
0.250879
0.444841
0.444841
0.107223
0.107223
0.326122
0.326122
0.300880
0.300880
0.378766
0.378766
0.237996
0.237996
0.120774
0.120774
0.396909
0.396909
0.225714
0.225714
0.111946
0.111946
0.414790
0.414790
0.372888
0.372888
0.124219
0.124219
0.165658
0.165658
0.351369
0.351369
0.220853
0.220853
0.121628
0.121628
0.348438
0.348438
0.321625
0.321625
0.176036
0.176036
0.158634
0.158634
0.136665
0.136665
0.163573
0.163573
0.391062
0.391062
0.202161
0.202161
0.447946
0.447946
0.075154
0.075154
0.153112
0.153112
0.223274
0.223274
0.147859
0.147859
0.137253
0.137253
0.328776
0.328776
0.078762
0.078762
0.586637
0.586637
0.626220
0.626220
0.215099
0.215099
0.372870
0.372870
0.162585
0.162585
0.843057
0.843057
0.473604
0.473604
0.424012
0.424012
0.194445
0.194445
0.125437
0.125437
0.583527
0.583527
0.428187
0.428187
0.217736
0.217736
0.116687
0.116687
0.700925
0.700925
0.477742
0.477742
0.315949
0.315949
0.200220
0.200220
0.246453
0.246453
0.210385
0.210385
0.186022
0.186022
0.192346
0.192346
0.374084
0.374084
0.199667
0.199667
0.220607
0.220607
0.187049
0.187049
0.624618
0.624618
0.360242
0.360242
0.405097
0.405097
0.157538
0.157538
0.336004
0.336004
0.311623
0.311623
0.224172
0.224172
0.356289
0.356289
0.191292
0.191292
0.200593
0.200593
0.298120
0.298120
0.188948
0.188948
0.171384
0.171384
0.356977
0.356977
0.381557
0.381557
0.485263
0.485263
0.117922
0.117922
0.509822
0.509822
0.553406
0.553406
0.455603
0.455603
0.524129
0.524129
0.178808
0.178808
0.094615
0.094615
0.147958
0.147958
0.271795
0.271795
0.139148
0.139148
0.396249
0.396249
0.135882
0.135882
0.167460
0.167460
0.179335
0.179335
0.284302
0.284302
0.436395
0.436395
0.723033
0.723033
0.128927
0.128927
0.141406
0.141406
0.264453
0.264453
0.177724
0.177724
0.165745
0.165745
0.126041
0.126041
0.220648
0.220648
0.267119
0.267119
0.096046
0.096046
0.241445
0.241445
0.432600
0.432600
0.253480
0.253480
0.552984
0.552984
0.207275
0.207275
0.129643
0.129643
0.419454
0.419454
0.344160
0.344160
0.643265
0.643265
0.488924
0.488924
0.197801
0.197801
0.155862
0.155862
0.418231
0.418231
0.547388
0.547388
0.252508
0.252508
0.436990
0.436990
0.123947
0.123947
0.202750
0.202750
0.322405
0.322405
0.129781
0.129781
0.704985
0.704985
0.061817
0.061817
0.213459
0.213459
0.167461
0.167461
0.186250
0.186250
0.240013
0.240013
0.196010
0.196010
0.139742
0.139742
0.187005
0.187005
0.338449
0.338449
0.357237
0.357237
0.519464
0.519464
0.150898
0.150898
0.107405
0.107405
0.197831
0.197831
0.116779
0.116779
0.061697
0.061697
0.242231
0.242231
0.412438
0.412438
0.168760
0.168760
0.401843
0.401843
0.630495
0.630495
0.301250
0.301250
0.241773
0.241773
0.246723
0.246723
0.148957
0.148957
0.403543
0.403543
0.250151
0.250151
0.312284
0.312284
0.167407
0.167407
0.259863
0.259863
0.255718
0.255718
0.140839
0.140839
0.394428
0.394428
0.260525
0.260525
0.255613
0.255613
0.479869
0.479869
0.180521
0.180521
0.223555
0.223555
0.283908
0.283908
0.220947
0.220947
0.394599
0.394599
0.237470
0.237470
0.124133
0.124133
0.106488
0.106488
0.402672
0.402672
0.207950
0.207950
0.194556
0.194556
0.197010
0.197010
0.451391
0.451391
0.179929
0.179929
0.199726
0.199726
0.368505
0.368505
0.350746
0.350746
0.249845
0.249845
0.245523
0.245523
0.175484
0.175484
0.723271
0.723271
0.120325
0.120325
0.140882
0.140882
0.170209
0.170209
0.432904
0.432904
0.339598
0.339598
0.400998
0.400998
0.247830
0.247830
0.216063
0.216063
0.161439
0.161439
0.090315
0.090315
0.248095
0.248095
0.170995
0.170995
0.271870
0.271870
0.437573
0.437573
0.224359
0.224359
0.248471
0.248471
0.164639
0.164639
0.347906
0.347906
0.457406
0.457406
0.153491
0.153491
0.049932
0.049932
0.135104
0.135104
0.258035
0.258035
0.469128
0.469128
0.354153
0.354153
0.197262
0.197262
0.239176
0.239176
0.075725
0.075725
0.387095
0.387095
0.439853
0.439853
0.192212
0.192212
0.342263
0.342263
0.137482
0.137482
0.178641
0.178641
0.647701
0.647701
0.204091
0.204091
0.101978
0.101978
0.248615
0.248615
0.567942
0.567942
0.241825
0.241825
0.554814
0.554814
0.635762
0.635762
0.338351
0.338351
0.147650
0.147650
0.176209
0.176209
0.205681
0.205681
0.141952
0.141952
0.267614
0.267614
0.458240
0.458240
0.114258
0.114258
0.091000
0.091000
0.356323
0.356323
0.167977
0.167977
0.220592
0.220592
0.114578
0.114578
0.417077
0.417077
0.260745
0.260745
0.219925
0.219925
0.375167
0.375167
0.169288
0.169288
0.173343
0.173343
0.598515
0.598515
0.408889
0.408889
0.675379
0.675379
0.535516
0.535516
0.255964
0.255964
0.338881
0.338881
0.211913
0.211913
0.304002
0.304002
0.322286
0.322286
0.076864
0.076864
0.395985
0.395985
0.157496
0.157496
0.336767
0.336767
0.257798
0.257798
0.492759
0.492759
0.331200
0.331200
0.170036
0.170036
0.398657
0.398657
0.356033
0.356033
0.350948
0.350948
0.237496
0.237496
0.412684
0.412684
0.221051
0.221051
0.200760
0.200760
0.291476
0.291476
0.268273
0.268273
0.312164
0.312164
0.384707
0.384707
0.119989
0.119989
0.191667
0.191667
0.175862
0.175862
0.090437
0.090437
0.505275
0.505275
0.251284
0.251284
0.139650
0.139650
0.357858
0.357858
0.176480
0.176480
0.234797
0.234797
0.099861
0.099861
0.471767
0.471767
0.429176
0.429176
0.180706
0.180706
0.157859
0.157859
0.224685
0.224685
0.316581
0.316581
0.258313
0.258313
0.143397
0.143397
0.245308
0.245308
0.119870
0.119870
0.203208
0.203208
0.528904
0.528904
0.170292
0.170292
0.158228
0.158228
0.216133
0.216133
0.128522
0.128522
0.337797
0.337797
0.185886
0.185886
0.124225
0.124225
0.142355
0.142355
0.511764
0.511764
0.255001
0.255001
0.301488
0.301488
0.225673
0.225673
0.583562
0.583562
0.350688
0.350688
0.135773
0.135773
0.277827
0.277827
0.345385
0.345385
0.313159
0.313159
0.171933
0.171933
0.162717
0.162717
0.138640
0.138640
0.384057
0.384057
0.225609
0.225609
0.285615
0.285615
0.162092
0.162092
0.273554
0.273554
0.361752
0.361752
0.152783
0.152783
0.210822
0.210822
0.230320
0.230320
0.535768
0.535768
0.255776
0.255776
2.288875
2.288875
0.262548
0.262548
0.122108
0.122108
0.119974
0.119974
0.141666
0.141666
0.124883
0.124883
0.180146
0.180146
0.189625
0.189625
0.214294
0.214294
0.610714
0.610714
0.263280
0.263280
0.191667
0.191667
0.251218
0.251218
0.268717
0.268717
0.164211
0.164211
0.221413
0.221413
0.309509
0.309509
0.258714
0.258714
0.276231
0.276231
0.252177
0.252177
0.568027
0.568027
0.515513
0.515513
0.183097
0.183097
0.456975
0.456975
0.146039
0.146039
0.123937
0.123937
0.186302
0.186302
0.176331
0.176331
0.259010
0.259010
0.316296
0.316296
0.172441
0.172441
0.154745
0.154745
0.242215
0.242215
0.380182
0.380182
0.125650
0.125650
0.582527
0.582527
0.611916
0.611916
0.581905
0.581905
0.528866
0.528866
0.458900
0.458900
0.160148
0.160148
0.299915
0.299915
0.174794
0.174794
0.479933
0.479933
0.256434
0.256434
0.150960
0.150960
0.183967
0.183967
0.193472
0.193472
0.321571
0.321571
0.210006
0.210006
0.225243
0.225243
0.285985
0.285985
0.372398
0.372398
0.215117
0.215117
0.141172
0.141172
0.224482
0.224482
0.329380
0.329380
0.159326
0.159326
0.128795
0.128795
0.171383
0.171383
0.407025
0.407025
0.313682
0.313682
0.174519
0.174519
0.139577
0.139577
0.375546
0.375546
0.465923
0.465923
0.248876
0.248876
0.216971
0.216971
0.178961
0.178961
0.250613
0.250613
0.192361
0.192361
0.352125
0.352125
0.221565
0.221565
0.106509
0.106509
0.505405
0.505405
0.137501
0.137501
0.223750
0.223750
0.317102
0.317102
0.383889
0.383889
0.514963
0.514963
0.192759
0.192759
0.328584
0.328584
0.557038
0.557038
0.173063
0.173063
0.240033
0.240033
0.214585
0.214585
0.246745
0.246745
0.189937
0.189937
0.324800
0.324800
0.273869
0.273869
0.441220
0.441220
0.093159
0.093159
0.486564
0.486564
0.158488
0.158488
0.196702
0.196702
0.245888
0.245888
0.264443
0.264443
0.367883
0.367883
0.142270
0.142270
0.180911
0.180911
0.242075
0.242075
0.856748
0.856748
0.146689
0.146689
0.284039
0.284039
0.247906
0.247906
0.264432
0.264432
0.275225
0.275225
0.140251
0.140251
0.267403
0.267403
0.376021
0.376021
0.327881
0.327881
0.169882
0.169882
0.409036
0.409036
0.172461
0.172461
0.255474
0.255474
0.181693
0.181693
0.613953
0.613953
0.207123
0.207123
0.518131
0.518131
0.144694
0.144694
0.656631
0.656631
0.226280
0.226280
0.145680
0.145680
0.142757
0.142757
0.622766
0.622766
0.119575
0.119575
0.228726
0.228726
0.349104
0.349104
0.277654
0.277654
0.135716
0.135716
0.163334
0.163334
0.161161
0.161161
0.202075
0.202075
0.392100
0.392100
0.570248
0.570248
0.623837
0.623837
0.135623
0.135623
0.337816
0.337816
0.391257
0.391257
0.169989
0.169989
0.179174
0.179174
0.281715
0.281715
0.204839
0.204839
0.346641
0.346641
0.111479
0.111479
0.213099
0.213099
0.195226
0.195226
0.140425
0.140425
0.376439
0.376439
0.230784
0.230784
0.245132
0.245132
0.205817
0.205817
0.099798
0.099798
0.138711
0.138711
0.586645
0.586645
0.453515
0.453515
0.254365
0.254365
0.120165
0.120165
0.470480
0.470480
0.197167
0.197167
0.327817
0.327817
0.218175
0.218175
0.235835
0.235835
0.292012
0.292012
0.245332
0.245332
0.108279
0.108279
0.502106
0.502106
0.101686
0.101686
0.189006
0.189006
0.427119
0.427119
0.238597
0.238597
0.172135
0.172135
0.247330
0.247330
0.470023
0.470023
0.479020
0.479020
0.219833
0.219833
0.329340
0.329340
0.099209
0.099209
0.225697
0.225697
0.346496
0.346496
0.411226
0.411226
0.854659
0.854659
0.161569
0.161569
0.132647
0.132647
0.275790
0.275790
0.267907
0.267907
0.408001
0.408001
0.366383
0.366383
0.427263
0.427263
0.144792
0.144792
0.276674
0.276674
0.136445
0.136445
0.118091
0.118091
0.442011
0.442011
0.212018
0.212018
0.281846
0.281846
0.566496
0.566496
0.233205
0.233205
0.243436
0.243436
0.224555
0.224555
0.419920
0.419920
0.209273
0.209273
0.248272
0.248272
0.325666
0.325666
0.167653
0.167653
0.220611
0.220611
0.264553
0.264553
0.558544
0.558544
0.102061
0.102061
0.236094
0.236094
0.245807
0.245807
0.195170
0.195170
0.153802
0.153802
0.587812
0.587812
0.606006
0.606006
0.169834
0.169834
0.294282
0.294282
0.240743
0.240743
0.268515
0.268515
0.132584
0.132584
0.075831
0.075831
0.117273
0.117273
0.321526
0.321526
0.211502
0.211502
0.343270
0.343270
0.217940
0.217940
0.083945
0.083945
0.547732
0.547732
0.343881
0.343881
0.323186
0.323186
0.194848
0.194848
0.329242
0.329242
0.185959
0.185959
0.261245
0.261245
0.303710
0.303710
0.152083
0.152083
0.157934
0.157934
0.384127
0.384127
0.412175
0.412175
0.231342
0.231342
0.259090
0.259090
0.129608
0.129608
0.139780
0.139780
0.296621
0.296621
0.116898
0.116898
0.057589
0.057589
0.243176
0.243176
0.667464
0.667464
0.293064
0.293064
0.126137
0.126137
0.200216
0.200216
0.347609
0.347609
0.301997
0.301997
0.395261
0.395261
0.550527
0.550527
0.277354
0.277354
0.443650
0.443650
0.156351
0.156351
0.178165
0.178165
0.243208
0.243208
0.186025
0.186025
0.163409
0.163409
0.127837
0.127837
0.217755
0.217755
0.100603
0.100603
0.304688
0.304688
0.290107
0.290107
0.271215
0.271215
0.184760
0.184760
0.389661
0.389661
0.170190
0.170190
0.337688
0.337688
0.193538
0.193538
0.149569
0.149569
0.257098
0.257098
0.207724
0.207724
0.101460
0.101460
0.145933
0.145933
0.143302
0.143302
0.281852
0.281852
0.335196
0.335196
0.125946
0.125946
0.330374
0.330374
0.155225
0.155225
0.209064
0.209064
0.336410
0.336410
0.187095
0.187095
0.275816
0.275816
0.361689
0.361689
0.765027
0.765027
0.125784
0.125784
0.268086
0.268086
0.203112
0.203112
0.193221
0.193221
0.441402
0.441402
0.108885
0.108885
0.296567
0.296567
0.198198
0.198198
0.251057
0.251057
0.312300
0.312300
0.186633
0.186633
0.151031
0.151031
0.315967
0.315967
0.059199
0.059199
0.248145
0.248145
0.559189
0.559189
0.392538
0.392538
0.505556
0.505556
0.267013
0.267013
0.336577
0.336577
0.506386
0.506386
0.249650
0.249650
0.205776
0.205776
0.679811
0.679811
0.654610
0.654610
0.491524
0.491524
0.201621
0.201621
0.619371
0.619371
0.210432
0.210432
0.353864
0.353864
0.279818
0.279818
0.448889
0.448889
0.666234
0.666234
0.180385
0.180385
0.127464
0.127464
0.163758
0.163758
0.323156
0.323156
0.206158
0.206158
0.193267
0.193267
0.225004
0.225004
0.233092
0.233092
0.419876
0.419876
0.249780
0.249780
0.210870
0.210870
0.241583
0.241583
0.236501
0.236501
0.187833
0.187833
0.207749
0.207749
0.125096
0.125096
0.338920
0.338920
0.291376
0.291376
0.347637
0.347637
0.307144
0.307144
0.344238
0.344238
0.357463
0.357463
0.176974
0.176974
0.325215
0.325215
0.401665
0.401665
0.187635
0.187635
0.337515
0.337515
0.150472
0.150472
0.355748
0.355748
0.115706
0.115706
0.176532
0.176532
0.197565
0.197565
0.156026
0.156026
0.185839
0.185839
0.466278
0.466278
0.214581
0.214581
0.370737
0.370737
0.118488
0.118488
0.214110
0.214110
0.256011
0.256011
0.297972
0.297972
0.271428
0.271428
0.245036
0.245036
0.320100
0.320100
0.192982
0.192982
0.296842
0.296842
0.286739
0.286739
0.505904
0.505904
0.140023
0.140023
0.046187
0.046187
0.168386
0.168386
0.125747
0.125747
0.143506
0.143506
0.584362
0.584362
0.356207
0.356207
0.205549
0.205549
0.178477
0.178477
0.241506
0.241506
0.182244
0.182244
0.164511
0.164511
0.218164
0.218164
0.373618
0.373618
0.131643
0.131643
0.217569
0.217569
0.147981
0.147981
0.317568
0.317568
0.257351
0.257351
0.096454
0.096454
0.165205
0.165205
0.157023
0.157023
0.169438
0.169438
0.296343
0.296343
0.215775
0.215775
0.108714
0.108714
0.117530
0.117530
0.286354
0.286354
0.283236
0.283236
0.191350
0.191350
0.306373
0.306373
0.319141
0.319141
0.153923
0.153923
0.229230
0.229230
0.374352
0.374352
0.312370
0.312370
0.101199
0.101199
0.200298
0.200298
0.139839
0.139839
0.287114
0.287114
0.329827
0.329827
0.252259
0.252259
0.194726
0.194726
0.243461
0.243461
0.303398
0.303398
0.166612
0.166612
0.443679
0.443679
0.611557
0.611557
0.476491
0.476491
0.289557
0.289557
0.133900
0.133900
0.269570
0.269570
0.249079
0.249079
0.319782
0.319782
0.641696
0.641696
0.629833
0.629833
0.077124
0.077124
0.136517
0.136517
0.213332
0.213332
0.215199
0.215199
0.276791
0.276791
0.231759
0.231759
0.419564
0.419564
0.291301
0.291301
0.303386
0.303386
0.971525
0.971525
0.101722
0.101722
0.463721
0.463721
0.231312
0.231312
0.173948
0.173948
0.188897
0.188897
0.263152
0.263152
0.440075
0.440075
0.641786
0.641786
0.227456
0.227456
0.420084
0.420084
0.216284
0.216284
0.232121
0.232121
0.180379
0.180379
0.220784
0.220784
0.222051
0.222051
0.320749
0.320749
0.334604
0.334604
0.097830
0.097830
0.259688
0.259688
0.426861
0.426861
0.201342
0.201342
0.277757
0.277757
0.309861
0.309861
0.556920
0.556920
0.327328
0.327328
0.317441
0.317441
0.123806
0.123806
0.312148
0.312148
0.194044
0.194044
0.100700
0.100700
0.602541
0.602541
0.150632
0.150632
0.351006
0.351006
0.201812
0.201812
0.383400
0.383400
0.142600
0.142600
0.158609
0.158609
0.177520
0.177520
0.269167
0.269167
0.318825
0.318825
0.175135
0.175135
0.343495
0.343495
0.318404
0.318404
0.182621
0.182621
0.215891
0.215891
0.546039
0.546039
0.297283
0.297283
0.289990
0.289990
0.281982
0.281982
0.227270
0.227270
0.620659
0.620659
0.204391
0.204391
0.630448
0.630448
0.230168
0.230168
0.140965
0.140965
0.126931
0.126931
0.260766
0.260766
0.300120
0.300120
0.576420
0.576420
0.043796
0.043796
0.255143
0.255143
0.373166
0.373166
0.229286
0.229286
0.237748
0.237748
0.145956
0.145956
0.173106
0.173106
0.168911
0.168911
0.234039
0.234039
0.162515
0.162515
0.322422
0.322422
0.437109
0.437109
0.209032
0.209032
0.216978
0.216978
0.256949
0.256949
0.167399
0.167399
0.215360
0.215360
0.253496
0.253496
0.278106
0.278106
0.267380
0.267380
0.189430
0.189430
0.205292
0.205292
0.125128
0.125128
0.248970
0.248970
0.202124
0.202124
0.460191
0.460191
0.246269
0.246269
0.195830
0.195830
0.254811
0.254811
0.402567
0.402567
0.197700
0.197700
0.520545
0.520545
0.314330
0.314330
0.178836
0.178836
0.308715
0.308715
0.272102
0.272102
0.103505
0.103505
0.265207
0.265207
0.252523
0.252523
0.226706
0.226706
0.182213
0.182213
0.396981
0.396981
0.189706
0.189706
0.282879
0.282879
0.160472
0.160472
0.157009
0.157009
0.092005
0.092005
0.199647
0.199647
0.390474
0.390474
0.282385
0.282385
0.274315
0.274315
0.246383
0.246383
0.682904
0.682904
0.102538
0.102538
0.164141
0.164141
0.069074
0.069074
0.169902
0.169902
0.315203
0.315203
0.431891
0.431891
0.288021
0.288021
0.205217
0.205217
0.286120
0.286120
0.261343
0.261343
0.138633
0.138633
0.167463
0.167463
0.167252
0.167252
0.379309
0.379309
0.267018
0.267018
0.289107
0.289107
0.119881
0.119881
0.161989
0.161989
0.125316
0.125316
0.141075
0.141075
0.373970
0.373970
0.835891
0.835891
0.151565
0.151565
0.504709
0.504709
0.457134
0.457134
0.450213
0.450213
0.084603
0.084603
0.282706
0.282706
0.497617
0.497617
0.156193
0.156193
0.321384
0.321384
0.290172
0.290172
0.257269
0.257269
0.402837
0.402837
0.105848
0.105848
0.219173
0.219173
0.144752
0.144752
0.185782
0.185782
0.373164
0.373164
0.552012
0.552012
0.098222
0.098222
0.799144
0.799144
0.181803
0.181803
0.124961
0.124961
0.303287
0.303287
0.192075
0.192075
0.259540
0.259540
0.309454
0.309454
0.304018
0.304018
0.566130
0.566130
0.197566
0.197566
0.411019
0.411019
0.341333
0.341333
0.212678
0.212678
0.553316
0.553316
0.384234
0.384234
0.353937
0.353937
0.570759
0.570759
0.177424
0.177424
0.339860
0.339860
0.252024
0.252024
0.079694
0.079694
0.321575
0.321575
0.435567
0.435567
0.467942
0.467942
0.366793
0.366793
0.175525
0.175525
0.107725
0.107725
0.148636
0.148636
0.306099
0.306099
0.317984
0.317984
0.087859
0.087859
0.909666
0.909666
0.278039
0.278039
0.255804
0.255804
0.278421
0.278421
0.386285
0.386285
0.374023
0.374023
0.803902
0.803902
0.376804
0.376804
0.201238
0.201238
0.257315
0.257315
0.315821
0.315821
0.175987
0.175987
0.306625
0.306625
0.138308
0.138308
0.310125
0.310125
0.181315
0.181315
0.132480
0.132480
0.222127
0.222127
0.360540
0.360540
0.214455
0.214455
0.608486
0.608486
0.204827
0.204827
0.129510
0.129510
0.234138
0.234138
0.136027
0.136027
0.124670
0.124670
0.277095
0.277095
0.400606
0.400606
0.112973
0.112973
0.289181
0.289181
0.368616
0.368616
0.478692
0.478692
0.156147
0.156147
0.259867
0.259867
0.183720
0.183720
0.148173
0.148173
0.256696
0.256696
0.297841
0.297841
0.168743
0.168743
0.334681
0.334681
0.316160
0.316160
0.128724
0.128724
0.194823
0.194823
0.090200
0.090200
0.819113
0.819113
0.119968
0.119968
0.426130
0.426130
0.187034
0.187034
0.173138
0.173138
0.187347
0.187347
0.426335
0.426335
0.457937
0.457937
0.446688
0.446688
0.215589
0.215589
0.206296
0.206296
0.241569
0.241569
0.131828
0.131828
0.136334
0.136334
0.160762
0.160762
0.253461
0.253461
0.320450
0.320450
0.352689
0.352689
0.118719
0.118719
0.220031
0.220031
0.160715
0.160715
0.305964
0.305964
0.421969
0.421969
0.146847
0.146847
0.178258
0.178258
0.282906
0.282906
0.173468
0.173468
0.288599
0.288599
0.201060
0.201060
0.650044
0.650044
0.470768
0.470768
0.196341
0.196341
0.105791
0.105791
0.211970
0.211970
0.199586
0.199586
0.174056
0.174056
0.146612
0.146612
0.266534
0.266534
0.299704
0.299704
0.488756
0.488756
0.080240
0.080240
0.101571
0.101571
0.192956
0.192956
0.295534
0.295534
0.323850
0.323850
0.298834
0.298834
0.504804
0.504804
0.101217
0.101217
0.186012
0.186012
0.214858
0.214858
0.247841
0.247841
0.294840
0.294840
0.170090
0.170090
0.219752
0.219752
0.431700
0.431700
0.194402
0.194402
0.210998
0.210998
0.162333
0.162333
0.367746
0.367746
0.079459
0.079459
0.433609
0.433609
0.387737
0.387737
0.105175
0.105175
0.523740
0.523740
0.196203
0.196203
0.080543
0.080543
0.181894
0.181894
0.101504
0.101504
0.387044
0.387044
0.379781
0.379781
0.150041
0.150041
0.684358
0.684358
0.698724
0.698724
0.135372
0.135372
0.508824
0.508824
0.220141
0.220141
0.219871
0.219871
0.069885
0.069885
0.438847
0.438847
0.040631
0.040631
0.257292
0.257292
0.288455
0.288455
0.225682
0.225682
0.216994
0.216994
0.254612
0.254612
0.269781
0.269781
0.308664
0.308664
0.266722
0.266722
0.150241
0.150241
0.327492
0.327492
0.136221
0.136221
0.091623
0.091623
0.288518
0.288518
0.183545
0.183545
0.318261
0.318261
0.195778
0.195778
0.271252
0.271252
0.335074
0.335074
0.548376
0.548376
0.215663
0.215663
0.632543
0.632543
0.226213
0.226213
0.316381
0.316381
0.137495
0.137495
0.144933
0.144933
0.451738
0.451738
0.358324
0.358324
0.184997
0.184997
0.164874
0.164874
0.243732
0.243732
0.110548
0.110548
0.218960
0.218960
0.078668
0.078668
0.204477
0.204477
0.208902
0.208902
0.492058
0.492058
0.154128
0.154128
0.286120
0.286120
0.229438
0.229438
0.241138
0.241138
0.125057
0.125057
0.406924
0.406924
0.249377
0.249377
0.230452
0.230452
0.176725
0.176725
0.201727
0.201727
0.779688
0.779688
0.195538
0.195538
0.148091
0.148091
0.196565
0.196565
0.410902
0.410902
0.389148
0.389148
0.178899
0.178899
0.396721
0.396721
0.297941
0.297941
0.361553
0.361553
0.609238
0.609238
0.257536
0.257536
0.342307
0.342307
0.525961
0.525961
0.334441
0.334441
0.236787
0.236787
0.185638
0.185638
0.346335
0.346335
0.212464
0.212464
0.163097
0.163097
0.363756
0.363756
0.237689
0.237689
0.133293
0.133293
0.483725
0.483725
0.468148
0.468148
0.123033
0.123033
0.427500
0.427500
0.517254
0.517254
0.124163
0.124163
0.204769
0.204769
0.187616
0.187616
0.213483
0.213483
0.154760
0.154760
0.229693
0.229693
0.247273
0.247273
0.347716
0.347716
0.398710
0.398710
0.348438
0.348438
0.220237
0.220237
0.177056
0.177056
0.155060
0.155060
0.189501
0.189501
0.464865
0.464865
0.401933
0.401933
0.449889
0.449889
0.262165
0.262165
0.213662
0.213662
0.135418
0.135418
0.173594
0.173594
0.150409
0.150409
0.245398
0.245398
0.175089
0.175089
0.142578
0.142578
0.293595
0.293595
0.800444
0.800444
0.200628
0.200628
0.463879
0.463879
0.349169
0.349169
0.108711
0.108711
0.066191
0.066191
0.276195
0.276195
0.250608
0.250608
0.309955
0.309955
0.262063
0.262063
0.339160
0.339160
0.360246
0.360246
0.243473
0.243473
0.214166
0.214166
0.571217
0.571217
0.232825
0.232825
0.504405
0.504405
0.163667
0.163667
0.146926
0.146926
0.283609
0.283609
0.160662
0.160662
0.140766
0.140766
0.145086
0.145086
0.016901
0.016901
0.193424
0.193424
0.241310
0.241310
0.360718
0.360718
0.226815
0.226815
0.510113
0.510113
0.141019
0.141019
0.293556
0.293556
0.213238
0.213238
0.220975
0.220975
0.245978
0.245978
0.250550
0.250550
0.125755
0.125755
0.153610
0.153610
0.219751
0.219751
0.159817
0.159817
0.156079
0.156079
0.093768
0.093768
0.117253
0.117253
0.300732
0.300732
0.330796
0.330796
0.210442
0.210442
0.209101
0.209101
0.268890
0.268890
0.454284
0.454284
0.304174
0.304174
0.192345
0.192345
0.307081
0.307081
0.200923
0.200923
0.409250
0.409250
0.130644
0.130644
0.495492
0.495492
0.144157
0.144157
0.396523
0.396523
0.193421
0.193421
0.503989
0.503989
0.420758
0.420758
0.180024
0.180024
0.349872
0.349872
0.841996
0.841996
0.267047
0.267047
0.310279
0.310279
0.238301
0.238301
0.210829
0.210829
0.266910
0.266910
0.196746
0.196746
0.472705
0.472705
0.141571
0.141571
0.251837
0.251837
0.206563
0.206563
0.225431
0.225431
0.444841
0.444841
0.199996
0.199996
0.651877
0.651877
0.426488
0.426488
0.211353
0.211353
0.139244
0.139244
0.280356
0.280356
0.222543
0.222543
0.246002
0.246002
0.492882
0.492882
0.160798
0.160798
0.163137
0.163137
0.192051
0.192051
0.350960
0.350960
0.314371
0.314371
0.389599
0.389599
0.311113
0.311113
0.258339
0.258339
0.173553
0.173553
0.271741
0.271741
0.429745
0.429745
0.462140
0.462140
0.299492
0.299492
0.103018
0.103018
0.260518
0.260518
0.805335
0.805335
0.224158
0.224158
0.122256
0.122256
0.145021
0.145021
0.191802
0.191802
0.179207
0.179207
0.274224
0.274224
0.231419
0.231419
0.229684
0.229684
0.125787
0.125787
0.165456
0.165456
0.269345
0.269345
0.196321
0.196321
0.274440
0.274440
0.320808
0.320808
0.228671
0.228671
0.185093
0.185093
0.188105
0.188105
0.380354
0.380354
0.319848
0.319848
0.184562
0.184562
0.502653
0.502653
0.332419
0.332419
0.334744
0.334744
0.114624
0.114624
0.141778
0.141778
0.447686
0.447686
0.398548
0.398548
0.134391
0.134391
0.239453
0.239453
0.432538
0.432538
0.181672
0.181672
0.338958
0.338958
0.218243
0.218243
0.160236
0.160236
0.161935
0.161935
0.202337
0.202337
0.173237
0.173237
0.392516
0.392516
0.287708
0.287708
0.218077
0.218077
0.336262
0.336262
0.106400
0.106400
0.241058
0.241058
0.192564
0.192564
0.107190
0.107190
0.526945
0.526945
0.734823
0.734823
0.033634
0.033634
0.307192
0.307192
0.165604
0.165604
0.191440
0.191440
0.409154
0.409154
0.345076
0.345076
0.423645
0.423645
0.133064
0.133064
0.156436
0.156436
0.288062
0.288062
0.138839
0.138839
0.358612
0.358612
0.304233
0.304233
0.170244
0.170244
0.294872
0.294872
0.197487
0.197487
0.174721
0.174721
0.336521
0.336521
0.185649
0.185649
0.166293
0.166293
0.201429
0.201429
0.272523
0.272523
0.133939
0.133939
0.203720
0.203720
0.802075
0.802075
0.189180
0.189180
0.314449
0.314449
0.519561
0.519561
0.303033
0.303033
0.270621
0.270621
0.176390
0.176390
0.231602
0.231602
0.207104
0.207104
0.210458
0.210458
0.467100
0.467100
0.116491
0.116491
0.352883
0.352883
0.331648
0.331648
0.362727
0.362727
0.136632
0.136632
0.298397
0.298397
0.216316
0.216316
0.223281
0.223281
0.254391
0.254391
0.126542
0.126542
0.299593
0.299593
0.184290
0.184290
0.682546
0.682546
0.296404
0.296404
0.259197
0.259197
0.227466
0.227466
0.606683
0.606683
0.290502
0.290502
0.262095
0.262095
0.333487
0.333487
0.174738
0.174738
0.419549
0.419549
0.169714
0.169714
0.338667
0.338667
0.086164
0.086164
0.234362
0.234362
0.233772
0.233772
0.344374
0.344374
0.190939
0.190939
0.505347
0.505347
0.162100
0.162100
0.355416
0.355416
0.257581
0.257581
0.307845
0.307845
0.072277
0.072277
0.162143
0.162143
0.279117
0.279117
0.082522
0.082522
0.083982
0.083982
0.331140
0.331140
0.199654
0.199654
0.169644
0.169644
0.434732
0.434732
0.176893
0.176893
0.244016
0.244016
0.368230
0.368230
0.251489
0.251489
0.364205
0.364205
0.504515
0.504515
0.458821
0.458821
0.172994
0.172994
0.389667
0.389667
0.379101
0.379101
0.266007
0.266007
0.410767
0.410767
0.512517
0.512517
0.282295
0.282295
0.130664
0.130664
0.145414
0.145414
0.490647
0.490647
0.196517
0.196517
0.348711
0.348711
0.516004
0.516004
0.121068
0.121068
0.131117
0.131117
0.226252
0.226252
0.516118
0.516118
0.209918
0.209918
0.323642
0.323642
0.168865
0.168865
0.373815
0.373815
0.146057
0.146057
0.175742
0.175742
0.247824
0.247824
0.329265
0.329265
0.223172
0.223172
0.134868
0.134868
0.422202
0.422202
0.272541
0.272541
0.573174
0.573174
0.185843
0.185843
0.310890
0.310890
0.236796
0.236796
0.355898
0.355898
0.245820
0.245820
0.487270
0.487270
0.254725
0.254725
0.226817
0.226817
0.109456
0.109456
0.045733
0.045733
0.130633
0.130633
0.255521
0.255521
0.196805
0.196805
0.382030
0.382030
0.139163
0.139163
0.194395
0.194395
0.626835
0.626835
0.272073
0.272073
0.210516
0.210516
0.099327
0.099327
0.297210
0.297210
0.339638
0.339638
0.362096
0.362096
0.206550
0.206550
0.145692
0.145692
0.231457
0.231457
0.164117
0.164117
0.250475
0.250475
0.168683
0.168683
0.231433
0.231433
0.311057
0.311057
0.197330
0.197330
0.222989
0.222989
0.199151
0.199151
0.070342
0.070342
0.461013
0.461013
0.277510
0.277510
0.244284
0.244284
0.172031
0.172031
0.278572
0.278572
0.374359
0.374359
0.539228
0.539228
0.167112
0.167112
0.214507
0.214507
0.218771
0.218771
0.183516
0.183516
0.169698
0.169698
0.284715
0.284715
0.135373
0.135373
0.172368
0.172368
0.328579
0.328579
0.287421
0.287421
0.433232
0.433232
0.197661
0.197661
0.123120
0.123120
0.282699
0.282699
0.396775
0.396775
0.277823
0.277823
0.172752
0.172752
0.212619
0.212619
0.700029
0.700029
0.192642
0.192642
0.288240
0.288240
0.475074
0.475074
0.185673
0.185673
0.260065
0.260065
0.351654
0.351654
0.161979
0.161979
0.211053
0.211053
0.294093
0.294093
0.434012
0.434012
0.230991
0.230991
0.679318
0.679318
0.453576
0.453576
0.166367
0.166367
0.319836
0.319836
0.132612
0.132612
0.143926
0.143926
0.630489
0.630489
0.123794
0.123794
0.338046
0.338046
0.283322
0.283322
0.132612
0.132612
0.232193
0.232193
0.157203
0.157203
0.382042
0.382042
0.661983
0.661983
0.212545
0.212545
0.200968
0.200968
0.244383
0.244383
0.197057
0.197057
0.280308
0.280308
0.281668
0.281668
0.195658
0.195658
0.262756
0.262756
0.231540
0.231540
0.212130
0.212130
0.390052
0.390052
0.232825
0.232825
0.280730
0.280730
0.338614
0.338614
0.216350
0.216350
0.508485
0.508485
0.235935
0.235935
0.092734
0.092734
0.398228
0.398228
0.242015
0.242015
0.183338
0.183338
0.207280
0.207280
0.095082
0.095082
0.130522
0.130522
0.278099
0.278099
0.325215
0.325215
0.500660
0.500660
0.284328
0.284328
0.434490
0.434490
0.303638
0.303638
0.182588
0.182588
0.324244
0.324244
0.201304
0.201304
0.534820
0.534820
0.138269
0.138269
0.075534
0.075534
0.154312
0.154312
0.249040
0.249040
0.176476
0.176476
0.421454
0.421454
0.664296
0.664296
0.178161
0.178161
0.180814
0.180814
0.190808
0.190808
0.409637
0.409637
0.174471
0.174471
0.100484
0.100484
0.273005
0.273005
0.216449
0.216449
0.200489
0.200489
0.207776
0.207776
0.116956
0.116956
0.537672
0.537672
0.387107
0.387107
0.146541
0.146541
0.490020
0.490020
0.191205
0.191205
0.132656
0.132656
0.517384
0.517384
0.174715
0.174715
0.331305
0.331305
0.143770
0.143770
0.513897
0.513897
0.169043
0.169043
0.177726
0.177726
0.139789
0.139789
0.109479
0.109479
0.351047
0.351047
0.254854
0.254854
0.457589
0.457589
0.216026
0.216026
0.244135
0.244135
0.799592
0.799592
0.127600
0.127600
0.575001
0.575001
0.184695
0.184695
0.362350
0.362350
0.693421
0.693421
0.263599
0.263599
0.163418
0.163418
0.267881
0.267881
0.229246
0.229246
0.199236
0.199236
0.445566
0.445566
0.308876
0.308876
0.132423
0.132423
0.363491
0.363491
0.385783
0.385783
0.076963
0.076963
0.171015
0.171015
0.481154
0.481154
0.322244
0.322244
0.556490
0.556490
0.274005
0.274005
0.184698
0.184698
0.187209
0.187209
0.254685
0.254685
0.391488
0.391488
0.405888
0.405888
0.203869
0.203869
0.361486
0.361486
0.263855
0.263855
0.153970
0.153970
0.260276
0.260276
0.223417
0.223417
0.310415
0.310415
0.205608
0.205608
0.297303
0.297303
0.095161
0.095161
0.110264
0.110264
0.406523
0.406523
0.333990
0.333990
0.256551
0.256551
0.397859
0.397859
0.168182
0.168182
0.144605
0.144605
0.112184
0.112184
0.387328
0.387328
0.127876
0.127876
0.250642
0.250642
0.305466
0.305466
0.344734
0.344734
0.346098
0.346098
0.406592
0.406592
0.153344
0.153344
0.188809
0.188809
0.345384
0.345384
0.294958
0.294958
0.196553
0.196553
0.241070
0.241070
0.436616
0.436616
0.247988
0.247988
0.204177
0.204177
0.415378
0.415378
0.516427
0.516427
0.105834
0.105834
0.251949
0.251949
0.216615
0.216615
0.089308
0.089308
0.197119
0.197119
0.290576
0.290576
0.134490
0.134490
0.210929
0.210929
0.495576
0.495576
0.237831
0.237831
0.174102
0.174102
0.108505
0.108505
0.299008
0.299008
0.498532
0.498532
0.177475
0.177475
0.461821
0.461821
0.395066
0.395066
0.279783
0.279783
0.422989
0.422989
0.291517
0.291517
0.433749
0.433749
0.208559
0.208559
0.170987
0.170987
0.298899
0.298899
0.137158
0.137158
0.225585
0.225585
0.297240
0.297240
0.296365
0.296365
0.242760
0.242760
0.240765
0.240765
0.253196
0.253196
0.272016
0.272016
0.195928
0.195928
0.155878
0.155878
0.209695
0.209695
0.054346
0.054346
0.229213
0.229213
0.262466
0.262466
0.228056
0.228056
0.630450
0.630450
0.236435
0.236435
0.260804
0.260804
0.575633
0.575633
0.464963
0.464963
0.284166
0.284166
0.204881
0.204881
0.290308
0.290308
0.160729
0.160729
0.132757
0.132757
0.269513
0.269513
0.329152
0.329152
0.175392
0.175392
0.165856
0.165856
0.250204
0.250204
0.288999
0.288999
0.089624
0.089624
0.249762
0.249762
0.226619
0.226619
0.266110
0.266110
0.082468
0.082468
0.456188
0.456188
0.301082
0.301082
0.189178
0.189178
0.433876
0.433876
0.340123
0.340123
0.082234
0.082234
0.083958
0.083958
0.552743
0.552743
0.247908
0.247908
0.172122
0.172122
0.425109
0.425109
0.219918
0.219918
0.360019
0.360019
0.253094
0.253094
0.306484
0.306484
0.255073
0.255073
0.139856
0.139856
0.489121
0.489121
0.631358
0.631358
0.790792
0.790792
0.320236
0.320236
0.153405
0.153405
0.139146
0.139146
0.178180
0.178180
0.187278
0.187278
0.263250
0.263250
0.334927
0.334927
0.184575
0.184575
0.178218
0.178218
0.231463
0.231463
0.087202
0.087202
0.169562
0.169562
0.513686
0.513686
0.192323
0.192323
0.399868
0.399868
0.142138
0.142138
0.380434
0.380434
0.141191
0.141191
0.230758
0.230758
0.309287
0.309287
0.112883
0.112883
0.133065
0.133065
0.308990
0.308990
0.159781
0.159781
0.173549
0.173549
0.200953
0.200953
0.290407
0.290407
0.198551
0.198551
0.216737
0.216737
0.134247
0.134247
0.191100
0.191100
0.362254
0.362254
0.427715
0.427715
0.123682
0.123682
0.384536
0.384536
0.067606
0.067606
0.223608
0.223608
0.282422
0.282422
0.320694
0.320694
0.383270
0.383270
0.089015
0.089015
0.223773
0.223773
0.424373
0.424373
0.625164
0.625164
0.163768
0.163768
0.465017
0.465017
0.248285
0.248285
0.215031
0.215031
0.084227
0.084227
0.469677
0.469677
0.373585
0.373585
0.213419
0.213419
0.229768
0.229768
0.605381
0.605381
0.199300
0.199300
0.200778
0.200778
0.182027
0.182027
0.132125
0.132125
0.366859
0.366859
0.351691
0.351691
0.360884
0.360884
0.163766
0.163766
0.241358
0.241358
0.424643
0.424643
0.178152
0.178152
0.431881
0.431881
0.072564
0.072564
0.198668
0.198668
0.174428
0.174428
0.256506
0.256506
0.224196
0.224196
0.198864
0.198864
0.275309
0.275309
0.287188
0.287188
0.447835
0.447835
0.204560
0.204560
0.258634
0.258634
0.228252
0.228252
0.602670
0.602670
0.013927
0.013927
0.290126
0.290126
0.144461
0.144461
0.292702
0.292702
0.202139
0.202139
0.420630
0.420630
0.143050
0.143050
0.213956
0.213956
0.275825
0.275825
0.318037
0.318037
0.249354
0.249354
0.139117
0.139117
0.894074
0.894074
0.594227
0.594227
0.214456
0.214456
0.536782
0.536782
0.432526
0.432526
0.349717
0.349717
0.222315
0.222315
0.319816
0.319816
0.451865
0.451865
0.396168
0.396168
0.227937
0.227937
0.477973
0.477973
0.124384
0.124384
0.131479
0.131479
0.191711
0.191711
0.190583
0.190583
0.189464
0.189464
0.379707
0.379707
0.198230
0.198230
0.115578
0.115578
0.264017
0.264017
0.311459
0.311459
0.251935
0.251935
0.218149
0.218149
0.311224
0.311224
0.262257
0.262257
0.290558
0.290558
0.311423
0.311423
0.179123
0.179123
0.212749
0.212749
0.366167
0.366167
0.247303
0.247303
0.114946
0.114946
0.209030
0.209030
0.357668
0.357668
0.117109
0.117109
0.241628
0.241628
0.146626
0.146626
0.137763
0.137763
0.380668
0.380668
0.101964
0.101964
0.191429
0.191429
0.301456
0.301456
0.172264
0.172264
0.344074
0.344074
0.175008
0.175008
0.106928
0.106928
0.174443
0.174443
0.409429
0.409429
0.569949
0.569949
0.473204
0.473204
0.413389
0.413389
0.510115
0.510115
0.339213
0.339213
0.365498
0.365498
0.340966
0.340966
0.202207
0.202207
0.172707
0.172707
0.247283
0.247283
0.152309
0.152309
0.302659
0.302659
0.154771
0.154771
0.230586
0.230586
0.257892
0.257892
0.448425
0.448425
0.488901
0.488901
0.292055
0.292055
0.326188
0.326188
0.298880
0.298880
0.261480
0.261480
0.497637
0.497637
0.161468
0.161468
0.303942
0.303942
0.314065
0.314065
0.236718
0.236718
0.107979
0.107979
0.064539
0.064539
0.197022
0.197022
0.284175
0.284175
0.266448
0.266448
0.700419
0.700419
0.127280
0.127280
0.189957
0.189957
0.211490
0.211490
0.173904
0.173904
0.289995
0.289995
0.178069
0.178069
0.752147
0.752147
0.440032
0.440032
0.133787
0.133787
0.559842
0.559842
0.113815
0.113815
0.181758
0.181758
0.300809
0.300809
0.155319
0.155319
0.254442
0.254442
0.201334
0.201334
0.360659
0.360659
0.416897
0.416897
0.130289
0.130289
0.263693
0.263693
0.216885
0.216885
0.140423
0.140423
0.249190
0.249190
0.156476
0.156476
0.642219
0.642219
0.088419
0.088419
0.166061
0.166061
0.110480
0.110480
0.130731
0.130731
0.315279
0.315279
0.273642
0.273642
0.056987
0.056987
0.169040
0.169040
0.311731
0.311731
0.358020
0.358020
0.115339
0.115339
0.274733
0.274733
0.254227
0.254227
0.339930
0.339930
0.428755
0.428755
0.103357
0.103357
0.366422
0.366422
0.243282
0.243282
0.426161
0.426161
0.229048
0.229048
0.140872
0.140872
0.348392
0.348392
0.119814
0.119814
0.253087
0.253087
0.190841
0.190841
0.443053
0.443053
0.356429
0.356429
0.563261
0.563261
0.156323
0.156323
0.208913
0.208913
0.164272
0.164272
0.159621
0.159621
0.183526
0.183526
0.376354
0.376354
0.483496
0.483496
0.394156
0.394156
0.348432
0.348432
0.202911
0.202911
0.239902
0.239902
0.337031
0.337031
0.315307
0.315307
0.805659
0.805659
0.252065
0.252065
0.449251
0.449251
0.372694
0.372694
0.217091
0.217091
0.239927
0.239927
0.174710
0.174710
0.607973
0.607973
0.181936
0.181936
0.351663
0.351663
0.751580
0.751580
0.418415
0.418415
0.116956
0.116956
0.184110
0.184110
0.228849
0.228849
0.248342
0.248342
0.113539
0.113539
0.552523
0.552523
0.398553
0.398553
0.343319
0.343319
0.193938
0.193938
0.173832
0.173832
0.095354
0.095354
0.113361
0.113361
0.230367
0.230367
0.269987
0.269987
0.406515
0.406515
0.550896
0.550896
0.330356
0.330356
0.552789
0.552789
0.327947
0.327947
0.123158
0.123158
0.178416
0.178416
0.198482
0.198482
0.271184
0.271184
0.341271
0.341271
0.458511
0.458511
0.302257
0.302257
0.159358
0.159358
0.344829
0.344829
0.238746
0.238746
0.143487
0.143487
0.300715
0.300715
0.213115
0.213115
0.335846
0.335846
0.199901
0.199901
0.271004
0.271004
0.238992
0.238992
0.118418
0.118418
0.402113
0.402113
0.099529
0.099529
0.052450
0.052450
0.223685
0.223685
0.299780
0.299780
0.212762
0.212762
0.516843
0.516843
0.310725
0.310725
0.192339
0.192339
0.269667
0.269667
0.185873
0.185873
0.216964
0.216964
0.125431
0.125431
0.231666
0.231666
0.473864
0.473864
0.221170
0.221170
0.102865
0.102865
0.114355
0.114355
0.190251
0.190251
0.345800
0.345800
0.259521
0.259521
0.180551
0.180551
0.093479
0.093479
0.213261
0.213261
0.380725
0.380725
0.225747
0.225747
0.286340
0.286340
0.119434
0.119434
0.142691
0.142691
0.425159
0.425159
0.309451
0.309451
0.173961
0.173961
0.155991
0.155991
0.169692
0.169692
0.251415
0.251415
0.246195
0.246195
0.278195
0.278195
0.139017
0.139017
0.636097
0.636097
0.267019
0.267019
0.675659
0.675659
0.128732
0.128732
0.151600
0.151600
0.201404
0.201404
0.449513
0.449513
0.302990
0.302990
0.329505
0.329505
0.151974
0.151974
0.139088
0.139088
0.562945
0.562945
0.241638
0.241638
0.446326
0.446326
0.148101
0.148101
0.264716
0.264716
0.315586
0.315586
0.255994
0.255994
0.332023
0.332023
0.207425
0.207425
0.411692
0.411692
0.108383
0.108383
0.255145
0.255145
0.107584
0.107584
0.165724
0.165724
0.287858
0.287858
0.451799
0.451799
0.356388
0.356388
0.539987
0.539987
0.278593
0.278593
0.541815
0.541815
0.431739
0.431739
0.297884
0.297884
0.087158
0.087158
0.124938
0.124938
0.219054
0.219054
0.216445
0.216445
0.181137
0.181137
0.242375
0.242375
0.117717
0.117717
0.455171
0.455171
0.288640
0.288640
0.157271
0.157271
0.604542
0.604542
0.185298
0.185298
0.382463
0.382463
0.141896
0.141896
0.215920
0.215920
0.139406
0.139406
0.122524
0.122524
0.322250
0.322250
0.287697
0.287697
0.321803
0.321803
0.144212
0.144212
0.212191
0.212191
0.162944
0.162944
0.161836
0.161836
0.320627
0.320627
0.167345
0.167345
0.185564
0.185564
0.283729
0.283729
0.141019
0.141019
0.194749
0.194749
0.311188
0.311188
0.483702
0.483702
0.457887
0.457887
0.564438
0.564438
0.173463
0.173463
0.151837
0.151837
0.217340
0.217340
0.228558
0.228558
0.105324
0.105324
0.205781
0.205781
0.412784
0.412784
0.581662
0.581662
0.205672
0.205672
0.200890
0.200890
0.252225
0.252225
0.134978
0.134978
0.159349
0.159349
0.654882
0.654882
0.237850
0.237850
0.435810
0.435810
0.227723
0.227723
0.131071
0.131071
0.215350
0.215350
0.579354
0.579354
0.162972
0.162972
0.204479
0.204479
0.249721
0.249721
0.207267
0.207267
0.208497
0.208497
0.205485
0.205485
0.267112
0.267112
0.337449
0.337449
0.212946
0.212946
0.184122
0.184122
0.118269
0.118269
0.154804
0.154804
0.315136
0.315136
0.393459
0.393459
0.418701
0.418701
0.342520
0.342520
0.290134
0.290134
0.326889
0.326889
0.120612
0.120612
0.199822
0.199822
0.423890
0.423890
0.275083
0.275083
0.198677
0.198677
0.113149
0.113149
0.284171
0.284171
0.215293
0.215293
0.434723
0.434723
0.160888
0.160888
0.165651
0.165651
0.388370
0.388370
0.349362
0.349362
0.555732
0.555732
0.275067
0.275067
0.127528
0.127528
0.446299
0.446299
0.147942
0.147942
0.286790
0.286790
0.401578
0.401578
0.249803
0.249803
0.658236
0.658236
0.145466
0.145466
0.432091
0.432091
0.287469
0.287469
0.171080
0.171080
0.231094
0.231094
0.231222
0.231222
0.216515
0.216515
0.136513
0.136513
0.282405
0.282405
0.104992
0.104992
0.203886
0.203886
0.209318
0.209318
0.175182
0.175182
0.161943
0.161943
0.478800
0.478800
0.160776
0.160776
0.191756
0.191756
0.244491
0.244491
0.399351
0.399351
0.450607
0.450607
0.305361
0.305361
0.501346
0.501346
0.275828
0.275828
0.322007
0.322007
0.240076
0.240076
0.172824
0.172824
0.092659
0.092659
0.152639
0.152639
0.407694
0.407694
0.256450
0.256450
0.269996
0.269996
0.295677
0.295677
0.144723
0.144723
0.386612
0.386612
0.152358
0.152358
0.144341
0.144341
0.112714
0.112714
0.629626
0.629626
0.373283
0.373283
0.260447
0.260447
0.365094
0.365094
0.411934
0.411934
0.283125
0.283125
0.251743
0.251743
0.312906
0.312906
0.188093
0.188093
0.439088
0.439088
0.211402
0.211402
0.176461
0.176461
0.161879
0.161879
0.700661
0.700661
0.348748
0.348748
0.344133
0.344133
0.391164
0.391164
0.168016
0.168016
0.099653
0.099653
0.505812
0.505812
0.222035
0.222035
0.324521
0.324521
0.151880
0.151880
0.179596
0.179596
0.123482
0.123482
0.124017
0.124017
0.323021
0.323021
0.248679
0.248679
0.540156
0.540156
0.247761
0.247761
0.467508
0.467508
0.300715
0.300715
0.396713
0.396713
0.159757
0.159757
0.221188
0.221188
0.161558
0.161558
0.084708
0.084708
0.126316
0.126316
0.233482
0.233482
0.197284
0.197284
0.349470
0.349470
0.186111
0.186111
0.063215
0.063215
0.145830
0.145830
0.378583
0.378583
0.240196
0.240196
0.704826
0.704826
0.238128
0.238128
0.244397
0.244397
0.433215
0.433215
0.111429
0.111429
0.217333
0.217333
0.343081
0.343081
0.165931
0.165931
0.195796
0.195796
0.150362
0.150362
0.293218
0.293218
0.449190
0.449190
0.187593
0.187593
0.108111
0.108111
0.252316
0.252316
0.628862
0.628862
0.344565
0.344565
0.392903
0.392903
0.408098
0.408098
0.174632
0.174632
0.298946
0.298946
0.334450
0.334450
0.168518
0.168518
0.304791
0.304791
0.203829
0.203829
0.620331
0.620331
0.194422
0.194422
0.244740
0.244740
0.149369
0.149369
0.177184
0.177184
0.127643
0.127643
0.168344
0.168344
0.248248
0.248248
0.378338
0.378338
0.245636
0.245636
0.357948
0.357948
0.382588
0.382588
0.388049
0.388049
0.168016
0.168016
0.180225
0.180225
0.029150
0.029150
0.164803
0.164803
0.577995
0.577995
0.275024
0.275024
0.430018
0.430018
0.088781
0.088781
0.201736
0.201736
0.528650
0.528650
0.221715
0.221715
0.395506
0.395506
0.451020
0.451020
0.174160
0.174160
0.723481
0.723481
0.152251
0.152251
0.294146
0.294146
0.348545
0.348545
0.203395
0.203395
0.130273
0.130273
0.270394
0.270394
0.270714
0.270714
0.298318
0.298318
0.308169
0.308169
0.654315
0.654315
0.311787
0.311787
0.145082
0.145082
0.214319
0.214319
0.213071
0.213071
0.114132
0.114132
0.175021
0.175021
0.148865
0.148865
0.338947
0.338947
0.122366
0.122366
0.596160
0.596160
0.127458
0.127458
0.124991
0.124991
0.424930
0.424930
0.401456
0.401456
0.329059
0.329059
0.282024
0.282024
0.241455
0.241455
0.322128
0.322128
0.053860
0.053860
0.244811
0.244811
0.487156
0.487156
0.196505
0.196505
0.183769
0.183769
0.262490
0.262490
0.261853
0.261853
0.437707
0.437707
0.339105
0.339105
0.109493
0.109493
0.198421
0.198421
0.229536
0.229536
0.262076
0.262076
0.100695
0.100695
0.387078
0.387078
0.377219
0.377219
0.290062
0.290062
0.269557
0.269557
0.406597
0.406597
0.162651
0.162651
0.175378
0.175378
0.271552
0.271552
0.173699
0.173699
0.223307
0.223307
0.072387
0.072387
0.364547
0.364547
0.243568
0.243568
0.584354
0.584354
0.556132
0.556132
0.181605
0.181605
0.095538
0.095538
0.337500
0.337500
0.236472
0.236472
0.194466
0.194466
0.277553
0.277553
0.186585
0.186585
0.346214
0.346214
0.199398
0.199398
0.147307
0.147307
0.189204
0.189204
0.274629
0.274629
0.344167
0.344167
0.215555
0.215555
0.394841
0.394841
0.290633
0.290633
0.406056
0.406056
0.191625
0.191625
0.180149
0.180149
0.187539
0.187539
0.348250
0.348250
0.121890
0.121890
0.671789
0.671789
0.172325
0.172325
0.182013
0.182013
0.230226
0.230226
0.155541
0.155541
0.266810
0.266810
0.168340
0.168340
0.265446
0.265446
0.243239
0.243239
0.262684
0.262684
0.299472
0.299472
0.301013
0.301013
0.455593
0.455593
0.253074
0.253074
0.638040
0.638040
0.461824
0.461824
0.274797
0.274797
0.193457
0.193457
0.166016
0.166016
0.303685
0.303685
0.398167
0.398167
0.180485
0.180485
0.185824
0.185824
0.097140
0.097140
0.349872
0.349872
0.191029
0.191029
0.240891
0.240891
0.136714
0.136714
0.367438
0.367438
0.404960
0.404960
0.367067
0.367067
0.172436
0.172436
0.368495
0.368495
0.264221
0.264221
0.229877
0.229877
0.223619
0.223619
0.248555
0.248555
0.182092
0.182092
0.130301
0.130301
0.478154
0.478154
0.119911
0.119911
0.206698
0.206698
0.161242
0.161242
0.246339
0.246339
0.366095
0.366095
0.664436
0.664436
0.102722
0.102722
0.228896
0.228896
0.349055
0.349055
0.320106
0.320106
0.353078
0.353078
0.210715
0.210715
0.378294
0.378294
0.274355
0.274355
0.141621
0.141621
0.124839
0.124839
0.266702
0.266702
0.105759
0.105759
0.180932
0.180932
0.207123
0.207123
0.077837
0.077837
0.287355
0.287355
0.144047
0.144047
0.175107
0.175107
0.185619
0.185619
0.136748
0.136748
0.219690
0.219690
0.502140
0.502140
0.283225
0.283225
0.315016
0.315016
0.380406
0.380406
0.176870
0.176870
0.324337
0.324337
0.291528
0.291528
0.204508
0.204508
0.214628
0.214628
0.220664
0.220664
0.269096
0.269096
0.094657
0.094657
0.249850
0.249850
0.257701
0.257701
0.506232
0.506232
0.255645
0.255645
0.288974
0.288974
0.169771
0.169771
0.579882
0.579882
0.523488
0.523488
0.159061
0.159061
0.563438
0.563438
0.196940
0.196940
0.213929
0.213929
0.191827
0.191827
0.066069
0.066069
0.286224
0.286224
0.149806
0.149806
0.205867
0.205867
0.219904
0.219904
0.183797
0.183797
0.456137
0.456137
0.364952
0.364952
0.330004
0.330004
0.218057
0.218057
0.379444
0.379444
0.207526
0.207526
0.280198
0.280198
0.302982
0.302982
0.231282
0.231282
0.561957
0.561957
0.676320
0.676320
0.170357
0.170357
0.328329
0.328329
0.585535
0.585535
0.098924
0.098924
0.310888
0.310888
1.071451
1.071451
0.089525
0.089525
0.272540
0.272540
0.126179
0.126179
0.228097
0.228097
0.526271
0.526271
0.320231
0.320231
0.160605
0.160605
0.223779
0.223779
0.328012
0.328012
0.348450
0.348450
0.370571
0.370571
0.168109
0.168109
0.248497
0.248497
0.290695
0.290695
0.286152
0.286152
0.191183
0.191183
0.215789
0.215789
0.213468
0.213468
0.302701
0.302701
0.088401
0.088401
0.135080
0.135080
0.082606
0.082606
0.337104
0.337104
0.314697
0.314697
0.119492
0.119492
0.200578
0.200578
0.369082
0.369082
0.147181
0.147181
0.331895
0.331895
0.218739
0.218739
0.756562
0.756562
0.211441
0.211441
0.189686
0.189686
0.338902
0.338902
0.392675
0.392675
0.183615
0.183615
0.282280
0.282280
0.118748
0.118748
0.335830
0.335830
0.200383
0.200383
0.113799
0.113799
0.046110
0.046110
0.631542
0.631542
0.297458
0.297458
0.154444
0.154444
0.255000
0.255000
0.168736
0.168736
0.187123
0.187123
0.164979
0.164979
0.218846
0.218846
0.162800
0.162800
0.231613
0.231613
0.221159
0.221159
0.267736
0.267736
0.285116
0.285116
0.204870
0.204870
0.614753
0.614753
0.201449
0.201449
0.150381
0.150381
0.536884
0.536884
0.172602
0.172602
0.116179
0.116179
0.330275
0.330275
0.192829
0.192829
0.290332
0.290332
0.193337
0.193337
0.541351
0.541351
0.161802
0.161802
0.261312
0.261312
0.221858
0.221858
0.124243
0.124243
0.242068
0.242068
0.222568
0.222568
0.275983
0.275983
0.277278
0.277278
0.534805
0.534805
0.497879
0.497879
0.514432
0.514432
0.102469
0.102469
0.576975
0.576975
0.107100
0.107100
0.310106
0.310106
0.183390
0.183390
0.288313
0.288313
0.251531
0.251531
0.499630
0.499630
0.350790
0.350790
0.373658
0.373658
0.088825
0.088825
0.111986
0.111986
0.463433
0.463433
0.365630
0.365630
0.118970
0.118970
0.667921
0.667921
0.221667
0.221667
0.624014
0.624014
0.480406
0.480406
0.379039
0.379039
0.238192
0.238192
0.137796
0.137796
0.250642
0.250642
0.312313
0.312313
0.331755
0.331755
0.258234
0.258234
0.303158
0.303158
0.157534
0.157534
0.376690
0.376690
0.124319
0.124319
0.340587
0.340587
0.083662
0.083662
0.324151
0.324151
0.155438
0.155438
0.101285
0.101285
0.456184
0.456184
0.279356
0.279356
0.232687
0.232687
0.254457
0.254457
0.124090
0.124090
0.187171
0.187171
0.373464
0.373464
0.139406
0.139406
0.600928
0.600928
0.141947
0.141947
0.133979
0.133979
0.141642
0.141642
0.213156
0.213156
0.235215
0.235215
0.133370
0.133370
0.248520
0.248520
0.145686
0.145686
0.203502
0.203502
0.194253
0.194253
0.274236
0.274236
0.372193
0.372193
0.259612
0.259612
0.597754
0.597754
0.224939
0.224939
0.298072
0.298072
0.165371
0.165371
0.318625
0.318625
0.153422
0.153422
0.167246
0.167246
0.393077
0.393077
0.166046
0.166046
0.466726
0.466726
0.338682
0.338682
0.390524
0.390524
0.223166
0.223166
0.122051
0.122051
0.290127
0.290127
0.311240
0.311240
0.379638
0.379638
0.171684
0.171684
0.527535
0.527535
0.288739
0.288739
0.151363
0.151363
0.289664
0.289664
0.249618
0.249618
0.247346
0.247346
0.268457
0.268457
0.284510
0.284510
0.196266
0.196266
0.224946
0.224946
0.238607
0.238607
0.189714
0.189714
2.890030
2.890030
0.103291
0.103291
0.180379
0.180379
0.586247
0.586247
0.194602
0.194602
0.145937
0.145937
0.194755
0.194755
0.189404
0.189404
0.132575
0.132575
0.451793
0.451793
0.404526
0.404526
0.186614
0.186614
0.552706
0.552706
0.299588
0.299588
0.189404
0.189404
0.347971
0.347971
0.305732
0.305732
0.107234
0.107234
0.189202
0.189202
0.148966
0.148966
0.162839
0.162839
0.224316
0.224316
0.224534
0.224534
0.141133
0.141133
0.593961
0.593961
0.203317
0.203317
0.171536
0.171536
0.266502
0.266502
0.144097
0.144097
0.467415
0.467415
0.202051
0.202051
0.459454
0.459454
0.182581
0.182581
0.340498
0.340498
0.594068
0.594068
0.123647
0.123647
0.206559
0.206559
0.205776
0.205776
0.125327
0.125327
0.160231
0.160231
0.265400
0.265400
0.086748
0.086748
0.301113
0.301113
0.285126
0.285126
0.185046
0.185046
0.429303
0.429303
0.586977
0.586977
0.337500
0.337500
0.395262
0.395262
0.144895
0.144895
0.606402
0.606402
0.432548
0.432548
0.538577
0.538577
0.199169
0.199169
0.342215
0.342215
0.298897
0.298897
0.143756
0.143756
0.168795
0.168795
0.200545
0.200545
0.900058
0.900058
0.156566
0.156566
0.235656
0.235656
0.212730
0.212730
0.286366
0.286366
0.368898
0.368898
0.120256
0.120256
0.159366
0.159366
0.311929
0.311929
0.246319
0.246319
0.369985
0.369985
0.173047
0.173047
0.174262
0.174262
0.315514
0.315514
0.217193
0.217193
0.396479
0.396479
0.285163
0.285163
0.186406
0.186406
0.688576
0.688576
0.335360
0.335360
0.531057
0.531057
0.270490
0.270490
0.137554
0.137554
0.203877
0.203877
0.315250
0.315250
0.266280
0.266280
0.270504
0.270504
0.096674
0.096674
0.180570
0.180570
0.268059
0.268059
0.171061
0.171061
0.318495
0.318495
0.477640
0.477640
0.322320
0.322320
0.305872
0.305872
0.294016
0.294016
0.289195
0.289195
0.184591
0.184591
0.241781
0.241781
0.351064
0.351064
0.093568
0.093568
0.061939
0.061939
0.394930
0.394930
0.258814
0.258814
0.166198
0.166198
0.292779
0.292779
0.153107
0.153107
0.131319
0.131319
0.445322
0.445322
0.289254
0.289254
0.485606
0.485606
0.301793
0.301793
0.232429
0.232429
0.269931
0.269931
0.310135
0.310135
0.172988
0.172988
0.240911
0.240911
0.201541
0.201541
0.235129
0.235129
0.198449
0.198449
0.108980
0.108980
0.185466
0.185466
0.110669
0.110669
0.132990
0.132990
0.120145
0.120145
0.065558
0.065558
0.562725
0.562725
0.215962
0.215962
0.198585
0.198585
0.158429
0.158429
0.309321
0.309321
0.096835
0.096835
0.549376
0.549376
0.254343
0.254343
0.485377
0.485377
0.225952
0.225952
0.254490
0.254490
0.262214
0.262214
0.177961
0.177961
0.216840
0.216840
0.165480
0.165480
0.144657
0.144657
0.130224
0.130224
0.421696
0.421696
0.318146
0.318146
0.232147
0.232147
0.364929
0.364929
0.510339
0.510339
0.182831
0.182831
0.117636
0.117636
0.267025
0.267025
0.159640
0.159640
0.187791
0.187791
0.125374
0.125374
0.304289
0.304289
0.200887
0.200887
0.159339
0.159339
0.196570
0.196570
0.418924
0.418924
0.422538
0.422538
0.210980
0.210980
0.247761
0.247761
0.190520
0.190520
0.192213
0.192213
0.400414
0.400414
0.591727
0.591727
0.157342
0.157342
0.146918
0.146918
0.465883
0.465883
0.340985
0.340985
0.082537
0.082537
0.359004
0.359004
0.425372
0.425372
0.062207
0.062207
0.148514
0.148514
0.363222
0.363222
0.170858
0.170858
0.284329
0.284329
0.237352
0.237352
0.159495
0.159495
0.139960
0.139960
0.176060
0.176060
0.411306
0.411306
0.332226
0.332226
0.189354
0.189354
0.205036
0.205036
0.216149
0.216149
0.283158
0.283158
0.359690
0.359690
0.256162
0.256162
0.227769
0.227769
0.189940
0.189940
0.462906
0.462906
0.173373
0.173373
0.584089
0.584089
0.293183
0.293183
0.175624
0.175624
0.235610
0.235610
0.103971
0.103971
0.524467
0.524467
0.308323
0.308323
0.981573
0.981573
0.347912
0.347912
0.173317
0.173317
0.153295
0.153295
0.226109
0.226109
0.230821
0.230821
0.203003
0.203003
0.166342
0.166342
0.199928
0.199928
0.272991
0.272991
0.232973
0.232973
0.437268
0.437268
0.245501
0.245501
0.080407
0.080407
0.274518
0.274518
0.301681
0.301681
0.433512
0.433512
0.259351
0.259351
0.175323
0.175323
0.124971
0.124971
0.286945
0.286945
0.210057
0.210057
0.354765
0.354765
0.310905
0.310905
0.160000
0.160000
0.174175
0.174175
0.650454
0.650454
0.503590
0.503590
0.168948
0.168948
0.212631
0.212631
0.259039
0.259039
0.232793
0.232793
0.326416
0.326416
0.277269
0.277269
0.240184
0.240184
0.399780
0.399780
0.271175
0.271175
0.195396
0.195396
0.191338
0.191338
0.903444
0.903444
0.188342
0.188342
0.094776
0.094776
0.252237
0.252237
0.158940
0.158940
0.620755
0.620755
0.191200
0.191200
0.390080
0.390080
0.091968
0.091968
0.038536
0.038536
0.482421
0.482421
0.318562
0.318562
0.357010
0.357010
0.064437
0.064437
0.342909
0.342909
0.210992
0.210992
0.278195
0.278195
0.176439
0.176439
0.548505
0.548505
0.164096
0.164096
0.166794
0.166794
0.210465
0.210465
0.348270
0.348270
0.077149
0.077149
0.180220
0.180220
0.118825
0.118825
0.263735
0.263735
0.249239
0.249239
0.159843
0.159843
0.171353
0.171353
0.283995
0.283995
0.112512
0.112512
0.468422
0.468422
0.201816
0.201816
0.089138
0.089138
0.490689
0.490689
0.630787
0.630787
0.193186
0.193186
0.233487
0.233487
0.540301
0.540301
0.363823
0.363823
0.292937
0.292937
0.383803
0.383803
0.123833
0.123833
0.140354
0.140354
0.364919
0.364919
0.471450
0.471450
0.129266
0.129266
0.746056
0.746056
0.253475
0.253475
0.475961
0.475961
0.210035
0.210035
0.293920
0.293920
0.400806
0.400806
0.392194
0.392194
0.487908
0.487908
0.163442
0.163442
0.180765
0.180765
0.309356
0.309356
0.145007
0.145007
0.216727
0.216727
0.227127
0.227127
0.239950
0.239950
0.239598
0.239598
0.176010
0.176010
0.392606
0.392606
0.332334
0.332334
0.359624
0.359624
0.216406
0.216406
0.200896
0.200896
0.186222
0.186222
0.193838
0.193838
0.332926
0.332926
0.147028
0.147028
0.542138
0.542138
0.514091
0.514091
0.294441
0.294441
0.245680
0.245680
0.351111
0.351111
0.177727
0.177727
0.187094
0.187094
0.156250
0.156250
0.231880
0.231880
0.164111
0.164111
0.252777
0.252777
0.293393
0.293393
0.101174
0.101174
0.287714
0.287714
0.333855
0.333855
0.222937
0.222937
0.306380
0.306380
0.213946
0.213946
0.216451
0.216451
0.279162
0.279162
0.126607
0.126607
0.183570
0.183570
0.837610
0.837610
0.156618
0.156618
0.283501
0.283501
0.502106
0.502106
0.268695
0.268695
0.108591
0.108591
0.294564
0.294564
0.085211
0.085211
0.112713
0.112713
0.584145
0.584145
0.169223
0.169223
0.340824
0.340824
0.234653
0.234653
0.165220
0.165220
0.346839
0.346839
0.134585
0.134585
0.443926
0.443926
0.259772
0.259772
0.435908
0.435908
0.137883
0.137883
0.280060
0.280060
0.206171
0.206171
0.193269
0.193269
0.123463
0.123463
0.221462
0.221462
0.417868
0.417868
0.154941
0.154941
0.214445
0.214445
0.258933
0.258933
0.167466
0.167466
0.130899
0.130899
0.126751
0.126751
0.126676
0.126676
0.537672
0.537672
0.263810
0.263810
0.290525
0.290525
0.224483
0.224483
0.030891
0.030891
0.302621
0.302621
0.118231
0.118231
0.589316
0.589316
0.296335
0.296335
0.269313
0.269313
0.259705
0.259705
0.464272
0.464272
0.243807
0.243807
0.334639
0.334639
0.330844
0.330844
0.227673
0.227673
0.455517
0.455517
0.230453
0.230453
0.090842
0.090842
0.138473
0.138473
0.153117
0.153117
0.287644
0.287644
0.198050
0.198050
0.264522
0.264522
0.287852
0.287852
0.430827
0.430827
0.172918
0.172918
0.352016
0.352016
0.204664
0.204664
0.186544
0.186544
0.216034
0.216034
0.151201
0.151201
0.207900
0.207900
0.371554
0.371554
0.206740
0.206740
0.260126
0.260126
0.223992
0.223992
0.238393
0.238393
0.309318
0.309318
0.223904
0.223904
0.197840
0.197840
0.519352
0.519352
0.273855
0.273855
0.523471
0.523471
0.122674
0.122674
0.158918
0.158918
0.288106
0.288106
0.574065
0.574065
0.471684
0.471684
0.160979
0.160979
0.153954
0.153954
0.285952
0.285952
0.346799
0.346799
0.528536
0.528536
0.278472
0.278472
0.121060
0.121060
0.092249
0.092249
0.127827
0.127827
0.278946
0.278946
0.258870
0.258870
0.248717
0.248717
0.268278
0.268278
0.524738
0.524738
0.327065
0.327065
0.346033
0.346033
0.376192
0.376192
0.375520
0.375520
0.519603
0.519603
0.100939
0.100939
0.175423
0.175423
0.306420
0.306420
0.214606
0.214606
0.106562
0.106562
0.299772
0.299772
0.310912
0.310912
0.236072
0.236072
0.495068
0.495068
0.400046
0.400046
0.223090
0.223090
0.123025
0.123025
0.190360
0.190360
0.236397
0.236397
0.423314
0.423314
0.279613
0.279613
0.160313
0.160313
0.144463
0.144463
0.375566
0.375566
0.304011
0.304011
0.177657
0.177657
0.140836
0.140836
0.277143
0.277143
0.158481
0.158481
0.218859
0.218859
0.186175
0.186175
0.252993
0.252993
0.194503
0.194503
0.475055
0.475055
0.192807
0.192807
0.424019
0.424019
0.425462
0.425462
0.197559
0.197559
0.269437
0.269437
0.125725
0.125725
0.145815
0.145815
0.210884
0.210884
0.115792
0.115792
0.155966
0.155966
0.204248
0.204248
0.085287
0.085287
0.145327
0.145327
0.660490
0.660490
0.411070
0.411070
0.506317
0.506317
0.137451
0.137451
0.063256
0.063256
0.173037
0.173037
0.155692
0.155692
0.219869
0.219869
0.448558
0.448558
0.555953
0.555953
0.223748
0.223748
0.683720
0.683720
0.383789
0.383789
0.505250
0.505250
0.170734
0.170734
0.377318
0.377318
0.228273
0.228273
0.341568
0.341568
0.020879
0.020879
0.221857
0.221857
0.314163
0.314163
0.160590
0.160590
0.171207
0.171207
0.360582
0.360582
0.134121
0.134121
0.363756
0.363756
0.165973
0.165973
0.171885
0.171885
0.600767
0.600767
0.183010
0.183010
0.129998
0.129998
0.509024
0.509024
0.211230
0.211230
0.230039
0.230039
0.231529
0.231529
0.275513
0.275513
0.199999
0.199999
0.164475
0.164475
0.162850
0.162850
0.165025
0.165025
0.404243
0.404243
0.158467
0.158467
0.135607
0.135607
0.153480
0.153480
0.161290
0.161290
0.299724
0.299724
0.606629
0.606629
0.109085
0.109085
0.227287
0.227287
0.141105
0.141105
0.385177
0.385177
0.320233
0.320233
0.345342
0.345342
0.091302
0.091302
0.222417
0.222417
0.070627
0.070627
0.419493
0.419493
0.150872
0.150872
0.244386
0.244386
0.373672
0.373672
0.251109
0.251109
0.287081
0.287081
0.175441
0.175441
0.094611
0.094611
0.152114
0.152114
0.330843
0.330843
0.298971
0.298971
0.314743
0.314743
0.245121
0.245121
0.075932
0.075932
0.222528
0.222528
0.518329
0.518329
0.140110
0.140110
0.525415
0.525415
0.346726
0.346726
0.250517
0.250517
0.128450
0.128450
0.354077
0.354077
0.408387
0.408387
0.149070
0.149070
0.211894
0.211894
0.099913
0.099913
0.348987
0.348987
0.256749
0.256749
0.598709
0.598709
0.719477
0.719477
0.138573
0.138573
0.226820
0.226820
0.164367
0.164367
0.217301
0.217301
0.212734
0.212734
0.300779
0.300779
0.321005
0.321005
0.236497
0.236497
1.006441
1.006441
0.199468
0.199468
0.213575
0.213575
0.440240
0.440240
0.666009
0.666009
0.116310
0.116310
0.260158
0.260158
0.415944
0.415944
0.173294
0.173294
0.316486
0.316486
0.221746
0.221746
0.231362
0.231362
0.246519
0.246519
0.262853
0.262853
0.154593
0.154593
0.189158
0.189158
0.288247
0.288247
0.151437
0.151437
0.306557
0.306557
0.503385
0.503385
0.254908
0.254908
0.205805
0.205805
0.216334
0.216334
0.234502
0.234502
0.127876
0.127876
0.344235
0.344235
0.237484
0.237484
0.232910
0.232910
0.403750
0.403750
0.404339
0.404339
0.295576
0.295576
0.171633
0.171633
0.228680
0.228680
0.348925
0.348925
0.420053
0.420053
0.274373
0.274373
0.349377
0.349377
0.162478
0.162478
0.143952
0.143952
0.112327
0.112327
0.206663
0.206663
0.152972
0.152972
0.437653
0.437653
0.887484
0.887484
0.165583
0.165583
0.287642
0.287642
0.138786
0.138786
0.253788
0.253788
0.004159
0.004159
0.490163
0.490163
0.384365
0.384365
0.173561
0.173561
0.259281
0.259281
0.122428
0.122428
0.326803
0.326803
0.761255
0.761255
0.161698
0.161698
0.196063
0.196063
0.387053
0.387053
0.144794
0.144794
0.256136
0.256136
0.109630
0.109630
0.171684
0.171684
0.228130
0.228130
0.362376
0.362376
0.135020
0.135020
0.289338
0.289338
0.087300
0.087300
0.284900
0.284900
0.211988
0.211988
0.251313
0.251313
0.194535
0.194535
0.207866
0.207866
0.586858
0.586858
0.493372
0.493372
0.605847
0.605847
0.079574
0.079574
0.602760
0.602760
0.165865
0.165865
0.221498
0.221498
0.308132
0.308132
0.282316
0.282316
0.402675
0.402675
0.195470
0.195470
0.328300
0.328300
0.117526
0.117526
0.194274
0.194274
0.149122
0.149122
0.315627
0.315627
0.133315
0.133315
0.073358
0.073358
0.149731
0.149731
0.496964
0.496964
0.120289
0.120289
0.341313
0.341313
0.121760
0.121760
0.130135
0.130135
0.239544
0.239544
0.185070
0.185070
0.145907
0.145907
0.223572
0.223572
0.463866
0.463866
0.167134
0.167134
0.330670
0.330670
0.307470
0.307470
0.304400
0.304400
0.165325
0.165325
0.169685
0.169685
0.202265
0.202265
0.249750
0.249750
0.373961
0.373961
0.306374
0.306374
0.089935
0.089935
0.168554
0.168554
0.119909
0.119909
0.296635
0.296635
0.597811
0.597811
0.323115
0.323115
0.273288
0.273288
0.233784
0.233784
0.133597
0.133597
0.142984
0.142984
0.404752
0.404752
0.423289
0.423289
0.290893
0.290893
0.309741
0.309741
0.173443
0.173443
0.248336
0.248336
0.481895
0.481895
0.670228
0.670228
0.316384
0.316384
0.189115
0.189115
0.213203
0.213203
0.218963
0.218963
0.281538
0.281538
0.472610
0.472610
0.380750
0.380750
0.303047
0.303047
0.111533
0.111533
0.349664
0.349664
0.286665
0.286665
0.279417
0.279417
0.314007
0.314007
0.351931
0.351931
0.130562
0.130562
0.251636
0.251636
0.276663
0.276663
0.202866
0.202866
0.353966
0.353966
0.154306
0.154306
0.148035
0.148035
0.287451
0.287451
0.155299
0.155299
0.241533
0.241533
0.196398
0.196398
0.342905
0.342905
0.287904
0.287904
0.195991
0.195991
0.259478
0.259478
0.568326
0.568326
0.451782
0.451782
0.091939
0.091939
0.138617
0.138617
0.129596
0.129596
0.127283
0.127283
0.328588
0.328588
0.356645
0.356645
0.392928
0.392928
0.404805
0.404805
0.477295
0.477295
0.158287
0.158287
0.191851
0.191851
0.357436
0.357436
0.093184
0.093184
0.253356
0.253356
0.275023
0.275023
0.069613
0.069613
0.316974
0.316974
0.159349
0.159349
0.137402
0.137402
0.193771
0.193771
0.204712
0.204712
0.106775
0.106775
0.538282
0.538282
0.273528
0.273528
0.565623
0.565623
0.288754
0.288754
0.373085
0.373085
0.272183
0.272183
0.139875
0.139875
0.220241
0.220241
0.773267
0.773267
0.631260
0.631260
0.188860
0.188860
0.170848
0.170848
0.560224
0.560224
0.180301
0.180301
0.225132
0.225132
0.200238
0.200238
0.249317
0.249317
0.133696
0.133696
0.117291
0.117291
0.371724
0.371724
0.127675
0.127675
0.199606
0.199606
0.437526
0.437526
0.333153
0.333153
0.233879
0.233879
0.110929
0.110929
0.549244
0.549244
0.205996
0.205996
0.505924
0.505924
0.275650
0.275650
0.166577
0.166577
0.094292
0.094292
0.092331
0.092331
0.419775
0.419775
0.245062
0.245062
0.150551
0.150551
0.234572
0.234572
0.193507
0.193507
0.168262
0.168262
0.546532
0.546532
0.261882
0.261882
0.326387
0.326387
0.215979
0.215979
0.314040
0.314040
0.336747
0.336747
0.586027
0.586027
0.460050
0.460050
0.270855
0.270855
0.482534
0.482534
0.273428
0.273428
0.285100
0.285100
0.201725
0.201725
0.299438
0.299438
0.503607
0.503607
0.117959
0.117959
0.075472
0.075472
0.316339
0.316339
0.199084
0.199084
0.154193
0.154193
0.298026
0.298026
0.228551
0.228551
0.132340
0.132340
0.345068
0.345068
0.287459
0.287459
0.158872
0.158872
0.258928
0.258928
0.109199
0.109199
0.368039
0.368039
0.292129
0.292129
0.613665
0.613665
0.157277
0.157277
0.305663
0.305663
0.385931
0.385931
0.485979
0.485979
0.124019
0.124019
0.507442
0.507442
0.203219
0.203219
0.284801
0.284801
0.232734
0.232734
0.284038
0.284038
0.448861
0.448861
0.240971
0.240971
0.162778
0.162778
0.153618
0.153618
0.470991
0.470991
0.127130
0.127130
0.206526
0.206526
0.270892
0.270892
0.253585
0.253585
0.272200
0.272200
0.279658
0.279658
0.406870
0.406870
0.164357
0.164357
0.361577
0.361577
0.144864
0.144864
0.361534
0.361534
0.108357
0.108357
0.275451
0.275451
0.087546
0.087546
0.162559
0.162559
0.472146
0.472146
0.276132
0.276132
0.346199
0.346199
0.191755
0.191755
0.207489
0.207489
0.261089
0.261089
0.106914
0.106914
0.172975
0.172975
0.218295
0.218295
0.101318
0.101318
0.290470
0.290470
0.260791
0.260791
0.157378
0.157378
0.031152
0.031152
0.339701
0.339701
0.392181
0.392181
0.421758
0.421758
0.530426
0.530426
0.500663
0.500663
0.231608
0.231608
0.299221
0.299221
0.176108
0.176108
0.600096
0.600096
0.240304
0.240304
0.150526
0.150526
0.241752
0.241752
0.477849
0.477849
0.375568
0.375568
0.145045
0.145045
0.461064
0.461064
0.231584
0.231584
0.306680
0.306680
0.367157
0.367157
0.435360
0.435360
0.144722
0.144722
0.259486
0.259486
0.232142
0.232142
0.332153
0.332153
0.374060
0.374060
0.174353
0.174353
0.221920
0.221920
0.145087
0.145087
0.165146
0.165146
0.176903
0.176903
0.134828
0.134828
0.516875
0.516875
0.164046
0.164046
0.122781
0.122781
0.309514
0.309514
0.299507
0.299507
