2.198153
2.198153
2.178278
2.178278
2.200754
2.200754
2.205307
2.205307
2.193326
2.193326
2.171566
2.171566
2.201660
2.201660
2.168528
2.168528
2.209373
2.209373
2.213320
2.213320
2.176703
2.176703
2.205034
2.205034
2.177222
2.177222
2.187868
2.187868
2.204308
2.204308
2.231360
2.231360
2.195614
2.195614
2.198396
2.198396
2.181190
2.181190
2.186960
2.186960
2.229652
2.229652
2.245543
2.245543
2.199437
2.199437
2.174588
2.174588
2.197671
2.197671
2.200308
2.200308
2.191206
2.191206
2.207502
2.207502
2.197727
2.197727
2.217136
2.217136
2.209663
2.209663
2.203699
2.203699
2.200251
2.200251
2.209658
2.209658
2.194163
2.194163
2.205417
2.205417
2.176115
2.176115
2.200430
2.200430
2.224931
2.224931
2.202935
2.202935
2.201277
2.201277
2.195167
2.195167
2.189692
2.189692
2.216613
2.216613
2.198824
2.198824
2.233614
2.233614
2.212701
2.212701
2.208761
2.208761
2.205203
2.205203
2.203586
2.203586
2.213013
2.213013
2.210056
2.210056
2.212210
2.212210
2.226460
2.226460
2.196296
2.196296
2.213150
2.213150
2.200966
2.200966
2.203736
2.203736
2.195804
2.195804
2.233866
2.233866
2.224190
2.224190
2.224356
2.224356
2.214883
2.214883
2.224238
2.224238
2.218704
2.218704
2.215717
2.215717
2.209871
2.209871
2.220703
2.220703
2.218819
2.218819
2.207745
2.207745
2.213887
2.213887
2.210409
2.210409
2.214833
2.214833
2.232888
2.232888
2.239578
2.239578
2.208500
2.208500
2.236914
2.236914
2.220075
2.220075
2.218672
2.218672
2.202680
2.202680
2.193844
2.193844
2.221275
2.221275
2.219749
2.219749
2.210323
2.210323
2.202805
2.202805
2.199170
2.199170
2.207767
2.207767
2.221659
2.221659
2.227371
2.227371
2.203031
2.203031
2.196138
2.196138
2.205975
2.205975
2.186934
2.186934
2.211411
2.211411
2.214628
2.214628
2.215886
2.215886
2.216245
2.216245
2.221095
2.221095
2.199921
2.199921
2.217324
2.217324
2.219516
2.219516
2.224020
2.224020
2.210705
2.210705
2.211075
2.211075
2.203121
2.203121
2.192568
2.192568
2.225446
2.225446
2.214528
2.214528
2.202837
2.202837
2.227141
2.227141
2.225008
2.225008
2.231236
2.231236
2.206280
2.206280
2.201185
2.201185
2.204210
2.204210
2.223183
2.223183
2.223878
2.223878
2.206836
2.206836
2.199500
2.199500
2.206033
2.206033
2.213038
2.213038
2.236525
2.236525
2.210522
2.210522
2.215224
2.215224
2.223475
2.223475
2.215781
2.215781
2.234831
2.234831
2.208349
2.208349
2.226575
2.226575
2.224123
2.224123
2.201585
2.201585
2.239970
2.239970
2.193091
2.193091
2.205053
2.205053
2.216901
2.216901
2.224503
2.224503
2.240104
2.240104
2.202554
2.202554
2.212884
2.212884
2.223120
2.223120
2.250969
2.250969
2.198167
2.198167
2.215748
2.215748
2.241192
2.241192
2.227487
2.227487
2.224543
2.224543
2.219887
2.219887
2.232196
2.232196
2.221352
2.221352
2.212683
2.212683
2.216741
2.216741
2.206620
2.206620
2.227856
2.227856
2.194842
2.194842
2.250072
2.250072
2.222730
2.222730
2.222949
2.222949
2.227729
2.227729
2.204264
2.204264
2.221674
2.221674
2.233150
2.233150
2.217650
2.217650
2.214077
2.214077
2.206378
2.206378
2.243278
2.243278
2.224005
2.224005
2.231907
2.231907
2.175687
2.175687
2.208490
2.208490
2.233134
2.233134
2.228807
2.228807
2.199497
2.199497
2.261781
2.261781
2.198894
2.198894
2.221580
2.221580
2.236022
2.236022
2.250186
2.250186
2.240272
2.240272
2.249859
2.249859
2.225204
2.225204
2.229013
2.229013
2.203670
2.203670
2.206906
2.206906
2.226511
2.226511
2.214743
2.214743
2.235125
2.235125
2.140498
2.140498
2.225444
2.225444
2.225548
2.225548
2.257447
2.257447
2.218788
2.218788
2.224204
2.224204
2.243086
2.243086
2.263054
2.263054
2.257472
2.257472
2.197050
2.197050
2.232354
2.232354
2.233305
2.233305
2.192288
2.192288
2.238168
2.238168
2.240143
2.240143
2.244994
2.244994
2.210065
2.210065
2.180492
2.180492
2.193763
2.193763
2.175297
2.175297
2.170057
2.170057
2.209560
2.209560
2.220092
2.220092
2.193095
2.193095
2.246905
2.246905
2.213787
2.213787
2.222323
2.222323
2.231520
2.231520
2.266972
2.266972
2.182040
2.182040
2.195492
2.195492
2.227446
2.227446
2.201561
2.201561
2.218950
2.218950
2.174546
2.174546
2.226013
2.226013
2.245097
2.245097
2.209118
2.209118
2.262012
2.262012
2.236196
2.236196
2.169162
2.169162
2.206215
2.206215
2.202935
2.202935
2.272261
2.272261
2.272325
2.272325
2.196963
2.196963
2.196709
2.196709
2.207873
2.207873
2.286885
2.286885
2.149329
2.149329
2.215368
2.215368
2.204243
2.204243
2.251780
2.251780
2.175642
2.175642
2.207757
2.207757
2.166809
2.166809
2.178513
2.178513
2.201091
2.201091
2.248895
2.248895
2.186274
2.186274
2.216176
2.216176
2.178604
2.178604
2.165986
2.165986
2.202948
2.202948
2.264543
2.264543
2.184302
2.184302
2.149210
2.149210
2.188161
2.188161
2.153229
2.153229
2.179485
2.179485
2.241305
2.241305
2.159802
2.159802
2.227529
2.227529
2.225403
2.225403
2.143404
2.143404
2.084389
2.084389
2.160622
2.160622
2.126106
2.126106
2.174103
2.174103
2.195408
2.195408
2.153539
2.153539
2.096236
2.096236
2.105321
2.105321
2.200914
2.200914
2.166659
2.166659
2.144677
2.144677
2.171758
2.171758
2.049334
2.049334
2.150755
2.150755
2.151056
2.151056
2.182222
2.182222
2.162095
2.162095
2.155636
2.155636
2.178659
2.178659
2.134314
2.134314
2.194690
2.194690
2.172101
2.172101
2.101812
2.101812
2.202667
2.202667
2.165164
2.165164
2.183524
2.183524
2.198054
2.198054
2.110832
2.110832
2.178777
2.178777
2.160399
2.160399
2.208498
2.208498
2.155869
2.155869
2.098517
2.098517
2.119463
2.119463
2.080147
2.080147
2.150757
2.150757
2.249589
2.249589
2.084609
2.084609
1.998313
1.998313
2.002889
2.002889
2.014532
2.014532
2.190121
2.190121
2.044680
2.044680
2.096881
2.096881
2.103455
2.103455
2.100909
2.100909
2.118858
2.118858
2.022120
2.022120
2.141177
2.141177
2.113158
2.113158
1.978218
1.978218
2.044984
2.044984
2.105842
2.105842
2.130538
2.130538
2.029896
2.029896
2.211354
2.211354
2.094232
2.094232
2.015134
2.015134
2.037149
2.037149
2.176397
2.176397
1.961302
1.961302
2.074874
2.074874
2.154702
2.154702
2.022272
2.022272
2.024767
2.024767
1.972146
1.972146
2.055277
2.055277
2.054227
2.054227
1.943029
1.943029
2.069205
2.069205
1.971216
1.971216
2.008847
2.008847
1.996876
1.996876
1.999458
1.999458
2.146189
2.146189
1.939989
1.939989
2.006583
2.006583
1.992638
1.992638
2.114736
2.114736
1.965556
1.965556
1.976772
1.976772
1.994177
1.994177
2.022962
2.022962
1.944771
1.944771
1.872498
1.872498
1.922512
1.922512
1.939155
1.939155
1.943315
1.943315
1.964052
1.964052
2.190016
2.190016
1.845127
1.845127
1.956889
1.956889
1.951135
1.951135
1.951192
1.951192
1.991583
1.991583
1.889593
1.889593
1.908712
1.908712
1.904128
1.904128
1.838020
1.838020
1.833758
1.833758
1.896929
1.896929
1.735785
1.735785
1.989304
1.989304
2.005075
2.005075
1.995582
1.995582
1.891222
1.891222
1.883455
1.883455
1.770960
1.770960
1.717554
1.717554
1.997801
1.997801
1.748011
1.748011
1.820263
1.820263
1.779585
1.779585
1.943123
1.943123
1.831419
1.831419
1.811823
1.811823
1.667820
1.667820
1.819374
1.819374
1.895577
1.895577
1.891270
1.891270
1.731527
1.731527
1.865522
1.865522
1.823204
1.823204
1.819034
1.819034
1.984678
1.984678
1.811780
1.811780
1.957236
1.957236
1.952552
1.952552
1.944158
1.944158
1.864805
1.864805
1.773453
1.773453
1.667435
1.667435
1.765820
1.765820
1.747352
1.747352
1.695672
1.695672
1.660616
1.660616
1.613205
1.613205
1.749305
1.749305
1.762467
1.762467
1.607708
1.607708
1.800913
1.800913
1.677801
1.677801
1.961696
1.961696
1.707552
1.707552
1.717146
1.717146
1.719095
1.719095
2.026305
2.026305
1.727265
1.727265
1.741314
1.741314
1.734573
1.734573
1.755337
1.755337
1.885288
1.885288
1.790577
1.790577
1.401006
1.401006
1.625037
1.625037
1.822829
1.822829
1.856785
1.856785
1.610549
1.610549
1.679281
1.679281
1.630027
1.630027
1.692178
1.692178
1.726538
1.726538
1.483089
1.483089
1.615232
1.615232
1.774253
1.774253
1.705486
1.705486
1.572464
1.572464
1.499310
1.499310
1.643088
1.643088
1.723632
1.723632
1.512792
1.512792
1.664892
1.664892
1.707392
1.707392
1.685442
1.685442
1.606966
1.606966
1.602428
1.602428
1.547772
1.547772
1.600669
1.600669
1.443612
1.443612
1.489491
1.489491
1.538089
1.538089
1.411379
1.411379
1.614250
1.614250
1.743296
1.743296
1.660659
1.660659
1.836662
1.836662
1.577422
1.577422
1.439088
1.439088
1.551897
1.551897
1.557957
1.557957
1.670475
1.670475
1.524257
1.524257
1.475878
1.475878
1.537362
1.537362
1.507441
1.507441
1.383134
1.383134
1.431510
1.431510
1.482814
1.482814
1.658969
1.658969
1.776676
1.776676
1.399356
1.399356
1.543163
1.543163
1.480482
1.480482
1.545701
1.545701
1.584858
1.584858
1.374768
1.374768
1.164891
1.164891
1.515564
1.515564
1.365446
1.365446
1.521504
1.521504
1.727635
1.727635
1.542107
1.542107
1.550656
1.550656
1.677552
1.677552
1.550850
1.550850
1.382958
1.382958
1.360049
1.360049
1.682588
1.682588
1.271510
1.271510
1.394162
1.394162
1.450758
1.450758
1.362737
1.362737
1.600998
1.600998
1.329898
1.329898
1.653193
1.653193
1.648146
1.648146
1.305342
1.305342
1.489137
1.489137
1.372767
1.372767
1.352151
1.352151
1.543975
1.543975
1.135656
1.135656
1.273272
1.273272
1.627287
1.627287
1.555408
1.555408
1.382268
1.382268
1.169725
1.169725
1.412388
1.412388
1.331414
1.331414
1.409746
1.409746
1.440173
1.440173
1.708445
1.708445
1.197342
1.197342
1.397538
1.397538
1.452589
1.452589
1.452045
1.452045
1.455747
1.455747
1.321083
1.321083
1.543796
1.543796
1.362488
1.362488
1.329076
1.329076
1.269106
1.269106
1.493920
1.493920
1.248295
1.248295
1.343158
1.343158
1.142293
1.142293
1.347287
1.347287
1.310061
1.310061
1.571747
1.571747
1.204018
1.204018
1.308888
1.308888
1.149757
1.149757
1.294705
1.294705
1.261381
1.261381
1.046884
1.046884
1.328397
1.328397
1.622527
1.622527
1.000222
1.000222
1.202250
1.202250
1.074046
1.074046
1.353140
1.353140
1.261140
1.261140
1.094187
1.094187
1.498658
1.498658
1.175615
1.175615
1.192517
1.192517
1.369282
1.369282
1.575984
1.575984
1.213515
1.213515
1.511175
1.511175
1.241624
1.241624
1.209169
1.209169
1.304224
1.304224
1.179326
1.179326
1.271344
1.271344
1.384741
1.384741
1.312363
1.312363
1.475246
1.475246
1.004038
1.004038
1.265291
1.265291
1.271323
1.271323
1.389389
1.389389
1.195548
1.195548
1.203736
1.203736
1.225101
1.225101
1.238399
1.238399
1.025868
1.025868
1.148428
1.148428
1.000089
1.000089
1.231323
1.231323
1.318067
1.318067
1.116442
1.116442
1.396541
1.396541
1.167070
1.167070
1.197589
1.197589
1.110464
1.110464
1.471179
1.471179
1.024894
1.024894
1.144926
1.144926
1.218625
1.218625
1.110995
1.110995
1.126699
1.126699
1.406707
1.406707
1.084121
1.084121
1.438983
1.438983
1.427533
1.427533
1.156797
1.156797
1.145544
1.145544
1.018466
1.018466
1.198144
1.198144
1.285747
1.285747
1.280734
1.280734
1.202120
1.202120
1.318184
1.318184
1.238170
1.238170
1.183765
1.183765
1.271449
1.271449
1.132856
1.132856
1.177805
1.177805
1.142227
1.142227
1.195565
1.195565
1.050965
1.050965
1.201255
1.201255
0.902573
0.902573
1.245264
1.245264
1.183496
1.183496
1.162373
1.162373
0.771414
0.771414
1.168535
1.168535
1.270847
1.270847
0.936284
0.936284
0.824286
0.824286
1.093929
1.093929
1.400451
1.400451
1.171391
1.171391
0.959679
0.959679
1.147081
1.147081
0.952915
0.952915
0.887650
0.887650
1.116207
1.116207
0.978276
0.978276
1.037727
1.037727
1.170136
1.170136
1.230164
1.230164
1.103379
1.103379
1.108744
1.108744
1.055621
1.055621
1.030990
1.030990
1.102363
1.102363
1.014988
1.014988
0.991583
0.991583
1.084827
1.084827
1.099817
1.099817
1.150773
1.150773
1.036253
1.036253
0.996406
0.996406
1.116797
1.116797
1.082259
1.082259
0.917416
0.917416
1.141103
1.141103
1.025235
1.025235
1.075005
1.075005
0.982932
0.982932
1.223467
1.223467
0.913449
0.913449
0.957390
0.957390
1.203658
1.203658
1.384453
1.384453
0.868869
0.868869
1.023327
1.023327
1.226322
1.226322
0.969057
0.969057
1.150983
1.150983
0.886426
0.886426
0.986398
0.986398
1.256822
1.256822
0.990341
0.990341
0.915938
0.915938
1.216501
1.216501
0.769691
0.769691
0.758213
0.758213
0.965885
0.965885
1.000901
1.000901
0.882505
0.882505
1.168605
1.168605
0.802518
0.802518
0.962100
0.962100
1.180575
1.180575
1.025358
1.025358
1.023793
1.023793
0.944240
0.944240
1.022124
1.022124
0.782725
0.782725
1.022542
1.022542
0.835426
0.835426
0.782057
0.782057
0.805118
0.805118
1.033296
1.033296
1.100394
1.100394
0.971251
0.971251
1.363127
1.363127
1.169188
1.169188
0.734841
0.734841
1.177790
1.177790
0.955474
0.955474
1.098279
1.098279
0.873225
0.873225
0.955913
0.955913
1.202771
1.202771
0.783507
0.783507
0.933804
0.933804
0.941840
0.941840
0.780237
0.780237
1.124324
1.124324
0.836560
0.836560
0.970679
0.970679
1.146885
1.146885
1.067530
1.067530
1.016626
1.016626
1.057638
1.057638
1.132811
1.132811
1.095152
1.095152
0.741617
0.741617
1.026759
1.026759
0.972453
0.972453
1.022382
1.022382
0.929931
0.929931
0.848578
0.848578
0.944834
0.944834
0.963395
0.963395
1.020490
1.020490
0.847289
0.847289
1.092531
1.092531
1.082351
1.082351
1.319911
1.319911
0.858665
0.858665
0.881375
0.881375
1.121605
1.121605
1.348621
1.348621
1.077857
1.077857
0.894489
0.894489
0.766330
0.766330
0.915365
0.915365
1.059829
1.059829
1.074840
1.074840
1.101444
1.101444
0.634960
0.634960
1.037452
1.037452
0.928141
0.928141
1.197742
1.197742
1.048116
1.048116
0.890993
0.890993
0.796007
0.796007
1.225445
1.225445
1.024708
1.024708
1.244101
1.244101
0.909288
0.909288
1.225307
1.225307
0.784611
0.784611
1.172137
1.172137
0.799442
0.799442
0.759373
0.759373
0.829869
0.829869
1.008778
1.008778
0.996581
0.996581
1.067321
1.067321
0.737282
0.737282
0.768199
0.768199
0.933842
0.933842
1.026796
1.026796
0.874793
0.874793
0.800026
0.800026
1.247210
1.247210
0.923245
0.923245
1.273188
1.273188
0.727889
0.727889
0.970652
0.970652
1.190406
1.190406
0.842708
0.842708
0.978381
0.978381
0.854845
0.854845
1.350754
1.350754
1.046643
1.046643
0.975948
0.975948
0.688470
0.688470
0.775119
0.775119
1.018298
1.018298
1.066405
1.066405
0.997404
0.997404
0.809171
0.809171
0.878147
0.878147
1.051149
1.051149
0.997865
0.997865
0.664544
0.664544
0.784690
0.784690
0.928125
0.928125
1.017510
1.017510
1.246478
1.246478
0.741251
0.741251
0.996205
0.996205
0.743495
0.743495
0.815016
0.815016
0.607446
0.607446
0.732860
0.732860
1.153018
1.153018
0.890046
0.890046
0.801498
0.801498
1.037683
1.037683
0.937570
0.937570
0.916794
0.916794
0.947401
0.947401
1.050722
1.050722
1.174909
1.174909
0.961079
0.961079
0.955012
0.955012
1.061733
1.061733
0.847267
0.847267
0.797351
0.797351
0.766999
0.766999
0.939593
0.939593
0.866508
0.866508
0.734437
0.734437
0.957910
0.957910
0.855119
0.855119
0.998182
0.998182
0.957024
0.957024
1.048073
1.048073
0.880885
0.880885
1.483247
1.483247
1.197861
1.197861
1.169677
1.169677
1.001573
1.001573
0.915154
0.915154
0.943117
0.943117
1.103239
1.103239
0.974736
0.974736
0.711730
0.711730
0.732384
0.732384
0.943769
0.943769
0.842232
0.842232
0.852862
0.852862
0.850334
0.850334
1.080238
1.080238
0.711258
0.711258
0.824275
0.824275
0.830153
0.830153
0.632823
0.632823
0.828650
0.828650
0.889538
0.889538
0.764209
0.764209
0.971014
0.971014
0.637234
0.637234
0.818704
0.818704
0.778157
0.778157
0.704635
0.704635
1.021218
1.021218
0.791588
0.791588
0.731448
0.731448
1.064426
1.064426
0.929190
0.929190
0.945912
0.945912
0.848951
0.848951
0.831663
0.831663
0.659509
0.659509
0.887683
0.887683
0.894997
0.894997
0.623077
0.623077
1.306576
1.306576
1.028743
1.028743
0.823637
0.823637
0.935045
0.935045
1.036318
1.036318
1.034395
1.034395
0.990268
0.990268
0.792660
0.792660
0.916900
0.916900
1.211597
1.211597
0.802561
0.802561
0.902232
0.902232
0.733762
0.733762
0.788133
0.788133
1.225899
1.225899
1.030833
1.030833
0.924295
0.924295
0.811992
0.811992
0.907470
0.907470
0.796534
0.796534
0.851733
0.851733
0.812716
0.812716
0.626525
0.626525
0.873523
0.873523
0.849016
0.849016
0.686991
0.686991
0.880177
0.880177
0.640079
0.640079
0.715400
0.715400
0.503141
0.503141
1.129933
1.129933
0.827255
0.827255
0.967975
0.967975
0.957499
0.957499
0.776457
0.776457
0.825246
0.825246
1.139426
1.139426
0.637389
0.637389
0.672642
0.672642
0.777757
0.777757
0.816804
0.816804
1.177069
1.177069
0.980389
0.980389
0.750226
0.750226
0.927791
0.927791
0.741791
0.741791
1.016439
1.016439
1.169521
1.169521
0.786226
0.786226
1.003889
1.003889
0.805035
0.805035
0.869176
0.869176
1.086053
1.086053
0.811830
0.811830
0.555420
0.555420
0.707538
0.707538
0.902368
0.902368
0.692227
0.692227
0.688756
0.688756
0.759471
0.759471
1.022200
1.022200
0.757192
0.757192
0.742062
0.742062
0.838710
0.838710
1.031412
1.031412
0.542376
0.542376
0.795571
0.795571
0.885328
0.885328
0.761779
0.761779
0.841004
0.841004
0.787455
0.787455
0.747139
0.747139
0.953883
0.953883
0.696251
0.696251
0.649632
0.649632
0.945939
0.945939
0.885135
0.885135
0.878056
0.878056
0.942303
0.942303
0.701065
0.701065
0.728216
0.728216
0.591252
0.591252
0.610663
0.610663
0.977589
0.977589
0.962099
0.962099
0.511732
0.511732
0.565900
0.565900
1.185306
1.185306
0.694851
0.694851
0.515723
0.515723
0.749797
0.749797
0.874390
0.874390
0.949522
0.949522
0.913746
0.913746
1.021914
1.021914
0.926193
0.926193
0.747602
0.747602
1.055311
1.055311
0.759542
0.759542
0.681561
0.681561
0.975546
0.975546
0.848446
0.848446
0.929813
0.929813
0.752607
0.752607
0.723421
0.723421
0.955599
0.955599
1.011265
1.011265
1.089555
1.089555
0.693306
0.693306
0.923149
0.923149
0.903281
0.903281
0.751294
0.751294
0.859877
0.859877
0.713440
0.713440
1.044371
1.044371
0.649790
0.649790
0.919212
0.919212
0.859687
0.859687
0.656915
0.656915
0.537303
0.537303
0.786865
0.786865
0.796383
0.796383
0.999832
0.999832
0.824274
0.824274
1.255339
1.255339
0.662373
0.662373
0.873352
0.873352
0.818955
0.818955
0.591348
0.591348
0.787230
0.787230
0.903464
0.903464
0.705932
0.705932
0.615988
0.615988
0.682072
0.682072
0.665298
0.665298
0.789871
0.789871
0.679840
0.679840
0.657716
0.657716
0.802627
0.802627
0.650907
0.650907
0.886163
0.886163
0.961568
0.961568
0.511274
0.511274
0.843455
0.843455
0.949751
0.949751
0.861362
0.861362
0.965230
0.965230
0.784000
0.784000
1.024075
1.024075
0.970976
0.970976
0.754446
0.754446
0.682864
0.682864
0.836991
0.836991
0.928226
0.928226
0.930471
0.930471
0.663553
0.663553
0.899306
0.899306
0.823183
0.823183
0.618682
0.618682
1.224069
1.224069
0.931366
0.931366
1.336478
1.336478
0.766356
0.766356
0.786949
0.786949
0.958787
0.958787
0.878617
0.878617
0.847455
0.847455
0.779384
0.779384
0.597784
0.597784
1.024725
1.024725
0.777810
0.777810
1.049588
1.049588
0.767773
0.767773
0.791323
0.791323
0.964467
0.964467
0.693604
0.693604
1.037139
1.037139
0.703558
0.703558
0.799459
0.799459
0.625006
0.625006
0.569374
0.569374
0.777979
0.777979
0.566389
0.566389
0.806639
0.806639
1.108888
1.108888
0.771653
0.771653
0.850170
0.850170
0.772531
0.772531
0.938851
0.938851
0.873421
0.873421
0.808791
0.808791
0.766419
0.766419
0.803977
0.803977
0.774413
0.774413
0.785340
0.785340
1.153447
1.153447
1.106211
1.106211
0.650632
0.650632
0.767078
0.767078
0.909609
0.909609
0.596898
0.596898
0.889273
0.889273
0.604250
0.604250
1.055550
1.055550
0.663876
0.663876
0.799693
0.799693
0.755614
0.755614
0.566265
0.566265
0.786732
0.786732
0.895388
0.895388
0.883707
0.883707
0.598037
0.598037
0.654476
0.654476
0.615488
0.615488
0.697175
0.697175
0.976838
0.976838
0.565734
0.565734
0.829893
0.829893
0.699006
0.699006
0.785909
0.785909
0.774527
0.774527
0.837432
0.837432
1.131329
1.131329
0.730127
0.730127
0.677440
0.677440
0.582821
0.582821
0.874818
0.874818
0.515665
0.515665
0.870848
0.870848
0.615331
0.615331
0.619267
0.619267
0.825999
0.825999
0.885792
0.885792
0.670321
0.670321
0.984818
0.984818
0.691512
0.691512
0.908740
0.908740
0.710903
0.710903
0.605456
0.605456
0.508478
0.508478
0.794798
0.794798
0.936212
0.936212
0.745633
0.745633
0.943062
0.943062
0.856540
0.856540
1.178468
1.178468
0.949688
0.949688
0.495829
0.495829
0.795222
0.795222
0.745059
0.745059
0.816176
0.816176
0.724033
0.724033
0.680624
0.680624
0.709851
0.709851
0.960002
0.960002
0.682222
0.682222
0.860086
0.860086
0.876240
0.876240
0.883967
0.883967
0.623610
0.623610
0.598933
0.598933
0.839991
0.839991
0.819524
0.819524
0.616077
0.616077
0.738235
0.738235
0.520096
0.520096
0.947784
0.947784
0.708698
0.708698
0.755910
0.755910
0.693747
0.693747
0.559330
0.559330
0.587925
0.587925
0.825056
0.825056
0.475612
0.475612
0.432353
0.432353
0.745645
0.745645
0.826330
0.826330
0.664318
0.664318
0.778540
0.778540
0.735469
0.735469
0.668885
0.668885
0.759759
0.759759
0.606779
0.606779
0.827655
0.827655
0.515927
0.515927
0.797674
0.797674
0.460527
0.460527
0.809480
0.809480
0.793742
0.793742
0.737188
0.737188
0.803053
0.803053
0.525810
0.525810
0.657252
0.657252
0.893880
0.893880
0.798252
0.798252
0.624140
0.624140
0.782686
0.782686
0.268615
0.268615
0.675107
0.675107
0.916608
0.916608
0.762716
0.762716
0.675975
0.675975
0.797032
0.797032
0.877551
0.877551
0.703052
0.703052
0.788882
0.788882
0.598910
0.598910
0.932352
0.932352
0.576122
0.576122
0.593751
0.593751
0.864795
0.864795
0.699202
0.699202
0.410005
0.410005
1.011460
1.011460
0.817936
0.817936
0.607111
0.607111
0.758165
0.758165
0.656699
0.656699
0.915474
0.915474
0.525084
0.525084
0.629590
0.629590
0.623184
0.623184
0.697988
0.697988
0.567058
0.567058
0.635518
0.635518
0.793403
0.793403
0.975417
0.975417
1.092054
1.092054
0.960663
0.960663
0.393206
0.393206
0.913159
0.913159
0.892163
0.892163
0.879975
0.879975
0.955418
0.955418
0.769012
0.769012
0.847183
0.847183
0.789908
0.789908
0.726514
0.726514
0.984632
0.984632
1.119669
1.119669
0.620976
0.620976
0.950034
0.950034
0.521831
0.521831
0.895725
0.895725
0.723628
0.723628
0.990227
0.990227
0.674150
0.674150
1.057942
1.057942
0.820783
0.820783
0.541745
0.541745
0.736846
0.736846
0.565560
0.565560
0.813718
0.813718
0.866500
0.866500
0.782593
0.782593
0.599461
0.599461
0.672270
0.672270
0.727600
0.727600
0.893129
0.893129
0.923460
0.923460
0.573594
0.573594
0.768697
0.768697
0.598753
0.598753
0.938138
0.938138
0.795029
0.795029
0.734524
0.734524
0.562644
0.562644
0.523741
0.523741
0.915780
0.915780
0.987764
0.987764
0.688589
0.688589
0.933023
0.933023
0.959852
0.959852
0.669922
0.669922
0.630835
0.630835
0.408976
0.408976
0.914741
0.914741
0.434620
0.434620
0.483455
0.483455
1.000593
1.000593
0.562085
0.562085
0.773651
0.773651
0.641068
0.641068
0.626308
0.626308
0.889619
0.889619
0.559914
0.559914
0.711240
0.711240
0.821362
0.821362
0.787668
0.787668
0.545582
0.545582
0.957564
0.957564
0.670026
0.670026
0.794660
0.794660
0.744888
0.744888
0.687503
0.687503
0.757837
0.757837
0.667423
0.667423
0.873933
0.873933
0.716110
0.716110
0.795758
0.795758
0.597881
0.597881
0.593796
0.593796
0.622813
0.622813
0.522820
0.522820
1.021800
1.021800
0.716521
0.716521
0.465111
0.465111
0.777964
0.777964
0.912550
0.912550
0.686747
0.686747
0.517642
0.517642
0.690693
0.690693
0.665382
0.665382
0.549725
0.549725
0.633502
0.633502
0.772136
0.772136
0.667250
0.667250
0.739569
0.739569
0.860220
0.860220
0.791795
0.791795
0.611612
0.611612
0.622525
0.622525
0.578458
0.578458
0.661688
0.661688
0.760165
0.760165
0.421109
0.421109
1.030879
1.030879
0.631332
0.631332
0.719642
0.719642
0.724027
0.724027
0.711441
0.711441
0.521319
0.521319
0.383228
0.383228
0.694064
0.694064
0.830596
0.830596
0.489451
0.489451
0.831466
0.831466
0.670519
0.670519
0.638902
0.638902
0.757958
0.757958
0.956372
0.956372
0.561331
0.561331
0.683227
0.683227
1.033566
1.033566
0.844060
0.844060
0.791401
0.791401
0.564303
0.564303
0.825050
0.825050
0.625281
0.625281
0.526525
0.526525
0.698774
0.698774
0.831405
0.831405
0.728769
0.728769
0.912335
0.912335
0.686443
0.686443
0.697606
0.697606
0.743043
0.743043
0.914647
0.914647
1.010785
1.010785
0.704233
0.704233
0.713452
0.713452
0.599220
0.599220
0.927568
0.927568
0.700794
0.700794
0.778148
0.778148
0.720702
0.720702
0.568534
0.568534
0.678885
0.678885
0.808501
0.808501
0.687731
0.687731
0.988360
0.988360
0.532980
0.532980
0.813921
0.813921
0.614556
0.614556
0.582386
0.582386
0.634707
0.634707
0.597167
0.597167
0.441399
0.441399
0.619870
0.619870
0.781952
0.781952
0.841136
0.841136
0.650564
0.650564
0.877123
0.877123
0.545301
0.545301
0.474838
0.474838
0.829853
0.829853
1.027109
1.027109
0.853413
0.853413
0.630557
0.630557
0.755445
0.755445
0.802247
0.802247
0.591897
0.591897
0.677962
0.677962
0.607232
0.607232
0.503421
0.503421
0.867386
0.867386
1.150529
1.150529
1.002596
1.002596
0.986612
0.986612
0.418769
0.418769
0.508720
0.508720
0.592534
0.592534
0.854934
0.854934
0.447195
0.447195
0.802685
0.802685
0.741322
0.741322
0.782337
0.782337
0.374427
0.374427
0.778908
0.778908
0.722937
0.722937
0.936316
0.936316
0.721436
0.721436
0.636531
0.636531
0.813916
0.813916
0.880332
0.880332
0.772614
0.772614
0.735407
0.735407
0.833614
0.833614
0.751282
0.751282
0.562652
0.562652
0.753120
0.753120
0.700848
0.700848
0.536039
0.536039
0.931848
0.931848
0.558258
0.558258
0.597981
0.597981
0.715625
0.715625
0.604342
0.604342
0.452570
0.452570
0.834243
0.834243
0.571591
0.571591
0.690573
0.690573
0.463140
0.463140
0.687507
0.687507
0.614267
0.614267
0.671427
0.671427
0.662594
0.662594
0.823990
0.823990
0.699680
0.699680
0.677650
0.677650
0.650277
0.650277
0.528648
0.528648
0.790397
0.790397
0.693393
0.693393
0.623730
0.623730
0.573321
0.573321
0.419166
0.419166
0.570624
0.570624
0.513312
0.513312
0.471689
0.471689
0.815430
0.815430
0.617613
0.617613
0.687102
0.687102
0.518225
0.518225
0.706139
0.706139
0.827419
0.827419
0.691413
0.691413
0.882858
0.882858
0.882992
0.882992
0.777463
0.777463
0.938955
0.938955
0.928559
0.928559
0.651505
0.651505
0.634136
0.634136
0.630382
0.630382
0.327241
0.327241
0.566903
0.566903
0.555443
0.555443
1.075515
1.075515
0.588739
0.588739
0.650225
0.650225
0.714924
0.714924
0.435818
0.435818
1.129263
1.129263
0.939046
0.939046
0.646704
0.646704
0.868721
0.868721
0.531703
0.531703
0.843306
0.843306
0.872272
0.872272
0.605445
0.605445
0.804133
0.804133
0.635349
0.635349
0.746873
0.746873
0.622984
0.622984
0.500624
0.500624
0.549636
0.549636
0.644910
0.644910
0.717951
0.717951
0.532600
0.532600
0.519872
0.519872
0.641739
0.641739
0.650711
0.650711
0.561654
0.561654
0.639879
0.639879
0.556614
0.556614
0.559829
0.559829
0.547808
0.547808
0.705025
0.705025
0.839230
0.839230
0.469634
0.469634
0.792185
0.792185
0.785848
0.785848
0.444114
0.444114
0.487865
0.487865
0.839504
0.839504
0.505147
0.505147
0.720797
0.720797
0.589106
0.589106
0.795786
0.795786
0.441850
0.441850
0.487100
0.487100
0.445213
0.445213
0.685731
0.685731
0.545657
0.545657
0.609509
0.609509
0.643515
0.643515
0.767545
0.767545
0.622962
0.622962
0.506143
0.506143
0.737690
0.737690
0.800666
0.800666
0.948895
0.948895
0.865407
0.865407
0.488065
0.488065
0.802295
0.802295
0.429835
0.429835
0.757413
0.757413
0.541169
0.541169
0.587444
0.587444
0.544548
0.544548
0.576427
0.576427
0.662599
0.662599
0.470178
0.470178
0.640225
0.640225
0.680265
0.680265
0.539835
0.539835
0.874934
0.874934
0.489030
0.489030
0.577059
0.577059
0.886657
0.886657
0.756049
0.756049
0.323520
0.323520
0.432798
0.432798
0.475852
0.475852
0.580764
0.580764
0.509132
0.509132
0.515180
0.515180
0.602376
0.602376
0.811839
0.811839
0.684202
0.684202
0.575815
0.575815
0.744477
0.744477
0.746538
0.746538
0.611274
0.611274
1.039596
1.039596
0.492681
0.492681
0.663837
0.663837
0.740918
0.740918
0.588290
0.588290
0.843972
0.843972
0.673815
0.673815
0.599232
0.599232
0.769784
0.769784
0.598705
0.598705
0.659564
0.659564
0.352049
0.352049
0.952577
0.952577
1.028775
1.028775
0.465782
0.465782
0.628616
0.628616
0.586237
0.586237
0.522320
0.522320
0.828669
0.828669
0.684747
0.684747
0.816501
0.816501
0.682221
0.682221
0.747131
0.747131
0.707726
0.707726
0.733932
0.733932
0.874719
0.874719
0.671155
0.671155
0.481516
0.481516
0.696098
0.696098
0.669094
0.669094
0.897856
0.897856
0.774193
0.774193
0.703130
0.703130
0.617722
0.617722
0.452605
0.452605
0.855614
0.855614
0.718446
0.718446
0.845783
0.845783
1.020221
1.020221
0.724805
0.724805
0.421168
0.421168
0.819384
0.819384
1.003392
1.003392
0.945398
0.945398
0.721749
0.721749
0.717592
0.717592
0.477504
0.477504
0.702949
0.702949
0.600493
0.600493
0.479040
0.479040
0.806398
0.806398
0.651330
0.651330
0.709515
0.709515
0.876604
0.876604
0.353105
0.353105
0.453111
0.453111
0.644203
0.644203
0.495499
0.495499
0.844377
0.844377
0.763813
0.763813
0.694943
0.694943
0.602371
0.602371
0.564605
0.564605
0.828672
0.828672
0.648518
0.648518
0.677976
0.677976
0.737058
0.737058
0.599569
0.599569
0.596162
0.596162
0.700903
0.700903
0.423957
0.423957
0.781197
0.781197
0.850830
0.850830
0.592704
0.592704
0.624870
0.624870
0.669338
0.669338
0.588794
0.588794
0.535285
0.535285
0.786871
0.786871
0.634635
0.634635
0.800993
0.800993
0.444834
0.444834
0.714926
0.714926
0.452187
0.452187
0.908039
0.908039
0.661346
0.661346
0.679287
0.679287
0.823253
0.823253
0.306356
0.306356
0.659047
0.659047
0.668844
0.668844
0.557597
0.557597
0.535464
0.535464
0.557777
0.557777
0.880099
0.880099
1.005810
1.005810
0.705979
0.705979
0.356263
0.356263
0.635701
0.635701
0.415351
0.415351
0.685260
0.685260
0.688033
0.688033
0.778771
0.778771
0.731855
0.731855
0.665067
0.665067
0.703927
0.703927
0.993593
0.993593
0.705817
0.705817
0.738031
0.738031
0.809338
0.809338
0.716706
0.716706
0.554658
0.554658
0.371118
0.371118
0.523349
0.523349
0.518154
0.518154
0.778416
0.778416
0.718497
0.718497
0.606734
0.606734
0.524999
0.524999
0.485358
0.485358
0.523527
0.523527
1.028722
1.028722
0.582653
0.582653
1.072765
1.072765
0.690232
0.690232
0.554217
0.554217
0.561803
0.561803
0.717347
0.717347
0.665902
0.665902
0.606450
0.606450
0.410660
0.410660
1.093180
1.093180
0.531194
0.531194
0.777091
0.777091
0.446162
0.446162
0.487057
0.487057
0.458578
0.458578
0.653645
0.653645
0.794041
0.794041
0.649592
0.649592
0.285223
0.285223
0.541577
0.541577
0.782707
0.782707
0.654505
0.654505
1.253248
1.253248
0.371321
0.371321
0.683014
0.683014
0.536762
0.536762
0.413351
0.413351
0.596988
0.596988
0.708533
0.708533
0.346312
0.346312
0.691143
0.691143
0.769405
0.769405
0.555626
0.555626
0.586408
0.586408
0.498356
0.498356
0.637561
0.637561
0.677230
0.677230
0.733327
0.733327
0.588675
0.588675
1.002771
1.002771
0.920741
0.920741
0.621068
0.621068
0.724922
0.724922
0.820628
0.820628
0.926939
0.926939
0.368691
0.368691
0.343848
0.343848
0.663344
0.663344
0.610917
0.610917
0.478240
0.478240
0.707826
0.707826
0.496531
0.496531
0.580591
0.580591
0.705958
0.705958
0.491147
0.491147
0.428322
0.428322
0.576514
0.576514
0.727575
0.727575
0.511499
0.511499
1.276899
1.276899
0.826141
0.826141
0.506857
0.506857
0.795033
0.795033
0.649782
0.649782
0.468513
0.468513
0.579850
0.579850
0.623920
0.623920
0.647636
0.647636
0.777827
0.777827
0.552299
0.552299
0.604394
0.604394
0.661032
0.661032
0.757440
0.757440
0.759491
0.759491
0.463950
0.463950
0.735163
0.735163
0.581108
0.581108
0.600222
0.600222
0.576301
0.576301
0.475387
0.475387
0.656896
0.656896
0.740908
0.740908
0.684501
0.684501
0.736626
0.736626
0.667606
0.667606
0.456927
0.456927
0.521588
0.521588
0.516731
0.516731
0.593009
0.593009
0.456630
0.456630
0.561565
0.561565
0.547822
0.547822
0.727649
0.727649
0.426322
0.426322
0.343879
0.343879
0.514837
0.514837
0.762790
0.762790
0.430461
0.430461
0.448075
0.448075
0.679248
0.679248
0.532068
0.532068
0.689601
0.689601
0.718780
0.718780
0.626411
0.626411
0.400771
0.400771
0.613875
0.613875
0.717918
0.717918
0.511349
0.511349
0.851655
0.851655
0.698846
0.698846
0.633902
0.633902
0.499565
0.499565
0.858760
0.858760
0.785339
0.785339
0.456249
0.456249
0.635791
0.635791
0.280983
0.280983
0.827471
0.827471
0.713877
0.713877
0.505652
0.505652
0.560111
0.560111
0.513945
0.513945
0.396504
0.396504
0.553820
0.553820
0.691906
0.691906
0.559034
0.559034
0.601069
0.601069
0.925695
0.925695
0.448529
0.448529
0.772317
0.772317
0.764850
0.764850
0.640120
0.640120
0.723916
0.723916
0.547945
0.547945
0.824637
0.824637
0.619076
0.619076
0.916465
0.916465
0.448040
0.448040
0.649642
0.649642
0.776083
0.776083
0.790478
0.790478
0.343957
0.343957
0.602409
0.602409
0.899732
0.899732
0.683139
0.683139
0.620711
0.620711
0.476435
0.476435
0.574219
0.574219
0.532032
0.532032
0.522080
0.522080
0.508812
0.508812
0.468363
0.468363
0.582822
0.582822
0.439478
0.439478
0.919685
0.919685
0.522927
0.522927
0.328132
0.328132
0.936164
0.936164
0.724546
0.724546
0.649266
0.649266
0.326768
0.326768
0.840555
0.840555
0.633876
0.633876
0.706332
0.706332
1.146030
1.146030
0.947379
0.947379
0.712035
0.712035
0.626068
0.626068
0.658692
0.658692
0.744619
0.744619
0.672369
0.672369
0.592877
0.592877
0.262774
0.262774
0.582113
0.582113
0.957847
0.957847
0.605489
0.605489
0.797777
0.797777
0.634694
0.634694
0.893264
0.893264
0.896521
0.896521
0.654256
0.654256
0.519037
0.519037
0.397212
0.397212
0.603307
0.603307
0.675756
0.675756
0.415792
0.415792
0.529254
0.529254
0.541691
0.541691
0.541511
0.541511
0.333266
0.333266
0.568306
0.568306
0.707532
0.707532
0.605240
0.605240
0.985857
0.985857
0.672660
0.672660
0.618600
0.618600
0.761412
0.761412
0.702142
0.702142
0.618229
0.618229
0.673847
0.673847
0.587485
0.587485
0.459333
0.459333
0.475253
0.475253
0.478666
0.478666
0.677226
0.677226
0.678637
0.678637
0.851262
0.851262
0.772946
0.772946
0.967996
0.967996
0.699353
0.699353
0.685677
0.685677
0.585130
0.585130
0.407903
0.407903
0.534498
0.534498
0.706095
0.706095
0.603543
0.603543
0.524062
0.524062
0.789936
0.789936
0.448999
0.448999
0.846158
0.846158
0.676957
0.676957
0.614939
0.614939
0.800857
0.800857
0.508184
0.508184
0.553910
0.553910
0.764372
0.764372
0.398473
0.398473
0.719229
0.719229
0.567526
0.567526
0.490848
0.490848
0.653969
0.653969
0.530795
0.530795
0.671936
0.671936
0.505835
0.505835
0.657157
0.657157
0.983356
0.983356
0.469825
0.469825
0.589616
0.589616
0.645827
0.645827
0.630707
0.630707
0.707790
0.707790
0.465784
0.465784
0.542941
0.542941
0.459909
0.459909
0.487473
0.487473
0.760994
0.760994
0.510672
0.510672
0.982360
0.982360
0.628549
0.628549
0.517690
0.517690
0.675853
0.675853
0.589173
0.589173
0.680599
0.680599
0.516334
0.516334
0.559163
0.559163
0.475577
0.475577
0.624061
0.624061
0.548034
0.548034
0.906104
0.906104
0.584560
0.584560
0.622028
0.622028
0.497140
0.497140
0.818345
0.818345
0.678611
0.678611
0.649953
0.649953
0.539171
0.539171
0.718066
0.718066
0.677266
0.677266
0.335344
0.335344
0.491697
0.491697
0.363653
0.363653
0.463570
0.463570
0.436199
0.436199
0.581131
0.581131
0.591052
0.591052
0.483045
0.483045
0.510339
0.510339
0.972973
0.972973
0.673955
0.673955
0.643091
0.643091
0.768921
0.768921
0.351712
0.351712
0.328078
0.328078
0.978702
0.978702
0.510904
0.510904
0.699456
0.699456
0.656828
0.656828
0.520665
0.520665
0.426521
0.426521
0.495627
0.495627
0.445404
0.445404
0.784139
0.784139
0.495048
0.495048
0.752118
0.752118
0.497064
0.497064
0.674052
0.674052
0.434563
0.434563
0.611672
0.611672
0.701818
0.701818
0.642003
0.642003
0.510992
0.510992
0.676535
0.676535
0.632991
0.632991
0.741247
0.741247
0.253096
0.253096
0.486755
0.486755
0.825026
0.825026
0.767038
0.767038
0.480805
0.480805
0.680521
0.680521
0.822419
0.822419
0.516382
0.516382
0.729399
0.729399
0.502591
0.502591
0.760366
0.760366
0.523741
0.523741
0.344989
0.344989
0.549341
0.549341
0.705905
0.705905
0.757822
0.757822
0.720172
0.720172
0.398286
0.398286
0.411033
0.411033
0.245064
0.245064
0.450038
0.450038
0.585112
0.585112
0.595764
0.595764
0.892347
0.892347
0.585602
0.585602
0.672872
0.672872
0.859310
0.859310
0.471661
0.471661
0.732581
0.732581
0.724347
0.724347
0.355734
0.355734
0.304090
0.304090
0.895948
0.895948
0.758779
0.758779
0.329572
0.329572
0.501471
0.501471
0.514576
0.514576
0.538661
0.538661
0.769549
0.769549
0.828427
0.828427
0.826461
0.826461
0.444916
0.444916
0.457454
0.457454
0.549301
0.549301
0.915977
0.915977
0.315701
0.315701
0.557001
0.557001
0.548487
0.548487
0.596398
0.596398
0.965883
0.965883
0.876498
0.876498
0.439706
0.439706
0.675256
0.675256
0.602776
0.602776
0.462385
0.462385
0.645940
0.645940
0.514531
0.514531
0.480710
0.480710
0.638633
0.638633
0.829929
0.829929
0.573363
0.573363
0.552132
0.552132
0.468197
0.468197
0.514557
0.514557
0.762293
0.762293
0.607549
0.607549
0.429673
0.429673
0.460597
0.460597
0.677743
0.677743
0.674707
0.674707
0.693208
0.693208
0.509869
0.509869
0.346712
0.346712
0.778907
0.778907
0.568253
0.568253
0.296217
0.296217
0.636864
0.636864
0.863616
0.863616
0.515658
0.515658
0.728676
0.728676
0.474003
0.474003
0.948957
0.948957
0.843560
0.843560
0.654229
0.654229
0.567665
0.567665
0.382156
0.382156
0.596192
0.596192
0.647111
0.647111
0.443724
0.443724
0.595769
0.595769
0.803908
0.803908
0.428980
0.428980
0.427032
0.427032
0.956713
0.956713
0.446744
0.446744
0.492067
0.492067
0.675368
0.675368
0.448216
0.448216
0.476542
0.476542
0.646672
0.646672
0.417226
0.417226
0.372683
0.372683
0.951620
0.951620
0.348149
0.348149
0.855658
0.855658
0.814517
0.814517
0.425413
0.425413
0.690195
0.690195
0.662418
0.662418
0.487346
0.487346
0.614996
0.614996
0.612794
0.612794
0.836435
0.836435
0.568499
0.568499
0.373858
0.373858
0.620103
0.620103
0.397251
0.397251
0.696943
0.696943
0.380436
0.380436
0.702601
0.702601
0.618406
0.618406
0.567895
0.567895
0.563932
0.563932
0.492806
0.492806
0.489189
0.489189
0.556226
0.556226
0.533380
0.533380
0.659525
0.659525
0.399138
0.399138
0.510060
0.510060
0.723431
0.723431
0.444735
0.444735
0.771906
0.771906
0.789777
0.789777
0.500297
0.500297
0.698513
0.698513
0.555561
0.555561
0.755134
0.755134
0.384061
0.384061
0.654984
0.654984
0.565688
0.565688
0.799431
0.799431
0.367938
0.367938
0.379216
0.379216
0.568433
0.568433
0.541584
0.541584
0.526856
0.526856
0.518937
0.518937
0.800622
0.800622
0.589328
0.589328
0.491710
0.491710
0.648722
0.648722
0.505770
0.505770
0.487706
0.487706
0.654096
0.654096
0.489258
0.489258
0.908180
0.908180
0.677204
0.677204
0.476129
0.476129
0.682049
0.682049
0.549656
0.549656
0.359485
0.359485
0.424103
0.424103
0.690113
0.690113
0.619097
0.619097
0.618569
0.618569
0.555750
0.555750
0.504079
0.504079
0.430728
0.430728
0.740462
0.740462
0.592887
0.592887
0.470301
0.470301
0.538696
0.538696
0.670814
0.670814
0.623967
0.623967
0.823345
0.823345
0.573155
0.573155
0.546215
0.546215
0.378145
0.378145
0.654720
0.654720
0.729397
0.729397
0.422023
0.422023
0.676724
0.676724
0.620042
0.620042
0.743211
0.743211
0.547251
0.547251
0.528651
0.528651
0.743625
0.743625
0.678607
0.678607
0.996978
0.996978
0.894093
0.894093
0.452801
0.452801
0.500541
0.500541
0.672137
0.672137
0.496371
0.496371
0.536564
0.536564
0.439241
0.439241
0.411378
0.411378
0.635235
0.635235
0.677068
0.677068
0.666484
0.666484
0.570743
0.570743
0.418565
0.418565
0.681326
0.681326
0.904462
0.904462
0.438867
0.438867
0.661500
0.661500
0.580783
0.580783
0.554476
0.554476
0.454676
0.454676
0.481803
0.481803
0.578198
0.578198
0.702027
0.702027
0.479384
0.479384
0.592920
0.592920
0.697440
0.697440
0.531681
0.531681
0.615450
0.615450
0.488948
0.488948
0.497776
0.497776
0.602103
0.602103
0.574446
0.574446
0.826510
0.826510
0.508047
0.508047
0.690079
0.690079
0.501222
0.501222
0.854849
0.854849
0.671693
0.671693
0.536383
0.536383
0.519485
0.519485
0.596729
0.596729
0.437833
0.437833
0.570933
0.570933
0.452409
0.452409
0.441618
0.441618
0.387213
0.387213
0.772681
0.772681
0.552658
0.552658
0.792748
0.792748
0.535643
0.535643
0.412435
0.412435
0.424598
0.424598
0.450705
0.450705
0.691989
0.691989
0.613525
0.613525
0.511093
0.511093
1.042735
1.042735
0.498369
0.498369
0.304375
0.304375
0.686112
0.686112
0.781590
0.781590
0.588694
0.588694
0.680893
0.680893
0.355357
0.355357
0.516741
0.516741
0.816278
0.816278
0.686935
0.686935
0.715667
0.715667
0.484249
0.484249
0.679011
0.679011
0.268946
0.268946
0.415518
0.415518
0.582601
0.582601
0.726963
0.726963
0.528241
0.528241
0.618340
0.618340
0.767907
0.767907
0.328260
0.328260
0.728043
0.728043
0.202481
0.202481
0.829333
0.829333
0.336603
0.336603
0.418654
0.418654
0.651075
0.651075
0.595335
0.595335
0.563769
0.563769
0.497755
0.497755
0.457273
0.457273
0.990433
0.990433
0.608433
0.608433
0.518572
0.518572
0.415921
0.415921
0.612382
0.612382
0.539450
0.539450
0.297582
0.297582
0.787265
0.787265
0.566172
0.566172
0.426762
0.426762
0.594158
0.594158
0.536642
0.536642
0.626395
0.626395
0.723726
0.723726
0.239921
0.239921
0.442126
0.442126
0.428949
0.428949
0.669319
0.669319
0.383611
0.383611
0.446999
0.446999
0.463882
0.463882
0.406747
0.406747
0.708438
0.708438
0.446875
0.446875
0.481456
0.481456
0.719197
0.719197
0.454169
0.454169
0.610225
0.610225
0.783957
0.783957
0.582049
0.582049
0.887805
0.887805
0.575683
0.575683
1.056659
1.056659
0.589306
0.589306
0.424063
0.424063
0.628129
0.628129
0.285988
0.285988
0.360772
0.360772
0.596656
0.596656
0.680668
0.680668
0.587132
0.587132
0.608236
0.608236
0.465437
0.465437
0.569955
0.569955
0.534965
0.534965
0.517060
0.517060
0.583532
0.583532
0.385909
0.385909
0.602541
0.602541
0.339682
0.339682
0.626044
0.626044
0.471729
0.471729
0.799782
0.799782
0.582853
0.582853
0.373692
0.373692
0.579070
0.579070
0.708326
0.708326
0.673273
0.673273
0.485915
0.485915
0.606730
0.606730
0.658321
0.658321
0.317584
0.317584
0.719180
0.719180
0.672444
0.672444
0.421312
0.421312
0.395241
0.395241
0.531658
0.531658
0.566636
0.566636
0.554708
0.554708
0.642331
0.642331
0.536962
0.536962
0.523838
0.523838
0.445553
0.445553
0.269503
0.269503
0.972572
0.972572
0.739827
0.739827
0.545503
0.545503
0.726465
0.726465
0.644960
0.644960
0.479161
0.479161
0.540590
0.540590
0.433432
0.433432
0.758737
0.758737
0.767046
0.767046
0.949581
0.949581
0.519498
0.519498
0.491146
0.491146
0.586964
0.586964
0.574376
0.574376
0.532360
0.532360
0.674040
0.674040
0.895676
0.895676
0.585427
0.585427
0.354573
0.354573
0.723657
0.723657
0.609219
0.609219
0.516756
0.516756
0.333308
0.333308
0.569571
0.569571
0.634474
0.634474
0.444490
0.444490
0.465052
0.465052
0.798431
0.798431
0.626216
0.626216
0.698284
0.698284
0.418272
0.418272
0.421348
0.421348
0.380278
0.380278
0.396459
0.396459
0.419621
0.419621
0.441546
0.441546
0.840218
0.840218
0.633362
0.633362
0.463712
0.463712
0.356090
0.356090
0.573483
0.573483
0.606395
0.606395
0.418399
0.418399
0.644313
0.644313
0.348410
0.348410
0.664708
0.664708
0.246732
0.246732
0.661070
0.661070
0.337152
0.337152
0.586204
0.586204
0.554182
0.554182
0.658684
0.658684
0.614729
0.614729
0.392524
0.392524
0.485018
0.485018
0.437521
0.437521
0.596673
0.596673
0.442654
0.442654
0.671692
0.671692
0.710483
0.710483
0.500363
0.500363
0.590839
0.590839
0.723984
0.723984
0.718877
0.718877
0.525865
0.525865
0.773682
0.773682
0.355819
0.355819
0.331936
0.331936
0.544540
0.544540
0.535206
0.535206
0.646747
0.646747
0.649429
0.649429
0.372370
0.372370
0.717687
0.717687
0.752459
0.752459
0.636489
0.636489
0.873940
0.873940
0.633361
0.633361
0.495627
0.495627
0.475908
0.475908
0.787312
0.787312
0.489157
0.489157
0.832762
0.832762
0.653918
0.653918
0.505647
0.505647
0.525829
0.525829
0.490777
0.490777
0.644886
0.644886
0.190918
0.190918
0.585263
0.585263
0.424957
0.424957
0.559599
0.559599
0.886297
0.886297
0.454446
0.454446
0.631793
0.631793
0.944103
0.944103
0.522193
0.522193
0.478989
0.478989
0.421452
0.421452
0.560956
0.560956
0.292793
0.292793
0.703817
0.703817
0.552057
0.552057
0.378721
0.378721
0.674266
0.674266
0.563579
0.563579
0.599815
0.599815
0.653165
0.653165
0.330559
0.330559
0.556148
0.556148
0.470045
0.470045
0.228784
0.228784
0.537257
0.537257
0.564700
0.564700
0.612543
0.612543
0.581369
0.581369
0.241384
0.241384
0.470323
0.470323
0.548809
0.548809
0.493034
0.493034
0.732706
0.732706
0.623005
0.623005
0.333254
0.333254
0.994621
0.994621
0.627010
0.627010
0.543502
0.543502
0.587152
0.587152
0.398684
0.398684
0.552100
0.552100
0.607195
0.607195
0.305702
0.305702
0.223895
0.223895
0.459480
0.459480
0.536175
0.536175
0.428684
0.428684
0.454401
0.454401
0.509684
0.509684
0.642992
0.642992
0.393745
0.393745
0.520061
0.520061
0.596399
0.596399
0.503814
0.503814
0.492939
0.492939
0.345740
0.345740
0.456600
0.456600
0.675466
0.675466
0.337488
0.337488
0.626744
0.626744
0.524994
0.524994
0.435912
0.435912
0.594913
0.594913
0.766229
0.766229
0.511885
0.511885
0.421322
0.421322
0.566308
0.566308
0.895903
0.895903
0.409309
0.409309
0.567835
0.567835
0.585865
0.585865
0.368473
0.368473
0.382213
0.382213
0.502366
0.502366
0.780372
0.780372
0.550065
0.550065
0.374383
0.374383
0.838367
0.838367
0.439673
0.439673
0.679503
0.679503
0.603425
0.603425
0.684890
0.684890
0.588490
0.588490
0.681617
0.681617
0.493434
0.493434
0.702462
0.702462
0.735087
0.735087
0.568124
0.568124
0.572895
0.572895
0.721746
0.721746
0.547691
0.547691
0.542623
0.542623
0.442865
0.442865
0.649072
0.649072
0.978025
0.978025
0.270889
0.270889
0.773040
0.773040
0.608613
0.608613
0.334832
0.334832
1.101906
1.101906
0.594359
0.594359
0.444543
0.444543
0.666434
0.666434
0.626734
0.626734
0.460218
0.460218
0.449512
0.449512
0.250687
0.250687
0.654199
0.654199
0.781243
0.781243
0.643521
0.643521
0.419021
0.419021
0.469957
0.469957
0.465654
0.465654
0.407805
0.407805
0.486935
0.486935
0.461430
0.461430
0.425705
0.425705
0.454684
0.454684
0.554636
0.554636
0.634296
0.634296
0.694181
0.694181
0.496812
0.496812
0.540958
0.540958
0.525162
0.525162
0.381746
0.381746
0.599221
0.599221
0.655558
0.655558
0.481002
0.481002
0.574006
0.574006
0.476337
0.476337
0.259499
0.259499
0.452905
0.452905
0.292577
0.292577
0.742682
0.742682
0.566690
0.566690
0.407560
0.407560
0.496336
0.496336
0.375477
0.375477
0.393395
0.393395
0.357310
0.357310
0.661008
0.661008
0.646070
0.646070
0.490013
0.490013
0.454543
0.454543
0.555032
0.555032
0.762950
0.762950
0.735380
0.735380
0.467909
0.467909
0.406202
0.406202
0.348670
0.348670
0.654095
0.654095
0.923582
0.923582
0.398288
0.398288
0.513896
0.513896
0.581306
0.581306
0.561798
0.561798
0.558955
0.558955
0.609807
0.609807
0.344292
0.344292
0.602096
0.602096
0.714534
0.714534
0.763766
0.763766
0.735177
0.735177
0.637903
0.637903
0.523517
0.523517
0.594906
0.594906
0.369724
0.369724
0.661363
0.661363
0.621510
0.621510
0.391891
0.391891
0.824794
0.824794
0.630745
0.630745
0.481464
0.481464
0.345654
0.345654
0.513039
0.513039
0.472449
0.472449
0.522768
0.522768
1.122361
1.122361
0.463969
0.463969
0.484376
0.484376
0.760737
0.760737
0.714382
0.714382
0.564163
0.564163
0.323565
0.323565
0.466151
0.466151
0.540463
0.540463
0.500316
0.500316
0.462924
0.462924
0.339326
0.339326
0.598446
0.598446
0.463462
0.463462
0.304549
0.304549
0.462711
0.462711
0.568182
0.568182
0.642342
0.642342
0.504990
0.504990
0.567673
0.567673
0.430375
0.430375
0.563350
0.563350
0.363738
0.363738
0.632619
0.632619
0.397219
0.397219
0.534133
0.534133
0.666938
0.666938
0.650590
0.650590
0.472764
0.472764
0.315974
0.315974
0.559864
0.559864
0.602624
0.602624
0.439038
0.439038
0.372641
0.372641
0.501290
0.501290
0.514410
0.514410
0.124748
0.124748
0.639382
0.639382
0.703636
0.703636
0.694111
0.694111
0.467755
0.467755
0.563629
0.563629
0.417022
0.417022
0.298422
0.298422
0.511720
0.511720
0.963555
0.963555
0.622533
0.622533
0.555040
0.555040
0.579630
0.579630
0.366147
0.366147
0.475740
0.475740
0.559714
0.559714
0.552561
0.552561
0.645927
0.645927
0.728783
0.728783
0.548070
0.548070
0.495399
0.495399
0.720020
0.720020
0.519855
0.519855
0.491891
0.491891
0.594390
0.594390
0.646382
0.646382
0.478681
0.478681
0.399818
0.399818
0.517557
0.517557
0.699793
0.699793
0.704263
0.704263
0.513886
0.513886
0.390085
0.390085
0.551978
0.551978
0.628918
0.628918
0.371069
0.371069
0.414353
0.414353
0.790580
0.790580
0.518204
0.518204
0.563713
0.563713
0.411718
0.411718
0.427011
0.427011
0.524795
0.524795
0.492646
0.492646
0.627616
0.627616
0.458255
0.458255
0.565842
0.565842
0.590759
0.590759
0.645862
0.645862
0.446883
0.446883
0.427089
0.427089
0.241394
0.241394
0.980112
0.980112
0.585254
0.585254
0.510170
0.510170
0.319931
0.319931
0.309974
0.309974
0.917325
0.917325
0.678870
0.678870
0.894904
0.894904
0.517717
0.517717
0.510705
0.510705
0.570823
0.570823
0.667477
0.667477
0.592491
0.592491
0.530215
0.530215
0.390768
0.390768
0.906217
0.906217
0.386246
0.386246
0.392923
0.392923
0.570335
0.570335
0.308537
0.308537
0.471775
0.471775
0.448309
0.448309
0.497648
0.497648
0.749204
0.749204
0.251132
0.251132
0.367573
0.367573
0.498108
0.498108
0.556131
0.556131
0.539609
0.539609
0.444025
0.444025
0.305442
0.305442
0.717706
0.717706
0.509742
0.509742
0.726195
0.726195
0.727054
0.727054
0.399935
0.399935
0.406082
0.406082
0.441139
0.441139
0.712869
0.712869
0.452678
0.452678
0.376781
0.376781
0.613178
0.613178
0.485862
0.485862
0.733798
0.733798
0.505629
0.505629
0.545886
0.545886
0.379639
0.379639
0.596519
0.596519
0.568891
0.568891
0.674176
0.674176
0.711328
0.711328
0.445936
0.445936
0.769268
0.769268
0.697161
0.697161
0.496952
0.496952
0.469551
0.469551
0.754555
0.754555
0.563902
0.563902
0.595508
0.595508
0.428542
0.428542
0.406626
0.406626
0.819758
0.819758
0.423273
0.423273
0.350749
0.350749
0.710366
0.710366
0.586297
0.586297
0.514181
0.514181
0.277163
0.277163
0.548393
0.548393
0.469438
0.469438
0.575423
0.575423
0.545377
0.545377
0.474180
0.474180
0.856773
0.856773
0.507149
0.507149
0.527600
0.527600
0.546496
0.546496
0.555448
0.555448
0.450108
0.450108
0.399115
0.399115
0.391099
0.391099
0.337004
0.337004
0.448461
0.448461
0.345010
0.345010
0.772465
0.772465
0.392194
0.392194
0.613977
0.613977
0.200551
0.200551
0.648210
0.648210
0.357520
0.357520
0.576419
0.576419
0.271029
0.271029
0.522408
0.522408
0.437255
0.437255
0.475507
0.475507
0.705811
0.705811
0.703218
0.703218
0.447658
0.447658
0.520763
0.520763
0.558297
0.558297
0.671749
0.671749
0.644061
0.644061
0.467479
0.467479
0.326820
0.326820
0.560589
0.560589
0.651070
0.651070
0.307746
0.307746
0.485262
0.485262
0.349876
0.349876
0.576990
0.576990
0.438105
0.438105
0.488527
0.488527
0.426499
0.426499
0.645332
0.645332
0.609619
0.609619
0.488943
0.488943
0.529301
0.529301
0.458491
0.458491
0.882148
0.882148
0.750515
0.750515
0.367737
0.367737
0.833112
0.833112
0.731746
0.731746
0.583031
0.583031
0.613528
0.613528
0.374691
0.374691
0.347716
0.347716
0.816242
0.816242
0.692603
0.692603
0.544848
0.544848
0.345432
0.345432
0.698722
0.698722
0.328376
0.328376
0.496289
0.496289
0.392682
0.392682
0.478723
0.478723
0.314180
0.314180
0.510585
0.510585
0.439585
0.439585
0.372725
0.372725
0.533570
0.533570
0.593385
0.593385
0.424126
0.424126
0.595013
0.595013
0.515663
0.515663
0.630546
0.630546
0.548483
0.548483
0.761647
0.761647
0.247118
0.247118
0.512756
0.512756
0.552399
0.552399
0.351905
0.351905
0.539451
0.539451
0.479815
0.479815
0.567031
0.567031
0.264302
0.264302
0.413968
0.413968
0.438982
0.438982
0.508394
0.508394
0.419609
0.419609
0.852296
0.852296
0.204710
0.204710
0.638731
0.638731
0.420848
0.420848
0.496396
0.496396
0.518965
0.518965
0.535552
0.535552
0.393094
0.393094
0.929819
0.929819
0.576634
0.576634
0.538615
0.538615
0.292650
0.292650
0.529370
0.529370
0.799392
0.799392
0.603657
0.603657
0.432088
0.432088
0.500670
0.500670
0.653735
0.653735
0.456696
0.456696
0.510083
0.510083
0.582883
0.582883
0.193425
0.193425
0.287779
0.287779
0.685900
0.685900
0.340568
0.340568
0.419701
0.419701
0.615889
0.615889
0.488149
0.488149
0.699325
0.699325
0.780986
0.780986
0.630720
0.630720
0.522431
0.522431
0.439693
0.439693
0.333993
0.333993
0.619208
0.619208
0.599925
0.599925
0.277876
0.277876
0.663850
0.663850
0.441792
0.441792
0.726009
0.726009
0.426403
0.426403
0.366453
0.366453
0.466663
0.466663
0.203678
0.203678
0.458743
0.458743
0.893751
0.893751
0.362239
0.362239
0.549430
0.549430
0.402299
0.402299
0.460129
0.460129
0.375558
0.375558
0.568863
0.568863
0.419228
0.419228
0.663002
0.663002
0.588180
0.588180
0.491418
0.491418
0.333055
0.333055
0.656106
0.656106
0.390853
0.390853
0.862581
0.862581
0.715562
0.715562
0.527062
0.527062
0.588014
0.588014
0.663893
0.663893
0.728035
0.728035
0.702014
0.702014
0.144318
0.144318
0.368154
0.368154
0.434234
0.434234
0.473270
0.473270
0.303761
0.303761
0.391601
0.391601
0.345994
0.345994
0.362108
0.362108
0.492200
0.492200
0.510902
0.510902
0.481108
0.481108
0.532900
0.532900
0.575442
0.575442
0.413042
0.413042
0.588635
0.588635
0.424340
0.424340
0.492692
0.492692
0.539193
0.539193
0.967201
0.967201
0.370405
0.370405
0.196128
0.196128
0.555571
0.555571
0.326444
0.326444
0.631453
0.631453
0.498083
0.498083
0.633992
0.633992
0.386143
0.386143
0.335543
0.335543
0.393492
0.393492
0.416579
0.416579
0.652912
0.652912
0.613760
0.613760
0.621584
0.621584
0.389994
0.389994
0.271829
0.271829
0.464208
0.464208
0.544998
0.544998
0.331449
0.331449
0.266293
0.266293
0.466966
0.466966
0.406327
0.406327
0.414957
0.414957
0.742981
0.742981
0.263230
0.263230
0.376244
0.376244
0.420014
0.420014
0.501627
0.501627
0.479704
0.479704
0.326545
0.326545
0.383252
0.383252
0.454424
0.454424
0.358141
0.358141
0.289362
0.289362
0.718678
0.718678
0.712195
0.712195
0.339179
0.339179
0.718741
0.718741
0.508988
0.508988
0.488883
0.488883
0.457652
0.457652
0.653156
0.653156
0.473083
0.473083
0.727445
0.727445
0.528806
0.528806
0.668225
0.668225
0.435233
0.435233
0.843960
0.843960
0.623274
0.623274
0.927034
0.927034
0.519143
0.519143
0.564924
0.564924
0.738846
0.738846
0.449630
0.449630
0.634608
0.634608
0.505680
0.505680
0.402036
0.402036
0.387108
0.387108
0.436870
0.436870
0.259700
0.259700
0.670763
0.670763
0.576487
0.576487
0.393976
0.393976
0.377929
0.377929
0.368653
0.368653
0.473494
0.473494
0.448788
0.448788
0.616016
0.616016
0.575170
0.575170
0.592463
0.592463
0.443531
0.443531
0.291159
0.291159
0.544733
0.544733
0.299094
0.299094
0.729030
0.729030
0.500489
0.500489
0.475601
0.475601
0.514580
0.514580
0.380342
0.380342
0.538797
0.538797
0.591359
0.591359
0.496233
0.496233
0.679915
0.679915
0.484276
0.484276
0.494744
0.494744
0.487460
0.487460
0.532263
0.532263
0.540099
0.540099
0.687129
0.687129
0.534626
0.534626
0.523394
0.523394
0.315988
0.315988
0.538192
0.538192
0.714568
0.714568
0.650950
0.650950
0.507580
0.507580
0.642030
0.642030
0.559601
0.559601
0.249309
0.249309
0.603998
0.603998
0.328957
0.328957
0.637780
0.637780
0.418221
0.418221
0.249747
0.249747
0.623760
0.623760
0.231276
0.231276
0.701087
0.701087
0.651788
0.651788
0.406652
0.406652
0.763894
0.763894
0.615184
0.615184
0.491318
0.491318
0.416012
0.416012
0.330991
0.330991
0.461835
0.461835
0.724944
0.724944
0.470292
0.470292
0.534567
0.534567
0.655996
0.655996
0.523543
0.523543
0.563392
0.563392
0.534022
0.534022
0.520867
0.520867
0.380382
0.380382
0.469557
0.469557
0.370885
0.370885
0.467426
0.467426
0.323343
0.323343
0.388300
0.388300
0.414177
0.414177
0.539024
0.539024
0.406845
0.406845
0.690847
0.690847
0.342584
0.342584
0.335842
0.335842
0.619123
0.619123
0.629573
0.629573
0.715463
0.715463
0.681906
0.681906
0.558967
0.558967
0.900986
0.900986
0.349585
0.349585
0.247857
0.247857
0.477388
0.477388
0.272769
0.272769
0.610652
0.610652
0.599432
0.599432
0.530732
0.530732
0.578930
0.578930
0.405530
0.405530
0.499166
0.499166
1.076186
1.076186
0.571116
0.571116
0.571804
0.571804
0.588768
0.588768
0.363235
0.363235
0.311952
0.311952
0.676719
0.676719
0.340303
0.340303
0.641129
0.641129
0.454269
0.454269
0.433224
0.433224
0.468706
0.468706
0.861916
0.861916
0.759873
0.759873
0.273148
0.273148
0.273209
0.273209
0.394459
0.394459
0.332936
0.332936
0.590600
0.590600
0.735616
0.735616
0.171927
0.171927
0.417314
0.417314
0.607280
0.607280
0.614641
0.614641
0.397203
0.397203
0.428789
0.428789
0.696087
0.696087
0.433335
0.433335
0.496706
0.496706
0.439322
0.439322
0.265367
0.265367
0.408295
0.408295
0.303281
0.303281
0.456453
0.456453
0.621731
0.621731
0.245308
0.245308
0.466685
0.466685
0.300845
0.300845
0.601185
0.601185
0.420889
0.420889
0.464170
0.464170
0.400867
0.400867
0.349459
0.349459
0.569564
0.569564
0.818371
0.818371
0.522621
0.522621
0.388745
0.388745
0.482729
0.482729
0.605640
0.605640
0.456839
0.456839
0.459742
0.459742
0.579760
0.579760
0.695045
0.695045
0.485987
0.485987
0.407392
0.407392
0.367327
0.367327
0.664283
0.664283
0.690021
0.690021
0.529186
0.529186
0.514767
0.514767
0.801593
0.801593
0.838886
0.838886
0.467528
0.467528
0.562168
0.562168
0.522274
0.522274
0.454999
0.454999
0.365849
0.365849
0.571494
0.571494
0.327840
0.327840
0.447569
0.447569
0.336585
0.336585
0.825475
0.825475
0.672908
0.672908
0.646391
0.646391
0.609285
0.609285
0.443535
0.443535
0.728702
0.728702
0.596141
0.596141
0.436890
0.436890
0.335800
0.335800
0.374544
0.374544
0.278662
0.278662
0.604747
0.604747
0.565119
0.565119
0.170952
0.170952
0.211563
0.211563
0.475603
0.475603
0.443444
0.443444
0.421655
0.421655
0.786777
0.786777
0.384891
0.384891
0.650018
0.650018
0.734636
0.734636
0.612574
0.612574
0.600056
0.600056
0.455063
0.455063
0.705011
0.705011
0.676099
0.676099
0.450547
0.450547
0.448268
0.448268
0.712576
0.712576
0.550513
0.550513
0.566552
0.566552
0.307632
0.307632
0.410300
0.410300
0.720426
0.720426
0.231740
0.231740
0.767627
0.767627
0.501371
0.501371
0.649298
0.649298
0.592860
0.592860
0.359142
0.359142
0.772751
0.772751
0.520240
0.520240
0.178733
0.178733
0.449383
0.449383
0.341046
0.341046
0.426139
0.426139
0.907955
0.907955
0.369674
0.369674
0.306570
0.306570
0.353349
0.353349
0.529838
0.529838
0.260140
0.260140
0.415052
0.415052
0.276800
0.276800
0.415690
0.415690
0.889307
0.889307
0.688290
0.688290
0.340024
0.340024
0.366783
0.366783
0.490742
0.490742
0.530115
0.530115
0.727725
0.727725
0.441791
0.441791
0.249481
0.249481
0.551537
0.551537
0.556361
0.556361
0.691751
0.691751
0.525640
0.525640
0.623404
0.623404
0.359348
0.359348
0.474965
0.474965
0.353187
0.353187
0.465651
0.465651
0.506217
0.506217
0.674621
0.674621
0.622405
0.622405
0.577884
0.577884
0.486108
0.486108
0.509557
0.509557
0.532508
0.532508
0.498483
0.498483
0.311831
0.311831
0.438603
0.438603
0.655573
0.655573
0.389066
0.389066
0.542809
0.542809
0.453895
0.453895
0.433195
0.433195
0.474769
0.474769
0.398698
0.398698
0.301858
0.301858
0.481951
0.481951
0.565592
0.565592
0.540288
0.540288
0.427252
0.427252
0.332520
0.332520
0.489169
0.489169
0.485028
0.485028
0.587189
0.587189
0.515020
0.515020
0.537636
0.537636
0.536765
0.536765
0.505550
0.505550
0.431522
0.431522
0.649033
0.649033
0.435194
0.435194
0.499112
0.499112
0.307288
0.307288
0.663088
0.663088
0.303099
0.303099
0.900164
0.900164
0.770478
0.770478
0.675765
0.675765
0.739051
0.739051
0.506645
0.506645
0.714339
0.714339
0.354194
0.354194
0.388809
0.388809
0.726471
0.726471
0.430124
0.430124
0.612716
0.612716
0.540193
0.540193
0.401235
0.401235
0.450813
0.450813
0.341196
0.341196
0.733189
0.733189
0.570119
0.570119
0.411963
0.411963
0.537029
0.537029
0.634736
0.634736
0.337287
0.337287
0.379754
0.379754
0.267073
0.267073
0.363594
0.363594
0.556294
0.556294
0.554555
0.554555
0.486070
0.486070
0.406913
0.406913
0.221257
0.221257
0.485151
0.485151
0.736492
0.736492
0.416332
0.416332
0.437140
0.437140
0.855913
0.855913
0.376069
0.376069
0.572421
0.572421
0.325152
0.325152
0.352972
0.352972
0.451289
0.451289
0.347071
0.347071
0.465639
0.465639
0.547229
0.547229
0.397122
0.397122
0.614325
0.614325
0.352078
0.352078
0.426836
0.426836
0.481920
0.481920
0.629848
0.629848
0.445198
0.445198
0.625171
0.625171
0.629531
0.629531
0.416289
0.416289
0.737888
0.737888
0.804911
0.804911
0.639190
0.639190
0.692284
0.692284
0.642624
0.642624
0.410892
0.410892
0.589040
0.589040
0.392721
0.392721
0.520490
0.520490
0.560274
0.560274
0.380594
0.380594
0.417032
0.417032
0.430345
0.430345
0.720406
0.720406
0.302853
0.302853
0.532185
0.532185
0.624180
0.624180
0.343328
0.343328
0.396965
0.396965
0.335876
0.335876
0.061943
0.061943
0.502670
0.502670
0.451544
0.451544
0.447335
0.447335
0.258469
0.258469
0.438864
0.438864
0.380268
0.380268
0.330718
0.330718
0.413792
0.413792
0.979511
0.979511
0.701130
0.701130
0.451298
0.451298
0.401516
0.401516
0.487522
0.487522
0.306448
0.306448
0.524260
0.524260
0.609790
0.609790
0.541361
0.541361
0.395510
0.395510
0.459906
0.459906
0.792315
0.792315
0.491494
0.491494
0.437069
0.437069
0.689077
0.689077
0.430837
0.430837
0.417900
0.417900
0.555874
0.555874
0.764495
0.764495
0.705996
0.705996
0.369633
0.369633
0.717303
0.717303
0.558001
0.558001
0.559677
0.559677
0.678981
0.678981
0.309642
0.309642
0.507670
0.507670
0.659580
0.659580
0.451153
0.451153
0.733608
0.733608
0.418187
0.418187
0.634916
0.634916
0.468758
0.468758
0.572760
0.572760
0.747436
0.747436
0.597049
0.597049
0.181912
0.181912
0.613679
0.613679
0.214164
0.214164
0.349447
0.349447
0.487134
0.487134
0.485533
0.485533
0.367563
0.367563
0.545249
0.545249
0.316852
0.316852
0.416072
0.416072
0.382582
0.382582
0.371478
0.371478
0.762678
0.762678
0.470858
0.470858
0.367053
0.367053
0.521283
0.521283
0.524854
0.524854
0.349551
0.349551
0.575609
0.575609
0.465069
0.465069
0.332430
0.332430
0.454543
0.454543
0.316105
0.316105
0.500967
0.500967
0.736384
0.736384
0.452586
0.452586
0.635834
0.635834
0.423344
0.423344
0.375356
0.375356
0.269728
0.269728
0.366888
0.366888
0.351179
0.351179
0.378765
0.378765
0.278894
0.278894
0.644827
0.644827
0.304960
0.304960
0.571095
0.571095
0.360157
0.360157
0.310592
0.310592
0.702052
0.702052
0.440849
0.440849
0.335368
0.335368
0.583151
0.583151
0.560923
0.560923
0.426546
0.426546
0.543371
0.543371
0.200094
0.200094
0.434232
0.434232
0.458794
0.458794
0.429743
0.429743
0.402137
0.402137
0.502388
0.502388
0.293388
0.293388
0.428919
0.428919
0.554436
0.554436
0.528351
0.528351
0.450718
0.450718
0.710966
0.710966
0.368371
0.368371
0.411364
0.411364
0.417603
0.417603
0.875442
0.875442
0.242418
0.242418
0.447710
0.447710
0.392438
0.392438
0.502689
0.502689
0.693560
0.693560
0.637771
0.637771
0.369674
0.369674
0.519745
0.519745
0.537141
0.537141
0.563413
0.563413
0.443591
0.443591
0.273423
0.273423
0.606211
0.606211
0.659796
0.659796
0.576465
0.576465
0.470587
0.470587
0.600218
0.600218
0.585570
0.585570
0.466579
0.466579
0.564933
0.564933
0.319933
0.319933
0.343556
0.343556
0.689053
0.689053
0.452052
0.452052
0.455041
0.455041
0.646350
0.646350
0.557099
0.557099
0.462828
0.462828
0.291973
0.291973
0.351481
0.351481
0.286970
0.286970
0.477869
0.477869
0.254117
0.254117
0.343060
0.343060
0.700905
0.700905
0.322322
0.322322
0.573983
0.573983
0.317966
0.317966
0.610012
0.610012
0.518141
0.518141
0.514169
0.514169
0.832645
0.832645
0.702718
0.702718
0.784470
0.784470
0.279840
0.279840
0.711829
0.711829
0.485896
0.485896
0.452259
0.452259
0.618652
0.618652
0.391886
0.391886
0.703578
0.703578
0.873560
0.873560
0.463537
0.463537
0.367875
0.367875
0.811938
0.811938
0.465873
0.465873
0.413357
0.413357
0.589625
0.589625
0.569029
0.569029
0.719112
0.719112
0.284787
0.284787
0.502382
0.502382
0.942363
0.942363
0.575840
0.575840
0.611598
0.611598
0.709264
0.709264
0.420215
0.420215
0.800709
0.800709
0.270125
0.270125
0.623288
0.623288
0.500317
0.500317
0.449005
0.449005
0.464367
0.464367
0.220949
0.220949
0.560871
0.560871
0.488825
0.488825
0.340640
0.340640
0.412950
0.412950
0.619243
0.619243
0.341681
0.341681
0.380314
0.380314
0.364861
0.364861
0.524774
0.524774
0.499681
0.499681
0.271089
0.271089
0.187481
0.187481
0.288702
0.288702
0.537197
0.537197
0.731736
0.731736
0.422329
0.422329
0.580761
0.580761
0.575510
0.575510
0.553180
0.553180
0.463753
0.463753
0.519897
0.519897
0.449283
0.449283
0.336578
0.336578
0.500219
0.500219
0.617082
0.617082
0.366232
0.366232
0.185212
0.185212
0.430117
0.430117
0.414465
0.414465
0.786854
0.786854
0.463931
0.463931
0.819534
0.819534
0.618871
0.618871
0.302663
0.302663
0.689421
0.689421
0.610028
0.610028
0.352387
0.352387
0.289188
0.289188
0.273982
0.273982
0.434506
0.434506
0.273597
0.273597
0.330849
0.330849
0.397976
0.397976
0.245657
0.245657
0.817769
0.817769
0.297385
0.297385
0.506008
0.506008
0.637357
0.637357
0.304842
0.304842
0.666836
0.666836
0.410110
0.410110
0.310155
0.310155
0.365292
0.365292
0.093239
0.093239
0.749528
0.749528
0.385372
0.385372
0.667253
0.667253
0.406442
0.406442
0.484928
0.484928
0.173677
0.173677
0.481398
0.481398
0.605630
0.605630
0.403661
0.403661
0.710948
0.710948
0.249400
0.249400
0.421621
0.421621
0.808111
0.808111
0.491731
0.491731
0.377199
0.377199
0.402780
0.402780
0.374512
0.374512
0.620017
0.620017
0.423797
0.423797
0.454813
0.454813
0.436095
0.436095
0.283360
0.283360
0.411769
0.411769
0.604490
0.604490
0.650388
0.650388
0.560652
0.560652
0.511721
0.511721
0.356830
0.356830
0.353086
0.353086
0.424431
0.424431
0.338044
0.338044
0.528693
0.528693
0.482297
0.482297
0.346860
0.346860
1.015801
1.015801
0.531235
0.531235
0.320057
0.320057
0.639569
0.639569
0.883726
0.883726
0.772046
0.772046
0.404795
0.404795
0.438837
0.438837
0.508633
0.508633
0.452410
0.452410
0.642735
0.642735
0.605040
0.605040
0.354646
0.354646
0.561154
0.561154
0.585089
0.585089
0.534388
0.534388
0.547814
0.547814
0.272233
0.272233
0.559118
0.559118
0.502998
0.502998
0.400856
0.400856
0.338278
0.338278
0.490934
0.490934
0.360540
0.360540
0.447262
0.447262
0.686894
0.686894
0.526226
0.526226
0.447505
0.447505
0.436544
0.436544
0.810247
0.810247
0.649913
0.649913
0.563759
0.563759
0.258451
0.258451
0.536114
0.536114
0.763183
0.763183
0.332744
0.332744
0.334301
0.334301
0.572370
0.572370
0.815282
0.815282
0.685837
0.685837
0.614718
0.614718
0.344937
0.344937
0.554845
0.554845
0.298611
0.298611
0.275059
0.275059
0.283471
0.283471
0.449343
0.449343
0.490507
0.490507
0.234765
0.234765
0.406437
0.406437
0.289010
0.289010
0.305835
0.305835
0.629653
0.629653
0.736994
0.736994
0.553037
0.553037
0.312063
0.312063
0.403590
0.403590
0.713219
0.713219
0.408311
0.408311
0.361411
0.361411
0.537471
0.537471
0.349636
0.349636
0.536392
0.536392
0.670453
0.670453
0.612368
0.612368
0.282551
0.282551
0.508385
0.508385
0.311458
0.311458
0.469109
0.469109
0.476544
0.476544
0.375804
0.375804
0.329383
0.329383
0.654592
0.654592
0.648715
0.648715
0.939508
0.939508
0.390964
0.390964
0.414830
0.414830
0.262614
0.262614
0.259547
0.259547
0.850932
0.850932
0.374199
0.374199
0.834282
0.834282
0.429544
0.429544
0.354770
0.354770
0.453967
0.453967
0.655539
0.655539
0.395819
0.395819
0.411739
0.411739
0.508097
0.508097
0.269362
0.269362
0.451191
0.451191
0.411828
0.411828
0.316178
0.316178
0.484057
0.484057
0.458594
0.458594
0.257879
0.257879
0.374000
0.374000
0.465044
0.465044
0.588523
0.588523
0.437809
0.437809
0.450966
0.450966
0.500786
0.500786
0.475896
0.475896
0.317275
0.317275
0.448073
0.448073
0.293315
0.293315
0.574432
0.574432
0.490093
0.490093
0.367762
0.367762
0.447753
0.447753
0.461673
0.461673
0.484703
0.484703
0.309387
0.309387
0.534795
0.534795
0.378008
0.378008
0.513725
0.513725
0.629942
0.629942
0.219396
0.219396
0.518458
0.518458
0.431495
0.431495
0.658199
0.658199
0.603036
0.603036
0.336898
0.336898
0.457153
0.457153
0.414361
0.414361
0.348383
0.348383
0.364310
0.364310
0.381973
0.381973
0.510958
0.510958
0.383411
0.383411
0.211961
0.211961
0.476665
0.476665
0.618329
0.618329
0.438865
0.438865
0.563724
0.563724
0.431805
0.431805
0.285890
0.285890
0.930310
0.930310
0.605949
0.605949
0.597014
0.597014
0.534296
0.534296
0.429631
0.429631
0.421726
0.421726
0.523063
0.523063
0.594105
0.594105
0.343490
0.343490
0.519395
0.519395
0.223956
0.223956
0.606708
0.606708
0.355393
0.355393
0.270326
0.270326
0.624879
0.624879
0.733932
0.733932
0.505605
0.505605
0.410220
0.410220
0.298261
0.298261
0.546832
0.546832
0.387210
0.387210
0.240330
0.240330
0.342429
0.342429
0.462735
0.462735
0.547793
0.547793
0.270870
0.270870
0.313138
0.313138
0.588810
0.588810
0.327271
0.327271
0.607343
0.607343
0.578882
0.578882
0.410925
0.410925
0.505192
0.505192
0.467442
0.467442
0.426187
0.426187
0.477072
0.477072
0.288951
0.288951
0.451461
0.451461
0.497889
0.497889
0.512209
0.512209
0.522916
0.522916
0.535732
0.535732
0.410715
0.410715
0.476651
0.476651
0.330093
0.330093
0.318163
0.318163
0.539554
0.539554
0.404353
0.404353
0.486739
0.486739
0.530935
0.530935
0.623516
0.623516
0.454306
0.454306
0.645978
0.645978
0.594671
0.594671
0.367388
0.367388
0.491022
0.491022
0.433554
0.433554
0.318604
0.318604
0.306962
0.306962
0.345892
0.345892
0.406284
0.406284
0.523073
0.523073
0.751938
0.751938
0.577985
0.577985
0.793531
0.793531
0.433446
0.433446
0.554790
0.554790
0.634918
0.634918
0.382662
0.382662
0.526669
0.526669
0.461264
0.461264
0.578550
0.578550
0.341892
0.341892
0.501589
0.501589
0.367172
0.367172
0.618097
0.618097
0.319182
0.319182
0.643913
0.643913
0.623513
0.623513
0.613489
0.613489
0.219847
0.219847
0.408911
0.408911
0.291237
0.291237
0.432369
0.432369
0.613111
0.613111
0.606741
0.606741
0.238260
0.238260
0.329433
0.329433
0.511276
0.511276
0.415945
0.415945
0.473864
0.473864
0.327438
0.327438
0.377727
0.377727
0.640669
0.640669
0.562304
0.562304
0.434462
0.434462
0.486603
0.486603
0.361057
0.361057
0.421263
0.421263
0.210161
0.210161
0.379959
0.379959
0.653956
0.653956
0.525688
0.525688
0.293981
0.293981
0.504698
0.504698
0.417195
0.417195
0.516796
0.516796
0.633353
0.633353
0.452613
0.452613
0.339102
0.339102
0.234654
0.234654
0.192203
0.192203
0.570986
0.570986
0.438609
0.438609
0.439227
0.439227
0.551626
0.551626
0.312040
0.312040
0.387247
0.387247
0.451469
0.451469
0.470778
0.470778
0.502719
0.502719
0.604637
0.604637
0.478129
0.478129
0.358624
0.358624
0.237475
0.237475
0.780638
0.780638
0.492469
0.492469
0.523086
0.523086
0.475012
0.475012
0.457094
0.457094
0.212374
0.212374
0.436476
0.436476
0.758449
0.758449
0.633547
0.633547
0.508371
0.508371
0.301698
0.301698
0.258328
0.258328
0.690205
0.690205
0.401931
0.401931
0.521245
0.521245
0.426380
0.426380
0.323086
0.323086
0.414957
0.414957
0.362962
0.362962
0.700902
0.700902
0.393419
0.393419
0.534233
0.534233
0.381987
0.381987
0.657910
0.657910
0.323115
0.323115
0.436304
0.436304
0.279667
0.279667
0.337306
0.337306
0.597143
0.597143
0.489360
0.489360
0.697680
0.697680
0.375754
0.375754
0.557165
0.557165
0.690670
0.690670
0.339517
0.339517
0.532557
0.532557
0.547936
0.547936
0.338646
0.338646
0.389484
0.389484
0.289565
0.289565
0.475332
0.475332
0.565690
0.565690
0.259607
0.259607
0.658380
0.658380
0.595722
0.595722
0.389384
0.389384
0.418712
0.418712
0.301030
0.301030
0.480421
0.480421
0.292323
0.292323
0.375691
0.375691
0.305638
0.305638
0.578936
0.578936
0.398351
0.398351
0.738736
0.738736
0.488233
0.488233
0.434583
0.434583
0.319404
0.319404
0.360924
0.360924
0.455636
0.455636
0.340708
0.340708
0.601730
0.601730
0.519686
0.519686
0.531202
0.531202
0.452666
0.452666
0.389741
0.389741
0.493886
0.493886
0.364618
0.364618
0.498523
0.498523
0.391463
0.391463
0.866675
0.866675
0.640967
0.640967
0.500666
0.500666
0.514633
0.514633
0.582340
0.582340
0.256654
0.256654
0.570167
0.570167
0.440822
0.440822
0.468155
0.468155
0.301213
0.301213
0.328053
0.328053
0.409181
0.409181
0.514422
0.514422
0.438968
0.438968
0.405082
0.405082
0.487096
0.487096
0.432023
0.432023
0.414335
0.414335
0.259144
0.259144
0.649859
0.649859
0.285097
0.285097
0.553793
0.553793
0.271712
0.271712
0.262925
0.262925
0.729375
0.729375
0.805238
0.805238
0.534734
0.534734
0.498067
0.498067
0.602527
0.602527
0.666988
0.666988
0.389053
0.389053
0.641781
0.641781
0.293810
0.293810
0.626068
0.626068
0.450668
0.450668
0.492683
0.492683
0.618038
0.618038
0.419087
0.419087
0.690257
0.690257
0.290212
0.290212
0.446729
0.446729
0.583172
0.583172
0.472875
0.472875
0.515208
0.515208
0.446235
0.446235
0.410554
0.410554
0.348582
0.348582
0.412221
0.412221
0.703541
0.703541
0.358045
0.358045
0.377848
0.377848
0.461216
0.461216
0.383989
0.383989
0.371499
0.371499
0.694563
0.694563
0.340540
0.340540
0.526631
0.526631
0.898695
0.898695
0.374682
0.374682
0.657324
0.657324
0.331746
0.331746
0.476485
0.476485
0.368793
0.368793
0.543212
0.543212
0.704403
0.704403
0.629217
0.629217
0.431159
0.431159
0.429836
0.429836
0.533281
0.533281
0.519766
0.519766
0.452482
0.452482
0.557067
0.557067
0.296191
0.296191
0.461598
0.461598
0.473878
0.473878
0.504485
0.504485
0.411045
0.411045
0.670798
0.670798
0.267376
0.267376
0.361289
0.361289
0.686399
0.686399
0.467004
0.467004
0.502428
0.502428
0.472405
0.472405
0.748788
0.748788
0.495267
0.495267
0.278590
0.278590
0.412165
0.412165
0.569104
0.569104
0.538459
0.538459
0.575442
0.575442
0.528494
0.528494
0.456209
0.456209
0.281950
0.281950
0.575968
0.575968
0.518363
0.518363
0.426037
0.426037
0.555497
0.555497
0.517854
0.517854
0.234958
0.234958
0.335473
0.335473
0.161702
0.161702
0.620904
0.620904
0.779212
0.779212
0.373013
0.373013
0.387792
0.387792
0.554429
0.554429
0.373718
0.373718
0.342685
0.342685
0.562103
0.562103
0.460997
0.460997
0.440937
0.440937
0.826784
0.826784
0.398806
0.398806
0.277595
0.277595
0.251256
0.251256
0.262401
0.262401
0.317869
0.317869
0.410267
0.410267
0.354366
0.354366
0.320139
0.320139
0.576035
0.576035
0.358781
0.358781
0.286227
0.286227
0.360487
0.360487
0.512047
0.512047
0.544071
0.544071
0.394882
0.394882
0.316942
0.316942
0.496441
0.496441
0.510539
0.510539
0.533400
0.533400
0.567530
0.567530
0.459341
0.459341
0.258140
0.258140
0.377877
0.377877
0.581371
0.581371
0.686386
0.686386
0.374211
0.374211
0.118514
0.118514
0.302908
0.302908
0.312994
0.312994
0.498774
0.498774
0.315455
0.315455
0.441768
0.441768
0.238582
0.238582
0.368265
0.368265
0.491684
0.491684
0.258266
0.258266
0.265610
0.265610
0.336205
0.336205
0.534084
0.534084
0.470136
0.470136
0.555321
0.555321
0.457308
0.457308
0.477314
0.477314
0.699585
0.699585
0.231905
0.231905
0.423568
0.423568
0.379326
0.379326
0.315244
0.315244
0.486906
0.486906
0.685680
0.685680
0.282450
0.282450
0.581988
0.581988
0.606354
0.606354
0.444052
0.444052
0.525865
0.525865
0.545710
0.545710
0.450578
0.450578
0.456421
0.456421
0.717898
0.717898
0.672191
0.672191
0.403508
0.403508
0.379360
0.379360
0.585134
0.585134
0.413343
0.413343
0.634477
0.634477
0.329785
0.329785
0.551380
0.551380
0.345176
0.345176
0.588390
0.588390
0.597203
0.597203
0.411691
0.411691
0.315443
0.315443
0.611832
0.611832
0.327077
0.327077
0.403671
0.403671
0.824551
0.824551
0.471048
0.471048
0.280426
0.280426
0.660123
0.660123
0.751307
0.751307
0.399071
0.399071
0.445368
0.445368
0.426349
0.426349
0.447878
0.447878
0.396724
0.396724
0.442365
0.442365
0.462974
0.462974
0.716403
0.716403
0.355439
0.355439
0.277487
0.277487
0.525617
0.525617
0.356440
0.356440
0.554418
0.554418
0.682304
0.682304
0.361792
0.361792
0.317799
0.317799
0.468198
0.468198
0.442209
0.442209
0.599490
0.599490
0.512433
0.512433
0.482926
0.482926
0.609792
0.609792
0.680167
0.680167
0.489361
0.489361
0.447857
0.447857
0.557115
0.557115
0.416370
0.416370
0.397092
0.397092
0.521556
0.521556
0.691318
0.691318
0.329388
0.329388
0.475108
0.475108
0.293552
0.293552
0.499614
0.499614
0.491659
0.491659
0.579579
0.579579
0.326288
0.326288
0.650142
0.650142
0.271959
0.271959
0.310596
0.310596
0.614885
0.614885
0.267704
0.267704
0.396753
0.396753
0.310110
0.310110
0.588998
0.588998
0.597510
0.597510
0.445395
0.445395
0.471902
0.471902
0.690706
0.690706
0.458690
0.458690
0.316182
0.316182
0.343128
0.343128
0.471706
0.471706
0.579878
0.579878
0.256822
0.256822
0.245208
0.245208
0.928751
0.928751
0.608746
0.608746
0.277183
0.277183
0.600540
0.600540
0.478792
0.478792
0.621909
0.621909
0.424698
0.424698
0.583833
0.583833
0.407225
0.407225
0.283442
0.283442
0.551727
0.551727
0.539879
0.539879
0.512543
0.512543
0.602914
0.602914
0.509895
0.509895
0.702347
0.702347
0.418033
0.418033
0.472952
0.472952
0.454755
0.454755
0.611248
0.611248
0.369119
0.369119
0.390959
0.390959
0.440116
0.440116
0.386676
0.386676
0.501829
0.501829
0.538922
0.538922
0.272548
0.272548
0.520047
0.520047
0.437081
0.437081
0.493010
0.493010
0.585821
0.585821
0.479981
0.479981
0.585413
0.585413
0.518119
0.518119
0.295102
0.295102
0.160147
0.160147
0.497582
0.497582
0.554754
0.554754
0.347110
0.347110
0.387766
0.387766
0.550529
0.550529
0.585364
0.585364
0.524044
0.524044
0.371366
0.371366
0.531345
0.531345
0.430560
0.430560
0.527393
0.527393
0.342492
0.342492
0.323567
0.323567
0.567452
0.567452
0.400701
0.400701
0.347370
0.347370
0.559599
0.559599
0.386834
0.386834
0.360681
0.360681
0.316497
0.316497
0.521236
0.521236
0.494614
0.494614
0.473927
0.473927
0.644668
0.644668
0.506882
0.506882
0.505539
0.505539
0.380049
0.380049
0.318462
0.318462
0.280702
0.280702
0.839551
0.839551
0.428314
0.428314
0.287760
0.287760
0.329594
0.329594
0.442215
0.442215
0.526834
0.526834
0.686252
0.686252
0.229171
0.229171
0.692106
0.692106
0.519442
0.519442
0.157713
0.157713
0.294621
0.294621
0.594493
0.594493
0.299229
0.299229
0.562623
0.562623
0.525261
0.525261
0.436034
0.436034
0.412985
0.412985
0.461503
0.461503
0.434606
0.434606
0.415630
0.415630
0.752023
0.752023
0.447382
0.447382
0.380504
0.380504
0.541159
0.541159
0.524148
0.524148
0.370334
0.370334
0.427556
0.427556
0.400078
0.400078
0.528265
0.528265
0.261473
0.261473
0.578444
0.578444
0.358788
0.358788
0.502122
0.502122
0.627100
0.627100
0.469518
0.469518
0.461744
0.461744
0.304748
0.304748
0.370141
0.370141
0.339131
0.339131
0.562097
0.562097
0.388344
0.388344
0.260108
0.260108
0.578670
0.578670
0.519261
0.519261
0.511345
0.511345
0.634314
0.634314
0.419237
0.419237
0.302273
0.302273
0.539462
0.539462
0.624575
0.624575
0.302309
0.302309
0.571162
0.571162
0.472202
0.472202
0.427030
0.427030
0.326298
0.326298
0.167347
0.167347
0.373692
0.373692
0.421328
0.421328
0.615151
0.615151
0.442882
0.442882
0.511771
0.511771
0.420261
0.420261
0.452755
0.452755
0.366683
0.366683
0.454054
0.454054
0.415788
0.415788
0.350203
0.350203
0.277274
0.277274
0.658090
0.658090
0.353753
0.353753
0.421349
0.421349
0.490619
0.490619
0.489617
0.489617
0.353583
0.353583
0.400700
0.400700
0.270450
0.270450
0.543772
0.543772
0.329004
0.329004
0.981555
0.981555
0.355655
0.355655
0.602428
0.602428
0.288828
0.288828
0.486292
0.486292
0.476237
0.476237
0.401236
0.401236
0.560857
0.560857
0.724251
0.724251
0.417222
0.417222
0.719049
0.719049
0.575053
0.575053
0.789143
0.789143
0.342834
0.342834
0.248625
0.248625
0.557833
0.557833
0.262481
0.262481
0.344588
0.344588
0.267918
0.267918
0.451236
0.451236
0.362306
0.362306
0.488291
0.488291
0.627841
0.627841
0.442604
0.442604
0.617772
0.617772
0.367810
0.367810
0.383744
0.383744
0.242206
0.242206
0.485805
0.485805
0.383100
0.383100
0.578753
0.578753
0.335687
0.335687
0.276357
0.276357
0.384478
0.384478
0.669064
0.669064
0.399110
0.399110
0.567255
0.567255
0.419503
0.419503
0.523821
0.523821
0.250343
0.250343
0.572973
0.572973
0.529729
0.529729
0.427690
0.427690
0.370911
0.370911
0.704165
0.704165
0.408483
0.408483
0.484537
0.484537
0.566042
0.566042
0.575410
0.575410
0.984875
0.984875
0.370218
0.370218
0.381086
0.381086
0.612941
0.612941
0.337188
0.337188
0.622667
0.622667
0.509928
0.509928
0.442273
0.442273
0.446575
0.446575
0.692130
0.692130
0.603322
0.603322
0.368510
0.368510
0.472739
0.472739
0.273549
0.273549
0.726307
0.726307
0.387029
0.387029
0.469305
0.469305
0.490503
0.490503
0.262611
0.262611
0.398389
0.398389
0.425010
0.425010
0.328361
0.328361
0.502770
0.502770
0.223057
0.223057
0.283808
0.283808
0.432597
0.432597
0.646743
0.646743
0.355169
0.355169
0.397616
0.397616
0.308927
0.308927
0.456441
0.456441
0.458560
0.458560
0.340675
0.340675
0.334897
0.334897
0.483441
0.483441
0.769327
0.769327
0.472195
0.472195
0.297324
0.297324
0.479056
0.479056
0.706044
0.706044
0.344356
0.344356
0.303094
0.303094
0.785244
0.785244
0.110412
0.110412
0.528222
0.528222
0.335403
0.335403
0.549973
0.549973
0.339465
0.339465
0.392207
0.392207
0.551653
0.551653
0.331670
0.331670
0.371758
0.371758
0.284547
0.284547
0.363793
0.363793
0.399992
0.399992
0.529549
0.529549
0.628327
0.628327
0.353173
0.353173
0.737749
0.737749
0.567734
0.567734
0.345404
0.345404
0.322452
0.322452
0.602511
0.602511
0.379430
0.379430
0.321183
0.321183
0.607121
0.607121
0.542203
0.542203
0.257343
0.257343
0.316135
0.316135
0.496446
0.496446
0.524847
0.524847
0.263824
0.263824
0.314345
0.314345
0.267097
0.267097
0.344799
0.344799
0.424056
0.424056
0.394951
0.394951
0.364792
0.364792
0.647938
0.647938
0.379516
0.379516
0.337917
0.337917
0.457174
0.457174
0.666993
0.666993
0.540903
0.540903
0.340050
0.340050
0.402000
0.402000
0.569892
0.569892
0.412291
0.412291
0.715494
0.715494
0.304638
0.304638
0.341317
0.341317
0.521105
0.521105
0.155820
0.155820
0.348730
0.348730
0.366605
0.366605
0.725744
0.725744
0.279050
0.279050
0.384967
0.384967
0.497498
0.497498
0.433867
0.433867
0.700777
0.700777
0.163795
0.163795
0.491864
0.491864
0.540548
0.540548
0.315116
0.315116
0.167616
0.167616
0.546397
0.546397
0.617739
0.617739
0.665732
0.665732
0.309949
0.309949
0.510020
0.510020
0.391984
0.391984
0.492838
0.492838
0.428075
0.428075
0.681444
0.681444
0.227657
0.227657
0.481087
0.481087
0.344929
0.344929
0.387500
0.387500
0.507843
0.507843
0.206901
0.206901
0.673621
0.673621
0.723188
0.723188
0.505197
0.505197
0.397660
0.397660
0.536207
0.536207
0.233881
0.233881
0.094871
0.094871
0.820759
0.820759
0.421688
0.421688
0.476544
0.476544
0.610226
0.610226
0.505629
0.505629
0.217247
0.217247
0.698418
0.698418
0.575484
0.575484
0.265697
0.265697
0.543334
0.543334
0.666682
0.666682
0.608949
0.608949
0.706107
0.706107
0.573053
0.573053
0.362881
0.362881
0.573888
0.573888
0.488895
0.488895
0.512207
0.512207
0.277190
0.277190
0.358718
0.358718
0.337972
0.337972
0.200579
0.200579
0.484763
0.484763
0.266848
0.266848
0.440877
0.440877
0.256538
0.256538
0.371834
0.371834
0.750014
0.750014
0.301526
0.301526
0.634574
0.634574
0.399222
0.399222
0.528178
0.528178
0.390205
0.390205
0.710945
0.710945
0.465153
0.465153
0.643113
0.643113
0.281767
0.281767
0.446136
0.446136
0.249849
0.249849
0.234754
0.234754
0.328624
0.328624
0.294927
0.294927
0.672070
0.672070
0.415287
0.415287
0.705512
0.705512
0.403248
0.403248
0.504685
0.504685
0.443696
0.443696
0.237233
0.237233
0.585055
0.585055
0.893091
0.893091
0.359564
0.359564
0.453910
0.453910
0.332139
0.332139
0.732687
0.732687
0.336585
0.336585
0.404909
0.404909
0.507548
0.507548
0.416633
0.416633
0.450951
0.450951
0.383262
0.383262
0.414120
0.414120
0.314404
0.314404
0.335509
0.335509
0.409451
0.409451
0.443358
0.443358
0.555428
0.555428
0.691103
0.691103
0.576454
0.576454
0.525757
0.525757
0.450740
0.450740
0.124910
0.124910
0.331006
0.331006
0.429744
0.429744
0.466157
0.466157
0.247552
0.247552
0.222178
0.222178
0.643288
0.643288
0.882311
0.882311
0.530273
0.530273
0.821113
0.821113
0.410495
0.410495
0.729439
0.729439
0.277858
0.277858
0.394163
0.394163
0.464446
0.464446
0.431387
0.431387
0.371822
0.371822
0.259542
0.259542
0.351035
0.351035
0.457284
0.457284
0.443570
0.443570
0.275064
0.275064
0.493884
0.493884
0.448416
0.448416
0.251533
0.251533
0.359623
0.359623
0.914054
0.914054
0.479808
0.479808
0.377827
0.377827
0.335623
0.335623
0.415031
0.415031
0.247573
0.247573
0.321017
0.321017
0.359330
0.359330
0.253856
0.253856
0.361638
0.361638
0.681449
0.681449
0.433088
0.433088
0.516154
0.516154
0.136112
0.136112
0.401928
0.401928
0.545532
0.545532
0.350250
0.350250
0.732620
0.732620
0.212519
0.212519
0.248388
0.248388
0.345752
0.345752
0.684527
0.684527
0.418362
0.418362
0.532266
0.532266
0.494035
0.494035
0.292913
0.292913
0.459848
0.459848
0.475911
0.475911
0.308673
0.308673
0.340473
0.340473
0.702388
0.702388
0.241769
0.241769
0.603300
0.603300
0.314830
0.314830
0.555876
0.555876
0.400240
0.400240
0.399151
0.399151
0.459794
0.459794
0.318870
0.318870
0.232923
0.232923
0.255361
0.255361
0.466828
0.466828
0.384320
0.384320
0.306727
0.306727
0.498386
0.498386
0.268179
0.268179
0.286400
0.286400
0.285408
0.285408
0.089962
0.089962
0.223685
0.223685
0.281575
0.281575
0.304096
0.304096
0.459532
0.459532
0.661603
0.661603
0.673263
0.673263
0.362056
0.362056
0.412810
0.412810
0.680530
0.680530
0.373960
0.373960
0.231657
0.231657
0.592139
0.592139
0.364257
0.364257
0.425401
0.425401
0.487434
0.487434
0.225724
0.225724
0.489719
0.489719
0.456047
0.456047
0.395959
0.395959
0.542349
0.542349
0.769261
0.769261
0.425174
0.425174
0.469770
0.469770
0.495197
0.495197
0.489765
0.489765
0.394217
0.394217
0.382655
0.382655
0.330155
0.330155
0.457106
0.457106
0.562664
0.562664
0.528357
0.528357
0.512194
0.512194
0.429508
0.429508
0.521787
0.521787
0.385737
0.385737
0.548305
0.548305
0.608501
0.608501
0.588077
0.588077
0.657877
0.657877
0.623548
0.623548
0.652611
0.652611
0.373765
0.373765
0.267210
0.267210
0.458531
0.458531
0.412569
0.412569
0.524084
0.524084
0.521635
0.521635
0.522535
0.522535
0.455722
0.455722
0.427277
0.427277
0.704386
0.704386
0.586190
0.586190
0.279908
0.279908
0.578707
0.578707
0.376754
0.376754
0.337241
0.337241
0.350739
0.350739
0.270217
0.270217
0.576641
0.576641
0.515231
0.515231
0.338938
0.338938
0.412335
0.412335
0.457306
0.457306
0.176163
0.176163
0.476975
0.476975
0.336888
0.336888
0.690889
0.690889
0.458389
0.458389
1.024311
1.024311
0.297237
0.297237
0.376088
0.376088
0.395200
0.395200
0.380594
0.380594
0.411618
0.411618
0.493661
0.493661
0.463952
0.463952
0.470725
0.470725
0.361413
0.361413
0.113243
0.113243
0.250325
0.250325
0.200313
0.200313
0.551678
0.551678
0.496801
0.496801
0.673741
0.673741
0.532334
0.532334
0.337136
0.337136
0.294994
0.294994
0.578412
0.578412
0.507081
0.507081
0.409291
0.409291
0.467534
0.467534
0.251672
0.251672
0.473620
0.473620
0.290950
0.290950
0.306583
0.306583
0.343328
0.343328
0.286463
0.286463
0.459657
0.459657
0.303601
0.303601
0.473873
0.473873
0.447741
0.447741
0.482724
0.482724
0.428017
0.428017
0.477223
0.477223
0.521515
0.521515
0.623297
0.623297
0.475358
0.475358
0.429469
0.429469
0.308718
0.308718
0.522097
0.522097
0.406377
0.406377
0.488747
0.488747
0.471289
0.471289
0.756042
0.756042
0.442473
0.442473
0.487914
0.487914
0.476258
0.476258
0.309233
0.309233
0.302029
0.302029
0.434111
0.434111
0.536795
0.536795
0.548036
0.548036
0.463840
0.463840
0.614717
0.614717
0.676752
0.676752
0.397704
0.397704
0.315513
0.315513
0.182887
0.182887
0.663840
0.663840
0.469978
0.469978
0.285750
0.285750
0.256702
0.256702
0.231536
0.231536
0.463905
0.463905
0.379711
0.379711
0.526447
0.526447
0.723905
0.723905
0.532398
0.532398
0.222497
0.222497
0.412918
0.412918
0.624111
0.624111
0.356422
0.356422
0.648549
0.648549
0.573205
0.573205
0.369789
0.369789
0.522367
0.522367
0.465186
0.465186
0.312571
0.312571
0.477561
0.477561
0.583584
0.583584
0.231517
0.231517
0.301884
0.301884
0.379524
0.379524
0.396036
0.396036
0.720541
0.720541
0.405773
0.405773
0.196362
0.196362
0.346910
0.346910
0.564622
0.564622
0.651355
0.651355
0.346162
0.346162
0.444071
0.444071
0.835039
0.835039
0.231736
0.231736
0.310095
0.310095
0.457177
0.457177
0.448531
0.448531
0.326453
0.326453
0.362673
0.362673
0.379306
0.379306
0.590352
0.590352
0.657316
0.657316
0.350502
0.350502
0.490395
0.490395
0.658310
0.658310
0.676747
0.676747
0.513814
0.513814
0.545862
0.545862
0.507665
0.507665
0.342815
0.342815
0.386412
0.386412
0.607824
0.607824
0.443946
0.443946
0.292625
0.292625
0.591138
0.591138
0.275587
0.275587
0.331663
0.331663
0.457031
0.457031
0.334193
0.334193
0.300642
0.300642
0.613188
0.613188
0.315298
0.315298
0.345396
0.345396
0.243923
0.243923
0.253391
0.253391
0.741558
0.741558
0.411955
0.411955
0.513339
0.513339
0.219200
0.219200
0.446980
0.446980
0.667641
0.667641
0.690915
0.690915
0.344614
0.344614
0.648641
0.648641
0.323609
0.323609
0.393293
0.393293
0.250779
0.250779
0.607635
0.607635
0.802559
0.802559
0.410711
0.410711
0.423514
0.423514
0.539486
0.539486
0.535590
0.535590
0.369757
0.369757
0.241488
0.241488
0.473503
0.473503
0.655956
0.655956
0.247935
0.247935
0.529579
0.529579
0.526721
0.526721
0.447280
0.447280
0.413369
0.413369
0.346495
0.346495
0.397850
0.397850
0.310193
0.310193
0.506239
0.506239
0.312056
0.312056
0.381907
0.381907
0.618273
0.618273
0.225609
0.225609
0.296489
0.296489
0.792117
0.792117
0.327417
0.327417
0.474263
0.474263
0.456248
0.456248
0.633695
0.633695
0.612098
0.612098
0.534458
0.534458
0.519748
0.519748
0.299904
0.299904
0.450715
0.450715
0.332260
0.332260
0.451622
0.451622
0.317724
0.317724
0.817100
0.817100
0.880756
0.880756
0.600847
0.600847
0.244409
0.244409
0.431412
0.431412
0.317308
0.317308
0.251583
0.251583
0.200302
0.200302
0.620752
0.620752
0.293323
0.293323
0.277079
0.277079
0.520522
0.520522
0.467398
0.467398
0.530706
0.530706
0.481429
0.481429
0.368983
0.368983
0.287901
0.287901
0.435355
0.435355
0.421753
0.421753
0.324879
0.324879
0.532059
0.532059
0.272340
0.272340
0.380742
0.380742
0.427335
0.427335
0.275254
0.275254
0.385269
0.385269
0.551452
0.551452
0.604632
0.604632
0.190733
0.190733
0.627479
0.627479
0.478472
0.478472
0.142057
0.142057
0.860181
0.860181
0.493488
0.493488
0.551154
0.551154
0.654420
0.654420
0.194703
0.194703
0.251546
0.251546
0.514399
0.514399
0.653267
0.653267
0.302357
0.302357
0.539474
0.539474
0.311790
0.311790
0.230131
0.230131
0.355645
0.355645
0.301451
0.301451
0.473740
0.473740
0.384089
0.384089
0.230875
0.230875
0.614659
0.614659
0.323790
0.323790
0.345083
0.345083
0.219937
0.219937
0.346784
0.346784
0.235853
0.235853
0.333591
0.333591
0.265245
0.265245
0.348054
0.348054
0.287272
0.287272
0.519478
0.519478
0.261216
0.261216
0.282588
0.282588
0.616954
0.616954
0.193021
0.193021
0.229558
0.229558
0.441329
0.441329
0.436654
0.436654
0.163260
0.163260
0.267567
0.267567
0.366445
0.366445
0.532677
0.532677
0.526660
0.526660
0.384728
0.384728
0.612049
0.612049
0.562775
0.562775
0.263910
0.263910
0.248009
0.248009
0.046567
0.046567
0.295245
0.295245
0.439857
0.439857
0.497919
0.497919
0.556791
0.556791
0.518029
0.518029
0.493878
0.493878
0.382099
0.382099
0.295287
0.295287
0.355292
0.355292
0.693315
0.693315
0.378562
0.378562
0.390039
0.390039
0.432505
0.432505
0.433240
0.433240
0.445045
0.445045
0.344347
0.344347
0.522685
0.522685
0.295727
0.295727
0.423568
0.423568
0.476789
0.476789
0.655180
0.655180
0.842669
0.842669
0.439114
0.439114
0.263092
0.263092
0.354604
0.354604
0.352823
0.352823
0.301895
0.301895
0.554911
0.554911
0.429976
0.429976
0.557060
0.557060
0.260093
0.260093
0.518192
0.518192
0.345465
0.345465
0.288865
0.288865
0.407211
0.407211
0.218001
0.218001
0.389926
0.389926
0.202675
0.202675
0.211687
0.211687
0.568689
0.568689
0.482701
0.482701
0.487326
0.487326
0.528326
0.528326
0.342127
0.342127
0.310560
0.310560
0.378805
0.378805
0.533795
0.533795
0.380870
0.380870
0.372010
0.372010
0.275152
0.275152
0.557775
0.557775
0.552713
0.552713
0.496148
0.496148
0.379847
0.379847
0.539566
0.539566
0.429940
0.429940
0.345815
0.345815
0.483268
0.483268
0.350217
0.350217
0.370408
0.370408
0.227621
0.227621
0.409839
0.409839
0.618062
0.618062
0.628663
0.628663
0.423804
0.423804
0.257095
0.257095
0.327416
0.327416
0.477955
0.477955
0.324706
0.324706
0.254783
0.254783
0.412503
0.412503
0.584402
0.584402
0.661532
0.661532
0.650351
0.650351
0.364532
0.364532
0.395168
0.395168
0.547246
0.547246
0.338879
0.338879
0.214519
0.214519
0.225832
0.225832
0.266125
0.266125
0.608106
0.608106
0.493819
0.493819
0.131473
0.131473
0.541477
0.541477
0.320475
0.320475
0.393587
0.393587
0.195108
0.195108
0.384324
0.384324
0.218284
0.218284
0.323084
0.323084
0.398169
0.398169
0.584982
0.584982
0.485258
0.485258
0.205914
0.205914
0.344308
0.344308
0.322940
0.322940
0.732083
0.732083
0.410482
0.410482
0.600248
0.600248
0.431110
0.431110
0.374147
0.374147
0.388883
0.388883
0.610971
0.610971
0.263864
0.263864
0.577652
0.577652
0.230048
0.230048
0.477997
0.477997
0.466549
0.466549
0.526054
0.526054
0.333571
0.333571
0.666740
0.666740
0.274843
0.274843
0.463779
0.463779
0.442959
0.442959
0.532788
0.532788
0.652658
0.652658
0.599948
0.599948
0.302010
0.302010
0.370091
0.370091
0.440000
0.440000
0.375837
0.375837
0.580940
0.580940
0.278900
0.278900
0.703717
0.703717
0.434955
0.434955
0.604342
0.604342
0.332853
0.332853
0.319354
0.319354
0.420411
0.420411
0.495353
0.495353
0.484243
0.484243
0.300097
0.300097
0.685460
0.685460
0.682201
0.682201
0.443300
0.443300
0.486186
0.486186
0.401785
0.401785
0.317049
0.317049
0.221306
0.221306
0.220094
0.220094
0.348587
0.348587
0.341535
0.341535
0.126416
0.126416
0.702309
0.702309
0.623435
0.623435
0.489325
0.489325
0.496294
0.496294
0.365540
0.365540
0.562641
0.562641
0.345948
0.345948
0.379128
0.379128
0.485374
0.485374
0.442656
0.442656
0.286007
0.286007
0.365536
0.365536
0.705197
0.705197
0.646817
0.646817
0.487243
0.487243
0.759406
0.759406
0.302746
0.302746
0.453341
0.453341
0.406154
0.406154
0.554545
0.554545
0.532559
0.532559
0.721952
0.721952
0.553796
0.553796
0.435037
0.435037
0.416252
0.416252
0.266740
0.266740
0.393425
0.393425
0.484565
0.484565
0.440457
0.440457
0.742810
0.742810
0.337867
0.337867
0.485811
0.485811
0.627346
0.627346
0.566692
0.566692
0.523181
0.523181
0.429348
0.429348
0.368310
0.368310
0.309452
0.309452
0.445943
0.445943
0.296274
0.296274
0.452178
0.452178
0.423149
0.423149
0.601725
0.601725
0.371006
0.371006
0.401481
0.401481
0.632145
0.632145
0.523385
0.523385
0.498954
0.498954
0.221810
0.221810
0.315722
0.315722
0.425891
0.425891
0.519539
0.519539
0.520761
0.520761
0.541904
0.541904
0.410229
0.410229
0.549676
0.549676
0.543439
0.543439
0.524867
0.524867
0.365644
0.365644
0.119906
0.119906
0.229028
0.229028
0.468173
0.468173
0.368964
0.368964
0.517255
0.517255
0.365878
0.365878
0.173303
0.173303
0.943792
0.943792
0.334422
0.334422
0.375905
0.375905
0.598671
0.598671
0.345580
0.345580
0.290663
0.290663
0.331305
0.331305
0.491259
0.491259
0.469242
0.469242
0.457407
0.457407
0.327581
0.327581
0.503357
0.503357
0.147866
0.147866
0.385462
0.385462
0.545887
0.545887
0.388625
0.388625
0.470648
0.470648
0.371871
0.371871
0.257336
0.257336
0.368920
0.368920
0.399224
0.399224
0.514766
0.514766
0.442622
0.442622
0.385627
0.385627
0.311147
0.311147
0.398746
0.398746
0.492413
0.492413
0.543017
0.543017
0.390114
0.390114
0.248423
0.248423
0.516078
0.516078
0.296701
0.296701
0.599172
0.599172
0.374545
0.374545
0.219438
0.219438
0.559659
0.559659
0.408169
0.408169
0.366787
0.366787
0.230013
0.230013
0.543275
0.543275
0.511819
0.511819
0.145587
0.145587
0.301618
0.301618
0.542210
0.542210
0.506812
0.506812
0.227139
0.227139
0.666389
0.666389
0.663332
0.663332
0.486350
0.486350
0.319782
0.319782
0.696612
0.696612
0.198989
0.198989
0.477418
0.477418
0.412453
0.412453
0.326904
0.326904
0.388557
0.388557
0.425518
0.425518
0.266346
0.266346
0.299659
0.299659
0.394340
0.394340
0.513706
0.513706
0.335462
0.335462
0.326741
0.326741
0.284833
0.284833
0.378158
0.378158
0.372447
0.372447
0.535733
0.535733
0.305074
0.305074
0.853350
0.853350
0.427743
0.427743
0.356240
0.356240
0.607426
0.607426
0.447685
0.447685
0.371864
0.371864
0.515109
0.515109
0.533405
0.533405
0.501804
0.501804
0.729806
0.729806
0.242761
0.242761
0.488785
0.488785
0.345252
0.345252
0.604707
0.604707
0.217394
0.217394
0.380791
0.380791
0.552228
0.552228
0.350799
0.350799
0.201838
0.201838
0.546582
0.546582
0.401432
0.401432
0.473545
0.473545
0.422838
0.422838
0.384094
0.384094
0.497860
0.497860
0.566143
0.566143
0.314120
0.314120
0.310688
0.310688
0.399685
0.399685
0.445606
0.445606
0.837293
0.837293
0.521079
0.521079
0.657712
0.657712
0.288874
0.288874
0.410464
0.410464
0.398723
0.398723
0.491449
0.491449
0.233111
0.233111
0.280808
0.280808
0.434499
0.434499
0.948332
0.948332
0.357962
0.357962
0.314622
0.314622
0.446323
0.446323
0.447862
0.447862
0.468638
0.468638
0.639772
0.639772
0.495816
0.495816
0.561901
0.561901
0.218794
0.218794
0.470368
0.470368
0.329785
0.329785
0.670242
0.670242
0.341462
0.341462
0.278335
0.278335
0.438151
0.438151
0.326527
0.326527
0.446009
0.446009
0.281632
0.281632
0.376989
0.376989
0.433592
0.433592
0.314950
0.314950
0.452565
0.452565
0.472995
0.472995
0.470065
0.470065
0.574698
0.574698
0.483048
0.483048
0.571957
0.571957
0.254985
0.254985
0.376015
0.376015
0.466271
0.466271
0.647357
0.647357
0.318767
0.318767
0.252095
0.252095
0.416830
0.416830
0.542412
0.542412
0.549043
0.549043
0.586970
0.586970
0.565973
0.565973
0.313074
0.313074
0.203725
0.203725
0.416369
0.416369
0.615601
0.615601
0.378851
0.378851
0.250654
0.250654
0.311895
0.311895
0.275757
0.275757
0.257953
0.257953
0.438637
0.438637
0.182866
0.182866
0.362868
0.362868
0.424725
0.424725
0.572351
0.572351
0.278668
0.278668
0.421996
0.421996
0.574493
0.574493
0.573353
0.573353
0.511247
0.511247
0.695019
0.695019
0.484065
0.484065
0.345235
0.345235
0.426950
0.426950
0.718492
0.718492
0.359331
0.359331
0.447632
0.447632
0.447523
0.447523
0.356826
0.356826
0.432538
0.432538
0.319066
0.319066
0.619028
0.619028
0.460747
0.460747
0.156638
0.156638
0.306985
0.306985
0.513667
0.513667
0.595108
0.595108
0.339313
0.339313
0.285822
0.285822
0.400382
0.400382
0.331635
0.331635
0.453678
0.453678
0.533345
0.533345
0.700578
0.700578
0.421933
0.421933
0.309173
0.309173
0.401789
0.401789
0.260253
0.260253
0.523641
0.523641
0.255739
0.255739
0.173863
0.173863
0.319919
0.319919
0.260721
0.260721
0.396075
0.396075
0.372376
0.372376
0.376922
0.376922
0.342871
0.342871
0.352847
0.352847
0.352488
0.352488
0.447009
0.447009
0.412745
0.412745
0.709234
0.709234
0.392444
0.392444
0.217600
0.217600
0.211773
0.211773
0.272406
0.272406
0.589147
0.589147
0.357613
0.357613
0.511864
0.511864
0.239164
0.239164
0.681652
0.681652
0.318015
0.318015
0.264445
0.264445
0.229256
0.229256
0.398919
0.398919
0.620619
0.620619
0.541541
0.541541
0.499510
0.499510
0.437025
0.437025
0.431080
0.431080
0.450031
0.450031
0.442159
0.442159
0.709054
0.709054
0.543631
0.543631
0.462206
0.462206
0.647388
0.647388
0.309004
0.309004
0.492121
0.492121
0.583695
0.583695
0.354262
0.354262
0.163139
0.163139
0.287996
0.287996
0.255155
0.255155
0.441367
0.441367
0.300256
0.300256
0.215218
0.215218
0.371138
0.371138
0.491106
0.491106
0.595292
0.595292
0.373916
0.373916
0.221784
0.221784
0.433137
0.433137
0.542042
0.542042
0.394774
0.394774
0.496875
0.496875
0.521427
0.521427
0.473587
0.473587
0.550034
0.550034
0.254813
0.254813
0.213437
0.213437
0.530098
0.530098
0.744238
0.744238
0.649661
0.649661
0.510424
0.510424
0.401000
0.401000
0.298864
0.298864
0.240176
0.240176
0.367368
0.367368
0.486769
0.486769
0.416408
0.416408
0.429124
0.429124
0.304497
0.304497
0.489484
0.489484
0.361306
0.361306
0.548776
0.548776
0.305476
0.305476
0.313355
0.313355
0.578935
0.578935
0.408203
0.408203
0.213318
0.213318
0.636349
0.636349
0.573375
0.573375
0.615664
0.615664
0.563282
0.563282
0.350557
0.350557
0.413131
0.413131
0.259889
0.259889
0.256980
0.256980
0.491989
0.491989
0.359666
0.359666
0.514799
0.514799
0.292868
0.292868
0.549486
0.549486
0.397786
0.397786
0.645102
0.645102
0.503559
0.503559
0.380682
0.380682
0.490977
0.490977
0.269701
0.269701
0.325178
0.325178
0.382362
0.382362
0.279688
0.279688
0.390086
0.390086
0.308525
0.308525
0.523853
0.523853
0.354427
0.354427
0.582062
0.582062
0.362926
0.362926
0.363667
0.363667
0.326493
0.326493
0.510211
0.510211
0.394655
0.394655
0.381214
0.381214
0.646450
0.646450
0.166373
0.166373
0.335282
0.335282
0.411921
0.411921
0.367686
0.367686
0.508107
0.508107
0.392107
0.392107
0.504784
0.504784
0.190147
0.190147
0.229162
0.229162
0.440047
0.440047
0.245061
0.245061
0.242013
0.242013
0.352676
0.352676
0.553352
0.553352
0.430925
0.430925
0.548886
0.548886
0.507337
0.507337
0.794945
0.794945
0.396076
0.396076
0.663083
0.663083
0.286730
0.286730
0.371792
0.371792
0.326660
0.326660
0.299686
0.299686
0.470209
0.470209
0.218152
0.218152
0.376426
0.376426
0.486132
0.486132
0.496669
0.496669
0.343306
0.343306
0.371464
0.371464
0.827071
0.827071
0.440676
0.440676
0.286828
0.286828
0.425495
0.425495
0.234418
0.234418
0.700773
0.700773
0.179180
0.179180
0.632467
0.632467
0.474183
0.474183
0.472148
0.472148
0.433762
0.433762
0.505916
0.505916
0.374986
0.374986
0.416950
0.416950
0.424809
0.424809
0.340498
0.340498
0.382893
0.382893
0.457269
0.457269
0.412349
0.412349
0.869704
0.869704
0.351944
0.351944
0.492570
0.492570
0.460875
0.460875
0.240503
0.240503
0.203972
0.203972
0.540091
0.540091
0.390167
0.390167
0.479849
0.479849
0.386014
0.386014
0.365474
0.365474
0.542580
0.542580
0.330389
0.330389
0.444941
0.444941
0.461364
0.461364
0.520867
0.520867
0.618878
0.618878
0.447496
0.447496
0.389120
0.389120
0.320238
0.320238
0.359926
0.359926
0.699955
0.699955
0.229744
0.229744
0.295959
0.295959
0.421652
0.421652
0.781632
0.781632
0.714995
0.714995
0.355544
0.355544
0.604630
0.604630
0.214718
0.214718
0.501158
0.501158
0.512771
0.512771
0.316763
0.316763
0.347240
0.347240
0.374968
0.374968
0.361589
0.361589
0.659005
0.659005
0.281904
0.281904
0.282219
0.282219
0.295667
0.295667
0.507666
0.507666
0.713666
0.713666
0.334973
0.334973
0.543696
0.543696
0.271714
0.271714
0.512684
0.512684
0.683812
0.683812
0.258340
0.258340
0.312757
0.312757
0.467031
0.467031
0.515565
0.515565
0.432336
0.432336
0.191408
0.191408
0.228151
0.228151
0.681457
0.681457
0.475902
0.475902
0.487840
0.487840
0.187775
0.187775
0.379583
0.379583
0.478889
0.478889
0.331429
0.331429
0.434721
0.434721
0.381845
0.381845
0.385046
0.385046
0.342543
0.342543
0.546903
0.546903
0.247770
0.247770
0.527946
0.527946
0.264505
0.264505
0.351403
0.351403
0.561633
0.561633
0.316980
0.316980
0.543453
0.543453
0.443019
0.443019
0.489108
0.489108
0.358108
0.358108
0.543302
0.543302
0.422908
0.422908
0.421226
0.421226
0.177197
0.177197
0.365345
0.365345
0.560506
0.560506
0.280245
0.280245
0.290372
0.290372
0.443102
0.443102
0.418328
0.418328
0.438830
0.438830
0.442479
0.442479
0.232960
0.232960
0.399402
0.399402
0.549392
0.549392
0.373364
0.373364
0.357732
0.357732
0.321171
0.321171
0.358519
0.358519
0.446082
0.446082
0.562681
0.562681
0.687175
0.687175
0.316982
0.316982
0.527666
0.527666
0.521669
0.521669
0.383433
0.383433
0.313669
0.313669
0.409438
0.409438
0.190229
0.190229
0.676612
0.676612
0.439095
0.439095
0.399552
0.399552
0.283690
0.283690
0.320059
0.320059
0.606206
0.606206
0.351589
0.351589
0.190528
0.190528
0.390956
0.390956
0.186735
0.186735
0.545525
0.545525
0.516533
0.516533
0.373906
0.373906
0.173531
0.173531
0.241293
0.241293
0.248259
0.248259
0.424658
0.424658
0.218474
0.218474
0.431690
0.431690
0.461372
0.461372
0.479121
0.479121
0.290017
0.290017
0.650716
0.650716
0.253912
0.253912
0.216450
0.216450
0.488855
0.488855
0.035337
0.035337
0.138908
0.138908
0.501217
0.501217
0.525793
0.525793
0.545762
0.545762
0.476479
0.476479
0.272316
0.272316
0.182408
0.182408
0.220441
0.220441
0.261829
0.261829
0.935368
0.935368
0.424466
0.424466
0.322926
0.322926
0.392901
0.392901
0.543473
0.543473
0.170594
0.170594
0.271897
0.271897
0.337671
0.337671
0.492138
0.492138
0.137092
0.137092
0.312317
0.312317
0.463803
0.463803
0.196382
0.196382
0.395586
0.395586
0.589099
0.589099
0.448378
0.448378
0.473656
0.473656
0.333234
0.333234
0.453841
0.453841
0.360431
0.360431
0.424221
0.424221
0.954764
0.954764
0.348825
0.348825
0.404081
0.404081
0.524299
0.524299
0.297742
0.297742
0.343019
0.343019
0.122389
0.122389
0.408232
0.408232
0.225349
0.225349
0.288977
0.288977
0.400507
0.400507
0.286071
0.286071
0.243005
0.243005
0.363077
0.363077
0.387851
0.387851
0.383413
0.383413
0.312693
0.312693
0.328762
0.328762
0.273455
0.273455
0.426414
0.426414
0.390489
0.390489
0.439421
0.439421
0.462205
0.462205
0.273117
0.273117
0.259643
0.259643
0.510826
0.510826
0.428898
0.428898
0.649549
0.649549
0.481487
0.481487
0.720675
0.720675
0.343468
0.343468
0.212290
0.212290
0.298551
0.298551
0.542534
0.542534
0.354899
0.354899
0.569092
0.569092
0.268054
0.268054
0.474452
0.474452
0.865584
0.865584
0.600117
0.600117
0.283690
0.283690
0.344876
0.344876
0.313578
0.313578
0.396800
0.396800
0.373998
0.373998
0.513825
0.513825
0.508237
0.508237
0.236272
0.236272
0.526851
0.526851
0.709739
0.709739
0.476887
0.476887
0.454630
0.454630
0.873289
0.873289
0.304581
0.304581
0.411673
0.411673
0.499750
0.499750
0.461820
0.461820
0.233582
0.233582
0.356673
0.356673
0.288477
0.288477
0.195305
0.195305
0.795166
0.795166
0.336741
0.336741
0.406396
0.406396
0.593848
0.593848
0.490062
0.490062
0.688946
0.688946
0.229383
0.229383
0.442083
0.442083
0.159604
0.159604
0.413175
0.413175
0.554353
0.554353
0.247924
0.247924
0.439319
0.439319
0.518474
0.518474
0.352040
0.352040
0.486604
0.486604
0.386613
0.386613
0.490625
0.490625
0.318552
0.318552
0.546440
0.546440
0.573860
0.573860
0.547744
0.547744
0.329786
0.329786
0.291633
0.291633
0.430255
0.430255
0.330868
0.330868
0.717145
0.717145
0.300199
0.300199
0.500588
0.500588
0.498768
0.498768
0.227493
0.227493
0.445695
0.445695
0.360022
0.360022
0.476783
0.476783
0.213696
0.213696
0.420655
0.420655
0.612799
0.612799
0.358673
0.358673
0.313510
0.313510
0.277118
0.277118
0.562658
0.562658
0.752204
0.752204
0.279038
0.279038
0.430528
0.430528
0.567670
0.567670
0.550687
0.550687
0.270989
0.270989
0.798069
0.798069
0.454274
0.454274
0.506574
0.506574
0.396832
0.396832
0.477944
0.477944
0.415560
0.415560
0.279903
0.279903
0.492340
0.492340
0.383844
0.383844
0.338618
0.338618
0.343178
0.343178
0.425571
0.425571
0.318267
0.318267
0.302328
0.302328
0.539124
0.539124
0.485139
0.485139
0.594180
0.594180
0.418333
0.418333
0.317130
0.317130
0.411127
0.411127
0.660981
0.660981
0.340151
0.340151
0.253274
0.253274
0.376638
0.376638
0.401833
0.401833
0.478727
0.478727
0.196625
0.196625
0.465272
0.465272
0.481329
0.481329
0.598639
0.598639
0.365205
0.365205
0.379884
0.379884
0.177917
0.177917
0.191158
0.191158
0.450136
0.450136
0.186393
0.186393
0.270554
0.270554
0.315893
0.315893
0.400952
0.400952
0.550970
0.550970
0.486852
0.486852
0.544353
0.544353
0.311470
0.311470
0.303668
0.303668
0.333765
0.333765
0.329134
0.329134
0.624163
0.624163
0.328269
0.328269
0.318478
0.318478
0.436967
0.436967
0.319161
0.319161
0.465726
0.465726
0.372794
0.372794
0.264654
0.264654
0.535125
0.535125
0.249380
0.249380
0.423998
0.423998
0.850661
0.850661
0.341895
0.341895
0.332022
0.332022
0.656636
0.656636
0.419780
0.419780
0.368899
0.368899
0.322759
0.322759
0.583396
0.583396
0.413569
0.413569
0.561928
0.561928
0.177904
0.177904
0.543507
0.543507
0.265663
0.265663
0.307155
0.307155
0.359520
0.359520
0.365461
0.365461
0.321375
0.321375
0.428096
0.428096
0.401598
0.401598
0.519787
0.519787
0.408851
0.408851
0.239724
0.239724
0.326841
0.326841
0.338297
0.338297
0.399896
0.399896
0.226186
0.226186
0.338223
0.338223
0.431248
0.431248
0.398151
0.398151
0.587595
0.587595
0.559835
0.559835
0.388997
0.388997
0.629230
0.629230
0.525767
0.525767
0.403808
0.403808
0.396449
0.396449
0.562760
0.562760
0.494129
0.494129
0.636412
0.636412
0.565287
0.565287
0.378917
0.378917
0.270353
0.270353
0.395506
0.395506
0.283769
0.283769
0.432983
0.432983
0.231947
0.231947
0.428155
0.428155
0.508480
0.508480
0.259136
0.259136
0.679863
0.679863
0.192793
0.192793
0.465659
0.465659
0.509745
0.509745
0.398899
0.398899
0.429686
0.429686
0.141670
0.141670
0.612894
0.612894
0.280821
0.280821
0.396052
0.396052
0.198646
0.198646
0.441161
0.441161
0.380691
0.380691
0.401173
0.401173
0.243794
0.243794
0.266591
0.266591
0.647538
0.647538
0.286206
0.286206
0.458654
0.458654
0.429330
0.429330
0.621543
0.621543
0.462363
0.462363
0.507154
0.507154
0.543122
0.543122
0.602570
0.602570
0.456478
0.456478
0.322852
0.322852
0.350069
0.350069
0.732982
0.732982
0.565385
0.565385
0.422667
0.422667
0.554871
0.554871
0.593400
0.593400
0.703204
0.703204
0.082480
0.082480
0.448203
0.448203
0.217945
0.217945
0.403957
0.403957
0.576296
0.576296
0.258019
0.258019
0.463675
0.463675
0.521245
0.521245
0.214290
0.214290
0.385116
0.385116
0.347114
0.347114
0.762421
0.762421
0.347757
0.347757
0.300317
0.300317
0.447932
0.447932
0.248562
0.248562
0.253419
0.253419
0.718247
0.718247
0.608578
0.608578
0.395687
0.395687
0.277092
0.277092
0.346483
0.346483
0.347784
0.347784
0.236971
0.236971
0.300532
0.300532
0.545343
0.545343
0.511047
0.511047
0.333753
0.333753
0.337321
0.337321
0.136627
0.136627
0.350099
0.350099
0.261838
0.261838
0.131271
0.131271
0.510172
0.510172
0.306291
0.306291
0.401141
0.401141
0.569953
0.569953
0.483637
0.483637
0.327709
0.327709
0.734859
0.734859
0.258680
0.258680
0.367593
0.367593
0.294948
0.294948
0.301078
0.301078
0.384896
0.384896
0.301764
0.301764
0.403821
0.403821
0.453355
0.453355
0.559065
0.559065
0.530695
0.530695
0.313501
0.313501
0.472139
0.472139
0.392313
0.392313
0.220356
0.220356
0.493427
0.493427
0.653271
0.653271
0.277193
0.277193
0.192094
0.192094
0.503836
0.503836
0.286967
0.286967
0.502826
0.502826
0.268821
0.268821
0.411016
0.411016
0.358153
0.358153
0.360207
0.360207
0.336790
0.336790
0.240069
0.240069
0.335780
0.335780
0.397749
0.397749
0.198506
0.198506
0.328219
0.328219
0.357904
0.357904
0.371104
0.371104
0.351613
0.351613
0.572516
0.572516
0.389255
0.389255
0.316799
0.316799
0.301716
0.301716
0.314058
0.314058
0.663631
0.663631
0.513719
0.513719
0.627348
0.627348
0.484862
0.484862
0.483061
0.483061
0.325225
0.325225
0.473359
0.473359
0.281995
0.281995
0.433213
0.433213
0.169898
0.169898
0.537790
0.537790
0.353596
0.353596
0.575958
0.575958
0.426147
0.426147
0.599986
0.599986
0.309057
0.309057
0.551386
0.551386
0.360137
0.360137
0.779250
0.779250
0.467825
0.467825
0.298829
0.298829
0.382856
0.382856
0.400062
0.400062
0.257324
0.257324
0.433826
0.433826
0.564639
0.564639
0.641514
0.641514
0.531276
0.531276
0.382173
0.382173
0.624094
0.624094
0.292993
0.292993
0.255447
0.255447
0.475646
0.475646
0.294393
0.294393
0.484678
0.484678
0.342711
0.342711
0.220892
0.220892
0.278829
0.278829
0.470804
0.470804
0.516726
0.516726
0.474266
0.474266
0.223739
0.223739
0.566763
0.566763
0.636774
0.636774
0.478518
0.478518
0.584353
0.584353
0.301246
0.301246
0.302704
0.302704
0.492931
0.492931
0.430449
0.430449
0.458172
0.458172
0.407774
0.407774
0.314792
0.314792
0.202777
0.202777
0.286434
0.286434
0.398140
0.398140
0.372596
0.372596
0.352093
0.352093
0.648384
0.648384
0.499409
0.499409
0.551941
0.551941
0.418855
0.418855
0.250122
0.250122
0.444341
0.444341
0.447615
0.447615
0.641563
0.641563
0.315433
0.315433
0.334496
0.334496
0.340756
0.340756
0.581678
0.581678
0.377748
0.377748
0.215238
0.215238
0.159381
0.159381
0.422765
0.422765
0.337784
0.337784
0.497435
0.497435
0.268169
0.268169
0.312342
0.312342
0.197879
0.197879
0.149197
0.149197
0.385802
0.385802
0.390972
0.390972
0.432465
0.432465
0.455161
0.455161
0.414804
0.414804
0.206976
0.206976
0.362672
0.362672
0.562594
0.562594
0.284424
0.284424
0.483644
0.483644
0.420551
0.420551
0.265585
0.265585
0.262196
0.262196
0.421568
0.421568
0.489273
0.489273
0.396400
0.396400
0.325249
0.325249
0.491885
0.491885
0.334070
0.334070
0.338538
0.338538
0.599548
0.599548
0.360969
0.360969
0.424231
0.424231
0.424406
0.424406
0.311703
0.311703
0.391965
0.391965
0.415478
0.415478
0.368232
0.368232
0.491391
0.491391
0.456931
0.456931
1.890650
1.890650
0.307748
0.307748
0.306048
0.306048
0.461137
0.461137
0.468861
0.468861
0.519480
0.519480
0.611405
0.611405
0.224458
0.224458
0.150388
0.150388
0.459077
0.459077
0.233698
0.233698
0.423594
0.423594
0.302125
0.302125
0.510825
0.510825
0.157160
0.157160
0.428949
0.428949
0.295768
0.295768
0.283436
0.283436
0.164529
0.164529
0.327124
0.327124
0.459654
0.459654
0.512281
0.512281
0.338279
0.338279
0.197250
0.197250
0.387781
0.387781
0.255152
0.255152
0.423363
0.423363
0.383063
0.383063
0.465917
0.465917
0.518565
0.518565
0.484996
0.484996
0.398438
0.398438
0.430626
0.430626
0.592754
0.592754
0.357673
0.357673
0.472432
0.472432
0.530144
0.530144
0.500567
0.500567
0.460981
0.460981
0.548571
0.548571
0.331869
0.331869
0.195419
0.195419
0.363664
0.363664
0.395469
0.395469
0.331819
0.331819
0.296858
0.296858
0.201310
0.201310
0.322819
0.322819
0.409952
0.409952
0.269601
0.269601
0.414835
0.414835
0.337314
0.337314
0.313990
0.313990
0.350808
0.350808
0.451193
0.451193
0.497048
0.497048
0.410971
0.410971
0.253632
0.253632
0.781149
0.781149
0.320867
0.320867
0.194273
0.194273
0.396765
0.396765
0.483677
0.483677
0.302946
0.302946
0.478903
0.478903
0.388396
0.388396
0.235091
0.235091
0.350048
0.350048
0.561837
0.561837
0.380418
0.380418
0.472203
0.472203
0.440526
0.440526
0.482664
0.482664
0.409559
0.409559
0.421411
0.421411
0.343739
0.343739
0.613684
0.613684
0.450337
0.450337
0.253206
0.253206
0.638030
0.638030
0.326221
0.326221
0.301994
0.301994
0.391662
0.391662
0.649754
0.649754
0.440335
0.440335
0.525682
0.525682
0.572021
0.572021
0.265687
0.265687
0.516632
0.516632
0.370212
0.370212
0.558823
0.558823
0.524107
0.524107
0.388605
0.388605
0.322346
0.322346
0.239871
0.239871
0.411100
0.411100
0.275899
0.275899
0.158373
0.158373
0.319864
0.319864
1.005920
1.005920
0.196272
0.196272
0.492827
0.492827
0.257108
0.257108
0.726611
0.726611
0.446264
0.446264
0.620218
0.620218
0.409449
0.409449
0.487148
0.487148
0.432718
0.432718
0.387698
0.387698
0.268038
0.268038
0.594040
0.594040
0.430879
0.430879
0.398597
0.398597
0.432948
0.432948
0.539179
0.539179
0.402816
0.402816
0.368558
0.368558
0.482243
0.482243
0.442899
0.442899
0.653626
0.653626
0.596878
0.596878
0.485826
0.485826
0.556633
0.556633
0.374498
0.374498
0.462641
0.462641
0.321423
0.321423
0.352793
0.352793
0.255682
0.255682
0.211208
0.211208
0.319206
0.319206
0.460084
0.460084
0.346341
0.346341
0.381794
0.381794
0.468385
0.468385
0.478076
0.478076
0.354269
0.354269
0.620701
0.620701
0.294636
0.294636
0.315284
0.315284
0.461739
0.461739
0.288184
0.288184
0.463654
0.463654
0.374144
0.374144
0.474406
0.474406
0.685245
0.685245
0.138769
0.138769
0.258024
0.258024
0.676056
0.676056
0.458864
0.458864
0.337851
0.337851
0.439431
0.439431
0.300326
0.300326
0.295787
0.295787
0.545781
0.545781
0.477283
0.477283
0.289117
0.289117
0.210084
0.210084
0.226475
0.226475
0.702406
0.702406
0.368678
0.368678
0.463348
0.463348
0.312240
0.312240
0.138277
0.138277
0.408778
0.408778
0.520815
0.520815
0.435093
0.435093
0.315214
0.315214
0.471484
0.471484
0.393350
0.393350
0.418632
0.418632
0.517881
0.517881
0.129695
0.129695
0.249737
0.249737
0.345628
0.345628
0.283680
0.283680
0.361867
0.361867
0.279301
0.279301
0.510685
0.510685
0.642690
0.642690
0.178092
0.178092
0.678065
0.678065
0.529527
0.529527
0.354339
0.354339
0.402228
0.402228
0.394860
0.394860
0.534529
0.534529
0.460518
0.460518
0.374998
0.374998
0.494155
0.494155
0.227749
0.227749
0.533869
0.533869
0.353745
0.353745
0.259262
0.259262
0.434433
0.434433
0.385742
0.385742
0.293314
0.293314
0.409327
0.409327
0.325572
0.325572
0.449072
0.449072
0.618070
0.618070
0.352296
0.352296
0.180191
0.180191
0.271478
0.271478
0.408078
0.408078
0.478946
0.478946
0.438447
0.438447
0.486783
0.486783
0.423147
0.423147
0.290269
0.290269
0.377271
0.377271
0.489523
0.489523
0.252799
0.252799
0.424353
0.424353
0.210251
0.210251
0.423073
0.423073
0.308595
0.308595
0.277157
0.277157
0.661537
0.661537
0.190869
0.190869
0.335466
0.335466
0.424000
0.424000
0.604122
0.604122
0.385537
0.385537
0.574827
0.574827
0.507740
0.507740
0.307134
0.307134
0.469726
0.469726
0.437290
0.437290
0.389321
0.389321
0.479870
0.479870
0.594814
0.594814
0.416276
0.416276
0.688499
0.688499
0.141201
0.141201
0.500717
0.500717
0.814728
0.814728
0.355491
0.355491
0.114736
0.114736
0.340237
0.340237
0.192959
0.192959
0.307211
0.307211
0.384643
0.384643
0.329305
0.329305
0.438394
0.438394
0.424412
0.424412
0.708602
0.708602
0.525899
0.525899
0.256947
0.256947
0.299558
0.299558
0.332088
0.332088
0.335201
0.335201
0.575374
0.575374
0.434449
0.434449
0.495355
0.495355
0.383027
0.383027
0.506891
0.506891
0.422377
0.422377
0.423364
0.423364
0.301524
0.301524
0.277538
0.277538
0.342300
0.342300
0.546652
0.546652
0.474391
0.474391
0.415095
0.415095
0.356104
0.356104
0.633037
0.633037
0.237936
0.237936
0.170377
0.170377
0.408658
0.408658
0.358454
0.358454
0.504156
0.504156
0.461373
0.461373
0.445260
0.445260
0.481614
0.481614
0.428542
0.428542
0.189523
0.189523
0.441835
0.441835
0.634779
0.634779
0.332373
0.332373
0.343142
0.343142
0.372867
0.372867
0.506582
0.506582
0.220693
0.220693
0.309278
0.309278
0.231080
0.231080
0.278196
0.278196
0.373595
0.373595
0.467129
0.467129
0.280312
0.280312
0.476755
0.476755
0.534646
0.534646
0.274945
0.274945
0.541118
0.541118
0.266263
0.266263
0.373187
0.373187
0.312775
0.312775
0.269812
0.269812
0.557702
0.557702
0.303646
0.303646
0.635931
0.635931
0.181517
0.181517
0.562859
0.562859
0.350474
0.350474
0.251965
0.251965
0.496383
0.496383
0.238537
0.238537
0.412825
0.412825
0.514874
0.514874
0.452989
0.452989
0.539011
0.539011
0.319793
0.319793
0.416572
0.416572
0.339842
0.339842
0.395433
0.395433
0.494300
0.494300
0.317756
0.317756
0.317776
0.317776
0.351913
0.351913
0.206304
0.206304
0.334422
0.334422
0.542389
0.542389
0.466976
0.466976
0.505703
0.505703
0.298562
0.298562
0.287501
0.287501
0.375762
0.375762
0.401064
0.401064
0.895574
0.895574
0.337716
0.337716
0.247258
0.247258
0.597940
0.597940
0.694767
0.694767
0.119011
0.119011
0.432846
0.432846
0.462294
0.462294
0.220428
0.220428
0.397448
0.397448
0.471382
0.471382
0.273353
0.273353
0.439577
0.439577
0.520776
0.520776
0.272404
0.272404
0.599550
0.599550
0.434115
0.434115
0.511080
0.511080
0.681402
0.681402
0.324973
0.324973
0.271118
0.271118
0.399947
0.399947
0.473033
0.473033
0.178999
0.178999
0.448746
0.448746
0.280531
0.280531
0.489268
0.489268
0.438131
0.438131
0.534357
0.534357
0.535184
0.535184
0.274206
0.274206
0.352767
0.352767
0.335540
0.335540
0.430584
0.430584
0.181749
0.181749
0.180208
0.180208
0.436833
0.436833
0.526514
0.526514
0.392059
0.392059
0.261824
0.261824
0.485092
0.485092
0.387833
0.387833
0.205963
0.205963
0.325875
0.325875
0.219084
0.219084
0.393084
0.393084
0.569570
0.569570
0.474916
0.474916
0.400934
0.400934
0.335403
0.335403
0.422972
0.422972
0.354143
0.354143
0.377261
0.377261
0.438237
0.438237
0.309664
0.309664
0.474689
0.474689
0.143928
0.143928
0.258039
0.258039
0.625665
0.625665
0.665487
0.665487
0.367047
0.367047
0.290168
0.290168
0.135417
0.135417
0.298456
0.298456
0.358003
0.358003
0.415456
0.415456
0.336489
0.336489
0.756310
0.756310
0.368413
0.368413
0.568036
0.568036
0.556688
0.556688
0.521916
0.521916
0.347323
0.347323
0.238826
0.238826
0.367714
0.367714
0.368665
0.368665
0.201745
0.201745
0.413237
0.413237
0.280941
0.280941
0.244123
0.244123
0.274775
0.274775
0.611021
0.611021
0.333546
0.333546
0.196776
0.196776
0.258164
0.258164
0.389764
0.389764
0.291577
0.291577
0.570404
0.570404
0.388174
0.388174
0.453905
0.453905
0.423658
0.423658
0.748648
0.748648
0.510502
0.510502
0.298690
0.298690
0.332249
0.332249
0.357003
0.357003
0.583185
0.583185
0.353014
0.353014
0.662167
0.662167
0.589235
0.589235
0.492876
0.492876
0.345508
0.345508
0.582512
0.582512
0.473410
0.473410
0.258641
0.258641
0.393357
0.393357
0.409215
0.409215
0.306369
0.306369
0.274169
0.274169
0.305357
0.305357
0.325795
0.325795
0.315927
0.315927
0.313614
0.313614
0.388321
0.388321
0.621156
0.621156
0.484606
0.484606
0.477635
0.477635
0.313622
0.313622
0.385627
0.385627
0.454912
0.454912
0.505278
0.505278
0.337740
0.337740
0.450684
0.450684
0.283097
0.283097
0.549254
0.549254
0.396603
0.396603
0.632672
0.632672
0.276168
0.276168
0.297254
0.297254
0.242650
0.242650
0.212833
0.212833
0.237654
0.237654
0.436619
0.436619
0.320856
0.320856
0.323482
0.323482
0.682269
0.682269
0.464864
0.464864
0.426395
0.426395
0.542053
0.542053
0.461040
0.461040
0.033664
0.033664
0.397206
0.397206
0.627451
0.627451
0.238739
0.238739
0.314985
0.314985
0.391274
0.391274
0.427294
0.427294
0.476528
0.476528
0.335979
0.335979
0.362283
0.362283
0.364276
0.364276
0.543543
0.543543
0.524382
0.524382
0.205578
0.205578
0.366626
0.366626
0.512237
0.512237
0.544556
0.544556
0.349676
0.349676
0.482237
0.482237
0.434119
0.434119
0.239437
0.239437
0.499217
0.499217
0.504212
0.504212
0.506864
0.506864
0.423215
0.423215
0.493187
0.493187
0.182731
0.182731
0.284937
0.284937
0.276941
0.276941
0.456882
0.456882
0.201257
0.201257
0.438867
0.438867
0.293431
0.293431
0.479436
0.479436
0.374734
0.374734
0.168164
0.168164
0.396308
0.396308
0.466560
0.466560
0.483989
0.483989
0.476039
0.476039
0.271645
0.271645
0.514737
0.514737
0.309967
0.309967
0.603762
0.603762
0.391606
0.391606
0.549287
0.549287
0.369026
0.369026
0.252403
0.252403
0.531134
0.531134
0.368856
0.368856
0.443851
0.443851
0.292880
0.292880
0.544232
0.544232
0.556577
0.556577
0.399433
0.399433
0.349484
0.349484
0.152574
0.152574
0.421732
0.421732
0.552496
0.552496
0.432308
0.432308
0.323067
0.323067
0.234505
0.234505
0.609142
0.609142
0.374212
0.374212
0.688035
0.688035
0.432812
0.432812
0.440322
0.440322
0.448723
0.448723
0.166661
0.166661
0.217893
0.217893
0.332534
0.332534
0.476605
0.476605
0.339029
0.339029
0.610998
0.610998
0.553935
0.553935
0.158052
0.158052
0.531343
0.531343
0.304844
0.304844
0.471751
0.471751
0.274805
0.274805
0.209772
0.209772
0.339476
0.339476
0.394014
0.394014
0.479167
0.479167
0.298214
0.298214
0.387087
0.387087
0.474824
0.474824
0.289180
0.289180
0.331493
0.331493
0.242348
0.242348
0.340293
0.340293
0.354793
0.354793
0.758693
0.758693
0.372095
0.372095
0.290697
0.290697
0.297519
0.297519
0.484071
0.484071
0.487841
0.487841
0.335958
0.335958
0.274497
0.274497
0.258891
0.258891
0.226575
0.226575
0.542893
0.542893
0.239940
0.239940
0.252650
0.252650
0.361673
0.361673
0.464008
0.464008
0.345958
0.345958
0.472326
0.472326
0.352091
0.352091
0.433491
0.433491
0.301658
0.301658
0.361199
0.361199
0.384296
0.384296
0.109942
0.109942
0.820952
0.820952
0.253695
0.253695
0.315139
0.315139
0.340977
0.340977
0.390257
0.390257
0.751623
0.751623
0.250388
0.250388
0.639487
0.639487
0.442866
0.442866
0.496848
0.496848
0.374979
0.374979
0.274853
0.274853
0.275951
0.275951
0.426419
0.426419
0.651465
0.651465
0.294971
0.294971
0.205896
0.205896
0.354834
0.354834
0.520810
0.520810
0.392573
0.392573
0.349374
0.349374
0.755180
0.755180
0.342011
0.342011
0.256423
0.256423
0.267704
0.267704
0.265267
0.265267
0.429430
0.429430
0.551630
0.551630
0.388056
0.388056
0.529934
0.529934
0.297803
0.297803
0.344638
0.344638
0.303598
0.303598
0.310418
0.310418
0.488470
0.488470
0.472909
0.472909
0.487209
0.487209
0.274015
0.274015
0.141573
0.141573
0.310067
0.310067
0.465504
0.465504
0.154966
0.154966
0.561490
0.561490
0.248888
0.248888
0.170664
0.170664
0.424003
0.424003
0.434285
0.434285
0.431293
0.431293
0.548354
0.548354
0.353965
0.353965
0.504213
0.504213
0.241178
0.241178
0.287671
0.287671
0.202749
0.202749
0.381459
0.381459
0.280810
0.280810
0.413372
0.413372
0.478049
0.478049
0.398742
0.398742
0.667022
0.667022
0.277202
0.277202
0.447160
0.447160
0.395026
0.395026
0.311051
0.311051
0.234671
0.234671
0.371705
0.371705
0.371367
0.371367
0.523286
0.523286
0.320688
0.320688
0.235876
0.235876
0.429811
0.429811
0.369118
0.369118
0.518426
0.518426
0.535618
0.535618
0.203828
0.203828
0.574033
0.574033
0.400939
0.400939
0.455968
0.455968
0.225414
0.225414
0.274359
0.274359
0.481220
0.481220
0.183663
0.183663
0.310425
0.310425
0.376240
0.376240
0.300920
0.300920
0.557977
0.557977
0.431168
0.431168
0.169714
0.169714
0.437758
0.437758
0.427171
0.427171
0.317016
0.317016
0.648844
0.648844
0.443335
0.443335
0.797173
0.797173
0.365529
0.365529
0.250935
0.250935
0.211603
0.211603
0.248085
0.248085
0.453766
0.453766
0.312447
0.312447
0.425820
0.425820
0.354451
0.354451
0.165168
0.165168
0.321967
0.321967
0.629158
0.629158
0.216503
0.216503
0.358185
0.358185
0.240758
0.240758
0.494493
0.494493
0.318697
0.318697
0.668010
0.668010
0.506146
0.506146
0.426183
0.426183
0.331242
0.331242
0.423671
0.423671
0.517999
0.517999
0.497317
0.497317
0.366906
0.366906
0.333895
0.333895
0.403501
0.403501
0.515665
0.515665
0.231051
0.231051
0.205257
0.205257
0.368380
0.368380
0.313351
0.313351
0.574485
0.574485
0.536882
0.536882
0.228987
0.228987
0.126817
0.126817
0.368635
0.368635
0.488531
0.488531
0.196959
0.196959
0.436385
0.436385
0.591578
0.591578
0.264576
0.264576
0.379079
0.379079
0.689979
0.689979
0.592165
0.592165
0.327541
0.327541
0.551423
0.551423
0.479100
0.479100
0.751371
0.751371
0.398299
0.398299
0.579717
0.579717
0.416964
0.416964
0.596897
0.596897
0.942817
0.942817
0.515474
0.515474
0.502153
0.502153
0.342724
0.342724
0.362195
0.362195
0.390707
0.390707
0.194722
0.194722
0.240990
0.240990
0.241461
0.241461
0.466325
0.466325
0.513421
0.513421
0.378871
0.378871
0.562742
0.562742
0.470559
0.470559
0.790693
0.790693
0.341604
0.341604
0.536144
0.536144
0.519957
0.519957
0.322151
0.322151
0.288479
0.288479
0.279468
0.279468
0.412401
0.412401
0.417825
0.417825
0.456773
0.456773
0.249429
0.249429
0.297311
0.297311
0.175345
0.175345
0.391342
0.391342
0.444661
0.444661
0.311630
0.311630
0.370031
0.370031
0.185391
0.185391
0.239616
0.239616
0.378341
0.378341
0.631555
0.631555
0.423621
0.423621
0.513330
0.513330
0.351979
0.351979
0.329259
0.329259
0.349739
0.349739
0.283412
0.283412
0.308557
0.308557
0.450595
0.450595
0.407725
0.407725
0.112296
0.112296
0.281087
0.281087
0.479426
0.479426
0.401396
0.401396
0.361585
0.361585
0.419111
0.419111
0.582137
0.582137
0.622381
0.622381
0.402558
0.402558
0.470753
0.470753
0.589370
0.589370
0.640294
0.640294
0.640183
0.640183
0.318944
0.318944
0.364711
0.364711
0.558200
0.558200
0.446916
0.446916
0.608142
0.608142
0.412174
0.412174
0.423832
0.423832
0.238559
0.238559
0.332624
0.332624
0.247012
0.247012
0.277457
0.277457
0.666413
0.666413
0.312690
0.312690
0.510565
0.510565
0.433946
0.433946
0.469335
0.469335
0.374727
0.374727
0.303655
0.303655
0.329295
0.329295
0.621600
0.621600
0.326338
0.326338
0.368087
0.368087
0.400301
0.400301
0.409124
0.409124
0.457714
0.457714
0.315171
0.315171
0.315470
0.315470
0.333621
0.333621
0.389978
0.389978
0.397035
0.397035
0.395300
0.395300
0.422347
0.422347
0.477435
0.477435
0.304451
0.304451
0.441698
0.441698
0.386174
0.386174
0.500064
0.500064
0.451619
0.451619
0.382008
0.382008
0.233959
0.233959
0.282571
0.282571
0.377197
0.377197
0.407781
0.407781
0.333185
0.333185
0.301953
0.301953
0.380445
0.380445
0.182264
0.182264
0.375600
0.375600
0.287966
0.287966
0.350590
0.350590
0.350901
0.350901
0.425846
0.425846
0.322631
0.322631
0.360247
0.360247
0.470097
0.470097
0.316125
0.316125
0.195642
0.195642
0.244049
0.244049
0.302367
0.302367
0.564630
0.564630
0.341371
0.341371
0.315173
0.315173
0.474085
0.474085
0.416663
0.416663
0.315682
0.315682
0.320479
0.320479
0.580872
0.580872
0.187871
0.187871
0.266238
0.266238
0.367375
0.367375
0.352843
0.352843
0.720225
0.720225
0.193511
0.193511
0.160525
0.160525
0.285752
0.285752
0.628316
0.628316
0.392043
0.392043
0.190349
0.190349
0.426604
0.426604
0.156619
0.156619
0.521116
0.521116
0.375439
0.375439
0.426358
0.426358
0.162436
0.162436
0.245811
0.245811
0.398431
0.398431
0.253273
0.253273
0.520273
0.520273
0.542781
0.542781
0.413958
0.413958
0.408830
0.408830
0.542243
0.542243
0.346970
0.346970
0.408143
0.408143
0.321817
0.321817
0.363228
0.363228
0.538801
0.538801
0.448911
0.448911
0.372986
0.372986
0.470052
0.470052
0.439422
0.439422
0.401539
0.401539
0.575593
0.575593
0.304607
0.304607
0.297940
0.297940
0.448599
0.448599
0.332270
0.332270
0.241776
0.241776
0.219528
0.219528
0.551114
0.551114
0.264337
0.264337
0.346616
0.346616
0.512595
0.512595
0.420652
0.420652
0.298479
0.298479
0.393594
0.393594
0.251869
0.251869
0.395738
0.395738
0.265819
0.265819
0.381205
0.381205
0.303702
0.303702
0.378859
0.378859
0.159811
0.159811
0.578496
0.578496
0.496142
0.496142
0.384724
0.384724
0.616831
0.616831
0.508043
0.508043
0.200407
0.200407
0.323096
0.323096
0.341756
0.341756
0.398580
0.398580
0.467317
0.467317
0.436679
0.436679
0.536165
0.536165
0.188147
0.188147
0.306720
0.306720
0.265902
0.265902
0.217896
0.217896
0.419076
0.419076
0.295447
0.295447
0.497979
0.497979
0.388165
0.388165
0.253756
0.253756
0.440139
0.440139
0.457285
0.457285
0.309996
0.309996
0.349361
0.349361
0.301084
0.301084
0.351523
0.351523
0.012587
0.012587
0.548307
0.548307
0.617565
0.617565
0.549287
0.549287
0.414088
0.414088
0.312246
0.312246
0.424212
0.424212
0.270434
0.270434
0.223788
0.223788
0.389880
0.389880
0.682529
0.682529
0.244379
0.244379
0.180254
0.180254
0.348731
0.348731
0.563834
0.563834
0.501736
0.501736
0.684136
0.684136
0.265474
0.265474
0.337829
0.337829
0.351400
0.351400
0.222483
0.222483
0.305896
0.305896
0.252581
0.252581
0.211354
0.211354
0.406078
0.406078
0.540075
0.540075
0.436237
0.436237
0.660335
0.660335
0.627062
0.627062
0.287504
0.287504
0.426923
0.426923
0.370552
0.370552
0.318709
0.318709
0.176170
0.176170
0.255105
0.255105
0.338622
0.338622
0.263682
0.263682
0.465617
0.465617
0.298570
0.298570
0.756309
0.756309
0.361163
0.361163
0.311564
0.311564
0.450801
0.450801
0.209249
0.209249
0.345350
0.345350
0.305487
0.305487
0.328636
0.328636
0.251488
0.251488
0.319213
0.319213
0.675290
0.675290
0.172350
0.172350
0.188141
0.188141
0.234950
0.234950
0.211553
0.211553
0.159490
0.159490
0.441877
0.441877
0.372448
0.372448
0.439165
0.439165
0.280720
0.280720
0.615700
0.615700
0.552870
0.552870
0.606624
0.606624
0.479983
0.479983
0.353993
0.353993
0.408951
0.408951
0.288115
0.288115
0.226138
0.226138
0.271718
0.271718
0.797235
0.797235
0.211837
0.211837
0.318771
0.318771
0.218218
0.218218
0.339473
0.339473
0.570945
0.570945
0.382531
0.382531
0.289878
0.289878
0.467255
0.467255
0.209521
0.209521
0.475316
0.475316
0.412996
0.412996
0.496852
0.496852
0.483595
0.483595
0.532941
0.532941
0.415778
0.415778
0.349290
0.349290
0.816244
0.816244
0.183863
0.183863
0.344563
0.344563
0.395415
0.395415
0.181414
0.181414
0.464915
0.464915
0.314081
0.314081
0.295038
0.295038
0.247461
0.247461
0.489424
0.489424
0.377066
0.377066
0.194320
0.194320
0.485612
0.485612
0.611091
0.611091
0.212950
0.212950
0.417653
0.417653
0.548478
0.548478
0.585134
0.585134
0.313048
0.313048
0.325648
0.325648
0.332475
0.332475
0.226951
0.226951
0.551141
0.551141
0.451369
0.451369
0.348580
0.348580
0.395386
0.395386
0.487184
0.487184
0.196515
0.196515
0.368556
0.368556
0.322201
0.322201
0.420822
0.420822
0.215616
0.215616
0.179930
0.179930
0.723470
0.723470
0.485647
0.485647
0.272258
0.272258
0.174901
0.174901
0.407034
0.407034
0.393614
0.393614
0.433282
0.433282
0.367790
0.367790
0.588570
0.588570
0.375207
0.375207
0.553891
0.553891
0.421602
0.421602
0.398072
0.398072
0.374519
0.374519
0.284649
0.284649
0.417946
0.417946
0.437728
0.437728
0.540786
0.540786
0.182726
0.182726
0.183392
0.183392
0.325775
0.325775
0.184168
0.184168
0.657074
0.657074
0.371738
0.371738
0.437937
0.437937
0.276826
0.276826
0.198830
0.198830
0.346124
0.346124
0.284478
0.284478
0.096221
0.096221
0.284311
0.284311
0.415971
0.415971
0.256473
0.256473
0.238845
0.238845
0.332318
0.332318
0.256139
0.256139
0.493659
0.493659
0.637913
0.637913
0.556231
0.556231
0.226168
0.226168
0.639229
0.639229
0.774763
0.774763
0.404908
0.404908
0.102960
0.102960
0.628131
0.628131
0.182865
0.182865
0.234365
0.234365
0.245577
0.245577
0.312794
0.312794
0.493542
0.493542
0.211717
0.211717
0.475419
0.475419
0.294664
0.294664
0.296010
0.296010
0.394377
0.394377
0.332363
0.332363
0.441724
0.441724
0.712399
0.712399
0.338434
0.338434
0.168516
0.168516
0.207283
0.207283
0.534826
0.534826
0.637133
0.637133
0.203472
0.203472
0.357581
0.357581
0.251312
0.251312
0.696901
0.696901
0.311733
0.311733
0.416324
0.416324
0.377593
0.377593
0.211614
0.211614
0.500166
0.500166
0.386123
0.386123
0.332677
0.332677
0.359231
0.359231
0.157676
0.157676
0.408144
0.408144
0.381824
0.381824
0.865582
0.865582
0.258456
0.258456
0.376506
0.376506
0.186072
0.186072
0.641204
0.641204
0.379686
0.379686
0.268448
0.268448
0.386997
0.386997
0.361729
0.361729
0.569985
0.569985
0.501968
0.501968
0.255189
0.255189
0.212033
0.212033
0.389368
0.389368
0.673839
0.673839
0.636923
0.636923
0.304769
0.304769
0.324439
0.324439
0.431953
0.431953
0.467882
0.467882
0.337317
0.337317
0.493774
0.493774
0.479053
0.479053
0.299334
0.299334
0.329933
0.329933
0.336064
0.336064
0.246751
0.246751
0.376218
0.376218
0.337337
0.337337
0.604600
0.604600
0.467681
0.467681
0.374412
0.374412
0.688209
0.688209
0.438300
0.438300
0.294700
0.294700
0.494399
0.494399
0.420682
0.420682
0.429781
0.429781
0.042553
0.042553
0.342201
0.342201
0.340699
0.340699
0.556751
0.556751
0.605118
0.605118
0.218039
0.218039
0.544297
0.544297
0.554435
0.554435
0.275184
0.275184
0.535113
0.535113
0.380833
0.380833
0.240185
0.240185
0.279671
0.279671
0.453151
0.453151
0.458391
0.458391
0.583870
0.583870
0.285133
0.285133
0.325966
0.325966
0.179541
0.179541
0.181937
0.181937
0.245753
0.245753
0.397210
0.397210
0.243999
0.243999
0.584835
0.584835
0.704103
0.704103
0.234088
0.234088
0.353146
0.353146
0.516373
0.516373
0.199329
0.199329
0.533099
0.533099
0.518808
0.518808
0.569680
0.569680
0.342361
0.342361
0.302449
0.302449
0.467614
0.467614
0.368416
0.368416
0.257022
0.257022
0.188808
0.188808
0.323812
0.323812
0.206969
0.206969
0.426784
0.426784
0.531215
0.531215
0.706280
0.706280
0.147049
0.147049
0.336676
0.336676
0.143788
0.143788
0.418038
0.418038
0.305990
0.305990
0.413315
0.413315
0.407311
0.407311
0.303762
0.303762
0.323565
0.323565
0.277259
0.277259
0.455942
0.455942
0.433109
0.433109
0.282251
0.282251
0.394775
0.394775
0.627137
0.627137
0.370242
0.370242
0.403610
0.403610
0.215442
0.215442
0.191932
0.191932
0.249194
0.249194
0.472320
0.472320
0.307369
0.307369
0.358566
0.358566
0.249880
0.249880
0.358154
0.358154
0.315005
0.315005
0.325200
0.325200
0.496425
0.496425
0.313622
0.313622
0.445278
0.445278
0.380367
0.380367
0.363921
0.363921
0.173396
0.173396
0.452504
0.452504
0.420812
0.420812
0.333559
0.333559
0.306655
0.306655
0.731006
0.731006
0.265409
0.265409
0.145467
0.145467
0.337678
0.337678
0.183885
0.183885
0.713134
0.713134
0.339361
0.339361
0.554971
0.554971
0.472458
0.472458
0.353803
0.353803
0.416555
0.416555
0.664290
0.664290
0.308041
0.308041
0.336034
0.336034
0.601849
0.601849
0.479968
0.479968
0.233245
0.233245
0.186840
0.186840
0.185988
0.185988
0.185535
0.185535
0.414197
0.414197
0.671082
0.671082
0.592015
0.592015
0.431687
0.431687
0.371056
0.371056
0.403079
0.403079
0.285509
0.285509
0.180205
0.180205
0.249844
0.249844
0.348504
0.348504
0.843710
0.843710
0.164116
0.164116
0.328639
0.328639
0.292121
0.292121
0.486772
0.486772
0.392268
0.392268
0.314651
0.314651
0.631851
0.631851
0.261322
0.261322
0.541720
0.541720
0.549126
0.549126
0.384922
0.384922
0.217613
0.217613
0.268416
0.268416
0.469985
0.469985
0.537465
0.537465
0.399251
0.399251
0.473022
0.473022
0.301726
0.301726
0.252050
0.252050
0.422540
0.422540
0.382631
0.382631
0.302645
0.302645
0.348256
0.348256
0.435686
0.435686
0.320269
0.320269
0.331689
0.331689
0.264323
0.264323
0.379887
0.379887
0.258287
0.258287
0.160279
0.160279
0.441497
0.441497
0.436484
0.436484
0.433739
0.433739
0.712508
0.712508
0.486436
0.486436
0.174303
0.174303
0.392872
0.392872
0.235356
0.235356
0.194954
0.194954
0.560861
0.560861
0.407241
0.407241
0.321740
0.321740
0.478127
0.478127
0.410108
0.410108
0.276914
0.276914
0.341156
0.341156
0.364598
0.364598
0.294147
0.294147
0.335514
0.335514
0.470885
0.470885
0.426830
0.426830
0.550823
0.550823
0.418449
0.418449
0.532772
0.532772
0.504964
0.504964
0.235335
0.235335
0.738397
0.738397
0.198468
0.198468
0.696134
0.696134
0.680812
0.680812
0.475498
0.475498
0.420792
0.420792
0.338617
0.338617
0.391433
0.391433
0.195411
0.195411
0.537577
0.537577
0.215525
0.215525
0.422188
0.422188
0.426309
0.426309
0.405654
0.405654
0.437117
0.437117
0.417576
0.417576
0.326936
0.326936
0.348272
0.348272
0.231953
0.231953
0.279830
0.279830
0.262904
0.262904
0.315622
0.315622
0.196029
0.196029
0.268841
0.268841
0.301634
0.301634
0.290506
0.290506
0.322074
0.322074
0.543065
0.543065
0.438238
0.438238
0.076726
0.076726
0.355759
0.355759
0.475253
0.475253
0.288329
0.288329
0.406361
0.406361
0.356545
0.356545
0.346457
0.346457
0.423110
0.423110
0.361931
0.361931
0.398073
0.398073
0.192776
0.192776
0.609089
0.609089
0.585366
0.585366
0.236628
0.236628
0.466583
0.466583
0.364123
0.364123
0.359589
0.359589
0.725074
0.725074
0.339698
0.339698
0.364681
0.364681
0.443840
0.443840
0.365638
0.365638
0.287073
0.287073
0.216255
0.216255
0.394326
0.394326
0.126201
0.126201
0.301727
0.301727
0.323515
0.323515
0.225495
0.225495
0.325575
0.325575
0.429958
0.429958
0.328626
0.328626
0.361811
0.361811
0.461833
0.461833
0.328645
0.328645
0.206378
0.206378
0.454091
0.454091
0.385805
0.385805
0.635588
0.635588
0.431431
0.431431
0.166395
0.166395
0.434742
0.434742
0.474197
0.474197
0.432983
0.432983
0.351195
0.351195
0.387850
0.387850
0.496778
0.496778
0.240867
0.240867
0.215220
0.215220
0.332045
0.332045
0.358088
0.358088
0.574796
0.574796
0.618390
0.618390
0.406783
0.406783
0.144082
0.144082
0.315806
0.315806
0.382036
0.382036
0.446000
0.446000
0.437912
0.437912
0.282544
0.282544
0.466894
0.466894
0.445106
0.445106
0.583688
0.583688
0.378494
0.378494
0.502206
0.502206
0.523610
0.523610
0.337285
0.337285
0.388360
0.388360
0.415036
0.415036
0.288731
0.288731
0.572287
0.572287
0.336004
0.336004
0.481667
0.481667
0.405126
0.405126
0.409586
0.409586
0.244326
0.244326
0.314426
0.314426
0.551205
0.551205
0.426904
0.426904
0.480081
0.480081
0.224687
0.224687
0.249744
0.249744
0.201204
0.201204
0.388246
0.388246
0.705273
0.705273
0.318444
0.318444
0.354075
0.354075
0.383635
0.383635
0.481882
0.481882
0.534149
0.534149
0.251396
0.251396
0.305938
0.305938
0.294777
0.294777
0.326871
0.326871
0.540711
0.540711
0.510575
0.510575
0.492851
0.492851
0.213927
0.213927
0.338963
0.338963
0.572643
0.572643
0.234552
0.234552
0.238132
0.238132
0.247131
0.247131
0.393725
0.393725
0.180713
0.180713
0.341792
0.341792
0.521251
0.521251
0.338640
0.338640
0.515250
0.515250
0.459200
0.459200
0.323072
0.323072
0.402523
0.402523
0.495780
0.495780
0.486915
0.486915
0.363067
0.363067
0.277256
0.277256
0.300008
0.300008
0.338593
0.338593
0.405075
0.405075
0.670080
0.670080
0.210098
0.210098
0.701192
0.701192
0.451960
0.451960
0.455364
0.455364
0.611893
0.611893
0.498428
0.498428
0.222874
0.222874
0.644081
0.644081
0.330022
0.330022
0.503688
0.503688
0.198517
0.198517
0.198520
0.198520
0.412908
0.412908
0.598038
0.598038
0.256785
0.256785
0.580835
0.580835
0.486810
0.486810
0.388810
0.388810
0.504688
0.504688
0.314670
0.314670
0.264271
0.264271
0.251755
0.251755
0.438110
0.438110
0.571042
0.571042
0.366337
0.366337
0.406320
0.406320
0.388564
0.388564
0.207083
0.207083
0.583370
0.583370
0.334602
0.334602
0.574961
0.574961
0.351339
0.351339
0.350983
0.350983
0.361195
0.361195
0.472028
0.472028
0.330928
0.330928
0.313227
0.313227
0.686006
0.686006
0.250431
0.250431
0.250304
0.250304
0.425264
0.425264
0.423281
0.423281
0.212482
0.212482
0.234635
0.234635
0.246293
0.246293
0.366378
0.366378
0.298281
0.298281
0.223164
0.223164
0.329854
0.329854
0.342871
0.342871
0.333333
0.333333
0.544260
0.544260
0.332566
0.332566
0.542624
0.542624
0.153401
0.153401
0.201091
0.201091
0.380877
0.380877
0.376918
0.376918
0.228715
0.228715
0.269963
0.269963
0.314293
0.314293
0.396106
0.396106
0.763668
0.763668
0.722641
0.722641
0.312988
0.312988
0.356010
0.356010
0.226543
0.226543
0.421323
0.421323
0.077460
0.077460
0.176061
0.176061
0.375977
0.375977
0.232973
0.232973
0.489851
0.489851
0.343082
0.343082
0.402245
0.402245
0.165272
0.165272
0.147258
0.147258
0.188887
0.188887
0.311303
0.311303
0.278220
0.278220
0.259961
0.259961
0.236090
0.236090
0.446881
0.446881
0.353045
0.353045
0.236338
0.236338
0.386976
0.386976
0.489290
0.489290
0.426998
0.426998
0.259681
0.259681
0.251301
0.251301
0.486324
0.486324
0.462044
0.462044
0.204668
0.204668
0.374948
0.374948
0.535924
0.535924
0.299964
0.299964
0.479450
0.479450
0.234420
0.234420
0.356622
0.356622
0.343127
0.343127
0.529335
0.529335
0.244404
0.244404
0.469058
0.469058
0.471203
0.471203
0.403784
0.403784
0.249057
0.249057
0.173126
0.173126
0.566773
0.566773
0.342841
0.342841
0.262835
0.262835
0.251751
0.251751
0.292254
0.292254
0.285813
0.285813
0.376023
0.376023
0.310685
0.310685
0.571611
0.571611
0.515538
0.515538
0.249088
0.249088
0.135748
0.135748
0.716085
0.716085
0.338534
0.338534
0.582763
0.582763
0.264170
0.264170
0.490952
0.490952
0.422669
0.422669
0.275475
0.275475
0.733515
0.733515
0.392000
0.392000
0.388461
0.388461
0.322111
0.322111
0.346930
0.346930
0.332757
0.332757
0.276082
0.276082
0.409309
0.409309
0.331915
0.331915
0.176054
0.176054
0.224069
0.224069
0.305902
0.305902
0.259992
0.259992
0.391953
0.391953
0.433576
0.433576
0.396036
0.396036
0.379431
0.379431
0.596094
0.596094
0.483694
0.483694
0.341711
0.341711
0.466795
0.466795
0.419583
0.419583
0.318557
0.318557
0.468335
0.468335
0.374488
0.374488
0.489522
0.489522
2.466924
2.466924
0.390339
0.390339
0.330438
0.330438
0.575621
0.575621
0.333238
0.333238
0.335398
0.335398
0.402068
0.402068
0.570153
0.570153
0.205988
0.205988
0.355260
0.355260
0.332621
0.332621
0.226685
0.226685
0.388131
0.388131
0.406776
0.406776
0.280574
0.280574
0.309282
0.309282
0.253936
0.253936
0.405697
0.405697
0.767065
0.767065
0.306548
0.306548
0.198954
0.198954
0.458748
0.458748
0.285940
0.285940
0.679858
0.679858
0.187168
0.187168
0.444539
0.444539
0.447416
0.447416
0.372551
0.372551
0.908063
0.908063
0.429640
0.429640
0.593626
0.593626
0.518187
0.518187
0.300426
0.300426
0.214365
0.214365
0.660804
0.660804
0.303919
0.303919
0.401021
0.401021
0.369995
0.369995
0.305848
0.305848
0.290618
0.290618
0.324767
0.324767
0.411700
0.411700
0.259313
0.259313
0.369324
0.369324
0.369425
0.369425
0.324534
0.324534
0.447370
0.447370
0.516525
0.516525
0.295198
0.295198
0.571116
0.571116
0.368300
0.368300
0.302213
0.302213
0.526351
0.526351
0.196655
0.196655
0.160139
0.160139
0.338008
0.338008
0.546061
0.546061
0.215357
0.215357
0.164555
0.164555
0.407151
0.407151
0.446533
0.446533
0.253197
0.253197
0.422732
0.422732
0.434169
0.434169
0.330919
0.330919
0.307882
0.307882
0.222073
0.222073
0.672338
0.672338
0.217163
0.217163
0.405720
0.405720
0.455838
0.455838
0.454757
0.454757
0.197079
0.197079
0.577378
0.577378
0.308725
0.308725
0.531488
0.531488
0.473606
0.473606
0.615072
0.615072
0.654563
0.654563
0.515340
0.515340
0.473780
0.473780
0.342412
0.342412
0.344619
0.344619
0.444636
0.444636
0.544119
0.544119
0.411389
0.411389
0.407141
0.407141
0.194685
0.194685
0.400851
0.400851
0.489565
0.489565
0.211498
0.211498
0.412319
0.412319
0.554517
0.554517
0.338374
0.338374
0.219343
0.219343
0.310761
0.310761
0.406282
0.406282
0.377085
0.377085
0.192135
0.192135
0.278592
0.278592
0.364224
0.364224
0.407113
0.407113
0.287182
0.287182
0.273093
0.273093
0.130486
0.130486
0.286830
0.286830
0.199132
0.199132
0.311121
0.311121
0.487616
0.487616
0.393851
0.393851
0.368359
0.368359
0.372865
0.372865
0.542562
0.542562
0.243988
0.243988
0.186752
0.186752
0.210399
0.210399
0.549875
0.549875
0.603558
0.603558
0.522685
0.522685
0.494894
0.494894
0.281934
0.281934
0.494157
0.494157
0.608123
0.608123
0.381358
0.381358
0.104305
0.104305
0.483341
0.483341
0.233259
0.233259
0.358516
0.358516
0.511852
0.511852
0.492682
0.492682
0.440291
0.440291
0.246241
0.246241
0.504290
0.504290
0.257479
0.257479
0.524688
0.524688
0.183861
0.183861
0.346375
0.346375
0.211213
0.211213
0.404305
0.404305
0.423950
0.423950
0.497447
0.497447
0.567428
0.567428
0.213328
0.213328
0.637987
0.637987
0.151316
0.151316
0.436230
0.436230
0.213538
0.213538
0.478022
0.478022
0.139227
0.139227
0.558764
0.558764
0.667957
0.667957
0.669406
0.669406
0.322054
0.322054
0.473234
0.473234
0.376584
0.376584
0.433845
0.433845
0.450155
0.450155
0.229921
0.229921
0.446569
0.446569
0.248082
0.248082
0.453480
0.453480
0.557080
0.557080
0.255063
0.255063
0.383323
0.383323
0.486440
0.486440
0.501944
0.501944
0.240911
0.240911
0.441458
0.441458
0.398331
0.398331
0.313077
0.313077
0.467705
0.467705
0.233201
0.233201
0.339597
0.339597
0.249192
0.249192
0.223032
0.223032
0.501541
0.501541
0.133105
0.133105
0.579660
0.579660
0.391235
0.391235
0.420739
0.420739
0.315094
0.315094
0.423830
0.423830
0.424649
0.424649
0.263924
0.263924
0.537945
0.537945
0.218384
0.218384
0.386180
0.386180
0.311836
0.311836
0.455872
0.455872
0.280499
0.280499
0.161972
0.161972
0.351595
0.351595
0.317884
0.317884
0.424689
0.424689
0.353509
0.353509
0.193213
0.193213
0.401700
0.401700
0.281306
0.281306
0.193226
0.193226
0.344756
0.344756
0.655750
0.655750
0.568293
0.568293
0.471072
0.471072
0.354302
0.354302
0.138338
0.138338
0.345457
0.345457
0.322986
0.322986
0.263297
0.263297
0.462752
0.462752
0.495870
0.495870
0.480637
0.480637
0.216673
0.216673
0.243356
0.243356
0.220474
0.220474
0.315501
0.315501
0.383745
0.383745
0.369551
0.369551
0.201174
0.201174
0.212456
0.212456
0.238766
0.238766
0.147908
0.147908
0.356625
0.356625
0.190040
0.190040
0.251773
0.251773
0.287771
0.287771
0.230240
0.230240
0.547666
0.547666
0.257321
0.257321
0.519449
0.519449
0.287396
0.287396
0.481166
0.481166
0.294594
0.294594
0.576874
0.576874
0.510727
0.510727
0.051971
0.051971
0.453412
0.453412
0.350349
0.350349
0.275683
0.275683
0.407260
0.407260
0.552997
0.552997
0.471612
0.471612
0.442371
0.442371
0.434543
0.434543
0.445930
0.445930
0.266019
0.266019
0.453248
0.453248
0.672589
0.672589
0.482638
0.482638
0.406102
0.406102
0.182878
0.182878
0.285222
0.285222
0.149496
0.149496
0.323242
0.323242
0.633603
0.633603
0.518385
0.518385
0.333725
0.333725
0.419822
0.419822
0.170557
0.170557
0.308087
0.308087
0.293321
0.293321
0.351205
0.351205
0.389298
0.389298
0.272569
0.272569
0.243694
0.243694
0.208210
0.208210
0.488140
0.488140
0.213679
0.213679
0.559941
0.559941
0.307476
0.307476
0.097552
0.097552
0.243757
0.243757
0.239432
0.239432
0.781604
0.781604
0.175276
0.175276
0.407146
0.407146
0.419451
0.419451
0.221029
0.221029
0.256047
0.256047
0.268444
0.268444
0.271487
0.271487
0.173264
0.173264
0.165817
0.165817
0.289349
0.289349
0.393230
0.393230
0.323872
0.323872
0.519587
0.519587
0.524078
0.524078
0.437275
0.437275
0.226279
0.226279
0.328053
0.328053
0.457983
0.457983
0.533750
0.533750
0.263578
0.263578
0.311294
0.311294
0.593762
0.593762
0.350603
0.350603
0.305954
0.305954
0.376555
0.376555
0.286477
0.286477
0.216393
0.216393
0.367888
0.367888
0.310156
0.310156
0.493447
0.493447
0.395996
0.395996
0.202792
0.202792
0.653063
0.653063
0.263198
0.263198
0.395935
0.395935
0.377610
0.377610
0.300701
0.300701
0.335405
0.335405
0.242555
0.242555
0.388031
0.388031
0.326795
0.326795
0.482185
0.482185
0.230928
0.230928
0.463038
0.463038
0.412459
0.412459
0.369859
0.369859
0.453150
0.453150
0.284596
0.284596
0.407012
0.407012
0.317653
0.317653
0.407032
0.407032
0.237818
0.237818
0.473416
0.473416
0.388625
0.388625
0.248840
0.248840
0.282491
0.282491
0.344137
0.344137
0.352429
0.352429
0.368628
0.368628
0.390218
0.390218
0.352466
0.352466
0.359654
0.359654
0.427233
0.427233
0.483190
0.483190
0.358596
0.358596
0.356330
0.356330
0.434052
0.434052
0.382995
0.382995
0.470844
0.470844
0.599320
0.599320
0.209069
0.209069
0.482062
0.482062
0.380766
0.380766
0.661888
0.661888
0.478932
0.478932
0.189114
0.189114
0.252300
0.252300
0.436372
0.436372
0.412066
0.412066
0.319127
0.319127
0.598202
0.598202
0.465553
0.465553
0.404955
0.404955
0.527076
0.527076
0.149410
0.149410
0.307384
0.307384
0.134378
0.134378
0.286228
0.286228
0.436778
0.436778
0.312863
0.312863
0.488747
0.488747
0.394401
0.394401
0.516711
0.516711
0.397850
0.397850
0.439805
0.439805
0.226703
0.226703
0.216367
0.216367
0.509498
0.509498
0.714585
0.714585
0.540741
0.540741
0.388753
0.388753
0.305248
0.305248
0.663379
0.663379
0.511907
0.511907
0.279126
0.279126
0.112112
0.112112
0.354210
0.354210
0.332629
0.332629
0.436991
0.436991
0.222888
0.222888
0.270094
0.270094
0.167264
0.167264
0.442660
0.442660
0.157891
0.157891
0.323000
0.323000
0.541421
0.541421
0.326268
0.326268
0.395175
0.395175
0.332747
0.332747
0.606686
0.606686
0.545958
0.545958
0.462434
0.462434
0.119484
0.119484
0.370199
0.370199
0.329569
0.329569
0.467815
0.467815
0.465592
0.465592
0.348435
0.348435
0.178103
0.178103
0.445834
0.445834
0.551398
0.551398
0.231461
0.231461
0.221155
0.221155
0.489056
0.489056
0.254214
0.254214
0.305087
0.305087
0.165588
0.165588
0.659568
0.659568
0.490018
0.490018
0.338164
0.338164
0.350500
0.350500
0.382438
0.382438
0.683494
0.683494
0.454672
0.454672
0.430887
0.430887
0.433960
0.433960
0.121308
0.121308
0.467536
0.467536
0.489268
0.489268
0.287021
0.287021
0.223192
0.223192
0.367474
0.367474
0.441983
0.441983
0.463331
0.463331
0.631362
0.631362
0.103464
0.103464
0.369900
0.369900
0.306050
0.306050
0.313455
0.313455
0.339059
0.339059
0.363577
0.363577
0.335270
0.335270
0.313484
0.313484
0.311929
0.311929
0.399083
0.399083
0.431662
0.431662
0.294899
0.294899
0.285335
0.285335
0.396962
0.396962
0.412093
0.412093
0.600110
0.600110
0.231303
0.231303
0.421889
0.421889
0.140679
0.140679
0.324919
0.324919
0.204701
0.204701
0.601228
0.601228
0.366102
0.366102
0.316779
0.316779
0.190717
0.190717
0.070272
0.070272
0.446280
0.446280
0.445870
0.445870
0.239278
0.239278
0.470646
0.470646
0.180020
0.180020
0.293024
0.293024
0.262612
0.262612
0.285149
0.285149
0.496497
0.496497
0.376254
0.376254
0.201363
0.201363
0.617811
0.617811
0.329269
0.329269
0.368620
0.368620
0.115194
0.115194
0.485861
0.485861
0.523403
0.523403
0.338918
0.338918
0.177251
0.177251
0.476407
0.476407
0.403736
0.403736
0.258672
0.258672
0.355316
0.355316
0.532823
0.532823
0.547155
0.547155
0.317212
0.317212
0.193011
0.193011
0.423156
0.423156
0.463862
0.463862
0.381674
0.381674
0.569051
0.569051
0.388006
0.388006
0.527721
0.527721
0.606972
0.606972
0.302192
0.302192
0.342057
0.342057
0.496935
0.496935
0.328464
0.328464
0.201889
0.201889
0.366751
0.366751
0.405348
0.405348
0.311429
0.311429
0.346666
0.346666
0.448600
0.448600
0.329623
0.329623
0.326203
0.326203
0.368082
0.368082
0.374401
0.374401
0.323035
0.323035
0.179201
0.179201
0.565075
0.565075
0.409084
0.409084
0.383560
0.383560
0.253494
0.253494
0.651643
0.651643
0.404694
0.404694
0.352616
0.352616
0.271846
0.271846
0.432628
0.432628
0.267857
0.267857
0.396101
0.396101
0.525268
0.525268
0.236648
0.236648
0.252514
0.252514
0.555929
0.555929
0.362867
0.362867
0.237375
0.237375
0.203500
0.203500
0.279328
0.279328
0.249058
0.249058
0.161399
0.161399
0.644597
0.644597
0.681355
0.681355
0.514242
0.514242
0.742369
0.742369
0.403214
0.403214
0.507599
0.507599
0.236763
0.236763
0.200698
0.200698
0.093787
0.093787
0.378608
0.378608
0.393463
0.393463
0.468554
0.468554
0.400169
0.400169
0.613835
0.613835
0.443811
0.443811
0.483003
0.483003
0.424128
0.424128
0.191006
0.191006
0.392664
0.392664
0.287115
0.287115
0.363050
0.363050
0.180984
0.180984
0.385508
0.385508
0.393889
0.393889
0.456769
0.456769
0.411718
0.411718
0.542055
0.542055
0.509008
0.509008
0.202419
0.202419
0.250016
0.250016
0.498744
0.498744
0.708924
0.708924
0.268328
0.268328
0.384652
0.384652
0.135536
0.135536
0.373968
0.373968
0.212035
0.212035
0.378788
0.378788
0.467844
0.467844
0.132918
0.132918
0.196304
0.196304
0.445112
0.445112
0.182067
0.182067
0.312826
0.312826
0.401257
0.401257
0.500759
0.500759
0.502560
0.502560
0.235420
0.235420
0.355001
0.355001
0.274296
0.274296
0.235783
0.235783
0.335025
0.335025
0.512290
0.512290
0.345200
0.345200
0.419837
0.419837
0.436971
0.436971
0.121974
0.121974
0.422404
0.422404
0.386611
0.386611
0.300304
0.300304
0.184198
0.184198
0.409295
0.409295
0.553873
0.553873
0.339850
0.339850
0.391409
0.391409
0.502616
0.502616
0.482513
0.482513
0.521592
0.521592
0.484307
0.484307
0.338732
0.338732
0.353791
0.353791
0.354022
0.354022
0.427951
0.427951
0.326482
0.326482
0.333066
0.333066
0.456704
0.456704
0.128925
0.128925
0.413819
0.413819
0.393825
0.393825
0.415319
0.415319
0.314727
0.314727
0.206041
0.206041
0.545749
0.545749
0.767215
0.767215
0.270664
0.270664
0.374252
0.374252
0.255269
0.255269
0.429693
0.429693
0.397800
0.397800
0.266575
0.266575
0.248225
0.248225
0.414353
0.414353
0.242702
0.242702
0.452393
0.452393
0.434378
0.434378
0.403200
0.403200
0.347584
0.347584
0.162942
0.162942
0.301731
0.301731
0.449132
0.449132
0.604827
0.604827
0.244766
0.244766
0.283274
0.283274
0.301312
0.301312
0.218143
0.218143
0.334625
0.334625
0.204781
0.204781
0.293380
0.293380
0.266386
0.266386
0.241690
0.241690
0.348162
0.348162
0.429812
0.429812
0.626657
0.626657
0.288267
0.288267
0.412023
0.412023
0.243251
0.243251
0.114869
0.114869
0.276758
0.276758
0.301452
0.301452
0.412189
0.412189
0.230877
0.230877
0.274029
0.274029
0.242241
0.242241
0.367371
0.367371
0.422481
0.422481
0.351499
0.351499
0.309833
0.309833
0.428979
0.428979
0.318526
0.318526
0.294240
0.294240
0.138342
0.138342
0.401341
0.401341
0.348200
0.348200
0.181509
0.181509
0.216401
0.216401
0.320248
0.320248
0.537933
0.537933
0.478629
0.478629
0.380892
0.380892
0.564469
0.564469
0.622053
0.622053
0.312555
0.312555
0.651904
0.651904
0.289258
0.289258
0.773838
0.773838
0.182598
0.182598
0.386885
0.386885
0.211547
0.211547
0.233574
0.233574
0.253756
0.253756
0.339388
0.339388
0.394245
0.394245
0.319997
0.319997
0.368382
0.368382
0.421808
0.421808
0.527916
0.527916
0.487213
0.487213
0.415247
0.415247
0.510549
0.510549
0.281061
0.281061
0.166547
0.166547
0.376861
0.376861
0.435262
0.435262
0.206291
0.206291
0.244444
0.244444
0.309402
0.309402
0.231018
0.231018
0.211504
0.211504
0.303208
0.303208
0.409998
0.409998
0.464253
0.464253
0.201812
0.201812
0.288213
0.288213
0.312495
0.312495
0.597679
0.597679
0.291781
0.291781
0.372150
0.372150
0.476975
0.476975
0.217264
0.217264
0.465918
0.465918
0.456115
0.456115
0.453579
0.453579
0.399811
0.399811
0.360386
0.360386
0.399239
0.399239
0.395243
0.395243
0.451397
0.451397
0.296903
0.296903
0.356043
0.356043
0.342118
0.342118
0.391197
0.391197
0.252662
0.252662
0.338303
0.338303
0.215981
0.215981
0.356835
0.356835
0.617319
0.617319
0.481631
0.481631
0.416382
0.416382
0.199118
0.199118
0.315231
0.315231
0.287773
0.287773
0.412510
0.412510
0.152578
0.152578
0.142685
0.142685
0.402232
0.402232
0.434712
0.434712
0.559293
0.559293
0.357929
0.357929
0.302804
0.302804
0.532849
0.532849
0.279029
0.279029
0.484161
0.484161
0.253570
0.253570
0.162118
0.162118
0.354788
0.354788
0.215604
0.215604
0.190863
0.190863
0.476794
0.476794
0.594977
0.594977
0.296246
0.296246
0.187123
0.187123
0.475462
0.475462
0.355731
0.355731
0.502314
0.502314
0.205755
0.205755
0.770551
0.770551
0.295242
0.295242
0.395372
0.395372
0.350382
0.350382
0.289916
0.289916
0.316645
0.316645
0.296925
0.296925
0.274008
0.274008
0.553338
0.553338
0.152325
0.152325
0.391748
0.391748
0.649024
0.649024
0.474946
0.474946
0.446468
0.446468
0.309113
0.309113
0.213833
0.213833
0.257970
0.257970
0.407930
0.407930
0.222707
0.222707
0.287068
0.287068
0.241520
0.241520
0.125571
0.125571
0.301394
0.301394
0.246896
0.246896
0.253133
0.253133
0.350182
0.350182
0.210876
0.210876
0.533780
0.533780
0.167860
0.167860
0.320908
0.320908
0.210034
0.210034
0.355190
0.355190
0.298508
0.298508
0.334016
0.334016
0.336564
0.336564
0.309004
0.309004
0.223083
0.223083
0.377755
0.377755
0.296055
0.296055
0.602415
0.602415
0.192233
0.192233
0.280862
0.280862
0.155948
0.155948
0.203142
0.203142
0.161456
0.161456
0.485909
0.485909
0.512389
0.512389
0.140191
0.140191
0.382158
0.382158
0.189773
0.189773
0.271555
0.271555
0.375100
0.375100
0.426627
0.426627
0.252145
0.252145
0.750210
0.750210
0.467726
0.467726
0.667006
0.667006
0.324686
0.324686
0.286099
0.286099
0.698631
0.698631
0.316835
0.316835
0.376888
0.376888
0.268733
0.268733
0.546870
0.546870
0.552912
0.552912
0.551713
0.551713
0.335339
0.335339
0.346315
0.346315
0.304769
0.304769
0.418360
0.418360
0.339916
0.339916
0.219595
0.219595
0.154728
0.154728
0.293435
0.293435
0.492602
0.492602
0.234435
0.234435
0.403953
0.403953
0.315868
0.315868
0.215432
0.215432
0.366270
0.366270
0.403369
0.403369
0.743483
0.743483
0.181499
0.181499
0.393722
0.393722
0.475042
0.475042
0.475848
0.475848
0.329116
0.329116
0.300427
0.300427
0.281201
0.281201
0.508833
0.508833
0.240614
0.240614
0.400949
0.400949
0.255255
0.255255
0.464836
0.464836
0.463264
0.463264
0.205203
0.205203
0.390785
0.390785
0.193969
0.193969
0.289842
0.289842
0.464680
0.464680
0.358353
0.358353
0.814238
0.814238
0.219511
0.219511
0.267222
0.267222
0.395730
0.395730
0.338784
0.338784
0.171727
0.171727
0.311059
0.311059
0.291659
0.291659
0.336039
0.336039
0.400103
0.400103
0.458509
0.458509
0.137318
0.137318
0.716659
0.716659
0.733730
0.733730
0.461320
0.461320
0.463322
0.463322
0.234717
0.234717
0.290421
0.290421
0.218623
0.218623
0.336280
0.336280
0.410178
0.410178
0.263616
0.263616
0.506270
0.506270
0.323192
0.323192
0.409875
0.409875
0.351567
0.351567
0.112234
0.112234
0.306144
0.306144
0.483704
0.483704
0.213829
0.213829
0.357123
0.357123
0.466183
0.466183
0.326941
0.326941
0.384059
0.384059
0.421542
0.421542
0.350109
0.350109
0.187140
0.187140
0.397442
0.397442
0.384880
0.384880
0.519796
0.519796
0.370602
0.370602
0.287009
0.287009
0.156305
0.156305
0.557136
0.557136
0.262560
0.262560
0.267975
0.267975
0.339933
0.339933
0.432147
0.432147
0.442943
0.442943
0.412294
0.412294
0.965856
0.965856
0.550381
0.550381
0.250771
0.250771
0.468120
0.468120
0.359818
0.359818
0.398175
0.398175
0.523151
0.523151
0.536745
0.536745
0.674509
0.674509
0.303597
0.303597
0.468818
0.468818
0.379473
0.379473
0.382983
0.382983
0.346670
0.346670
0.513410
0.513410
0.650583
0.650583
0.188605
0.188605
0.393943
0.393943
0.490455
0.490455
0.337920
0.337920
0.165385
0.165385
0.257131
0.257131
0.156933
0.156933
0.219592
0.219592
0.500633
0.500633
0.394642
0.394642
0.724012
0.724012
0.413166
0.413166
0.422162
0.422162
0.314751
0.314751
0.225750
0.225750
0.309535
0.309535
0.465374
0.465374
0.224559
0.224559
0.456335
0.456335
0.154886
0.154886
0.290346
0.290346
0.316639
0.316639
0.696529
0.696529
0.303141
0.303141
0.221794
0.221794
0.412578
0.412578
0.371034
0.371034
0.459934
0.459934
0.293080
0.293080
0.309569
0.309569
0.591221
0.591221
0.489496
0.489496
0.431935
0.431935
0.452220
0.452220
0.393475
0.393475
0.330540
0.330540
0.219478
0.219478
0.450564
0.450564
0.483192
0.483192
0.177403
0.177403
0.499987
0.499987
0.318870
0.318870
0.458675
0.458675
0.662306
0.662306
0.319481
0.319481
0.340638
0.340638
0.502944
0.502944
0.296274
0.296274
0.423690
0.423690
0.334870
0.334870
0.404991
0.404991
0.475798
0.475798
0.195221
0.195221
0.536383
0.536383
0.221865
0.221865
0.417635
0.417635
0.320528
0.320528
0.353956
0.353956
0.711290
0.711290
0.221702
0.221702
0.355358
0.355358
0.296265
0.296265
0.435026
0.435026
0.254289
0.254289
0.222448
0.222448
0.258892
0.258892
0.275357
0.275357
0.340901
0.340901
0.341581
0.341581
0.185016
0.185016
0.337619
0.337619
0.260909
0.260909
0.444897
0.444897
0.486417
0.486417
0.422125
0.422125
0.311212
0.311212
0.397966
0.397966
0.398564
0.398564
0.604124
0.604124
0.298464
0.298464
0.266182
0.266182
0.488751
0.488751
0.432130
0.432130
0.144459
0.144459
0.266301
0.266301
0.397318
0.397318
0.387118
0.387118
0.341167
0.341167
0.409308
0.409308
0.374937
0.374937
0.318983
0.318983
0.502564
0.502564
0.126954
0.126954
0.642901
0.642901
0.154150
0.154150
0.295810
0.295810
0.276236
0.276236
0.228225
0.228225
0.407631
0.407631
0.312443
0.312443
0.452394
0.452394
0.181746
0.181746
0.318816
0.318816
0.298604
0.298604
0.287552
0.287552
0.249685
0.249685
0.707022
0.707022
0.243090
0.243090
0.266675
0.266675
0.389002
0.389002
0.262120
0.262120
0.232111
0.232111
0.215400
0.215400
0.539227
0.539227
0.461855
0.461855
0.398309
0.398309
0.261919
0.261919
0.475148
0.475148
0.401075
0.401075
0.466843
0.466843
0.451337
0.451337
0.302011
0.302011
0.282883
0.282883
0.199334
0.199334
0.218836
0.218836
0.210885
0.210885
0.255342
0.255342
0.383472
0.383472
0.494792
0.494792
0.375308
0.375308
0.482170
0.482170
0.538994
0.538994
0.348418
0.348418
0.431008
0.431008
0.463136
0.463136
0.309460
0.309460
0.304707
0.304707
0.303874
0.303874
0.351809
0.351809
0.496071
0.496071
0.136118
0.136118
0.240002
0.240002
0.471103
0.471103
0.528914
0.528914
0.381283
0.381283
0.371670
0.371670
0.529707
0.529707
0.319148
0.319148
0.497822
0.497822
0.307088
0.307088
0.256023
0.256023
0.798951
0.798951
0.512696
0.512696
0.344465
0.344465
0.435170
0.435170
0.536886
0.536886
0.374163
0.374163
0.322387
0.322387
0.186149
0.186149
0.195626
0.195626
0.184765
0.184765
0.368038
0.368038
0.499467
0.499467
0.185729
0.185729
0.220332
0.220332
0.528745
0.528745
0.444483
0.444483
0.440746
0.440746
0.541229
0.541229
0.294639
0.294639
0.309695
0.309695
0.287540
0.287540
0.218071
0.218071
0.228183
0.228183
0.368584
0.368584
0.402945
0.402945
0.464089
0.464089
0.392451
0.392451
0.231884
0.231884
0.381720
0.381720
0.654472
0.654472
0.452052
0.452052
0.674769
0.674769
0.464591
0.464591
0.324600
0.324600
0.329095
0.329095
0.304482
0.304482
0.229244
0.229244
0.375116
0.375116
0.566817
0.566817
0.101925
0.101925
0.236306
0.236306
0.468452
0.468452
0.290676
0.290676
0.369840
0.369840
0.214073
0.214073
0.466516
0.466516
0.211064
0.211064
0.452428
0.452428
0.106452
0.106452
0.318890
0.318890
0.233111
0.233111
0.145930
0.145930
0.211868
0.211868
0.157646
0.157646
0.231380
0.231380
0.232529
0.232529
0.213747
0.213747
0.334672
0.334672
0.515585
0.515585
0.167758
0.167758
0.367946
0.367946
0.352537
0.352537
0.485456
0.485456
0.171841
0.171841
0.208910
0.208910
0.344270
0.344270
0.406106
0.406106
0.179474
0.179474
0.140798
0.140798
0.325327
0.325327
0.341582
0.341582
0.429538
0.429538
0.610468
0.610468
0.310503
0.310503
0.447662
0.447662
0.542445
0.542445
0.346430
0.346430
0.263425
0.263425
0.336866
0.336866
0.300739
0.300739
0.390973
0.390973
0.266687
0.266687
0.252498
0.252498
0.213083
0.213083
0.239112
0.239112
0.425286
0.425286
0.181751
0.181751
0.461576
0.461576
0.259100
0.259100
0.485853
0.485853
0.631717
0.631717
0.402396
0.402396
0.407677
0.407677
0.624453
0.624453
0.174214
0.174214
0.455301
0.455301
0.302736
0.302736
0.425494
0.425494
0.505683
0.505683
0.388518
0.388518
0.472852
0.472852
0.289143
0.289143
0.114003
0.114003
0.200621
0.200621
0.202949
0.202949
0.208233
0.208233
0.237425
0.237425
0.312052
0.312052
0.644243
0.644243
0.418330
0.418330
0.305833
0.305833
0.459928
0.459928
0.157545
0.157545
0.398504
0.398504
0.316562
0.316562
0.212424
0.212424
0.350259
0.350259
0.147812
0.147812
0.368202
0.368202
0.409625
0.409625
0.323377
0.323377
0.409017
0.409017
0.289558
0.289558
0.468466
0.468466
0.691356
0.691356
0.452049
0.452049
0.292281
0.292281
0.334974
0.334974
0.495406
0.495406
0.496292
0.496292
0.467078
0.467078
0.379292
0.379292
0.286914
0.286914
0.446440
0.446440
0.191383
0.191383
0.161771
0.161771
0.157939
0.157939
0.381502
0.381502
0.310683
0.310683
0.382381
0.382381
0.410394
0.410394
0.268982
0.268982
0.367730
0.367730
0.152220
0.152220
0.350988
0.350988
0.399121
0.399121
0.406984
0.406984
0.161199
0.161199
0.169271
0.169271
0.466477
0.466477
0.342110
0.342110
0.249538
0.249538
0.448825
0.448825
0.356921
0.356921
0.143821
0.143821
0.167158
0.167158
0.360948
0.360948
0.506178
0.506178
0.160200
0.160200
0.238499
0.238499
0.433894
0.433894
0.224586
0.224586
0.330530
0.330530
0.348490
0.348490
0.445354
0.445354
0.306784
0.306784
0.302308
0.302308
0.202731
0.202731
0.333797
0.333797
0.294948
0.294948
0.473032
0.473032
0.137476
0.137476
0.121024
0.121024
0.073236
0.073236
0.293766
0.293766
0.463650
0.463650
0.652253
0.652253
0.478973
0.478973
0.457202
0.457202
0.359891
0.359891
0.711627
0.711627
0.284808
0.284808
0.382816
0.382816
0.280689
0.280689
0.322978
0.322978
0.602002
0.602002
0.268042
0.268042
0.294040
0.294040
0.565356
0.565356
0.431929
0.431929
0.187806
0.187806
0.467167
0.467167
0.485647
0.485647
0.563045
0.563045
0.329569
0.329569
0.421098
0.421098
0.124637
0.124637
0.335109
0.335109
0.378175
0.378175
0.551717
0.551717
0.500615
0.500615
0.244734
0.244734
0.286244
0.286244
0.496294
0.496294
0.513338
0.513338
0.527543
0.527543
0.353699
0.353699
0.660401
0.660401
0.270382
0.270382
0.176414
0.176414
0.484461
0.484461
0.369551
0.369551
0.432884
0.432884
0.229039
0.229039
0.623536
0.623536
0.669948
0.669948
0.221757
0.221757
0.624724
0.624724
0.455847
0.455847
0.254144
0.254144
0.450004
0.450004
0.290858
0.290858
0.408915
0.408915
0.300699
0.300699
0.565497
0.565497
0.538040
0.538040
0.299651
0.299651
0.217904
0.217904
0.263194
0.263194
0.463335
0.463335
0.385560
0.385560
0.339125
0.339125
0.557607
0.557607
0.333321
0.333321
0.314853
0.314853
0.238237
0.238237
0.621026
0.621026
0.481851
0.481851
0.366068
0.366068
0.240172
0.240172
0.401848
0.401848
0.234743
0.234743
0.309762
0.309762
0.354841
0.354841
0.451215
0.451215
0.683927
0.683927
0.237167
0.237167
0.161101
0.161101
0.499153
0.499153
0.557153
0.557153
0.292004
0.292004
0.217948
0.217948
0.550637
0.550637
0.462507
0.462507
0.273992
0.273992
0.458576
0.458576
0.321516
0.321516
0.352757
0.352757
0.606332
0.606332
0.497434
0.497434
0.387395
0.387395
0.413018
0.413018
0.293262
0.293262
0.341959
0.341959
0.263805
0.263805
0.447726
0.447726
0.243728
0.243728
0.413821
0.413821
0.152548
0.152548
0.423961
0.423961
0.337571
0.337571
0.544180
0.544180
0.286476
0.286476
0.234392
0.234392
0.423838
0.423838
0.290246
0.290246
0.576861
0.576861
0.164230
0.164230
0.327417
0.327417
0.175282
0.175282
0.262461
0.262461
0.447100
0.447100
0.332692
0.332692
0.292506
0.292506
0.162755
0.162755
0.185073
0.185073
0.157480
0.157480
0.259168
0.259168
0.196987
0.196987
0.333747
0.333747
0.259453
0.259453
0.364862
0.364862
0.248474
0.248474
0.226309
0.226309
0.406052
0.406052
0.196235
0.196235
0.389349
0.389349
0.397058
0.397058
0.230290
0.230290
0.289626
0.289626
0.387883
0.387883
0.226794
0.226794
0.525593
0.525593
0.451539
0.451539
0.200450
0.200450
0.315460
0.315460
0.167060
0.167060
0.423307
0.423307
0.395373
0.395373
0.667346
0.667346
0.358413
0.358413
0.420236
0.420236
0.339233
0.339233
0.320942
0.320942
0.204802
0.204802
0.103522
0.103522
0.326653
0.326653
0.760482
0.760482
0.443534
0.443534
0.357238
0.357238
0.489919
0.489919
0.268088
0.268088
0.460436
0.460436
0.318741
0.318741
0.323007
0.323007
0.388357
0.388357
0.452124
0.452124
0.303562
0.303562
0.248906
0.248906
0.334100
0.334100
0.421584
0.421584
0.514142
0.514142
0.202405
0.202405
0.590889
0.590889
0.342302
0.342302
0.412082
0.412082
0.521654
0.521654
0.400319
0.400319
0.355510
0.355510
0.158389
0.158389
0.336687
0.336687
0.292598
0.292598
0.275438
0.275438
0.334014
0.334014
0.365324
0.365324
0.454408
0.454408
0.440667
0.440667
0.235377
0.235377
0.386035
0.386035
0.207081
0.207081
0.331167
0.331167
0.247947
0.247947
0.608727
0.608727
0.220669
0.220669
0.502713
0.502713
0.367716
0.367716
0.298575
0.298575
0.227128
0.227128
0.302432
0.302432
0.208140
0.208140
0.445698
0.445698
0.409476
0.409476
0.235016
0.235016
0.351021
0.351021
0.316925
0.316925
0.265407
0.265407
0.335769
0.335769
0.360446
0.360446
0.265812
0.265812
0.495075
0.495075
0.253936
0.253936
0.533396
0.533396
0.477050
0.477050
0.392938
0.392938
0.309652
0.309652
0.243705
0.243705
0.257322
0.257322
0.222094
0.222094
0.300390
0.300390
0.308648
0.308648
0.376817
0.376817
0.345796
0.345796
0.361597
0.361597
0.167539
0.167539
0.285969
0.285969
0.459569
0.459569
0.223429
0.223429
0.317079
0.317079
0.183517
0.183517
0.363483
0.363483
0.461520
0.461520
0.239827
0.239827
0.292109
0.292109
0.346938
0.346938
0.151090
0.151090
0.464303
0.464303
0.370040
0.370040
0.349970
0.349970
0.453816
0.453816
0.410468
0.410468
0.243966
0.243966
0.498032
0.498032
0.283944
0.283944
0.208217
0.208217
0.251967
0.251967
0.506377
0.506377
0.546366
0.546366
0.384989
0.384989
0.328395
0.328395
0.230609
0.230609
0.638239
0.638239
0.283483
0.283483
0.403587
0.403587
0.317473
0.317473
0.548897
0.548897
0.351125
0.351125
0.335090
0.335090
0.303685
0.303685
0.574539
0.574539
0.221567
0.221567
0.389936
0.389936
0.190099
0.190099
0.534760
0.534760
0.230385
0.230385
0.319616
0.319616
0.256865
0.256865
0.312169
0.312169
0.344583
0.344583
0.239927
0.239927
0.324635
0.324635
0.508608
0.508608
0.171758
0.171758
0.471781
0.471781
0.284579
0.284579
0.186813
0.186813
0.304552
0.304552
0.386588
0.386588
0.194914
0.194914
0.230465
0.230465
0.149974
0.149974
0.374200
0.374200
0.250056
0.250056
0.491774
0.491774
0.243597
0.243597
0.396176
0.396176
0.425978
0.425978
0.572032
0.572032
0.167199
0.167199
0.414153
0.414153
0.154055
0.154055
0.214719
0.214719
0.271474
0.271474
0.280577
0.280577
0.638249
0.638249
0.433865
0.433865
0.195817
0.195817
0.443450
0.443450
0.288580
0.288580
0.277427
0.277427
0.381421
0.381421
0.474904
0.474904
0.180764
0.180764
0.370571
0.370571
0.453163
0.453163
0.363101
0.363101
0.651335
0.651335
0.403658
0.403658
0.465531
0.465531
0.474855
0.474855
0.298132
0.298132
0.251234
0.251234
0.300184
0.300184
0.337281
0.337281
0.172821
0.172821
0.174522
0.174522
0.329595
0.329595
0.251772
0.251772
0.463459
0.463459
0.346606
0.346606
0.161319
0.161319
0.423831
0.423831
0.565153
0.565153
0.298604
0.298604
0.115545
0.115545
0.308854
0.308854
0.400451
0.400451
0.659193
0.659193
0.446216
0.446216
0.300508
0.300508
0.665158
0.665158
0.360433
0.360433
0.283136
0.283136
0.422337
0.422337
0.325971
0.325971
0.428864
0.428864
0.368729
0.368729
0.370111
0.370111
0.366057
0.366057
0.516324
0.516324
0.450854
0.450854
0.400308
0.400308
0.407116
0.407116
0.303186
0.303186
0.222467
0.222467
0.537196
0.537196
0.446091
0.446091
0.309542
0.309542
0.283290
0.283290
0.202798
0.202798
0.420550
0.420550
0.499715
0.499715
0.213151
0.213151
0.302079
0.302079
0.432821
0.432821
0.462666
0.462666
0.182321
0.182321
0.372647
0.372647
0.516378
0.516378
0.628153
0.628153
0.275155
0.275155
0.412657
0.412657
0.427996
0.427996
0.309170
0.309170
0.412283
0.412283
0.533312
0.533312
0.204024
0.204024
0.317087
0.317087
0.256998
0.256998
0.571526
0.571526
0.281890
0.281890
0.331069
0.331069
0.188793
0.188793
0.534443
0.534443
0.574893
0.574893
0.495715
0.495715
0.147144
0.147144
0.480787
0.480787
0.323652
0.323652
0.392222
0.392222
0.133641
0.133641
0.471436
0.471436
0.598969
0.598969
0.260003
0.260003
0.381357
0.381357
0.263781
0.263781
0.317265
0.317265
0.535715
0.535715
0.887505
0.887505
0.276469
0.276469
0.175406
0.175406
0.295207
0.295207
0.437935
0.437935
0.301882
0.301882
0.317852
0.317852
0.489772
0.489772
0.263318
0.263318
0.279335
0.279335
0.377923
0.377923
0.343110
0.343110
0.431404
0.431404
0.261255
0.261255
0.317934
0.317934
0.294393
0.294393
0.243810
0.243810
0.218508
0.218508
0.585392
0.585392
0.367505
0.367505
0.448547
0.448547
0.437457
0.437457
0.335239
0.335239
0.791242
0.791242
0.397429
0.397429
0.293656
0.293656
0.408125
0.408125
0.316799
0.316799
0.492105
0.492105
0.475516
0.475516
0.307296
0.307296
0.169770
0.169770
0.155120
0.155120
0.346030
0.346030
0.215130
0.215130
0.276854
0.276854
0.276294
0.276294
0.390022
0.390022
0.347738
0.347738
0.327228
0.327228
0.347874
0.347874
0.531643
0.531643
0.434963
0.434963
0.296731
0.296731
0.363655
0.363655
0.278678
0.278678
0.409421
0.409421
0.248871
0.248871
0.393293
0.393293
0.347570
0.347570
0.403004
0.403004
0.215176
0.215176
0.248939
0.248939
0.195936
0.195936
0.115163
0.115163
0.179857
0.179857
0.261799
0.261799
0.310338
0.310338
0.285429
0.285429
0.438114
0.438114
0.537049
0.537049
0.342976
0.342976
0.131537
0.131537
0.221356
0.221356
0.364210
0.364210
0.204249
0.204249
0.203667
0.203667
0.314960
0.314960
0.222206
0.222206
0.400384
0.400384
0.360106
0.360106
0.196969
0.196969
0.419111
0.419111
0.279175
0.279175
0.632763
0.632763
0.252471
0.252471
0.360825
0.360825
0.330123
0.330123
0.245884
0.245884
0.282812
0.282812
0.238201
0.238201
0.268903
0.268903
0.270812
0.270812
0.122272
0.122272
0.306703
0.306703
0.297696
0.297696
0.500178
0.500178
0.382770
0.382770
0.838299
0.838299
0.339565
0.339565
0.269985
0.269985
0.360025
0.360025
0.252871
0.252871
0.342556
0.342556
0.267299
0.267299
0.304059
0.304059
0.413129
0.413129
0.487478
0.487478
0.422433
0.422433
0.234896
0.234896
0.321970
0.321970
0.334875
0.334875
0.166080
0.166080
0.235688
0.235688
0.485452
0.485452
0.451303
0.451303
0.333530
0.333530
0.311559
0.311559
0.594493
0.594493
0.264360
0.264360
0.381286
0.381286
0.452099
0.452099
0.190691
0.190691
0.433579
0.433579
0.289692
0.289692
0.400952
0.400952
0.400368
0.400368
0.317905
0.317905
0.471342
0.471342
0.251123
0.251123
0.159509
0.159509
0.285195
0.285195
0.602032
0.602032
0.170955
0.170955
0.692717
0.692717
0.488055
0.488055
0.537918
0.537918
0.277272
0.277272
0.333597
0.333597
0.363955
0.363955
0.186394
0.186394
0.296332
0.296332
0.333826
0.333826
0.189144
0.189144
0.281677
0.281677
0.194526
0.194526
0.562202
0.562202
0.346868
0.346868
0.266539
0.266539
0.356125
0.356125
0.585068
0.585068
0.319000
0.319000
0.366432
0.366432
0.503036
0.503036
0.344634
0.344634
0.420883
0.420883
0.406202
0.406202
0.229457
0.229457
0.388370
0.388370
0.262768
0.262768
0.306746
0.306746
0.318482
0.318482
0.348699
0.348699
0.554989
0.554989
0.475680
0.475680
0.283229
0.283229
0.363683
0.363683
0.336663
0.336663
0.429913
0.429913
0.300245
0.300245
0.309902
0.309902
0.441315
0.441315
0.187368
0.187368
0.391074
0.391074
0.367722
0.367722
0.447092
0.447092
0.244228
0.244228
0.166669
0.166669
0.347443
0.347443
0.362654
0.362654
0.390911
0.390911
0.131222
0.131222
0.421472
0.421472
0.484742
0.484742
0.402328
0.402328
0.545904
0.545904
0.302645
0.302645
0.327439
0.327439
0.304421
0.304421
0.532688
0.532688
0.196222
0.196222
0.364863
0.364863
0.253043
0.253043
0.596750
0.596750
0.216226
0.216226
0.455783
0.455783
0.295090
0.295090
0.494206
0.494206
0.193523
0.193523
0.218484
0.218484
0.371543
0.371543
0.555352
0.555352
0.359866
0.359866
0.324544
0.324544
0.406352
0.406352
0.430179
0.430179
0.812709
0.812709
0.307706
0.307706
0.228694
0.228694
0.621428
0.621428
0.296183
0.296183
0.152514
0.152514
0.411412
0.411412
0.516707
0.516707
0.395550
0.395550
0.787716
0.787716
0.149763
0.149763
0.300563
0.300563
0.345796
0.345796
0.264775
0.264775
0.316617
0.316617
0.641967
0.641967
0.458351
0.458351
0.262508
0.262508
0.557905
0.557905
0.184566
0.184566
0.071558
0.071558
0.780314
0.780314
0.317616
0.317616
0.357376
0.357376
0.303195
0.303195
0.339279
0.339279
0.227705
0.227705
0.221148
0.221148
0.314474
0.314474
0.501159
0.501159
0.415965
0.415965
0.335321
0.335321
0.372540
0.372540
0.378035
0.378035
0.284811
0.284811
0.170106
0.170106
0.423950
0.423950
0.438832
0.438832
0.396017
0.396017
0.178753
0.178753
0.341002
0.341002
0.252091
0.252091
0.196933
0.196933
0.235141
0.235141
0.235309
0.235309
0.333848
0.333848
0.551805
0.551805
0.336014
0.336014
0.475933
0.475933
0.294820
0.294820
0.406921
0.406921
0.551958
0.551958
0.391118
0.391118
0.540094
0.540094
0.194542
0.194542
0.491279
0.491279
0.292912
0.292912
0.439309
0.439309
0.405610
0.405610
0.480403
0.480403
0.266430
0.266430
1.707377
1.707377
0.285508
0.285508
0.207359
0.207359
0.271001
0.271001
0.454045
0.454045
0.476549
0.476549
0.558702
0.558702
0.811498
0.811498
0.355616
0.355616
0.478604
0.478604
0.586332
0.586332
0.318109
0.318109
0.235993
0.235993
0.280978
0.280978
0.170341
0.170341
0.300434
0.300434
0.354902
0.354902
0.399217
0.399217
0.265355
0.265355
0.316532
0.316532
0.276308
0.276308
0.248729
0.248729
0.722325
0.722325
0.168096
0.168096
0.622362
0.622362
0.418405
0.418405
0.285647
0.285647
0.188587
0.188587
0.292507
0.292507
0.588034
0.588034
0.430238
0.430238
0.676617
0.676617
0.313204
0.313204
0.414937
0.414937
0.298367
0.298367
0.200741
0.200741
0.302768
0.302768
0.429595
0.429595
0.151461
0.151461
0.364617
0.364617
0.215263
0.215263
0.138518
0.138518
0.514712
0.514712
0.368138
0.368138
0.176981
0.176981
0.597158
0.597158
0.284790
0.284790
0.728228
0.728228
0.536827
0.536827
0.624638
0.624638
0.508375
0.508375
0.351346
0.351346
0.248095
0.248095
0.291887
0.291887
0.456218
0.456218
0.258718
0.258718
0.445446
0.445446
0.307328
0.307328
0.262870
0.262870
0.204185
0.204185
0.420052
0.420052
0.366189
0.366189
0.376431
0.376431
0.530203
0.530203
0.339773
0.339773
0.451671
0.451671
0.568882
0.568882
0.308241
0.308241
0.328571
0.328571
0.337880
0.337880
0.388253
0.388253
0.275142
0.275142
0.277894
0.277894
0.257842
0.257842
0.748098
0.748098
0.195620
0.195620
0.336478
0.336478
0.409766
0.409766
0.479917
0.479917
0.239771
0.239771
0.302884
0.302884
0.290872
0.290872
0.433035
0.433035
0.339269
0.339269
0.332178
0.332178
0.418564
0.418564
0.413701
0.413701
0.484315
0.484315
0.558725
0.558725
0.391006
0.391006
0.308413
0.308413
0.549726
0.549726
0.303194
0.303194
0.506434
0.506434
0.275127
0.275127
0.167567
0.167567
0.237847
0.237847
0.449447
0.449447
0.142822
0.142822
0.214305
0.214305
0.290679
0.290679
0.501491
0.501491
0.475140
0.475140
0.266422
0.266422
0.271862
0.271862
0.270228
0.270228
0.259076
0.259076
0.202494
0.202494
0.386888
0.386888
0.493136
0.493136
0.266847
0.266847
0.630534
0.630534
0.230116
0.230116
0.296934
0.296934
0.221557
0.221557
0.311107
0.311107
0.197239
0.197239
0.140521
0.140521
0.799586
0.799586
0.342710
0.342710
0.244255
0.244255
0.452194
0.452194
0.443709
0.443709
0.528908
0.528908
0.463888
0.463888
0.229330
0.229330
0.185009
0.185009
0.363903
0.363903
0.281458
0.281458
0.526225
0.526225
0.177689
0.177689
0.348429
0.348429
0.291632
0.291632
0.140184
0.140184
0.524323
0.524323
0.369945
0.369945
0.258502
0.258502
0.239972
0.239972
0.146953
0.146953
0.262589
0.262589
0.219665
0.219665
0.486895
0.486895
0.466368
0.466368
0.424359
0.424359
0.410592
0.410592
0.338574
0.338574
0.237536
0.237536
0.379175
0.379175
0.388862
0.388862
0.252588
0.252588
0.115854
0.115854
0.264786
0.264786
0.419224
0.419224
0.206294
0.206294
0.359989
0.359989
0.460443
0.460443
0.260342
0.260342
0.272469
0.272469
0.324068
0.324068
0.244318
0.244318
0.297540
0.297540
0.419640
0.419640
0.337898
0.337898
0.413084
0.413084
0.336729
0.336729
0.313273
0.313273
0.366018
0.366018
0.328343
0.328343
0.619664
0.619664
0.283221
0.283221
0.266434
0.266434
0.159216
0.159216
0.573458
0.573458
0.386374
0.386374
0.294432
0.294432
0.217556
0.217556
0.287340
0.287340
0.357130
0.357130
0.279570
0.279570
0.427637
0.427637
0.243594
0.243594
0.384034
0.384034
0.417134
0.417134
0.873958
0.873958
0.207322
0.207322
0.402548
0.402548
0.594223
0.594223
0.402416
0.402416
0.225463
0.225463
0.530797
0.530797
0.183896
0.183896
0.302644
0.302644
0.484531
0.484531
0.143064
0.143064
0.415916
0.415916
0.229720
0.229720
0.209492
0.209492
0.394848
0.394848
0.236425
0.236425
0.296642
0.296642
0.210790
0.210790
0.367011
0.367011
0.539304
0.539304
0.282967
0.282967
0.539581
0.539581
0.386747
0.386747
0.424628
0.424628
0.311401
0.311401
0.169991
0.169991
0.254878
0.254878
0.269478
0.269478
0.472397
0.472397
0.204466
0.204466
0.283294
0.283294
0.154628
0.154628
0.277118
0.277118
0.173084
0.173084
0.204530
0.204530
0.309937
0.309937
0.379942
0.379942
0.263690
0.263690
0.298443
0.298443
0.273155
0.273155
0.353078
0.353078
0.158542
0.158542
0.379937
0.379937
0.581864
0.581864
0.404334
0.404334
0.297183
0.297183
0.231748
0.231748
0.453102
0.453102
0.291722
0.291722
0.355099
0.355099
0.480454
0.480454
0.283371
0.283371
0.307975
0.307975
0.287082
0.287082
0.581534
0.581534
0.347886
0.347886
0.426652
0.426652
0.316918
0.316918
0.315185
0.315185
0.342795
0.342795
0.391212
0.391212
0.264101
0.264101
0.265705
0.265705
0.383915
0.383915
0.157325
0.157325
0.307595
0.307595
0.185439
0.185439
0.356806
0.356806
0.306114
0.306114
0.365967
0.365967
0.486156
0.486156
0.278792
0.278792
0.386289
0.386289
0.121154
0.121154
0.411955
0.411955
0.171947
0.171947
0.260242
0.260242
0.301165
0.301165
0.384874
0.384874
0.212774
0.212774
0.367322
0.367322
0.275819
0.275819
0.305819
0.305819
0.201597
0.201597
0.420386
0.420386
0.382538
0.382538
0.655163
0.655163
0.568771
0.568771
0.315557
0.315557
0.361095
0.361095
0.321953
0.321953
0.218014
0.218014
0.429727
0.429727
0.270312
0.270312
0.493874
0.493874
0.336259
0.336259
0.425510
0.425510
0.559161
0.559161
0.221935
0.221935
0.365498
0.365498
0.295339
0.295339
0.199187
0.199187
0.476280
0.476280
0.522333
0.522333
0.503924
0.503924
0.294738
0.294738
0.315770
0.315770
0.448554
0.448554
0.400176
0.400176
0.336267
0.336267
0.201418
0.201418
0.228977
0.228977
0.377147
0.377147
0.313961
0.313961
0.421238
0.421238
0.331322
0.331322
0.178351
0.178351
0.173455
0.173455
0.455750
0.455750
0.188435
0.188435
0.340193
0.340193
0.475857
0.475857
0.336616
0.336616
0.188308
0.188308
0.728598
0.728598
0.377346
0.377346
0.401583
0.401583
0.344663
0.344663
0.423949
0.423949
0.253397
0.253397
0.157138
0.157138
0.177398
0.177398
0.369591
0.369591
0.260726
0.260726
0.307356
0.307356
0.200114
0.200114
0.331297
0.331297
0.392435
0.392435
0.357015
0.357015
0.264701
0.264701
0.242681
0.242681
0.285841
0.285841
0.267464
0.267464
0.296588
0.296588
0.427821
0.427821
0.144793
0.144793
0.490921
0.490921
0.237621
0.237621
0.268143
0.268143
0.207043
0.207043
0.390226
0.390226
0.265594
0.265594
0.243582
0.243582
0.225513
0.225513
0.217660
0.217660
0.103009
0.103009
0.360240
0.360240
0.588672
0.588672
0.305823
0.305823
0.295492
0.295492
0.334018
0.334018
0.335174
0.335174
0.460190
0.460190
0.305341
0.305341
0.341153
0.341153
0.432905
0.432905
0.380433
0.380433
0.309046
0.309046
0.377134
0.377134
0.204004
0.204004
0.276347
0.276347
0.454435
0.454435
0.682721
0.682721
0.235148
0.235148
0.126160
0.126160
0.103812
0.103812
0.320365
0.320365
0.262837
0.262837
0.273468
0.273468
0.297640
0.297640
0.304788
0.304788
0.497615
0.497615
0.570419
0.570419
0.292856
0.292856
0.223234
0.223234
0.228010
0.228010
0.340074
0.340074
0.663112
0.663112
0.495085
0.495085
0.355571
0.355571
0.295150
0.295150
0.388751
0.388751
0.216513
0.216513
0.165190
0.165190
0.458383
0.458383
0.547738
0.547738
0.219943
0.219943
0.238956
0.238956
0.505568
0.505568
0.471340
0.471340
0.555102
0.555102
0.200639
0.200639
0.295259
0.295259
0.444765
0.444765
0.405068
0.405068
0.278894
0.278894
0.287701
0.287701
0.215652
0.215652
0.242424
0.242424
0.523050
0.523050
0.345924
0.345924
0.471078
0.471078
0.225672
0.225672
0.314282
0.314282
0.312538
0.312538
0.169861
0.169861
0.445654
0.445654
0.354272
0.354272
0.382548
0.382548
0.169223
0.169223
0.624241
0.624241
0.746935
0.746935
0.400911
0.400911
0.307589
0.307589
0.554263
0.554263
0.422056
0.422056
0.373427
0.373427
0.323000
0.323000
0.356652
0.356652
0.169745
0.169745
0.368622
0.368622
0.500943
0.500943
0.320351
0.320351
0.481647
0.481647
0.336233
0.336233
0.318195
0.318195
0.502851
0.502851
0.281423
0.281423
0.407893
0.407893
0.209328
0.209328
0.709844
0.709844
0.492851
0.492851
0.385095
0.385095
0.438513
0.438513
0.567975
0.567975
0.192558
0.192558
0.491604
0.491604
0.166228
0.166228
0.443937
0.443937
0.468534
0.468534
0.325701
0.325701
0.189295
0.189295
0.362983
0.362983
0.211611
0.211611
0.394189
0.394189
0.236424
0.236424
0.333998
0.333998
0.300042
0.300042
0.302987
0.302987
0.625564
0.625564
0.695571
0.695571
0.631899
0.631899
0.408626
0.408626
0.132843
0.132843
0.322284
0.322284
0.479487
0.479487
0.380623
0.380623
0.420475
0.420475
0.144944
0.144944
0.148839
0.148839
0.095389
0.095389
0.266336
0.266336
0.483744
0.483744
0.412604
0.412604
0.198839
0.198839
0.401205
0.401205
0.535192
0.535192
0.546486
0.546486
0.317393
0.317393
0.234753
0.234753
0.254771
0.254771
0.305736
0.305736
0.342703
0.342703
0.513280
0.513280
0.596773
0.596773
0.245001
0.245001
0.240794
0.240794
0.586746
0.586746
0.348498
0.348498
0.423855
0.423855
0.404790
0.404790
0.402962
0.402962
0.232865
0.232865
0.383899
0.383899
0.301068
0.301068
0.480305
0.480305
0.255975
0.255975
0.353765
0.353765
0.255184
0.255184
0.270974
0.270974
0.495855
0.495855
0.369384
0.369384
0.233186
0.233186
0.481414
0.481414
0.351787
0.351787
0.357501
0.357501
0.294837
0.294837
0.334785
0.334785
0.436687
0.436687
0.234200
0.234200
0.241826
0.241826
0.316940
0.316940
0.462993
0.462993
0.158593
0.158593
0.473763
0.473763
0.215111
0.215111
0.247492
0.247492
0.601911
0.601911
0.191634
0.191634
0.310298
0.310298
0.509509
0.509509
0.254090
0.254090
0.121650
0.121650
0.214812
0.214812
0.174567
0.174567
0.479316
0.479316
0.244753
0.244753
0.503358
0.503358
0.282582
0.282582
0.470367
0.470367
0.303938
0.303938
0.630419
0.630419
0.510728
0.510728
0.223925
0.223925
0.511673
0.511673
0.322152
0.322152
0.659175
0.659175
0.419671
0.419671
0.370351
0.370351
0.413519
0.413519
0.457327
0.457327
0.346113
0.346113
0.295582
0.295582
0.350542
0.350542
0.279022
0.279022
0.430889
0.430889
0.174894
0.174894
0.247659
0.247659
0.412662
0.412662
0.346352
0.346352
0.264545
0.264545
0.668687
0.668687
0.254299
0.254299
0.201004
0.201004
0.649927
0.649927
0.410810
0.410810
0.203524
0.203524
0.295898
0.295898
0.184106
0.184106
0.468569
0.468569
0.287362
0.287362
0.237001
0.237001
0.281612
0.281612
0.516257
0.516257
0.180877
0.180877
0.518054
0.518054
0.301389
0.301389
0.281428
0.281428
0.258044
0.258044
0.181002
0.181002
0.297062
0.297062
0.378118
0.378118
0.352364
0.352364
0.518058
0.518058
0.219013
0.219013
0.323060
0.323060
0.327763
0.327763
0.157423
0.157423
0.341591
0.341591
0.439972
0.439972
0.323451
0.323451
0.090191
0.090191
0.316324
0.316324
0.291481
0.291481
0.498872
0.498872
0.565843
0.565843
0.321578
0.321578
0.240204
0.240204
0.437055
0.437055
0.153260
0.153260
0.208307
0.208307
0.794262
0.794262
0.352454
0.352454
0.425501
0.425501
0.107754
0.107754
0.342460
0.342460
0.311812
0.311812
0.630839
0.630839
0.416483
0.416483
0.246327
0.246327
0.280551
0.280551
0.360591
0.360591
0.372410
0.372410
0.673872
0.673872
0.373721
0.373721
0.602093
0.602093
0.335694
0.335694
0.157201
0.157201
0.415232
0.415232
0.339086
0.339086
0.329782
0.329782
0.458681
0.458681
0.394978
0.394978
0.591277
0.591277
0.376990
0.376990
0.397639
0.397639
0.196552
0.196552
0.413297
0.413297
0.299295
0.299295
0.407322
0.407322
0.341189
0.341189
0.416753
0.416753
0.624263
0.624263
0.309691
0.309691
0.575232
0.575232
0.589374
0.589374
0.177094
0.177094
0.277890
0.277890
0.538441
0.538441
0.257055
0.257055
0.254011
0.254011
0.244608
0.244608
0.319471
0.319471
0.603536
0.603536
0.379625
0.379625
0.369915
0.369915
0.233779
0.233779
0.311320
0.311320
0.203555
0.203555
0.411914
0.411914
0.437756
0.437756
0.196778
0.196778
0.213890
0.213890
0.283181
0.283181
0.184111
0.184111
0.191509
0.191509
0.380643
0.380643
0.440678
0.440678
0.197938
0.197938
0.302060
0.302060
0.396741
0.396741
0.368316
0.368316
0.234760
0.234760
0.327228
0.327228
0.454871
0.454871
0.481853
0.481853
0.258180
0.258180
0.254746
0.254746
0.346739
0.346739
0.349264
0.349264
0.192055
0.192055
0.454483
0.454483
0.383765
0.383765
0.233286
0.233286
0.236363
0.236363
0.214444
0.214444
0.354167
0.354167
0.184938
0.184938
0.213095
0.213095
0.508233
0.508233
0.216575
0.216575
0.326124
0.326124
0.281385
0.281385
0.509674
0.509674
0.120224
0.120224
0.375318
0.375318
0.273932
0.273932
0.164735
0.164735
0.265035
0.265035
0.210323
0.210323
0.585592
0.585592
0.273191
0.273191
0.115731
0.115731
0.505824
0.505824
0.350402
0.350402
0.237056
0.237056
0.325569
0.325569
0.226677
0.226677
0.358119
0.358119
0.370730
0.370730
0.203374
0.203374
0.265367
0.265367
0.326479
0.326479
0.269288
0.269288
0.321548
0.321548
0.280822
0.280822
0.595127
0.595127
0.556616
0.556616
0.195906
0.195906
0.452671
0.452671
0.217889
0.217889
0.259163
0.259163
0.244431
0.244431
0.224136
0.224136
0.288326
0.288326
0.266653
0.266653
0.239630
0.239630
0.260345
0.260345
0.392509
0.392509
0.461875
0.461875
0.360123
0.360123
0.445818
0.445818
0.132990
0.132990
0.541929
0.541929
0.331428
0.331428
0.362206
0.362206
0.536756
0.536756
0.332294
0.332294
0.475712
0.475712
0.185662
0.185662
0.626913
0.626913
0.468998
0.468998
0.420309
0.420309
0.324466
0.324466
0.472551
0.472551
0.336514
0.336514
0.462397
0.462397
0.264696
0.264696
0.262868
0.262868
0.396254
0.396254
0.274779
0.274779
0.191068
0.191068
0.236897
0.236897
0.356333
0.356333
0.383946
0.383946
0.253152
0.253152
0.331278
0.331278
0.271821
0.271821
0.458784
0.458784
0.437884
0.437884
0.490254
0.490254
0.321240
0.321240
0.449541
0.449541
0.253074
0.253074
0.273809
0.273809
0.229115
0.229115
0.301913
0.301913
0.517078
0.517078
0.408543
0.408543
0.384039
0.384039
0.135666
0.135666
0.393345
0.393345
0.338583
0.338583
0.440480
0.440480
0.319037
0.319037
0.328056
0.328056
0.490450
0.490450
0.265916
0.265916
0.356270
0.356270
0.515320
0.515320
0.505962
0.505962
0.356632
0.356632
0.162204
0.162204
0.165459
0.165459
0.270819
0.270819
0.241486
0.241486
0.190221
0.190221
0.551028
0.551028
0.300988
0.300988
0.347479
0.347479
0.450804
0.450804
0.363181
0.363181
0.485552
0.485552
0.451236
0.451236
0.398189
0.398189
0.325595
0.325595
0.318497
0.318497
0.742312
0.742312
0.547192
0.547192
0.325315
0.325315
0.295276
0.295276
0.521644
0.521644
0.251785
0.251785
0.271492
0.271492
0.144631
0.144631
0.366769
0.366769
0.569036
0.569036
0.255609
0.255609
0.200243
0.200243
0.512712
0.512712
0.304413
0.304413
0.233089
0.233089
0.422689
0.422689
0.342036
0.342036
0.200307
0.200307
0.311813
0.311813
0.471167
0.471167
0.204864
0.204864
0.425745
0.425745
0.428592
0.428592
0.305013
0.305013
0.438759
0.438759
0.300365
0.300365
0.441296
0.441296
0.277082
0.277082
0.614880
0.614880
0.235369
0.235369
0.206755
0.206755
0.325022
0.325022
0.463694
0.463694
0.374864
0.374864
0.262248
0.262248
0.478409
0.478409
0.311300
0.311300
0.386277
0.386277
0.345375
0.345375
0.456514
0.456514
0.478726
0.478726
0.418113
0.418113
0.477191
0.477191
0.283536
0.283536
0.431374
0.431374
0.702209
0.702209
0.397652
0.397652
0.381523
0.381523
0.360261
0.360261
0.237657
0.237657
0.790852
0.790852
0.297697
0.297697
0.502945
0.502945
0.400083
0.400083
0.362011
0.362011
0.444443
0.444443
0.430373
0.430373
0.432558
0.432558
0.463471
0.463471
0.367222
0.367222
0.193449
0.193449
0.373657
0.373657
0.147458
0.147458
0.570684
0.570684
0.151304
0.151304
0.237708
0.237708
0.464101
0.464101
0.132665
0.132665
0.186671
0.186671
0.180555
0.180555
0.319953
0.319953
0.086663
0.086663
0.263778
0.263778
0.449546
0.449546
0.539619
0.539619
0.332192
0.332192
0.451887
0.451887
0.299859
0.299859
0.123177
0.123177
0.294131
0.294131
0.214742
0.214742
0.218078
0.218078
0.107862
0.107862
0.234387
0.234387
0.253742
0.253742
0.207839
0.207839
0.331707
0.331707
0.296836
0.296836
0.211553
0.211553
0.492363
0.492363
0.104942
0.104942
0.413147
0.413147
0.326938
0.326938
0.301010
0.301010
0.194907
0.194907
0.220376
0.220376
0.318807
0.318807
0.271339
0.271339
0.279178
0.279178
0.385433
0.385433
0.131207
0.131207
0.196705
0.196705
0.187528
0.187528
0.429488
0.429488
0.286135
0.286135
0.528498
0.528498
0.326368
0.326368
0.424067
0.424067
0.207070
0.207070
0.348622
0.348622
0.476218
0.476218
0.347798
0.347798
0.361104
0.361104
0.264590
0.264590
0.264354
0.264354
0.230693
0.230693
0.085113
0.085113
0.379508
0.379508
0.459458
0.459458
0.436993
0.436993
0.459032
0.459032
0.472930
0.472930
0.637657
0.637657
0.285155
0.285155
0.219587
0.219587
0.178263
0.178263
0.315201
0.315201
0.229613
0.229613
0.134081
0.134081
0.521425
0.521425
0.401924
0.401924
0.636274
0.636274
0.128723
0.128723
0.431131
0.431131
0.418822
0.418822
0.237411
0.237411
0.385731
0.385731
0.356018
0.356018
0.144422
0.144422
0.292398
0.292398
0.461501
0.461501
0.116567
0.116567
0.400205
0.400205
0.629048
0.629048
0.262659
0.262659
0.379505
0.379505
0.164604
0.164604
0.210537
0.210537
0.326810
0.326810
0.323500
0.323500
0.445551
0.445551
0.346014
0.346014
0.203852
0.203852
0.181301
0.181301
0.394597
0.394597
0.350320
0.350320
0.244046
0.244046
0.307009
0.307009
0.267910
0.267910
0.395930
0.395930
0.519811
0.519811
0.290046
0.290046
0.441067
0.441067
0.278861
0.278861
0.564125
0.564125
0.300532
0.300532
0.334438
0.334438
0.257790
0.257790
0.433998
0.433998
0.199027
0.199027
0.196011
0.196011
0.371352
0.371352
0.242607
0.242607
0.248365
0.248365
0.271078
0.271078
0.104000
0.104000
0.055672
0.055672
0.231150
0.231150
0.360442
0.360442
0.275095
0.275095
0.167940
0.167940
0.124405
0.124405
0.176078
0.176078
0.570824
0.570824
0.154377
0.154377
0.231459
0.231459
0.158839
0.158839
0.386194
0.386194
0.325118
0.325118
0.278168
0.278168
0.169915
0.169915
0.218800
0.218800
0.310283
0.310283
0.588304
0.588304
0.247124
0.247124
0.581053
0.581053
0.102068
0.102068
0.252911
0.252911
0.449999
0.449999
0.198676
0.198676
0.128126
0.128126
0.267934
0.267934
0.604858
0.604858
0.264722
0.264722
0.134161
0.134161
0.222202
0.222202
0.303048
0.303048
0.319946
0.319946
0.265225
0.265225
0.356180
0.356180
0.257297
0.257297
0.433246
0.433246
0.635659
0.635659
0.279031
0.279031
0.598665
0.598665
0.211037
0.211037
0.548420
0.548420
0.244183
0.244183
0.225839
0.225839
0.402286
0.402286
0.318716
0.318716
0.399183
0.399183
0.237463
0.237463
0.382765
0.382765
0.461544
0.461544
0.207006
0.207006
0.245494
0.245494
0.240204
0.240204
0.226330
0.226330
0.570438
0.570438
0.111933
0.111933
0.198241
0.198241
0.270492
0.270492
0.229088
0.229088
0.485763
0.485763
0.534593
0.534593
0.320776
0.320776
0.175864
0.175864
0.423587
0.423587
0.423189
0.423189
0.289999
0.289999
0.267237
0.267237
0.291187
0.291187
0.250496
0.250496
0.291414
0.291414
0.177666
0.177666
0.345884
0.345884
0.287575
0.287575
0.155858
0.155858
0.490864
0.490864
0.405413
0.405413
0.322601
0.322601
0.267159
0.267159
0.645809
0.645809
0.260866
0.260866
0.381995
0.381995
0.495212
0.495212
0.359915
0.359915
0.231648
0.231648
0.293866
0.293866
0.329643
0.329643
0.518164
0.518164
0.398410
0.398410
0.333926
0.333926
0.319769
0.319769
0.279221
0.279221
0.328879
0.328879
0.334182
0.334182
0.220036
0.220036
0.593475
0.593475
0.498181
0.498181
0.589945
0.589945
0.293299
0.293299
0.306952
0.306952
0.416095
0.416095
0.273733
0.273733
0.365343
0.365343
0.132508
0.132508
0.337499
0.337499
0.129748
0.129748
0.216774
0.216774
0.246640
0.246640
0.523133
0.523133
0.203541
0.203541
0.538545
0.538545
0.507537
0.507537
0.239797
0.239797
0.474698
0.474698
0.353954
0.353954
0.511893
0.511893
0.235579
0.235579
0.392721
0.392721
0.293088
0.293088
0.404790
0.404790
0.079925
0.079925
0.401861
0.401861
0.447391
0.447391
0.674768
0.674768
0.398853
0.398853
0.209079
0.209079
0.233109
0.233109
0.314029
0.314029
0.406933
0.406933
0.446894
0.446894
0.410111
0.410111
0.308828
0.308828
0.280488
0.280488
0.435610
0.435610
0.374367
0.374367
0.168509
0.168509
0.488399
0.488399
0.417309
0.417309
0.281734
0.281734
0.562445
0.562445
0.340770
0.340770
0.167817
0.167817
0.264369
0.264369
0.425337
0.425337
0.139331
0.139331
0.352984
0.352984
0.255551
0.255551
0.464501
0.464501
0.311462
0.311462
0.230122
0.230122
0.666070
0.666070
0.394353
0.394353
0.401247
0.401247
0.521914
0.521914
0.273818
0.273818
0.172588
0.172588
0.795919
0.795919
0.338074
0.338074
0.413129
0.413129
0.400282
0.400282
0.377633
0.377633
0.428543
0.428543
0.570146
0.570146
0.263309
0.263309
0.437283
0.437283
0.517972
0.517972
0.404306
0.404306
0.184248
0.184248
0.211190
0.211190
0.116844
0.116844
0.258667
0.258667
0.209297
0.209297
0.524428
0.524428
0.340119
0.340119
0.404707
0.404707
0.110970
0.110970
0.530308
0.530308
0.146331
0.146331
0.306902
0.306902
0.372626
0.372626
0.446311
0.446311
0.342385
0.342385
0.301619
0.301619
0.459185
0.459185
0.419249
0.419249
0.328520
0.328520
0.315489
0.315489
0.413479
0.413479
0.454713
0.454713
0.330185
0.330185
0.278419
0.278419
0.194855
0.194855
0.246054
0.246054
0.368405
0.368405
0.219798
0.219798
0.342582
0.342582
0.375162
0.375162
0.239447
0.239447
0.353612
0.353612
0.365990
0.365990
0.299502
0.299502
0.434767
0.434767
0.197789
0.197789
0.143623
0.143623
0.552240
0.552240
0.315833
0.315833
0.277859
0.277859
0.451940
0.451940
0.511363
0.511363
0.396919
0.396919
0.244515
0.244515
0.440426
0.440426
0.341395
0.341395
0.294877
0.294877
0.525098
0.525098
0.530217
0.530217
0.274418
0.274418
0.314030
0.314030
0.261990
0.261990
0.485182
0.485182
0.418513
0.418513
0.255922
0.255922
0.126375
0.126375
0.288096
0.288096
0.301158
0.301158
0.211378
0.211378
0.366485
0.366485
0.184959
0.184959
0.473243
0.473243
0.382779
0.382779
0.345675
0.345675
0.409246
0.409246
0.463847
0.463847
0.472714
0.472714
0.139826
0.139826
0.449832
0.449832
0.902403
0.902403
0.273009
0.273009
0.210183
0.210183
0.463970
0.463970
0.242797
0.242797
0.352949
0.352949
0.228265
0.228265
0.333495
0.333495
0.182544
0.182544
0.313460
0.313460
0.396642
0.396642
0.710116
0.710116
0.274264
0.274264
0.288246
0.288246
0.355280
0.355280
0.449304
0.449304
0.453647
0.453647
0.473765
0.473765
0.314569
0.314569
0.507902
0.507902
0.229952
0.229952
0.317459
0.317459
0.399942
0.399942
0.318036
0.318036
0.214993
0.214993
0.214026
0.214026
0.444724
0.444724
0.355001
0.355001
0.372381
0.372381
0.283848
0.283848
0.385959
0.385959
0.466550
0.466550
0.459808
0.459808
0.184743
0.184743
0.577375
0.577375
0.284291
0.284291
0.178008
0.178008
0.231487
0.231487
0.247507
0.247507
0.402879
0.402879
0.178107
0.178107
0.315568
0.315568
0.276941
0.276941
0.230388
0.230388
0.437586
0.437586
0.453035
0.453035
0.279263
0.279263
0.384378
0.384378
0.452531
0.452531
0.577263
0.577263
0.190434
0.190434
0.198532
0.198532
0.438211
0.438211
0.513275
0.513275
0.524581
0.524581
0.297109
0.297109
0.274785
0.274785
0.364153
0.364153
0.326022
0.326022
0.382023
0.382023
0.310701
0.310701
0.286862
0.286862
0.408870
0.408870
0.347810
0.347810
0.490666
0.490666
0.246105
0.246105
0.266486
0.266486
0.157952
0.157952
0.376366
0.376366
0.234954
0.234954
0.200990
0.200990
0.534148
0.534148
0.283570
0.283570
0.348245
0.348245
0.231751
0.231751
0.257362
0.257362
0.197808
0.197808
0.205886
0.205886
0.327267
0.327267
0.550351
0.550351
0.144093
0.144093
0.246615
0.246615
0.305852
0.305852
0.175672
0.175672
0.134534
0.134534
0.418321
0.418321
0.523086
0.523086
0.271099
0.271099
0.415418
0.415418
0.430711
0.430711
0.350551
0.350551
0.337777
0.337777
0.304600
0.304600
0.245315
0.245315
0.330749
0.330749
0.241185
0.241185
0.073685
0.073685
0.713295
0.713295
0.394136
0.394136
0.246924
0.246924
0.336965
0.336965
0.308401
0.308401
0.266444
0.266444
0.524227
0.524227
0.266311
0.266311
0.510345
0.510345
0.185467
0.185467
0.297120
0.297120
0.285476
0.285476
0.497709
0.497709
0.365072
0.365072
0.319788
0.319788
0.141306
0.141306
0.254388
0.254388
0.454495
0.454495
0.220825
0.220825
0.351102
0.351102
0.288248
0.288248
0.686512
0.686512
0.294325
0.294325
0.329244
0.329244
0.454051
0.454051
0.078239
0.078239
0.632974
0.632974
0.604357
0.604357
0.236086
0.236086
0.270811
0.270811
0.093528
0.093528
0.211511
0.211511
0.442997
0.442997
0.436795
0.436795
0.262013
0.262013
0.119958
0.119958
0.437651
0.437651
0.281794
0.281794
0.297543
0.297543
0.311738
0.311738
0.593836
0.593836
0.488256
0.488256
0.204193
0.204193
0.498973
0.498973
0.397726
0.397726
0.388953
0.388953
0.334442
0.334442
0.367647
0.367647
0.192454
0.192454
0.199269
0.199269
0.174759
0.174759
0.253025
0.253025
0.509753
0.509753
0.499315
0.499315
0.257873
0.257873
0.251860
0.251860
0.365948
0.365948
0.128420
0.128420
0.296304
0.296304
0.429983
0.429983
0.492027
0.492027
0.195447
0.195447
0.279511
0.279511
0.348015
0.348015
0.510588
0.510588
0.446499
0.446499
0.460386
0.460386
0.383036
0.383036
0.394676
0.394676
0.393632
0.393632
0.257257
0.257257
0.246645
0.246645
0.424700
0.424700
0.438068
0.438068
0.283791
0.283791
0.349914
0.349914
0.168581
0.168581
0.337188
0.337188
0.315976
0.315976
0.543257
0.543257
0.604344
0.604344
0.294481
0.294481
0.342027
0.342027
0.312751
0.312751
0.413176
0.413176
0.320765
0.320765
0.324160
0.324160
0.311321
0.311321
0.213123
0.213123
0.287216
0.287216
0.238832
0.238832
0.392662
0.392662
0.219931
0.219931
0.357299
0.357299
0.284187
0.284187
0.157836
0.157836
0.247014
0.247014
0.201064
0.201064
0.396273
0.396273
0.379216
0.379216
0.282145
0.282145
0.498915
0.498915
0.223500
0.223500
0.284094
0.284094
0.636044
0.636044
0.388787
0.388787
0.367004
0.367004
0.367133
0.367133
0.159620
0.159620
0.494475
0.494475
0.399623
0.399623
0.193796
0.193796
0.347869
0.347869
0.191321
0.191321
0.375226
0.375226
0.170945
0.170945
0.544250
0.544250
0.506358
0.506358
0.303899
0.303899
0.612623
0.612623
0.272351
0.272351
0.142934
0.142934
0.195064
0.195064
0.297750
0.297750
0.264744
0.264744
0.334864
0.334864
0.411752
0.411752
0.331223
0.331223
0.156896
0.156896
0.423513
0.423513
0.605253
0.605253
0.064520
0.064520
0.265888
0.265888
0.426801
0.426801
0.265061
0.265061
0.170957
0.170957
0.525616
0.525616
0.828387
0.828387
0.386341
0.386341
0.290400
0.290400
0.644514
0.644514
0.349572
0.349572
0.231808
0.231808
0.358392
0.358392
0.196347
0.196347
0.496573
0.496573
0.336378
0.336378
0.603164
0.603164
0.297501
0.297501
0.076543
0.076543
0.470608
0.470608
0.555114
0.555114
0.327714
0.327714
0.286984
0.286984
0.286536
0.286536
0.122909
0.122909
0.206418
0.206418
0.409116
0.409116
0.324228
0.324228
0.625794
0.625794
0.267243
0.267243
0.540154
0.540154
0.212028
0.212028
0.482168
0.482168
0.251856
0.251856
0.198432
0.198432
0.214907
0.214907
0.351825
0.351825
0.441842
0.441842
0.471745
0.471745
0.501678
0.501678
0.358558
0.358558
0.302945
0.302945
0.360197
0.360197
0.211644
0.211644
0.313660
0.313660
0.351516
0.351516
0.205663
0.205663
0.200523
0.200523
0.436600
0.436600
0.314620
0.314620
0.274726
0.274726
0.286712
0.286712
0.475133
0.475133
0.238048
0.238048
0.384103
0.384103
0.528419
0.528419
0.485687
0.485687
0.274293
0.274293
0.117333
0.117333
0.235695
0.235695
0.291778
0.291778
0.223577
0.223577
0.316468
0.316468
0.511078
0.511078
0.492605
0.492605
0.244686
0.244686
0.201585
0.201585
0.320198
0.320198
0.337833
0.337833
0.422936
0.422936
0.305311
0.305311
0.184422
0.184422
0.522850
0.522850
0.151337
0.151337
0.355606
0.355606
0.366518
0.366518
0.172187
0.172187
0.383125
0.383125
0.306000
0.306000
0.348539
0.348539
0.422893
0.422893
0.199410
0.199410
0.444787
0.444787
0.168818
0.168818
0.231963
0.231963
0.204943
0.204943
0.246025
0.246025
0.404042
0.404042
0.530231
0.530231
0.336193
0.336193
0.347364
0.347364
0.264863
0.264863
0.346233
0.346233
0.142235
0.142235
0.505312
0.505312
0.263161
0.263161
0.230075
0.230075
0.543567
0.543567
0.236239
0.236239
0.311413
0.311413
0.331215
0.331215
0.502520
0.502520
0.374435
0.374435
0.264228
0.264228
0.304626
0.304626
0.254689
0.254689
0.272639
0.272639
0.320865
0.320865
0.255543
0.255543
0.340437
0.340437
0.462989
0.462989
0.220397
0.220397
0.333047
0.333047
0.337079
0.337079
0.436399
0.436399
0.482060
0.482060
0.284822
0.284822
0.424504
0.424504
0.240127
0.240127
0.351969
0.351969
0.254152
0.254152
0.488568
0.488568
0.114485
0.114485
0.396591
0.396591
0.359453
0.359453
0.335372
0.335372
0.416438
0.416438
0.654705
0.654705
0.163549
0.163549
0.304089
0.304089
0.264936
0.264936
0.518618
0.518618
0.301038
0.301038
0.267388
0.267388
0.485322
0.485322
0.339137
0.339137
0.367945
0.367945
0.563037
0.563037
0.414450
0.414450
0.211163
0.211163
0.199213
0.199213
0.502868
0.502868
0.194422
0.194422
0.642287
0.642287
0.332455
0.332455
0.343017
0.343017
0.142153
0.142153
0.628615
0.628615
0.512693
0.512693
0.309151
0.309151
0.371953
0.371953
0.360032
0.360032
0.480468
0.480468
0.249425
0.249425
0.265712
0.265712
0.256365
0.256365
0.488672
0.488672
0.406154
0.406154
0.417250
0.417250
0.113489
0.113489
0.409964
0.409964
0.187493
0.187493
0.353439
0.353439
0.250405
0.250405
0.367086
0.367086
0.353103
0.353103
0.253477
0.253477
0.327113
0.327113
0.277315
0.277315
0.393215
0.393215
0.391815
0.391815
0.222930
0.222930
0.385541
0.385541
0.349305
0.349305
0.369846
0.369846
0.187885
0.187885
0.407932
0.407932
0.251721
0.251721
0.262665
0.262665
0.269196
0.269196
0.143150
0.143150
0.475208
0.475208
0.552544
0.552544
0.505438
0.505438
0.321976
0.321976
0.200803
0.200803
0.380860
0.380860
0.372180
0.372180
0.287519
0.287519
0.218750
0.218750
0.427290
0.427290
0.268222
0.268222
0.250103
0.250103
0.309048
0.309048
0.352093
0.352093
0.323377
0.323377
0.245573
0.245573
0.255037
0.255037
0.357737
0.357737
0.620617
0.620617
0.373537
0.373537
0.398392
0.398392
0.412387
0.412387
0.126700
0.126700
0.397430
0.397430
0.423446
0.423446
0.401033
0.401033
0.519521
0.519521
0.425037
0.425037
0.295385
0.295385
0.377296
0.377296
0.327611
0.327611
0.577204
0.577204
0.270929
0.270929
0.248626
0.248626
0.373537
0.373537
0.231064
0.231064
0.579678
0.579678
0.218684
0.218684
0.557808
0.557808
0.380154
0.380154
0.515338
0.515338
0.261522
0.261522
0.426200
0.426200
0.153391
0.153391
0.382677
0.382677
0.291327
0.291327
0.402910
0.402910
0.388454
0.388454
0.355545
0.355545
0.183843
0.183843
0.218426
0.218426
0.408262
0.408262
0.207331
0.207331
0.379562
0.379562
0.330721
0.330721
0.485129
0.485129
0.388248
0.388248
0.498638
0.498638
0.369786
0.369786
0.053979
0.053979
0.494312
0.494312
0.348656
0.348656
0.197862
0.197862
0.482330
0.482330
0.195629
0.195629
0.109132
0.109132
0.254171
0.254171
0.482053
0.482053
0.502985
0.502985
0.223417
0.223417
0.210115
0.210115
0.575410
0.575410
0.246666
0.246666
0.371035
0.371035
0.376137
0.376137
0.181635
0.181635
0.222362
0.222362
0.277243
0.277243
0.338908
0.338908
0.154300
0.154300
0.352036
0.352036
0.185566
0.185566
0.464718
0.464718
0.411464
0.411464
0.443846
0.443846
0.392063
0.392063
0.271787
0.271787
0.332654
0.332654
0.227080
0.227080
0.208310
0.208310
0.473360
0.473360
0.530552
0.530552
0.421547
0.421547
0.206025
0.206025
0.189873
0.189873
0.183132
0.183132
0.305724
0.305724
0.228331
0.228331
0.381794
0.381794
0.377473
0.377473
0.359212
0.359212
0.417806
0.417806
0.372926
0.372926
0.214205
0.214205
0.595496
0.595496
0.198870
0.198870
0.126577
0.126577
0.689529
0.689529
0.323187
0.323187
0.488691
0.488691
0.510157
0.510157
0.402112
0.402112
0.253025
0.253025
0.391608
0.391608
0.229905
0.229905
0.502611
0.502611
0.300633
0.300633
0.352852
0.352852
0.260867
0.260867
0.227915
0.227915
0.332938
0.332938
0.527651
0.527651
0.453436
0.453436
0.616483
0.616483
0.338265
0.338265
0.090767
0.090767
0.189120
0.189120
0.366857
0.366857
0.264996
0.264996
0.276779
0.276779
0.377190
0.377190
0.539243
0.539243
0.232544
0.232544
0.526951
0.526951
0.418124
0.418124
0.310281
0.310281
0.218672
0.218672
0.268599
0.268599
0.514264
0.514264
0.312861
0.312861
0.332305
0.332305
0.420584
0.420584
0.215662
0.215662
0.216714
0.216714
0.313975
0.313975
0.254273
0.254273
0.454579
0.454579
0.281551
0.281551
0.281873
0.281873
0.349646
0.349646
0.468371
0.468371
0.360314
0.360314
0.321325
0.321325
0.308510
0.308510
0.421275
0.421275
0.214500
0.214500
0.411133
0.411133
0.155058
0.155058
0.177425
0.177425
0.251767
0.251767
0.348718
0.348718
0.348734
0.348734
0.330980
0.330980
0.397246
0.397246
0.128196
0.128196
0.348161
0.348161
0.232534
0.232534
0.107233
0.107233
0.331025
0.331025
0.190848
0.190848
0.378953
0.378953
0.194828
0.194828
0.534029
0.534029
0.512759
0.512759
0.368785
0.368785
0.200541
0.200541
0.343178
0.343178
0.127567
0.127567
0.205080
0.205080
0.311882
0.311882
0.238150
0.238150
0.394188
0.394188
0.496344
0.496344
0.202984
0.202984
0.069471
0.069471
0.364984
0.364984
0.273592
0.273592
0.214162
0.214162
0.533836
0.533836
0.211970
0.211970
0.400624
0.400624
0.394478
0.394478
0.280315
0.280315
0.170353
0.170353
0.244861
0.244861
0.397323
0.397323
0.358230
0.358230
0.276743
0.276743
0.353342
0.353342
0.317571
0.317571
0.342659
0.342659
0.373766
0.373766
0.343002
0.343002
0.425993
0.425993
0.606110
0.606110
0.424557
0.424557
0.407508
0.407508
0.295165
0.295165
0.659026
0.659026
0.494646
0.494646
0.535076
0.535076
0.222113
0.222113
0.290595
0.290595
0.374889
0.374889
0.233743
0.233743
0.374473
0.374473
0.252725
0.252725
0.293537
0.293537
0.269667
0.269667
0.180642
0.180642
0.340210
0.340210
0.221646
0.221646
0.147715
0.147715
0.239404
0.239404
0.353209
0.353209
0.247128
0.247128
0.301249
0.301249
0.486835
0.486835
0.345947
0.345947
0.345867
0.345867
0.285398
0.285398
0.250181
0.250181
0.228373
0.228373
0.095733
0.095733
0.395567
0.395567
0.497024
0.497024
0.272302
0.272302
0.252580
0.252580
0.540117
0.540117
0.225909
0.225909
0.199806
0.199806
0.447717
0.447717
0.362618
0.362618
0.345277
0.345277
0.235224
0.235224
0.330036
0.330036
0.490619
0.490619
0.282577
0.282577
0.405209
0.405209
0.483613
0.483613
0.301928
0.301928
0.247489
0.247489
0.367218
0.367218
0.360971
0.360971
0.222699
0.222699
0.381443
0.381443
0.612659
0.612659
0.504432
0.504432
0.287390
0.287390
0.326243
0.326243
0.486103
0.486103
0.514762
0.514762
0.162749
0.162749
0.421126
0.421126
0.222242
0.222242
0.215238
0.215238
0.439664
0.439664
0.221459
0.221459
0.606722
0.606722
0.488870
0.488870
0.310813
0.310813
0.247057
0.247057
0.270872
0.270872
0.251432
0.251432
0.470245
0.470245
0.187513
0.187513
0.578637
0.578637
0.196259
0.196259
0.246775
0.246775
0.232531
0.232531
0.242945
0.242945
0.451059
0.451059
0.193610
0.193610
0.249965
0.249965
0.234018
0.234018
0.132821
0.132821
0.186395
0.186395
0.541327
0.541327
0.591955
0.591955
0.269463
0.269463
0.233280
0.233280
0.251702
0.251702
0.541037
0.541037
1.039008
1.039008
0.632198
0.632198
0.330311
0.330311
0.348416
0.348416
0.317093
0.317093
0.262161
0.262161
0.306632
0.306632
0.144542
0.144542
0.284066
0.284066
0.262631
0.262631
0.310330
0.310330
0.191426
0.191426
0.408184
0.408184
0.316996
0.316996
0.203298
0.203298
0.269926
0.269926
0.464220
0.464220
0.134886
0.134886
0.178134
0.178134
0.327533
0.327533
0.300217
0.300217
0.324947
0.324947
0.449796
0.449796
0.283871
0.283871
0.279850
0.279850
0.428452
0.428452
0.669095
0.669095
0.484213
0.484213
0.406282
0.406282
0.309845
0.309845
0.273770
0.273770
0.317362
0.317362
0.529135
0.529135
0.440032
0.440032
0.391102
0.391102
0.636382
0.636382
0.399494
0.399494
0.273896
0.273896
0.279339
0.279339
0.403973
0.403973
0.176973
0.176973
0.573439
0.573439
0.316569
0.316569
0.205921
0.205921
0.508082
0.508082
0.367725
0.367725
0.496381
0.496381
0.214332
0.214332
0.325679
0.325679
0.174797
0.174797
0.220170
0.220170
0.363569
0.363569
0.131760
0.131760
0.307960
0.307960
0.314019
0.314019
0.277433
0.277433
0.402379
0.402379
0.264510
0.264510
0.273546
0.273546
0.376807
0.376807
0.436270
0.436270
0.286070
0.286070
0.333924
0.333924
0.518081
0.518081
0.441924
0.441924
0.728585
0.728585
0.223975
0.223975
0.242316
0.242316
0.245639
0.245639
0.447827
0.447827
0.300464
0.300464
0.207832
0.207832
0.193552
0.193552
0.283866
0.283866
0.198509
0.198509
0.396488
0.396488
0.269418
0.269418
0.261928
0.261928
0.358604
0.358604
0.399743
0.399743
0.184571
0.184571
0.429146
0.429146
0.180772
0.180772
0.424597
0.424597
0.174118
0.174118
0.226264
0.226264
0.241232
0.241232
0.261611
0.261611
0.276217
0.276217
0.545318
0.545318
0.187984
0.187984
0.228897
0.228897
0.110410
0.110410
0.191951
0.191951
0.361225
0.361225
0.474645
0.474645
0.330758
0.330758
0.249422
0.249422
0.466884
0.466884
0.408252
0.408252
0.500359
0.500359
0.427259
0.427259
0.362888
0.362888
0.380089
0.380089
0.209979
0.209979
0.409767
0.409767
0.331932
0.331932
0.393795
0.393795
0.251615
0.251615
0.426983
0.426983
0.348234
0.348234
0.339238
0.339238
0.443606
0.443606
0.258156
0.258156
0.186684
0.186684
0.444826
0.444826
0.258528
0.258528
0.207913
0.207913
0.406825
0.406825
0.226370
0.226370
0.503948
0.503948
0.331620
0.331620
0.149492
0.149492
0.700528
0.700528
0.289578
0.289578
0.783843
0.783843
0.609992
0.609992
0.368968
0.368968
0.337176
0.337176
0.385227
0.385227
0.294420
0.294420
0.391541
0.391541
0.237370
0.237370
0.445887
0.445887
0.288425
0.288425
0.200118
0.200118
0.176933
0.176933
0.445243
0.445243
0.690069
0.690069
0.170971
0.170971
0.350914
0.350914
0.207681
0.207681
0.208377
0.208377
0.416231
0.416231
0.414054
0.414054
0.108206
0.108206
0.590156
0.590156
0.329032
0.329032
0.261199
0.261199
0.213972
0.213972
0.270221
0.270221
0.190690
0.190690
0.206124
0.206124
0.092021
0.092021
0.311115
0.311115
0.240571
0.240571
0.215532
0.215532
0.598519
0.598519
0.195982
0.195982
0.373882
0.373882
0.250955
0.250955
0.298779
0.298779
0.305754
0.305754
0.318171
0.318171
0.365967
0.365967
0.267018
0.267018
0.193960
0.193960
0.296005
0.296005
0.304312
0.304312
0.202189
0.202189
0.156792
0.156792
0.529100
0.529100
0.453102
0.453102
0.507281
0.507281
0.271124
0.271124
0.390805
0.390805
0.347993
0.347993
0.297213
0.297213
0.433869
0.433869
0.307226
0.307226
0.185728
0.185728
0.348557
0.348557
0.520709
0.520709
0.468508
0.468508
0.681678
0.681678
0.203046
0.203046
0.363323
0.363323
0.206240
0.206240
0.303273
0.303273
0.389615
0.389615
0.452412
0.452412
0.358543
0.358543
0.464326
0.464326
0.271337
0.271337
0.432023
0.432023
0.294929
0.294929
0.527040
0.527040
0.280510
0.280510
0.182760
0.182760
0.316068
0.316068
0.206570
0.206570
0.382084
0.382084
0.275806
0.275806
0.155011
0.155011
0.385632
0.385632
0.157108
0.157108
0.139368
0.139368
0.376299
0.376299
0.424735
0.424735
0.709838
0.709838
0.202485
0.202485
0.259253
0.259253
0.210561
0.210561
0.459540
0.459540
0.305018
0.305018
0.211703
0.211703
0.175838
0.175838
0.400762
0.400762
0.242548
0.242548
0.215078
0.215078
0.376769
0.376769
0.322358
0.322358
0.194596
0.194596
0.304170
0.304170
0.184061
0.184061
0.393717
0.393717
0.394665
0.394665
0.454786
0.454786
0.191649
0.191649
0.198787
0.198787
0.375886
0.375886
0.283132
0.283132
0.439256
0.439256
0.257296
0.257296
0.143363
0.143363
0.429450
0.429450
0.384219
0.384219
0.135327
0.135327
0.296288
0.296288
0.173063
0.173063
0.173908
0.173908
0.457384
0.457384
0.240458
0.240458
0.229711
0.229711
0.285896
0.285896
0.413448
0.413448
0.400397
0.400397
0.293151
0.293151
0.309075
0.309075
0.418670
0.418670
0.245482
0.245482
0.240372
0.240372
0.516019
0.516019
0.247066
0.247066
0.216201
0.216201
0.353482
0.353482
0.275894
0.275894
0.347756
0.347756
0.159085
0.159085
0.127164
0.127164
0.279142
0.279142
0.234550
0.234550
0.343295
0.343295
0.410963
0.410963
0.391669
0.391669
0.273793
0.273793
0.341178
0.341178
0.421671
0.421671
0.364630
0.364630
0.239964
0.239964
0.322837
0.322837
0.318611
0.318611
0.401622
0.401622
0.254899
0.254899
0.230082
0.230082
0.411629
0.411629
0.359611
0.359611
0.360598
0.360598
0.290008
0.290008
0.367220
0.367220
0.408712
0.408712
0.497756
0.497756
0.162690
0.162690
0.250204
0.250204
0.283355
0.283355
0.211458
0.211458
0.187360
0.187360
0.260916
0.260916
0.290939
0.290939
0.273404
0.273404
0.328418
0.328418
0.466073
0.466073
0.374695
0.374695
0.254295
0.254295
0.216738
0.216738
0.698867
0.698867
0.173884
0.173884
0.317847
0.317847
0.421882
0.421882
0.250828
0.250828
0.292072
0.292072
0.267753
0.267753
0.445106
0.445106
0.306677
0.306677
0.506571
0.506571
0.519853
0.519853
0.277550
0.277550
0.326340
0.326340
0.333141
0.333141
0.292013
0.292013
0.533060
0.533060
0.276208
0.276208
0.313773
0.313773
0.307251
0.307251
0.478194
0.478194
0.197419
0.197419
0.369133
0.369133
0.236327
0.236327
0.270714
0.270714
0.311986
0.311986
0.365689
0.365689
0.309472
0.309472
0.263441
0.263441
0.483748
0.483748
0.152130
0.152130
0.194336
0.194336
0.390936
0.390936
0.254278
0.254278
0.515372
0.515372
0.276995
0.276995
0.320403
0.320403
0.354207
0.354207
0.256464
0.256464
0.161091
0.161091
0.502111
0.502111
0.451521
0.451521
0.315451
0.315451
0.315846
0.315846
0.542446
0.542446
0.479018
0.479018
0.158051
0.158051
0.413089
0.413089
0.368586
0.368586
0.467900
0.467900
0.302830
0.302830
0.417583
0.417583
0.228634
0.228634
0.467821
0.467821
0.402797
0.402797
0.391326
0.391326
0.186864
0.186864
0.346397
0.346397
0.369331
0.369331
0.310691
0.310691
0.459518
0.459518
0.599683
0.599683
0.259171
0.259171
0.208272
0.208272
0.410606
0.410606
0.207376
0.207376
0.421801
0.421801
0.128578
0.128578
0.205278
0.205278
0.358142
0.358142
0.647958
0.647958
0.315667
0.315667
0.621348
0.621348
0.377130
0.377130
0.513580
0.513580
0.451337
0.451337
0.237953
0.237953
0.307727
0.307727
0.451688
0.451688
0.254432
0.254432
0.345715
0.345715
0.524628
0.524628
0.509732
0.509732
0.719468
0.719468
0.255936
0.255936
0.180135
0.180135
0.549496
0.549496
0.270255
0.270255
0.430826
0.430826
0.288316
0.288316
0.203976
0.203976
0.535594
0.535594
0.367598
0.367598
0.256929
0.256929
0.430663
0.430663
0.097310
0.097310
0.508109
0.508109
0.195265
0.195265
0.331465
0.331465
0.251365
0.251365
0.214653
0.214653
0.401403
0.401403
0.421260
0.421260
0.408022
0.408022
0.375255
0.375255
0.336040
0.336040
0.251577
0.251577
0.234427
0.234427
0.285955
0.285955
0.169104
0.169104
0.323905
0.323905
0.300656
0.300656
0.272436
0.272436
0.355142
0.355142
0.240682
0.240682
0.219249
0.219249
0.463845
0.463845
0.227359
0.227359
0.361423
0.361423
0.414980
0.414980
0.485401
0.485401
0.476306
0.476306
0.333159
0.333159
0.386885
0.386885
0.319302
0.319302
0.275703
0.275703
0.425557
0.425557
0.364812
0.364812
0.532017
0.532017
0.360750
0.360750
0.189715
0.189715
0.530899
0.530899
0.429380
0.429380
0.341038
0.341038
0.443933
0.443933
0.508544
0.508544
0.288142
0.288142
0.303116
0.303116
0.316286
0.316286
0.285974
0.285974
0.240367
0.240367
0.179398
0.179398
0.260795
0.260795
0.244402
0.244402
0.257052
0.257052
0.449012
0.449012
0.324840
0.324840
0.203155
0.203155
0.290109
0.290109
0.629310
0.629310
0.268409
0.268409
0.300369
0.300369
0.120920
0.120920
0.380800
0.380800
0.205478
0.205478
0.145574
0.145574
0.206790
0.206790
0.321550
0.321550
0.246152
0.246152
0.549654
0.549654
0.264230
0.264230
0.342606
0.342606
0.233387
0.233387
0.601513
0.601513
0.154214
0.154214
0.141375
0.141375
0.309772
0.309772
0.144844
0.144844
0.295978
0.295978
0.336984
0.336984
0.264030
0.264030
0.339742
0.339742
0.168820
0.168820
0.194333
0.194333
0.426359
0.426359
0.446209
0.446209
0.279858
0.279858
0.414243
0.414243
0.320797
0.320797
0.277686
0.277686
0.280404
0.280404
0.276711
0.276711
0.147464
0.147464
0.386510
0.386510
0.297207
0.297207
0.610981
0.610981
0.293912
0.293912
0.369172
0.369172
0.248268
0.248268
0.237392
0.237392
0.580182
0.580182
0.271349
0.271349
0.450658
0.450658
0.307324
0.307324
0.394189
0.394189
0.368307
0.368307
0.211602
0.211602
0.687771
0.687771
0.456174
0.456174
0.151261
0.151261
0.349192
0.349192
0.263850
0.263850
0.385762
0.385762
0.388135
0.388135
0.240298
0.240298
0.215965
0.215965
0.337620
0.337620
0.363543
0.363543
0.086163
0.086163
0.427404
0.427404
0.202269
0.202269
0.349957
0.349957
0.406383
0.406383
0.522413
0.522413
0.390026
0.390026
0.531086
0.531086
0.271367
0.271367
0.385260
0.385260
0.251745
0.251745
0.193337
0.193337
0.450782
0.450782
0.350608
0.350608
0.181006
0.181006
0.418995
0.418995
0.335604
0.335604
0.452866
0.452866
0.318325
0.318325
0.352410
0.352410
0.519672
0.519672
0.468778
0.468778
0.192755
0.192755
0.334655
0.334655
0.298151
0.298151
0.322778
0.322778
0.351999
0.351999
0.446974
0.446974
0.217167
0.217167
0.399758
0.399758
0.240058
0.240058
0.311294
0.311294
0.193483
0.193483
0.435786
0.435786
0.228112
0.228112
0.380551
0.380551
0.244251
0.244251
0.229236
0.229236
0.191138
0.191138
0.267910
0.267910
0.125849
0.125849
0.204063
0.204063
0.195884
0.195884
0.467470
0.467470
0.323443
0.323443
0.375109
0.375109
0.236999
0.236999
0.576758
0.576758
0.246749
0.246749
0.320907
0.320907
0.551291
0.551291
0.241068
0.241068
0.249877
0.249877
0.248962
0.248962
0.243108
0.243108
0.202804
0.202804
0.307639
0.307639
0.483478
0.483478
0.273723
0.273723
0.278573
0.278573
0.473528
0.473528
0.419512
0.419512
0.192382
0.192382
0.230671
0.230671
0.156919
0.156919
0.284326
0.284326
0.238410
0.238410
0.198236
0.198236
0.301005
0.301005
0.180488
0.180488
0.352406
0.352406
0.334682
0.334682
0.203747
0.203747
0.366313
0.366313
0.568437
0.568437
0.438967
0.438967
0.235157
0.235157
0.443810
0.443810
0.338505
0.338505
0.363747
0.363747
0.349681
0.349681
0.211079
0.211079
0.248187
0.248187
0.241065
0.241065
0.453360
0.453360
0.135426
0.135426
0.252569
0.252569
0.195107
0.195107
0.298174
0.298174
0.284948
0.284948
0.395979
0.395979
0.375760
0.375760
0.237574
0.237574
0.139195
0.139195
0.239704
0.239704
0.493898
0.493898
0.424987
0.424987
0.333391
0.333391
0.348534
0.348534
0.425764
0.425764
0.375912
0.375912
0.291227
0.291227
0.502216
0.502216
0.249351
0.249351
0.129501
0.129501
0.573251
0.573251
0.269963
0.269963
0.318630
0.318630
0.495422
0.495422
0.361143
0.361143
0.196818
0.196818
0.292459
0.292459
0.629901
0.629901
0.189435
0.189435
0.105471
0.105471
0.170446
0.170446
0.318451
0.318451
0.200699
0.200699
0.356285
0.356285
0.323189
0.323189
0.097816
0.097816
0.642621
0.642621
0.166689
0.166689
0.344327
0.344327
0.259071
0.259071
0.300329
0.300329
0.149146
0.149146
0.183756
0.183756
0.476671
0.476671
0.348935
0.348935
0.472352
0.472352
0.247169
0.247169
0.177504
0.177504
0.545849
0.545849
0.333455
0.333455
0.190107
0.190107
0.314170
0.314170
0.224715
0.224715
0.407674
0.407674
0.168269
0.168269
0.419641
0.419641
0.462937
0.462937
0.234597
0.234597
0.489579
0.489579
0.198229
0.198229
0.332702
0.332702
0.481100
0.481100
0.305404
0.305404
0.350566
0.350566
0.614452
0.614452
0.320647
0.320647
0.172431
0.172431
0.481696
0.481696
0.150735
0.150735
0.499162
0.499162
0.484700
0.484700
0.202627
0.202627
0.233322
0.233322
0.555383
0.555383
0.227015
0.227015
0.231785
0.231785
0.269712
0.269712
0.304095
0.304095
0.399419
0.399419
0.175521
0.175521
0.206437
0.206437
0.211420
0.211420
0.249636
0.249636
0.489607
0.489607
0.263631
0.263631
0.405077
0.405077
0.626901
0.626901
0.465233
0.465233
0.505616
0.505616
0.358951
0.358951
0.356102
0.356102
0.132138
0.132138
0.338506
0.338506
0.428959
0.428959
0.346733
0.346733
0.309976
0.309976
0.281928
0.281928
0.430876
0.430876
0.290657
0.290657
0.300707
0.300707
0.334669
0.334669
0.530130
0.530130
0.339202
0.339202
0.158977
0.158977
0.183444
0.183444
0.180593
0.180593
0.283266
0.283266
0.620357
0.620357
0.132001
0.132001
0.333172
0.333172
0.440556
0.440556
0.487167
0.487167
0.485800
0.485800
0.445751
0.445751
0.423095
0.423095
1.630393
1.630393
0.507418
0.507418
0.371052
0.371052
0.492562
0.492562
0.258385
0.258385
0.281706
0.281706
0.298863
0.298863
0.275971
0.275971
0.269741
0.269741
0.513950
0.513950
0.388815
0.388815
0.244131
0.244131
0.286619
0.286619
0.226567
0.226567
0.404868
0.404868
0.336650
0.336650
0.198651
0.198651
0.242473
0.242473
0.497941
0.497941
0.206014
0.206014
0.195129
0.195129
0.252317
0.252317
0.420663
0.420663
0.313725
0.313725
0.592381
0.592381
0.326861
0.326861
0.261046
0.261046
0.359602
0.359602
0.339278
0.339278
0.327841
0.327841
0.475886
0.475886
0.237166
0.237166
0.212123
0.212123
0.448490
0.448490
0.333181
0.333181
0.217350
0.217350
0.405697
0.405697
0.206699
0.206699
0.148692
0.148692
0.541244
0.541244
0.216710
0.216710
0.226064
0.226064
0.176665
0.176665
0.215162
0.215162
0.344955
0.344955
0.270284
0.270284
0.400980
0.400980
0.323996
0.323996
0.218587
0.218587
0.171745
0.171745
0.407834
0.407834
0.190875
0.190875
0.421963
0.421963
0.392803
0.392803
0.360752
0.360752
0.237291
0.237291
0.582263
0.582263
0.251355
0.251355
0.491961
0.491961
0.434441
0.434441
0.266121
0.266121
0.230339
0.230339
0.339424
0.339424
0.254091
0.254091
0.261164
0.261164
0.227075
0.227075
0.720840
0.720840
0.283887
0.283887
0.323970
0.323970
0.515791
0.515791
0.160516
0.160516
0.200466
0.200466
0.442868
0.442868
0.293997
0.293997
0.378596
0.378596
0.202512
0.202512
0.346088
0.346088
0.419680
0.419680
0.319598
0.319598
0.574820
0.574820
0.470608
0.470608
0.359992
0.359992
0.224053
0.224053
0.139779
0.139779
0.436073
0.436073
0.270884
0.270884
0.367955
0.367955
0.374592
0.374592
0.349226
0.349226
0.430365
0.430365
0.261371
0.261371
0.321128
0.321128
0.384780
0.384780
0.365452
0.365452
0.386073
0.386073
0.356883
0.356883
0.159647
0.159647
0.369538
0.369538
0.344653
0.344653
0.492975
0.492975
0.177261
0.177261
0.337874
0.337874
0.194016
0.194016
0.449761
0.449761
0.239448
0.239448
0.372071
0.372071
0.442720
0.442720
0.130298
0.130298
0.182419
0.182419
0.293513
0.293513
0.275213
0.275213
0.316302
0.316302
0.231159
0.231159
0.200167
0.200167
0.481546
0.481546
0.221483
0.221483
0.202680
0.202680
0.282912
0.282912
0.205841
0.205841
0.262748
0.262748
0.304914
0.304914
0.258452
0.258452
0.294266
0.294266
0.299653
0.299653
0.327930
0.327930
0.304611
0.304611
0.321274
0.321274
0.206890
0.206890
0.770355
0.770355
0.347220
0.347220
0.350167
0.350167
0.127269
0.127269
0.462151
0.462151
0.276377
0.276377
0.267302
0.267302
0.246570
0.246570
0.179836
0.179836
0.283727
0.283727
0.482799
0.482799
0.437476
0.437476
0.596570
0.596570
0.278120
0.278120
0.527222
0.527222
0.378015
0.378015
0.382548
0.382548
0.274978
0.274978
0.447278
0.447278
0.171045
0.171045
0.562423
0.562423
0.418118
0.418118
0.355794
0.355794
0.373290
0.373290
0.143334
0.143334
0.325709
0.325709
0.313859
0.313859
0.252965
0.252965
0.460905
0.460905
0.378474
0.378474
0.188369
0.188369
0.352972
0.352972
0.416554
0.416554
0.251866
0.251866
0.178702
0.178702
0.150460
0.150460
0.251506
0.251506
0.273432
0.273432
0.303843
0.303843
0.322106
0.322106
0.286843
0.286843
0.362924
0.362924
0.301252
0.301252
0.281123
0.281123
0.135808
0.135808
0.390431
0.390431
0.193275
0.193275
0.169778
0.169778
0.423027
0.423027
0.374908
0.374908
0.446977
0.446977
0.424491
0.424491
0.201360
0.201360
0.174758
0.174758
0.640778
0.640778
0.474059
0.474059
0.441466
0.441466
0.329818
0.329818
0.301256
0.301256
0.439750
0.439750
0.248700
0.248700
0.235285
0.235285
0.355514
0.355514
0.114164
0.114164
0.454941
0.454941
0.115212
0.115212
0.156749
0.156749
0.369981
0.369981
0.312063
0.312063
0.396197
0.396197
0.402725
0.402725
0.192016
0.192016
0.319238
0.319238
0.438246
0.438246
0.234383
0.234383
0.395348
0.395348
0.221627
0.221627
0.225958
0.225958
0.400429
0.400429
0.517652
0.517652
0.384589
0.384589
0.245775
0.245775
0.381197
0.381197
0.357577
0.357577
0.523657
0.523657
0.293299
0.293299
0.357172
0.357172
0.331781
0.331781
0.270893
0.270893
0.194590
0.194590
0.321937
0.321937
0.274714
0.274714
0.131806
0.131806
0.225562
0.225562
0.265243
0.265243
0.314282
0.314282
0.674750
0.674750
0.273949
0.273949
0.132501
0.132501
0.299919
0.299919
0.406135
0.406135
0.396647
0.396647
0.273939
0.273939
0.270314
0.270314
0.272542
0.272542
0.380970
0.380970
0.572972
0.572972
0.454963
0.454963
0.440710
0.440710
0.509866
0.509866
0.345270
0.345270
0.449844
0.449844
0.196617
0.196617
0.333399
0.333399
0.146605
0.146605
0.496527
0.496527
0.166081
0.166081
0.130748
0.130748
0.233063
0.233063
0.435273
0.435273
0.383141
0.383141
0.159805
0.159805
0.279702
0.279702
0.416776
0.416776
0.309548
0.309548
0.425542
0.425542
0.277970
0.277970
0.256819
0.256819
0.298747
0.298747
0.186101
0.186101
0.428624
0.428624
0.245040
0.245040
0.437897
0.437897
0.203259
0.203259
0.515677
0.515677
0.551886
0.551886
0.366370
0.366370
0.179601
0.179601
0.265255
0.265255
0.300789
0.300789
0.261730
0.261730
0.269537
0.269537
0.208384
0.208384
0.581587
0.581587
0.184589
0.184589
0.343439
0.343439
0.359758
0.359758
0.322446
0.322446
0.386108
0.386108
0.505149
0.505149
0.387892
0.387892
0.176312
0.176312
0.298094
0.298094
0.294371
0.294371
0.390737
0.390737
0.333405
0.333405
0.471139
0.471139
0.352113
0.352113
0.191396
0.191396
0.518706
0.518706
0.390062
0.390062
0.312371
0.312371
0.396989
0.396989
0.251034
0.251034
0.220881
0.220881
0.265678
0.265678
0.097481
0.097481
0.500189
0.500189
0.682811
0.682811
0.314343
0.314343
0.252686
0.252686
0.360307
0.360307
0.138315
0.138315
0.321082
0.321082
0.376963
0.376963
0.382636
0.382636
0.277986
0.277986
0.211127
0.211127
0.558140
0.558140
0.230929
0.230929
0.258864
0.258864
0.295422
0.295422
0.166511
0.166511
0.176149
0.176149
0.389036
0.389036
0.319605
0.319605
0.400349
0.400349
0.386335
0.386335
0.389398
0.389398
0.245451
0.245451
0.443030
0.443030
0.187797
0.187797
0.338979
0.338979
0.349512
0.349512
0.144960
0.144960
0.251726
0.251726
0.290648
0.290648
0.463394
0.463394
0.556228
0.556228
0.350857
0.350857
0.228912
0.228912
0.220467
0.220467
0.338467
0.338467
0.294376
0.294376
0.323890
0.323890
0.322902
0.322902
0.313417
0.313417
0.252859
0.252859
0.271644
0.271644
0.269300
0.269300
0.188767
0.188767
0.293802
0.293802
0.335962
0.335962
0.235233
0.235233
0.355200
0.355200
0.582055
0.582055
0.147963
0.147963
0.158411
0.158411
0.292362
0.292362
0.473932
0.473932
0.726066
0.726066
0.427531
0.427531
0.406001
0.406001
0.419983
0.419983
0.136071
0.136071
0.296028
0.296028
0.326067
0.326067
0.389903
0.389903
0.298559
0.298559
0.375733
0.375733
0.313739
0.313739
0.408054
0.408054
0.240353
0.240353
0.296592
0.296592
0.356106
0.356106
0.463858
0.463858
0.221941
0.221941
0.168237
0.168237
0.200075
0.200075
0.149448
0.149448
0.163427
0.163427
0.252975
0.252975
0.248957
0.248957
0.082172
0.082172
0.509299
0.509299
0.154344
0.154344
0.458975
0.458975
0.321612
0.321612
0.243228
0.243228
0.334819
0.334819
0.502442
0.502442
0.158244
0.158244
0.516572
0.516572
0.425432
0.425432
0.492296
0.492296
0.516846
0.516846
0.291343
0.291343
0.371517
0.371517
0.479140
0.479140
0.317664
0.317664
0.242343
0.242343
0.349056
0.349056
0.394505
0.394505
0.192758
0.192758
0.069066
0.069066
0.395291
0.395291
0.279731
0.279731
0.395720
0.395720
0.403325
0.403325
0.161810
0.161810
0.194120
0.194120
0.202537
0.202537
0.531883
0.531883
0.221613
0.221613
0.311145
0.311145
0.225892
0.225892
0.406690
0.406690
0.190224
0.190224
0.357128
0.357128
0.572799
0.572799
0.278772
0.278772
0.241385
0.241385
0.196785
0.196785
0.208224
0.208224
0.248160
0.248160
0.184518
0.184518
0.231987
0.231987
0.723034
0.723034
0.301782
0.301782
0.245593
0.245593
0.514860
0.514860
0.559373
0.559373
0.329057
0.329057
0.190810
0.190810
0.680826
0.680826
0.150786
0.150786
0.217558
0.217558
0.206940
0.206940
0.335026
0.335026
0.291797
0.291797
0.482278
0.482278
0.263368
0.263368
0.247557
0.247557
0.418502
0.418502
0.215157
0.215157
0.290471
0.290471
0.256573
0.256573
0.341685
0.341685
0.349914
0.349914
0.151421
0.151421
0.556548
0.556548
0.207402
0.207402
0.287805
0.287805
0.194452
0.194452
0.389201
0.389201
0.149707
0.149707
0.197636
0.197636
0.325706
0.325706
0.304811
0.304811
0.434502
0.434502
0.302477
0.302477
0.416648
0.416648
0.215536
0.215536
0.210023
0.210023
0.133825
0.133825
0.489111
0.489111
0.318966
0.318966
0.273868
0.273868
0.415154
0.415154
0.505340
0.505340
0.193282
0.193282
0.611642
0.611642
0.159123
0.159123
0.498857
0.498857
0.274960
0.274960
0.536432
0.536432
0.294728
0.294728
0.237732
0.237732
0.259229
0.259229
0.330963
0.330963
0.815751
0.815751
0.538851
0.538851
0.171014
0.171014
0.532898
0.532898
0.319095
0.319095
0.338330
0.338330
0.318069
0.318069
0.323999
0.323999
0.736289
0.736289
0.282186
0.282186
0.315321
0.315321
0.189858
0.189858
0.307552
0.307552
0.291600
0.291600
0.310790
0.310790
0.401121
0.401121
0.141579
0.141579
0.435530
0.435530
0.286733
0.286733
0.331903
0.331903
0.437197
0.437197
0.195655
0.195655
0.529541
0.529541
0.280331
0.280331
0.538461
0.538461
0.307242
0.307242
0.439071
0.439071
0.442612
0.442612
0.250026
0.250026
0.396409
0.396409
0.266904
0.266904
0.274401
0.274401
0.298915
0.298915
0.142947
0.142947
0.223827
0.223827
0.369187
0.369187
0.313873
0.313873
0.287341
0.287341
0.313343
0.313343
0.304989
0.304989
0.226989
0.226989
0.458032
0.458032
0.180777
0.180777
0.435776
0.435776
0.374949
0.374949
0.343576
0.343576
0.365548
0.365548
0.124711
0.124711
0.310985
0.310985
0.225207
0.225207
0.284324
0.284324
0.187900
0.187900
0.208091
0.208091
0.337062
0.337062
0.428553
0.428553
0.214108
0.214108
0.377732
0.377732
0.211581
0.211581
0.235032
0.235032
0.204835
0.204835
0.367077
0.367077
0.255617
0.255617
0.376021
0.376021
0.304420
0.304420
0.210803
0.210803
0.465275
0.465275
0.293738
0.293738
0.315079
0.315079
0.280666
0.280666
0.615895
0.615895
0.280619
0.280619
0.220484
0.220484
0.315536
0.315536
0.145068
0.145068
0.410058
0.410058
0.441578
0.441578
0.318291
0.318291
0.286454
0.286454
0.262000
0.262000
0.489669
0.489669
0.334062
0.334062
0.399135
0.399135
0.397128
0.397128
0.259185
0.259185
0.284921
0.284921
0.429906
0.429906
0.242311
0.242311
0.241203
0.241203
0.327378
0.327378
0.188861
0.188861
0.297344
0.297344
0.441650
0.441650
0.444906
0.444906
0.270987
0.270987
0.349230
0.349230
0.577311
0.577311
0.265644
0.265644
0.359247
0.359247
0.454281
0.454281
0.419418
0.419418
0.180538
0.180538
0.432827
0.432827
0.251796
0.251796
0.301324
0.301324
0.353557
0.353557
0.260129
0.260129
0.182009
0.182009
0.389841
0.389841
0.212227
0.212227
0.200734
0.200734
0.300284
0.300284
0.404024
0.404024
0.313582
0.313582
0.371692
0.371692
0.524590
0.524590
0.376318
0.376318
0.180433
0.180433
0.206020
0.206020
0.237028
0.237028
0.281514
0.281514
0.382050
0.382050
0.296763
0.296763
0.120408
0.120408
0.324550
0.324550
0.341204
0.341204
0.344929
0.344929
0.541748
0.541748
0.230519
0.230519
0.112788
0.112788
0.447984
0.447984
0.114077
0.114077
0.391162
0.391162
0.338503
0.338503
0.245140
0.245140
0.353653
0.353653
0.239707
0.239707
0.277214
0.277214
0.285502
0.285502
0.195668
0.195668
0.276450
0.276450
0.283623
0.283623
0.302497
0.302497
0.657450
0.657450
0.559106
0.559106
0.130981
0.130981
0.436832
0.436832
0.191163
0.191163
0.074578
0.074578
0.444512
0.444512
0.234801
0.234801
0.099102
0.099102
0.433189
0.433189
0.221341
0.221341
0.197056
0.197056
0.232210
0.232210
0.084561
0.084561
0.321252
0.321252
0.208242
0.208242
0.371910
0.371910
0.216821
0.216821
0.215806
0.215806
0.442054
0.442054
0.190059
0.190059
0.383057
0.383057
0.356866
0.356866
0.348280
0.348280
0.655238
0.655238
0.380505
0.380505
0.224437
0.224437
0.226555
0.226555
0.225370
0.225370
0.283740
0.283740
0.530364
0.530364
0.133141
0.133141
0.209670
0.209670
0.242683
0.242683
0.297755
0.297755
0.349289
0.349289
0.465655
0.465655
0.265333
0.265333
0.303288
0.303288
0.419232
0.419232
0.363035
0.363035
0.528736
0.528736
0.206544
0.206544
0.239433
0.239433
0.417897
0.417897
0.230104
0.230104
0.395949
0.395949
0.334852
0.334852
0.289938
0.289938
0.489712
0.489712
0.428245
0.428245
0.257060
0.257060
0.148998
0.148998
0.614954
0.614954
0.640212
0.640212
0.211831
0.211831
0.335399
0.335399
0.388867
0.388867
0.186330
0.186330
0.271713
0.271713
0.469459
0.469459
0.518652
0.518652
0.184634
0.184634
0.509328
0.509328
0.082081
0.082081
0.216339
0.216339
0.380973
0.380973
0.251708
0.251708
0.388698
0.388698
0.438138
0.438138
0.271516
0.271516
0.350106
0.350106
0.278210
0.278210
0.310814
0.310814
0.585779
0.585779
0.149860
0.149860
0.532471
0.532471
0.429754
0.429754
0.177945
0.177945
0.439396
0.439396
0.127601
0.127601
0.415933
0.415933
0.241438
0.241438
0.368659
0.368659
0.321510
0.321510
0.386276
0.386276
0.383828
0.383828
0.416709
0.416709
0.317076
0.317076
0.199020
0.199020
0.373636
0.373636
0.424302
0.424302
0.081940
0.081940
0.489654
0.489654
0.384491
0.384491
0.386215
0.386215
0.348025
0.348025
0.308955
0.308955
0.323987
0.323987
0.233517
0.233517
0.246444
0.246444
0.457530
0.457530
0.292390
0.292390
0.342190
0.342190
0.276414
0.276414
0.468695
0.468695
0.178264
0.178264
0.401681
0.401681
0.256511
0.256511
0.131309
0.131309
0.339805
0.339805
0.377908
0.377908
0.403551
0.403551
0.306624
0.306624
0.302444
0.302444
0.428991
0.428991
0.462713
0.462713
0.430997
0.430997
0.138413
0.138413
0.307705
0.307705
0.116794
0.116794
0.685233
0.685233
0.254197
0.254197
0.282739
0.282739
0.307130
0.307130
0.187174
0.187174
0.325066
0.325066
0.592137
0.592137
0.180820
0.180820
0.259073
0.259073
0.236486
0.236486
0.299075
0.299075
0.343523
0.343523
0.376740
0.376740
0.250701
0.250701
0.299718
0.299718
0.274394
0.274394
0.269067
0.269067
0.185710
0.185710
0.215873
0.215873
0.340606
0.340606
0.379284
0.379284
0.127830
0.127830
0.649950
0.649950
0.333434
0.333434
0.460699
0.460699
0.313533
0.313533
0.216740
0.216740
0.302318
0.302318
0.245990
0.245990
0.492025
0.492025
0.211634
0.211634
0.315764
0.315764
0.354582
0.354582
0.378708
0.378708
0.648854
0.648854
0.471408
0.471408
0.496556
0.496556
0.214361
0.214361
0.559895
0.559895
0.228615
0.228615
0.316121
0.316121
0.172075
0.172075
0.255095
0.255095
0.640563
0.640563
0.386465
0.386465
0.345909
0.345909
0.623138
0.623138
0.197952
0.197952
0.167270
0.167270
0.636468
0.636468
0.283055
0.283055
0.123339
0.123339
0.250041
0.250041
0.206200
0.206200
0.191191
0.191191
0.366910
0.366910
0.346815
0.346815
0.415115
0.415115
0.382786
0.382786
0.263851
0.263851
0.467227
0.467227
0.132378
0.132378
0.313053
0.313053
0.179355
0.179355
0.194334
0.194334
0.516334
0.516334
0.233877
0.233877
0.340367
0.340367
0.278703
0.278703
0.205788
0.205788
0.136238
0.136238
0.139650
0.139650
0.202663
0.202663
0.307043
0.307043
0.299477
0.299477
0.327213
0.327213
0.357592
0.357592
0.248438
0.248438
0.417904
0.417904
0.161069
0.161069
0.190266
0.190266
0.274299
0.274299
0.365903
0.365903
0.430523
0.430523
0.265467
0.265467
0.217107
0.217107
0.427933
0.427933
0.708963
0.708963
0.403908
0.403908
0.286891
0.286891
0.173887
0.173887
0.557539
0.557539
0.433093
0.433093
0.153730
0.153730
0.346209
0.346209
0.212976
0.212976
0.271375
0.271375
0.428991
0.428991
0.359745
0.359745
0.209837
0.209837
0.092973
0.092973
0.353013
0.353013
0.547114
0.547114
0.284788
0.284788
0.557973
0.557973
0.400892
0.400892
0.683323
0.683323
0.373114
0.373114
0.264352
0.264352
0.271757
0.271757
0.381665
0.381665
0.375641
0.375641
0.327585
0.327585
0.450625
0.450625
0.264449
0.264449
0.232771
0.232771
0.364905
0.364905
0.256017
0.256017
0.281138
0.281138
0.282196
0.282196
0.496166
0.496166
0.294980
0.294980
0.165496
0.165496
0.256464
0.256464
0.207940
0.207940
0.338906
0.338906
0.264628
0.264628
0.439371
0.439371
0.265967
0.265967
0.460997
0.460997
0.194239
0.194239
0.370368
0.370368
0.129165
0.129165
0.418002
0.418002
0.260564
0.260564
0.455240
0.455240
0.524385
0.524385
0.487279
0.487279
0.595152
0.595152
0.326154
0.326154
0.474540
0.474540
0.101388
0.101388
0.292482
0.292482
0.125335
0.125335
0.307195
0.307195
0.341254
0.341254
0.293940
0.293940
0.416285
0.416285
0.231330
0.231330
0.215215
0.215215
0.299984
0.299984
0.263546
0.263546
0.337434
0.337434
0.385123
0.385123
0.177513
0.177513
0.200831
0.200831
0.378518
0.378518
0.342977
0.342977
0.338298
0.338298
0.395971
0.395971
0.416675
0.416675
0.193493
0.193493
0.295691
0.295691
0.404510
0.404510
0.305144
0.305144
0.498574
0.498574
0.342650
0.342650
0.139124
0.139124
0.256235
0.256235
0.164238
0.164238
0.303105
0.303105
0.370096
0.370096
0.246544
0.246544
0.263170
0.263170
0.302797
0.302797
0.198003
0.198003
0.476386
0.476386
0.105118
0.105118
0.490222
0.490222
0.308676
0.308676
0.234245
0.234245
0.264707
0.264707
0.205020
0.205020
0.261490
0.261490
0.269143
0.269143
0.193633
0.193633
0.288687
0.288687
0.234346
0.234346
0.115754
0.115754
0.219373
0.219373
0.299560
0.299560
0.453476
0.453476
0.261545
0.261545
0.559503
0.559503
0.534096
0.534096
0.476710
0.476710
0.272264
0.272264
0.146930
0.146930
0.350503
0.350503
0.260956
0.260956
0.295661
0.295661
0.439745
0.439745
0.157722
0.157722
0.110120
0.110120
0.316805
0.316805
1.026671
1.026671
0.288337
0.288337
0.256277
0.256277
0.175669
0.175669
0.305319
0.305319
0.192564
0.192564
0.497151
0.497151
0.241166
0.241166
0.127854
0.127854
0.146121
0.146121
0.327398
0.327398
0.315251
0.315251
0.229422
0.229422
0.266567
0.266567
0.323811
0.323811
0.134313
0.134313
0.171905
0.171905
0.240081
0.240081
0.270456
0.270456
0.120193
0.120193
0.361484
0.361484
0.469423
0.469423
0.337852
0.337852
0.238187
0.238187
0.118323
0.118323
0.148800
0.148800
0.243456
0.243456
0.331735
0.331735
0.268437
0.268437
0.341860
0.341860
0.414139
0.414139
0.224844
0.224844
0.158004
0.158004
0.245147
0.245147
0.669749
0.669749
0.230787
0.230787
0.595410
0.595410
0.397415
0.397415
0.187887
0.187887
0.353704
0.353704
0.170151
0.170151
0.271433
0.271433
0.207609
0.207609
0.230516
0.230516
0.251002
0.251002
0.623731
0.623731
0.365744
0.365744
0.510192
0.510192
0.310762
0.310762
0.362073
0.362073
0.483342
0.483342
0.430823
0.430823
0.323413
0.323413
0.197779
0.197779
0.409904
0.409904
0.396328
0.396328
0.292821
0.292821
0.223291
0.223291
0.118100
0.118100
0.172658
0.172658
0.357829
0.357829
0.220587
0.220587
0.251071
0.251071
0.329177
0.329177
0.293161
0.293161
0.198903
0.198903
0.178466
0.178466
0.332836
0.332836
0.308591
0.308591
0.230082
0.230082
0.237351
0.237351
0.300578
0.300578
0.275389
0.275389
0.431598
0.431598
0.318918
0.318918
0.329506
0.329506
0.636212
0.636212
0.397842
0.397842
0.154034
0.154034
0.284621
0.284621
0.479501
0.479501
0.157824
0.157824
0.386039
0.386039
0.292197
0.292197
0.276392
0.276392
0.326032
0.326032
0.256894
0.256894
0.343945
0.343945
0.246375
0.246375
0.238720
0.238720
0.406345
0.406345
0.167329
0.167329
0.449684
0.449684
0.248600
0.248600
0.179597
0.179597
0.211227
0.211227
0.735537
0.735537
0.227649
0.227649
0.347575
0.347575
0.454175
0.454175
0.612979
0.612979
0.319451
0.319451
0.156316
0.156316
0.398347
0.398347
0.430434
0.430434
0.366346
0.366346
0.461001
0.461001
0.235582
0.235582
0.180358
0.180358
0.385016
0.385016
0.118044
0.118044
0.519784
0.519784
0.491874
0.491874
0.292724
0.292724
0.367800
0.367800
0.131457
0.131457
0.367326
0.367326
0.334882
0.334882
0.203624
0.203624
0.150530
0.150530
0.213504
0.213504
0.411743
0.411743
0.305620
0.305620
0.373962
0.373962
0.266615
0.266615
0.335857
0.335857
0.393765
0.393765
0.250208
0.250208
0.584693
0.584693
0.379974
0.379974
0.340225
0.340225
0.282710
0.282710
0.500778
0.500778
0.269536
0.269536
0.291375
0.291375
0.553852
0.553852
0.574924
0.574924
0.339920
0.339920
0.364200
0.364200
0.462626
0.462626
0.194473
0.194473
0.289740
0.289740
0.454438
0.454438
0.237712
0.237712
0.539636
0.539636
0.527462
0.527462
0.301686
0.301686
0.232272
0.232272
0.212834
0.212834
0.129228
0.129228
0.361427
0.361427
0.204042
0.204042
0.382283
0.382283
0.144174
0.144174
0.428902
0.428902
0.400903
0.400903
0.217275
0.217275
0.187933
0.187933
0.447408
0.447408
0.296045
0.296045
0.125276
0.125276
0.567220
0.567220
0.380023
0.380023
0.359912
0.359912
0.475989
0.475989
0.232736
0.232736
0.165989
0.165989
0.351179
0.351179
0.338957
0.338957
0.236854
0.236854
0.194578
0.194578
0.403150
0.403150
0.290728
0.290728
0.391208
0.391208
0.249866
0.249866
0.267145
0.267145
0.162526
0.162526
0.367530
0.367530
0.410794
0.410794
0.108139
0.108139
0.304425
0.304425
0.244429
0.244429
0.408225
0.408225
0.198062
0.198062
0.311203
0.311203
0.390885
0.390885
0.243090
0.243090
0.269599
0.269599
0.276007
0.276007
0.328950
0.328950
0.259951
0.259951
0.251998
0.251998
0.390076
0.390076
0.296997
0.296997
0.521451
0.521451
0.671112
0.671112
0.291761
0.291761
0.268373
0.268373
0.229038
0.229038
0.511669
0.511669
0.204925
0.204925
0.325616
0.325616
0.318750
0.318750
0.387956
0.387956
0.380660
0.380660
0.267172
0.267172
0.307389
0.307389
0.104686
0.104686
0.204400
0.204400
0.161151
0.161151
0.263323
0.263323
0.466129
0.466129
0.472112
0.472112
0.238745
0.238745
0.435374
0.435374
0.397935
0.397935
0.148915
0.148915
0.362935
0.362935
0.364890
0.364890
0.379476
0.379476
0.448695
0.448695
0.371046
0.371046
0.283711
0.283711
0.522568
0.522568
0.546283
0.546283
0.401933
0.401933
0.385563
0.385563
0.258902
0.258902
0.328647
0.328647
0.406298
0.406298
0.310261
0.310261
0.344650
0.344650
0.469818
0.469818
0.770908
0.770908
0.026587
0.026587
0.228002
0.228002
0.282975
0.282975
0.242918
0.242918
0.214057
0.214057
0.432695
0.432695
0.366049
0.366049
0.283650
0.283650
0.218525
0.218525
0.258718
0.258718
0.426990
0.426990
0.354896
0.354896
0.325430
0.325430
0.369186
0.369186
0.216978
0.216978
0.264113
0.264113
0.151742
0.151742
0.186854
0.186854
0.294397
0.294397
0.437664
0.437664
0.316546
0.316546
0.243819
0.243819
0.352987
0.352987
0.447571
0.447571
0.314464
0.314464
0.334587
0.334587
0.439574
0.439574
0.206638
0.206638
0.104028
0.104028
0.340903
0.340903
0.345336
0.345336
0.217434
0.217434
0.341085
0.341085
0.246296
0.246296
0.165746
0.165746
0.284447
0.284447
0.627852
0.627852
0.400886
0.400886
0.451553
0.451553
0.474313
0.474313
0.238405
0.238405
0.161266
0.161266
0.279804
0.279804
0.558878
0.558878
0.315740
0.315740
0.278258
0.278258
0.473860
0.473860
0.558412
0.558412
0.349259
0.349259
0.511388
0.511388
0.613567
0.613567
0.196256
0.196256
0.192739
0.192739
0.218494
0.218494
0.375167
0.375167
0.392903
0.392903
0.164745
0.164745
0.301880
0.301880
0.379114
0.379114
0.290939
0.290939
0.170031
0.170031
0.234891
0.234891
0.307218
0.307218
0.194076
0.194076
0.354321
0.354321
0.208892
0.208892
0.330378
0.330378
0.242519
0.242519
0.328449
0.328449
0.517966
0.517966
0.233736
0.233736
0.287010
0.287010
0.371875
0.371875
0.224797
0.224797
0.301753
0.301753
0.411409
0.411409
0.276273
0.276273
0.109347
0.109347
0.508680
0.508680
0.414396
0.414396
0.186946
0.186946
0.484383
0.484383
0.473438
0.473438
0.369843
0.369843
0.133822
0.133822
0.475437
0.475437
0.278401
0.278401
0.235373
0.235373
0.451457
0.451457
0.197560
0.197560
0.331352
0.331352
0.464178
0.464178
0.198071
0.198071
0.212070
0.212070
0.358374
0.358374
0.488830
0.488830
0.091865
0.091865
0.265043
0.265043
0.374155
0.374155
0.180099
0.180099
0.363368
0.363368
0.245166
0.245166
0.497346
0.497346
0.217299
0.217299
0.471051
0.471051
0.313851
0.313851
0.466529
0.466529
0.268264
0.268264
0.248021
0.248021
0.253741
0.253741
0.340692
0.340692
0.217674
0.217674
0.389941
0.389941
0.221679
0.221679
0.262840
0.262840
0.294373
0.294373
0.304190
0.304190
0.626621
0.626621
0.294649
0.294649
0.481905
0.481905
0.533552
0.533552
0.617457
0.617457
0.299483
0.299483
0.396361
0.396361
0.187494
0.187494
0.288630
0.288630
0.380372
0.380372
0.144649
0.144649
0.656852
0.656852
0.138881
0.138881
0.233739
0.233739
0.300609
0.300609
0.333367
0.333367
0.210086
0.210086
0.462342
0.462342
0.673623
0.673623
0.187251
0.187251
0.497382
0.497382
0.319774
0.319774
0.181010
0.181010
0.119919
0.119919
0.324681
0.324681
0.325293
0.325293
0.177410
0.177410
0.155347
0.155347
0.380205
0.380205
0.194376
0.194376
0.264286
0.264286
0.215308
0.215308
0.215816
0.215816
0.372360
0.372360
0.334036
0.334036
0.405147
0.405147
0.213816
0.213816
0.152908
0.152908
0.223929
0.223929
0.297893
0.297893
0.291812
0.291812
0.176948
0.176948
0.291950
0.291950
0.535867
0.535867
0.214284
0.214284
0.292745
0.292745
0.458865
0.458865
0.441281
0.441281
0.387728
0.387728
0.143395
0.143395
0.253716
0.253716
0.308787
0.308787
0.262077
0.262077
0.327523
0.327523
0.206904
0.206904
0.333933
0.333933
0.289083
0.289083
0.350897
0.350897
0.167518
0.167518
0.266414
0.266414
0.126324
0.126324
0.490729
0.490729
0.288626
0.288626
0.308445
0.308445
0.324132
0.324132
0.283724
0.283724
0.196132
0.196132
0.223049
0.223049
0.315168
0.315168
0.323380
0.323380
0.426485
0.426485
0.481993
0.481993
0.231116
0.231116
0.351755
0.351755
0.409326
0.409326
0.304371
0.304371
0.477265
0.477265
0.336689
0.336689
0.368469
0.368469
0.274237
0.274237
0.318310
0.318310
0.247456
0.247456
0.702984
0.702984
0.336773
0.336773
0.406250
0.406250
0.383279
0.383279
0.206852
0.206852
0.402890
0.402890
0.538126
0.538126
0.229831
0.229831
0.225654
0.225654
0.095649
0.095649
0.306988
0.306988
0.336311
0.336311
0.194313
0.194313
0.358021
0.358021
0.154363
0.154363
0.243412
0.243412
0.255143
0.255143
0.529484
0.529484
0.378950
0.378950
0.527479
0.527479
0.278743
0.278743
0.414884
0.414884
0.504955
0.504955
0.290697
0.290697
0.366129
0.366129
0.452281
0.452281
0.176274
0.176274
0.295796
0.295796
0.297112
0.297112
0.270303
0.270303
0.509592
0.509592
0.359233
0.359233
0.148976
0.148976
0.524770
0.524770
0.193765
0.193765
0.048848
0.048848
0.237626
0.237626
0.257869
0.257869
0.213466
0.213466
0.263010
0.263010
0.171729
0.171729
0.532838
0.532838
0.425352
0.425352
0.449839
0.449839
0.584740
0.584740
0.261862
0.261862
0.248879
0.248879
0.357715
0.357715
0.306625
0.306625
0.453673
0.453673
0.236994
0.236994
0.497472
0.497472
0.233798
0.233798
0.513553
0.513553
0.389542
0.389542
0.396931
0.396931
0.673937
0.673937
0.598875
0.598875
0.632532
0.632532
0.391323
0.391323
0.552665
0.552665
0.307404
0.307404
0.293184
0.293184
0.486100
0.486100
0.122626
0.122626
0.314061
0.314061
0.445671
0.445671
0.235302
0.235302
0.274390
0.274390
0.352042
0.352042
0.301950
0.301950
0.156576
0.156576
0.180854
0.180854
0.576631
0.576631
0.484643
0.484643
0.403705
0.403705
0.162726
0.162726
0.116208
0.116208
0.305619
0.305619
0.261575
0.261575
0.567230
0.567230
0.493462
0.493462
0.287167
0.287167
0.300319
0.300319
0.389226
0.389226
0.168900
0.168900
0.207735
0.207735
0.470311
0.470311
0.340265
0.340265
0.395845
0.395845
0.329604
0.329604
0.224835
0.224835
0.361061
0.361061
0.436382
0.436382
0.274214
0.274214
0.250942
0.250942
0.172002
0.172002
0.207733
0.207733
0.299688
0.299688
0.392409
0.392409
0.167361
0.167361
0.294359
0.294359
0.460914
0.460914
0.082587
0.082587
0.206638
0.206638
0.288517
0.288517
0.249392
0.249392
0.373818
0.373818
0.239188
0.239188
0.121300
0.121300
0.128784
0.128784
0.456583
0.456583
0.149575
0.149575
0.284368
0.284368
0.291921
0.291921
0.237369
0.237369
0.279651
0.279651
0.145015
0.145015
0.346151
0.346151
0.213559
0.213559
0.202689
0.202689
0.259644
0.259644
0.269690
0.269690
0.524558
0.524558
0.211237
0.211237
0.372103
0.372103
0.377732
0.377732
0.255664
0.255664
0.163767
0.163767
0.395301
0.395301
0.215495
0.215495
0.317399
0.317399
0.365698
0.365698
0.147303
0.147303
0.127551
0.127551
0.604268
0.604268
0.130401
0.130401
0.243008
0.243008
0.725995
0.725995
0.161096
0.161096
0.313519
0.313519
0.253967
0.253967
0.169620
0.169620
0.291577
0.291577
0.354402
0.354402
0.109545
0.109545
0.283162
0.283162
0.338508
0.338508
0.359468
0.359468
0.222545
0.222545
0.331623
0.331623
0.354232
0.354232
0.238100
0.238100
0.237331
0.237331
0.366432
0.366432
0.273638
0.273638
0.436403
0.436403
0.187613
0.187613
0.313060
0.313060
0.449657
0.449657
0.297154
0.297154
0.253523
0.253523
0.293037
0.293037
0.381224
0.381224
0.243253
0.243253
0.440903
0.440903
0.265830
0.265830
0.402406
0.402406
0.318530
0.318530
0.508482
0.508482
0.268065
0.268065
0.318583
0.318583
0.262143
0.262143
0.144438
0.144438
0.298060
0.298060
0.318269
0.318269
0.439443
0.439443
0.332280
0.332280
0.345635
0.345635
0.197720
0.197720
0.231995
0.231995
0.273434
0.273434
0.221712
0.221712
0.300577
0.300577
0.107116
0.107116
0.270943
0.270943
0.341123
0.341123
0.257691
0.257691
0.269700
0.269700
0.275763
0.275763
0.263716
0.263716
0.242398
0.242398
0.226564
0.226564
0.364655
0.364655
0.207400
0.207400
0.265403
0.265403
0.461280
0.461280
0.186375
0.186375
0.169798
0.169798
0.399963
0.399963
0.210352
0.210352
0.122444
0.122444
0.261211
0.261211
0.164367
0.164367
0.278018
0.278018
0.438896
0.438896
0.294191
0.294191
0.279707
0.279707
0.740813
0.740813
0.232421
0.232421
0.320494
0.320494
0.599311
0.599311
0.296180
0.296180
0.288494
0.288494
0.417401
0.417401
0.420289
0.420289
0.275080
0.275080
0.389981
0.389981
0.389401
0.389401
0.354936
0.354936
0.299573
0.299573
0.478636
0.478636
0.409155
0.409155
0.453587
0.453587
0.193666
0.193666
0.321315
0.321315
0.349174
0.349174
0.467020
0.467020
0.352322
0.352322
0.142643
0.142643
0.077894
0.077894
0.180180
0.180180
0.262759
0.262759
0.253926
0.253926
0.195557
0.195557
0.293039
0.293039
0.177936
0.177936
0.257680
0.257680
0.340247
0.340247
0.306019
0.306019
0.213301
0.213301
0.588806
0.588806
0.405178
0.405178
0.223206
0.223206
0.387517
0.387517
0.346814
0.346814
0.272046
0.272046
0.335198
0.335198
0.384448
0.384448
0.185640
0.185640
0.115022
0.115022
0.321974
0.321974
0.359244
0.359244
0.390350
0.390350
0.205158
0.205158
0.363891
0.363891
0.371337
0.371337
0.279545
0.279545
0.286542
0.286542
0.307656
0.307656
0.388649
0.388649
0.296838
0.296838
0.484482
0.484482
0.297906
0.297906
0.115125
0.115125
0.342670
0.342670
0.545593
0.545593
0.328941
0.328941
0.330166
0.330166
0.067798
0.067798
0.301629
0.301629
0.403983
0.403983
0.389512
0.389512
0.220040
0.220040
0.229953
0.229953
0.349270
0.349270
0.411147
0.411147
0.344319
0.344319
0.406016
0.406016
0.269340
0.269340
0.256267
0.256267
0.284040
0.284040
0.565416
0.565416
0.265667
0.265667
0.442970
0.442970
0.284505
0.284505
0.415486
0.415486
0.694813
0.694813
0.333690
0.333690
0.232742
0.232742
0.560927
0.560927
0.334606
0.334606
0.448736
0.448736
0.329619
0.329619
0.328544
0.328544
0.167545
0.167545
0.292255
0.292255
0.301760
0.301760
0.412932
0.412932
0.378209
0.378209
0.194128
0.194128
0.159948
0.159948
0.280459
0.280459
0.166829
0.166829
0.159952
0.159952
0.240723
0.240723
0.378830
0.378830
0.326784
0.326784
0.417358
0.417358
0.383434
0.383434
0.415487
0.415487
0.131905
0.131905
0.287551
0.287551
0.396532
0.396532
0.392631
0.392631
0.314610
0.314610
0.342775
0.342775
0.269523
0.269523
0.271612
0.271612
0.239027
0.239027
0.426351
0.426351
0.307568
0.307568
0.231773
0.231773
0.266224
0.266224
0.161760
0.161760
0.300007
0.300007
0.203721
0.203721
0.339791
0.339791
0.267226
0.267226
0.161028
0.161028
0.418464
0.418464
0.554110
0.554110
0.168861
0.168861
0.416943
0.416943
0.227418
0.227418
0.514195
0.514195
0.405138
0.405138
0.418408
0.418408
0.265168
0.265168
0.319928
0.319928
0.409228
0.409228
0.236773
0.236773
0.286977
0.286977
0.466483
0.466483
0.228088
0.228088
0.274796
0.274796
0.259590
0.259590
0.436481
0.436481
0.326034
0.326034
0.181198
0.181198
0.284920
0.284920
0.280591
0.280591
0.458922
0.458922
0.193988
0.193988
0.265246
0.265246
0.247166
0.247166
0.433176
0.433176
0.362022
0.362022
0.275778
0.275778
0.581620
0.581620
0.367850
0.367850
0.331260
0.331260
0.363679
0.363679
0.488956
0.488956
0.111044
0.111044
0.234321
0.234321
0.336088
0.336088
0.484948
0.484948
0.387974
0.387974
0.381627
0.381627
0.170674
0.170674
0.405171
0.405171
0.418180
0.418180
0.207272
0.207272
0.276170
0.276170
0.346691
0.346691
0.407944
0.407944
0.237028
0.237028
0.139101
0.139101
0.289665
0.289665
0.166376
0.166376
0.295381
0.295381
0.159129
0.159129
0.265781
0.265781
0.432893
0.432893
0.414431
0.414431
0.324530
0.324530
0.218710
0.218710
0.429840
0.429840
0.388335
0.388335
0.382191
0.382191
0.355720
0.355720
0.393037
0.393037
0.328894
0.328894
0.444844
0.444844
0.306815
0.306815
0.484676
0.484676
0.243092
0.243092
0.212503
0.212503
0.266869
0.266869
0.287042
0.287042
0.406129
0.406129
0.259367
0.259367
0.286996
0.286996
0.276664
0.276664
0.391575
0.391575
0.315264
0.315264
0.225187
0.225187
0.363260
0.363260
0.232582
0.232582
0.089095
0.089095
0.316151
0.316151
0.388390
0.388390
0.387439
0.387439
0.135262
0.135262
0.185333
0.185333
0.308402
0.308402
0.330320
0.330320
0.275062
0.275062
0.360821
0.360821
0.209013
0.209013
0.136864
0.136864
0.207940
0.207940
0.369715
0.369715
0.156254
0.156254
0.316311
0.316311
0.122010
0.122010
0.426417
0.426417
0.450126
0.450126
0.475866
0.475866
0.159063
0.159063
0.179897
0.179897
0.457037
0.457037
0.295291
0.295291
0.162785
0.162785
0.330051
0.330051
0.774354
0.774354
0.300089
0.300089
0.328957
0.328957
0.357343
0.357343
0.389528
0.389528
0.390781
0.390781
0.326051
0.326051
0.146120
0.146120
0.298974
0.298974
0.212959
0.212959
0.393280
0.393280
0.118752
0.118752
0.248061
0.248061
0.676300
0.676300
0.227645
0.227645
0.221952
0.221952
0.312192
0.312192
0.160041
0.160041
0.166084
0.166084
0.365961
0.365961
0.394248
0.394248
0.266267
0.266267
0.269649
0.269649
0.160120
0.160120
0.607714
0.607714
0.458430
0.458430
0.457959
0.457959
0.184600
0.184600
0.398960
0.398960
0.186773
0.186773
0.313265
0.313265
0.312428
0.312428
0.218813
0.218813
0.071875
0.071875
0.560838
0.560838
0.158238
0.158238
0.312584
0.312584
0.317266
0.317266
0.148718
0.148718
0.567593
0.567593
0.236377
0.236377
0.204933
0.204933
0.371319
0.371319
0.195978
0.195978
0.444307
0.444307
0.293108
0.293108
0.434808
0.434808
0.411705
0.411705
0.214115
0.214115
0.321279
0.321279
0.289822
0.289822
0.297844
0.297844
0.258243
0.258243
0.346764
0.346764
0.279437
0.279437
0.424544
0.424544
0.233064
0.233064
0.236894
0.236894
0.269569
0.269569
0.406441
0.406441
0.294485
0.294485
0.398165
0.398165
0.551634
0.551634
0.315614
0.315614
0.484368
0.484368
0.433103
0.433103
0.179949
0.179949
0.113175
0.113175
0.360453
0.360453
0.610037
0.610037
0.285680
0.285680
0.160948
0.160948
0.148650
0.148650
0.596557
0.596557
0.518305
0.518305
0.818203
0.818203
0.264231
0.264231
0.288416
0.288416
0.300603
0.300603
0.361862
0.361862
0.378718
0.378718
0.539383
0.539383
0.452696
0.452696
0.213732
0.213732
0.519680
0.519680
0.116721
0.116721
0.307101
0.307101
0.269293
0.269293
0.199465
0.199465
0.192731
0.192731
0.310824
0.310824
0.179931
0.179931
0.273524
0.273524
0.168682
0.168682
0.148344
0.148344
0.325825
0.325825
0.218244
0.218244
0.251559
0.251559
0.347605
0.347605
0.297925
0.297925
0.395420
0.395420
0.195371
0.195371
0.313381
0.313381
0.302993
0.302993
0.336367
0.336367
0.155597
0.155597
0.406888
0.406888
0.355697
0.355697
0.200708
0.200708
0.321638
0.321638
0.292813
0.292813
0.517742
0.517742
0.422959
0.422959
0.101885
0.101885
0.206823
0.206823
0.117517
0.117517
0.271250
0.271250
0.668745
0.668745
0.206796
0.206796
0.561097
0.561097
0.328918
0.328918
0.288945
0.288945
0.265493
0.265493
0.249373
0.249373
0.248358
0.248358
0.244849
0.244849
0.208177
0.208177
0.412073
0.412073
0.482519
0.482519
0.500902
0.500902
0.238537
0.238537
0.324445
0.324445
0.265347
0.265347
0.145297
0.145297
0.248399
0.248399
0.302708
0.302708
0.206781
0.206781
0.336071
0.336071
0.305972
0.305972
0.159542
0.159542
0.278372
0.278372
0.548922
0.548922
0.373957
0.373957
0.570547
0.570547
0.423565
0.423565
0.280118
0.280118
0.395567
0.395567
0.321257
0.321257
0.382386
0.382386
0.377137
0.377137
0.437667
0.437667
0.261421
0.261421
0.273935
0.273935
0.340674
0.340674
0.427711
0.427711
0.232179
0.232179
0.392894
0.392894
0.411371
0.411371
0.246954
0.246954
0.223341
0.223341
0.181721
0.181721
0.255782
0.255782
0.237417
0.237417
0.215329
0.215329
0.473217
0.473217
0.223034
0.223034
0.344704
0.344704
0.169887
0.169887
0.201153
0.201153
0.585358
0.585358
0.248902
0.248902
0.132664
0.132664
0.193443
0.193443
0.225791
0.225791
0.288668
0.288668
0.245698
0.245698
0.303655
0.303655
0.357392
0.357392
0.218389
0.218389
0.342361
0.342361
0.410595
0.410595
0.323114
0.323114
0.300944
0.300944
0.197572
0.197572
0.133013
0.133013
0.378426
0.378426
0.384490
0.384490
0.502856
0.502856
0.140862
0.140862
0.266761
0.266761
0.236345
0.236345
0.183949
0.183949
0.278919
0.278919
0.199651
0.199651
0.168513
0.168513
0.435221
0.435221
0.248841
0.248841
0.317041
0.317041
0.166963
0.166963
0.216819
0.216819
0.172823
0.172823
0.515385
0.515385
0.364208
0.364208
0.509742
0.509742
0.273107
0.273107
0.465171
0.465171
0.368481
0.368481
0.203397
0.203397
0.159257
0.159257
0.446752
0.446752
0.251706
0.251706
0.300382
0.300382
0.258296
0.258296
0.268854
0.268854
0.628768
0.628768
0.371567
0.371567
0.178492
0.178492
0.422772
0.422772
0.229130
0.229130
0.415547
0.415547
0.117974
0.117974
0.333638
0.333638
0.192772
0.192772
0.396139
0.396139
0.365150
0.365150
0.363424
0.363424
0.224801
0.224801
0.271118
0.271118
0.222946
0.222946
0.211099
0.211099
0.396048
0.396048
0.496010
0.496010
0.285180
0.285180
0.302346
0.302346
0.401286
0.401286
0.386372
0.386372
0.324410
0.324410
0.347487
0.347487
0.255639
0.255639
0.162584
0.162584
0.416746
0.416746
0.250135
0.250135
0.159229
0.159229
0.322977
0.322977
0.219365
0.219365
0.225522
0.225522
0.476972
0.476972
0.351200
0.351200
0.513047
0.513047
0.334256
0.334256
0.414085
0.414085
0.283259
0.283259
0.153287
0.153287
0.436172
0.436172
0.324799
0.324799
0.240461
0.240461
0.677582
0.677582
0.328578
0.328578
0.139350
0.139350
0.201697
0.201697
0.268679
0.268679
0.172776
0.172776
0.409984
0.409984
0.469290
0.469290
0.120335
0.120335
0.185321
0.185321
0.432387
0.432387
0.254525
0.254525
0.186059
0.186059
0.310433
0.310433
0.193695
0.193695
0.379059
0.379059
0.330310
0.330310
0.273005
0.273005
0.456070
0.456070
0.367040
0.367040
0.079750
0.079750
0.309349
0.309349
0.299002
0.299002
0.294396
0.294396
0.378801
0.378801
0.348599
0.348599
0.462451
0.462451
0.300481
0.300481
0.197431
0.197431
0.326269
0.326269
0.145540
0.145540
0.255305
0.255305
0.276469
0.276469
0.455339
0.455339
0.372614
0.372614
0.247742
0.247742
0.494981
0.494981
0.148569
0.148569
0.237054
0.237054
0.414729
0.414729
0.225784
0.225784
0.396457
0.396457
0.216989
0.216989
0.206879
0.206879
0.391540
0.391540
0.503268
0.503268
0.511834
0.511834
0.352989
0.352989
0.197754
0.197754
0.333155
0.333155
0.251986
0.251986
0.329092
0.329092
0.203218
0.203218
0.229904
0.229904
0.288378
0.288378
0.168034
0.168034
0.228843
0.228843
0.326742
0.326742
0.315691
0.315691
0.187901
0.187901
0.605367
0.605367
0.338053
0.338053
0.168565
0.168565
0.239469
0.239469
0.390224
0.390224
0.274944
0.274944
0.449928
0.449928
0.185942
0.185942
0.578617
0.578617
0.286109
0.286109
0.314071
0.314071
0.633795
0.633795
0.368972
0.368972
0.274597
0.274597
0.312637
0.312637
0.498538
0.498538
0.349235
0.349235
0.502961
0.502961
0.370456
0.370456
0.161115
0.161115
0.428882
0.428882
0.502921
0.502921
0.327136
0.327136
0.318711
0.318711
0.296583
0.296583
0.274931
0.274931
0.258020
0.258020
0.373768
0.373768
0.139132
0.139132
0.175717
0.175717
0.174011
0.174011
0.431569
0.431569
0.590516
0.590516
0.307363
0.307363
0.261708
0.261708
0.595333
0.595333
0.233459
0.233459
0.365889
0.365889
0.305375
0.305375
0.463975
0.463975
0.224793
0.224793
0.467404
0.467404
0.333648
0.333648
0.252198
0.252198
0.228831
0.228831
0.176061
0.176061
0.389481
0.389481
0.246580
0.246580
0.574717
0.574717
0.314227
0.314227
0.222072
0.222072
0.399824
0.399824
0.334020
0.334020
0.284720
0.284720
0.367113
0.367113
0.293802
0.293802
0.246741
0.246741
0.355520
0.355520
0.222907
0.222907
0.465623
0.465623
0.272841
0.272841
0.323768
0.323768
0.200959
0.200959
0.382428
0.382428
0.164164
0.164164
0.276881
0.276881
0.469402
0.469402
0.327542
0.327542
0.146627
0.146627
0.221791
0.221791
0.449862
0.449862
0.129704
0.129704
0.313580
0.313580
0.222146
0.222146
0.191781
0.191781
0.348250
0.348250
0.171425
0.171425
0.108280
0.108280
0.195751
0.195751
0.178504
0.178504
0.324093
0.324093
0.166916
0.166916
0.234905
0.234905
0.303636
0.303636
0.354260
0.354260
0.440583
0.440583
0.288023
0.288023
0.346972
0.346972
0.215329
0.215329
0.165993
0.165993
0.302516
0.302516
0.246877
0.246877
0.252652
0.252652
0.075126
0.075126
0.380806
0.380806
0.220754
0.220754
0.591846
0.591846
0.461122
0.461122
0.260156
0.260156
0.440408
0.440408
0.471064
0.471064
0.139244
0.139244
0.455742
0.455742
0.292421
0.292421
0.263816
0.263816
0.441453
0.441453
0.299403
0.299403
0.388304
0.388304
0.147928
0.147928
0.357372
0.357372
0.170722
0.170722
0.262855
0.262855
0.334195
0.334195
0.490720
0.490720
0.460489
0.460489
0.200767
0.200767
0.312002
0.312002
0.404907
0.404907
0.297127
0.297127
0.219889
0.219889
0.196750
0.196750
0.450739
0.450739
0.500929
0.500929
0.110554
0.110554
0.231726
0.231726
0.192326
0.192326
0.354148
0.354148
0.332014
0.332014
0.345445
0.345445
0.387577
0.387577
0.163954
0.163954
0.295666
0.295666
0.337235
0.337235
0.385382
0.385382
0.256139
0.256139
0.300453
0.300453
0.142399
0.142399
0.183234
0.183234
0.403509
0.403509
0.196483
0.196483
0.379664
0.379664
0.204835
0.204835
0.587132
0.587132
0.167208
0.167208
0.295351
0.295351
0.348256
0.348256
0.189956
0.189956
0.232379
0.232379
0.423824
0.423824
0.263903
0.263903
0.134482
0.134482
0.278485
0.278485
0.501370
0.501370
0.455536
0.455536
0.259390
0.259390
0.531834
0.531834
0.204864
0.204864
0.391497
0.391497
0.319676
0.319676
0.324845
0.324845
0.283194
0.283194
0.302306
0.302306
0.656948
0.656948
0.075656
0.075656
0.281583
0.281583
0.246652
0.246652
0.402784
0.402784
0.240689
0.240689
0.196354
0.196354
0.214239
0.214239
0.189378
0.189378
0.183036
0.183036
0.269121
0.269121
0.203507
0.203507
0.497730
0.497730
0.361531
0.361531
0.317184
0.317184
0.495078
0.495078
0.402621
0.402621
0.081930
0.081930
0.260299
0.260299
0.221325
0.221325
0.296480
0.296480
0.406659
0.406659
0.287029
0.287029
0.254490
0.254490
0.205059
0.205059
0.343534
0.343534
0.232976
0.232976
0.412440
0.412440
0.166261
0.166261
0.208506
0.208506
0.307917
0.307917
0.107513
0.107513
0.174698
0.174698
0.503704
0.503704
0.185110
0.185110
0.145781
0.145781
0.250060
0.250060
0.361723
0.361723
0.272717
0.272717
0.645807
0.645807
0.310345
0.310345
0.312762
0.312762
0.387865
0.387865
0.367137
0.367137
0.463455
0.463455
0.324592
0.324592
0.322563
0.322563
0.251109
0.251109
0.342301
0.342301
0.468842
0.468842
0.289027
0.289027
0.485004
0.485004
0.445372
0.445372
0.218454
0.218454
0.458623
0.458623
0.343365
0.343365
0.275905
0.275905
0.135427
0.135427
0.279569
0.279569
0.276650
0.276650
0.395665
0.395665
0.179539
0.179539
0.219839
0.219839
0.292365
0.292365
0.326312
0.326312
0.188446
0.188446
0.212156
0.212156
0.292247
0.292247
0.330791
0.330791
0.288307
0.288307
0.397858
0.397858
0.194521
0.194521
0.236336
0.236336
0.581589
0.581589
0.181057
0.181057
0.327201
0.327201
0.612888
0.612888
0.318148
0.318148
0.090167
0.090167
0.238777
0.238777
0.332793
0.332793
0.293996
0.293996
0.292134
0.292134
0.435927
0.435927
0.388674
0.388674
0.404583
0.404583
0.193279
0.193279
0.437452
0.437452
0.308491
0.308491
0.252723
0.252723
0.341968
0.341968
0.339067
0.339067
0.340956
0.340956
0.395231
0.395231
0.436554
0.436554
0.186588
0.186588
0.272679
0.272679
0.295607
0.295607
0.338404
0.338404
0.450886
0.450886
0.178124
0.178124
0.135988
0.135988
0.240036
0.240036
0.056816
0.056816
0.538902
0.538902
0.476149
0.476149
0.243069
0.243069
0.510576
0.510576
0.366199
0.366199
0.187128
0.187128
0.285619
0.285619
0.410279
0.410279
0.118193
0.118193
0.526603
0.526603
0.138501
0.138501
0.205995
0.205995
0.437048
0.437048
0.269784
0.269784
0.114100
0.114100
0.289518
0.289518
0.309808
0.309808
0.155808
0.155808
0.375365
0.375365
0.350512
0.350512
0.142491
0.142491
0.259077
0.259077
0.439078
0.439078
0.189004
0.189004
0.459206
0.459206
0.242017
0.242017
0.189408
0.189408
0.497140
0.497140
0.128800
0.128800
0.274281
0.274281
0.263028
0.263028
0.274885
0.274885
0.168984
0.168984
0.220054
0.220054
0.281315
0.281315
0.243527
0.243527
0.238860
0.238860
0.457669
0.457669
0.508199
0.508199
0.208911
0.208911
0.247618
0.247618
0.337914
0.337914
0.232901
0.232901
0.333763
0.333763
0.184149
0.184149
0.305279
0.305279
0.236442
0.236442
0.233237
0.233237
0.319316
0.319316
0.180833
0.180833
0.169755
0.169755
0.386793
0.386793
0.276749
0.276749
0.362022
0.362022
0.465386
0.465386
0.249328
0.249328
0.195039
0.195039
0.359034
0.359034
0.429908
0.429908
0.191373
0.191373
0.270848
0.270848
0.253025
0.253025
0.285233
0.285233
0.068332
0.068332
0.277592
0.277592
0.193648
0.193648
0.330015
0.330015
0.591642
0.591642
0.531358
0.531358
0.325971
0.325971
0.389634
0.389634
0.447674
0.447674
0.319165
0.319165
0.372942
0.372942
0.259449
0.259449
0.294261
0.294261
0.276431
0.276431
0.448916
0.448916
0.291385
0.291385
0.226210
0.226210
0.437039
0.437039
0.138609
0.138609
0.207272
0.207272
0.370681
0.370681
0.323152
0.323152
0.387978
0.387978
0.147472
0.147472
0.138525
0.138525
0.444170
0.444170
0.347634
0.347634
0.242838
0.242838
0.483705
0.483705
0.174169
0.174169
0.366380
0.366380
0.353593
0.353593
0.357523
0.357523
0.222017
0.222017
0.447081
0.447081
0.401963
0.401963
0.444488
0.444488
0.247452
0.247452
0.269886
0.269886
0.140688
0.140688
0.299480
0.299480
0.365949
0.365949
0.281372
0.281372
0.178733
0.178733
0.277975
0.277975
0.464720
0.464720
0.238367
0.238367
0.208119
0.208119
0.258754
0.258754
0.468076
0.468076
0.255683
0.255683
0.279300
0.279300
0.411766
0.411766
0.212734
0.212734
0.440062
0.440062
0.394545
0.394545
0.201726
0.201726
0.326192
0.326192
0.453827
0.453827
0.155178
0.155178
0.391062
0.391062
0.425866
0.425866
0.224357
0.224357
0.266965
0.266965
0.379762
0.379762
0.485799
0.485799
0.520983
0.520983
0.341400
0.341400
0.232152
0.232152
0.619780
0.619780
0.206553
0.206553
0.244088
0.244088
0.465878
0.465878
0.189253
0.189253
0.321226
0.321226
0.384534
0.384534
0.207725
0.207725
0.470238
0.470238
0.406359
0.406359
0.215410
0.215410
0.276637
0.276637
0.202072
0.202072
0.375525
0.375525
0.399736
0.399736
0.231192
0.231192
0.454795
0.454795
0.510955
0.510955
0.170535
0.170535
0.146605
0.146605
0.248184
0.248184
0.286882
0.286882
0.262782
0.262782
0.240513
0.240513
0.341628
0.341628
0.675492
0.675492
0.371873
0.371873
0.388507
0.388507
0.580943
0.580943
0.267740
0.267740
0.167441
0.167441
0.324305
0.324305
0.363035
0.363035
0.166500
0.166500
0.411622
0.411622
0.243521
0.243521
0.402965
0.402965
0.411086
0.411086
0.220250
0.220250
0.388009
0.388009
0.315320
0.315320
0.112556
0.112556
0.298871
0.298871
0.313445
0.313445
0.120704
0.120704
0.298472
0.298472
0.499476
0.499476
0.227748
0.227748
0.366242
0.366242
0.230304
0.230304
0.625510
0.625510
0.409298
0.409298
0.371510
0.371510
0.231413
0.231413
0.535204
0.535204
0.460153
0.460153
0.360674
0.360674
0.665292
0.665292
0.129033
0.129033
0.320878
0.320878
0.356998
0.356998
0.293530
0.293530
0.261925
0.261925
0.419842
0.419842
0.278121
0.278121
0.401489
0.401489
0.357144
0.357144
0.265214
0.265214
0.227676
0.227676
0.267957
0.267957
0.139601
0.139601
0.234167
0.234167
0.250416
0.250416
0.408451
0.408451
0.522342
0.522342
0.194282
0.194282
0.570169
0.570169
0.491767
0.491767
0.284242
0.284242
0.330305
0.330305
0.366750
0.366750
0.177260
0.177260
0.387002
0.387002
0.467208
0.467208
0.150231
0.150231
0.316861
0.316861
0.075930
0.075930
0.233021
0.233021
0.138729
0.138729
0.242827
0.242827
0.166633
0.166633
0.340012
0.340012
0.238579
0.238579
0.359445
0.359445
0.279371
0.279371
0.216953
0.216953
0.504422
0.504422
0.485288
0.485288
0.128310
0.128310
0.260375
0.260375
0.334351
0.334351
0.185618
0.185618
0.416312
0.416312
0.364005
0.364005
0.408844
0.408844
0.376808
0.376808
0.281317
0.281317
0.272738
0.272738
0.410743
0.410743
0.343164
0.343164
0.444389
0.444389
0.295918
0.295918
0.175286
0.175286
0.322120
0.322120
0.276958
0.276958
0.073071
0.073071
0.448874
0.448874
0.264272
0.264272
0.297364
0.297364
0.344222
0.344222
0.173330
0.173330
0.398977
0.398977
0.123680
0.123680
0.193406
0.193406
0.273900
0.273900
0.366385
0.366385
0.301927
0.301927
0.313037
0.313037
0.161270
0.161270
0.262246
0.262246
0.348092
0.348092
0.206346
0.206346
0.145755
0.145755
0.343156
0.343156
0.332532
0.332532
0.376237
0.376237
0.158621
0.158621
0.143645
0.143645
0.408112
0.408112
0.512309
0.512309
0.377960
0.377960
0.332517
0.332517
0.472173
0.472173
0.243674
0.243674
0.324652
0.324652
0.350241
0.350241
0.214089
0.214089
0.198060
0.198060
0.336758
0.336758
0.328370
0.328370
0.342095
0.342095
0.301714
0.301714
0.113016
0.113016
0.301554
0.301554
0.570158
0.570158
0.380582
0.380582
0.448905
0.448905
0.398255
0.398255
0.342763
0.342763
0.291951
0.291951
0.461941
0.461941
0.313979
0.313979
0.167680
0.167680
0.278300
0.278300
0.257352
0.257352
0.213691
0.213691
0.247429
0.247429
0.256739
0.256739
0.243546
0.243546
0.233819
0.233819
0.417065
0.417065
0.181710
0.181710
0.271763
0.271763
0.233731
0.233731
0.242847
0.242847
0.150097
0.150097
0.289548
0.289548
0.220156
0.220156
0.166157
0.166157
0.253100
0.253100
0.174549
0.174549
0.483770
0.483770
0.264025
0.264025
0.245385
0.245385
0.335140
0.335140
0.392933
0.392933
0.273309
0.273309
0.378316
0.378316
0.833872
0.833872
0.347539
0.347539
0.269274
0.269274
0.157366
0.157366
0.291474
0.291474
0.322121
0.322121
0.443336
0.443336
0.184012
0.184012
0.257591
0.257591
0.310216
0.310216
0.533912
0.533912
0.277349
0.277349
0.355429
0.355429
0.240685
0.240685
0.410329
0.410329
0.326576
0.326576
0.143698
0.143698
0.340614
0.340614
0.541616
0.541616
0.280923
0.280923
0.117864
0.117864
0.386563
0.386563
0.740858
0.740858
0.213229
0.213229
0.207638
0.207638
0.375998
0.375998
0.114079
0.114079
0.395120
0.395120
0.340691
0.340691
0.247351
0.247351
0.291374
0.291374
0.557160
0.557160
0.229535
0.229535
0.469635
0.469635
0.229676
0.229676
0.202114
0.202114
0.401888
0.401888
0.341997
0.341997
0.121122
0.121122
0.502676
0.502676
0.266562
0.266562
0.373472
0.373472
0.347288
0.347288
0.269484
0.269484
0.359024
0.359024
0.378653
0.378653
0.428450
0.428450
0.224363
0.224363
0.260697
0.260697
0.380068
0.380068
0.437323
0.437323
0.241367
0.241367
0.370501
0.370501
0.469635
0.469635
0.445354
0.445354
0.147913
0.147913
0.344757
0.344757
0.314941
0.314941
0.241197
0.241197
0.325309
0.325309
0.203540
0.203540
0.269288
0.269288
0.578157
0.578157
0.275612
0.275612
0.496862
0.496862
0.239041
0.239041
0.221953
0.221953
0.324922
0.324922
0.436994
0.436994
0.402714
0.402714
0.355752
0.355752
0.215825
0.215825
0.437663
0.437663
0.298345
0.298345
0.208974
0.208974
0.366909
0.366909
0.356343
0.356343
0.197849
0.197849
0.307846
0.307846
0.411034
0.411034
0.308603
0.308603
0.290216
0.290216
0.357083
0.357083
0.490407
0.490407
0.342891
0.342891
0.083760
0.083760
0.359559
0.359559
0.147870
0.147870
0.128040
0.128040
0.572921
0.572921
0.196816
0.196816
0.376020
0.376020
0.117263
0.117263
0.202344
0.202344
0.238349
0.238349
0.310425
0.310425
0.213803
0.213803
0.362636
0.362636
0.382259
0.382259
0.109171
0.109171
0.193226
0.193226
0.713480
0.713480
0.316352
0.316352
0.125678
0.125678
0.200152
0.200152
0.299542
0.299542
0.368409
0.368409
0.225712
0.225712
0.218232
0.218232
0.399717
0.399717
0.272095
0.272095
0.313223
0.313223
0.500463
0.500463
0.145517
0.145517
0.257454
0.257454
0.264736
0.264736
0.268341
0.268341
0.365195
0.365195
0.163946
0.163946
0.336976
0.336976
0.139971
0.139971
0.472072
0.472072
0.074444
0.074444
0.377167
0.377167
0.141676
0.141676
0.425067
0.425067
0.206618
0.206618
0.488971
0.488971
0.196007
0.196007
0.356874
0.356874
0.218713
0.218713
0.447297
0.447297
0.313617
0.313617
0.154303
0.154303
0.448340
0.448340
0.292564
0.292564
0.425153
0.425153
0.263768
0.263768
0.429412
0.429412
0.435421
0.435421
0.359324
0.359324
0.237434
0.237434
0.466081
0.466081
0.179006
0.179006
0.145464
0.145464
0.555561
0.555561
0.353231
0.353231
0.164693
0.164693
0.297589
0.297589
0.460392
0.460392
0.207564
0.207564
0.328848
0.328848
0.382593
0.382593
0.259462
0.259462
0.325513
0.325513
0.227074
0.227074
0.315796
0.315796
0.237117
0.237117
0.271411
0.271411
0.206160
0.206160
0.301319
0.301319
0.306596
0.306596
0.305819
0.305819
0.165976
0.165976
0.354440
0.354440
0.522166
0.522166
0.290328
0.290328
0.135254
0.135254
0.463936
0.463936
0.375477
0.375477
0.186441
0.186441
0.283175
0.283175
0.142320
0.142320
0.370430
0.370430
0.391234
0.391234
0.225119
0.225119
0.195974
0.195974
0.385349
0.385349
0.731627
0.731627
0.425365
0.425365
0.190670
0.190670
0.254813
0.254813
0.133698
0.133698
0.166442
0.166442
0.598944
0.598944
0.310859
0.310859
0.176430
0.176430
0.271678
0.271678
0.501870
0.501870
0.273734
0.273734
0.328780
0.328780
0.500130
0.500130
0.546448
0.546448
0.469252
0.469252
0.171088
0.171088
0.291657
0.291657
0.263734
0.263734
0.256164
0.256164
0.146958
0.146958
0.267981
0.267981
0.462785
0.462785
0.241836
0.241836
0.074745
0.074745
0.301020
0.301020
0.294596
0.294596
0.369845
0.369845
0.400193
0.400193
0.130314
0.130314
0.537295
0.537295
0.350259
0.350259
0.253565
0.253565
0.198444
0.198444
0.113261
0.113261
0.241394
0.241394
0.175311
0.175311
0.484351
0.484351
0.423645
0.423645
0.142970
0.142970
0.338230
0.338230
0.238693
0.238693
0.560107
0.560107
0.272052
0.272052
0.292716
0.292716
0.269662
0.269662
0.277575
0.277575
0.331047
0.331047
0.238286
0.238286
0.550648
0.550648
0.345818
0.345818
0.274742
0.274742
0.149789
0.149789
0.356829
0.356829
0.254438
0.254438
0.480536
0.480536
0.177486
0.177486
0.233690
0.233690
0.332863
0.332863
0.367790
0.367790
0.415052
0.415052
0.544529
0.544529
0.345582
0.345582
0.226622
0.226622
0.230471
0.230471
0.351026
0.351026
0.550220
0.550220
0.283142
0.283142
0.232231
0.232231
0.146710
0.146710
0.401665
0.401665
0.313868
0.313868
0.372899
0.372899
0.371536
0.371536
0.328770
0.328770
0.299914
0.299914
0.389382
0.389382
0.210404
0.210404
0.230978
0.230978
0.223215
0.223215
0.171647
0.171647
0.153726
0.153726
0.131272
0.131272
0.205174
0.205174
0.299263
0.299263
0.169530
0.169530
0.258628
0.258628
0.333019
0.333019
0.325065
0.325065
0.280835
0.280835
0.204604
0.204604
0.528145
0.528145
0.433575
0.433575
0.196369
0.196369
0.233155
0.233155
0.329162
0.329162
0.140040
0.140040
0.242236
0.242236
0.313382
0.313382
0.343170
0.343170
0.203434
0.203434
0.470613
0.470613
0.152279
0.152279
0.225370
0.225370
0.317405
0.317405
0.231366
0.231366
0.489135
0.489135
0.260671
0.260671
0.339259
0.339259
0.466266
0.466266
0.245843
0.245843
0.502386
0.502386
0.666277
0.666277
0.149355
0.149355
0.234400
0.234400
0.351098
0.351098
0.223148
0.223148
0.154235
0.154235
0.493368
0.493368
0.491387
0.491387
0.386513
0.386513
0.269985
0.269985
0.204570
0.204570
0.269862
0.269862
0.267895
0.267895
0.398322
0.398322
0.414700
0.414700
0.289267
0.289267
0.196950
0.196950
0.118952
0.118952
0.180946
0.180946
0.230906
0.230906
0.562238
0.562238
0.254898
0.254898
0.315800
0.315800
0.483658
0.483658
0.492893
0.492893
0.261845
0.261845
0.318261
0.318261
0.537228
0.537228
0.138832
0.138832
0.525724
0.525724
0.249854
0.249854
0.337677
0.337677
0.453017
0.453017
0.447944
0.447944
0.107711
0.107711
0.235146
0.235146
0.315135
0.315135
0.264446
0.264446
0.121901
0.121901
0.434021
0.434021
0.450717
0.450717
0.555535
0.555535
0.379534
0.379534
0.095779
0.095779
0.255885
0.255885
0.080773
0.080773
0.540098
0.540098
0.296542
0.296542
0.196975
0.196975
0.398047
0.398047
0.198742
0.198742
0.249460
0.249460
0.408521
0.408521
0.213838
0.213838
0.318282
0.318282
0.403327
0.403327
0.212603
0.212603
0.427218
0.427218
0.253601
0.253601
0.339850
0.339850
0.176365
0.176365
0.210515
0.210515
0.391818
0.391818
0.354016
0.354016
0.290606
0.290606
0.126645
0.126645
0.106660
0.106660
0.370489
0.370489
0.407806
0.407806
0.524312
0.524312
0.403448
0.403448
0.282087
0.282087
0.216384
0.216384
0.187895
0.187895
0.331327
0.331327
0.312734
0.312734
0.289826
0.289826
0.206398
0.206398
0.190807
0.190807
0.176568
0.176568
0.543166
0.543166
0.210813
0.210813
0.250026
0.250026
0.226844
0.226844
0.298300
0.298300
0.191273
0.191273
0.221384
0.221384
0.281197
0.281197
0.190196
0.190196
0.293626
0.293626
0.299718
0.299718
0.160791
0.160791
0.304758
0.304758
0.208691
0.208691
0.381352
0.381352
0.222118
0.222118
0.306031
0.306031
0.289576
0.289576
0.594612
0.594612
0.156776
0.156776
0.214073
0.214073
0.293689
0.293689
0.255313
0.255313
0.437340
0.437340
0.387094
0.387094
0.290754
0.290754
0.298564
0.298564
0.242518
0.242518
0.256077
0.256077
0.592688
0.592688
0.192311
0.192311
0.174775
0.174775
0.288295
0.288295
0.300810
0.300810
0.576224
0.576224
0.283049
0.283049
0.356152
0.356152
0.305907
0.305907
0.298365
0.298365
0.238542
0.238542
0.273344
0.273344
0.529953
0.529953
0.432464
0.432464
0.336079
0.336079
0.126250
0.126250
0.259502
0.259502
0.425557
0.425557
0.327965
0.327965
0.282205
0.282205
0.244466
0.244466
0.232779
0.232779
0.304886
0.304886
0.184955
0.184955
0.184176
0.184176
0.601624
0.601624
0.362646
0.362646
0.350349
0.350349
0.257265
0.257265
0.411714
0.411714
0.206931
0.206931
0.383623
0.383623
0.156901
0.156901
0.501134
0.501134
0.387749
0.387749
0.219222
0.219222
0.234517
0.234517
0.149562
0.149562
0.383935
0.383935
0.245210
0.245210
0.078718
0.078718
0.233171
0.233171
0.336041
0.336041
0.181153
0.181153
0.179473
0.179473
0.216666
0.216666
0.369890
0.369890
0.155568
0.155568
0.328911
0.328911
0.223126
0.223126
0.264308
0.264308
0.372709
0.372709
0.435407
0.435407
0.358358
0.358358
0.170254
0.170254
0.555266
0.555266
0.079921
0.079921
0.195184
0.195184
0.261392
0.261392
0.355632
0.355632
0.178059
0.178059
0.233386
0.233386
0.154631
0.154631
0.282460
0.282460
0.341531
0.341531
0.614109
0.614109
0.218123
0.218123
0.209515
0.209515
0.604667
0.604667
0.183359
0.183359
0.471284
0.471284
0.369668
0.369668
0.381888
0.381888
0.273155
0.273155
0.097947
0.097947
0.239297
0.239297
0.368953
0.368953
0.164146
0.164146
0.313657
0.313657
0.265897
0.265897
0.391746
0.391746
0.184121
0.184121
0.499189
0.499189
0.158876
0.158876
0.406310
0.406310
0.286284
0.286284
0.298161
0.298161
0.175908
0.175908
0.258373
0.258373
0.249568
0.249568
0.279068
0.279068
0.401695
0.401695
0.222915
0.222915
0.415587
0.415587
0.172603
0.172603
0.258811
0.258811
0.441716
0.441716
0.390242
0.390242
0.168759
0.168759
0.114544
0.114544
0.376433
0.376433
0.283592
0.283592
0.322235
0.322235
0.298218
0.298218
0.424943
0.424943
0.330622
0.330622
0.452585
0.452585
0.132898
0.132898
0.394646
0.394646
0.268723
0.268723
0.385275
0.385275
0.174655
0.174655
0.496551
0.496551
0.509679
0.509679
0.257990
0.257990
0.494079
0.494079
0.320486
0.320486
0.247653
0.247653
0.257220
0.257220
0.334626
0.334626
0.362893
0.362893
0.223864
0.223864
0.455884
0.455884
0.245316
0.245316
0.503388
0.503388
0.327607
0.327607
0.453661
0.453661
0.370645
0.370645
0.226832
0.226832
0.306523
0.306523
0.444119
0.444119
0.349675
0.349675
0.204090
0.204090
0.272223
0.272223
0.563686
0.563686
0.164608
0.164608
0.218427
0.218427
0.516949
0.516949
0.293894
0.293894
0.495942
0.495942
0.261169
0.261169
0.423738
0.423738
0.241361
0.241361
0.165128
0.165128
0.235069
0.235069
0.193079
0.193079
0.332855
0.332855
0.274601
0.274601
0.460095
0.460095
0.576782
0.576782
0.331326
0.331326
0.288066
0.288066
0.326045
0.326045
0.278830
0.278830
0.232037
0.232037
0.248860
0.248860
0.425983
0.425983
0.355697
0.355697
0.414041
0.414041
0.154839
0.154839
0.155773
0.155773
0.189964
0.189964
0.230059
0.230059
0.430281
0.430281
0.356083
0.356083
0.281067
0.281067
0.102002
0.102002
0.521315
0.521315
0.470217
0.470217
0.379144
0.379144
0.085457
0.085457
0.276604
0.276604
0.083670
0.083670
0.399727
0.399727
0.377883
0.377883
0.139586
0.139586
0.517817
0.517817
0.457861
0.457861
0.181344
0.181344
0.358923
0.358923
0.203977
0.203977
0.270673
0.270673
0.337230
0.337230
0.183719
0.183719
0.253836
0.253836
0.538970
0.538970
0.268634
0.268634
0.454872
0.454872
0.291824
0.291824
0.321087
0.321087
0.221652
0.221652
0.270083
0.270083
0.331886
0.331886
0.339168
0.339168
0.292200
0.292200
0.257263
0.257263
0.246618
0.246618
0.214593
0.214593
0.399341
0.399341
0.440945
0.440945
0.216728
0.216728
0.323617
0.323617
0.192013
0.192013
0.255661
0.255661
0.307598
0.307598
0.420933
0.420933
0.531662
0.531662
0.431895
0.431895
0.415236
0.415236
0.263807
0.263807
0.285893
0.285893
0.367082
0.367082
0.098058
0.098058
0.188934
0.188934
0.185317
0.185317
0.488611
0.488611
0.148476
0.148476
0.217911
0.217911
0.557860
0.557860
0.423329
0.423329
0.213452
0.213452
0.254971
0.254971
0.241069
0.241069
0.432586
0.432586
0.510238
0.510238
0.214248
0.214248
0.297088
0.297088
0.459924
0.459924
0.420098
0.420098
0.174215
0.174215
0.330236
0.330236
0.315684
0.315684
0.419411
0.419411
0.115445
0.115445
0.221674
0.221674
0.128021
0.128021
0.161925
0.161925
0.233857
0.233857
0.357329
0.357329
0.134076
0.134076
0.322096
0.322096
0.408482
0.408482
0.333482
0.333482
0.342750
0.342750
0.219017
0.219017
0.297824
0.297824
0.283308
0.283308
0.281445
0.281445
0.191992
0.191992
0.214335
0.214335
0.266678
0.266678
0.421338
0.421338
0.286009
0.286009
0.185189
0.185189
0.506726
0.506726
0.254470
0.254470
0.197880
0.197880
0.479485
0.479485
0.255722
0.255722
0.215386
0.215386
0.108635
0.108635
0.259901
0.259901
0.164197
0.164197
0.235639
0.235639
0.420619
0.420619
0.289595
0.289595
0.272482
0.272482
0.192672
0.192672
0.358129
0.358129
0.341021
0.341021
0.162467
0.162467
0.488098
0.488098
0.260140
0.260140
0.250116
0.250116
0.384497
0.384497
0.562573
0.562573
0.235895
0.235895
0.352320
0.352320
0.249946
0.249946
0.229095
0.229095
0.272228
0.272228
0.132776
0.132776
0.290219
0.290219
0.387617
0.387617
0.700463
0.700463
0.109078
0.109078
0.478777
0.478777
0.181841
0.181841
0.088447
0.088447
0.401535
0.401535
0.199455
0.199455
0.296375
0.296375
0.389226
0.389226
0.331728
0.331728
0.283344
0.283344
0.236576
0.236576
0.220258
0.220258
0.253067
0.253067
0.337061
0.337061
0.474042
0.474042
0.502495
0.502495
0.538880
0.538880
0.394439
0.394439
0.189637
0.189637
0.320615
0.320615
0.210109
0.210109
0.230108
0.230108
0.648231
0.648231
0.115951
0.115951
0.266486
0.266486
0.221720
0.221720
0.142265
0.142265
0.494748
0.494748
0.445405
0.445405
0.349889
0.349889
0.297396
0.297396
0.241812
0.241812
0.347648
0.347648
0.319237
0.319237
0.124633
0.124633
0.331938
0.331938
0.189612
0.189612
0.364569
0.364569
0.209379
0.209379
0.440609
0.440609
0.205135
0.205135
0.274346
0.274346
0.379376
0.379376
0.251229
0.251229
0.285154
0.285154
0.541692
0.541692
0.300372
0.300372
0.422283
0.422283
0.400241
0.400241
0.363260
0.363260
0.152397
0.152397
0.323238
0.323238
0.308822
0.308822
0.254903
0.254903
0.400163
0.400163
0.298369
0.298369
0.539744
0.539744
0.361894
0.361894
0.504634
0.504634
0.171355
0.171355
0.521013
0.521013
0.451602
0.451602
0.478860
0.478860
0.194669
0.194669
0.335218
0.335218
0.211678
0.211678
0.313840
0.313840
0.342492
0.342492
0.227586
0.227586
0.216587
0.216587
0.256973
0.256973
0.227564
0.227564
0.228856
0.228856
0.328866
0.328866
0.128733
0.128733
0.226609
0.226609
0.363215
0.363215
0.308543
0.308543
0.262404
0.262404
0.178030
0.178030
0.392331
0.392331
0.341523
0.341523
0.186479
0.186479
0.235817
0.235817
0.242440
0.242440
0.164281
0.164281
0.222576
0.222576
0.099260
0.099260
0.205276
0.205276
0.357849
0.357849
0.429633
0.429633
0.263954
0.263954
0.534917
0.534917
0.186576
0.186576
0.217331
0.217331
0.250141
0.250141
0.225013
0.225013
0.197439
0.197439
0.319787
0.319787
0.248568
0.248568
0.349356
0.349356
0.473300
0.473300
0.368667
0.368667
0.440699
0.440699
0.308669
0.308669
0.139317
0.139317
0.693976
0.693976
0.366769
0.366769
0.305317
0.305317
0.462554
0.462554
0.170919
0.170919
0.278891
0.278891
0.235350
0.235350
0.094011
0.094011
0.191929
0.191929
0.367914
0.367914
0.428896
0.428896
0.419062
0.419062
0.357713
0.357713
1.371967
1.371967
0.338247
0.338247
0.602310
0.602310
0.207393
0.207393
0.479553
0.479553
0.211977
0.211977
0.149155
0.149155
0.130092
0.130092
0.190617
0.190617
0.325678
0.325678
0.188690
0.188690
0.181579
0.181579
0.193513
0.193513
0.245035
0.245035
0.198811
0.198811
0.398002
0.398002
0.237020
0.237020
0.174950
0.174950
0.226191
0.226191
0.260262
0.260262
0.340983
0.340983
0.339979
0.339979
0.300128
0.300128
0.174628
0.174628
0.237695
0.237695
0.272988
0.272988
0.299427
0.299427
0.245880
0.245880
0.289599
0.289599
0.444371
0.444371
0.200284
0.200284
0.139012
0.139012
0.224944
0.224944
0.603184
0.603184
0.201883
0.201883
0.496318
0.496318
0.309019
0.309019
0.399424
0.399424
0.502688
0.502688
0.305128
0.305128
0.360183
0.360183
0.453485
0.453485
0.342574
0.342574
0.111643
0.111643
0.292822
0.292822
0.492612
0.492612
0.591174
0.591174
0.163230
0.163230
0.377402
0.377402
0.399680
0.399680
0.212205
0.212205
0.414927
0.414927
0.273472
0.273472
0.243490
0.243490
0.345743
0.345743
0.657842
0.657842
0.394690
0.394690
0.277452
0.277452
0.528912
0.528912
0.231898
0.231898
0.195861
0.195861
0.263718
0.263718
0.294210
0.294210
0.287669
0.287669
0.247096
0.247096
0.408087
0.408087
0.383273
0.383273
0.271147
0.271147
0.233399
0.233399
0.221874
0.221874
0.378037
0.378037
0.293070
0.293070
0.437322
0.437322
0.525724
0.525724
0.114295
0.114295
0.233721
0.233721
0.286330
0.286330
0.384599
0.384599
0.268585
0.268585
0.261778
0.261778
0.391081
0.391081
0.177352
0.177352
0.327489
0.327489
0.268585
0.268585
0.223653
0.223653
0.129123
0.129123
0.179407
0.179407
0.223861
0.223861
0.272989
0.272989
0.134557
0.134557
0.207287
0.207287
0.289625
0.289625
0.317787
0.317787
0.432250
0.432250
0.472295
0.472295
0.441405
0.441405
0.332522
0.332522
0.336574
0.336574
0.154025
0.154025
0.086143
0.086143
0.268623
0.268623
0.219122
0.219122
0.478546
0.478546
0.233710
0.233710
0.203438
0.203438
0.259089
0.259089
0.457961
0.457961
0.357550
0.357550
0.210516
0.210516
0.450561
0.450561
0.334409
0.334409
0.189674
0.189674
0.355593
0.355593
0.387018
0.387018
0.331560
0.331560
0.187691
0.187691
0.193058
0.193058
0.099700
0.099700
0.231919
0.231919
0.223766
0.223766
0.332748
0.332748
0.377398
0.377398
0.318374
0.318374
0.240396
0.240396
0.166407
0.166407
0.237382
0.237382
0.382530
0.382530
0.227029
0.227029
0.419369
0.419369
0.120210
0.120210
0.142241
0.142241
0.124483
0.124483
0.438578
0.438578
0.340189
0.340189
0.454288
0.454288
0.584841
0.584841
0.215623
0.215623
0.231988
0.231988
0.316718
0.316718
0.160868
0.160868
0.425120
0.425120
0.409291
0.409291
0.408214
0.408214
0.336313
0.336313
0.432578
0.432578
0.236744
0.236744
0.226526
0.226526
0.244414
0.244414
0.220906
0.220906
0.350114
0.350114
0.445901
0.445901
0.193610
0.193610
0.329267
0.329267
0.129182
0.129182
0.306967
0.306967
0.353979
0.353979
0.251460
0.251460
0.417436
0.417436
0.438549
0.438549
0.470566
0.470566
0.649391
0.649391
0.384353
0.384353
0.305229
0.305229
0.112892
0.112892
0.209884
0.209884
0.458107
0.458107
0.402747
0.402747
0.325421
0.325421
0.481232
0.481232
0.709209
0.709209
0.309672
0.309672
0.347640
0.347640
0.348251
0.348251
0.234370
0.234370
0.264150
0.264150
0.275315
0.275315
0.246379
0.246379
0.443643
0.443643
0.544210
0.544210
0.541104
0.541104
0.156340
0.156340
0.290107
0.290107
0.252998
0.252998
0.450263
0.450263
0.154825
0.154825
0.243734
0.243734
0.084141
0.084141
0.221962
0.221962
0.284726
0.284726
0.160061
0.160061
0.146424
0.146424
0.503810
0.503810
0.341795
0.341795
0.215478
0.215478
0.278718
0.278718
0.457915
0.457915
0.189887
0.189887
0.267759
0.267759
0.290998
0.290998
0.440870
0.440870
0.182765
0.182765
0.165510
0.165510
0.276993
0.276993
0.149838
0.149838
0.462845
0.462845
0.095871
0.095871
0.346082
0.346082
0.324292
0.324292
0.375719
0.375719
0.337481
0.337481
0.393101
0.393101
0.104124
0.104124
0.223864
0.223864
0.198991
0.198991
0.219050
0.219050
0.265672
0.265672
0.330276
0.330276
0.514932
0.514932
0.209242
0.209242
0.353820
0.353820
0.271102
0.271102
0.281688
0.281688
0.337693
0.337693
0.164996
0.164996
0.297599
0.297599
0.417504
0.417504
0.265068
0.265068
0.268350
0.268350
0.173442
0.173442
0.427796
0.427796
0.499800
0.499800
0.196140
0.196140
0.342287
0.342287
0.187145
0.187145
0.310504
0.310504
0.312862
0.312862
0.257668
0.257668
0.295892
0.295892
0.226792
0.226792
0.420844
0.420844
0.356601
0.356601
0.248056
0.248056
0.367225
0.367225
0.438154
0.438154
0.317973
0.317973
0.200351
0.200351
0.383852
0.383852
0.413889
0.413889
0.269437
0.269437
0.262456
0.262456
0.290547
0.290547
0.354240
0.354240
0.191509
0.191509
0.242955
0.242955
0.298356
0.298356
0.189590
0.189590
0.698381
0.698381
0.411845
0.411845
0.279435
0.279435
0.211178
0.211178
0.319738
0.319738
0.331254
0.331254
0.333485
0.333485
0.341954
0.341954
0.214784
0.214784
0.276776
0.276776
0.516064
0.516064
0.179536
0.179536
0.499385
0.499385
0.159942
0.159942
0.358274
0.358274
0.494070
0.494070
0.307397
0.307397
0.174824
0.174824
0.215090
0.215090
0.537223
0.537223
0.136017
0.136017
0.191935
0.191935
0.374397
0.374397
0.506831
0.506831
0.184431
0.184431
0.198423
0.198423
0.301660
0.301660
0.272317
0.272317
0.199090
0.199090
0.189159
0.189159
0.345572
0.345572
0.322374
0.322374
0.205760
0.205760
0.299465
0.299465
0.312749
0.312749
0.551007
0.551007
0.331081
0.331081
0.270884
0.270884
0.446524
0.446524
0.313609
0.313609
0.238818
0.238818
0.261067
0.261067
0.584434
0.584434
0.258684
0.258684
0.330317
0.330317
0.353995
0.353995
0.347776
0.347776
0.285134
0.285134
0.533408
0.533408
0.147587
0.147587
0.103468
0.103468
0.136028
0.136028
0.476717
0.476717
0.425216
0.425216
0.290785
0.290785
0.239312
0.239312
0.356227
0.356227
0.173208
0.173208
0.341623
0.341623
0.480524
0.480524
0.225713
0.225713
0.330851
0.330851
0.242390
0.242390
0.269873
0.269873
0.263129
0.263129
0.162828
0.162828
0.230125
0.230125
0.239982
0.239982
0.482051
0.482051
0.255778
0.255778
0.285046
0.285046
0.317063
0.317063
0.259811
0.259811
0.308210
0.308210
0.199323
0.199323
0.265721
0.265721
0.200263
0.200263
0.268371
0.268371
0.199992
0.199992
0.356435
0.356435
0.328300
0.328300
0.193131
0.193131
0.287580
0.287580
0.409450
0.409450
0.546414
0.546414
0.191736
0.191736
0.283075
0.283075
0.254267
0.254267
0.292272
0.292272
0.263452
0.263452
0.304716
0.304716
0.335564
0.335564
0.241946
0.241946
0.233811
0.233811
0.231114
0.231114
0.356242
0.356242
0.190254
0.190254
0.638120
0.638120
0.260240
0.260240
0.683825
0.683825
0.292531
0.292531
0.195747
0.195747
0.343295
0.343295
0.449174
0.449174
0.419600
0.419600
0.263342
0.263342
0.381606
0.381606
0.344977
0.344977
0.346446
0.346446
0.206631
0.206631
0.204008
0.204008
0.275223
0.275223
0.356987
0.356987
0.496655
0.496655
0.355491
0.355491
0.304335
0.304335
0.232778
0.232778
0.346785
0.346785
0.403418
0.403418
0.327026
0.327026
0.149043
0.149043
0.145199
0.145199
0.378063
0.378063
0.359989
0.359989
0.391217
0.391217
0.233657
0.233657
0.387080
0.387080
0.580175
0.580175
0.097660
0.097660
0.291438
0.291438
0.609374
0.609374
0.142941
0.142941
0.376691
0.376691
0.435695
0.435695
0.315701
0.315701
0.283827
0.283827
0.486425
0.486425
0.552315
0.552315
0.257984
0.257984
0.257270
0.257270
0.201959
0.201959
0.237732
0.237732
0.240883
0.240883
0.204690
0.204690
0.247349
0.247349
0.211914
0.211914
0.249292
0.249292
0.162134
0.162134
0.207770
0.207770
0.384452
0.384452
0.252790
0.252790
0.408425
0.408425
0.161232
0.161232
0.147290
0.147290
0.219645
0.219645
0.222209
0.222209
0.327267
0.327267
0.273186
0.273186
0.186370
0.186370
0.373808
0.373808
0.269095
0.269095
0.394284
0.394284
0.350985
0.350985
0.429844
0.429844
0.365683
0.365683
0.350972
0.350972
0.208653
0.208653
0.419279
0.419279
0.094903
0.094903
0.483431
0.483431
0.181882
0.181882
0.242508
0.242508
0.223031
0.223031
0.185969
0.185969
0.139803
0.139803
0.164825
0.164825
0.293058
0.293058
0.305104
0.305104
0.322317
0.322317
0.131633
0.131633
0.103491
0.103491
0.311124
0.311124
0.294522
0.294522
0.158869
0.158869
0.689643
0.689643
0.407709
0.407709
0.311182
0.311182
0.581702
0.581702
0.282480
0.282480
0.208335
0.208335
0.290196
0.290196
0.188516
0.188516
0.501244
0.501244
0.177744
0.177744
0.305480
0.305480
0.273378
0.273378
0.428802
0.428802
0.238834
0.238834
0.147277
0.147277
0.232619
0.232619
0.383788
0.383788
0.200458
0.200458
0.483507
0.483507
0.325892
0.325892
0.378302
0.378302
0.390718
0.390718
0.390519
0.390519
0.309262
0.309262
0.284021
0.284021
0.235097
0.235097
0.202152
0.202152
0.254015
0.254015
0.148044
0.148044
0.176314
0.176314
0.343240
0.343240
0.365170
0.365170
0.378140
0.378140
0.362325
0.362325
0.224553
0.224553
0.488981
0.488981
0.164965
0.164965
0.287339
0.287339
0.171246
0.171246
0.318303
0.318303
0.103118
0.103118
0.115455
0.115455
0.212213
0.212213
0.246026
0.246026
0.107631
0.107631
0.419522
0.419522
0.404699
0.404699
0.325786
0.325786
0.150350
0.150350
0.323813
0.323813
0.175197
0.175197
0.329622
0.329622
0.397702
0.397702
0.289317
0.289317
0.439152
0.439152
0.408514
0.408514
0.579741
0.579741
0.377106
0.377106
0.276799
0.276799
0.104904
0.104904
0.415233
0.415233
0.291954
0.291954
0.174212
0.174212
0.339009
0.339009
0.248029
0.248029
0.338828
0.338828
0.439487
0.439487
0.170818
0.170818
0.613625
0.613625
0.143172
0.143172
0.274446
0.274446
0.517976
0.517976
0.258005
0.258005
0.312289
0.312289
0.460708
0.460708
0.253260
0.253260
0.221768
0.221768
0.177799
0.177799
0.386886
0.386886
0.393830
0.393830
0.161418
0.161418
0.353586
0.353586
0.284012
0.284012
0.387064
0.387064
0.382929
0.382929
0.378286
0.378286
0.244801
0.244801
0.337839
0.337839
0.375838
0.375838
0.197208
0.197208
0.381887
0.381887
0.490868
0.490868
0.182549
0.182549
0.396814
0.396814
0.407274
0.407274
0.410055
0.410055
0.263057
0.263057
0.310361
0.310361
0.343261
0.343261
0.207215
0.207215
0.227663
0.227663
0.393397
0.393397
0.249889
0.249889
0.120082
0.120082
0.331331
0.331331
0.249870
0.249870
0.277249
0.277249
0.442848
0.442848
0.190894
0.190894
0.225873
0.225873
0.172094
0.172094
0.299973
0.299973
0.267374
0.267374
0.239704
0.239704
0.276400
0.276400
0.223406
0.223406
0.190829
0.190829
0.522269
0.522269
0.269883
0.269883
0.431063
0.431063
0.292363
0.292363
0.351641
0.351641
0.434486
0.434486
0.142709
0.142709
0.348469
0.348469
0.257842
0.257842
0.269856
0.269856
0.311408
0.311408
0.097067
0.097067
0.215678
0.215678
0.204014
0.204014
0.258825
0.258825
0.347358
0.347358
0.294562
0.294562
0.075467
0.075467
0.116671
0.116671
0.350454
0.350454
0.193020
0.193020
0.326458
0.326458
0.357683
0.357683
0.525220
0.525220
0.258466
0.258466
0.180214
0.180214
0.265677
0.265677
0.341841
0.341841
0.356622
0.356622
0.344499
0.344499
0.446780
0.446780
0.288589
0.288589
0.217341
0.217341
0.339182
0.339182
0.342419
0.342419
0.277757
0.277757
0.108668
0.108668
0.329373
0.329373
0.386161
0.386161
0.308647
0.308647
0.213064
0.213064
0.707580
0.707580
0.504707
0.504707
0.240410
0.240410
0.261102
0.261102
0.303508
0.303508
0.207985
0.207985
0.360218
0.360218
0.224393
0.224393
0.222989
0.222989
0.192840
0.192840
0.376504
0.376504
0.270679
0.270679
0.218675
0.218675
0.410302
0.410302
0.174940
0.174940
0.480244
0.480244
0.183536
0.183536
0.383739
0.383739
0.372562
0.372562
0.246870
0.246870
0.289999
0.289999
0.297308
0.297308
0.310650
0.310650
0.454184
0.454184
0.437076
0.437076
0.352675
0.352675
0.240491
0.240491
0.373054
0.373054
0.468009
0.468009
0.247951
0.247951
0.264532
0.264532
0.149928
0.149928
0.192579
0.192579
0.073315
0.073315
0.348035
0.348035
0.574990
0.574990
0.300535
0.300535
0.452736
0.452736
0.239441
0.239441
0.213741
0.213741
0.370157
0.370157
0.155463
0.155463
0.472926
0.472926
0.235052
0.235052
0.134619
0.134619
0.535190
0.535190
0.162832
0.162832
0.140987
0.140987
0.235044
0.235044
0.429798
0.429798
0.112864
0.112864
0.361630
0.361630
0.247058
0.247058
0.326372
0.326372
0.412108
0.412108
0.238770
0.238770
0.252091
0.252091
0.302973
0.302973
0.356488
0.356488
0.175752
0.175752
0.086531
0.086531
0.315068
0.315068
0.311724
0.311724
0.402280
0.402280
0.295265
0.295265
0.337061
0.337061
0.512738
0.512738
0.251058
0.251058
0.177664
0.177664
0.642370
0.642370
0.151091
0.151091
0.185465
0.185465
0.210274
0.210274
0.368165
0.368165
0.178559
0.178559
0.142882
0.142882
0.232211
0.232211
0.386229
0.386229
0.381585
0.381585
0.373242
0.373242
0.349213
0.349213
0.175261
0.175261
0.249997
0.249997
0.323144
0.323144
0.563818
0.563818
0.149566
0.149566
0.308714
0.308714
0.436519
0.436519
0.323904
0.323904
0.416752
0.416752
0.247744
0.247744
0.267965
0.267965
0.255622
0.255622
0.154940
0.154940
0.384923
0.384923
0.163818
0.163818
0.809171
0.809171
0.460556
0.460556
0.395768
0.395768
0.496491
0.496491
0.532837
0.532837
0.219689
0.219689
0.137865
0.137865
0.273547
0.273547
0.241734
0.241734
0.208677
0.208677
0.205353
0.205353
0.168241
0.168241
0.307765
0.307765
0.134668
0.134668
0.243693
0.243693
0.266271
0.266271
0.247006
0.247006
0.226203
0.226203
0.196403
0.196403
0.257194
0.257194
0.356170
0.356170
0.370111
0.370111
0.333299
0.333299
0.249707
0.249707
0.344300
0.344300
0.424493
0.424493
0.232690
0.232690
0.203156
0.203156
0.200552
0.200552
0.314581
0.314581
0.207931
0.207931
0.356984
0.356984
0.272953
0.272953
0.175095
0.175095
0.225734
0.225734
0.551362
0.551362
0.327913
0.327913
0.161567
0.161567
0.254311
0.254311
0.190480
0.190480
0.403298
0.403298
0.454007
0.454007
0.480427
0.480427
0.427596
0.427596
0.207681
0.207681
0.442393
0.442393
0.329195
0.329195
0.160822
0.160822
0.212163
0.212163
0.285686
0.285686
0.280365
0.280365
0.220276
0.220276
0.390917
0.390917
0.336079
0.336079
0.281849
0.281849
0.208332
0.208332
0.263724
0.263724
0.423639
0.423639
0.109568
0.109568
0.309135
0.309135
0.433774
0.433774
0.231008
0.231008
0.195904
0.195904
0.214659
0.214659
0.458445
0.458445
0.218637
0.218637
0.280090
0.280090
0.348027
0.348027
0.222426
0.222426
0.355034
0.355034
0.424221
0.424221
0.242968
0.242968
0.324039
0.324039
0.238534
0.238534
0.293510
0.293510
0.359263
0.359263
0.254048
0.254048
0.601490
0.601490
0.247049
0.247049
0.362225
0.362225
0.113621
0.113621
0.365031
0.365031
0.199575
0.199575
0.154417
0.154417
0.443113
0.443113
0.217164
0.217164
0.240750
0.240750
0.161204
0.161204
0.402379
0.402379
0.451487
0.451487
0.323629
0.323629
0.427149
0.427149
0.509727
0.509727
0.239963
0.239963
0.381553
0.381553
0.281885
0.281885
0.358478
0.358478
0.164466
0.164466
0.108847
0.108847
0.345373
0.345373
0.467739
0.467739
0.193119
0.193119
0.263181
0.263181
0.577073
0.577073
0.157906
0.157906
0.472389
0.472389
0.151695
0.151695
0.306414
0.306414
0.516017
0.516017
0.507794
0.507794
0.199356
0.199356
0.287283
0.287283
0.400115
0.400115
0.259135
0.259135
0.228666
0.228666
0.293172
0.293172
0.386015
0.386015
0.413448
0.413448
0.383792
0.383792
0.196258
0.196258
0.172149
0.172149
0.251507
0.251507
0.338439
0.338439
0.131443
0.131443
0.458474
0.458474
0.075670
0.075670
0.262461
0.262461
0.237605
0.237605
0.272489
0.272489
0.365837
0.365837
0.225283
0.225283
0.263761
0.263761
0.203318
0.203318
0.249201
0.249201
0.417755
0.417755
0.251205
0.251205
0.365503
0.365503
0.294893
0.294893
0.394378
0.394378
0.252408
0.252408
0.195811
0.195811
0.145682
0.145682
0.093571
0.093571
0.416418
0.416418
0.315714
0.315714
0.220589
0.220589
0.361402
0.361402
0.243437
0.243437
0.217740
0.217740
0.320211
0.320211
0.176254
0.176254
0.297064
0.297064
0.285475
0.285475
0.333275
0.333275
0.225660
0.225660
0.201382
0.201382
0.185317
0.185317
0.348089
0.348089
0.285093
0.285093
0.260086
0.260086
0.198470
0.198470
0.298686
0.298686
0.310907
0.310907
0.271607
0.271607
0.486986
0.486986
0.239569
0.239569
0.467439
0.467439
0.437589
0.437589
0.495385
0.495385
0.361489
0.361489
0.278772
0.278772
0.148110
0.148110
0.230785
0.230785
0.207765
0.207765
0.301154
0.301154
0.429582
0.429582
0.444014
0.444014
0.145184
0.145184
0.195071
0.195071
0.196146
0.196146
0.291240
0.291240
0.238416
0.238416
0.217833
0.217833
0.177845
0.177845
0.165367
0.165367
0.300703
0.300703
0.326453
0.326453
0.212296
0.212296
0.305304
0.305304
0.776825
0.776825
0.344370
0.344370
0.140896
0.140896
0.170084
0.170084
0.243662
0.243662
0.372028
0.372028
0.609004
0.609004
0.397254
0.397254
0.315593
0.315593
0.375913
0.375913
0.484750
0.484750
0.388146
0.388146
0.111986
0.111986
0.359601
0.359601
0.386449
0.386449
0.274161
0.274161
0.333549
0.333549
0.245884
0.245884
0.312986
0.312986
0.283658
0.283658
0.489381
0.489381
0.177370
0.177370
0.333348
0.333348
0.298144
0.298144
0.227781
0.227781
0.327755
0.327755
0.242686
0.242686
0.507303
0.507303
0.351472
0.351472
0.245564
0.245564
0.355023
0.355023
0.312292
0.312292
0.331853
0.331853
0.434344
0.434344
0.143133
0.143133
0.327255
0.327255
0.283172
0.283172
0.274074
0.274074
0.356665
0.356665
0.247857
0.247857
0.275456
0.275456
0.153020
0.153020
0.205898
0.205898
0.389397
0.389397
0.350006
0.350006
0.490361
0.490361
0.109709
0.109709
0.509856
0.509856
0.486594
0.486594
0.340318
0.340318
0.157785
0.157785
0.317096
0.317096
0.552402
0.552402
0.175445
0.175445
0.151465
0.151465
0.411511
0.411511
0.345614
0.345614
0.307539
0.307539
0.338511
0.338511
0.292620
0.292620
0.308281
0.308281
0.404590
0.404590
0.393477
0.393477
0.493237
0.493237
0.193209
0.193209
0.251619
0.251619
0.392376
0.392376
0.253964
0.253964
0.194209
0.194209
0.468153
0.468153
0.214773
0.214773
0.483035
0.483035
0.316462
0.316462
0.203854
0.203854
0.243468
0.243468
0.371931
0.371931
0.284873
0.284873
0.325462
0.325462
0.276749
0.276749
0.446255
0.446255
0.177964
0.177964
0.154451
0.154451
0.184719
0.184719
0.115626
0.115626
0.442621
0.442621
0.185408
0.185408
0.352977
0.352977
0.270575
0.270575
0.436990
0.436990
0.314472
0.314472
0.301524
0.301524
0.146328
0.146328
0.536855
0.536855
0.200074
0.200074
0.136476
0.136476
0.390785
0.390785
0.374905
0.374905
0.427473
0.427473
0.342861
0.342861
0.160438
0.160438
0.179949
0.179949
0.195285
0.195285
0.238224
0.238224
0.327542
0.327542
0.281655
0.281655
0.287511
0.287511
0.166277
0.166277
0.229737
0.229737
0.231477
0.231477
0.153481
0.153481
0.216918
0.216918
0.173504
0.173504
0.159805
0.159805
0.313536
0.313536
0.357454
0.357454
0.243080
0.243080
0.157275
0.157275
0.537929
0.537929
0.359526
0.359526
0.234473
0.234473
0.244268
0.244268
0.169204
0.169204
0.440953
0.440953
0.305148
0.305148
0.350298
0.350298
0.214059
0.214059
0.449460
0.449460
0.386432
0.386432
0.207803
0.207803
0.208411
0.208411
0.184664
0.184664
0.253346
0.253346
0.562421
0.562421
0.399165
0.399165
0.181124
0.181124
0.484607
0.484607
0.258810
0.258810
0.210909
0.210909
0.268186
0.268186
0.415831
0.415831
0.304197
0.304197
0.127513
0.127513
0.356716
0.356716
0.366217
0.366217
0.219806
0.219806
0.356243
0.356243
0.165370
0.165370
0.252391
0.252391
0.261376
0.261376
0.256084
0.256084
0.445372
0.445372
0.203826
0.203826
0.283148
0.283148
0.427282
0.427282
0.357939
0.357939
0.301726
0.301726
0.495802
0.495802
0.225214
0.225214
0.261305
0.261305
0.232078
0.232078
0.181064
0.181064
0.259587
0.259587
0.262935
0.262935
0.429164
0.429164
0.130316
0.130316
0.086570
0.086570
0.107087
0.107087
0.554507
0.554507
0.246469
0.246469
0.364033
0.364033
0.197058
0.197058
0.395640
0.395640
0.150331
0.150331
0.624626
0.624626
0.250552
0.250552
0.108225
0.108225
0.525997
0.525997
0.153714
0.153714
0.206501
0.206501
0.269383
0.269383
0.536960
0.536960
0.204786
0.204786
0.667521
0.667521
0.581907
0.581907
0.312530
0.312530
0.228603
0.228603
0.284365
0.284365
0.211330
0.211330
0.200140
0.200140
0.331573
0.331573
0.465444
0.465444
0.202509
0.202509
0.226262
0.226262
0.357361
0.357361
0.141510
0.141510
0.390699
0.390699
0.429908
0.429908
0.265848
0.265848
0.353473
0.353473
0.592525
0.592525
0.238706
0.238706
0.286109
0.286109
0.287561
0.287561
0.078101
0.078101
0.370125
0.370125
0.245305
0.245305
0.174215
0.174215
0.166233
0.166233
0.214089
0.214089
0.301656
0.301656
0.545554
0.545554
0.471156
0.471156
0.348510
0.348510
0.201011
0.201011
0.287667
0.287667
0.252168
0.252168
0.205813
0.205813
0.304432
0.304432
0.363344
0.363344
0.535283
0.535283
0.314427
0.314427
0.125599
0.125599
0.387557
0.387557
0.299616
0.299616
0.314801
0.314801
0.663696
0.663696
0.372378
0.372378
0.160212
0.160212
0.214849
0.214849
0.440153
0.440153
0.379714
0.379714
0.182555
0.182555
0.263000
0.263000
0.296238
0.296238
0.352481
0.352481
0.321621
0.321621
0.217079
0.217079
0.264462
0.264462
0.219901
0.219901
0.313243
0.313243
0.467799
0.467799
0.351871
0.351871
0.179152
0.179152
0.375226
0.375226
0.213592
0.213592
0.242147
0.242147
0.245590
0.245590
0.161466
0.161466
0.298779
0.298779
0.338142
0.338142
0.132874
0.132874
0.136905
0.136905
0.360112
0.360112
0.464358
0.464358
0.286685
0.286685
0.473233
0.473233
0.283813
0.283813
0.228266
0.228266
0.402878
0.402878
0.381644
0.381644
0.427043
0.427043
0.475039
0.475039
0.453654
0.453654
0.459771
0.459771
0.291456
0.291456
0.225222
0.225222
0.320738
0.320738
0.225685
0.225685
0.318636
0.318636
0.199779
0.199779
0.224805
0.224805
0.237335
0.237335
0.522291
0.522291
0.366319
0.366319
0.222764
0.222764
0.250354
0.250354
0.117913
0.117913
0.106889
0.106889
0.544866
0.544866
0.317506
0.317506
0.306181
0.306181
0.390968
0.390968
0.142689
0.142689
0.304299
0.304299
0.401552
0.401552
0.343278
0.343278
0.299554
0.299554
0.486815
0.486815
0.169087
0.169087
0.423503
0.423503
0.167475
0.167475
0.252805
0.252805
0.326888
0.326888
0.175804
0.175804
0.320265
0.320265
0.392127
0.392127
0.264289
0.264289
0.430132
0.430132
0.265166
0.265166
0.305452
0.305452
0.259670
0.259670
0.236220
0.236220
0.056193
0.056193
0.307354
0.307354
0.224642
0.224642
0.309455
0.309455
0.286698
0.286698
0.216796
0.216796
0.260709
0.260709
0.323573
0.323573
0.178478
0.178478
0.498517
0.498517
0.291132
0.291132
0.304238
0.304238
0.289004
0.289004
0.255553
0.255553
0.596475
0.596475
0.294624
0.294624
0.356821
0.356821
0.252219
0.252219
0.437735
0.437735
0.205155
0.205155
0.081807
0.081807
0.495607
0.495607
0.270356
0.270356
0.213239
0.213239
0.453521
0.453521
0.530564
0.530564
0.348632
0.348632
0.179920
0.179920
0.336025
0.336025
0.274116
0.274116
0.135014
0.135014
0.223531
0.223531
0.136247
0.136247
0.261045
0.261045
0.377691
0.377691
0.171310
0.171310
0.373438
0.373438
0.324722
0.324722
0.191477
0.191477
0.250651
0.250651
0.301984
0.301984
0.342261
0.342261
0.286330
0.286330
0.356418
0.356418
0.503526
0.503526
0.415274
0.415274
0.346196
0.346196
0.271769
0.271769
0.155610
0.155610
0.248069
0.248069
0.225505
0.225505
0.232756
0.232756
0.308139
0.308139
0.190486
0.190486
0.122544
0.122544
0.211833
0.211833
0.208793
0.208793
0.586192
0.586192
0.367774
0.367774
0.121383
0.121383
0.218944
0.218944
0.242962
0.242962
0.249944
0.249944
0.272935
0.272935
0.315689
0.315689
0.358553
0.358553
0.274368
0.274368
0.224187
0.224187
0.303327
0.303327
0.226239
0.226239
0.204211
0.204211
0.364088
0.364088
0.408685
0.408685
0.215794
0.215794
0.417088
0.417088
0.195580
0.195580
0.214566
0.214566
0.320155
0.320155
0.414472
0.414472
0.251274
0.251274
0.110164
0.110164
0.352471
0.352471
0.292443
0.292443
0.483254
0.483254
0.171208
0.171208
0.225956
0.225956
0.281370
0.281370
0.150522
0.150522
0.141420
0.141420
0.417938
0.417938
0.209197
0.209197
0.270022
0.270022
0.377431
0.377431
0.319094
0.319094
0.406224
0.406224
0.288399
0.288399
0.339741
0.339741
0.389343
0.389343
0.436257
0.436257
0.272274
0.272274
0.193643
0.193643
0.134783
0.134783
0.236193
0.236193
0.409018
0.409018
0.151387
0.151387
0.331364
0.331364
0.235463
0.235463
0.331048
0.331048
0.300788
0.300788
0.351517
0.351517
0.212569
0.212569
0.264199
0.264199
0.250742
0.250742
0.436424
0.436424
0.221726
0.221726
0.340599
0.340599
0.373468
0.373468
0.209616
0.209616
0.233860
0.233860
0.604939
0.604939
0.224147
0.224147
0.437215
0.437215
0.191018
0.191018
0.334296
0.334296
0.561745
0.561745
0.430914
0.430914
0.292698
0.292698
0.543838
0.543838
0.374819
0.374819
0.366663
0.366663
0.347250
0.347250
0.169216
0.169216
0.316788
0.316788
0.297053
0.297053
0.406729
0.406729
0.344837
0.344837
0.573364
0.573364
0.135119
0.135119
0.478701
0.478701
0.217475
0.217475
0.195832
0.195832
0.322182
0.322182
0.359839
0.359839
0.320238
0.320238
0.282898
0.282898
0.190135
0.190135
0.387354
0.387354
0.366293
0.366293
0.467955
0.467955
0.152722
0.152722
0.094473
0.094473
0.245010
0.245010
0.427782
0.427782
0.397596
0.397596
0.296324
0.296324
0.310423
0.310423
0.459767
0.459767
0.350600
0.350600
0.213184
0.213184
0.383211
0.383211
0.278522
0.278522
0.255044
0.255044
0.377239
0.377239
0.220473
0.220473
0.175048
0.175048
0.194227
0.194227
0.683983
0.683983
0.157016
0.157016
0.307820
0.307820
0.629115
0.629115
0.229070
0.229070
0.241789
0.241789
0.320023
0.320023
0.237904
0.237904
0.248830
0.248830
0.308507
0.308507
0.314814
0.314814
0.303448
0.303448
0.471346
0.471346
0.423315
0.423315
0.373755
0.373755
0.358078
0.358078
0.403210
0.403210
0.440725
0.440725
0.349257
0.349257
0.284174
0.284174
0.116576
0.116576
0.140399
0.140399
0.153204
0.153204
0.586540
0.586540
0.216768
0.216768
0.149219
0.149219
0.232465
0.232465
0.396932
0.396932
0.243412
0.243412
0.400077
0.400077
0.216296
0.216296
0.232305
0.232305
0.255213
0.255213
0.195977
0.195977
0.309453
0.309453
0.308943
0.308943
0.156759
0.156759
0.423895
0.423895
0.312361
0.312361
0.256677
0.256677
0.221247
0.221247
0.253275
0.253275
0.379858
0.379858
0.194955
0.194955
0.279149
0.279149
0.439003
0.439003
0.307010
0.307010
0.200546
0.200546
0.469159
0.469159
0.245215
0.245215
0.259126
0.259126
0.314851
0.314851
0.234485
0.234485
0.066179
0.066179
0.408088
0.408088
0.222855
0.222855
0.482561
0.482561
0.422345
0.422345
0.513446
0.513446
0.270122
0.270122
0.233266
0.233266
0.296072
0.296072
0.185771
0.185771
0.077491
0.077491
0.373248
0.373248
0.326652
0.326652
0.166677
0.166677
0.352740
0.352740
0.337213
0.337213
0.285938
0.285938
0.243680
0.243680
0.263555
0.263555
0.375291
0.375291
0.542208
0.542208
0.204090
0.204090
0.493596
0.493596
0.414706
0.414706
0.406521
0.406521
0.264111
0.264111
0.271697
0.271697
0.059791
0.059791
0.362679
0.362679
0.127391
0.127391
0.232541
0.232541
0.319673
0.319673
0.414075
0.414075
0.374419
0.374419
0.229932
0.229932
0.295643
0.295643
0.335873
0.335873
0.198484
0.198484
0.163463
0.163463
0.172157
0.172157
0.175052
0.175052
0.310752
0.310752
0.246757
0.246757
0.414842
0.414842
0.251591
0.251591
0.304407
0.304407
0.176634
0.176634
0.408455
0.408455
0.170125
0.170125
0.318139
0.318139
0.424304
0.424304
0.298735
0.298735
0.181650
0.181650
0.289791
0.289791
0.176576
0.176576
0.408591
0.408591
0.337396
0.337396
0.279269
0.279269
0.215409
0.215409
0.155103
0.155103
0.175417
0.175417
0.359063
0.359063
0.325170
0.325170
0.284155
0.284155
0.314051
0.314051
0.173269
0.173269
0.085393
0.085393
0.336437
0.336437
0.322312
0.322312
0.255948
0.255948
0.244167
0.244167
0.236394
0.236394
0.154469
0.154469
0.394886
0.394886
0.372773
0.372773
0.203950
0.203950
0.176372
0.176372
0.241888
0.241888
0.207256
0.207256
0.263943
0.263943
0.127974
0.127974
0.319387
0.319387
0.476153
0.476153
0.324820
0.324820
0.245232
0.245232
0.194326
0.194326
0.157364
0.157364
0.258037
0.258037
0.203245
0.203245
0.290407
0.290407
0.500506
0.500506
0.286013
0.286013
0.664779
0.664779
0.127159
0.127159
0.265726
0.265726
0.172573
0.172573
0.482287
0.482287
0.264313
0.264313
0.534057
0.534057
0.195192
0.195192
0.385225
0.385225
0.297643
0.297643
0.323967
0.323967
0.344836
0.344836
0.389268
0.389268
0.371386
0.371386
0.360195
0.360195
0.364900
0.364900
0.263615
0.263615
0.328356
0.328356
0.217776
0.217776
0.269852
0.269852
0.397571
0.397571
0.300929
0.300929
0.353551
0.353551
0.430399
0.430399
0.316849
0.316849
0.135372
0.135372
0.270373
0.270373
0.442694
0.442694
0.496845
0.496845
0.306339
0.306339
0.367247
0.367247
0.267472
0.267472
0.248083
0.248083
0.387260
0.387260
0.221190
0.221190
0.385637
0.385637
0.279726
0.279726
0.369908
0.369908
0.439218
0.439218
0.170643
0.170643
0.453268
0.453268
0.368829
0.368829
0.340454
0.340454
0.272315
0.272315
0.130520
0.130520
0.225298
0.225298
0.249048
0.249048
0.210881
0.210881
0.181010
0.181010
0.253601
0.253601
0.506687
0.506687
0.421875
0.421875
0.432743
0.432743
0.158255
0.158255
0.385161
0.385161
0.414868
0.414868
0.142663
0.142663
0.301112
0.301112
0.291648
0.291648
0.243567
0.243567
0.374407
0.374407
0.271139
0.271139
0.289325
0.289325
0.236762
0.236762
0.200640
0.200640
0.270163
0.270163
0.427737
0.427737
0.344238
0.344238
0.133199
0.133199
0.201750
0.201750
0.290346
0.290346
0.327477
0.327477
0.234673
0.234673
0.232556
0.232556
0.119066
0.119066
0.306945
0.306945
0.434176
0.434176
0.189619
0.189619
0.235086
0.235086
0.191888
0.191888
0.314578
0.314578
0.268752
0.268752
0.397202
0.397202
0.124008
0.124008
0.382185
0.382185
0.316684
0.316684
0.193691
0.193691
0.089989
0.089989
0.235571
0.235571
0.292767
0.292767
0.233070
0.233070
0.145428
0.145428
0.267954
0.267954
0.562595
0.562595
0.215822
0.215822
0.351388
0.351388
0.302615
0.302615
0.209288
0.209288
0.330841
0.330841
0.218106
0.218106
0.341946
0.341946
0.522181
0.522181
0.443981
0.443981
0.258630
0.258630
0.285266
0.285266
0.281973
0.281973
0.169486
0.169486
0.638102
0.638102
0.338800
0.338800
0.291344
0.291344
0.222256
0.222256
0.296010
0.296010
0.377569
0.377569
0.650353
0.650353
0.375099
0.375099
0.420146
0.420146
0.439613
0.439613
0.175016
0.175016
0.247204
0.247204
0.225231
0.225231
0.170611
0.170611
0.285541
0.285541
0.432314
0.432314
0.292183
0.292183
0.452819
0.452819
0.288274
0.288274
0.134718
0.134718
0.132278
0.132278
0.226616
0.226616
0.290615
0.290615
0.194836
0.194836
0.630628
0.630628
0.295692
0.295692
0.142639
0.142639
0.396379
0.396379
0.527527
0.527527
0.287739
0.287739
0.251544
0.251544
0.166490
0.166490
0.227868
0.227868
0.256936
0.256936
0.391230
0.391230
0.181555
0.181555
0.167085
0.167085
0.376882
0.376882
0.210092
0.210092
0.282404
0.282404
0.435517
0.435517
0.268199
0.268199
0.354417
0.354417
0.469361
0.469361
0.380532
0.380532
0.121327
0.121327
0.340967
0.340967
0.244862
0.244862
0.421223
0.421223
0.339714
0.339714
0.605590
0.605590
0.304870
0.304870
0.258865
0.258865
0.311806
0.311806
0.531974
0.531974
0.261493
0.261493
0.143728
0.143728
0.363585
0.363585
0.452434
0.452434
0.338813
0.338813
0.283388
0.283388
0.220327
0.220327
0.261455
0.261455
0.305319
0.305319
0.180872
0.180872
0.178837
0.178837
0.065395
0.065395
0.283731
0.283731
0.211855
0.211855
0.218900
0.218900
0.285472
0.285472
0.312733
0.312733
0.493643
0.493643
0.179172
0.179172
0.280565
0.280565
0.265350
0.265350
0.210963
0.210963
0.433189
0.433189
0.436760
0.436760
0.212496
0.212496
0.332749
0.332749
0.317023
0.317023
0.356477
0.356477
0.378446
0.378446
0.398399
0.398399
0.173164
0.173164
0.194395
0.194395
0.239996
0.239996
0.292228
0.292228
0.316490
0.316490
0.609008
0.609008
0.341655
0.341655
0.366234
0.366234
0.297434
0.297434
0.129466
0.129466
0.289396
0.289396
0.187244
0.187244
0.312889
0.312889
0.476052
0.476052
0.149985
0.149985
0.605780
0.605780
0.325931
0.325931
0.211643
0.211643
0.361573
0.361573
0.345509
0.345509
0.313254
0.313254
0.220962
0.220962
0.118963
0.118963
0.198694
0.198694
0.224633
0.224633
0.296614
0.296614
0.410732
0.410732
0.268294
0.268294
0.198945
0.198945
0.321686
0.321686
0.236470
0.236470
0.305567
0.305567
0.194564
0.194564
0.260852
0.260852
0.261841
0.261841
0.348718
0.348718
0.319335
0.319335
0.309838
0.309838
0.348168
0.348168
0.234151
0.234151
0.257627
0.257627
0.269938
0.269938
0.282962
0.282962
0.254117
0.254117
0.281065
0.281065
0.320870
0.320870
0.245687
0.245687
0.144885
0.144885
0.306211
0.306211
0.318833
0.318833
0.460782
0.460782
0.269709
0.269709
0.399873
0.399873
0.254604
0.254604
0.404490
0.404490
0.321332
0.321332
0.230481
0.230481
0.358139
0.358139
0.161160
0.161160
0.180761
0.180761
0.266307
0.266307
0.386568
0.386568
0.313648
0.313648
0.049751
0.049751
0.199694
0.199694
0.502746
0.502746
0.253607
0.253607
0.178554
0.178554
0.274767
0.274767
0.465480
0.465480
0.107649
0.107649
0.435299
0.435299
0.421041
0.421041
0.120252
0.120252
0.218833
0.218833
0.325426
0.325426
0.465971
0.465971
0.264723
0.264723
0.659412
0.659412
0.405061
0.405061
0.118788
0.118788
0.459023
0.459023
0.503912
0.503912
0.202192
0.202192
0.524936
0.524936
0.214154
0.214154
0.336107
0.336107
0.199426
0.199426
0.424603
0.424603
0.161058
0.161058
0.203629
0.203629
0.256156
0.256156
0.191042
0.191042
0.243215
0.243215
0.207285
0.207285
0.257773
0.257773
0.572930
0.572930
0.458839
0.458839
0.174125
0.174125
0.455457
0.455457
0.269848
0.269848
0.239154
0.239154
0.542915
0.542915
0.238336
0.238336
0.228394
0.228394
0.083927
0.083927
0.407530
0.407530
0.214335
0.214335
0.275824
0.275824
0.347762
0.347762
0.317588
0.317588
0.305462
0.305462
0.267710
0.267710
0.350076
0.350076
0.490058
0.490058
0.238638
0.238638
0.123596
0.123596
0.218938
0.218938
0.404448
0.404448
0.199179
0.199179
0.257247
0.257247
0.269608
0.269608
0.274240
0.274240
0.266195
0.266195
0.169357
0.169357
0.256926
0.256926
0.349280
0.349280
0.231932
0.231932
0.145133
0.145133
0.480751
0.480751
0.097832
0.097832
0.440116
0.440116
0.319536
0.319536
0.247846
0.247846
0.226385
0.226385
0.547779
0.547779
0.292952
0.292952
0.487048
0.487048
0.228822
0.228822
0.209131
0.209131
0.462000
0.462000
0.289778
0.289778
0.160902
0.160902
0.280070
0.280070
0.496566
0.496566
0.363120
0.363120
0.399709
0.399709
0.203294
0.203294
0.293649
0.293649
0.190302
0.190302
0.270941
0.270941
0.412895
0.412895
0.250314
0.250314
0.337187
0.337187
0.138521
0.138521
0.378357
0.378357
0.160698
0.160698
0.239139
0.239139
0.413666
0.413666
0.284227
0.284227
0.395428
0.395428
0.428014
0.428014
0.124209
0.124209
0.281889
0.281889
0.334922
0.334922
0.300838
0.300838
0.269442
0.269442
0.384054
0.384054
0.229201
0.229201
0.265888
0.265888
0.159069
0.159069
0.365590
0.365590
0.351720
0.351720
0.385676
0.385676
0.172515
0.172515
0.182044
0.182044
0.362313
0.362313
0.439939
0.439939
0.258836
0.258836
0.209197
0.209197
0.284963
0.284963
0.233739
0.233739
0.140850
0.140850
0.148893
0.148893
0.210429
0.210429
0.282064
0.282064
0.306014
0.306014
0.240667
0.240667
0.156967
0.156967
0.341354
0.341354
0.150253
0.150253
0.257778
0.257778
0.450066
0.450066
0.119805
0.119805
0.260485
0.260485
0.229404
0.229404
0.236242
0.236242
0.085201
0.085201
0.500712
0.500712
0.306135
0.306135
0.226388
0.226388
0.433939
0.433939
0.361622
0.361622
0.205913
0.205913
0.200797
0.200797
0.352573
0.352573
0.401269
0.401269
0.532547
0.532547
0.292402
0.292402
0.353415
0.353415
0.254023
0.254023
0.315792
0.315792
0.366788
0.366788
0.257225
0.257225
0.330277
0.330277
0.388591
0.388591
0.116121
0.116121
0.203955
0.203955
0.139930
0.139930
0.253361
0.253361
0.219370
0.219370
0.075609
0.075609
0.334080
0.334080
0.225797
0.225797
0.370843
0.370843
0.133517
0.133517
0.318080
0.318080
0.457025
0.457025
0.283236
0.283236
0.178705
0.178705
0.232128
0.232128
0.236071
0.236071
0.183567
0.183567
0.123958
0.123958
0.152405
0.152405
0.439616
0.439616
0.124425
0.124425
0.153797
0.153797
0.420814
0.420814
0.217032
0.217032
0.097672
0.097672
0.296862
0.296862
0.248934
0.248934
0.264673
0.264673
0.332898
0.332898
0.480487
0.480487
0.270905
0.270905
0.188783
0.188783
0.229514
0.229514
0.147940
0.147940
0.108532
0.108532
0.189329
0.189329
0.310587
0.310587
0.728505
0.728505
0.282621
0.282621
0.340210
0.340210
0.314549
0.314549
0.273434
0.273434
0.202522
0.202522
0.099662
0.099662
0.404884
0.404884
0.193114
0.193114
0.469565
0.469565
0.177302
0.177302
0.206206
0.206206
0.361311
0.361311
0.338262
0.338262
0.314761
0.314761
0.378146
0.378146
0.512516
0.512516
0.474437
0.474437
0.232209
0.232209
0.319052
0.319052
0.356694
0.356694
0.324989
0.324989
0.184606
0.184606
0.338650
0.338650
0.376163
0.376163
0.401998
0.401998
0.252087
0.252087
0.320641
0.320641
0.210429
0.210429
0.272822
0.272822
0.494235
0.494235
0.150195
0.150195
0.259058
0.259058
0.085712
0.085712
0.364223
0.364223
0.173966
0.173966
0.218363
0.218363
0.406763
0.406763
0.140688
0.140688
0.345089
0.345089
0.591191
0.591191
0.323621
0.323621
0.381341
0.381341
0.270935
0.270935
0.206925
0.206925
0.505467
0.505467
0.374097
0.374097
0.182460
0.182460
0.420144
0.420144
0.328688
0.328688
0.226556
0.226556
0.206292
0.206292
0.662378
0.662378
0.239851
0.239851
0.434318
0.434318
0.268595
0.268595
0.580741
0.580741
0.287542
0.287542
0.292473
0.292473
0.294982
0.294982
0.163888
0.163888
0.302566
0.302566
0.293650
0.293650
0.194471
0.194471
0.259787
0.259787
0.241334
0.241334
0.320207
0.320207
0.175796
0.175796
0.273860
0.273860
0.658044
0.658044
0.324839
0.324839
0.447515
0.447515
0.278611
0.278611
0.194250
0.194250
0.167484
0.167484
0.277176
0.277176
0.211492
0.211492
0.225947
0.225947
0.424003
0.424003
0.424069
0.424069
0.212715
0.212715
0.431620
0.431620
0.331863
0.331863
0.324001
0.324001
0.230983
0.230983
0.320783
0.320783
0.321714
0.321714
0.354177
0.354177
0.355208
0.355208
0.182710
0.182710
0.500382
0.500382
0.334305
0.334305
0.389355
0.389355
0.316269
0.316269
0.650166
0.650166
0.320436
0.320436
0.144046
0.144046
0.283260
0.283260
0.166849
0.166849
0.202689
0.202689
0.299401
0.299401
0.138705
0.138705
0.225232
0.225232
0.368370
0.368370
0.216061
0.216061
0.193126
0.193126
0.439828
0.439828
0.319149
0.319149
0.297803
0.297803
0.161448
0.161448
0.290955
0.290955
0.195608
0.195608
0.237659
0.237659
0.312474
0.312474
0.280183
0.280183
0.242256
0.242256
0.320079
0.320079
0.360179
0.360179
0.194853
0.194853
0.440516
0.440516
0.587903
0.587903
0.440799
0.440799
0.265071
0.265071
0.296999
0.296999
0.361784
0.361784
0.270876
0.270876
0.374059
0.374059
0.347074
0.347074
0.351542
0.351542
0.379765
0.379765
0.257977
0.257977
0.278865
0.278865
0.188302
0.188302
0.278810
0.278810
0.316264
0.316264
0.382122
0.382122
0.482932
0.482932
0.254195
0.254195
0.237761
0.237761
0.356030
0.356030
0.137354
0.137354
0.569141
0.569141
0.327160
0.327160
0.286024
0.286024
0.279424
0.279424
0.393534
0.393534
0.369395
0.369395
0.329902
0.329902
0.197910
0.197910
0.188387
0.188387
0.243190
0.243190
0.436893
0.436893
0.226399
0.226399
0.409714
0.409714
0.406003
0.406003
0.305183
0.305183
0.301534
0.301534
0.235774
0.235774
0.325665
0.325665
0.199782
0.199782
0.347112
0.347112
0.350991
0.350991
0.237217
0.237217
0.334948
0.334948
0.368258
0.368258
0.086366
0.086366
0.237915
0.237915
0.244320
0.244320
0.381596
0.381596
0.301939
0.301939
0.239426
0.239426
0.146279
0.146279
0.297958
0.297958
0.349670
0.349670
0.280567
0.280567
0.168665
0.168665
0.425211
0.425211
0.132006
0.132006
0.401910
0.401910
0.321937
0.321937
0.380052
0.380052
0.177638
0.177638
0.228847
0.228847
0.326307
0.326307
0.341948
0.341948
0.461309
0.461309
0.713516
0.713516
0.264424
0.264424
0.427906
0.427906
0.292818
0.292818
0.267798
0.267798
0.311251
0.311251
0.259343
0.259343
0.282853
0.282853
0.199969
0.199969
0.226491
0.226491
0.138837
0.138837
0.300811
0.300811
0.377867
0.377867
0.269296
0.269296
0.273949
0.273949
0.250707
0.250707
0.248332
0.248332
0.329230
0.329230
0.518112
0.518112
0.213014
0.213014
0.264779
0.264779
0.219956
0.219956
0.155912
0.155912
0.210325
0.210325
0.258062
0.258062
0.272524
0.272524
0.250407
0.250407
0.524553
0.524553
0.488340
0.488340
0.279750
0.279750
0.232910
0.232910
0.281707
0.281707
0.288390
0.288390
0.131603
0.131603
0.231563
0.231563
0.235489
0.235489
0.149196
0.149196
0.337350
0.337350
0.285214
0.285214
0.150694
0.150694
0.456287
0.456287
0.483781
0.483781
0.367633
0.367633
0.474253
0.474253
0.197719
0.197719
0.343497
0.343497
0.266098
0.266098
0.448053
0.448053
0.195420
0.195420
0.243073
0.243073
0.340604
0.340604
0.358142
0.358142
0.098802
0.098802
0.310117
0.310117
0.299907
0.299907
0.338160
0.338160
0.405552
0.405552
0.335225
0.335225
0.489254
0.489254
0.152943
0.152943
0.117324
0.117324
0.212634
0.212634
0.062744
0.062744
0.381132
0.381132
0.315974
0.315974
0.272908
0.272908
0.247804
0.247804
0.174928
0.174928
0.260169
0.260169
0.295639
0.295639
0.310963
0.310963
0.336080
0.336080
0.340089
0.340089
0.360671
0.360671
0.120294
0.120294
0.271318
0.271318
0.287976
0.287976
0.287153
0.287153
0.379049
0.379049
0.293537
0.293537
0.107344
0.107344
0.243493
0.243493
0.265189
0.265189
0.473672
0.473672
0.180166
0.180166
0.445078
0.445078
0.116170
0.116170
0.155052
0.155052
0.387441
0.387441
0.386920
0.386920
0.455161
0.455161
0.286602
0.286602
0.360487
0.360487
0.361817
0.361817
0.204381
0.204381
0.491428
0.491428
0.304486
0.304486
0.212983
0.212983
0.391531
0.391531
0.466216
0.466216
0.207474
0.207474
0.089938
0.089938
0.310562
0.310562
0.286952
0.286952
0.325763
0.325763
0.189486
0.189486
0.352750
0.352750
0.315506
0.315506
0.232284
0.232284
0.456727
0.456727
0.576677
0.576677
0.390221
0.390221
0.479280
0.479280
0.385784
0.385784
0.181336
0.181336
0.197369
0.197369
0.355348
0.355348
0.129731
0.129731
0.328103
0.328103
0.430635
0.430635
0.413194
0.413194
0.263894
0.263894
0.145878
0.145878
0.175285
0.175285
0.378149
0.378149
0.183884
0.183884
0.232124
0.232124
0.299482
0.299482
0.225819
0.225819
0.115446
0.115446
0.312914
0.312914
0.187625
0.187625
0.314386
0.314386
0.513035
0.513035
0.444356
0.444356
0.394577
0.394577
0.340575
0.340575
0.223875
0.223875
0.165715
0.165715
0.458435
0.458435
0.181869
0.181869
0.303230
0.303230
0.260075
0.260075
0.263031
0.263031
0.229194
0.229194
0.357509
0.357509
0.409671
0.409671
0.168159
0.168159
0.095690
0.095690
0.439329
0.439329
0.217217
0.217217
0.143109
0.143109
0.264656
0.264656
0.155619
0.155619
0.575136
0.575136
0.148422
0.148422
0.278695
0.278695
0.322918
0.322918
0.346606
0.346606
0.232725
0.232725
0.607891
0.607891
0.145248
0.145248
0.599449
0.599449
0.285922
0.285922
0.410495
0.410495
0.252304
0.252304
0.210796
0.210796
0.324597
0.324597
0.314146
0.314146
0.295971
0.295971
0.250336
0.250336
0.236667
0.236667
0.373612
0.373612
0.298105
0.298105
0.470331
0.470331
0.348435
0.348435
0.146100
0.146100
0.233960
0.233960
0.219152
0.219152
0.410084
0.410084
0.246147
0.246147
0.366580
0.366580
0.309984
0.309984
0.116879
0.116879
0.224702
0.224702
0.459177
0.459177
0.294328
0.294328
0.136115
0.136115
0.259984
0.259984
0.410131
0.410131
0.373857
0.373857
0.280074
0.280074
0.202098
0.202098
0.395170
0.395170
0.233594
0.233594
0.281656
0.281656
0.241386
0.241386
0.244412
0.244412
0.406792
0.406792
0.144836
0.144836
0.357612
0.357612
0.215805
0.215805
0.261844
0.261844
0.191354
0.191354
0.320208
0.320208
0.436545
0.436545
0.351061
0.351061
0.205001
0.205001
0.209869
0.209869
0.285162
0.285162
0.113964
0.113964
0.217751
0.217751
0.324956
0.324956
0.036980
0.036980
0.156623
0.156623
0.407227
0.407227
0.610771
0.610771
0.298463
0.298463
0.559143
0.559143
0.297963
0.297963
0.185619
0.185619
0.277411
0.277411
0.523372
0.523372
0.161633
0.161633
0.256434
0.256434
0.352199
0.352199
0.263494
0.263494
0.488834
0.488834
0.248246
0.248246
0.293613
0.293613
0.508532
0.508532
0.152147
0.152147
0.263945
0.263945
0.504070
0.504070
0.280440
0.280440
0.156724
0.156724
0.163205
0.163205
0.439052
0.439052
0.309304
0.309304
0.203982
0.203982
0.119505
0.119505
0.245252
0.245252
0.273177
0.273177
0.274267
0.274267
0.309792
0.309792
0.395082
0.395082
0.238211
0.238211
0.265873
0.265873
0.215293
0.215293
0.250835
0.250835
0.156685
0.156685
0.181831
0.181831
0.239352
0.239352
0.273120
0.273120
0.104382
0.104382
0.291934
0.291934
0.135149
0.135149
0.213135
0.213135
0.261105
0.261105
0.157959
0.157959
0.253922
0.253922
0.535071
0.535071
0.284752
0.284752
0.143176
0.143176
0.345385
0.345385
0.411687
0.411687
0.217107
0.217107
0.623758
0.623758
0.249208
0.249208
0.392003
0.392003
0.294281
0.294281
0.568528
0.568528
0.465706
0.465706
0.236082
0.236082
0.290334
0.290334
0.349071
0.349071
0.387865
0.387865
0.282341
0.282341
0.388798
0.388798
0.451630
0.451630
0.183804
0.183804
0.290839
0.290839
0.549346
0.549346
0.123740
0.123740
0.308243
0.308243
0.326324
0.326324
0.180204
0.180204
0.456888
0.456888
0.172306
0.172306
0.361969
0.361969
0.279079
0.279079
0.371001
0.371001
0.139443
0.139443
0.265229
0.265229
0.263456
0.263456
0.270568
0.270568
0.178955
0.178955
0.335799
0.335799
0.323280
0.323280
0.351458
0.351458
0.261256
0.261256
0.238838
0.238838
0.299520
0.299520
0.194030
0.194030
0.237678
0.237678
0.395683
0.395683
0.383935
0.383935
0.594244
0.594244
0.397373
0.397373
0.401460
0.401460
0.386875
0.386875
0.305027
0.305027
0.211355
0.211355
0.580517
0.580517
0.297412
0.297412
0.359099
0.359099
0.397079
0.397079
0.170163
0.170163
0.158043
0.158043
0.141981
0.141981
0.519828
0.519828
0.195975
0.195975
0.219361
0.219361
0.292329
0.292329
0.446554
0.446554
0.127316
0.127316
0.221414
0.221414
0.365189
0.365189
0.272026
0.272026
0.357446
0.357446
0.171809
0.171809
0.251335
0.251335
0.152287
0.152287
0.191617
0.191617
0.306174
0.306174
0.377156
0.377156
0.224297
0.224297
0.478064
0.478064
0.344939
0.344939
0.245262
0.245262
0.164386
0.164386
0.235986
0.235986
0.181766
0.181766
0.538130
0.538130
0.129479
0.129479
0.317635
0.317635
0.483555
0.483555
0.473488
0.473488
0.366248
0.366248
0.338026
0.338026
0.398317
0.398317
0.109098
0.109098
0.315161
0.315161
0.275800
0.275800
0.442394
0.442394
0.195830
0.195830
0.364969
0.364969
0.232693
0.232693
0.272364
0.272364
0.179979
0.179979
0.134836
0.134836
0.478234
0.478234
0.264140
0.264140
0.507008
0.507008
0.137573
0.137573
0.520248
0.520248
0.261389
0.261389
0.472074
0.472074
0.241373
0.241373
0.181795
0.181795
0.246514
0.246514
0.202849
0.202849
0.377799
0.377799
0.364186
0.364186
0.111529
0.111529
0.141055
0.141055
0.510744
0.510744
0.225451
0.225451
0.264204
0.264204
0.274917
0.274917
0.310223
0.310223
0.272554
0.272554
0.306412
0.306412
0.230446
0.230446
0.195442
0.195442
0.253741
0.253741
0.200278
0.200278
0.384454
0.384454
0.319967
0.319967
0.289180
0.289180
0.165827
0.165827
0.168100
0.168100
0.183309
0.183309
0.233221
0.233221
0.141750
0.141750
0.410989
0.410989
0.146478
0.146478
0.277122
0.277122
0.123226
0.123226
0.113186
0.113186
0.272457
0.272457
0.351229
0.351229
0.125732
0.125732
0.238547
0.238547
0.396090
0.396090
0.442627
0.442627
0.258145
0.258145
0.278532
0.278532
0.326336
0.326336
0.161978
0.161978
0.362914
0.362914
0.522916
0.522916
0.223750
0.223750
0.432505
0.432505
0.482161
0.482161
0.192612
0.192612
0.090246
0.090246
0.210799
0.210799
0.340792
0.340792
0.148111
0.148111
0.407290
0.407290
0.145875
0.145875
0.287429
0.287429
0.429704
0.429704
0.204510
0.204510
0.519832
0.519832
0.355169
0.355169
0.264411
0.264411
0.337611
0.337611
0.260363
0.260363
0.588942
0.588942
0.412093
0.412093
0.158455
0.158455
0.240032
0.240032
0.344877
0.344877
0.137305
0.137305
0.415058
0.415058
0.483464
0.483464
0.091517
0.091517
0.191145
0.191145
0.345827
0.345827
0.383491
0.383491
0.559688
0.559688
0.229650
0.229650
0.389199
0.389199
0.321500
0.321500
0.272798
0.272798
0.345397
0.345397
0.181909
0.181909
0.232696
0.232696
0.401338
0.401338
0.300016
0.300016
0.415004
0.415004
0.301707
0.301707
0.172393
0.172393
0.121490
0.121490
0.464348
0.464348
0.300743
0.300743
0.378710
0.378710
0.242715
0.242715
0.167472
0.167472
0.353587
0.353587
0.206366
0.206366
0.430886
0.430886
0.421486
0.421486
0.120003
0.120003
0.405989
0.405989
0.352060
0.352060
0.300996
0.300996
0.433351
0.433351
0.135208
0.135208
0.351340
0.351340
0.340088
0.340088
0.388527
0.388527
0.189083
0.189083
0.596502
0.596502
0.282071
0.282071
0.246907
0.246907
0.307914
0.307914
0.310291
0.310291
0.087340
0.087340
0.521131
0.521131
0.556612
0.556612
0.259347
0.259347
0.220592
0.220592
0.154033
0.154033
0.171580
0.171580
0.694779
0.694779
0.316116
0.316116
0.277648
0.277648
0.528523
0.528523
0.274122
0.274122
0.293250
0.293250
0.334091
0.334091
0.261189
0.261189
0.267862
0.267862
0.137408
0.137408
0.343312
0.343312
0.643251
0.643251
0.453683
0.453683
0.278344
0.278344
0.336055
0.336055
0.241288
0.241288
0.523190
0.523190
0.341435
0.341435
0.146726
0.146726
0.330888
0.330888
0.301188
0.301188
0.217739
0.217739
0.267914
0.267914
0.247748
0.247748
0.295312
0.295312
0.280343
0.280343
0.257626
0.257626
0.257721
0.257721
0.131203
0.131203
0.224403
0.224403
0.301593
0.301593
0.374389
0.374389
0.399589
0.399589
0.229801
0.229801
0.294611
0.294611
0.593751
0.593751
0.387080
0.387080
0.160376
0.160376
0.095430
0.095430
0.161544
0.161544
0.148880
0.148880
0.300284
0.300284
0.625608
0.625608
0.343661
0.343661
0.224232
0.224232
0.106867
0.106867
0.323284
0.323284
0.203855
0.203855
0.159074
0.159074
0.698301
0.698301
0.317846
0.317846
0.369674
0.369674
0.163067
0.163067
0.314425
0.314425
0.292308
0.292308
0.085862
0.085862
0.663360
0.663360
0.410329
0.410329
0.294818
0.294818
0.440950
0.440950
0.365379
0.365379
0.085046
0.085046
0.201092
0.201092
0.335956
0.335956
0.456814
0.456814
0.475643
0.475643
0.187087
0.187087
0.229918
0.229918
0.211755
0.211755
0.271264
0.271264
0.354129
0.354129
0.267451
0.267451
0.131933
0.131933
0.280620
0.280620
0.226898
0.226898
0.213013
0.213013
0.352472
0.352472
0.260610
0.260610
0.345574
0.345574
0.420747
0.420747
0.366506
0.366506
0.263139
0.263139
0.254987
0.254987
0.456451
0.456451
0.246010
0.246010
0.175213
0.175213
0.179829
0.179829
0.212385
0.212385
0.273354
0.273354
0.277030
0.277030
0.278609
0.278609
0.230905
0.230905
0.341025
0.341025
0.213636
0.213636
0.331735
0.331735
0.130101
0.130101
0.370482
0.370482
0.238819
0.238819
0.395566
0.395566
0.396636
0.396636
0.246960
0.246960
0.228499
0.228499
0.377899
0.377899
0.432233
0.432233
0.225049
0.225049
0.254852
0.254852
0.060473
0.060473
0.558143
0.558143
0.270623
0.270623
0.256526
0.256526
0.344527
0.344527
0.407653
0.407653
0.186768
0.186768
0.269691
0.269691
0.325911
0.325911
0.322468
0.322468
0.319930
0.319930
0.406767
0.406767
0.455505
0.455505
0.266372
0.266372
0.384356
0.384356
0.251424
0.251424
0.643101
0.643101
0.201145
0.201145
0.249531
0.249531
0.157520
0.157520
0.256987
0.256987
0.224105
0.224105
0.213218
0.213218
0.402611
0.402611
0.293988
0.293988
0.032899
0.032899
0.579540
0.579540
0.176414
0.176414
0.472520
0.472520
0.334543
0.334543
0.108875
0.108875
0.348052
0.348052
0.447720
0.447720
0.376636
0.376636
0.350139
0.350139
0.299336
0.299336
0.250090
0.250090
0.289917
0.289917
0.261007
0.261007
0.199868
0.199868
0.107204
0.107204
0.343284
0.343284
0.222591
0.222591
0.374557
0.374557
0.162575
0.162575
0.197762
0.197762
0.387633
0.387633
0.259146
0.259146
0.338043
0.338043
0.200753
0.200753
0.261126
0.261126
0.102864
0.102864
0.310522
0.310522
0.251344
0.251344
0.155558
0.155558
0.331811
0.331811
0.243718
0.243718
0.227438
0.227438
0.221682
0.221682
0.399503
0.399503
0.287227
0.287227
0.251647
0.251647
0.190673
0.190673
0.223991
0.223991
0.240119
0.240119
0.270039
0.270039
0.329028
0.329028
0.131698
0.131698
0.260609
0.260609
0.400883
0.400883
0.130070
0.130070
0.261160
0.261160
0.443462
0.443462
0.128255
0.128255
0.386796
0.386796
0.230974
0.230974
0.374902
0.374902
0.270798
0.270798
0.322658
0.322658
0.369504
0.369504
0.132122
0.132122
0.254803
0.254803
0.162927
0.162927
0.136219
0.136219
0.219950
0.219950
0.131889
0.131889
0.246718
0.246718
0.443470
0.443470
0.732491
0.732491
0.344486
0.344486
0.150684
0.150684
0.086068
0.086068
0.363806
0.363806
0.264170
0.264170
0.461524
0.461524
0.230733
0.230733
0.075900
0.075900
0.320655
0.320655
0.325284
0.325284
0.378649
0.378649
0.284950
0.284950
0.472879
0.472879
0.320733
0.320733
0.308790
0.308790
0.308435
0.308435
0.214837
0.214837
0.494708
0.494708
0.264519
0.264519
0.211850
0.211850
0.462100
0.462100
0.392662
0.392662
0.424587
0.424587
0.092948
0.092948
0.174625
0.174625
0.237771
0.237771
0.324917
0.324917
0.055172
0.055172
0.490564
0.490564
0.322183
0.322183
0.196186
0.196186
0.287463
0.287463
0.428384
0.428384
0.331944
0.331944
0.334142
0.334142
0.422404
0.422404
0.242512
0.242512
0.422594
0.422594
0.166920
0.166920
0.200034
0.200034
0.399620
0.399620
0.360250
0.360250
0.242567
0.242567
0.227424
0.227424
0.678691
0.678691
0.445583
0.445583
0.229017
0.229017
0.137916
0.137916
0.176234
0.176234
0.286191
0.286191
0.226953
0.226953
0.327763
0.327763
0.314227
0.314227
0.268469
0.268469
0.503847
0.503847
0.178227
0.178227
0.360720
0.360720
0.172698
0.172698
0.556077
0.556077
0.234021
0.234021
0.174974
0.174974
0.284763
0.284763
0.368280
0.368280
0.330176
0.330176
0.162746
0.162746
0.392926
0.392926
0.159529
0.159529
0.230413
0.230413
0.290178
0.290178
0.166127
0.166127
0.253270
0.253270
0.228921
0.228921
0.270493
0.270493
0.418346
0.418346
0.258615
0.258615
0.210028
0.210028
0.215961
0.215961
0.250799
0.250799
0.475185
0.475185
0.228428
0.228428
0.265724
0.265724
0.505762
0.505762
0.379413
0.379413
0.511626
0.511626
0.290866
0.290866
0.256625
0.256625
0.261406
0.261406
0.334857
0.334857
0.305469
0.305469
0.345629
0.345629
0.262841
0.262841
0.273882
0.273882
0.302226
0.302226
0.624409
0.624409
0.251651
0.251651
0.448958
0.448958
0.310988
0.310988
0.374639
0.374639
0.447054
0.447054
0.223139
0.223139
0.076321
0.076321
0.204925
0.204925
0.534869
0.534869
0.228321
0.228321
0.203650
0.203650
0.210725
0.210725
0.213832
0.213832
0.202404
0.202404
0.244829
0.244829
0.172749
0.172749
0.267024
0.267024
0.454013
0.454013
0.411401
0.411401
0.157319
0.157319
0.373466
0.373466
0.486204
0.486204
0.225736
0.225736
0.297236
0.297236
0.647144
0.647144
0.218372
0.218372
0.125693
0.125693
0.341138
0.341138
0.146623
0.146623
0.191846
0.191846
0.158596
0.158596
0.181557
0.181557
0.166166
0.166166
0.248809
0.248809
0.262681
0.262681
0.158652
0.158652
0.278089
0.278089
0.353397
0.353397
0.431465
0.431465
0.319578
0.319578
0.213969
0.213969
0.331881
0.331881
0.211557
0.211557
0.171754
0.171754
0.145689
0.145689
0.299834
0.299834
0.140857
0.140857
0.337661
0.337661
0.291165
0.291165
0.480578
0.480578
0.337040
0.337040
0.158517
0.158517
0.088653
0.088653
0.123436
0.123436
0.326827
0.326827
0.206231
0.206231
0.315182
0.315182
0.217731
0.217731
0.114772
0.114772
0.411830
0.411830
0.405238
0.405238
0.327734
0.327734
0.367125
0.367125
0.339840
0.339840
0.262090
0.262090
0.235201
0.235201
0.113483
0.113483
0.148407
0.148407
0.292713
0.292713
0.173545
0.173545
0.358172
0.358172
0.354370
0.354370
0.531963
0.531963
0.211578
0.211578
0.459507
0.459507
0.114334
0.114334
0.202210
0.202210
0.372645
0.372645
0.301138
0.301138
0.308343
0.308343
0.310432
0.310432
0.305190
0.305190
0.196836
0.196836
0.314306
0.314306
0.438637
0.438637
0.319857
0.319857
0.383410
0.383410
0.235514
0.235514
0.440211
0.440211
0.276596
0.276596
0.387280
0.387280
0.299836
0.299836
0.226087
0.226087
0.160883
0.160883
0.166330
0.166330
0.360873
0.360873
0.241075
0.241075
0.408287
0.408287
0.446961
0.446961
0.331926
0.331926
0.152812
0.152812
0.198006
0.198006
0.433671
0.433671
0.284774
0.284774
0.340630
0.340630
0.421256
0.421256
0.130772
0.130772
0.189046
0.189046
0.192638
0.192638
0.506259
0.506259
0.585285
0.585285
0.385057
0.385057
0.142354
0.142354
0.399223
0.399223
0.241137
0.241137
0.492290
0.492290
0.351564
0.351564
0.285303
0.285303
0.174923
0.174923
0.300335
0.300335
0.271602
0.271602
0.179799
0.179799
0.241874
0.241874
0.202638
0.202638
0.301218
0.301218
0.408590
0.408590
0.301124
0.301124
0.380418
0.380418
0.097416
0.097416
0.414341
0.414341
0.357790
0.357790
0.256234
0.256234
0.350752
0.350752
0.436517
0.436517
0.206483
0.206483
0.141457
0.141457
0.278500
0.278500
0.374964
0.374964
0.309749
0.309749
0.626327
0.626327
0.191381
0.191381
0.399586
0.399586
0.360786
0.360786
0.348309
0.348309
0.123213
0.123213
0.337884
0.337884
0.296102
0.296102
0.463812
0.463812
0.336473
0.336473
0.505014
0.505014
0.291388
0.291388
0.181040
0.181040
0.196411
0.196411
0.151409
0.151409
0.133054
0.133054
0.244301
0.244301
0.277057
0.277057
0.395590
0.395590
0.310310
0.310310
0.139279
0.139279
0.400003
0.400003
0.364089
0.364089
0.272001
0.272001
0.174749
0.174749
0.367306
0.367306
0.180775
0.180775
0.171763
0.171763
0.384984
0.384984
0.203449
0.203449
0.449281
0.449281
0.200503
0.200503
0.230923
0.230923
0.214538
0.214538
0.273862
0.273862
0.309116
0.309116
0.322009
0.322009
0.161676
0.161676
0.260241
0.260241
0.088780
0.088780
0.311786
0.311786
0.442027
0.442027
0.386843
0.386843
0.341868
0.341868
0.140567
0.140567
0.141857
0.141857
0.079020
0.079020
0.291984
0.291984
0.349677
0.349677
0.217053
0.217053
0.417784
0.417784
0.426123
0.426123
0.155950
0.155950
0.133903
0.133903
0.602339
0.602339
0.218424
0.218424
0.118922
0.118922
0.230120
0.230120
0.313770
0.313770
0.256902
0.256902
0.226760
0.226760
0.224232
0.224232
0.242826
0.242826
0.255394
0.255394
0.442680
0.442680
0.191809
0.191809
0.298653
0.298653
0.192967
0.192967
0.151071
0.151071
0.269076
0.269076
0.176717
0.176717
0.262374
0.262374
0.520324
0.520324
0.150834
0.150834
0.114247
0.114247
0.217585
0.217585
0.199993
0.199993
0.339779
0.339779
0.264968
0.264968
0.429801
0.429801
0.090672
0.090672
0.219659
0.219659
0.229834
0.229834
0.108268
0.108268
0.133054
0.133054
0.305878
0.305878
0.199791
0.199791
0.625946
0.625946
0.168652
0.168652
0.188168
0.188168
0.240679
0.240679
0.183838
0.183838
0.247076
0.247076
0.299682
0.299682
0.489381
0.489381
0.352347
0.352347
0.055012
0.055012
0.162696
0.162696
0.331210
0.331210
0.438250
0.438250
0.287822
0.287822
0.215681
0.215681
0.204185
0.204185
0.211674
0.211674
0.173389
0.173389
0.492845
0.492845
0.372710
0.372710
0.326582
0.326582
0.302298
0.302298
0.166208
0.166208
0.169940
0.169940
0.413349
0.413349
0.291550
0.291550
0.339536
0.339536
0.142760
0.142760
0.369581
0.369581
0.197085
0.197085
0.220800
0.220800
0.285166
0.285166
0.547361
0.547361
0.214651
0.214651
0.622294
0.622294
0.226246
0.226246
0.339799
0.339799
0.121609
0.121609
0.235766
0.235766
0.400887
0.400887
0.259609
0.259609
0.589585
0.589585
0.198158
0.198158
0.130842
0.130842
0.229755
0.229755
0.429861
0.429861
0.382907
0.382907
0.176107
0.176107
0.303412
0.303412
0.192152
0.192152
0.236269
0.236269
0.316443
0.316443
0.268146
0.268146
0.578228
0.578228
0.210251
0.210251
0.211413
0.211413
0.479794
0.479794
0.167762
0.167762
0.304401
0.304401
0.256018
0.256018
0.098888
0.098888
0.310781
0.310781
0.348350
0.348350
0.166580
0.166580
0.307723
0.307723
0.211771
0.211771
0.480050
0.480050
0.180487
0.180487
0.262441
0.262441
0.396712
0.396712
0.309310
0.309310
0.310541
0.310541
0.227162
0.227162
0.289732
0.289732
0.361760
0.361760
0.316679
0.316679
0.396858
0.396858
0.355503
0.355503
0.491945
0.491945
0.274067
0.274067
0.369937
0.369937
0.171280
0.171280
0.350353
0.350353
0.385334
0.385334
0.329191
0.329191
0.303054
0.303054
0.404294
0.404294
0.302614
0.302614
0.307311
0.307311
0.128161
0.128161
0.404773
0.404773
0.690074
0.690074
0.148013
0.148013
0.379399
0.379399
0.430961
0.430961
0.314294
0.314294
0.203216
0.203216
0.335806
0.335806
0.386166
0.386166
0.162658
0.162658
0.345149
0.345149
0.270201
0.270201
0.281269
0.281269
0.179926
0.179926
0.223495
0.223495
0.205118
0.205118
0.123671
0.123671
0.340147
0.340147
0.259308
0.259308
0.285010
0.285010
0.197172
0.197172
0.254134
0.254134
0.402578
0.402578
0.357598
0.357598
0.324877
0.324877
0.272432
0.272432
0.570082
0.570082
0.340156
0.340156
0.244065
0.244065
0.127842
0.127842
0.350497
0.350497
0.444488
0.444488
0.344321
0.344321
0.158292
0.158292
0.324139
0.324139
0.314279
0.314279
0.334702
0.334702
0.213214
0.213214
0.291156
0.291156
0.239327
0.239327
0.122745
0.122745
0.434100
0.434100
0.506981
0.506981
0.386912
0.386912
0.603428
0.603428
0.413525
0.413525
0.335122
0.335122
0.445711
0.445711
0.262593
0.262593
0.498732
0.498732
0.241577
0.241577
0.511563
0.511563
0.295700
0.295700
0.222527
0.222527
0.115030
0.115030
0.525768
0.525768
0.329777
0.329777
0.241782
0.241782
0.352454
0.352454
0.084565
0.084565
0.235992
0.235992
0.123456
0.123456
0.268653
0.268653
0.450736
0.450736
0.257892
0.257892
0.443230
0.443230
0.250149
0.250149
0.341114
0.341114
0.193534
0.193534
0.292421
0.292421
0.195079
0.195079
0.191162
0.191162
0.148142
0.148142
0.223322
0.223322
0.259801
0.259801
0.418454
0.418454
0.255401
0.255401
0.362369
0.362369
0.329707
0.329707
0.265957
0.265957
0.144263
0.144263
0.214092
0.214092
0.175877
0.175877
0.232441
0.232441
0.415551
0.415551
0.196894
0.196894
0.148291
0.148291
0.209268
0.209268
0.387440
0.387440
0.332551
0.332551
0.354042
0.354042
0.533851
0.533851
0.289713
0.289713
0.355902
0.355902
0.218919
0.218919
0.095738
0.095738
0.309777
0.309777
0.102337
0.102337
0.246184
0.246184
0.223289
0.223289
0.279936
0.279936
0.210686
0.210686
0.438256
0.438256
0.425765
0.425765
0.341476
0.341476
0.201426
0.201426
0.315051
0.315051
0.352389
0.352389
0.172028
0.172028
0.232213
0.232213
0.283475
0.283475
0.420720
0.420720
0.200671
0.200671
0.380555
0.380555
0.255071
0.255071
0.323695
0.323695
0.202154
0.202154
0.133738
0.133738
0.255625
0.255625
0.210689
0.210689
0.146188
0.146188
0.212896
0.212896
0.391302
0.391302
0.428833
0.428833
0.268266
0.268266
0.371305
0.371305
0.177028
0.177028
0.326045
0.326045
0.386059
0.386059
0.127555
0.127555
0.490261
0.490261
0.417529
0.417529
0.247585
0.247585
0.112474
0.112474
0.153501
0.153501
0.214518
0.214518
0.387034
0.387034
0.295750
0.295750
0.324528
0.324528
0.421032
0.421032
0.216802
0.216802
0.413969
0.413969
0.247548
0.247548
0.264219
0.264219
0.336123
0.336123
0.139620
0.139620
0.188760
0.188760
0.364850
0.364850
0.616333
0.616333
0.307870
0.307870
0.230238
0.230238
0.492333
0.492333
0.197115
0.197115
0.089916
0.089916
0.134700
0.134700
0.333544
0.333544
0.130822
0.130822
0.239910
0.239910
0.337316
0.337316
0.250284
0.250284
0.217325
0.217325
0.331938
0.331938
0.207118
0.207118
0.199271
0.199271
0.517925
0.517925
0.156501
0.156501
0.223529
0.223529
0.224364
0.224364
0.264373
0.264373
0.224412
0.224412
0.227340
0.227340
0.255684
0.255684
0.282330
0.282330
0.533602
0.533602
0.216489
0.216489
0.314052
0.314052
0.419749
0.419749
0.213627
0.213627
0.513598
0.513598
0.179368
0.179368
0.307800
0.307800
0.383106
0.383106
0.350587
0.350587
0.298208
0.298208
0.413549
0.413549
0.375344
0.375344
0.174359
0.174359
0.295451
0.295451
0.380690
0.380690
0.601687
0.601687
0.413872
0.413872
0.342583
0.342583
0.299574
0.299574
0.267750
0.267750
0.132007
0.132007
0.277710
0.277710
0.432461
0.432461
0.232287
0.232287
0.441472
0.441472
0.298902
0.298902
0.530514
0.530514
0.195041
0.195041
0.300047
0.300047
0.233003
0.233003
0.399647
0.399647
0.372321
0.372321
0.420988
0.420988
0.232588
0.232588
0.777581
0.777581
0.731774
0.731774
0.371535
0.371535
0.430217
0.430217
0.284836
0.284836
0.281919
0.281919
0.169727
0.169727
0.268069
0.268069
0.117544
0.117544
0.284636
0.284636
0.298027
0.298027
0.269160
0.269160
0.251139
0.251139
0.332074
0.332074
0.253380
0.253380
0.570530
0.570530
0.413722
0.413722
0.147013
0.147013
0.397489
0.397489
0.269997
0.269997
0.305804
0.305804
0.263578
0.263578
0.206330
0.206330
0.317030
0.317030
0.179332
0.179332
0.272310
0.272310
0.388418
0.388418
0.486732
0.486732
0.415536
0.415536
0.214217
0.214217
0.270249
0.270249
0.288779
0.288779
0.366920
0.366920
0.169984
0.169984
0.342232
0.342232
0.362913
0.362913
0.378055
0.378055
0.218428
0.218428
0.314556
0.314556
0.127569
0.127569
0.181529
0.181529
0.198666
0.198666
0.365133
0.365133
0.168970
0.168970
0.111003
0.111003
0.264020
0.264020
0.316755
0.316755
0.111820
0.111820
0.299389
0.299389
0.430682
0.430682
0.189082
0.189082
0.148815
0.148815
0.388884
0.388884
0.194892
0.194892
0.255375
0.255375
0.365201
0.365201
0.504544
0.504544
0.232919
0.232919
0.379445
0.379445
0.203181
0.203181
0.168410
0.168410
0.212068
0.212068
0.282322
0.282322
0.413331
0.413331
0.205169
0.205169
0.102638
0.102638
0.240563
0.240563
0.107230
0.107230
0.218728
0.218728
0.320142
0.320142
0.515889
0.515889
0.288271
0.288271
0.299755
0.299755
0.348775
0.348775
0.360848
0.360848
0.267437
0.267437
0.158811
0.158811
0.443776
0.443776
0.297451
0.297451
0.364329
0.364329
0.290359
0.290359
0.193017
0.193017
0.301127
0.301127
0.196700
0.196700
0.354790
0.354790
0.360046
0.360046
0.338406
0.338406
0.387378
0.387378
0.137218
0.137218
0.294341
0.294341
0.307412
0.307412
0.258238
0.258238
0.308322
0.308322
0.261291
0.261291
0.400138
0.400138
0.420244
0.420244
0.120191
0.120191
0.076727
0.076727
0.428522
0.428522
0.400530
0.400530
0.257087
0.257087
0.230158
0.230158
0.307315
0.307315
0.385618
0.385618
0.519111
0.519111
0.297376
0.297376
0.378839
0.378839
0.340226
0.340226
0.546709
0.546709
0.351643
0.351643
0.151214
0.151214
0.289472
0.289472
0.480633
0.480633
0.189919
0.189919
0.419387
0.419387
0.229334
0.229334
0.360149
0.360149
0.290113
0.290113
0.535140
0.535140
0.351628
0.351628
0.126965
0.126965
0.207062
0.207062
0.245194
0.245194
0.434096
0.434096
0.298143
0.298143
0.415483
0.415483
0.287803
0.287803
0.151951
0.151951
0.101961
0.101961
0.418310
0.418310
0.140216
0.140216
0.180129
0.180129
0.301806
0.301806
0.270014
0.270014
0.399791
0.399791
0.445922
0.445922
0.333562
0.333562
0.333659
0.333659
0.280619
0.280619
0.256587
0.256587
0.296816
0.296816
0.215674
0.215674
0.251540
0.251540
0.212484
0.212484
0.376313
0.376313
0.121917
0.121917
0.187311
0.187311
0.280198
0.280198
0.251298
0.251298
0.413520
0.413520
0.216601
0.216601
0.147620
0.147620
0.382370
0.382370
0.128541
0.128541
0.126969
0.126969
0.141823
0.141823
0.254310
0.254310
0.340710
0.340710
0.370505
0.370505
0.277558
0.277558
0.362999
0.362999
0.263996
0.263996
0.364555
0.364555
0.484693
0.484693
0.246748
0.246748
0.454940
0.454940
0.265012
0.265012
0.278908
0.278908
0.185146
0.185146
0.180332
0.180332
0.339553
0.339553
0.277385
0.277385
0.239992
0.239992
0.168747
0.168747
0.172893
0.172893
0.101867
0.101867
0.256563
0.256563
0.175247
0.175247
0.244763
0.244763
0.270851
0.270851
0.179953
0.179953
0.207596
0.207596
0.231031
0.231031
0.172294
0.172294
0.248715
0.248715
0.344114
0.344114
0.187666
0.187666
0.439632
0.439632
0.260533
0.260533
0.089286
0.089286
0.223527
0.223527
0.169760
0.169760
0.290665
0.290665
0.269963
0.269963
0.356106
0.356106
0.393134
0.393134
0.235044
0.235044
0.100550
0.100550
0.244273
0.244273
0.407070
0.407070
0.137681
0.137681
0.403644
0.403644
0.430563
0.430563
0.406057
0.406057
0.042013
0.042013
0.313371
0.313371
0.316269
0.316269
0.207722
0.207722
0.416952
0.416952
0.616097
0.616097
0.301156
0.301156
0.114602
0.114602
0.104072
0.104072
0.203103
0.203103
0.354106
0.354106
0.462616
0.462616
0.182711
0.182711
0.246871
0.246871
0.447274
0.447274
0.325842
0.325842
0.432202
0.432202
0.191858
0.191858
0.210617
0.210617
0.270811
0.270811
0.175429
0.175429
0.348302
0.348302
0.380150
0.380150
0.364181
0.364181
0.148516
0.148516
0.291353
0.291353
0.256593
0.256593
0.250635
0.250635
0.257390
0.257390
0.247082
0.247082
0.374274
0.374274
0.572101
0.572101
0.309324
0.309324
0.489202
0.489202
0.391762
0.391762
0.337659
0.337659
0.179544
0.179544
0.258536
0.258536
0.368198
0.368198
0.181512
0.181512
0.278320
0.278320
0.252595
0.252595
0.211608
0.211608
0.269373
0.269373
0.215386
0.215386
0.251291
0.251291
0.127945
0.127945
0.355955
0.355955
0.308131
0.308131
0.326872
0.326872
0.171819
0.171819
0.411161
0.411161
0.268832
0.268832
0.129634
0.129634
0.432841
0.432841
0.165515
0.165515
0.314191
0.314191
0.416223
0.416223
0.232895
0.232895
0.156426
0.156426
0.305338
0.305338
0.429384
0.429384
0.330154
0.330154
0.273311
0.273311
0.285935
0.285935
0.386213
0.386213
0.214134
0.214134
0.424503
0.424503
0.207206
0.207206
0.265817
0.265817
0.428181
0.428181
0.330016
0.330016
0.297764
0.297764
0.223779
0.223779
0.212922
0.212922
0.291892
0.291892
0.513551
0.513551
0.304553
0.304553
0.540694
0.540694
0.230141
0.230141
0.232213
0.232213
0.357686
0.357686
0.262283
0.262283
0.167402
0.167402
0.505021
0.505021
0.143778
0.143778
0.180004
0.180004
0.383983
0.383983
0.315902
0.315902
0.327835
0.327835
0.300272
0.300272
0.320574
0.320574
0.490687
0.490687
0.481257
0.481257
0.363213
0.363213
0.412306
0.412306
0.117914
0.117914
0.268891
0.268891
0.396053
0.396053
0.426424
0.426424
0.198621
0.198621
0.319428
0.319428
0.299906
0.299906
0.380755
0.380755
0.249815
0.249815
0.295556
0.295556
0.349366
0.349366
0.365357
0.365357
0.416369
0.416369
0.305992
0.305992
0.227090
0.227090
0.129693
0.129693
0.295534
0.295534
0.007248
0.007248
0.116534
0.116534
0.393535
0.393535
0.360576
0.360576
0.226756
0.226756
0.263201
0.263201
0.142283
0.142283
0.296441
0.296441
0.298567
0.298567
0.310080
0.310080
0.325844
0.325844
0.335314
0.335314
0.268468
0.268468
0.351386
0.351386
0.135981
0.135981
0.124725
0.124725
0.104750
0.104750
0.255077
0.255077
0.350033
0.350033
0.194629
0.194629
0.371374
0.371374
0.225202
0.225202
0.312356
0.312356
0.349488
0.349488
0.474526
0.474526
0.412962
0.412962
0.371189
0.371189
0.343466
0.343466
0.169897
0.169897
0.560162
0.560162
0.256462
0.256462
0.208508
0.208508
0.311350
0.311350
0.223288
0.223288
0.226880
0.226880
0.290078
0.290078
0.190844
0.190844
0.121922
0.121922
0.117488
0.117488
0.065992
0.065992
0.259894
0.259894
0.196805
0.196805
0.273764
0.273764
0.314262
0.314262
0.238017
0.238017
0.287463
0.287463
0.282036
0.282036
0.126011
0.126011
0.588922
0.588922
0.340983
0.340983
0.329220
0.329220
0.176676
0.176676
0.232250
0.232250
0.235419
0.235419
0.169848
0.169848
0.262967
0.262967
0.440096
0.440096
0.210832
0.210832
0.438876
0.438876
0.183019
0.183019
0.477876
0.477876
0.204671
0.204671
0.312458
0.312458
0.253886
0.253886
0.277588
0.277588
0.343399
0.343399
0.199732
0.199732
0.274407
0.274407
0.317080
0.317080
0.503993
0.503993
0.290615
0.290615
0.101329
0.101329
0.515710
0.515710
0.354871
0.354871
0.506786
0.506786
0.543620
0.543620
0.343639
0.343639
0.301844
0.301844
0.494140
0.494140
0.139067
0.139067
0.260262
0.260262
0.289269
0.289269
0.443322
0.443322
0.289852
0.289852
0.285314
0.285314
0.309421
0.309421
0.333019
0.333019
0.628959
0.628959
0.474875
0.474875
0.407074
0.407074
0.212599
0.212599
0.278751
0.278751
0.358159
0.358159
0.220269
0.220269
0.209506
0.209506
0.242540
0.242540
0.403782
0.403782
0.551093
0.551093
0.495675
0.495675
0.130590
0.130590
0.242136
0.242136
0.300845
0.300845
0.281575
0.281575
0.255893
0.255893
0.252507
0.252507
0.265543
0.265543
0.365444
0.365444
0.303717
0.303717
0.242275
0.242275
0.138376
0.138376
0.241739
0.241739
0.158362
0.158362
0.527670
0.527670
0.346869
0.346869
0.312115
0.312115
0.158853
0.158853
0.409032
0.409032
0.206443
0.206443
0.273007
0.273007
0.222968
0.222968
0.360603
0.360603
0.271487
0.271487
0.152473
0.152473
0.155684
0.155684
0.136596
0.136596
0.181893
0.181893
0.116237
0.116237
0.202306
0.202306
0.145598
0.145598
0.254165
0.254165
0.282052
0.282052
0.507518
0.507518
0.292908
0.292908
0.371665
0.371665
0.342239
0.342239
0.252190
0.252190
0.143454
0.143454
0.210660
0.210660
0.214519
0.214519
0.142707
0.142707
0.373664
0.373664
0.201430
0.201430
0.138213
0.138213
0.471594
0.471594
0.191221
0.191221
0.315262
0.315262
0.203161
0.203161
0.364783
0.364783
0.299484
0.299484
0.349222
0.349222
0.394662
0.394662
0.396762
0.396762
0.278596
0.278596
0.260655
0.260655
0.362082
0.362082
0.268431
0.268431
0.198312
0.198312
0.468049
0.468049
0.215222
0.215222
0.135037
0.135037
0.204178
0.204178
0.270072
0.270072
0.265770
0.265770
0.290793
0.290793
0.350436
0.350436
0.444436
0.444436
0.212084
0.212084
0.534537
0.534537
0.289266
0.289266
0.289936
0.289936
0.332365
0.332365
0.350995
0.350995
0.527666
0.527666
0.437859
0.437859
0.354260
0.354260
0.257051
0.257051
0.110478
0.110478
0.192129
0.192129
0.560965
0.560965
0.310074
0.310074
0.369431
0.369431
0.186445
0.186445
0.156911
0.156911
0.193289
0.193289
0.124374
0.124374
0.061484
0.061484
0.225126
0.225126
0.289887
0.289887
0.384480
0.384480
0.257820
0.257820
0.278420
0.278420
0.121144
0.121144
0.549543
0.549543
0.236749
0.236749
0.397306
0.397306
0.254981
0.254981
0.254071
0.254071
0.319437
0.319437
0.457728
0.457728
0.156994
0.156994
0.307099
0.307099
0.467576
0.467576
0.280204
0.280204
0.443049
0.443049
0.363453
0.363453
0.166660
0.166660
0.395049
0.395049
0.171807
0.171807
0.284793
0.284793
0.231809
0.231809
0.075736
0.075736
0.227154
0.227154
0.235201
0.235201
0.380629
0.380629
0.264729
0.264729
0.393103
0.393103
0.271307
0.271307
0.160864
0.160864
0.130855
0.130855
0.423715
0.423715
0.375612
0.375612
0.210845
0.210845
0.189049
0.189049
0.198865
0.198865
0.367819
0.367819
0.415728
0.415728
0.256659
0.256659
0.407525
0.407525
0.186098
0.186098
0.269822
0.269822
0.641959
0.641959
0.457439
0.457439
0.293331
0.293331
0.180290
0.180290
0.049176
0.049176
0.206750
0.206750
0.297307
0.297307
0.206089
0.206089
0.131634
0.131634
0.139379
0.139379
0.396555
0.396555
0.567668
0.567668
0.311411
0.311411
0.181465
0.181465
0.250943
0.250943
0.198881
0.198881
0.181027
0.181027
0.309608
0.309608
0.479173
0.479173
0.274296
0.274296
0.064273
0.064273
0.377551
0.377551
0.282731
0.282731
0.150785
0.150785
0.296124
0.296124
0.164482
0.164482
0.356600
0.356600
0.335431
0.335431
0.107906
0.107906
0.381232
0.381232
0.290918
0.290918
0.169582
0.169582
0.454443
0.454443
0.150332
0.150332
0.276125
0.276125
0.216113
0.216113
0.207522
0.207522
0.360431
0.360431
0.629071
0.629071
0.276465
0.276465
0.409875
0.409875
0.336496
0.336496
0.146157
0.146157
0.224408
0.224408
0.346508
0.346508
0.224796
0.224796
0.197941
0.197941
0.217821
0.217821
0.351533
0.351533
0.293510
0.293510
0.290926
0.290926
0.298109
0.298109
0.345630
0.345630
0.215903
0.215903
0.284863
0.284863
0.424159
0.424159
0.350415
0.350415
0.387449
0.387449
0.305959
0.305959
0.231914
0.231914
0.524840
0.524840
0.256463
0.256463
0.385766
0.385766
0.139222
0.139222
0.310732
0.310732
0.219557
0.219557
0.251329
0.251329
0.187310
0.187310
0.333837
0.333837
0.377069
0.377069
0.384433
0.384433
0.472252
0.472252
0.304472
0.304472
0.171665
0.171665
0.201166
0.201166
0.322517
0.322517
0.330311
0.330311
0.278410
0.278410
0.380640
0.380640
0.267417
0.267417
0.341944
0.341944
0.343577
0.343577
0.238945
0.238945
0.181152
0.181152
0.412908
0.412908
0.412755
0.412755
0.273412
0.273412
0.162754
0.162754
0.637792
0.637792
0.496355
0.496355
0.218221
0.218221
0.376030
0.376030
0.172782
0.172782
0.176141
0.176141
0.182960
0.182960
0.261108
0.261108
0.239362
0.239362
0.386812
0.386812
0.231798
0.231798
0.216945
0.216945
0.128759
0.128759
0.265068
0.265068
0.184130
0.184130
0.079854
0.079854
0.222451
0.222451
0.211975
0.211975
0.321929
0.321929
0.350277
0.350277
0.406351
0.406351
0.186496
0.186496
0.239258
0.239258
0.238848
0.238848
0.269616
0.269616
0.349980
0.349980
0.335469
0.335469
0.232742
0.232742
0.361198
0.361198
0.256509
0.256509
0.353326
0.353326
0.149490
0.149490
0.568202
0.568202
0.388039
0.388039
0.150373
0.150373
0.180910
0.180910
0.272583
0.272583
0.145141
0.145141
0.554453
0.554453
0.348629
0.348629
0.451302
0.451302
0.233189
0.233189
0.168510
0.168510
0.202063
0.202063
0.301843
0.301843
0.180963
0.180963
0.297027
0.297027
0.378542
0.378542
0.324878
0.324878
0.437691
0.437691
0.193646
0.193646
0.534727
0.534727
0.387346
0.387346
0.289134
0.289134
0.256556
0.256556
0.315208
0.315208
0.114590
0.114590
0.429272
0.429272
0.139684
0.139684
0.197165
0.197165
0.367643
0.367643
0.528184
0.528184
0.316632
0.316632
0.351074
0.351074
0.106689
0.106689
0.190750
0.190750
0.299434
0.299434
0.472294
0.472294
0.296405
0.296405
0.276509
0.276509
0.142086
0.142086
0.109724
0.109724
0.133496
0.133496
0.320567
0.320567
0.529934
0.529934
0.354058
0.354058
0.134172
0.134172
0.171930
0.171930
0.322243
0.322243
0.529160
0.529160
0.256575
0.256575
0.243058
0.243058
0.262346
0.262346
0.289730
0.289730
0.226754
0.226754
0.163257
0.163257
0.230478
0.230478
0.253218
0.253218
0.454624
0.454624
0.237205
0.237205
0.317653
0.317653
0.222789
0.222789
0.400487
0.400487
0.375929
0.375929
0.284862
0.284862
0.385278
0.385278
0.431310
0.431310
0.133478
0.133478
0.368211
0.368211
0.335857
0.335857
0.341269
0.341269
0.225141
0.225141
0.351573
0.351573
0.162018
0.162018
0.495881
0.495881
0.186994
0.186994
0.223407
0.223407
0.286009
0.286009
0.223285
0.223285
0.316599
0.316599
0.276579
0.276579
0.392299
0.392299
0.418360
0.418360
0.305327
0.305327
0.308611
0.308611
0.203286
0.203286
0.352692
0.352692
0.393593
0.393593
0.383543
0.383543
0.521042
0.521042
0.259302
0.259302
0.188775
0.188775
0.098949
0.098949
0.391337
0.391337
0.306685
0.306685
0.523596
0.523596
0.290407
0.290407
0.149766
0.149766
0.289963
0.289963
0.240548
0.240548
0.295959
0.295959
0.144027
0.144027
0.136974
0.136974
0.265458
0.265458
0.435440
0.435440
0.191699
0.191699
0.346524
0.346524
0.452038
0.452038
0.315217
0.315217
0.305807
0.305807
0.182469
0.182469
0.514653
0.514653
0.332659
0.332659
0.316271
0.316271
0.141610
0.141610
0.461958
0.461958
0.373953
0.373953
0.090342
0.090342
0.247087
0.247087
0.223795
0.223795
0.023605
0.023605
0.195010
0.195010
0.211645
0.211645
0.310947
0.310947
0.430565
0.430565
0.098744
0.098744
0.135678
0.135678
0.347427
0.347427
0.288105
0.288105
0.351587
0.351587
0.394618
0.394618
0.356140
0.356140
0.213532
0.213532
0.160624
0.160624
0.274517
0.274517
0.328104
0.328104
0.271688
0.271688
0.281950
0.281950
0.408910
0.408910
0.171480
0.171480
0.119289
0.119289
0.207139
0.207139
0.499815
0.499815
0.464396
0.464396
0.223636
0.223636
0.381028
0.381028
0.199529
0.199529
0.196899
0.196899
0.289257
0.289257
0.268239
0.268239
0.279325
0.279325
0.490958
0.490958
0.431827
0.431827
0.513527
0.513527
0.115830
0.115830
0.338417
0.338417
0.143832
0.143832
0.218262
0.218262
0.144316
0.144316
0.319482
0.319482
0.088936
0.088936
0.399914
0.399914
0.369072
0.369072
0.215801
0.215801
0.289588
0.289588
0.139003
0.139003
0.213591
0.213591
0.184528
0.184528
0.288090
0.288090
0.373124
0.373124
0.271552
0.271552
0.245483
0.245483
0.332176
0.332176
0.319612
0.319612
0.251910
0.251910
0.405814
0.405814
0.297440
0.297440
0.364924
0.364924
0.420345
0.420345
0.241673
0.241673
0.432968
0.432968
0.130215
0.130215
0.153841
0.153841
0.235254
0.235254
0.530802
0.530802
0.687776
0.687776
0.332007
0.332007
0.253198
0.253198
0.484671
0.484671
0.454517
0.454517
0.164602
0.164602
0.224051
0.224051
0.329167
0.329167
0.419454
0.419454
0.131999
0.131999
0.344510
0.344510
0.182200
0.182200
0.356982
0.356982
0.237767
0.237767
0.311435
0.311435
0.075267
0.075267
0.151511
0.151511
0.339805
0.339805
0.248831
0.248831
0.341200
0.341200
0.097134
0.097134
0.126820
0.126820
0.175150
0.175150
0.193373
0.193373
0.219820
0.219820
0.167314
0.167314
0.217775
0.217775
0.555238
0.555238
0.389272
0.389272
0.500700
0.500700
0.378218
0.378218
0.398182
0.398182
0.188506
0.188506
0.241912
0.241912
0.233115
0.233115
0.235061
0.235061
0.206826
0.206826
0.114153
0.114153
0.131422
0.131422
0.406928
0.406928
0.134349
0.134349
0.388756
0.388756
0.134408
0.134408
0.296950
0.296950
0.301949
0.301949
0.239880
0.239880
