2.301177
2.301177
2.311929
2.311929
2.289241
2.289241
2.291504
2.291504
2.298363
2.298363
2.331090
2.331090
2.313552
2.313552
2.295145
2.295145
2.310718
2.310718
2.294242
2.294242
2.312650
2.312650
2.290566
2.290566
2.282149
2.282149
2.307173
2.307173
2.281754
2.281754
2.256819
2.256819
2.272271
2.272271
2.285716
2.285716
2.301866
2.301866
2.314953
2.314953
2.252417
2.252417
2.270467
2.270467
2.269942
2.269942
2.257623
2.257623
2.257455
2.257455
2.264246
2.264246
2.257278
2.257278
2.216963
2.216963
2.246241
2.246241
2.259465
2.259465
2.245334
2.245334
2.263222
2.263222
2.233502
2.233502
2.261509
2.261509
2.273257
2.273257
2.282256
2.282256
2.258164
2.258164
2.238346
2.238346
2.248674
2.248674
2.240001
2.240001
2.223269
2.223269
2.248896
2.248896
2.209168
2.209168
2.237088
2.237088
2.195277
2.195277
2.244852
2.244852
2.253162
2.253162
2.245806
2.245806
2.221850
2.221850
2.187594
2.187594
2.198735
2.198735
2.211351
2.211351
2.240587
2.240587
2.216765
2.216765
2.240276
2.240276
2.207881
2.207881
2.189467
2.189467
2.199664
2.199664
2.188862
2.188862
2.214245
2.214245
2.188132
2.188132
2.178400
2.178400
2.155041
2.155041
2.164047
2.164047
2.233210
2.233210
2.156206
2.156206
2.224286
2.224286
2.169301
2.169301
2.165159
2.165159
2.199691
2.199691
2.177821
2.177821
2.136238
2.136238
2.202321
2.202321
2.155472
2.155472
2.163916
2.163916
2.141241
2.141241
2.198311
2.198311
2.146053
2.146053
2.182325
2.182325
2.139151
2.139151
2.065577
2.065577
2.110808
2.110808
2.141753
2.141753
2.135986
2.135986
2.170227
2.170227
2.132735
2.132735
2.140467
2.140467
2.128481
2.128481
2.109018
2.109018
2.114917
2.114917
2.169580
2.169580
2.097100
2.097100
2.113629
2.113629
2.139966
2.139966
2.050346
2.050346
2.105221
2.105221
2.117442
2.117442
2.084537
2.084537
2.081380
2.081380
2.141808
2.141808
2.165577
2.165577
2.102938
2.102938
2.069396
2.069396
2.089203
2.089203
2.019150
2.019150
2.069478
2.069478
2.071356
2.071356
1.984252
1.984252
2.019076
2.019076
1.994246
1.994246
2.033782
2.033782
1.937685
1.937685
1.979906
1.979906
1.943635
1.943635
1.913974
1.913974
2.008008
2.008008
1.920594
1.920594
2.024037
2.024037
1.967863
1.967863
1.985727
1.985727
2.028654
2.028654
1.939538
1.939538
1.936399
1.936399
1.981325
1.981325
1.862288
1.862288
1.868846
1.868846
2.008731
2.008731
1.979108
1.979108
2.021223
2.021223
1.917695
1.917695
1.902941
1.902941
1.919769
1.919769
1.890334
1.890334
1.925263
1.925263
1.865850
1.865850
1.894219
1.894219
1.885910
1.885910
1.866768
1.866768
1.992219
1.992219
1.916238
1.916238
1.800995
1.800995
1.989133
1.989133
1.770342
1.770342
1.810037
1.810037
1.740555
1.740555
1.821145
1.821145
1.886584
1.886584
1.825583
1.825583
1.814491
1.814491
1.825976
1.825976
1.837837
1.837837
1.780044
1.780044
1.737494
1.737494
1.701108
1.701108
1.886603
1.886603
1.617913
1.617913
1.785024
1.785024
1.765872
1.765872
1.719174
1.719174
1.607561
1.607561
1.741989
1.741989
1.603992
1.603992
1.642464
1.642464
1.696694
1.696694
1.732517
1.732517
1.690522
1.690522
1.685126
1.685126
1.583885
1.583885
1.612656
1.612656
1.584924
1.584924
1.719791
1.719791
1.707563
1.707563
1.686095
1.686095
1.581430
1.581430
1.690569
1.690569
1.520663
1.520663
1.593742
1.593742
1.539044
1.539044
1.651439
1.651439
1.553046
1.553046
1.569214
1.569214
1.573776
1.573776
1.538849
1.538849
1.485981
1.485981
1.383199
1.383199
1.747150
1.747150
1.460096
1.460096
1.405399
1.405399
1.472287
1.472287
1.587484
1.587484
1.301668
1.301668
1.388427
1.388427
1.535697
1.535697
1.529716
1.529716
1.413839
1.413839
1.439177
1.439177
1.401692
1.401692
1.233856
1.233856
1.323596
1.323596
1.401556
1.401556
1.408262
1.408262
1.450106
1.450106
1.339193
1.339193
1.415460
1.415460
1.411794
1.411794
1.360041
1.360041
1.423812
1.423812
1.134444
1.134444
1.350564
1.350564
1.404519
1.404519
1.253857
1.253857
1.175901
1.175901
1.224495
1.224495
1.276962
1.276962
1.377360
1.377360
1.282401
1.282401
1.393409
1.393409
1.351256
1.351256
1.338289
1.338289
1.257746
1.257746
1.143009
1.143009
1.289282
1.289282
1.104637
1.104637
1.148791
1.148791
1.045364
1.045364
1.197365
1.197365
1.232883
1.232883
1.365817
1.365817
1.219065
1.219065
0.997599
0.997599
1.249387
1.249387
1.156543
1.156543
1.134901
1.134901
1.264885
1.264885
0.958175
0.958175
1.266304
1.266304
1.092008
1.092008
0.948151
0.948151
1.055609
1.055609
1.065982
1.065982
1.078943
1.078943
0.991479
0.991479
1.054520
1.054520
0.927980
0.927980
0.951506
0.951506
0.879654
0.879654
0.935934
0.935934
1.156474
1.156474
0.861668
0.861668
0.921378
0.921378
1.042949
1.042949
0.928335
0.928335
0.872549
0.872549
1.266417
1.266417
1.092159
1.092159
1.135614
1.135614
0.951032
0.951032
1.115791
1.115791
1.111916
1.111916
0.748451
0.748451
0.733021
0.733021
1.071023
1.071023
0.994022
0.994022
0.846579
0.846579
0.907046
0.907046
0.955788
0.955788
1.000207
1.000207
0.926610
0.926610
0.912894
0.912894
1.121372
1.121372
1.081985
1.081985
0.985409
0.985409
0.986575
0.986575
0.752713
0.752713
1.157495
1.157495
0.713481
0.713481
0.788711
0.788711
0.936864
0.936864
1.105185
1.105185
0.912628
0.912628
0.773833
0.773833
1.000991
1.000991
0.709076
0.709076
1.048696
1.048696
0.862336
0.862336
0.941595
0.941595
0.837892
0.837892
0.866527
0.866527
0.921129
0.921129
0.911229
0.911229
0.769760
0.769760
0.765550
0.765550
0.718355
0.718355
0.797598
0.797598
0.870607
0.870607
0.797871
0.797871
0.692218
0.692218
0.782106
0.782106
1.086618
1.086618
0.799685
0.799685
0.582291
0.582291
0.818710
0.818710
0.959462
0.959462
0.711963
0.711963
0.635333
0.635333
0.853825
0.853825
0.986579
0.986579
0.832859
0.832859
0.809147
0.809147
0.791797
0.791797
0.744524
0.744524
0.830053
0.830053
0.800904
0.800904
0.619571
0.619571
0.682057
0.682057
0.814907
0.814907
0.772003
0.772003
0.711399
0.711399
0.737961
0.737961
0.744307
0.744307
0.951460
0.951460
0.973660
0.973660
0.817724
0.817724
0.779137
0.779137
0.694034
0.694034
0.772848
0.772848
0.721099
0.721099
0.794874
0.794874
1.062256
1.062256
0.877851
0.877851
0.688112
0.688112
0.659837
0.659837
0.663916
0.663916
0.750024
0.750024
0.706535
0.706535
0.683657
0.683657
0.604573
0.604573
0.789814
0.789814
0.543527
0.543527
0.883013
0.883013
0.808089
0.808089
0.659837
0.659837
0.592483
0.592483
0.586664
0.586664
0.490142
0.490142
0.800247
0.800247
0.787549
0.787549
0.554887
0.554887
0.657473
0.657473
0.624472
0.624472
0.626683
0.626683
0.590506
0.590506
0.504647
0.504647
0.791067
0.791067
0.643854
0.643854
0.511373
0.511373
0.881343
0.881343
0.599431
0.599431
0.758865
0.758865
0.471185
0.471185
0.924893
0.924893
0.595504
0.595504
0.689053
0.689053
0.675705
0.675705
0.914729
0.914729
0.686170
0.686170
0.576409
0.576409
0.603526
0.603526
0.648075
0.648075
0.552496
0.552496
0.637779
0.637779
0.837649
0.837649
0.727241
0.727241
0.712342
0.712342
0.648998
0.648998
0.705153
0.705153
0.546590
0.546590
0.767771
0.767771
0.828162
0.828162
0.631867
0.631867
0.636323
0.636323
0.627622
0.627622
0.537267
0.537267
0.517636
0.517636
0.873959
0.873959
0.488923
0.488923
0.495545
0.495545
0.504105
0.504105
0.341674
0.341674
0.599804
0.599804
0.838410
0.838410
0.597668
0.597668
0.722405
0.722405
0.604873
0.604873
0.777829
0.777829
0.451160
0.451160
0.582215
0.582215
0.647097
0.647097
0.678879
0.678879
0.538596
0.538596
0.792465
0.792465
0.701118
0.701118
0.742823
0.742823
0.483609
0.483609
0.616618
0.616618
0.545207
0.545207
0.435531
0.435531
0.649718
0.649718
0.556553
0.556553
0.514394
0.514394
0.588143
0.588143
0.479874
0.479874
0.548774
0.548774
0.403497
0.403497
0.575437
0.575437
0.295921
0.295921
0.682102
0.682102
0.411297
0.411297
0.621661
0.621661
0.740568
0.740568
1.031025
1.031025
0.732733
0.732733
0.725030
0.725030
0.488558
0.488558
0.533390
0.533390
0.681831
0.681831
0.439854
0.439854
0.579788
0.579788
0.580586
0.580586
0.706803
0.706803
0.656015
0.656015
0.448483
0.448483
0.504555
0.504555
0.590146
0.590146
0.533223
0.533223
0.758301
0.758301
0.446919
0.446919
0.687411
0.687411
0.729270
0.729270
0.464761
0.464761
0.558301
0.558301
0.702886
0.702886
0.440346
0.440346
0.490760
0.490760
0.661439
0.661439
0.477249
0.477249
0.676900
0.676900
0.416928
0.416928
0.380954
0.380954
0.455166
0.455166
0.657685
0.657685
0.225164
0.225164
1.063080
1.063080
0.634533
0.634533
0.558018
0.558018
0.330790
0.330790
0.404458
0.404458
0.275380
0.275380
0.612033
0.612033
0.418946
0.418946
0.439815
0.439815
0.569411
0.569411
0.426783
0.426783
0.705181
0.705181
0.609963
0.609963
0.425550
0.425550
0.460083
0.460083
0.463139
0.463139
0.301840
0.301840
0.610389
0.610389
0.610406
0.610406
0.494676
0.494676
0.632907
0.632907
0.409405
0.409405
0.447852
0.447852
0.904343
0.904343
0.724395
0.724395
0.798853
0.798853
0.525849
0.525849
0.379307
0.379307
0.483950
0.483950
0.617386
0.617386
0.437407
0.437407
0.517944
0.517944
0.740699
0.740699
0.341390
0.341390
0.407502
0.407502
0.569928
0.569928
0.614325
0.614325
0.292999
0.292999
0.411581
0.411581
0.446518
0.446518
0.395590
0.395590
0.359246
0.359246
0.505501
0.505501
0.599345
0.599345
0.688275
0.688275
0.551122
0.551122
0.609184
0.609184
0.587543
0.587543
0.404578
0.404578
0.593983
0.593983
0.448212
0.448212
0.463462
0.463462
0.451190
0.451190
0.478203
0.478203
0.389751
0.389751
0.688877
0.688877
0.699351
0.699351
0.367900
0.367900
0.399677
0.399677
0.392387
0.392387
0.471654
0.471654
0.539484
0.539484
0.289270
0.289270
0.640294
0.640294
0.411349
0.411349
0.540575
0.540575
0.534460
0.534460
0.486775
0.486775
0.574777
0.574777
0.566187
0.566187
0.693964
0.693964
0.425463
0.425463
0.536473
0.536473
0.763377
0.763377
0.422628
0.422628
0.525004
0.525004
0.425441
0.425441
0.397508
0.397508
0.291354
0.291354
0.322926
0.322926
0.364294
0.364294
0.616351
0.616351
0.414279
0.414279
0.986099
0.986099
0.434984
0.434984
0.472546
0.472546
0.486507
0.486507
0.234426
0.234426
0.397683
0.397683
0.431936
0.431936
0.649260
0.649260
0.330468
0.330468
0.359602
0.359602
0.499558
0.499558
0.467277
0.467277
0.402744
0.402744
0.756006
0.756006
0.347146
0.347146
0.731576
0.731576
0.453253
0.453253
0.545550
0.545550
0.410843
0.410843
0.349852
0.349852
0.427732
0.427732
0.473703
0.473703
0.663709
0.663709
0.361277
0.361277
0.331710
0.331710
0.831586
0.831586
0.482500
0.482500
0.508070
0.508070
0.602476
0.602476
0.466733
0.466733
0.729989
0.729989
0.539352
0.539352
0.602965
0.602965
0.640757
0.640757
0.361902
0.361902
0.524334
0.524334
0.501308
0.501308
0.563353
0.563353
0.435064
0.435064
0.551918
0.551918
0.511558
0.511558
0.481199
0.481199
0.447370
0.447370
0.384275
0.384275
0.601195
0.601195
0.408190
0.408190
0.692691
0.692691
0.405331
0.405331
0.567268
0.567268
0.430270
0.430270
0.493091
0.493091
0.363844
0.363844
0.324686
0.324686
0.316205
0.316205
0.513667
0.513667
0.350346
0.350346
0.420410
0.420410
0.534342
0.534342
0.345603
0.345603
0.803799
0.803799
0.362474
0.362474
0.559214
0.559214
0.362876
0.362876
0.682000
0.682000
0.338605
0.338605
0.532680
0.532680
0.576724
0.576724
0.322299
0.322299
0.623638
0.623638
0.384469
0.384469
0.558320
0.558320
0.333626
0.333626
0.390929
0.390929
0.739615
0.739615
0.309709
0.309709
0.375043
0.375043
0.355166
0.355166
0.299284
0.299284
0.432210
0.432210
0.382008
0.382008
0.424166
0.424166
0.599087
0.599087
0.265416
0.265416
0.430418
0.430418
0.399479
0.399479
0.386506
0.386506
0.354248
0.354248
0.551682
0.551682
0.566822
0.566822
0.456740
0.456740
0.502978
0.502978
0.451616
0.451616
0.502279
0.502279
0.487243
0.487243
0.579295
0.579295
0.325442
0.325442
0.442445
0.442445
0.383582
0.383582
0.197821
0.197821
0.330290
0.330290
0.382934
0.382934
0.443469
0.443469
0.204708
0.204708
0.418366
0.418366
0.444425
0.444425
0.440425
0.440425
0.538570
0.538570
0.388252
0.388252
0.711826
0.711826
0.456463
0.456463
0.373279
0.373279
0.377953
0.377953
0.352093
0.352093
0.339479
0.339479
0.307731
0.307731
0.259353
0.259353
0.426724
0.426724
0.409344
0.409344
0.469113
0.469113
0.603066
0.603066
0.426750
0.426750
0.481009
0.481009
0.544408
0.544408
0.499822
0.499822
0.487738
0.487738
0.505208
0.505208
0.366579
0.366579
0.610260
0.610260
0.380984
0.380984
0.406945
0.406945
0.634531
0.634531
0.385326
0.385326
0.572861
0.572861
0.677621
0.677621
0.422779
0.422779
0.469270
0.469270
0.535924
0.535924
0.674761
0.674761
0.340256
0.340256
0.311264
0.311264
0.707211
0.707211
0.410345
0.410345
0.393359
0.393359
0.228701
0.228701
0.398062
0.398062
0.254521
0.254521
0.648329
0.648329
0.463936
0.463936
0.401699
0.401699
0.555034
0.555034
0.553181
0.553181
0.679626
0.679626
0.611704
0.611704
0.502422
0.502422
0.428942
0.428942
0.585148
0.585148
0.315269
0.315269
0.459854
0.459854
0.638850
0.638850
0.675387
0.675387
0.416589
0.416589
0.254769
0.254769
0.218979
0.218979
0.341376
0.341376
0.640639
0.640639
0.440478
0.440478
0.275407
0.275407
0.286157
0.286157
0.483380
0.483380
0.420999
0.420999
0.709716
0.709716
0.205604
0.205604
0.597966
0.597966
0.518387
0.518387
0.530204
0.530204
0.384451
0.384451
0.547139
0.547139
0.660446
0.660446
0.365761
0.365761
0.447870
0.447870
0.184214
0.184214
0.459786
0.459786
0.318373
0.318373
0.283568
0.283568
0.298962
0.298962
0.476302
0.476302
0.346482
0.346482
0.507174
0.507174
0.312184
0.312184
0.598862
0.598862
0.732558
0.732558
0.450205
0.450205
0.290658
0.290658
0.276007
0.276007
0.305009
0.305009
0.398921
0.398921
0.530893
0.530893
0.471710
0.471710
0.405717
0.405717
0.466326
0.466326
0.591327
0.591327
0.346641
0.346641
0.345741
0.345741
0.859049
0.859049
0.278704
0.278704
0.232018
0.232018
0.601578
0.601578
0.278588
0.278588
0.341819
0.341819
0.378797
0.378797
0.209400
0.209400
0.227607
0.227607
0.186119
0.186119
0.521363
0.521363
0.456866
0.456866
0.591474
0.591474
0.739264
0.739264
0.261302
0.261302
0.326744
0.326744
0.457524
0.457524
0.281473
0.281473
0.370549
0.370549
0.442922
0.442922
0.484654
0.484654
0.385462
0.385462
0.452694
0.452694
0.339729
0.339729
0.620836
0.620836
0.523603
0.523603
0.865719
0.865719
0.597049
0.597049
0.528393
0.528393
0.572316
0.572316
0.267279
0.267279
0.202458
0.202458
0.239946
0.239946
0.333347
0.333347
0.246424
0.246424
0.314711
0.314711
0.426722
0.426722
0.437936
0.437936
0.161626
0.161626
0.389251
0.389251
0.382329
0.382329
0.365948
0.365948
0.436419
0.436419
0.321451
0.321451
0.378495
0.378495
0.472907
0.472907
0.188848
0.188848
0.152637
0.152637
0.514801
0.514801
0.515678
0.515678
0.264555
0.264555
0.572422
0.572422
0.132647
0.132647
0.335531
0.335531
0.519675
0.519675
0.276875
0.276875
0.453933
0.453933
0.225401
0.225401
0.159698
0.159698
0.363716
0.363716
0.623040
0.623040
0.343713
0.343713
0.400305
0.400305
0.297521
0.297521
0.781416
0.781416
0.421082
0.421082
0.239552
0.239552
0.427988
0.427988
0.251928
0.251928
0.224511
0.224511
0.330585
0.330585
0.535808
0.535808
0.266783
0.266783
0.268432
0.268432
0.458454
0.458454
0.189578
0.189578
0.583134
0.583134
0.493172
0.493172
0.685101
0.685101
0.339016
0.339016
0.391058
0.391058
0.333140
0.333140
0.240928
0.240928
0.529068
0.529068
0.366574
0.366574
0.453424
0.453424
0.292797
0.292797
0.372916
0.372916
0.549176
0.549176
0.481249
0.481249
0.324036
0.324036
0.400558
0.400558
0.288943
0.288943
0.340907
0.340907
0.668038
0.668038
0.509581
0.509581
0.499764
0.499764
0.434695
0.434695
0.176153
0.176153
0.378886
0.378886
0.200923
0.200923
0.543201
0.543201
0.197482
0.197482
0.313457
0.313457
0.392601
0.392601
0.735537
0.735537
0.339648
0.339648
0.482213
0.482213
0.528743
0.528743
0.394708
0.394708
0.282001
0.282001
0.343242
0.343242
0.373875
0.373875
0.762667
0.762667
0.357071
0.357071
0.579131
0.579131
0.244281
0.244281
0.485075
0.485075
0.353888
0.353888
0.509633
0.509633
0.294579
0.294579
0.192669
0.192669
0.714951
0.714951
0.315016
0.315016
0.330065
0.330065
0.732551
0.732551
0.245489
0.245489
0.493019
0.493019
0.375857
0.375857
0.483333
0.483333
0.719024
0.719024
0.423109
0.423109
0.281465
0.281465
0.408812
0.408812
0.278245
0.278245
0.398733
0.398733
0.250741
0.250741
0.498236
0.498236
0.291120
0.291120
0.435506
0.435506
0.342097
0.342097
0.589509
0.589509
0.484368
0.484368
0.356359
0.356359
0.447474
0.447474
0.464401
0.464401
0.489979
0.489979
0.386033
0.386033
0.239979
0.239979
0.367216
0.367216
0.403885
0.403885
0.457414
0.457414
0.449780
0.449780
0.287256
0.287256
0.248993
0.248993
0.447632
0.447632
0.498582
0.498582
0.329114
0.329114
0.358046
0.358046
0.240833
0.240833
0.596519
0.596519
0.485201
0.485201
0.555256
0.555256
0.453192
0.453192
0.260320
0.260320
0.620691
0.620691
0.326460
0.326460
0.350644
0.350644
0.336659
0.336659
0.555838
0.555838
0.355479
0.355479
0.245561
0.245561
0.206313
0.206313
0.392410
0.392410
0.380496
0.380496
0.507452
0.507452
0.352731
0.352731
0.197997
0.197997
0.353851
0.353851
0.539279
0.539279
0.550320
0.550320
0.437974
0.437974
0.378077
0.378077
0.238166
0.238166
0.292542
0.292542
0.519986
0.519986
0.586871
0.586871
0.406549
0.406549
0.387144
0.387144
0.624927
0.624927
0.431534
0.431534
0.362947
0.362947
0.412673
0.412673
0.204887
0.204887
0.167126
0.167126
0.514524
0.514524
0.394120
0.394120
0.604452
0.604452
0.291362
0.291362
0.471418
0.471418
0.495315
0.495315
0.480213
0.480213
0.371940
0.371940
0.154233
0.154233
0.405714
0.405714
0.373894
0.373894
0.444680
0.444680
0.303810
0.303810
0.537257
0.537257
0.882708
0.882708
0.293291
0.293291
0.560361
0.560361
0.454927
0.454927
0.316932
0.316932
0.484237
0.484237
0.151874
0.151874
0.324955
0.324955
0.339149
0.339149
0.308733
0.308733
0.336757
0.336757
0.354452
0.354452
0.423542
0.423542
0.446503
0.446503
0.195755
0.195755
0.213856
0.213856
0.397787
0.397787
0.350840
0.350840
0.581045
0.581045
0.243694
0.243694
0.298475
0.298475
0.466862
0.466862
0.262706
0.262706
0.348726
0.348726
0.206716
0.206716
0.605455
0.605455
0.514636
0.514636
0.261462
0.261462
0.442003
0.442003
0.775929
0.775929
0.417930
0.417930
0.760862
0.760862
0.628407
0.628407
0.307675
0.307675
0.316663
0.316663
0.252148
0.252148
0.351904
0.351904
0.325899
0.325899
0.259811
0.259811
0.307624
0.307624
0.250272
0.250272
0.237340
0.237340
0.153774
0.153774
0.511291
0.511291
0.533216
0.533216
0.178209
0.178209
0.377698
0.377698
0.273734
0.273734
0.251046
0.251046
0.203452
0.203452
0.470390
0.470390
0.539279
0.539279
0.577885
0.577885
0.314962
0.314962
0.233577
0.233577
0.253387
0.253387
0.394976
0.394976
0.719764
0.719764
0.326382
0.326382
0.371405
0.371405
0.198108
0.198108
0.299571
0.299571
0.496296
0.496296
0.503085
0.503085
0.452930
0.452930
0.320940
0.320940
0.577661
0.577661
0.400362
0.400362
0.445832
0.445832
0.418532
0.418532
0.750830
0.750830
0.140394
0.140394
0.437668
0.437668
0.458441
0.458441
0.358874
0.358874
0.345043
0.345043
0.598178
0.598178
0.289309
0.289309
0.272514
0.272514
0.131639
0.131639
0.428922
0.428922
0.259409
0.259409
0.079577
0.079577
0.264112
0.264112
0.350215
0.350215
0.239337
0.239337
0.487893
0.487893
0.350652
0.350652
0.536706
0.536706
0.389472
0.389472
0.179144
0.179144
0.227480
0.227480
0.401797
0.401797
0.262871
0.262871
0.510054
0.510054
0.343078
0.343078
0.340293
0.340293
0.157728
0.157728
0.360048
0.360048
0.275127
0.275127
0.365298
0.365298
0.269813
0.269813
0.303136
0.303136
0.249936
0.249936
0.217150
0.217150
0.501413
0.501413
0.530489
0.530489
0.185982
0.185982
0.347465
0.347465
0.382126
0.382126
0.189968
0.189968
0.600301
0.600301
0.204087
0.204087
0.402841
0.402841
0.402495
0.402495
0.211098
0.211098
0.136656
0.136656
0.156857
0.156857
0.347910
0.347910
0.303408
0.303408
0.440499
0.440499
0.439316
0.439316
0.169024
0.169024
0.251373
0.251373
0.098235
0.098235
0.467986
0.467986
0.217013
0.217013
0.481601
0.481601
0.315541
0.315541
0.694609
0.694609
0.398519
0.398519
0.433721
0.433721
0.628047
0.628047
0.240283
0.240283
0.426691
0.426691
0.610480
0.610480
0.549666
0.549666
0.477496
0.477496
0.407436
0.407436
0.433131
0.433131
0.206339
0.206339
0.445326
0.445326
0.369434
0.369434
0.610385
0.610385
0.340497
0.340497
0.809625
0.809625
0.357681
0.357681
0.278824
0.278824
0.234582
0.234582
0.344664
0.344664
0.300029
0.300029
0.501437
0.501437
0.255958
0.255958
0.323590
0.323590
0.242063
0.242063
0.225651
0.225651
0.376619
0.376619
0.261321
0.261321
0.267345
0.267345
0.310954
0.310954
0.326339
0.326339
0.170734
0.170734
0.508918
0.508918
0.637087
0.637087
0.138766
0.138766
0.213511
0.213511
0.408068
0.408068
0.284662
0.284662
0.177274
0.177274
0.468478
0.468478
0.623516
0.623516
0.300701
0.300701
0.129796
0.129796
0.246449
0.246449
0.236663
0.236663
0.448181
0.448181
0.320259
0.320259
0.288762
0.288762
0.524845
0.524845
0.560130
0.560130
0.356291
0.356291
0.415125
0.415125
0.785104
0.785104
0.347252
0.347252
0.460522
0.460522
0.129378
0.129378
0.517815
0.517815
0.228476
0.228476
0.301896
0.301896
0.530540
0.530540
0.269483
0.269483
0.282436
0.282436
0.328489
0.328489
0.561609
0.561609
0.404805
0.404805
0.446202
0.446202
0.369877
0.369877
0.213699
0.213699
0.246802
0.246802
0.265731
0.265731
0.311266
0.311266
0.163049
0.163049
0.210508
0.210508
0.271374
0.271374
0.509895
0.509895
0.205963
0.205963
0.185303
0.185303
0.543134
0.543134
0.379382
0.379382
0.581090
0.581090
0.325410
0.325410
0.317823
0.317823
0.469450
0.469450
0.321544
0.321544
0.201488
0.201488
0.294609
0.294609
0.452520
0.452520
0.244722
0.244722
0.425169
0.425169
0.330869
0.330869
0.520914
0.520914
0.422637
0.422637
0.405294
0.405294
0.349842
0.349842
0.384283
0.384283
0.169712
0.169712
0.336756
0.336756
0.341300
0.341300
0.439217
0.439217
0.449581
0.449581
0.153225
0.153225
0.248260
0.248260
0.258979
0.258979
0.738824
0.738824
0.227957
0.227957
0.507960
0.507960
0.382119
0.382119
0.366255
0.366255
0.443807
0.443807
0.173295
0.173295
0.491750
0.491750
0.485623
0.485623
0.314834
0.314834
0.204448
0.204448
0.274102
0.274102
0.212906
0.212906
0.644691
0.644691
0.346117
0.346117
0.503721
0.503721
0.363790
0.363790
0.685512
0.685512
0.296703
0.296703
0.508179
0.508179
0.471247
0.471247
0.433115
0.433115
0.450585
0.450585
0.517390
0.517390
0.241943
0.241943
0.216352
0.216352
0.257629
0.257629
0.250017
0.250017
0.392522
0.392522
0.264627
0.264627
0.445524
0.445524
0.552521
0.552521
0.333431
0.333431
0.210327
0.210327
0.695063
0.695063
0.498109
0.498109
0.431485
0.431485
0.169936
0.169936
0.509148
0.509148
0.294731
0.294731
0.372730
0.372730
0.141457
0.141457
0.548673
0.548673
0.219787
0.219787
0.562900
0.562900
0.119150
0.119150
0.594623
0.594623
0.289321
0.289321
0.207801
0.207801
0.355702
0.355702
0.396264
0.396264
0.151111
0.151111
0.343453
0.343453
0.411690
0.411690
0.449130
0.449130
0.581040
0.581040
0.706112
0.706112
0.254760
0.254760
0.340466
0.340466
0.412914
0.412914
0.202299
0.202299
0.382417
0.382417
0.473703
0.473703
0.426098
0.426098
0.427285
0.427285
0.469068
0.469068
0.307649
0.307649
0.435719
0.435719
0.184640
0.184640
0.164198
0.164198
0.572838
0.572838
0.128166
0.128166
0.176941
0.176941
0.423627
0.423627
0.620152
0.620152
0.346973
0.346973
0.385153
0.385153
0.186826
0.186826
0.229348
0.229348
0.366036
0.366036
0.270790
0.270790
0.220762
0.220762
0.305093
0.305093
0.165915
0.165915
0.250741
0.250741
0.250923
0.250923
0.130524
0.130524
0.143878
0.143878
0.322644
0.322644
0.411554
0.411554
0.339801
0.339801
0.382588
0.382588
0.350102
0.350102
0.224273
0.224273
0.356259
0.356259
0.351231
0.351231
0.101089
0.101089
0.361808
0.361808
0.149904
0.149904
0.496608
0.496608
0.215264
0.215264
0.125054
0.125054
0.427905
0.427905
0.367134
0.367134
0.409926
0.409926
0.559903
0.559903
0.234956
0.234956
0.408672
0.408672
0.330563
0.330563
0.366342
0.366342
0.769317
0.769317
0.182365
0.182365
0.439652
0.439652
0.624695
0.624695
0.567580
0.567580
0.217616
0.217616
0.524626
0.524626
0.262531
0.262531
0.123391
0.123391
0.308350
0.308350
0.139979
0.139979
0.713322
0.713322
0.281990
0.281990
0.279562
0.279562
0.327530
0.327530
0.226311
0.226311
0.299265
0.299265
0.201054
0.201054
0.363902
0.363902
0.470710
0.470710
0.490569
0.490569
0.302555
0.302555
0.238377
0.238377
0.500885
0.500885
0.250673
0.250673
0.470531
0.470531
0.356686
0.356686
0.424931
0.424931
0.227693
0.227693
0.456926
0.456926
0.261585
0.261585
0.322041
0.322041
0.603995
0.603995
0.113306
0.113306
0.217557
0.217557
0.308497
0.308497
0.438734
0.438734
0.639128
0.639128
0.257996
0.257996
0.115224
0.115224
0.224676
0.224676
0.229915
0.229915
0.507075
0.507075
0.280171
0.280171
0.593849
0.593849
0.323568
0.323568
0.327724
0.327724
0.135627
0.135627
0.444402
0.444402
0.291057
0.291057
0.451090
0.451090
0.375421
0.375421
0.147420
0.147420
0.627108
0.627108
0.361112
0.361112
0.152776
0.152776
0.556375
0.556375
0.388867
0.388867
0.311641
0.311641
0.375458
0.375458
0.747317
0.747317
0.251885
0.251885
0.171231
0.171231
0.273733
0.273733
0.412309
0.412309
0.337337
0.337337
0.579229
0.579229
0.409636
0.409636
0.716944
0.716944
0.311489
0.311489
0.283328
0.283328
0.243672
0.243672
0.364018
0.364018
0.301268
0.301268
0.366076
0.366076
0.229941
0.229941
0.339494
0.339494
0.219234
0.219234
0.544872
0.544872
0.239744
0.239744
0.347347
0.347347
0.560100
0.560100
0.504717
0.504717
0.303582
0.303582
0.170908
0.170908
0.381081
0.381081
0.237233
0.237233
0.411712
0.411712
0.317654
0.317654
0.393669
0.393669
0.305810
0.305810
0.493528
0.493528
0.423703
0.423703
0.415477
0.415477
0.406730
0.406730
0.499267
0.499267
0.226838
0.226838
0.211490
0.211490
0.156489
0.156489
0.409517
0.409517
0.323807
0.323807
0.609562
0.609562
0.496771
0.496771
0.320177
0.320177
0.337899
0.337899
0.345734
0.345734
0.500008
0.500008
0.405949
0.405949
0.364038
0.364038
0.085680
0.085680
0.416354
0.416354
0.420196
0.420196
0.291096
0.291096
0.249371
0.249371
0.247395
0.247395
0.398627
0.398627
0.347627
0.347627
0.629615
0.629615
0.449687
0.449687
0.193159
0.193159
0.293268
0.293268
0.234382
0.234382
0.132189
0.132189
0.312043
0.312043
0.370730
0.370730
0.167378
0.167378
0.570580
0.570580
0.419982
0.419982
0.308394
0.308394
0.193503
0.193503
0.421579
0.421579
0.292689
0.292689
0.188856
0.188856
0.135504
0.135504
0.184366
0.184366
0.565942
0.565942
0.313246
0.313246
0.343784
0.343784
0.592183
0.592183
0.351660
0.351660
0.570396
0.570396
0.244572
0.244572
0.452840
0.452840
0.131700
0.131700
0.544254
0.544254
0.380747
0.380747
0.300916
0.300916
0.337462
0.337462
0.263251
0.263251
0.343951
0.343951
0.229362
0.229362
0.133175
0.133175
0.165354
0.165354
0.334865
0.334865
0.157303
0.157303
0.336810
0.336810
0.513044
0.513044
0.157937
0.157937
0.421556
0.421556
0.576822
0.576822
0.349685
0.349685
0.193942
0.193942
0.502872
0.502872
0.361589
0.361589
0.308826
0.308826
0.193842
0.193842
0.271578
0.271578
0.126202
0.126202
0.234723
0.234723
0.308995
0.308995
0.445803
0.445803
0.338524
0.338524
0.355856
0.355856
0.378952
0.378952
0.258922
0.258922
0.665635
0.665635
0.266572
0.266572
0.411822
0.411822
0.332537
0.332537
0.339038
0.339038
0.357613
0.357613
0.288375
0.288375
0.142813
0.142813
0.578642
0.578642
0.227800
0.227800
0.484529
0.484529
0.304306
0.304306
0.332180
0.332180
0.422226
0.422226
0.121460
0.121460
0.406175
0.406175
0.250754
0.250754
0.479743
0.479743
0.396383
0.396383
0.291125
0.291125
0.369218
0.369218
0.180512
0.180512
0.157097
0.157097
0.305197
0.305197
0.124869
0.124869
0.226747
0.226747
0.437331
0.437331
0.447765
0.447765
0.237602
0.237602
0.417548
0.417548
0.254946
0.254946
0.128964
0.128964
0.258756
0.258756
0.275824
0.275824
0.271123
0.271123
0.679783
0.679783
0.163326
0.163326
0.331066
0.331066
0.367171
0.367171
0.293103
0.293103
0.279867
0.279867
0.138504
0.138504
0.529449
0.529449
0.546044
0.546044
0.528406
0.528406
0.268460
0.268460
0.140229
0.140229
0.126275
0.126275
0.271258
0.271258
0.522036
0.522036
0.480646
0.480646
0.225780
0.225780
0.262092
0.262092
0.325431
0.325431
0.137093
0.137093
0.622932
0.622932
0.617496
0.617496
0.677647
0.677647
0.529434
0.529434
0.457765
0.457765
0.152908
0.152908
0.302959
0.302959
0.306868
0.306868
0.603751
0.603751
0.398307
0.398307
0.311885
0.311885
0.544049
0.544049
0.276167
0.276167
0.535306
0.535306
0.453000
0.453000
0.377069
0.377069
0.441404
0.441404
0.707527
0.707527
0.168050
0.168050
0.284777
0.284777
0.146522
0.146522
0.376296
0.376296
0.311006
0.311006
0.229145
0.229145
0.167598
0.167598
0.174676
0.174676
0.475771
0.475771
0.207262
0.207262
0.599411
0.599411
0.274010
0.274010
0.252761
0.252761
0.329859
0.329859
0.177205
0.177205
0.289138
0.289138
0.301915
0.301915
0.219650
0.219650
0.244760
0.244760
0.545358
0.545358
0.468462
0.468462
0.376619
0.376619
0.145334
0.145334
0.178764
0.178764
0.149221
0.149221
0.476218
0.476218
0.282689
0.282689
0.499723
0.499723
0.103739
0.103739
0.155518
0.155518
0.364033
0.364033
0.408437
0.408437
0.218938
0.218938
0.182145
0.182145
0.121604
0.121604
0.622090
0.622090
0.336532
0.336532
0.107750
0.107750
0.275694
0.275694
0.248983
0.248983
0.223045
0.223045
0.291862
0.291862
0.636535
0.636535
0.520156
0.520156
0.204898
0.204898
0.266781
0.266781
0.255973
0.255973
0.395669
0.395669
0.507346
0.507346
0.283159
0.283159
0.339612
0.339612
0.798028
0.798028
0.307805
0.307805
0.186267
0.186267
0.196795
0.196795
0.559081
0.559081
0.255746
0.255746
0.276228
0.276228
0.535275
0.535275
0.229539
0.229539
0.229920
0.229920
0.371482
0.371482
0.224186
0.224186
0.453002
0.453002
0.116317
0.116317
0.312309
0.312309
0.403428
0.403428
0.137986
0.137986
0.342445
0.342445
0.316163
0.316163
0.264137
0.264137
0.196752
0.196752
0.123786
0.123786
0.144055
0.144055
0.227017
0.227017
0.261173
0.261173
0.311285
0.311285
0.186504
0.186504
0.260541
0.260541
0.300447
0.300447
0.392727
0.392727
0.493995
0.493995
0.240505
0.240505
0.337765
0.337765
0.153497
0.153497
0.673101
0.673101
0.631622
0.631622
0.230485
0.230485
0.210872
0.210872
0.443989
0.443989
0.177196
0.177196
0.557898
0.557898
0.406063
0.406063
0.397768
0.397768
0.235836
0.235836
0.165733
0.165733
0.342245
0.342245
0.211950
0.211950
0.577995
0.577995
0.127940
0.127940
0.273798
0.273798
0.246158
0.246158
0.441457
0.441457
0.132693
0.132693
0.629560
0.629560
0.127579
0.127579
0.187539
0.187539
0.124962
0.124962
0.382622
0.382622
0.461289
0.461289
0.160528
0.160528
0.240930
0.240930
0.235075
0.235075
0.262646
0.262646
0.204283
0.204283
0.448919
0.448919
0.710270
0.710270
0.291857
0.291857
0.322040
0.322040
0.403155
0.403155
0.467030
0.467030
0.159926
0.159926
0.183563
0.183563
0.228771
0.228771
0.628375
0.628375
0.162735
0.162735
0.246801
0.246801
0.182644
0.182644
0.444187
0.444187
0.427549
0.427549
0.665576
0.665576
0.212612
0.212612
0.440509
0.440509
0.347009
0.347009
0.220788
0.220788
0.520116
0.520116
0.204134
0.204134
0.232216
0.232216
0.418929
0.418929
0.339379
0.339379
0.392476
0.392476
0.162222
0.162222
0.596932
0.596932
0.402153
0.402153
0.420019
0.420019
0.182272
0.182272
0.460595
0.460595
0.144687
0.144687
0.221827
0.221827
0.077311
0.077311
0.177051
0.177051
0.438428
0.438428
0.932689
0.932689
0.376906
0.376906
0.416694
0.416694
0.385613
0.385613
0.238966
0.238966
0.379663
0.379663
0.168377
0.168377
0.315784
0.315784
0.245804
0.245804
0.230175
0.230175
0.268834
0.268834
0.246875
0.246875
0.276763
0.276763
0.237763
0.237763
0.195885
0.195885
0.473502
0.473502
0.530456
0.530456
0.244323
0.244323
0.359724
0.359724
0.488670
0.488670
0.186214
0.186214
0.545527
0.545527
0.536344
0.536344
0.364205
0.364205
0.176108
0.176108
0.330972
0.330972
0.187444
0.187444
0.154923
0.154923
0.313869
0.313869
0.267757
0.267757
0.161215
0.161215
0.304046
0.304046
0.309652
0.309652
0.385089
0.385089
0.249995
0.249995
0.474525
0.474525
0.293971
0.293971
0.329509
0.329509
0.426433
0.426433
0.499577
0.499577
0.291688
0.291688
0.360804
0.360804
0.167552
0.167552
0.242447
0.242447
0.293699
0.293699
0.207123
0.207123
0.448440
0.448440
0.213175
0.213175
0.265322
0.265322
0.563791
0.563791
0.334591
0.334591
0.240728
0.240728
0.726699
0.726699
0.429902
0.429902
0.429162
0.429162
0.187520
0.187520
0.215594
0.215594
0.669490
0.669490
0.248220
0.248220
0.234473
0.234473
0.326861
0.326861
0.866374
0.866374
0.281412
0.281412
0.267655
0.267655
0.551519
0.551519
0.429397
0.429397
0.189686
0.189686
0.143907
0.143907
0.209076
0.209076
0.238306
0.238306
0.230956
0.230956
0.280334
0.280334
0.235684
0.235684
0.257588
0.257588
0.616459
0.616459
0.193559
0.193559
0.127877
0.127877
0.284087
0.284087
0.138123
0.138123
0.243498
0.243498
0.281384
0.281384
0.394992
0.394992
0.243154
0.243154
0.180198
0.180198
0.309656
0.309656
0.392724
0.392724
0.372020
0.372020
0.499656
0.499656
0.350748
0.350748
0.210758
0.210758
0.182721
0.182721
0.315907
0.315907
0.442439
0.442439
0.320255
0.320255
0.196789
0.196789
0.162741
0.162741
0.192176
0.192176
0.435918
0.435918
0.256182
0.256182
0.385595
0.385595
0.102722
0.102722
0.270889
0.270889
0.378873
0.378873
0.214560
0.214560
0.248450
0.248450
0.166057
0.166057
0.243370
0.243370
0.311076
0.311076
0.105667
0.105667
0.120224
0.120224
0.183906
0.183906
0.255616
0.255616
0.671732
0.671732
0.115632
0.115632
0.205848
0.205848
0.205746
0.205746
0.129839
0.129839
0.348656
0.348656
0.218295
0.218295
0.313141
0.313141
0.465796
0.465796
0.229723
0.229723
0.561894
0.561894
0.553307
0.553307
0.280810
0.280810
0.251942
0.251942
0.310320
0.310320
0.291150
0.291150
0.413348
0.413348
0.329216
0.329216
0.249461
0.249461
0.255068
0.255068
0.438045
0.438045
0.355067
0.355067
0.247044
0.247044
0.440415
0.440415
0.325248
0.325248
0.184853
0.184853
0.437031
0.437031
0.234592
0.234592
0.189468
0.189468
0.187782
0.187782
0.325598
0.325598
0.255362
0.255362
0.336722
0.336722
0.427759
0.427759
0.263606
0.263606
0.363151
0.363151
0.569615
0.569615
0.181054
0.181054
0.356569
0.356569
0.181702
0.181702
0.451634
0.451634
0.370978
0.370978
0.300150
0.300150
0.366007
0.366007
0.394074
0.394074
0.160763
0.160763
0.277660
0.277660
0.458365
0.458365
0.548795
0.548795
0.347022
0.347022
0.167955
0.167955
0.220576
0.220576
0.487841
0.487841
0.381307
0.381307
0.465798
0.465798
0.270253
0.270253
0.242600
0.242600
0.395544
0.395544
0.140374
0.140374
0.403450
0.403450
0.441337
0.441337
0.150853
0.150853
0.634778
0.634778
0.441711
0.441711
0.374403
0.374403
0.146338
0.146338
0.270778
0.270778
0.655543
0.655543
0.404374
0.404374
0.399745
0.399745
0.147059
0.147059
0.284689
0.284689
0.269353
0.269353
0.234377
0.234377
0.499178
0.499178
0.476905
0.476905
0.198484
0.198484
0.341349
0.341349
0.116108
0.116108
0.232345
0.232345
0.364616
0.364616
0.144177
0.144177
0.377222
0.377222
0.221312
0.221312
0.211359
0.211359
0.309441
0.309441
0.381799
0.381799
0.368262
0.368262
0.254550
0.254550
0.615897
0.615897
0.371118
0.371118
0.275266
0.275266
0.257785
0.257785
0.368360
0.368360
0.162439
0.162439
0.311830
0.311830
0.124655
0.124655
0.248713
0.248713
0.436748
0.436748
0.249351
0.249351
0.126388
0.126388
0.282747
0.282747
0.170951
0.170951
0.196892
0.196892
0.454099
0.454099
0.142857
0.142857
0.085499
0.085499
0.179656
0.179656
0.339205
0.339205
0.300161
0.300161
0.118121
0.118121
0.447127
0.447127
0.240521
0.240521
0.412655
0.412655
0.142006
0.142006
0.588405
0.588405
0.155396
0.155396
0.166581
0.166581
0.138591
0.138591
0.289425
0.289425
0.184721
0.184721
0.227798
0.227798
0.810471
0.810471
0.502811
0.502811
0.230819
0.230819
0.407000
0.407000
0.266204
0.266204
0.284741
0.284741
0.391484
0.391484
0.127979
0.127979
0.325813
0.325813
0.187666
0.187666
0.327615
0.327615
0.223794
0.223794
0.667734
0.667734
0.292181
0.292181
0.450668
0.450668
0.274901
0.274901
0.125262
0.125262
0.183825
0.183825
0.238100
0.238100
0.237399
0.237399
0.226375
0.226375
0.213673
0.213673
0.225639
0.225639
0.451301
0.451301
0.496590
0.496590
0.654931
0.654931
0.139980
0.139980
0.267780
0.267780
0.457907
0.457907
0.134153
0.134153
0.368764
0.368764
0.093247
0.093247
0.177952
0.177952
0.248735
0.248735
0.204209
0.204209
0.362140
0.362140
0.196952
0.196952
0.205267
0.205267
0.491165
0.491165
0.079207
0.079207
0.391856
0.391856
0.339434
0.339434
0.461365
0.461365
0.162780
0.162780
0.330598
0.330598
0.272771
0.272771
0.636167
0.636167
0.169051
0.169051
0.346772
0.346772
0.312494
0.312494
0.322744
0.322744
0.134357
0.134357
0.234706
0.234706
0.527911
0.527911
0.101430
0.101430
0.644693
0.644693
0.194095
0.194095
0.408052
0.408052
0.310055
0.310055
0.656009
0.656009
0.245099
0.245099
0.127777
0.127777
0.223452
0.223452
0.523461
0.523461
0.305304
0.305304
0.120980
0.120980
0.120577
0.120577
0.419160
0.419160
0.368554
0.368554
0.152311
0.152311
0.166876
0.166876
0.430745
0.430745
0.424225
0.424225
0.503910
0.503910
0.439951
0.439951
0.322371
0.322371
0.271089
0.271089
0.218388
0.218388
0.339625
0.339625
0.231323
0.231323
0.239415
0.239415
0.202473
0.202473
0.245691
0.245691
0.211257
0.211257
0.152379
0.152379
0.249565
0.249565
0.316489
0.316489
0.284860
0.284860
0.386850
0.386850
0.291997
0.291997
0.503629
0.503629
0.220217
0.220217
0.247332
0.247332
0.399743
0.399743
0.315557
0.315557
0.518629
0.518629
0.336986
0.336986
0.122926
0.122926
0.211768
0.211768
0.544796
0.544796
0.221784
0.221784
0.233940
0.233940
0.263202
0.263202
0.360870
0.360870
0.367200
0.367200
0.605640
0.605640
0.427815
0.427815
0.154394
0.154394
0.361484
0.361484
0.223279
0.223279
0.190836
0.190836
0.541390
0.541390
0.152312
0.152312
0.154877
0.154877
0.271738
0.271738
0.256411
0.256411
0.624014
0.624014
0.259012
0.259012
0.367820
0.367820
0.224098
0.224098
0.308166
0.308166
0.174467
0.174467
0.131825
0.131825
0.200369
0.200369
0.161995
0.161995
0.312565
0.312565
0.193543
0.193543
0.204860
0.204860
0.072317
0.072317
0.287267
0.287267
0.333179
0.333179
0.568895
0.568895
0.188695
0.188695
0.250117
0.250117
0.385602
0.385602
0.516515
0.516515
0.365229
0.365229
0.484859
0.484859
0.260727
0.260727
0.376281
0.376281
0.250883
0.250883
0.326027
0.326027
0.139486
0.139486
0.377406
0.377406
0.285507
0.285507
0.175512
0.175512
0.327905
0.327905
0.350900
0.350900
0.156993
0.156993
0.355110
0.355110
0.177077
0.177077
0.211471
0.211471
0.461954
0.461954
0.481539
0.481539
0.335855
0.335855
0.206984
0.206984
0.359836
0.359836
0.237786
0.237786
0.363420
0.363420
0.503617
0.503617
0.270940
0.270940
0.235898
0.235898
0.203391
0.203391
0.336105
0.336105
0.645360
0.645360
0.512875
0.512875
0.247733
0.247733
0.321554
0.321554
0.339301
0.339301
0.350891
0.350891
0.315876
0.315876
0.380716
0.380716
0.351239
0.351239
0.142678
0.142678
0.305585
0.305585
0.267067
0.267067
0.256550
0.256550
0.167654
0.167654
0.243104
0.243104
0.390985
0.390985
0.199042
0.199042
0.264993
0.264993
0.417124
0.417124
0.194046
0.194046
0.165566
0.165566
0.160720
0.160720
0.477375
0.477375
0.370303
0.370303
0.298944
0.298944
0.262615
0.262615
0.131817
0.131817
0.319974
0.319974
0.200774
0.200774
0.077301
0.077301
0.335585
0.335585
0.265924
0.265924
0.336429
0.336429
0.379189
0.379189
0.123862
0.123862
0.271890
0.271890
0.189506
0.189506
0.445206
0.445206
0.483916
0.483916
0.407475
0.407475
0.433996
0.433996
0.226240
0.226240
0.132160
0.132160
0.332910
0.332910
0.203973
0.203973
0.278979
0.278979
0.196706
0.196706
0.416277
0.416277
0.478132
0.478132
0.368896
0.368896
0.376656
0.376656
0.207312
0.207312
0.355134
0.355134
0.275375
0.275375
0.231443
0.231443
0.354175
0.354175
0.131381
0.131381
0.430513
0.430513
0.312801
0.312801
0.077455
0.077455
0.617077
0.617077
0.617259
0.617259
0.154450
0.154450
0.420066
0.420066
0.347108
0.347108
0.436949
0.436949
0.116266
0.116266
0.120898
0.120898
0.152424
0.152424
0.310174
0.310174
0.602684
0.602684
0.110846
0.110846
0.334963
0.334963
0.268673
0.268673
0.153054
0.153054
0.327583
0.327583
0.150961
0.150961
0.445908
0.445908
0.272719
0.272719
0.260861
0.260861
0.117029
0.117029
0.247864
0.247864
0.160542
0.160542
0.129137
0.129137
0.505085
0.505085
0.281724
0.281724
0.423172
0.423172
0.275164
0.275164
0.276714
0.276714
0.491739
0.491739
0.167176
0.167176
0.186263
0.186263
0.582958
0.582958
0.466311
0.466311
0.180472
0.180472
0.619648
0.619648
0.678609
0.678609
0.234569
0.234569
0.181380
0.181380
0.265557
0.265557
0.416563
0.416563
0.258062
0.258062
0.141967
0.141967
0.128362
0.128362
0.253434
0.253434
0.262021
0.262021
0.164842
0.164842
0.440515
0.440515
0.092084
0.092084
0.314427
0.314427
0.075775
0.075775
0.249597
0.249597
0.395748
0.395748
0.331992
0.331992
0.356389
0.356389
0.311800
0.311800
0.175053
0.175053
0.215961
0.215961
0.310752
0.310752
0.257958
0.257958
0.192927
0.192927
0.315669
0.315669
0.184160
0.184160
0.580652
0.580652
0.376892
0.376892
0.151888
0.151888
0.140931
0.140931
0.588204
0.588204
0.502795
0.502795
0.441946
0.441946
0.404437
0.404437
0.368501
0.368501
0.127184
0.127184
0.212846
0.212846
0.323029
0.323029
0.460138
0.460138
0.207182
0.207182
0.168949
0.168949
0.126766
0.126766
0.453712
0.453712
0.162719
0.162719
0.167993
0.167993
0.453961
0.453961
0.359641
0.359641
0.264630
0.264630
0.396816
0.396816
0.298321
0.298321
0.492315
0.492315
0.587876
0.587876
0.452903
0.452903
0.128581
0.128581
0.172913
0.172913
0.488366
0.488366
0.201451
0.201451
0.386676
0.386676
0.134115
0.134115
0.215092
0.215092
0.279644
0.279644
0.230238
0.230238
0.334064
0.334064
0.461049
0.461049
0.213532
0.213532
0.218193
0.218193
0.231685
0.231685
0.140486
0.140486
0.222546
0.222546
0.239101
0.239101
0.219007
0.219007
0.427973
0.427973
0.219880
0.219880
0.291577
0.291577
0.239655
0.239655
0.451634
0.451634
0.208235
0.208235
0.091146
0.091146
0.168140
0.168140
0.189531
0.189531
0.460205
0.460205
0.170022
0.170022
0.496496
0.496496
0.521421
0.521421
0.285774
0.285774
0.359729
0.359729
0.279987
0.279987
0.241317
0.241317
0.415792
0.415792
0.659602
0.659602
0.369665
0.369665
0.303540
0.303540
0.120930
0.120930
0.264921
0.264921
0.170185
0.170185
0.471711
0.471711
0.422272
0.422272
0.108106
0.108106
0.343371
0.343371
0.202516
0.202516
0.237619
0.237619
0.357095
0.357095
0.236294
0.236294
0.344830
0.344830
0.293151
0.293151
0.630712
0.630712
0.300546
0.300546
0.468042
0.468042
0.301176
0.301176
0.244904
0.244904
0.253901
0.253901
0.329574
0.329574
0.374819
0.374819
0.267986
0.267986
0.243628
0.243628
0.432966
0.432966
0.464298
0.464298
0.202710
0.202710
0.309129
0.309129
0.416232
0.416232
0.221776
0.221776
0.233523
0.233523
0.101170
0.101170
0.286998
0.286998
0.303535
0.303535
0.107389
0.107389
0.203765
0.203765
0.257252
0.257252
0.448730
0.448730
0.257684
0.257684
0.291267
0.291267
0.188631
0.188631
0.204610
0.204610
0.187391
0.187391
0.293359
0.293359
0.236613
0.236613
0.379175
0.379175
0.215087
0.215087
0.453956
0.453956
0.371670
0.371670
0.193967
0.193967
0.230640
0.230640
0.164675
0.164675
0.219024
0.219024
0.505445
0.505445
0.253118
0.253118
0.155992
0.155992
0.162217
0.162217
0.260801
0.260801
0.161714
0.161714
0.462921
0.462921
0.311566
0.311566
0.362411
0.362411
0.332591
0.332591
0.108328
0.108328
0.114014
0.114014
0.166882
0.166882
0.214264
0.214264
0.194395
0.194395
0.158089
0.158089
0.437491
0.437491
0.201835
0.201835
0.390967
0.390967
0.538339
0.538339
0.474498
0.474498
0.504878
0.504878
0.217686
0.217686
0.500300
0.500300
0.181057
0.181057
0.135379
0.135379
0.241324
0.241324
0.086653
0.086653
0.198390
0.198390
0.213581
0.213581
0.233418
0.233418
0.366311
0.366311
0.412362
0.412362
0.531572
0.531572
0.224010
0.224010
0.130943
0.130943
0.176566
0.176566
0.411875
0.411875
0.302165
0.302165
0.215432
0.215432
0.283550
0.283550
0.188226
0.188226
0.124080
0.124080
0.352243
0.352243
0.423686
0.423686
0.212661
0.212661
0.300090
0.300090
0.200611
0.200611
0.229226
0.229226
0.128506
0.128506
0.166310
0.166310
0.282158
0.282158
0.540814
0.540814
0.287078
0.287078
0.504947
0.504947
0.701878
0.701878
0.168275
0.168275
0.208000
0.208000
0.373026
0.373026
0.432623
0.432623
0.198602
0.198602
0.246592
0.246592
0.202725
0.202725
0.238424
0.238424
0.299729
0.299729
0.365734
0.365734
0.310339
0.310339
0.311946
0.311946
0.263701
0.263701
0.342438
0.342438
0.549020
0.549020
0.301929
0.301929
0.270889
0.270889
0.311555
0.311555
0.316056
0.316056
0.467306
0.467306
0.078254
0.078254
0.309024
0.309024
0.241587
0.241587
0.264658
0.264658
0.320557
0.320557
0.291842
0.291842
0.162541
0.162541
0.321971
0.321971
0.295667
0.295667
0.249347
0.249347
0.402385
0.402385
0.153462
0.153462
0.394096
0.394096
0.247574
0.247574
0.228962
0.228962
0.380575
0.380575
0.128794
0.128794
0.420855
0.420855
0.223840
0.223840
0.232972
0.232972
0.229190
0.229190
0.225018
0.225018
0.335463
0.335463
0.523351
0.523351
0.309020
0.309020
0.099519
0.099519
0.323896
0.323896
0.270954
0.270954
0.312964
0.312964
0.161562
0.161562
0.271357
0.271357
0.151555
0.151555
0.090113
0.090113
0.093354
0.093354
0.305027
0.305027
0.259619
0.259619
0.277466
0.277466
0.353764
0.353764
0.276315
0.276315
0.145491
0.145491
0.118073
0.118073
0.446695
0.446695
0.443953
0.443953
0.356086
0.356086
0.278500
0.278500
0.317536
0.317536
0.336197
0.336197
0.372448
0.372448
0.350189
0.350189
0.163419
0.163419
0.214864
0.214864
0.333158
0.333158
0.173178
0.173178
0.214771
0.214771
0.358969
0.358969
0.170954
0.170954
0.329561
0.329561
0.255908
0.255908
0.204754
0.204754
0.057912
0.057912
0.482364
0.482364
0.428905
0.428905
0.185601
0.185601
0.175475
0.175475
0.085807
0.085807
0.371259
0.371259
0.208135
0.208135
0.270510
0.270510
0.208082
0.208082
0.252366
0.252366
0.393887
0.393887
0.601428
0.601428
0.263799
0.263799
0.228256
0.228256
0.157279
0.157279
0.274109
0.274109
0.150203
0.150203
0.347587
0.347587
0.365700
0.365700
0.126780
0.126780
0.189086
0.189086
0.660000
0.660000
0.521158
0.521158
0.385379
0.385379
0.389242
0.389242
0.149916
0.149916
0.202411
0.202411
0.367158
0.367158
0.562770
0.562770
0.559179
0.559179
0.166163
0.166163
0.196705
0.196705
0.335555
0.335555
0.486694
0.486694
0.149112
0.149112
0.248496
0.248496
0.697314
0.697314
0.182461
0.182461
0.228319
0.228319
0.353556
0.353556
0.416782
0.416782
0.174940
0.174940
0.245956
0.245956
0.199729
0.199729
0.236881
0.236881
0.224190
0.224190
0.353371
0.353371
0.191432
0.191432
0.158296
0.158296
0.558887
0.558887
0.276666
0.276666
0.321967
0.321967
0.301097
0.301097
0.185518
0.185518
0.110886
0.110886
0.315686
0.315686
0.521135
0.521135
0.220860
0.220860
0.279195
0.279195
0.284295
0.284295
0.070574
0.070574
0.666509
0.666509
0.278113
0.278113
0.241365
0.241365
0.289097
0.289097
0.112182
0.112182
0.186245
0.186245
0.209947
0.209947
0.401526
0.401526
0.179131
0.179131
0.165257
0.165257
0.541650
0.541650
0.139095
0.139095
0.328792
0.328792
0.440953
0.440953
0.472226
0.472226
0.172956
0.172956
0.421722
0.421722
0.438538
0.438538
0.135816
0.135816
0.262034
0.262034
0.535620
0.535620
0.170786
0.170786
0.081428
0.081428
0.204696
0.204696
0.169093
0.169093
0.346922
0.346922
0.290239
0.290239
0.162291
0.162291
0.418036
0.418036
0.163840
0.163840
0.120996
0.120996
0.186481
0.186481
0.188068
0.188068
0.231394
0.231394
0.091025
0.091025
0.389734
0.389734
0.179089
0.179089
0.169588
0.169588
0.335934
0.335934
0.248865
0.248865
0.144392
0.144392
0.276772
0.276772
0.154178
0.154178
0.325605
0.325605
0.407113
0.407113
0.173046
0.173046
0.245026
0.245026
0.434090
0.434090
0.276817
0.276817
0.278274
0.278274
0.257729
0.257729
0.371912
0.371912
0.152436
0.152436
0.168693
0.168693
0.505504
0.505504
0.285844
0.285844
0.662452
0.662452
0.361445
0.361445
0.184409
0.184409
0.351030
0.351030
0.255941
0.255941
0.341989
0.341989
0.297734
0.297734
0.058923
0.058923
0.314938
0.314938
0.229477
0.229477
0.191758
0.191758
0.351369
0.351369
0.265823
0.265823
0.343134
0.343134
0.261272
0.261272
0.331806
0.331806
0.243055
0.243055
0.436333
0.436333
0.263381
0.263381
0.137953
0.137953
0.324026
0.324026
0.320970
0.320970
0.262086
0.262086
0.113773
0.113773
0.275291
0.275291
0.109663
0.109663
0.210789
0.210789
0.161702
0.161702
0.371898
0.371898
0.439684
0.439684
0.399615
0.399615
0.173978
0.173978
0.450437
0.450437
0.254379
0.254379
0.194585
0.194585
0.251570
0.251570
0.262891
0.262891
0.185004
0.185004
0.297394
0.297394
0.212039
0.212039
0.181545
0.181545
0.595567
0.595567
0.205474
0.205474
0.161263
0.161263
0.199087
0.199087
0.220899
0.220899
0.163510
0.163510
0.306379
0.306379
0.287008
0.287008
0.162291
0.162291
0.318619
0.318619
0.162919
0.162919
0.179356
0.179356
0.288321
0.288321
0.175443
0.175443
0.206684
0.206684
0.102553
0.102553
0.169656
0.169656
0.438332
0.438332
0.180154
0.180154
0.389531
0.389531
0.480165
0.480165
0.412656
0.412656
0.522791
0.522791
0.606072
0.606072
0.316859
0.316859
0.185416
0.185416
0.407099
0.407099
0.144238
0.144238
0.496385
0.496385
0.489308
0.489308
0.427869
0.427869
0.178512
0.178512
0.263203
0.263203
0.404007
0.404007
0.171659
0.171659
0.436216
0.436216
0.249528
0.249528
0.266308
0.266308
0.376487
0.376487
0.275170
0.275170
0.132769
0.132769
0.471745
0.471745
0.187130
0.187130
0.434957
0.434957
0.243633
0.243633
0.195261
0.195261
0.257619
0.257619
0.364097
0.364097
0.371212
0.371212
0.466546
0.466546
0.366886
0.366886
0.136216
0.136216
0.351948
0.351948
0.160897
0.160897
0.152617
0.152617
0.145306
0.145306
0.651436
0.651436
0.341369
0.341369
0.312586
0.312586
0.186837
0.186837
0.239067
0.239067
0.154796
0.154796
0.185139
0.185139
0.432465
0.432465
0.274961
0.274961
0.194794
0.194794
0.080066
0.080066
0.207623
0.207623
0.226956
0.226956
0.431577
0.431577
0.393702
0.393702
0.412825
0.412825
0.706884
0.706884
0.273300
0.273300
0.148541
0.148541
0.195447
0.195447
0.166650
0.166650
0.377583
0.377583
0.395736
0.395736
0.342477
0.342477
0.205066
0.205066
0.312759
0.312759
0.408955
0.408955
0.180251
0.180251
0.474723
0.474723
0.186370
0.186370
0.322938
0.322938
0.443473
0.443473
0.218282
0.218282
0.353198
0.353198
0.178535
0.178535
0.465701
0.465701
0.181357
0.181357
0.287707
0.287707
0.262576
0.262576
0.138326
0.138326
0.524583
0.524583
0.125048
0.125048
0.281370
0.281370
0.268959
0.268959
0.160016
0.160016
0.358398
0.358398
0.190187
0.190187
0.201001
0.201001
0.201378
0.201378
0.233453
0.233453
0.110146
0.110146
0.195296
0.195296
0.129121
0.129121
0.472490
0.472490
0.507231
0.507231
0.311692
0.311692
0.538818
0.538818
0.274612
0.274612
0.125233
0.125233
0.180295
0.180295
0.215242
0.215242
0.278090
0.278090
0.124423
0.124423
0.141319
0.141319
0.186022
0.186022
0.288851
0.288851
0.417181
0.417181
0.241393
0.241393
0.463435
0.463435
0.290733
0.290733
0.469099
0.469099
0.213509
0.213509
0.129806
0.129806
0.118173
0.118173
0.208722
0.208722
0.337255
0.337255
0.294586
0.294586
0.386151
0.386151
0.491639
0.491639
0.181162
0.181162
0.108610
0.108610
0.214640
0.214640
0.167303
0.167303
0.229252
0.229252
0.120088
0.120088
0.523863
0.523863
0.236062
0.236062
0.258518
0.258518
0.174079
0.174079
0.264910
0.264910
0.363758
0.363758
0.141049
0.141049
0.253584
0.253584
0.298544
0.298544
0.223566
0.223566
0.292583
0.292583
0.215301
0.215301
0.408636
0.408636
0.378339
0.378339
0.295147
0.295147
0.224971
0.224971
0.354743
0.354743
0.601503
0.601503
0.517000
0.517000
0.211048
0.211048
0.193729
0.193729
0.240362
0.240362
0.208780
0.208780
0.298089
0.298089
0.296306
0.296306
0.475138
0.475138
0.174199
0.174199
0.144768
0.144768
0.423322
0.423322
0.477078
0.477078
0.288058
0.288058
0.163213
0.163213
0.245941
0.245941
0.094897
0.094897
0.290093
0.290093
0.168734
0.168734
0.272325
0.272325
0.469401
0.469401
0.165875
0.165875
0.439404
0.439404
0.110378
0.110378
0.216965
0.216965
0.313926
0.313926
0.388724
0.388724
0.340124
0.340124
0.192735
0.192735
0.088074
0.088074
0.154750
0.154750
0.258907
0.258907
0.084045
0.084045
0.347181
0.347181
0.332902
0.332902
0.294215
0.294215
0.484260
0.484260
0.104402
0.104402
0.239935
0.239935
0.327540
0.327540
0.189197
0.189197
0.215750
0.215750
0.171161
0.171161
0.336852
0.336852
0.335026
0.335026
0.118904
0.118904
0.267231
0.267231
0.267873
0.267873
0.401134
0.401134
0.255349
0.255349
0.250945
0.250945
0.331855
0.331855
0.424405
0.424405
0.372670
0.372670
0.323912
0.323912
0.405698
0.405698
0.358535
0.358535
0.366618
0.366618
0.115766
0.115766
0.303070
0.303070
0.168363
0.168363
0.251466
0.251466
0.276484
0.276484
0.190360
0.190360
0.135046
0.135046
0.318971
0.318971
0.378792
0.378792
0.170359
0.170359
0.218313
0.218313
0.161125
0.161125
0.201382
0.201382
0.132840
0.132840
0.289750
0.289750
0.370788
0.370788
0.226107
0.226107
0.305153
0.305153
0.294063
0.294063
0.113144
0.113144
0.131080
0.131080
0.427343
0.427343
0.108035
0.108035
0.219679
0.219679
0.121501
0.121501
0.373404
0.373404
0.138484
0.138484
0.296374
0.296374
0.131011
0.131011
0.177438
0.177438
0.246273
0.246273
0.117529
0.117529
0.133287
0.133287
0.091083
0.091083
0.198835
0.198835
0.326808
0.326808
0.439387
0.439387
0.202112
0.202112
0.615746
0.615746
0.295868
0.295868
0.400693
0.400693
0.170312
0.170312
0.574598
0.574598
0.290633
0.290633
0.159656
0.159656
0.467516
0.467516
0.170135
0.170135
0.209604
0.209604
0.302930
0.302930
0.294641
0.294641
0.371219
0.371219
0.342331
0.342331
0.110201
0.110201
0.209201
0.209201
0.316697
0.316697
0.271596
0.271596
0.240591
0.240591
0.237350
0.237350
0.119616
0.119616
0.106797
0.106797
0.292871
0.292871
0.202421
0.202421
0.180075
0.180075
0.253598
0.253598
0.265518
0.265518
0.153525
0.153525
0.089168
0.089168
0.163650
0.163650
0.235016
0.235016
0.133749
0.133749
0.392096
0.392096
0.101693
0.101693
0.347664
0.347664
0.196290
0.196290
0.278473
0.278473
0.124653
0.124653
0.287880
0.287880
0.258996
0.258996
0.119119
0.119119
0.167336
0.167336
0.246150
0.246150
0.478835
0.478835
0.261535
0.261535
0.189637
0.189637
0.320221
0.320221
0.198269
0.198269
0.459552
0.459552
0.349286
0.349286
0.069234
0.069234
0.111995
0.111995
0.303311
0.303311
0.570257
0.570257
0.356400
0.356400
0.463292
0.463292
0.169028
0.169028
0.318600
0.318600
0.226652
0.226652
0.154074
0.154074
0.290598
0.290598
0.271856
0.271856
0.296157
0.296157
0.573098
0.573098
0.465794
0.465794
0.300878
0.300878
0.172956
0.172956
0.224596
0.224596
0.259406
0.259406
0.403202
0.403202
0.503235
0.503235
0.443046
0.443046
0.382020
0.382020
0.168843
0.168843
0.112436
0.112436
0.260047
0.260047
0.381989
0.381989
0.216616
0.216616
0.135369
0.135369
0.212501
0.212501
0.154785
0.154785
0.410019
0.410019
0.377243
0.377243
0.339127
0.339127
0.141335
0.141335
0.113836
0.113836
0.481366
0.481366
0.166354
0.166354
0.110424
0.110424
0.194540
0.194540
0.243787
0.243787
0.319428
0.319428
0.292604
0.292604
0.348963
0.348963
0.158555
0.158555
0.218429
0.218429
0.127774
0.127774
0.399954
0.399954
0.275127
0.275127
0.153227
0.153227
0.274835
0.274835
0.242156
0.242156
0.451541
0.451541
0.199877
0.199877
0.270252
0.270252
0.523296
0.523296
0.790117
0.790117
0.141229
0.141229
0.449919
0.449919
0.371345
0.371345
0.306694
0.306694
0.407161
0.407161
0.490852
0.490852
0.236730
0.236730
0.137834
0.137834
0.337848
0.337848
0.142321
0.142321
0.312828
0.312828
0.435469
0.435469
0.550118
0.550118
0.147684
0.147684
0.462143
0.462143
0.197605
0.197605
0.412615
0.412615
0.288631
0.288631
0.117536
0.117536
0.128110
0.128110
0.292810
0.292810
0.406383
0.406383
0.283739
0.283739
0.092773
0.092773
0.347127
0.347127
0.566840
0.566840
0.407331
0.407331
0.610057
0.610057
0.607736
0.607736
0.437401
0.437401
0.481583
0.481583
0.330173
0.330173
0.220070
0.220070
0.217355
0.217355
0.218224
0.218224
0.285764
0.285764
0.298850
0.298850
0.121341
0.121341
0.323772
0.323772
0.262911
0.262911
0.135134
0.135134
0.135704
0.135704
0.077964
0.077964
0.087382
0.087382
0.191963
0.191963
0.477324
0.477324
0.198320
0.198320
0.052385
0.052385
0.242476
0.242476
0.422916
0.422916
0.186556
0.186556
0.374587
0.374587
0.332628
0.332628
0.187578
0.187578
0.209644
0.209644
0.257555
0.257555
0.267724
0.267724
0.276736
0.276736
0.197266
0.197266
0.296269
0.296269
0.370316
0.370316
0.490921
0.490921
0.219729
0.219729
0.106003
0.106003
0.335295
0.335295
0.170792
0.170792
0.342100
0.342100
0.482766
0.482766
0.258774
0.258774
0.324320
0.324320
0.171700
0.171700
0.793738
0.793738
0.563208
0.563208
0.293008
0.293008
0.274589
0.274589
0.437389
0.437389
0.247409
0.247409
0.199056
0.199056
0.413343
0.413343
0.154276
0.154276
0.181876
0.181876
0.153849
0.153849
0.142868
0.142868
0.127621
0.127621
0.445789
0.445789
0.319602
0.319602
0.218141
0.218141
0.263607
0.263607
0.156766
0.156766
0.221399
0.221399
0.287008
0.287008
0.220171
0.220171
0.345683
0.345683
0.192999
0.192999
0.227032
0.227032
0.137470
0.137470
0.180895
0.180895
0.210852
0.210852
0.204236
0.204236
0.549409
0.549409
0.269771
0.269771
0.287881
0.287881
0.281868
0.281868
0.108244
0.108244
0.155697
0.155697
0.212595
0.212595
0.170254
0.170254
0.119596
0.119596
0.088461
0.088461
0.206086
0.206086
0.142806
0.142806
0.516930
0.516930
0.250280
0.250280
0.330083
0.330083
0.260729
0.260729
0.268974
0.268974
0.302210
0.302210
0.095423
0.095423
0.234163
0.234163
0.192417
0.192417
0.341421
0.341421
0.223295
0.223295
0.148328
0.148328
0.162392
0.162392
0.133601
0.133601
0.128746
0.128746
0.358335
0.358335
0.222741
0.222741
0.197118
0.197118
0.362127
0.362127
0.177432
0.177432
0.161637
0.161637
0.514185
0.514185
0.193235
0.193235
0.301749
0.301749
0.170197
0.170197
0.254450
0.254450
0.201969
0.201969
0.375463
0.375463
0.317784
0.317784
0.299549
0.299549
0.504115
0.504115
0.102351
0.102351
0.342779
0.342779
0.387208
0.387208
0.267657
0.267657
0.224080
0.224080
0.350624
0.350624
0.409873
0.409873
0.312479
0.312479
0.115058
0.115058
0.239475
0.239475
0.232536
0.232536
0.212269
0.212269
0.279167
0.279167
0.392371
0.392371
0.132199
0.132199
0.265011
0.265011
0.137689
0.137689
0.219862
0.219862
0.139383
0.139383
0.093120
0.093120
0.210966
0.210966
0.334193
0.334193
0.505169
0.505169
0.104250
0.104250
0.173442
0.173442
0.145866
0.145866
0.068555
0.068555
0.115503
0.115503
0.186682
0.186682
0.373550
0.373550
0.227447
0.227447
0.243558
0.243558
0.159894
0.159894
0.379573
0.379573
0.220671
0.220671
0.298916
0.298916
0.996883
0.996883
0.129899
0.129899
0.290418
0.290418
0.065776
0.065776
0.135560
0.135560
0.476616
0.476616
0.173819
0.173819
0.138050
0.138050
0.166292
0.166292
0.072436
0.072436
0.454679
0.454679
0.244883
0.244883
0.477272
0.477272
0.259143
0.259143
0.289081
0.289081
0.243859
0.243859
0.097787
0.097787
0.226978
0.226978
0.362467
0.362467
0.158955
0.158955
0.219115
0.219115
0.288078
0.288078
0.112428
0.112428
0.397810
0.397810
0.171911
0.171911
0.244271
0.244271
0.153453
0.153453
0.205759
0.205759
0.248165
0.248165
0.162012
0.162012
0.056259
0.056259
0.556469
0.556469
0.429731
0.429731
0.224138
0.224138
0.149168
0.149168
0.234425
0.234425
0.741433
0.741433
0.261360
0.261360
0.195492
0.195492
0.444467
0.444467
0.152621
0.152621
0.312037
0.312037
0.110160
0.110160
0.446413
0.446413
0.486838
0.486838
0.319255
0.319255
0.530711
0.530711
0.354123
0.354123
0.172943
0.172943
0.204448
0.204448
0.182458
0.182458
0.286600
0.286600
0.390577
0.390577
0.395843
0.395843
0.151917
0.151917
0.368648
0.368648
0.217791
0.217791
0.434662
0.434662
0.239271
0.239271
0.277185
0.277185
0.263552
0.263552
0.324555
0.324555
0.152134
0.152134
0.277909
0.277909
0.192007
0.192007
0.061194
0.061194
0.280510
0.280510
0.322080
0.322080
0.211519
0.211519
0.101902
0.101902
0.233237
0.233237
0.421906
0.421906
0.147772
0.147772
0.344919
0.344919
0.324641
0.324641
0.295132
0.295132
0.504240
0.504240
0.277139
0.277139
0.369980
0.369980
0.244580
0.244580
0.195257
0.195257
0.314177
0.314177
0.448682
0.448682
0.078348
0.078348
0.227266
0.227266
0.192290
0.192290
0.213136
0.213136
0.204667
0.204667
0.337521
0.337521
0.297399
0.297399
0.108085
0.108085
0.567766
0.567766
0.255384
0.255384
0.280190
0.280190
0.216250
0.216250
0.153556
0.153556
0.211064
0.211064
0.109280
0.109280
0.254095
0.254095
0.109535
0.109535
0.328866
0.328866
0.391586
0.391586
0.271615
0.271615
0.333460
0.333460
0.237311
0.237311
0.133350
0.133350
0.167107
0.167107
0.306477
0.306477
0.283414
0.283414
0.255722
0.255722
0.284947
0.284947
0.204854
0.204854
0.299635
0.299635
0.497251
0.497251
0.143703
0.143703
0.185171
0.185171
0.166600
0.166600
0.114087
0.114087
0.247528
0.247528
0.227452
0.227452
0.204237
0.204237
0.432026
0.432026
0.103978
0.103978
0.110926
0.110926
0.593158
0.593158
0.327772
0.327772
0.254503
0.254503
0.179643
0.179643
0.195029
0.195029
0.234103
0.234103
0.189806
0.189806
0.181014
0.181014
0.441800
0.441800
0.419589
0.419589
0.170862
0.170862
0.200813
0.200813
0.139585
0.139585
0.222744
0.222744
0.115539
0.115539
0.129514
0.129514
0.070314
0.070314
0.107354
0.107354
0.232183
0.232183
0.245332
0.245332
0.483080
0.483080
0.174612
0.174612
0.131844
0.131844
0.419891
0.419891
0.200026
0.200026
0.351911
0.351911
0.504721
0.504721
0.256525
0.256525
0.043322
0.043322
0.187980
0.187980
0.568265
0.568265
0.387705
0.387705
0.168364
0.168364
0.118657
0.118657
0.167619
0.167619
0.260498
0.260498
0.218228
0.218228
0.181688
0.181688
0.271533
0.271533
0.508238
0.508238
0.255357
0.255357
0.261900
0.261900
0.171873
0.171873
0.247358
0.247358
0.127114
0.127114
0.217967
0.217967
0.096200
0.096200
0.316528
0.316528
0.499625
0.499625
0.560158
0.560158
0.391338
0.391338
0.226878
0.226878
0.192659
0.192659
0.234808
0.234808
0.156227
0.156227
0.638739
0.638739
0.382159
0.382159
0.266237
0.266237
0.629890
0.629890
0.287658
0.287658
0.168658
0.168658
0.311027
0.311027
0.277397
0.277397
0.413232
0.413232
0.235338
0.235338
0.144372
0.144372
0.349275
0.349275
0.232072
0.232072
0.127163
0.127163
0.328369
0.328369
0.291871
0.291871
0.323030
0.323030
0.159576
0.159576
0.183801
0.183801
0.215234
0.215234
0.182641
0.182641
0.084073
0.084073
0.206174
0.206174
0.266809
0.266809
0.155193
0.155193
0.152315
0.152315
0.271915
0.271915
0.220464
0.220464
0.258939
0.258939
0.192686
0.192686
0.323066
0.323066
0.428191
0.428191
0.259867
0.259867
0.117216
0.117216
0.120993
0.120993
0.089225
0.089225
0.186839
0.186839
0.238296
0.238296
0.195595
0.195595
0.067482
0.067482
0.154656
0.154656
0.291963
0.291963
0.269053
0.269053
0.154600
0.154600
0.434652
0.434652
0.170231
0.170231
0.404151
0.404151
0.518306
0.518306
0.305779
0.305779
0.508768
0.508768
0.223837
0.223837
0.127075
0.127075
0.203720
0.203720
0.350553
0.350553
0.403773
0.403773
0.272412
0.272412
0.386609
0.386609
0.196807
0.196807
0.103664
0.103664
0.312325
0.312325
0.242920
0.242920
0.234891
0.234891
0.335858
0.335858
0.128684
0.128684
0.182508
0.182508
0.271627
0.271627
0.160217
0.160217
0.441117
0.441117
0.325143
0.325143
0.242356
0.242356
0.185439
0.185439
0.428369
0.428369
0.491088
0.491088
0.277184
0.277184
0.304917
0.304917
0.504409
0.504409
0.152864
0.152864
0.289296
0.289296
0.352108
0.352108
0.304375
0.304375
0.196810
0.196810
0.484299
0.484299
0.229828
0.229828
0.330181
0.330181
0.262759
0.262759
0.350554
0.350554
0.507355
0.507355
0.124260
0.124260
0.169859
0.169859
0.099712
0.099712
0.155165
0.155165
0.192012
0.192012
0.114018
0.114018
0.158893
0.158893
0.231579
0.231579
0.200612
0.200612
0.328989
0.328989
0.094607
0.094607
0.197301
0.197301
0.140500
0.140500
0.136474
0.136474
0.159109
0.159109
0.237884
0.237884
0.128827
0.128827
0.518018
0.518018
0.079177
0.079177
0.298299
0.298299
0.340334
0.340334
0.211712
0.211712
0.038216
0.038216
0.216694
0.216694
0.133611
0.133611
0.508988
0.508988
0.232676
0.232676
0.274906
0.274906
0.285255
0.285255
0.136741
0.136741
0.199365
0.199365
0.439748
0.439748
0.337037
0.337037
0.289745
0.289745
0.115837
0.115837
0.289508
0.289508
0.326104
0.326104
0.281101
0.281101
0.132494
0.132494
0.406102
0.406102
0.304976
0.304976
0.226290
0.226290
0.286194
0.286194
0.158356
0.158356
0.156665
0.156665
0.122396
0.122396
0.508063
0.508063
0.400380
0.400380
0.365485
0.365485
0.131308
0.131308
0.321832
0.321832
0.346017
0.346017
0.264045
0.264045
0.235944
0.235944
0.177031
0.177031
0.106051
0.106051
0.230538
0.230538
0.123268
0.123268
0.256903
0.256903
0.418811
0.418811
0.105480
0.105480
0.104531
0.104531
0.180319
0.180319
0.439198
0.439198
0.086701
0.086701
0.315089
0.315089
0.211666
0.211666
0.181326
0.181326
0.178648
0.178648
0.174106
0.174106
0.295392
0.295392
0.236154
0.236154
0.343419
0.343419
0.334461
0.334461
0.336126
0.336126
0.302491
0.302491
0.123684
0.123684
0.191689
0.191689
0.362231
0.362231
0.243472
0.243472
0.494037
0.494037
0.349801
0.349801
0.142283
0.142283
0.345048
0.345048
0.314690
0.314690
0.423290
0.423290
0.092865
0.092865
0.211465
0.211465
0.149781
0.149781
0.116536
0.116536
0.193574
0.193574
0.350598
0.350598
0.157448
0.157448
0.161584
0.161584
0.336848
0.336848
0.140236
0.140236
0.292114
0.292114
0.147256
0.147256
0.385171
0.385171
0.170701
0.170701
0.155433
0.155433
0.284537
0.284537
0.239334
0.239334
0.154848
0.154848
0.179426
0.179426
0.509997
0.509997
0.295261
0.295261
0.093380
0.093380
0.170777
0.170777
0.261625
0.261625
0.241488
0.241488
0.432315
0.432315
0.107161
0.107161
0.314888
0.314888
0.121709
0.121709
0.087534
0.087534
0.565969
0.565969
0.048188
0.048188
0.126889
0.126889
0.221116
0.221116
0.108784
0.108784
0.237732
0.237732
0.142490
0.142490
0.149052
0.149052
0.214299
0.214299
0.198227
0.198227
0.244293
0.244293
0.253768
0.253768
0.329806
0.329806
0.141938
0.141938
0.114160
0.114160
0.277707
0.277707
0.292285
0.292285
0.311349
0.311349
0.631182
0.631182
0.172474
0.172474
0.329045
0.329045
0.494346
0.494346
0.168122
0.168122
0.103159
0.103159
0.328023
0.328023
0.182582
0.182582
0.298177
0.298177
0.123401
0.123401
0.335102
0.335102
0.307066
0.307066
0.172128
0.172128
0.307734
0.307734
0.185037
0.185037
0.531566
0.531566
0.377199
0.377199
0.446322
0.446322
0.221147
0.221147
0.210120
0.210120
0.248822
0.248822
0.307215
0.307215
0.255230
0.255230
0.317824
0.317824
0.348668
0.348668
0.388677
0.388677
0.596579
0.596579
0.352506
0.352506
0.136767
0.136767
0.188466
0.188466
0.267008
0.267008
0.217794
0.217794
0.051090
0.051090
0.188362
0.188362
0.371511
0.371511
0.253675
0.253675
0.442767
0.442767
0.118928
0.118928
0.177771
0.177771
0.502565
0.502565
0.570419
0.570419
0.352348
0.352348
0.348828
0.348828
0.275035
0.275035
0.766766
0.766766
0.239396
0.239396
0.306238
0.306238
0.261816
0.261816
0.136776
0.136776
0.117600
0.117600
0.234896
0.234896
0.185341
0.185341
0.176048
0.176048
0.378382
0.378382
0.121501
0.121501
0.253356
0.253356
0.125698
0.125698
0.199332
0.199332
0.256845
0.256845
0.130139
0.130139
0.130931
0.130931
0.614428
0.614428
0.224851
0.224851
0.167867
0.167867
0.159353
0.159353
0.352904
0.352904
0.190533
0.190533
0.199796
0.199796
0.369128
0.369128
0.115324
0.115324
0.277481
0.277481
0.087886
0.087886
0.130189
0.130189
0.237509
0.237509
0.072407
0.072407
0.228020
0.228020
0.200245
0.200245
0.234864
0.234864
0.382514
0.382514
0.222892
0.222892
0.309087
0.309087
0.153671
0.153671
0.263135
0.263135
0.313181
0.313181
0.125909
0.125909
0.166076
0.166076
0.148147
0.148147
0.238247
0.238247
0.319465
0.319465
0.216567
0.216567
0.078513
0.078513
0.120730
0.120730
0.196918
0.196918
0.216878
0.216878
0.245655
0.245655
0.160433
0.160433
0.117644
0.117644
0.220791
0.220791
0.143290
0.143290
0.251059
0.251059
0.308477
0.308477
0.259702
0.259702
0.133571
0.133571
0.160947
0.160947
0.203389
0.203389
0.405277
0.405277
0.286475
0.286475
0.154025
0.154025
0.091067
0.091067
0.264156
0.264156
0.260115
0.260115
0.380790
0.380790
0.228370
0.228370
0.147556
0.147556
0.229191
0.229191
0.617851
0.617851
0.567992
0.567992
0.380387
0.380387
0.289286
0.289286
0.139492
0.139492
0.446353
0.446353
0.421870
0.421870
0.156599
0.156599
0.384141
0.384141
0.250127
0.250127
0.195437
0.195437
0.127479
0.127479
0.210839
0.210839
0.177721
0.177721
0.217548
0.217548
0.229827
0.229827
0.153375
0.153375
0.272244
0.272244
0.161916
0.161916
0.280074
0.280074
0.281954
0.281954
0.191095
0.191095
0.131261
0.131261
0.554515
0.554515
0.339175
0.339175
0.217774
0.217774
0.269599
0.269599
0.209072
0.209072
0.178358
0.178358
0.398911
0.398911
0.184684
0.184684
0.153619
0.153619
0.127234
0.127234
0.139888
0.139888
0.065263
0.065263
0.345943
0.345943
0.104498
0.104498
0.167115
0.167115
0.425009
0.425009
0.239711
0.239711
0.130737
0.130737
0.079937
0.079937
0.241119
0.241119
0.318955
0.318955
0.217969
0.217969
0.391950
0.391950
0.457513
0.457513
0.567429
0.567429
0.238187
0.238187
0.054925
0.054925
0.473845
0.473845
0.437060
0.437060
0.456823
0.456823
0.347716
0.347716
0.249459
0.249459
0.519397
0.519397
0.266486
0.266486
0.156772
0.156772
0.191539
0.191539
0.468576
0.468576
0.409988
0.409988
0.266946
0.266946
0.180094
0.180094
0.190079
0.190079
0.182478
0.182478
0.303180
0.303180
0.181257
0.181257
0.204851
0.204851
0.150267
0.150267
0.096309
0.096309
0.107015
0.107015
0.282160
0.282160
0.087236
0.087236
0.374844
0.374844
0.535436
0.535436
0.389318
0.389318
0.288264
0.288264
0.235297
0.235297
0.121670
0.121670
0.535127
0.535127
0.286131
0.286131
0.198120
0.198120
0.140646
0.140646
0.222089
0.222089
0.350513
0.350513
0.221970
0.221970
0.292279
0.292279
0.464488
0.464488
0.361439
0.361439
0.126912
0.126912
0.151700
0.151700
0.141036
0.141036
0.176613
0.176613
0.258408
0.258408
0.265034
0.265034
0.176495
0.176495
0.157859
0.157859
0.114817
0.114817
0.371598
0.371598
0.273401
0.273401
0.242629
0.242629
0.139227
0.139227
0.240785
0.240785
0.442388
0.442388
0.112135
0.112135
0.209188
0.209188
0.415857
0.415857
0.282831
0.282831
0.177582
0.177582
0.177270
0.177270
0.099748
0.099748
0.240818
0.240818
0.144469
0.144469
0.258666
0.258666
0.243591
0.243591
0.498580
0.498580
0.081909
0.081909
0.167801
0.167801
0.369896
0.369896
0.124541
0.124541
0.235064
0.235064
0.527636
0.527636
0.156231
0.156231
0.292695
0.292695
0.114245
0.114245
0.148784
0.148784
0.247845
0.247845
0.194536
0.194536
0.360890
0.360890
0.234082
0.234082
0.384617
0.384617
0.091288
0.091288
0.223223
0.223223
0.206842
0.206842
0.157024
0.157024
0.377666
0.377666
0.076031
0.076031
0.392972
0.392972
0.199435
0.199435
0.179828
0.179828
0.250248
0.250248
0.238929
0.238929
0.244268
0.244268
0.109811
0.109811
0.141766
0.141766
0.147540
0.147540
0.259204
0.259204
0.356015
0.356015
0.576775
0.576775
0.131721
0.131721
0.292353
0.292353
0.269462
0.269462
0.131384
0.131384
0.519146
0.519146
0.181699
0.181699
0.243091
0.243091
0.200301
0.200301
0.306100
0.306100
0.161143
0.161143
0.239263
0.239263
0.159797
0.159797
0.177188
0.177188
0.435796
0.435796
0.332030
0.332030
0.377926
0.377926
0.311090
0.311090
0.259962
0.259962
0.506775
0.506775
0.266789
0.266789
0.289807
0.289807
0.267466
0.267466
0.373270
0.373270
0.210689
0.210689
0.270518
0.270518
0.270632
0.270632
0.108316
0.108316
0.351631
0.351631
0.114989
0.114989
0.224117
0.224117
0.134938
0.134938
0.106364
0.106364
0.135019
0.135019
0.222812
0.222812
0.153206
0.153206
0.107606
0.107606
0.263499
0.263499
0.131161
0.131161
0.391723
0.391723
0.373245
0.373245
0.098170
0.098170
0.242144
0.242144
0.223009
0.223009
0.209134
0.209134
0.198221
0.198221
0.282218
0.282218
0.246747
0.246747
0.192992
0.192992
0.301029
0.301029
0.154399
0.154399
0.202785
0.202785
0.303041
0.303041
0.217566
0.217566
0.113749
0.113749
0.270670
0.270670
0.114086
0.114086
0.194239
0.194239
0.175911
0.175911
0.268465
0.268465
0.130619
0.130619
0.361989
0.361989
0.224802
0.224802
0.250271
0.250271
0.218060
0.218060
0.298677
0.298677
0.123905
0.123905
0.272553
0.272553
0.265527
0.265527
0.134439
0.134439
0.130318
0.130318
0.420976
0.420976
0.592892
0.592892
0.403929
0.403929
0.190156
0.190156
0.225330
0.225330
0.217143
0.217143
0.137996
0.137996
0.385253
0.385253
0.317918
0.317918
0.259046
0.259046
0.153934
0.153934
0.477728
0.477728
0.201328
0.201328
0.229720
0.229720
0.513505
0.513505
0.247492
0.247492
0.163748
0.163748
0.236697
0.236697
0.601710
0.601710
0.295064
0.295064
0.077365
0.077365
0.229776
0.229776
0.325547
0.325547
0.161956
0.161956
0.112782
0.112782
0.420672
0.420672
0.084907
0.084907
0.146634
0.146634
0.065211
0.065211
0.144616
0.144616
0.247766
0.247766
0.345032
0.345032
0.113537
0.113537
0.261620
0.261620
0.167290
0.167290
0.178474
0.178474
0.284283
0.284283
0.113005
0.113005
0.391304
0.391304
0.118803
0.118803
0.341648
0.341648
0.228392
0.228392
0.232612
0.232612
0.103812
0.103812
0.168066
0.168066
0.308319
0.308319
0.298791
0.298791
0.133342
0.133342
0.365230
0.365230
0.216005
0.216005
0.447351
0.447351
0.121218
0.121218
0.091725
0.091725
0.127255
0.127255
0.160644
0.160644
0.205775
0.205775
0.191815
0.191815
0.170040
0.170040
0.136551
0.136551
0.235313
0.235313
0.282821
0.282821
0.257553
0.257553
0.337570
0.337570
0.325582
0.325582
0.271945
0.271945
0.285640
0.285640
0.340721
0.340721
0.126984
0.126984
0.163585
0.163585
0.080743
0.080743
0.200415
0.200415
0.100400
0.100400
0.261830
0.261830
0.174974
0.174974
0.381659
0.381659
0.250627
0.250627
0.386748
0.386748
0.394017
0.394017
0.096987
0.096987
0.225182
0.225182
0.197265
0.197265
0.321076
0.321076
0.140411
0.140411
0.143156
0.143156
0.135672
0.135672
0.138339
0.138339
0.249947
0.249947
0.555951
0.555951
0.115024
0.115024
0.173654
0.173654
0.331563
0.331563
0.079182
0.079182
0.273318
0.273318
0.185261
0.185261
0.195128
0.195128
0.240220
0.240220
0.235933
0.235933
0.281189
0.281189
0.340038
0.340038
0.303508
0.303508
0.320436
0.320436
0.240855
0.240855
0.325614
0.325614
0.232571
0.232571
0.293035
0.293035
0.296822
0.296822
0.117384
0.117384
0.237564
0.237564
0.332813
0.332813
0.516764
0.516764
0.280028
0.280028
0.172250
0.172250
0.122612
0.122612
0.270370
0.270370
0.122309
0.122309
0.128315
0.128315
0.342242
0.342242
0.122736
0.122736
0.307598
0.307598
0.320329
0.320329
0.535168
0.535168
0.192248
0.192248
0.218718
0.218718
0.351697
0.351697
0.221094
0.221094
0.194557
0.194557
0.366938
0.366938
0.260567
0.260567
0.192617
0.192617
0.155472
0.155472
0.177927
0.177927
0.388273
0.388273
0.131709
0.131709
0.235359
0.235359
0.432697
0.432697
0.442020
0.442020
0.125508
0.125508
0.110699
0.110699
0.307579
0.307579
0.133296
0.133296
0.435692
0.435692
0.132370
0.132370
0.396949
0.396949
0.155890
0.155890
0.214427
0.214427
0.303676
0.303676
0.285493
0.285493
0.084639
0.084639
0.252977
0.252977
0.346541
0.346541
0.523721
0.523721
0.266057
0.266057
0.181422
0.181422
0.206737
0.206737
0.129817
0.129817
0.254834
0.254834
0.146110
0.146110
0.424595
0.424595
0.395053
0.395053
0.205512
0.205512
0.388001
0.388001
0.253056
0.253056
0.234259
0.234259
0.105643
0.105643
0.255112
0.255112
0.508462
0.508462
0.401614
0.401614
0.167371
0.167371
0.220268
0.220268
0.272518
0.272518
0.135863
0.135863
0.245908
0.245908
0.164672
0.164672
0.095875
0.095875
0.184540
0.184540
0.349395
0.349395
0.349493
0.349493
0.123714
0.123714
0.314571
0.314571
0.124237
0.124237
0.375955
0.375955
0.362043
0.362043
0.124425
0.124425
0.097545
0.097545
0.131466
0.131466
0.198508
0.198508
0.055827
0.055827
0.151968
0.151968
0.183460
0.183460
0.628778
0.628778
0.141762
0.141762
0.208387
0.208387
0.096170
0.096170
0.243879
0.243879
0.400159
0.400159
0.258059
0.258059
0.171474
0.171474
0.225910
0.225910
0.292007
0.292007
0.250147
0.250147
0.252477
0.252477
0.238525
0.238525
0.240411
0.240411
0.046504
0.046504
0.501466
0.501466
0.277452
0.277452
0.155376
0.155376
0.255724
0.255724
0.348759
0.348759
0.197473
0.197473
0.271695
0.271695
0.074714
0.074714
0.339605
0.339605
0.093432
0.093432
0.194904
0.194904
0.167535
0.167535
0.288853
0.288853
0.492630
0.492630
0.252307
0.252307
0.123403
0.123403
0.269176
0.269176
0.639454
0.639454
0.294761
0.294761
0.320438
0.320438
0.176713
0.176713
0.238678
0.238678
0.326510
0.326510
0.218558
0.218558
0.072562
0.072562
0.440408
0.440408
0.192478
0.192478
0.167518
0.167518
0.167639
0.167639
0.188644
0.188644
0.195352
0.195352
0.225151
0.225151
0.317854
0.317854
0.261116
0.261116
0.232472
0.232472
0.057335
0.057335
0.275844
0.275844
0.115750
0.115750
0.176220
0.176220
0.060662
0.060662
0.434075
0.434075
0.298394
0.298394
0.141577
0.141577
0.076412
0.076412
0.194543
0.194543
0.159853
0.159853
0.173793
0.173793
0.270621
0.270621
0.196517
0.196517
0.115730
0.115730
0.096881
0.096881
0.630074
0.630074
0.065750
0.065750
0.196304
0.196304
0.263570
0.263570
0.210370
0.210370
0.164938
0.164938
0.091508
0.091508
0.227258
0.227258
0.345103
0.345103
0.176193
0.176193
0.309633
0.309633
0.095703
0.095703
0.326947
0.326947
0.310872
0.310872
0.296236
0.296236
0.419089
0.419089
0.335965
0.335965
0.223724
0.223724
0.240610
0.240610
0.232583
0.232583
0.096035
0.096035
0.110206
0.110206
0.168142
0.168142
0.467931
0.467931
0.327904
0.327904
0.441699
0.441699
0.447821
0.447821
0.297221
0.297221
0.160957
0.160957
0.175730
0.175730
0.114104
0.114104
0.254727
0.254727
0.168990
0.168990
0.378299
0.378299
0.212448
0.212448
0.221132
0.221132
0.399003
0.399003
0.082196
0.082196
0.199872
0.199872
0.437778
0.437778
0.281306
0.281306
0.385363
0.385363
0.191800
0.191800
0.218228
0.218228
0.339921
0.339921
0.222745
0.222745
0.181105
0.181105
0.103618
0.103618
0.152128
0.152128
0.276618
0.276618
0.150433
0.150433
0.223050
0.223050
0.134134
0.134134
0.901344
0.901344
0.211963
0.211963
0.115695
0.115695
0.240933
0.240933
0.106593
0.106593
0.125779
0.125779
0.264994
0.264994
0.469098
0.469098
0.265083
0.265083
0.238950
0.238950
0.338595
0.338595
0.284302
0.284302
0.121626
0.121626
0.378508
0.378508
0.092564
0.092564
0.112088
0.112088
0.134427
0.134427
0.322417
0.322417
0.439195
0.439195
0.105357
0.105357
0.460495
0.460495
0.411331
0.411331
0.115111
0.115111
0.168768
0.168768
0.141956
0.141956
0.426486
0.426486
0.210879
0.210879
0.204018
0.204018
0.133917
0.133917
0.120146
0.120146
0.209384
0.209384
0.115085
0.115085
0.135317
0.135317
0.118741
0.118741
0.127362
0.127362
0.199072
0.199072
0.240501
0.240501
0.204653
0.204653
0.364259
0.364259
0.151649
0.151649
0.127073
0.127073
0.187118
0.187118
0.279734
0.279734
0.109945
0.109945
0.213721
0.213721
0.180374
0.180374
0.306558
0.306558
0.147415
0.147415
0.176887
0.176887
0.312843
0.312843
0.235116
0.235116
0.258475
0.258475
0.078792
0.078792
0.262171
0.262171
0.207481
0.207481
0.333869
0.333869
0.246233
0.246233
0.096206
0.096206
0.417419
0.417419
0.254552
0.254552
0.336421
0.336421
0.267722
0.267722
0.119337
0.119337
0.148904
0.148904
0.171273
0.171273
0.389989
0.389989
0.369048
0.369048
0.246100
0.246100
0.268618
0.268618
0.705872
0.705872
0.252625
0.252625
0.123002
0.123002
0.262092
0.262092
0.388991
0.388991
0.464728
0.464728
0.227823
0.227823
0.235304
0.235304
0.282822
0.282822
0.329827
0.329827
0.148456
0.148456
0.364416
0.364416
0.321242
0.321242
0.161541
0.161541
0.332912
0.332912
0.354665
0.354665
0.298260
0.298260
0.411871
0.411871
0.171414
0.171414
0.489212
0.489212
0.279178
0.279178
0.324572
0.324572
0.260660
0.260660
0.177694
0.177694
0.076079
0.076079
0.198366
0.198366
0.110117
0.110117
0.070828
0.070828
0.195799
0.195799
0.355018
0.355018
0.074111
0.074111
0.238436
0.238436
0.165712
0.165712
0.284920
0.284920
0.081773
0.081773
0.126698
0.126698
0.133121
0.133121
0.123254
0.123254
0.151660
0.151660
0.332375
0.332375
0.345651
0.345651
0.114127
0.114127
0.100530
0.100530
0.149343
0.149343
0.342318
0.342318
0.144691
0.144691
0.362032
0.362032
0.193111
0.193111
0.190783
0.190783
0.276180
0.276180
0.399631
0.399631
0.230456
0.230456
0.107222
0.107222
0.176617
0.176617
0.256200
0.256200
0.270162
0.270162
0.135766
0.135766
0.254420
0.254420
0.199215
0.199215
0.189948
0.189948
0.365405
0.365405
0.154019
0.154019
0.172880
0.172880
0.510307
0.510307
0.177842
0.177842
0.368677
0.368677
0.219119
0.219119
0.185718
0.185718
0.263666
0.263666
0.336626
0.336626
0.290083
0.290083
0.333083
0.333083
0.106794
0.106794
0.099021
0.099021
0.065757
0.065757
0.147754
0.147754
0.236818
0.236818
0.320731
0.320731
0.227704
0.227704
0.173211
0.173211
0.090463
0.090463
0.263967
0.263967
0.328632
0.328632
0.482506
0.482506
0.083047
0.083047
0.131688
0.131688
0.120265
0.120265
0.240474
0.240474
0.119010
0.119010
0.196097
0.196097
0.517126
0.517126
0.254177
0.254177
0.357256
0.357256
0.270320
0.270320
0.474316
0.474316
0.290148
0.290148
0.295092
0.295092
0.078933
0.078933
0.164678
0.164678
0.184325
0.184325
0.444187
0.444187
0.186011
0.186011
0.166812
0.166812
0.108214
0.108214
0.198802
0.198802
0.317187
0.317187
0.491735
0.491735
0.172313
0.172313
0.313704
0.313704
0.065355
0.065355
0.282270
0.282270
0.236719
0.236719
0.258617
0.258617
0.212135
0.212135
0.245303
0.245303
0.428289
0.428289
0.281085
0.281085
0.187148
0.187148
0.299279
0.299279
0.404115
0.404115
0.434825
0.434825
0.206488
0.206488
0.189843
0.189843
0.062523
0.062523
0.250641
0.250641
0.418974
0.418974
0.109638
0.109638
0.095761
0.095761
0.426565
0.426565
0.069455
0.069455
0.201778
0.201778
0.174165
0.174165
0.172937
0.172937
0.108166
0.108166
0.474384
0.474384
0.302415
0.302415
0.192960
0.192960
0.132219
0.132219
0.219643
0.219643
0.295185
0.295185
0.568649
0.568649
0.337502
0.337502
0.320359
0.320359
0.055723
0.055723
0.130259
0.130259
0.124675
0.124675
0.342173
0.342173
0.366281
0.366281
0.353111
0.353111
0.118257
0.118257
0.481829
0.481829
0.351928
0.351928
0.437096
0.437096
0.192170
0.192170
0.229270
0.229270
0.173644
0.173644
0.099809
0.099809
0.545201
0.545201
0.620217
0.620217
0.057155
0.057155
0.456911
0.456911
0.252432
0.252432
0.231505
0.231505
0.165950
0.165950
0.368991
0.368991
0.205293
0.205293
0.181033
0.181033
0.285468
0.285468
0.064144
0.064144
0.176091
0.176091
0.160467
0.160467
0.272259
0.272259
0.233971
0.233971
0.326719
0.326719
0.343323
0.343323
0.103200
0.103200
0.146993
0.146993
0.231608
0.231608
0.126834
0.126834
0.107659
0.107659
0.140241
0.140241
0.316262
0.316262
0.097134
0.097134
0.148221
0.148221
0.167846
0.167846
0.164386
0.164386
0.164155
0.164155
0.085845
0.085845
0.336591
0.336591
0.160664
0.160664
0.339814
0.339814
0.184337
0.184337
0.204724
0.204724
0.215436
0.215436
0.069694
0.069694
0.315698
0.315698
0.167589
0.167589
0.173311
0.173311
0.167025
0.167025
0.118036
0.118036
0.150180
0.150180
0.193444
0.193444
0.134142
0.134142
0.091241
0.091241
0.214095
0.214095
0.192589
0.192589
0.214571
0.214571
0.367402
0.367402
0.158420
0.158420
0.331411
0.331411
0.360404
0.360404
0.359516
0.359516
0.271639
0.271639
0.112515
0.112515
0.312437
0.312437
0.131602
0.131602
0.134564
0.134564
0.273613
0.273613
0.089344
0.089344
0.282844
0.282844
0.305154
0.305154
0.173365
0.173365
0.195039
0.195039
0.138216
0.138216
0.153240
0.153240
0.100454
0.100454
0.108465
0.108465
0.350149
0.350149
0.136151
0.136151
0.131770
0.131770
0.148222
0.148222
0.090997
0.090997
0.072707
0.072707
0.205939
0.205939
0.282332
0.282332
0.109202
0.109202
0.184509
0.184509
0.457935
0.457935
0.350381
0.350381
0.164635
0.164635
0.175687
0.175687
0.310910
0.310910
0.173852
0.173852
0.338496
0.338496
0.098998
0.098998
0.469031
0.469031
0.177219
0.177219
0.081633
0.081633
0.227813
0.227813
0.134085
0.134085
0.078884
0.078884
0.328967
0.328967
0.423367
0.423367
0.213650
0.213650
0.208591
0.208591
0.308751
0.308751
0.350604
0.350604
0.193855
0.193855
0.249279
0.249279
0.353305
0.353305
0.337287
0.337287
0.188901
0.188901
0.276386
0.276386
0.193377
0.193377
0.268970
0.268970
0.319643
0.319643
0.283639
0.283639
0.737608
0.737608
0.297767
0.297767
0.155871
0.155871
0.205538
0.205538
0.664901
0.664901
0.221335
0.221335
0.230355
0.230355
0.084237
0.084237
0.269543
0.269543
0.213884
0.213884
0.093195
0.093195
0.204091
0.204091
0.147248
0.147248
0.165812
0.165812
0.217065
0.217065
0.107084
0.107084
0.201337
0.201337
0.195325
0.195325
0.069676
0.069676
0.209394
0.209394
0.247436
0.247436
0.173942
0.173942
0.144611
0.144611
0.393574
0.393574
0.382390
0.382390
0.221113
0.221113
0.199935
0.199935
0.234047
0.234047
0.196924
0.196924
0.188248
0.188248
0.166746
0.166746
0.106302
0.106302
0.173645
0.173645
0.215002
0.215002
0.208272
0.208272
0.201622
0.201622
0.187232
0.187232
0.235177
0.235177
0.140020
0.140020
0.116172
0.116172
0.071416
0.071416
0.249051
0.249051
0.174798
0.174798
0.161747
0.161747
0.162153
0.162153
0.165463
0.165463
0.207513
0.207513
0.191837
0.191837
0.410111
0.410111
0.151810
0.151810
0.222302
0.222302
0.114440
0.114440
0.146633
0.146633
0.183568
0.183568
0.259209
0.259209
0.160477
0.160477
0.141663
0.141663
0.089151
0.089151
0.207609
0.207609
0.059726
0.059726
0.426282
0.426282
0.346681
0.346681
0.196842
0.196842
0.236028
0.236028
0.174784
0.174784
0.287804
0.287804
0.371671
0.371671
0.347639
0.347639
0.325659
0.325659
0.376230
0.376230
0.184499
0.184499
0.470745
0.470745
0.213916
0.213916
0.374132
0.374132
0.394294
0.394294
0.179485
0.179485
0.507174
0.507174
0.119612
0.119612
0.140891
0.140891
0.108795
0.108795
0.090927
0.090927
0.246908
0.246908
0.247447
0.247447
0.174773
0.174773
0.184638
0.184638
0.170986
0.170986
0.229984
0.229984
0.128330
0.128330
0.180836
0.180836
0.329059
0.329059
0.149048
0.149048
0.354337
0.354337
0.292254
0.292254
0.133283
0.133283
0.124212
0.124212
0.192230
0.192230
0.156264
0.156264
0.271932
0.271932
0.282186
0.282186
0.378605
0.378605
0.374081
0.374081
0.510378
0.510378
0.553441
0.553441
0.353240
0.353240
0.213331
0.213331
0.249788
0.249788
0.097480
0.097480
0.162208
0.162208
0.061195
0.061195
0.229539
0.229539
0.211848
0.211848
0.210347
0.210347
0.168283
0.168283
0.347431
0.347431
0.143426
0.143426
0.154060
0.154060
0.112804
0.112804
0.159376
0.159376
0.184547
0.184547
0.190526
0.190526
0.148574
0.148574
0.076467
0.076467
0.282830
0.282830
0.330630
0.330630
0.219112
0.219112
0.136006
0.136006
0.221636
0.221636
0.148084
0.148084
0.300850
0.300850
0.224823
0.224823
0.551639
0.551639
0.283880
0.283880
0.235379
0.235379
0.243374
0.243374
0.272361
0.272361
0.098651
0.098651
0.234487
0.234487
0.291043
0.291043
0.085872
0.085872
0.173118
0.173118
0.199374
0.199374
0.390403
0.390403
0.154913
0.154913
0.181911
0.181911
0.403759
0.403759
0.306060
0.306060
0.291434
0.291434
0.086342
0.086342
0.101288
0.101288
0.237671
0.237671
0.192987
0.192987
0.094738
0.094738
0.385788
0.385788
0.248379
0.248379
0.195603
0.195603
0.226798
0.226798
0.222591
0.222591
0.143064
0.143064
0.106292
0.106292
0.346474
0.346474
0.189746
0.189746
0.137893
0.137893
0.453081
0.453081
0.827803
0.827803
0.232816
0.232816
0.089066
0.089066
0.071920
0.071920
0.150336
0.150336
0.485468
0.485468
0.198684
0.198684
0.130493
0.130493
0.451956
0.451956
0.200535
0.200535
0.127188
0.127188
0.059207
0.059207
0.288206
0.288206
0.198621
0.198621
0.189204
0.189204
0.315421
0.315421
0.418227
0.418227
0.329364
0.329364
0.320825
0.320825
0.099885
0.099885
0.215502
0.215502
0.241736
0.241736
0.212002
0.212002
0.207149
0.207149
0.432782
0.432782
0.302298
0.302298
0.350209
0.350209
0.218895
0.218895
0.093702
0.093702
0.100007
0.100007
0.122297
0.122297
0.223227
0.223227
0.301729
0.301729
0.222168
0.222168
0.329318
0.329318
0.337884
0.337884
0.219559
0.219559
0.181114
0.181114
0.548153
0.548153
0.563899
0.563899
0.217020
0.217020
0.236928
0.236928
0.133512
0.133512
0.155740
0.155740
0.218121
0.218121
0.165716
0.165716
0.241845
0.241845
0.237472
0.237472
0.170953
0.170953
0.198025
0.198025
0.089098
0.089098
0.299370
0.299370
0.159338
0.159338
0.322049
0.322049
0.111250
0.111250
0.236521
0.236521
0.075706
0.075706
0.308240
0.308240
0.124380
0.124380
0.116897
0.116897
0.098387
0.098387
0.257001
0.257001
0.220594
0.220594
0.310030
0.310030
0.143197
0.143197
0.278854
0.278854
0.240246
0.240246
0.305077
0.305077
0.236520
0.236520
0.079231
0.079231
0.143667
0.143667
0.388601
0.388601
0.131832
0.131832
0.248739
0.248739
0.148676
0.148676
0.213008
0.213008
0.369887
0.369887
0.154879
0.154879
0.237324
0.237324
0.189903
0.189903
0.126882
0.126882
0.210622
0.210622
0.097921
0.097921
0.256069
0.256069
0.375029
0.375029
0.383803
0.383803
0.376658
0.376658
0.141020
0.141020
0.101540
0.101540
0.279936
0.279936
0.164151
0.164151
0.230383
0.230383
0.077743
0.077743
0.305196
0.305196
0.239784
0.239784
0.175224
0.175224
0.216960
0.216960
0.161738
0.161738
0.614424
0.614424
0.135341
0.135341
0.273239
0.273239
0.314225
0.314225
0.215253
0.215253
0.356421
0.356421
0.174495
0.174495
0.126515
0.126515
0.330402
0.330402
0.058623
0.058623
0.427865
0.427865
0.382744
0.382744
0.117361
0.117361
0.187055
0.187055
0.159659
0.159659
0.121358
0.121358
0.145038
0.145038
0.309172
0.309172
0.516243
0.516243
0.111147
0.111147
0.343511
0.343511
0.280503
0.280503
0.096761
0.096761
0.323211
0.323211
0.080023
0.080023
0.163125
0.163125
0.324657
0.324657
0.321675
0.321675
0.147327
0.147327
0.138549
0.138549
0.209252
0.209252
0.099462
0.099462
0.243154
0.243154
0.201078
0.201078
0.321408
0.321408
0.317293
0.317293
0.116871
0.116871
0.224828
0.224828
0.180258
0.180258
0.391081
0.391081
0.187807
0.187807
0.245456
0.245456
0.087252
0.087252
0.438108
0.438108
0.197350
0.197350
0.069885
0.069885
0.133087
0.133087
0.100223
0.100223
0.258892
0.258892
0.105799
0.105799
0.356818
0.356818
0.196049
0.196049
0.423231
0.423231
0.299867
0.299867
0.336423
0.336423
0.165862
0.165862
0.141709
0.141709
0.396754
0.396754
0.265812
0.265812
0.192226
0.192226
0.163266
0.163266
0.310284
0.310284
0.223492
0.223492
0.185934
0.185934
0.072882
0.072882
0.162871
0.162871
0.229980
0.229980
0.487851
0.487851
0.298602
0.298602
0.180565
0.180565
0.054738
0.054738
0.365279
0.365279
0.139172
0.139172
0.301925
0.301925
0.237680
0.237680
0.066673
0.066673
0.313914
0.313914
0.298466
0.298466
0.245845
0.245845
0.083177
0.083177
0.503941
0.503941
0.100489
0.100489
0.241911
0.241911
0.257073
0.257073
0.192948
0.192948
0.210283
0.210283
0.164627
0.164627
0.231705
0.231705
0.232137
0.232137
0.139199
0.139199
0.423023
0.423023
0.468788
0.468788
0.333753
0.333753
0.405673
0.405673
0.335004
0.335004
0.321542
0.321542
0.143737
0.143737
0.218966
0.218966
0.313071
0.313071
0.306735
0.306735
0.183787
0.183787
0.077262
0.077262
0.397852
0.397852
0.261091
0.261091
0.332393
0.332393
0.089231
0.089231
0.234127
0.234127
0.404414
0.404414
0.095568
0.095568
0.237242
0.237242
0.149084
0.149084
0.147938
0.147938
0.294694
0.294694
0.267590
0.267590
0.051699
0.051699
0.168640
0.168640
0.125986
0.125986
0.371442
0.371442
0.097921
0.097921
0.134838
0.134838
0.266025
0.266025
0.264607
0.264607
0.095529
0.095529
0.130223
0.130223
0.314957
0.314957
0.180743
0.180743
0.370570
0.370570
0.128086
0.128086
0.133457
0.133457
0.108553
0.108553
0.130648
0.130648
0.132749
0.132749
0.211975
0.211975
0.283263
0.283263
0.130007
0.130007
0.301214
0.301214
0.133251
0.133251
0.240652
0.240652
0.260697
0.260697
0.260918
0.260918
0.083074
0.083074
0.194250
0.194250
0.104750
0.104750
0.093956
0.093956
0.142512
0.142512
0.063712
0.063712
0.409399
0.409399
0.083957
0.083957
0.178873
0.178873
0.239724
0.239724
0.296638
0.296638
0.224268
0.224268
0.299044
0.299044
0.191296
0.191296
0.346953
0.346953
0.304622
0.304622
0.427437
0.427437
0.270323
0.270323
0.156205
0.156205
0.184862
0.184862
0.185844
0.185844
0.208373
0.208373
0.297605
0.297605
0.063934
0.063934
0.396542
0.396542
0.323893
0.323893
0.149530
0.149530
0.257929
0.257929
0.069853
0.069853
0.105188
0.105188
0.121123
0.121123
0.312930
0.312930
0.374561
0.374561
0.341071
0.341071
0.335723
0.335723
0.206775
0.206775
0.224453
0.224453
0.554965
0.554965
0.083646
0.083646
0.096013
0.096013
0.256086
0.256086
0.220693
0.220693
0.213775
0.213775
0.179267
0.179267
0.151894
0.151894
0.352915
0.352915
0.215434
0.215434
0.079136
0.079136
0.204182
0.204182
0.320673
0.320673
0.231773
0.231773
0.204282
0.204282
0.238542
0.238542
0.313084
0.313084
0.208955
0.208955
0.158856
0.158856
0.052498
0.052498
0.369840
0.369840
0.163606
0.163606
0.141779
0.141779
0.201798
0.201798
0.121346
0.121346
0.147421
0.147421
0.139681
0.139681
0.084581
0.084581
0.304859
0.304859
0.175926
0.175926
0.275286
0.275286
0.486346
0.486346
0.358643
0.358643
0.136758
0.136758
0.251623
0.251623
0.325217
0.325217
0.165773
0.165773
0.072913
0.072913
0.269416
0.269416
0.244758
0.244758
0.235217
0.235217
0.228067
0.228067
0.196684
0.196684
0.110673
0.110673
0.309304
0.309304
0.279006
0.279006
0.237165
0.237165
0.192364
0.192364
0.520433
0.520433
0.163037
0.163037
0.179064
0.179064
0.274772
0.274772
0.373824
0.373824
0.168389
0.168389
0.164706
0.164706
0.117017
0.117017
0.174377
0.174377
0.292788
0.292788
0.149974
0.149974
0.088870
0.088870
0.339788
0.339788
0.103793
0.103793
0.308752
0.308752
0.086417
0.086417
0.115157
0.115157
0.192143
0.192143
0.113036
0.113036
0.081681
0.081681
0.225305
0.225305
0.360815
0.360815
0.395490
0.395490
0.059679
0.059679
0.138979
0.138979
0.170605
0.170605
0.150742
0.150742
0.291394
0.291394
0.051600
0.051600
0.071524
0.071524
0.139305
0.139305
0.460113
0.460113
0.433091
0.433091
0.277685
0.277685
0.070419
0.070419
0.386324
0.386324
0.148839
0.148839
0.146987
0.146987
0.125673
0.125673
0.511346
0.511346
0.206006
0.206006
0.238453
0.238453
0.201216
0.201216
0.369469
0.369469
0.340264
0.340264
0.196644
0.196644
0.252658
0.252658
0.371681
0.371681
0.234634
0.234634
0.099355
0.099355
0.254674
0.254674
0.238922
0.238922
0.086731
0.086731
0.321150
0.321150
0.175128
0.175128
0.287134
0.287134
0.093118
0.093118
0.050890
0.050890
0.110951
0.110951
0.157335
0.157335
0.172892
0.172892
0.130526
0.130526
0.128355
0.128355
0.368661
0.368661
0.242496
0.242496
0.357584
0.357584
0.256922
0.256922
0.130494
0.130494
0.118669
0.118669
0.187570
0.187570
0.531553
0.531553
0.084801
0.084801
0.111301
0.111301
0.427353
0.427353
0.070917
0.070917
0.250773
0.250773
0.248270
0.248270
0.191648
0.191648
0.135173
0.135173
0.150759
0.150759
0.178421
0.178421
0.245051
0.245051
0.250017
0.250017
0.381068
0.381068
0.206075
0.206075
0.136344
0.136344
0.187586
0.187586
0.392399
0.392399
0.202533
0.202533
0.280249
0.280249
0.171051
0.171051
0.221736
0.221736
0.372496
0.372496
0.159179
0.159179
0.178512
0.178512
0.096237
0.096237
0.232891
0.232891
0.096214
0.096214
0.186435
0.186435
0.117725
0.117725
0.108589
0.108589
0.291255
0.291255
0.064501
0.064501
0.261705
0.261705
0.408939
0.408939
0.112449
0.112449
0.301162
0.301162
0.512989
0.512989
0.396798
0.396798
0.076597
0.076597
0.235944
0.235944
0.095812
0.095812
0.197053
0.197053
0.448046
0.448046
0.343420
0.343420
0.137057
0.137057
0.041874
0.041874
0.234063
0.234063
0.348984
0.348984
0.241605
0.241605
0.117206
0.117206
0.135745
0.135745
0.266783
0.266783
0.239909
0.239909
0.108431
0.108431
0.365019
0.365019
0.207526
0.207526
0.126742
0.126742
0.351563
0.351563
0.114868
0.114868
0.141660
0.141660
0.391306
0.391306
0.149082
0.149082
0.132961
0.132961
0.065810
0.065810
0.146173
0.146173
0.142866
0.142866
0.178777
0.178777
0.134802
0.134802
0.259589
0.259589
0.302270
0.302270
0.421248
0.421248
0.133224
0.133224
0.242109
0.242109
0.409263
0.409263
0.169086
0.169086
0.173456
0.173456
0.088022
0.088022
0.142329
0.142329
0.272412
0.272412
0.278749
0.278749
0.373752
0.373752
0.127997
0.127997
0.211032
0.211032
0.176411
0.176411
0.175721
0.175721
0.270148
0.270148
0.123529
0.123529
0.112886
0.112886
0.260401
0.260401
0.125498
0.125498
0.149897
0.149897
0.546021
0.546021
0.184745
0.184745
0.259901
0.259901
0.350861
0.350861
0.298027
0.298027
0.114075
0.114075
0.371980
0.371980
0.292879
0.292879
0.320334
0.320334
0.194353
0.194353
0.167489
0.167489
0.308633
0.308633
0.416238
0.416238
0.279657
0.279657
0.229812
0.229812
0.197481
0.197481
0.105765
0.105765
0.104575
0.104575
0.168321
0.168321
0.222599
0.222599
0.162731
0.162731
0.219209
0.219209
0.215413
0.215413
0.139106
0.139106
0.214400
0.214400
0.230169
0.230169
0.203310
0.203310
0.245858
0.245858
0.102128
0.102128
0.215874
0.215874
0.555978
0.555978
0.198005
0.198005
0.131149
0.131149
0.077030
0.077030
0.231010
0.231010
0.151853
0.151853
0.132276
0.132276
0.238402
0.238402
0.146170
0.146170
0.223267
0.223267
0.121163
0.121163
0.186821
0.186821
0.236255
0.236255
0.142270
0.142270
0.317282
0.317282
0.288036
0.288036
0.354882
0.354882
0.091987
0.091987
0.211840
0.211840
0.440085
0.440085
0.309105
0.309105
0.473018
0.473018
0.450850
0.450850
0.227075
0.227075
0.237710
0.237710
0.262548
0.262548
0.300331
0.300331
0.109115
0.109115
0.111004
0.111004
0.172976
0.172976
0.172628
0.172628
0.254997
0.254997
0.186634
0.186634
0.154533
0.154533
0.097574
0.097574
0.112592
0.112592
0.103874
0.103874
0.259828
0.259828
0.204553
0.204553
0.115036
0.115036
0.212317
0.212317
0.344767
0.344767
0.341954
0.341954
0.200825
0.200825
0.269052
0.269052
0.319792
0.319792
0.262847
0.262847
0.263428
0.263428
0.103225
0.103225
0.096103
0.096103
0.084361
0.084361
0.126971
0.126971
0.090771
0.090771
0.164068
0.164068
0.257981
0.257981
0.330767
0.330767
0.153722
0.153722
0.266404
0.266404
0.235397
0.235397
0.241680
0.241680
0.113137
0.113137
0.377239
0.377239
0.296415
0.296415
0.335467
0.335467
0.281444
0.281444
0.169390
0.169390
0.367158
0.367158
0.181132
0.181132
0.179135
0.179135
0.184680
0.184680
0.452311
0.452311
0.252065
0.252065
0.087661
0.087661
0.146164
0.146164
0.297731
0.297731
0.342422
0.342422
0.092075
0.092075
0.270566
0.270566
0.187285
0.187285
0.123669
0.123669
0.196053
0.196053
0.194358
0.194358
0.295297
0.295297
0.302769
0.302769
0.216508
0.216508
0.338416
0.338416
0.060087
0.060087
0.257092
0.257092
0.190036
0.190036
0.104854
0.104854
0.276449
0.276449
0.192642
0.192642
0.230127
0.230127
0.300414
0.300414
0.082087
0.082087
0.259106
0.259106
0.350620
0.350620
0.083559
0.083559
0.550072
0.550072
0.185585
0.185585
0.301202
0.301202
0.111474
0.111474
0.437411
0.437411
0.149251
0.149251
0.329823
0.329823
0.195286
0.195286
0.100355
0.100355
0.199103
0.199103
0.238201
0.238201
0.415634
0.415634
0.314148
0.314148
0.173807
0.173807
0.094107
0.094107
0.167411
0.167411
0.324700
0.324700
0.140052
0.140052
0.323360
0.323360
0.173767
0.173767
0.100856
0.100856
0.173700
0.173700
0.187807
0.187807
0.177852
0.177852
0.194970
0.194970
0.357261
0.357261
0.447130
0.447130
0.113630
0.113630
0.256063
0.256063
0.175380
0.175380
0.143285
0.143285
0.250474
0.250474
0.516783
0.516783
0.279352
0.279352
0.092555
0.092555
0.248828
0.248828
0.226647
0.226647
0.320418
0.320418
0.223321
0.223321
0.092773
0.092773
0.242036
0.242036
0.383159
0.383159
0.333748
0.333748
0.136918
0.136918
0.151727
0.151727
0.242470
0.242470
0.455088
0.455088
0.119000
0.119000
0.248737
0.248737
0.165440
0.165440
0.047049
0.047049
0.140335
0.140335
0.078081
0.078081
0.218432
0.218432
0.121336
0.121336
0.208833
0.208833
0.141660
0.141660
0.142225
0.142225
0.371591
0.371591
0.073310
0.073310
0.253491
0.253491
0.130473
0.130473
0.256220
0.256220
0.244771
0.244771
0.284633
0.284633
0.258367
0.258367
0.053019
0.053019
0.173094
0.173094
0.178305
0.178305
0.196742
0.196742
0.261368
0.261368
0.137683
0.137683
0.217155
0.217155
0.389484
0.389484
0.234834
0.234834
0.217347
0.217347
0.098835
0.098835
0.107741
0.107741
0.240174
0.240174
0.225149
0.225149
0.158150
0.158150
0.308321
0.308321
0.205651
0.205651
0.101770
0.101770
0.130585
0.130585
0.243163
0.243163
0.198262
0.198262
0.084203
0.084203
0.096071
0.096071
0.365767
0.365767
0.098957
0.098957
0.081250
0.081250
0.444894
0.444894
0.164089
0.164089
0.216203
0.216203
0.101128
0.101128
0.085115
0.085115
0.467257
0.467257
0.235489
0.235489
0.166445
0.166445
0.121921
0.121921
0.171873
0.171873
0.288774
0.288774
0.103122
0.103122
0.196630
0.196630
0.234879
0.234879
0.135669
0.135669
0.076731
0.076731
0.081162
0.081162
0.137380
0.137380
0.162985
0.162985
0.270375
0.270375
0.122367
0.122367
0.131956
0.131956
0.162493
0.162493
0.068571
0.068571
0.250043
0.250043
0.073442
0.073442
0.283785
0.283785
0.115578
0.115578
0.246438
0.246438
0.156762
0.156762
0.139993
0.139993
0.412470
0.412470
0.262100
0.262100
0.502989
0.502989
0.206318
0.206318
0.221449
0.221449
0.145616
0.145616
0.353139
0.353139
0.381969
0.381969
0.185358
0.185358
0.094504
0.094504
0.095030
0.095030
0.418671
0.418671
0.261467
0.261467
0.214331
0.214331
0.222500
0.222500
0.251488
0.251488
0.240834
0.240834
0.137925
0.137925
0.351549
0.351549
0.183672
0.183672
0.328556
0.328556
0.266872
0.266872
0.254201
0.254201
0.207402
0.207402
0.778770
0.778770
0.209722
0.209722
0.131991
0.131991
0.245552
0.245552
0.161208
0.161208
0.298321
0.298321
0.079458
0.079458
0.279485
0.279485
0.224097
0.224097
0.253686
0.253686
0.119003
0.119003
0.181349
0.181349
0.061953
0.061953
0.087810
0.087810
0.203782
0.203782
0.109653
0.109653
0.393396
0.393396
0.155827
0.155827
0.210315
0.210315
0.221862
0.221862
0.449133
0.449133
0.207828
0.207828
0.104064
0.104064
0.149007
0.149007
0.300814
0.300814
0.281135
0.281135
0.103904
0.103904
0.231392
0.231392
0.216370
0.216370
0.081841
0.081841
0.423958
0.423958
0.151131
0.151131
0.161434
0.161434
0.318347
0.318347
0.286554
0.286554
0.164038
0.164038
0.251269
0.251269
0.238826
0.238826
0.092701
0.092701
0.234290
0.234290
0.307601
0.307601
0.325922
0.325922
0.089868
0.089868
0.168998
0.168998
0.176315
0.176315
0.101393
0.101393
0.136465
0.136465
0.268151
0.268151
0.196224
0.196224
0.152032
0.152032
0.238878
0.238878
0.538888
0.538888
0.102201
0.102201
0.127183
0.127183
0.268792
0.268792
0.138010
0.138010
0.195494
0.195494
0.212788
0.212788
0.450815
0.450815
0.269500
0.269500
0.116134
0.116134
0.180721
0.180721
0.137897
0.137897
0.232979
0.232979
0.179886
0.179886
0.238772
0.238772
0.290048
0.290048
0.084517
0.084517
0.383657
0.383657
0.242413
0.242413
0.177606
0.177606
0.390116
0.390116
0.319839
0.319839
0.385240
0.385240
0.106871
0.106871
0.149973
0.149973
0.170945
0.170945
0.093759
0.093759
0.230098
0.230098
0.038015
0.038015
0.254036
0.254036
0.459183
0.459183
0.131005
0.131005
0.265103
0.265103
0.476875
0.476875
0.167134
0.167134
0.132677
0.132677
0.123525
0.123525
0.229392
0.229392
0.322339
0.322339
0.374154
0.374154
0.211943
0.211943
0.285646
0.285646
0.165327
0.165327
0.107750
0.107750
0.129618
0.129618
0.070131
0.070131
0.304404
0.304404
0.141362
0.141362
0.336569
0.336569
0.392046
0.392046
0.070894
0.070894
0.089721
0.089721
0.215025
0.215025
0.192232
0.192232
0.315680
0.315680
0.120556
0.120556
0.121564
0.121564
0.151244
0.151244
0.293125
0.293125
0.131846
0.131846
0.419120
0.419120
0.241150
0.241150
0.114987
0.114987
0.225086
0.225086
0.160730
0.160730
0.263574
0.263574
0.195380
0.195380
0.291408
0.291408
0.235657
0.235657
0.182675
0.182675
0.297444
0.297444
0.110684
0.110684
0.126761
0.126761
0.419333
0.419333
0.289444
0.289444
0.402247
0.402247
0.326528
0.326528
0.198750
0.198750
0.139696
0.139696
0.291720
0.291720
0.042694
0.042694
0.115996
0.115996
0.092048
0.092048
0.146732
0.146732
0.092255
0.092255
0.159193
0.159193
0.287115
0.287115
0.085530
0.085530
0.290804
0.290804
0.363332
0.363332
0.149982
0.149982
0.243982
0.243982
0.243534
0.243534
0.180867
0.180867
0.165488
0.165488
0.097439
0.097439
0.163952
0.163952
0.227936
0.227936
0.224515
0.224515
0.253541
0.253541
0.096784
0.096784
0.188179
0.188179
0.482154
0.482154
0.203015
0.203015
0.182997
0.182997
0.105250
0.105250
0.609067
0.609067
0.126357
0.126357
0.139860
0.139860
0.155184
0.155184
0.649183
0.649183
0.171890
0.171890
0.144566
0.144566
0.127734
0.127734
0.322020
0.322020
0.292063
0.292063
0.265253
0.265253
0.143274
0.143274
0.293988
0.293988
0.142162
0.142162
0.243422
0.243422
0.660717
0.660717
0.286156
0.286156
0.076247
0.076247
0.181012
0.181012
0.161374
0.161374
0.351892
0.351892
0.147340
0.147340
0.163301
0.163301
0.129336
0.129336
0.238483
0.238483
0.228479
0.228479
0.176998
0.176998
0.227059
0.227059
0.071713
0.071713
0.200259
0.200259
0.347143
0.347143
0.305359
0.305359
0.165903
0.165903
0.169350
0.169350
0.115018
0.115018
0.061309
0.061309
0.096022
0.096022
0.221317
0.221317
0.162288
0.162288
0.290191
0.290191
0.712614
0.712614
0.317205
0.317205
0.153098
0.153098
0.281190
0.281190
0.119285
0.119285
0.137732
0.137732
0.181816
0.181816
0.235346
0.235346
0.192182
0.192182
0.076542
0.076542
0.059945
0.059945
0.146307
0.146307
0.148895
0.148895
0.164693
0.164693
0.142235
0.142235
0.240706
0.240706
0.218141
0.218141
0.429412
0.429412
0.120379
0.120379
0.233623
0.233623
0.175169
0.175169
0.268540
0.268540
0.255274
0.255274
0.136204
0.136204
0.384034
0.384034
0.117554
0.117554
0.059689
0.059689
0.051511
0.051511
0.162554
0.162554
0.173928
0.173928
0.245256
0.245256
0.101681
0.101681
0.179895
0.179895
0.195213
0.195213
0.305984
0.305984
0.121482
0.121482
0.320893
0.320893
0.308889
0.308889
0.280358
0.280358
0.266309
0.266309
0.350301
0.350301
0.090226
0.090226
0.106819
0.106819
0.238612
0.238612
0.081665
0.081665
0.179973
0.179973
0.549723
0.549723
0.282343
0.282343
0.096436
0.096436
0.144836
0.144836
0.061174
0.061174
0.300315
0.300315
0.107097
0.107097
0.155934
0.155934
0.158547
0.158547
0.461294
0.461294
0.083097
0.083097
0.212554
0.212554
0.266190
0.266190
0.190033
0.190033
0.117939
0.117939
0.153520
0.153520
0.323380
0.323380
0.202823
0.202823
0.125866
0.125866
0.125806
0.125806
0.218888
0.218888
0.212504
0.212504
0.300678
0.300678
0.142667
0.142667
0.174853
0.174853
0.093177
0.093177
0.247430
0.247430
0.170906
0.170906
0.126340
0.126340
0.240720
0.240720
0.309731
0.309731
0.323985
0.323985
0.078323
0.078323
0.246525
0.246525
0.266784
0.266784
0.108170
0.108170
0.126955
0.126955
0.089335
0.089335
0.233086
0.233086
0.086414
0.086414
0.356200
0.356200
0.321943
0.321943
0.169810
0.169810
0.174956
0.174956
0.185875
0.185875
0.121573
0.121573
0.083319
0.083319
0.068454
0.068454
0.273359
0.273359
0.451074
0.451074
0.287585
0.287585
0.084761
0.084761
0.089248
0.089248
0.131317
0.131317
0.328443
0.328443
0.387827
0.387827
0.145713
0.145713
0.164650
0.164650
0.273631
0.273631
0.243508
0.243508
0.115205
0.115205
0.203627
0.203627
0.167378
0.167378
0.205437
0.205437
0.180114
0.180114
0.059364
0.059364
0.353844
0.353844
0.226344
0.226344
0.100608
0.100608
0.125547
0.125547
0.281842
0.281842
0.314708
0.314708
0.072932
0.072932
0.189880
0.189880
0.243970
0.243970
0.260578
0.260578
0.159441
0.159441
0.064325
0.064325
0.134539
0.134539
0.477123
0.477123
0.203535
0.203535
0.240448
0.240448
0.114795
0.114795
0.204853
0.204853
0.192154
0.192154
0.561518
0.561518
0.292477
0.292477
0.071901
0.071901
0.293368
0.293368
0.261434
0.261434
0.269284
0.269284
0.111743
0.111743
0.114054
0.114054
0.417749
0.417749
0.115635
0.115635
0.146096
0.146096
0.089252
0.089252
0.158059
0.158059
0.164198
0.164198
0.119137
0.119137
0.534650
0.534650
0.108448
0.108448
0.265906
0.265906
0.132950
0.132950
0.459581
0.459581
0.159059
0.159059
0.505348
0.505348
0.301058
0.301058
0.247050
0.247050
0.149509
0.149509
0.123225
0.123225
0.265744
0.265744
0.254747
0.254747
0.073405
0.073405
0.240554
0.240554
0.069572
0.069572
0.204199
0.204199
0.288619
0.288619
0.183349
0.183349
0.112505
0.112505
0.119767
0.119767
0.195875
0.195875
0.103331
0.103331
0.240876
0.240876
0.626084
0.626084
0.144337
0.144337
0.088207
0.088207
0.190756
0.190756
0.347147
0.347147
0.186802
0.186802
0.325867
0.325867
0.267560
0.267560
0.324078
0.324078
0.120781
0.120781
0.398274
0.398274
0.269169
0.269169
0.139267
0.139267
0.074839
0.074839
0.213387
0.213387
0.098463
0.098463
0.339288
0.339288
0.043435
0.043435
0.630387
0.630387
0.299661
0.299661
0.121050
0.121050
0.366944
0.366944
0.288476
0.288476
0.065271
0.065271
0.185040
0.185040
0.087580
0.087580
0.382723
0.382723
0.218556
0.218556
0.186858
0.186858
0.601077
0.601077
0.166324
0.166324
0.062222
0.062222
0.038995
0.038995
0.111382
0.111382
0.100485
0.100485
0.574656
0.574656
0.276898
0.276898
0.108166
0.108166
0.118017
0.118017
0.258518
0.258518
0.098890
0.098890
0.361675
0.361675
0.209592
0.209592
0.273739
0.273739
0.303632
0.303632
0.487165
0.487165
0.063879
0.063879
0.218771
0.218771
0.137012
0.137012
0.188917
0.188917
0.163177
0.163177
0.475978
0.475978
0.303610
0.303610
0.388036
0.388036
0.341220
0.341220
0.100685
0.100685
0.174415
0.174415
0.083843
0.083843
0.229875
0.229875
0.219954
0.219954
0.119451
0.119451
0.166710
0.166710
0.055359
0.055359
0.252338
0.252338
0.302317
0.302317
0.147408
0.147408
0.057031
0.057031
0.171097
0.171097
0.520941
0.520941
0.366635
0.366635
0.140988
0.140988
0.248395
0.248395
0.098667
0.098667
0.053041
0.053041
0.198316
0.198316
0.112205
0.112205
0.235680
0.235680
0.253900
0.253900
0.158797
0.158797
0.311484
0.311484
0.099415
0.099415
0.163282
0.163282
0.114936
0.114936
0.096171
0.096171
0.398651
0.398651
0.280269
0.280269
0.256628
0.256628
0.150140
0.150140
0.209116
0.209116
0.354776
0.354776
0.374371
0.374371
0.285716
0.285716
0.234847
0.234847
0.274289
0.274289
0.441955
0.441955
0.142096
0.142096
0.094859
0.094859
0.392633
0.392633
0.157204
0.157204
0.237894
0.237894
0.239783
0.239783
0.114197
0.114197
0.162226
0.162226
0.365778
0.365778
0.127132
0.127132
0.135161
0.135161
0.107736
0.107736
0.162361
0.162361
0.229046
0.229046
0.247857
0.247857
0.314671
0.314671
0.147662
0.147662
0.214787
0.214787
0.122392
0.122392
0.189101
0.189101
0.205812
0.205812
0.233460
0.233460
0.097601
0.097601
0.136439
0.136439
0.148423
0.148423
0.168263
0.168263
0.168689
0.168689
0.079964
0.079964
0.123024
0.123024
0.144176
0.144176
0.374418
0.374418
0.076520
0.076520
0.052948
0.052948
0.297206
0.297206
0.363180
0.363180
0.321293
0.321293
0.118629
0.118629
0.141887
0.141887
0.114778
0.114778
0.138610
0.138610
0.079577
0.079577
0.195537
0.195537
0.292595
0.292595
0.364330
0.364330
0.187014
0.187014
0.109799
0.109799
0.226757
0.226757
0.153983
0.153983
0.207773
0.207773
0.340630
0.340630
0.265455
0.265455
0.430127
0.430127
0.198075
0.198075
0.047957
0.047957
0.286433
0.286433
0.163440
0.163440
0.220442
0.220442
0.173095
0.173095
0.177147
0.177147
0.189565
0.189565
0.188889
0.188889
0.440089
0.440089
0.219617
0.219617
0.273687
0.273687
0.077706
0.077706
0.300145
0.300145
0.113134
0.113134
0.096069
0.096069
0.259790
0.259790
0.161880
0.161880
0.178859
0.178859
0.406627
0.406627
0.118370
0.118370
0.079163
0.079163
0.084964
0.084964
0.075175
0.075175
0.059322
0.059322
0.185521
0.185521
0.083306
0.083306
0.203748
0.203748
0.079586
0.079586
0.365637
0.365637
0.091918
0.091918
0.109343
0.109343
0.286246
0.286246
0.307423
0.307423
0.165780
0.165780
0.080610
0.080610
0.200729
0.200729
0.150051
0.150051
0.305908
0.305908
0.221485
0.221485
0.107901
0.107901
0.091414
0.091414
0.318813
0.318813
0.158905
0.158905
0.241670
0.241670
0.263344
0.263344
0.107347
0.107347
0.241877
0.241877
0.137741
0.137741
0.319590
0.319590
0.115997
0.115997
0.213256
0.213256
0.120218
0.120218
0.418903
0.418903
0.605451
0.605451
0.213624
0.213624
0.254978
0.254978
0.137908
0.137908
0.189086
0.189086
0.086821
0.086821
0.158615
0.158615
0.117378
0.117378
0.188363
0.188363
0.334880
0.334880
0.079700
0.079700
0.220026
0.220026
0.482841
0.482841
0.296375
0.296375
0.116231
0.116231
0.259057
0.259057
0.109585
0.109585
0.128643
0.128643
0.292837
0.292837
0.222301
0.222301
0.122479
0.122479
0.541855
0.541855
0.095067
0.095067
0.211228
0.211228
0.383615
0.383615
0.230240
0.230240
0.197832
0.197832
0.128072
0.128072
0.359271
0.359271
0.095521
0.095521
0.195789
0.195789
0.253741
0.253741
0.434934
0.434934
0.228541
0.228541
0.498232
0.498232
0.185260
0.185260
0.521076
0.521076
0.091151
0.091151
0.093503
0.093503
0.352930
0.352930
0.094434
0.094434
0.112775
0.112775
0.107935
0.107935
0.132314
0.132314
0.210315
0.210315
0.237971
0.237971
0.372798
0.372798
0.253491
0.253491
0.145897
0.145897
0.081463
0.081463
0.364886
0.364886
0.326827
0.326827
0.278016
0.278016
0.199390
0.199390
0.093200
0.093200
0.590659
0.590659
0.203008
0.203008
0.139149
0.139149
0.157456
0.157456
0.151342
0.151342
0.145531
0.145531
0.130172
0.130172
0.213720
0.213720
0.107588
0.107588
0.076854
0.076854
0.120129
0.120129
0.109568
0.109568
0.259917
0.259917
0.350404
0.350404
0.258091
0.258091
0.131480
0.131480
0.113012
0.113012
0.054440
0.054440
0.159185
0.159185
0.099624
0.099624
0.394171
0.394171
0.153384
0.153384
0.092572
0.092572
0.598169
0.598169
0.264036
0.264036
0.219590
0.219590
0.098619
0.098619
0.155987
0.155987
0.407493
0.407493
0.080233
0.080233
0.186636
0.186636
0.212252
0.212252
0.457843
0.457843
0.074559
0.074559
0.077256
0.077256
0.367973
0.367973
0.173583
0.173583
0.199086
0.199086
0.160827
0.160827
0.062577
0.062577
0.170059
0.170059
0.341960
0.341960
0.032604
0.032604
0.138410
0.138410
0.292937
0.292937
0.361801
0.361801
0.150637
0.150637
0.289777
0.289777
0.273434
0.273434
0.340385
0.340385
0.134208
0.134208
0.063930
0.063930
0.159127
0.159127
0.106519
0.106519
0.233419
0.233419
0.320131
0.320131
0.115603
0.115603
0.299242
0.299242
0.055882
0.055882
0.172871
0.172871
0.275445
0.275445
0.126737
0.126737
0.077337
0.077337
0.300773
0.300773
0.086041
0.086041
0.141713
0.141713
0.362244
0.362244
0.276996
0.276996
0.105339
0.105339
0.088222
0.088222
0.091557
0.091557
0.431052
0.431052
0.315250
0.315250
0.194298
0.194298
0.137766
0.137766
0.058237
0.058237
0.432903
0.432903
0.358557
0.358557
0.448901
0.448901
0.282067
0.282067
0.337706
0.337706
0.166030
0.166030
0.245282
0.245282
0.079626
0.079626
0.204899
0.204899
0.237660
0.237660
0.105915
0.105915
0.325387
0.325387
0.162763
0.162763
0.098493
0.098493
0.097923
0.097923
0.105602
0.105602
0.190107
0.190107
0.217258
0.217258
0.218773
0.218773
0.156538
0.156538
0.060655
0.060655
0.093052
0.093052
0.528657
0.528657
0.184185
0.184185
0.119024
0.119024
0.594354
0.594354
0.174074
0.174074
0.540690
0.540690
0.165554
0.165554
0.105067
0.105067
0.133889
0.133889
0.113523
0.113523
0.188684
0.188684
0.234576
0.234576
0.104914
0.104914
0.061592
0.061592
0.145026
0.145026
0.342136
0.342136
0.489414
0.489414
0.220363
0.220363
0.102559
0.102559
0.237671
0.237671
0.165109
0.165109
0.214628
0.214628
0.079600
0.079600
0.263011
0.263011
0.075906
0.075906
0.146396
0.146396
0.100633
0.100633
0.081950
0.081950
0.143040
0.143040
0.273439
0.273439
0.130646
0.130646
0.213667
0.213667
0.174510
0.174510
0.186593
0.186593
0.263472
0.263472
0.168281
0.168281
0.099809
0.099809
0.181740
0.181740
0.384643
0.384643
0.135027
0.135027
0.198840
0.198840
0.199165
0.199165
0.324760
0.324760
0.111636
0.111636
0.139274
0.139274
0.108436
0.108436
0.257112
0.257112
0.325484
0.325484
0.290785
0.290785
0.159076
0.159076
0.288697
0.288697
0.240584
0.240584
0.385276
0.385276
0.073546
0.073546
0.161835
0.161835
0.248689
0.248689
0.140539
0.140539
0.122293
0.122293
0.194829
0.194829
0.147663
0.147663
0.451706
0.451706
0.054445
0.054445
0.348431
0.348431
0.113896
0.113896
0.213257
0.213257
0.541558
0.541558
0.259815
0.259815
0.194385
0.194385
0.167115
0.167115
0.261422
0.261422
0.127074
0.127074
0.485916
0.485916
0.143058
0.143058
0.129482
0.129482
0.511198
0.511198
0.199884
0.199884
0.180351
0.180351
0.039652
0.039652
0.158547
0.158547
0.127737
0.127737
0.082484
0.082484
0.198872
0.198872
0.249774
0.249774
0.192352
0.192352
0.058775
0.058775
0.041281
0.041281
0.260355
0.260355
0.120364
0.120364
0.091324
0.091324
0.078627
0.078627
0.156394
0.156394
0.195816
0.195816
0.080971
0.080971
0.152640
0.152640
0.074519
0.074519
0.072480
0.072480
0.061579
0.061579
0.175943
0.175943
0.147267
0.147267
0.340478
0.340478
0.308136
0.308136
0.130633
0.130633
0.230679
0.230679
0.134260
0.134260
0.102263
0.102263
0.396044
0.396044
0.373374
0.373374
0.302402
0.302402
0.202447
0.202447
0.101158
0.101158
0.322698
0.322698
0.312396
0.312396
0.111785
0.111785
0.160000
0.160000
0.267063
0.267063
0.668264
0.668264
0.232049
0.232049
0.165085
0.165085
0.292854
0.292854
0.219049
0.219049
0.191679
0.191679
0.201749
0.201749
0.230539
0.230539
0.107396
0.107396
0.109641
0.109641
0.529611
0.529611
0.390509
0.390509
0.140206
0.140206
0.390910
0.390910
0.165518
0.165518
0.115106
0.115106
0.177144
0.177144
0.267111
0.267111
0.149904
0.149904
0.065403
0.065403
0.060310
0.060310
0.276460
0.276460
0.077392
0.077392
0.239750
0.239750
0.095976
0.095976
0.171369
0.171369
0.229600
0.229600
0.169081
0.169081
0.317269
0.317269
0.303809
0.303809
0.075469
0.075469
0.344354
0.344354
0.159552
0.159552
0.117544
0.117544
0.254671
0.254671
0.091219
0.091219
0.267637
0.267637
0.118068
0.118068
0.208088
0.208088
0.110195
0.110195
0.346217
0.346217
0.107306
0.107306
0.092542
0.092542
0.440103
0.440103
0.073855
0.073855
0.221430
0.221430
0.226123
0.226123
0.284192
0.284192
0.180217
0.180217
0.117765
0.117765
0.133604
0.133604
0.109606
0.109606
0.295785
0.295785
0.353600
0.353600
0.345814
0.345814
0.304088
0.304088
0.191895
0.191895
0.425416
0.425416
0.097878
0.097878
0.586857
0.586857
0.064409
0.064409
0.179475
0.179475
0.215224
0.215224
0.440330
0.440330
0.082325
0.082325
0.094390
0.094390
0.129101
0.129101
0.217273
0.217273
0.266947
0.266947
0.059794
0.059794
0.208605
0.208605
0.271761
0.271761
0.152032
0.152032
0.356222
0.356222
0.179981
0.179981
0.140507
0.140507
0.182072
0.182072
0.251066
0.251066
0.426391
0.426391
0.192498
0.192498
0.386373
0.386373
0.184961
0.184961
0.235979
0.235979
0.237909
0.237909
0.311845
0.311845
0.122827
0.122827
0.289936
0.289936
0.172560
0.172560
0.113657
0.113657
0.312323
0.312323
0.138292
0.138292
0.060065
0.060065
0.244675
0.244675
0.222227
0.222227
0.183124
0.183124
0.069197
0.069197
0.268361
0.268361
0.166130
0.166130
0.124885
0.124885
0.235660
0.235660
0.114315
0.114315
0.524633
0.524633
0.077418
0.077418
0.172578
0.172578
0.200516
0.200516
0.493767
0.493767
0.117802
0.117802
0.378861
0.378861
0.122618
0.122618
0.121031
0.121031
0.171739
0.171739
0.088427
0.088427
0.288404
0.288404
0.141871
0.141871
0.173175
0.173175
0.074476
0.074476
0.169266
0.169266
0.130410
0.130410
0.411046
0.411046
0.128603
0.128603
0.123741
0.123741
0.130166
0.130166
0.081181
0.081181
0.239629
0.239629
0.202923
0.202923
0.415950
0.415950
0.243772
0.243772
0.113753
0.113753
0.246907
0.246907
0.145850
0.145850
0.243498
0.243498
0.201068
0.201068
0.104890
0.104890
0.232119
0.232119
0.151156
0.151156
0.099535
0.099535
0.176186
0.176186
0.184028
0.184028
0.321370
0.321370
0.144103
0.144103
0.214236
0.214236
0.070081
0.070081
0.127043
0.127043
0.117122
0.117122
0.241772
0.241772
0.160774
0.160774
0.140868
0.140868
0.181179
0.181179
0.063875
0.063875
0.275445
0.275445
0.310519
0.310519
0.128548
0.128548
0.113650
0.113650
0.279249
0.279249
0.224374
0.224374
0.206124
0.206124
0.084920
0.084920
0.159398
0.159398
0.159469
0.159469
0.163597
0.163597
0.124356
0.124356
0.094747
0.094747
0.110573
0.110573
0.215214
0.215214
0.191226
0.191226
0.155397
0.155397
0.424399
0.424399
0.092294
0.092294
0.219642
0.219642
0.312422
0.312422
0.061383
0.061383
0.038242
0.038242
0.164190
0.164190
0.093647
0.093647
0.281087
0.281087
0.205829
0.205829
0.173715
0.173715
0.237029
0.237029
0.358462
0.358462
0.041107
0.041107
0.141651
0.141651
0.111033
0.111033
0.165548
0.165548
0.116163
0.116163
0.380132
0.380132
0.259195
0.259195
0.086524
0.086524
0.078183
0.078183
0.195708
0.195708
0.206461
0.206461
0.131602
0.131602
0.066036
0.066036
0.419943
0.419943
0.220981
0.220981
0.135116
0.135116
0.192213
0.192213
0.379086
0.379086
0.095887
0.095887
0.338054
0.338054
0.249339
0.249339
0.111036
0.111036
0.095330
0.095330
0.217114
0.217114
0.283119
0.283119
0.137529
0.137529
0.437784
0.437784
0.234744
0.234744
0.194008
0.194008
0.349665
0.349665
0.226980
0.226980
0.359423
0.359423
0.085966
0.085966
0.333938
0.333938
0.192586
0.192586
0.180545
0.180545
0.240429
0.240429
0.249828
0.249828
0.128318
0.128318
0.248959
0.248959
0.111950
0.111950
0.091468
0.091468
0.225620
0.225620
0.126580
0.126580
0.133180
0.133180
0.541605
0.541605
0.240850
0.240850
0.245942
0.245942
0.076080
0.076080
0.106423
0.106423
0.402383
0.402383
0.161903
0.161903
0.198290
0.198290
0.340144
0.340144
0.259442
0.259442
0.226626
0.226626
0.083944
0.083944
0.174569
0.174569
0.154543
0.154543
0.179829
0.179829
0.221702
0.221702
0.033752
0.033752
0.112017
0.112017
0.149082
0.149082
0.295593
0.295593
0.135957
0.135957
0.201195
0.201195
0.153994
0.153994
0.115666
0.115666
0.075900
0.075900
0.300556
0.300556
0.096267
0.096267
0.160612
0.160612
0.186173
0.186173
0.446676
0.446676
0.218701
0.218701
0.181961
0.181961
0.131561
0.131561
0.206585
0.206585
0.235928
0.235928
0.102867
0.102867
0.095107
0.095107
0.207508
0.207508
0.181319
0.181319
0.516993
0.516993
0.177988
0.177988
0.238868
0.238868
0.139290
0.139290
0.208238
0.208238
0.148979
0.148979
0.223914
0.223914
0.286588
0.286588
0.189924
0.189924
0.300681
0.300681
0.150014
0.150014
0.182975
0.182975
0.293728
0.293728
0.164293
0.164293
0.104749
0.104749
0.064230
0.064230
0.572486
0.572486
0.103467
0.103467
0.159766
0.159766
0.409430
0.409430
0.091615
0.091615
0.250264
0.250264
0.186268
0.186268
0.211912
0.211912
0.113439
0.113439
0.098545
0.098545
0.102255
0.102255
0.399126
0.399126
0.410844
0.410844
0.313785
0.313785
0.061000
0.061000
0.473137
0.473137
0.244592
0.244592
0.244292
0.244292
0.377053
0.377053
0.087573
0.087573
0.130842
0.130842
0.320464
0.320464
0.043464
0.043464
0.126195
0.126195
0.137060
0.137060
0.276039
0.276039
0.042076
0.042076
0.611421
0.611421
0.196036
0.196036
0.105938
0.105938
0.144941
0.144941
0.108436
0.108436
0.184356
0.184356
0.136084
0.136084
0.252671
0.252671
0.123825
0.123825
0.314565
0.314565
0.341139
0.341139
0.098444
0.098444
0.237843
0.237843
0.083042
0.083042
0.270125
0.270125
0.627400
0.627400
0.080917
0.080917
0.421830
0.421830
0.085637
0.085637
0.314988
0.314988
0.149071
0.149071
0.515868
0.515868
0.131341
0.131341
0.194276
0.194276
0.175766
0.175766
0.212296
0.212296
0.139723
0.139723
0.194014
0.194014
0.066162
0.066162
0.114084
0.114084
0.495587
0.495587
0.105455
0.105455
0.108222
0.108222
0.076677
0.076677
0.266230
0.266230
0.236536
0.236536
0.134097
0.134097
0.112679
0.112679
0.299715
0.299715
0.187833
0.187833
0.110078
0.110078
0.112681
0.112681
0.421980
0.421980
0.200569
0.200569
0.147604
0.147604
0.203881
0.203881
0.078620
0.078620
0.080000
0.080000
0.420238
0.420238
0.144870
0.144870
0.194342
0.194342
0.293888
0.293888
0.053643
0.053643
0.259773
0.259773
0.155526
0.155526
0.125685
0.125685
0.171460
0.171460
0.199396
0.199396
0.073301
0.073301
0.120819
0.120819
0.184590
0.184590
0.155511
0.155511
0.077558
0.077558
0.099629
0.099629
0.278316
0.278316
0.171902
0.171902
0.221383
0.221383
0.169147
0.169147
0.152268
0.152268
0.111715
0.111715
0.131620
0.131620
0.079503
0.079503
0.218324
0.218324
0.078198
0.078198
0.279348
0.279348
0.099851
0.099851
0.051489
0.051489
0.224062
0.224062
0.329759
0.329759
0.199503
0.199503
0.070190
0.070190
0.379728
0.379728
0.226079
0.226079
0.423019
0.423019
0.419261
0.419261
0.464567
0.464567
0.284287
0.284287
0.180699
0.180699
0.065776
0.065776
0.144547
0.144547
0.146886
0.146886
0.240823
0.240823
0.109994
0.109994
0.539763
0.539763
0.177149
0.177149
0.162661
0.162661
0.201602
0.201602
0.150542
0.150542
0.148685
0.148685
0.093572
0.093572
0.232387
0.232387
0.237779
0.237779
0.585603
0.585603
0.131374
0.131374
0.141272
0.141272
0.226356
0.226356
0.256890
0.256890
0.644507
0.644507
0.130905
0.130905
0.346637
0.346637
0.177938
0.177938
0.106172
0.106172
0.238367
0.238367
0.364026
0.364026
0.117140
0.117140
0.096894
0.096894
0.261369
0.261369
0.289265
0.289265
0.063916
0.063916
0.217349
0.217349
0.296273
0.296273
0.082322
0.082322
0.316117
0.316117
0.188599
0.188599
0.218381
0.218381
0.278902
0.278902
0.151869
0.151869
0.109037
0.109037
0.282416
0.282416
0.085166
0.085166
0.115316
0.115316
0.226508
0.226508
0.201753
0.201753
0.151836
0.151836
0.167463
0.167463
0.377771
0.377771
0.215635
0.215635
0.179371
0.179371
0.217441
0.217441
0.069730
0.069730
0.084136
0.084136
0.071514
0.071514
0.102058
0.102058
0.306414
0.306414
0.085080
0.085080
0.218045
0.218045
0.329784
0.329784
0.126742
0.126742
0.295422
0.295422
0.232935
0.232935
0.066685
0.066685
0.280325
0.280325
0.165191
0.165191
0.400554
0.400554
0.348259
0.348259
0.423270
0.423270
0.278359
0.278359
0.143503
0.143503
0.379125
0.379125
0.065557
0.065557
0.260067
0.260067
0.145491
0.145491
0.204376
0.204376
0.108083
0.108083
0.115846
0.115846
0.140717
0.140717
0.443108
0.443108
0.119863
0.119863
0.096993
0.096993
0.150784
0.150784
0.355283
0.355283
0.141110
0.141110
0.103387
0.103387
0.738115
0.738115
0.411454
0.411454
0.147951
0.147951
0.061596
0.061596
0.095225
0.095225
0.123599
0.123599
0.141894
0.141894
0.147577
0.147577
0.161422
0.161422
0.143736
0.143736
0.097267
0.097267
0.079553
0.079553
0.218845
0.218845
0.459971
0.459971
0.161768
0.161768
0.350889
0.350889
0.320765
0.320765
0.075878
0.075878
0.341875
0.341875
0.202448
0.202448
0.114925
0.114925
0.179984
0.179984
0.110279
0.110279
0.078994
0.078994
0.161752
0.161752
0.372120
0.372120
0.137944
0.137944
0.228967
0.228967
0.226187
0.226187
0.171300
0.171300
0.063440
0.063440
0.123934
0.123934
0.227081
0.227081
0.132504
0.132504
0.132909
0.132909
0.158909
0.158909
0.150920
0.150920
0.068452
0.068452
0.123490
0.123490
0.184190
0.184190
0.305538
0.305538
0.137833
0.137833
0.361747
0.361747
0.310671
0.310671
0.290268
0.290268
0.269143
0.269143
0.077351
0.077351
0.269019
0.269019
0.124705
0.124705
0.318522
0.318522
0.203292
0.203292
0.103621
0.103621
0.181995
0.181995
0.166587
0.166587
0.172419
0.172419
0.260028
0.260028
0.098124
0.098124
0.136493
0.136493
0.086052
0.086052
0.068706
0.068706
0.333653
0.333653
0.142696
0.142696
0.414182
0.414182
0.166079
0.166079
0.299575
0.299575
0.326460
0.326460
0.146878
0.146878
0.269922
0.269922
0.215013
0.215013
0.231889
0.231889
0.363545
0.363545
0.137819
0.137819
0.284376
0.284376
0.265332
0.265332
0.119000
0.119000
0.227507
0.227507
0.212814
0.212814
0.064096
0.064096
0.208831
0.208831
0.139407
0.139407
0.351979
0.351979
0.147042
0.147042
0.307619
0.307619
0.078755
0.078755
0.139936
0.139936
0.177913
0.177913
0.150445
0.150445
0.062695
0.062695
0.088657
0.088657
0.253201
0.253201
0.086843
0.086843
0.264144
0.264144
0.238401
0.238401
0.110952
0.110952
0.141292
0.141292
0.255234
0.255234
0.209838
0.209838
0.131065
0.131065
0.177189
0.177189
0.209837
0.209837
0.097322
0.097322
0.293172
0.293172
0.077266
0.077266
0.279137
0.279137
0.119399
0.119399
0.194360
0.194360
0.180899
0.180899
0.324421
0.324421
0.144219
0.144219
0.194102
0.194102
0.094887
0.094887
0.063114
0.063114
0.155156
0.155156
0.326957
0.326957
0.104560
0.104560
0.206524
0.206524
0.216934
0.216934
0.231258
0.231258
0.107383
0.107383
0.226146
0.226146
0.286120
0.286120
0.165946
0.165946
0.205351
0.205351
0.406910
0.406910
0.309268
0.309268
0.183043
0.183043
0.197723
0.197723
0.150724
0.150724
0.330830
0.330830
0.179582
0.179582
0.194210
0.194210
0.194972
0.194972
0.390002
0.390002
0.153258
0.153258
0.121642
0.121642
0.256440
0.256440
0.130574
0.130574
0.168718
0.168718
0.488322
0.488322
0.106060
0.106060
0.255085
0.255085
0.152148
0.152148
0.256098
0.256098
0.373564
0.373564
0.346493
0.346493
0.159322
0.159322
0.229600
0.229600
0.194493
0.194493
0.116857
0.116857
0.181157
0.181157
0.219948
0.219948
0.122331
0.122331
0.080757
0.080757
0.080413
0.080413
0.492636
0.492636
0.257933
0.257933
0.158853
0.158853
0.062984
0.062984
0.207131
0.207131
0.164537
0.164537
0.072201
0.072201
0.282081
0.282081
0.131963
0.131963
0.061925
0.061925
0.172417
0.172417
0.170095
0.170095
0.137370
0.137370
0.167088
0.167088
0.215940
0.215940
0.353851
0.353851
0.083402
0.083402
0.072498
0.072498
0.307020
0.307020
0.117505
0.117505
0.294379
0.294379
0.232694
0.232694
0.091498
0.091498
0.168520
0.168520
0.265189
0.265189
0.246763
0.246763
0.115262
0.115262
0.105081
0.105081
0.144501
0.144501
0.061944
0.061944
0.164105
0.164105
0.162189
0.162189
0.152314
0.152314
0.215664
0.215664
0.185387
0.185387
0.176352
0.176352
0.171372
0.171372
0.062336
0.062336
0.202076
0.202076
0.405619
0.405619
0.260133
0.260133
0.257562
0.257562
0.125990
0.125990
0.051569
0.051569
0.161844
0.161844
0.214400
0.214400
0.157652
0.157652
0.261271
0.261271
0.429711
0.429711
0.159009
0.159009
0.093630
0.093630
0.402223
0.402223
0.209101
0.209101
0.181745
0.181745
0.125333
0.125333
0.232265
0.232265
0.351185
0.351185
0.143084
0.143084
0.058835
0.058835
0.573391
0.573391
0.332914
0.332914
0.078714
0.078714
0.325917
0.325917
0.148057
0.148057
0.081201
0.081201
0.119108
0.119108
0.100718
0.100718
0.231043
0.231043
0.125214
0.125214
0.126766
0.126766
0.299595
0.299595
0.288655
0.288655
0.421478
0.421478
0.113503
0.113503
0.102941
0.102941
0.095953
0.095953
0.287364
0.287364
0.234491
0.234491
0.387615
0.387615
0.272639
0.272639
0.181574
0.181574
0.188073
0.188073
0.380669
0.380669
0.222308
0.222308
0.140216
0.140216
0.130584
0.130584
0.122639
0.122639
0.133591
0.133591
0.295720
0.295720
0.300645
0.300645
0.390866
0.390866
0.162736
0.162736
0.153023
0.153023
0.209618
0.209618
0.497814
0.497814
0.151169
0.151169
0.130353
0.130353
0.209981
0.209981
0.056665
0.056665
0.064327
0.064327
0.314634
0.314634
0.116651
0.116651
0.383650
0.383650
0.076357
0.076357
0.090004
0.090004
0.084625
0.084625
0.090255
0.090255
0.168083
0.168083
0.100420
0.100420
0.152913
0.152913
0.296176
0.296176
0.110957
0.110957
0.114212
0.114212
0.135696
0.135696
0.153616
0.153616
0.143697
0.143697
0.263098
0.263098
0.051249
0.051249
0.375011
0.375011
0.088748
0.088748
0.058670
0.058670
0.129048
0.129048
0.344070
0.344070
0.173840
0.173840
0.129730
0.129730
0.088490
0.088490
0.171587
0.171587
0.145813
0.145813
0.130409
0.130409
0.100173
0.100173
0.154532
0.154532
0.167488
0.167488
0.328876
0.328876
0.284548
0.284548
0.308667
0.308667
0.157663
0.157663
0.324426
0.324426
0.058364
0.058364
0.287046
0.287046
0.573272
0.573272
0.150557
0.150557
0.078235
0.078235
0.193115
0.193115
0.288262
0.288262
0.285915
0.285915
0.218625
0.218625
0.330157
0.330157
0.100912
0.100912
0.210996
0.210996
0.137592
0.137592
0.284689
0.284689
0.246492
0.246492
0.232241
0.232241
0.140778
0.140778
0.118451
0.118451
0.407718
0.407718
0.132676
0.132676
0.276930
0.276930
0.221053
0.221053
0.335878
0.335878
0.127182
0.127182
0.281156
0.281156
0.138265
0.138265
0.152649
0.152649
0.235407
0.235407
0.163336
0.163336
0.276795
0.276795
0.245422
0.245422
0.136844
0.136844
0.302069
0.302069
0.586875
0.586875
0.300397
0.300397
0.042893
0.042893
0.346286
0.346286
0.118560
0.118560
0.079602
0.079602
0.115366
0.115366
0.096186
0.096186
0.249729
0.249729
0.107592
0.107592
0.072971
0.072971
0.078716
0.078716
0.269599
0.269599
0.093846
0.093846
0.058529
0.058529
0.148115
0.148115
0.202335
0.202335
0.262117
0.262117
0.291586
0.291586
0.175358
0.175358
0.290608
0.290608
0.132965
0.132965
0.079198
0.079198
0.185572
0.185572
0.268267
0.268267
0.092339
0.092339
0.128694
0.128694
0.343350
0.343350
0.041946
0.041946
0.123364
0.123364
0.112994
0.112994
0.068934
0.068934
0.209048
0.209048
0.081920
0.081920
0.033397
0.033397
0.136827
0.136827
0.322345
0.322345
0.276476
0.276476
0.146786
0.146786
0.076010
0.076010
0.220162
0.220162
0.329734
0.329734
0.359466
0.359466
0.288413
0.288413
0.148988
0.148988
0.226171
0.226171
0.165717
0.165717
0.299853
0.299853
0.287634
0.287634
0.142738
0.142738
0.073434
0.073434
0.089492
0.089492
0.106986
0.106986
0.429368
0.429368
0.196639
0.196639
0.178385
0.178385
0.080477
0.080477
0.243939
0.243939
0.125297
0.125297
0.143297
0.143297
0.162290
0.162290
0.113016
0.113016
0.378937
0.378937
0.059124
0.059124
0.144486
0.144486
0.293830
0.293830
0.227387
0.227387
0.244247
0.244247
0.215126
0.215126
0.187473
0.187473
0.128848
0.128848
0.560392
0.560392
0.065779
0.065779
0.132273
0.132273
0.206670
0.206670
0.264309
0.264309
0.130183
0.130183
0.232961
0.232961
0.207136
0.207136
0.097595
0.097595
0.142266
0.142266
0.090834
0.090834
0.226698
0.226698
0.113957
0.113957
0.112131
0.112131
0.292414
0.292414
0.298848
0.298848
0.214239
0.214239
0.107563
0.107563
0.212424
0.212424
0.281371
0.281371
0.194754
0.194754
0.171046
0.171046
0.093926
0.093926
0.157173
0.157173
0.164562
0.164562
0.204057
0.204057
0.341188
0.341188
0.283068
0.283068
0.056127
0.056127
0.101422
0.101422
0.243805
0.243805
0.384681
0.384681
0.164737
0.164737
0.282729
0.282729
0.187191
0.187191
0.182810
0.182810
0.133707
0.133707
0.264548
0.264548
0.063530
0.063530
0.217074
0.217074
0.082373
0.082373
0.145650
0.145650
0.285433
0.285433
0.189879
0.189879
0.210478
0.210478
0.272695
0.272695
0.113798
0.113798
0.308493
0.308493
0.101392
0.101392
0.166151
0.166151
0.284910
0.284910
0.354997
0.354997
0.263364
0.263364
0.293028
0.293028
0.183379
0.183379
0.066558
0.066558
0.139271
0.139271
0.267893
0.267893
0.121852
0.121852
0.285305
0.285305
0.153627
0.153627
0.099227
0.099227
0.134247
0.134247
0.088755
0.088755
0.089839
0.089839
0.134679
0.134679
0.230840
0.230840
0.122708
0.122708
0.133614
0.133614
0.102479
0.102479
0.167408
0.167408
0.180227
0.180227
0.283273
0.283273
0.054580
0.054580
0.133794
0.133794
0.082902
0.082902
0.163234
0.163234
0.268585
0.268585
0.086819
0.086819
0.369430
0.369430
0.117237
0.117237
0.224441
0.224441
0.227198
0.227198
0.151257
0.151257
0.259631
0.259631
0.336588
0.336588
0.178072
0.178072
0.122961
0.122961
0.323174
0.323174
0.072031
0.072031
0.127477
0.127477
0.229761
0.229761
0.224635
0.224635
0.321244
0.321244
0.217815
0.217815
0.108134
0.108134
0.128847
0.128847
0.155218
0.155218
0.134976
0.134976
0.235177
0.235177
0.355209
0.355209
0.263543
0.263543
0.292922
0.292922
0.093090
0.093090
0.337872
0.337872
0.190327
0.190327
0.077786
0.077786
0.169513
0.169513
0.182785
0.182785
0.460877
0.460877
0.151945
0.151945
0.208615
0.208615
0.320975
0.320975
0.175358
0.175358
0.161758
0.161758
0.172943
0.172943
0.050655
0.050655
0.188457
0.188457
0.098335
0.098335
0.266389
0.266389
0.115265
0.115265
0.195453
0.195453
0.189542
0.189542
0.223029
0.223029
0.229657
0.229657
0.569171
0.569171
0.350575
0.350575
0.091377
0.091377
0.316757
0.316757
0.395443
0.395443
0.178197
0.178197
0.189456
0.189456
0.169725
0.169725
0.134199
0.134199
0.513676
0.513676
0.092195
0.092195
0.146742
0.146742
0.264977
0.264977
0.322516
0.322516
0.090513
0.090513
0.111603
0.111603
0.135641
0.135641
0.146408
0.146408
0.149160
0.149160
0.247699
0.247699
0.204133
0.204133
0.098815
0.098815
0.088990
0.088990
0.090147
0.090147
0.121852
0.121852
0.244843
0.244843
0.172134
0.172134
0.327732
0.327732
0.157985
0.157985
0.197735
0.197735
0.176512
0.176512
0.073215
0.073215
0.356464
0.356464
0.368088
0.368088
0.183928
0.183928
0.134255
0.134255
0.147233
0.147233
0.222281
0.222281
0.132889
0.132889
0.226360
0.226360
0.164404
0.164404
0.150029
0.150029
0.227084
0.227084
0.415266
0.415266
0.126443
0.126443
0.154173
0.154173
0.120561
0.120561
0.151506
0.151506
0.147723
0.147723
0.062580
0.062580
0.202187
0.202187
0.196452
0.196452
0.254313
0.254313
0.357102
0.357102
0.266864
0.266864
0.174338
0.174338
0.101987
0.101987
0.155084
0.155084
0.087925
0.087925
0.285012
0.285012
0.142915
0.142915
0.221957
0.221957
0.381230
0.381230
0.245326
0.245326
0.276494
0.276494
0.152122
0.152122
0.065105
0.065105
0.143058
0.143058
0.057759
0.057759
0.105940
0.105940
0.061570
0.061570
0.228581
0.228581
0.155698
0.155698
0.390648
0.390648
0.080069
0.080069
0.157742
0.157742
0.143214
0.143214
0.080235
0.080235
0.304826
0.304826
0.210179
0.210179
0.092267
0.092267
0.121886
0.121886
0.082701
0.082701
0.323594
0.323594
0.138846
0.138846
0.129237
0.129237
0.116863
0.116863
0.324982
0.324982
0.232872
0.232872
0.429942
0.429942
0.147335
0.147335
0.428594
0.428594
0.218322
0.218322
0.165304
0.165304
0.147921
0.147921
0.156233
0.156233
0.313846
0.313846
0.073706
0.073706
0.539312
0.539312
0.129489
0.129489
0.106361
0.106361
0.126394
0.126394
0.191415
0.191415
0.141066
0.141066
0.323242
0.323242
0.180808
0.180808
0.221037
0.221037
0.099468
0.099468
0.175110
0.175110
0.155133
0.155133
0.542125
0.542125
0.177755
0.177755
0.218074
0.218074
0.396332
0.396332
0.111070
0.111070
0.211701
0.211701
0.252858
0.252858
0.285944
0.285944
0.090044
0.090044
0.103913
0.103913
0.107451
0.107451
0.092325
0.092325
0.079936
0.079936
0.500879
0.500879
0.077537
0.077537
0.216963
0.216963
0.235272
0.235272
0.507463
0.507463
0.208082
0.208082
0.118304
0.118304
0.174189
0.174189
0.192583
0.192583
0.261475
0.261475
0.266883
0.266883
0.088151
0.088151
0.128184
0.128184
0.081519
0.081519
0.156147
0.156147
0.081300
0.081300
0.077372
0.077372
0.377396
0.377396
0.139538
0.139538
0.227579
0.227579
0.163861
0.163861
0.191957
0.191957
0.163148
0.163148
0.595130
0.595130
0.063750
0.063750
0.148649
0.148649
0.273394
0.273394
0.132700
0.132700
0.353552
0.353552
0.329075
0.329075
0.108988
0.108988
0.071929
0.071929
0.126433
0.126433
0.154618
0.154618
0.272715
0.272715
0.115666
0.115666
0.087979
0.087979
0.187174
0.187174
0.251188
0.251188
0.241670
0.241670
0.145838
0.145838
0.088723
0.088723
0.066683
0.066683
0.183998
0.183998
0.155308
0.155308
0.122195
0.122195
0.090194
0.090194
0.149591
0.149591
0.389745
0.389745
0.233058
0.233058
0.123953
0.123953
0.064730
0.064730
0.191164
0.191164
0.101394
0.101394
0.138259
0.138259
0.134066
0.134066
0.177206
0.177206
0.099068
0.099068
0.129984
0.129984
0.302789
0.302789
0.159524
0.159524
0.268003
0.268003
0.206301
0.206301
0.235967
0.235967
0.360124
0.360124
0.207479
0.207479
0.061546
0.061546
0.169111
0.169111
0.159183
0.159183
0.116438
0.116438
0.197103
0.197103
0.157618
0.157618
0.487573
0.487573
0.126061
0.126061
0.151829
0.151829
0.240356
0.240356
0.140422
0.140422
0.160308
0.160308
0.276684
0.276684
0.353364
0.353364
0.146423
0.146423
0.203970
0.203970
0.242915
0.242915
0.249936
0.249936
0.185838
0.185838
0.157526
0.157526
0.480909
0.480909
0.130860
0.130860
0.181297
0.181297
0.102930
0.102930
0.098949
0.098949
0.385261
0.385261
0.161305
0.161305
0.154053
0.154053
0.183912
0.183912
0.155973
0.155973
0.535867
0.535867
0.332561
0.332561
0.192817
0.192817
0.353049
0.353049
0.282525
0.282525
0.232271
0.232271
0.195641
0.195641
0.155418
0.155418
0.262313
0.262313
0.347272
0.347272
0.135833
0.135833
0.191133
0.191133
0.085630
0.085630
0.133691
0.133691
0.078485
0.078485
0.109616
0.109616
0.115351
0.115351
0.163199
0.163199
0.227043
0.227043
0.228468
0.228468
0.100508
0.100508
0.040512
0.040512
0.064332
0.064332
0.208121
0.208121
0.284512
0.284512
0.113134
0.113134
0.127687
0.127687
0.134423
0.134423
0.264785
0.264785
0.082797
0.082797
0.137292
0.137292
0.258030
0.258030
0.128450
0.128450
0.203232
0.203232
0.206527
0.206527
0.057747
0.057747
0.236717
0.236717
0.124547
0.124547
0.160935
0.160935
0.077926
0.077926
0.133370
0.133370
0.059144
0.059144
0.205704
0.205704
0.110519
0.110519
0.292949
0.292949
0.168426
0.168426
0.116076
0.116076
0.182958
0.182958
0.101183
0.101183
0.106627
0.106627
0.166125
0.166125
0.304965
0.304965
0.157354
0.157354
0.205412
0.205412
0.356516
0.356516
0.142340
0.142340
0.222516
0.222516
0.148105
0.148105
0.051415
0.051415
0.215887
0.215887
0.166321
0.166321
0.234298
0.234298
0.227867
0.227867
0.072921
0.072921
0.197616
0.197616
0.231726
0.231726
0.214415
0.214415
0.563533
0.563533
0.171371
0.171371
0.582812
0.582812
0.123859
0.123859
0.110986
0.110986
0.224369
0.224369
0.320243
0.320243
0.327662
0.327662
0.144641
0.144641
0.155909
0.155909
0.175576
0.175576
0.137592
0.137592
0.118337
0.118337
0.271593
0.271593
0.178570
0.178570
0.118140
0.118140
0.182671
0.182671
0.362986
0.362986
0.183460
0.183460
0.250840
0.250840
0.262174
0.262174
0.156736
0.156736
0.099183
0.099183
0.237635
0.237635
0.125787
0.125787
0.194050
0.194050
0.334233
0.334233
0.252389
0.252389
0.080816
0.080816
0.257015
0.257015
0.400267
0.400267
0.112029
0.112029
0.162155
0.162155
0.072441
0.072441
0.072063
0.072063
0.107242
0.107242
0.238963
0.238963
0.199684
0.199684
0.095109
0.095109
0.164587
0.164587
0.060037
0.060037
0.206337
0.206337
0.147901
0.147901
0.068980
0.068980
0.083525
0.083525
0.168108
0.168108
0.069972
0.069972
0.101176
0.101176
0.298262
0.298262
0.160311
0.160311
0.250429
0.250429
0.098139
0.098139
0.218613
0.218613
0.225586
0.225586
0.368001
0.368001
0.246831
0.246831
0.104073
0.104073
0.117282
0.117282
0.635134
0.635134
0.222903
0.222903
0.231153
0.231153
0.110613
0.110613
0.178420
0.178420
0.195497
0.195497
0.146527
0.146527
0.090831
0.090831
0.110917
0.110917
0.111151
0.111151
0.200257
0.200257
0.086565
0.086565
0.245608
0.245608
0.069146
0.069146
0.410495
0.410495
0.111627
0.111627
0.092963
0.092963
0.068894
0.068894
0.109216
0.109216
0.303982
0.303982
0.319644
0.319644
0.168293
0.168293
0.185339
0.185339
0.084057
0.084057
0.071291
0.071291
0.324263
0.324263
0.544833
0.544833
0.236455
0.236455
0.062954
0.062954
0.083720
0.083720
0.299276
0.299276
0.167736
0.167736
0.098168
0.098168
0.442201
0.442201
0.277708
0.277708
0.239352
0.239352
0.109951
0.109951
0.176480
0.176480
0.183389
0.183389
0.095184
0.095184
0.212480
0.212480
0.096763
0.096763
0.142604
0.142604
0.160492
0.160492
0.305844
0.305844
0.237206
0.237206
0.177155
0.177155
0.192370
0.192370
0.060070
0.060070
0.212043
0.212043
0.149909
0.149909
0.150214
0.150214
0.162459
0.162459
0.152264
0.152264
0.145569
0.145569
0.200609
0.200609
0.242336
0.242336
0.148037
0.148037
0.180650
0.180650
0.456071
0.456071
0.654878
0.654878
0.212874
0.212874
0.133180
0.133180
0.093538
0.093538
0.371347
0.371347
0.074659
0.074659
0.170115
0.170115
0.060266
0.060266
0.245140
0.245140
0.111148
0.111148
0.177597
0.177597
0.078747
0.078747
0.075222
0.075222
0.196978
0.196978
0.296120
0.296120
0.252052
0.252052
0.153732
0.153732
0.220388
0.220388
0.299711
0.299711
0.225665
0.225665
0.133562
0.133562
0.134488
0.134488
0.185059
0.185059
0.227453
0.227453
0.154060
0.154060
0.087977
0.087977
0.198646
0.198646
0.200458
0.200458
0.115339
0.115339
0.143290
0.143290
0.164937
0.164937
0.150399
0.150399
0.282062
0.282062
0.227029
0.227029
0.173526
0.173526
0.179563
0.179563
0.405339
0.405339
0.077056
0.077056
0.244264
0.244264
0.389030
0.389030
0.159496
0.159496
0.167323
0.167323
0.036933
0.036933
0.138343
0.138343
0.155516
0.155516
0.084102
0.084102
0.077736
0.077736
0.191840
0.191840
0.166808
0.166808
0.223401
0.223401
0.268221
0.268221
0.307985
0.307985
0.314403
0.314403
0.386039
0.386039
0.067633
0.067633
0.079307
0.079307
0.317780
0.317780
0.191469
0.191469
0.230679
0.230679
0.149766
0.149766
0.086543
0.086543
0.105048
0.105048
0.299877
0.299877
0.097703
0.097703
0.190742
0.190742
0.089997
0.089997
0.191337
0.191337
0.307124
0.307124
0.187426
0.187426
0.178748
0.178748
0.090950
0.090950
0.085672
0.085672
0.210660
0.210660
0.292112
0.292112
0.216302
0.216302
0.048260
0.048260
0.351895
0.351895
0.226072
0.226072
0.120633
0.120633
0.255476
0.255476
0.095107
0.095107
0.119090
0.119090
0.156152
0.156152
0.201419
0.201419
0.062829
0.062829
0.152996
0.152996
0.238733
0.238733
0.110440
0.110440
0.224906
0.224906
0.068434
0.068434
0.120493
0.120493
0.299967
0.299967
0.136450
0.136450
0.546241
0.546241
0.327124
0.327124
0.210930
0.210930
0.226102
0.226102
0.130330
0.130330
0.198528
0.198528
0.410935
0.410935
0.141970
0.141970
0.166808
0.166808
0.128950
0.128950
0.334482
0.334482
0.066675
0.066675
0.170927
0.170927
0.280704
0.280704
0.221594
0.221594
0.059487
0.059487
0.208506
0.208506
0.440579
0.440579
0.094164
0.094164
0.122496
0.122496
0.238114
0.238114
0.106580
0.106580
0.124589
0.124589
0.080379
0.080379
0.132252
0.132252
0.233217
0.233217
0.161047
0.161047
0.196657
0.196657
0.321299
0.321299
0.148139
0.148139
0.360309
0.360309
0.049029
0.049029
0.129972
0.129972
0.270890
0.270890
0.066598
0.066598
0.259948
0.259948
0.176365
0.176365
0.102043
0.102043
0.214611
0.214611
0.245496
0.245496
0.423445
0.423445
0.135427
0.135427
0.218151
0.218151
0.155841
0.155841
0.147867
0.147867
0.088991
0.088991
0.182828
0.182828
0.158873
0.158873
0.171168
0.171168
0.105779
0.105779
0.190615
0.190615
0.132168
0.132168
0.224105
0.224105
0.267987
0.267987
0.193152
0.193152
0.560139
0.560139
0.195311
0.195311
0.290765
0.290765
0.102394
0.102394
0.088918
0.088918
0.091151
0.091151
0.161354
0.161354
0.129672
0.129672
0.375745
0.375745
0.067700
0.067700
0.219057
0.219057
0.329417
0.329417
0.218707
0.218707
0.160189
0.160189
0.165279
0.165279
0.249104
0.249104
0.203299
0.203299
0.115095
0.115095
0.584371
0.584371
0.038913
0.038913
0.092530
0.092530
0.115400
0.115400
0.290405
0.290405
0.075316
0.075316
0.054038
0.054038
0.366107
0.366107
0.144721
0.144721
0.110675
0.110675
0.511261
0.511261
0.240806
0.240806
0.127863
0.127863
0.108680
0.108680
0.254825
0.254825
0.168103
0.168103
0.103679
0.103679
0.149915
0.149915
0.348412
0.348412
0.261774
0.261774
0.130930
0.130930
0.241491
0.241491
0.208976
0.208976
0.296208
0.296208
0.139580
0.139580
0.318444
0.318444
0.182183
0.182183
0.170868
0.170868
0.241291
0.241291
0.291924
0.291924
0.432880
0.432880
0.184675
0.184675
0.175515
0.175515
0.109568
0.109568
0.144508
0.144508
0.246678
0.246678
0.154996
0.154996
0.106101
0.106101
0.186023
0.186023
0.152316
0.152316
0.118548
0.118548
0.245038
0.245038
0.181294
0.181294
0.162883
0.162883
0.143958
0.143958
0.179186
0.179186
0.302823
0.302823
0.158092
0.158092
0.334770
0.334770
0.121714
0.121714
0.132625
0.132625
0.137030
0.137030
0.047762
0.047762
0.123228
0.123228
0.079174
0.079174
0.176111
0.176111
0.092047
0.092047
0.197359
0.197359
0.204100
0.204100
0.057253
0.057253
0.098093
0.098093
0.374034
0.374034
0.122812
0.122812
0.100814
0.100814
0.111527
0.111527
0.170215
0.170215
0.139286
0.139286
0.152309
0.152309
0.178708
0.178708
0.169307
0.169307
0.251477
0.251477
0.270027
0.270027
0.160970
0.160970
0.186693
0.186693
0.064610
0.064610
0.063117
0.063117
0.285057
0.285057
0.326300
0.326300
0.094008
0.094008
0.217040
0.217040
0.159325
0.159325
0.073476
0.073476
0.193754
0.193754
0.339447
0.339447
0.308750
0.308750
0.338710
0.338710
0.089235
0.089235
0.146685
0.146685
0.315396
0.315396
0.201576
0.201576
0.141958
0.141958
0.126538
0.126538
0.062161
0.062161
0.084512
0.084512
0.270501
0.270501
0.064087
0.064087
0.204068
0.204068
0.088979
0.088979
0.108477
0.108477
0.367697
0.367697
0.082248
0.082248
0.079952
0.079952
0.153253
0.153253
0.235138
0.235138
0.099748
0.099748
0.129215
0.129215
0.363110
0.363110
0.114870
0.114870
0.429963
0.429963
0.165514
0.165514
0.090349
0.090349
0.244512
0.244512
0.138992
0.138992
0.113770
0.113770
0.290872
0.290872
0.042147
0.042147
0.099958
0.099958
0.289700
0.289700
0.299339
0.299339
0.237473
0.237473
0.181505
0.181505
0.108459
0.108459
0.408397
0.408397
0.091351
0.091351
0.199074
0.199074
0.287209
0.287209
0.113352
0.113352
0.126675
0.126675
0.139675
0.139675
0.107639
0.107639
0.327051
0.327051
0.058636
0.058636
0.128299
0.128299
0.102108
0.102108
0.103062
0.103062
0.117152
0.117152
0.190499
0.190499
0.118056
0.118056
0.391720
0.391720
0.158995
0.158995
0.504983
0.504983
0.128053
0.128053
0.249789
0.249789
0.135036
0.135036
0.259669
0.259669
0.235679
0.235679
0.087426
0.087426
0.197907
0.197907
0.228562
0.228562
0.113313
0.113313
0.320046
0.320046
0.115825
0.115825
0.224096
0.224096
0.272465
0.272465
0.227564
0.227564
0.205061
0.205061
0.221598
0.221598
0.232210
0.232210
0.059533
0.059533
0.219760
0.219760
0.095165
0.095165
0.036252
0.036252
0.288754
0.288754
0.205715
0.205715
0.148740
0.148740
0.072628
0.072628
0.116121
0.116121
0.068997
0.068997
0.341967
0.341967
0.227489
0.227489
0.190610
0.190610
0.132892
0.132892
0.066447
0.066447
0.056070
0.056070
0.106082
0.106082
0.082449
0.082449
0.081196
0.081196
0.288204
0.288204
0.044492
0.044492
0.195817
0.195817
0.117136
0.117136
0.181978
0.181978
0.112629
0.112629
0.128010
0.128010
0.772888
0.772888
0.184312
0.184312
0.344983
0.344983
0.312278
0.312278
0.100828
0.100828
0.111279
0.111279
0.178133
0.178133
0.254511
0.254511
0.169083
0.169083
0.096969
0.096969
0.196779
0.196779
0.336816
0.336816
0.169518
0.169518
0.214981
0.214981
0.463560
0.463560
0.422021
0.422021
0.084796
0.084796
0.133459
0.133459
0.057733
0.057733
0.109146
0.109146
0.237560
0.237560
0.172334
0.172334
0.255994
0.255994
0.107316
0.107316
0.062731
0.062731
0.226748
0.226748
0.313231
0.313231
0.082104
0.082104
0.183991
0.183991
0.176525
0.176525
0.148185
0.148185
0.106367
0.106367
0.130419
0.130419
0.054080
0.054080
0.260501
0.260501
0.267105
0.267105
0.204908
0.204908
0.076364
0.076364
0.165922
0.165922
0.221060
0.221060
0.280257
0.280257
0.358481
0.358481
0.149528
0.149528
0.088272
0.088272
0.327186
0.327186
0.136717
0.136717
0.240008
0.240008
0.230444
0.230444
0.086490
0.086490
0.235412
0.235412
0.064295
0.064295
0.127303
0.127303
0.165666
0.165666
0.237305
0.237305
0.227423
0.227423
0.086759
0.086759
0.165845
0.165845
0.164311
0.164311
0.350896
0.350896
0.112519
0.112519
0.159750
0.159750
0.161450
0.161450
0.291127
0.291127
0.297526
0.297526
0.334579
0.334579
0.210305
0.210305
0.222811
0.222811
0.347251
0.347251
0.242633
0.242633
0.231851
0.231851
0.140378
0.140378
0.084473
0.084473
0.106494
0.106494
0.098490
0.098490
0.250217
0.250217
0.112081
0.112081
0.175931
0.175931
0.119245
0.119245
0.093674
0.093674
0.097569
0.097569
0.095063
0.095063
0.347998
0.347998
0.178486
0.178486
0.110879
0.110879
0.637218
0.637218
0.087664
0.087664
0.288077
0.288077
0.239383
0.239383
0.082462
0.082462
0.402734
0.402734
0.054093
0.054093
0.131894
0.131894
0.455706
0.455706
0.130713
0.130713
0.043932
0.043932
0.166633
0.166633
0.176193
0.176193
0.036138
0.036138
0.136919
0.136919
0.085269
0.085269
0.114144
0.114144
0.159518
0.159518
0.287483
0.287483
0.359327
0.359327
0.273142
0.273142
0.281779
0.281779
0.093666
0.093666
0.050782
0.050782
0.189077
0.189077
0.254156
0.254156
0.326140
0.326140
0.117523
0.117523
0.175063
0.175063
0.171195
0.171195
0.212100
0.212100
0.101852
0.101852
0.157783
0.157783
0.066284
0.066284
0.249753
0.249753
0.113917
0.113917
0.280744
0.280744
0.135908
0.135908
0.136753
0.136753
0.096841
0.096841
0.170075
0.170075
0.180414
0.180414
0.040210
0.040210
0.191359
0.191359
0.374988
0.374988
0.062197
0.062197
0.098264
0.098264
0.246268
0.246268
0.176538
0.176538
0.085400
0.085400
0.215424
0.215424
0.319742
0.319742
0.166522
0.166522
0.070375
0.070375
0.172600
0.172600
0.146786
0.146786
0.198308
0.198308
0.329237
0.329237
0.095280
0.095280
0.327116
0.327116
0.219450
0.219450
0.303855
0.303855
0.176703
0.176703
0.178014
0.178014
0.209339
0.209339
0.075355
0.075355
0.285494
0.285494
0.228550
0.228550
0.139591
0.139591
0.186937
0.186937
0.231070
0.231070
0.137300
0.137300
0.078502
0.078502
0.235042
0.235042
0.175763
0.175763
0.241853
0.241853
0.267684
0.267684
0.365068
0.365068
0.199750
0.199750
0.271590
0.271590
0.112234
0.112234
0.103502
0.103502
0.290234
0.290234
0.138272
0.138272
0.041679
0.041679
0.215055
0.215055
0.109574
0.109574
0.077625
0.077625
0.333286
0.333286
0.386173
0.386173
0.219068
0.219068
0.106170
0.106170
0.092061
0.092061
0.107035
0.107035
0.093758
0.093758
0.101228
0.101228
0.081602
0.081602
0.219671
0.219671
0.129677
0.129677
0.200487
0.200487
0.158175
0.158175
0.166205
0.166205
0.471061
0.471061
0.172802
0.172802
0.177277
0.177277
0.177343
0.177343
0.430925
0.430925
0.043861
0.043861
0.324973
0.324973
0.076853
0.076853
0.150164
0.150164
0.087583
0.087583
0.129246
0.129246
0.342634
0.342634
0.107444
0.107444
0.257850
0.257850
0.197368
0.197368
0.128951
0.128951
0.071204
0.071204
0.285338
0.285338
0.178340
0.178340
0.308297
0.308297
0.141565
0.141565
0.147453
0.147453
0.117200
0.117200
0.080626
0.080626
0.160364
0.160364
0.180188
0.180188
0.301716
0.301716
0.307931
0.307931
0.206418
0.206418
0.170350
0.170350
0.041709
0.041709
0.211116
0.211116
0.272114
0.272114
0.244348
0.244348
0.512623
0.512623
0.299540
0.299540
0.246607
0.246607
0.282435
0.282435
0.249858
0.249858
0.221779
0.221779
0.086888
0.086888
0.165299
0.165299
0.177989
0.177989
0.226343
0.226343
0.107073
0.107073
0.151509
0.151509
0.160734
0.160734
0.150533
0.150533
0.086975
0.086975
0.145554
0.145554
0.081645
0.081645
0.227831
0.227831
0.062647
0.062647
0.139117
0.139117
0.303138
0.303138
0.196402
0.196402
0.090303
0.090303
0.213120
0.213120
0.293771
0.293771
0.159848
0.159848
0.179617
0.179617
0.184907
0.184907
0.145369
0.145369
0.183927
0.183927
0.132062
0.132062
0.151364
0.151364
0.188045
0.188045
0.097178
0.097178
0.094332
0.094332
0.351312
0.351312
0.131026
0.131026
0.252987
0.252987
0.112117
0.112117
0.128290
0.128290
0.060401
0.060401
0.111478
0.111478
0.121044
0.121044
0.067025
0.067025
0.201277
0.201277
0.262278
0.262278
0.059792
0.059792
0.125647
0.125647
0.184845
0.184845
0.135851
0.135851
0.311676
0.311676
0.285648
0.285648
0.194834
0.194834
0.296790
0.296790
0.233610
0.233610
0.252843
0.252843
0.187189
0.187189
0.243707
0.243707
0.162903
0.162903
0.154204
0.154204
0.134632
0.134632
0.192131
0.192131
0.182042
0.182042
0.069432
0.069432
0.331211
0.331211
0.156601
0.156601
0.041626
0.041626
0.279213
0.279213
0.170486
0.170486
0.138175
0.138175
0.119853
0.119853
0.122173
0.122173
0.128924
0.128924
0.113362
0.113362
0.113964
0.113964
0.066287
0.066287
0.121543
0.121543
0.420666
0.420666
0.113624
0.113624
0.316800
0.316800
0.201714
0.201714
0.314627
0.314627
0.183087
0.183087
0.086759
0.086759
0.273284
0.273284
0.129387
0.129387
0.220159
0.220159
0.032394
0.032394
0.127971
0.127971
0.248208
0.248208
0.209027
0.209027
0.322562
0.322562
0.319182
0.319182
0.143290
0.143290
0.234056
0.234056
0.075663
0.075663
0.086367
0.086367
0.103128
0.103128
0.064535
0.064535
0.088198
0.088198
0.225175
0.225175
0.171481
0.171481
0.258398
0.258398
0.180305
0.180305
0.277493
0.277493
0.069278
0.069278
0.158145
0.158145
0.289902
0.289902
0.465923
0.465923
0.173811
0.173811
0.054964
0.054964
0.119830
0.119830
0.283725
0.283725
0.226825
0.226825
0.090628
0.090628
0.222757
0.222757
0.147439
0.147439
0.259655
0.259655
0.071473
0.071473
0.153451
0.153451
0.060718
0.060718
0.105260
0.105260
0.679668
0.679668
0.289345
0.289345
0.155717
0.155717
0.227121
0.227121
0.464566
0.464566
0.067265
0.067265
0.135694
0.135694
0.185265
0.185265
0.141439
0.141439
0.106830
0.106830
0.227151
0.227151
0.290967
0.290967
0.186866
0.186866
0.269391
0.269391
0.191583
0.191583
0.178698
0.178698
0.097841
0.097841
0.071522
0.071522
0.114771
0.114771
0.642808
0.642808
0.123511
0.123511
0.098338
0.098338
0.266404
0.266404
0.289605
0.289605
0.107312
0.107312
0.211328
0.211328
0.118153
0.118153
0.212705
0.212705
0.212207
0.212207
0.185936
0.185936
0.087640
0.087640
0.329033
0.329033
0.283146
0.283146
0.093503
0.093503
0.062552
0.062552
0.398308
0.398308
0.046882
0.046882
0.115974
0.115974
0.212428
0.212428
0.355451
0.355451
0.175051
0.175051
0.094637
0.094637
0.159102
0.159102
0.234980
0.234980
0.084360
0.084360
0.103900
0.103900
0.533876
0.533876
0.345995
0.345995
0.379703
0.379703
0.168567
0.168567
0.220564
0.220564
0.253634
0.253634
0.320698
0.320698
0.332055
0.332055
0.624345
0.624345
0.045784
0.045784
0.223606
0.223606
0.075717
0.075717
0.145273
0.145273
0.094133
0.094133
0.176935
0.176935
0.312215
0.312215
0.169876
0.169876
0.095415
0.095415
0.352223
0.352223
0.112038
0.112038
0.080185
0.080185
0.116583
0.116583
0.087574
0.087574
0.102965
0.102965
0.216024
0.216024
0.100592
0.100592
0.195728
0.195728
0.062845
0.062845
0.061987
0.061987
0.282871
0.282871
0.075082
0.075082
0.109032
0.109032
0.179550
0.179550
0.123596
0.123596
0.254036
0.254036
0.233072
0.233072
0.144701
0.144701
0.101357
0.101357
0.177329
0.177329
0.174232
0.174232
0.147676
0.147676
0.602038
0.602038
0.067474
0.067474
0.100443
0.100443
0.109966
0.109966
0.123716
0.123716
0.151651
0.151651
0.176804
0.176804
0.123237
0.123237
0.262694
0.262694
0.269466
0.269466
0.399874
0.399874
0.178819
0.178819
0.134510
0.134510
0.133221
0.133221
0.166605
0.166605
0.155979
0.155979
0.190491
0.190491
0.216408
0.216408
0.141139
0.141139
0.050044
0.050044
0.077365
0.077365
0.205115
0.205115
0.084607
0.084607
0.278528
0.278528
0.368866
0.368866
0.116953
0.116953
0.325052
0.325052
0.106587
0.106587
0.210739
0.210739
0.233814
0.233814
0.213747
0.213747
0.080436
0.080436
0.200019
0.200019
0.047788
0.047788
0.122806
0.122806
0.215758
0.215758
0.065752
0.065752
0.243480
0.243480
0.083669
0.083669
0.206844
0.206844
0.110053
0.110053
0.142195
0.142195
0.123912
0.123912
0.215512
0.215512
0.174315
0.174315
0.098640
0.098640
0.260446
0.260446
0.107604
0.107604
0.195578
0.195578
0.128452
0.128452
0.323719
0.323719
0.150207
0.150207
0.177737
0.177737
0.141063
0.141063
0.182188
0.182188
0.107245
0.107245
0.136688
0.136688
0.167484
0.167484
0.270121
0.270121
0.131937
0.131937
0.194853
0.194853
0.217910
0.217910
0.162920
0.162920
0.063173
0.063173
0.081708
0.081708
0.215291
0.215291
0.278900
0.278900
0.188723
0.188723
0.247130
0.247130
0.316815
0.316815
0.157059
0.157059
0.076395
0.076395
0.173525
0.173525
0.207350
0.207350
0.161041
0.161041
0.106106
0.106106
0.124315
0.124315
0.247961
0.247961
0.365942
0.365942
0.096693
0.096693
0.135561
0.135561
0.120287
0.120287
0.512127
0.512127
0.280837
0.280837
0.094622
0.094622
0.057963
0.057963
0.061758
0.061758
0.223062
0.223062
0.066310
0.066310
0.093772
0.093772
0.199746
0.199746
0.196837
0.196837
0.138967
0.138967
0.191012
0.191012
0.113484
0.113484
0.190272
0.190272
0.270534
0.270534
0.069513
0.069513
0.072667
0.072667
0.182545
0.182545
0.241761
0.241761
0.084386
0.084386
0.270170
0.270170
0.341646
0.341646
0.168542
0.168542
0.322837
0.322837
0.249584
0.249584
0.142156
0.142156
0.131539
0.131539
0.186090
0.186090
0.489964
0.489964
0.068590
0.068590
0.317888
0.317888
0.185431
0.185431
0.128275
0.128275
0.071369
0.071369
0.317655
0.317655
0.295710
0.295710
0.144665
0.144665
0.332655
0.332655
0.480249
0.480249
0.174611
0.174611
0.121020
0.121020
0.145711
0.145711
0.144962
0.144962
0.177444
0.177444
0.306998
0.306998
0.095044
0.095044
0.253618
0.253618
0.109769
0.109769
0.189878
0.189878
0.064296
0.064296
0.124861
0.124861
0.099869
0.099869
0.099974
0.099974
0.084382
0.084382
0.175252
0.175252
0.279557
0.279557
0.314606
0.314606
0.294292
0.294292
0.075090
0.075090
0.100059
0.100059
0.119195
0.119195
0.115778
0.115778
0.110095
0.110095
0.300270
0.300270
0.109119
0.109119
0.362747
0.362747
0.217768
0.217768
0.075246
0.075246
0.121073
0.121073
0.102201
0.102201
0.117567
0.117567
0.161626
0.161626
0.102072
0.102072
0.068930
0.068930
0.313303
0.313303
0.214648
0.214648
0.270965
0.270965
0.302121
0.302121
0.547996
0.547996
0.058553
0.058553
0.045544
0.045544
0.156379
0.156379
0.167607
0.167607
0.161016
0.161016
0.427771
0.427771
0.131519
0.131519
0.164525
0.164525
0.203729
0.203729
0.130148
0.130148
0.311178
0.311178
0.246316
0.246316
0.048702
0.048702
0.133887
0.133887
0.119760
0.119760
0.042197
0.042197
0.054191
0.054191
0.062299
0.062299
0.380407
0.380407
0.289802
0.289802
0.296673
0.296673
0.167760
0.167760
0.074983
0.074983
0.133927
0.133927
0.261645
0.261645
0.163539
0.163539
0.107070
0.107070
0.239466
0.239466
0.244259
0.244259
0.274100
0.274100
0.177000
0.177000
0.127889
0.127889
0.372916
0.372916
0.198312
0.198312
0.348733
0.348733
0.068943
0.068943
0.126943
0.126943
0.164139
0.164139
0.186396
0.186396
0.069465
0.069465
0.209230
0.209230
0.212900
0.212900
0.147314
0.147314
0.219955
0.219955
0.065309
0.065309
0.087604
0.087604
0.188645
0.188645
0.177865
0.177865
0.193634
0.193634
0.175195
0.175195
0.097058
0.097058
0.160730
0.160730
0.117364
0.117364
0.352840
0.352840
0.129617
0.129617
0.121185
0.121185
0.165910
0.165910
0.132237
0.132237
0.118352
0.118352
0.256936
0.256936
0.182026
0.182026
0.168427
0.168427
0.147565
0.147565
0.062080
0.062080
0.154050
0.154050
0.258352
0.258352
0.116043
0.116043
0.174381
0.174381
0.260419
0.260419
0.136718
0.136718
0.190297
0.190297
0.160248
0.160248
0.201984
0.201984
0.160530
0.160530
0.253864
0.253864
0.234346
0.234346
0.295557
0.295557
0.097530
0.097530
0.388237
0.388237
0.249864
0.249864
0.185520
0.185520
0.192701
0.192701
0.248597
0.248597
0.150278
0.150278
0.210386
0.210386
0.200248
0.200248
0.112973
0.112973
0.089114
0.089114
0.111113
0.111113
0.110152
0.110152
0.107689
0.107689
0.273168
0.273168
0.084958
0.084958
0.186744
0.186744
0.208701
0.208701
0.048253
0.048253
0.256422
0.256422
0.084373
0.084373
0.379990
0.379990
0.223962
0.223962
0.257549
0.257549
0.425644
0.425644
0.102222
0.102222
0.117622
0.117622
0.129881
0.129881
0.197025
0.197025
0.130855
0.130855
0.150542
0.150542
0.349727
0.349727
0.163923
0.163923
0.037484
0.037484
0.197865
0.197865
0.323945
0.323945
0.242136
0.242136
0.145562
0.145562
0.074928
0.074928
0.173820
0.173820
0.175317
0.175317
0.297671
0.297671
0.111420
0.111420
0.114694
0.114694
0.155729
0.155729
0.252271
0.252271
0.138260
0.138260
0.063231
0.063231
0.138196
0.138196
0.215725
0.215725
0.203391
0.203391
0.115088
0.115088
0.224435
0.224435
0.132633
0.132633
0.176953
0.176953
0.269658
0.269658
0.137338
0.137338
0.564466
0.564466
0.116217
0.116217
0.144070
0.144070
0.299434
0.299434
0.075227
0.075227
0.132789
0.132789
0.077373
0.077373
0.155243
0.155243
0.089932
0.089932
0.153877
0.153877
0.249684
0.249684
0.393874
0.393874
0.223758
0.223758
0.281169
0.281169
0.084565
0.084565
0.138261
0.138261
0.052301
0.052301
0.051276
0.051276
0.186524
0.186524
0.162657
0.162657
0.052615
0.052615
0.141430
0.141430
0.172577
0.172577
0.371105
0.371105
0.279285
0.279285
0.171585
0.171585
0.148193
0.148193
0.061444
0.061444
0.147551
0.147551
0.120198
0.120198
0.135232
0.135232
0.246606
0.246606
0.250689
0.250689
0.105693
0.105693
0.166272
0.166272
0.203588
0.203588
0.162683
0.162683
0.164574
0.164574
0.143474
0.143474
0.297142
0.297142
0.201149
0.201149
0.090024
0.090024
0.063792
0.063792
0.241378
0.241378
0.406492
0.406492
0.596647
0.596647
0.326876
0.326876
0.111362
0.111362
0.189587
0.189587
0.112136
0.112136
0.187376
0.187376
0.111467
0.111467
0.295917
0.295917
0.086747
0.086747
0.273503
0.273503
0.126084
0.126084
0.204996
0.204996
0.100593
0.100593
0.109405
0.109405
0.170471
0.170471
0.085418
0.085418
0.109783
0.109783
0.442104
0.442104
0.100021
0.100021
0.153753
0.153753
0.090688
0.090688
0.172831
0.172831
0.119752
0.119752
0.155297
0.155297
0.138955
0.138955
0.108395
0.108395
0.320310
0.320310
0.109194
0.109194
0.157074
0.157074
0.168350
0.168350
0.179624
0.179624
0.320665
0.320665
0.170660
0.170660
0.217695
0.217695
0.310019
0.310019
0.194080
0.194080
0.249470
0.249470
0.194823
0.194823
0.218923
0.218923
0.108000
0.108000
0.109411
0.109411
0.168205
0.168205
0.278136
0.278136
0.130037
0.130037
0.084185
0.084185
0.079700
0.079700
0.096124
0.096124
0.163107
0.163107
0.251003
0.251003
0.045659
0.045659
0.135951
0.135951
0.252493
0.252493
0.210949
0.210949
0.109530
0.109530
0.226391
0.226391
0.088675
0.088675
0.051315
0.051315
0.349127
0.349127
0.238170
0.238170
0.152549
0.152549
0.178212
0.178212
0.207380
0.207380
0.239140
0.239140
0.113652
0.113652
0.122029
0.122029
0.102698
0.102698
0.105303
0.105303
0.143441
0.143441
0.423244
0.423244
0.098157
0.098157
0.223614
0.223614
0.125244
0.125244
0.128103
0.128103
0.232443
0.232443
0.061723
0.061723
0.152299
0.152299
0.116495
0.116495
0.156574
0.156574
0.203073
0.203073
0.589293
0.589293
0.352480
0.352480
0.259703
0.259703
0.164969
0.164969
0.252371
0.252371
0.137072
0.137072
0.163944
0.163944
0.160535
0.160535
0.117713
0.117713
0.143432
0.143432
0.222044
0.222044
0.082255
0.082255
0.146980
0.146980
0.251897
0.251897
0.158040
0.158040
0.102500
0.102500
0.059287
0.059287
0.041152
0.041152
0.213447
0.213447
0.128469
0.128469
0.442257
0.442257
0.309644
0.309644
0.183438
0.183438
0.076014
0.076014
0.356276
0.356276
0.060498
0.060498
0.099261
0.099261
0.114154
0.114154
0.082111
0.082111
0.123844
0.123844
0.118085
0.118085
0.365364
0.365364
0.097121
0.097121
0.171982
0.171982
0.070204
0.070204
0.224519
0.224519
0.079206
0.079206
0.136832
0.136832
0.103564
0.103564
0.159945
0.159945
0.112614
0.112614
0.097976
0.097976
0.157103
0.157103
0.290802
0.290802
0.092556
0.092556
0.145750
0.145750
0.095666
0.095666
0.510680
0.510680
0.240322
0.240322
0.065177
0.065177
0.108074
0.108074
0.188649
0.188649
0.087194
0.087194
0.421004
0.421004
0.182767
0.182767
0.342902
0.342902
0.109182
0.109182
0.365959
0.365959
0.213057
0.213057
0.117439
0.117439
0.211459
0.211459
0.316797
0.316797
0.135843
0.135843
0.105849
0.105849
0.216842
0.216842
0.152155
0.152155
0.393248
0.393248
0.258177
0.258177
0.097978
0.097978
0.273199
0.273199
0.048759
0.048759
0.276803
0.276803
0.150447
0.150447
0.205655
0.205655
0.166239
0.166239
0.100091
0.100091
0.138148
0.138148
0.067096
0.067096
0.170352
0.170352
0.114600
0.114600
0.134781
0.134781
0.179097
0.179097
0.109516
0.109516
0.194144
0.194144
0.180559
0.180559
0.374707
0.374707
0.076090
0.076090
0.209664
0.209664
0.167625
0.167625
0.301939
0.301939
0.326382
0.326382
0.283003
0.283003
0.099680
0.099680
0.101795
0.101795
0.173299
0.173299
0.116572
0.116572
0.099178
0.099178
0.139833
0.139833
0.098515
0.098515
0.466554
0.466554
0.173370
0.173370
0.069741
0.069741
0.069916
0.069916
0.080738
0.080738
0.054450
0.054450
0.514571
0.514571
0.120966
0.120966
0.185960
0.185960
0.098367
0.098367
0.206100
0.206100
0.273134
0.273134
0.205435
0.205435
0.112732
0.112732
0.332452
0.332452
0.112838
0.112838
0.185321
0.185321
0.208330
0.208330
0.219196
0.219196
0.215562
0.215562
0.236607
0.236607
0.065817
0.065817
0.086735
0.086735
0.451641
0.451641
0.336447
0.336447
0.073833
0.073833
0.231717
0.231717
0.130769
0.130769
0.272627
0.272627
0.130730
0.130730
0.175408
0.175408
0.272012
0.272012
0.152035
0.152035
0.101427
0.101427
0.091741
0.091741
0.202938
0.202938
0.234646
0.234646
0.246086
0.246086
0.204374
0.204374
0.210673
0.210673
0.060331
0.060331
0.156771
0.156771
0.147465
0.147465
0.345672
0.345672
0.260477
0.260477
0.361034
0.361034
0.060418
0.060418
0.054879
0.054879
0.198279
0.198279
0.061937
0.061937
0.229011
0.229011
0.062337
0.062337
0.432749
0.432749
0.120964
0.120964
0.141714
0.141714
0.140973
0.140973
0.132093
0.132093
0.189829
0.189829
0.208916
0.208916
0.253412
0.253412
0.073182
0.073182
0.239788
0.239788
0.222792
0.222792
0.051373
0.051373
0.039037
0.039037
0.270499
0.270499
0.213858
0.213858
0.064813
0.064813
0.136089
0.136089
0.056732
0.056732
0.176777
0.176777
0.107197
0.107197
0.158801
0.158801
0.269671
0.269671
0.224602
0.224602
0.127622
0.127622
0.127373
0.127373
0.180655
0.180655
0.279478
0.279478
0.246591
0.246591
0.126359
0.126359
0.139642
0.139642
0.169893
0.169893
0.150320
0.150320
0.251810
0.251810
0.216783
0.216783
0.102847
0.102847
0.177048
0.177048
0.096496
0.096496
0.163772
0.163772
0.157407
0.157407
0.179725
0.179725
0.085378
0.085378
0.168473
0.168473
0.408063
0.408063
0.171407
0.171407
0.217807
0.217807
0.214710
0.214710
0.147021
0.147021
0.216457
0.216457
0.205437
0.205437
0.271642
0.271642
0.047872
0.047872
0.138113
0.138113
0.076523
0.076523
0.059839
0.059839
0.353430
0.353430
0.203804
0.203804
0.100092
0.100092
0.121691
0.121691
0.081261
0.081261
0.085101
0.085101
0.044964
0.044964
0.061673
0.061673
0.088075
0.088075
0.106719
0.106719
0.234373
0.234373
0.195467
0.195467
0.223964
0.223964
0.042751
0.042751
0.078811
0.078811
0.288100
0.288100
0.113476
0.113476
0.099535
0.099535
0.092432
0.092432
0.251750
0.251750
0.079016
0.079016
0.143684
0.143684
0.127474
0.127474
0.262961
0.262961
0.552036
0.552036
0.316982
0.316982
0.133739
0.133739
0.145941
0.145941
0.061630
0.061630
0.128832
0.128832
0.276337
0.276337
0.134054
0.134054
0.102596
0.102596
0.183517
0.183517
0.366089
0.366089
0.125460
0.125460
0.415308
0.415308
0.502575
0.502575
0.242300
0.242300
0.322600
0.322600
0.239373
0.239373
0.172577
0.172577
0.122824
0.122824
0.251623
0.251623
0.157989
0.157989
0.183993
0.183993
0.173572
0.173572
0.307800
0.307800
0.175747
0.175747
0.270164
0.270164
0.098659
0.098659
0.361570
0.361570
0.434547
0.434547
0.204121
0.204121
0.069440
0.069440
0.232271
0.232271
0.099143
0.099143
0.491611
0.491611
0.341261
0.341261
0.187625
0.187625
0.194543
0.194543
0.174097
0.174097
0.228619
0.228619
0.217714
0.217714
0.155508
0.155508
0.124327
0.124327
0.284656
0.284656
0.137162
0.137162
0.154755
0.154755
0.052156
0.052156
0.141791
0.141791
0.137503
0.137503
0.101882
0.101882
0.044073
0.044073
0.114190
0.114190
0.127498
0.127498
0.183906
0.183906
0.398277
0.398277
0.109259
0.109259
0.241433
0.241433
0.154123
0.154123
0.142481
0.142481
0.158641
0.158641
0.081744
0.081744
0.104580
0.104580
0.338806
0.338806
0.233042
0.233042
0.087361
0.087361
0.234879
0.234879
0.203352
0.203352
0.180759
0.180759
0.194706
0.194706
0.164890
0.164890
0.259036
0.259036
0.351149
0.351149
0.114527
0.114527
0.124471
0.124471
0.263475
0.263475
0.389797
0.389797
0.179944
0.179944
0.109695
0.109695
0.114705
0.114705
0.148236
0.148236
0.054667
0.054667
0.103966
0.103966
0.118532
0.118532
0.141046
0.141046
0.177106
0.177106
0.094516
0.094516
0.256844
0.256844
0.042019
0.042019
0.182893
0.182893
0.167562
0.167562
0.132627
0.132627
0.139952
0.139952
0.069025
0.069025
0.121820
0.121820
0.243363
0.243363
0.079396
0.079396
0.114174
0.114174
0.060546
0.060546
0.200496
0.200496
0.194078
0.194078
0.186218
0.186218
0.165642
0.165642
0.103232
0.103232
0.256915
0.256915
0.107782
0.107782
0.221970
0.221970
0.097752
0.097752
0.294769
0.294769
0.100851
0.100851
0.169421
0.169421
0.079010
0.079010
0.106448
0.106448
0.143223
0.143223
0.140369
0.140369
0.270041
0.270041
0.186377
0.186377
0.162053
0.162053
0.196343
0.196343
0.317978
0.317978
0.224237
0.224237
0.110006
0.110006
0.243506
0.243506
0.121659
0.121659
0.081533
0.081533
0.114015
0.114015
0.119140
0.119140
0.100605
0.100605
0.126191
0.126191
0.104544
0.104544
0.480886
0.480886
0.110435
0.110435
0.104233
0.104233
0.107332
0.107332
0.246730
0.246730
0.352023
0.352023
0.207155
0.207155
0.174348
0.174348
0.184839
0.184839
0.254080
0.254080
0.117738
0.117738
0.095136
0.095136
0.481976
0.481976
0.136666
0.136666
0.104526
0.104526
0.282248
0.282248
0.131532
0.131532
0.389539
0.389539
0.142771
0.142771
0.413607
0.413607
0.125542
0.125542
0.192583
0.192583
0.096692
0.096692
0.075705
0.075705
0.163848
0.163848
0.210446
0.210446
0.177651
0.177651
0.179328
0.179328
0.185807
0.185807
0.281796
0.281796
0.129342
0.129342
0.148896
0.148896
0.130236
0.130236
0.206962
0.206962
0.224265
0.224265
0.363568
0.363568
0.128569
0.128569
0.142956
0.142956
0.151221
0.151221
0.087746
0.087746
0.199628
0.199628
0.046279
0.046279
0.178352
0.178352
0.138368
0.138368
0.076476
0.076476
0.130670
0.130670
0.191200
0.191200
0.186885
0.186885
0.197789
0.197789
0.079959
0.079959
0.064167
0.064167
0.097439
0.097439
0.067003
0.067003
0.146621
0.146621
0.216562
0.216562
0.083271
0.083271
0.334937
0.334937
0.047788
0.047788
0.133783
0.133783
0.169043
0.169043
0.175380
0.175380
0.153738
0.153738
0.131721
0.131721
0.269779
0.269779
0.291382
0.291382
0.136586
0.136586
0.176247
0.176247
0.105662
0.105662
0.078684
0.078684
0.134836
0.134836
0.132299
0.132299
0.070389
0.070389
0.189340
0.189340
0.209666
0.209666
0.138144
0.138144
0.194630
0.194630
0.227375
0.227375
0.125326
0.125326
0.166639
0.166639
0.123935
0.123935
0.332940
0.332940
0.243693
0.243693
0.204902
0.204902
0.124477
0.124477
0.182009
0.182009
0.329019
0.329019
0.222974
0.222974
0.136611
0.136611
0.170094
0.170094
0.212983
0.212983
0.537348
0.537348
0.126679
0.126679
0.167401
0.167401
0.205225
0.205225
0.097573
0.097573
0.230214
0.230214
0.270296
0.270296
0.199773
0.199773
0.149273
0.149273
0.311933
0.311933
0.115506
0.115506
0.289999
0.289999
0.115650
0.115650
0.146167
0.146167
0.088401
0.088401
0.330744
0.330744
0.051590
0.051590
0.100217
0.100217
0.219482
0.219482
0.321267
0.321267
0.062967
0.062967
0.265170
0.265170
0.103571
0.103571
0.138928
0.138928
0.095884
0.095884
0.114177
0.114177
0.238043
0.238043
0.150326
0.150326
0.151212
0.151212
0.169320
0.169320
0.147278
0.147278
0.267820
0.267820
0.102382
0.102382
0.039326
0.039326
0.108825
0.108825
0.184533
0.184533
0.218706
0.218706
0.373116
0.373116
0.188840
0.188840
0.121360
0.121360
0.160007
0.160007
0.035520
0.035520
0.132577
0.132577
0.252575
0.252575
0.116345
0.116345
0.272866
0.272866
0.109761
0.109761
0.166194
0.166194
0.044322
0.044322
0.398242
0.398242
0.186754
0.186754
0.124735
0.124735
0.209234
0.209234
0.134632
0.134632
0.177120
0.177120
0.220646
0.220646
0.139792
0.139792
0.083586
0.083586
0.062965
0.062965
0.199937
0.199937
0.101924
0.101924
0.153938
0.153938
0.199954
0.199954
0.137931
0.137931
0.105672
0.105672
0.386212
0.386212
0.531302
0.531302
0.395989
0.395989
0.264739
0.264739
0.148127
0.148127
0.317170
0.317170
0.092147
0.092147
0.109040
0.109040
0.141259
0.141259
0.128210
0.128210
0.337828
0.337828
0.128436
0.128436
0.215632
0.215632
0.058282
0.058282
0.049800
0.049800
0.057834
0.057834
0.154645
0.154645
0.085004
0.085004
0.208522
0.208522
0.070738
0.070738
0.092219
0.092219
0.147486
0.147486
0.126224
0.126224
0.300444
0.300444
0.177080
0.177080
0.476118
0.476118
0.116771
0.116771
0.186001
0.186001
0.509253
0.509253
0.067417
0.067417
0.085293
0.085293
0.095743
0.095743
0.124893
0.124893
0.103252
0.103252
0.120675
0.120675
0.407203
0.407203
0.551350
0.551350
0.175426
0.175426
0.217218
0.217218
0.212261
0.212261
0.075034
0.075034
0.112926
0.112926
0.289109
0.289109
0.075093
0.075093
0.313911
0.313911
0.218936
0.218936
0.367044
0.367044
0.088517
0.088517
0.176773
0.176773
0.129593
0.129593
0.118138
0.118138
0.203529
0.203529
0.527750
0.527750
0.162056
0.162056
0.220533
0.220533
0.221862
0.221862
0.177293
0.177293
0.134489
0.134489
0.108001
0.108001
0.271201
0.271201
0.089997
0.089997
0.172802
0.172802
0.073548
0.073548
0.133677
0.133677
0.204799
0.204799
0.082205
0.082205
0.056349
0.056349
0.059599
0.059599
0.312301
0.312301
0.171165
0.171165
0.192330
0.192330
0.241214
0.241214
0.089122
0.089122
0.118442
0.118442
0.069442
0.069442
0.435984
0.435984
0.170501
0.170501
0.120873
0.120873
0.103530
0.103530
0.290134
0.290134
0.343176
0.343176
0.079053
0.079053
0.105600
0.105600
0.291022
0.291022
0.169124
0.169124
0.150201
0.150201
0.060879
0.060879
0.176490
0.176490
0.341635
0.341635
0.228951
0.228951
0.122924
0.122924
0.060154
0.060154
0.188124
0.188124
0.114424
0.114424
0.183507
0.183507
0.256185
0.256185
0.167197
0.167197
0.238527
0.238527
0.632523
0.632523
0.085586
0.085586
0.304597
0.304597
0.160946
0.160946
0.101067
0.101067
0.177912
0.177912
0.133330
0.133330
0.135663
0.135663
0.122509
0.122509
0.279881
0.279881
0.318775
0.318775
0.244213
0.244213
0.081525
0.081525
0.073281
0.073281
0.199135
0.199135
0.195145
0.195145
0.063644
0.063644
0.106077
0.106077
0.143129
0.143129
0.079322
0.079322
0.084638
0.084638
0.141384
0.141384
0.311562
0.311562
0.128534
0.128534
0.118171
0.118171
0.195426
0.195426
0.275664
0.275664
0.058921
0.058921
0.245926
0.245926
0.146435
0.146435
0.166716
0.166716
0.091274
0.091274
0.140328
0.140328
0.091891
0.091891
0.216169
0.216169
0.086540
0.086540
0.101284
0.101284
0.103747
0.103747
0.057167
0.057167
0.147377
0.147377
0.195837
0.195837
0.158329
0.158329
0.155853
0.155853
0.130246
0.130246
0.462586
0.462586
0.354968
0.354968
0.281712
0.281712
0.150715
0.150715
0.290324
0.290324
0.172444
0.172444
0.199317
0.199317
0.367228
0.367228
0.102067
0.102067
0.157384
0.157384
0.284108
0.284108
0.221808
0.221808
0.236126
0.236126
0.164569
0.164569
0.082467
0.082467
0.137930
0.137930
0.101514
0.101514
0.073341
0.073341
0.148006
0.148006
0.151683
0.151683
0.267223
0.267223
0.164751
0.164751
0.187435
0.187435
0.218713
0.218713
0.347372
0.347372
0.166029
0.166029
0.073464
0.073464
0.034202
0.034202
0.099523
0.099523
0.251834
0.251834
0.070895
0.070895
0.138844
0.138844
0.089055
0.089055
0.100205
0.100205
0.310296
0.310296
0.280058
0.280058
0.150001
0.150001
0.093305
0.093305
0.140285
0.140285
0.165531
0.165531
0.219647
0.219647
0.157545
0.157545
0.106328
0.106328
0.201691
0.201691
0.138372
0.138372
0.225651
0.225651
0.175469
0.175469
0.218831
0.218831
0.185290
0.185290
0.095087
0.095087
0.125585
0.125585
0.202896
0.202896
0.075005
0.075005
0.237390
0.237390
0.122969
0.122969
0.073569
0.073569
0.166152
0.166152
0.316725
0.316725
0.111083
0.111083
0.382142
0.382142
0.214704
0.214704
0.262296
0.262296
0.088648
0.088648
0.220551
0.220551
0.154657
0.154657
0.249365
0.249365
0.171226
0.171226
0.236172
0.236172
0.131096
0.131096
0.250138
0.250138
0.114159
0.114159
0.118739
0.118739
0.036640
0.036640
0.103830
0.103830
0.078118
0.078118
0.150461
0.150461
0.205220
0.205220
0.075984
0.075984
0.129044
0.129044
0.186461
0.186461
0.116603
0.116603
0.248875
0.248875
0.193047
0.193047
0.219190
0.219190
0.155384
0.155384
0.207013
0.207013
0.057006
0.057006
0.059038
0.059038
0.402905
0.402905
0.110240
0.110240
0.075038
0.075038
0.075097
0.075097
0.044054
0.044054
0.120339
0.120339
0.060976
0.060976
0.083805
0.083805
0.185359
0.185359
0.291449
0.291449
0.126920
0.126920
0.173060
0.173060
0.275258
0.275258
0.131849
0.131849
0.082564
0.082564
0.093191
0.093191
0.052066
0.052066
0.076522
0.076522
0.086558
0.086558
0.395237
0.395237
0.197589
0.197589
0.284253
0.284253
0.138397
0.138397
0.129955
0.129955
0.051901
0.051901
0.234569
0.234569
0.218929
0.218929
0.338553
0.338553
0.221571
0.221571
0.064409
0.064409
0.243751
0.243751
0.096142
0.096142
0.300400
0.300400
0.158506
0.158506
0.214039
0.214039
0.417529
0.417529
0.080165
0.080165
0.189411
0.189411
0.254401
0.254401
0.196822
0.196822
0.330638
0.330638
0.342832
0.342832
0.134387
0.134387
0.068806
0.068806
0.182747
0.182747
0.188931
0.188931
0.076727
0.076727
0.220760
0.220760
0.043244
0.043244
0.324584
0.324584
0.189392
0.189392
0.348148
0.348148
0.149079
0.149079
0.156756
0.156756
0.150551
0.150551
0.103966
0.103966
0.072248
0.072248
0.130514
0.130514
0.104416
0.104416
0.259800
0.259800
0.091476
0.091476
0.284540
0.284540
0.105675
0.105675
0.237207
0.237207
0.165618
0.165618
0.184023
0.184023
0.166146
0.166146
0.177281
0.177281
0.350269
0.350269
0.158093
0.158093
0.136128
0.136128
0.245819
0.245819
0.160973
0.160973
0.061693
0.061693
0.088417
0.088417
0.108948
0.108948
0.203476
0.203476
0.158267
0.158267
0.179453
0.179453
0.204079
0.204079
0.233912
0.233912
0.112931
0.112931
0.223963
0.223963
0.137758
0.137758
0.325116
0.325116
0.165242
0.165242
0.127668
0.127668
0.257513
0.257513
0.146506
0.146506
0.121876
0.121876
0.079894
0.079894
0.196428
0.196428
0.174371
0.174371
0.117691
0.117691
0.168124
0.168124
0.225614
0.225614
0.090680
0.090680
0.231621
0.231621
0.195771
0.195771
0.225902
0.225902
0.102517
0.102517
0.135000
0.135000
0.287596
0.287596
0.502341
0.502341
0.393729
0.393729
0.087159
0.087159
0.222163
0.222163
0.186986
0.186986
0.306028
0.306028
0.185540
0.185540
0.100699
0.100699
0.048670
0.048670
0.121631
0.121631
0.111552
0.111552
0.165854
0.165854
0.140132
0.140132
0.218546
0.218546
0.252501
0.252501
0.243925
0.243925
0.089736
0.089736
0.088967
0.088967
0.373058
0.373058
0.096711
0.096711
0.065225
0.065225
0.133997
0.133997
0.075100
0.075100
0.131374
0.131374
0.084699
0.084699
0.116830
0.116830
0.142097
0.142097
0.119967
0.119967
0.168473
0.168473
0.273863
0.273863
0.382776
0.382776
0.258465
0.258465
0.065560
0.065560
0.147882
0.147882
0.214474
0.214474
0.188716
0.188716
0.494657
0.494657
0.197736
0.197736
0.114386
0.114386
0.236764
0.236764
0.155784
0.155784
0.129143
0.129143
0.157532
0.157532
0.153986
0.153986
0.114151
0.114151
0.140062
0.140062
0.051522
0.051522
0.219964
0.219964
0.070485
0.070485
0.221363
0.221363
0.294544
0.294544
0.090549
0.090549
0.074542
0.074542
0.267166
0.267166
0.272264
0.272264
0.112643
0.112643
0.142654
0.142654
0.115688
0.115688
0.228843
0.228843
0.417721
0.417721
0.266077
0.266077
0.197557
0.197557
0.155608
0.155608
0.041431
0.041431
0.203708
0.203708
0.363587
0.363587
0.238440
0.238440
0.068133
0.068133
0.078547
0.078547
0.062853
0.062853
0.361052
0.361052
0.183586
0.183586
0.122503
0.122503
0.224511
0.224511
0.171555
0.171555
0.190612
0.190612
0.063807
0.063807
0.334127
0.334127
0.246598
0.246598
0.275163
0.275163
0.295855
0.295855
0.106375
0.106375
0.082006
0.082006
0.116419
0.116419
0.058917
0.058917
0.258602
0.258602
0.223700
0.223700
0.086149
0.086149
0.031682
0.031682
0.121405
0.121405
0.303422
0.303422
0.135510
0.135510
0.087959
0.087959
0.100179
0.100179
0.216010
0.216010
0.102432
0.102432
0.083602
0.083602
0.135681
0.135681
0.275520
0.275520
0.068081
0.068081
0.205917
0.205917
0.137578
0.137578
0.066607
0.066607
0.135710
0.135710
0.109652
0.109652
0.235512
0.235512
0.337159
0.337159
0.185193
0.185193
0.181541
0.181541
0.198828
0.198828
0.121610
0.121610
0.437560
0.437560
0.096917
0.096917
0.137593
0.137593
0.147820
0.147820
0.271410
0.271410
0.101702
0.101702
0.075129
0.075129
0.323234
0.323234
0.180858
0.180858
0.158954
0.158954
0.051033
0.051033
0.086879
0.086879
0.174305
0.174305
0.170165
0.170165
0.126869
0.126869
0.087221
0.087221
0.102029
0.102029
0.064794
0.064794
0.098741
0.098741
0.279091
0.279091
0.241290
0.241290
0.117008
0.117008
0.261392
0.261392
0.417669
0.417669
0.127613
0.127613
0.169507
0.169507
0.159667
0.159667
0.213752
0.213752
0.312209
0.312209
0.138076
0.138076
0.151270
0.151270
0.274268
0.274268
0.257145
0.257145
0.172525
0.172525
0.508033
0.508033
0.238665
0.238665
0.161971
0.161971
0.083450
0.083450
0.092702
0.092702
0.209529
0.209529
0.067097
0.067097
0.174014
0.174014
0.251251
0.251251
0.080683
0.080683
0.162700
0.162700
0.157726
0.157726
0.073926
0.073926
0.114662
0.114662
0.276337
0.276337
0.118558
0.118558
0.094832
0.094832
0.115424
0.115424
0.061960
0.061960
0.096590
0.096590
0.109928
0.109928
0.196845
0.196845
0.200183
0.200183
0.096648
0.096648
0.184562
0.184562
0.158678
0.158678
0.113079
0.113079
0.063177
0.063177
0.069155
0.069155
0.201951
0.201951
0.062768
0.062768
0.223793
0.223793
0.055979
0.055979
0.221281
0.221281
0.308638
0.308638
0.168601
0.168601
0.096453
0.096453
0.142488
0.142488
0.368481
0.368481
0.241716
0.241716
0.196117
0.196117
0.152055
0.152055
0.186975
0.186975
0.114378
0.114378
0.307760
0.307760
0.169586
0.169586
0.594933
0.594933
0.260443
0.260443
0.278895
0.278895
0.178742
0.178742
0.161673
0.161673
0.154507
0.154507
0.178920
0.178920
0.175534
0.175534
0.148528
0.148528
0.048966
0.048966
0.193919
0.193919
0.229894
0.229894
0.282970
0.282970
0.260764
0.260764
0.334777
0.334777
0.116452
0.116452
0.281760
0.281760
0.093700
0.093700
0.101104
0.101104
0.286357
0.286357
0.042176
0.042176
0.139707
0.139707
0.186917
0.186917
0.311832
0.311832
0.168224
0.168224
0.178604
0.178604
0.220082
0.220082
0.059760
0.059760
0.179476
0.179476
0.069097
0.069097
0.169572
0.169572
0.124402
0.124402
0.204282
0.204282
0.281877
0.281877
0.095791
0.095791
0.073428
0.073428
0.051484
0.051484
0.071158
0.071158
0.308933
0.308933
0.058150
0.058150
0.419094
0.419094
0.193073
0.193073
0.092912
0.092912
0.324967
0.324967
0.222074
0.222074
0.062255
0.062255
0.155963
0.155963
0.139855
0.139855
0.158186
0.158186
0.104008
0.104008
0.064388
0.064388
0.173195
0.173195
0.450075
0.450075
0.154281
0.154281
0.092626
0.092626
0.110578
0.110578
0.292927
0.292927
0.448809
0.448809
0.298602
0.298602
0.168358
0.168358
0.180809
0.180809
0.093852
0.093852
0.159651
0.159651
0.153023
0.153023
0.318202
0.318202
0.122391
0.122391
0.073462
0.073462
0.163656
0.163656
0.137722
0.137722
0.030410
0.030410
0.162975
0.162975
0.091153
0.091153
0.118256
0.118256
0.089069
0.089069
0.141169
0.141169
0.195622
0.195622
0.179695
0.179695
0.128591
0.128591
0.169699
0.169699
0.194522
0.194522
0.150695
0.150695
0.175832
0.175832
0.068259
0.068259
0.066950
0.066950
0.157184
0.157184
0.432609
0.432609
0.098767
0.098767
0.073159
0.073159
0.185820
0.185820
0.335487
0.335487
0.308949
0.308949
0.171216
0.171216
0.137487
0.137487
0.329035
0.329035
0.144907
0.144907
0.111740
0.111740
0.097652
0.097652
0.162895
0.162895
0.195701
0.195701
0.079828
0.079828
0.105759
0.105759
0.238752
0.238752
0.094765
0.094765
0.099032
0.099032
0.231495
0.231495
0.166414
0.166414
0.442410
0.442410
0.103738
0.103738
0.103823
0.103823
0.422300
0.422300
0.120512
0.120512
0.189007
0.189007
0.053448
0.053448
0.107435
0.107435
0.194628
0.194628
0.185991
0.185991
0.143227
0.143227
0.109905
0.109905
0.163684
0.163684
0.485606
0.485606
0.177962
0.177962
0.197865
0.197865
0.099663
0.099663
0.446402
0.446402
0.075260
0.075260
0.057773
0.057773
0.230699
0.230699
0.128785
0.128785
0.128647
0.128647
0.107710
0.107710
0.161661
0.161661
0.047555
0.047555
0.042749
0.042749
0.115238
0.115238
0.158892
0.158892
0.251781
0.251781
0.079056
0.079056
0.189912
0.189912
0.145307
0.145307
0.245296
0.245296
0.111494
0.111494
0.372092
0.372092
0.063059
0.063059
0.121528
0.121528
0.101499
0.101499
0.142484
0.142484
0.165367
0.165367
0.237771
0.237771
0.278241
0.278241
0.145653
0.145653
0.158305
0.158305
0.226504
0.226504
0.324945
0.324945
0.087743
0.087743
0.089506
0.089506
0.206722
0.206722
0.028503
0.028503
0.113217
0.113217
0.333512
0.333512
0.435721
0.435721
0.300906
0.300906
0.344079
0.344079
0.273053
0.273053
0.195986
0.195986
0.054525
0.054525
0.343009
0.343009
0.236712
0.236712
0.092129
0.092129
0.053344
0.053344
0.201180
0.201180
0.290478
0.290478
0.089189
0.089189
0.334028
0.334028
0.135870
0.135870
0.066602
0.066602
0.058393
0.058393
0.379831
0.379831
0.087144
0.087144
0.186347
0.186347
0.255410
0.255410
0.319131
0.319131
0.060823
0.060823
0.079647
0.079647
0.409513
0.409513
0.061665
0.061665
0.189070
0.189070
0.128762
0.128762
0.053127
0.053127
0.180445
0.180445
0.295484
0.295484
0.064618
0.064618
0.143788
0.143788
0.102944
0.102944
0.231693
0.231693
0.333731
0.333731
0.098142
0.098142
0.209172
0.209172
0.062703
0.062703
0.086337
0.086337
0.195926
0.195926
0.233926
0.233926
0.356357
0.356357
0.106936
0.106936
0.149655
0.149655
0.046407
0.046407
0.131567
0.131567
0.070664
0.070664
0.170474
0.170474
0.198285
0.198285
0.179880
0.179880
0.267062
0.267062
0.056681
0.056681
0.211943
0.211943
0.074764
0.074764
0.321757
0.321757
0.072180
0.072180
0.121083
0.121083
0.137965
0.137965
0.179157
0.179157
0.111758
0.111758
0.162650
0.162650
0.065047
0.065047
0.088844
0.088844
0.137867
0.137867
0.337185
0.337185
0.296241
0.296241
0.083003
0.083003
0.085947
0.085947
0.111910
0.111910
0.122891
0.122891
0.162875
0.162875
0.135757
0.135757
0.270438
0.270438
0.080523
0.080523
0.191718
0.191718
0.095209
0.095209
0.168619
0.168619
0.219681
0.219681
0.184772
0.184772
0.049065
0.049065
0.254119
0.254119
0.191641
0.191641
0.324627
0.324627
0.178718
0.178718
0.051485
0.051485
0.116640
0.116640
0.151057
0.151057
0.078133
0.078133
0.299808
0.299808
0.101612
0.101612
0.076910
0.076910
0.132724
0.132724
0.249482
0.249482
0.144014
0.144014
0.177032
0.177032
0.194805
0.194805
0.221688
0.221688
0.159853
0.159853
0.097914
0.097914
0.231554
0.231554
0.132485
0.132485
0.157163
0.157163
0.160990
0.160990
0.352800
0.352800
0.178133
0.178133
0.471900
0.471900
0.320437
0.320437
0.066104
0.066104
0.192092
0.192092
0.218571
0.218571
0.084997
0.084997
0.232117
0.232117
0.110873
0.110873
0.185661
0.185661
0.240773
0.240773
0.060275
0.060275
0.092637
0.092637
0.126411
0.126411
0.175938
0.175938
0.180307
0.180307
0.219355
0.219355
0.199126
0.199126
0.240596
0.240596
0.197226
0.197226
0.431592
0.431592
0.302434
0.302434
0.360169
0.360169
0.111073
0.111073
0.137679
0.137679
0.412412
0.412412
0.113949
0.113949
0.121969
0.121969
0.085366
0.085366
0.239964
0.239964
0.209910
0.209910
0.080486
0.080486
0.256327
0.256327
0.183300
0.183300
0.206539
0.206539
0.028208
0.028208
0.085003
0.085003
0.282872
0.282872
0.188183
0.188183
0.149560
0.149560
0.135270
0.135270
0.061099
0.061099
0.189723
0.189723
0.165716
0.165716
0.080778
0.080778
0.161446
0.161446
0.174888
0.174888
0.066745
0.066745
0.126165
0.126165
0.310923
0.310923
0.122458
0.122458
0.048287
0.048287
0.331993
0.331993
0.160640
0.160640
0.185529
0.185529
0.074122
0.074122
0.052392
0.052392
0.189636
0.189636
0.174587
0.174587
0.169550
0.169550
0.080712
0.080712
0.220194
0.220194
0.140048
0.140048
0.288753
0.288753
0.078762
0.078762
0.120695
0.120695
0.074203
0.074203
0.249276
0.249276
0.226258
0.226258
0.246621
0.246621
0.082319
0.082319
0.108303
0.108303
0.144330
0.144330
0.035898
0.035898
0.126423
0.126423
0.213321
0.213321
0.092078
0.092078
0.083323
0.083323
0.075984
0.075984
0.290410
0.290410
0.101512
0.101512
0.420143
0.420143
0.154394
0.154394
0.094883
0.094883
0.106596
0.106596
0.092066
0.092066
0.065826
0.065826
0.101872
0.101872
0.137335
0.137335
0.156546
0.156546
0.189471
0.189471
0.154179
0.154179
0.408511
0.408511
0.079039
0.079039
0.175916
0.175916
0.153506
0.153506
0.095413
0.095413
0.183509
0.183509
0.217378
0.217378
0.046161
0.046161
0.091500
0.091500
0.297276
0.297276
0.069510
0.069510
0.090128
0.090128
0.135777
0.135777
0.248957
0.248957
0.094382
0.094382
0.086195
0.086195
0.217154
0.217154
0.081640
0.081640
0.373784
0.373784
0.271804
0.271804
0.115047
0.115047
0.228119
0.228119
0.077005
0.077005
0.120228
0.120228
0.101444
0.101444
0.060928
0.060928
0.239321
0.239321
0.096473
0.096473
0.471650
0.471650
0.106053
0.106053
0.273608
0.273608
0.177338
0.177338
0.436063
0.436063
0.190659
0.190659
0.262396
0.262396
0.154709
0.154709
0.177205
0.177205
0.095311
0.095311
0.357109
0.357109
0.125696
0.125696
0.186796
0.186796
0.055085
0.055085
0.063747
0.063747
0.281459
0.281459
0.277689
0.277689
0.332104
0.332104
0.102397
0.102397
0.074255
0.074255
0.146942
0.146942
0.086086
0.086086
0.224197
0.224197
0.123922
0.123922
0.212152
0.212152
0.181854
0.181854
0.100445
0.100445
0.115693
0.115693
0.206323
0.206323
0.266978
0.266978
0.081708
0.081708
0.201281
0.201281
0.070794
0.070794
0.144211
0.144211
0.144621
0.144621
0.145126
0.145126
0.063543
0.063543
0.151788
0.151788
0.063541
0.063541
0.094111
0.094111
0.256879
0.256879
0.191802
0.191802
0.123538
0.123538
0.111938
0.111938
0.192304
0.192304
0.088937
0.088937
0.096613
0.096613
0.064544
0.064544
0.115613
0.115613
0.088310
0.088310
0.131759
0.131759
0.136133
0.136133
0.164196
0.164196
0.213947
0.213947
0.090795
0.090795
0.080642
0.080642
0.407245
0.407245
0.196031
0.196031
0.122264
0.122264
0.208884
0.208884
0.066347
0.066347
0.182059
0.182059
0.173450
0.173450
0.109100
0.109100
0.061555
0.061555
0.107698
0.107698
0.118127
0.118127
0.120365
0.120365
0.377780
0.377780
0.236142
0.236142
0.232834
0.232834
0.121220
0.121220
0.161027
0.161027
0.343339
0.343339
0.134201
0.134201
0.327056
0.327056
0.115758
0.115758
0.065260
0.065260
0.184767
0.184767
0.129658
0.129658
0.211327
0.211327
0.033943
0.033943
0.258999
0.258999
0.353794
0.353794
0.197425
0.197425
0.066732
0.066732
0.054814
0.054814
0.042231
0.042231
0.362961
0.362961
0.268550
0.268550
0.203070
0.203070
0.210640
0.210640
0.254562
0.254562
0.227300
0.227300
0.228847
0.228847
0.176686
0.176686
0.090113
0.090113
0.189593
0.189593
0.115476
0.115476
0.178586
0.178586
0.040427
0.040427
0.291811
0.291811
0.046757
0.046757
0.262451
0.262451
0.250891
0.250891
0.222258
0.222258
0.129892
0.129892
0.320356
0.320356
0.064187
0.064187
0.326580
0.326580
0.262214
0.262214
0.214215
0.214215
0.210250
0.210250
0.270616
0.270616
0.106864
0.106864
0.053043
0.053043
0.308863
0.308863
0.234877
0.234877
0.382790
0.382790
0.175991
0.175991
0.067251
0.067251
0.109123
0.109123
0.258280
0.258280
0.107017
0.107017
0.072803
0.072803
0.302092
0.302092
0.236549
0.236549
0.097331
0.097331
0.077064
0.077064
0.063093
0.063093
0.216951
0.216951
0.107354
0.107354
0.126040
0.126040
0.129044
0.129044
0.418172
0.418172
0.159606
0.159606
0.228743
0.228743
0.139334
0.139334
0.119438
0.119438
0.293065
0.293065
0.306929
0.306929
0.155277
0.155277
0.330368
0.330368
0.091530
0.091530
0.274415
0.274415
0.125993
0.125993
0.240082
0.240082
0.225961
0.225961
0.136407
0.136407
0.121816
0.121816
0.470009
0.470009
0.096411
0.096411
0.096045
0.096045
0.174563
0.174563
0.117088
0.117088
0.502903
0.502903
0.145615
0.145615
0.206243
0.206243
0.099267
0.099267
0.099014
0.099014
0.092932
0.092932
0.181539
0.181539
0.083889
0.083889
0.219119
0.219119
0.043072
0.043072
0.077312
0.077312
0.347395
0.347395
0.127233
0.127233
0.104445
0.104445
0.258167
0.258167
0.052728
0.052728
0.138317
0.138317
0.199386
0.199386
0.063307
0.063307
0.200816
0.200816
0.107413
0.107413
0.054931
0.054931
0.116123
0.116123
0.105793
0.105793
0.173857
0.173857
0.151962
0.151962
0.101006
0.101006
0.174375
0.174375
0.320554
0.320554
0.157536
0.157536
0.255523
0.255523
0.196713
0.196713
0.176253
0.176253
0.103964
0.103964
0.096071
0.096071
0.139303
0.139303
0.298375
0.298375
0.260270
0.260270
0.082507
0.082507
0.106437
0.106437
0.078611
0.078611
0.056863
0.056863
0.229673
0.229673
0.257272
0.257272
0.166726
0.166726
0.259749
0.259749
0.089589
0.089589
0.231668
0.231668
0.239824
0.239824
0.140397
0.140397
0.151267
0.151267
0.206654
0.206654
0.085781
0.085781
0.285352
0.285352
0.094452
0.094452
0.210501
0.210501
0.214543
0.214543
0.153207
0.153207
0.278462
0.278462
0.078061
0.078061
0.208166
0.208166
0.242428
0.242428
0.058473
0.058473
0.214811
0.214811
0.141556
0.141556
0.158938
0.158938
0.215719
0.215719
0.161320
0.161320
0.058133
0.058133
0.134037
0.134037
0.201261
0.201261
0.135579
0.135579
0.124607
0.124607
0.279591
0.279591
0.177746
0.177746
0.119969
0.119969
0.053585
0.053585
0.347261
0.347261
0.162095
0.162095
0.125384
0.125384
0.192891
0.192891
0.092726
0.092726
0.226982
0.226982
0.183692
0.183692
0.283782
0.283782
0.094524
0.094524
0.112113
0.112113
0.037237
0.037237
0.153267
0.153267
0.073643
0.073643
0.262170
0.262170
0.174340
0.174340
0.246684
0.246684
0.088898
0.088898
0.056607
0.056607
0.119959
0.119959
0.075847
0.075847
0.073833
0.073833
0.291538
0.291538
0.088594
0.088594
0.082592
0.082592
0.156118
0.156118
0.132415
0.132415
0.156681
0.156681
0.173634
0.173634
0.116888
0.116888
0.555396
0.555396
0.072496
0.072496
0.257923
0.257923
0.163409
0.163409
0.475096
0.475096
0.077652
0.077652
0.164098
0.164098
0.228407
0.228407
0.174794
0.174794
0.044399
0.044399
0.160459
0.160459
0.229501
0.229501
0.223424
0.223424
0.063286
0.063286
0.113994
0.113994
0.096152
0.096152
0.082918
0.082918
0.113152
0.113152
0.328409
0.328409
0.090329
0.090329
0.031536
0.031536
0.152335
0.152335
0.089094
0.089094
0.069852
0.069852
0.168189
0.168189
0.138904
0.138904
0.138060
0.138060
0.172320
0.172320
0.116729
0.116729
0.273411
0.273411
0.225107
0.225107
0.177245
0.177245
0.250472
0.250472
0.125802
0.125802
0.228541
0.228541
0.503280
0.503280
0.099194
0.099194
0.114746
0.114746
0.073486
0.073486
0.142705
0.142705
0.362942
0.362942
0.314272
0.314272
0.257858
0.257858
0.202808
0.202808
0.259542
0.259542
0.073187
0.073187
0.302683
0.302683
0.268969
0.268969
0.298053
0.298053
0.068677
0.068677
0.181233
0.181233
0.208885
0.208885
0.129651
0.129651
0.069826
0.069826
0.070366
0.070366
0.099515
0.099515
0.464573
0.464573
0.099704
0.099704
0.115295
0.115295
0.350540
0.350540
0.108114
0.108114
0.113918
0.113918
0.149071
0.149071
0.178490
0.178490
0.098905
0.098905
0.076087
0.076087
0.050151
0.050151
0.212587
0.212587
0.120570
0.120570
0.268930
0.268930
0.134474
0.134474
0.239207
0.239207
0.545089
0.545089
0.165517
0.165517
0.581560
0.581560
0.187772
0.187772
0.196256
0.196256
0.134985
0.134985
0.238802
0.238802
0.133235
0.133235
0.101899
0.101899
0.101894
0.101894
0.116378
0.116378
0.172520
0.172520
0.366376
0.366376
0.285335
0.285335
0.218550
0.218550
0.134444
0.134444
0.178840
0.178840
0.246428
0.246428
0.264573
0.264573
0.092973
0.092973
0.042860
0.042860
0.101389
0.101389
0.173262
0.173262
0.116830
0.116830
0.142546
0.142546
0.201851
0.201851
0.171368
0.171368
0.201606
0.201606
0.064861
0.064861
0.167567
0.167567
0.158740
0.158740
0.117615
0.117615
0.070693
0.070693
0.115455
0.115455
0.152611
0.152611
0.251971
0.251971
0.172767
0.172767
0.085284
0.085284
0.173552
0.173552
0.157201
0.157201
0.053056
0.053056
0.117214
0.117214
0.459881
0.459881
0.212770
0.212770
0.190696
0.190696
0.125450
0.125450
0.077381
0.077381
0.083709
0.083709
0.111789
0.111789
0.314858
0.314858
0.183106
0.183106
0.092357
0.092357
0.192812
0.192812
0.103181
0.103181
0.153004
0.153004
0.126888
0.126888
0.137002
0.137002
0.223600
0.223600
0.055723
0.055723
0.194067
0.194067
0.456795
0.456795
0.134224
0.134224
0.216272
0.216272
0.146180
0.146180
0.121057
0.121057
0.147105
0.147105
0.119822
0.119822
0.073487
0.073487
0.077370
0.077370
0.157356
0.157356
0.143441
0.143441
0.089236
0.089236
0.399769
0.399769
0.131457
0.131457
0.302395
0.302395
0.268989
0.268989
0.134651
0.134651
0.087509
0.087509
0.435422
0.435422
0.184093
0.184093
0.153493
0.153493
0.183307
0.183307
0.066927
0.066927
0.078712
0.078712
0.113675
0.113675
0.135317
0.135317
0.164975
0.164975
0.303000
0.303000
0.084939
0.084939
0.186464
0.186464
0.130364
0.130364
0.150657
0.150657
0.146781
0.146781
0.282955
0.282955
0.135383
0.135383
0.088602
0.088602
0.113136
0.113136
0.079322
0.079322
0.192085
0.192085
0.093222
0.093222
0.339231
0.339231
0.205345
0.205345
0.081952
0.081952
0.313775
0.313775
0.105002
0.105002
0.101992
0.101992
0.184667
0.184667
0.314269
0.314269
0.197497
0.197497
0.228535
0.228535
0.250376
0.250376
0.101459
0.101459
0.097808
0.097808
0.116443
0.116443
0.300558
0.300558
0.274454
0.274454
0.212761
0.212761
0.066770
0.066770
0.134750
0.134750
0.066173
0.066173
0.415048
0.415048
0.114418
0.114418
0.079309
0.079309
0.117768
0.117768
0.091079
0.091079
0.239797
0.239797
0.122262
0.122262
0.141979
0.141979
0.212763
0.212763
0.197666
0.197666
0.109184
0.109184
0.135101
0.135101
0.096574
0.096574
0.099240
0.099240
0.253815
0.253815
0.124303
0.124303
0.086896
0.086896
0.097210
0.097210
0.083861
0.083861
0.044165
0.044165
0.354672
0.354672
0.102109
0.102109
0.156836
0.156836
0.145042
0.145042
0.092444
0.092444
0.057672
0.057672
0.126921
0.126921
0.061935
0.061935
0.313626
0.313626
0.073820
0.073820
0.112762
0.112762
0.125046
0.125046
0.224750
0.224750
0.074447
0.074447
0.105774
0.105774
0.049493
0.049493
0.173859
0.173859
0.115023
0.115023
0.109590
0.109590
0.160738
0.160738
0.169787
0.169787
0.195925
0.195925
0.139602
0.139602
0.171907
0.171907
0.181464
0.181464
0.275345
0.275345
0.488458
0.488458
0.116661
0.116661
0.106484
0.106484
0.115786
0.115786
0.082908
0.082908
0.095905
0.095905
0.271830
0.271830
0.074537
0.074537
0.136355
0.136355
0.200505
0.200505
0.043356
0.043356
0.158336
0.158336
0.104638
0.104638
0.106778
0.106778
0.102305
0.102305
0.229182
0.229182
0.111686
0.111686
0.190412
0.190412
0.134241
0.134241
0.064700
0.064700
0.067108
0.067108
0.082224
0.082224
0.279173
0.279173
0.154928
0.154928
0.121693
0.121693
0.106331
0.106331
0.119377
0.119377
0.135397
0.135397
0.169247
0.169247
0.115448
0.115448
0.552124
0.552124
0.210125
0.210125
0.238011
0.238011
0.146735
0.146735
0.167589
0.167589
0.086612
0.086612
0.243202
0.243202
0.051246
0.051246
0.165538
0.165538
0.117274
0.117274
0.111177
0.111177
0.049116
0.049116
0.089378
0.089378
0.116166
0.116166
0.142815
0.142815
0.102889
0.102889
0.376420
0.376420
0.171928
0.171928
0.052663
0.052663
0.232812
0.232812
0.127607
0.127607
0.270420
0.270420
0.070404
0.070404
0.160979
0.160979
0.085328
0.085328
0.159180
0.159180
0.075452
0.075452
0.067336
0.067336
0.155505
0.155505
0.327816
0.327816
0.205681
0.205681
0.064678
0.064678
0.123634
0.123634
0.199164
0.199164
0.226120
0.226120
0.088741
0.088741
0.110325
0.110325
0.193540
0.193540
0.207289
0.207289
0.118393
0.118393
0.064838
0.064838
0.501658
0.501658
0.354676
0.354676
0.401676
0.401676
0.184335
0.184335
0.203523
0.203523
0.070855
0.070855
0.179463
0.179463
0.077250
0.077250
0.309861
0.309861
0.109767
0.109767
0.136458
0.136458
0.232176
0.232176
0.183154
0.183154
0.034328
0.034328
0.164199
0.164199
0.163989
0.163989
0.072876
0.072876
0.140253
0.140253
0.333489
0.333489
0.112788
0.112788
0.286838
0.286838
0.504705
0.504705
0.462076
0.462076
0.156627
0.156627
0.063130
0.063130
0.103949
0.103949
0.305176
0.305176
0.157863
0.157863
0.150533
0.150533
0.116065
0.116065
0.174828
0.174828
0.093308
0.093308
0.450778
0.450778
0.179311
0.179311
0.078992
0.078992
0.123744
0.123744
0.158430
0.158430
0.057545
0.057545
0.184552
0.184552
0.403116
0.403116
0.386219
0.386219
0.397645
0.397645
0.143570
0.143570
0.026025
0.026025
0.291658
0.291658
0.079215
0.079215
0.215740
0.215740
0.108935
0.108935
0.163382
0.163382
0.186496
0.186496
0.153686
0.153686
0.331333
0.331333
0.102779
0.102779
0.072180
0.072180
0.179399
0.179399
0.200655
0.200655
0.092623
0.092623
0.086920
0.086920
0.160248
0.160248
0.087040
0.087040
0.223214
0.223214
0.169672
0.169672
0.087839
0.087839
0.366640
0.366640
0.166947
0.166947
0.147330
0.147330
0.176971
0.176971
0.090064
0.090064
0.322829
0.322829
0.045418
0.045418
0.110685
0.110685
0.159538
0.159538
0.305455
0.305455
0.048170
0.048170
0.108012
0.108012
0.249258
0.249258
0.132494
0.132494
0.517649
0.517649
0.060314
0.060314
0.179159
0.179159
0.063451
0.063451
0.032266
0.032266
0.234660
0.234660
0.134110
0.134110
0.334794
0.334794
0.105064
0.105064
0.255108
0.255108
0.324904
0.324904
0.127366
0.127366
0.189755
0.189755
0.085622
0.085622
0.283554
0.283554
0.223721
0.223721
0.080106
0.080106
0.161793
0.161793
0.097698
0.097698
0.063900
0.063900
0.089279
0.089279
0.144983
0.144983
0.170263
0.170263
0.182802
0.182802
0.102634
0.102634
0.117797
0.117797
0.044315
0.044315
0.186912
0.186912
0.088400
0.088400
0.102906
0.102906
0.106427
0.106427
0.157327
0.157327
0.374368
0.374368
0.198855
0.198855
0.152722
0.152722
0.130191
0.130191
0.219417
0.219417
0.110287
0.110287
0.366252
0.366252
0.204177
0.204177
0.555327
0.555327
0.095659
0.095659
0.080205
0.080205
0.118506
0.118506
0.115082
0.115082
0.080762
0.080762
0.048314
0.048314
0.213731
0.213731
0.073814
0.073814
0.173970
0.173970
0.096371
0.096371
0.202579
0.202579
0.293105
0.293105
0.057880
0.057880
0.238480
0.238480
0.216143
0.216143
0.141669
0.141669
0.157102
0.157102
0.164276
0.164276
0.188235
0.188235
0.027769
0.027769
0.134742
0.134742
0.207389
0.207389
0.117667
0.117667
0.244338
0.244338
0.182159
0.182159
0.162058
0.162058
0.097785
0.097785
0.390495
0.390495
0.073506
0.073506
0.174200
0.174200
0.034884
0.034884
0.289089
0.289089
0.109939
0.109939
0.180275
0.180275
0.191920
0.191920
0.086033
0.086033
0.121954
0.121954
0.262353
0.262353
0.108232
0.108232
0.171397
0.171397
0.081681
0.081681
0.162177
0.162177
0.087696
0.087696
0.043368
0.043368
0.163004
0.163004
0.239713
0.239713
0.169137
0.169137
0.294471
0.294471
0.236325
0.236325
0.216141
0.216141
0.147012
0.147012
0.143100
0.143100
0.117151
0.117151
0.543328
0.543328
0.103823
0.103823
0.286962
0.286962
0.196242
0.196242
0.068939
0.068939
0.128968
0.128968
0.087990
0.087990
0.261248
0.261248
0.111467
0.111467
0.179522
0.179522
0.092616
0.092616
0.084718
0.084718
0.079764
0.079764
0.307224
0.307224
0.064077
0.064077
0.244318
0.244318
0.099201
0.099201
0.099617
0.099617
0.151617
0.151617
0.210063
0.210063
0.134899
0.134899
0.264169
0.264169
0.059447
0.059447
0.110260
0.110260
0.131629
0.131629
0.087566
0.087566
0.296100
0.296100
0.123682
0.123682
0.103461
0.103461
0.103104
0.103104
0.145954
0.145954
0.184012
0.184012
0.457130
0.457130
0.155022
0.155022
0.340702
0.340702
0.173958
0.173958
0.079074
0.079074
0.100445
0.100445
0.211628
0.211628
0.166478
0.166478
0.115583
0.115583
0.054726
0.054726
0.155317
0.155317
0.199923
0.199923
0.092974
0.092974
0.185545
0.185545
0.121921
0.121921
0.253545
0.253545
0.205629
0.205629
0.142044
0.142044
0.241774
0.241774
0.091330
0.091330
0.302116
0.302116
0.198636
0.198636
0.202740
0.202740
0.036820
0.036820
0.237096
0.237096
0.158243
0.158243
0.155958
0.155958
0.244581
0.244581
0.163381
0.163381
0.080173
0.080173
0.104448
0.104448
0.072597
0.072597
0.059210
0.059210
0.153430
0.153430
0.058341
0.058341
0.164342
0.164342
0.125156
0.125156
0.292800
0.292800
0.113031
0.113031
0.083442
0.083442
0.391874
0.391874
0.059753
0.059753
0.084641
0.084641
0.179854
0.179854
0.058855
0.058855
0.138939
0.138939
0.091528
0.091528
0.346586
0.346586
0.075613
0.075613
0.131729
0.131729
0.179480
0.179480
0.374341
0.374341
0.154963
0.154963
0.080584
0.080584
0.140946
0.140946
0.135336
0.135336
0.248060
0.248060
0.088892
0.088892
0.162401
0.162401
0.154423
0.154423
0.071866
0.071866
0.341316
0.341316
0.102499
0.102499
0.122870
0.122870
0.077508
0.077508
0.173512
0.173512
0.295667
0.295667
0.320790
0.320790
0.116279
0.116279
0.107048
0.107048
0.161789
0.161789
0.145939
0.145939
0.089297
0.089297
0.244332
0.244332
0.168848
0.168848
0.270738
0.270738
0.140047
0.140047
0.104347
0.104347
0.180967
0.180967
0.065327
0.065327
0.098588
0.098588
0.194145
0.194145
0.257310
0.257310
0.155732
0.155732
0.121658
0.121658
0.234824
0.234824
0.272594
0.272594
0.308664
0.308664
0.239418
0.239418
0.105720
0.105720
0.129265
0.129265
0.225264
0.225264
0.093733
0.093733
0.166504
0.166504
0.203249
0.203249
0.159581
0.159581
0.151960
0.151960
0.217969
0.217969
0.061424
0.061424
0.177154
0.177154
0.055865
0.055865
0.436606
0.436606
0.113926
0.113926
0.088761
0.088761
0.366988
0.366988
0.135050
0.135050
0.070336
0.070336
0.115708
0.115708
0.054790
0.054790
0.219444
0.219444
0.173427
0.173427
0.359099
0.359099
0.182396
0.182396
0.214567
0.214567
0.070567
0.070567
0.155649
0.155649
0.085375
0.085375
0.124472
0.124472
0.158775
0.158775
0.157030
0.157030
0.213161
0.213161
0.224868
0.224868
0.305371
0.305371
0.206923
0.206923
0.135925
0.135925
0.152831
0.152831
0.132722
0.132722
0.064236
0.064236
0.072646
0.072646
0.076784
0.076784
0.124348
0.124348
0.380512
0.380512
0.068581
0.068581
0.201998
0.201998
0.188195
0.188195
0.081591
0.081591
0.292866
0.292866
0.190873
0.190873
0.173502
0.173502
0.174542
0.174542
0.130809
0.130809
0.156440
0.156440
0.115798
0.115798
0.084657
0.084657
0.188319
0.188319
0.205305
0.205305
0.130607
0.130607
0.169805
0.169805
0.145191
0.145191
0.255144
0.255144
0.095477
0.095477
0.403221
0.403221
0.103220
0.103220
0.234206
0.234206
0.292376
0.292376
0.105820
0.105820
0.184287
0.184287
0.121869
0.121869
0.229589
0.229589
0.070670
0.070670
0.125745
0.125745
0.110473
0.110473
0.143853
0.143853
0.064150
0.064150
0.194423
0.194423
0.324157
0.324157
0.690656
0.690656
0.150322
0.150322
0.172751
0.172751
0.094531
0.094531
0.369079
0.369079
0.175194
0.175194
0.297889
0.297889
0.046436
0.046436
0.165537
0.165537
0.278207
0.278207
0.075107
0.075107
0.100041
0.100041
0.301974
0.301974
0.173663
0.173663
0.058013
0.058013
0.228760
0.228760
0.116956
0.116956
0.268143
0.268143
0.236542
0.236542
0.176863
0.176863
0.154570
0.154570
0.065839
0.065839
0.082986
0.082986
0.074734
0.074734
0.073305
0.073305
0.096810
0.096810
0.076507
0.076507
0.165513
0.165513
0.183821
0.183821
0.209291
0.209291
0.304860
0.304860
0.093746
0.093746
0.093445
0.093445
0.088971
0.088971
0.072415
0.072415
0.197405
0.197405
0.397124
0.397124
0.171667
0.171667
0.504878
0.504878
0.083974
0.083974
0.034688
0.034688
0.096427
0.096427
0.155954
0.155954
0.159086
0.159086
0.093017
0.093017
0.128935
0.128935
0.083768
0.083768
0.074154
0.074154
0.169637
0.169637
0.086611
0.086611
0.112085
0.112085
0.285553
0.285553
0.041109
0.041109
0.089696
0.089696
0.066248
0.066248
0.247431
0.247431
0.128617
0.128617
0.180068
0.180068
0.131942
0.131942
0.153700
0.153700
0.117968
0.117968
0.197003
0.197003
0.088341
0.088341
0.151976
0.151976
0.345606
0.345606
0.267727
0.267727
0.102080
0.102080
0.182219
0.182219
0.070189
0.070189
0.140265
0.140265
0.065612
0.065612
0.098025
0.098025
0.078277
0.078277
0.255062
0.255062
0.486876
0.486876
0.217186
0.217186
0.087749
0.087749
0.111121
0.111121
0.077667
0.077667
0.314772
0.314772
0.139933
0.139933
0.180578
0.180578
0.043865
0.043865
0.053352
0.053352
0.198149
0.198149
0.513718
0.513718
0.095796
0.095796
0.323134
0.323134
0.337556
0.337556
0.073331
0.073331
0.116967
0.116967
0.152885
0.152885
0.375766
0.375766
0.089336
0.089336
0.151178
0.151178
0.399111
0.399111
0.038266
0.038266
0.096385
0.096385
0.322459
0.322459
0.203641
0.203641
0.085577
0.085577
0.153238
0.153238
0.069182
0.069182
0.115862
0.115862
0.066764
0.066764
0.220602
0.220602
0.065856
0.065856
0.155760
0.155760
0.089786
0.089786
0.125305
0.125305
0.125455
0.125455
0.125884
0.125884
0.184337
0.184337
0.299171
0.299171
0.116554
0.116554
0.065011
0.065011
0.143219
0.143219
0.050153
0.050153
0.325453
0.325453
0.074179
0.074179
0.162112
0.162112
0.252162
0.252162
0.160214
0.160214
0.162390
0.162390
0.332425
0.332425
0.136819
0.136819
0.215407
0.215407
0.171593
0.171593
0.195758
0.195758
0.067000
0.067000
0.190297
0.190297
0.030777
0.030777
0.138769
0.138769
0.166003
0.166003
0.186878
0.186878
0.118245
0.118245
0.082163
0.082163
0.259517
0.259517
0.207725
0.207725
0.093176
0.093176
0.236022
0.236022
0.149341
0.149341
0.236929
0.236929
0.077225
0.077225
0.218255
0.218255
0.093368
0.093368
0.163871
0.163871
0.185955
0.185955
0.181717
0.181717
0.095833
0.095833
0.082626
0.082626
0.167814
0.167814
0.083189
0.083189
0.072478
0.072478
0.102539
0.102539
0.093511
0.093511
0.181707
0.181707
0.075673
0.075673
0.193643
0.193643
0.284551
0.284551
0.204419
0.204419
0.236208
0.236208
0.066097
0.066097
0.240994
0.240994
0.145675
0.145675
0.109185
0.109185
0.092985
0.092985
0.064227
0.064227
0.311586
0.311586
0.164935
0.164935
0.081309
0.081309
0.133489
0.133489
0.119816
0.119816
0.091093
0.091093
0.133993
0.133993
0.150688
0.150688
0.221618
0.221618
0.059175
0.059175
0.180085
0.180085
0.126655
0.126655
0.101100
0.101100
0.103588
0.103588
0.101467
0.101467
0.203693
0.203693
0.182782
0.182782
0.154235
0.154235
0.192969
0.192969
0.066078
0.066078
0.062902
0.062902
0.230088
0.230088
0.187740
0.187740
0.213772
0.213772
0.106405
0.106405
0.086328
0.086328
0.072322
0.072322
0.060950
0.060950
0.317950
0.317950
0.092123
0.092123
0.137172
0.137172
0.280727
0.280727
0.149209
0.149209
0.089882
0.089882
0.238109
0.238109
0.325342
0.325342
0.387244
0.387244
0.318312
0.318312
0.168573
0.168573
0.285063
0.285063
0.409754
0.409754
0.080929
0.080929
0.133222
0.133222
0.070828
0.070828
0.122058
0.122058
0.198038
0.198038
0.063397
0.063397
0.091796
0.091796
0.201228
0.201228
0.340789
0.340789
0.187953
0.187953
0.291579
0.291579
0.192278
0.192278
0.169007
0.169007
0.121454
0.121454
0.192264
0.192264
0.160470
0.160470
0.515628
0.515628
0.167211
0.167211
0.285424
0.285424
0.070116
0.070116
0.136523
0.136523
0.110225
0.110225
0.284736
0.284736
0.057644
0.057644
0.121210
0.121210
0.226565
0.226565
0.041180
0.041180
0.060842
0.060842
0.081245
0.081245
0.138761
0.138761
0.247209
0.247209
0.134143
0.134143
0.111525
0.111525
0.059375
0.059375
0.209142
0.209142
0.151773
0.151773
0.160483
0.160483
0.140444
0.140444
0.099301
0.099301
0.243707
0.243707
0.197066
0.197066
0.305827
0.305827
0.303230
0.303230
0.206603
0.206603
0.265434
0.265434
0.073745
0.073745
0.074502
0.074502
0.083599
0.083599
0.187873
0.187873
0.176614
0.176614
0.280212
0.280212
0.084384
0.084384
0.250984
0.250984
0.177631
0.177631
0.142825
0.142825
0.100123
0.100123
0.197680
0.197680
0.111669
0.111669
0.112627
0.112627
0.416428
0.416428
0.144614
0.144614
0.109298
0.109298
0.253739
0.253739
0.236289
0.236289
0.143508
0.143508
0.171775
0.171775
0.272076
0.272076
0.142441
0.142441
0.126775
0.126775
0.220065
0.220065
0.123936
0.123936
0.160913
0.160913
0.109204
0.109204
0.114036
0.114036
0.070507
0.070507
0.186257
0.186257
0.195630
0.195630
0.204071
0.204071
0.314874
0.314874
0.107687
0.107687
0.127639
0.127639
0.035118
0.035118
0.106747
0.106747
0.222401
0.222401
0.141273
0.141273
0.139397
0.139397
0.360449
0.360449
0.111211
0.111211
0.063975
0.063975
0.194774
0.194774
0.159519
0.159519
0.112568
0.112568
0.130722
0.130722
0.115972
0.115972
0.092150
0.092150
0.084185
0.084185
0.174636
0.174636
0.195392
0.195392
0.210478
0.210478
0.300666
0.300666
0.020897
0.020897
0.196244
0.196244
0.047934
0.047934
0.198617
0.198617
0.238396
0.238396
0.078694
0.078694
0.066175
0.066175
0.270008
0.270008
0.084998
0.084998
0.204396
0.204396
0.100700
0.100700
0.101396
0.101396
0.221119
0.221119
0.273456
0.273456
0.494198
0.494198
0.214655
0.214655
0.176263
0.176263
0.060643
0.060643
0.198179
0.198179
0.123842
0.123842
0.128589
0.128589
0.185747
0.185747
0.062297
0.062297
0.210023
0.210023
0.073697
0.073697
0.158721
0.158721
0.261506
0.261506
0.114825
0.114825
0.158641
0.158641
0.253015
0.253015
0.060549
0.060549
0.188332
0.188332
0.051998
0.051998
0.123522
0.123522
0.100782
0.100782
0.491411
0.491411
0.194819
0.194819
0.117721
0.117721
0.051545
0.051545
0.085297
0.085297
0.070456
0.070456
0.270217
0.270217
0.099486
0.099486
0.093184
0.093184
0.114295
0.114295
0.058593
0.058593
0.072837
0.072837
0.069212
0.069212
0.111248
0.111248
0.170934
0.170934
0.132833
0.132833
0.359136
0.359136
0.180705
0.180705
0.085154
0.085154
0.280018
0.280018
0.157677
0.157677
0.370893
0.370893
0.125470
0.125470
0.108758
0.108758
0.094340
0.094340
0.131636
0.131636
0.062247
0.062247
0.129410
0.129410
0.186892
0.186892
0.308317
0.308317
0.099283
0.099283
0.176349
0.176349
0.126567
0.126567
0.159278
0.159278
0.078026
0.078026
0.177523
0.177523
0.153929
0.153929
0.140661
0.140661
0.063648
0.063648
0.169806
0.169806
0.216648
0.216648
0.143786
0.143786
0.141799
0.141799
0.111627
0.111627
0.139085
0.139085
0.106347
0.106347
0.154208
0.154208
0.178215
0.178215
0.116252
0.116252
0.170350
0.170350
0.065222
0.065222
0.090154
0.090154
0.151521
0.151521
0.113486
0.113486
0.311598
0.311598
0.202491
0.202491
0.390243
0.390243
0.116165
0.116165
0.166922
0.166922
0.299109
0.299109
0.103638
0.103638
0.045684
0.045684
0.102945
0.102945
0.078518
0.078518
0.282002
0.282002
0.083370
0.083370
0.250938
0.250938
0.162704
0.162704
0.322098
0.322098
0.136198
0.136198
0.439359
0.439359
0.207249
0.207249
0.122980
0.122980
0.265426
0.265426
0.052830
0.052830
0.247462
0.247462
0.189377
0.189377
0.094713
0.094713
0.200729
0.200729
0.062057
0.062057
0.291557
0.291557
0.215611
0.215611
0.136332
0.136332
0.213068
0.213068
0.296108
0.296108
0.137550
0.137550
0.101202
0.101202
0.090060
0.090060
0.102262
0.102262
0.197721
0.197721
0.194778
0.194778
0.251827
0.251827
0.282761
0.282761
0.269617
0.269617
0.141996
0.141996
0.147110
0.147110
0.134539
0.134539
0.350819
0.350819
0.060021
0.060021
0.087260
0.087260
0.189571
0.189571
0.103959
0.103959
0.610514
0.610514
0.207698
0.207698
0.049042
0.049042
0.147266
0.147266
0.189338
0.189338
0.071019
0.071019
0.135473
0.135473
0.295818
0.295818
0.139802
0.139802
0.127376
0.127376
0.122252
0.122252
0.304857
0.304857
0.055307
0.055307
0.205981
0.205981
0.157206
0.157206
0.189587
0.189587
0.051955
0.051955
0.092644
0.092644
0.162170
0.162170
0.167151
0.167151
0.114387
0.114387
0.267192
0.267192
0.185595
0.185595
0.054921
0.054921
0.204142
0.204142
0.078477
0.078477
0.235003
0.235003
0.159564
0.159564
0.155604
0.155604
0.136440
0.136440
0.208046
0.208046
0.089507
0.089507
0.133720
0.133720
0.116900
0.116900
0.071216
0.071216
0.133354
0.133354
0.109034
0.109034
0.067564
0.067564
0.218944
0.218944
0.052405
0.052405
0.147118
0.147118
0.173558
0.173558
0.062966
0.062966
0.365613
0.365613
0.125905
0.125905
0.197828
0.197828
0.168960
0.168960
0.087211
0.087211
0.129451
0.129451
0.045162
0.045162
0.186477
0.186477
0.167709
0.167709
0.108452
0.108452
0.159894
0.159894
0.104035
0.104035
0.162608
0.162608
0.098793
0.098793
0.221670
0.221670
0.104949
0.104949
0.129047
0.129047
0.188052
0.188052
0.442045
0.442045
0.209929
0.209929
0.158146
0.158146
0.134145
0.134145
0.070984
0.070984
0.039843
0.039843
0.057574
0.057574
0.111459
0.111459
0.208691
0.208691
0.096330
0.096330
0.158426
0.158426
0.373464
0.373464
0.116871
0.116871
0.185445
0.185445
0.223576
0.223576
0.076945
0.076945
0.123687
0.123687
0.177911
0.177911
0.247109
0.247109
0.233447
0.233447
0.296818
0.296818
0.223867
0.223867
0.353238
0.353238
0.183481
0.183481
0.147148
0.147148
0.085257
0.085257
0.283725
0.283725
0.037507
0.037507
0.240221
0.240221
0.251731
0.251731
0.088083
0.088083
0.224216
0.224216
0.225119
0.225119
0.201492
0.201492
0.075236
0.075236
0.196393
0.196393
0.096792
0.096792
0.318536
0.318536
0.214838
0.214838
0.231929
0.231929
0.112045
0.112045
0.098177
0.098177
0.101531
0.101531
0.040857
0.040857
0.053920
0.053920
0.290388
0.290388
0.111390
0.111390
0.128701
0.128701
0.336588
0.336588
0.097223
0.097223
0.122553
0.122553
0.119454
0.119454
0.066546
0.066546
0.225272
0.225272
0.073918
0.073918
0.141592
0.141592
0.044506
0.044506
0.138900
0.138900
0.201279
0.201279
0.380777
0.380777
0.163490
0.163490
0.132854
0.132854
0.052214
0.052214
0.118221
0.118221
0.067010
0.067010
0.223615
0.223615
0.310931
0.310931
0.140459
0.140459
0.108480
0.108480
0.116201
0.116201
0.240645
0.240645
0.188713
0.188713
0.281507
0.281507
0.088357
0.088357
0.186569
0.186569
0.103401
0.103401
0.262314
0.262314
0.079178
0.079178
0.248224
0.248224
0.147938
0.147938
0.267676
0.267676
0.270073
0.270073
0.269519
0.269519
0.054756
0.054756
0.067664
0.067664
0.058009
0.058009
0.279664
0.279664
0.163656
0.163656
0.221654
0.221654
0.255180
0.255180
0.169328
0.169328
0.075654
0.075654
0.256708
0.256708
0.213502
0.213502
0.131542
0.131542
0.103367
0.103367
0.147465
0.147465
0.211876
0.211876
0.101617
0.101617
0.152137
0.152137
0.083440
0.083440
0.121086
0.121086
0.164091
0.164091
0.288439
0.288439
0.065235
0.065235
0.267276
0.267276
0.064770
0.064770
0.238941
0.238941
0.107889
0.107889
0.097749
0.097749
0.048154
0.048154
0.114732
0.114732
0.267861
0.267861
0.190809
0.190809
0.231242
0.231242
0.172428
0.172428
0.168157
0.168157
0.153981
0.153981
0.101943
0.101943
0.196287
0.196287
0.063601
0.063601
0.135178
0.135178
0.095088
0.095088
0.107016
0.107016
0.040126
0.040126
0.059174
0.059174
0.186341
0.186341
0.178116
0.178116
0.096964
0.096964
0.038842
0.038842
0.103991
0.103991
0.037148
0.037148
0.099524
0.099524
0.158937
0.158937
0.120088
0.120088
0.213601
0.213601
0.112317
0.112317
0.155311
0.155311
0.093987
0.093987
0.172836
0.172836
0.249407
0.249407
0.078915
0.078915
0.145381
0.145381
0.079708
0.079708
0.155094
0.155094
0.262419
0.262419
0.223250
0.223250
0.179374
0.179374
0.119002
0.119002
0.059852
0.059852
0.236234
0.236234
0.053071
0.053071
0.089389
0.089389
0.068398
0.068398
0.298457
0.298457
0.153639
0.153639
0.114254
0.114254
0.382058
0.382058
0.233334
0.233334
0.062110
0.062110
0.144749
0.144749
0.206567
0.206567
0.105899
0.105899
0.189852
0.189852
0.490711
0.490711
0.415878
0.415878
0.067435
0.067435
0.286936
0.286936
0.142013
0.142013
0.584223
0.584223
0.100733
0.100733
0.142471
0.142471
0.275028
0.275028
0.134081
0.134081
0.276726
0.276726
0.231829
0.231829
0.066448
0.066448
0.236384
0.236384
0.050595
0.050595
0.340160
0.340160
0.117661
0.117661
0.097715
0.097715
0.103965
0.103965
0.393658
0.393658
0.184135
0.184135
0.234647
0.234647
0.174011
0.174011
0.098908
0.098908
0.257294
0.257294
0.103828
0.103828
0.078030
0.078030
0.098767
0.098767
0.112740
0.112740
0.101581
0.101581
0.123069
0.123069
0.316753
0.316753
0.173975
0.173975
0.123816
0.123816
0.136900
0.136900
0.240021
0.240021
0.190259
0.190259
0.116321
0.116321
0.298347
0.298347
0.115802
0.115802
0.101497
0.101497
0.226772
0.226772
0.113252
0.113252
0.303434
0.303434
0.160257
0.160257
0.118833
0.118833
0.246226
0.246226
0.119211
0.119211
0.076593
0.076593
0.119090
0.119090
0.381723
0.381723
0.138593
0.138593
0.154007
0.154007
0.108098
0.108098
0.063092
0.063092
0.104488
0.104488
0.107129
0.107129
0.164334
0.164334
0.104732
0.104732
0.301412
0.301412
0.193366
0.193366
0.057650
0.057650
0.098111
0.098111
0.148450
0.148450
0.224284
0.224284
0.088144
0.088144
0.178906
0.178906
0.319415
0.319415
0.061808
0.061808
0.132956
0.132956
0.143432
0.143432
0.098189
0.098189
0.096388
0.096388
0.349591
0.349591
0.140022
0.140022
0.057437
0.057437
0.199880
0.199880
0.203380
0.203380
0.278737
0.278737
0.218752
0.218752
0.072756
0.072756
0.118755
0.118755
0.365603
0.365603
0.108482
0.108482
0.359744
0.359744
0.130488
0.130488
0.051412
0.051412
0.143803
0.143803
0.214759
0.214759
0.113721
0.113721
0.182361
0.182361
0.186766
0.186766
0.044145
0.044145
0.252773
0.252773
0.196025
0.196025
0.105043
0.105043
0.121507
0.121507
0.283409
0.283409
0.279959
0.279959
0.118707
0.118707
0.316086
0.316086
0.134840
0.134840
0.331195
0.331195
0.090745
0.090745
0.097303
0.097303
0.183570
0.183570
0.221024
0.221024
0.117097
0.117097
0.230560
0.230560
0.115745
0.115745
0.252352
0.252352
0.253458
0.253458
0.146145
0.146145
0.381614
0.381614
0.107220
0.107220
0.386367
0.386367
0.046896
0.046896
0.204449
0.204449
0.129347
0.129347
0.086653
0.086653
0.164863
0.164863
0.099614
0.099614
0.114280
0.114280
0.142666
0.142666
0.075728
0.075728
0.073045
0.073045
0.054634
0.054634
0.070339
0.070339
0.259059
0.259059
0.082768
0.082768
0.037418
0.037418
0.132654
0.132654
0.179276
0.179276
0.091867
0.091867
0.113054
0.113054
0.050141
0.050141
0.097546
0.097546
0.084256
0.084256
0.174084
0.174084
0.068019
0.068019
0.091477
0.091477
0.214160
0.214160
0.061675
0.061675
0.045725
0.045725
0.116620
0.116620
0.114563
0.114563
0.073161
0.073161
0.084179
0.084179
0.092836
0.092836
0.097610
0.097610
0.063703
0.063703
0.228210
0.228210
0.119892
0.119892
0.067466
0.067466
0.161126
0.161126
0.125752
0.125752
0.299823
0.299823
0.165099
0.165099
0.409508
0.409508
0.044711
0.044711
0.203971
0.203971
0.129963
0.129963
0.106514
0.106514
0.118878
0.118878
0.081835
0.081835
0.337027
0.337027
0.429163
0.429163
0.192752
0.192752
0.166569
0.166569
0.351104
0.351104
0.098546
0.098546
0.321931
0.321931
0.097769
0.097769
0.045180
0.045180
0.077548
0.077548
0.078556
0.078556
0.127109
0.127109
0.173665
0.173665
0.106044
0.106044
0.078554
0.078554
0.325675
0.325675
0.228171
0.228171
0.222550
0.222550
0.110307
0.110307
0.186205
0.186205
0.259715
0.259715
0.105475
0.105475
0.140276
0.140276
0.150224
0.150224
0.166764
0.166764
0.058369
0.058369
0.165028
0.165028
0.166558
0.166558
0.037821
0.037821
0.172200
0.172200
0.174696
0.174696
0.283772
0.283772
0.167316
0.167316
0.132687
0.132687
0.267711
0.267711
0.113648
0.113648
0.084909
0.084909
0.167753
0.167753
0.177361
0.177361
0.165538
0.165538
0.184861
0.184861
0.167161
0.167161
0.517150
0.517150
0.141888
0.141888
0.072066
0.072066
0.309882
0.309882
0.254669
0.254669
0.177794
0.177794
0.182580
0.182580
0.268509
0.268509
0.067558
0.067558
0.218236
0.218236
0.085777
0.085777
0.132233
0.132233
0.138665
0.138665
0.050794
0.050794
0.188949
0.188949
0.049546
0.049546
0.064630
0.064630
0.258009
0.258009
0.175254
0.175254
0.059290
0.059290
0.371273
0.371273
0.168056
0.168056
0.208466
0.208466
0.192719
0.192719
0.242007
0.242007
0.135991
0.135991
0.160946
0.160946
0.170574
0.170574
0.257782
0.257782
0.179404
0.179404
0.185855
0.185855
0.214030
0.214030
0.035263
0.035263
0.303153
0.303153
0.177823
0.177823
0.158800
0.158800
0.090452
0.090452
0.102189
0.102189
0.137305
0.137305
0.044333
0.044333
0.092712
0.092712
0.142346
0.142346
0.112649
0.112649
0.368480
0.368480
0.152811
0.152811
0.136845
0.136845
0.041554
0.041554
0.053982
0.053982
0.030874
0.030874
0.121827
0.121827
0.112328
0.112328
0.226387
0.226387
0.143020
0.143020
0.170691
0.170691
0.078897
0.078897
0.045600
0.045600
0.434421
0.434421
0.360112
0.360112
0.140005
0.140005
0.076735
0.076735
0.093536
0.093536
0.203785
0.203785
0.085777
0.085777
0.224650
0.224650
0.087453
0.087453
0.149669
0.149669
0.256457
0.256457
0.120166
0.120166
0.199479
0.199479
0.067305
0.067305
0.103462
0.103462
0.143229
0.143229
0.156379
0.156379
0.165096
0.165096
0.295225
0.295225
0.112473
0.112473
0.325375
0.325375
0.047675
0.047675
0.130182
0.130182
0.204089
0.204089
0.159116
0.159116
0.119793
0.119793
0.268984
0.268984
0.050522
0.050522
0.226611
0.226611
0.079643
0.079643
0.154140
0.154140
0.106860
0.106860
0.098370
0.098370
0.086622
0.086622
0.180027
0.180027
0.073646
0.073646
0.137061
0.137061
0.074266
0.074266
0.199552
0.199552
0.095249
0.095249
0.197330
0.197330
0.167664
0.167664
0.140356
0.140356
0.220997
0.220997
0.360781
0.360781
0.097970
0.097970
0.231836
0.231836
0.108658
0.108658
0.180287
0.180287
0.042770
0.042770
0.120949
0.120949
0.101367
0.101367
0.285317
0.285317
0.382363
0.382363
0.153598
0.153598
0.238709
0.238709
0.087984
0.087984
0.057525
0.057525
0.147785
0.147785
0.045275
0.045275
0.242638
0.242638
0.107363
0.107363
0.252571
0.252571
0.141296
0.141296
0.201766
0.201766
0.487584
0.487584
0.264658
0.264658
0.073150
0.073150
0.198970
0.198970
0.086448
0.086448
0.199529
0.199529
0.252980
0.252980
0.143823
0.143823
0.058069
0.058069
0.211988
0.211988
0.190391
0.190391
0.051927
0.051927
0.214696
0.214696
0.261118
0.261118
0.196631
0.196631
0.096438
0.096438
0.093295
0.093295
0.193096
0.193096
0.074700
0.074700
0.127726
0.127726
0.031909
0.031909
0.073370
0.073370
0.460823
0.460823
0.177494
0.177494
0.164756
0.164756
0.226201
0.226201
0.107328
0.107328
0.306270
0.306270
0.240781
0.240781
0.211777
0.211777
0.118861
0.118861
0.251973
0.251973
0.062702
0.062702
0.153752
0.153752
0.282506
0.282506
0.071847
0.071847
0.164114
0.164114
0.237118
0.237118
0.141870
0.141870
0.148482
0.148482
0.074183
0.074183
0.076437
0.076437
0.146347
0.146347
0.132102
0.132102
0.273565
0.273565
0.232172
0.232172
0.131785
0.131785
0.141721
0.141721
0.160280
0.160280
0.194895
0.194895
0.213942
0.213942
0.031804
0.031804
0.181573
0.181573
0.119925
0.119925
0.186186
0.186186
0.105165
0.105165
0.087607
0.087607
0.337667
0.337667
0.117338
0.117338
0.217049
0.217049
0.169408
0.169408
0.130897
0.130897
0.157533
0.157533
0.065540
0.065540
0.064628
0.064628
0.167348
0.167348
0.096458
0.096458
0.138015
0.138015
0.576666
0.576666
0.126086
0.126086
0.063665
0.063665
0.108102
0.108102
0.056900
0.056900
0.191366
0.191366
0.065238
0.065238
0.075567
0.075567
0.124760
0.124760
0.284096
0.284096
0.410269
0.410269
0.174868
0.174868
0.180929
0.180929
0.087769
0.087769
0.146128
0.146128
0.104877
0.104877
0.090761
0.090761
0.264491
0.264491
0.146120
0.146120
0.113336
0.113336
0.154713
0.154713
0.198543
0.198543
0.101673
0.101673
0.172921
0.172921
0.277959
0.277959
0.169785
0.169785
0.177881
0.177881
0.321706
0.321706
0.169092
0.169092
0.296626
0.296626
0.259005
0.259005
0.305883
0.305883
0.197766
0.197766
0.111616
0.111616
0.165776
0.165776
0.180410
0.180410
0.231640
0.231640
0.123030
0.123030
0.136786
0.136786
0.103463
0.103463
0.224778
0.224778
0.228398
0.228398
0.138604
0.138604
0.162572
0.162572
0.191917
0.191917
0.108577
0.108577
0.104796
0.104796
0.053081
0.053081
0.076536
0.076536
0.030162
0.030162
0.100104
0.100104
0.047314
0.047314
0.121936
0.121936
0.188191
0.188191
0.553336
0.553336
0.067109
0.067109
0.294290
0.294290
0.074856
0.074856
0.085577
0.085577
0.098105
0.098105
0.271155
0.271155
0.020429
0.020429
0.198572
0.198572
0.070263
0.070263
0.165669
0.165669
0.239352
0.239352
0.294075
0.294075
0.336443
0.336443
0.053520
0.053520
0.181059
0.181059
0.031609
0.031609
0.066491
0.066491
0.280296
0.280296
0.056482
0.056482
0.167394
0.167394
0.238994
0.238994
0.150306
0.150306
0.154585
0.154585
0.076842
0.076842
0.110804
0.110804
0.048364
0.048364
0.129782
0.129782
0.268074
0.268074
0.217528
0.217528
0.224931
0.224931
0.101091
0.101091
0.255555
0.255555
0.147753
0.147753
0.115622
0.115622
0.040807
0.040807
0.156221
0.156221
0.150527
0.150527
0.064542
0.064542
0.330645
0.330645
0.090081
0.090081
0.352344
0.352344
0.109252
0.109252
0.118852
0.118852
0.112621
0.112621
0.086491
0.086491
0.117708
0.117708
0.118152
0.118152
0.151251
0.151251
0.110747
0.110747
0.154892
0.154892
0.214214
0.214214
0.069788
0.069788
0.138631
0.138631
0.189984
0.189984
0.324498
0.324498
0.172173
0.172173
0.097793
0.097793
0.194875
0.194875
0.115894
0.115894
0.205983
0.205983
0.153047
0.153047
0.111673
0.111673
0.291153
0.291153
0.087648
0.087648
0.107630
0.107630
0.064375
0.064375
0.247493
0.247493
0.217393
0.217393
0.089882
0.089882
0.109243
0.109243
0.249508
0.249508
0.159875
0.159875
0.207093
0.207093
0.051639
0.051639
0.076730
0.076730
0.062827
0.062827
0.058841
0.058841
0.175198
0.175198
0.205961
0.205961
0.225019
0.225019
0.298372
0.298372
0.071232
0.071232
0.090969
0.090969
0.078384
0.078384
0.373288
0.373288
0.211350
0.211350
0.104592
0.104592
0.132344
0.132344
0.377536
0.377536
0.228337
0.228337
0.169951
0.169951
0.125002
0.125002
0.236893
0.236893
0.058004
0.058004
0.115829
0.115829
0.131773
0.131773
0.140355
0.140355
0.111504
0.111504
0.210863
0.210863
0.394515
0.394515
0.092656
0.092656
0.149381
0.149381
0.038574
0.038574
0.219222
0.219222
0.193006
0.193006
0.404701
0.404701
0.166331
0.166331
0.125532
0.125532
0.209946
0.209946
0.339780
0.339780
0.081980
0.081980
0.100595
0.100595
0.166529
0.166529
0.075157
0.075157
0.107583
0.107583
0.122841
0.122841
0.205025
0.205025
0.266531
0.266531
0.109588
0.109588
0.063957
0.063957
0.105097
0.105097
0.188329
0.188329
0.161068
0.161068
0.147475
0.147475
0.085652
0.085652
0.151221
0.151221
0.150676
0.150676
0.041825
0.041825
0.210843
0.210843
0.055328
0.055328
0.064773
0.064773
0.101478
0.101478
0.048407
0.048407
0.060115
0.060115
0.085473
0.085473
0.081585
0.081585
0.077342
0.077342
0.279837
0.279837
0.066385
0.066385
0.084639
0.084639
0.101724
0.101724
0.137373
0.137373
0.323633
0.323633
0.362044
0.362044
0.312875
0.312875
0.079330
0.079330
0.061030
0.061030
0.317405
0.317405
0.181073
0.181073
0.038217
0.038217
0.146839
0.146839
0.138850
0.138850
0.060311
0.060311
0.113938
0.113938
0.165980
0.165980
0.175415
0.175415
0.133179
0.133179
0.256545
0.256545
0.429262
0.429262
0.114265
0.114265
0.119415
0.119415
0.065916
0.065916
0.186275
0.186275
0.117583
0.117583
0.187850
0.187850
0.109777
0.109777
0.161380
0.161380
0.034103
0.034103
0.125657
0.125657
0.119317
0.119317
0.124018
0.124018
0.114872
0.114872
0.171895
0.171895
0.390994
0.390994
0.077962
0.077962
0.478338
0.478338
0.107199
0.107199
0.201864
0.201864
0.145401
0.145401
0.040025
0.040025
0.052259
0.052259
0.343522
0.343522
0.070569
0.070569
0.155222
0.155222
0.146614
0.146614
0.214812
0.214812
0.203275
0.203275
0.225142
0.225142
0.195694
0.195694
0.122780
0.122780
0.189635
0.189635
0.107197
0.107197
0.213377
0.213377
0.129707
0.129707
0.074312
0.074312
0.077164
0.077164
0.195914
0.195914
0.101674
0.101674
0.183928
0.183928
0.163279
0.163279
0.223950
0.223950
0.246620
0.246620
0.073326
0.073326
0.109875
0.109875
0.107024
0.107024
0.078668
0.078668
0.121257
0.121257
0.215831
0.215831
0.405532
0.405532
0.081727
0.081727
0.216739
0.216739
0.086112
0.086112
0.265691
0.265691
0.118329
0.118329
0.325255
0.325255
0.075863
0.075863
0.231155
0.231155
0.224310
0.224310
0.206008
0.206008
0.143482
0.143482
0.187506
0.187506
0.114491
0.114491
0.170087
0.170087
0.090289
0.090289
0.084592
0.084592
0.088311
0.088311
0.252444
0.252444
0.085195
0.085195
0.244770
0.244770
0.063894
0.063894
0.123064
0.123064
0.438337
0.438337
0.191819
0.191819
0.079973
0.079973
0.125270
0.125270
0.338369
0.338369
0.072652
0.072652
0.239593
0.239593
0.116446
0.116446
0.218931
0.218931
0.314781
0.314781
0.187840
0.187840
0.067626
0.067626
0.170659
0.170659
0.053684
0.053684
0.124578
0.124578
0.170757
0.170757
0.562561
0.562561
0.090273
0.090273
0.227848
0.227848
0.074127
0.074127
0.127417
0.127417
0.215697
0.215697
0.117904
0.117904
0.286164
0.286164
0.197531
0.197531
0.132665
0.132665
0.237375
0.237375
0.137455
0.137455
0.123122
0.123122
0.078758
0.078758
0.078085
0.078085
0.083257
0.083257
0.031154
0.031154
0.200333
0.200333
0.369013
0.369013
0.254148
0.254148
0.101687
0.101687
0.147769
0.147769
0.076876
0.076876
0.109002
0.109002
0.317780
0.317780
0.223906
0.223906
0.179262
0.179262
0.235580
0.235580
0.167943
0.167943
0.259143
0.259143
0.062214
0.062214
0.307893
0.307893
0.411848
0.411848
0.118648
0.118648
0.121889
0.121889
0.089094
0.089094
0.160724
0.160724
0.111193
0.111193
0.084356
0.084356
0.163440
0.163440
0.146957
0.146957
0.233225
0.233225
0.077457
0.077457
0.153652
0.153652
0.066866
0.066866
0.065495
0.065495
0.217944
0.217944
0.090383
0.090383
0.283958
0.283958
0.102001
0.102001
0.211987
0.211987
0.096064
0.096064
0.212178
0.212178
0.099751
0.099751
0.105457
0.105457
0.109632
0.109632
0.152394
0.152394
0.050648
0.050648
0.116466
0.116466
0.269208
0.269208
0.083756
0.083756
0.157023
0.157023
0.116260
0.116260
0.136628
0.136628
0.078967
0.078967
0.043084
0.043084
0.208579
0.208579
0.125519
0.125519
0.072887
0.072887
0.266149
0.266149
0.071450
0.071450
0.138765
0.138765
0.115818
0.115818
0.126091
0.126091
0.134983
0.134983
0.034503
0.034503
0.083293
0.083293
0.091996
0.091996
0.066709
0.066709
0.125373
0.125373
0.174925
0.174925
0.047471
0.047471
0.048246
0.048246
0.192872
0.192872
0.467697
0.467697
0.191325
0.191325
0.188338
0.188338
0.068791
0.068791
0.074330
0.074330
0.060693
0.060693
0.199527
0.199527
0.265717
0.265717
0.154480
0.154480
0.248897
0.248897
0.118709
0.118709
0.204125
0.204125
0.499555
0.499555
0.383129
0.383129
0.233392
0.233392
0.132785
0.132785
0.129989
0.129989
0.064295
0.064295
0.131358
0.131358
0.097602
0.097602
0.074047
0.074047
0.127090
0.127090
0.103879
0.103879
0.082108
0.082108
0.095227
0.095227
0.149800
0.149800
0.115340
0.115340
0.271170
0.271170
0.209209
0.209209
0.185539
0.185539
0.159269
0.159269
0.064433
0.064433
0.199655
0.199655
0.301449
0.301449
0.103994
0.103994
0.061707
0.061707
0.230492
0.230492
0.194603
0.194603
0.264490
0.264490
0.396149
0.396149
0.075406
0.075406
0.174590
0.174590
0.172018
0.172018
0.100274
0.100274
0.248058
0.248058
0.457690
0.457690
0.374555
0.374555
0.092805
0.092805
0.037575
0.037575
0.050470
0.050470
0.267491
0.267491
0.637477
0.637477
0.106705
0.106705
0.138057
0.138057
0.185572
0.185572
0.138208
0.138208
0.074249
0.074249
0.032790
0.032790
0.045569
0.045569
0.172357
0.172357
0.252125
0.252125
0.101246
0.101246
0.180510
0.180510
0.069023
0.069023
0.179364
0.179364
0.291481
0.291481
0.132869
0.132869
0.057250
0.057250
0.097049
0.097049
0.208335
0.208335
0.085505
0.085505
0.150869
0.150869
0.324120
0.324120
0.069864
0.069864
0.123456
0.123456
0.230005
0.230005
0.092441
0.092441
0.231623
0.231623
0.257779
0.257779
0.150575
0.150575
0.084046
0.084046
0.083889
0.083889
0.170419
0.170419
0.223465
0.223465
0.071736
0.071736
0.274158
0.274158
0.067960
0.067960
0.132216
0.132216
0.142180
0.142180
0.166727
0.166727
0.089787
0.089787
0.381572
0.381572
0.327961
0.327961
0.253522
0.253522
0.116116
0.116116
0.185870
0.185870
0.149968
0.149968
0.151125
0.151125
0.221120
0.221120
0.219743
0.219743
0.249678
0.249678
0.103687
0.103687
0.108107
0.108107
0.132444
0.132444
0.112974
0.112974
0.060762
0.060762
0.078433
0.078433
0.216329
0.216329
0.176488
0.176488
0.113920
0.113920
0.151821
0.151821
0.161547
0.161547
0.144038
0.144038
0.048926
0.048926
0.040875
0.040875
0.075460
0.075460
0.136982
0.136982
0.241119
0.241119
0.172309
0.172309
0.180472
0.180472
0.158688
0.158688
0.080696
0.080696
0.081691
0.081691
0.113259
0.113259
0.249331
0.249331
0.257849
0.257849
0.092242
0.092242
0.082030
0.082030
0.080981
0.080981
0.079261
0.079261
0.146049
0.146049
0.150982
0.150982
0.206392
0.206392
0.102731
0.102731
0.046093
0.046093
0.119776
0.119776
0.077611
0.077611
0.198285
0.198285
0.146865
0.146865
0.266889
0.266889
0.100672
0.100672
0.154952
0.154952
0.085253
0.085253
0.092402
0.092402
0.090063
0.090063
0.223699
0.223699
0.275674
0.275674
0.110238
0.110238
0.149569
0.149569
0.070227
0.070227
0.052184
0.052184
0.189489
0.189489
0.084920
0.084920
0.149322
0.149322
0.408403
0.408403
0.209926
0.209926
0.079673
0.079673
0.155262
0.155262
0.078270
0.078270
0.141989
0.141989
0.199301
0.199301
0.062923
0.062923
0.202149
0.202149
0.157584
0.157584
0.073205
0.073205
0.197325
0.197325
0.120634
0.120634
0.269477
0.269477
0.205340
0.205340
0.127990
0.127990
0.232340
0.232340
0.130603
0.130603
0.257463
0.257463
0.160607
0.160607
0.229271
0.229271
0.092212
0.092212
0.107778
0.107778
0.054887
0.054887
0.337949
0.337949
0.169735
0.169735
0.067022
0.067022
0.183410
0.183410
0.100386
0.100386
0.251515
0.251515
0.168719
0.168719
0.122961
0.122961
0.025744
0.025744
0.129630
0.129630
0.169623
0.169623
0.124602
0.124602
0.089813
0.089813
0.178329
0.178329
0.306456
0.306456
0.069644
0.069644
0.128992
0.128992
0.059781
0.059781
0.237745
0.237745
0.039778
0.039778
0.092580
0.092580
0.107618
0.107618
0.227478
0.227478
0.134855
0.134855
0.233875
0.233875
0.125253
0.125253
0.132222
0.132222
0.137005
0.137005
0.145142
0.145142
0.120710
0.120710
0.102719
0.102719
0.046508
0.046508
0.098688
0.098688
0.161867
0.161867
0.137627
0.137627
0.078607
0.078607
0.265148
0.265148
0.102225
0.102225
0.160170
0.160170
0.200970
0.200970
0.117512
0.117512
0.074819
0.074819
0.289059
0.289059
0.142264
0.142264
0.073707
0.073707
0.178194
0.178194
0.071801
0.071801
0.113105
0.113105
0.307060
0.307060
0.147143
0.147143
0.037534
0.037534
0.256758
0.256758
0.429919
0.429919
0.188105
0.188105
0.070534
0.070534
0.258805
0.258805
0.100606
0.100606
0.082852
0.082852
0.151889
0.151889
0.113831
0.113831
0.352719
0.352719
0.212150
0.212150
0.180200
0.180200
0.062687
0.062687
0.245755
0.245755
0.093941
0.093941
0.436830
0.436830
0.222790
0.222790
0.060810
0.060810
0.264758
0.264758
0.120786
0.120786
0.139426
0.139426
0.095461
0.095461
0.111169
0.111169
0.113653
0.113653
0.079631
0.079631
0.069574
0.069574
0.278136
0.278136
0.059007
0.059007
0.147182
0.147182
0.168440
0.168440
0.044018
0.044018
0.176100
0.176100
0.056856
0.056856
0.091919
0.091919
0.161731
0.161731
0.166702
0.166702
0.312284
0.312284
0.233877
0.233877
0.036704
0.036704
0.129704
0.129704
0.137203
0.137203
0.239565
0.239565
0.110500
0.110500
0.371334
0.371334
0.247689
0.247689
0.242959
0.242959
0.147167
0.147167
0.083175
0.083175
0.238905
0.238905
0.044673
0.044673
0.413480
0.413480
0.079968
0.079968
0.067747
0.067747
0.105274
0.105274
0.041546
0.041546
0.122703
0.122703
0.276383
0.276383
0.081559
0.081559
0.180607
0.180607
0.066019
0.066019
0.169255
0.169255
0.198173
0.198173
0.039559
0.039559
0.114741
0.114741
0.174622
0.174622
0.108545
0.108545
0.124885
0.124885
0.134560
0.134560
0.086929
0.086929
0.255576
0.255576
0.216647
0.216647
0.322951
0.322951
0.132837
0.132837
0.370061
0.370061
0.200123
0.200123
0.072868
0.072868
0.093025
0.093025
0.211185
0.211185
0.215898
0.215898
0.546280
0.546280
0.076903
0.076903
0.066593
0.066593
0.087785
0.087785
0.092222
0.092222
0.104947
0.104947
0.219237
0.219237
0.066110
0.066110
0.120465
0.120465
0.113347
0.113347
0.076586
0.076586
0.183596
0.183596
0.193335
0.193335
0.136182
0.136182
0.139216
0.139216
0.213144
0.213144
0.137688
0.137688
0.157946
0.157946
0.077237
0.077237
0.293746
0.293746
0.209999
0.209999
0.105067
0.105067
0.198324
0.198324
0.195310
0.195310
0.184582
0.184582
0.040577
0.040577
0.425877
0.425877
0.166408
0.166408
0.129563
0.129563
0.122724
0.122724
0.056462
0.056462
0.146376
0.146376
0.491217
0.491217
0.137723
0.137723
0.380400
0.380400
0.268968
0.268968
0.252577
0.252577
0.143970
0.143970
0.149810
0.149810
0.148834
0.148834
0.296021
0.296021
0.225623
0.225623
0.174906
0.174906
0.086717
0.086717
0.130322
0.130322
0.168138
0.168138
0.217375
0.217375
0.079179
0.079179
0.097863
0.097863
0.049009
0.049009
0.156096
0.156096
0.056116
0.056116
0.118927
0.118927
0.049100
0.049100
0.245004
0.245004
0.226257
0.226257
0.236491
0.236491
0.212220
0.212220
0.096752
0.096752
0.077203
0.077203
0.126494
0.126494
0.160130
0.160130
0.135723
0.135723
0.194554
0.194554
0.101515
0.101515
0.074165
0.074165
0.114083
0.114083
0.089480
0.089480
0.201985
0.201985
0.196929
0.196929
0.077400
0.077400
0.071031
0.071031
0.098434
0.098434
0.108471
0.108471
0.139167
0.139167
0.198938
0.198938
0.214110
0.214110
0.174422
0.174422
0.084754
0.084754
0.093808
0.093808
0.115153
0.115153
0.243150
0.243150
0.140231
0.140231
0.064883
0.064883
0.082714
0.082714
0.097729
0.097729
0.037665
0.037665
0.219427
0.219427
0.058103
0.058103
0.118398
0.118398
0.106911
0.106911
0.167568
0.167568
0.059726
0.059726
0.169798
0.169798
0.345487
0.345487
0.096300
0.096300
0.099083
0.099083
0.316667
0.316667
0.407788
0.407788
0.050138
0.050138
0.081308
0.081308
0.061920
0.061920
0.074333
0.074333
0.236632
0.236632
0.065135
0.065135
0.086881
0.086881
0.071639
0.071639
0.072800
0.072800
0.264649
0.264649
0.084100
0.084100
0.150703
0.150703
0.318423
0.318423
0.200852
0.200852
0.130602
0.130602
0.144369
0.144369
0.237438
0.237438
0.099977
0.099977
0.311094
0.311094
0.141962
0.141962
0.172016
0.172016
0.233982
0.233982
0.363494
0.363494
0.162508
0.162508
0.172263
0.172263
0.104296
0.104296
0.078294
0.078294
0.133577
0.133577
0.159374
0.159374
0.264751
0.264751
0.086237
0.086237
0.049874
0.049874
0.058679
0.058679
0.180965
0.180965
0.371056
0.371056
0.045094
0.045094
0.144202
0.144202
0.123479
0.123479
0.103878
0.103878
0.100121
0.100121
0.187852
0.187852
0.153283
0.153283
0.158692
0.158692
0.156784
0.156784
0.097127
0.097127
0.049226
0.049226
0.083762
0.083762
0.136570
0.136570
0.210619
0.210619
0.109957
0.109957
0.336955
0.336955
0.240277
0.240277
0.312821
0.312821
0.096416
0.096416
0.096165
0.096165
0.180433
0.180433
0.328120
0.328120
0.241135
0.241135
0.136287
0.136287
0.271923
0.271923
0.101631
0.101631
0.304904
0.304904
0.034654
0.034654
0.177971
0.177971
0.168026
0.168026
0.096000
0.096000
0.060409
0.060409
0.111529
0.111529
0.322404
0.322404
0.233779
0.233779
0.212208
0.212208
0.188768
0.188768
0.152639
0.152639
0.102977
0.102977
0.244614
0.244614
0.022162
0.022162
0.197790
0.197790
0.083243
0.083243
0.086167
0.086167
0.213459
0.213459
0.279241
0.279241
0.177347
0.177347
0.168226
0.168226
0.187354
0.187354
0.130602
0.130602
0.086095
0.086095
0.142689
0.142689
0.252673
0.252673
0.044961
0.044961
0.099020
0.099020
0.062745
0.062745
0.168994
0.168994
0.282084
0.282084
0.039331
0.039331
0.147047
0.147047
0.099531
0.099531
0.095241
0.095241
0.283116
0.283116
0.089519
0.089519
0.076193
0.076193
0.095423
0.095423
0.182950
0.182950
0.209224
0.209224
0.052727
0.052727
0.125176
0.125176
0.077046
0.077046
0.087789
0.087789
0.084284
0.084284
0.417465
0.417465
0.295078
0.295078
0.124734
0.124734
0.116611
0.116611
0.064887
0.064887
0.290742
0.290742
0.170943
0.170943
0.054561
0.054561
0.070996
0.070996
0.198081
0.198081
0.185216
0.185216
0.045032
0.045032
0.216834
0.216834
0.081269
0.081269
0.233792
0.233792
0.138285
0.138285
0.100800
0.100800
0.050321
0.050321
0.450561
0.450561
0.057324
0.057324
0.175195
0.175195
0.119374
0.119374
0.244429
0.244429
0.178199
0.178199
0.294118
0.294118
0.111957
0.111957
0.233456
0.233456
0.169866
0.169866
0.145046
0.145046
0.120670
0.120670
0.250296
0.250296
0.220249
0.220249
0.148496
0.148496
0.119361
0.119361
0.202231
0.202231
0.322117
0.322117
0.143246
0.143246
0.165891
0.165891
0.215355
0.215355
0.525816
0.525816
0.065466
0.065466
0.084374
0.084374
0.166888
0.166888
0.165319
0.165319
0.075113
0.075113
0.304070
0.304070
0.137216
0.137216
0.116887
0.116887
0.112131
0.112131
0.057805
0.057805
0.203067
0.203067
0.326594
0.326594
0.103905
0.103905
0.127357
0.127357
0.265687
0.265687
0.087318
0.087318
0.158297
0.158297
0.282486
0.282486
0.419570
0.419570
0.127906
0.127906
0.071529
0.071529
0.186970
0.186970
0.369536
0.369536
0.213834
0.213834
0.262423
0.262423
0.096780
0.096780
0.042462
0.042462
0.065929
0.065929
0.062545
0.062545
0.139992
0.139992
0.263755
0.263755
0.091621
0.091621
0.055701
0.055701
0.209744
0.209744
0.050561
0.050561
0.173337
0.173337
0.169213
0.169213
0.066668
0.066668
0.077140
0.077140
0.240691
0.240691
0.061993
0.061993
0.108934
0.108934
0.166553
0.166553
0.100768
0.100768
0.172555
0.172555
0.304131
0.304131
0.230790
0.230790
0.099966
0.099966
0.036878
0.036878
0.362061
0.362061
0.147001
0.147001
0.134139
0.134139
0.108774
0.108774
0.173524
0.173524
0.138194
0.138194
0.123002
0.123002
0.121531
0.121531
0.118694
0.118694
0.049523
0.049523
0.083378
0.083378
0.178330
0.178330
0.130135
0.130135
0.160552
0.160552
0.068781
0.068781
0.242361
0.242361
0.185107
0.185107
0.090536
0.090536
0.111213
0.111213
0.299971
0.299971
0.147931
0.147931
0.042416
0.042416
0.114296
0.114296
0.126243
0.126243
0.113296
0.113296
0.161082
0.161082
0.231540
0.231540
0.152325
0.152325
0.072705
0.072705
0.327723
0.327723
0.139453
0.139453
0.069847
0.069847
0.123764
0.123764
0.164979
0.164979
0.074468
0.074468
0.322940
0.322940
0.192931
0.192931
0.250768
0.250768
0.079697
0.079697
0.171148
0.171148
0.079301
0.079301
0.357973
0.357973
0.117552
0.117552
0.218281
0.218281
0.139895
0.139895
0.213598
0.213598
0.073462
0.073462
0.027507
0.027507
0.189123
0.189123
0.307175
0.307175
0.176190
0.176190
0.057836
0.057836
0.055895
0.055895
0.329205
0.329205
0.032909
0.032909
0.129665
0.129665
0.120664
0.120664
0.077328
0.077328
0.116024
0.116024
0.116451
0.116451
0.147883
0.147883
0.161530
0.161530
0.062042
0.062042
0.098719
0.098719
0.098556
0.098556
0.078095
0.078095
0.293088
0.293088
0.126830
0.126830
0.166995
0.166995
0.067279
0.067279
0.107247
0.107247
0.090031
0.090031
0.280206
0.280206
0.416400
0.416400
0.155714
0.155714
0.235420
0.235420
0.200412
0.200412
0.174244
0.174244
0.083192
0.083192
0.057001
0.057001
0.201866
0.201866
0.217392
0.217392
0.184563
0.184563
0.133096
0.133096
0.153195
0.153195
0.055152
0.055152
0.249784
0.249784
0.070914
0.070914
0.159316
0.159316
0.098777
0.098777
0.069532
0.069532
0.231752
0.231752
0.046777
0.046777
0.060490
0.060490
0.160051
0.160051
0.071451
0.071451
0.064369
0.064369
0.101262
0.101262
0.112097
0.112097
0.052908
0.052908
0.115557
0.115557
0.165084
0.165084
0.442577
0.442577
0.065923
0.065923
0.059430
0.059430
0.116872
0.116872
0.096249
0.096249
0.083239
0.083239
0.084265
0.084265
0.160056
0.160056
0.241457
0.241457
0.160097
0.160097
0.127529
0.127529
0.295538
0.295538
0.123811
0.123811
0.129028
0.129028
0.062129
0.062129
0.325588
0.325588
0.223703
0.223703
0.250011
0.250011
0.107304
0.107304
0.258048
0.258048
0.039531
0.039531
0.107533
0.107533
0.195257
0.195257
0.347677
0.347677
0.110001
0.110001
0.194234
0.194234
0.236217
0.236217
0.168348
0.168348
0.202249
0.202249
0.177876
0.177876
0.117011
0.117011
0.051330
0.051330
0.184405
0.184405
0.197026
0.197026
0.220821
0.220821
0.103310
0.103310
0.420687
0.420687
0.089125
0.089125
0.060454
0.060454
0.116484
0.116484
0.140939
0.140939
0.093146
0.093146
0.168708
0.168708
0.071324
0.071324
0.090322
0.090322
0.207190
0.207190
0.223154
0.223154
0.256669
0.256669
0.110487
0.110487
0.145440
0.145440
0.436910
0.436910
0.178294
0.178294
0.073181
0.073181
0.264720
0.264720
0.244578
0.244578
0.076772
0.076772
0.310515
0.310515
0.130236
0.130236
0.209078
0.209078
0.126557
0.126557
0.199394
0.199394
0.208970
0.208970
0.178017
0.178017
0.030022
0.030022
0.085873
0.085873
0.066510
0.066510
0.094285
0.094285
0.063490
0.063490
0.224461
0.224461
0.106917
0.106917
0.072216
0.072216
0.256432
0.256432
0.147406
0.147406
0.210853
0.210853
0.116926
0.116926
0.249252
0.249252
0.090827
0.090827
0.109736
0.109736
0.391724
0.391724
0.043800
0.043800
0.046850
0.046850
0.344561
0.344561
0.295028
0.295028
0.113001
0.113001
0.072193
0.072193
0.098110
0.098110
0.205636
0.205636
0.173596
0.173596
0.109590
0.109590
0.110803
0.110803
0.146005
0.146005
0.180259
0.180259
0.183840
0.183840
0.109042
0.109042
0.370156
0.370156
0.107884
0.107884
0.127342
0.127342
0.047001
0.047001
0.079826
0.079826
0.072910
0.072910
0.312711
0.312711
0.110960
0.110960
0.217600
0.217600
0.203631
0.203631
0.112725
0.112725
0.058795
0.058795
0.189274
0.189274
0.114435
0.114435
0.127458
0.127458
0.264703
0.264703
0.126870
0.126870
0.123418
0.123418
0.113047
0.113047
0.116195
0.116195
0.090031
0.090031
0.216373
0.216373
0.408420
0.408420
0.061206
0.061206
0.133840
0.133840
0.056732
0.056732
0.236029
0.236029
0.043030
0.043030
0.100747
0.100747
0.066897
0.066897
0.064287
0.064287
0.106859
0.106859
0.122978
0.122978
0.177022
0.177022
0.333482
0.333482
0.062067
0.062067
0.047503
0.047503
0.086372
0.086372
0.102874
0.102874
0.157244
0.157244
0.351657
0.351657
0.100328
0.100328
0.070405
0.070405
0.099178
0.099178
0.091542
0.091542
0.087569
0.087569
0.141855
0.141855
0.110431
0.110431
0.071039
0.071039
0.115058
0.115058
0.057449
0.057449
0.298073
0.298073
0.248950
0.248950
0.313919
0.313919
0.116588
0.116588
0.050083
0.050083
0.075357
0.075357
0.128242
0.128242
0.240875
0.240875
0.226052
0.226052
0.307749
0.307749
0.185874
0.185874
0.154102
0.154102
0.146504
0.146504
0.196205
0.196205
0.037717
0.037717
0.077493
0.077493
0.170864
0.170864
0.209523
0.209523
0.099716
0.099716
0.210583
0.210583
0.151409
0.151409
0.117397
0.117397
0.288433
0.288433
0.212760
0.212760
0.091261
0.091261
0.306622
0.306622
0.159513
0.159513
0.024462
0.024462
0.176286
0.176286
0.043075
0.043075
0.151826
0.151826
0.042113
0.042113
0.114177
0.114177
0.172866
0.172866
0.116524
0.116524
0.131638
0.131638
0.157723
0.157723
0.124129
0.124129
0.104466
0.104466
0.201953
0.201953
0.264237
0.264237
0.082277
0.082277
0.361577
0.361577
0.213882
0.213882
0.095374
0.095374
0.068367
0.068367
0.118489
0.118489
0.071648
0.071648
0.153880
0.153880
0.080944
0.080944
0.167077
0.167077
0.434387
0.434387
0.144183
0.144183
0.103847
0.103847
0.121244
0.121244
0.190241
0.190241
0.170399
0.170399
0.123248
0.123248
0.354579
0.354579
0.169872
0.169872
0.159344
0.159344
0.319623
0.319623
0.095330
0.095330
0.163003
0.163003
0.203051
0.203051
0.124095
0.124095
0.216189
0.216189
0.076922
0.076922
0.257939
0.257939
0.051179
0.051179
0.312432
0.312432
0.262449
0.262449
0.191501
0.191501
0.163368
0.163368
0.156238
0.156238
0.203076
0.203076
0.326735
0.326735
0.176423
0.176423
0.250135
0.250135
0.079255
0.079255
0.070713
0.070713
0.417404
0.417404
0.103063
0.103063
0.110097
0.110097
0.123423
0.123423
0.094002
0.094002
0.078924
0.078924
0.203981
0.203981
0.147711
0.147711
0.147925
0.147925
0.122443
0.122443
0.137813
0.137813
0.046489
0.046489
0.212051
0.212051
0.068604
0.068604
0.096256
0.096256
0.225339
0.225339
0.215838
0.215838
0.197748
0.197748
0.268367
0.268367
0.173399
0.173399
0.143333
0.143333
0.225157
0.225157
0.084078
0.084078
0.129691
0.129691
0.270221
0.270221
0.269659
0.269659
0.336457
0.336457
0.173804
0.173804
0.214375
0.214375
0.239388
0.239388
0.139305
0.139305
0.199696
0.199696
0.642100
0.642100
0.097149
0.097149
0.109333
0.109333
0.057902
0.057902
0.218964
0.218964
0.305433
0.305433
0.217145
0.217145
0.335627
0.335627
0.137589
0.137589
0.133671
0.133671
0.082603
0.082603
0.096589
0.096589
0.080108
0.080108
0.192452
0.192452
0.091582
0.091582
0.098780
0.098780
0.094517
0.094517
0.051748
0.051748
0.239562
0.239562
0.125358
0.125358
0.201262
0.201262
0.081544
0.081544
0.099849
0.099849
0.250422
0.250422
0.110197
0.110197
0.067606
0.067606
0.330472
0.330472
0.113634
0.113634
0.262733
0.262733
0.101867
0.101867
0.213690
0.213690
0.095087
0.095087
0.172365
0.172365
0.081098
0.081098
0.073569
0.073569
0.086834
0.086834
0.102332
0.102332
0.048761
0.048761
0.089318
0.089318
0.069200
0.069200
0.117531
0.117531
0.108236
0.108236
0.147787
0.147787
0.277133
0.277133
0.076684
0.076684
0.052476
0.052476
0.085812
0.085812
0.093404
0.093404
0.099749
0.099749
0.248237
0.248237
0.109109
0.109109
0.157741
0.157741
0.239708
0.239708
0.081598
0.081598
0.043578
0.043578
0.672785
0.672785
0.223854
0.223854
0.405355
0.405355
0.099543
0.099543
0.087288
0.087288
0.148342
0.148342
0.215661
0.215661
0.043424
0.043424
0.358396
0.358396
0.299709
0.299709
0.088619
0.088619
0.200735
0.200735
0.265178
0.265178
0.306610
0.306610
0.065585
0.065585
0.070519
0.070519
0.097262
0.097262
0.114209
0.114209
0.055653
0.055653
0.183367
0.183367
0.326185
0.326185
0.158303
0.158303
0.103206
0.103206
0.067255
0.067255
0.163880
0.163880
0.200928
0.200928
0.065329
0.065329
0.135438
0.135438
0.076573
0.076573
0.102299
0.102299
0.088537
0.088537
0.142341
0.142341
0.081777
0.081777
0.100078
0.100078
0.140748
0.140748
0.213271
0.213271
0.250440
0.250440
0.115450
0.115450
0.241002
0.241002
0.091723
0.091723
0.403002
0.403002
0.265209
0.265209
0.087601
0.087601
0.092975
0.092975
0.136529
0.136529
0.082740
0.082740
0.167036
0.167036
0.089757
0.089757
0.101729
0.101729
0.197544
0.197544
0.123727
0.123727
0.182671
0.182671
0.053309
0.053309
0.187591
0.187591
0.070801
0.070801
0.096665
0.096665
0.035323
0.035323
0.134968
0.134968
0.150244
0.150244
0.099396
0.099396
0.104225
0.104225
0.180322
0.180322
0.072420
0.072420
0.160519
0.160519
0.059640
0.059640
0.101635
0.101635
0.068367
0.068367
0.222723
0.222723
0.125348
0.125348
0.250420
0.250420
0.142002
0.142002
0.036918
0.036918
0.121686
0.121686
0.257162
0.257162
0.082749
0.082749
0.144101
0.144101
0.077955
0.077955
0.328944
0.328944
0.044542
0.044542
0.045268
0.045268
0.335200
0.335200
0.211116
0.211116
0.111006
0.111006
0.215073
0.215073
0.114156
0.114156
0.215154
0.215154
0.102769
0.102769
0.138294
0.138294
0.091524
0.091524
0.172331
0.172331
0.283792
0.283792
0.143122
0.143122
0.102036
0.102036
0.179657
0.179657
0.187077
0.187077
0.078150
0.078150
0.153572
0.153572
0.118139
0.118139
0.362978
0.362978
0.246144
0.246144
0.162764
0.162764
0.179357
0.179357
0.135927
0.135927
0.150511
0.150511
0.095396
0.095396
0.064371
0.064371
0.088474
0.088474
0.099518
0.099518
0.177430
0.177430
0.081443
0.081443
0.142989
0.142989
0.056466
0.056466
0.234209
0.234209
0.096511
0.096511
0.105267
0.105267
0.123654
0.123654
0.347023
0.347023
0.132610
0.132610
0.079972
0.079972
0.162108
0.162108
0.098755
0.098755
0.216706
0.216706
0.206657
0.206657
0.041824
0.041824
0.123137
0.123137
0.163357
0.163357
0.067252
0.067252
0.045851
0.045851
0.221408
0.221408
0.131496
0.131496
0.225357
0.225357
0.092464
0.092464
0.139861
0.139861
0.377569
0.377569
0.099006
0.099006
0.279323
0.279323
0.096791
0.096791
0.073053
0.073053
0.129879
0.129879
0.051924
0.051924
0.038826
0.038826
0.258516
0.258516
0.187307
0.187307
0.112303
0.112303
0.079157
0.079157
0.083361
0.083361
0.182135
0.182135
0.204231
0.204231
0.247277
0.247277
0.059847
0.059847
0.119584
0.119584
0.197657
0.197657
0.269877
0.269877
0.234936
0.234936
0.113995
0.113995
0.075621
0.075621
0.136560
0.136560
0.073304
0.073304
0.139566
0.139566
0.073068
0.073068
0.115904
0.115904
0.122215
0.122215
0.150756
0.150756
0.187555
0.187555
0.127428
0.127428
0.165732
0.165732
0.035995
0.035995
0.146408
0.146408
0.298556
0.298556
0.168443
0.168443
0.065300
0.065300
0.151143
0.151143
0.128208
0.128208
0.181832
0.181832
0.220443
0.220443
0.065214
0.065214
0.188978
0.188978
0.045026
0.045026
0.187775
0.187775
0.247507
0.247507
0.365483
0.365483
0.199316
0.199316
0.099358
0.099358
0.086577
0.086577
0.037116
0.037116
0.058653
0.058653
0.260430
0.260430
0.175859
0.175859
0.165046
0.165046
0.114660
0.114660
0.054579
0.054579
0.164909
0.164909
0.241836
0.241836
0.040495
0.040495
0.252676
0.252676
0.291335
0.291335
0.299174
0.299174
0.145087
0.145087
0.172193
0.172193
0.072885
0.072885
0.122370
0.122370
0.128684
0.128684
0.256717
0.256717
0.222747
0.222747
0.207972
0.207972
0.111626
0.111626
0.203944
0.203944
0.321072
0.321072
0.138093
0.138093
0.067848
0.067848
0.263454
0.263454
0.146482
0.146482
0.091172
0.091172
0.343441
0.343441
0.405622
0.405622
0.231213
0.231213
0.100862
0.100862
0.096411
0.096411
0.077591
0.077591
0.083664
0.083664
0.140821
0.140821
0.096097
0.096097
0.242394
0.242394
0.304333
0.304333
0.123289
0.123289
0.163460
0.163460
0.185295
0.185295
0.078870
0.078870
0.081393
0.081393
0.235718
0.235718
0.175378
0.175378
0.144779
0.144779
0.143851
0.143851
0.284705
0.284705
0.300368
0.300368
0.093992
0.093992
0.088762
0.088762
0.078506
0.078506
0.056059
0.056059
0.231829
0.231829
0.100750
0.100750
0.162983
0.162983
0.217828
0.217828
0.125498
0.125498
0.291068
0.291068
0.258451
0.258451
0.138576
0.138576
0.201577
0.201577
0.101961
0.101961
0.142746
0.142746
0.056100
0.056100
0.105280
0.105280
0.089196
0.089196
0.411602
0.411602
0.304460
0.304460
0.234414
0.234414
0.159957
0.159957
0.049225
0.049225
0.231341
0.231341
0.251278
0.251278
0.105264
0.105264
0.103814
0.103814
0.284912
0.284912
0.151016
0.151016
0.120817
0.120817
0.079235
0.079235
0.224893
0.224893
0.201323
0.201323
0.155981
0.155981
0.092646
0.092646
0.113581
0.113581
0.085482
0.085482
0.196316
0.196316
0.155783
0.155783
0.194108
0.194108
0.092655
0.092655
0.505239
0.505239
0.122178
0.122178
0.201422
0.201422
0.184825
0.184825
0.157870
0.157870
0.220368
0.220368
0.050372
0.050372
0.189974
0.189974
0.157744
0.157744
0.138330
0.138330
0.213440
0.213440
0.284359
0.284359
0.105690
0.105690
0.074141
0.074141
0.043922
0.043922
0.183130
0.183130
0.086025
0.086025
0.092651
0.092651
0.143837
0.143837
0.154253
0.154253
0.085201
0.085201
0.165220
0.165220
0.069937
0.069937
0.118449
0.118449
0.090519
0.090519
0.286251
0.286251
0.281770
0.281770
0.316322
0.316322
0.060648
0.060648
0.053743
0.053743
0.066555
0.066555
0.277715
0.277715
0.417361
0.417361
0.065318
0.065318
0.108483
0.108483
0.153013
0.153013
0.208522
0.208522
0.179819
0.179819
0.086386
0.086386
0.066288
0.066288
0.169556
0.169556
0.042493
0.042493
0.167052
0.167052
0.165564
0.165564
0.245183
0.245183
0.199704
0.199704
0.200832
0.200832
0.133464
0.133464
0.052977
0.052977
0.046274
0.046274
0.036106
0.036106
0.099692
0.099692
0.047005
0.047005
0.154195
0.154195
0.186979
0.186979
0.227125
0.227125
0.112748
0.112748
0.055570
0.055570
0.088246
0.088246
0.058468
0.058468
0.297505
0.297505
0.051845
0.051845
0.152180
0.152180
0.093582
0.093582
0.280883
0.280883
0.081945
0.081945
0.076861
0.076861
0.045075
0.045075
0.108498
0.108498
0.154258
0.154258
0.261589
0.261589
0.102349
0.102349
0.120684
0.120684
0.107775
0.107775
0.125797
0.125797
0.046348
0.046348
0.154603
0.154603
0.176376
0.176376
0.113534
0.113534
0.045286
0.045286
0.365026
0.365026
0.091630
0.091630
0.231686
0.231686
0.061642
0.061642
0.104233
0.104233
0.269113
0.269113
0.137899
0.137899
0.152851
0.152851
0.325584
0.325584
0.097068
0.097068
0.120511
0.120511
0.369570
0.369570
0.067083
0.067083
0.133796
0.133796
0.151465
0.151465
0.205893
0.205893
0.114847
0.114847
0.050427
0.050427
0.081597
0.081597
0.100174
0.100174
0.119626
0.119626
0.150979
0.150979
0.060404
0.060404
0.101881
0.101881
0.081903
0.081903
0.204491
0.204491
0.148312
0.148312
0.222180
0.222180
0.151836
0.151836
0.137297
0.137297
0.109422
0.109422
0.166312
0.166312
0.065432
0.065432
0.085660
0.085660
0.057664
0.057664
0.154226
0.154226
0.043836
0.043836
0.134709
0.134709
0.191296
0.191296
0.140542
0.140542
0.105362
0.105362
0.067027
0.067027
0.373142
0.373142
0.051531
0.051531
0.225430
0.225430
0.389038
0.389038
0.088573
0.088573
0.104410
0.104410
0.182211
0.182211
0.052626
0.052626
0.097967
0.097967
0.215730
0.215730
0.312567
0.312567
0.184997
0.184997
0.183296
0.183296
0.196810
0.196810
0.093596
0.093596
0.185651
0.185651
0.088270
0.088270
0.103168
0.103168
0.126440
0.126440
0.047959
0.047959
0.143788
0.143788
0.399099
0.399099
0.099457
0.099457
0.226833
0.226833
0.112491
0.112491
0.149056
0.149056
0.140854
0.140854
0.271642
0.271642
0.320887
0.320887
0.346596
0.346596
0.161032
0.161032
0.093497
0.093497
0.178859
0.178859
0.226473
0.226473
0.170104
0.170104
0.166682
0.166682
0.141333
0.141333
0.194021
0.194021
0.100492
0.100492
0.065255
0.065255
0.074146
0.074146
0.283678
0.283678
0.077194
0.077194
0.043100
0.043100
0.119509
0.119509
0.051342
0.051342
0.072570
0.072570
0.116388
0.116388
0.067770
0.067770
0.082231
0.082231
0.177055
0.177055
0.134869
0.134869
0.293381
0.293381
0.212669
0.212669
0.139121
0.139121
0.350754
0.350754
0.090366
0.090366
0.082470
0.082470
0.274690
0.274690
0.120582
0.120582
0.059539
0.059539
0.102243
0.102243
0.131997
0.131997
0.201253
0.201253
0.028361
0.028361
0.198773
0.198773
0.076834
0.076834
0.125930
0.125930
0.244702
0.244702
0.094157
0.094157
0.160127
0.160127
0.271435
0.271435
0.055659
0.055659
0.071875
0.071875
0.071211
0.071211
0.197557
0.197557
0.048155
0.048155
0.079681
0.079681
0.065153
0.065153
0.177902
0.177902
0.189338
0.189338
0.219966
0.219966
0.071397
0.071397
0.348230
0.348230
0.160898
0.160898
0.047320
0.047320
0.119944
0.119944
0.209948
0.209948
0.219524
0.219524
0.199320
0.199320
0.089986
0.089986
0.097967
0.097967
0.239234
0.239234
0.270482
0.270482
0.394153
0.394153
0.102289
0.102289
0.033900
0.033900
0.197543
0.197543
0.172918
0.172918
0.256791
0.256791
0.184020
0.184020
0.377913
0.377913
0.068419
0.068419
0.072625
0.072625
0.135599
0.135599
0.393405
0.393405
0.167397
0.167397
0.057473
0.057473
0.215038
0.215038
0.264503
0.264503
0.319109
0.319109
0.094034
0.094034
0.181966
0.181966
0.041637
0.041637
0.148618
0.148618
0.146719
0.146719
0.096912
0.096912
0.097380
0.097380
0.270634
0.270634
0.324672
0.324672
0.046143
0.046143
0.190200
0.190200
0.053119
0.053119
0.117857
0.117857
0.083795
0.083795
0.210303
0.210303
0.195528
0.195528
0.057076
0.057076
0.048744
0.048744
0.091853
0.091853
0.117077
0.117077
0.081542
0.081542
0.349429
0.349429
0.389379
0.389379
0.086756
0.086756
0.098403
0.098403
0.152039
0.152039
0.277136
0.277136
0.127991
0.127991
0.246262
0.246262
0.198680
0.198680
0.112868
0.112868
0.158949
0.158949
0.212876
0.212876
0.213285
0.213285
0.064368
0.064368
0.130852
0.130852
0.244646
0.244646
0.434705
0.434705
0.150120
0.150120
0.150609
0.150609
0.089936
0.089936
0.117744
0.117744
0.200889
0.200889
0.414678
0.414678
0.303078
0.303078
0.144865
0.144865
0.204177
0.204177
0.024005
0.024005
0.132731
0.132731
0.116929
0.116929
0.218078
0.218078
0.158169
0.158169
0.093383
0.093383
0.334163
0.334163
0.184223
0.184223
0.055122
0.055122
0.072443
0.072443
0.127334
0.127334
0.194705
0.194705
0.081885
0.081885
0.107446
0.107446
0.105941
0.105941
0.098808
0.098808
0.063423
0.063423
0.203042
0.203042
0.269364
0.269364
0.086535
0.086535
0.144562
0.144562
0.163138
0.163138
0.179708
0.179708
0.054899
0.054899
0.147065
0.147065
0.129338
0.129338
0.099183
0.099183
0.173631
0.173631
0.033832
0.033832
0.100720
0.100720
0.165465
0.165465
0.049393
0.049393
0.121784
0.121784
0.167571
0.167571
0.117028
0.117028
0.161821
0.161821
0.035416
0.035416
0.194093
0.194093
0.079362
0.079362
0.043809
0.043809
0.176268
0.176268
0.371906
0.371906
0.192896
0.192896
0.110886
0.110886
0.048449
0.048449
0.113825
0.113825
0.092143
0.092143
0.136476
0.136476
0.067917
0.067917
0.068469
0.068469
0.260719
0.260719
0.079738
0.079738
0.304057
0.304057
0.163600
0.163600
0.360678
0.360678
0.101215
0.101215
0.201499
0.201499
0.069255
0.069255
0.153544
0.153544
0.089917
0.089917
0.113967
0.113967
0.166027
0.166027
0.059469
0.059469
0.118243
0.118243
0.165616
0.165616
0.152541
0.152541
0.282903
0.282903
0.105328
0.105328
0.252218
0.252218
0.096293
0.096293
0.240996
0.240996
0.124347
0.124347
0.158541
0.158541
0.170656
0.170656
0.297425
0.297425
0.372524
0.372524
0.155096
0.155096
0.228148
0.228148
0.040941
0.040941
0.083265
0.083265
0.102457
0.102457
0.097449
0.097449
0.289463
0.289463
0.110888
0.110888
0.248276
0.248276
0.115777
0.115777
0.180050
0.180050
0.071163
0.071163
0.203973
0.203973
0.201982
0.201982
0.093228
0.093228
0.147399
0.147399
0.164921
0.164921
0.094576
0.094576
0.158926
0.158926
0.067632
0.067632
0.189494
0.189494
0.095382
0.095382
0.164749
0.164749
0.231180
0.231180
0.159510
0.159510
0.179387
0.179387
0.151311
0.151311
0.108711
0.108711
0.254687
0.254687
0.190794
0.190794
0.230853
0.230853
0.152421
0.152421
0.070419
0.070419
0.076059
0.076059
0.153963
0.153963
0.085165
0.085165
0.037679
0.037679
0.113144
0.113144
0.120173
0.120173
0.487398
0.487398
0.150065
0.150065
0.077737
0.077737
0.101423
0.101423
0.173669
0.173669
0.143111
0.143111
0.093588
0.093588
0.307367
0.307367
0.362311
0.362311
0.101578
0.101578
0.043900
0.043900
0.128228
0.128228
0.202801
0.202801
0.190075
0.190075
0.111625
0.111625
0.251261
0.251261
0.164676
0.164676
0.041081
0.041081
0.215175
0.215175
0.091384
0.091384
0.043852
0.043852
0.079624
0.079624
0.148081
0.148081
0.095860
0.095860
0.212432
0.212432
0.203792
0.203792
0.378790
0.378790
0.277343
0.277343
0.207599
0.207599
0.221283
0.221283
0.076640
0.076640
0.168502
0.168502
0.147406
0.147406
0.054116
0.054116
0.161911
0.161911
0.081259
0.081259
0.292268
0.292268
0.096929
0.096929
0.411936
0.411936
0.087990
0.087990
0.314830
0.314830
0.455812
0.455812
0.120822
0.120822
0.248172
0.248172
0.071152
0.071152
0.046745
0.046745
0.123285
0.123285
0.198987
0.198987
0.076129
0.076129
0.079380
0.079380
0.145327
0.145327
0.058108
0.058108
0.203238
0.203238
0.050253
0.050253
0.275557
0.275557
0.070874
0.070874
0.325094
0.325094
0.100010
0.100010
0.196351
0.196351
0.070651
0.070651
0.168561
0.168561
0.050252
0.050252
0.132661
0.132661
0.080683
0.080683
0.185775
0.185775
0.149749
0.149749
0.254044
0.254044
0.059662
0.059662
0.379065
0.379065
0.052104
0.052104
0.138156
0.138156
0.167844
0.167844
0.183339
0.183339
0.065867
0.065867
0.155407
0.155407
0.109961
0.109961
0.096935
0.096935
0.110163
0.110163
0.287105
0.287105
0.071876
0.071876
0.122558
0.122558
0.050174
0.050174
0.200247
0.200247
0.083872
0.083872
0.127704
0.127704
0.240989
0.240989
0.081261
0.081261
0.082883
0.082883
0.274361
0.274361
0.095656
0.095656
0.082205
0.082205
0.317609
0.317609
0.106937
0.106937
0.120691
0.120691
0.048687
0.048687
0.270306
0.270306
0.096459
0.096459
0.054422
0.054422
0.120923
0.120923
0.113402
0.113402
0.119508
0.119508
0.231038
0.231038
0.060705
0.060705
0.265057
0.265057
0.159791
0.159791
0.251576
0.251576
0.283478
0.283478
0.048298
0.048298
0.244052
0.244052
0.078962
0.078962
0.062921
0.062921
0.068377
0.068377
0.100809
0.100809
0.169723
0.169723
0.274065
0.274065
0.164066
0.164066
0.177417
0.177417
0.110136
0.110136
0.113578
0.113578
0.116414
0.116414
0.121787
0.121787
0.228517
0.228517
0.060936
0.060936
0.103854
0.103854
0.088921
0.088921
0.097320
0.097320
0.139985
0.139985
0.107003
0.107003
0.305848
0.305848
0.102091
0.102091
0.185018
0.185018
0.045641
0.045641
0.227914
0.227914
0.323342
0.323342
0.101938
0.101938
0.035965
0.035965
0.118659
0.118659
0.156471
0.156471
0.077585
0.077585
0.122565
0.122565
0.146956
0.146956
0.087336
0.087336
0.091387
0.091387
0.251678
0.251678
0.036384
0.036384
0.089870
0.089870
0.071659
0.071659
0.415808
0.415808
0.093183
0.093183
0.595160
0.595160
0.069608
0.069608
0.058637
0.058637
0.080673
0.080673
0.250407
0.250407
0.058885
0.058885
0.251101
0.251101
0.173379
0.173379
0.154122
0.154122
0.104758
0.104758
0.195851
0.195851
0.126304
0.126304
0.182713
0.182713
0.087218
0.087218
0.081121
0.081121
0.127023
0.127023
0.314512
0.314512
0.113065
0.113065
0.137683
0.137683
0.188490
0.188490
0.069674
0.069674
0.143865
0.143865
0.109641
0.109641
0.131890
0.131890
0.125874
0.125874
0.147658
0.147658
0.141731
0.141731
0.039759
0.039759
0.080251
0.080251
0.154020
0.154020
0.082659
0.082659
0.128125
0.128125
0.232550
0.232550
0.229248
0.229248
0.298738
0.298738
0.215465
0.215465
0.051599
0.051599
0.122465
0.122465
0.361947
0.361947
0.149718
0.149718
0.345940
0.345940
0.072853
0.072853
0.110558
0.110558
0.179570
0.179570
0.218624
0.218624
0.048543
0.048543
0.413349
0.413349
0.091055
0.091055
0.269437
0.269437
0.102126
0.102126
0.073585
0.073585
0.050781
0.050781
0.129853
0.129853
0.109976
0.109976
0.106610
0.106610
0.128514
0.128514
0.064193
0.064193
0.350140
0.350140
0.081484
0.081484
0.036894
0.036894
0.121164
0.121164
0.081938
0.081938
0.117648
0.117648
0.241678
0.241678
0.107648
0.107648
0.136125
0.136125
0.043113
0.043113
0.246582
0.246582
0.056469
0.056469
0.287943
0.287943
0.131629
0.131629
0.044031
0.044031
0.072128
0.072128
0.241037
0.241037
0.252815
0.252815
0.092424
0.092424
0.089661
0.089661
0.145482
0.145482
0.108720
0.108720
0.196184
0.196184
0.239933
0.239933
0.206278
0.206278
0.097343
0.097343
0.200855
0.200855
0.135095
0.135095
0.076151
0.076151
0.095687
0.095687
0.219362
0.219362
0.147468
0.147468
0.092256
0.092256
0.285709
0.285709
0.273239
0.273239
0.164266
0.164266
0.142263
0.142263
0.406189
0.406189
0.234191
0.234191
0.158942
0.158942
0.060279
0.060279
0.125712
0.125712
0.235209
0.235209
0.212348
0.212348
0.216132
0.216132
0.211374
0.211374
0.157628
0.157628
0.050948
0.050948
0.094799
0.094799
0.194899
0.194899
0.106101
0.106101
0.173538
0.173538
0.129360
0.129360
0.144543
0.144543
0.079324
0.079324
0.072198
0.072198
0.055527
0.055527
0.053282
0.053282
0.122534
0.122534
0.181093
0.181093
0.091178
0.091178
0.032749
0.032749
0.051126
0.051126
0.106001
0.106001
0.151647
0.151647
0.157946
0.157946
0.109040
0.109040
0.102517
0.102517
0.117258
0.117258
0.096716
0.096716
0.096925
0.096925
0.165159
0.165159
0.285770
0.285770
0.174321
0.174321
0.093364
0.093364
0.078074
0.078074
0.277891
0.277891
0.042012
0.042012
0.182159
0.182159
0.185652
0.185652
0.221113
0.221113
0.363251
0.363251
0.284845
0.284845
0.059357
0.059357
0.162653
0.162653
0.228207
0.228207
0.049598
0.049598
0.398780
0.398780
0.074288
0.074288
0.096242
0.096242
0.189787
0.189787
0.040089
0.040089
0.122604
0.122604
0.196508
0.196508
0.158017
0.158017
0.097414
0.097414
0.052445
0.052445
0.159718
0.159718
0.088823
0.088823
0.083445
0.083445
0.226564
0.226564
0.120357
0.120357
0.168519
0.168519
0.099278
0.099278
0.110229
0.110229
0.090877
0.090877
0.119802
0.119802
0.189380
0.189380
0.294885
0.294885
0.259163
0.259163
0.425841
0.425841
0.058381
0.058381
0.061310
0.061310
0.055089
0.055089
0.205097
0.205097
0.203242
0.203242
0.073551
0.073551
0.064972
0.064972
0.122532
0.122532
0.136861
0.136861
0.064892
0.064892
0.190665
0.190665
0.041891
0.041891
0.029348
0.029348
0.248880
0.248880
0.046279
0.046279
0.112679
0.112679
0.108364
0.108364
0.073286
0.073286
0.081472
0.081472
0.219219
0.219219
0.152847
0.152847
0.138691
0.138691
0.049470
0.049470
0.109722
0.109722
0.053008
0.053008
0.110665
0.110665
0.164263
0.164263
0.110829
0.110829
0.383869
0.383869
0.134898
0.134898
0.156080
0.156080
0.048654
0.048654
0.061899
0.061899
0.051714
0.051714
0.175515
0.175515
0.160639
0.160639
0.079592
0.079592
0.118567
0.118567
0.197551
0.197551
0.169110
0.169110
0.148366
0.148366
0.105534
0.105534
0.230812
0.230812
0.078744
0.078744
0.173951
0.173951
0.091435
0.091435
0.169052
0.169052
0.265607
0.265607
0.254084
0.254084
0.062344
0.062344
0.244534
0.244534
0.408566
0.408566
0.129138
0.129138
0.263713
0.263713
0.218145
0.218145
0.161728
0.161728
0.104876
0.104876
0.148301
0.148301
0.217364
0.217364
0.293867
0.293867
0.322771
0.322771
0.058473
0.058473
0.172956
0.172956
0.067037
0.067037
0.184585
0.184585
0.381150
0.381150
0.142557
0.142557
0.136649
0.136649
0.343123
0.343123
0.059575
0.059575
0.156632
0.156632
0.307703
0.307703
0.182287
0.182287
0.140102
0.140102
0.078790
0.078790
0.068986
0.068986
0.135139
0.135139
0.161348
0.161348
0.171251
0.171251
0.120174
0.120174
0.291893
0.291893
0.125869
0.125869
0.062798
0.062798
0.057876
0.057876
0.196524
0.196524
0.115481
0.115481
0.227883
0.227883
0.061931
0.061931
0.254347
0.254347
0.108372
0.108372
0.201247
0.201247
0.214744
0.214744
0.441139
0.441139
0.062029
0.062029
0.214033
0.214033
0.166677
0.166677
0.203977
0.203977
0.203047
0.203047
0.331653
0.331653
0.111385
0.111385
0.230565
0.230565
0.319323
0.319323
0.172806
0.172806
0.061509
0.061509
0.165878
0.165878
0.184007
0.184007
0.078765
0.078765
0.061399
0.061399
0.094478
0.094478
0.077267
0.077267
0.124746
0.124746
0.073966
0.073966
0.095796
0.095796
0.039984
0.039984
0.075071
0.075071
0.183892
0.183892
0.154177
0.154177
0.069065
0.069065
0.452770
0.452770
0.146059
0.146059
0.072446
0.072446
0.050262
0.050262
0.051204
0.051204
0.101650
0.101650
0.078159
0.078159
0.100618
0.100618
0.148982
0.148982
0.296857
0.296857
0.034348
0.034348
0.211831
0.211831
0.076899
0.076899
0.038764
0.038764
0.071753
0.071753
0.192183
0.192183
0.057730
0.057730
0.092208
0.092208
0.256224
0.256224
0.091617
0.091617
0.104142
0.104142
0.179800
0.179800
0.101487
0.101487
0.106881
0.106881
0.293894
0.293894
0.110135
0.110135
0.238067
0.238067
0.144924
0.144924
0.394875
0.394875
0.109402
0.109402
0.174500
0.174500
0.231774
0.231774
0.048600
0.048600
0.129099
0.129099
0.061096
0.061096
0.090638
0.090638
0.092857
0.092857
0.077729
0.077729
0.125320
0.125320
0.058332
0.058332
0.119202
0.119202
0.058277
0.058277
0.193000
0.193000
0.326242
0.326242
0.151541
0.151541
0.127356
0.127356
0.187028
0.187028
0.406273
0.406273
0.222102
0.222102
0.086633
0.086633
0.066991
0.066991
0.076930
0.076930
0.135162
0.135162
0.270097
0.270097
0.589826
0.589826
0.086452
0.086452
0.234958
0.234958
0.223072
0.223072
0.104504
0.104504
0.110477
0.110477
0.100657
0.100657
0.187487
0.187487
0.070169
0.070169
0.127761
0.127761
0.085050
0.085050
0.035410
0.035410
0.095771
0.095771
0.059983
0.059983
0.162210
0.162210
0.071944
0.071944
0.145175
0.145175
0.346604
0.346604
0.131006
0.131006
0.201069
0.201069
0.255284
0.255284
0.245193
0.245193
0.095152
0.095152
0.031287
0.031287
0.166861
0.166861
0.091458
0.091458
0.110945
0.110945
0.107585
0.107585
0.095189
0.095189
0.263148
0.263148
0.207764
0.207764
0.127111
0.127111
0.055947
0.055947
0.096177
0.096177
0.236585
0.236585
0.434784
0.434784
0.260215
0.260215
0.090029
0.090029
0.171274
0.171274
0.099749
0.099749
0.089914
0.089914
0.133127
0.133127
0.118558
0.118558
0.195488
0.195488
0.217888
0.217888
0.162578
0.162578
0.074690
0.074690
0.059933
0.059933
0.161526
0.161526
0.097610
0.097610
0.103885
0.103885
0.241245
0.241245
0.255285
0.255285
0.073515
0.073515
0.133156
0.133156
0.054282
0.054282
0.059597
0.059597
0.133341
0.133341
0.060177
0.060177
0.192601
0.192601
0.175055
0.175055
0.226303
0.226303
0.124484
0.124484
0.167093
0.167093
0.224978
0.224978
0.184191
0.184191
0.135164
0.135164
0.139582
0.139582
0.308498
0.308498
0.187697
0.187697
0.328504
0.328504
0.143460
0.143460
0.127778
0.127778
0.130687
0.130687
0.073551
0.073551
0.157853
0.157853
0.042765
0.042765
0.175825
0.175825
0.176665
0.176665
0.074849
0.074849
0.297311
0.297311
0.127252
0.127252
0.449837
0.449837
0.099153
0.099153
0.152847
0.152847
0.214416
0.214416
0.172756
0.172756
0.065904
0.065904
0.109549
0.109549
0.094194
0.094194
0.037280
0.037280
0.084910
0.084910
0.094418
0.094418
0.194555
0.194555
0.131104
0.131104
0.204014
0.204014
0.120877
0.120877
0.076297
0.076297
0.053648
0.053648
0.048848
0.048848
0.365053
0.365053
0.100114
0.100114
0.141246
0.141246
0.110631
0.110631
0.065502
0.065502
0.199001
0.199001
0.164386
0.164386
0.142903
0.142903
0.173283
0.173283
0.307380
0.307380
0.153561
0.153561
0.188001
0.188001
0.279065
0.279065
0.061873
0.061873
0.108990
0.108990
0.150955
0.150955
0.337114
0.337114
0.074583
0.074583
0.069982
0.069982
0.171745
0.171745
0.091002
0.091002
0.125669
0.125669
0.076795
0.076795
0.078237
0.078237
0.049862
0.049862
0.132375
0.132375
0.213106
0.213106
0.192480
0.192480
0.094456
0.094456
0.158785
0.158785
0.130021
0.130021
0.048538
0.048538
0.210136
0.210136
0.244972
0.244972
0.095902
0.095902
0.042752
0.042752
0.071421
0.071421
0.094717
0.094717
0.114111
0.114111
0.045418
0.045418
0.142253
0.142253
0.211525
0.211525
0.080501
0.080501
0.242965
0.242965
0.141318
0.141318
0.528983
0.528983
0.070206
0.070206
0.192729
0.192729
0.077261
0.077261
0.222912
0.222912
0.157319
0.157319
0.111307
0.111307
0.229100
0.229100
0.185452
0.185452
0.099949
0.099949
0.199409
0.199409
0.094566
0.094566
0.049030
0.049030
0.346089
0.346089
0.046625
0.046625
0.078343
0.078343
0.194435
0.194435
0.275854
0.275854
0.087377
0.087377
0.056613
0.056613
0.143031
0.143031
0.110155
0.110155
0.296961
0.296961
0.085393
0.085393
0.104150
0.104150
0.141163
0.141163
0.075645
0.075645
0.055288
0.055288
0.394166
0.394166
0.271909
0.271909
0.049687
0.049687
0.253579
0.253579
0.311464
0.311464
0.272276
0.272276
0.067234
0.067234
0.173384
0.173384
0.101718
0.101718
0.125324
0.125324
0.110251
0.110251
0.052465
0.052465
0.247825
0.247825
0.218635
0.218635
0.053939
0.053939
0.230162
0.230162
0.096762
0.096762
0.149399
0.149399
0.238562
0.238562
0.141292
0.141292
0.053563
0.053563
0.038454
0.038454
0.059622
0.059622
0.060381
0.060381
0.067759
0.067759
0.179799
0.179799
0.234064
0.234064
0.132739
0.132739
0.114799
0.114799
0.050764
0.050764
0.076269
0.076269
0.517117
0.517117
0.132260
0.132260
0.224583
0.224583
0.149833
0.149833
0.149881
0.149881
0.076607
0.076607
0.099157
0.099157
0.120787
0.120787
0.288085
0.288085
0.092984
0.092984
0.124180
0.124180
0.062375
0.062375
0.133979
0.133979
0.225430
0.225430
0.046504
0.046504
0.095723
0.095723
0.195085
0.195085
0.105963
0.105963
0.168740
0.168740
0.072882
0.072882
0.079067
0.079067
0.037569
0.037569
0.353865
0.353865
0.137393
0.137393
0.326708
0.326708
0.202390
0.202390
0.075586
0.075586
0.189051
0.189051
0.191688
0.191688
0.201107
0.201107
0.066167
0.066167
0.089036
0.089036
0.193129
0.193129
0.101733
0.101733
0.205494
0.205494
0.335577
0.335577
0.099810
0.099810
0.104622
0.104622
0.118827
0.118827
0.203223
0.203223
0.068373
0.068373
0.223723
0.223723
0.300914
0.300914
0.091163
0.091163
0.141083
0.141083
0.083975
0.083975
0.045525
0.045525
0.270956
0.270956
0.064778
0.064778
0.073810
0.073810
0.083837
0.083837
0.300561
0.300561
0.126890
0.126890
0.246007
0.246007
0.210598
0.210598
0.085363
0.085363
0.052212
0.052212
0.146594
0.146594
0.654785
0.654785
0.038312
0.038312
0.030749
0.030749
0.035048
0.035048
0.339981
0.339981
0.249481
0.249481
0.088384
0.088384
0.236759
0.236759
0.141269
0.141269
0.056513
0.056513
0.108417
0.108417
0.134716
0.134716
0.260535
0.260535
0.087131
0.087131
0.088285
0.088285
0.108303
0.108303
0.064116
0.064116
0.085854
0.085854
0.182679
0.182679
0.151717
0.151717
0.417274
0.417274
0.269578
0.269578
0.116548
0.116548
0.091855
0.091855
0.177112
0.177112
0.196545
0.196545
0.225981
0.225981
0.144720
0.144720
0.213287
0.213287
0.075897
0.075897
0.189086
0.189086
0.129217
0.129217
0.110251
0.110251
0.107785
0.107785
0.136504
0.136504
0.107673
0.107673
0.126517
0.126517
0.196449
0.196449
0.114791
0.114791
0.149803
0.149803
0.068129
0.068129
0.121353
0.121353
0.085004
0.085004
0.121093
0.121093
0.310949
0.310949
0.035876
0.035876
0.104539
0.104539
0.124342
0.124342
0.127378
0.127378
0.191750
0.191750
0.312302
0.312302
0.125692
0.125692
0.115531
0.115531
0.035200
0.035200
0.233123
0.233123
0.123086
0.123086
0.167539
0.167539
0.245983
0.245983
0.170234
0.170234
0.134290
0.134290
0.156828
0.156828
0.152815
0.152815
0.068867
0.068867
0.053169
0.053169
0.104324
0.104324
0.124754
0.124754
0.106361
0.106361
0.084632
0.084632
0.516974
0.516974
0.067136
0.067136
0.118560
0.118560
0.055157
0.055157
0.108438
0.108438
0.098784
0.098784
0.086183
0.086183
0.272225
0.272225
0.074150
0.074150
0.197764
0.197764
0.159786
0.159786
0.198011
0.198011
0.042983
0.042983
0.054012
0.054012
0.103794
0.103794
0.055116
0.055116
0.203399
0.203399
0.177393
0.177393
0.169647
0.169647
0.289400
0.289400
0.199084
0.199084
0.246491
0.246491
0.139238
0.139238
0.097549
0.097549
0.138550
0.138550
0.073271
0.073271
0.174475
0.174475
0.091805
0.091805
0.093434
0.093434
0.180253
0.180253
0.082015
0.082015
0.291699
0.291699
0.077093
0.077093
0.391939
0.391939
0.091241
0.091241
0.177552
0.177552
0.059531
0.059531
0.169163
0.169163
0.109176
0.109176
0.086759
0.086759
0.230371
0.230371
0.080680
0.080680
0.069064
0.069064
0.119122
0.119122
0.093777
0.093777
0.313377
0.313377
0.274865
0.274865
0.265783
0.265783
0.181562
0.181562
0.142295
0.142295
0.300891
0.300891
0.371401
0.371401
0.054096
0.054096
0.166344
0.166344
0.115897
0.115897
0.063759
0.063759
0.227235
0.227235
0.063229
0.063229
0.060794
0.060794
0.070141
0.070141
0.175178
0.175178
0.205043
0.205043
0.398868
0.398868
0.075359
0.075359
0.063565
0.063565
0.120951
0.120951
0.097068
0.097068
0.052246
0.052246
0.160358
0.160358
0.083723
0.083723
0.208358
0.208358
0.196874
0.196874
0.181251
0.181251
0.178746
0.178746
0.174658
0.174658
0.177397
0.177397
0.119994
0.119994
0.085473
0.085473
0.107818
0.107818
0.216289
0.216289
0.308350
0.308350
0.103424
0.103424
0.171236
0.171236
0.201245
0.201245
0.067238
0.067238
0.054814
0.054814
0.113060
0.113060
0.156292
0.156292
0.154454
0.154454
0.199538
0.199538
0.125719
0.125719
0.246724
0.246724
0.212410
0.212410
0.064836
0.064836
0.073349
0.073349
0.121264
0.121264
0.119326
0.119326
0.149785
0.149785
0.207098
0.207098
0.049197
0.049197
0.257155
0.257155
0.083631
0.083631
0.041864
0.041864
0.122618
0.122618
0.194837
0.194837
0.164186
0.164186
0.042101
0.042101
0.149246
0.149246
0.064426
0.064426
0.068434
0.068434
0.148407
0.148407
0.132381
0.132381
0.141801
0.141801
0.075169
0.075169
0.046957
0.046957
0.205131
0.205131
0.050765
0.050765
0.069505
0.069505
0.100339
0.100339
0.054066
0.054066
0.047947
0.047947
0.084274
0.084274
0.079455
0.079455
0.095686
0.095686
0.051971
0.051971
0.213322
0.213322
0.081063
0.081063
0.168056
0.168056
0.186758
0.186758
0.315789
0.315789
0.160681
0.160681
0.215898
0.215898
0.136585
0.136585
0.098347
0.098347
0.077605
0.077605
0.309584
0.309584
0.053063
0.053063
0.344343
0.344343
0.125009
0.125009
0.059007
0.059007
0.119186
0.119186
0.080441
0.080441
0.092218
0.092218
0.137726
0.137726
0.051486
0.051486
0.067265
0.067265
0.105043
0.105043
0.262207
0.262207
0.135257
0.135257
0.210839
0.210839
0.178665
0.178665
0.253870
0.253870
0.231098
0.231098
0.056310
0.056310
0.284378
0.284378
0.140007
0.140007
0.132536
0.132536
0.468325
0.468325
0.095582
0.095582
0.187029
0.187029
0.046901
0.046901
0.174767
0.174767
0.241501
0.241501
0.162539
0.162539
0.160184
0.160184
0.114712
0.114712
0.354099
0.354099
0.298480
0.298480
0.116067
0.116067
0.181541
0.181541
0.070724
0.070724
0.223773
0.223773
0.284357
0.284357
0.160984
0.160984
0.102145
0.102145
0.122018
0.122018
0.092980
0.092980
0.126678
0.126678
0.193568
0.193568
0.229312
0.229312
0.168244
0.168244
0.060794
0.060794
0.289960
0.289960
0.109085
0.109085
0.135037
0.135037
0.145729
0.145729
0.091607
0.091607
0.049141
0.049141
0.138815
0.138815
0.245357
0.245357
0.250089
0.250089
0.172931
0.172931
0.053310
0.053310
0.131123
0.131123
0.053578
0.053578
0.224811
0.224811
0.054505
0.054505
0.192793
0.192793
0.205486
0.205486
0.195533
0.195533
0.116249
0.116249
0.197706
0.197706
0.170782
0.170782
0.092153
0.092153
0.158336
0.158336
0.206103
0.206103
0.095004
0.095004
0.298516
0.298516
0.111617
0.111617
0.166478
0.166478
0.067807
0.067807
0.145471
0.145471
0.225708
0.225708
0.252678
0.252678
0.039447
0.039447
0.316640
0.316640
0.221360
0.221360
0.128954
0.128954
0.107602
0.107602
0.288238
0.288238
0.063620
0.063620
0.156026
0.156026
0.031403
0.031403
0.306766
0.306766
0.142803
0.142803
0.102776
0.102776
0.077800
0.077800
0.311306
0.311306
0.110455
0.110455
0.051495
0.051495
0.233525
0.233525
0.167271
0.167271
0.071706
0.071706
0.092682
0.092682
0.177685
0.177685
0.113706
0.113706
0.123028
0.123028
0.173516
0.173516
0.084623
0.084623
0.062530
0.062530
0.101900
0.101900
0.028918
0.028918
0.168776
0.168776
0.220645
0.220645
0.091748
0.091748
0.032470
0.032470
0.090665
0.090665
0.264581
0.264581
0.579834
0.579834
0.042138
0.042138
0.053769
0.053769
0.119795
0.119795
0.165792
0.165792
0.168429
0.168429
0.048997
0.048997
0.071177
0.071177
0.172389
0.172389
0.058122
0.058122
0.231382
0.231382
0.069824
0.069824
0.086715
0.086715
0.243308
0.243308
0.199815
0.199815
0.027750
0.027750
0.076929
0.076929
0.177988
0.177988
0.136691
0.136691
0.137559
0.137559
0.066359
0.066359
0.221432
0.221432
0.153630
0.153630
0.140708
0.140708
0.135437
0.135437
0.146614
0.146614
0.334166
0.334166
0.116680
0.116680
0.187893
0.187893
0.070525
0.070525
0.095119
0.095119
0.155353
0.155353
0.089979
0.089979
0.175851
0.175851
0.109177
0.109177
0.170334
0.170334
0.106656
0.106656
0.141475
0.141475
0.091920
0.091920
0.099727
0.099727
0.058037
0.058037
0.110488
0.110488
0.134614
0.134614
0.264962
0.264962
0.305270
0.305270
0.064045
0.064045
0.308589
0.308589
0.214804
0.214804
0.386546
0.386546
0.129537
0.129537
0.206370
0.206370
0.147493
0.147493
0.262832
0.262832
0.058084
0.058084
0.076674
0.076674
0.120208
0.120208
0.167984
0.167984
0.491778
0.491778
0.151053
0.151053
0.174471
0.174471
0.317291
0.317291
0.062446
0.062446
0.085484
0.085484
0.404612
0.404612
0.367342
0.367342
0.257406
0.257406
0.082675
0.082675
0.213519
0.213519
0.188892
0.188892
0.065921
0.065921
0.112212
0.112212
0.149678
0.149678
0.128419
0.128419
0.202550
0.202550
0.351809
0.351809
0.050324
0.050324
0.067157
0.067157
0.128213
0.128213
0.179682
0.179682
0.061178
0.061178
0.046484
0.046484
0.104816
0.104816
0.052171
0.052171
0.045456
0.045456
0.278765
0.278765
0.108464
0.108464
0.222659
0.222659
0.355251
0.355251
0.155048
0.155048
0.056317
0.056317
0.095174
0.095174
0.037470
0.037470
0.033355
0.033355
0.174544
0.174544
0.112165
0.112165
0.269408
0.269408
0.135383
0.135383
0.058155
0.058155
0.221356
0.221356
0.282766
0.282766
0.184175
0.184175
0.232186
0.232186
0.048452
0.048452
0.044553
0.044553
0.117827
0.117827
0.092029
0.092029
0.097541
0.097541
0.113750
0.113750
0.251353
0.251353
0.136310
0.136310
0.235796
0.235796
0.065222
0.065222
0.139234
0.139234
0.108017
0.108017
0.145682
0.145682
0.139387
0.139387
0.122965
0.122965
0.108513
0.108513
0.120208
0.120208
0.101387
0.101387
0.111014
0.111014
0.154417
0.154417
0.084108
0.084108
0.110376
0.110376
0.281143
0.281143
0.211642
0.211642
0.216182
0.216182
0.197897
0.197897
0.037066
0.037066
0.184066
0.184066
0.199205
0.199205
0.248392
0.248392
0.115670
0.115670
0.087768
0.087768
0.386526
0.386526
0.069089
0.069089
0.056514
0.056514
0.202464
0.202464
0.461819
0.461819
0.140154
0.140154
0.056137
0.056137
0.215096
0.215096
0.150475
0.150475
0.045983
0.045983
0.418238
0.418238
0.172949
0.172949
0.175077
0.175077
0.123974
0.123974
0.261936
0.261936
0.061722
0.061722
0.232772
0.232772
0.081479
0.081479
0.162494
0.162494
0.258540
0.258540
0.353250
0.353250
0.220644
0.220644
0.083284
0.083284
0.196418
0.196418
0.257782
0.257782
0.165973
0.165973
0.069254
0.069254
0.171690
0.171690
0.134779
0.134779
0.167676
0.167676
0.147068
0.147068
0.241454
0.241454
0.068538
0.068538
0.072506
0.072506
0.105095
0.105095
0.057101
0.057101
0.348702
0.348702
0.153574
0.153574
0.075854
0.075854
0.176750
0.176750
0.135993
0.135993
0.120026
0.120026
0.062659
0.062659
0.272245
0.272245
0.059302
0.059302
0.162290
0.162290
0.097464
0.097464
0.178283
0.178283
0.133536
0.133536
0.077938
0.077938
0.132650
0.132650
0.116326
0.116326
0.170082
0.170082
0.101988
0.101988
0.254660
0.254660
0.114578
0.114578
0.175837
0.175837
0.184003
0.184003
0.223594
0.223594
0.133969
0.133969
0.100248
0.100248
0.163998
0.163998
0.091924
0.091924
0.222656
0.222656
0.082871
0.082871
0.086391
0.086391
0.101572
0.101572
0.056985
0.056985
0.162937
0.162937
0.188343
0.188343
0.083088
0.083088
0.085452
0.085452
0.055491
0.055491
0.097005
0.097005
0.195813
0.195813
0.066322
0.066322
0.092644
0.092644
0.283444
0.283444
0.309513
0.309513
0.391526
0.391526
0.237629
0.237629
0.085168
0.085168
0.088230
0.088230
0.248760
0.248760
0.225785
0.225785
0.312298
0.312298
0.049790
0.049790
0.052467
0.052467
0.164050
0.164050
0.109783
0.109783
0.177204
0.177204
0.058278
0.058278
0.049710
0.049710
0.118421
0.118421
0.222266
0.222266
0.147985
0.147985
0.120997
0.120997
0.327149
0.327149
0.092370
0.092370
0.122413
0.122413
0.100836
0.100836
0.217474
0.217474
0.183499
0.183499
0.099565
0.099565
0.128787
0.128787
0.199116
0.199116
0.102625
0.102625
0.073782
0.073782
0.069215
0.069215
0.180232
0.180232
0.050340
0.050340
0.110016
0.110016
0.172387
0.172387
0.213366
0.213366
0.116389
0.116389
0.043526
0.043526
0.085059
0.085059
0.096623
0.096623
0.124729
0.124729
0.415316
0.415316
0.151970
0.151970
0.044773
0.044773
0.037082
0.037082
0.397223
0.397223
0.177368
0.177368
0.122370
0.122370
0.233528
0.233528
0.166778
0.166778
0.066240
0.066240
0.114924
0.114924
0.051292
0.051292
0.117253
0.117253
0.094094
0.094094
0.055838
0.055838
0.274445
0.274445
0.141991
0.141991
0.110319
0.110319
0.077359
0.077359
0.102546
0.102546
0.123222
0.123222
0.057189
0.057189
0.067376
0.067376
0.081019
0.081019
0.060168
0.060168
0.259427
0.259427
0.048203
0.048203
0.100586
0.100586
0.140018
0.140018
0.149410
0.149410
0.091788
0.091788
0.146415
0.146415
0.092371
0.092371
0.069673
0.069673
0.180982
0.180982
0.118177
0.118177
0.294868
0.294868
0.109244
0.109244
0.060710
0.060710
0.109028
0.109028
0.184478
0.184478
0.163637
0.163637
0.146155
0.146155
0.231168
0.231168
0.083831
0.083831
0.145441
0.145441
0.073347
0.073347
0.131982
0.131982
0.252605
0.252605
0.103723
0.103723
0.395142
0.395142
0.142188
0.142188
0.295923
0.295923
0.067247
0.067247
0.099030
0.099030
0.186730
0.186730
0.087251
0.087251
0.066074
0.066074
0.267271
0.267271
0.169350
0.169350
0.224519
0.224519
0.086835
0.086835
0.163765
0.163765
0.092169
0.092169
0.056224
0.056224
0.042832
0.042832
0.135731
0.135731
0.089660
0.089660
0.281361
0.281361
0.067671
0.067671
0.104253
0.104253
0.382629
0.382629
0.417455
0.417455
0.043473
0.043473
0.118307
0.118307
0.092976
0.092976
0.141581
0.141581
0.139891
0.139891
0.097463
0.097463
0.093786
0.093786
0.037927
0.037927
0.258379
0.258379
0.221698
0.221698
0.084253
0.084253
0.053912
0.053912
0.195003
0.195003
0.126076
0.126076
0.156732
0.156732
0.133034
0.133034
0.124013
0.124013
0.069455
0.069455
0.136577
0.136577
0.138988
0.138988
0.361697
0.361697
0.228183
0.228183
0.220121
0.220121
0.159715
0.159715
0.095834
0.095834
0.062597
0.062597
0.060568
0.060568
0.271442
0.271442
0.219092
0.219092
0.111109
0.111109
0.170553
0.170553
0.152304
0.152304
0.165603
0.165603
0.104500
0.104500
0.050659
0.050659
0.103753
0.103753
0.157077
0.157077
0.106861
0.106861
0.062605
0.062605
0.180064
0.180064
0.169323
0.169323
0.156839
0.156839
0.179854
0.179854
0.065793
0.065793
0.162139
0.162139
0.096762
0.096762
0.083058
0.083058
0.236612
0.236612
0.126800
0.126800
0.146288
0.146288
0.042148
0.042148
0.070425
0.070425
0.087939
0.087939
0.077736
0.077736
0.254280
0.254280
0.064290
0.064290
0.186584
0.186584
0.382347
0.382347
0.083703
0.083703
0.159126
0.159126
0.233641
0.233641
0.060607
0.060607
0.036676
0.036676
0.144517
0.144517
0.026421
0.026421
0.167152
0.167152
0.127941
0.127941
0.068048
0.068048
0.314933
0.314933
0.351544
0.351544
0.106701
0.106701
0.237000
0.237000
0.394201
0.394201
0.092567
0.092567
0.129075
0.129075
0.166567
0.166567
0.126504
0.126504
0.165887
0.165887
0.068451
0.068451
0.212087
0.212087
0.166233
0.166233
0.187655
0.187655
0.161603
0.161603
0.215018
0.215018
0.171939
0.171939
0.063563
0.063563
0.062834
0.062834
0.078655
0.078655
0.080231
0.080231
0.196734
0.196734
0.073878
0.073878
0.079223
0.079223
0.351503
0.351503
0.472084
0.472084
0.169034
0.169034
0.161499
0.161499
0.038343
0.038343
0.139036
0.139036
0.051506
0.051506
0.069246
0.069246
0.087838
0.087838
0.130715
0.130715
0.360198
0.360198
0.244628
0.244628
0.066585
0.066585
0.152542
0.152542
0.117700
0.117700
0.084945
0.084945
0.085111
0.085111
0.049851
0.049851
0.114531
0.114531
0.142095
0.142095
0.257063
0.257063
0.130277
0.130277
0.235241
0.235241
0.168724
0.168724
0.100185
0.100185
0.129826
0.129826
0.166581
0.166581
0.264302
0.264302
0.050429
0.050429
0.055430
0.055430
0.066657
0.066657
0.137855
0.137855
0.099112
0.099112
0.259502
0.259502
0.082340
0.082340
0.055245
0.055245
0.101167
0.101167
0.080913
0.080913
0.273104
0.273104
0.119213
0.119213
0.135848
0.135848
0.178628
0.178628
0.170197
0.170197
0.142620
0.142620
0.097895
0.097895
0.076918
0.076918
0.129544
0.129544
0.134124
0.134124
0.168772
0.168772
0.086345
0.086345
0.351097
0.351097
0.278904
0.278904
0.344520
0.344520
0.175267
0.175267
0.056559
0.056559
0.046495
0.046495
0.198736
0.198736
0.193201
0.193201
0.660829
0.660829
0.223315
0.223315
0.107767
0.107767
0.100169
0.100169
0.146710
0.146710
0.048059
0.048059
0.231885
0.231885
0.207678
0.207678
0.185814
0.185814
0.129325
0.129325
0.141122
0.141122
0.153134
0.153134
0.071874
0.071874
0.105083
0.105083
0.297122
0.297122
0.073660
0.073660
0.194972
0.194972
0.345064
0.345064
0.146046
0.146046
0.110932
0.110932
0.331524
0.331524
0.083406
0.083406
0.082244
0.082244
0.160551
0.160551
0.125871
0.125871
0.190257
0.190257
0.085130
0.085130
0.398607
0.398607
0.157069
0.157069
0.058765
0.058765
0.072504
0.072504
0.102363
0.102363
0.079142
0.079142
0.054174
0.054174
0.216624
0.216624
0.203479
0.203479
0.114640
0.114640
0.149754
0.149754
0.081314
0.081314
0.315659
0.315659
0.038064
0.038064
0.211870
0.211870
0.140110
0.140110
0.209445
0.209445
0.114321
0.114321
0.126982
0.126982
0.496401
0.496401
0.117182
0.117182
0.092221
0.092221
0.215916
0.215916
0.037760
0.037760
0.121422
0.121422
0.169819
0.169819
0.125388
0.125388
0.113161
0.113161
0.177576
0.177576
0.044424
0.044424
0.151529
0.151529
0.078194
0.078194
0.056297
0.056297
0.115374
0.115374
0.158016
0.158016
0.330878
0.330878
0.156372
0.156372
0.069087
0.069087
0.043272
0.043272
0.371035
0.371035
0.203290
0.203290
0.454423
0.454423
0.072236
0.072236
0.097643
0.097643
0.157125
0.157125
0.194071
0.194071
0.068417
0.068417
0.041192
0.041192
0.097333
0.097333
0.082761
0.082761
0.156729
0.156729
0.073375
0.073375
0.100612
0.100612
0.175744
0.175744
0.100311
0.100311
0.215971
0.215971
0.088212
0.088212
0.045222
0.045222
0.073959
0.073959
0.159686
0.159686
0.132260
0.132260
0.073891
0.073891
0.214163
0.214163
0.273025
0.273025
0.055449
0.055449
0.065249
0.065249
0.091594
0.091594
0.039576
0.039576
0.194617
0.194617
0.086154
0.086154
0.156880
0.156880
0.103477
0.103477
0.201671
0.201671
0.244188
0.244188
0.049698
0.049698
0.112390
0.112390
0.151395
0.151395
0.041242
0.041242
0.063549
0.063549
0.058032
0.058032
0.157043
0.157043
0.075238
0.075238
0.112277
0.112277
0.127293
0.127293
0.075990
0.075990
0.090913
0.090913
0.103378
0.103378
0.158339
0.158339
0.097517
0.097517
0.050948
0.050948
0.082832
0.082832
0.148202
0.148202
0.289050
0.289050
0.156655
0.156655
0.067496
0.067496
0.096694
0.096694
0.190054
0.190054
0.197669
0.197669
0.125119
0.125119
0.131739
0.131739
0.283549
0.283549
0.172547
0.172547
0.150192
0.150192
0.123332
0.123332
0.188740
0.188740
0.102667
0.102667
0.181425
0.181425
0.093111
0.093111
0.034762
0.034762
0.082226
0.082226
0.173190
0.173190
0.077254
0.077254
0.039091
0.039091
0.100571
0.100571
0.118643
0.118643
0.160438
0.160438
0.221172
0.221172
0.159956
0.159956
0.093998
0.093998
0.192663
0.192663
0.209199
0.209199
0.112922
0.112922
0.228911
0.228911
0.165896
0.165896
0.056724
0.056724
0.339389
0.339389
0.265267
0.265267
0.374702
0.374702
0.099857
0.099857
0.199941
0.199941
0.072920
0.072920
0.112671
0.112671
0.209308
0.209308
0.021107
0.021107
0.087253
0.087253
0.367108
0.367108
0.232957
0.232957
0.248848
0.248848
0.063343
0.063343
0.076763
0.076763
0.145246
0.145246
0.051508
0.051508
0.147083
0.147083
0.122900
0.122900
0.286004
0.286004
0.184695
0.184695
0.073460
0.073460
0.172172
0.172172
0.273433
0.273433
0.122053
0.122053
0.089764
0.089764
0.080576
0.080576
0.257218
0.257218
0.061020
0.061020
0.075617
0.075617
0.056649
0.056649
0.217630
0.217630
0.082133
0.082133
0.103657
0.103657
0.352091
0.352091
0.149577
0.149577
0.111960
0.111960
0.215317
0.215317
0.057536
0.057536
0.100601
0.100601
0.080981
0.080981
0.135016
0.135016
0.325511
0.325511
0.108152
0.108152
0.061600
0.061600
0.160365
0.160365
0.226723
0.226723
0.046089
0.046089
0.134956
0.134956
0.054553
0.054553
0.059096
0.059096
0.110347
0.110347
0.200588
0.200588
0.054837
0.054837
0.232078
0.232078
0.337794
0.337794
0.204656
0.204656
0.098237
0.098237
0.032752
0.032752
0.184272
0.184272
0.151836
0.151836
0.089848
0.089848
0.113154
0.113154
0.189814
0.189814
0.165949
0.165949
0.174057
0.174057
0.258699
0.258699
0.130283
0.130283
0.168787
0.168787
0.073610
0.073610
0.110929
0.110929
0.271340
0.271340
0.277042
0.277042
0.058355
0.058355
0.063045
0.063045
0.036549
0.036549
0.164272
0.164272
0.186588
0.186588
0.099174
0.099174
0.353616
0.353616
0.128064
0.128064
0.094271
0.094271
0.040388
0.040388
0.138632
0.138632
0.129373
0.129373
0.078241
0.078241
0.113863
0.113863
0.196874
0.196874
0.079314
0.079314
0.083715
0.083715
0.370548
0.370548
0.153181
0.153181
0.089243
0.089243
0.430796
0.430796
0.219277
0.219277
0.099643
0.099643
0.291269
0.291269
0.138996
0.138996
0.095183
0.095183
0.250411
0.250411
0.060899
0.060899
0.213489
0.213489
0.160123
0.160123
0.288367
0.288367
0.184675
0.184675
0.183207
0.183207
0.262950
0.262950
0.196548
0.196548
0.219565
0.219565
0.071661
0.071661
0.290970
0.290970
0.145888
0.145888
0.142939
0.142939
0.082833
0.082833
0.174132
0.174132
0.053445
0.053445
0.192777
0.192777
0.050789
0.050789
0.096104
0.096104
0.275959
0.275959
0.088254
0.088254
0.088350
0.088350
0.093779
0.093779
0.083607
0.083607
0.214011
0.214011
0.211058
0.211058
0.197912
0.197912
0.104822
0.104822
0.095100
0.095100
0.034466
0.034466
0.162356
0.162356
0.103074
0.103074
0.096485
0.096485
0.174541
0.174541
0.289811
0.289811
0.116462
0.116462
0.084378
0.084378
0.124297
0.124297
0.126961
0.126961
0.118590
0.118590
0.072009
0.072009
0.101818
0.101818
0.112965
0.112965
0.105532
0.105532
0.124421
0.124421
0.218973
0.218973
0.552161
0.552161
0.045123
0.045123
0.084086
0.084086
0.079745
0.079745
0.185898
0.185898
0.025005
0.025005
0.110287
0.110287
0.083846
0.083846
0.148977
0.148977
0.158826
0.158826
0.111514
0.111514
0.097968
0.097968
0.069239
0.069239
0.050651
0.050651
0.070662
0.070662
0.138193
0.138193
0.213648
0.213648
0.109610
0.109610
0.286568
0.286568
0.124891
0.124891
0.079745
0.079745
0.198183
0.198183
0.338668
0.338668
0.058751
0.058751
0.128855
0.128855
0.117316
0.117316
0.198045
0.198045
0.163263
0.163263
0.062082
0.062082
0.095427
0.095427
0.088688
0.088688
0.202604
0.202604
0.124149
0.124149
0.093660
0.093660
0.056714
0.056714
0.056480
0.056480
0.176368
0.176368
0.255862
0.255862
0.100627
0.100627
0.103969
0.103969
0.181688
0.181688
0.213868
0.213868
0.092746
0.092746
0.072718
0.072718
0.195557
0.195557
0.103142
0.103142
0.452204
0.452204
0.093831
0.093831
0.153168
0.153168
0.037881
0.037881
0.064665
0.064665
0.044651
0.044651
0.069317
0.069317
0.134868
0.134868
0.073098
0.073098
0.072313
0.072313
0.156364
0.156364
0.166256
0.166256
0.050282
0.050282
0.356335
0.356335
0.129345
0.129345
0.151537
0.151537
0.160880
0.160880
0.095376
0.095376
0.172027
0.172027
0.069550
0.069550
0.327747
0.327747
0.208800
0.208800
0.039722
0.039722
0.231438
0.231438
0.216264
0.216264
0.151486
0.151486
0.192943
0.192943
0.115096
0.115096
0.270719
0.270719
0.113186
0.113186
0.064636
0.064636
0.039560
0.039560
0.211994
0.211994
0.056680
0.056680
0.115055
0.115055
0.080708
0.080708
0.154362
0.154362
0.069674
0.069674
0.367593
0.367593
0.174096
0.174096
0.050550
0.050550
0.161899
0.161899
0.441574
0.441574
0.203533
0.203533
0.124838
0.124838
0.097389
0.097389
0.347869
0.347869
0.194228
0.194228
0.104911
0.104911
0.056335
0.056335
0.334984
0.334984
0.119088
0.119088
0.103786
0.103786
0.304185
0.304185
0.228935
0.228935
0.123240
0.123240
0.145125
0.145125
0.173485
0.173485
0.056883
0.056883
0.247556
0.247556
0.069785
0.069785
0.273332
0.273332
0.438704
0.438704
0.078995
0.078995
0.082860
0.082860
0.206437
0.206437
0.177961
0.177961
0.183862
0.183862
0.168577
0.168577
0.064472
0.064472
0.120458
0.120458
0.130987
0.130987
0.113019
0.113019
0.060447
0.060447
0.062158
0.062158
0.146391
0.146391
0.312804
0.312804
0.036502
0.036502
0.055518
0.055518
0.087216
0.087216
0.043588
0.043588
0.182103
0.182103
0.095385
0.095385
0.115057
0.115057
0.085924
0.085924
0.080964
0.080964
0.114856
0.114856
0.050390
0.050390
0.244369
0.244369
0.100424
0.100424
0.090145
0.090145
0.062962
0.062962
0.101851
0.101851
0.166532
0.166532
0.342579
0.342579
0.422905
0.422905
0.288244
0.288244
0.086942
0.086942
0.187467
0.187467
0.362782
0.362782
0.073922
0.073922
0.240203
0.240203
0.236563
0.236563
0.272491
0.272491
0.102529
0.102529
0.120784
0.120784
0.125459
0.125459
0.059301
0.059301
0.317079
0.317079
0.195949
0.195949
0.246572
0.246572
0.160193
0.160193
0.153313
0.153313
0.171588
0.171588
0.105967
0.105967
0.054930
0.054930
0.043340
0.043340
0.136681
0.136681
0.068864
0.068864
0.079557
0.079557
0.124338
0.124338
0.051938
0.051938
0.172722
0.172722
0.240287
0.240287
0.079000
0.079000
0.113707
0.113707
0.091751
0.091751
0.095472
0.095472
0.139754
0.139754
0.051946
0.051946
0.041722
0.041722
0.158781
0.158781
0.183167
0.183167
0.182659
0.182659
0.090280
0.090280
0.176316
0.176316
0.234768
0.234768
0.225953
0.225953
0.095407
0.095407
0.252416
0.252416
0.112071
0.112071
0.340314
0.340314
0.139628
0.139628
0.282329
0.282329
0.136635
0.136635
0.310425
0.310425
0.170778
0.170778
0.105679
0.105679
0.166795
0.166795
0.044629
0.044629
0.121847
0.121847
0.087304
0.087304
0.314581
0.314581
0.045185
0.045185
0.251074
0.251074
0.119715
0.119715
0.062604
0.062604
0.087667
0.087667
0.067810
0.067810
0.204412
0.204412
0.077070
0.077070
0.108083
0.108083
0.175656
0.175656
0.193947
0.193947
0.120553
0.120553
0.069372
0.069372
0.080816
0.080816
0.116887
0.116887
0.097609
0.097609
0.283498
0.283498
0.036348
0.036348
0.046927
0.046927
0.129509
0.129509
0.034033
0.034033
0.163209
0.163209
0.148099
0.148099
0.063033
0.063033
0.134865
0.134865
0.262479
0.262479
0.058095
0.058095
0.127197
0.127197
0.274151
0.274151
0.197596
0.197596
0.093773
0.093773
0.134213
0.134213
0.261500
0.261500
0.043135
0.043135
0.196972
0.196972
0.406422
0.406422
0.175755
0.175755
0.071227
0.071227
0.100136
0.100136
0.039693
0.039693
0.243757
0.243757
0.171311
0.171311
0.066050
0.066050
0.115390
0.115390
0.125540
0.125540
0.138820
0.138820
0.155926
0.155926
0.100608
0.100608
0.033797
0.033797
0.089011
0.089011
0.416229
0.416229
0.203899
0.203899
0.204815
0.204815
0.088536
0.088536
0.140395
0.140395
0.105021
0.105021
0.048317
0.048317
0.168759
0.168759
0.097859
0.097859
0.244888
0.244888
0.079745
0.079745
0.211565
0.211565
0.165432
0.165432
0.067556
0.067556
0.301395
0.301395
0.053558
0.053558
0.083471
0.083471
0.047105
0.047105
0.177940
0.177940
0.252282
0.252282
0.213342
0.213342
0.234111
0.234111
0.076588
0.076588
0.095033
0.095033
0.212483
0.212483
0.071264
0.071264
0.233422
0.233422
0.383898
0.383898
0.197529
0.197529
0.193640
0.193640
0.282242
0.282242
0.119965
0.119965
0.038392
0.038392
0.086201
0.086201
0.111446
0.111446
0.136675
0.136675
0.072317
0.072317
0.147709
0.147709
0.103748
0.103748
0.067522
0.067522
0.111813
0.111813
0.224835
0.224835
0.239293
0.239293
0.059456
0.059456
0.140576
0.140576
0.590952
0.590952
0.061892
0.061892
0.086613
0.086613
0.085886
0.085886
0.472557
0.472557
0.098375
0.098375
0.210047
0.210047
0.039739
0.039739
0.227692
0.227692
0.136099
0.136099
0.103785
0.103785
0.141105
0.141105
0.043369
0.043369
0.062167
0.062167
0.109451
0.109451
0.192396
0.192396
0.187105
0.187105
0.179708
0.179708
0.073099
0.073099
0.094039
0.094039
0.201370
0.201370
0.156540
0.156540
0.228646
0.228646
0.071305
0.071305
0.140493
0.140493
0.116338
0.116338
0.088401
0.088401
0.244696
0.244696
0.192117
0.192117
0.286530
0.286530
0.313054
0.313054
0.270695
0.270695
0.058963
0.058963
0.098821
0.098821
0.221228
0.221228
0.068730
0.068730
0.398840
0.398840
0.151449
0.151449
0.186639
0.186639
0.121554
0.121554
0.072022
0.072022
0.336549
0.336549
0.168738
0.168738
0.188029
0.188029
0.124022
0.124022
0.096053
0.096053
0.139950
0.139950
0.201267
0.201267
0.166538
0.166538
0.169795
0.169795
0.124850
0.124850
0.126933
0.126933
0.103455
0.103455
0.075323
0.075323
0.069541
0.069541
0.175987
0.175987
0.082751
0.082751
0.064060
0.064060
0.110884
0.110884
0.110765
0.110765
0.051655
0.051655
0.163344
0.163344
0.105142
0.105142
0.123563
0.123563
0.123297
0.123297
0.097008
0.097008
0.152327
0.152327
0.067200
0.067200
0.116607
0.116607
0.074148
0.074148
0.118131
0.118131
0.276152
0.276152
0.095951
0.095951
0.052883
0.052883
0.407322
0.407322
0.117802
0.117802
0.210496
0.210496
0.133929
0.133929
0.217814
0.217814
0.048807
0.048807
0.131678
0.131678
0.061104
0.061104
0.085271
0.085271
0.065123
0.065123
0.153215
0.153215
0.097977
0.097977
0.077644
0.077644
0.092516
0.092516
0.096189
0.096189
0.125542
0.125542
0.158281
0.158281
0.500090
0.500090
0.071716
0.071716
0.050394
0.050394
0.188929
0.188929
0.066635
0.066635
0.046365
0.046365
0.214807
0.214807
0.121722
0.121722
0.137692
0.137692
0.184231
0.184231
0.190319
0.190319
0.065280
0.065280
0.148779
0.148779
0.145633
0.145633
0.060028
0.060028
0.099317
0.099317
0.095948
0.095948
0.121902
0.121902
0.101317
0.101317
0.097225
0.097225
0.190010
0.190010
0.057933
0.057933
0.052652
0.052652
0.176304
0.176304
0.191771
0.191771
0.207611
0.207611
0.136704
0.136704
0.077169
0.077169
0.171752
0.171752
0.243787
0.243787
0.155757
0.155757
0.280932
0.280932
0.091805
0.091805
0.164283
0.164283
0.216849
0.216849
0.148436
0.148436
0.050428
0.050428
0.360405
0.360405
0.248615
0.248615
0.097580
0.097580
0.102678
0.102678
0.141128
0.141128
0.050718
0.050718
0.262015
0.262015
0.202035
0.202035
0.066001
0.066001
0.104755
0.104755
0.114400
0.114400
0.091841
0.091841
0.217767
0.217767
0.152822
0.152822
0.166884
0.166884
0.065035
0.065035
0.074540
0.074540
0.079942
0.079942
0.035841
0.035841
0.077739
0.077739
0.221507
0.221507
0.164960
0.164960
0.140854
0.140854
0.195584
0.195584
0.409929
0.409929
0.200840
0.200840
0.156093
0.156093
0.074744
0.074744
0.140721
0.140721
0.122093
0.122093
0.123155
0.123155
0.068767
0.068767
0.212540
0.212540
0.062115
0.062115
0.177784
0.177784
0.125359
0.125359
0.079483
0.079483
0.055929
0.055929
0.365081
0.365081
0.167253
0.167253
0.437267
0.437267
0.077149
0.077149
0.108890
0.108890
0.099523
0.099523
0.143760
0.143760
0.208943
0.208943
0.038036
0.038036
0.098822
0.098822
0.077160
0.077160
0.064286
0.064286
0.225348
0.225348
0.186378
0.186378
0.189881
0.189881
0.039650
0.039650
0.088753
0.088753
0.095562
0.095562
0.101264
0.101264
0.104493
0.104493
0.039551
0.039551
0.183033
0.183033
0.500928
0.500928
0.185405
0.185405
0.075214
0.075214
0.296688
0.296688
0.087382
0.087382
0.059115
0.059115
0.235438
0.235438
0.096262
0.096262
0.107403
0.107403
0.148253
0.148253
0.212466
0.212466
0.092487
0.092487
0.049114
0.049114
0.095133
0.095133
0.078089
0.078089
0.060393
0.060393
0.072036
0.072036
0.058564
0.058564
0.163926
0.163926
0.104271
0.104271
0.272702
0.272702
0.252836
0.252836
0.122898
0.122898
0.059677
0.059677
0.140998
0.140998
0.230719
0.230719
0.101400
0.101400
0.104470
0.104470
0.097062
0.097062
0.109915
0.109915
0.061013
0.061013
0.145129
0.145129
0.151865
0.151865
0.078084
0.078084
0.054850
0.054850
0.197490
0.197490
0.326924
0.326924
0.131226
0.131226
0.087997
0.087997
0.098005
0.098005
0.217442
0.217442
0.157725
0.157725
0.173043
0.173043
0.107884
0.107884
0.130196
0.130196
0.338999
0.338999
0.102137
0.102137
0.048579
0.048579
0.080957
0.080957
0.137563
0.137563
0.074194
0.074194
0.204856
0.204856
0.370329
0.370329
0.104072
0.104072
0.188166
0.188166
0.129104
0.129104
0.148320
0.148320
0.114644
0.114644
0.099111
0.099111
0.142672
0.142672
0.038393
0.038393
0.053265
0.053265
0.130052
0.130052
0.143082
0.143082
0.221691
0.221691
0.119383
0.119383
0.195393
0.195393
0.124012
0.124012
0.345263
0.345263
0.217477
0.217477
0.048291
0.048291
0.205511
0.205511
0.117281
0.117281
0.219465
0.219465
0.150431
0.150431
0.128947
0.128947
0.057294
0.057294
0.156376
0.156376
0.089376
0.089376
0.154104
0.154104
0.181838
0.181838
0.029979
0.029979
0.118762
0.118762
0.086000
0.086000
0.153483
0.153483
0.293866
0.293866
0.058464
0.058464
0.080039
0.080039
0.257453
0.257453
0.347714
0.347714
0.183086
0.183086
0.152859
0.152859
0.182957
0.182957
0.094529
0.094529
0.088000
0.088000
0.337859
0.337859
0.064206
0.064206
0.031396
0.031396
0.152981
0.152981
0.170835
0.170835
0.354142
0.354142
0.239052
0.239052
0.202088
0.202088
0.066121
0.066121
0.114931
0.114931
0.174269
0.174269
0.192033
0.192033
0.046116
0.046116
0.159696
0.159696
0.165217
0.165217
0.068594
0.068594
0.104851
0.104851
0.290908
0.290908
0.129704
0.129704
0.074076
0.074076
0.312763
0.312763
0.056893
0.056893
0.136610
0.136610
0.124719
0.124719
0.099306
0.099306
0.369931
0.369931
0.200660
0.200660
0.111779
0.111779
0.122047
0.122047
0.134204
0.134204
0.087663
0.087663
0.040531
0.040531
0.138035
0.138035
0.086156
0.086156
0.173235
0.173235
0.119167
0.119167
0.068443
0.068443
0.216225
0.216225
0.076743
0.076743
0.171722
0.171722
0.097847
0.097847
0.055455
0.055455
0.411065
0.411065
0.037461
0.037461
0.123525
0.123525
0.132940
0.132940
0.090712
0.090712
0.318955
0.318955
0.063749
0.063749
0.024387
0.024387
0.158647
0.158647
0.082121
0.082121
0.065741
0.065741
0.405176
0.405176
0.055707
0.055707
0.043295
0.043295
0.111754
0.111754
0.371066
0.371066
0.076360
0.076360
0.071245
0.071245
0.096947
0.096947
0.226293
0.226293
0.255226
0.255226
0.089626
0.089626
0.370259
0.370259
0.097123
0.097123
0.160797
0.160797
0.205244
0.205244
0.175875
0.175875
0.072888
0.072888
0.319225
0.319225
0.174937
0.174937
0.116782
0.116782
0.075481
0.075481
0.226844
0.226844
0.095323
0.095323
0.068725
0.068725
0.170245
0.170245
0.064660
0.064660
0.352703
0.352703
0.131603
0.131603
0.167596
0.167596
0.195193
0.195193
0.131906
0.131906
0.065759
0.065759
0.062908
0.062908
0.221156
0.221156
0.282119
0.282119
0.148657
0.148657
0.061336
0.061336
0.121732
0.121732
0.201389
0.201389
0.243614
0.243614
0.025706
0.025706
0.090566
0.090566
0.231997
0.231997
0.139818
0.139818
0.157526
0.157526
0.038597
0.038597
0.084216
0.084216
0.337707
0.337707
0.082131
0.082131
0.311628
0.311628
0.053753
0.053753
0.102086
0.102086
0.068795
0.068795
0.180314
0.180314
0.115365
0.115365
0.155866
0.155866
0.140699
0.140699
0.234609
0.234609
0.073979
0.073979
0.189355
0.189355
0.200829
0.200829
0.040763
0.040763
0.165539
0.165539
0.111136
0.111136
0.113170
0.113170
0.035119
0.035119
0.110801
0.110801
0.109102
0.109102
0.188104
0.188104
0.072654
0.072654
0.042360
0.042360
0.317184
0.317184
0.137184
0.137184
0.097947
0.097947
0.065302
0.065302
0.082283
0.082283
0.096007
0.096007
0.071409
0.071409
0.103955
0.103955
0.305680
0.305680
0.079289
0.079289
0.089914
0.089914
0.074425
0.074425
0.167005
0.167005
0.091061
0.091061
0.153700
0.153700
0.110541
0.110541
0.212567
0.212567
0.207316
0.207316
0.113038
0.113038
0.091742
0.091742
0.142151
0.142151
0.099260
0.099260
0.080757
0.080757
0.082576
0.082576
0.131751
0.131751
0.178825
0.178825
0.137192
0.137192
0.084214
0.084214
0.350836
0.350836
0.081454
0.081454
0.422308
0.422308
0.077949
0.077949
0.129759
0.129759
0.162816
0.162816
0.051416
0.051416
0.083326
0.083326
0.107779
0.107779
0.077766
0.077766
0.069215
0.069215
0.072367
0.072367
0.191348
0.191348
0.230565
0.230565
0.138136
0.138136
0.100650
0.100650
0.238103
0.238103
0.198297
0.198297
0.152167
0.152167
0.147491
0.147491
0.066477
0.066477
0.092334
0.092334
0.184738
0.184738
0.095106
0.095106
0.321974
0.321974
0.146072
0.146072
0.082658
0.082658
0.251434
0.251434
0.219607
0.219607
0.237533
0.237533
0.080859
0.080859
0.058422
0.058422
0.118192
0.118192
0.276013
0.276013
0.138462
0.138462
0.134156
0.134156
0.276127
0.276127
0.160879
0.160879
0.287816
0.287816
0.147692
0.147692
0.041249
0.041249
0.073600
0.073600
0.156341
0.156341
0.194696
0.194696
0.249152
0.249152
0.073579
0.073579
0.147445
0.147445
0.510451
0.510451
0.122096
0.122096
0.076319
0.076319
0.106055
0.106055
0.061660
0.061660
0.443827
0.443827
0.118004
0.118004
0.206925
0.206925
0.196595
0.196595
0.168513
0.168513
0.033768
0.033768
0.146989
0.146989
0.047656
0.047656
0.059078
0.059078
0.187564
0.187564
0.130425
0.130425
0.139554
0.139554
0.163149
0.163149
0.083286
0.083286
0.063354
0.063354
0.055222
0.055222
0.131031
0.131031
0.165442
0.165442
0.156673
0.156673
0.128477
0.128477
0.313551
0.313551
0.092976
0.092976
0.126035
0.126035
0.343857
0.343857
0.140580
0.140580
0.042840
0.042840
0.134390
0.134390
0.194538
0.194538
0.108862
0.108862
0.069269
0.069269
0.169929
0.169929
0.102033
0.102033
0.266074
0.266074
0.058659
0.058659
0.225315
0.225315
0.216645
0.216645
0.198103
0.198103
0.270525
0.270525
0.129254
0.129254
0.164916
0.164916
0.034768
0.034768
0.170549
0.170549
0.106075
0.106075
0.205003
0.205003
0.065939
0.065939
0.093134
0.093134
0.091622
0.091622
0.167379
0.167379
0.153962
0.153962
0.122029
0.122029
0.055119
0.055119
0.095796
0.095796
0.087717
0.087717
0.099874
0.099874
0.141564
0.141564
0.104213
0.104213
0.084236
0.084236
0.095291
0.095291
0.030450
0.030450
0.092461
0.092461
0.115855
0.115855
0.178722
0.178722
0.135462
0.135462
0.165160
0.165160
0.059221
0.059221
0.099554
0.099554
0.227574
0.227574
0.089109
0.089109
0.292417
0.292417
0.109888
0.109888
0.126894
0.126894
0.062935
0.062935
0.318316
0.318316
0.103789
0.103789
0.163835
0.163835
0.246271
0.246271
0.170473
0.170473
0.043501
0.043501
0.146383
0.146383
0.169774
0.169774
0.101429
0.101429
0.151944
0.151944
0.062891
0.062891
0.143097
0.143097
0.125137
0.125137
0.226509
0.226509
0.162015
0.162015
0.268735
0.268735
0.208996
0.208996
0.126777
0.126777
0.340967
0.340967
0.063532
0.063532
0.036265
0.036265
0.023495
0.023495
0.063866
0.063866
0.250440
0.250440
0.324818
0.324818
0.065102
0.065102
0.085758
0.085758
0.035902
0.035902
0.092088
0.092088
0.158884
0.158884
0.217934
0.217934
0.197888
0.197888
0.262988
0.262988
0.124979
0.124979
0.286394
0.286394
0.164957
0.164957
0.145589
0.145589
0.134218
0.134218
0.149117
0.149117
0.132569
0.132569
0.027085
0.027085
0.082297
0.082297
0.055292
0.055292
0.137413
0.137413
0.165111
0.165111
0.097839
0.097839
0.027120
0.027120
0.248640
0.248640
0.066807
0.066807
0.176721
0.176721
0.106589
0.106589
0.195112
0.195112
0.133521
0.133521
0.061635
0.061635
0.224280
0.224280
0.243932
0.243932
0.060869
0.060869
0.265906
0.265906
0.131927
0.131927
0.158811
0.158811
0.198559
0.198559
0.087055
0.087055
0.069252
0.069252
0.073838
0.073838
0.042756
0.042756
0.081540
0.081540
0.313479
0.313479
0.154147
0.154147
0.096529
0.096529
0.202599
0.202599
0.065002
0.065002
0.602007
0.602007
0.171785
0.171785
0.142620
0.142620
0.086005
0.086005
0.077656
0.077656
0.105799
0.105799
0.043859
0.043859
0.165501
0.165501
0.052306
0.052306
0.206571
0.206571
0.067051
0.067051
0.065429
0.065429
0.121220
0.121220
0.117801
0.117801
0.087133
0.087133
0.034115
0.034115
0.113561
0.113561
0.241569
0.241569
0.154906
0.154906
0.150052
0.150052
0.103777
0.103777
0.201833
0.201833
0.222267
0.222267
0.048185
0.048185
0.194358
0.194358
0.088153
0.088153
0.123885
0.123885
0.150931
0.150931
0.039605
0.039605
0.256709
0.256709
0.363606
0.363606
0.062400
0.062400
0.077929
0.077929
0.072244
0.072244
0.129060
0.129060
0.070932
0.070932
0.274202
0.274202
0.236106
0.236106
0.172489
0.172489
0.186136
0.186136
0.043155
0.043155
0.081229
0.081229
0.150132
0.150132
0.210230
0.210230
0.225907
0.225907
0.204953
0.204953
0.116075
0.116075
0.168396
0.168396
0.048347
0.048347
0.248485
0.248485
0.027023
0.027023
0.102534
0.102534
0.291666
0.291666
0.063922
0.063922
0.181481
0.181481
0.281105
0.281105
0.308020
0.308020
0.215256
0.215256
0.108837
0.108837
0.391827
0.391827
0.105758
0.105758
0.044177
0.044177
0.050748
0.050748
0.180223
0.180223
0.116991
0.116991
0.147862
0.147862
0.087956
0.087956
0.091289
0.091289
0.191508
0.191508
0.025244
0.025244
0.181240
0.181240
0.103809
0.103809
0.311483
0.311483
0.120278
0.120278
0.056342
0.056342
0.124349
0.124349
0.122700
0.122700
0.153376
0.153376
0.116245
0.116245
0.123662
0.123662
0.208619
0.208619
0.053432
0.053432
0.274899
0.274899
0.060747
0.060747
0.059579
0.059579
0.251894
0.251894
0.289937
0.289937
0.231287
0.231287
0.315805
0.315805
0.138503
0.138503
0.122926
0.122926
0.199957
0.199957
0.264064
0.264064
0.069193
0.069193
0.289992
0.289992
0.091676
0.091676
0.293371
0.293371
0.275310
0.275310
0.070558
0.070558
0.067332
0.067332
0.264692
0.264692
0.083098
0.083098
0.072066
0.072066
0.084778
0.084778
0.159654
0.159654
0.162085
0.162085
0.171579
0.171579
0.137263
0.137263
0.209386
0.209386
0.295921
0.295921
0.166763
0.166763
0.297001
0.297001
0.218871
0.218871
0.092783
0.092783
0.148452
0.148452
0.150988
0.150988
0.102893
0.102893
0.054667
0.054667
0.295776
0.295776
0.111716
0.111716
0.080859
0.080859
0.060713
0.060713
0.092618
0.092618
0.082311
0.082311
0.027704
0.027704
0.089280
0.089280
0.082387
0.082387
0.063508
0.063508
0.105693
0.105693
0.148281
0.148281
0.143375
0.143375
0.122159
0.122159
0.151309
0.151309
0.175549
0.175549
0.122156
0.122156
0.268519
0.268519
0.221531
0.221531
0.081753
0.081753
0.134319
0.134319
0.130542
0.130542
0.108865
0.108865
0.043164
0.043164
0.093363
0.093363
0.083159
0.083159
0.181441
0.181441
0.108185
0.108185
0.098302
0.098302
0.117964
0.117964
0.116469
0.116469
0.197572
0.197572
0.036150
0.036150
0.057443
0.057443
0.206423
0.206423
0.212133
0.212133
0.232637
0.232637
0.156190
0.156190
0.113410
0.113410
0.120329
0.120329
0.093904
0.093904
0.085709
0.085709
0.214034
0.214034
0.561883
0.561883
0.213359
0.213359
0.168867
0.168867
0.069184
0.069184
0.169452
0.169452
0.081276
0.081276
0.072619
0.072619
0.209954
0.209954
0.282189
0.282189
0.107411
0.107411
0.222516
0.222516
0.066456
0.066456
0.059789
0.059789
0.117177
0.117177
0.142074
0.142074
0.155597
0.155597
0.279479
0.279479
0.071838
0.071838
0.180115
0.180115
0.101981
0.101981
0.232230
0.232230
0.118750
0.118750
0.072946
0.072946
0.055162
0.055162
0.185953
0.185953
0.173064
0.173064
0.069091
0.069091
0.080126
0.080126
0.087064
0.087064
0.185510
0.185510
0.162936
0.162936
0.124573
0.124573
0.068287
0.068287
0.212257
0.212257
0.137330
0.137330
0.187268
0.187268
0.110814
0.110814
0.148875
0.148875
0.228749
0.228749
0.272991
0.272991
0.049103
0.049103
0.175749
0.175749
0.064102
0.064102
0.151417
0.151417
0.092241
0.092241
0.160980
0.160980
0.099968
0.099968
0.186822
0.186822
0.054170
0.054170
0.093299
0.093299
0.184067
0.184067
0.146410
0.146410
0.155704
0.155704
0.131975
0.131975
0.284581
0.284581
0.082098
0.082098
0.070478
0.070478
0.072086
0.072086
0.111779
0.111779
0.166823
0.166823
0.155381
0.155381
0.070953
0.070953
0.133888
0.133888
0.053831
0.053831
0.030796
0.030796
0.097467
0.097467
0.242751
0.242751
0.311782
0.311782
0.103539
0.103539
0.151780
0.151780
0.162395
0.162395
0.064874
0.064874
0.166912
0.166912
0.115555
0.115555
0.154289
0.154289
0.191329
0.191329
0.061949
0.061949
0.066661
0.066661
0.094136
0.094136
0.087081
0.087081
0.246458
0.246458
0.130258
0.130258
0.114629
0.114629
0.105907
0.105907
0.094414
0.094414
0.214908
0.214908
0.149960
0.149960
0.228938
0.228938
0.121762
0.121762
0.249665
0.249665
0.127732
0.127732
0.064185
0.064185
0.066812
0.066812
0.078774
0.078774
0.088732
0.088732
0.423902
0.423902
0.089073
0.089073
0.137611
0.137611
0.084847
0.084847
0.028202
0.028202
0.093371
0.093371
0.137334
0.137334
0.146943
0.146943
0.043280
0.043280
0.185501
0.185501
0.086985
0.086985
0.112830
0.112830
0.188799
0.188799
0.083044
0.083044
0.080472
0.080472
0.233256
0.233256
0.036596
0.036596
0.049504
0.049504
0.050498
0.050498
0.125340
0.125340
0.162029
0.162029
0.248368
0.248368
0.348228
0.348228
0.525704
0.525704
0.058227
0.058227
0.134088
0.134088
0.150730
0.150730
0.087528
0.087528
0.134459
0.134459
0.316553
0.316553
0.227497
0.227497
0.056641
0.056641
0.281730
0.281730
0.103279
0.103279
0.201151
0.201151
0.205378
0.205378
0.036752
0.036752
0.113060
0.113060
0.131014
0.131014
0.087491
0.087491
0.089504
0.089504
0.166646
0.166646
0.260423
0.260423
0.095313
0.095313
0.105160
0.105160
0.202505
0.202505
0.172698
0.172698
0.187542
0.187542
0.119405
0.119405
0.182302
0.182302
0.076879
0.076879
0.083714
0.083714
0.246558
0.246558
0.279916
0.279916
0.146838
0.146838
0.121616
0.121616
0.235287
0.235287
0.141930
0.141930
0.076762
0.076762
0.198734
0.198734
0.136973
0.136973
0.103146
0.103146
0.155601
0.155601
0.057598
0.057598
0.181578
0.181578
0.103000
0.103000
0.094463
0.094463
0.053386
0.053386
0.132366
0.132366
0.301262
0.301262
0.058552
0.058552
0.217806
0.217806
0.197367
0.197367
0.127116
0.127116
0.149125
0.149125
0.132670
0.132670
0.086067
0.086067
0.100886
0.100886
0.223502
0.223502
0.080983
0.080983
0.134284
0.134284
0.154361
0.154361
0.119961
0.119961
0.213254
0.213254
0.062589
0.062589
0.063330
0.063330
0.301357
0.301357
0.181896
0.181896
0.204714
0.204714
0.121792
0.121792
0.139866
0.139866
0.305711
0.305711
0.134490
0.134490
0.065757
0.065757
0.095543
0.095543
0.057719
0.057719
0.076512
0.076512
0.087552
0.087552
0.328497
0.328497
0.101925
0.101925
0.208694
0.208694
0.116530
0.116530
0.158261
0.158261
0.115291
0.115291
0.200174
0.200174
0.059641
0.059641
0.263130
0.263130
0.133038
0.133038
0.148016
0.148016
0.057152
0.057152
0.053583
0.053583
0.057576
0.057576
0.180145
0.180145
0.307380
0.307380
0.152911
0.152911
0.354784
0.354784
0.042582
0.042582
0.087384
0.087384
0.087897
0.087897
0.107397
0.107397
0.083459
0.083459
0.154201
0.154201
0.191457
0.191457
0.101171
0.101171
0.120605
0.120605
0.203492
0.203492
0.082236
0.082236
0.151609
0.151609
0.134284
0.134284
0.131553
0.131553
0.278960
0.278960
0.280423
0.280423
0.137626
0.137626
0.155012
0.155012
0.210525
0.210525
0.154224
0.154224
0.251248
0.251248
0.233567
0.233567
0.223294
0.223294
0.205774
0.205774
0.130513
0.130513
0.446987
0.446987
0.120231
0.120231
0.185444
0.185444
0.120191
0.120191
0.058512
0.058512
0.207242
0.207242
0.051900
0.051900
0.311736
0.311736
0.108211
0.108211
0.057818
0.057818
0.265271
0.265271
0.173279
0.173279
0.293802
0.293802
0.176573
0.176573
0.249086
0.249086
0.184738
0.184738
0.093612
0.093612
0.116669
0.116669
0.047870
0.047870
0.077627
0.077627
0.064992
0.064992
0.219203
0.219203
0.186699
0.186699
0.058281
0.058281
0.120615
0.120615
0.144184
0.144184
0.062451
0.062451
0.164421
0.164421
0.082592
0.082592
0.051353
0.051353
0.194398
0.194398
0.031990
0.031990
0.102134
0.102134
0.143131
0.143131
0.069323
0.069323
0.180880
0.180880
0.041557
0.041557
0.374166
0.374166
0.060713
0.060713
0.264235
0.264235
0.242997
0.242997
0.119777
0.119777
0.208904
0.208904
0.076706
0.076706
0.067964
0.067964
0.063503
0.063503
0.092349
0.092349
0.082895
0.082895
0.373222
0.373222
0.089073
0.089073
0.080674
0.080674
0.150371
0.150371
0.105032
0.105032
0.187575
0.187575
0.089723
0.089723
0.276555
0.276555
0.101450
0.101450
0.079677
0.079677
0.217262
0.217262
0.029884
0.029884
0.097353
0.097353
0.042190
0.042190
0.066370
0.066370
0.057319
0.057319
0.121276
0.121276
0.104341
0.104341
0.110720
0.110720
0.291652
0.291652
0.177971
0.177971
0.076520
0.076520
0.133219
0.133219
0.212873
0.212873
0.178212
0.178212
0.186050
0.186050
0.089084
0.089084
0.172611
0.172611
0.067768
0.067768
0.176678
0.176678
0.226547
0.226547
0.047560
0.047560
0.065438
0.065438
0.104151
0.104151
0.155159
0.155159
0.104464
0.104464
0.104856
0.104856
0.128401
0.128401
0.263947
0.263947
0.145214
0.145214
0.085269
0.085269
0.026027
0.026027
0.094559
0.094559
0.067304
0.067304
0.088469
0.088469
0.097439
0.097439
0.213198
0.213198
0.095438
0.095438
0.186980
0.186980
0.091231
0.091231
0.117166
0.117166
0.112098
0.112098
0.302428
0.302428
0.066485
0.066485
0.092859
0.092859
0.045983
0.045983
0.239749
0.239749
0.269926
0.269926
0.047950
0.047950
0.199756
0.199756
0.091777
0.091777
0.118614
0.118614
0.069558
0.069558
0.119006
0.119006
0.408927
0.408927
0.128997
0.128997
0.248297
0.248297
0.148019
0.148019
0.078725
0.078725
0.189601
0.189601
0.259973
0.259973
0.051547
0.051547
0.070185
0.070185
0.283356
0.283356
0.053089
0.053089
0.097790
0.097790
0.222387
0.222387
0.076573
0.076573
0.101208
0.101208
0.083977
0.083977
0.313190
0.313190
0.096772
0.096772
0.125774
0.125774
0.091537
0.091537
0.091629
0.091629
0.058492
0.058492
0.167702
0.167702
0.223131
0.223131
0.029681
0.029681
0.105143
0.105143
0.196701
0.196701
0.139130
0.139130
0.219872
0.219872
0.080600
0.080600
0.070429
0.070429
0.060493
0.060493
0.138844
0.138844
0.097916
0.097916
0.063379
0.063379
0.150303
0.150303
0.137284
0.137284
0.160421
0.160421
0.100802
0.100802
0.283368
0.283368
0.166014
0.166014
0.277132
0.277132
0.046803
0.046803
0.185714
0.185714
0.113785
0.113785
0.095798
0.095798
0.168948
0.168948
0.291904
0.291904
0.055786
0.055786
0.194697
0.194697
0.112577
0.112577
0.248095
0.248095
0.102372
0.102372
0.072272
0.072272
0.051577
0.051577
0.225073
0.225073
0.070317
0.070317
0.149984
0.149984
0.058914
0.058914
0.174767
0.174767
0.111409
0.111409
0.192622
0.192622
0.176702
0.176702
0.093549
0.093549
0.059544
0.059544
0.133876
0.133876
0.114584
0.114584
0.091408
0.091408
0.174298
0.174298
0.067419
0.067419
0.113239
0.113239
0.211413
0.211413
0.257623
0.257623
0.194028
0.194028
0.142916
0.142916
0.065589
0.065589
0.057303
0.057303
0.211305
0.211305
0.093247
0.093247
0.173691
0.173691
0.078375
0.078375
0.052791
0.052791
0.121484
0.121484
0.035845
0.035845
0.132936
0.132936
0.105876
0.105876
0.158499
0.158499
0.078288
0.078288
0.117063
0.117063
0.087212
0.087212
0.034238
0.034238
0.070321
0.070321
0.108056
0.108056
0.118613
0.118613
0.036905
0.036905
0.182718
0.182718
0.060071
0.060071
0.238447
0.238447
0.323990
0.323990
0.199512
0.199512
0.238456
0.238456
0.167737
0.167737
0.061611
0.061611
0.084500
0.084500
0.174495
0.174495
0.087296
0.087296
0.372144
0.372144
0.045891
0.045891
0.034734
0.034734
0.085479
0.085479
0.166722
0.166722
0.085461
0.085461
0.159738
0.159738
0.306807
0.306807
0.116304
0.116304
0.062552
0.062552
0.213352
0.213352
0.065153
0.065153
0.286945
0.286945
0.178175
0.178175
0.106185
0.106185
0.214211
0.214211
0.128346
0.128346
0.173316
0.173316
0.129108
0.129108
0.256298
0.256298
0.182402
0.182402
0.207628
0.207628
0.117494
0.117494
0.162234
0.162234
0.099146
0.099146
0.090755
0.090755
0.174606
0.174606
0.205244
0.205244
0.217293
0.217293
0.414184
0.414184
0.100507
0.100507
0.066987
0.066987
0.064044
0.064044
0.154335
0.154335
0.038516
0.038516
0.179745
0.179745
0.089904
0.089904
0.142353
0.142353
0.080697
0.080697
0.210678
0.210678
0.249070
0.249070
0.051558
0.051558
0.209688
0.209688
0.498651
0.498651
0.203230
0.203230
0.078201
0.078201
0.216321
0.216321
0.205754
0.205754
0.197338
0.197338
0.097069
0.097069
0.276708
0.276708
0.085963
0.085963
0.158356
0.158356
0.094327
0.094327
0.118038
0.118038
0.148139
0.148139
0.293387
0.293387
0.058303
0.058303
0.203609
0.203609
0.091160
0.091160
0.170925
0.170925
0.180887
0.180887
0.038742
0.038742
0.244274
0.244274
0.108403
0.108403
0.089090
0.089090
0.132148
0.132148
0.150966
0.150966
0.124325
0.124325
0.141755
0.141755
0.129049
0.129049
0.042339
0.042339
0.089980
0.089980
0.045227
0.045227
0.382655
0.382655
0.073398
0.073398
0.162138
0.162138
0.091473
0.091473
0.244149
0.244149
0.065165
0.065165
0.070264
0.070264
0.038924
0.038924
0.083794
0.083794
0.041346
0.041346
0.078669
0.078669
0.048469
0.048469
0.105024
0.105024
0.131736
0.131736
0.097216
0.097216
0.113600
0.113600
0.092694
0.092694
0.088945
0.088945
0.069084
0.069084
0.247743
0.247743
0.273743
0.273743
0.116949
0.116949
0.390515
0.390515
0.365891
0.365891
0.093988
0.093988
0.104237
0.104237
0.129087
0.129087
0.309484
0.309484
0.140740
0.140740
0.149952
0.149952
0.113438
0.113438
0.179345
0.179345
0.184167
0.184167
0.288510
0.288510
0.062814
0.062814
0.152163
0.152163
0.114152
0.114152
0.065980
0.065980
0.141414
0.141414
0.025516
0.025516
0.055969
0.055969
0.078793
0.078793
0.218430
0.218430
0.161078
0.161078
0.082173
0.082173
0.077091
0.077091
0.026989
0.026989
0.402326
0.402326
0.062549
0.062549
0.103224
0.103224
0.284019
0.284019
0.070493
0.070493
0.144318
0.144318
0.228969
0.228969
0.139403
0.139403
0.097336
0.097336
0.602922
0.602922
0.150572
0.150572
0.188200
0.188200
0.241983
0.241983
0.163278
0.163278
0.144463
0.144463
0.142116
0.142116
0.164529
0.164529
0.287846
0.287846
0.157734
0.157734
0.042413
0.042413
0.059591
0.059591
0.124987
0.124987
0.278925
0.278925
0.076855
0.076855
0.115589
0.115589
0.051615
0.051615
0.134399
0.134399
0.078805
0.078805
0.056975
0.056975
0.251119
0.251119
0.089154
0.089154
0.157969
0.157969
0.181070
0.181070
0.073679
0.073679
0.425557
0.425557
0.105552
0.105552
0.178435
0.178435
0.288855
0.288855
0.231376
0.231376
0.262610
0.262610
0.133615
0.133615
0.263267
0.263267
0.102770
0.102770
0.048400
0.048400
0.048736
0.048736
0.112302
0.112302
0.175993
0.175993
0.088625
0.088625
0.078310
0.078310
0.134755
0.134755
0.126871
0.126871
0.202566
0.202566
0.055262
0.055262
0.036273
0.036273
0.223242
0.223242
0.260351
0.260351
0.185518
0.185518
0.050401
0.050401
0.150491
0.150491
0.265526
0.265526
0.072913
0.072913
0.192628
0.192628
0.107812
0.107812
0.137333
0.137333
0.034596
0.034596
0.252199
0.252199
0.240902
0.240902
0.133692
0.133692
0.064925
0.064925
0.213713
0.213713
0.245527
0.245527
0.059668
0.059668
0.168190
0.168190
0.109237
0.109237
0.062390
0.062390
0.122590
0.122590
0.460553
0.460553
0.044382
0.044382
0.103299
0.103299
0.143171
0.143171
0.142319
0.142319
0.087656
0.087656
0.136859
0.136859
0.168842
0.168842
0.073100
0.073100
0.058095
0.058095
0.236055
0.236055
0.057243
0.057243
0.055421
0.055421
0.088578
0.088578
0.161500
0.161500
0.055307
0.055307
0.125380
0.125380
0.067704
0.067704
0.171979
0.171979
0.082157
0.082157
0.057273
0.057273
0.161511
0.161511
0.068097
0.068097
0.144202
0.144202
0.158647
0.158647
0.123804
0.123804
0.111537
0.111537
0.162133
0.162133
0.188683
0.188683
0.135322
0.135322
0.133449
0.133449
0.144618
0.144618
0.517361
0.517361
0.057483
0.057483
0.041602
0.041602
0.192722
0.192722
0.142156
0.142156
0.119032
0.119032
0.204790
0.204790
0.077561
0.077561
0.070633
0.070633
0.136070
0.136070
0.099141
0.099141
0.058312
0.058312
0.055944
0.055944
0.463645
0.463645
0.085336
0.085336
0.040623
0.040623
0.173527
0.173527
0.127265
0.127265
0.163972
0.163972
0.218952
0.218952
0.079558
0.079558
0.092566
0.092566
0.136147
0.136147
0.072960
0.072960
0.049053
0.049053
0.267642
0.267642
0.043562
0.043562
0.196464
0.196464
0.148682
0.148682
0.240354
0.240354
0.131309
0.131309
0.145821
0.145821
0.096187
0.096187
0.067750
0.067750
0.048333
0.048333
0.169729
0.169729
0.076537
0.076537
0.132839
0.132839
0.178390
0.178390
0.143358
0.143358
0.332256
0.332256
0.087663
0.087663
0.142256
0.142256
0.190128
0.190128
0.115140
0.115140
0.131066
0.131066
0.165582
0.165582
0.094655
0.094655
0.065284
0.065284
0.131042
0.131042
0.124836
0.124836
0.068762
0.068762
0.078385
0.078385
0.064981
0.064981
0.107554
0.107554
0.141720
0.141720
0.119779
0.119779
0.089594
0.089594
0.102846
0.102846
0.079808
0.079808
0.140294
0.140294
0.112999
0.112999
0.203903
0.203903
0.121916
0.121916
0.147935
0.147935
0.061967
0.061967
0.215400
0.215400
0.185625
0.185625
0.068167
0.068167
0.302429
0.302429
0.041898
0.041898
0.237783
0.237783
0.068880
0.068880
0.210881
0.210881
0.075192
0.075192
0.142697
0.142697
0.270853
0.270853
0.345484
0.345484
0.047374
0.047374
0.091162
0.091162
0.143715
0.143715
0.151859
0.151859
0.085712
0.085712
0.099529
0.099529
0.347683
0.347683
0.098136
0.098136
0.136778
0.136778
0.227158
0.227158
0.103414
0.103414
0.098365
0.098365
0.195787
0.195787
0.228486
0.228486
0.035772
0.035772
0.082276
0.082276
0.196814
0.196814
0.071601
0.071601
0.379476
0.379476
0.096375
0.096375
0.110162
0.110162
0.087508
0.087508
0.325892
0.325892
0.040435
0.040435
0.092278
0.092278
0.120385
0.120385
0.053379
0.053379
0.136161
0.136161
0.138354
0.138354
0.418159
0.418159
0.126344
0.126344
0.125428
0.125428
0.190329
0.190329
0.187305
0.187305
0.124540
0.124540
0.169742
0.169742
0.221400
0.221400
0.134933
0.134933
0.177280
0.177280
0.026763
0.026763
0.137421
0.137421
0.063542
0.063542
0.274243
0.274243
0.148769
0.148769
0.026564
0.026564
0.219088
0.219088
0.140946
0.140946
0.065674
0.065674
0.142885
0.142885
0.127639
0.127639
0.101175
0.101175
0.113259
0.113259
0.081825
0.081825
0.252201
0.252201
0.282834
0.282834
0.110379
0.110379
0.063154
0.063154
0.234073
0.234073
0.182887
0.182887
0.173724
0.173724
0.153350
0.153350
0.089568
0.089568
0.131575
0.131575
0.139529
0.139529
0.042637
0.042637
0.088210
0.088210
0.114892
0.114892
0.078451
0.078451
0.101093
0.101093
0.349918
0.349918
0.089930
0.089930
0.134972
0.134972
0.390881
0.390881
0.226430
0.226430
0.212925
0.212925
0.274312
0.274312
0.181659
0.181659
0.418892
0.418892
0.043256
0.043256
0.104767
0.104767
0.099977
0.099977
0.090240
0.090240
0.099806
0.099806
0.150510
0.150510
0.248003
0.248003
0.028624
0.028624
0.175962
0.175962
0.114961
0.114961
0.099947
0.099947
0.068168
0.068168
0.105760
0.105760
0.188487
0.188487
0.117693
0.117693
0.367272
0.367272
0.060200
0.060200
0.099621
0.099621
0.042484
0.042484
0.138071
0.138071
0.103856
0.103856
0.160442
0.160442
0.083838
0.083838
0.190280
0.190280
0.237446
0.237446
0.132096
0.132096
0.096588
0.096588
0.129341
0.129341
0.107841
0.107841
0.238402
0.238402
0.043361
0.043361
0.181243
0.181243
0.037623
0.037623
0.191014
0.191014
0.398887
0.398887
0.164585
0.164585
0.200700
0.200700
0.093134
0.093134
0.057857
0.057857
0.063890
0.063890
0.206095
0.206095
0.086471
0.086471
0.078978
0.078978
0.097019
0.097019
0.204939
0.204939
0.246735
0.246735
0.145271
0.145271
0.085262
0.085262
0.036502
0.036502
0.133346
0.133346
0.117859
0.117859
0.131352
0.131352
0.144754
0.144754
0.095772
0.095772
0.087991
0.087991
0.084390
0.084390
0.147685
0.147685
0.088521
0.088521
0.112423
0.112423
0.103336
0.103336
0.124328
0.124328
0.141087
0.141087
0.075285
0.075285
0.154862
0.154862
0.211738
0.211738
0.087413
0.087413
0.087382
0.087382
0.141727
0.141727
0.197765
0.197765
0.070144
0.070144
0.054322
0.054322
0.056987
0.056987
0.057745
0.057745
0.070619
0.070619
0.096200
0.096200
0.132289
0.132289
0.132625
0.132625
0.160536
0.160536
0.186935
0.186935
0.043219
0.043219
0.085710
0.085710
0.097639
0.097639
0.099941
0.099941
0.094393
0.094393
0.213162
0.213162
0.208655
0.208655
0.151337
0.151337
0.188230
0.188230
0.176263
0.176263
0.275150
0.275150
0.051463
0.051463
0.058060
0.058060
0.206943
0.206943
0.304054
0.304054
0.069513
0.069513
0.090671
0.090671
0.069430
0.069430
0.341338
0.341338
0.253038
0.253038
0.226536
0.226536
0.150441
0.150441
0.117890
0.117890
0.183474
0.183474
0.201203
0.201203
0.454742
0.454742
0.056273
0.056273
0.125426
0.125426
0.106143
0.106143
0.097103
0.097103
0.057557
0.057557
0.145873
0.145873
0.150543
0.150543
0.172873
0.172873
0.082707
0.082707
0.160303
0.160303
0.220075
0.220075
0.104454
0.104454
0.215605
0.215605
0.256304
0.256304
0.219509
0.219509
0.148955
0.148955
0.179599
0.179599
0.081440
0.081440
0.079976
0.079976
0.122742
0.122742
0.135094
0.135094
0.077878
0.077878
0.099866
0.099866
0.056506
0.056506
0.324623
0.324623
0.204841
0.204841
0.177299
0.177299
0.147312
0.147312
0.095667
0.095667
0.255363
0.255363
0.178237
0.178237
0.254218
0.254218
0.073080
0.073080
0.139370
0.139370
0.270523
0.270523
0.253462
0.253462
0.114321
0.114321
0.095622
0.095622
0.107075
0.107075
0.083740
0.083740
0.083256
0.083256
0.119937
0.119937
0.113543
0.113543
0.119198
0.119198
0.172634
0.172634
0.541735
0.541735
0.093579
0.093579
0.069761
0.069761
0.076433
0.076433
0.252890
0.252890
0.106961
0.106961
0.192724
0.192724
0.090305
0.090305
0.089414
0.089414
0.183472
0.183472
0.073538
0.073538
0.088210
0.088210
0.140564
0.140564
0.097802
0.097802
0.123229
0.123229
0.074618
0.074618
0.147782
0.147782
0.104717
0.104717
0.076309
0.076309
0.048972
0.048972
0.094920
0.094920
0.105649
0.105649
0.163938
0.163938
0.176517
0.176517
0.102543
0.102543
0.073308
0.073308
0.115334
0.115334
0.210127
0.210127
0.265496
0.265496
0.054025
0.054025
0.038341
0.038341
0.146567
0.146567
0.214372
0.214372
0.143641
0.143641
0.066160
0.066160
0.189087
0.189087
0.134465
0.134465
0.079306
0.079306
0.142776
0.142776
0.176308
0.176308
0.212434
0.212434
0.079169
0.079169
0.222968
0.222968
0.125896
0.125896
0.120436
0.120436
0.037991
0.037991
0.029764
0.029764
0.081548
0.081548
0.147498
0.147498
0.289057
0.289057
0.228430
0.228430
0.100729
0.100729
0.057648
0.057648
0.041711
0.041711
0.077836
0.077836
0.289315
0.289315
0.047483
0.047483
0.067910
0.067910
0.242577
0.242577
0.101343
0.101343
0.070622
0.070622
0.090441
0.090441
0.204714
0.204714
0.122497
0.122497
0.173087
0.173087
0.308422
0.308422
0.131231
0.131231
0.111206
0.111206
0.074039
0.074039
0.180438
0.180438
0.101165
0.101165
0.155136
0.155136
0.265005
0.265005
0.128232
0.128232
0.071196
0.071196
0.145183
0.145183
0.138449
0.138449
0.527884
0.527884
0.110516
0.110516
0.131835
0.131835
0.153020
0.153020
0.119954
0.119954
0.049723
0.049723
0.097605
0.097605
0.242800
0.242800
0.117927
0.117927
0.362245
0.362245
0.323742
0.323742
0.077636
0.077636
0.300764
0.300764
0.096943
0.096943
0.087239
0.087239
0.117602
0.117602
0.286071
0.286071
0.100071
0.100071
0.055593
0.055593
0.135756
0.135756
0.143922
0.143922
0.098256
0.098256
0.217618
0.217618
0.065691
0.065691
0.100324
0.100324
0.156126
0.156126
0.137548
0.137548
0.165077
0.165077
0.051539
0.051539
0.140720
0.140720
0.248873
0.248873
0.398300
0.398300
0.048748
0.048748
0.072595
0.072595
0.037974
0.037974
0.058223
0.058223
0.117509
0.117509
0.060846
0.060846
0.282028
0.282028
0.110904
0.110904
0.170464
0.170464
0.241875
0.241875
0.211846
0.211846
0.152347
0.152347
0.128104
0.128104
0.109905
0.109905
0.247244
0.247244
0.206272
0.206272
0.115395
0.115395
0.076475
0.076475
0.049755
0.049755
0.096053
0.096053
0.068393
0.068393
0.188110
0.188110
0.098447
0.098447
0.141040
0.141040
0.174746
0.174746
0.062620
0.062620
0.181311
0.181311
0.076188
0.076188
0.128091
0.128091
0.098495
0.098495
0.255317
0.255317
0.275073
0.275073
0.088851
0.088851
0.060826
0.060826
0.117674
0.117674
0.128821
0.128821
0.075248
0.075248
0.062092
0.062092
0.167901
0.167901
0.100457
0.100457
0.055064
0.055064
0.221861
0.221861
0.232816
0.232816
0.173743
0.173743
0.041777
0.041777
0.247050
0.247050
0.328936
0.328936
0.089631
0.089631
0.132246
0.132246
0.089449
0.089449
0.054434
0.054434
0.057962
0.057962
0.069123
0.069123
0.506058
0.506058
0.148768
0.148768
0.022685
0.022685
0.052120
0.052120
0.079901
0.079901
0.144055
0.144055
0.057059
0.057059
0.204202
0.204202
0.203987
0.203987
0.291123
0.291123
0.159863
0.159863
0.151490
0.151490
0.214127
0.214127
0.063638
0.063638
0.071993
0.071993
0.115928
0.115928
0.143464
0.143464
0.115183
0.115183
0.094661
0.094661
0.327014
0.327014
0.092309
0.092309
0.150689
0.150689
0.069036
0.069036
0.184374
0.184374
0.159634
0.159634
0.079669
0.079669
0.131235
0.131235
0.223243
0.223243
0.134583
0.134583
0.102069
0.102069
0.101029
0.101029
0.095458
0.095458
0.076497
0.076497
0.061592
0.061592
0.142006
0.142006
0.041201
0.041201
0.125375
0.125375
0.071657
0.071657
0.239180
0.239180
0.106953
0.106953
0.052980
0.052980
0.133820
0.133820
0.057631
0.057631
0.074026
0.074026
0.193097
0.193097
0.110650
0.110650
0.050800
0.050800
0.044542
0.044542
0.318377
0.318377
0.109329
0.109329
0.106098
0.106098
0.150504
0.150504
0.108371
0.108371
0.082528
0.082528
0.141875
0.141875
0.237657
0.237657
0.109944
0.109944
0.160270
0.160270
0.098635
0.098635
0.317732
0.317732
0.155170
0.155170
0.147809
0.147809
0.124426
0.124426
0.087281
0.087281
0.034526
0.034526
0.194993
0.194993
0.087366
0.087366
0.039297
0.039297
0.152266
0.152266
0.316149
0.316149
0.104865
0.104865
0.056822
0.056822
0.189929
0.189929
0.089465
0.089465
0.103930
0.103930
0.118980
0.118980
0.129849
0.129849
0.357494
0.357494
0.169525
0.169525
0.483190
0.483190
0.162617
0.162617
0.046224
0.046224
0.229530
0.229530
0.157104
0.157104
0.235274
0.235274
0.170445
0.170445
0.081940
0.081940
0.165788
0.165788
0.098314
0.098314
0.142133
0.142133
0.031205
0.031205
0.071329
0.071329
0.052151
0.052151
0.152222
0.152222
0.117470
0.117470
0.120391
0.120391
0.178583
0.178583
0.201390
0.201390
0.154698
0.154698
0.049800
0.049800
0.270614
0.270614
0.230838
0.230838
0.178723
0.178723
0.064697
0.064697
0.127349
0.127349
0.087270
0.087270
0.187400
0.187400
0.229996
0.229996
0.081764
0.081764
0.291305
0.291305
0.121513
0.121513
0.259762
0.259762
0.098785
0.098785
0.045554
0.045554
0.191486
0.191486
0.065539
0.065539
0.209250
0.209250
0.138204
0.138204
0.066501
0.066501
0.216058
0.216058
0.421052
0.421052
0.107583
0.107583
0.053255
0.053255
0.078958
0.078958
0.128466
0.128466
0.115040
0.115040
0.116394
0.116394
0.084702
0.084702
0.082534
0.082534
0.433680
0.433680
0.064507
0.064507
0.145361
0.145361
0.100969
0.100969
0.155484
0.155484
0.099702
0.099702
0.082861
0.082861
0.134150
0.134150
0.148215
0.148215
0.098030
0.098030
0.201089
0.201089
0.070306
0.070306
0.089108
0.089108
0.363494
0.363494
0.074245
0.074245
0.082179
0.082179
0.349091
0.349091
0.189360
0.189360
0.091344
0.091344
0.132307
0.132307
0.238287
0.238287
0.063914
0.063914
0.265283
0.265283
0.226963
0.226963
0.097396
0.097396
0.052155
0.052155
0.338210
0.338210
0.111154
0.111154
0.139146
0.139146
0.112007
0.112007
0.111941
0.111941
0.197709
0.197709
0.168208
0.168208
0.132938
0.132938
0.103318
0.103318
0.138480
0.138480
0.050949
0.050949
0.236094
0.236094
0.028798
0.028798
0.067969
0.067969
0.124418
0.124418
0.183242
0.183242
0.056502
0.056502
0.139280
0.139280
0.396372
0.396372
0.166056
0.166056
0.104164
0.104164
0.092147
0.092147
0.134957
0.134957
0.181445
0.181445
0.081418
0.081418
0.231660
0.231660
0.060611
0.060611
0.175015
0.175015
0.075815
0.075815
0.048971
0.048971
0.182221
0.182221
0.228045
0.228045
0.241556
0.241556
0.057741
0.057741
0.058197
0.058197
0.290656
0.290656
0.075068
0.075068
0.166293
0.166293
0.225985
0.225985
0.120088
0.120088
0.174079
0.174079
0.074787
0.074787
0.146835
0.146835
0.107014
0.107014
0.063545
0.063545
0.071313
0.071313
0.161681
0.161681
0.059043
0.059043
0.107374
0.107374
0.128205
0.128205
0.181440
0.181440
0.279341
0.279341
0.199321
0.199321
0.059310
0.059310
0.067749
0.067749
0.150901
0.150901
0.102512
0.102512
0.218638
0.218638
0.335295
0.335295
0.374333
0.374333
0.072349
0.072349
0.179552
0.179552
0.073461
0.073461
0.098383
0.098383
0.080350
0.080350
0.038120
0.038120
0.140628
0.140628
0.054471
0.054471
0.062220
0.062220
0.222871
0.222871
0.083175
0.083175
0.253714
0.253714
0.059907
0.059907
0.186887
0.186887
0.173478
0.173478
0.092503
0.092503
0.048431
0.048431
0.083005
0.083005
0.071891
0.071891
0.048761
0.048761
0.299555
0.299555
0.163609
0.163609
0.066786
0.066786
0.143888
0.143888
0.269235
0.269235
0.115084
0.115084
0.024870
0.024870
0.144260
0.144260
0.102034
0.102034
0.126401
0.126401
0.185035
0.185035
0.227932
0.227932
0.126188
0.126188
0.214694
0.214694
0.122646
0.122646
0.091501
0.091501
0.321208
0.321208
0.145552
0.145552
0.179528
0.179528
0.226234
0.226234
0.131412
0.131412
0.064798
0.064798
0.113465
0.113465
0.179036
0.179036
0.027020
0.027020
0.062694
0.062694
0.129670
0.129670
0.180848
0.180848
0.249960
0.249960
0.160876
0.160876
0.192293
0.192293
0.149802
0.149802
0.173302
0.173302
0.075053
0.075053
0.172475
0.172475
0.080982
0.080982
0.152136
0.152136
0.276237
0.276237
0.069106
0.069106
0.108247
0.108247
0.177542
0.177542
0.102715
0.102715
0.099416
0.099416
0.079690
0.079690
0.025106
0.025106
0.249724
0.249724
0.159696
0.159696
0.135847
0.135847
0.112520
0.112520
0.082289
0.082289
0.143961
0.143961
0.092854
0.092854
0.258761
0.258761
0.143382
0.143382
0.054852
0.054852
0.229107
0.229107
0.089348
0.089348
0.082473
0.082473
0.103497
0.103497
0.121048
0.121048
0.129666
0.129666
0.233412
0.233412
0.125434
0.125434
0.188523
0.188523
0.273175
0.273175
0.295520
0.295520
0.202620
0.202620
0.083374
0.083374
0.178048
0.178048
0.050452
0.050452
0.067061
0.067061
0.042124
0.042124
0.162890
0.162890
0.247357
0.247357
0.134840
0.134840
0.220315
0.220315
0.230122
0.230122
0.097257
0.097257
0.083169
0.083169
0.113932
0.113932
0.096537
0.096537
0.078939
0.078939
0.225258
0.225258
0.159011
0.159011
0.113386
0.113386
0.123864
0.123864
0.175238
0.175238
0.173460
0.173460
0.199218
0.199218
0.064163
0.064163
0.070492
0.070492
0.128198
0.128198
0.058255
0.058255
0.257058
0.257058
0.185769
0.185769
0.096612
0.096612
0.052271
0.052271
0.209648
0.209648
0.054427
0.054427
0.093743
0.093743
0.069036
0.069036
0.048605
0.048605
0.201219
0.201219
0.193846
0.193846
0.055043
0.055043
0.087867
0.087867
0.155614
0.155614
0.135056
0.135056
0.109414
0.109414
0.100565
0.100565
0.109303
0.109303
0.238588
0.238588
0.197743
0.197743
0.350041
0.350041
0.241479
0.241479
0.158337
0.158337
0.206419
0.206419
0.220098
0.220098
0.179646
0.179646
0.142191
0.142191
0.161515
0.161515
0.065819
0.065819
0.101581
0.101581
0.259724
0.259724
0.150473
0.150473
0.280271
0.280271
0.131273
0.131273
0.082868
0.082868
0.089842
0.089842
0.037353
0.037353
0.183774
0.183774
0.034439
0.034439
0.031966
0.031966
0.071017
0.071017
0.049381
0.049381
0.186767
0.186767
0.200178
0.200178
0.201357
0.201357
0.046662
0.046662
0.222524
0.222524
0.049494
0.049494
0.103053
0.103053
0.128467
0.128467
0.102772
0.102772
0.131703
0.131703
0.125028
0.125028
0.149458
0.149458
0.076073
0.076073
0.214603
0.214603
0.095005
0.095005
0.168863
0.168863
0.108118
0.108118
0.601351
0.601351
0.080146
0.080146
0.123036
0.123036
0.092422
0.092422
0.049602
0.049602
0.079722
0.079722
0.034849
0.034849
0.181237
0.181237
0.067460
0.067460
0.273320
0.273320
0.306992
0.306992
0.209700
0.209700
0.104842
0.104842
0.097698
0.097698
0.146208
0.146208
0.079337
0.079337
0.304692
0.304692
0.184290
0.184290
0.353645
0.353645
0.089672
0.089672
0.112147
0.112147
0.145363
0.145363
0.102386
0.102386
0.072976
0.072976
0.135771
0.135771
0.040585
0.040585
0.105252
0.105252
0.066809
0.066809
0.246180
0.246180
0.050072
0.050072
0.173357
0.173357
0.038628
0.038628
0.080596
0.080596
0.277175
0.277175
0.164999
0.164999
0.090247
0.090247
0.208541
0.208541
0.167156
0.167156
0.269222
0.269222
0.246435
0.246435
0.044375
0.044375
0.087977
0.087977
0.048128
0.048128
0.150620
0.150620
0.073765
0.073765
0.131626
0.131626
0.160588
0.160588
0.140847
0.140847
0.066140
0.066140
0.066492
0.066492
0.069622
0.069622
0.276963
0.276963
0.107749
0.107749
0.231235
0.231235
0.077537
0.077537
0.155967
0.155967
0.063367
0.063367
0.166519
0.166519
0.028266
0.028266
0.136676
0.136676
0.355948
0.355948
0.045809
0.045809
0.088139
0.088139
0.058625
0.058625
0.069281
0.069281
0.051138
0.051138
0.223827
0.223827
0.140979
0.140979
0.079236
0.079236
0.177713
0.177713
0.245075
0.245075
0.093662
0.093662
0.052213
0.052213
0.052747
0.052747
0.040465
0.040465
0.195474
0.195474
0.030812
0.030812
0.198068
0.198068
0.128931
0.128931
0.145631
0.145631
0.159491
0.159491
0.197731
0.197731
0.177283
0.177283
0.050423
0.050423
0.240571
0.240571
0.229815
0.229815
0.099356
0.099356
0.134929
0.134929
0.142129
0.142129
0.076409
0.076409
0.220684
0.220684
0.123630
0.123630
0.113557
0.113557
0.255427
0.255427
0.094135
0.094135
0.153851
0.153851
0.287483
0.287483
0.111923
0.111923
0.240462
0.240462
0.674347
0.674347
0.065981
0.065981
0.083491
0.083491
0.177963
0.177963
0.086445
0.086445
0.141161
0.141161
0.268905
0.268905
0.050414
0.050414
0.091266
0.091266
0.094528
0.094528
0.152249
0.152249
0.205622
0.205622
0.280028
0.280028
0.360856
0.360856
0.259346
0.259346
0.337426
0.337426
0.062323
0.062323
0.110520
0.110520
0.205031
0.205031
0.129140
0.129140
0.189622
0.189622
0.131453
0.131453
0.044205
0.044205
0.130326
0.130326
0.236188
0.236188
0.123016
0.123016
0.052316
0.052316
0.053862
0.053862
0.044767
0.044767
0.171110
0.171110
0.190255
0.190255
0.169143
0.169143
0.039962
0.039962
0.177564
0.177564
0.115913
0.115913
0.091622
0.091622
0.232737
0.232737
0.090313
0.090313
0.131369
0.131369
0.092688
0.092688
0.114656
0.114656
0.039863
0.039863
0.044692
0.044692
0.098770
0.098770
0.155332
0.155332
0.092267
0.092267
0.244026
0.244026
0.074912
0.074912
0.103066
0.103066
0.208274
0.208274
0.193060
0.193060
0.073053
0.073053
0.099637
0.099637
0.190845
0.190845
0.151917
0.151917
0.094274
0.094274
0.061547
0.061547
0.078163
0.078163
0.161486
0.161486
0.093933
0.093933
0.211947
0.211947
0.086095
0.086095
0.302001
0.302001
0.129415
0.129415
0.061618
0.061618
0.122032
0.122032
0.215941
0.215941
0.043170
0.043170
0.144671
0.144671
0.115560
0.115560
0.055984
0.055984
0.144881
0.144881
0.222198
0.222198
0.112330
0.112330
0.057626
0.057626
0.375335
0.375335
0.124353
0.124353
0.090746
0.090746
0.159893
0.159893
0.092310
0.092310
0.085685
0.085685
0.127596
0.127596
0.165652
0.165652
0.049857
0.049857
0.146380
0.146380
0.093919
0.093919
0.030853
0.030853
0.291120
0.291120
0.068718
0.068718
0.214213
0.214213
0.221296
0.221296
0.050920
0.050920
0.293924
0.293924
0.267993
0.267993
0.209272
0.209272
0.070588
0.070588
0.090796
0.090796
0.160280
0.160280
0.086701
0.086701
0.165847
0.165847
0.061536
0.061536
0.162709
0.162709
0.198433
0.198433
0.367806
0.367806
0.058963
0.058963
0.122679
0.122679
0.081651
0.081651
0.155602
0.155602
0.048977
0.048977
0.089080
0.089080
0.158059
0.158059
0.170169
0.170169
0.159656
0.159656
0.055990
0.055990
0.070884
0.070884
0.509451
0.509451
0.214024
0.214024
0.136594
0.136594
0.122093
0.122093
0.264541
0.264541
0.083824
0.083824
0.135681
0.135681
0.113842
0.113842
0.312902
0.312902
0.066306
0.066306
0.195512
0.195512
0.138886
0.138886
0.129563
0.129563
0.041922
0.041922
0.304962
0.304962
0.080328
0.080328
0.258203
0.258203
0.318213
0.318213
0.043869
0.043869
0.142192
0.142192
0.134605
0.134605
0.180513
0.180513
0.086376
0.086376
0.088199
0.088199
0.182695
0.182695
0.072167
0.072167
0.076061
0.076061
0.149651
0.149651
0.315841
0.315841
0.117115
0.117115
0.296571
0.296571
0.207268
0.207268
0.140833
0.140833
0.165724
0.165724
0.043006
0.043006
0.045507
0.045507
0.117822
0.117822
0.123287
0.123287
0.154375
0.154375
0.052691
0.052691
0.091595
0.091595
0.254045
0.254045
0.099041
0.099041
0.125523
0.125523
0.146171
0.146171
0.079277
0.079277
0.079332
0.079332
0.127831
0.127831
0.162141
0.162141
0.121725
0.121725
0.081153
0.081153
0.053135
0.053135
0.142699
0.142699
0.119249
0.119249
0.098211
0.098211
0.036712
0.036712
0.240833
0.240833
0.124924
0.124924
0.187217
0.187217
0.077030
0.077030
0.154958
0.154958
0.223587
0.223587
0.041526
0.041526
0.051531
0.051531
0.116044
0.116044
0.237149
0.237149
0.278801
0.278801
0.083807
0.083807
0.036029
0.036029
0.199082
0.199082
0.024877
0.024877
0.405379
0.405379
0.063838
0.063838
0.073698
0.073698
0.207154
0.207154
0.131047
0.131047
0.100084
0.100084
0.095325
0.095325
0.063682
0.063682
0.082967
0.082967
0.119402
0.119402
0.079799
0.079799
0.245178
0.245178
0.059012
0.059012
0.054314
0.054314
0.124768
0.124768
0.151404
0.151404
0.122286
0.122286
0.067100
0.067100
0.113015
0.113015
0.311248
0.311248
0.163867
0.163867
0.265454
0.265454
0.318254
0.318254
0.035482
0.035482
0.175321
0.175321
0.068261
0.068261
0.250972
0.250972
0.341902
0.341902
0.111855
0.111855
0.127287
0.127287
0.077539
0.077539
0.153246
0.153246
0.159296
0.159296
0.059622
0.059622
0.130247
0.130247
0.101110
0.101110
0.060747
0.060747
0.057803
0.057803
0.155825
0.155825
0.056447
0.056447
0.079999
0.079999
0.063424
0.063424
0.115654
0.115654
0.099071
0.099071
0.049277
0.049277
0.119867
0.119867
0.129574
0.129574
0.147758
0.147758
0.296521
0.296521
0.113104
0.113104
0.034056
0.034056
0.137220
0.137220
0.150186
0.150186
0.138182
0.138182
0.342458
0.342458
0.257999
0.257999
0.084220
0.084220
0.127636
0.127636
0.156248
0.156248
0.086952
0.086952
0.046801
0.046801
0.101304
0.101304
0.261797
0.261797
0.103923
0.103923
0.178019
0.178019
0.170713
0.170713
0.085775
0.085775
0.107303
0.107303
0.095517
0.095517
0.170463
0.170463
0.186787
0.186787
0.176839
0.176839
0.061340
0.061340
0.040926
0.040926
0.077604
0.077604
0.153527
0.153527
0.054227
0.054227
0.103334
0.103334
0.152196
0.152196
0.171184
0.171184
0.152856
0.152856
0.120553
0.120553
0.129078
0.129078
0.224137
0.224137
0.098470
0.098470
0.108706
0.108706
0.190798
0.190798
0.304524
0.304524
0.175876
0.175876
0.122289
0.122289
0.264315
0.264315
0.092626
0.092626
0.083278
0.083278
0.133031
0.133031
0.078497
0.078497
0.083458
0.083458
0.285448
0.285448
0.226564
0.226564
0.361095
0.361095
0.172697
0.172697
0.119007
0.119007
0.079256
0.079256
0.162304
0.162304
0.128837
0.128837
0.213955
0.213955
0.365364
0.365364
0.114919
0.114919
0.145146
0.145146
0.091703
0.091703
0.118723
0.118723
0.135248
0.135248
0.127375
0.127375
0.147595
0.147595
0.094470
0.094470
0.249903
0.249903
0.224226
0.224226
0.368913
0.368913
0.069992
0.069992
0.223443
0.223443
0.102321
0.102321
0.109297
0.109297
0.134349
0.134349
0.180437
0.180437
0.155261
0.155261
0.060407
0.060407
0.109912
0.109912
0.166983
0.166983
0.137103
0.137103
0.323249
0.323249
0.091388
0.091388
0.126485
0.126485
0.046076
0.046076
0.223741
0.223741
0.181643
0.181643
0.089733
0.089733
0.167821
0.167821
0.091269
0.091269
0.117563
0.117563
0.119914
0.119914
0.060170
0.060170
0.176680
0.176680
0.406072
0.406072
0.071296
0.071296
0.070768
0.070768
0.114987
0.114987
0.240128
0.240128
0.080111
0.080111
0.067010
0.067010
0.153685
0.153685
0.326201
0.326201
0.111431
0.111431
0.085583
0.085583
0.279101
0.279101
0.142467
0.142467
0.111567
0.111567
0.050275
0.050275
0.192256
0.192256
0.076226
0.076226
0.082225
0.082225
0.167757
0.167757
0.100945
0.100945
0.075763
0.075763
0.099710
0.099710
0.059312
0.059312
0.160240
0.160240
0.159801
0.159801
0.095138
0.095138
0.096089
0.096089
0.489572
0.489572
0.128743
0.128743
0.127458
0.127458
0.117404
0.117404
0.101206
0.101206
0.060099
0.060099
0.104903
0.104903
0.223657
0.223657
0.099290
0.099290
0.056481
0.056481
0.041243
0.041243
0.091808
0.091808
0.086894
0.086894
0.153063
0.153063
0.097566
0.097566
0.105104
0.105104
0.043733
0.043733
0.189270
0.189270
0.037844
0.037844
0.137120
0.137120
0.057951
0.057951
0.052880
0.052880
0.268690
0.268690
0.087194
0.087194
0.066086
0.066086
0.242503
0.242503
0.042608
0.042608
0.060394
0.060394
0.188814
0.188814
0.072384
0.072384
0.086141
0.086141
0.200665
0.200665
0.190127
0.190127
0.051145
0.051145
0.350343
0.350343
0.255452
0.255452
0.048884
0.048884
0.104630
0.104630
0.092977
0.092977
0.397733
0.397733
0.404982
0.404982
0.115750
0.115750
0.223873
0.223873
0.056883
0.056883
0.082961
0.082961
0.212224
0.212224
0.151064
0.151064
0.121966
0.121966
0.143632
0.143632
0.209093
0.209093
0.276678
0.276678
0.206645
0.206645
0.074874
0.074874
0.115038
0.115038
0.436244
0.436244
0.117832
0.117832
0.075305
0.075305
0.201927
0.201927
0.104763
0.104763
0.072334
0.072334
0.137717
0.137717
0.230660
0.230660
0.251340
0.251340
0.089502
0.089502
0.066117
0.066117
0.176357
0.176357
0.108733
0.108733
0.041950
0.041950
0.182451
0.182451
0.240392
0.240392
0.067778
0.067778
0.067350
0.067350
0.202841
0.202841
0.197295
0.197295
0.117470
0.117470
0.090638
0.090638
0.099199
0.099199
0.098457
0.098457
0.388079
0.388079
0.137984
0.137984
0.042455
0.042455
0.122886
0.122886
0.049758
0.049758
0.025464
0.025464
0.045270
0.045270
0.124525
0.124525
0.253864
0.253864
0.065590
0.065590
0.154292
0.154292
0.169450
0.169450
0.091809
0.091809
0.226980
0.226980
0.152859
0.152859
0.047269
0.047269
0.117703
0.117703
0.070501
0.070501
0.108888
0.108888
0.323478
0.323478
0.102064
0.102064
0.199468
0.199468
0.344826
0.344826
0.204453
0.204453
0.324125
0.324125
0.120328
0.120328
0.100431
0.100431
0.224771
0.224771
0.094480
0.094480
0.277840
0.277840
0.107413
0.107413
0.133496
0.133496
0.162737
0.162737
0.087576
0.087576
0.191846
0.191846
0.061023
0.061023
0.106449
0.106449
0.181488
0.181488
0.170102
0.170102
0.068864
0.068864
0.224499
0.224499
0.068970
0.068970
0.058781
0.058781
0.071072
0.071072
0.075663
0.075663
0.060604
0.060604
0.100789
0.100789
0.081882
0.081882
0.056991
0.056991
0.130086
0.130086
0.098378
0.098378
0.033823
0.033823
0.116469
0.116469
0.074443
0.074443
0.069919
0.069919
0.200877
0.200877
0.271384
0.271384
0.105741
0.105741
0.133354
0.133354
0.047505
0.047505
0.028028
0.028028
0.097774
0.097774
0.503361
0.503361
0.103726
0.103726
0.073613
0.073613
0.197423
0.197423
0.067350
0.067350
0.124406
0.124406
0.101075
0.101075
0.096692
0.096692
0.377061
0.377061
0.082535
0.082535
0.071050
0.071050
0.097760
0.097760
0.086498
0.086498
0.050176
0.050176
0.353403
0.353403
0.068453
0.068453
0.117486
0.117486
0.080478
0.080478
0.121963
0.121963
0.054918
0.054918
0.052448
0.052448
0.030942
0.030942
0.168940
0.168940
0.060265
0.060265
0.057052
0.057052
0.230066
0.230066
0.042713
0.042713
0.180426
0.180426
0.091500
0.091500
0.172984
0.172984
0.073910
0.073910
0.195834
0.195834
0.181409
0.181409
0.082932
0.082932
0.098800
0.098800
0.091314
0.091314
0.056272
0.056272
0.037993
0.037993
0.201263
0.201263
0.052983
0.052983
0.355759
0.355759
0.033614
0.033614
0.119941
0.119941
0.066102
0.066102
0.084103
0.084103
0.200741
0.200741
0.087475
0.087475
0.250053
0.250053
0.102631
0.102631
0.127816
0.127816
0.189877
0.189877
0.193541
0.193541
0.081889
0.081889
0.045282
0.045282
0.094242
0.094242
0.234040
0.234040
0.221496
0.221496
0.061799
0.061799
0.093219
0.093219
0.176360
0.176360
0.246830
0.246830
0.254496
0.254496
0.108839
0.108839
0.147919
0.147919
0.158561
0.158561
0.158848
0.158848
0.071712
0.071712
0.116647
0.116647
0.102256
0.102256
0.143779
0.143779
0.110644
0.110644
0.085371
0.085371
0.162830
0.162830
0.067066
0.067066
0.074751
0.074751
0.145136
0.145136
0.165608
0.165608
0.092377
0.092377
0.081862
0.081862
0.024732
0.024732
0.162748
0.162748
0.165313
0.165313
0.244940
0.244940
0.416970
0.416970
0.183335
0.183335
0.160819
0.160819
0.175890
0.175890
0.266656
0.266656
0.058374
0.058374
0.171736
0.171736
0.062888
0.062888
0.150714
0.150714
0.062085
0.062085
0.039715
0.039715
0.061061
0.061061
0.098232
0.098232
0.202195
0.202195
0.135670
0.135670
0.380978
0.380978
0.206987
0.206987
0.029304
0.029304
0.265475
0.265475
0.139403
0.139403
0.086757
0.086757
0.125151
0.125151
0.077065
0.077065
0.113899
0.113899
0.148870
0.148870
0.046746
0.046746
0.075041
0.075041
0.215928
0.215928
0.247147
0.247147
0.134079
0.134079
0.222392
0.222392
0.063838
0.063838
0.097784
0.097784
0.130548
0.130548
0.171450
0.171450
0.034108
0.034108
0.058462
0.058462
0.039323
0.039323
0.109173
0.109173
0.284858
0.284858
0.230211
0.230211
0.144587
0.144587
0.112918
0.112918
0.099611
0.099611
0.236601
0.236601
0.059186
0.059186
0.073532
0.073532
0.138531
0.138531
0.137884
0.137884
0.081119
0.081119
0.129309
0.129309
0.083983
0.083983
0.122884
0.122884
0.115799
0.115799
0.059654
0.059654
0.151552
0.151552
0.207556
0.207556
0.093288
0.093288
0.223444
0.223444
0.226408
0.226408
0.090451
0.090451
0.182998
0.182998
0.090129
0.090129
0.126683
0.126683
0.106028
0.106028
0.140009
0.140009
0.180533
0.180533
0.109858
0.109858
0.158044
0.158044
0.182950
0.182950
0.084975
0.084975
0.091390
0.091390
0.199052
0.199052
0.140031
0.140031
0.083196
0.083196
0.093581
0.093581
0.127531
0.127531
0.230196
0.230196
0.187095
0.187095
0.074009
0.074009
0.106299
0.106299
0.137527
0.137527
0.270351
0.270351
0.096139
0.096139
0.075064
0.075064
0.048221
0.048221
0.067100
0.067100
0.159215
0.159215
0.090916
0.090916
0.060794
0.060794
0.269982
0.269982
0.169316
0.169316
0.668918
0.668918
0.112331
0.112331
0.105497
0.105497
0.138801
0.138801
0.151411
0.151411
0.097931
0.097931
0.116114
0.116114
0.096847
0.096847
0.314977
0.314977
0.191054
0.191054
0.091191
0.091191
0.085308
0.085308
0.094216
0.094216
0.084075
0.084075
0.295668
0.295668
0.075045
0.075045
0.086247
0.086247
0.075676
0.075676
0.097878
0.097878
0.071791
0.071791
0.032025
0.032025
0.043284
0.043284
0.150078
0.150078
0.089464
0.089464
0.045318
0.045318
0.189782
0.189782
0.073045
0.073045
0.169714
0.169714
0.088572
0.088572
0.117319
0.117319
0.429483
0.429483
0.133991
0.133991
0.054854
0.054854
0.061649
0.061649
0.058624
0.058624
0.089926
0.089926
0.161427
0.161427
0.148065
0.148065
0.127872
0.127872
0.090621
0.090621
0.226021
0.226021
0.496788
0.496788
0.113313
0.113313
0.374045
0.374045
0.035642
0.035642
0.066476
0.066476
0.158178
0.158178
0.299940
0.299940
0.115508
0.115508
0.179859
0.179859
0.039168
0.039168
0.129255
0.129255
0.123083
0.123083
0.168155
0.168155
0.112981
0.112981
0.062829
0.062829
0.057617
0.057617
0.216840
0.216840
0.063950
0.063950
0.375638
0.375638
0.087542
0.087542
0.120976
0.120976
0.206989
0.206989
0.037027
0.037027
0.023602
0.023602
0.115210
0.115210
0.047885
0.047885
0.073794
0.073794
0.089363
0.089363
0.160262
0.160262
0.191908
0.191908
0.084686
0.084686
0.167632
0.167632
0.032711
0.032711
0.320889
0.320889
0.046283
0.046283
0.304225
0.304225
0.176256
0.176256
0.292688
0.292688
0.173815
0.173815
0.239163
0.239163
0.114222
0.114222
0.056691
0.056691
0.061654
0.061654
0.180405
0.180405
0.108532
0.108532
0.179177
0.179177
0.087762
0.087762
0.112804
0.112804
0.172165
0.172165
0.163403
0.163403
0.052113
0.052113
0.136491
0.136491
0.062337
0.062337
0.235863
0.235863
0.302366
0.302366
0.173229
0.173229
0.077907
0.077907
0.071286
0.071286
0.052812
0.052812
0.068901
0.068901
0.101150
0.101150
0.067030
0.067030
0.230024
0.230024
0.117445
0.117445
0.169405
0.169405
0.178711
0.178711
0.339625
0.339625
0.170806
0.170806
0.090530
0.090530
0.132363
0.132363
0.175658
0.175658
0.154684
0.154684
0.029716
0.029716
0.137771
0.137771
0.242259
0.242259
0.037557
0.037557
0.071156
0.071156
0.083447
0.083447
0.081009
0.081009
0.061672
0.061672
0.088725
0.088725
0.170808
0.170808
0.194458
0.194458
0.132099
0.132099
0.170163
0.170163
0.105357
0.105357
0.109828
0.109828
0.080854
0.080854
0.185224
0.185224
0.134396
0.134396
0.260269
0.260269
0.046877
0.046877
0.184896
0.184896
0.223008
0.223008
0.056540
0.056540
0.055127
0.055127
0.261281
0.261281
0.040807
0.040807
0.158561
0.158561
0.170125
0.170125
0.051396
0.051396
0.092848
0.092848
0.170567
0.170567
0.308869
0.308869
0.126060
0.126060
0.217544
0.217544
0.148655
0.148655
0.113709
0.113709
0.063605
0.063605
0.069630
0.069630
0.122290
0.122290
0.194253
0.194253
0.323024
0.323024
0.122445
0.122445
0.093948
0.093948
0.110021
0.110021
0.102754
0.102754
0.130440
0.130440
0.239159
0.239159
0.170400
0.170400
0.146379
0.146379
0.300942
0.300942
0.127563
0.127563
0.255563
0.255563
0.173477
0.173477
0.076281
0.076281
0.124358
0.124358
0.182212
0.182212
0.087097
0.087097
0.131606
0.131606
0.380931
0.380931
0.242432
0.242432
0.073865
0.073865
0.112470
0.112470
0.147993
0.147993
0.097861
0.097861
0.070923
0.070923
0.138928
0.138928
0.233707
0.233707
0.182545
0.182545
0.200893
0.200893
0.153931
0.153931
0.278879
0.278879
0.282981
0.282981
0.086049
0.086049
0.093860
0.093860
0.047921
0.047921
0.095239
0.095239
0.062435
0.062435
0.492023
0.492023
0.117637
0.117637
0.066697
0.066697
0.115231
0.115231
0.096374
0.096374
0.066911
0.066911
0.328407
0.328407
0.132595
0.132595
0.140649
0.140649
0.031620
0.031620
0.187296
0.187296
0.117391
0.117391
0.117878
0.117878
0.223211
0.223211
0.040065
0.040065
0.071608
0.071608
0.135688
0.135688
0.079154
0.079154
0.150190
0.150190
0.094407
0.094407
0.284094
0.284094
0.138189
0.138189
0.132732
0.132732
0.165306
0.165306
0.195306
0.195306
0.225344
0.225344
0.072843
0.072843
0.218733
0.218733
0.131014
0.131014
0.095997
0.095997
0.052283
0.052283
0.125334
0.125334
0.089933
0.089933
0.050278
0.050278
0.142334
0.142334
0.105436
0.105436
0.087134
0.087134
0.131502
0.131502
0.057018
0.057018
0.068144
0.068144
0.034167
0.034167
0.035395
0.035395
0.078219
0.078219
0.088008
0.088008
0.266641
0.266641
0.169264
0.169264
0.078500
0.078500
0.057144
0.057144
0.154864
0.154864
0.131015
0.131015
0.103629
0.103629
0.079528
0.079528
0.250987
0.250987
0.063793
0.063793
0.128677
0.128677
0.020551
0.020551
0.063584
0.063584
0.066513
0.066513
0.195281
0.195281
0.061327
0.061327
0.187096
0.187096
0.074426
0.074426
0.248421
0.248421
0.253072
0.253072
0.040686
0.040686
0.212121
0.212121
0.160972
0.160972
0.116749
0.116749
0.077150
0.077150
0.145328
0.145328
0.070144
0.070144
0.182093
0.182093
0.090383
0.090383
0.134069
0.134069
0.082927
0.082927
0.271461
0.271461
0.104062
0.104062
0.044131
0.044131
0.127635
0.127635
0.083198
0.083198
0.050389
0.050389
0.199297
0.199297
0.092843
0.092843
0.095171
0.095171
0.299404
0.299404
0.077605
0.077605
0.301605
0.301605
0.084925
0.084925
0.225205
0.225205
0.075036
0.075036
0.055580
0.055580
0.176558
0.176558
0.112026
0.112026
0.099038
0.099038
0.282322
0.282322
0.116736
0.116736
0.157268
0.157268
0.143875
0.143875
0.116014
0.116014
0.292409
0.292409
0.186270
0.186270
0.262387
0.262387
0.093574
0.093574
0.193806
0.193806
0.087016
0.087016
0.047101
0.047101
0.258488
0.258488
0.112545
0.112545
0.154234
0.154234
0.202078
0.202078
0.150625
0.150625
0.135502
0.135502
0.234383
0.234383
0.230117
0.230117
0.087581
0.087581
0.233140
0.233140
0.248157
0.248157
0.139172
0.139172
0.182338
0.182338
0.145551
0.145551
0.070741
0.070741
0.100456
0.100456
0.081605
0.081605
0.145655
0.145655
0.144360
0.144360
0.233097
0.233097
0.171113
0.171113
0.140992
0.140992
0.098516
0.098516
0.103402
0.103402
0.139187
0.139187
0.112518
0.112518
0.281506
0.281506
0.227848
0.227848
0.129293
0.129293
0.137956
0.137956
0.061305
0.061305
0.144570
0.144570
0.113390
0.113390
0.067423
0.067423
0.085825
0.085825
0.096532
0.096532
0.269582
0.269582
0.225350
0.225350
0.314783
0.314783
0.107976
0.107976
0.092846
0.092846
0.171179
0.171179
0.093227
0.093227
0.084909
0.084909
0.122855
0.122855
0.363634
0.363634
0.249361
0.249361
0.050189
0.050189
0.088770
0.088770
0.111593
0.111593
0.125080
0.125080
0.056376
0.056376
0.116916
0.116916
0.122056
0.122056
0.143912
0.143912
0.243252
0.243252
0.141942
0.141942
0.107076
0.107076
0.064101
0.064101
0.106990
0.106990
0.090875
0.090875
0.071178
0.071178
0.418514
0.418514
0.078702
0.078702
0.114615
0.114615
0.177183
0.177183
0.206959
0.206959
0.078210
0.078210
0.076939
0.076939
0.115465
0.115465
