2.330067
2.330067
2.345798
2.345798
2.337575
2.337575
2.332764
2.332764
2.343530
2.343530
2.340621
2.340621
2.328792
2.328792
2.334138
2.334138
2.346133
2.346133
2.330360
2.330360
2.329121
2.329121
2.330473
2.330473
2.325331
2.325331
2.321971
2.321971
2.321766
2.321766
2.318595
2.318595
2.334377
2.334377
2.333499
2.333499
2.326729
2.326729
2.323006
2.323006
2.318193
2.318193
2.315800
2.315800
2.315907
2.315907
2.322807
2.322807
2.311105
2.311105
2.312419
2.312419
2.314048
2.314048
2.292281
2.292281
2.304791
2.304791
2.310920
2.310920
2.296981
2.296981
2.289797
2.289797
2.309562
2.309562
2.313137
2.313137
2.319796
2.319796
2.308508
2.308508
2.298640
2.298640
2.307830
2.307830
2.283089
2.283089
2.313534
2.313534
2.297305
2.297305
2.295530
2.295530
2.303618
2.303618
2.285879
2.285879
2.301253
2.301253
2.280584
2.280584
2.305263
2.305263
2.268590
2.268590
2.307580
2.307580
2.283094
2.283094
2.279601
2.279601
2.291407
2.291407
2.286352
2.286352
2.270015
2.270015
2.256170
2.256170
2.257745
2.257745
2.270047
2.270047
2.295671
2.295671
2.280632
2.280632
2.268782
2.268782
2.266446
2.266446
2.247788
2.247788
2.291339
2.291339
2.259290
2.259290
2.289180
2.289180
2.276206
2.276206
2.292447
2.292447
2.294036
2.294036
2.235770
2.235770
2.229836
2.229836
2.266271
2.266271
2.233109
2.233109
2.276692
2.276692
2.261297
2.261297
2.257753
2.257753
2.228039
2.228039
2.231874
2.231874
2.244304
2.244304
2.222185
2.222185
2.229122
2.229122
2.228553
2.228553
2.222819
2.222819
2.227286
2.227286
2.244904
2.244904
2.243211
2.243211
2.214427
2.214427
2.248822
2.248822
2.249503
2.249503
2.220113
2.220113
2.203942
2.203942
2.256476
2.256476
2.204753
2.204753
2.229403
2.229403
2.189378
2.189378
2.154528
2.154528
2.178874
2.178874
2.215048
2.215048
2.190021
2.190021
2.250118
2.250118
2.169018
2.169018
2.192959
2.192959
2.234413
2.234413
2.138942
2.138942
2.137868
2.137868
2.144032
2.144032
2.121517
2.121517
2.160118
2.160118
2.102832
2.102832
2.199182
2.199182
2.199145
2.199145
2.210363
2.210363
2.141764
2.141764
2.092909
2.092909
2.146640
2.146640
2.219120
2.219120
2.201974
2.201974
2.041754
2.041754
2.186108
2.186108
2.154572
2.154572
2.229218
2.229218
2.208819
2.208819
2.073918
2.073918
2.094646
2.094646
2.202654
2.202654
2.126154
2.126154
2.134193
2.134193
2.175144
2.175144
2.146952
2.146952
2.071103
2.071103
2.102822
2.102822
2.107636
2.107636
2.152884
2.152884
2.130744
2.130744
2.085024
2.085024
2.095673
2.095673
2.157401
2.157401
2.094797
2.094797
2.099581
2.099581
2.085942
2.085942
2.123106
2.123106
2.049679
2.049679
2.107831
2.107831
2.082889
2.082889
2.124937
2.124937
2.102608
2.102608
2.237750
2.237750
2.143474
2.143474
2.107211
2.107211
2.110469
2.110469
2.097955
2.097955
2.110934
2.110934
2.035037
2.035037
2.040084
2.040084
2.156438
2.156438
2.046447
2.046447
2.063459
2.063459
2.178204
2.178204
2.052691
2.052691
1.998612
1.998612
2.036341
2.036341
1.956875
1.956875
2.119982
2.119982
2.063190
2.063190
2.162406
2.162406
2.092206
2.092206
1.986704
1.986704
2.193007
2.193007
2.084461
2.084461
2.124355
2.124355
1.967445
1.967445
2.073091
2.073091
2.128607
2.128607
2.055933
2.055933
2.126865
2.126865
2.045681
2.045681
2.093011
2.093011
2.096220
2.096220
2.174654
2.174654
2.088533
2.088533
2.091673
2.091673
2.082111
2.082111
2.184880
2.184880
1.979918
1.979918
2.060365
2.060365
2.043524
2.043524
1.949511
1.949511
2.269481
2.269481
2.013260
2.013260
1.997480
1.997480
2.033630
2.033630
1.986217
1.986217
2.119519
2.119519
1.934611
1.934611
2.045763
2.045763
2.006020
2.006020
2.021735
2.021735
1.931788
1.931788
2.001531
2.001531
2.038280
2.038280
1.917696
1.917696
2.003467
2.003467
1.985478
1.985478
1.986308
1.986308
2.113660
2.113660
2.088096
2.088096
2.110903
2.110903
2.130429
2.130429
1.977839
1.977839
1.871606
1.871606
1.892901
1.892901
1.901320
1.901320
2.006865
2.006865
2.082438
2.082438
2.019329
2.019329
1.928469
1.928469
1.984718
1.984718
1.933811
1.933811
1.986065
1.986065
1.970027
1.970027
1.911924
1.911924
1.969187
1.969187
2.074235
2.074235
2.009358
2.009358
1.935532
1.935532
1.979587
1.979587
2.050943
2.050943
1.985056
1.985056
1.979541
1.979541
1.949519
1.949519
1.950431
1.950431
2.005005
2.005005
1.951524
1.951524
2.049375
2.049375
1.879817
1.879817
2.166883
2.166883
1.944763
1.944763
1.864738
1.864738
1.856431
1.856431
1.780875
1.780875
1.982291
1.982291
2.110279
2.110279
1.930432
1.930432
1.765346
1.765346
1.970289
1.970289
2.006967
2.006967
1.955998
1.955998
2.090667
2.090667
2.067141
2.067141
1.836814
1.836814
1.985237
1.985237
1.985247
1.985247
1.890391
1.890391
2.036573
2.036573
1.991896
1.991896
1.869861
1.869861
1.925516
1.925516
1.995204
1.995204
2.159923
2.159923
2.046838
2.046838
1.936247
1.936247
1.939471
1.939471
1.934586
1.934586
1.914946
1.914946
1.854959
1.854959
1.919047
1.919047
1.649694
1.649694
1.938341
1.938341
2.077255
2.077255
1.988447
1.988447
1.906558
1.906558
1.745029
1.745029
1.868756
1.868756
1.826594
1.826594
1.813486
1.813486
2.000885
2.000885
1.897867
1.897867
1.961746
1.961746
1.950216
1.950216
1.985549
1.985549
1.992659
1.992659
1.679217
1.679217
2.035192
2.035192
1.735552
1.735552
1.740746
1.740746
1.984939
1.984939
1.865621
1.865621
1.885253
1.885253
1.990498
1.990498
1.850561
1.850561
1.686644
1.686644
1.892424
1.892424
1.901576
1.901576
2.004998
2.004998
1.834356
1.834356
1.817015
1.817015
1.861979
1.861979
1.805603
1.805603
1.806639
1.806639
1.881386
1.881386
1.822692
1.822692
1.807949
1.807949
1.913633
1.913633
1.827926
1.827926
1.889244
1.889244
1.864394
1.864394
1.775599
1.775599
2.005806
2.005806
1.964915
1.964915
2.166749
2.166749
1.846688
1.846688
1.893506
1.893506
1.895521
1.895521
1.875843
1.875843
1.786254
1.786254
1.859476
1.859476
1.886304
1.886304
1.944297
1.944297
2.022647
2.022647
1.783391
1.783391
1.816470
1.816470
1.931243
1.931243
1.758490
1.758490
1.901105
1.901105
1.855410
1.855410
1.754855
1.754855
1.859830
1.859830
2.080508
2.080508
1.844635
1.844635
1.827652
1.827652
1.828969
1.828969
1.879389
1.879389
1.695370
1.695370
1.719880
1.719880
1.839597
1.839597
1.916459
1.916459
1.960968
1.960968
1.718843
1.718843
1.736679
1.736679
1.852144
1.852144
1.976287
1.976287
1.900732
1.900732
1.715259
1.715259
1.849086
1.849086
1.843284
1.843284
1.845431
1.845431
1.819743
1.819743
1.967463
1.967463
1.956114
1.956114
1.983092
1.983092
1.980992
1.980992
1.888527
1.888527
1.933100
1.933100
1.796519
1.796519
2.039199
2.039199
1.925777
1.925777
1.722639
1.722639
1.744129
1.744129
1.758636
1.758636
1.795384
1.795384
1.967041
1.967041
1.842444
1.842444
1.925369
1.925369
1.803414
1.803414
1.828276
1.828276
1.995137
1.995137
1.866425
1.866425
1.914357
1.914357
1.913378
1.913378
1.777729
1.777729
1.821652
1.821652
1.745450
1.745450
1.923656
1.923656
1.900432
1.900432
1.847834
1.847834
1.906629
1.906629
1.920254
1.920254
1.775640
1.775640
1.736746
1.736746
1.656342
1.656342
2.041472
2.041472
1.890597
1.890597
1.948016
1.948016
1.945562
1.945562
1.958220
1.958220
1.871738
1.871738
1.836741
1.836741
1.863806
1.863806
2.054937
2.054937
1.895126
1.895126
1.902233
1.902233
1.885143
1.885143
1.620323
1.620323
1.805754
1.805754
1.893624
1.893624
1.768552
1.768552
1.742031
1.742031
1.842650
1.842650
1.776603
1.776603
1.696034
1.696034
2.019443
2.019443
1.926003
1.926003
1.915643
1.915643
1.691623
1.691623
1.913027
1.913027
1.635329
1.635329
1.824544
1.824544
1.713372
1.713372
1.753180
1.753180
1.786724
1.786724
1.708603
1.708603
1.844983
1.844983
2.100132
2.100132
1.883976
1.883976
1.778598
1.778598
1.860084
1.860084
1.766870
1.766870
1.728834
1.728834
2.003261
2.003261
1.950224
1.950224
1.732081
1.732081
1.586599
1.586599
1.800920
1.800920
1.879087
1.879087
1.723560
1.723560
1.682035
1.682035
1.847995
1.847995
2.012710
2.012710
1.816503
1.816503
1.713951
1.713951
1.757439
1.757439
1.896926
1.896926
1.941323
1.941323
1.847023
1.847023
1.696152
1.696152
1.732572
1.732572
1.784954
1.784954
1.814923
1.814923
1.937976
1.937976
1.955518
1.955518
1.909564
1.909564
1.639296
1.639296
1.918083
1.918083
1.850942
1.850942
1.784831
1.784831
1.785519
1.785519
1.765496
1.765496
1.847279
1.847279
2.017926
2.017926
1.663634
1.663634
2.034504
2.034504
1.885236
1.885236
1.928543
1.928543
1.756802
1.756802
1.923258
1.923258
1.681263
1.681263
1.801531
1.801531
1.754135
1.754135
1.755367
1.755367
1.673141
1.673141
1.762907
1.762907
1.807966
1.807966
1.796032
1.796032
1.770665
1.770665
1.865194
1.865194
1.741568
1.741568
1.940357
1.940357
1.895110
1.895110
1.836472
1.836472
1.917886
1.917886
1.703721
1.703721
1.725266
1.725266
1.727536
1.727536
1.881153
1.881153
1.903720
1.903720
1.785504
1.785504
1.766683
1.766683
1.717453
1.717453
1.717970
1.717970
1.962178
1.962178
1.761040
1.761040
1.617434
1.617434
1.954709
1.954709
1.526904
1.526904
1.865347
1.865347
1.843997
1.843997
1.671677
1.671677
1.789203
1.789203
1.764124
1.764124
1.752622
1.752622
1.654490
1.654490
1.579103
1.579103
1.643074
1.643074
1.973248
1.973248
1.806262
1.806262
1.671075
1.671075
1.568394
1.568394
1.491928
1.491928
1.778790
1.778790
1.888370
1.888370
1.606964
1.606964
1.578871
1.578871
1.616656
1.616656
1.915654
1.915654
1.833474
1.833474
1.869191
1.869191
1.617442
1.617442
1.673253
1.673253
1.688589
1.688589
1.849938
1.849938
1.653888
1.653888
1.742674
1.742674
1.520998
1.520998
1.777755
1.777755
1.825729
1.825729
1.853158
1.853158
1.870853
1.870853
1.709937
1.709937
1.818072
1.818072
1.837279
1.837279
1.740673
1.740673
1.821325
1.821325
1.678113
1.678113
1.493952
1.493952
1.611458
1.611458
1.707214
1.707214
1.724088
1.724088
1.675890
1.675890
1.693993
1.693993
1.749248
1.749248
1.778641
1.778641
1.806240
1.806240
1.603332
1.603332
1.797438
1.797438
1.897360
1.897360
1.815772
1.815772
1.688122
1.688122
1.790888
1.790888
1.981841
1.981841
1.991141
1.991141
1.942352
1.942352
1.872366
1.872366
1.864959
1.864959
1.816083
1.816083
1.625988
1.625988
1.746594
1.746594
1.462509
1.462509
1.723006
1.723006
1.477075
1.477075
1.880968
1.880968
1.831205
1.831205
1.633143
1.633143
1.666746
1.666746
1.891928
1.891928
1.639745
1.639745
1.831909
1.831909
1.900315
1.900315
1.651865
1.651865
1.528438
1.528438
1.672465
1.672465
1.825467
1.825467
1.755275
1.755275
1.811827
1.811827
1.797538
1.797538
1.572839
1.572839
1.798377
1.798377
1.585043
1.585043
1.767598
1.767598
1.698287
1.698287
1.722215
1.722215
1.667510
1.667510
1.622850
1.622850
1.801738
1.801738
1.643827
1.643827
1.764467
1.764467
1.684839
1.684839
1.583872
1.583872
1.506060
1.506060
1.408620
1.408620
1.536315
1.536315
1.938090
1.938090
1.536164
1.536164
1.638777
1.638777
1.715796
1.715796
1.793512
1.793512
1.751484
1.751484
1.938116
1.938116
1.439087
1.439087
1.833167
1.833167
1.901994
1.901994
1.751716
1.751716
1.790603
1.790603
1.549041
1.549041
1.822514
1.822514
1.796792
1.796792
1.753778
1.753778
1.920965
1.920965
1.785677
1.785677
1.469589
1.469589
1.623620
1.623620
1.831309
1.831309
1.623410
1.623410
1.619888
1.619888
1.940258
1.940258
1.586857
1.586857
1.865499
1.865499
1.647180
1.647180
1.754192
1.754192
1.713961
1.713961
1.807772
1.807772
1.840622
1.840622
1.772806
1.772806
1.842075
1.842075
1.585728
1.585728
1.762839
1.762839
1.809075
1.809075
1.845565
1.845565
1.817825
1.817825
1.696123
1.696123
1.541918
1.541918
1.868922
1.868922
1.770379
1.770379
1.510798
1.510798
1.791119
1.791119
1.550495
1.550495
1.690903
1.690903
1.564748
1.564748
1.739776
1.739776
1.675637
1.675637
1.768986
1.768986
1.501322
1.501322
1.821347
1.821347
1.584925
1.584925
1.868269
1.868269
1.826631
1.826631
1.720477
1.720477
1.609866
1.609866
1.904492
1.904492
1.587857
1.587857
1.745569
1.745569
1.592507
1.592507
1.584306
1.584306
1.678840
1.678840
1.843331
1.843331
1.765360
1.765360
1.145269
1.145269
1.820659
1.820659
1.574467
1.574467
1.520201
1.520201
1.730088
1.730088
1.699353
1.699353
1.642292
1.642292
1.455161
1.455161
1.482460
1.482460
1.703649
1.703649
1.729862
1.729862
1.576600
1.576600
1.596655
1.596655
1.327500
1.327500
1.770884
1.770884
1.808579
1.808579
1.717651
1.717651
1.539375
1.539375
1.782870
1.782870
1.664694
1.664694
1.748945
1.748945
1.803067
1.803067
1.552809
1.552809
1.799788
1.799788
1.765066
1.765066
1.504703
1.504703
1.693169
1.693169
1.673939
1.673939
1.949681
1.949681
1.729271
1.729271
1.728568
1.728568
1.869606
1.869606
1.633512
1.633512
1.503084
1.503084
1.774451
1.774451
1.796259
1.796259
1.807605
1.807605
1.578259
1.578259
1.626472
1.626472
1.448321
1.448321
1.642390
1.642390
1.652127
1.652127
1.768673
1.768673
1.739122
1.739122
1.542599
1.542599
1.804762
1.804762
1.484303
1.484303
1.721179
1.721179
1.600117
1.600117
1.781299
1.781299
1.643681
1.643681
1.632537
1.632537
1.507387
1.507387
1.669401
1.669401
1.776367
1.776367
1.703434
1.703434
1.564198
1.564198
1.665591
1.665591
1.813201
1.813201
1.657050
1.657050
1.810741
1.810741
1.775138
1.775138
1.991605
1.991605
1.690609
1.690609
1.862946
1.862946
1.734664
1.734664
1.893428
1.893428
1.560569
1.560569
1.706331
1.706331
1.845091
1.845091
1.826370
1.826370
1.550898
1.550898
1.608199
1.608199
1.633017
1.633017
1.781210
1.781210
1.613362
1.613362
1.923069
1.923069
1.569021
1.569021
1.510967
1.510967
1.676475
1.676475
1.832444
1.832444
1.524267
1.524267
1.658255
1.658255
1.517902
1.517902
1.808177
1.808177
1.715278
1.715278
1.750004
1.750004
1.511082
1.511082
1.417210
1.417210
1.763604
1.763604
1.747038
1.747038
1.858761
1.858761
1.687829
1.687829
1.749360
1.749360
1.910498
1.910498
1.797095
1.797095
1.721213
1.721213
1.545818
1.545818
1.432294
1.432294
1.760406
1.760406
1.534211
1.534211
1.604964
1.604964
1.746278
1.746278
1.397102
1.397102
1.778827
1.778827
1.527602
1.527602
1.756762
1.756762
1.795082
1.795082
1.414791
1.414791
1.766474
1.766474
1.523683
1.523683
1.470188
1.470188
1.706264
1.706264
1.593400
1.593400
1.514920
1.514920
1.624966
1.624966
1.838501
1.838501
1.663784
1.663784
1.591120
1.591120
1.970797
1.970797
1.339104
1.339104
1.664594
1.664594
1.697873
1.697873
1.531708
1.531708
1.640076
1.640076
1.582145
1.582145
1.789362
1.789362
1.762836
1.762836
1.675951
1.675951
1.121245
1.121245
1.760051
1.760051
1.828311
1.828311
1.780493
1.780493
2.037198
2.037198
1.703271
1.703271
1.809143
1.809143
1.498321
1.498321
1.736611
1.736611
1.710773
1.710773
1.769146
1.769146
1.607587
1.607587
1.403194
1.403194
1.598970
1.598970
1.795514
1.795514
1.814476
1.814476
1.397982
1.397982
1.650465
1.650465
1.581943
1.581943
1.784070
1.784070
1.770710
1.770710
1.749156
1.749156
1.652590
1.652590
1.539608
1.539608
1.694761
1.694761
1.661818
1.661818
1.917954
1.917954
1.626175
1.626175
1.648728
1.648728
1.679159
1.679159
1.527732
1.527732
1.522253
1.522253
1.522737
1.522737
1.818739
1.818739
1.938051
1.938051
1.570183
1.570183
1.609637
1.609637
1.596837
1.596837
1.540242
1.540242
1.669502
1.669502
1.633213
1.633213
1.879413
1.879413
1.794695
1.794695
1.565680
1.565680
1.515109
1.515109
1.563268
1.563268
1.585609
1.585609
1.672460
1.672460
1.766735
1.766735
1.833809
1.833809
1.592488
1.592488
1.659334
1.659334
1.403509
1.403509
1.613648
1.613648
1.682648
1.682648
1.675294
1.675294
1.546316
1.546316
1.665183
1.665183
1.706830
1.706830
1.814527
1.814527
1.685102
1.685102
1.605576
1.605576
1.391158
1.391158
1.560615
1.560615
1.489018
1.489018
1.525282
1.525282
1.599889
1.599889
1.601980
1.601980
1.508334
1.508334
1.421204
1.421204
1.689528
1.689528
1.633745
1.633745
1.497876
1.497876
1.775808
1.775808
1.678062
1.678062
1.592590
1.592590
1.584692
1.584692
1.881439
1.881439
1.374881
1.374881
1.456311
1.456311
1.599054
1.599054
1.608311
1.608311
1.647402
1.647402
1.451250
1.451250
1.879256
1.879256
1.705769
1.705769
1.541467
1.541467
1.580685
1.580685
1.899974
1.899974
1.739205
1.739205
1.718215
1.718215
1.659966
1.659966
1.569993
1.569993
1.409481
1.409481
1.665475
1.665475
1.514548
1.514548
1.476813
1.476813
1.852835
1.852835
1.850574
1.850574
1.349539
1.349539
1.699702
1.699702
1.403466
1.403466
1.637903
1.637903
1.574626
1.574626
1.712129
1.712129
1.572375
1.572375
1.382673
1.382673
1.473797
1.473797
1.540667
1.540667
1.729699
1.729699
1.668934
1.668934
1.446295
1.446295
1.403909
1.403909
1.484689
1.484689
1.460329
1.460329
1.288300
1.288300
1.797226
1.797226
1.624940
1.624940
1.621427
1.621427
1.689857
1.689857
1.956163
1.956163
1.714342
1.714342
1.633761
1.633761
1.343427
1.343427
1.790030
1.790030
1.970029
1.970029
1.767465
1.767465
1.600654
1.600654
1.668365
1.668365
1.458573
1.458573
1.580399
1.580399
1.673172
1.673172
1.631881
1.631881
1.265929
1.265929
1.789931
1.789931
1.422998
1.422998
1.708074
1.708074
1.482881
1.482881
1.421464
1.421464
1.619480
1.619480
1.720078
1.720078
1.534694
1.534694
1.644388
1.644388
1.548140
1.548140
1.388104
1.388104
1.653470
1.653470
1.629326
1.629326
1.411256
1.411256
1.485410
1.485410
1.548796
1.548796
1.460079
1.460079
1.576250
1.576250
1.551253
1.551253
1.805549
1.805549
1.514762
1.514762
1.557005
1.557005
1.833804
1.833804
1.628899
1.628899
1.675963
1.675963
1.756823
1.756823
1.603531
1.603531
1.610889
1.610889
1.316587
1.316587
1.448983
1.448983
1.648759
1.648759
1.341114
1.341114
1.693664
1.693664
1.858027
1.858027
1.820325
1.820325
1.564357
1.564357
1.557678
1.557678
1.569224
1.569224
1.447817
1.447817
1.738625
1.738625
1.257045
1.257045
1.665984
1.665984
1.683868
1.683868
1.523236
1.523236
1.872611
1.872611
1.821744
1.821744
1.753654
1.753654
1.269551
1.269551
1.715691
1.715691
1.705925
1.705925
1.827277
1.827277
1.502904
1.502904
1.542612
1.542612
1.892332
1.892332
1.418272
1.418272
1.727548
1.727548
1.564357
1.564357
1.465623
1.465623
1.356500
1.356500
1.687489
1.687489
1.517828
1.517828
1.423183
1.423183
1.688859
1.688859
1.666731
1.666731
1.530710
1.530710
1.686434
1.686434
1.611926
1.611926
1.519876
1.519876
1.557827
1.557827
1.763592
1.763592
1.584949
1.584949
1.653916
1.653916
1.717825
1.717825
1.822458
1.822458
1.463619
1.463619
1.554878
1.554878
1.792709
1.792709
1.799170
1.799170
1.562991
1.562991
1.766395
1.766395
1.605756
1.605756
1.465706
1.465706
1.670404
1.670404
1.594770
1.594770
1.749512
1.749512
1.450953
1.450953
1.506655
1.506655
1.698240
1.698240
1.464718
1.464718
1.751865
1.751865
1.643554
1.643554
1.585556
1.585556
1.358984
1.358984
1.576623
1.576623
1.555079
1.555079
1.705528
1.705528
1.740241
1.740241
1.561477
1.561477
1.495760
1.495760
1.642199
1.642199
1.728156
1.728156
1.524469
1.524469
1.522746
1.522746
1.648461
1.648461
1.487822
1.487822
1.342404
1.342404
1.541660
1.541660
1.762395
1.762395
1.600929
1.600929
1.750977
1.750977
1.501956
1.501956
1.584102
1.584102
1.609419
1.609419
1.392708
1.392708
1.712613
1.712613
1.617788
1.617788
1.508639
1.508639
1.721131
1.721131
1.425485
1.425485
1.735735
1.735735
1.576519
1.576519
1.613288
1.613288
1.430746
1.430746
1.453718
1.453718
1.263662
1.263662
1.589405
1.589405
1.538789
1.538789
1.520073
1.520073
1.624987
1.624987
1.450431
1.450431
1.601570
1.601570
1.582813
1.582813
1.642600
1.642600
1.539819
1.539819
1.444108
1.444108
1.553913
1.553913
1.629385
1.629385
1.449333
1.449333
1.605022
1.605022
1.504548
1.504548
1.396107
1.396107
1.393888
1.393888
1.459731
1.459731
1.452606
1.452606
1.671700
1.671700
1.685182
1.685182
1.562246
1.562246
1.597203
1.597203
1.311355
1.311355
1.705741
1.705741
1.392632
1.392632
1.675659
1.675659
1.266175
1.266175
1.433151
1.433151
1.627889
1.627889
1.396357
1.396357
1.677304
1.677304
1.621513
1.621513
1.820165
1.820165
1.744900
1.744900
1.479958
1.479958
1.524270
1.524270
1.528875
1.528875
1.525376
1.525376
1.645947
1.645947
1.678931
1.678931
1.722720
1.722720
1.633378
1.633378
1.490628
1.490628
1.579543
1.579543
1.580693
1.580693
1.461309
1.461309
1.529353
1.529353
1.805801
1.805801
1.710802
1.710802
1.523407
1.523407
1.691979
1.691979
1.402837
1.402837
1.643549
1.643549
1.746208
1.746208
1.842235
1.842235
1.611244
1.611244
1.637080
1.637080
1.512099
1.512099
1.440955
1.440955
1.570409
1.570409
1.460645
1.460645
1.848498
1.848498
1.694807
1.694807
1.429282
1.429282
1.517200
1.517200
1.869373
1.869373
1.560749
1.560749
1.469710
1.469710
1.707768
1.707768
1.574321
1.574321
1.697004
1.697004
1.736316
1.736316
1.569762
1.569762
1.605198
1.605198
1.389433
1.389433
1.593414
1.593414
1.618740
1.618740
1.544726
1.544726
1.502564
1.502564
1.910622
1.910622
1.608301
1.608301
1.164185
1.164185
1.377177
1.377177
1.627676
1.627676
1.718961
1.718961
1.520475
1.520475
1.390306
1.390306
1.786851
1.786851
1.862826
1.862826
1.324758
1.324758
1.420995
1.420995
1.462468
1.462468
1.397184
1.397184
1.453761
1.453761
1.436242
1.436242
1.173267
1.173267
1.519848
1.519848
1.786071
1.786071
1.689535
1.689535
1.551379
1.551379
1.632478
1.632478
1.599476
1.599476
1.473376
1.473376
1.339476
1.339476
1.427369
1.427369
1.602823
1.602823
1.611653
1.611653
1.605048
1.605048
1.763481
1.763481
1.585353
1.585353
1.516668
1.516668
1.433579
1.433579
1.535744
1.535744
1.688631
1.688631
1.587129
1.587129
1.363475
1.363475
1.630615
1.630615
1.393390
1.393390
1.455060
1.455060
1.387163
1.387163
1.715327
1.715327
1.678274
1.678274
1.449993
1.449993
1.519670
1.519670
1.588681
1.588681
1.804874
1.804874
1.656867
1.656867
1.622696
1.622696
1.534266
1.534266
1.589778
1.589778
1.635670
1.635670
1.482660
1.482660
1.378707
1.378707
1.511103
1.511103
1.516532
1.516532
1.404137
1.404137
1.619005
1.619005
1.555092
1.555092
1.498029
1.498029
1.534333
1.534333
1.628248
1.628248
2.028033
2.028033
1.485946
1.485946
1.680773
1.680773
1.632982
1.632982
1.377566
1.377566
1.613631
1.613631
1.551872
1.551872
1.645889
1.645889
1.499130
1.499130
1.435429
1.435429
1.379735
1.379735
1.594045
1.594045
1.550698
1.550698
1.409098
1.409098
1.592832
1.592832
1.644046
1.644046
1.517820
1.517820
1.640536
1.640536
1.564483
1.564483
1.469669
1.469669
1.438385
1.438385
1.526577
1.526577
1.460695
1.460695
1.725198
1.725198
1.703442
1.703442
1.323101
1.323101
1.461649
1.461649
1.466300
1.466300
1.554721
1.554721
1.415451
1.415451
1.712333
1.712333
1.261400
1.261400
1.424850
1.424850
1.459554
1.459554
1.461929
1.461929
1.421448
1.421448
1.498065
1.498065
1.669036
1.669036
1.689190
1.689190
1.626135
1.626135
1.356498
1.356498
1.593150
1.593150
1.292827
1.292827
1.275105
1.275105
1.393075
1.393075
1.370062
1.370062
1.424184
1.424184
1.537814
1.537814
1.445870
1.445870
1.461842
1.461842
1.440858
1.440858
1.594126
1.594126
1.732709
1.732709
1.616171
1.616171
1.502258
1.502258
1.635473
1.635473
1.418794
1.418794
1.528059
1.528059
1.408875
1.408875
1.638212
1.638212
1.641090
1.641090
1.643331
1.643331
1.386619
1.386619
1.756107
1.756107
1.210746
1.210746
1.908960
1.908960
1.708403
1.708403
1.570685
1.570685
1.528502
1.528502
1.263099
1.263099
1.616423
1.616423
2.006527
2.006527
1.462584
1.462584
1.460566
1.460566
1.169409
1.169409
1.464201
1.464201
1.586401
1.586401
1.444466
1.444466
1.911469
1.911469
1.759959
1.759959
1.637916
1.637916
1.533794
1.533794
1.371381
1.371381
1.519077
1.519077
1.477195
1.477195
1.451808
1.451808
1.525700
1.525700
1.549725
1.549725
1.617455
1.617455
1.567739
1.567739
2.095732
2.095732
1.417934
1.417934
1.746620
1.746620
1.390530
1.390530
1.730438
1.730438
1.493316
1.493316
1.272485
1.272485
1.366842
1.366842
1.390706
1.390706
1.464514
1.464514
1.386721
1.386721
1.262653
1.262653
1.308346
1.308346
1.694096
1.694096
1.561613
1.561613
1.644981
1.644981
1.459925
1.459925
1.682289
1.682289
1.693762
1.693762
1.508592
1.508592
1.530851
1.530851
1.588159
1.588159
1.730472
1.730472
1.684897
1.684897
1.389934
1.389934
1.431617
1.431617
1.597369
1.597369
1.230382
1.230382
1.291395
1.291395
1.391283
1.391283
1.607408
1.607408
1.530247
1.530247
1.447636
1.447636
1.705134
1.705134
1.530647
1.530647
1.720299
1.720299
1.875105
1.875105
1.518886
1.518886
1.720457
1.720457
1.689904
1.689904
1.527380
1.527380
1.323023
1.323023
1.873310
1.873310
1.288136
1.288136
1.640743
1.640743
1.351229
1.351229
1.370984
1.370984
1.494810
1.494810
1.431165
1.431165
1.707861
1.707861
1.427833
1.427833
1.379092
1.379092
1.956832
1.956832
1.670666
1.670666
1.551613
1.551613
1.682236
1.682236
1.695391
1.695391
1.134351
1.134351
1.612965
1.612965
1.854127
1.854127
1.559912
1.559912
1.599916
1.599916
1.794652
1.794652
1.718472
1.718472
1.555958
1.555958
1.544579
1.544579
1.337037
1.337037
1.822252
1.822252
1.541132
1.541132
1.576910
1.576910
1.530868
1.530868
1.365870
1.365870
1.413927
1.413927
1.467419
1.467419
1.108469
1.108469
1.208780
1.208780
1.468888
1.468888
1.596020
1.596020
1.565315
1.565315
1.508657
1.508657
1.358191
1.358191
1.667359
1.667359
1.375719
1.375719
1.512713
1.512713
1.359285
1.359285
1.680628
1.680628
1.376900
1.376900
1.520601
1.520601
1.532187
1.532187
1.896057
1.896057
1.512055
1.512055
1.859897
1.859897
1.469730
1.469730
1.457747
1.457747
1.333404
1.333404
1.386141
1.386141
1.455288
1.455288
1.613744
1.613744
1.514708
1.514708
1.421948
1.421948
1.654228
1.654228
1.524973
1.524973
1.436766
1.436766
1.460708
1.460708
1.353856
1.353856
1.250777
1.250777
1.604522
1.604522
1.791769
1.791769
1.486268
1.486268
1.513007
1.513007
1.407460
1.407460
1.520584
1.520584
1.385243
1.385243
1.505697
1.505697
1.553309
1.553309
1.427606
1.427606
1.429460
1.429460
1.482706
1.482706
1.288087
1.288087
1.376188
1.376188
1.381752
1.381752
1.518111
1.518111
1.872429
1.872429
1.649804
1.649804
1.651409
1.651409
1.454325
1.454325
1.382752
1.382752
1.565022
1.565022
1.267330
1.267330
1.641293
1.641293
1.507939
1.507939
1.407785
1.407785
1.386692
1.386692
1.350459
1.350459
1.642689
1.642689
1.514448
1.514448
1.549658
1.549658
1.318567
1.318567
1.468458
1.468458
1.311190
1.311190
1.206822
1.206822
1.073077
1.073077
1.245322
1.245322
1.554886
1.554886
1.327807
1.327807
1.583653
1.583653
1.549754
1.549754
1.664112
1.664112
1.527177
1.527177
1.394585
1.394585
1.104498
1.104498
1.359558
1.359558
1.609113
1.609113
1.341061
1.341061
1.600319
1.600319
1.193786
1.193786
1.330312
1.330312
1.736390
1.736390
1.638277
1.638277
1.532372
1.532372
1.466809
1.466809
1.671888
1.671888
1.580014
1.580014
1.472957
1.472957
1.539914
1.539914
1.371613
1.371613
1.695735
1.695735
1.683575
1.683575
1.606605
1.606605
1.297490
1.297490
1.661874
1.661874
1.366719
1.366719
1.555755
1.555755
1.378549
1.378549
1.703795
1.703795
1.339371
1.339371
1.657699
1.657699
1.555457
1.555457
1.361513
1.361513
1.310934
1.310934
1.494309
1.494309
1.601684
1.601684
1.638072
1.638072
1.489489
1.489489
1.396944
1.396944
1.509915
1.509915
1.428394
1.428394
1.527053
1.527053
1.531804
1.531804
1.454415
1.454415
1.232370
1.232370
1.404681
1.404681
1.773390
1.773390
1.436877
1.436877
1.378164
1.378164
1.457045
1.457045
1.213151
1.213151
1.498880
1.498880
1.320678
1.320678
1.581243
1.581243
1.199594
1.199594
1.465846
1.465846
1.725397
1.725397
1.405524
1.405524
1.236983
1.236983
1.550168
1.550168
1.455592
1.455592
1.550920
1.550920
1.487043
1.487043
1.355319
1.355319
1.312168
1.312168
1.800362
1.800362
1.638855
1.638855
1.547368
1.547368
1.296937
1.296937
1.362095
1.362095
1.811179
1.811179
1.504294
1.504294
1.572269
1.572269
1.495183
1.495183
1.437133
1.437133
1.511800
1.511800
1.233359
1.233359
1.356023
1.356023
1.186265
1.186265
1.760929
1.760929
1.644485
1.644485
1.484283
1.484283
1.456488
1.456488
1.546389
1.546389
1.711951
1.711951
1.686481
1.686481
1.552830
1.552830
1.647725
1.647725
1.321477
1.321477
1.553442
1.553442
1.572432
1.572432
1.354458
1.354458
1.583649
1.583649
1.334290
1.334290
1.376894
1.376894
1.397662
1.397662
1.477046
1.477046
1.511254
1.511254
1.664694
1.664694
1.609144
1.609144
1.394042
1.394042
1.594656
1.594656
1.332372
1.332372
1.528280
1.528280
1.319831
1.319831
1.588298
1.588298
1.499924
1.499924
1.511630
1.511630
1.831666
1.831666
1.572889
1.572889
1.653487
1.653487
1.210881
1.210881
1.693082
1.693082
1.524206
1.524206
1.570836
1.570836
1.535219
1.535219
1.585986
1.585986
1.184420
1.184420
1.518810
1.518810
1.380439
1.380439
1.379519
1.379519
1.621853
1.621853
1.368152
1.368152
1.412358
1.412358
1.647124
1.647124
1.257062
1.257062
1.410108
1.410108
1.395764
1.395764
1.527102
1.527102
1.587799
1.587799
1.340824
1.340824
1.557259
1.557259
1.390841
1.390841
1.415967
1.415967
1.498131
1.498131
1.467824
1.467824
1.364683
1.364683
1.853258
1.853258
1.438542
1.438542
1.638790
1.638790
1.578663
1.578663
1.595985
1.595985
1.545653
1.545653
1.662760
1.662760
1.432208
1.432208
1.700761
1.700761
1.524386
1.524386
1.289577
1.289577
1.438842
1.438842
1.392507
1.392507
1.246718
1.246718
1.592418
1.592418
1.430689
1.430689
1.315936
1.315936
1.307887
1.307887
1.574553
1.574553
1.532036
1.532036
1.466370
1.466370
1.383438
1.383438
1.641541
1.641541
1.249676
1.249676
1.430855
1.430855
1.589869
1.589869
1.771851
1.771851
1.387711
1.387711
1.608915
1.608915
1.705140
1.705140
1.374648
1.374648
1.389618
1.389618
1.357664
1.357664
1.365009
1.365009
1.448187
1.448187
1.455804
1.455804
1.411394
1.411394
1.439409
1.439409
1.344020
1.344020
1.587749
1.587749
1.504124
1.504124
1.568069
1.568069
1.357262
1.357262
1.579899
1.579899
1.449436
1.449436
1.503600
1.503600
1.439997
1.439997
1.498920
1.498920
1.409602
1.409602
1.183004
1.183004
1.342522
1.342522
1.424085
1.424085
1.286660
1.286660
1.384291
1.384291
1.533498
1.533498
1.560993
1.560993
1.722999
1.722999
1.617719
1.617719
1.436978
1.436978
1.695191
1.695191
1.556811
1.556811
1.529459
1.529459
1.378942
1.378942
1.495465
1.495465
1.582535
1.582535
1.507251
1.507251
1.283438
1.283438
1.452067
1.452067
1.600817
1.600817
1.275321
1.275321
1.200956
1.200956
1.479240
1.479240
1.188235
1.188235
1.424876
1.424876
1.610175
1.610175
1.345813
1.345813
1.467678
1.467678
1.600277
1.600277
1.280484
1.280484
1.289881
1.289881
1.453750
1.453750
1.438844
1.438844
1.499238
1.499238
1.446430
1.446430
1.353384
1.353384
1.546713
1.546713
1.549724
1.549724
1.413480
1.413480
1.607368
1.607368
1.602407
1.602407
1.524635
1.524635
1.563830
1.563830
1.537670
1.537670
1.409702
1.409702
1.261465
1.261465
1.320693
1.320693
1.182637
1.182637
1.307143
1.307143
1.368739
1.368739
1.540875
1.540875
1.637930
1.637930
1.544054
1.544054
1.825912
1.825912
1.583238
1.583238
1.571787
1.571787
1.423808
1.423808
1.330180
1.330180
1.283099
1.283099
1.274084
1.274084
1.424487
1.424487
1.368128
1.368128
1.312278
1.312278
1.345603
1.345603
1.638473
1.638473
1.608616
1.608616
1.496288
1.496288
1.352596
1.352596
1.605273
1.605273
1.431376
1.431376
1.426193
1.426193
1.449057
1.449057
1.143930
1.143930
1.342340
1.342340
1.410583
1.410583
1.376222
1.376222
1.736967
1.736967
1.602284
1.602284
1.634691
1.634691
1.623615
1.623615
1.555469
1.555469
1.700679
1.700679
1.479075
1.479075
1.305012
1.305012
1.368888
1.368888
1.209334
1.209334
1.379457
1.379457
1.434586
1.434586
1.526894
1.526894
1.538284
1.538284
1.251494
1.251494
1.940844
1.940844
1.668597
1.668597
1.497312
1.497312
1.392552
1.392552
1.315610
1.315610
1.520984
1.520984
1.520559
1.520559
1.448060
1.448060
1.359401
1.359401
1.310265
1.310265
1.418062
1.418062
1.440686
1.440686
1.502564
1.502564
1.518379
1.518379
1.319777
1.319777
1.267236
1.267236
1.408229
1.408229
1.404126
1.404126
1.424128
1.424128
1.562831
1.562831
1.332329
1.332329
1.093923
1.093923
1.469141
1.469141
1.184883
1.184883
1.657538
1.657538
1.409502
1.409502
1.207036
1.207036
1.474705
1.474705
1.698498
1.698498
1.361745
1.361745
1.407670
1.407670
1.389039
1.389039
1.202407
1.202407
1.338150
1.338150
1.280927
1.280927
1.444584
1.444584
1.342410
1.342410
1.432704
1.432704
1.684684
1.684684
1.632329
1.632329
1.688633
1.688633
1.388418
1.388418
1.684866
1.684866
1.765085
1.765085
1.682957
1.682957
1.369264
1.369264
1.333024
1.333024
1.527462
1.527462
1.393511
1.393511
1.307914
1.307914
1.161404
1.161404
1.546360
1.546360
1.602473
1.602473
1.236014
1.236014
1.358948
1.358948
1.464723
1.464723
1.395174
1.395174
1.661482
1.661482
1.393852
1.393852
1.257535
1.257535
1.401407
1.401407
1.438611
1.438611
1.700047
1.700047
1.391698
1.391698
1.506665
1.506665
1.303053
1.303053
1.613688
1.613688
1.300977
1.300977
1.157594
1.157594
1.555779
1.555779
1.466445
1.466445
1.564523
1.564523
1.406615
1.406615
1.371651
1.371651
1.704566
1.704566
1.624207
1.624207
1.625979
1.625979
1.358154
1.358154
1.427041
1.427041
1.387954
1.387954
1.670156
1.670156
1.148460
1.148460
1.541284
1.541284
1.209399
1.209399
1.583825
1.583825
1.464628
1.464628
1.356455
1.356455
1.364817
1.364817
1.569190
1.569190
1.635664
1.635664
1.506165
1.506165
1.368186
1.368186
1.362902
1.362902
1.359528
1.359528
1.589608
1.589608
1.389111
1.389111
1.436896
1.436896
1.409055
1.409055
1.230428
1.230428
1.337617
1.337617
1.360549
1.360549
1.607803
1.607803
1.416597
1.416597
1.649878
1.649878
1.512864
1.512864
1.369988
1.369988
1.455727
1.455727
1.371672
1.371672
1.631159
1.631159
1.599623
1.599623
1.256679
1.256679
1.468322
1.468322
1.336965
1.336965
1.435640
1.435640
1.215153
1.215153
1.515159
1.515159
1.389279
1.389279
1.218511
1.218511
1.945262
1.945262
1.455374
1.455374
1.433064
1.433064
1.496058
1.496058
1.408582
1.408582
1.565134
1.565134
1.367749
1.367749
1.399318
1.399318
1.602268
1.602268
1.348411
1.348411
1.415877
1.415877
1.300139
1.300139
1.325509
1.325509
1.251362
1.251362
1.380024
1.380024
1.361115
1.361115
1.382402
1.382402
1.470211
1.470211
1.260248
1.260248
1.318383
1.318383
1.731371
1.731371
1.439158
1.439158
1.271013
1.271013
1.361552
1.361552
1.426301
1.426301
1.478333
1.478333
1.388922
1.388922
1.183714
1.183714
1.146182
1.146182
1.152247
1.152247
1.488182
1.488182
1.556468
1.556468
1.293672
1.293672
1.452359
1.452359
1.629199
1.629199
1.475669
1.475669
1.419523
1.419523
1.571512
1.571512
1.352363
1.352363
1.335006
1.335006
1.543604
1.543604
1.361216
1.361216
1.709890
1.709890
1.713554
1.713554
1.431741
1.431741
1.241464
1.241464
1.561066
1.561066
1.471420
1.471420
1.235469
1.235469
1.411349
1.411349
1.356152
1.356152
1.510259
1.510259
1.350487
1.350487
1.490888
1.490888
1.395856
1.395856
1.436726
1.436726
1.420277
1.420277
1.161908
1.161908
1.398179
1.398179
1.324249
1.324249
1.292003
1.292003
1.384450
1.384450
1.137952
1.137952
1.513424
1.513424
1.685376
1.685376
1.613998
1.613998
1.207711
1.207711
1.636088
1.636088
1.636928
1.636928
1.230199
1.230199
1.261029
1.261029
1.492693
1.492693
1.584185
1.584185
1.452380
1.452380
1.360336
1.360336
1.597775
1.597775
1.101183
1.101183
1.195004
1.195004
1.380834
1.380834
1.359622
1.359622
1.276488
1.276488
1.264646
1.264646
1.436181
1.436181
1.932140
1.932140
1.406241
1.406241
1.702975
1.702975
1.400630
1.400630
1.373682
1.373682
1.567394
1.567394
1.655432
1.655432
1.599055
1.599055
1.590312
1.590312
1.386465
1.386465
1.250402
1.250402
1.553473
1.553473
1.657075
1.657075
1.381291
1.381291
1.274664
1.274664
1.326339
1.326339
1.455288
1.455288
1.249530
1.249530
1.321640
1.321640
1.425088
1.425088
1.582168
1.582168
1.627978
1.627978
1.514480
1.514480
1.392613
1.392613
1.491045
1.491045
1.460925
1.460925
1.385253
1.385253
1.367881
1.367881
1.451548
1.451548
1.409027
1.409027
1.200278
1.200278
1.545049
1.545049
1.445112
1.445112
1.376495
1.376495
1.290384
1.290384
1.696544
1.696544
1.372652
1.372652
1.509248
1.509248
1.644465
1.644465
1.537358
1.537358
1.539061
1.539061
1.594264
1.594264
1.439845
1.439845
1.627665
1.627665
1.401491
1.401491
1.198884
1.198884
1.356072
1.356072
1.389713
1.389713
1.366689
1.366689
1.280364
1.280364
1.393173
1.393173
1.427647
1.427647
1.514797
1.514797
1.473287
1.473287
1.410900
1.410900
1.381855
1.381855
1.342752
1.342752
1.430562
1.430562
1.557231
1.557231
1.509375
1.509375
1.670706
1.670706
1.673497
1.673497
1.524544
1.524544
1.436170
1.436170
1.514477
1.514477
1.174555
1.174555
1.261941
1.261941
1.392954
1.392954
1.250562
1.250562
1.420676
1.420676
1.446972
1.446972
1.612962
1.612962
1.309752
1.309752
1.370736
1.370736
1.462078
1.462078
1.510584
1.510584
1.497093
1.497093
1.303277
1.303277
1.451875
1.451875
1.465026
1.465026
1.610804
1.610804
1.371626
1.371626
1.316998
1.316998
1.558654
1.558654
1.219900
1.219900
1.441201
1.441201
1.275427
1.275427
1.209423
1.209423
1.261987
1.261987
1.345533
1.345533
1.198046
1.198046
1.211644
1.211644
1.143620
1.143620
1.158350
1.158350
1.178173
1.178173
1.459087
1.459087
1.353079
1.353079
1.409578
1.409578
1.418671
1.418671
1.564840
1.564840
1.483597
1.483597
1.393157
1.393157
1.471405
1.471405
1.350354
1.350354
1.274307
1.274307
1.177180
1.177180
1.439451
1.439451
1.493402
1.493402
1.386483
1.386483
1.427151
1.427151
1.280573
1.280573
1.026472
1.026472
1.155673
1.155673
1.250973
1.250973
1.486856
1.486856
1.275268
1.275268
1.265575
1.265575
1.310801
1.310801
1.270705
1.270705
1.295634
1.295634
1.274256
1.274256
1.343089
1.343089
1.458661
1.458661
1.409942
1.409942
1.497824
1.497824
1.188560
1.188560
1.246270
1.246270
1.473295
1.473295
1.427903
1.427903
1.573793
1.573793
1.201242
1.201242
1.631743
1.631743
1.490290
1.490290
1.522283
1.522283
1.423115
1.423115
1.281685
1.281685
1.865143
1.865143
1.415519
1.415519
1.392690
1.392690
1.346416
1.346416
1.548596
1.548596
1.559875
1.559875
1.291683
1.291683
1.208635
1.208635
1.568215
1.568215
1.362410
1.362410
1.415574
1.415574
1.380464
1.380464
1.406681
1.406681
1.420441
1.420441
1.473253
1.473253
1.645702
1.645702
1.273496
1.273496
1.663873
1.663873
1.263444
1.263444
1.447672
1.447672
1.484976
1.484976
1.309875
1.309875
1.516886
1.516886
1.516660
1.516660
1.664092
1.664092
1.344486
1.344486
1.233312
1.233312
1.473574
1.473574
1.469098
1.469098
1.249615
1.249615
1.633518
1.633518
1.441998
1.441998
1.538617
1.538617
1.222697
1.222697
1.414939
1.414939
1.167256
1.167256
1.699767
1.699767
1.737142
1.737142
1.501986
1.501986
2.146829
2.146829
1.142453
1.142453
1.331011
1.331011
1.520957
1.520957
1.231080
1.231080
1.376363
1.376363
1.561972
1.561972
1.481935
1.481935
1.434556
1.434556
1.306089
1.306089
1.348647
1.348647
1.366196
1.366196
1.462737
1.462737
1.214464
1.214464
1.521717
1.521717
1.445192
1.445192
1.254875
1.254875
1.151775
1.151775
1.421416
1.421416
1.465114
1.465114
1.446386
1.446386
1.540877
1.540877
1.412954
1.412954
1.618975
1.618975
1.344549
1.344549
1.210598
1.210598
1.371183
1.371183
1.469703
1.469703
1.428372
1.428372
1.516027
1.516027
1.521878
1.521878
1.532254
1.532254
1.319558
1.319558
1.471708
1.471708
1.446611
1.446611
1.224149
1.224149
1.233823
1.233823
1.474779
1.474779
1.386682
1.386682
1.390212
1.390212
1.477325
1.477325
1.519112
1.519112
1.391595
1.391595
1.160709
1.160709
1.312244
1.312244
1.485420
1.485420
1.499379
1.499379
1.330524
1.330524
1.566867
1.566867
1.448732
1.448732
1.209059
1.209059
1.204725
1.204725
1.446698
1.446698
1.350604
1.350604
1.355890
1.355890
1.507858
1.507858
1.220961
1.220961
1.517551
1.517551
1.505593
1.505593
1.577516
1.577516
1.382223
1.382223
1.380617
1.380617
1.031564
1.031564
1.641584
1.641584
1.157892
1.157892
1.570668
1.570668
1.509457
1.509457
1.453277
1.453277
1.347110
1.347110
1.220672
1.220672
1.194721
1.194721
1.399998
1.399998
1.340840
1.340840
1.088112
1.088112
1.311408
1.311408
1.461610
1.461610
1.173336
1.173336
1.223082
1.223082
1.450753
1.450753
1.387953
1.387953
1.386914
1.386914
1.526414
1.526414
1.215560
1.215560
1.418836
1.418836
1.456566
1.456566
1.456198
1.456198
1.455245
1.455245
1.590406
1.590406
1.527493
1.527493
1.365357
1.365357
1.431798
1.431798
1.443557
1.443557
1.391545
1.391545
1.392541
1.392541
1.407240
1.407240
0.834493
0.834493
1.216781
1.216781
1.248249
1.248249
1.236856
1.236856
1.503729
1.503729
1.456869
1.456869
1.550929
1.550929
1.391873
1.391873
1.166076
1.166076
1.429489
1.429489
1.363994
1.363994
1.159096
1.159096
1.199948
1.199948
1.438853
1.438853
1.515131
1.515131
1.433837
1.433837
1.330923
1.330923
1.274715
1.274715
1.441975
1.441975
1.298557
1.298557
1.680850
1.680850
1.871844
1.871844
1.628764
1.628764
1.424289
1.424289
1.346912
1.346912
1.254709
1.254709
1.400176
1.400176
1.550078
1.550078
1.554111
1.554111
1.419787
1.419787
1.597141
1.597141
1.241356
1.241356
1.168272
1.168272
1.141153
1.141153
1.841034
1.841034
1.479119
1.479119
1.390596
1.390596
1.260021
1.260021
1.639340
1.639340
1.257573
1.257573
1.542012
1.542012
1.423034
1.423034
1.528445
1.528445
1.648886
1.648886
1.665321
1.665321
1.438396
1.438396
1.297132
1.297132
1.405675
1.405675
1.481024
1.481024
1.392871
1.392871
1.363008
1.363008
1.518742
1.518742
1.505934
1.505934
1.492518
1.492518
1.158759
1.158759
1.375669
1.375669
1.335451
1.335451
1.386837
1.386837
1.634832
1.634832
1.446610
1.446610
1.804714
1.804714
1.274700
1.274700
1.370557
1.370557
1.344857
1.344857
1.459282
1.459282
1.244992
1.244992
1.340886
1.340886
1.167226
1.167226
1.237513
1.237513
1.286965
1.286965
1.455934
1.455934
1.531859
1.531859
1.780541
1.780541
1.288222
1.288222
1.589062
1.589062
1.216431
1.216431
1.714325
1.714325
1.295864
1.295864
1.403249
1.403249
1.348899
1.348899
1.216780
1.216780
1.293619
1.293619
1.310953
1.310953
1.215217
1.215217
1.103329
1.103329
1.301390
1.301390
1.620885
1.620885
1.258575
1.258575
1.314678
1.314678
1.196811
1.196811
0.983710
0.983710
1.074566
1.074566
1.525452
1.525452
1.443916
1.443916
1.696774
1.696774
1.468752
1.468752
1.779174
1.779174
1.228433
1.228433
1.220115
1.220115
1.181256
1.181256
1.117359
1.117359
1.291057
1.291057
1.541107
1.541107
1.276060
1.276060
1.576618
1.576618
1.393378
1.393378
1.342381
1.342381
1.319093
1.319093
1.380397
1.380397
1.534276
1.534276
1.482957
1.482957
1.699346
1.699346
1.364470
1.364470
1.349089
1.349089
1.369503
1.369503
1.419782
1.419782
1.365430
1.365430
1.290324
1.290324
1.174864
1.174864
1.530184
1.530184
1.423578
1.423578
1.273233
1.273233
1.267664
1.267664
1.372882
1.372882
1.352874
1.352874
1.279343
1.279343
1.255496
1.255496
1.383573
1.383573
1.118692
1.118692
1.135502
1.135502
1.311945
1.311945
1.498947
1.498947
1.320738
1.320738
1.268322
1.268322
1.665075
1.665075
1.549389
1.549389
1.134316
1.134316
1.406248
1.406248
1.207449
1.207449
1.435563
1.435563
1.520644
1.520644
1.357410
1.357410
1.431848
1.431848
1.203923
1.203923
1.163140
1.163140
1.384901
1.384901
1.347966
1.347966
1.256276
1.256276
1.318727
1.318727
1.479831
1.479831
1.665458
1.665458
1.432113
1.432113
1.531555
1.531555
1.447462
1.447462
1.081214
1.081214
1.111828
1.111828
1.367431
1.367431
1.294489
1.294489
1.400171
1.400171
1.374810
1.374810
1.441506
1.441506
1.005539
1.005539
1.096583
1.096583
0.930143
0.930143
1.579738
1.579738
1.445131
1.445131
1.193996
1.193996
1.365165
1.365165
1.288080
1.288080
1.378314
1.378314
1.493667
1.493667
1.244033
1.244033
1.407720
1.407720
1.408044
1.408044
1.477889
1.477889
1.237758
1.237758
1.139554
1.139554
1.463538
1.463538
1.248950
1.248950
1.484616
1.484616
1.175613
1.175613
1.272088
1.272088
1.253310
1.253310
1.521166
1.521166
1.384898
1.384898
1.415574
1.415574
1.507598
1.507598
1.235753
1.235753
1.748187
1.748187
1.341472
1.341472
1.301420
1.301420
1.663674
1.663674
1.463235
1.463235
1.239637
1.239637
1.275607
1.275607
1.510743
1.510743
1.249265
1.249265
0.882592
0.882592
1.362241
1.362241
1.331148
1.331148
1.309451
1.309451
1.281762
1.281762
1.342597
1.342597
1.499058
1.499058
1.255262
1.255262
1.439558
1.439558
1.590396
1.590396
1.264378
1.264378
1.252975
1.252975
1.259796
1.259796
1.408252
1.408252
1.317385
1.317385
1.305699
1.305699
1.382093
1.382093
1.135495
1.135495
1.603961
1.603961
1.141659
1.141659
1.245889
1.245889
1.262340
1.262340
1.385252
1.385252
1.346761
1.346761
1.627525
1.627525
1.462054
1.462054
1.429239
1.429239
1.437206
1.437206
1.306324
1.306324
1.536556
1.536556
1.251869
1.251869
1.259025
1.259025
1.439163
1.439163
1.545599
1.545599
1.419209
1.419209
1.247813
1.247813
1.127787
1.127787
1.220807
1.220807
1.163100
1.163100
1.433479
1.433479
1.210858
1.210858
1.485889
1.485889
1.178661
1.178661
1.382537
1.382537
1.414991
1.414991
1.368886
1.368886
1.222529
1.222529
1.286509
1.286509
1.316705
1.316705
1.558774
1.558774
1.323058
1.323058
1.609640
1.609640
1.627696
1.627696
1.388435
1.388435
1.357184
1.357184
1.327073
1.327073
1.335933
1.335933
1.214696
1.214696
1.497839
1.497839
1.593680
1.593680
1.306043
1.306043
1.287199
1.287199
1.265658
1.265658
1.383288
1.383288
1.434618
1.434618
1.505158
1.505158
1.471505
1.471505
1.329565
1.329565
1.528558
1.528558
1.256936
1.256936
1.203642
1.203642
1.314124
1.314124
1.422890
1.422890
1.474920
1.474920
1.422755
1.422755
1.309729
1.309729
1.254644
1.254644
1.413477
1.413477
1.414971
1.414971
1.394780
1.394780
1.233178
1.233178
1.275117
1.275117
1.441183
1.441183
1.360499
1.360499
1.276623
1.276623
1.509141
1.509141
1.376071
1.376071
1.169721
1.169721
1.601638
1.601638
1.269383
1.269383
1.314175
1.314175
1.176820
1.176820
1.095122
1.095122
1.052407
1.052407
1.067541
1.067541
0.867886
0.867886
1.131190
1.131190
1.508326
1.508326
1.455701
1.455701
1.597268
1.597268
1.350192
1.350192
1.501019
1.501019
1.485910
1.485910
1.442699
1.442699
1.370483
1.370483
1.680092
1.680092
1.577550
1.577550
1.264640
1.264640
1.327296
1.327296
1.211756
1.211756
1.309530
1.309530
1.410320
1.410320
1.289706
1.289706
1.414267
1.414267
1.392389
1.392389
1.473278
1.473278
1.326344
1.326344
1.523844
1.523844
1.108297
1.108297
1.406718
1.406718
1.370433
1.370433
1.387473
1.387473
1.480916
1.480916
1.201933
1.201933
1.346117
1.346117
1.238729
1.238729
1.236095
1.236095
1.337958
1.337958
1.097277
1.097277
1.497198
1.497198
1.577373
1.577373
1.573822
1.573822
1.667564
1.667564
1.265579
1.265579
1.481663
1.481663
1.448434
1.448434
1.595785
1.595785
1.349689
1.349689
1.218187
1.218187
1.288941
1.288941
1.169444
1.169444
1.301866
1.301866
1.055094
1.055094
1.401752
1.401752
1.026942
1.026942
1.251642
1.251642
1.218934
1.218934
1.369040
1.369040
1.625851
1.625851
1.335061
1.335061
1.128630
1.128630
1.353334
1.353334
1.627538
1.627538
1.359314
1.359314
1.354015
1.354015
1.221215
1.221215
1.427016
1.427016
1.330281
1.330281
1.345764
1.345764
1.335624
1.335624
1.126175
1.126175
1.243789
1.243789
1.375871
1.375871
1.311631
1.311631
1.350555
1.350555
1.329240
1.329240
1.120546
1.120546
1.551889
1.551889
1.340506
1.340506
1.235249
1.235249
1.339218
1.339218
1.006463
1.006463
1.193067
1.193067
1.123371
1.123371
1.153731
1.153731
1.426285
1.426285
1.442811
1.442811
1.316097
1.316097
1.373332
1.373332
1.263389
1.263389
1.223887
1.223887
1.227737
1.227737
1.249317
1.249317
1.055448
1.055448
1.300147
1.300147
1.454073
1.454073
1.256049
1.256049
1.308471
1.308471
1.688796
1.688796
1.365782
1.365782
1.161750
1.161750
1.408269
1.408269
1.375190
1.375190
1.258589
1.258589
1.257598
1.257598
1.093894
1.093894
1.386389
1.386389
1.211529
1.211529
1.243354
1.243354
1.318583
1.318583
1.625393
1.625393
1.264960
1.264960
1.405742
1.405742
1.347970
1.347970
1.546199
1.546199
1.351126
1.351126
1.406183
1.406183
1.403562
1.403562
1.404779
1.404779
1.118653
1.118653
1.290625
1.290625
1.265984
1.265984
1.292955
1.292955
1.202844
1.202844
1.449832
1.449832
1.186630
1.186630
1.135623
1.135623
1.210390
1.210390
1.314264
1.314264
1.353685
1.353685
1.258524
1.258524
1.356746
1.356746
1.447980
1.447980
1.716416
1.716416
0.648685
0.648685
1.188641
1.188641
1.153705
1.153705
1.213942
1.213942
1.313963
1.313963
1.310737
1.310737
1.440875
1.440875
1.225549
1.225549
1.233513
1.233513
1.368790
1.368790
1.564270
1.564270
1.220861
1.220861
1.017799
1.017799
1.224263
1.224263
1.317922
1.317922
1.486786
1.486786
1.410211
1.410211
1.158567
1.158567
1.370546
1.370546
1.402748
1.402748
1.504194
1.504194
1.031619
1.031619
1.472154
1.472154
1.392137
1.392137
1.232582
1.232582
1.368546
1.368546
1.298117
1.298117
1.508436
1.508436
1.410581
1.410581
1.339920
1.339920
1.579195
1.579195
1.162140
1.162140
1.099538
1.099538
1.444880
1.444880
1.177451
1.177451
1.205123
1.205123
1.293880
1.293880
1.575769
1.575769
1.105489
1.105489
1.411476
1.411476
1.245010
1.245010
1.264953
1.264953
1.317646
1.317646
1.253386
1.253386
1.378658
1.378658
1.066769
1.066769
1.141626
1.141626
1.039051
1.039051
1.185729
1.185729
1.415939
1.415939
1.422573
1.422573
1.343355
1.343355
1.356817
1.356817
1.828551
1.828551
1.684517
1.684517
1.521277
1.521277
1.058150
1.058150
1.365197
1.365197
1.184157
1.184157
1.390488
1.390488
1.323229
1.323229
1.241233
1.241233
1.206677
1.206677
1.314691
1.314691
1.259505
1.259505
1.487177
1.487177
1.638714
1.638714
1.136616
1.136616
1.326875
1.326875
1.381492
1.381492
1.531013
1.531013
1.274302
1.274302
1.249801
1.249801
1.283201
1.283201
1.485699
1.485699
1.410038
1.410038
1.323133
1.323133
1.108299
1.108299
1.429331
1.429331
1.222081
1.222081
1.085873
1.085873
1.193369
1.193369
1.094592
1.094592
1.024873
1.024873
1.617555
1.617555
1.475862
1.475862
1.468957
1.468957
1.404506
1.404506
1.284955
1.284955
1.219015
1.219015
1.369046
1.369046
1.427014
1.427014
1.353914
1.353914
1.330247
1.330247
1.220345
1.220345
1.632079
1.632079
1.686118
1.686118
1.485292
1.485292
1.247391
1.247391
1.662542
1.662542
1.357212
1.357212
1.378844
1.378844
1.588454
1.588454
1.105197
1.105197
1.424293
1.424293
1.437020
1.437020
1.321371
1.321371
1.582549
1.582549
0.979831
0.979831
1.305584
1.305584
1.548313
1.548313
1.032431
1.032431
1.178554
1.178554
1.208141
1.208141
1.508866
1.508866
1.513228
1.513228
1.471910
1.471910
1.472593
1.472593
1.421791
1.421791
1.448650
1.448650
1.227028
1.227028
1.161636
1.161636
1.171468
1.171468
1.178017
1.178017
1.436374
1.436374
1.199350
1.199350
1.123451
1.123451
1.283452
1.283452
1.595929
1.595929
1.275406
1.275406
1.485675
1.485675
1.339743
1.339743
1.176308
1.176308
1.172417
1.172417
1.365796
1.365796
1.409058
1.409058
1.109251
1.109251
1.070066
1.070066
1.358135
1.358135
1.443548
1.443548
1.355384
1.355384
1.262251
1.262251
1.383603
1.383603
1.083297
1.083297
1.283227
1.283227
1.330702
1.330702
1.432632
1.432632
1.285406
1.285406
1.288912
1.288912
1.171168
1.171168
1.463385
1.463385
1.232526
1.232526
1.216733
1.216733
1.140743
1.140743
1.557792
1.557792
1.664562
1.664562
1.603071
1.603071
1.321409
1.321409
1.140420
1.140420
1.647079
1.647079
1.262332
1.262332
1.091111
1.091111
1.002334
1.002334
1.283067
1.283067
1.190121
1.190121
1.619419
1.619419
1.470408
1.470408
1.220977
1.220977
1.263298
1.263298
1.148316
1.148316
1.265983
1.265983
1.556267
1.556267
1.252387
1.252387
1.427446
1.427446
1.397267
1.397267
1.230166
1.230166
1.274813
1.274813
1.380257
1.380257
1.362868
1.362868
1.251417
1.251417
1.582398
1.582398
1.002260
1.002260
1.153791
1.153791
1.053637
1.053637
1.288626
1.288626
1.325376
1.325376
1.737142
1.737142
1.505052
1.505052
1.077140
1.077140
1.472126
1.472126
1.290951
1.290951
1.196089
1.196089
1.210190
1.210190
1.381592
1.381592
1.443575
1.443575
1.225208
1.225208
1.370950
1.370950
1.254536
1.254536
1.294658
1.294658
1.265696
1.265696
1.164742
1.164742
1.012002
1.012002
1.392639
1.392639
1.107179
1.107179
1.168465
1.168465
1.386217
1.386217
1.169176
1.169176
1.252799
1.252799
1.557676
1.557676
1.504351
1.504351
1.346110
1.346110
1.302928
1.302928
1.443622
1.443622
1.022451
1.022451
1.135783
1.135783
1.048415
1.048415
1.484172
1.484172
1.456502
1.456502
1.058280
1.058280
1.166508
1.166508
1.507749
1.507749
1.267830
1.267830
1.413553
1.413553
1.278745
1.278745
1.557575
1.557575
1.455763
1.455763
1.161372
1.161372
1.305745
1.305745
1.226544
1.226544
1.498848
1.498848
1.509144
1.509144
1.232290
1.232290
1.236016
1.236016
1.105383
1.105383
1.196495
1.196495
1.326830
1.326830
1.416461
1.416461
1.525546
1.525546
1.297642
1.297642
1.417955
1.417955
1.399843
1.399843
1.042363
1.042363
1.106664
1.106664
1.403011
1.403011
1.370375
1.370375
1.083940
1.083940
1.522875
1.522875
1.195198
1.195198
1.357029
1.357029
1.289910
1.289910
1.366465
1.366465
1.311125
1.311125
1.651579
1.651579
1.185128
1.185128
1.098825
1.098825
1.318443
1.318443
1.387798
1.387798
1.424978
1.424978
1.620935
1.620935
1.257089
1.257089
1.289430
1.289430
1.173323
1.173323
1.567008
1.567008
0.942924
0.942924
1.488472
1.488472
1.616186
1.616186
1.280829
1.280829
1.308098
1.308098
1.137246
1.137246
1.384123
1.384123
1.376744
1.376744
1.379574
1.379574
1.385821
1.385821
1.377516
1.377516
1.457763
1.457763
1.056748
1.056748
1.479747
1.479747
1.283358
1.283358
1.511473
1.511473
1.237245
1.237245
1.129051
1.129051
1.181126
1.181126
1.241349
1.241349
1.162178
1.162178
1.334803
1.334803
1.235465
1.235465
1.440720
1.440720
1.374138
1.374138
1.179525
1.179525
1.395127
1.395127
1.383349
1.383349
1.062936
1.062936
1.149254
1.149254
1.166228
1.166228
1.367654
1.367654
1.178118
1.178118
1.015365
1.015365
1.347679
1.347679
1.226854
1.226854
1.505937
1.505937
1.286587
1.286587
1.224418
1.224418
1.274653
1.274653
1.179373
1.179373
1.078422
1.078422
1.438365
1.438365
1.460289
1.460289
1.393624
1.393624
1.453116
1.453116
1.286249
1.286249
1.316381
1.316381
1.555597
1.555597
1.065041
1.065041
1.230786
1.230786
1.267548
1.267548
1.137833
1.137833
1.270771
1.270771
1.367374
1.367374
1.136071
1.136071
1.136762
1.136762
1.164142
1.164142
1.285850
1.285850
1.283930
1.283930
1.104474
1.104474
1.218280
1.218280
1.254162
1.254162
1.426453
1.426453
1.585357
1.585357
1.431814
1.431814
1.370883
1.370883
1.351395
1.351395
1.232869
1.232869
1.362332
1.362332
1.194356
1.194356
1.224017
1.224017
1.302371
1.302371
1.172665
1.172665
1.354916
1.354916
1.516222
1.516222
1.414841
1.414841
1.422352
1.422352
1.266304
1.266304
1.277319
1.277319
1.326706
1.326706
1.191514
1.191514
1.330050
1.330050
1.163857
1.163857
1.653956
1.653956
1.297165
1.297165
1.501759
1.501759
1.155753
1.155753
1.159586
1.159586
1.343327
1.343327
1.194708
1.194708
1.281512
1.281512
1.287280
1.287280
1.332317
1.332317
1.184185
1.184185
1.030962
1.030962
1.622620
1.622620
1.486411
1.486411
1.287689
1.287689
1.513652
1.513652
1.328045
1.328045
1.026075
1.026075
1.192902
1.192902
1.231111
1.231111
1.408258
1.408258
1.054964
1.054964
1.342021
1.342021
1.339064
1.339064
1.211825
1.211825
1.317368
1.317368
1.304404
1.304404
1.110432
1.110432
1.071777
1.071777
1.202047
1.202047
1.369857
1.369857
1.329044
1.329044
1.260819
1.260819
1.257520
1.257520
1.240703
1.240703
1.325864
1.325864
1.279202
1.279202
1.097483
1.097483
1.420302
1.420302
1.117523
1.117523
1.769035
1.769035
1.208008
1.208008
1.250606
1.250606
1.686588
1.686588
1.497006
1.497006
1.280437
1.280437
1.448038
1.448038
1.264158
1.264158
1.201257
1.201257
1.136612
1.136612
1.225408
1.225408
1.407040
1.407040
1.404054
1.404054
1.447028
1.447028
1.232858
1.232858
1.157323
1.157323
1.292399
1.292399
1.088507
1.088507
1.160932
1.160932
1.070677
1.070677
1.432928
1.432928
1.385837
1.385837
1.416742
1.416742
1.173347
1.173347
1.275877
1.275877
1.212540
1.212540
1.189166
1.189166
1.214998
1.214998
0.973447
0.973447
1.268623
1.268623
1.034602
1.034602
1.165025
1.165025
1.155597
1.155597
1.260888
1.260888
1.371254
1.371254
1.274315
1.274315
1.327409
1.327409
1.231669
1.231669
1.299277
1.299277
0.985477
0.985477
1.218599
1.218599
1.229496
1.229496
1.186184
1.186184
1.412227
1.412227
1.214671
1.214671
1.469638
1.469638
1.343432
1.343432
1.425079
1.425079
1.463970
1.463970
1.304276
1.304276
1.208558
1.208558
1.361911
1.361911
1.395935
1.395935
1.089568
1.089568
1.224964
1.224964
1.349770
1.349770
1.155153
1.155153
1.478857
1.478857
1.253544
1.253544
1.207541
1.207541
1.285303
1.285303
1.169503
1.169503
1.559576
1.559576
1.277069
1.277069
1.332240
1.332240
1.124448
1.124448
1.361536
1.361536
1.154192
1.154192
1.378652
1.378652
1.207163
1.207163
1.372189
1.372189
1.268476
1.268476
1.354531
1.354531
1.173775
1.173775
1.368970
1.368970
1.204541
1.204541
1.224645
1.224645
1.578121
1.578121
1.246381
1.246381
1.433177
1.433177
1.181484
1.181484
1.254658
1.254658
1.319747
1.319747
1.325961
1.325961
1.190261
1.190261
1.509373
1.509373
1.209932
1.209932
1.174271
1.174271
1.109354
1.109354
1.187547
1.187547
1.195635
1.195635
1.208941
1.208941
0.942905
0.942905
1.167303
1.167303
1.371927
1.371927
1.357189
1.357189
1.050956
1.050956
1.504442
1.504442
1.175663
1.175663
1.117768
1.117768
1.448581
1.448581
1.268913
1.268913
1.036418
1.036418
1.289406
1.289406
1.356313
1.356313
1.488710
1.488710
1.462582
1.462582
1.035737
1.035737
1.353667
1.353667
1.524772
1.524772
1.254190
1.254190
1.258477
1.258477
1.189118
1.189118
1.355354
1.355354
1.652468
1.652468
1.057522
1.057522
1.404454
1.404454
1.457606
1.457606
1.330601
1.330601
1.439368
1.439368
1.465167
1.465167
1.032376
1.032376
1.134898
1.134898
1.603084
1.603084
1.348155
1.348155
1.244682
1.244682
1.412325
1.412325
0.895106
0.895106
1.090269
1.090269
0.863869
0.863869
1.223004
1.223004
1.316946
1.316946
1.236340
1.236340
1.452726
1.452726
1.353818
1.353818
1.300921
1.300921
0.827352
0.827352
1.263850
1.263850
1.528509
1.528509
1.294997
1.294997
1.494732
1.494732
1.772410
1.772410
1.555820
1.555820
1.217202
1.217202
1.533458
1.533458
1.090577
1.090577
1.548973
1.548973
1.229897
1.229897
1.065682
1.065682
1.329995
1.329995
1.113696
1.113696
1.241242
1.241242
1.051007
1.051007
1.337117
1.337117
1.401238
1.401238
1.296152
1.296152
1.210379
1.210379
1.011908
1.011908
1.099105
1.099105
1.231601
1.231601
0.984987
0.984987
1.406764
1.406764
1.535623
1.535623
1.296375
1.296375
1.122834
1.122834
1.393742
1.393742
1.010001
1.010001
1.064100
1.064100
1.488334
1.488334
1.133881
1.133881
1.231601
1.231601
1.428275
1.428275
1.259567
1.259567
1.179026
1.179026
1.236845
1.236845
1.222235
1.222235
1.307682
1.307682
0.873390
0.873390
1.098432
1.098432
1.379462
1.379462
1.330402
1.330402
1.460078
1.460078
1.185086
1.185086
1.305440
1.305440
1.332769
1.332769
1.118688
1.118688
1.212590
1.212590
1.336659
1.336659
1.445568
1.445568
1.407813
1.407813
1.262968
1.262968
1.199946
1.199946
1.349396
1.349396
1.266996
1.266996
1.355669
1.355669
1.177756
1.177756
1.562155
1.562155
1.135110
1.135110
1.312037
1.312037
1.494725
1.494725
1.233439
1.233439
1.048416
1.048416
1.022838
1.022838
1.140113
1.140113
1.340106
1.340106
1.113287
1.113287
1.238277
1.238277
1.625978
1.625978
1.545948
1.545948
1.135358
1.135358
1.148897
1.148897
1.185078
1.185078
1.312122
1.312122
1.340455
1.340455
1.320093
1.320093
1.140577
1.140577
1.489400
1.489400
1.226454
1.226454
0.829055
0.829055
1.086540
1.086540
1.091284
1.091284
1.113227
1.113227
1.203970
1.203970
1.099682
1.099682
1.214786
1.214786
1.066947
1.066947
1.414254
1.414254
1.369191
1.369191
1.402147
1.402147
1.484561
1.484561
1.100584
1.100584
1.479791
1.479791
1.076214
1.076214
1.424312
1.424312
1.332921
1.332921
1.388209
1.388209
1.308555
1.308555
1.226911
1.226911
1.138452
1.138452
0.989925
0.989925
1.140289
1.140289
1.101465
1.101465
1.281628
1.281628
1.634707
1.634707
1.455788
1.455788
1.117387
1.117387
1.354151
1.354151
1.556699
1.556699
1.264051
1.264051
1.334081
1.334081
1.205734
1.205734
1.134844
1.134844
1.083892
1.083892
1.342151
1.342151
1.523150
1.523150
1.300693
1.300693
1.224916
1.224916
1.607422
1.607422
1.616682
1.616682
1.242628
1.242628
1.320654
1.320654
1.049936
1.049936
1.015901
1.015901
1.263069
1.263069
1.088583
1.088583
1.001962
1.001962
1.006937
1.006937
1.084543
1.084543
1.136320
1.136320
1.365764
1.365764
1.413944
1.413944
1.489178
1.489178
1.329366
1.329366
1.338476
1.338476
1.281921
1.281921
1.080150
1.080150
1.060765
1.060765
0.887596
0.887596
1.151577
1.151577
1.203175
1.203175
1.337673
1.337673
1.153577
1.153577
1.212330
1.212330
1.287486
1.287486
1.298411
1.298411
1.269253
1.269253
1.073424
1.073424
1.187564
1.187564
1.126771
1.126771
1.523770
1.523770
1.226989
1.226989
1.109159
1.109159
1.194177
1.194177
1.543241
1.543241
1.363845
1.363845
1.292761
1.292761
1.126020
1.126020
1.479075
1.479075
1.179303
1.179303
1.532627
1.532627
1.221875
1.221875
1.211537
1.211537
1.312035
1.312035
1.233112
1.233112
1.258893
1.258893
1.349230
1.349230
0.983916
0.983916
1.219768
1.219768
1.090837
1.090837
1.417069
1.417069
1.331645
1.331645
1.315214
1.315214
1.353748
1.353748
1.380681
1.380681
1.335595
1.335595
1.516031
1.516031
1.002588
1.002588
1.592467
1.592467
1.331382
1.331382
1.299222
1.299222
1.241914
1.241914
1.223786
1.223786
1.266762
1.266762
1.417965
1.417965
1.185091
1.185091
1.171638
1.171638
1.231992
1.231992
1.481545
1.481545
1.272322
1.272322
0.996158
0.996158
1.481227
1.481227
1.622891
1.622891
1.078964
1.078964
1.325309
1.325309
1.244761
1.244761
1.248537
1.248537
1.457863
1.457863
1.247961
1.247961
1.443494
1.443494
1.213278
1.213278
1.432822
1.432822
1.027546
1.027546
1.111861
1.111861
1.106378
1.106378
1.305568
1.305568
1.064439
1.064439
1.148057
1.148057
1.334174
1.334174
1.404759
1.404759
1.261415
1.261415
1.642133
1.642133
0.946208
0.946208
1.240140
1.240140
0.995609
0.995609
1.161790
1.161790
1.420275
1.420275
1.183214
1.183214
1.216514
1.216514
1.202343
1.202343
1.042240
1.042240
1.378304
1.378304
1.304234
1.304234
1.395631
1.395631
1.302895
1.302895
1.446726
1.446726
1.230949
1.230949
1.386404
1.386404
1.324927
1.324927
1.187330
1.187330
1.271033
1.271033
1.152722
1.152722
1.187587
1.187587
1.400416
1.400416
1.154838
1.154838
1.321527
1.321527
1.331493
1.331493
1.043332
1.043332
1.339423
1.339423
1.275655
1.275655
1.364819
1.364819
1.268803
1.268803
1.063129
1.063129
1.259168
1.259168
0.916724
0.916724
1.027684
1.027684
1.176140
1.176140
1.127889
1.127889
1.381805
1.381805
1.219332
1.219332
0.857673
0.857673
1.246488
1.246488
1.235288
1.235288
1.076871
1.076871
1.155795
1.155795
1.191023
1.191023
1.400962
1.400962
1.031888
1.031888
1.111408
1.111408
1.076549
1.076549
1.202515
1.202515
1.138543
1.138543
1.356081
1.356081
1.416407
1.416407
1.392340
1.392340
1.099054
1.099054
1.517292
1.517292
1.324852
1.324852
1.199287
1.199287
1.605056
1.605056
1.252598
1.252598
1.332174
1.332174
1.233006
1.233006
1.287494
1.287494
1.144683
1.144683
1.215915
1.215915
1.385635
1.385635
1.451995
1.451995
1.211675
1.211675
1.781530
1.781530
0.997542
0.997542
1.286156
1.286156
1.157311
1.157311
1.251995
1.251995
1.225820
1.225820
1.230990
1.230990
1.348998
1.348998
1.156327
1.156327
1.042275
1.042275
0.979781
0.979781
1.119873
1.119873
1.152317
1.152317
1.314751
1.314751
1.394591
1.394591
1.150428
1.150428
1.179460
1.179460
1.229568
1.229568
1.109256
1.109256
1.103967
1.103967
1.152701
1.152701
0.983453
0.983453
1.322328
1.322328
1.191518
1.191518
1.105463
1.105463
1.024116
1.024116
1.195832
1.195832
1.154478
1.154478
1.101598
1.101598
1.077308
1.077308
1.318941
1.318941
1.179122
1.179122
1.176918
1.176918
1.534795
1.534795
1.162610
1.162610
1.308843
1.308843
1.364783
1.364783
1.201168
1.201168
1.209273
1.209273
1.216973
1.216973
1.212506
1.212506
1.032657
1.032657
1.437181
1.437181
1.387905
1.387905
1.204557
1.204557
1.176080
1.176080
1.285232
1.285232
1.231694
1.231694
1.542993
1.542993
1.374033
1.374033
1.151973
1.151973
1.674998
1.674998
1.279280
1.279280
1.027880
1.027880
1.075672
1.075672
1.331983
1.331983
1.081526
1.081526
1.262574
1.262574
1.161641
1.161641
1.064367
1.064367
1.189330
1.189330
1.258976
1.258976
1.211249
1.211249
1.120638
1.120638
1.178086
1.178086
0.984300
0.984300
1.535916
1.535916
1.062648
1.062648
1.194054
1.194054
1.329218
1.329218
1.478225
1.478225
1.357604
1.357604
1.276254
1.276254
1.089707
1.089707
1.216258
1.216258
1.239577
1.239577
1.392886
1.392886
1.431413
1.431413
1.331921
1.331921
1.197879
1.197879
1.244402
1.244402
1.302071
1.302071
1.257987
1.257987
1.209832
1.209832
1.350242
1.350242
1.379131
1.379131
1.595793
1.595793
1.359527
1.359527
1.143182
1.143182
1.215757
1.215757
1.008285
1.008285
1.205323
1.205323
1.336364
1.336364
1.204502
1.204502
1.407393
1.407393
1.469331
1.469331
1.383725
1.383725
1.238628
1.238628
0.853501
0.853501
1.247072
1.247072
1.213081
1.213081
1.298828
1.298828
1.084546
1.084546
1.031986
1.031986
1.330338
1.330338
1.212740
1.212740
1.262088
1.262088
1.270537
1.270537
0.956363
0.956363
1.015010
1.015010
1.141409
1.141409
1.123364
1.123364
1.175292
1.175292
1.157848
1.157848
1.419953
1.419953
1.240839
1.240839
1.272825
1.272825
1.350553
1.350553
1.408479
1.408479
1.197287
1.197287
1.126917
1.126917
1.400279
1.400279
1.236608
1.236608
1.150338
1.150338
1.317856
1.317856
1.435988
1.435988
1.187749
1.187749
1.221796
1.221796
1.290402
1.290402
1.286089
1.286089
1.208709
1.208709
1.102373
1.102373
1.030776
1.030776
1.640301
1.640301
1.342799
1.342799
0.976822
0.976822
1.109609
1.109609
0.941944
0.941944
0.943714
0.943714
0.956425
0.956425
1.083676
1.083676
1.255296
1.255296
1.236208
1.236208
1.012895
1.012895
1.112190
1.112190
1.222697
1.222697
1.170532
1.170532
1.608513
1.608513
1.168419
1.168419
1.238160
1.238160
1.249681
1.249681
1.247948
1.247948
1.345584
1.345584
1.219774
1.219774
1.098285
1.098285
1.032473
1.032473
1.110843
1.110843
1.253417
1.253417
1.199525
1.199525
1.322413
1.322413
1.247584
1.247584
1.100598
1.100598
1.094735
1.094735
1.135268
1.135268
1.163805
1.163805
1.517811
1.517811
1.376057
1.376057
1.345968
1.345968
1.259324
1.259324
1.078444
1.078444
1.331159
1.331159
1.411618
1.411618
1.076693
1.076693
1.506352
1.506352
1.075258
1.075258
1.076953
1.076953
1.337384
1.337384
1.337140
1.337140
1.255471
1.255471
1.105594
1.105594
1.178418
1.178418
1.422320
1.422320
1.106897
1.106897
1.408135
1.408135
1.224714
1.224714
1.100630
1.100630
1.083781
1.083781
1.058884
1.058884
1.279690
1.279690
1.386310
1.386310
1.287562
1.287562
1.285229
1.285229
1.261515
1.261515
1.163376
1.163376
1.213855
1.213855
1.148594
1.148594
1.303837
1.303837
0.988301
0.988301
1.529357
1.529357
1.406742
1.406742
1.016592
1.016592
1.334872
1.334872
1.281268
1.281268
1.113514
1.113514
1.416506
1.416506
1.184072
1.184072
1.393078
1.393078
1.408509
1.408509
1.161956
1.161956
1.224391
1.224391
1.422597
1.422597
1.064253
1.064253
1.188079
1.188079
1.135528
1.135528
1.054372
1.054372
1.392227
1.392227
1.183640
1.183640
1.362096
1.362096
1.514358
1.514358
1.194135
1.194135
1.454764
1.454764
1.171288
1.171288
0.874736
0.874736
1.167376
1.167376
1.480637
1.480637
1.347591
1.347591
0.935716
0.935716
1.103308
1.103308
1.083242
1.083242
1.159186
1.159186
1.224543
1.224543
1.415807
1.415807
1.228310
1.228310
1.261947
1.261947
0.957826
0.957826
1.095247
1.095247
1.111473
1.111473
1.236697
1.236697
1.301809
1.301809
1.406258
1.406258
1.278496
1.278496
1.500018
1.500018
1.336734
1.336734
1.475901
1.475901
1.129804
1.129804
1.374057
1.374057
1.047291
1.047291
1.147266
1.147266
1.022005
1.022005
1.120237
1.120237
1.443328
1.443328
1.253380
1.253380
1.031169
1.031169
1.011335
1.011335
1.220798
1.220798
1.017266
1.017266
1.126551
1.126551
1.273039
1.273039
1.316236
1.316236
1.706902
1.706902
1.443080
1.443080
1.235936
1.235936
1.339024
1.339024
1.255543
1.255543
1.005265
1.005265
1.335401
1.335401
1.027366
1.027366
1.176682
1.176682
1.190294
1.190294
1.280430
1.280430
1.156285
1.156285
0.742812
0.742812
1.226762
1.226762
1.126259
1.126259
1.118322
1.118322
1.568770
1.568770
1.471413
1.471413
1.481737
1.481737
1.418087
1.418087
1.257729
1.257729
1.073920
1.073920
1.057727
1.057727
1.356883
1.356883
1.005589
1.005589
0.852358
0.852358
1.596571
1.596571
0.905933
0.905933
1.315830
1.315830
1.169875
1.169875
1.392622
1.392622
1.140082
1.140082
1.147593
1.147593
1.454886
1.454886
1.262520
1.262520
1.604264
1.604264
1.690066
1.690066
1.225519
1.225519
1.351666
1.351666
1.490490
1.490490
0.874708
0.874708
1.246625
1.246625
1.113534
1.113534
1.176369
1.176369
1.060017
1.060017
1.148795
1.148795
1.451952
1.451952
1.160801
1.160801
1.150279
1.150279
1.357594
1.357594
1.320393
1.320393
1.470235
1.470235
1.282280
1.282280
0.968224
0.968224
1.145756
1.145756
1.353662
1.353662
1.311036
1.311036
1.249859
1.249859
1.246057
1.246057
0.983124
0.983124
1.073596
1.073596
1.195933
1.195933
1.420348
1.420348
1.144716
1.144716
1.232082
1.232082
1.425161
1.425161
1.120053
1.120053
1.181158
1.181158
1.237922
1.237922
1.233558
1.233558
0.964804
0.964804
1.122404
1.122404
1.188865
1.188865
1.360643
1.360643
1.209022
1.209022
1.147159
1.147159
1.074997
1.074997
1.124237
1.124237
1.279716
1.279716
1.047643
1.047643
0.979806
0.979806
1.013493
1.013493
1.204185
1.204185
1.318698
1.318698
1.188179
1.188179
1.122660
1.122660
1.409899
1.409899
1.271972
1.271972
1.249706
1.249706
0.746274
0.746274
0.992490
0.992490
1.011269
1.011269
1.060800
1.060800
1.001007
1.001007
1.283455
1.283455
1.503193
1.503193
1.214895
1.214895
0.886661
0.886661
1.375313
1.375313
1.434858
1.434858
1.269116
1.269116
1.248800
1.248800
0.985016
0.985016
1.100852
1.100852
1.005933
1.005933
1.271525
1.271525
0.989712
0.989712
1.288428
1.288428
1.440033
1.440033
1.033591
1.033591
1.378726
1.378726
1.101649
1.101649
1.229318
1.229318
0.879051
0.879051
1.361127
1.361127
0.852352
0.852352
1.275277
1.275277
1.375918
1.375918
1.327477
1.327477
1.001051
1.001051
1.256895
1.256895
1.141466
1.141466
1.041710
1.041710
1.078265
1.078265
1.451649
1.451649
1.655636
1.655636
1.259490
1.259490
0.996568
0.996568
1.235536
1.235536
1.099906
1.099906
1.175765
1.175765
1.137320
1.137320
1.132648
1.132648
1.433377
1.433377
0.987635
0.987635
0.989880
0.989880
1.067920
1.067920
1.414996
1.414996
1.190014
1.190014
1.454686
1.454686
1.315412
1.315412
1.251512
1.251512
1.200972
1.200972
1.354594
1.354594
1.133734
1.133734
1.030084
1.030084
1.036978
1.036978
1.179189
1.179189
0.925620
0.925620
1.171749
1.171749
1.255928
1.255928
1.087777
1.087777
1.655897
1.655897
1.255155
1.255155
1.333300
1.333300
1.221795
1.221795
0.877366
0.877366
0.947059
0.947059
1.161057
1.161057
1.345378
1.345378
1.038468
1.038468
1.355880
1.355880
1.137121
1.137121
0.912591
0.912591
1.212121
1.212121
0.850451
0.850451
1.110422
1.110422
1.195446
1.195446
1.320492
1.320492
1.523857
1.523857
1.517092
1.517092
1.297995
1.297995
1.037220
1.037220
1.112420
1.112420
1.355211
1.355211
1.031950
1.031950
1.031094
1.031094
1.450881
1.450881
1.274750
1.274750
1.325428
1.325428
1.144910
1.144910
1.177449
1.177449
1.176314
1.176314
1.114002
1.114002
1.147455
1.147455
1.399005
1.399005
0.863523
0.863523
1.443333
1.443333
1.174857
1.174857
1.278205
1.278205
1.320929
1.320929
1.310782
1.310782
1.233714
1.233714
1.292707
1.292707
1.231038
1.231038
1.284778
1.284778
1.289065
1.289065
1.226721
1.226721
1.198444
1.198444
1.098683
1.098683
1.161439
1.161439
1.259501
1.259501
1.342179
1.342179
1.486035
1.486035
1.427405
1.427405
1.319769
1.319769
1.336223
1.336223
1.076158
1.076158
1.019762
1.019762
1.158716
1.158716
1.137393
1.137393
1.169085
1.169085
1.172471
1.172471
0.929160
0.929160
1.060401
1.060401
1.428344
1.428344
1.462857
1.462857
0.969963
0.969963
1.236038
1.236038
1.400040
1.400040
1.276824
1.276824
1.200664
1.200664
1.335023
1.335023
1.171870
1.171870
1.119226
1.119226
1.042708
1.042708
1.893212
1.893212
0.885308
0.885308
1.102734
1.102734
1.073304
1.073304
1.149023
1.149023
1.058881
1.058881
1.016495
1.016495
1.138727
1.138727
1.195136
1.195136
0.785633
0.785633
1.578166
1.578166
1.348588
1.348588
1.063506
1.063506
1.321987
1.321987
1.307274
1.307274
0.998837
0.998837
1.289608
1.289608
0.991766
0.991766
1.317551
1.317551
1.237044
1.237044
1.182060
1.182060
1.532099
1.532099
1.023304
1.023304
0.995930
0.995930
1.091076
1.091076
1.147608
1.147608
1.418085
1.418085
1.154215
1.154215
1.325569
1.325569
1.223065
1.223065
1.531250
1.531250
1.234533
1.234533
1.158853
1.158853
1.179043
1.179043
1.282654
1.282654
1.078589
1.078589
1.034629
1.034629
1.056111
1.056111
1.073629
1.073629
1.250992
1.250992
1.347174
1.347174
1.454960
1.454960
1.152305
1.152305
1.067460
1.067460
0.888723
0.888723
1.100561
1.100561
1.456412
1.456412
1.308607
1.308607
1.375570
1.375570
1.067293
1.067293
0.978692
0.978692
0.986816
0.986816
1.308664
1.308664
1.379349
1.379349
1.258239
1.258239
1.310121
1.310121
1.298900
1.298900
0.853652
0.853652
1.360639
1.360639
1.041432
1.041432
1.191847
1.191847
0.927651
0.927651
1.039487
1.039487
1.151008
1.151008
1.095094
1.095094
1.176795
1.176795
1.344039
1.344039
1.199192
1.199192
1.009241
1.009241
0.997751
0.997751
1.189926
1.189926
1.371222
1.371222
1.382277
1.382277
1.278080
1.278080
1.133237
1.133237
1.352027
1.352027
0.913694
0.913694
1.248674
1.248674
1.012040
1.012040
1.336545
1.336545
1.039001
1.039001
1.442966
1.442966
1.183639
1.183639
1.430665
1.430665
1.171240
1.171240
1.333094
1.333094
1.250645
1.250645
1.214973
1.214973
1.370964
1.370964
1.383373
1.383373
1.221018
1.221018
0.967708
0.967708
1.351646
1.351646
1.460141
1.460141
1.500301
1.500301
1.528966
1.528966
1.281717
1.281717
1.402591
1.402591
0.834601
0.834601
1.315611
1.315611
0.962719
0.962719
1.079926
1.079926
1.291366
1.291366
1.175700
1.175700
1.253166
1.253166
1.101236
1.101236
1.027647
1.027647
1.101583
1.101583
1.383197
1.383197
1.293196
1.293196
1.393967
1.393967
1.172187
1.172187
0.937788
0.937788
0.970021
0.970021
1.219083
1.219083
1.072487
1.072487
1.288008
1.288008
1.038661
1.038661
1.430841
1.430841
1.027550
1.027550
1.039121
1.039121
1.100713
1.100713
1.205308
1.205308
1.088295
1.088295
1.020019
1.020019
1.301652
1.301652
1.248919
1.248919
1.264720
1.264720
1.390963
1.390963
2.274855
2.274855
1.039591
1.039591
1.092343
1.092343
1.344754
1.344754
1.158410
1.158410
0.981790
0.981790
1.209465
1.209465
1.010104
1.010104
1.367026
1.367026
1.478260
1.478260
1.261428
1.261428
1.297910
1.297910
1.373360
1.373360
1.093729
1.093729
0.924930
0.924930
1.296648
1.296648
1.205009
1.205009
1.151809
1.151809
1.041903
1.041903
1.329875
1.329875
1.223239
1.223239
1.523136
1.523136
1.224030
1.224030
1.242900
1.242900
1.010219
1.010219
1.100573
1.100573
1.341099
1.341099
1.045885
1.045885
1.097806
1.097806
1.130028
1.130028
0.995705
0.995705
1.014524
1.014524
1.081325
1.081325
1.121473
1.121473
1.160435
1.160435
1.152958
1.152958
1.336293
1.336293
1.283049
1.283049
1.397751
1.397751
1.424904
1.424904
1.262020
1.262020
1.152336
1.152336
1.248516
1.248516
1.269332
1.269332
1.396950
1.396950
1.031924
1.031924
1.076320
1.076320
1.013463
1.013463
1.013167
1.013167
1.455619
1.455619
1.066339
1.066339
1.038678
1.038678
1.350773
1.350773
1.081299
1.081299
1.338875
1.338875
0.962182
0.962182
1.069208
1.069208
1.030971
1.030971
0.974017
0.974017
1.034039
1.034039
1.326189
1.326189
1.288921
1.288921
1.396028
1.396028
1.232390
1.232390
1.235696
1.235696
1.018054
1.018054
1.024995
1.024995
1.354490
1.354490
1.388746
1.388746
1.422638
1.422638
1.035271
1.035271
1.165361
1.165361
0.848039
0.848039
0.937908
0.937908
1.157375
1.157375
1.485022
1.485022
1.051021
1.051021
1.103163
1.103163
1.097624
1.097624
1.091367
1.091367
1.251617
1.251617
1.328879
1.328879
1.542144
1.542144
1.198967
1.198967
1.219683
1.219683
1.283043
1.283043
1.049438
1.049438
1.293303
1.293303
1.256170
1.256170
0.974420
0.974420
1.275479
1.275479
1.135595
1.135595
1.414007
1.414007
1.196453
1.196453
1.070843
1.070843
1.221516
1.221516
1.281936
1.281936
1.150188
1.150188
1.275879
1.275879
1.053332
1.053332
1.145052
1.145052
1.110373
1.110373
1.400877
1.400877
1.077881
1.077881
0.936521
0.936521
1.232375
1.232375
1.520298
1.520298
0.984591
0.984591
0.932521
0.932521
1.070170
1.070170
1.006660
1.006660
1.177929
1.177929
1.604894
1.604894
1.327657
1.327657
1.261336
1.261336
1.102237
1.102237
1.013990
1.013990
1.064556
1.064556
1.221268
1.221268
1.317907
1.317907
1.189950
1.189950
1.479399
1.479399
0.884397
0.884397
1.343278
1.343278
0.844421
0.844421
1.283902
1.283902
1.025675
1.025675
1.294084
1.294084
1.126957
1.126957
0.946384
0.946384
1.482490
1.482490
1.339305
1.339305
0.958081
0.958081
1.324594
1.324594
1.159171
1.159171
1.416768
1.416768
1.009525
1.009525
1.288740
1.288740
1.339554
1.339554
1.234202
1.234202
1.133766
1.133766
1.280318
1.280318
1.101492
1.101492
1.483109
1.483109
0.878870
0.878870
1.077363
1.077363
1.387820
1.387820
1.110003
1.110003
1.239967
1.239967
0.894159
0.894159
1.055425
1.055425
1.377691
1.377691
1.135474
1.135474
1.120090
1.120090
0.942112
0.942112
1.228992
1.228992
0.960646
0.960646
1.127149
1.127149
1.136589
1.136589
1.147307
1.147307
1.440952
1.440952
1.074448
1.074448
1.186505
1.186505
1.415595
1.415595
1.258308
1.258308
1.187166
1.187166
1.164103
1.164103
1.131861
1.131861
1.038557
1.038557
1.018690
1.018690
1.459629
1.459629
1.117037
1.117037
1.165830
1.165830
1.510446
1.510446
1.107469
1.107469
1.453688
1.453688
1.306244
1.306244
1.182281
1.182281
0.891678
0.891678
0.962608
0.962608
1.143086
1.143086
0.978609
0.978609
1.221893
1.221893
1.290721
1.290721
1.237931
1.237931
1.177470
1.177470
1.101817
1.101817
1.166734
1.166734
1.052560
1.052560
1.035528
1.035528
1.036302
1.036302
1.264373
1.264373
1.255437
1.255437
0.853680
0.853680
1.374484
1.374484
1.099047
1.099047
1.056119
1.056119
1.054309
1.054309
1.231869
1.231869
0.986856
0.986856
1.160211
1.160211
1.056199
1.056199
1.132754
1.132754
0.909909
0.909909
1.587399
1.587399
0.805051
0.805051
1.258074
1.258074
1.092165
1.092165
1.153735
1.153735
1.369119
1.369119
1.258764
1.258764
1.074285
1.074285
1.207565
1.207565
1.297871
1.297871
1.200799
1.200799
1.244569
1.244569
1.357379
1.357379
1.276775
1.276775
1.228739
1.228739
1.149362
1.149362
1.374022
1.374022
1.022910
1.022910
1.198549
1.198549
1.305441
1.305441
1.208186
1.208186
0.952549
0.952549
0.968968
0.968968
1.285250
1.285250
1.346560
1.346560
1.112962
1.112962
1.001438
1.001438
1.190177
1.190177
1.165608
1.165608
1.039754
1.039754
0.999848
0.999848
1.273610
1.273610
1.107080
1.107080
1.054047
1.054047
1.185023
1.185023
1.138715
1.138715
1.592157
1.592157
1.315437
1.315437
1.299337
1.299337
1.318791
1.318791
1.254690
1.254690
1.357490
1.357490
1.229790
1.229790
1.186746
1.186746
1.032062
1.032062
1.275592
1.275592
1.013631
1.013631
1.088117
1.088117
1.138487
1.138487
1.133616
1.133616
0.947826
0.947826
1.321513
1.321513
1.006331
1.006331
1.117265
1.117265
1.292756
1.292756
1.138597
1.138597
1.532467
1.532467
1.582247
1.582247
1.184703
1.184703
1.044945
1.044945
1.216599
1.216599
1.069191
1.069191
1.100858
1.100858
0.903307
0.903307
0.966571
0.966571
1.244843
1.244843
1.419991
1.419991
1.348615
1.348615
1.204608
1.204608
1.732309
1.732309
1.107132
1.107132
1.120610
1.120610
1.009966
1.009966
1.406276
1.406276
0.880056
0.880056
0.875035
0.875035
0.907406
0.907406
1.431450
1.431450
1.080882
1.080882
1.217316
1.217316
1.193638
1.193638
1.262155
1.262155
1.009490
1.009490
1.173639
1.173639
1.312940
1.312940
1.218170
1.218170
1.112241
1.112241
0.881556
0.881556
0.931610
0.931610
0.791615
0.791615
1.003296
1.003296
1.191532
1.191532
1.209726
1.209726
1.244591
1.244591
0.954998
0.954998
1.112090
1.112090
1.308314
1.308314
1.335496
1.335496
1.204536
1.204536
1.316810
1.316810
1.463143
1.463143
1.332950
1.332950
1.461952
1.461952
1.260231
1.260231
0.918559
0.918559
0.876856
0.876856
0.928674
0.928674
1.181700
1.181700
0.985499
0.985499
1.748216
1.748216
1.346027
1.346027
1.031777
1.031777
1.230669
1.230669
1.016122
1.016122
1.324173
1.324173
1.097216
1.097216
1.249005
1.249005
1.308812
1.308812
1.171413
1.171413
1.118916
1.118916
1.070234
1.070234
1.051076
1.051076
1.149013
1.149013
1.059130
1.059130
1.232609
1.232609
1.066151
1.066151
1.333525
1.333525
1.002711
1.002711
1.241719
1.241719
1.096473
1.096473
1.024318
1.024318
1.049135
1.049135
1.490219
1.490219
1.165765
1.165765
1.109191
1.109191
1.144728
1.144728
0.973534
0.973534
0.964534
0.964534
0.768554
0.768554
1.306187
1.306187
1.497186
1.497186
1.217421
1.217421
1.271270
1.271270
0.981138
0.981138
1.152257
1.152257
1.366833
1.366833
1.272985
1.272985
1.166761
1.166761
1.615481
1.615481
1.090774
1.090774
1.233029
1.233029
1.327900
1.327900
1.011224
1.011224
1.049276
1.049276
1.026206
1.026206
1.108255
1.108255
1.177786
1.177786
0.946477
0.946477
1.455335
1.455335
1.481505
1.481505
1.005368
1.005368
1.107128
1.107128
1.147167
1.147167
1.081893
1.081893
0.930959
0.930959
1.121756
1.121756
1.160256
1.160256
1.111039
1.111039
0.911357
0.911357
1.127271
1.127271
1.013715
1.013715
0.855357
0.855357
1.367403
1.367403
1.125042
1.125042
0.976889
0.976889
1.458026
1.458026
0.987177
0.987177
1.373247
1.373247
1.160500
1.160500
1.246937
1.246937
1.074545
1.074545
1.054880
1.054880
1.278803
1.278803
1.848128
1.848128
1.266297
1.266297
0.922664
0.922664
1.162575
1.162575
1.262678
1.262678
1.308609
1.308609
1.222583
1.222583
1.190984
1.190984
1.141895
1.141895
1.323252
1.323252
1.108543
1.108543
1.040585
1.040585
1.396565
1.396565
1.330465
1.330465
1.241080
1.241080
1.290149
1.290149
1.329920
1.329920
1.098598
1.098598
1.049430
1.049430
0.973556
0.973556
1.436894
1.436894
1.359181
1.359181
1.160877
1.160877
1.026727
1.026727
1.182250
1.182250
1.333041
1.333041
0.992717
0.992717
1.029330
1.029330
1.216020
1.216020
1.371506
1.371506
1.065221
1.065221
0.874533
0.874533
1.213543
1.213543
1.150221
1.150221
1.077118
1.077118
0.992290
0.992290
1.204964
1.204964
0.775840
0.775840
1.071794
1.071794
1.158376
1.158376
1.002426
1.002426
1.220156
1.220156
1.223462
1.223462
1.048850
1.048850
1.423152
1.423152
1.299330
1.299330
1.208920
1.208920
1.104038
1.104038
0.862943
0.862943
1.257864
1.257864
1.029722
1.029722
1.250514
1.250514
0.936375
0.936375
1.151000
1.151000
0.748198
0.748198
0.957998
0.957998
1.284087
1.284087
1.178232
1.178232
1.270990
1.270990
1.199544
1.199544
1.272087
1.272087
1.254282
1.254282
0.963331
0.963331
1.144373
1.144373
0.973715
0.973715
1.143232
1.143232
1.282701
1.282701
1.125831
1.125831
1.279239
1.279239
1.152602
1.152602
1.412348
1.412348
1.197257
1.197257
1.124554
1.124554
1.453158
1.453158
0.819070
0.819070
0.917545
0.917545
1.192601
1.192601
1.100638
1.100638
1.046537
1.046537
0.977433
0.977433
1.174355
1.174355
1.187431
1.187431
1.283543
1.283543
1.143384
1.143384
1.443442
1.443442
1.165077
1.165077
1.357696
1.357696
1.010783
1.010783
1.063329
1.063329
1.187222
1.187222
1.084352
1.084352
0.977620
0.977620
1.144878
1.144878
1.260104
1.260104
1.604812
1.604812
1.413156
1.413156
0.928182
0.928182
1.030826
1.030826
0.997110
0.997110
1.232967
1.232967
0.901606
0.901606
1.256876
1.256876
1.086911
1.086911
1.026608
1.026608
1.089772
1.089772
0.944813
0.944813
0.958565
0.958565
0.759427
0.759427
1.482325
1.482325
1.182934
1.182934
1.421349
1.421349
1.208557
1.208557
1.217585
1.217585
1.340900
1.340900
1.261820
1.261820
0.939261
0.939261
1.179472
1.179472
1.074861
1.074861
1.133612
1.133612
1.084841
1.084841
1.164900
1.164900
1.210601
1.210601
0.795725
0.795725
0.896124
0.896124
1.067568
1.067568
1.057872
1.057872
1.468448
1.468448
1.356675
1.356675
1.385764
1.385764
1.240092
1.240092
0.958339
0.958339
0.967405
0.967405
1.196881
1.196881
1.136685
1.136685
1.069114
1.069114
1.087129
1.087129
0.963979
0.963979
1.367628
1.367628
1.206771
1.206771
0.975569
0.975569
1.236123
1.236123
1.290146
1.290146
1.096518
1.096518
1.184343
1.184343
1.016993
1.016993
1.317116
1.317116
1.299883
1.299883
1.013787
1.013787
1.401555
1.401555
1.259985
1.259985
1.194195
1.194195
0.858494
0.858494
1.242293
1.242293
0.949637
0.949637
1.193597
1.193597
1.238323
1.238323
1.078401
1.078401
1.189726
1.189726
1.195662
1.195662
0.918993
0.918993
1.014935
1.014935
1.189383
1.189383
1.193657
1.193657
1.180211
1.180211
1.529436
1.529436
1.021649
1.021649
1.068540
1.068540
1.470513
1.470513
0.946742
0.946742
0.916503
0.916503
0.856636
0.856636
1.132925
1.132925
1.416421
1.416421
0.911361
0.911361
1.234253
1.234253
0.981282
0.981282
1.398052
1.398052
0.996853
0.996853
1.098213
1.098213
0.993458
0.993458
1.577247
1.577247
1.172504
1.172504
1.240324
1.240324
1.585562
1.585562
1.217146
1.217146
0.943577
0.943577
1.091410
1.091410
0.978505
0.978505
1.004166
1.004166
1.061493
1.061493
0.927036
0.927036
1.118929
1.118929
0.838286
0.838286
0.925043
0.925043
1.243567
1.243567
1.050142
1.050142
1.177964
1.177964
1.118142
1.118142
1.019663
1.019663
0.969359
0.969359
1.116679
1.116679
1.128609
1.128609
0.887583
0.887583
1.041720
1.041720
0.802188
0.802188
1.565768
1.565768
1.584919
1.584919
1.437170
1.437170
1.273148
1.273148
1.153466
1.153466
0.942939
0.942939
1.430726
1.430726
1.035808
1.035808
1.450175
1.450175
1.110336
1.110336
0.975994
0.975994
0.947818
0.947818
0.968044
0.968044
1.324511
1.324511
1.331323
1.331323
1.174079
1.174079
0.968892
0.968892
1.035186
1.035186
0.900983
0.900983
0.867864
0.867864
1.171536
1.171536
1.052222
1.052222
1.067559
1.067559
0.865849
0.865849
0.984780
0.984780
1.236682
1.236682
0.966966
0.966966
1.104130
1.104130
1.216336
1.216336
1.483237
1.483237
1.366775
1.366775
1.052829
1.052829
1.245853
1.245853
1.084676
1.084676
1.331027
1.331027
0.997725
0.997725
0.806819
0.806819
1.126041
1.126041
1.398840
1.398840
0.870919
0.870919
1.145308
1.145308
1.387430
1.387430
1.112627
1.112627
1.355875
1.355875
1.255572
1.255572
1.131745
1.131745
1.238220
1.238220
1.311524
1.311524
1.218394
1.218394
1.160732
1.160732
1.153034
1.153034
1.198247
1.198247
0.958551
0.958551
1.524919
1.524919
1.321397
1.321397
1.276905
1.276905
0.859156
0.859156
0.962471
0.962471
1.415895
1.415895
1.032646
1.032646
1.056744
1.056744
1.170933
1.170933
1.214764
1.214764
1.107900
1.107900
1.211239
1.211239
1.008025
1.008025
0.987115
0.987115
0.836513
0.836513
1.128327
1.128327
1.241601
1.241601
1.207168
1.207168
1.425486
1.425486
0.870738
0.870738
1.374644
1.374644
1.335535
1.335535
1.234295
1.234295
1.472249
1.472249
1.006150
1.006150
1.429905
1.429905
0.906254
0.906254
1.412237
1.412237
0.890614
0.890614
1.321978
1.321978
0.934529
0.934529
0.953357
0.953357
1.461808
1.461808
0.999163
0.999163
1.169265
1.169265
1.140037
1.140037
1.196533
1.196533
1.249395
1.249395
0.996648
0.996648
1.293489
1.293489
1.309251
1.309251
1.193312
1.193312
0.864027
0.864027
1.425940
1.425940
1.340873
1.340873
1.131057
1.131057
1.264153
1.264153
0.941932
0.941932
1.123683
1.123683
1.028033
1.028033
1.250708
1.250708
0.891413
0.891413
1.224250
1.224250
1.109272
1.109272
1.014184
1.014184
1.120004
1.120004
0.862437
0.862437
0.928111
0.928111
0.856263
0.856263
0.971354
0.971354
1.130409
1.130409
1.336537
1.336537
1.213594
1.213594
1.186638
1.186638
0.980997
0.980997
1.213771
1.213771
0.976515
0.976515
0.961993
0.961993
1.001359
1.001359
0.852320
0.852320
1.300038
1.300038
1.082196
1.082196
1.284737
1.284737
1.158426
1.158426
1.134277
1.134277
0.975563
0.975563
0.817246
0.817246
1.177339
1.177339
1.041954
1.041954
1.271049
1.271049
0.979299
0.979299
1.295541
1.295541
0.946904
0.946904
0.847114
0.847114
1.230587
1.230587
1.320157
1.320157
0.942398
0.942398
1.227469
1.227469
1.270560
1.270560
1.761672
1.761672
1.180288
1.180288
0.913414
0.913414
1.236693
1.236693
1.052212
1.052212
1.027530
1.027530
1.223159
1.223159
1.185932
1.185932
1.409714
1.409714
0.931682
0.931682
1.154684
1.154684
1.299985
1.299985
1.146654
1.146654
1.193692
1.193692
1.011877
1.011877
1.112422
1.112422
0.985034
0.985034
1.143970
1.143970
0.965897
0.965897
1.285794
1.285794
0.946783
0.946783
1.281958
1.281958
1.027364
1.027364
1.052169
1.052169
0.985471
0.985471
1.455742
1.455742
0.962702
0.962702
1.230979
1.230979
1.334452
1.334452
1.119111
1.119111
1.439599
1.439599
1.200828
1.200828
1.201745
1.201745
1.031352
1.031352
0.888033
0.888033
0.878596
0.878596
1.269207
1.269207
1.397507
1.397507
1.178699
1.178699
1.034287
1.034287
0.961612
0.961612
1.291036
1.291036
0.647219
0.647219
0.851449
0.851449
1.146147
1.146147
0.935596
0.935596
1.339251
1.339251
1.323826
1.323826
1.253201
1.253201
1.099775
1.099775
0.863983
0.863983
1.124144
1.124144
1.147619
1.147619
1.304961
1.304961
1.148054
1.148054
1.567293
1.567293
1.181040
1.181040
1.093378
1.093378
0.991941
0.991941
0.786806
0.786806
0.962270
0.962270
1.536729
1.536729
1.148268
1.148268
1.187932
1.187932
1.190391
1.190391
1.506728
1.506728
0.988396
0.988396
1.040630
1.040630
1.057604
1.057604
1.012860
1.012860
1.155021
1.155021
1.354685
1.354685
1.451543
1.451543
0.936124
0.936124
1.003864
1.003864
1.295363
1.295363
1.227113
1.227113
1.208315
1.208315
1.424163
1.424163
1.128501
1.128501
1.295535
1.295535
1.203427
1.203427
1.106891
1.106891
1.155159
1.155159
1.199348
1.199348
1.253557
1.253557
1.322357
1.322357
1.261923
1.261923
1.286537
1.286537
0.826419
0.826419
1.014980
1.014980
0.878651
0.878651
1.153863
1.153863
1.057355
1.057355
1.015077
1.015077
1.103425
1.103425
1.287249
1.287249
1.280936
1.280936
1.064653
1.064653
1.066410
1.066410
0.997468
0.997468
1.237743
1.237743
1.114905
1.114905
0.984402
0.984402
1.400324
1.400324
0.833440
0.833440
1.090630
1.090630
1.210725
1.210725
1.055659
1.055659
0.875773
0.875773
1.260062
1.260062
1.334863
1.334863
0.849557
0.849557
1.089292
1.089292
1.106553
1.106553
1.312673
1.312673
1.260270
1.260270
1.448580
1.448580
1.306716
1.306716
1.214730
1.214730
1.292399
1.292399
1.188736
1.188736
1.077478
1.077478
0.813431
0.813431
1.153468
1.153468
1.145017
1.145017
1.196581
1.196581
0.904965
0.904965
0.816760
0.816760
0.998052
0.998052
1.321375
1.321375
0.945404
0.945404
1.352616
1.352616
1.063697
1.063697
1.002525
1.002525
0.979387
0.979387
1.197656
1.197656
1.139235
1.139235
0.960937
0.960937
1.087213
1.087213
1.172795
1.172795
1.207388
1.207388
1.108984
1.108984
1.234471
1.234471
1.283142
1.283142
1.192609
1.192609
1.209724
1.209724
0.951427
0.951427
1.019596
1.019596
1.248305
1.248305
1.284778
1.284778
0.767068
0.767068
0.864134
0.864134
1.349197
1.349197
1.262484
1.262484
1.197589
1.197589
1.275539
1.275539
1.089231
1.089231
1.062848
1.062848
0.898942
0.898942
1.020440
1.020440
0.966663
0.966663
1.064198
1.064198
0.642472
0.642472
1.320071
1.320071
0.863635
0.863635
1.160028
1.160028
1.062013
1.062013
1.141703
1.141703
0.796894
0.796894
0.862793
0.862793
1.361442
1.361442
1.181426
1.181426
1.222307
1.222307
0.891812
0.891812
1.197705
1.197705
1.330100
1.330100
0.991426
0.991426
1.068965
1.068965
1.098500
1.098500
1.101864
1.101864
1.009691
1.009691
1.114101
1.114101
1.067802
1.067802
1.235224
1.235224
0.967554
0.967554
1.329305
1.329305
0.926175
0.926175
1.064044
1.064044
1.120154
1.120154
1.396018
1.396018
1.114077
1.114077
0.940912
0.940912
1.090031
1.090031
1.139151
1.139151
0.891537
0.891537
1.208501
1.208501
1.238554
1.238554
1.029124
1.029124
1.052096
1.052096
1.288745
1.288745
1.217497
1.217497
1.139601
1.139601
0.938463
0.938463
1.129011
1.129011
0.975693
0.975693
1.145746
1.145746
1.300397
1.300397
1.052992
1.052992
1.268354
1.268354
1.264972
1.264972
1.135873
1.135873
0.829560
0.829560
0.852362
0.852362
1.043183
1.043183
0.811350
0.811350
0.836342
0.836342
1.070012
1.070012
1.120394
1.120394
1.320993
1.320993
1.095420
1.095420
1.022354
1.022354
1.318871
1.318871
1.133403
1.133403
1.161443
1.161443
0.752977
0.752977
1.080037
1.080037
1.274503
1.274503
1.193557
1.193557
1.286629
1.286629
1.137565
1.137565
0.766973
0.766973
1.166474
1.166474
1.128128
1.128128
0.735597
0.735597
1.046301
1.046301
1.249525
1.249525
1.311904
1.311904
1.056157
1.056157
1.014587
1.014587
0.998619
0.998619
1.246719
1.246719
1.083774
1.083774
1.133780
1.133780
0.856206
0.856206
1.202343
1.202343
1.042021
1.042021
1.022697
1.022697
0.975828
0.975828
1.210740
1.210740
1.081715
1.081715
1.024440
1.024440
1.286317
1.286317
0.980040
0.980040
1.115198
1.115198
1.451522
1.451522
0.844443
0.844443
1.168494
1.168494
0.827299
0.827299
1.158664
1.158664
1.223947
1.223947
1.116025
1.116025
0.914009
0.914009
1.285890
1.285890
1.235912
1.235912
1.066536
1.066536
1.148657
1.148657
1.069694
1.069694
1.008555
1.008555
1.175672
1.175672
1.103798
1.103798
1.110329
1.110329
1.194598
1.194598
0.887532
0.887532
1.028904
1.028904
0.846147
0.846147
0.996932
0.996932
1.223004
1.223004
0.870396
0.870396
1.229336
1.229336
1.367717
1.367717
1.367796
1.367796
1.222686
1.222686
1.163632
1.163632
1.179291
1.179291
0.940033
0.940033
1.217093
1.217093
1.148514
1.148514
1.234377
1.234377
1.194467
1.194467
1.071751
1.071751
1.313530
1.313530
1.274708
1.274708
1.099526
1.099526
1.091777
1.091777
1.295737
1.295737
1.297094
1.297094
0.934475
0.934475
1.312544
1.312544
1.224202
1.224202
1.084716
1.084716
1.169240
1.169240
1.097243
1.097243
1.081850
1.081850
0.977916
0.977916
1.261111
1.261111
1.135332
1.135332
1.410597
1.410597
1.232515
1.232515
1.261646
1.261646
1.228761
1.228761
0.942516
0.942516
1.189560
1.189560
1.028749
1.028749
1.224255
1.224255
1.014564
1.014564
1.292860
1.292860
1.032067
1.032067
1.138441
1.138441
1.072973
1.072973
1.381613
1.381613
1.303818
1.303818
0.923195
0.923195
1.134682
1.134682
1.071816
1.071816
1.002787
1.002787
1.215686
1.215686
0.890588
0.890588
0.899709
0.899709
1.053125
1.053125
0.956425
0.956425
0.962399
0.962399
0.856179
0.856179
0.749778
0.749778
1.392350
1.392350
1.118710
1.118710
1.382638
1.382638
0.944417
0.944417
1.088831
1.088831
1.108763
1.108763
0.968435
0.968435
0.886371
0.886371
1.432011
1.432011
1.189620
1.189620
1.217463
1.217463
0.946041
0.946041
1.060800
1.060800
1.166832
1.166832
1.193377
1.193377
0.996255
0.996255
1.133522
1.133522
1.206858
1.206858
0.916380
0.916380
1.051237
1.051237
1.001534
1.001534
1.235333
1.235333
1.128721
1.128721
0.882585
0.882585
1.215430
1.215430
0.854260
0.854260
1.224416
1.224416
1.084268
1.084268
1.088398
1.088398
1.072040
1.072040
0.849078
0.849078
1.259334
1.259334
1.199110
1.199110
1.302841
1.302841
1.263400
1.263400
0.908195
0.908195
1.352968
1.352968
1.262557
1.262557
1.050953
1.050953
1.340973
1.340973
1.098062
1.098062
0.913278
0.913278
1.270560
1.270560
1.310448
1.310448
1.049707
1.049707
0.896351
0.896351
1.291906
1.291906
0.874748
0.874748
0.859228
0.859228
1.363913
1.363913
1.250971
1.250971
1.278417
1.278417
1.021355
1.021355
1.343906
1.343906
1.009047
1.009047
1.082406
1.082406
1.004862
1.004862
1.192969
1.192969
0.737147
0.737147
1.199404
1.199404
0.942159
0.942159
1.395409
1.395409
0.941439
0.941439
1.417660
1.417660
1.137431
1.137431
0.759391
0.759391
1.060563
1.060563
0.869512
0.869512
1.157609
1.157609
0.966455
0.966455
1.083735
1.083735
1.336273
1.336273
1.240135
1.240135
0.814978
0.814978
1.406827
1.406827
0.979837
0.979837
1.054067
1.054067
1.052990
1.052990
1.326273
1.326273
0.905554
0.905554
1.083427
1.083427
1.284325
1.284325
0.958062
0.958062
1.084912
1.084912
1.353209
1.353209
0.991992
0.991992
0.784335
0.784335
1.078091
1.078091
1.240114
1.240114
1.303120
1.303120
1.014969
1.014969
1.181495
1.181495
1.134912
1.134912
0.716573
0.716573
1.113464
1.113464
1.316143
1.316143
0.852215
0.852215
1.123387
1.123387
1.197685
1.197685
1.163479
1.163479
1.177669
1.177669
1.036441
1.036441
0.964685
0.964685
1.278098
1.278098
1.273613
1.273613
1.346856
1.346856
1.056844
1.056844
0.939356
0.939356
1.117481
1.117481
1.039798
1.039798
0.885998
0.885998
1.166035
1.166035
0.912720
0.912720
1.426582
1.426582
1.041789
1.041789
0.995486
0.995486
0.940044
0.940044
1.205155
1.205155
1.035250
1.035250
1.369581
1.369581
1.303792
1.303792
1.080590
1.080590
1.172312
1.172312
0.766599
0.766599
0.820059
0.820059
1.227965
1.227965
1.070052
1.070052
1.686111
1.686111
1.310260
1.310260
1.053353
1.053353
1.109161
1.109161
1.100477
1.100477
1.058378
1.058378
0.856003
0.856003
1.207581
1.207581
1.340795
1.340795
0.988510
0.988510
1.005850
1.005850
0.888145
0.888145
1.298101
1.298101
1.162262
1.162262
1.127743
1.127743
1.262278
1.262278
1.133773
1.133773
1.104674
1.104674
1.156831
1.156831
1.057118
1.057118
1.217992
1.217992
1.095196
1.095196
0.980313
0.980313
0.966668
0.966668
0.848253
0.848253
1.283836
1.283836
1.052817
1.052817
1.212806
1.212806
1.105288
1.105288
1.153362
1.153362
1.124275
1.124275
0.927696
0.927696
1.286706
1.286706
1.135786
1.135786
0.837213
0.837213
1.088741
1.088741
1.050307
1.050307
1.193588
1.193588
1.029046
1.029046
1.168873
1.168873
0.906791
0.906791
1.035172
1.035172
1.245920
1.245920
1.339967
1.339967
1.125875
1.125875
0.921894
0.921894
1.022791
1.022791
0.870712
0.870712
0.967497
0.967497
1.124357
1.124357
1.020682
1.020682
1.057707
1.057707
0.887490
0.887490
1.152680
1.152680
1.338908
1.338908
1.086901
1.086901
1.521151
1.521151
1.344505
1.344505
1.083716
1.083716
1.048201
1.048201
1.060397
1.060397
1.172288
1.172288
1.263734
1.263734
1.103235
1.103235
1.210797
1.210797
1.063649
1.063649
1.268692
1.268692
0.974172
0.974172
1.010483
1.010483
0.894683
0.894683
1.174626
1.174626
1.146465
1.146465
1.182443
1.182443
1.381614
1.381614
1.041839
1.041839
1.501981
1.501981
1.212150
1.212150
1.050357
1.050357
0.974507
0.974507
1.268310
1.268310
1.135991
1.135991
1.110574
1.110574
0.970682
0.970682
0.937788
0.937788
0.981047
0.981047
0.868863
0.868863
1.084206
1.084206
1.276054
1.276054
0.993883
0.993883
1.232746
1.232746
0.975798
0.975798
0.967824
0.967824
1.150757
1.150757
0.893055
0.893055
1.073727
1.073727
1.073725
1.073725
0.805454
0.805454
0.918035
0.918035
1.111112
1.111112
1.072391
1.072391
0.792636
0.792636
1.189981
1.189981
1.012670
1.012670
0.963906
0.963906
1.040898
1.040898
1.286091
1.286091
0.756615
0.756615
0.885350
0.885350
0.961590
0.961590
1.089255
1.089255
1.388766
1.388766
1.412291
1.412291
1.062503
1.062503
1.118355
1.118355
1.298704
1.298704
1.005997
1.005997
1.390591
1.390591
1.263411
1.263411
0.976625
0.976625
1.088754
1.088754
1.033598
1.033598
1.209956
1.209956
1.077101
1.077101
1.193387
1.193387
0.861567
0.861567
1.141037
1.141037
0.971187
0.971187
1.200583
1.200583
1.204459
1.204459
1.037568
1.037568
0.825580
0.825580
1.184026
1.184026
1.201744
1.201744
1.444300
1.444300
0.976472
0.976472
0.966081
0.966081
1.181777
1.181777
1.075029
1.075029
1.138374
1.138374
1.170117
1.170117
1.157147
1.157147
1.445330
1.445330
1.145960
1.145960
0.697876
0.697876
1.498052
1.498052
1.128385
1.128385
1.227791
1.227791
0.979079
0.979079
1.082805
1.082805
1.003565
1.003565
1.108654
1.108654
0.959155
0.959155
1.240649
1.240649
1.029592
1.029592
1.256810
1.256810
1.588303
1.588303
1.038957
1.038957
1.084780
1.084780
1.101381
1.101381
1.160533
1.160533
0.961529
0.961529
1.084370
1.084370
0.998859
0.998859
0.916535
0.916535
1.402452
1.402452
1.050804
1.050804
0.998735
0.998735
1.103447
1.103447
0.972100
0.972100
0.879763
0.879763
0.823466
0.823466
0.928536
0.928536
1.335642
1.335642
1.163163
1.163163
1.480920
1.480920
0.875331
0.875331
1.304381
1.304381
1.124981
1.124981
0.812537
0.812537
1.284531
1.284531
1.418714
1.418714
1.184750
1.184750
1.017226
1.017226
1.083408
1.083408
1.158309
1.158309
1.112284
1.112284
0.976085
0.976085
0.641595
0.641595
0.947209
0.947209
1.085885
1.085885
1.101475
1.101475
1.090262
1.090262
1.067788
1.067788
0.764651
0.764651
1.207651
1.207651
1.007913
1.007913
0.991298
0.991298
1.108880
1.108880
1.090688
1.090688
0.997907
0.997907
1.192445
1.192445
1.176059
1.176059
1.133705
1.133705
1.291000
1.291000
0.893804
0.893804
0.907025
0.907025
1.126108
1.126108
1.000896
1.000896
0.942796
0.942796
1.139507
1.139507
1.167566
1.167566
0.946758
0.946758
1.005131
1.005131
1.212223
1.212223
0.934302
0.934302
1.090985
1.090985
1.082000
1.082000
1.104418
1.104418
1.152390
1.152390
1.065339
1.065339
0.954539
0.954539
0.936723
0.936723
1.192364
1.192364
0.620491
0.620491
0.778180
0.778180
0.873046
0.873046
0.972001
0.972001
1.629808
1.629808
0.945157
0.945157
0.901745
0.901745
1.135394
1.135394
1.383803
1.383803
0.931031
0.931031
1.193003
1.193003
1.105408
1.105408
0.905035
0.905035
0.958602
0.958602
1.185232
1.185232
0.837812
0.837812
1.043410
1.043410
1.055703
1.055703
1.065343
1.065343
1.190298
1.190298
1.493464
1.493464
1.164485
1.164485
1.095165
1.095165
1.083834
1.083834
0.895545
0.895545
1.028503
1.028503
0.954276
0.954276
1.098809
1.098809
1.126487
1.126487
1.053273
1.053273
1.301885
1.301885
1.071923
1.071923
0.986883
0.986883
1.508376
1.508376
0.748446
0.748446
1.200859
1.200859
1.461960
1.461960
1.014408
1.014408
1.032244
1.032244
1.193345
1.193345
1.310406
1.310406
1.038327
1.038327
1.031608
1.031608
0.972470
0.972470
1.091117
1.091117
1.177990
1.177990
1.122442
1.122442
1.120049
1.120049
0.953858
0.953858
1.155012
1.155012
0.875679
0.875679
0.933474
0.933474
1.201920
1.201920
0.734545
0.734545
0.997067
0.997067
1.108098
1.108098
1.030177
1.030177
0.800453
0.800453
1.420616
1.420616
0.875418
0.875418
1.018947
1.018947
1.232438
1.232438
0.956550
0.956550
1.263649
1.263649
1.135120
1.135120
1.340734
1.340734
1.137755
1.137755
1.118347
1.118347
1.001852
1.001852
0.800583
0.800583
0.983698
0.983698
1.277723
1.277723
0.849697
0.849697
1.095566
1.095566
1.529652
1.529652
0.865832
0.865832
1.371114
1.371114
0.927172
0.927172
0.939639
0.939639
0.964692
0.964692
1.079035
1.079035
1.386214
1.386214
0.823428
0.823428
0.916436
0.916436
1.094643
1.094643
1.104462
1.104462
1.414644
1.414644
0.842254
0.842254
1.036742
1.036742
1.427221
1.427221
1.458426
1.458426
1.307927
1.307927
0.746178
0.746178
0.979733
0.979733
1.226104
1.226104
0.956173
0.956173
1.028256
1.028256
1.032372
1.032372
1.024066
1.024066
0.875058
0.875058
0.945665
0.945665
1.252040
1.252040
0.741738
0.741738
0.708242
0.708242
1.002774
1.002774
0.988402
0.988402
0.818924
0.818924
1.043454
1.043454
1.124739
1.124739
1.194212
1.194212
1.158619
1.158619
0.824655
0.824655
1.121982
1.121982
1.076718
1.076718
1.272040
1.272040
1.182626
1.182626
0.841174
0.841174
1.212696
1.212696
0.955437
0.955437
1.382963
1.382963
1.262281
1.262281
1.113488
1.113488
0.984273
0.984273
1.180981
1.180981
1.113975
1.113975
1.029334
1.029334
1.076758
1.076758
1.154005
1.154005
1.176922
1.176922
1.170578
1.170578
0.987523
0.987523
1.130035
1.130035
1.183909
1.183909
1.155651
1.155651
1.109298
1.109298
0.956539
0.956539
0.813582
0.813582
0.988109
0.988109
1.150929
1.150929
1.182615
1.182615
1.073020
1.073020
1.043943
1.043943
0.980177
0.980177
1.197956
1.197956
0.996030
0.996030
0.961966
0.961966
1.001315
1.001315
1.138887
1.138887
1.051106
1.051106
0.951066
0.951066
1.323868
1.323868
0.935662
0.935662
1.238181
1.238181
1.018879
1.018879
0.891589
0.891589
1.214771
1.214771
1.207878
1.207878
0.838744
0.838744
1.175692
1.175692
1.068654
1.068654
1.102492
1.102492
1.133980
1.133980
0.820970
0.820970
1.223694
1.223694
0.915926
0.915926
0.933631
0.933631
1.322083
1.322083
1.086550
1.086550
0.960032
0.960032
0.759951
0.759951
0.903895
0.903895
1.328602
1.328602
1.403827
1.403827
1.140353
1.140353
1.015260
1.015260
1.480258
1.480258
1.242230
1.242230
0.886205
0.886205
1.313383
1.313383
1.244568
1.244568
1.218337
1.218337
1.364608
1.364608
0.857416
0.857416
0.810157
0.810157
1.151375
1.151375
0.705081
0.705081
1.005042
1.005042
1.199261
1.199261
1.072867
1.072867
0.788494
0.788494
0.881635
0.881635
1.121027
1.121027
1.373724
1.373724
1.285494
1.285494
1.240993
1.240993
1.107930
1.107930
0.943799
0.943799
0.920629
0.920629
1.366651
1.366651
0.824997
0.824997
0.977774
0.977774
1.161769
1.161769
1.013649
1.013649
1.298155
1.298155
1.080040
1.080040
1.253242
1.253242
1.084831
1.084831
1.195890
1.195890
0.869659
0.869659
1.055567
1.055567
1.445708
1.445708
1.128290
1.128290
1.277745
1.277745
1.206796
1.206796
1.171008
1.171008
0.872102
0.872102
1.054424
1.054424
1.389499
1.389499
1.066148
1.066148
1.036577
1.036577
0.795224
0.795224
0.782085
0.782085
0.919830
0.919830
0.922588
0.922588
1.026688
1.026688
0.922025
0.922025
1.319597
1.319597
0.754882
0.754882
1.326133
1.326133
0.927987
0.927987
1.026588
1.026588
1.085683
1.085683
1.125111
1.125111
1.411006
1.411006
1.173594
1.173594
1.084427
1.084427
0.909135
0.909135
0.974930
0.974930
1.258808
1.258808
1.144547
1.144547
1.170466
1.170466
1.292422
1.292422
0.922205
0.922205
1.024723
1.024723
0.979711
0.979711
1.007431
1.007431
0.910536
0.910536
1.113673
1.113673
0.869260
0.869260
1.101083
1.101083
1.313104
1.313104
0.989482
0.989482
1.138973
1.138973
0.934139
0.934139
1.140009
1.140009
1.118729
1.118729
1.229373
1.229373
0.975436
0.975436
0.896747
0.896747
1.280016
1.280016
1.076993
1.076993
1.357939
1.357939
0.770965
0.770965
1.150206
1.150206
1.155495
1.155495
1.219674
1.219674
0.832354
0.832354
1.316443
1.316443
0.927241
0.927241
1.141197
1.141197
1.034896
1.034896
1.048610
1.048610
1.070357
1.070357
1.103347
1.103347
0.952845
0.952845
0.957366
0.957366
0.892622
0.892622
1.335131
1.335131
1.135406
1.135406
0.945032
0.945032
1.108304
1.108304
0.935743
0.935743
0.941264
0.941264
0.931491
0.931491
0.684936
0.684936
1.060287
1.060287
1.168341
1.168341
1.285626
1.285626
1.158949
1.158949
1.126349
1.126349
1.397752
1.397752
1.084530
1.084530
0.974836
0.974836
1.174621
1.174621
1.023754
1.023754
0.816590
0.816590
0.989511
0.989511
0.927200
0.927200
1.099785
1.099785
1.274362
1.274362
1.037754
1.037754
1.058733
1.058733
1.209930
1.209930
0.603696
0.603696
1.148018
1.148018
1.224701
1.224701
1.210840
1.210840
1.170441
1.170441
1.061231
1.061231
0.885991
0.885991
1.158428
1.158428
1.294520
1.294520
0.935398
0.935398
1.068536
1.068536
1.201612
1.201612
1.062681
1.062681
0.974447
0.974447
0.918563
0.918563
1.088170
1.088170
1.087497
1.087497
0.943078
0.943078
1.230994
1.230994
1.097677
1.097677
0.962562
0.962562
0.989898
0.989898
1.080067
1.080067
0.862954
0.862954
1.288738
1.288738
1.197664
1.197664
0.985157
0.985157
0.958888
0.958888
1.087085
1.087085
1.150253
1.150253
0.865906
0.865906
1.222875
1.222875
1.141184
1.141184
1.190573
1.190573
0.850294
0.850294
0.949056
0.949056
0.933620
0.933620
1.164654
1.164654
1.385247
1.385247
1.081068
1.081068
0.981768
0.981768
1.314721
1.314721
1.312584
1.312584
1.160482
1.160482
0.969509
0.969509
0.997362
0.997362
0.832810
0.832810
1.052167
1.052167
1.404738
1.404738
1.020284
1.020284
1.031585
1.031585
1.018004
1.018004
0.735075
0.735075
1.054059
1.054059
0.800539
0.800539
1.087412
1.087412
1.144607
1.144607
0.976435
0.976435
0.908077
0.908077
0.972159
0.972159
0.946354
0.946354
1.005196
1.005196
1.272196
1.272196
1.020693
1.020693
1.402318
1.402318
0.735262
0.735262
1.346416
1.346416
1.261285
1.261285
1.338659
1.338659
0.985776
0.985776
0.900896
0.900896
1.099233
1.099233
1.030578
1.030578
0.991783
0.991783
1.093992
1.093992
0.838881
0.838881
0.998680
0.998680
1.025132
1.025132
1.203922
1.203922
1.232187
1.232187
1.075218
1.075218
0.806141
0.806141
1.105599
1.105599
0.976984
0.976984
1.068070
1.068070
1.404540
1.404540
1.181596
1.181596
0.935690
0.935690
1.045789
1.045789
1.200232
1.200232
1.256317
1.256317
0.998551
0.998551
0.776289
0.776289
0.892553
0.892553
0.775391
0.775391
1.349263
1.349263
0.761828
0.761828
1.184913
1.184913
0.821333
0.821333
1.300413
1.300413
0.988269
0.988269
1.342826
1.342826
1.329916
1.329916
1.194474
1.194474
1.105944
1.105944
1.035024
1.035024
0.890307
0.890307
1.279467
1.279467
1.304503
1.304503
0.831956
0.831956
0.996391
0.996391
1.094590
1.094590
1.402051
1.402051
1.289561
1.289561
1.156688
1.156688
0.787051
0.787051
1.261796
1.261796
0.839783
0.839783
0.833863
0.833863
1.034284
1.034284
1.053570
1.053570
0.730297
0.730297
1.236467
1.236467
1.169690
1.169690
1.016699
1.016699
0.948187
0.948187
1.192247
1.192247
0.916905
0.916905
1.495230
1.495230
1.151257
1.151257
1.106222
1.106222
0.694067
0.694067
1.046191
1.046191
0.789256
0.789256
1.080376
1.080376
1.097291
1.097291
1.079765
1.079765
0.926298
0.926298
1.145067
1.145067
0.925555
0.925555
0.968837
0.968837
0.687511
0.687511
0.975569
0.975569
1.501030
1.501030
0.935581
0.935581
1.301001
1.301001
1.349048
1.349048
0.969373
0.969373
1.238226
1.238226
0.962834
0.962834
0.915363
0.915363
0.976943
0.976943
1.128449
1.128449
1.144909
1.144909
0.984757
0.984757
0.867330
0.867330
1.203232
1.203232
1.390456
1.390456
1.124527
1.124527
1.357599
1.357599
1.153254
1.153254
0.993353
0.993353
1.180469
1.180469
1.105000
1.105000
1.126212
1.126212
0.917039
0.917039
0.955807
0.955807
0.834334
0.834334
1.183145
1.183145
0.755863
0.755863
1.085068
1.085068
1.196459
1.196459
0.848794
0.848794
1.024769
1.024769
1.172404
1.172404
1.292162
1.292162
1.111604
1.111604
1.175666
1.175666
1.167206
1.167206
1.226474
1.226474
1.068268
1.068268
1.004720
1.004720
1.030769
1.030769
0.874936
0.874936
0.803647
0.803647
0.848737
0.848737
1.406316
1.406316
0.815511
0.815511
0.742623
0.742623
0.771096
0.771096
0.782717
0.782717
0.978593
0.978593
1.143554
1.143554
0.798339
0.798339
1.074884
1.074884
1.169398
1.169398
1.177310
1.177310
0.910371
0.910371
0.877394
0.877394
1.121336
1.121336
1.229283
1.229283
1.038019
1.038019
1.148569
1.148569
1.292261
1.292261
1.318670
1.318670
1.141189
1.141189
0.915545
0.915545
0.874646
0.874646
0.979049
0.979049
0.942194
0.942194
0.954725
0.954725
0.954527
0.954527
1.092604
1.092604
0.944038
0.944038
1.152957
1.152957
1.090602
1.090602
0.792691
0.792691
1.189713
1.189713
1.461495
1.461495
1.040753
1.040753
1.075249
1.075249
0.586408
0.586408
1.199982
1.199982
0.921754
0.921754
1.066752
1.066752
1.109950
1.109950
1.314373
1.314373
1.169643
1.169643
1.181226
1.181226
1.165052
1.165052
0.990640
0.990640
1.154514
1.154514
0.907306
0.907306
0.919868
0.919868
1.010175
1.010175
0.717396
0.717396
0.836989
0.836989
0.797050
0.797050
0.976163
0.976163
0.785273
0.785273
1.243175
1.243175
1.243797
1.243797
0.917382
0.917382
1.296528
1.296528
1.519871
1.519871
1.051882
1.051882
1.204505
1.204505
0.911014
0.911014
0.971376
0.971376
0.987481
0.987481
1.184084
1.184084
0.841222
0.841222
0.753449
0.753449
1.675414
1.675414
1.299004
1.299004
1.035266
1.035266
0.847452
0.847452
0.852028
0.852028
0.952022
0.952022
0.793212
0.793212
0.893797
0.893797
1.033447
1.033447
1.069748
1.069748
1.139233
1.139233
1.246034
1.246034
1.342484
1.342484
0.953813
0.953813
0.990031
0.990031
1.063030
1.063030
0.999493
0.999493
1.143736
1.143736
0.756940
0.756940
1.092121
1.092121
0.972465
0.972465
0.614689
0.614689
0.782847
0.782847
1.103541
1.103541
0.946546
0.946546
1.226414
1.226414
1.093395
1.093395
1.377505
1.377505
0.874849
0.874849
1.252194
1.252194
1.211079
1.211079
1.157934
1.157934
1.042017
1.042017
1.172904
1.172904
0.985760
0.985760
1.188673
1.188673
0.878263
0.878263
1.016692
1.016692
0.832805
0.832805
1.075136
1.075136
0.964658
0.964658
1.161071
1.161071
1.019361
1.019361
1.365859
1.365859
0.703568
0.703568
1.165154
1.165154
1.099177
1.099177
1.077172
1.077172
0.935093
0.935093
0.991405
0.991405
1.022794
1.022794
0.949095
0.949095
0.959494
0.959494
1.060453
1.060453
1.300291
1.300291
1.244243
1.244243
1.201843
1.201843
1.275832
1.275832
0.858893
0.858893
1.161863
1.161863
0.910865
0.910865
0.944607
0.944607
0.844666
0.844666
1.052311
1.052311
0.983151
0.983151
0.896945
0.896945
1.338771
1.338771
1.052653
1.052653
1.069250
1.069250
0.688082
0.688082
1.031617
1.031617
0.879772
0.879772
1.092147
1.092147
1.358456
1.358456
1.044138
1.044138
1.279286
1.279286
1.152929
1.152929
1.437586
1.437586
0.997908
0.997908
1.007856
1.007856
1.161112
1.161112
1.112844
1.112844
1.449772
1.449772
0.936391
0.936391
1.458988
1.458988
1.119962
1.119962
1.015744
1.015744
1.014618
1.014618
0.828937
0.828937
1.270130
1.270130
0.877987
0.877987
1.155935
1.155935
1.024163
1.024163
0.982973
0.982973
0.988491
0.988491
1.184816
1.184816
1.076327
1.076327
0.881515
0.881515
1.013950
1.013950
1.231589
1.231589
1.110381
1.110381
1.145861
1.145861
0.931156
0.931156
0.912346
0.912346
1.112767
1.112767
1.209168
1.209168
0.977698
0.977698
0.861382
0.861382
1.327614
1.327614
1.440675
1.440675
0.815571
0.815571
0.998543
0.998543
0.993123
0.993123
1.155596
1.155596
1.011316
1.011316
1.406143
1.406143
1.119352
1.119352
1.139434
1.139434
1.119080
1.119080
1.062176
1.062176
1.021686
1.021686
0.947682
0.947682
1.073204
1.073204
1.251556
1.251556
0.895515
0.895515
0.929035
0.929035
1.018634
1.018634
0.988294
0.988294
1.140486
1.140486
0.908951
0.908951
1.216427
1.216427
1.137584
1.137584
0.858655
0.858655
0.902612
0.902612
1.197153
1.197153
1.273920
1.273920
0.785952
0.785952
1.157578
1.157578
1.254504
1.254504
0.975214
0.975214
1.066454
1.066454
1.000383
1.000383
1.374328
1.374328
1.257047
1.257047
0.934449
0.934449
1.209793
1.209793
1.032700
1.032700
0.991696
0.991696
1.289968
1.289968
0.833085
0.833085
1.357351
1.357351
0.935071
0.935071
1.412184
1.412184
0.902421
0.902421
0.882585
0.882585
0.933664
0.933664
1.044307
1.044307
0.940785
0.940785
0.612617
0.612617
1.169918
1.169918
0.886269
0.886269
1.010654
1.010654
1.231501
1.231501
0.890358
0.890358
0.901486
0.901486
0.945700
0.945700
0.903479
0.903479
0.916818
0.916818
0.860744
0.860744
0.960005
0.960005
0.905425
0.905425
0.833486
0.833486
1.048336
1.048336
1.069735
1.069735
0.934848
0.934848
1.090461
1.090461
0.886610
0.886610
1.183875
1.183875
1.093132
1.093132
0.903528
0.903528
0.931279
0.931279
0.950713
0.950713
1.366891
1.366891
0.964558
0.964558
1.154956
1.154956
0.908208
0.908208
1.187639
1.187639
1.056368
1.056368
0.804420
0.804420
0.873321
0.873321
1.150089
1.150089
1.157193
1.157193
0.768213
0.768213
1.038770
1.038770
1.057766
1.057766
1.231619
1.231619
0.967356
0.967356
0.832466
0.832466
1.004278
1.004278
0.942860
0.942860
0.990450
0.990450
0.885666
0.885666
1.256276
1.256276
0.982268
0.982268
0.908519
0.908519
1.258498
1.258498
1.380980
1.380980
0.970839
0.970839
0.974074
0.974074
1.278802
1.278802
0.894096
0.894096
0.906081
0.906081
0.975382
0.975382
0.968290
0.968290
0.860055
0.860055
0.986270
0.986270
1.536998
1.536998
1.401686
1.401686
1.225094
1.225094
0.768409
0.768409
1.529120
1.529120
1.458137
1.458137
1.012776
1.012776
1.222887
1.222887
1.051104
1.051104
1.050083
1.050083
0.907317
0.907317
0.784839
0.784839
0.952787
0.952787
1.348877
1.348877
1.089682
1.089682
0.900359
0.900359
1.100186
1.100186
1.047123
1.047123
0.929113
0.929113
0.835987
0.835987
0.968041
0.968041
0.964819
0.964819
0.944827
0.944827
1.186466
1.186466
1.347832
1.347832
0.846858
0.846858
0.865127
0.865127
1.432726
1.432726
1.131138
1.131138
0.709673
0.709673
0.869415
0.869415
1.066378
1.066378
1.395966
1.395966
1.058980
1.058980
1.015282
1.015282
0.865797
0.865797
1.031453
1.031453
0.974769
0.974769
1.386408
1.386408
1.092739
1.092739
0.797364
0.797364
0.810787
0.810787
1.148329
1.148329
0.985001
0.985001
0.967411
0.967411
1.091377
1.091377
1.289821
1.289821
1.045772
1.045772
0.778166
0.778166
1.037792
1.037792
0.797402
0.797402
1.109522
1.109522
1.108658
1.108658
0.968324
0.968324
1.461794
1.461794
1.010260
1.010260
1.202821
1.202821
1.227759
1.227759
1.116402
1.116402
0.957834
0.957834
1.131360
1.131360
0.877569
0.877569
0.921697
0.921697
1.135066
1.135066
0.556294
0.556294
0.947576
0.947576
1.022463
1.022463
1.138127
1.138127
1.053279
1.053279
1.157047
1.157047
0.941274
0.941274
1.163703
1.163703
0.988676
0.988676
1.093802
1.093802
1.137830
1.137830
0.958799
0.958799
0.838292
0.838292
1.117998
1.117998
1.454060
1.454060
0.914809
0.914809
1.058579
1.058579
0.988433
0.988433
1.027546
1.027546
0.782145
0.782145
0.967152
0.967152
0.981933
0.981933
0.781691
0.781691
1.323817
1.323817
1.002984
1.002984
1.074542
1.074542
0.911564
0.911564
1.058068
1.058068
1.069308
1.069308
0.845324
0.845324
1.042274
1.042274
0.971253
0.971253
0.945092
0.945092
0.878388
0.878388
0.993864
0.993864
0.833540
0.833540
1.137988
1.137988
0.881907
0.881907
1.110681
1.110681
1.072458
1.072458
1.076375
1.076375
0.893445
0.893445
0.927498
0.927498
0.892543
0.892543
0.942423
0.942423
1.034313
1.034313
0.896475
0.896475
1.143612
1.143612
0.701536
0.701536
0.992073
0.992073
1.083113
1.083113
1.169413
1.169413
1.020611
1.020611
1.124267
1.124267
1.274536
1.274536
1.056340
1.056340
0.979206
0.979206
1.001742
1.001742
1.080333
1.080333
0.976279
0.976279
1.294702
1.294702
1.303005
1.303005
1.037052
1.037052
1.068025
1.068025
1.155545
1.155545
0.819446
0.819446
0.960193
0.960193
1.191853
1.191853
0.843680
0.843680
0.822535
0.822535
1.328786
1.328786
1.038714
1.038714
1.039703
1.039703
1.069318
1.069318
0.895551
0.895551
0.878704
0.878704
1.097968
1.097968
0.919337
0.919337
0.807003
0.807003
0.808756
0.808756
1.257016
1.257016
1.127658
1.127658
1.101426
1.101426
0.751647
0.751647
0.727814
0.727814
1.144652
1.144652
1.202863
1.202863
1.122339
1.122339
1.210229
1.210229
0.958454
0.958454
0.957316
0.957316
0.989707
0.989707
1.012810
1.012810
0.906570
0.906570
1.345355
1.345355
1.046174
1.046174
1.062883
1.062883
0.826750
0.826750
1.074076
1.074076
1.222776
1.222776
1.001619
1.001619
1.216353
1.216353
1.091426
1.091426
1.013707
1.013707
1.034607
1.034607
0.900954
0.900954
0.847586
0.847586
0.922452
0.922452
0.856180
0.856180
1.066293
1.066293
1.165876
1.165876
1.095660
1.095660
0.911625
0.911625
0.861539
0.861539
1.117733
1.117733
1.217453
1.217453
1.247389
1.247389
1.078716
1.078716
1.177472
1.177472
1.156071
1.156071
1.329425
1.329425
0.939736
0.939736
1.384300
1.384300
1.162694
1.162694
0.507093
0.507093
0.810335
0.810335
1.104525
1.104525
1.058693
1.058693
1.012607
1.012607
0.971954
0.971954
1.065213
1.065213
0.980783
0.980783
1.220969
1.220969
0.856835
0.856835
1.010172
1.010172
1.019942
1.019942
1.046007
1.046007
0.945830
0.945830
1.028082
1.028082
0.759051
0.759051
0.708793
0.708793
1.107251
1.107251
1.253038
1.253038
0.849247
0.849247
0.874986
0.874986
0.805636
0.805636
1.425701
1.425701
1.062070
1.062070
1.229347
1.229347
0.901728
0.901728
1.096185
1.096185
1.073204
1.073204
1.026479
1.026479
0.852621
0.852621
0.969810
0.969810
1.160606
1.160606
1.074176
1.074176
0.938978
0.938978
0.741894
0.741894
0.698716
0.698716
1.046262
1.046262
0.928193
0.928193
0.931358
0.931358
1.103210
1.103210
1.190368
1.190368
1.043064
1.043064
1.016010
1.016010
0.967127
0.967127
1.090593
1.090593
1.221794
1.221794
1.148751
1.148751
1.281525
1.281525
1.054581
1.054581
1.115821
1.115821
0.784136
0.784136
0.867127
0.867127
0.779611
0.779611
0.968872
0.968872
1.077520
1.077520
1.037456
1.037456
0.883735
0.883735
1.171976
1.171976
0.981845
0.981845
1.143925
1.143925
1.188240
1.188240
0.900162
0.900162
1.191927
1.191927
0.821107
0.821107
1.252207
1.252207
1.197301
1.197301
1.170927
1.170927
0.985565
0.985565
1.079544
1.079544
0.838625
0.838625
1.161728
1.161728
1.034774
1.034774
1.191608
1.191608
0.579209
0.579209
0.621593
0.621593
1.106761
1.106761
0.997208
0.997208
0.842018
0.842018
0.875480
0.875480
0.993068
0.993068
1.118723
1.118723
1.036768
1.036768
0.733008
0.733008
0.716746
0.716746
1.092254
1.092254
1.217350
1.217350
1.122630
1.122630
0.731102
0.731102
1.010649
1.010649
0.780051
0.780051
1.213793
1.213793
1.156294
1.156294
0.913322
0.913322
0.900115
0.900115
1.093710
1.093710
0.910446
0.910446
1.114969
1.114969
1.479493
1.479493
1.357465
1.357465
1.261691
1.261691
1.266301
1.266301
0.806638
0.806638
0.840104
0.840104
1.151016
1.151016
0.994268
0.994268
1.024358
1.024358
1.071639
1.071639
1.158556
1.158556
1.007240
1.007240
1.277695
1.277695
0.749763
0.749763
0.957407
0.957407
0.913986
0.913986
0.880730
0.880730
1.056629
1.056629
1.149367
1.149367
1.085947
1.085947
1.255105
1.255105
0.716299
0.716299
1.069670
1.069670
0.958918
0.958918
0.815916
0.815916
1.032154
1.032154
0.980604
0.980604
1.170862
1.170862
0.968020
0.968020
0.945749
0.945749
1.326537
1.326537
1.062963
1.062963
1.102989
1.102989
1.257175
1.257175
1.010097
1.010097
0.882666
0.882666
1.173160
1.173160
0.954432
0.954432
0.984835
0.984835
0.990564
0.990564
0.824618
0.824618
1.004451
1.004451
1.110919
1.110919
0.916697
0.916697
1.055383
1.055383
1.132320
1.132320
0.968925
0.968925
1.150952
1.150952
0.926174
0.926174
0.988616
0.988616
1.076259
1.076259
1.212721
1.212721
0.834294
0.834294
1.029714
1.029714
0.845960
0.845960
0.882058
0.882058
1.026589
1.026589
1.146775
1.146775
0.921883
0.921883
1.097350
1.097350
0.928727
0.928727
1.052025
1.052025
1.078811
1.078811
1.213820
1.213820
1.028621
1.028621
0.884892
0.884892
0.958732
0.958732
1.120844
1.120844
1.085771
1.085771
0.850941
0.850941
0.986032
0.986032
1.318115
1.318115
0.988574
0.988574
1.002133
1.002133
1.071685
1.071685
1.042162
1.042162
0.828142
0.828142
1.050204
1.050204
1.134127
1.134127
1.121891
1.121891
0.920909
0.920909
1.143690
1.143690
0.778989
0.778989
0.930597
0.930597
0.822628
0.822628
0.791386
0.791386
0.757196
0.757196
0.962525
0.962525
1.386467
1.386467
1.065340
1.065340
0.757117
0.757117
1.168634
1.168634
0.936204
0.936204
1.054541
1.054541
1.069570
1.069570
1.349060
1.349060
0.691696
0.691696
1.131265
1.131265
1.214905
1.214905
1.085483
1.085483
0.765181
0.765181
0.753376
0.753376
1.159676
1.159676
1.181240
1.181240
0.997712
0.997712
1.043271
1.043271
1.157580
1.157580
1.098854
1.098854
0.749470
0.749470
1.055582
1.055582
0.975364
0.975364
1.283019
1.283019
1.035672
1.035672
0.923167
0.923167
1.007542
1.007542
1.194621
1.194621
0.795770
0.795770
0.685836
0.685836
0.693492
0.693492
1.054495
1.054495
1.259099
1.259099
1.208839
1.208839
0.974357
0.974357
1.065832
1.065832
0.896582
0.896582
1.158633
1.158633
1.208423
1.208423
1.092752
1.092752
0.741525
0.741525
0.999358
0.999358
0.776226
0.776226
1.063307
1.063307
1.142644
1.142644
1.259119
1.259119
0.941351
0.941351
0.935172
0.935172
0.783823
0.783823
0.931614
0.931614
0.911160
0.911160
1.160492
1.160492
1.154363
1.154363
0.825932
0.825932
1.057996
1.057996
1.065824
1.065824
1.045019
1.045019
0.845254
0.845254
0.815004
0.815004
1.140744
1.140744
1.297933
1.297933
1.193312
1.193312
0.967523
0.967523
1.156520
1.156520
1.156830
1.156830
0.840768
0.840768
1.057911
1.057911
1.112339
1.112339
0.734957
0.734957
1.733980
1.733980
1.204583
1.204583
0.871000
0.871000
0.816998
0.816998
0.994748
0.994748
0.921933
0.921933
1.063349
1.063349
1.005067
1.005067
0.858239
0.858239
1.116804
1.116804
0.828295
0.828295
0.962627
0.962627
0.936823
0.936823
0.739477
0.739477
1.022720
1.022720
1.080417
1.080417
1.076984
1.076984
0.817584
0.817584
0.875342
0.875342
0.898309
0.898309
1.077510
1.077510
0.844247
0.844247
0.492010
0.492010
0.939334
0.939334
1.039864
1.039864
1.344671
1.344671
1.344178
1.344178
0.857120
0.857120
1.145525
1.145525
0.884136
0.884136
1.329248
1.329248
1.075204
1.075204
0.986818
0.986818
1.035014
1.035014
0.919327
0.919327
0.862289
0.862289
0.801010
0.801010
0.877488
0.877488
0.961433
0.961433
0.814043
0.814043
1.015778
1.015778
1.030684
1.030684
1.121975
1.121975
0.861964
0.861964
1.123399
1.123399
1.084394
1.084394
0.843911
0.843911
1.290587
1.290587
1.081710
1.081710
1.011758
1.011758
1.077249
1.077249
1.169134
1.169134
0.847638
0.847638
1.091932
1.091932
0.652157
0.652157
0.831555
0.831555
0.803522
0.803522
1.129657
1.129657
1.019559
1.019559
1.460552
1.460552
1.292976
1.292976
0.795606
0.795606
1.062073
1.062073
1.124528
1.124528
1.125725
1.125725
0.784064
0.784064
1.179296
1.179296
0.983096
0.983096
1.092910
1.092910
1.170333
1.170333
0.750156
0.750156
1.104758
1.104758
1.133851
1.133851
1.132804
1.132804
1.040752
1.040752
0.990492
0.990492
1.139182
1.139182
0.353895
0.353895
1.132246
1.132246
1.491420
1.491420
1.245447
1.245447
1.070024
1.070024
1.029266
1.029266
0.924533
0.924533
0.960900
0.960900
1.114543
1.114543
0.756201
0.756201
1.190664
1.190664
0.990029
0.990029
0.858613
0.858613
0.722353
0.722353
0.905282
0.905282
0.948889
0.948889
0.784504
0.784504
1.021411
1.021411
0.923572
0.923572
0.908563
0.908563
1.059282
1.059282
1.059244
1.059244
0.901679
0.901679
1.012612
1.012612
0.982412
0.982412
1.439356
1.439356
0.975301
0.975301
0.674646
0.674646
0.788383
0.788383
1.028748
1.028748
0.805075
0.805075
1.182796
1.182796
0.975756
0.975756
0.958446
0.958446
1.067015
1.067015
1.040465
1.040465
1.174208
1.174208
1.210167
1.210167
0.903272
0.903272
1.223860
1.223860
0.875918
0.875918
0.818936
0.818936
1.311162
1.311162
0.834082
0.834082
0.754294
0.754294
1.101713
1.101713
0.758779
0.758779
0.850887
0.850887
0.736110
0.736110
1.000257
1.000257
1.143966
1.143966
1.074042
1.074042
0.970234
0.970234
1.333688
1.333688
1.087568
1.087568
0.865392
0.865392
1.091952
1.091952
0.906361
0.906361
1.156295
1.156295
0.908091
0.908091
1.239145
1.239145
0.879864
0.879864
1.039480
1.039480
1.143928
1.143928
0.716433
0.716433
0.727522
0.727522
0.872179
0.872179
0.846465
0.846465
1.011043
1.011043
1.048166
1.048166
1.133270
1.133270
0.986355
0.986355
1.234919
1.234919
0.990745
0.990745
0.833514
0.833514
1.259655
1.259655
1.056359
1.056359
0.706220
0.706220
1.112214
1.112214
0.986073
0.986073
1.125150
1.125150
0.820920
0.820920
0.950316
0.950316
0.996981
0.996981
1.323048
1.323048
1.082575
1.082575
1.120695
1.120695
0.935897
0.935897
1.124314
1.124314
0.908067
0.908067
0.978391
0.978391
1.054333
1.054333
1.067851
1.067851
1.118847
1.118847
1.006711
1.006711
0.999441
0.999441
1.118177
1.118177
1.019648
1.019648
0.934210
0.934210
1.032325
1.032325
0.921239
0.921239
0.951033
0.951033
0.717085
0.717085
0.809786
0.809786
1.102199
1.102199
1.019341
1.019341
0.706028
0.706028
1.190515
1.190515
1.094855
1.094855
1.183184
1.183184
0.902316
0.902316
0.942794
0.942794
1.228956
1.228956
0.851555
0.851555
1.005006
1.005006
1.036541
1.036541
0.702232
0.702232
0.964173
0.964173
1.039391
1.039391
0.820318
0.820318
0.919310
0.919310
1.286826
1.286826
1.168811
1.168811
1.203914
1.203914
1.258246
1.258246
1.144341
1.144341
0.928298
0.928298
1.474087
1.474087
0.853221
0.853221
1.147555
1.147555
1.057702
1.057702
0.784976
0.784976
0.815295
0.815295
0.847853
0.847853
1.050117
1.050117
1.003232
1.003232
0.769008
0.769008
0.992270
0.992270
1.035984
1.035984
1.149290
1.149290
1.017636
1.017636
1.062841
1.062841
0.896224
0.896224
0.809021
0.809021
0.785583
0.785583
1.130234
1.130234
0.840023
0.840023
0.840498
0.840498
0.903570
0.903570
0.919313
0.919313
1.240394
1.240394
0.910988
0.910988
0.853071
0.853071
1.556805
1.556805
1.025257
1.025257
0.945104
0.945104
0.761610
0.761610
0.934559
0.934559
1.137317
1.137317
0.883981
0.883981
0.827082
0.827082
1.292273
1.292273
1.114610
1.114610
0.873609
0.873609
0.774454
0.774454
1.058845
1.058845
1.034595
1.034595
1.046332
1.046332
1.283034
1.283034
1.188285
1.188285
1.000661
1.000661
1.212558
1.212558
0.622180
0.622180
0.785154
0.785154
0.766396
0.766396
0.860448
0.860448
1.042410
1.042410
1.008286
1.008286
1.283133
1.283133
1.128700
1.128700
0.997198
0.997198
0.876104
0.876104
1.150125
1.150125
1.232259
1.232259
1.167635
1.167635
1.093380
1.093380
0.834069
0.834069
0.871124
0.871124
0.749286
0.749286
0.915094
0.915094
1.018937
1.018937
1.079118
1.079118
1.321594
1.321594
1.060629
1.060629
0.710382
0.710382
1.080791
1.080791
1.211289
1.211289
0.838927
0.838927
1.050331
1.050331
0.774649
0.774649
0.967914
0.967914
1.173983
1.173983
1.055579
1.055579
0.767913
0.767913
1.088925
1.088925
0.924928
0.924928
1.385013
1.385013
1.417668
1.417668
0.918321
0.918321
0.979780
0.979780
1.173804
1.173804
1.230296
1.230296
1.112954
1.112954
0.996742
0.996742
0.881027
0.881027
1.008548
1.008548
0.895317
0.895317
0.899403
0.899403
1.164382
1.164382
1.161107
1.161107
1.055023
1.055023
1.052670
1.052670
1.188261
1.188261
1.041810
1.041810
0.909438
0.909438
1.142916
1.142916
0.746426
0.746426
0.991911
0.991911
0.887070
0.887070
1.002080
1.002080
0.932175
0.932175
1.029606
1.029606
0.962578
0.962578
1.173120
1.173120
0.987893
0.987893
1.058437
1.058437
0.950130
0.950130
1.135205
1.135205
1.002496
1.002496
0.848755
0.848755
1.121805
1.121805
0.896550
0.896550
1.176161
1.176161
0.887959
0.887959
0.939856
0.939856
1.018132
1.018132
0.978066
0.978066
0.865363
0.865363
0.971563
0.971563
1.049883
1.049883
1.036779
1.036779
1.034544
1.034544
0.865906
0.865906
1.337925
1.337925
1.102764
1.102764
1.094973
1.094973
0.792331
0.792331
0.857987
0.857987
0.599433
0.599433
1.114789
1.114789
0.738570
0.738570
0.796950
0.796950
0.971265
0.971265
1.094495
1.094495
1.084153
1.084153
1.203665
1.203665
0.991868
0.991868
0.923973
0.923973
0.975402
0.975402
1.349944
1.349944
0.838887
0.838887
0.845309
0.845309
0.953441
0.953441
0.792517
0.792517
0.777435
0.777435
1.107062
1.107062
1.328221
1.328221
1.068018
1.068018
1.008504
1.008504
1.308540
1.308540
1.036668
1.036668
0.859217
0.859217
0.821926
0.821926
0.648419
0.648419
0.862655
0.862655
0.998406
0.998406
0.893885
0.893885
1.071670
1.071670
1.032106
1.032106
0.772839
0.772839
1.149201
1.149201
0.927742
0.927742
0.917018
0.917018
0.928028
0.928028
1.541158
1.541158
1.064053
1.064053
0.874975
0.874975
0.601231
0.601231
0.800981
0.800981
0.804532
0.804532
1.039218
1.039218
0.803465
0.803465
0.817902
0.817902
1.169743
1.169743
0.861403
0.861403
1.164502
1.164502
1.179561
1.179561
1.053189
1.053189
1.077771
1.077771
0.850816
0.850816
0.993208
0.993208
1.154525
1.154525
1.134108
1.134108
1.035447
1.035447
0.957506
0.957506
0.939015
0.939015
1.098557
1.098557
0.865014
0.865014
0.783456
0.783456
0.846116
0.846116
0.804375
0.804375
0.912813
0.912813
0.955251
0.955251
1.170807
1.170807
1.060677
1.060677
1.333641
1.333641
1.056775
1.056775
0.898825
0.898825
0.863373
0.863373
1.037875
1.037875
0.677007
0.677007
0.886480
0.886480
0.992404
0.992404
1.068231
1.068231
1.226414
1.226414
1.046558
1.046558
0.996865
0.996865
1.079852
1.079852
0.857317
0.857317
1.042697
1.042697
1.189993
1.189993
0.953552
0.953552
0.714544
0.714544
0.750742
0.750742
0.852246
0.852246
1.077260
1.077260
1.003149
1.003149
1.115525
1.115525
0.979391
0.979391
1.105649
1.105649
1.098908
1.098908
0.909853
0.909853
1.172161
1.172161
1.034382
1.034382
1.176183
1.176183
0.890961
0.890961
1.500978
1.500978
0.940667
0.940667
0.781427
0.781427
0.817407
0.817407
1.203420
1.203420
1.023667
1.023667
1.176446
1.176446
1.052731
1.052731
0.861341
0.861341
0.688184
0.688184
0.840112
0.840112
1.198997
1.198997
1.216661
1.216661
1.145692
1.145692
1.240621
1.240621
0.712336
0.712336
0.923588
0.923588
0.728446
0.728446
1.128194
1.128194
1.392035
1.392035
1.047666
1.047666
0.893879
0.893879
0.952698
0.952698
1.171635
1.171635
0.909418
0.909418
1.148816
1.148816
0.691359
0.691359
1.374238
1.374238
0.887248
0.887248
1.003631
1.003631
0.959446
0.959446
0.269944
0.269944
0.979267
0.979267
0.976972
0.976972
1.053738
1.053738
1.136719
1.136719
1.100090
1.100090
1.215505
1.215505
0.963162
0.963162
1.590882
1.590882
0.986900
0.986900
0.853984
0.853984
0.910060
0.910060
0.668342
0.668342
0.869089
0.869089
0.805982
0.805982
0.917454
0.917454
0.985950
0.985950
1.073196
1.073196
1.352189
1.352189
1.006822
1.006822
1.084825
1.084825
0.761095
0.761095
0.959215
0.959215
0.910362
0.910362
0.815694
0.815694
0.920820
0.920820
1.065948
1.065948
1.155947
1.155947
0.884740
0.884740
1.516233
1.516233
0.896432
0.896432
1.014294
1.014294
0.918477
0.918477
0.637458
0.637458
1.003240
1.003240
1.053765
1.053765
1.146090
1.146090
1.018433
1.018433
1.053467
1.053467
0.902721
0.902721
1.119173
1.119173
0.611495
0.611495
1.191486
1.191486
1.013083
1.013083
0.813506
0.813506
1.003705
1.003705
0.761634
0.761634
1.011455
1.011455
0.856566
0.856566
0.932155
0.932155
0.797229
0.797229
0.793027
0.793027
1.472456
1.472456
0.988402
0.988402
0.896849
0.896849
0.830834
0.830834
0.979784
0.979784
0.782667
0.782667
0.819063
0.819063
0.829184
0.829184
0.829407
0.829407
1.179842
1.179842
1.069032
1.069032
1.159779
1.159779
1.138716
1.138716
1.422186
1.422186
0.796839
0.796839
1.194328
1.194328
0.852093
0.852093
0.902828
0.902828
0.639017
0.639017
0.944590
0.944590
0.962786
0.962786
0.855409
0.855409
1.243719
1.243719
1.309860
1.309860
1.157148
1.157148
0.891918
0.891918
0.942807
0.942807
0.928146
0.928146
1.088543
1.088543
0.885165
0.885165
1.013420
1.013420
0.915677
0.915677
1.077245
1.077245
0.756398
0.756398
0.839798
0.839798
1.004099
1.004099
0.921632
0.921632
0.761511
0.761511
1.174212
1.174212
0.836032
0.836032
1.252782
1.252782
1.096254
1.096254
0.784129
0.784129
1.063582
1.063582
0.890944
0.890944
0.855366
0.855366
0.985604
0.985604
0.493435
0.493435
0.900615
0.900615
0.964621
0.964621
0.827421
0.827421
1.117781
1.117781
1.107500
1.107500
1.213134
1.213134
1.176826
1.176826
0.873046
0.873046
1.093995
1.093995
0.918890
0.918890
1.269766
1.269766
1.005037
1.005037
0.814216
0.814216
1.547690
1.547690
1.102875
1.102875
1.159526
1.159526
1.107173
1.107173
0.981353
0.981353
0.956644
0.956644
1.013293
1.013293
0.872555
0.872555
0.922544
0.922544
0.900171
0.900171
1.140954
1.140954
0.848044
0.848044
0.935534
0.935534
0.875348
0.875348
1.019658
1.019658
0.884057
0.884057
0.698715
0.698715
1.286862
1.286862
0.566427
0.566427
1.202517
1.202517
0.912569
0.912569
1.114367
1.114367
1.046660
1.046660
1.243555
1.243555
1.016868
1.016868
0.656187
0.656187
0.909806
0.909806
0.988812
0.988812
0.877765
0.877765
0.928715
0.928715
1.107771
1.107771
0.795181
0.795181
0.821201
0.821201
0.652773
0.652773
1.046064
1.046064
1.102791
1.102791
0.908477
0.908477
0.546728
0.546728
1.140515
1.140515
1.063775
1.063775
0.971828
0.971828
1.117342
1.117342
1.015005
1.015005
1.060492
1.060492
1.111925
1.111925
1.059300
1.059300
0.979895
0.979895
1.096594
1.096594
1.136805
1.136805
0.844768
0.844768
0.880231
0.880231
1.036717
1.036717
0.923932
0.923932
0.872218
0.872218
0.702475
0.702475
1.114008
1.114008
1.153640
1.153640
1.101567
1.101567
0.854920
0.854920
0.862451
0.862451
0.931965
0.931965
0.734573
0.734573
1.314630
1.314630
0.910886
0.910886
0.744925
0.744925
0.831291
0.831291
0.959595
0.959595
0.727567
0.727567
0.674978
0.674978
0.866989
0.866989
0.844206
0.844206
1.103226
1.103226
0.810068
0.810068
0.995064
0.995064
0.948047
0.948047
0.934946
0.934946
1.081559
1.081559
1.137412
1.137412
1.112545
1.112545
1.055104
1.055104
1.088218
1.088218
0.896333
0.896333
0.909610
0.909610
0.919333
0.919333
0.899005
0.899005
1.102205
1.102205
0.916503
0.916503
1.028102
1.028102
0.975769
0.975769
1.063087
1.063087
1.061279
1.061279
1.034818
1.034818
0.810439
0.810439
0.931191
0.931191
0.878989
0.878989
1.049232
1.049232
0.973386
0.973386
1.289215
1.289215
0.988386
0.988386
0.986482
0.986482
0.971887
0.971887
0.854074
0.854074
1.150954
1.150954
1.019107
1.019107
0.850576
0.850576
1.177980
1.177980
1.034293
1.034293
1.013450
1.013450
1.051732
1.051732
1.021052
1.021052
1.095596
1.095596
1.084926
1.084926
0.847860
0.847860
0.997271
0.997271
0.891229
0.891229
1.007391
1.007391
0.912230
0.912230
0.923654
0.923654
1.166368
1.166368
0.998575
0.998575
0.919762
0.919762
0.840718
0.840718
0.977400
0.977400
0.840794
0.840794
1.082489
1.082489
0.841887
0.841887
0.811195
0.811195
0.975133
0.975133
0.802415
0.802415
0.961237
0.961237
1.163113
1.163113
0.981287
0.981287
1.045897
1.045897
0.852841
0.852841
0.883963
0.883963
1.335662
1.335662
1.338267
1.338267
1.020135
1.020135
1.156820
1.156820
1.218052
1.218052
0.989490
0.989490
1.003639
1.003639
1.318345
1.318345
0.974485
0.974485
0.833005
0.833005
1.265617
1.265617
0.925769
0.925769
1.305608
1.305608
0.954535
0.954535
0.923308
0.923308
0.993731
0.993731
1.140565
1.140565
1.072225
1.072225
0.880690
0.880690
0.950076
0.950076
0.878193
0.878193
0.953737
0.953737
1.038136
1.038136
1.120873
1.120873
1.185848
1.185848
0.774753
0.774753
0.752838
0.752838
0.731100
0.731100
1.225219
1.225219
1.035527
1.035527
0.966824
0.966824
0.998126
0.998126
0.855084
0.855084
1.169051
1.169051
1.164108
1.164108
0.990927
0.990927
0.991566
0.991566
1.051835
1.051835
1.022486
1.022486
0.774817
0.774817
0.979225
0.979225
0.795846
0.795846
0.896158
0.896158
0.633127
0.633127
1.025344
1.025344
0.771411
0.771411
0.850453
0.850453
1.172432
1.172432
1.252565
1.252565
1.028332
1.028332
0.854252
0.854252
0.723590
0.723590
1.059671
1.059671
0.789818
0.789818
0.788503
0.788503
1.129695
1.129695
1.101173
1.101173
1.396494
1.396494
0.823457
0.823457
1.107308
1.107308
1.082472
1.082472
0.950481
0.950481
0.784938
0.784938
1.276412
1.276412
1.291247
1.291247
0.848011
0.848011
0.833525
0.833525
0.986322
0.986322
0.987854
0.987854
1.200759
1.200759
0.924184
0.924184
0.870365
0.870365
1.045748
1.045748
1.163610
1.163610
0.963677
0.963677
0.733691
0.733691
0.816026
0.816026
1.117905
1.117905
0.688266
0.688266
0.802901
0.802901
1.200713
1.200713
0.932037
0.932037
0.534279
0.534279
0.750719
0.750719
0.906063
0.906063
0.765426
0.765426
1.149237
1.149237
0.710600
0.710600
0.736849
0.736849
1.364913
1.364913
1.038656
1.038656
0.856073
0.856073
0.796324
0.796324
0.838993
0.838993
0.986114
0.986114
1.126850
1.126850
1.183014
1.183014
1.072767
1.072767
1.009769
1.009769
1.250441
1.250441
0.885804
0.885804
0.866429
0.866429
0.986630
0.986630
0.974963
0.974963
1.036895
1.036895
1.310668
1.310668
0.835480
0.835480
0.896021
0.896021
0.769830
0.769830
1.044860
1.044860
0.614621
0.614621
1.204456
1.204456
0.888712
0.888712
0.901068
0.901068
1.120061
1.120061
0.889499
0.889499
0.772245
0.772245
0.792902
0.792902
0.713869
0.713869
0.664650
0.664650
1.260178
1.260178
1.241726
1.241726
0.982301
0.982301
1.058648
1.058648
1.376917
1.376917
1.041590
1.041590
0.902610
0.902610
0.819481
0.819481
1.003199
1.003199
0.913283
0.913283
1.000213
1.000213
0.918477
0.918477
0.899521
0.899521
1.232354
1.232354
0.882083
0.882083
0.830238
0.830238
1.402674
1.402674
0.899007
0.899007
1.130396
1.130396
1.157721
1.157721
0.770628
0.770628
0.982801
0.982801
0.858291
0.858291
0.999427
0.999427
0.859651
0.859651
1.043960
1.043960
0.770275
0.770275
0.575624
0.575624
1.079438
1.079438
0.957569
0.957569
1.061303
1.061303
1.108018
1.108018
1.508589
1.508589
0.956623
0.956623
0.986326
0.986326
0.940098
0.940098
0.948760
0.948760
1.147181
1.147181
0.987564
0.987564
0.929457
0.929457
1.144762
1.144762
1.157420
1.157420
1.207826
1.207826
0.839113
0.839113
1.078954
1.078954
0.976222
0.976222
1.003952
1.003952
0.858424
0.858424
1.074747
1.074747
1.152288
1.152288
0.887437
0.887437
0.786413
0.786413
1.009320
1.009320
0.963779
0.963779
0.833384
0.833384
1.258922
1.258922
0.933001
0.933001
0.950478
0.950478
0.744828
0.744828
0.816624
0.816624
1.356599
1.356599
0.931073
0.931073
1.065943
1.065943
1.158490
1.158490
0.658817
0.658817
1.009005
1.009005
1.065780
1.065780
0.801815
0.801815
1.193300
1.193300
1.004345
1.004345
1.133746
1.133746
1.025937
1.025937
0.835254
0.835254
0.949945
0.949945
0.939734
0.939734
0.984145
0.984145
0.877653
0.877653
0.923847
0.923847
0.802566
0.802566
0.894080
0.894080
0.787917
0.787917
0.980332
0.980332
0.991423
0.991423
0.908121
0.908121
0.858287
0.858287
0.535235
0.535235
0.776061
0.776061
0.543711
0.543711
1.127565
1.127565
1.064074
1.064074
0.786805
0.786805
1.450620
1.450620
1.413513
1.413513
0.985267
0.985267
1.098156
1.098156
0.882878
0.882878
1.268746
1.268746
1.172535
1.172535
0.825826
0.825826
0.814428
0.814428
1.200459
1.200459
0.785589
0.785589
0.895372
0.895372
1.055573
1.055573
1.171741
1.171741
0.971535
0.971535
1.146676
1.146676
0.930401
0.930401
0.890605
0.890605
0.717184
0.717184
0.839183
0.839183
0.819414
0.819414
0.855297
0.855297
1.122680
1.122680
1.061495
1.061495
0.946069
0.946069
0.834396
0.834396
0.886400
0.886400
0.763612
0.763612
0.868042
0.868042
1.187344
1.187344
1.306467
1.306467
0.773672
0.773672
1.245891
1.245891
0.815916
0.815916
1.011972
1.011972
0.838968
0.838968
0.978029
0.978029
0.954081
0.954081
0.810945
0.810945
0.977687
0.977687
0.869633
0.869633
0.986578
0.986578
0.882012
0.882012
0.875087
0.875087
0.992319
0.992319
1.011995
1.011995
0.974659
0.974659
0.713892
0.713892
0.978215
0.978215
0.917988
0.917988
1.105366
1.105366
1.053442
1.053442
1.193726
1.193726
0.788397
0.788397
0.811174
0.811174
0.933170
0.933170
1.044578
1.044578
0.810282
0.810282
0.695143
0.695143
1.197148
1.197148
0.942753
0.942753
0.966129
0.966129
1.086524
1.086524
0.931675
0.931675
0.862651
0.862651
1.056083
1.056083
1.130665
1.130665
0.936962
0.936962
0.675359
0.675359
1.040692
1.040692
0.803273
0.803273
1.207635
1.207635
1.193016
1.193016
1.140462
1.140462
0.918152
0.918152
0.989396
0.989396
0.865558
0.865558
0.882789
0.882789
1.046183
1.046183
0.947661
0.947661
1.016101
1.016101
0.943826
0.943826
0.933228
0.933228
0.695291
0.695291
0.882880
0.882880
1.003289
1.003289
1.153170
1.153170
1.137087
1.137087
0.827817
0.827817
1.000914
1.000914
0.799573
0.799573
1.035540
1.035540
1.067671
1.067671
0.927799
0.927799
0.995087
0.995087
1.222004
1.222004
1.036751
1.036751
0.961107
0.961107
0.802703
0.802703
0.887563
0.887563
0.559054
0.559054
0.789620
0.789620
0.864947
0.864947
0.829953
0.829953
1.004752
1.004752
0.930091
0.930091
0.892050
0.892050
0.767119
0.767119
0.693927
0.693927
1.240707
1.240707
1.102304
1.102304
0.830780
0.830780
0.918245
0.918245
0.946621
0.946621
1.114773
1.114773
0.905802
0.905802
1.042597
1.042597
0.872690
0.872690
1.080250
1.080250
1.075438
1.075438
0.881143
0.881143
0.733669
0.733669
0.946431
0.946431
0.940905
0.940905
1.032825
1.032825
0.892126
0.892126
0.839608
0.839608
0.749542
0.749542
0.962337
0.962337
1.017075
1.017075
0.920424
0.920424
0.785760
0.785760
0.920831
0.920831
1.100546
1.100546
1.121144
1.121144
1.402519
1.402519
0.870547
0.870547
1.143540
1.143540
1.071687
1.071687
1.049416
1.049416
0.887669
0.887669
1.246671
1.246671
0.925068
0.925068
0.956978
0.956978
1.173165
1.173165
0.950081
0.950081
0.778428
0.778428
0.666377
0.666377
1.017418
1.017418
1.029593
1.029593
0.801812
0.801812
1.183395
1.183395
0.985653
0.985653
0.826216
0.826216
0.920507
0.920507
0.716564
0.716564
1.230727
1.230727
0.935683
0.935683
0.957140
0.957140
0.966707
0.966707
0.710766
0.710766
0.662519
0.662519
0.890644
0.890644
0.826356
0.826356
0.804119
0.804119
0.922405
0.922405
1.006786
1.006786
1.121986
1.121986
1.019771
1.019771
0.962394
0.962394
0.970853
0.970853
0.669563
0.669563
0.912083
0.912083
1.239686
1.239686
1.196291
1.196291
0.993315
0.993315
1.035470
1.035470
1.137822
1.137822
0.891321
0.891321
1.324695
1.324695
0.875593
0.875593
0.988287
0.988287
0.706371
0.706371
0.980159
0.980159
0.705877
0.705877
0.847167
0.847167
1.045008
1.045008
0.652460
0.652460
0.904968
0.904968
0.906159
0.906159
0.859672
0.859672
0.792825
0.792825
0.907416
0.907416
1.333161
1.333161
0.983550
0.983550
0.768863
0.768863
0.769578
0.769578
0.788877
0.788877
1.022186
1.022186
0.717616
0.717616
0.877565
0.877565
0.666850
0.666850
1.044287
1.044287
0.991279
0.991279
1.136932
1.136932
1.088830
1.088830
0.966207
0.966207
1.106510
1.106510
0.806805
0.806805
0.619674
0.619674
0.706718
0.706718
0.988484
0.988484
0.722148
0.722148
1.035707
1.035707
1.018856
1.018856
0.748080
0.748080
0.911426
0.911426
0.734511
0.734511
0.805389
0.805389
1.160839
1.160839
1.040729
1.040729
1.114309
1.114309
1.033713
1.033713
1.091448
1.091448
0.842806
0.842806
0.989999
0.989999
1.026305
1.026305
0.702700
0.702700
0.975558
0.975558
1.026903
1.026903
1.101277
1.101277
1.014812
1.014812
0.872745
0.872745
1.069307
1.069307
0.888235
0.888235
1.116585
1.116585
0.688613
0.688613
0.898097
0.898097
1.334424
1.334424
0.912303
0.912303
1.276156
1.276156
0.893568
0.893568
1.284916
1.284916
1.004270
1.004270
0.989483
0.989483
0.812734
0.812734
0.893543
0.893543
0.976806
0.976806
0.869243
0.869243
0.890144
0.890144
1.139612
1.139612
0.957697
0.957697
0.673925
0.673925
0.700140
0.700140
1.015860
1.015860
1.337324
1.337324
0.907106
0.907106
1.206810
1.206810
0.796452
0.796452
0.924369
0.924369
0.922022
0.922022
0.861875
0.861875
0.645789
0.645789
1.045024
1.045024
0.853017
0.853017
0.721863
0.721863
1.035986
1.035986
1.074836
1.074836
0.844793
0.844793
0.961320
0.961320
0.896162
0.896162
0.854759
0.854759
0.915002
0.915002
1.124213
1.124213
1.049051
1.049051
0.920871
0.920871
1.087404
1.087404
1.012276
1.012276
1.012592
1.012592
0.919872
0.919872
1.171740
1.171740
1.105547
1.105547
1.116466
1.116466
1.159001
1.159001
0.872071
0.872071
1.116854
1.116854
0.754744
0.754744
0.980941
0.980941
0.899018
0.899018
0.725773
0.725773
1.168649
1.168649
1.046875
1.046875
0.819142
0.819142
1.023446
1.023446
0.960708
0.960708
1.030677
1.030677
0.756966
0.756966
0.946262
0.946262
1.152721
1.152721
0.770204
0.770204
1.208493
1.208493
0.771839
0.771839
1.213135
1.213135
0.889320
0.889320
1.203607
1.203607
0.852549
0.852549
1.218575
1.218575
0.970242
0.970242
0.617185
0.617185
0.836059
0.836059
1.208487
1.208487
0.645282
0.645282
0.943751
0.943751
1.090186
1.090186
0.845902
0.845902
1.680347
1.680347
0.819037
0.819037
0.817622
0.817622
0.810742
0.810742
1.234475
1.234475
0.958250
0.958250
0.980933
0.980933
0.999237
0.999237
0.998124
0.998124
0.883960
0.883960
0.617096
0.617096
0.885038
0.885038
0.738218
0.738218
0.790794
0.790794
0.812112
0.812112
0.923407
0.923407
1.161558
1.161558
0.768464
0.768464
0.987127
0.987127
0.892573
0.892573
0.791348
0.791348
0.963683
0.963683
1.169929
1.169929
1.048860
1.048860
1.282636
1.282636
0.818793
0.818793
0.899443
0.899443
0.905592
0.905592
0.782703
0.782703
1.086830
1.086830
1.054590
1.054590
1.084486
1.084486
1.132909
1.132909
1.178102
1.178102
0.832483
0.832483
0.859850
0.859850
0.621289
0.621289
1.021225
1.021225
1.136453
1.136453
0.878932
0.878932
0.881260
0.881260
1.153529
1.153529
1.292751
1.292751
0.793051
0.793051
0.685966
0.685966
0.659982
0.659982
0.849820
0.849820
0.801468
0.801468
0.820561
0.820561
0.906492
0.906492
0.683108
0.683108
1.048229
1.048229
0.785117
0.785117
0.996798
0.996798
0.883782
0.883782
1.131780
1.131780
0.859439
0.859439
0.949927
0.949927
0.971305
0.971305
1.111110
1.111110
0.757802
0.757802
0.613367
0.613367
0.812784
0.812784
0.809063
0.809063
0.858968
0.858968
0.939436
0.939436
1.326525
1.326525
1.049085
1.049085
1.202011
1.202011
0.907873
0.907873
0.830299
0.830299
0.873525
0.873525
0.733846
0.733846
1.001458
1.001458
0.746104
0.746104
1.057686
1.057686
1.187291
1.187291
1.046810
1.046810
1.232057
1.232057
0.801193
0.801193
1.019293
1.019293
1.403221
1.403221
0.841933
0.841933
1.142856
1.142856
0.832915
0.832915
0.932472
0.932472
0.914494
0.914494
0.862588
0.862588
1.174676
1.174676
0.884778
0.884778
0.852673
0.852673
1.068206
1.068206
0.990052
0.990052
1.159227
1.159227
1.036950
1.036950
0.941689
0.941689
1.096477
1.096477
0.995406
0.995406
1.155874
1.155874
1.143773
1.143773
1.071332
1.071332
0.918880
0.918880
1.149915
1.149915
0.856776
0.856776
1.073182
1.073182
0.955203
0.955203
0.894945
0.894945
0.734827
0.734827
1.126467
1.126467
0.846761
0.846761
1.232353
1.232353
1.047560
1.047560
0.910014
0.910014
0.815947
0.815947
0.726308
0.726308
0.632241
0.632241
0.715014
0.715014
0.676118
0.676118
0.992029
0.992029
0.895231
0.895231
0.897880
0.897880
1.019660
1.019660
0.790156
0.790156
0.853754
0.853754
0.812333
0.812333
1.264822
1.264822
0.867119
0.867119
0.953519
0.953519
0.927067
0.927067
1.086749
1.086749
1.070146
1.070146
1.148671
1.148671
0.835736
0.835736
1.178544
1.178544
1.230710
1.230710
1.013006
1.013006
0.928141
0.928141
0.881111
0.881111
1.256029
1.256029
0.856722
0.856722
0.839086
0.839086
1.105203
1.105203
0.908445
0.908445
0.741953
0.741953
0.869398
0.869398
1.091724
1.091724
1.052319
1.052319
0.993299
0.993299
1.022119
1.022119
0.906213
0.906213
0.809499
0.809499
1.079953
1.079953
1.082921
1.082921
0.701277
0.701277
0.713444
0.713444
0.878146
0.878146
0.842684
0.842684
1.139605
1.139605
1.106000
1.106000
0.878695
0.878695
1.121219
1.121219
1.034224
1.034224
0.927778
0.927778
1.107351
1.107351
0.959719
0.959719
0.962344
0.962344
0.795839
0.795839
0.922918
0.922918
0.899533
0.899533
0.989199
0.989199
1.157647
1.157647
1.039978
1.039978
0.795894
0.795894
0.812292
0.812292
0.700176
0.700176
0.998257
0.998257
1.003320
1.003320
1.383245
1.383245
0.968474
0.968474
0.983669
0.983669
0.728537
0.728537
1.053194
1.053194
0.635571
0.635571
1.203269
1.203269
0.916449
0.916449
1.062888
1.062888
0.861336
0.861336
1.005128
1.005128
0.639147
0.639147
1.051181
1.051181
0.787452
0.787452
0.919574
0.919574
0.899022
0.899022
0.625839
0.625839
0.630974
0.630974
1.048598
1.048598
0.961250
0.961250
0.664108
0.664108
0.826953
0.826953
1.048001
1.048001
0.854200
0.854200
0.752089
0.752089
0.997097
0.997097
0.939515
0.939515
0.933356
0.933356
1.262501
1.262501
0.917872
0.917872
0.688581
0.688581
0.999997
0.999997
1.140622
1.140622
0.671892
0.671892
0.737501
0.737501
0.730508
0.730508
1.007138
1.007138
0.966401
0.966401
0.754586
0.754586
0.680077
0.680077
0.865108
0.865108
0.854212
0.854212
0.873767
0.873767
1.210826
1.210826
0.716143
0.716143
0.798545
0.798545
1.156555
1.156555
1.043702
1.043702
1.139288
1.139288
0.859398
0.859398
0.767867
0.767867
0.789441
0.789441
0.893825
0.893825
0.886022
0.886022
0.911340
0.911340
1.019285
1.019285
1.428234
1.428234
1.212391
1.212391
1.348169
1.348169
0.861060
0.861060
0.836824
0.836824
0.905109
0.905109
0.816238
0.816238
0.636859
0.636859
0.622147
0.622147
0.734019
0.734019
0.794101
0.794101
1.307251
1.307251
1.199680
1.199680
1.528611
1.528611
1.062229
1.062229
1.044602
1.044602
0.904914
0.904914
0.694954
0.694954
0.914764
0.914764
0.781015
0.781015
1.002185
1.002185
1.161296
1.161296
0.935255
0.935255
0.997310
0.997310
0.873258
0.873258
0.642824
0.642824
0.786797
0.786797
0.714230
0.714230
1.007504
1.007504
0.707210
0.707210
1.191181
1.191181
0.690285
0.690285
0.856021
0.856021
0.811794
0.811794
0.820992
0.820992
0.840538
0.840538
1.249556
1.249556
0.916466
0.916466
0.955860
0.955860
0.886304
0.886304
0.689391
0.689391
0.938204
0.938204
0.863926
0.863926
1.217356
1.217356
0.766836
0.766836
0.754294
0.754294
1.054154
1.054154
0.975498
0.975498
0.648328
0.648328
0.945461
0.945461
0.688532
0.688532
0.810586
0.810586
0.742948
0.742948
1.251626
1.251626
1.316947
1.316947
0.991085
0.991085
0.851781
0.851781
1.036634
1.036634
0.875514
0.875514
0.856119
0.856119
0.839440
0.839440
0.807501
0.807501
0.776498
0.776498
0.925000
0.925000
0.813601
0.813601
0.890711
0.890711
1.217982
1.217982
0.560029
0.560029
0.777880
0.777880
1.116530
1.116530
0.974309
0.974309
1.042840
1.042840
1.106576
1.106576
1.152920
1.152920
0.893874
0.893874
1.010229
1.010229
1.001709
1.001709
1.208785
1.208785
1.029296
1.029296
1.061658
1.061658
1.166877
1.166877
1.083432
1.083432
0.852347
0.852347
0.620762
0.620762
0.658917
0.658917
0.841313
0.841313
0.858086
0.858086
1.083368
1.083368
1.087532
1.087532
1.226196
1.226196
0.962530
0.962530
1.058787
1.058787
0.727776
0.727776
1.036596
1.036596
0.758209
0.758209
0.756016
0.756016
0.917308
0.917308
1.020577
1.020577
0.714047
0.714047
0.891086
0.891086
1.131924
1.131924
0.910228
0.910228
1.028459
1.028459
1.324438
1.324438
1.018542
1.018542
0.820100
0.820100
0.799452
0.799452
0.723644
0.723644
0.933544
0.933544
0.594016
0.594016
0.943544
0.943544
1.130982
1.130982
1.052512
1.052512
0.957716
0.957716
1.207862
1.207862
0.773942
0.773942
0.935050
0.935050
0.985905
0.985905
1.055958
1.055958
0.942005
0.942005
0.799753
0.799753
1.139264
1.139264
0.910562
0.910562
1.445879
1.445879
0.625469
0.625469
0.687729
0.687729
1.005213
1.005213
0.912763
0.912763
1.155756
1.155756
1.123547
1.123547
1.100372
1.100372
1.049548
1.049548
0.924904
0.924904
0.896596
0.896596
0.844912
0.844912
0.932296
0.932296
0.759694
0.759694
0.874666
0.874666
0.845191
0.845191
0.985688
0.985688
1.049918
1.049918
0.878086
0.878086
1.076376
1.076376
0.654752
0.654752
0.917433
0.917433
0.981252
0.981252
1.082315
1.082315
1.242556
1.242556
0.828806
0.828806
0.775193
0.775193
0.867896
0.867896
1.101328
1.101328
0.871751
0.871751
0.981906
0.981906
1.425061
1.425061
0.934627
0.934627
1.039720
1.039720
0.966140
0.966140
0.881728
0.881728
0.642998
0.642998
0.816739
0.816739
1.232718
1.232718
1.008630
1.008630
0.932132
0.932132
1.150674
1.150674
0.946778
0.946778
0.918327
0.918327
0.566519
0.566519
0.954333
0.954333
0.814439
0.814439
0.955412
0.955412
0.992203
0.992203
0.975187
0.975187
1.045434
1.045434
0.879324
0.879324
0.884412
0.884412
0.737340
0.737340
0.879725
0.879725
1.003266
1.003266
0.956798
0.956798
0.659151
0.659151
1.144390
1.144390
1.118819
1.118819
0.909748
0.909748
1.043315
1.043315
0.881108
0.881108
0.838472
0.838472
1.112568
1.112568
1.159633
1.159633
1.024472
1.024472
0.760380
0.760380
1.248567
1.248567
0.745786
0.745786
0.944341
0.944341
1.108042
1.108042
0.980368
0.980368
0.895852
0.895852
0.964393
0.964393
1.034636
1.034636
1.027061
1.027061
1.242231
1.242231
0.694721
0.694721
0.572226
0.572226
0.895552
0.895552
0.810527
0.810527
0.675455
0.675455
0.908097
0.908097
1.068387
1.068387
1.291095
1.291095
0.860440
0.860440
0.886347
0.886347
1.019820
1.019820
0.961502
0.961502
0.940691
0.940691
0.962264
0.962264
0.828931
0.828931
1.183446
1.183446
1.204735
1.204735
0.928298
0.928298
0.996249
0.996249
0.950440
0.950440
0.793563
0.793563
0.634090
0.634090
1.029800
1.029800
0.797774
0.797774
0.631034
0.631034
0.531944
0.531944
0.917013
0.917013
0.933603
0.933603
1.003363
1.003363
0.904697
0.904697
0.975319
0.975319
0.677022
0.677022
0.674081
0.674081
1.164139
1.164139
0.695243
0.695243
0.968615
0.968615
1.001567
1.001567
1.016236
1.016236
1.179194
1.179194
1.010539
1.010539
0.964401
0.964401
0.703967
0.703967
0.635425
0.635425
0.926916
0.926916
0.797821
0.797821
0.490152
0.490152
0.940029
0.940029
0.856131
0.856131
0.962461
0.962461
1.014087
1.014087
1.030297
1.030297
0.773790
0.773790
0.842888
0.842888
1.039258
1.039258
0.908032
0.908032
0.796223
0.796223
1.030164
1.030164
0.898533
0.898533
0.879342
0.879342
0.806915
0.806915
0.866942
0.866942
0.859395
0.859395
1.239624
1.239624
0.770448
0.770448
0.805463
0.805463
0.727892
0.727892
0.855687
0.855687
0.673620
0.673620
1.142496
1.142496
1.304251
1.304251
1.160913
1.160913
0.742466
0.742466
0.762577
0.762577
0.889545
0.889545
0.790170
0.790170
0.945172
0.945172
1.189098
1.189098
0.922740
0.922740
1.084586
1.084586
1.135666
1.135666
0.984516
0.984516
0.999166
0.999166
0.829088
0.829088
0.742494
0.742494
0.872100
0.872100
0.722496
0.722496
0.684751
0.684751
0.927585
0.927585
0.931058
0.931058
0.842026
0.842026
1.034290
1.034290
0.984358
0.984358
0.916759
0.916759
1.127637
1.127637
0.588797
0.588797
0.689332
0.689332
1.001924
1.001924
0.722962
0.722962
1.030891
1.030891
0.878843
0.878843
0.824991
0.824991
0.897081
0.897081
0.952127
0.952127
0.743663
0.743663
0.809135
0.809135
1.212228
1.212228
1.015781
1.015781
1.042853
1.042853
1.203125
1.203125
0.842790
0.842790
0.978749
0.978749
0.815636
0.815636
1.097082
1.097082
0.953076
0.953076
1.037606
1.037606
0.933818
0.933818
1.137108
1.137108
1.207931
1.207931
0.802578
0.802578
0.929564
0.929564
0.766227
0.766227
0.878146
0.878146
0.860951
0.860951
1.088619
1.088619
0.872804
0.872804
1.145176
1.145176
1.248025
1.248025
0.684305
0.684305
0.871300
0.871300
0.833446
0.833446
0.720873
0.720873
0.867055
0.867055
1.136173
1.136173
0.807179
0.807179
1.017121
1.017121
1.134315
1.134315
0.825608
0.825608
1.006020
1.006020
0.722390
0.722390
1.126047
1.126047
0.534849
0.534849
1.162785
1.162785
0.980838
0.980838
0.890295
0.890295
0.857231
0.857231
0.903075
0.903075
1.112720
1.112720
0.832742
0.832742
0.976509
0.976509
1.004538
1.004538
0.793341
0.793341
1.145895
1.145895
1.000666
1.000666
0.915639
0.915639
0.950518
0.950518
0.801905
0.801905
0.981878
0.981878
1.012355
1.012355
1.013341
1.013341
1.045165
1.045165
0.701318
0.701318
1.054468
1.054468
0.785620
0.785620
0.923300
0.923300
0.855028
0.855028
0.793758
0.793758
0.864353
0.864353
0.840190
0.840190
0.908883
0.908883
0.837188
0.837188
0.870760
0.870760
1.012851
1.012851
1.000727
1.000727
1.030771
1.030771
0.976448
0.976448
1.187016
1.187016
1.151611
1.151611
0.928507
0.928507
1.247466
1.247466
0.756079
0.756079
0.895712
0.895712
0.809733
0.809733
0.924021
0.924021
0.919589
0.919589
0.729941
0.729941
1.224846
1.224846
0.761781
0.761781
0.714199
0.714199
0.754163
0.754163
0.635451
0.635451
0.887210
0.887210
0.908494
0.908494
1.053579
1.053579
1.282906
1.282906
0.922625
0.922625
0.992005
0.992005
1.130547
1.130547
0.797143
0.797143
0.783069
0.783069
1.178402
1.178402
1.075384
1.075384
0.819586
0.819586
0.907484
0.907484
0.955894
0.955894
0.933482
0.933482
0.811398
0.811398
0.768125
0.768125
1.361674
1.361674
0.693296
0.693296
0.775676
0.775676
0.933152
0.933152
0.954161
0.954161
1.055341
1.055341
1.036334
1.036334
0.814799
0.814799
1.117612
1.117612
0.938574
0.938574
0.901202
0.901202
0.971918
0.971918
1.081989
1.081989
0.750872
0.750872
0.931100
0.931100
1.185242
1.185242
1.406019
1.406019
0.673018
0.673018
0.754520
0.754520
0.819593
0.819593
0.843501
0.843501
0.774367
0.774367
0.844088
0.844088
0.970093
0.970093
0.883003
0.883003
1.142016
1.142016
0.829800
0.829800
1.142402
1.142402
0.929534
0.929534
1.175273
1.175273
1.270328
1.270328
0.915015
0.915015
0.622056
0.622056
0.787406
0.787406
0.810771
0.810771
0.946651
0.946651
1.244985
1.244985
1.394912
1.394912
0.932463
0.932463
1.121864
1.121864
0.546959
0.546959
0.769808
0.769808
0.938383
0.938383
0.754067
0.754067
0.867161
0.867161
0.933274
0.933274
1.025318
1.025318
0.998494
0.998494
1.049190
1.049190
1.227598
1.227598
0.701133
0.701133
0.905005
0.905005
1.046139
1.046139
0.744459
0.744459
1.092916
1.092916
0.900779
0.900779
0.899576
0.899576
0.813133
0.813133
0.853706
0.853706
1.016011
1.016011
1.041753
1.041753
0.782887
0.782887
1.177549
1.177549
1.015865
1.015865
1.149520
1.149520
0.940067
0.940067
0.766688
0.766688
0.709045
0.709045
0.601433
0.601433
0.808791
0.808791
0.794035
0.794035
0.874536
0.874536
0.710761
0.710761
1.079547
1.079547
0.903171
0.903171
1.016476
1.016476
1.049075
1.049075
0.948647
0.948647
0.825148
0.825148
0.960607
0.960607
1.001169
1.001169
0.783042
0.783042
0.959626
0.959626
1.095039
1.095039
0.905321
0.905321
1.201943
1.201943
0.806146
0.806146
1.016329
1.016329
0.897794
0.897794
1.005515
1.005515
0.720786
0.720786
0.584105
0.584105
1.210851
1.210851
1.124583
1.124583
1.026944
1.026944
0.931852
0.931852
0.743980
0.743980
0.975939
0.975939
1.060956
1.060956
1.209603
1.209603
0.910414
0.910414
0.597005
0.597005
0.822236
0.822236
0.737715
0.737715
0.702782
0.702782
0.800674
0.800674
1.062442
1.062442
0.863013
0.863013
1.091093
1.091093
1.078894
1.078894
0.972672
0.972672
1.073433
1.073433
0.882906
0.882906
0.933647
0.933647
1.078699
1.078699
0.659408
0.659408
0.744859
0.744859
0.716239
0.716239
1.043867
1.043867
0.861016
0.861016
0.877040
0.877040
1.026025
1.026025
0.987397
0.987397
0.675017
0.675017
0.788383
0.788383
0.605180
0.605180
0.605788
0.605788
0.834070
0.834070
0.821940
0.821940
0.748950
0.748950
0.659245
0.659245
0.926013
0.926013
0.921209
0.921209
1.188212
1.188212
1.068353
1.068353
0.801451
0.801451
0.800707
0.800707
0.691929
0.691929
0.740896
0.740896
0.881724
0.881724
0.895195
0.895195
1.145373
1.145373
1.027377
1.027377
0.825450
0.825450
0.887151
0.887151
0.790416
0.790416
1.148072
1.148072
0.861380
0.861380
0.953475
0.953475
1.150944
1.150944
0.884871
0.884871
0.773869
0.773869
0.970145
0.970145
1.080484
1.080484
0.679898
0.679898
0.907124
0.907124
1.080949
1.080949
1.171225
1.171225
0.691644
0.691644
0.776303
0.776303
1.131583
1.131583
0.808225
0.808225
0.844186
0.844186
0.953234
0.953234
1.319408
1.319408
0.878672
0.878672
0.889410
0.889410
0.850427
0.850427
0.929521
0.929521
0.823930
0.823930
0.744874
0.744874
0.981982
0.981982
0.909382
0.909382
1.003358
1.003358
1.156008
1.156008
0.995506
0.995506
1.028746
1.028746
0.935393
0.935393
0.996151
0.996151
0.826371
0.826371
0.643842
0.643842
1.172972
1.172972
1.021990
1.021990
0.856715
0.856715
1.090156
1.090156
0.702678
0.702678
0.936335
0.936335
1.048774
1.048774
0.819302
0.819302
1.014104
1.014104
0.957409
0.957409
1.015341
1.015341
0.729732
0.729732
0.809430
0.809430
0.996068
0.996068
1.005405
1.005405
0.900994
0.900994
1.014329
1.014329
0.761630
0.761630
0.973439
0.973439
0.993144
0.993144
1.037482
1.037482
0.686743
0.686743
0.815627
0.815627
0.858331
0.858331
0.607511
0.607511
0.811561
0.811561
0.888726
0.888726
1.140005
1.140005
1.078288
1.078288
1.161114
1.161114
0.837551
0.837551
0.688138
0.688138
1.114767
1.114767
0.770823
0.770823
0.797808
0.797808
1.146946
1.146946
1.174918
1.174918
0.761772
0.761772
0.964836
0.964836
0.949811
0.949811
0.758985
0.758985
0.544941
0.544941
1.143235
1.143235
0.994453
0.994453
1.091050
1.091050
1.078881
1.078881
0.936689
0.936689
0.786754
0.786754
1.003842
1.003842
0.698222
0.698222
0.754432
0.754432
0.886788
0.886788
0.882873
0.882873
0.642912
0.642912
1.055414
1.055414
0.951334
0.951334
0.741545
0.741545
0.744810
0.744810
0.729952
0.729952
0.640121
0.640121
1.034452
1.034452
0.988068
0.988068
1.018126
1.018126
0.925510
0.925510
0.907389
0.907389
1.016978
1.016978
1.046142
1.046142
0.797639
0.797639
0.590015
0.590015
0.825935
0.825935
1.144669
1.144669
1.125588
1.125588
0.917744
0.917744
0.759373
0.759373
0.692620
0.692620
0.570719
0.570719
0.631197
0.631197
0.866252
0.866252
1.254808
1.254808
0.988276
0.988276
0.902541
0.902541
0.494812
0.494812
1.112367
1.112367
0.829823
0.829823
0.892891
0.892891
0.909609
0.909609
0.806406
0.806406
0.878434
0.878434
0.666134
0.666134
0.630019
0.630019
0.920985
0.920985
0.799228
0.799228
0.786519
0.786519
1.067528
1.067528
0.806836
0.806836
0.914293
0.914293
0.965962
0.965962
0.882887
0.882887
0.940828
0.940828
1.223036
1.223036
1.101901
1.101901
1.273201
1.273201
0.961944
0.961944
0.932488
0.932488
0.677812
0.677812
0.754286
0.754286
0.594317
0.594317
0.684973
0.684973
1.122417
1.122417
0.772360
0.772360
0.788406
0.788406
1.017299
1.017299
0.833105
0.833105
1.067103
1.067103
0.746625
0.746625
1.078493
1.078493
0.803319
0.803319
0.933200
0.933200
0.586033
0.586033
0.675350
0.675350
1.094650
1.094650
0.654079
0.654079
1.026658
1.026658
0.910617
0.910617
1.227574
1.227574
0.898515
0.898515
0.879218
0.879218
0.831362
0.831362
0.846624
0.846624
0.572484
0.572484
0.513448
0.513448
0.823224
0.823224
1.071863
1.071863
0.921159
0.921159
1.189812
1.189812
1.115851
1.115851
0.871659
0.871659
1.122178
1.122178
1.111293
1.111293
0.822079
0.822079
0.832000
0.832000
0.664832
0.664832
0.807579
0.807579
0.900313
0.900313
0.649194
0.649194
0.813089
0.813089
1.132872
1.132872
1.042745
1.042745
1.038942
1.038942
0.815414
0.815414
0.957200
0.957200
0.749608
0.749608
0.833270
0.833270
0.998412
0.998412
0.792104
0.792104
0.928524
0.928524
0.939080
0.939080
1.218881
1.218881
0.892225
0.892225
1.135583
1.135583
1.002545
1.002545
0.638054
0.638054
1.087031
1.087031
0.797128
0.797128
0.674456
0.674456
0.980110
0.980110
0.771090
0.771090
1.173316
1.173316
0.925403
0.925403
0.877316
0.877316
1.030930
1.030930
0.829605
0.829605
0.683295
0.683295
1.123723
1.123723
0.764228
0.764228
0.958959
0.958959
0.745270
0.745270
0.997945
0.997945
0.896431
0.896431
0.892252
0.892252
0.996940
0.996940
1.226842
1.226842
1.255556
1.255556
0.634736
0.634736
0.967305
0.967305
0.988462
0.988462
0.845740
0.845740
0.941837
0.941837
1.057475
1.057475
0.872734
0.872734
0.947440
0.947440
0.744472
0.744472
0.945251
0.945251
0.808305
0.808305
0.824437
0.824437
0.972882
0.972882
0.751122
0.751122
0.825675
0.825675
0.843476
0.843476
0.973929
0.973929
0.924515
0.924515
0.963698
0.963698
0.919112
0.919112
0.730052
0.730052
0.989011
0.989011
1.138335
1.138335
1.111351
1.111351
0.982363
0.982363
1.075215
1.075215
0.884809
0.884809
1.109106
1.109106
1.044262
1.044262
0.752478
0.752478
0.815080
0.815080
1.043441
1.043441
0.728671
0.728671
0.911878
0.911878
0.730371
0.730371
1.041548
1.041548
0.930271
0.930271
0.974726
0.974726
1.250672
1.250672
0.734829
0.734829
1.033131
1.033131
0.826641
0.826641
0.973883
0.973883
0.873861
0.873861
0.865770
0.865770
0.929573
0.929573
0.729142
0.729142
1.084459
1.084459
0.932372
0.932372
0.839705
0.839705
0.758216
0.758216
1.102670
1.102670
0.763227
0.763227
0.772660
0.772660
1.129202
1.129202
0.734326
0.734326
0.711832
0.711832
1.436598
1.436598
1.095496
1.095496
0.845278
0.845278
1.045087
1.045087
0.930130
0.930130
0.743896
0.743896
1.002953
1.002953
0.897897
0.897897
0.580047
0.580047
0.795331
0.795331
0.690972
0.690972
1.139174
1.139174
0.727235
0.727235
0.922177
0.922177
0.656608
0.656608
0.798136
0.798136
0.714020
0.714020
1.198789
1.198789
0.862704
0.862704
0.921632
0.921632
0.940321
0.940321
0.819418
0.819418
0.971017
0.971017
0.715314
0.715314
0.886852
0.886852
0.758191
0.758191
0.813241
0.813241
0.766266
0.766266
1.186405
1.186405
0.952174
0.952174
1.222679
1.222679
0.854514
0.854514
0.735677
0.735677
0.789208
0.789208
0.891256
0.891256
1.019131
1.019131
0.796140
0.796140
1.068247
1.068247
1.175251
1.175251
1.120587
1.120587
0.851303
0.851303
0.953055
0.953055
0.666051
0.666051
0.855096
0.855096
0.827235
0.827235
0.874561
0.874561
1.107324
1.107324
1.186762
1.186762
0.843766
0.843766
0.883386
0.883386
0.655806
0.655806
0.883580
0.883580
0.789884
0.789884
0.813952
0.813952
1.149098
1.149098
0.992991
0.992991
1.221306
1.221306
0.714800
0.714800
0.826507
0.826507
0.449096
0.449096
0.608302
0.608302
0.967934
0.967934
0.807327
0.807327
0.908966
0.908966
0.716766
0.716766
1.222970
1.222970
0.939278
0.939278
1.200172
1.200172
0.875789
0.875789
0.609436
0.609436
1.170481
1.170481
0.939565
0.939565
1.009120
1.009120
1.267840
1.267840
0.859816
0.859816
1.011858
1.011858
0.710047
0.710047
0.846951
0.846951
1.053767
1.053767
0.647793
0.647793
0.807996
0.807996
0.995027
0.995027
1.091269
1.091269
1.035459
1.035459
0.841566
0.841566
1.209498
1.209498
0.884802
0.884802
0.989417
0.989417
0.798068
0.798068
0.921020
0.921020
0.820816
0.820816
0.514243
0.514243
0.741239
0.741239
1.192532
1.192532
0.726241
0.726241
0.775575
0.775575
0.897093
0.897093
0.632718
0.632718
1.055073
1.055073
0.718652
0.718652
1.036991
1.036991
0.835645
0.835645
0.720445
0.720445
0.736029
0.736029
0.698597
0.698597
0.768278
0.768278
1.045750
1.045750
0.908862
0.908862
0.832504
0.832504
1.234230
1.234230
0.886056
0.886056
0.849934
0.849934
0.981954
0.981954
0.637768
0.637768
0.751033
0.751033
0.819921
0.819921
1.082913
1.082913
1.016374
1.016374
0.651417
0.651417
0.967408
0.967408
1.012431
1.012431
0.963863
0.963863
1.022181
1.022181
1.010727
1.010727
0.844958
0.844958
1.046951
1.046951
0.875608
0.875608
0.789461
0.789461
0.842734
0.842734
1.010836
1.010836
0.765055
0.765055
1.270655
1.270655
0.981329
0.981329
1.144883
1.144883
0.774966
0.774966
1.022381
1.022381
0.815284
0.815284
0.800027
0.800027
0.658484
0.658484
0.807002
0.807002
0.873536
0.873536
0.865387
0.865387
0.945865
0.945865
0.722016
0.722016
0.801760
0.801760
1.062011
1.062011
0.960199
0.960199
1.132889
1.132889
0.982907
0.982907
1.028492
1.028492
0.739294
0.739294
0.873422
0.873422
0.975318
0.975318
0.827020
0.827020
1.029318
1.029318
0.732149
0.732149
0.787488
0.787488
0.782629
0.782629
0.758602
0.758602
0.751106
0.751106
0.909823
0.909823
0.653157
0.653157
0.979024
0.979024
0.703214
0.703214
0.904164
0.904164
0.854969
0.854969
0.641760
0.641760
1.103222
1.103222
0.666615
0.666615
0.768666
0.768666
0.899897
0.899897
0.980957
0.980957
0.901597
0.901597
0.743845
0.743845
1.099480
1.099480
0.820669
0.820669
0.991365
0.991365
0.974011
0.974011
0.625117
0.625117
0.818117
0.818117
0.929245
0.929245
0.903932
0.903932
0.902936
0.902936
1.168330
1.168330
0.773163
0.773163
0.893783
0.893783
1.294784
1.294784
0.991778
0.991778
0.959792
0.959792
0.820630
0.820630
1.027874
1.027874
0.731304
0.731304
0.810579
0.810579
1.293566
1.293566
0.982579
0.982579
0.852056
0.852056
0.943224
0.943224
0.970826
0.970826
1.444577
1.444577
0.894462
0.894462
0.956015
0.956015
0.793004
0.793004
1.072769
1.072769
0.967816
0.967816
1.058617
1.058617
0.668060
0.668060
0.854605
0.854605
0.729641
0.729641
0.872793
0.872793
0.810941
0.810941
0.929029
0.929029
0.741741
0.741741
0.524715
0.524715
1.010101
1.010101
0.881850
0.881850
0.924757
0.924757
0.815586
0.815586
1.044281
1.044281
0.828168
0.828168
0.860820
0.860820
0.757289
0.757289
1.015516
1.015516
0.780325
0.780325
1.105141
1.105141
0.952879
0.952879
0.956194
0.956194
0.744352
0.744352
1.060956
1.060956
1.438561
1.438561
0.787335
0.787335
0.760815
0.760815
0.748931
0.748931
0.949846
0.949846
1.028822
1.028822
0.842970
0.842970
0.836081
0.836081
0.774398
0.774398
1.007705
1.007705
0.681898
0.681898
0.725442
0.725442
1.051488
1.051488
0.616131
0.616131
0.860720
0.860720
0.952425
0.952425
0.686181
0.686181
1.059763
1.059763
1.091824
1.091824
0.717229
0.717229
0.904621
0.904621
1.351847
1.351847
1.194916
1.194916
0.874847
0.874847
0.768690
0.768690
0.764405
0.764405
0.650039
0.650039
0.950203
0.950203
0.699624
0.699624
1.064501
1.064501
0.947393
0.947393
0.877304
0.877304
0.841373
0.841373
1.095983
1.095983
0.991425
0.991425
0.889351
0.889351
1.019391
1.019391
0.772406
0.772406
1.012550
1.012550
0.762131
0.762131
0.889871
0.889871
0.873498
0.873498
0.798105
0.798105
1.128408
1.128408
0.978576
0.978576
0.776058
0.776058
0.969154
0.969154
0.821318
0.821318
0.992626
0.992626
0.630878
0.630878
0.996727
0.996727
0.797685
0.797685
0.930338
0.930338
1.164076
1.164076
1.044278
1.044278
0.712139
0.712139
1.071090
1.071090
0.870692
0.870692
0.751619
0.751619
0.715067
0.715067
0.574860
0.574860
1.008561
1.008561
1.187790
1.187790
0.943604
0.943604
0.846492
0.846492
0.957307
0.957307
0.606133
0.606133
0.919840
0.919840
1.118246
1.118246
0.980607
0.980607
1.305593
1.305593
1.168573
1.168573
1.069619
1.069619
0.846065
0.846065
0.874624
0.874624
0.801486
0.801486
0.597060
0.597060
0.781364
0.781364
0.766048
0.766048
1.064347
1.064347
0.988539
0.988539
1.082886
1.082886
1.012571
1.012571
1.215544
1.215544
0.625577
0.625577
0.895270
0.895270
0.705669
0.705669
0.950821
0.950821
0.944469
0.944469
0.958509
0.958509
0.779517
0.779517
0.870385
0.870385
0.850459
0.850459
0.724629
0.724629
0.786708
0.786708
1.191330
1.191330
0.813225
0.813225
0.991061
0.991061
0.876027
0.876027
0.838928
0.838928
1.051041
1.051041
0.657778
0.657778
0.716069
0.716069
0.796491
0.796491
0.828708
0.828708
1.270646
1.270646
0.995787
0.995787
0.888555
0.888555
1.005622
1.005622
0.541725
0.541725
0.947449
0.947449
0.816760
0.816760
0.661834
0.661834
0.801962
0.801962
0.633927
0.633927
0.959392
0.959392
0.842222
0.842222
0.716684
0.716684
0.918899
0.918899
0.997385
0.997385
1.072907
1.072907
0.773933
0.773933
0.679115
0.679115
0.944879
0.944879
0.838542
0.838542
0.636754
0.636754
0.796590
0.796590
0.600212
0.600212
0.566404
0.566404
1.863847
1.863847
0.712338
0.712338
0.949973
0.949973
0.874840
0.874840
1.048308
1.048308
0.995437
0.995437
0.592381
0.592381
1.110444
1.110444
0.716633
0.716633
0.862099
0.862099
0.969787
0.969787
0.829021
0.829021
0.744420
0.744420
1.226885
1.226885
1.123941
1.123941
1.073222
1.073222
0.656581
0.656581
0.702284
0.702284
0.837255
0.837255
0.941779
0.941779
0.769354
0.769354
0.792468
0.792468
0.896301
0.896301
0.682156
0.682156
0.893716
0.893716
0.937030
0.937030
0.923252
0.923252
0.717521
0.717521
0.870766
0.870766
0.882620
0.882620
0.750698
0.750698
0.668591
0.668591
0.757783
0.757783
0.931597
0.931597
0.903376
0.903376
0.775824
0.775824
1.157228
1.157228
0.704414
0.704414
1.051137
1.051137
1.160669
1.160669
1.054083
1.054083
1.111650
1.111650
0.655519
0.655519
0.955704
0.955704
0.851515
0.851515
1.071205
1.071205
0.848473
0.848473
1.035440
1.035440
0.967762
0.967762
0.787620
0.787620
1.014385
1.014385
1.134033
1.134033
0.883301
0.883301
0.939629
0.939629
1.056200
1.056200
0.857970
0.857970
1.014438
1.014438
1.085900
1.085900
0.766071
0.766071
0.962162
0.962162
0.896492
0.896492
0.931871
0.931871
0.971849
0.971849
0.783661
0.783661
0.902433
0.902433
0.711301
0.711301
0.896295
0.896295
0.998131
0.998131
0.994939
0.994939
0.815781
0.815781
0.799243
0.799243
1.132454
1.132454
0.995188
0.995188
1.024095
1.024095
0.894327
0.894327
0.796933
0.796933
0.967023
0.967023
0.756599
0.756599
0.928155
0.928155
0.944513
0.944513
0.972858
0.972858
1.043672
1.043672
0.611094
0.611094
0.791061
0.791061
1.037386
1.037386
1.168191
1.168191
0.641303
0.641303
0.651407
0.651407
0.827579
0.827579
1.052685
1.052685
1.081246
1.081246
0.826702
0.826702
1.240489
1.240489
0.863557
0.863557
0.952527
0.952527
0.791827
0.791827
0.996479
0.996479
0.875281
0.875281
0.821106
0.821106
0.713397
0.713397
0.818995
0.818995
0.972514
0.972514
0.588020
0.588020
0.954632
0.954632
0.759664
0.759664
0.810331
0.810331
0.665644
0.665644
0.811690
0.811690
0.841689
0.841689
1.001139
1.001139
0.839201
0.839201
1.066703
1.066703
0.941013
0.941013
0.899010
0.899010
0.928568
0.928568
0.858585
0.858585
0.785072
0.785072
1.022171
1.022171
0.703457
0.703457
0.668103
0.668103
0.967386
0.967386
0.989767
0.989767
0.860662
0.860662
0.984391
0.984391
0.607231
0.607231
0.750898
0.750898
0.747916
0.747916
0.776988
0.776988
0.698902
0.698902
0.819309
0.819309
0.872285
0.872285
0.866105
0.866105
0.783768
0.783768
1.026629
1.026629
0.794372
0.794372
0.853471
0.853471
0.801475
0.801475
0.865351
0.865351
1.247730
1.247730
0.821612
0.821612
0.964107
0.964107
0.920146
0.920146
0.854883
0.854883
1.042892
1.042892
1.097020
1.097020
0.742913
0.742913
0.706580
0.706580
0.810262
0.810262
0.909666
0.909666
0.874704
0.874704
0.838967
0.838967
0.865923
0.865923
0.633303
0.633303
0.773499
0.773499
0.635828
0.635828
0.676508
0.676508
0.528468
0.528468
0.779042
0.779042
0.890400
0.890400
0.735052
0.735052
0.971943
0.971943
0.730767
0.730767
0.958770
0.958770
0.835331
0.835331
1.031751
1.031751
0.782939
0.782939
0.893500
0.893500
0.768300
0.768300
1.034628
1.034628
1.017173
1.017173
0.760606
0.760606
1.124449
1.124449
0.945623
0.945623
0.596562
0.596562
0.796175
0.796175
1.317183
1.317183
0.764536
0.764536
0.870285
0.870285
0.917523
0.917523
0.768558
0.768558
0.765473
0.765473
0.982061
0.982061
1.284127
1.284127
1.124078
1.124078
1.118603
1.118603
0.847105
0.847105
0.846605
0.846605
0.895230
0.895230
0.761521
0.761521
0.788768
0.788768
0.919786
0.919786
0.941023
0.941023
0.755722
0.755722
0.796757
0.796757
0.949397
0.949397
1.048606
1.048606
0.921849
0.921849
0.817285
0.817285
0.792603
0.792603
0.853386
0.853386
1.078294
1.078294
0.929165
0.929165
0.706198
0.706198
0.688622
0.688622
0.956308
0.956308
0.922450
0.922450
0.835727
0.835727
0.883396
0.883396
1.209126
1.209126
0.812653
0.812653
0.647623
0.647623
0.777383
0.777383
0.865757
0.865757
0.880751
0.880751
1.108066
1.108066
1.136876
1.136876
0.789037
0.789037
1.065936
1.065936
1.114319
1.114319
0.762251
0.762251
0.809751
0.809751
0.860416
0.860416
0.868432
0.868432
0.613890
0.613890
1.006818
1.006818
0.936746
0.936746
1.073106
1.073106
0.888003
0.888003
1.155936
1.155936
0.810302
0.810302
0.743110
0.743110
1.075093
1.075093
0.746717
0.746717
1.170631
1.170631
0.802580
0.802580
0.950630
0.950630
0.739642
0.739642
0.501422
0.501422
0.897135
0.897135
0.745799
0.745799
0.748718
0.748718
0.871000
0.871000
0.893123
0.893123
0.998368
0.998368
1.305764
1.305764
0.858046
0.858046
0.883698
0.883698
1.281961
1.281961
0.737026
0.737026
0.652283
0.652283
0.728270
0.728270
1.257569
1.257569
0.850978
0.850978
0.642621
0.642621
0.819326
0.819326
1.063793
1.063793
0.800413
0.800413
0.789241
0.789241
0.193530
0.193530
1.088441
1.088441
0.912335
0.912335
0.668627
0.668627
0.956533
0.956533
0.692238
0.692238
0.935618
0.935618
0.641300
0.641300
0.817080
0.817080
0.945710
0.945710
0.756402
0.756402
0.810286
0.810286
0.792313
0.792313
0.788215
0.788215
0.925291
0.925291
0.780416
0.780416
1.121580
1.121580
1.023768
1.023768
0.900176
0.900176
0.778939
0.778939
0.677874
0.677874
0.636022
0.636022
0.622286
0.622286
0.980038
0.980038
0.702241
0.702241
1.176864
1.176864
1.226380
1.226380
0.796652
0.796652
0.650324
0.650324
0.959640
0.959640
1.020574
1.020574
0.823763
0.823763
1.011333
1.011333
0.972654
0.972654
0.780811
0.780811
0.978243
0.978243
0.957167
0.957167
0.993058
0.993058
0.929102
0.929102
0.913525
0.913525
0.764272
0.764272
1.018076
1.018076
0.704621
0.704621
0.702000
0.702000
0.955034
0.955034
1.109354
1.109354
1.096789
1.096789
0.910895
0.910895
1.071455
1.071455
0.789198
0.789198
0.679692
0.679692
0.912484
0.912484
0.936056
0.936056
0.643896
0.643896
0.760501
0.760501
0.819468
0.819468
0.873566
0.873566
1.025579
1.025579
1.110679
1.110679
0.811981
0.811981
1.029318
1.029318
0.904615
0.904615
0.952160
0.952160
0.850830
0.850830
0.908753
0.908753
0.842375
0.842375
0.663852
0.663852
0.784134
0.784134
0.931709
0.931709
0.829035
0.829035
0.744186
0.744186
0.984261
0.984261
1.033827
1.033827
0.828705
0.828705
1.220533
1.220533
0.735767
0.735767
0.925366
0.925366
0.723069
0.723069
0.835297
0.835297
0.855482
0.855482
0.825306
0.825306
0.690218
0.690218
1.041329
1.041329
0.747884
0.747884
0.844699
0.844699
0.929777
0.929777
0.789814
0.789814
0.751588
0.751588
0.932271
0.932271
0.948260
0.948260
0.854714
0.854714
0.912618
0.912618
0.915164
0.915164
0.843899
0.843899
0.936863
0.936863
0.897695
0.897695
0.668613
0.668613
1.140474
1.140474
0.869521
0.869521
0.937212
0.937212
0.671312
0.671312
0.581560
0.581560
1.042658
1.042658
0.726836
0.726836
0.944241
0.944241
0.876093
0.876093
0.818504
0.818504
0.900885
0.900885
0.989531
0.989531
0.902260
0.902260
0.827292
0.827292
1.081837
1.081837
0.934760
0.934760
0.670527
0.670527
0.701568
0.701568
0.585679
0.585679
0.806923
0.806923
1.080672
1.080672
0.815908
0.815908
0.955409
0.955409
0.555930
0.555930
0.654156
0.654156
1.005501
1.005501
0.998299
0.998299
0.822959
0.822959
0.944659
0.944659
1.013030
1.013030
1.221407
1.221407
0.653293
0.653293
0.495559
0.495559
0.890005
0.890005
0.800086
0.800086
0.671840
0.671840
0.932378
0.932378
0.610014
0.610014
1.085509
1.085509
1.028352
1.028352
0.644152
0.644152
1.026743
1.026743
0.809533
0.809533
1.040273
1.040273
0.856871
0.856871
0.932693
0.932693
0.689396
0.689396
0.988974
0.988974
0.815418
0.815418
0.841223
0.841223
0.955383
0.955383
0.916901
0.916901
0.779243
0.779243
1.323673
1.323673
1.099333
1.099333
0.867529
0.867529
0.731122
0.731122
0.507892
0.507892
0.706704
0.706704
0.850965
0.850965
0.923675
0.923675
1.048972
1.048972
0.694880
0.694880
1.043409
1.043409
0.999978
0.999978
0.887880
0.887880
0.596747
0.596747
0.884084
0.884084
0.782025
0.782025
0.876367
0.876367
1.021647
1.021647
1.068087
1.068087
0.778544
0.778544
0.843333
0.843333
0.699355
0.699355
0.694281
0.694281
0.743845
0.743845
1.098274
1.098274
1.071454
1.071454
0.538228
0.538228
0.854865
0.854865
1.024774
1.024774
0.548196
0.548196
0.909601
0.909601
0.795447
0.795447
1.022948
1.022948
1.088806
1.088806
0.761559
0.761559
1.060304
1.060304
0.723707
0.723707
0.601721
0.601721
0.744280
0.744280
0.832417
0.832417
0.773542
0.773542
1.052049
1.052049
0.999988
0.999988
0.651307
0.651307
0.755412
0.755412
0.786369
0.786369
0.754518
0.754518
0.783055
0.783055
1.035561
1.035561
0.965149
0.965149
0.834325
0.834325
0.937011
0.937011
0.885058
0.885058
0.857990
0.857990
0.743514
0.743514
0.648554
0.648554
0.574896
0.574896
0.598015
0.598015
0.988869
0.988869
0.761769
0.761769
0.824970
0.824970
0.897089
0.897089
0.692374
0.692374
1.129111
1.129111
0.926614
0.926614
0.887019
0.887019
0.678600
0.678600
1.040455
1.040455
0.891921
0.891921
0.972967
0.972967
1.044937
1.044937
0.883762
0.883762
0.803567
0.803567
0.921831
0.921831
1.051431
1.051431
1.007455
1.007455
0.703966
0.703966
0.887578
0.887578
0.764377
0.764377
0.684790
0.684790
0.828320
0.828320
0.982311
0.982311
1.002111
1.002111
0.911291
0.911291
0.958920
0.958920
1.025401
1.025401
1.038665
1.038665
0.797739
0.797739
1.019611
1.019611
0.956235
0.956235
1.136384
1.136384
0.993452
0.993452
0.611712
0.611712
1.069104
1.069104
0.602812
0.602812
0.912300
0.912300
0.949993
0.949993
0.895922
0.895922
1.261431
1.261431
0.557573
0.557573
0.878457
0.878457
0.831521
0.831521
0.747451
0.747451
0.884310
0.884310
0.827977
0.827977
0.812249
0.812249
0.693130
0.693130
0.853761
0.853761
1.316838
1.316838
0.641564
0.641564
0.723175
0.723175
0.631334
0.631334
1.012225
1.012225
0.913340
0.913340
0.830982
0.830982
0.730299
0.730299
0.977209
0.977209
0.972042
0.972042
0.849922
0.849922
0.927193
0.927193
1.070161
1.070161
0.674090
0.674090
0.593026
0.593026
0.787755
0.787755
0.858443
0.858443
0.705740
0.705740
1.011244
1.011244
0.843115
0.843115
0.870201
0.870201
0.830318
0.830318
0.752281
0.752281
0.696506
0.696506
0.906663
0.906663
0.875257
0.875257
1.071892
1.071892
0.991388
0.991388
0.858873
0.858873
0.902096
0.902096
0.903497
0.903497
1.004198
1.004198
1.098503
1.098503
0.993456
0.993456
1.092486
1.092486
1.233354
1.233354
0.814947
0.814947
0.862771
0.862771
0.846150
0.846150
0.855528
0.855528
0.844125
0.844125
0.591951
0.591951
0.595629
0.595629
0.775073
0.775073
1.009828
1.009828
0.818044
0.818044
0.939230
0.939230
1.008744
1.008744
0.791910
0.791910
0.815623
0.815623
0.673641
0.673641
1.023052
1.023052
0.794258
0.794258
1.084327
1.084327
0.856528
0.856528
0.858109
0.858109
0.893100
0.893100
0.667274
0.667274
0.768853
0.768853
1.016885
1.016885
0.590811
0.590811
1.179775
1.179775
1.125388
1.125388
0.698437
0.698437
1.014025
1.014025
0.903575
0.903575
0.881754
0.881754
0.750777
0.750777
0.597369
0.597369
0.929207
0.929207
1.238080
1.238080
0.717842
0.717842
0.838166
0.838166
0.985836
0.985836
0.712545
0.712545
0.692395
0.692395
0.712215
0.712215
0.850569
0.850569
1.274476
1.274476
0.921390
0.921390
0.714881
0.714881
0.719248
0.719248
0.767625
0.767625
0.636730
0.636730
0.636186
0.636186
0.861097
0.861097
0.837503
0.837503
1.027897
1.027897
1.022303
1.022303
1.166568
1.166568
0.653004
0.653004
1.127959
1.127959
0.645786
0.645786
0.993699
0.993699
0.907644
0.907644
0.954746
0.954746
0.950260
0.950260
1.101766
1.101766
0.902163
0.902163
0.802684
0.802684
0.893278
0.893278
0.815488
0.815488
0.776107
0.776107
1.028831
1.028831
0.518415
0.518415
0.848855
0.848855
0.755059
0.755059
0.786823
0.786823
0.938774
0.938774
1.128230
1.128230
0.636096
0.636096
0.608344
0.608344
0.989458
0.989458
1.014652
1.014652
1.324395
1.324395
0.814733
0.814733
0.758166
0.758166
0.805522
0.805522
1.017924
1.017924
0.879497
0.879497
0.933188
0.933188
0.672746
0.672746
0.734347
0.734347
0.761516
0.761516
0.545845
0.545845
1.000644
1.000644
1.037078
1.037078
0.817876
0.817876
0.818636
0.818636
0.824879
0.824879
0.870024
0.870024
0.705860
0.705860
1.052864
1.052864
0.911511
0.911511
0.865379
0.865379
0.549073
0.549073
0.793802
0.793802
0.672249
0.672249
0.649605
0.649605
0.725880
0.725880
0.773056
0.773056
1.031871
1.031871
0.986649
0.986649
0.920846
0.920846
0.504490
0.504490
0.628830
0.628830
1.077367
1.077367
0.927794
0.927794
0.877914
0.877914
0.890966
0.890966
0.815950
0.815950
0.772055
0.772055
0.945071
0.945071
0.761851
0.761851
0.703225
0.703225
0.720227
0.720227
0.881277
0.881277
0.775213
0.775213
1.051755
1.051755
0.961068
0.961068
0.845343
0.845343
1.033210
1.033210
0.790476
0.790476
0.726746
0.726746
0.807233
0.807233
0.883536
0.883536
0.811643
0.811643
0.727773
0.727773
0.909952
0.909952
1.107237
1.107237
0.790545
0.790545
0.865278
0.865278
0.552409
0.552409
0.873071
0.873071
0.658919
0.658919
0.851383
0.851383
0.939161
0.939161
0.570504
0.570504
0.844908
0.844908
0.926890
0.926890
1.106165
1.106165
0.831184
0.831184
0.802601
0.802601
0.994877
0.994877
1.148306
1.148306
0.893578
0.893578
0.880325
0.880325
0.872954
0.872954
0.785211
0.785211
0.772748
0.772748
0.759534
0.759534
0.926550
0.926550
0.944662
0.944662
0.848048
0.848048
1.058807
1.058807
0.995201
0.995201
1.062936
1.062936
0.619566
0.619566
0.946158
0.946158
0.763994
0.763994
0.820633
0.820633
0.872165
0.872165
0.975408
0.975408
1.074036
1.074036
0.746963
0.746963
1.056343
1.056343
0.854065
0.854065
0.700658
0.700658
0.980780
0.980780
0.822417
0.822417
0.835681
0.835681
0.850376
0.850376
0.853285
0.853285
0.673039
0.673039
0.749707
0.749707
0.605442
0.605442
0.719227
0.719227
0.856173
0.856173
0.857249
0.857249
1.142888
1.142888
0.854640
0.854640
1.131635
1.131635
0.786162
0.786162
0.763108
0.763108
0.959339
0.959339
0.931458
0.931458
0.830046
0.830046
0.890304
0.890304
0.965136
0.965136
1.142434
1.142434
0.856182
0.856182
0.944284
0.944284
0.928257
0.928257
0.791100
0.791100
0.970622
0.970622
0.591750
0.591750
1.062791
1.062791
1.172617
1.172617
0.989941
0.989941
0.814264
0.814264
1.013671
1.013671
0.914884
0.914884
0.939597
0.939597
0.644433
0.644433
0.566959
0.566959
0.790700
0.790700
0.907792
0.907792
0.779691
0.779691
0.744301
0.744301
0.415200
0.415200
0.687191
0.687191
0.861300
0.861300
0.962994
0.962994
0.869056
0.869056
0.781246
0.781246
1.068923
1.068923
0.773764
0.773764
1.324195
1.324195
0.846619
0.846619
0.589254
0.589254
0.766719
0.766719
1.107474
1.107474
0.862576
0.862576
0.839810
0.839810
0.856024
0.856024
0.799169
0.799169
0.661770
0.661770
0.893346
0.893346
0.644010
0.644010
0.938320
0.938320
0.751980
0.751980
0.746479
0.746479
1.183640
1.183640
1.030886
1.030886
0.764065
0.764065
0.702967
0.702967
0.908827
0.908827
0.768046
0.768046
0.808763
0.808763
0.731680
0.731680
0.775200
0.775200
1.001672
1.001672
0.954358
0.954358
0.703494
0.703494
1.132227
1.132227
0.704095
0.704095
1.017197
1.017197
0.714778
0.714778
0.790685
0.790685
0.713135
0.713135
0.840542
0.840542
0.787151
0.787151
0.736445
0.736445
1.028749
1.028749
0.798915
0.798915
0.938821
0.938821
0.712976
0.712976
0.731579
0.731579
1.027739
1.027739
0.892248
0.892248
0.825999
0.825999
0.789333
0.789333
0.639292
0.639292
0.683334
0.683334
0.941018
0.941018
0.877419
0.877419
0.971133
0.971133
0.900864
0.900864
1.109600
1.109600
0.990764
0.990764
0.812233
0.812233
1.224643
1.224643
0.785465
0.785465
0.713572
0.713572
1.088986
1.088986
0.791232
0.791232
0.908644
0.908644
0.704065
0.704065
0.575615
0.575615
0.690806
0.690806
0.779983
0.779983
0.812150
0.812150
1.027442
1.027442
0.937215
0.937215
0.817123
0.817123
0.855863
0.855863
0.873261
0.873261
0.801950
0.801950
0.895379
0.895379
0.616497
0.616497
0.888081
0.888081
0.737451
0.737451
0.765768
0.765768
1.172005
1.172005
0.968726
0.968726
0.928237
0.928237
0.996829
0.996829
0.812705
0.812705
0.985238
0.985238
0.701755
0.701755
1.002906
1.002906
0.927598
0.927598
0.978905
0.978905
0.959747
0.959747
0.906890
0.906890
0.737404
0.737404
0.850399
0.850399
0.603710
0.603710
0.769045
0.769045
0.604329
0.604329
1.001595
1.001595
0.808963
0.808963
0.991608
0.991608
0.868981
0.868981
0.773788
0.773788
0.979270
0.979270
1.130454
1.130454
0.979116
0.979116
0.830093
0.830093
0.681374
0.681374
0.597500
0.597500
0.804097
0.804097
0.934630
0.934630
0.885540
0.885540
0.768390
0.768390
0.687534
0.687534
0.718206
0.718206
0.914801
0.914801
1.124604
1.124604
0.861670
0.861670
0.757671
0.757671
1.156733
1.156733
0.871896
0.871896
0.768875
0.768875
0.650345
0.650345
1.041553
1.041553
0.834895
0.834895
0.891412
0.891412
1.000525
1.000525
0.615588
0.615588
0.755873
0.755873
0.750052
0.750052
0.720113
0.720113
0.854609
0.854609
0.697543
0.697543
0.773523
0.773523
0.907412
0.907412
0.568175
0.568175
0.766937
0.766937
0.709271
0.709271
0.612877
0.612877
0.954144
0.954144
0.895310
0.895310
0.914135
0.914135
0.693786
0.693786
0.967885
0.967885
1.079194
1.079194
0.843904
0.843904
0.818156
0.818156
0.928645
0.928645
0.759208
0.759208
0.758610
0.758610
0.641149
0.641149
0.672094
0.672094
0.799666
0.799666
1.193300
1.193300
0.756621
0.756621
1.170599
1.170599
0.658001
0.658001
0.691559
0.691559
0.733527
0.733527
0.574365
0.574365
0.971321
0.971321
0.730302
0.730302
1.040308
1.040308
0.815555
0.815555
0.837236
0.837236
1.077045
1.077045
0.572296
0.572296
1.072267
1.072267
0.860597
0.860597
0.842017
0.842017
0.878453
0.878453
1.136172
1.136172
0.850898
0.850898
0.564262
0.564262
0.856237
0.856237
0.836779
0.836779
0.674963
0.674963
0.784436
0.784436
0.606155
0.606155
0.785834
0.785834
0.761714
0.761714
0.808756
0.808756
0.818204
0.818204
0.846757
0.846757
0.924216
0.924216
0.832621
0.832621
0.505085
0.505085
0.749981
0.749981
0.871069
0.871069
0.612461
0.612461
1.037074
1.037074
1.123159
1.123159
0.954992
0.954992
0.826608
0.826608
0.933043
0.933043
0.820417
0.820417
0.600493
0.600493
0.959955
0.959955
0.775910
0.775910
0.900084
0.900084
0.974966
0.974966
0.919923
0.919923
0.640538
0.640538
1.357072
1.357072
0.940772
0.940772
0.774996
0.774996
0.663404
0.663404
1.027099
1.027099
0.829664
0.829664
0.976290
0.976290
0.753785
0.753785
1.153663
1.153663
0.907792
0.907792
0.911658
0.911658
0.681932
0.681932
0.854182
0.854182
0.835232
0.835232
0.846277
0.846277
0.984021
0.984021
0.707929
0.707929
0.935122
0.935122
0.789474
0.789474
0.833460
0.833460
1.003172
1.003172
1.009397
1.009397
0.965519
0.965519
0.951498
0.951498
0.661159
0.661159
0.387537
0.387537
0.852935
0.852935
0.749119
0.749119
1.172285
1.172285
0.877552
0.877552
0.909703
0.909703
0.633372
0.633372
0.830923
0.830923
0.719510
0.719510
1.112618
1.112618
0.878963
0.878963
0.806173
0.806173
0.900547
0.900547
0.806036
0.806036
0.734589
0.734589
0.704869
0.704869
0.954345
0.954345
0.657252
0.657252
0.847522
0.847522
0.857940
0.857940
1.268881
1.268881
0.612680
0.612680
0.797211
0.797211
0.720150
0.720150
0.573302
0.573302
0.741356
0.741356
0.714624
0.714624
0.877758
0.877758
0.753272
0.753272
1.013613
1.013613
0.801574
0.801574
0.973146
0.973146
0.737639
0.737639
0.734880
0.734880
0.889865
0.889865
0.738832
0.738832
0.579009
0.579009
0.718745
0.718745
0.870600
0.870600
0.605302
0.605302
0.667999
0.667999
0.848984
0.848984
0.667455
0.667455
0.702477
0.702477
1.082860
1.082860
1.158847
1.158847
1.014334
1.014334
1.199623
1.199623
0.798340
0.798340
0.602738
0.602738
0.701985
0.701985
0.678554
0.678554
0.808778
0.808778
0.756419
0.756419
1.044414
1.044414
1.011329
1.011329
0.703512
0.703512
1.099055
1.099055
0.866034
0.866034
0.952742
0.952742
0.958080
0.958080
1.047008
1.047008
0.674594
0.674594
1.080916
1.080916
0.918548
0.918548
0.993927
0.993927
0.873412
0.873412
0.899829
0.899829
1.114971
1.114971
0.645774
0.645774
0.667065
0.667065
0.789145
0.789145
0.832714
0.832714
0.830402
0.830402
0.886821
0.886821
0.793677
0.793677
0.761932
0.761932
0.778089
0.778089
0.764084
0.764084
0.750299
0.750299
0.839535
0.839535
0.727416
0.727416
0.912605
0.912605
0.767365
0.767365
1.054908
1.054908
0.895114
0.895114
0.712097
0.712097
0.674425
0.674425
0.658829
0.658829
0.887433
0.887433
0.870992
0.870992
0.702132
0.702132
0.850194
0.850194
1.041806
1.041806
1.029642
1.029642
0.773746
0.773746
1.114763
1.114763
0.599366
0.599366
0.832948
0.832948
1.196449
1.196449
0.918862
0.918862
0.712758
0.712758
0.560778
0.560778
0.746327
0.746327
0.674793
0.674793
0.858007
0.858007
0.868398
0.868398
0.758792
0.758792
0.953834
0.953834
0.813573
0.813573
1.145935
1.145935
0.609083
0.609083
0.820012
0.820012
0.770348
0.770348
0.882102
0.882102
1.142761
1.142761
0.654199
0.654199
1.059035
1.059035
0.767282
0.767282
0.873188
0.873188
0.797912
0.797912
0.788308
0.788308
0.864627
0.864627
0.695265
0.695265
0.800484
0.800484
0.836626
0.836626
0.648815
0.648815
1.012005
1.012005
0.921084
0.921084
1.039675
1.039675
1.011306
1.011306
0.982899
0.982899
0.773091
0.773091
0.635088
0.635088
0.730487
0.730487
0.764614
0.764614
0.693704
0.693704
0.713845
0.713845
0.622767
0.622767
1.017662
1.017662
0.850123
0.850123
0.664073
0.664073
0.933822
0.933822
1.087017
1.087017
0.689024
0.689024
0.967636
0.967636
1.044907
1.044907
0.823591
0.823591
0.954752
0.954752
0.831581
0.831581
0.746847
0.746847
0.712978
0.712978
0.672467
0.672467
0.896397
0.896397
0.944999
0.944999
0.819522
0.819522
0.560983
0.560983
1.004779
1.004779
0.810876
0.810876
0.596993
0.596993
0.946194
0.946194
0.988366
0.988366
0.751299
0.751299
0.692151
0.692151
0.909100
0.909100
0.583064
0.583064
1.045420
1.045420
0.716763
0.716763
0.713542
0.713542
0.663773
0.663773
0.618221
0.618221
0.886800
0.886800
1.017623
1.017623
0.827307
0.827307
0.712486
0.712486
0.730404
0.730404
0.760411
0.760411
0.666866
0.666866
0.867490
0.867490
0.542769
0.542769
0.698189
0.698189
0.827306
0.827306
0.916452
0.916452
0.644049
0.644049
0.981976
0.981976
0.768293
0.768293
1.062915
1.062915
0.657004
0.657004
0.519259
0.519259
1.092752
1.092752
0.713296
0.713296
0.696031
0.696031
0.812342
0.812342
0.949444
0.949444
0.982915
0.982915
0.822588
0.822588
0.922408
0.922408
0.769673
0.769673
0.762763
0.762763
0.705133
0.705133
0.856255
0.856255
0.905924
0.905924
0.645519
0.645519
0.532365
0.532365
0.933585
0.933585
0.655990
0.655990
0.993613
0.993613
0.965378
0.965378
0.935272
0.935272
0.869373
0.869373
0.772240
0.772240
0.954437
0.954437
0.857822
0.857822
0.679014
0.679014
1.003174
1.003174
0.785240
0.785240
0.831789
0.831789
0.524800
0.524800
0.852640
0.852640
0.761444
0.761444
0.750746
0.750746
0.766389
0.766389
1.249456
1.249456
0.920746
0.920746
0.729016
0.729016
1.110977
1.110977
0.650666
0.650666
0.813032
0.813032
0.848515
0.848515
1.382826
1.382826
1.108787
1.108787
0.779976
0.779976
0.771392
0.771392
1.001923
1.001923
0.535362
0.535362
0.938330
0.938330
0.940975
0.940975
0.756519
0.756519
0.988203
0.988203
0.935686
0.935686
0.612248
0.612248
0.906699
0.906699
0.607713
0.607713
0.668056
0.668056
1.109281
1.109281
0.790102
0.790102
0.901916
0.901916
1.097350
1.097350
0.700166
0.700166
0.623238
0.623238
0.784527
0.784527
0.851566
0.851566
0.913960
0.913960
0.726448
0.726448
0.737865
0.737865
0.805355
0.805355
0.897826
0.897826
0.650321
0.650321
0.655209
0.655209
0.874897
0.874897
0.782625
0.782625
0.825762
0.825762
0.931693
0.931693
0.971355
0.971355
0.926697
0.926697
0.904584
0.904584
0.883532
0.883532
1.026839
1.026839
0.904139
0.904139
0.668956
0.668956
0.717385
0.717385
0.983945
0.983945
0.920766
0.920766
1.227978
1.227978
0.652386
0.652386
1.013078
1.013078
0.678954
0.678954
1.057079
1.057079
0.779445
0.779445
0.605053
0.605053
0.982881
0.982881
0.818010
0.818010
0.996155
0.996155
0.626590
0.626590
0.719168
0.719168
0.801671
0.801671
1.060843
1.060843
0.618381
0.618381
1.106762
1.106762
0.874840
0.874840
0.561012
0.561012
0.701622
0.701622
0.659317
0.659317
1.082678
1.082678
0.798057
0.798057
0.637776
0.637776
0.721114
0.721114
0.845352
0.845352
0.782220
0.782220
0.898118
0.898118
0.766803
0.766803
1.089369
1.089369
0.896781
0.896781
0.775189
0.775189
0.786979
0.786979
0.786719
0.786719
0.768796
0.768796
0.819957
0.819957
0.930923
0.930923
1.024874
1.024874
0.759864
0.759864
0.642570
0.642570
0.828400
0.828400
0.910558
0.910558
0.845429
0.845429
0.759782
0.759782
0.664485
0.664485
0.959620
0.959620
0.953712
0.953712
0.677067
0.677067
0.978991
0.978991
0.925736
0.925736
1.018511
1.018511
0.979955
0.979955
0.861309
0.861309
0.839050
0.839050
0.796441
0.796441
0.743779
0.743779
0.794589
0.794589
0.774058
0.774058
0.947509
0.947509
0.859812
0.859812
0.992637
0.992637
0.769160
0.769160
0.780724
0.780724
0.750808
0.750808
1.068871
1.068871
0.521078
0.521078
0.736483
0.736483
0.880494
0.880494
1.125410
1.125410
0.764094
0.764094
0.731636
0.731636
0.972164
0.972164
1.024343
1.024343
0.740777
0.740777
1.058389
1.058389
0.824473
0.824473
0.896354
0.896354
0.706628
0.706628
0.644470
0.644470
0.447727
0.447727
0.677271
0.677271
0.872604
0.872604
0.782424
0.782424
0.654941
0.654941
1.027028
1.027028
0.994700
0.994700
0.785455
0.785455
1.157550
1.157550
0.671044
0.671044
0.664154
0.664154
0.712656
0.712656
0.529921
0.529921
0.776696
0.776696
0.809563
0.809563
0.871610
0.871610
1.044005
1.044005
0.896797
0.896797
1.391070
1.391070
0.734570
0.734570
0.746258
0.746258
0.905881
0.905881
0.649460
0.649460
0.633693
0.633693
1.030387
1.030387
0.915484
0.915484
1.309468
1.309468
0.880891
0.880891
0.771779
0.771779
0.870775
0.870775
0.868963
0.868963
0.734230
0.734230
0.590138
0.590138
0.790519
0.790519
0.907815
0.907815
0.698926
0.698926
0.923962
0.923962
0.761974
0.761974
0.919328
0.919328
0.891799
0.891799
0.966115
0.966115
0.763687
0.763687
1.111143
1.111143
0.808288
0.808288
0.733046
0.733046
0.617464
0.617464
0.613816
0.613816
0.915400
0.915400
0.992271
0.992271
0.871059
0.871059
0.757925
0.757925
1.045719
1.045719
0.684201
0.684201
0.835966
0.835966
0.593227
0.593227
0.712560
0.712560
1.197548
1.197548
0.847464
0.847464
0.924569
0.924569
1.185705
1.185705
0.669352
0.669352
0.721611
0.721611
0.573159
0.573159
0.652832
0.652832
0.604656
0.604656
0.678123
0.678123
1.121774
1.121774
0.955203
0.955203
0.840528
0.840528
0.942192
0.942192
0.615848
0.615848
0.625600
0.625600
0.509315
0.509315
0.803144
0.803144
0.704139
0.704139
0.550941
0.550941
0.946529
0.946529
0.945749
0.945749
0.705701
0.705701
0.771951
0.771951
0.892106
0.892106
0.607920
0.607920
0.849089
0.849089
0.954055
0.954055
0.774145
0.774145
0.785020
0.785020
1.052615
1.052615
1.048845
1.048845
0.983074
0.983074
0.898407
0.898407
0.686366
0.686366
0.726085
0.726085
0.922796
0.922796
0.922166
0.922166
0.695844
0.695844
0.899239
0.899239
0.860709
0.860709
0.593439
0.593439
0.903500
0.903500
0.999546
0.999546
1.005156
1.005156
0.788940
0.788940
0.749743
0.749743
0.967267
0.967267
0.743984
0.743984
0.539765
0.539765
0.773430
0.773430
0.949408
0.949408
0.798674
0.798674
1.087450
1.087450
0.681941
0.681941
0.788574
0.788574
0.874618
0.874618
0.697539
0.697539
0.586628
0.586628
0.650422
0.650422
1.117158
1.117158
0.938142
0.938142
0.628225
0.628225
1.247531
1.247531
0.918504
0.918504
0.699656
0.699656
0.845712
0.845712
0.719128
0.719128
0.857285
0.857285
0.876605
0.876605
0.897879
0.897879
0.678514
0.678514
0.861481
0.861481
1.015172
1.015172
1.256789
1.256789
0.847532
0.847532
1.242490
1.242490
0.772476
0.772476
0.729002
0.729002
0.947734
0.947734
0.582385
0.582385
0.989927
0.989927
0.791475
0.791475
0.974814
0.974814
0.817954
0.817954
0.841680
0.841680
0.668725
0.668725
0.943690
0.943690
0.687205
0.687205
0.658822
0.658822
0.736074
0.736074
0.641824
0.641824
0.798317
0.798317
1.163153
1.163153
0.675633
0.675633
0.857292
0.857292
0.584810
0.584810
0.860390
0.860390
0.632242
0.632242
1.051074
1.051074
0.577469
0.577469
1.039019
1.039019
0.578574
0.578574
0.666184
0.666184
0.701640
0.701640
1.113913
1.113913
0.666466
0.666466
0.891701
0.891701
0.834994
0.834994
0.961745
0.961745
0.749621
0.749621
0.918502
0.918502
0.975668
0.975668
0.878617
0.878617
0.661297
0.661297
0.738174
0.738174
0.956572
0.956572
0.877275
0.877275
1.050576
1.050576
0.988378
0.988378
0.839256
0.839256
0.791552
0.791552
0.908031
0.908031
0.896986
0.896986
0.571929
0.571929
0.907186
0.907186
0.771015
0.771015
0.805188
0.805188
1.047630
1.047630
0.584022
0.584022
0.821211
0.821211
0.787348
0.787348
0.737707
0.737707
0.788992
0.788992
0.765911
0.765911
0.606414
0.606414
0.685714
0.685714
1.010305
1.010305
0.834872
0.834872
0.665301
0.665301
0.719600
0.719600
0.874674
0.874674
0.986200
0.986200
0.695822
0.695822
0.712855
0.712855
1.014400
1.014400
0.632570
0.632570
0.603403
0.603403
0.669390
0.669390
0.974522
0.974522
0.745723
0.745723
0.603132
0.603132
1.107947
1.107947
0.680631
0.680631
1.061180
1.061180
0.686279
0.686279
0.917949
0.917949
1.027777
1.027777
0.791827
0.791827
0.733551
0.733551
0.451513
0.451513
0.648298
0.648298
0.591937
0.591937
0.999246
0.999246
0.699281
0.699281
0.782602
0.782602
0.963839
0.963839
0.697204
0.697204
0.705065
0.705065
0.959883
0.959883
0.968544
0.968544
0.701684
0.701684
0.953175
0.953175
0.653315
0.653315
0.992656
0.992656
0.773896
0.773896
0.854154
0.854154
1.244505
1.244505
0.915190
0.915190
1.009694
1.009694
0.773256
0.773256
0.912222
0.912222
0.816698
0.816698
0.835309
0.835309
0.482296
0.482296
0.885711
0.885711
0.699626
0.699626
0.910147
0.910147
1.082191
1.082191
0.909912
0.909912
0.708812
0.708812
0.998528
0.998528
1.128978
1.128978
0.841806
0.841806
0.836553
0.836553
1.044556
1.044556
0.627466
0.627466
0.883560
0.883560
0.633879
0.633879
0.951294
0.951294
0.641371
0.641371
0.842547
0.842547
0.971722
0.971722
0.628933
0.628933
1.393489
1.393489
0.845052
0.845052
0.759770
0.759770
0.607462
0.607462
0.774259
0.774259
0.631116
0.631116
0.854844
0.854844
0.575240
0.575240
0.901178
0.901178
0.732983
0.732983
0.840699
0.840699
0.706314
0.706314
1.069181
1.069181
0.766394
0.766394
0.549324
0.549324
0.925946
0.925946
0.450962
0.450962
0.885034
0.885034
0.838250
0.838250
0.659956
0.659956
1.212150
1.212150
0.873020
0.873020
0.739347
0.739347
0.826731
0.826731
0.800721
0.800721
1.192513
1.192513
0.993179
0.993179
0.720656
0.720656
0.924691
0.924691
0.989775
0.989775
0.776539
0.776539
0.900032
0.900032
0.672135
0.672135
0.634231
0.634231
0.814514
0.814514
0.627841
0.627841
0.760265
0.760265
0.594305
0.594305
0.781695
0.781695
0.709596
0.709596
0.848427
0.848427
0.643286
0.643286
0.935101
0.935101
1.051990
1.051990
0.846921
0.846921
0.783448
0.783448
0.706012
0.706012
0.764818
0.764818
0.833473
0.833473
0.614005
0.614005
0.795200
0.795200
1.113461
1.113461
0.774498
0.774498
0.797976
0.797976
0.634552
0.634552
0.861014
0.861014
0.970309
0.970309
0.799498
0.799498
0.716218
0.716218
0.922307
0.922307
0.856154
0.856154
0.921591
0.921591
0.642088
0.642088
0.962597
0.962597
0.739623
0.739623
0.755332
0.755332
0.633432
0.633432
0.844898
0.844898
0.835412
0.835412
0.707573
0.707573
0.962676
0.962676
0.690347
0.690347
0.707459
0.707459
0.753032
0.753032
0.841499
0.841499
0.999310
0.999310
0.929909
0.929909
0.617305
0.617305
0.817301
0.817301
0.551707
0.551707
0.665479
0.665479
0.823504
0.823504
0.730014
0.730014
0.785116
0.785116
0.775464
0.775464
0.746217
0.746217
0.970336
0.970336
0.639525
0.639525
0.778913
0.778913
0.613131
0.613131
0.696121
0.696121
0.524659
0.524659
0.783507
0.783507
0.776564
0.776564
0.696679
0.696679
1.405447
1.405447
0.850508
0.850508
0.929163
0.929163
0.963216
0.963216
0.816176
0.816176
0.578773
0.578773
0.598103
0.598103
1.023304
1.023304
0.638554
0.638554
0.809477
0.809477
0.831917
0.831917
0.803802
0.803802
0.918594
0.918594
0.869256
0.869256
0.661061
0.661061
0.910507
0.910507
0.740098
0.740098
0.842910
0.842910
1.062305
1.062305
0.948989
0.948989
0.836684
0.836684
0.793746
0.793746
0.868317
0.868317
0.760001
0.760001
0.911791
0.911791
0.901781
0.901781
0.805155
0.805155
0.627676
0.627676
0.714908
0.714908
0.892721
0.892721
0.878024
0.878024
0.709468
0.709468
1.259844
1.259844
0.933060
0.933060
0.472187
0.472187
0.770309
0.770309
0.684615
0.684615
0.779843
0.779843
0.626224
0.626224
0.917368
0.917368
0.731653
0.731653
0.771080
0.771080
1.020604
1.020604
0.958669
0.958669
0.819047
0.819047
0.734472
0.734472
0.804376
0.804376
0.709593
0.709593
1.040207
1.040207
0.806501
0.806501
0.863569
0.863569
0.987074
0.987074
0.535255
0.535255
0.913567
0.913567
0.768562
0.768562
1.193150
1.193150
0.840780
0.840780
0.958047
0.958047
0.856587
0.856587
0.448568
0.448568
1.021721
1.021721
0.785795
0.785795
0.633502
0.633502
0.739533
0.739533
1.013699
1.013699
0.805350
0.805350
0.862546
0.862546
0.845143
0.845143
1.022397
1.022397
0.745572
0.745572
0.476851
0.476851
0.720170
0.720170
0.664104
0.664104
1.114351
1.114351
0.934144
0.934144
0.949558
0.949558
0.742215
0.742215
0.732716
0.732716
1.107668
1.107668
0.719715
0.719715
0.770880
0.770880
0.710203
0.710203
0.706234
0.706234
0.724915
0.724915
0.878888
0.878888
0.857075
0.857075
0.716597
0.716597
0.765164
0.765164
1.343365
1.343365
0.902804
0.902804
0.763551
0.763551
0.457268
0.457268
1.005292
1.005292
0.651091
0.651091
0.818871
0.818871
0.828247
0.828247
0.919966
0.919966
0.832115
0.832115
0.859136
0.859136
0.596840
0.596840
0.934253
0.934253
0.916405
0.916405
0.779551
0.779551
0.872087
0.872087
1.225521
1.225521
0.688984
0.688984
0.828208
0.828208
1.087136
1.087136
0.606683
0.606683
0.506215
0.506215
0.727864
0.727864
0.857415
0.857415
0.923585
0.923585
0.789224
0.789224
0.994045
0.994045
0.876298
0.876298
0.858435
0.858435
0.664946
0.664946
0.567320
0.567320
0.823633
0.823633
0.721166
0.721166
0.516131
0.516131
0.781136
0.781136
0.826914
0.826914
0.990035
0.990035
0.782755
0.782755
0.600277
0.600277
0.801913
0.801913
0.760164
0.760164
0.874094
0.874094
0.572194
0.572194
0.897779
0.897779
0.845343
0.845343
0.487826
0.487826
0.713844
0.713844
0.636098
0.636098
0.812891
0.812891
0.890515
0.890515
0.824954
0.824954
0.701707
0.701707
0.699555
0.699555
0.853132
0.853132
0.739832
0.739832
0.611396
0.611396
1.037799
1.037799
0.661824
0.661824
0.766449
0.766449
1.042030
1.042030
1.034000
1.034000
0.688393
0.688393
0.602623
0.602623
0.593940
0.593940
0.674507
0.674507
0.719346
0.719346
0.747238
0.747238
0.904684
0.904684
0.931173
0.931173
0.963171
0.963171
0.691814
0.691814
1.133161
1.133161
0.858959
0.858959
0.977913
0.977913
0.494483
0.494483
0.695514
0.695514
0.922459
0.922459
0.673728
0.673728
0.738582
0.738582
0.870631
0.870631
0.644213
0.644213
0.726409
0.726409
0.456517
0.456517
1.108018
1.108018
0.997286
0.997286
0.978104
0.978104
0.897928
0.897928
0.824016
0.824016
0.614897
0.614897
0.767197
0.767197
0.835340
0.835340
0.798541
0.798541
0.918373
0.918373
0.618788
0.618788
0.828323
0.828323
0.813423
0.813423
0.670964
0.670964
0.851138
0.851138
0.620070
0.620070
0.729378
0.729378
0.953987
0.953987
0.749102
0.749102
0.847578
0.847578
1.006914
1.006914
1.112529
1.112529
0.593947
0.593947
0.903105
0.903105
0.951470
0.951470
1.030317
1.030317
0.543791
0.543791
0.768569
0.768569
0.625419
0.625419
0.896377
0.896377
0.698391
0.698391
0.808767
0.808767
0.837272
0.837272
0.920640
0.920640
0.958496
0.958496
0.715188
0.715188
0.674467
0.674467
1.007863
1.007863
0.852097
0.852097
0.645925
0.645925
0.769603
0.769603
0.809220
0.809220
0.851017
0.851017
1.078284
1.078284
0.883527
0.883527
0.732488
0.732488
0.874438
0.874438
0.873374
0.873374
1.062563
1.062563
1.180581
1.180581
0.771226
0.771226
0.633423
0.633423
0.660706
0.660706
0.695356
0.695356
0.703909
0.703909
0.826464
0.826464
0.655593
0.655593
0.718305
0.718305
0.735437
0.735437
0.663791
0.663791
0.714858
0.714858
0.808403
0.808403
0.994067
0.994067
0.951814
0.951814
1.061735
1.061735
0.662147
0.662147
0.702748
0.702748
0.881976
0.881976
0.807186
0.807186
0.697790
0.697790
0.757827
0.757827
0.845802
0.845802
0.588145
0.588145
0.624384
0.624384
0.677557
0.677557
0.809567
0.809567
0.852719
0.852719
0.924101
0.924101
1.187068
1.187068
0.957905
0.957905
1.058519
1.058519
0.751015
0.751015
0.677613
0.677613
0.901652
0.901652
0.850462
0.850462
0.746027
0.746027
0.796403
0.796403
0.829618
0.829618
0.660545
0.660545
0.846257
0.846257
0.814409
0.814409
0.779960
0.779960
0.588241
0.588241
1.062168
1.062168
0.704478
0.704478
0.722082
0.722082
0.700415
0.700415
0.703731
0.703731
0.670773
0.670773
0.648414
0.648414
0.885746
0.885746
0.979823
0.979823
0.894467
0.894467
0.867613
0.867613
0.913032
0.913032
0.517050
0.517050
0.625045
0.625045
0.709162
0.709162
0.896153
0.896153
0.637123
0.637123
0.956805
0.956805
0.893274
0.893274
0.865654
0.865654
0.472872
0.472872
0.908678
0.908678
0.660715
0.660715
0.975203
0.975203
1.052133
1.052133
0.920915
0.920915
0.979290
0.979290
1.037325
1.037325
0.784850
0.784850
0.720590
0.720590
0.572126
0.572126
0.811510
0.811510
0.722689
0.722689
0.730890
0.730890
0.697543
0.697543
0.957130
0.957130
0.777660
0.777660
0.818534
0.818534
0.579938
0.579938
0.595074
0.595074
0.906221
0.906221
0.589504
0.589504
0.742921
0.742921
0.773278
0.773278
0.678832
0.678832
0.794321
0.794321
0.906866
0.906866
0.559896
0.559896
0.755602
0.755602
0.651223
0.651223
0.644212
0.644212
0.929941
0.929941
0.841654
0.841654
0.895846
0.895846
0.695308
0.695308
0.617974
0.617974
0.663706
0.663706
0.785670
0.785670
0.887048
0.887048
0.821491
0.821491
0.869906
0.869906
0.855187
0.855187
0.946233
0.946233
0.537000
0.537000
1.126129
1.126129
1.031288
1.031288
0.947736
0.947736
0.658540
0.658540
0.943736
0.943736
0.490487
0.490487
0.875694
0.875694
0.704246
0.704246
1.076587
1.076587
0.930364
0.930364
0.718059
0.718059
0.821349
0.821349
0.708857
0.708857
1.048075
1.048075
0.928150
0.928150
0.611916
0.611916
0.663939
0.663939
0.843455
0.843455
0.722769
0.722769
0.948211
0.948211
1.107591
1.107591
1.018559
1.018559
0.785696
0.785696
0.986677
0.986677
0.650075
0.650075
0.727909
0.727909
0.505242
0.505242
0.901436
0.901436
0.857980
0.857980
0.701956
0.701956
0.776020
0.776020
0.991606
0.991606
1.000161
1.000161
0.950515
0.950515
1.165451
1.165451
0.795299
0.795299
0.739704
0.739704
0.879545
0.879545
0.529513
0.529513
0.900775
0.900775
1.056012
1.056012
0.858214
0.858214
0.830756
0.830756
0.690631
0.690631
0.869947
0.869947
0.356932
0.356932
0.823282
0.823282
0.574652
0.574652
0.735666
0.735666
0.794464
0.794464
0.694646
0.694646
0.852286
0.852286
0.731974
0.731974
0.672434
0.672434
0.663751
0.663751
0.695721
0.695721
0.768905
0.768905
0.905182
0.905182
0.887907
0.887907
1.139305
1.139305
0.939838
0.939838
0.761379
0.761379
0.530444
0.530444
0.656951
0.656951
0.882786
0.882786
0.850887
0.850887
0.775166
0.775166
0.725341
0.725341
0.733836
0.733836
0.993282
0.993282
0.939505
0.939505
0.781888
0.781888
0.696503
0.696503
0.786239
0.786239
1.069013
1.069013
0.942811
0.942811
0.831329
0.831329
0.735003
0.735003
0.534819
0.534819
0.705526
0.705526
0.496369
0.496369
0.761923
0.761923
0.585223
0.585223
1.001820
1.001820
0.777192
0.777192
0.787269
0.787269
0.868490
0.868490
0.666615
0.666615
0.743726
0.743726
0.775688
0.775688
0.917722
0.917722
0.791240
0.791240
0.862128
0.862128
0.795810
0.795810
1.062620
1.062620
0.667448
0.667448
0.578381
0.578381
0.675081
0.675081
0.887777
0.887777
0.739707
0.739707
0.789143
0.789143
0.818824
0.818824
0.978669
0.978669
1.011921
1.011921
0.710320
0.710320
0.901668
0.901668
0.808967
0.808967
0.934863
0.934863
1.077535
1.077535
0.981770
0.981770
0.599876
0.599876
0.593501
0.593501
0.775569
0.775569
0.536539
0.536539
0.796987
0.796987
0.759687
0.759687
0.951859
0.951859
0.815811
0.815811
0.857228
0.857228
0.599389
0.599389
0.648311
0.648311
0.800285
0.800285
0.579992
0.579992
0.998514
0.998514
0.728398
0.728398
0.868285
0.868285
0.773686
0.773686
0.694100
0.694100
0.569439
0.569439
0.830244
0.830244
0.755328
0.755328
0.941323
0.941323
0.861134
0.861134
0.931295
0.931295
0.651125
0.651125
1.108711
1.108711
0.702705
0.702705
0.573482
0.573482
1.008450
1.008450
1.108277
1.108277
0.627711
0.627711
0.791304
0.791304
0.930618
0.930618
0.847274
0.847274
1.327919
1.327919
0.920119
0.920119
0.815319
0.815319
0.629715
0.629715
0.531386
0.531386
0.634697
0.634697
0.689106
0.689106
0.626136
0.626136
0.671661
0.671661
0.989741
0.989741
0.905425
0.905425
0.848360
0.848360
0.788536
0.788536
0.809772
0.809772
1.077135
1.077135
0.652350
0.652350
0.489650
0.489650
0.979889
0.979889
0.906055
0.906055
0.813907
0.813907
0.948079
0.948079
1.106266
1.106266
0.828979
0.828979
0.701283
0.701283
0.604214
0.604214
0.822807
0.822807
0.992698
0.992698
0.889951
0.889951
0.889025
0.889025
0.616757
0.616757
0.970184
0.970184
0.658893
0.658893
0.905872
0.905872
0.944613
0.944613
0.803126
0.803126
0.831226
0.831226
0.545632
0.545632
0.812423
0.812423
0.515291
0.515291
0.770180
0.770180
0.850205
0.850205
0.915948
0.915948
0.674659
0.674659
0.987343
0.987343
0.678623
0.678623
0.948914
0.948914
0.738827
0.738827
0.550045
0.550045
0.746704
0.746704
0.594878
0.594878
0.782960
0.782960
0.760507
0.760507
0.654486
0.654486
0.647526
0.647526
0.552354
0.552354
1.355845
1.355845
0.732991
0.732991
1.067889
1.067889
1.250108
1.250108
0.965109
0.965109
0.742678
0.742678
0.755683
0.755683
0.862994
0.862994
0.812076
0.812076
0.977389
0.977389
0.606224
0.606224
0.597368
0.597368
0.953086
0.953086
0.740411
0.740411
0.681469
0.681469
0.747964
0.747964
0.892619
0.892619
0.688440
0.688440
0.587200
0.587200
0.771580
0.771580
1.045905
1.045905
0.654775
0.654775
0.996654
0.996654
0.582273
0.582273
0.691647
0.691647
0.904977
0.904977
0.778090
0.778090
0.709165
0.709165
0.541319
0.541319
0.722580
0.722580
0.853888
0.853888
1.040008
1.040008
0.797315
0.797315
0.768206
0.768206
0.792726
0.792726
0.746392
0.746392
0.735162
0.735162
0.491003
0.491003
0.761273
0.761273
1.252524
1.252524
0.963064
0.963064
0.818581
0.818581
0.812303
0.812303
0.832467
0.832467
0.776983
0.776983
0.664396
0.664396
0.660568
0.660568
0.706245
0.706245
0.660744
0.660744
0.711369
0.711369
0.776036
0.776036
0.886481
0.886481
0.755974
0.755974
1.107195
1.107195
0.771110
0.771110
1.032869
1.032869
0.834194
0.834194
0.656108
0.656108
0.713134
0.713134
0.556740
0.556740
0.568438
0.568438
0.680187
0.680187
0.927115
0.927115
1.094287
1.094287
0.820143
0.820143
0.703018
0.703018
0.794863
0.794863
0.860957
0.860957
0.551475
0.551475
0.761167
0.761167
0.780792
0.780792
0.984528
0.984528
0.927490
0.927490
1.043674
1.043674
0.843948
0.843948
0.607408
0.607408
1.176007
1.176007
0.668180
0.668180
0.544415
0.544415
0.704035
0.704035
0.693998
0.693998
0.869288
0.869288
0.747171
0.747171
0.821710
0.821710
0.843037
0.843037
0.671937
0.671937
0.629849
0.629849
0.662780
0.662780
0.784082
0.784082
1.042458
1.042458
0.995742
0.995742
0.685715
0.685715
0.661157
0.661157
0.353061
0.353061
0.637600
0.637600
0.790484
0.790484
0.521535
0.521535
0.933887
0.933887
0.792385
0.792385
0.866840
0.866840
0.669411
0.669411
0.476166
0.476166
0.780743
0.780743
0.782616
0.782616
0.732239
0.732239
0.748087
0.748087
0.821863
0.821863
0.879138
0.879138
0.676108
0.676108
0.780255
0.780255
0.647812
0.647812
0.955718
0.955718
0.805728
0.805728
0.682992
0.682992
0.792837
0.792837
0.526119
0.526119
0.771816
0.771816
0.728114
0.728114
0.638381
0.638381
0.966567
0.966567
0.737079
0.737079
0.977028
0.977028
0.747556
0.747556
0.613244
0.613244
0.890705
0.890705
0.716184
0.716184
0.931404
0.931404
1.476956
1.476956
0.802360
0.802360
0.887434
0.887434
0.962415
0.962415
0.579955
0.579955
0.631531
0.631531
0.828409
0.828409
1.094887
1.094887
0.896954
0.896954
0.862627
0.862627
1.034152
1.034152
0.663674
0.663674
0.383931
0.383931
0.653389
0.653389
0.803871
0.803871
0.681458
0.681458
0.775053
0.775053
0.815045
0.815045
0.959497
0.959497
0.719170
0.719170
0.685704
0.685704
1.160756
1.160756
0.777188
0.777188
1.120935
1.120935
0.992081
0.992081
0.742574
0.742574
0.773158
0.773158
0.720814
0.720814
0.854209
0.854209
0.721484
0.721484
0.744387
0.744387
0.808159
0.808159
1.066696
1.066696
0.723429
0.723429
0.851463
0.851463
0.621068
0.621068
0.808821
0.808821
0.584749
0.584749
0.858116
0.858116
0.482593
0.482593
0.820381
0.820381
0.910934
0.910934
0.786239
0.786239
0.873436
0.873436
0.738209
0.738209
0.984205
0.984205
0.881672
0.881672
0.821645
0.821645
0.467000
0.467000
0.745457
0.745457
0.788156
0.788156
0.629403
0.629403
0.796857
0.796857
0.782569
0.782569
0.726819
0.726819
0.682979
0.682979
0.719088
0.719088
0.698669
0.698669
0.904580
0.904580
0.809314
0.809314
0.709764
0.709764
0.740973
0.740973
1.016829
1.016829
0.587094
0.587094
0.464524
0.464524
0.742004
0.742004
0.835248
0.835248
0.775451
0.775451
0.795344
0.795344
0.730454
0.730454
1.073748
1.073748
0.722163
0.722163
0.744240
0.744240
0.480963
0.480963
0.741348
0.741348
0.749898
0.749898
0.767300
0.767300
1.084633
1.084633
0.691647
0.691647
0.781762
0.781762
0.968389
0.968389
0.676204
0.676204
0.834848
0.834848
0.777722
0.777722
0.456586
0.456586
0.656009
0.656009
0.706293
0.706293
0.803878
0.803878
1.005033
1.005033
0.890787
0.890787
0.938141
0.938141
0.706507
0.706507
0.806803
0.806803
0.789693
0.789693
1.105419
1.105419
0.698497
0.698497
0.569176
0.569176
0.814180
0.814180
0.631726
0.631726
0.621681
0.621681
0.934404
0.934404
1.189492
1.189492
0.995628
0.995628
0.965647
0.965647
0.858806
0.858806
0.719221
0.719221
0.561020
0.561020
0.503023
0.503023
0.757990
0.757990
0.767407
0.767407
0.545255
0.545255
0.809939
0.809939
0.740802
0.740802
0.769138
0.769138
0.787670
0.787670
0.752127
0.752127
0.942248
0.942248
0.922144
0.922144
0.964189
0.964189
0.704553
0.704553
0.729590
0.729590
0.945314
0.945314
0.726468
0.726468
0.843957
0.843957
0.710477
0.710477
0.517008
0.517008
0.682516
0.682516
0.758774
0.758774
0.827176
0.827176
0.685400
0.685400
0.956508
0.956508
0.807035
0.807035
0.806795
0.806795
0.613905
0.613905
0.822949
0.822949
0.747245
0.747245
0.715503
0.715503
0.749296
0.749296
0.951843
0.951843
0.606199
0.606199
1.033325
1.033325
0.712984
0.712984
0.729630
0.729630
0.712479
0.712479
0.567550
0.567550
0.647970
0.647970
0.587485
0.587485
0.808194
0.808194
0.928955
0.928955
0.996883
0.996883
0.863423
0.863423
0.850445
0.850445
0.925677
0.925677
1.089809
1.089809
0.963702
0.963702
0.867310
0.867310
0.702847
0.702847
0.760890
0.760890
0.859347
0.859347
0.523702
0.523702
0.631215
0.631215
0.603711
0.603711
0.976505
0.976505
0.846377
0.846377
0.985451
0.985451
0.722980
0.722980
0.739530
0.739530
0.772764
0.772764
0.797515
0.797515
0.681350
0.681350
0.947514
0.947514
0.518520
0.518520
0.599432
0.599432
0.485117
0.485117
0.769068
0.769068
0.975339
0.975339
1.021659
1.021659
0.962770
0.962770
0.568644
0.568644
0.710434
0.710434
0.778641
0.778641
0.996439
0.996439
0.858817
0.858817
1.028273
1.028273
0.710525
0.710525
0.779203
0.779203
0.867486
0.867486
0.649766
0.649766
0.968773
0.968773
0.542697
0.542697
0.835705
0.835705
0.693594
0.693594
0.655892
0.655892
0.868584
0.868584
0.972424
0.972424
0.789016
0.789016
0.855766
0.855766
0.769672
0.769672
0.699398
0.699398
0.522851
0.522851
0.829446
0.829446
0.816379
0.816379
0.908437
0.908437
0.769415
0.769415
0.578668
0.578668
0.649261
0.649261
0.536800
0.536800
1.084065
1.084065
0.951076
0.951076
0.879492
0.879492
0.700834
0.700834
0.613862
0.613862
0.806464
0.806464
0.957324
0.957324
0.832288
0.832288
0.762564
0.762564
0.742523
0.742523
0.726085
0.726085
0.835933
0.835933
0.689617
0.689617
0.704038
0.704038
0.543542
0.543542
0.882205
0.882205
0.962400
0.962400
0.801221
0.801221
0.722027
0.722027
0.758400
0.758400
0.818074
0.818074
0.904056
0.904056
0.449706
0.449706
0.619027
0.619027
0.709189
0.709189
0.400408
0.400408
0.645273
0.645273
0.633431
0.633431
0.979888
0.979888
0.886225
0.886225
0.880419
0.880419
0.905039
0.905039
0.627568
0.627568
0.719975
0.719975
0.944151
0.944151
0.759114
0.759114
0.726952
0.726952
0.617752
0.617752
0.593859
0.593859
0.748032
0.748032
0.526470
0.526470
0.500357
0.500357
0.918884
0.918884
0.731825
0.731825
0.533604
0.533604
0.573500
0.573500
0.780951
0.780951
0.847111
0.847111
1.107343
1.107343
0.869803
0.869803
0.659775
0.659775
0.694794
0.694794
0.668279
0.668279
0.868751
0.868751
0.822923
0.822923
0.850065
0.850065
0.909415
0.909415
0.860609
0.860609
0.729423
0.729423
1.202463
1.202463
0.728356
0.728356
0.692123
0.692123
0.802230
0.802230
0.615907
0.615907
1.009199
1.009199
0.828838
0.828838
0.755139
0.755139
1.107213
1.107213
0.737226
0.737226
1.022033
1.022033
0.752946
0.752946
0.936326
0.936326
0.776270
0.776270
0.821153
0.821153
0.700826
0.700826
0.446238
0.446238
0.995028
0.995028
0.844187
0.844187
1.020808
1.020808
0.811282
0.811282
0.921357
0.921357
0.738232
0.738232
0.624775
0.624775
0.696050
0.696050
0.792625
0.792625
0.524100
0.524100
0.647203
0.647203
0.670380
0.670380
0.664559
0.664559
0.727929
0.727929
0.835245
0.835245
0.916052
0.916052
0.984359
0.984359
1.040543
1.040543
0.967026
0.967026
0.865477
0.865477
0.693191
0.693191
0.652487
0.652487
0.720605
0.720605
0.665965
0.665965
0.878165
0.878165
0.844347
0.844347
0.881037
0.881037
0.784341
0.784341
0.839987
0.839987
0.609499
0.609499
0.876284
0.876284
0.517915
0.517915
0.672538
0.672538
0.825190
0.825190
0.715980
0.715980
0.760016
0.760016
0.765275
0.765275
0.711219
0.711219
0.636545
0.636545
0.746231
0.746231
0.660708
0.660708
0.656831
0.656831
0.840872
0.840872
0.893489
0.893489
0.970532
0.970532
1.053747
1.053747
0.960087
0.960087
0.520473
0.520473
0.746227
0.746227
1.051416
1.051416
0.879576
0.879576
0.954093
0.954093
0.798380
0.798380
0.485240
0.485240
0.640006
0.640006
0.646957
0.646957
0.748033
0.748033
0.770565
0.770565
0.837572
0.837572
1.072775
1.072775
0.738063
0.738063
0.796554
0.796554
0.755626
0.755626
0.764662
0.764662
0.672590
0.672590
0.717094
0.717094
0.602962
0.602962
0.893415
0.893415
0.722724
0.722724
0.748639
0.748639
0.702071
0.702071
0.809332
0.809332
0.597029
0.597029
0.723642
0.723642
0.777458
0.777458
0.939850
0.939850
0.914320
0.914320
0.854016
0.854016
0.407735
0.407735
0.678067
0.678067
0.722723
0.722723
0.814544
0.814544
0.808306
0.808306
0.871737
0.871737
0.877902
0.877902
0.728072
0.728072
0.904934
0.904934
0.774030
0.774030
0.717530
0.717530
0.741345
0.741345
0.718745
0.718745
0.944806
0.944806
0.842433
0.842433
0.790682
0.790682
0.844029
0.844029
0.671900
0.671900
0.640482
0.640482
0.831220
0.831220
0.744683
0.744683
0.586644
0.586644
0.496843
0.496843
0.783000
0.783000
0.638427
0.638427
0.542724
0.542724
1.161971
1.161971
0.712534
0.712534
0.841926
0.841926
0.963340
0.963340
0.864144
0.864144
0.632611
0.632611
0.610187
0.610187
0.764251
0.764251
0.717767
0.717767
0.713966
0.713966
0.521846
0.521846
0.811969
0.811969
0.785827
0.785827
0.839247
0.839247
0.733929
0.733929
0.769835
0.769835
0.772973
0.772973
0.716492
0.716492
0.754684
0.754684
0.440857
0.440857
0.868513
0.868513
0.701721
0.701721
1.138787
1.138787
0.554113
0.554113
0.713654
0.713654
0.590735
0.590735
0.903286
0.903286
1.071706
1.071706
0.691373
0.691373
0.796358
0.796358
0.757561
0.757561
0.689680
0.689680
0.680557
0.680557
0.721832
0.721832
0.791836
0.791836
0.948704
0.948704
0.532054
0.532054
0.791216
0.791216
0.732795
0.732795
0.898060
0.898060
1.022051
1.022051
0.581509
0.581509
0.716835
0.716835
0.748348
0.748348
1.176358
1.176358
1.022889
1.022889
0.886173
0.886173
0.782219
0.782219
0.762661
0.762661
0.576651
0.576651
0.912201
0.912201
0.698189
0.698189
0.867338
0.867338
0.922130
0.922130
0.791940
0.791940
0.656360
0.656360
0.665146
0.665146
0.636763
0.636763
0.747863
0.747863
0.628669
0.628669
0.922487
0.922487
0.862725
0.862725
0.586260
0.586260
0.852224
0.852224
1.025998
1.025998
0.693076
0.693076
0.693777
0.693777
0.883263
0.883263
0.643194
0.643194
0.628373
0.628373
0.780782
0.780782
0.598643
0.598643
0.879788
0.879788
0.893613
0.893613
1.163964
1.163964
0.722517
0.722517
0.649501
0.649501
0.967274
0.967274
0.609342
0.609342
0.934972
0.934972
0.578506
0.578506
0.646207
0.646207
0.768843
0.768843
0.901795
0.901795
0.850772
0.850772
0.651886
0.651886
0.849813
0.849813
0.749362
0.749362
1.025483
1.025483
1.006003
1.006003
0.647183
0.647183
0.676185
0.676185
0.584002
0.584002
0.691412
0.691412
1.034815
1.034815
0.508018
0.508018
0.884354
0.884354
0.826102
0.826102
0.600174
0.600174
0.609925
0.609925
0.861995
0.861995
0.800833
0.800833
0.995453
0.995453
1.094812
1.094812
0.604916
0.604916
0.735712
0.735712
0.775162
0.775162
0.716006
0.716006
0.815124
0.815124
1.021037
1.021037
0.704539
0.704539
0.991730
0.991730
0.851217
0.851217
0.698684
0.698684
0.669763
0.669763
0.663389
0.663389
0.726331
0.726331
0.808879
0.808879
0.667627
0.667627
0.738884
0.738884
0.756665
0.756665
0.661638
0.661638
0.426931
0.426931
0.651750
0.651750
0.653376
0.653376
0.687190
0.687190
0.894800
0.894800
0.713737
0.713737
0.636617
0.636617
0.884113
0.884113
0.761922
0.761922
0.846465
0.846465
0.852979
0.852979
0.660347
0.660347
0.843095
0.843095
0.812268
0.812268
0.677140
0.677140
0.684598
0.684598
0.614277
0.614277
0.817945
0.817945
0.905278
0.905278
0.693827
0.693827
0.837136
0.837136
0.653827
0.653827
0.652382
0.652382
0.816368
0.816368
0.540423
0.540423
0.777825
0.777825
0.672823
0.672823
0.707714
0.707714
0.935050
0.935050
0.760603
0.760603
0.957480
0.957480
0.651223
0.651223
0.862473
0.862473
1.024798
1.024798
0.599395
0.599395
0.777036
0.777036
0.766233
0.766233
0.782871
0.782871
0.910117
0.910117
0.755616
0.755616
0.728203
0.728203
0.738352
0.738352
0.750222
0.750222
0.859741
0.859741
0.460467
0.460467
0.867883
0.867883
0.791774
0.791774
0.790996
0.790996
0.605051
0.605051
0.803069
0.803069
0.794169
0.794169
1.101941
1.101941
0.746656
0.746656
0.806495
0.806495
1.111164
1.111164
0.683472
0.683472
0.867416
0.867416
0.671999
0.671999
0.685011
0.685011
0.883383
0.883383
0.743388
0.743388
0.553833
0.553833
0.770676
0.770676
0.567304
0.567304
1.050349
1.050349
1.284365
1.284365
0.826578
0.826578
0.936498
0.936498
0.696939
0.696939
1.031613
1.031613
0.547349
0.547349
0.504539
0.504539
0.646898
0.646898
0.807506
0.807506
0.614268
0.614268
0.692023
0.692023
0.914944
0.914944
1.169419
1.169419
0.610057
0.610057
0.711281
0.711281
0.752460
0.752460
0.635890
0.635890
0.674464
0.674464
0.735035
0.735035
0.781747
0.781747
1.077059
1.077059
0.605659
0.605659
0.733581
0.733581
0.722844
0.722844
0.456523
0.456523
0.617240
0.617240
0.885373
0.885373
0.680380
0.680380
0.861774
0.861774
1.088670
1.088670
0.952214
0.952214
0.687136
0.687136
0.789783
0.789783
0.584960
0.584960
0.606964
0.606964
0.895236
0.895236
0.630077
0.630077
0.613521
0.613521
0.883056
0.883056
0.782145
0.782145
0.762326
0.762326
0.483490
0.483490
0.471124
0.471124
0.961951
0.961951
0.660296
0.660296
0.895639
0.895639
0.682898
0.682898
0.847096
0.847096
0.830200
0.830200
0.829632
0.829632
0.644573
0.644573
0.856079
0.856079
0.564730
0.564730
0.791685
0.791685
0.626893
0.626893
0.684217
0.684217
0.628838
0.628838
1.033631
1.033631
0.783259
0.783259
0.760090
0.760090
0.856991
0.856991
0.869800
0.869800
0.746709
0.746709
0.678312
0.678312
0.493340
0.493340
0.881480
0.881480
0.694809
0.694809
0.626658
0.626658
0.834270
0.834270
0.880273
0.880273
0.751934
0.751934
0.519036
0.519036
0.471843
0.471843
0.758958
0.758958
1.000578
1.000578
0.502710
0.502710
1.091028
1.091028
1.007782
1.007782
0.695105
0.695105
0.770143
0.770143
0.712187
0.712187
0.639768
0.639768
0.891173
0.891173
0.745322
0.745322
0.657778
0.657778
0.799549
0.799549
0.709146
0.709146
0.960679
0.960679
0.720102
0.720102
0.720530
0.720530
0.701736
0.701736
0.738649
0.738649
0.642471
0.642471
0.549034
0.549034
0.807942
0.807942
0.719933
0.719933
0.802210
0.802210
1.001766
1.001766
0.571618
0.571618
0.929044
0.929044
0.539519
0.539519
0.409948
0.409948
0.958771
0.958771
0.736451
0.736451
0.959226
0.959226
0.860509
0.860509
0.779420
0.779420
1.022949
1.022949
0.703323
0.703323
1.017393
1.017393
0.871572
0.871572
0.937338
0.937338
0.966750
0.966750
0.575368
0.575368
0.818130
0.818130
1.014640
1.014640
0.672483
0.672483
0.798922
0.798922
0.897411
0.897411
0.783052
0.783052
1.013255
1.013255
0.910616
0.910616
0.626651
0.626651
0.815580
0.815580
1.038444
1.038444
0.465639
0.465639
0.519528
0.519528
0.676250
0.676250
0.853961
0.853961
0.870528
0.870528
0.667209
0.667209
1.102602
1.102602
0.801772
0.801772
0.536220
0.536220
1.001239
1.001239
0.771285
0.771285
0.722884
0.722884
0.482890
0.482890
0.847026
0.847026
0.867138
0.867138
1.204628
1.204628
0.555616
0.555616
0.815536
0.815536
0.655258
0.655258
0.741437
0.741437
0.826936
0.826936
0.595262
0.595262
0.695103
0.695103
0.896262
0.896262
0.795357
0.795357
0.838565
0.838565
0.610293
0.610293
0.763680
0.763680
0.763211
0.763211
0.682049
0.682049
0.773751
0.773751
0.773710
0.773710
0.519818
0.519818
0.792345
0.792345
0.522837
0.522837
0.476100
0.476100
0.665217
0.665217
0.688327
0.688327
0.893732
0.893732
0.882158
0.882158
0.794433
0.794433
0.623099
0.623099
0.681888
0.681888
0.759552
0.759552
0.669421
0.669421
0.773566
0.773566
0.738678
0.738678
0.741885
0.741885
0.737332
0.737332
0.685260
0.685260
0.694858
0.694858
0.658653
0.658653
0.844214
0.844214
0.837222
0.837222
0.760764
0.760764
0.826928
0.826928
0.992262
0.992262
0.669568
0.669568
0.811271
0.811271
0.917270
0.917270
0.802297
0.802297
0.704353
0.704353
0.680282
0.680282
0.638487
0.638487
0.600523
0.600523
0.798761
0.798761
0.900410
0.900410
0.688877
0.688877
0.707655
0.707655
0.739007
0.739007
0.718633
0.718633
0.896256
0.896256
0.585065
0.585065
0.719829
0.719829
0.897948
0.897948
0.697086
0.697086
0.683540
0.683540
0.773731
0.773731
0.730271
0.730271
0.718904
0.718904
0.961078
0.961078
0.567291
0.567291
0.806716
0.806716
0.950468
0.950468
0.572939
0.572939
0.500360
0.500360
0.653150
0.653150
0.779100
0.779100
1.055009
1.055009
1.102143
1.102143
0.878851
0.878851
0.568212
0.568212
0.651181
0.651181
0.636428
0.636428
0.897202
0.897202
0.749359
0.749359
0.821518
0.821518
1.064792
1.064792
0.739538
0.739538
0.725001
0.725001
0.543891
0.543891
0.555616
0.555616
0.975759
0.975759
0.825683
0.825683
0.613762
0.613762
0.639121
0.639121
0.806941
0.806941
0.964809
0.964809
0.838943
0.838943
0.667062
0.667062
0.783505
0.783505
0.670854
0.670854
0.626438
0.626438
0.671923
0.671923
0.466924
0.466924
0.920249
0.920249
0.788384
0.788384
0.635196
0.635196
0.650588
0.650588
0.560904
0.560904
0.670074
0.670074
0.683204
0.683204
1.036545
1.036545
0.817454
0.817454
0.913776
0.913776
0.764949
0.764949
0.483926
0.483926
0.725386
0.725386
0.888800
0.888800
0.656970
0.656970
0.620203
0.620203
0.629320
0.629320
0.900757
0.900757
0.846498
0.846498
0.744615
0.744615
0.703011
0.703011
0.771696
0.771696
0.650790
0.650790
0.963603
0.963603
0.655030
0.655030
0.748333
0.748333
1.080616
1.080616
0.723188
0.723188
0.651086
0.651086
0.658692
0.658692
1.206711
1.206711
0.592234
0.592234
0.667518
0.667518
0.618941
0.618941
0.639438
0.639438
0.628509
0.628509
0.909367
0.909367
0.718017
0.718017
0.895010
0.895010
0.676294
0.676294
0.889677
0.889677
0.718402
0.718402
0.641319
0.641319
0.809880
0.809880
0.962879
0.962879
0.783866
0.783866
0.677121
0.677121
0.787618
0.787618
0.754262
0.754262
1.007576
1.007576
0.697914
0.697914
0.720536
0.720536
0.622156
0.622156
0.584306
0.584306
0.809588
0.809588
0.747787
0.747787
0.650208
0.650208
0.713378
0.713378
0.903432
0.903432
0.718578
0.718578
0.839423
0.839423
0.608673
0.608673
0.811437
0.811437
0.515274
0.515274
0.686923
0.686923
0.606446
0.606446
0.774063
0.774063
0.926997
0.926997
0.620648
0.620648
0.865174
0.865174
1.023991
1.023991
0.947460
0.947460
0.923227
0.923227
0.507780
0.507780
0.600380
0.600380
0.887289
0.887289
0.654194
0.654194
0.767145
0.767145
0.629404
0.629404
0.524970
0.524970
0.479146
0.479146
0.857043
0.857043
0.718325
0.718325
0.952414
0.952414
0.922686
0.922686
0.861063
0.861063
0.907448
0.907448
0.744909
0.744909
0.634439
0.634439
0.720241
0.720241
0.637180
0.637180
0.822139
0.822139
0.614592
0.614592
0.610313
0.610313
0.672537
0.672537
0.650920
0.650920
0.794959
0.794959
1.201922
1.201922
1.043794
1.043794
0.906787
0.906787
0.842894
0.842894
1.232769
1.232769
0.855711
0.855711
0.772518
0.772518
0.606499
0.606499
0.765008
0.765008
0.738936
0.738936
0.937084
0.937084
0.578734
0.578734
0.735579
0.735579
0.663285
0.663285
0.805593
0.805593
0.725345
0.725345
0.657872
0.657872
0.559484
0.559484
0.692182
0.692182
0.655912
0.655912
0.940338
0.940338
0.807720
0.807720
1.010190
1.010190
0.834922
0.834922
0.692830
0.692830
0.681812
0.681812
0.680596
0.680596
0.597333
0.597333
0.532692
0.532692
0.909553
0.909553
0.469539
0.469539
0.651755
0.651755
0.866245
0.866245
0.873918
0.873918
1.015703
1.015703
0.626178
0.626178
0.721572
0.721572
0.771584
0.771584
0.703764
0.703764
0.746466
0.746466
0.809768
0.809768
0.735179
0.735179
0.604520
0.604520
0.701735
0.701735
0.682739
0.682739
0.634297
0.634297
1.079028
1.079028
0.789898
0.789898
0.564882
0.564882
0.740049
0.740049
0.513971
0.513971
0.575722
0.575722
0.779026
0.779026
0.562573
0.562573
0.979959
0.979959
0.681356
0.681356
0.875043
0.875043
0.780158
0.780158
0.816989
0.816989
0.621121
0.621121
0.503717
0.503717
0.798710
0.798710
1.227603
1.227603
0.771470
0.771470
0.798988
0.798988
0.758922
0.758922
0.630025
0.630025
0.761143
0.761143
0.736981
0.736981
0.866207
0.866207
0.693325
0.693325
0.566187
0.566187
1.084070
1.084070
0.626707
0.626707
0.715488
0.715488
0.777081
0.777081
0.879639
0.879639
0.827514
0.827514
0.664752
0.664752
0.639883
0.639883
0.624112
0.624112
0.534908
0.534908
0.509083
0.509083
0.641094
0.641094
0.743466
0.743466
0.665006
0.665006
0.903518
0.903518
0.531754
0.531754
0.785444
0.785444
0.650977
0.650977
0.565868
0.565868
0.696748
0.696748
0.765101
0.765101
0.744408
0.744408
0.734305
0.734305
0.920596
0.920596
0.666591
0.666591
0.737449
0.737449
0.684306
0.684306
0.710419
0.710419
1.049414
1.049414
0.800247
0.800247
0.927171
0.927171
0.701393
0.701393
0.762819
0.762819
0.599898
0.599898
0.785800
0.785800
0.735110
0.735110
0.544369
0.544369
0.607322
0.607322
0.616535
0.616535
0.535107
0.535107
0.720778
0.720778
0.905285
0.905285
0.911205
0.911205
0.938147
0.938147
0.613257
0.613257
0.956466
0.956466
0.488834
0.488834
0.581604
0.581604
0.895397
0.895397
0.743825
0.743825
0.774801
0.774801
0.677298
0.677298
0.775784
0.775784
0.622523
0.622523
0.650486
0.650486
0.783796
0.783796
0.973793
0.973793
1.286012
1.286012
0.869892
0.869892
0.612287
0.612287
0.626890
0.626890
0.681561
0.681561
0.678747
0.678747
0.733822
0.733822
0.919017
0.919017
0.884360
0.884360
0.790383
0.790383
0.679236
0.679236
0.694571
0.694571
0.669796
0.669796
0.866045
0.866045
0.690469
0.690469
0.742679
0.742679
0.670527
0.670527
0.809799
0.809799
0.791646
0.791646
0.508517
0.508517
0.674374
0.674374
0.723002
0.723002
0.669297
0.669297
0.670853
0.670853
0.966005
0.966005
0.568531
0.568531
0.649359
0.649359
0.712157
0.712157
0.920659
0.920659
0.700081
0.700081
0.657935
0.657935
0.805990
0.805990
0.978939
0.978939
0.587292
0.587292
0.781388
0.781388
0.808791
0.808791
0.646765
0.646765
0.877151
0.877151
0.703465
0.703465
0.914410
0.914410
0.891594
0.891594
0.698599
0.698599
0.518465
0.518465
0.577356
0.577356
0.880106
0.880106
0.895055
0.895055
0.700419
0.700419
0.583664
0.583664
0.689256
0.689256
0.824025
0.824025
0.608104
0.608104
0.819319
0.819319
0.619892
0.619892
0.886384
0.886384
0.647826
0.647826
0.794740
0.794740
0.857785
0.857785
0.597818
0.597818
0.622260
0.622260
0.855907
0.855907
0.624628
0.624628
0.777430
0.777430
0.909235
0.909235
0.605517
0.605517
0.713321
0.713321
0.643799
0.643799
0.774735
0.774735
1.288673
1.288673
0.719906
0.719906
0.700606
0.700606
0.737483
0.737483
0.955524
0.955524
0.719723
0.719723
0.676484
0.676484
0.763129
0.763129
0.524452
0.524452
0.686770
0.686770
1.015983
1.015983
0.690377
0.690377
0.793866
0.793866
0.974552
0.974552
0.731636
0.731636
0.927466
0.927466
0.823419
0.823419
0.672442
0.672442
0.523124
0.523124
0.869708
0.869708
0.416688
0.416688
0.790205
0.790205
0.691273
0.691273
0.708866
0.708866
0.683316
0.683316
0.703764
0.703764
0.859050
0.859050
1.075158
1.075158
0.869441
0.869441
0.739249
0.739249
0.748206
0.748206
0.722102
0.722102
0.576172
0.576172
0.630915
0.630915
0.698596
0.698596
0.815660
0.815660
1.088061
1.088061
0.722874
0.722874
0.758571
0.758571
0.531862
0.531862
0.610503
0.610503
0.775893
0.775893
0.736119
0.736119
0.797613
0.797613
0.657320
0.657320
0.776494
0.776494
0.728959
0.728959
0.760780
0.760780
0.907855
0.907855
0.764903
0.764903
0.929630
0.929630
0.733409
0.733409
0.848616
0.848616
0.601479
0.601479
0.725207
0.725207
0.637951
0.637951
0.805357
0.805357
0.831676
0.831676
0.935260
0.935260
0.753618
0.753618
0.615993
0.615993
0.626938
0.626938
0.631762
0.631762
1.262613
1.262613
0.823246
0.823246
0.950934
0.950934
0.994189
0.994189
0.720328
0.720328
0.728081
0.728081
0.638354
0.638354
0.612893
0.612893
0.604471
0.604471
0.676394
0.676394
0.660348
0.660348
0.731207
0.731207
0.679479
0.679479
1.025693
1.025693
0.762538
0.762538
0.764306
0.764306
0.397773
0.397773
0.618488
0.618488
0.711146
0.711146
0.813847
0.813847
0.997772
0.997772
0.674471
0.674471
0.579801
0.579801
0.569212
0.569212
0.782986
0.782986
0.589115
0.589115
0.837763
0.837763
0.615194
0.615194
0.903814
0.903814
1.101356
1.101356
0.654087
0.654087
0.599579
0.599579
0.546365
0.546365
0.984963
0.984963
0.798685
0.798685
0.912504
0.912504
0.846183
0.846183
0.730757
0.730757
0.821123
0.821123
0.447207
0.447207
0.429015
0.429015
0.930587
0.930587
0.843745
0.843745
0.807952
0.807952
0.638440
0.638440
0.952402
0.952402
0.729342
0.729342
0.634996
0.634996
0.539240
0.539240
0.765092
0.765092
0.520254
0.520254
0.577228
0.577228
0.972098
0.972098
0.656518
0.656518
0.734120
0.734120
0.852071
0.852071
0.686418
0.686418
0.612622
0.612622
0.756988
0.756988
0.786389
0.786389
0.622268
0.622268
0.700870
0.700870
0.665297
0.665297
0.902265
0.902265
0.693323
0.693323
0.771340
0.771340
0.664015
0.664015
0.804674
0.804674
0.547489
0.547489
0.887763
0.887763
0.814372
0.814372
0.841091
0.841091
0.660498
0.660498
1.013702
1.013702
0.537287
0.537287
0.538775
0.538775
0.591540
0.591540
1.078751
1.078751
0.711111
0.711111
0.772242
0.772242
0.746879
0.746879
0.588568
0.588568
0.681812
0.681812
0.829303
0.829303
0.428187
0.428187
0.757125
0.757125
1.145466
1.145466
0.548660
0.548660
0.650705
0.650705
0.668776
0.668776
0.828507
0.828507
0.714221
0.714221
0.654058
0.654058
0.832890
0.832890
0.855106
0.855106
0.695144
0.695144
0.719662
0.719662
0.744116
0.744116
0.918903
0.918903
0.795683
0.795683
0.602201
0.602201
0.724708
0.724708
0.575877
0.575877
0.650149
0.650149
0.852132
0.852132
0.646702
0.646702
0.991674
0.991674
0.604717
0.604717
0.771964
0.771964
0.553660
0.553660
0.767683
0.767683
0.872018
0.872018
0.714216
0.714216
0.837807
0.837807
0.851747
0.851747
0.997383
0.997383
0.639078
0.639078
0.590399
0.590399
0.868194
0.868194
0.916359
0.916359
0.813600
0.813600
0.725651
0.725651
0.649107
0.649107
0.691016
0.691016
0.963395
0.963395
0.504439
0.504439
0.428414
0.428414
0.764818
0.764818
0.682327
0.682327
0.731987
0.731987
0.835775
0.835775
0.851247
0.851247
0.649836
0.649836
0.719588
0.719588
0.655998
0.655998
0.857307
0.857307
0.885392
0.885392
0.715574
0.715574
0.915791
0.915791
0.813207
0.813207
0.837619
0.837619
0.624130
0.624130
1.211616
1.211616
0.628852
0.628852
0.513747
0.513747
0.576894
0.576894
0.599666
0.599666
0.720600
0.720600
0.494053
0.494053
0.759260
0.759260
0.672765
0.672765
0.884045
0.884045
0.475240
0.475240
0.849894
0.849894
0.691106
0.691106
0.736919
0.736919
0.788175
0.788175
0.539053
0.539053
0.599321
0.599321
0.687455
0.687455
0.633184
0.633184
0.932168
0.932168
0.670241
0.670241
0.774869
0.774869
0.666875
0.666875
0.783576
0.783576
0.706602
0.706602
0.664401
0.664401
1.075465
1.075465
0.747389
0.747389
0.934086
0.934086
0.539524
0.539524
0.614218
0.614218
0.690092
0.690092
0.481826
0.481826
0.531599
0.531599
0.691039
0.691039
0.990018
0.990018
0.797294
0.797294
0.934873
0.934873
0.825234
0.825234
0.816756
0.816756
0.789514
0.789514
0.671119
0.671119
0.625714
0.625714
0.774000
0.774000
0.781647
0.781647
0.705630
0.705630
0.901263
0.901263
0.877549
0.877549
0.664999
0.664999
1.091424
1.091424
0.638786
0.638786
0.770169
0.770169
0.577674
0.577674
1.015455
1.015455
0.788202
0.788202
1.019845
1.019845
0.548320
0.548320
0.527537
0.527537
0.700387
0.700387
0.640540
0.640540
0.725084
0.725084
0.726537
0.726537
0.615548
0.615548
0.776175
0.776175
0.594775
0.594775
0.756875
0.756875
0.604705
0.604705
0.740152
0.740152
1.136725
1.136725
0.751226
0.751226
0.797784
0.797784
0.890046
0.890046
0.603584
0.603584
0.795242
0.795242
0.668496
0.668496
0.757769
0.757769
0.675406
0.675406
0.554413
0.554413
0.986503
0.986503
0.725596
0.725596
0.888084
0.888084
0.408966
0.408966
0.655852
0.655852
0.789708
0.789708
0.718359
0.718359
0.681084
0.681084
0.702925
0.702925
0.733274
0.733274
0.617482
0.617482
0.538194
0.538194
0.641430
0.641430
0.825658
0.825658
0.612235
0.612235
1.021083
1.021083
0.571696
0.571696
0.718298
0.718298
0.534875
0.534875
0.493786
0.493786
0.855115
0.855115
0.763849
0.763849
1.062349
1.062349
0.527934
0.527934
0.566102
0.566102
0.649841
0.649841
0.736361
0.736361
0.802183
0.802183
0.599255
0.599255
0.970926
0.970926
0.717803
0.717803
0.590558
0.590558
0.942746
0.942746
0.843999
0.843999
0.963253
0.963253
0.808696
0.808696
0.532793
0.532793
0.832657
0.832657
0.675965
0.675965
0.635918
0.635918
0.509945
0.509945
0.876963
0.876963
0.773858
0.773858
0.808203
0.808203
0.723094
0.723094
0.839958
0.839958
0.845370
0.845370
0.730291
0.730291
0.783840
0.783840
0.672136
0.672136
0.866297
0.866297
0.572113
0.572113
0.627183
0.627183
0.773066
0.773066
0.975333
0.975333
0.937911
0.937911
0.469374
0.469374
0.643872
0.643872
0.719619
0.719619
0.725562
0.725562
1.010405
1.010405
0.839366
0.839366
0.739425
0.739425
0.782259
0.782259
0.634392
0.634392
0.793633
0.793633
0.672444
0.672444
0.489149
0.489149
0.653344
0.653344
0.628113
0.628113
0.843628
0.843628
0.770709
0.770709
0.600463
0.600463
0.702780
0.702780
0.781391
0.781391
0.720602
0.720602
0.622140
0.622140
0.756797
0.756797
0.925173
0.925173
0.710403
0.710403
0.756333
0.756333
0.710822
0.710822
0.565198
0.565198
0.891998
0.891998
0.803086
0.803086
0.689157
0.689157
0.710812
0.710812
0.506319
0.506319
0.835790
0.835790
0.684011
0.684011
0.836134
0.836134
0.681859
0.681859
0.589744
0.589744
0.872198
0.872198
0.666990
0.666990
0.511660
0.511660
0.685809
0.685809
0.622814
0.622814
0.864746
0.864746
0.853836
0.853836
0.707590
0.707590
0.678768
0.678768
0.503127
0.503127
0.874247
0.874247
0.790059
0.790059
0.786385
0.786385
0.817160
0.817160
0.914296
0.914296
0.840600
0.840600
0.895650
0.895650
1.093558
1.093558
0.893475
0.893475
0.706459
0.706459
0.525835
0.525835
0.950000
0.950000
0.662169
0.662169
0.623001
0.623001
0.927049
0.927049
0.894754
0.894754
0.685174
0.685174
0.788186
0.788186
0.791820
0.791820
0.638225
0.638225
0.823642
0.823642
1.349236
1.349236
0.632871
0.632871
0.457539
0.457539
0.843640
0.843640
0.674150
0.674150
0.751530
0.751530
0.538110
0.538110
0.777985
0.777985
0.798005
0.798005
0.541581
0.541581
0.639599
0.639599
0.665011
0.665011
0.649763
0.649763
0.803286
0.803286
0.543849
0.543849
1.021321
1.021321
0.454644
0.454644
0.511623
0.511623
0.520549
0.520549
0.700124
0.700124
0.734824
0.734824
0.800216
0.800216
0.653368
0.653368
0.538503
0.538503
0.696676
0.696676
0.549537
0.549537
0.700893
0.700893
0.730376
0.730376
0.763420
0.763420
0.646495
0.646495
0.848738
0.848738
0.910033
0.910033
0.841735
0.841735
0.675404
0.675404
0.717679
0.717679
0.767189
0.767189
0.609010
0.609010
0.615889
0.615889
0.628856
0.628856
0.734058
0.734058
1.051337
1.051337
0.672683
0.672683
0.856265
0.856265
0.799877
0.799877
0.821309
0.821309
0.872007
0.872007
0.477629
0.477629
0.879364
0.879364
0.802129
0.802129
0.546395
0.546395
0.793852
0.793852
0.758686
0.758686
0.552944
0.552944
0.649373
0.649373
0.530820
0.530820
0.798115
0.798115
0.963654
0.963654
1.022959
1.022959
0.770258
0.770258
0.886041
0.886041
0.888739
0.888739
0.654171
0.654171
0.739076
0.739076
0.777040
0.777040
0.623115
0.623115
0.855763
0.855763
0.756145
0.756145
0.822230
0.822230
0.694241
0.694241
0.690985
0.690985
0.729447
0.729447
0.655341
0.655341
0.707194
0.707194
0.712903
0.712903
0.814477
0.814477
0.571936
0.571936
0.829610
0.829610
0.645766
0.645766
0.531739
0.531739
0.522577
0.522577
0.852815
0.852815
0.708139
0.708139
0.439048
0.439048
0.715455
0.715455
0.536842
0.536842
0.779937
0.779937
0.553530
0.553530
0.531695
0.531695
0.739912
0.739912
0.693821
0.693821
0.713203
0.713203
0.759803
0.759803
0.945663
0.945663
0.936493
0.936493
0.951495
0.951495
0.735659
0.735659
0.959327
0.959327
0.889974
0.889974
0.671162
0.671162
0.747895
0.747895
0.694772
0.694772
0.663647
0.663647
0.640448
0.640448
0.815067
0.815067
0.728939
0.728939
0.808411
0.808411
0.860851
0.860851
0.735226
0.735226
0.534430
0.534430
0.986567
0.986567
0.724152
0.724152
0.511677
0.511677
0.869630
0.869630
0.869068
0.869068
0.589481
0.589481
0.880851
0.880851
0.865160
0.865160
0.653202
0.653202
0.978611
0.978611
0.799466
0.799466
1.063630
1.063630
0.605242
0.605242
0.631293
0.631293
0.873404
0.873404
0.527405
0.527405
0.577709
0.577709
0.721859
0.721859
0.447021
0.447021
0.758230
0.758230
0.748935
0.748935
0.822987
0.822987
0.878693
0.878693
0.721995
0.721995
0.762249
0.762249
0.685685
0.685685
0.664331
0.664331
0.721589
0.721589
0.715361
0.715361
0.675057
0.675057
0.726067
0.726067
0.613129
0.613129
0.690032
0.690032
0.820509
0.820509
0.520123
0.520123
0.587250
0.587250
0.844362
0.844362
0.551291
0.551291
0.983910
0.983910
0.678257
0.678257
0.708730
0.708730
0.638377
0.638377
0.637901
0.637901
0.606175
0.606175
0.691221
0.691221
0.749103
0.749103
0.937420
0.937420
0.893669
0.893669
0.502695
0.502695
0.823343
0.823343
0.577197
0.577197
0.602884
0.602884
0.789761
0.789761
0.843719
0.843719
0.901469
0.901469
0.757387
0.757387
0.616484
0.616484
0.563497
0.563497
0.788749
0.788749
0.803648
0.803648
0.943580
0.943580
0.823682
0.823682
0.767906
0.767906
0.627584
0.627584
0.473683
0.473683
0.421045
0.421045
0.653844
0.653844
0.751229
0.751229
0.675330
0.675330
0.772616
0.772616
0.882896
0.882896
0.819030
0.819030
0.723568
0.723568
0.546593
0.546593
0.904357
0.904357
0.793354
0.793354
0.771035
0.771035
0.800477
0.800477
0.635798
0.635798
0.814453
0.814453
0.769306
0.769306
0.639863
0.639863
0.479726
0.479726
0.638768
0.638768
0.573972
0.573972
0.559605
0.559605
0.799400
0.799400
0.485583
0.485583
0.900080
0.900080
0.748587
0.748587
0.751691
0.751691
0.835588
0.835588
0.850282
0.850282
0.901735
0.901735
0.638127
0.638127
0.756135
0.756135
0.851744
0.851744
0.707420
0.707420
0.611948
0.611948
0.685263
0.685263
0.667490
0.667490
0.557857
0.557857
0.868935
0.868935
0.706354
0.706354
1.019860
1.019860
0.616635
0.616635
0.867674
0.867674
0.638991
0.638991
0.605151
0.605151
0.827400
0.827400
0.695091
0.695091
0.587018
0.587018
0.722630
0.722630
0.924555
0.924555
0.741254
0.741254
0.930389
0.930389
0.837932
0.837932
0.579654
0.579654
0.730057
0.730057
0.934843
0.934843
0.559426
0.559426
0.653523
0.653523
0.656353
0.656353
0.911300
0.911300
0.702820
0.702820
0.522895
0.522895
0.910349
0.910349
0.784730
0.784730
0.991651
0.991651
0.585503
0.585503
0.626302
0.626302
0.723259
0.723259
0.399328
0.399328
0.686526
0.686526
0.793052
0.793052
0.708704
0.708704
0.606822
0.606822
0.558902
0.558902
0.481551
0.481551
1.015362
1.015362
0.691168
0.691168
0.656212
0.656212
0.851479
0.851479
0.839734
0.839734
0.681271
0.681271
0.714752
0.714752
0.875694
0.875694
0.701501
0.701501
0.740139
0.740139
0.394572
0.394572
0.956319
0.956319
0.932473
0.932473
0.506481
0.506481
0.713294
0.713294
0.727734
0.727734
0.988635
0.988635
0.761257
0.761257
0.767688
0.767688
0.750827
0.750827
0.445038
0.445038
0.666208
0.666208
0.648844
0.648844
0.560561
0.560561
0.735646
0.735646
0.906098
0.906098
0.830772
0.830772
0.974158
0.974158
0.597101
0.597101
0.633322
0.633322
0.522835
0.522835
0.786246
0.786246
0.552868
0.552868
0.706510
0.706510
0.568597
0.568597
0.529884
0.529884
0.654935
0.654935
0.400754
0.400754
0.805954
0.805954
0.689811
0.689811
0.725961
0.725961
0.874045
0.874045
0.791786
0.791786
0.672759
0.672759
0.736242
0.736242
0.572148
0.572148
0.812230
0.812230
0.571498
0.571498
0.731985
0.731985
0.644423
0.644423
0.481233
0.481233
0.488630
0.488630
0.605050
0.605050
0.880262
0.880262
1.031396
1.031396
0.768306
0.768306
0.827609
0.827609
0.956472
0.956472
0.858487
0.858487
0.659761
0.659761
0.674297
0.674297
0.752035
0.752035
0.813867
0.813867
0.653793
0.653793
0.549742
0.549742
0.800701
0.800701
0.604147
0.604147
0.933622
0.933622
0.898184
0.898184
0.822526
0.822526
0.698863
0.698863
0.904129
0.904129
0.770040
0.770040
0.517116
0.517116
0.621173
0.621173
0.661550
0.661550
0.696037
0.696037
0.541034
0.541034
0.688522
0.688522
0.840609
0.840609
0.716454
0.716454
0.648089
0.648089
0.873195
0.873195
1.028253
1.028253
0.890993
0.890993
0.823131
0.823131
0.726969
0.726969
0.504486
0.504486
0.435251
0.435251
0.589175
0.589175
0.684351
0.684351
0.631316
0.631316
0.736368
0.736368
0.977286
0.977286
0.829374
0.829374
0.587371
0.587371
0.970045
0.970045
0.770604
0.770604
1.034206
1.034206
0.773401
0.773401
0.597540
0.597540
0.661532
0.661532
0.695813
0.695813
0.838196
0.838196
0.516890
0.516890
0.677241
0.677241
0.624296
0.624296
0.831705
0.831705
0.924720
0.924720
0.558136
0.558136
0.703739
0.703739
0.962563
0.962563
0.591842
0.591842
0.597721
0.597721
0.671067
0.671067
0.536309
0.536309
0.733395
0.733395
0.795749
0.795749
0.969920
0.969920
0.450776
0.450776
0.895700
0.895700
0.511267
0.511267
0.839931
0.839931
0.867350
0.867350
0.722708
0.722708
0.683123
0.683123
0.534288
0.534288
0.831367
0.831367
0.710792
0.710792
0.846433
0.846433
0.768219
0.768219
0.645489
0.645489
0.569733
0.569733
0.765113
0.765113
0.621141
0.621141
0.565774
0.565774
0.736984
0.736984
0.549231
0.549231
0.989581
0.989581
0.801704
0.801704
0.717803
0.717803
0.692298
0.692298
0.625937
0.625937
1.096600
1.096600
0.873161
0.873161
0.765013
0.765013
0.555593
0.555593
1.008648
1.008648
0.625519
0.625519
0.746094
0.746094
0.843879
0.843879
0.920108
0.920108
0.427126
0.427126
0.849219
0.849219
0.600976
0.600976
0.656026
0.656026
0.412496
0.412496
0.581153
0.581153
0.717256
0.717256
0.812576
0.812576
0.788270
0.788270
0.820513
0.820513
0.595502
0.595502
0.954252
0.954252
0.933295
0.933295
0.998129
0.998129
0.959122
0.959122
0.629812
0.629812
0.921288
0.921288
0.737964
0.737964
0.664178
0.664178
0.694096
0.694096
0.391924
0.391924
0.567829
0.567829
0.630019
0.630019
0.494976
0.494976
0.606344
0.606344
0.728031
0.728031
0.636773
0.636773
0.854702
0.854702
0.807820
0.807820
0.620620
0.620620
0.553804
0.553804
0.650379
0.650379
0.761874
0.761874
0.851076
0.851076
0.903788
0.903788
0.787462
0.787462
0.828483
0.828483
0.720462
0.720462
0.500664
0.500664
0.489692
0.489692
0.537251
0.537251
0.882730
0.882730
0.836041
0.836041
0.810554
0.810554
0.729711
0.729711
0.647494
0.647494
0.709049
0.709049
0.946267
0.946267
0.607309
0.607309
0.439963
0.439963
0.427147
0.427147
0.428163
0.428163
0.553641
0.553641
0.719059
0.719059
0.813586
0.813586
0.635009
0.635009
0.833561
0.833561
0.945561
0.945561
0.969951
0.969951
0.505466
0.505466
1.049015
1.049015
0.590756
0.590756
0.820326
0.820326
0.450364
0.450364
0.790355
0.790355
0.923348
0.923348
0.775559
0.775559
0.922064
0.922064
0.760860
0.760860
0.838843
0.838843
0.824476
0.824476
0.714980
0.714980
0.491271
0.491271
0.621491
0.621491
0.376574
0.376574
0.605198
0.605198
0.634632
0.634632
0.862391
0.862391
0.735001
0.735001
0.783263
0.783263
1.010847
1.010847
0.586601
0.586601
0.709977
0.709977
0.735803
0.735803
0.647234
0.647234
0.910716
0.910716
0.628585
0.628585
0.929954
0.929954
0.309296
0.309296
0.627407
0.627407
0.415747
0.415747
0.713026
0.713026
0.837421
0.837421
1.070281
1.070281
0.556994
0.556994
0.984948
0.984948
0.959772
0.959772
0.879201
0.879201
0.659608
0.659608
0.926240
0.926240
0.819419
0.819419
0.638338
0.638338
0.683978
0.683978
0.689565
0.689565
0.757485
0.757485
0.608046
0.608046
0.417445
0.417445
0.654892
0.654892
0.553644
0.553644
0.691729
0.691729
0.642093
0.642093
0.997299
0.997299
0.696394
0.696394
0.579390
0.579390
0.976234
0.976234
0.394345
0.394345
0.294905
0.294905
0.618100
0.618100
0.556431
0.556431
0.497136
0.497136
0.926467
0.926467
0.657152
0.657152
0.633745
0.633745
0.756517
0.756517
0.871287
0.871287
0.418835
0.418835
0.894907
0.894907
0.826483
0.826483
0.775109
0.775109
0.791179
0.791179
0.770191
0.770191
0.534947
0.534947
0.907880
0.907880
0.656165
0.656165
0.663263
0.663263
0.891995
0.891995
0.639201
0.639201
0.638562
0.638562
0.582885
0.582885
0.743109
0.743109
0.582662
0.582662
0.916049
0.916049
0.556582
0.556582
0.670691
0.670691
0.772353
0.772353
0.814365
0.814365
0.784579
0.784579
0.627703
0.627703
0.803788
0.803788
0.589930
0.589930
0.662874
0.662874
0.379653
0.379653
0.569615
0.569615
0.676297
0.676297
0.757872
0.757872
0.917765
0.917765
0.794097
0.794097
0.765783
0.765783
0.696150
0.696150
0.720194
0.720194
0.783868
0.783868
0.705337
0.705337
0.935388
0.935388
0.676999
0.676999
0.569808
0.569808
0.417749
0.417749
0.825466
0.825466
0.893524
0.893524
0.718780
0.718780
0.691693
0.691693
0.604417
0.604417
0.901330
0.901330
0.731285
0.731285
0.720098
0.720098
0.647414
0.647414
0.713288
0.713288
0.617217
0.617217
0.842061
0.842061
0.603284
0.603284
0.611983
0.611983
0.919321
0.919321
0.849683
0.849683
0.848953
0.848953
0.674745
0.674745
0.988850
0.988850
0.827850
0.827850
0.521979
0.521979
0.671465
0.671465
1.080528
1.080528
0.520097
0.520097
0.811022
0.811022
0.731469
0.731469
0.663545
0.663545
0.607132
0.607132
0.703357
0.703357
0.744956
0.744956
0.619003
0.619003
0.591998
0.591998
0.730662
0.730662
0.583358
0.583358
1.047771
1.047771
0.826227
0.826227
0.813423
0.813423
0.638587
0.638587
0.750698
0.750698
0.510335
0.510335
0.596525
0.596525
0.529750
0.529750
0.510449
0.510449
0.661117
0.661117
0.869492
0.869492
0.815755
0.815755
0.893788
0.893788
0.791119
0.791119
0.827430
0.827430
0.803523
0.803523
0.676389
0.676389
0.682489
0.682489
0.535499
0.535499
0.821665
0.821665
0.609877
0.609877
1.002966
1.002966
0.550036
0.550036
0.653234
0.653234
0.696805
0.696805
0.743511
0.743511
0.924682
0.924682
0.601167
0.601167
0.683857
0.683857
0.668559
0.668559
0.698234
0.698234
0.676756
0.676756
0.574743
0.574743
0.836976
0.836976
0.552219
0.552219
0.381381
0.381381
0.844289
0.844289
0.868600
0.868600
0.724974
0.724974
0.795905
0.795905
0.567576
0.567576
0.639701
0.639701
0.738293
0.738293
0.702749
0.702749
0.492823
0.492823
0.550309
0.550309
0.639445
0.639445
0.837777
0.837777
0.613958
0.613958
0.517199
0.517199
0.835076
0.835076
0.786621
0.786621
0.897176
0.897176
0.702464
0.702464
0.454644
0.454644
0.655322
0.655322
0.441402
0.441402
0.632444
0.632444
0.685900
0.685900
0.782758
0.782758
0.909657
0.909657
0.952944
0.952944
0.484943
0.484943
0.647497
0.647497
0.569584
0.569584
0.689479
0.689479
0.681282
0.681282
0.737691
0.737691
0.588682
0.588682
0.895797
0.895797
0.707617
0.707617
0.552448
0.552448
0.482271
0.482271
0.691275
0.691275
0.484148
0.484148
0.494723
0.494723
0.680515
0.680515
0.678267
0.678267
0.715648
0.715648
0.885020
0.885020
0.699878
0.699878
0.817760
0.817760
0.451108
0.451108
0.863547
0.863547
0.561165
0.561165
0.610843
0.610843
0.557641
0.557641
1.053465
1.053465
0.820035
0.820035
0.646709
0.646709
0.701864
0.701864
0.739653
0.739653
0.493199
0.493199
0.616683
0.616683
0.910236
0.910236
0.659155
0.659155
0.663044
0.663044
0.735959
0.735959
0.693913
0.693913
0.560443
0.560443
0.612046
0.612046
0.764966
0.764966
0.472833
0.472833
0.966471
0.966471
0.498312
0.498312
0.675744
0.675744
0.701221
0.701221
0.789220
0.789220
0.906963
0.906963
0.577390
0.577390
0.699091
0.699091
0.856836
0.856836
0.844724
0.844724
0.899551
0.899551
0.731449
0.731449
0.563473
0.563473
0.710793
0.710793
0.994505
0.994505
0.792723
0.792723
1.005467
1.005467
0.550692
0.550692
0.733561
0.733561
0.562686
0.562686
0.996554
0.996554
0.685385
0.685385
0.668533
0.668533
0.922334
0.922334
0.855420
0.855420
0.661278
0.661278
0.701546
0.701546
0.582907
0.582907
0.410724
0.410724
0.526623
0.526623
0.544324
0.544324
0.562360
0.562360
0.761482
0.761482
0.502774
0.502774
0.663838
0.663838
0.862883
0.862883
0.685344
0.685344
0.584665
0.584665
0.721833
0.721833
0.725059
0.725059
0.675513
0.675513
0.764097
0.764097
0.590424
0.590424
0.909181
0.909181
0.898906
0.898906
0.659210
0.659210
0.795324
0.795324
0.608184
0.608184
0.699444
0.699444
0.726487
0.726487
1.234775
1.234775
0.887104
0.887104
0.737147
0.737147
0.739471
0.739471
0.832646
0.832646
0.538371
0.538371
0.533882
0.533882
0.949915
0.949915
0.786701
0.786701
0.860424
0.860424
0.869784
0.869784
0.640005
0.640005
0.576130
0.576130
0.601528
0.601528
0.722811
0.722811
0.786958
0.786958
0.667000
0.667000
0.721856
0.721856
0.665806
0.665806
0.705506
0.705506
0.523505
0.523505
0.496900
0.496900
0.861750
0.861750
0.791629
0.791629
0.586698
0.586698
0.891562
0.891562
0.769506
0.769506
0.854824
0.854824
0.641194
0.641194
0.660942
0.660942
0.752209
0.752209
0.647476
0.647476
0.551540
0.551540
0.605198
0.605198
0.505304
0.505304
0.879130
0.879130
0.902935
0.902935
0.700583
0.700583
0.661061
0.661061
0.446802
0.446802
0.658642
0.658642
0.416183
0.416183
0.896518
0.896518
0.553330
0.553330
0.690693
0.690693
0.519105
0.519105
0.816690
0.816690
0.628512
0.628512
0.832321
0.832321
0.635788
0.635788
0.650237
0.650237
0.828624
0.828624
0.474848
0.474848
0.626022
0.626022
0.502462
0.502462
0.593806
0.593806
0.771080
0.771080
0.741787
0.741787
1.090992
1.090992
0.893367
0.893367
1.045276
1.045276
0.592517
0.592517
0.619987
0.619987
0.756971
0.756971
0.684334
0.684334
0.522723
0.522723
0.745408
0.745408
0.807876
0.807876
0.875412
0.875412
0.833680
0.833680
0.571838
0.571838
1.095752
1.095752
0.595911
0.595911
0.708162
0.708162
0.732787
0.732787
0.576538
0.576538
0.770628
0.770628
0.692951
0.692951
0.714079
0.714079
0.698384
0.698384
0.595136
0.595136
0.573090
0.573090
0.609802
0.609802
0.731152
0.731152
0.707758
0.707758
0.601915
0.601915
0.898027
0.898027
0.583619
0.583619
0.708075
0.708075
0.709373
0.709373
0.798401
0.798401
0.687049
0.687049
0.671010
0.671010
0.850865
0.850865
0.905058
0.905058
0.697337
0.697337
0.634796
0.634796
0.742556
0.742556
0.611684
0.611684
0.807742
0.807742
0.693919
0.693919
0.857508
0.857508
0.570718
0.570718
0.669635
0.669635
0.578670
0.578670
0.780002
0.780002
0.958399
0.958399
0.520726
0.520726
0.608930
0.608930
0.752009
0.752009
0.692509
0.692509
0.478395
0.478395
0.768654
0.768654
0.587521
0.587521
0.722649
0.722649
0.756863
0.756863
1.066903
1.066903
0.440311
0.440311
0.564362
0.564362
0.600894
0.600894
0.567397
0.567397
0.946431
0.946431
0.626403
0.626403
0.823254
0.823254
0.984638
0.984638
0.495951
0.495951
0.552417
0.552417
0.732299
0.732299
0.466237
0.466237
0.610900
0.610900
0.582548
0.582548
0.661524
0.661524
0.707175
0.707175
0.565193
0.565193
0.680024
0.680024
0.779055
0.779055
0.550565
0.550565
0.618276
0.618276
0.732926
0.732926
1.000226
1.000226
0.612879
0.612879
0.873259
0.873259
0.597140
0.597140
0.659585
0.659585
0.545653
0.545653
0.846240
0.846240
0.396023
0.396023
0.515751
0.515751
0.782511
0.782511
0.665693
0.665693
0.146619
0.146619
0.642091
0.642091
0.689365
0.689365
0.693214
0.693214
0.697481
0.697481
0.693446
0.693446
0.959981
0.959981
0.663569
0.663569
0.630613
0.630613
0.498832
0.498832
0.796439
0.796439
0.471507
0.471507
0.740084
0.740084
0.610313
0.610313
0.604132
0.604132
0.771035
0.771035
0.783800
0.783800
0.935055
0.935055
0.526231
0.526231
0.639492
0.639492
0.243947
0.243947
0.353822
0.353822
0.611741
0.611741
0.919350
0.919350
0.549348
0.549348
0.686030
0.686030
0.843661
0.843661
0.650123
0.650123
0.579201
0.579201
0.750945
0.750945
0.613132
0.613132
0.725820
0.725820
0.581721
0.581721
0.601800
0.601800
0.529524
0.529524
0.800094
0.800094
0.824333
0.824333
0.690081
0.690081
0.644772
0.644772
0.827229
0.827229
0.769251
0.769251
0.845170
0.845170
0.557820
0.557820
0.786644
0.786644
0.501816
0.501816
0.707943
0.707943
0.716576
0.716576
0.726721
0.726721
0.651580
0.651580
0.802583
0.802583
0.795483
0.795483
0.405328
0.405328
0.667173
0.667173
0.691388
0.691388
0.633370
0.633370
0.609462
0.609462
0.772004
0.772004
0.634942
0.634942
0.859578
0.859578
0.535659
0.535659
1.083884
1.083884
0.680313
0.680313
1.155566
1.155566
0.679486
0.679486
0.706830
0.706830
0.723944
0.723944
0.544382
0.544382
0.710130
0.710130
0.850114
0.850114
0.905812
0.905812
0.769332
0.769332
0.566402
0.566402
0.500181
0.500181
0.538868
0.538868
0.612461
0.612461
0.696089
0.696089
0.702993
0.702993
0.667334
0.667334
0.690174
0.690174
0.565901
0.565901
0.738046
0.738046
0.481525
0.481525
0.708833
0.708833
0.792776
0.792776
0.915793
0.915793
0.864248
0.864248
0.806293
0.806293
0.859485
0.859485
0.694073
0.694073
0.587287
0.587287
0.659625
0.659625
0.774424
0.774424
0.913970
0.913970
0.693272
0.693272
0.686029
0.686029
0.724492
0.724492
0.648955
0.648955
0.633217
0.633217
0.654064
0.654064
0.733118
0.733118
0.521773
0.521773
0.611659
0.611659
1.100535
1.100535
1.082108
1.082108
0.866625
0.866625
0.598142
0.598142
0.644254
0.644254
0.466173
0.466173
0.871973
0.871973
0.784343
0.784343
0.535693
0.535693
0.833961
0.833961
0.738603
0.738603
0.450484
0.450484
0.851693
0.851693
0.701143
0.701143
1.037662
1.037662
0.692396
0.692396
0.604169
0.604169
0.685758
0.685758
0.576306
0.576306
0.583314
0.583314
0.705229
0.705229
0.903960
0.903960
0.913232
0.913232
0.657319
0.657319
0.794339
0.794339
0.583101
0.583101
0.715127
0.715127
0.250556
0.250556
0.775075
0.775075
0.864253
0.864253
0.599394
0.599394
0.681117
0.681117
0.758492
0.758492
0.677251
0.677251
0.689504
0.689504
0.426359
0.426359
0.723864
0.723864
0.651341
0.651341
0.605715
0.605715
0.585351
0.585351
0.563412
0.563412
0.614002
0.614002
0.519711
0.519711
0.652104
0.652104
0.789557
0.789557
0.590692
0.590692
0.561774
0.561774
0.808426
0.808426
0.846943
0.846943
0.758033
0.758033
0.683109
0.683109
0.736819
0.736819
0.740698
0.740698
0.813855
0.813855
0.583295
0.583295
0.818821
0.818821
0.717787
0.717787
0.767040
0.767040
0.735508
0.735508
0.730793
0.730793
0.814083
0.814083
0.860891
0.860891
0.758525
0.758525
0.680107
0.680107
0.653388
0.653388
0.735052
0.735052
0.799060
0.799060
0.843644
0.843644
0.523868
0.523868
0.552582
0.552582
0.370525
0.370525
0.503664
0.503664
0.945123
0.945123
0.636349
0.636349
0.857120
0.857120
0.689861
0.689861
0.791501
0.791501
0.588635
0.588635
0.674080
0.674080
0.442557
0.442557
0.501577
0.501577
0.722967
0.722967
0.646945
0.646945
0.843340
0.843340
0.884183
0.884183
0.725252
0.725252
0.722788
0.722788
0.720074
0.720074
0.941221
0.941221
0.698350
0.698350
0.749038
0.749038
0.852106
0.852106
0.591362
0.591362
0.479197
0.479197
0.815050
0.815050
0.627491
0.627491
0.673465
0.673465
0.526023
0.526023
0.737688
0.737688
0.587790
0.587790
0.574704
0.574704
0.899888
0.899888
0.652543
0.652543
0.553486
0.553486
0.652407
0.652407
0.527799
0.527799
0.728414
0.728414
0.901063
0.901063
0.763008
0.763008
0.636406
0.636406
0.627332
0.627332
0.714365
0.714365
0.741261
0.741261
0.820219
0.820219
0.793854
0.793854
0.774585
0.774585
0.687401
0.687401
0.817375
0.817375
0.821049
0.821049
1.079410
1.079410
1.138654
1.138654
0.631037
0.631037
0.790821
0.790821
0.754232
0.754232
0.736093
0.736093
0.499945
0.499945
0.629003
0.629003
0.787183
0.787183
1.251078
1.251078
1.107814
1.107814
0.839161
0.839161
0.498913
0.498913
0.744927
0.744927
0.515286
0.515286
0.736192
0.736192
0.362653
0.362653
0.412487
0.412487
0.505649
0.505649
0.643747
0.643747
0.956276
0.956276
0.752137
0.752137
0.481168
0.481168
0.827263
0.827263
0.947996
0.947996
0.590928
0.590928
0.727439
0.727439
0.840303
0.840303
0.900677
0.900677
0.580686
0.580686
0.649002
0.649002
0.549279
0.549279
0.434376
0.434376
0.591358
0.591358
0.719844
0.719844
0.842049
0.842049
1.031511
1.031511
1.152043
1.152043
0.570346
0.570346
0.935031
0.935031
0.622443
0.622443
0.782494
0.782494
0.819879
0.819879
0.577924
0.577924
0.615998
0.615998
0.800574
0.800574
0.756134
0.756134
0.763496
0.763496
0.464724
0.464724
0.442298
0.442298
0.505863
0.505863
0.384581
0.384581
0.459460
0.459460
0.504757
0.504757
0.645276
0.645276
0.706291
0.706291
0.843595
0.843595
0.683734
0.683734
0.599647
0.599647
0.714366
0.714366
0.669709
0.669709
0.793619
0.793619
0.494949
0.494949
0.410263
0.410263
0.573127
0.573127
0.815422
0.815422
0.590845
0.590845
1.002036
1.002036
0.537845
0.537845
0.469300
0.469300
0.600894
0.600894
0.673560
0.673560
0.892328
0.892328
0.694398
0.694398
0.483035
0.483035
0.599805
0.599805
0.632055
0.632055
0.629133
0.629133
0.884610
0.884610
0.658029
0.658029
0.599796
0.599796
0.575142
0.575142
0.825136
0.825136
0.384640
0.384640
0.693660
0.693660
0.672744
0.672744
0.652357
0.652357
0.774404
0.774404
1.127593
1.127593
0.833950
0.833950
0.643333
0.643333
0.782340
0.782340
0.992759
0.992759
0.825159
0.825159
0.927549
0.927549
0.645646
0.645646
0.627079
0.627079
0.478001
0.478001
0.918263
0.918263
0.613050
0.613050
0.758398
0.758398
0.881512
0.881512
1.085568
1.085568
0.629509
0.629509
0.556579
0.556579
0.940664
0.940664
0.776474
0.776474
0.812279
0.812279
0.835413
0.835413
0.487771
0.487771
0.499564
0.499564
0.521564
0.521564
0.924299
0.924299
0.813030
0.813030
0.852797
0.852797
0.842657
0.842657
0.578648
0.578648
0.527389
0.527389
0.627665
0.627665
0.857314
0.857314
0.729920
0.729920
0.490261
0.490261
0.691421
0.691421
0.510025
0.510025
0.745727
0.745727
0.525287
0.525287
0.520168
0.520168
0.618969
0.618969
0.575698
0.575698
0.665192
0.665192
0.709542
0.709542
1.007128
1.007128
0.769249
0.769249
0.670850
0.670850
1.213984
1.213984
0.928661
0.928661
0.779076
0.779076
0.692270
0.692270
0.862551
0.862551
0.504936
0.504936
0.652853
0.652853
0.774037
0.774037
0.638050
0.638050
0.781181
0.781181
0.794614
0.794614
1.069486
1.069486
0.599858
0.599858
0.445827
0.445827
0.325024
0.325024
0.750488
0.750488
0.833233
0.833233
0.830198
0.830198
0.985570
0.985570
0.852389
0.852389
0.886508
0.886508
1.020690
1.020690
0.773067
0.773067
0.273997
0.273997
0.750943
0.750943
0.703999
0.703999
0.697674
0.697674
0.629943
0.629943
0.559678
0.559678
0.885064
0.885064
0.711239
0.711239
0.473719
0.473719
0.502151
0.502151
0.705290
0.705290
0.522467
0.522467
0.523942
0.523942
0.850894
0.850894
0.778198
0.778198
0.435705
0.435705
0.821609
0.821609
0.697200
0.697200
0.925607
0.925607
0.687370
0.687370
0.637951
0.637951
0.611088
0.611088
0.865211
0.865211
0.713193
0.713193
0.783061
0.783061
0.543936
0.543936
0.603508
0.603508
0.666911
0.666911
0.431590
0.431590
0.758866
0.758866
0.527539
0.527539
0.559513
0.559513
1.067558
1.067558
0.836797
0.836797
0.512503
0.512503
0.877165
0.877165
0.583266
0.583266
0.626925
0.626925
0.551214
0.551214
0.704231
0.704231
0.603043
0.603043
0.631591
0.631591
0.793581
0.793581
0.556525
0.556525
0.618080
0.618080
0.702312
0.702312
0.741568
0.741568
0.819676
0.819676
0.603368
0.603368
0.962495
0.962495
0.611027
0.611027
0.551077
0.551077
0.660076
0.660076
0.649460
0.649460
0.585730
0.585730
0.692192
0.692192
0.828664
0.828664
0.401139
0.401139
0.639204
0.639204
0.848443
0.848443
0.584400
0.584400
0.724881
0.724881
0.692808
0.692808
0.732692
0.732692
0.568819
0.568819
0.737508
0.737508
0.658697
0.658697
0.755335
0.755335
0.637647
0.637647
0.522820
0.522820
0.829348
0.829348
0.399181
0.399181
0.702130
0.702130
0.719435
0.719435
0.666532
0.666532
0.690377
0.690377
0.547346
0.547346
0.696941
0.696941
0.459009
0.459009
0.578475
0.578475
0.855362
0.855362
0.710306
0.710306
0.842753
0.842753
0.482434
0.482434
0.979542
0.979542
0.731045
0.731045
0.776504
0.776504
0.798853
0.798853
0.437899
0.437899
0.738455
0.738455
0.601322
0.601322
0.616416
0.616416
0.998537
0.998537
0.539262
0.539262
0.797269
0.797269
0.506030
0.506030
0.824761
0.824761
0.436800
0.436800
0.719982
0.719982
0.868783
0.868783
0.803731
0.803731
0.683769
0.683769
0.897844
0.897844
0.651475
0.651475
0.597171
0.597171
0.662674
0.662674
0.869593
0.869593
0.499965
0.499965
0.740801
0.740801
0.702449
0.702449
0.765376
0.765376
0.603079
0.603079
0.540344
0.540344
0.705049
0.705049
0.726298
0.726298
0.707096
0.707096
0.680874
0.680874
0.656810
0.656810
0.592845
0.592845
0.562377
0.562377
0.632167
0.632167
0.645659
0.645659
0.640387
0.640387
0.850189
0.850189
0.704991
0.704991
0.782845
0.782845
0.797286
0.797286
0.636145
0.636145
0.709189
0.709189
0.372135
0.372135
0.667680
0.667680
0.893620
0.893620
0.691515
0.691515
0.547782
0.547782
0.803519
0.803519
0.823179
0.823179
0.716060
0.716060
0.488545
0.488545
2.608581
2.608581
0.998831
0.998831
0.701128
0.701128
0.494532
0.494532
0.762383
0.762383
0.527290
0.527290
0.704451
0.704451
1.074260
1.074260
0.733812
0.733812
0.696117
0.696117
0.845076
0.845076
0.557110
0.557110
0.609051
0.609051
0.436132
0.436132
0.552581
0.552581
0.768990
0.768990
0.524822
0.524822
0.713125
0.713125
0.570555
0.570555
0.767894
0.767894
0.682782
0.682782
0.755242
0.755242
0.873014
0.873014
0.539587
0.539587
0.669092
0.669092
0.466540
0.466540
0.723537
0.723537
0.444082
0.444082
0.646941
0.646941
0.651533
0.651533
0.800385
0.800385
0.793720
0.793720
0.555051
0.555051
0.580713
0.580713
0.536189
0.536189
0.489789
0.489789
0.488740
0.488740
0.805743
0.805743
0.826277
0.826277
0.573713
0.573713
0.964743
0.964743
0.631202
0.631202
0.513521
0.513521
0.545477
0.545477
0.871487
0.871487
0.578300
0.578300
0.802909
0.802909
0.727424
0.727424
0.855218
0.855218
0.640987
0.640987
0.493464
0.493464
1.143832
1.143832
0.714731
0.714731
0.782248
0.782248
0.469318
0.469318
0.555963
0.555963
0.709309
0.709309
0.868904
0.868904
0.748732
0.748732
0.577688
0.577688
0.661331
0.661331
0.740198
0.740198
0.846569
0.846569
0.672804
0.672804
0.629739
0.629739
0.612091
0.612091
0.548024
0.548024
0.578105
0.578105
0.778175
0.778175
0.541009
0.541009
0.539810
0.539810
0.886461
0.886461
0.618263
0.618263
0.580671
0.580671
0.606477
0.606477
0.583374
0.583374
0.823113
0.823113
0.865368
0.865368
0.712212
0.712212
0.644459
0.644459
0.691340
0.691340
0.653518
0.653518
0.870324
0.870324
0.669210
0.669210
0.791352
0.791352
1.012531
1.012531
1.102292
1.102292
0.527987
0.527987
0.515931
0.515931
0.687475
0.687475
0.608127
0.608127
0.587121
0.587121
0.676685
0.676685
0.620962
0.620962
0.637611
0.637611
0.704093
0.704093
0.656952
0.656952
0.794911
0.794911
0.378854
0.378854
0.443752
0.443752
0.585915
0.585915
0.757373
0.757373
0.652678
0.652678
0.410694
0.410694
0.928639
0.928639
0.392984
0.392984
0.626510
0.626510
0.683719
0.683719
0.878759
0.878759
0.673818
0.673818
0.726705
0.726705
0.696621
0.696621
0.667855
0.667855
0.725616
0.725616
0.536471
0.536471
0.555102
0.555102
0.525001
0.525001
0.586745
0.586745
0.591176
0.591176
0.804379
0.804379
0.743670
0.743670
0.827253
0.827253
0.881771
0.881771
0.815642
0.815642
0.977152
0.977152
0.880993
0.880993
0.429540
0.429540
0.666500
0.666500
0.594643
0.594643
0.806283
0.806283
0.572856
0.572856
0.559315
0.559315
0.906775
0.906775
0.873922
0.873922
0.935929
0.935929
0.662505
0.662505
0.439421
0.439421
0.542880
0.542880
0.525259
0.525259
0.583456
0.583456
0.801628
0.801628
0.772909
0.772909
0.743116
0.743116
0.603177
0.603177
0.506703
0.506703
0.326377
0.326377
0.842702
0.842702
0.660831
0.660831
0.539677
0.539677
0.697959
0.697959
0.686913
0.686913
0.885813
0.885813
0.593962
0.593962
0.572418
0.572418
0.725505
0.725505
0.659596
0.659596
0.508836
0.508836
0.613762
0.613762
0.452009
0.452009
0.600911
0.600911
0.586534
0.586534
0.869736
0.869736
0.693415
0.693415
0.604659
0.604659
0.458724
0.458724
0.688427
0.688427
0.594342
0.594342
0.871802
0.871802
0.652915
0.652915
0.579534
0.579534
1.032333
1.032333
0.908138
0.908138
0.560776
0.560776
0.510858
0.510858
0.706390
0.706390
0.590292
0.590292
0.372411
0.372411
0.737725
0.737725
0.650071
0.650071
0.848639
0.848639
0.648525
0.648525
0.700752
0.700752
0.769929
0.769929
0.808795
0.808795
0.578336
0.578336
0.662727
0.662727
0.427122
0.427122
0.855378
0.855378
0.586384
0.586384
0.812846
0.812846
0.965624
0.965624
0.731795
0.731795
0.651592
0.651592
0.448008
0.448008
0.687913
0.687913
0.626867
0.626867
0.776442
0.776442
0.745555
0.745555
0.866849
0.866849
0.803832
0.803832
0.839896
0.839896
0.596635
0.596635
0.712769
0.712769
0.584231
0.584231
0.701281
0.701281
0.463472
0.463472
0.508500
0.508500
0.926483
0.926483
0.681159
0.681159
0.611219
0.611219
0.847470
0.847470
0.579747
0.579747
0.783266
0.783266
0.863825
0.863825
0.747794
0.747794
0.821120
0.821120
0.445203
0.445203
0.463556
0.463556
0.785841
0.785841
1.028548
1.028548
0.674725
0.674725
0.819534
0.819534
0.626170
0.626170
0.767415
0.767415
0.635331
0.635331
0.749151
0.749151
0.672202
0.672202
0.655806
0.655806
0.750088
0.750088
0.688737
0.688737
0.621253
0.621253
0.735008
0.735008
1.086177
1.086177
0.749433
0.749433
0.538880
0.538880
0.750183
0.750183
0.630871
0.630871
0.446270
0.446270
0.923175
0.923175
0.758999
0.758999
0.807343
0.807343
0.835760
0.835760
0.740984
0.740984
0.588879
0.588879
0.598513
0.598513
0.639578
0.639578
0.588448
0.588448
0.756280
0.756280
0.605899
0.605899
0.478174
0.478174
0.747923
0.747923
0.832143
0.832143
0.824878
0.824878
0.542971
0.542971
0.742474
0.742474
0.629118
0.629118
0.836969
0.836969
0.411952
0.411952
0.651121
0.651121
0.988567
0.988567
0.697205
0.697205
0.618323
0.618323
0.582716
0.582716
0.714851
0.714851
0.795338
0.795338
0.751111
0.751111
0.768442
0.768442
0.496379
0.496379
0.679323
0.679323
0.759036
0.759036
0.702271
0.702271
0.594612
0.594612
0.689365
0.689365
0.671183
0.671183
0.606485
0.606485
0.843030
0.843030
0.798344
0.798344
0.836405
0.836405
0.541959
0.541959
0.536401
0.536401
0.559483
0.559483
0.557854
0.557854
0.950890
0.950890
0.429161
0.429161
0.587107
0.587107
0.649597
0.649597
0.652109
0.652109
0.635649
0.635649
0.713102
0.713102
0.565309
0.565309
0.513087
0.513087
0.515575
0.515575
0.613339
0.613339
0.588768
0.588768
0.885925
0.885925
0.595514
0.595514
0.891624
0.891624
0.776559
0.776559
0.641838
0.641838
0.830761
0.830761
0.533162
0.533162
0.747836
0.747836
0.609043
0.609043
0.736408
0.736408
0.710630
0.710630
0.659496
0.659496
0.654114
0.654114
0.925030
0.925030
0.851644
0.851644
0.551014
0.551014
0.503183
0.503183
0.735790
0.735790
0.762255
0.762255
0.516511
0.516511
0.542278
0.542278
0.699624
0.699624
0.390993
0.390993
0.883491
0.883491
0.401196
0.401196
0.802993
0.802993
0.861506
0.861506
0.606294
0.606294
0.440744
0.440744
0.474813
0.474813
0.512881
0.512881
0.559180
0.559180
0.776360
0.776360
0.593265
0.593265
0.696337
0.696337
0.603863
0.603863
0.542420
0.542420
0.417565
0.417565
0.683585
0.683585
0.965973
0.965973
0.452675
0.452675
0.784106
0.784106
0.724661
0.724661
0.922193
0.922193
0.871195
0.871195
0.660952
0.660952
0.644550
0.644550
0.667668
0.667668
0.925007
0.925007
0.597373
0.597373
0.635668
0.635668
0.608499
0.608499
0.647572
0.647572
0.894215
0.894215
0.862455
0.862455
0.513804
0.513804
0.478524
0.478524
0.689605
0.689605
0.530223
0.530223
0.631702
0.631702
0.517678
0.517678
0.856508
0.856508
0.549351
0.549351
0.607881
0.607881
0.552912
0.552912
0.615687
0.615687
0.761088
0.761088
0.601589
0.601589
0.507248
0.507248
0.909633
0.909633
1.083914
1.083914
0.495390
0.495390
0.661284
0.661284
0.811282
0.811282
0.631587
0.631587
0.477121
0.477121
0.547546
0.547546
0.663958
0.663958
0.572108
0.572108
0.606323
0.606323
0.713747
0.713747
0.663370
0.663370
0.974190
0.974190
0.980692
0.980692
0.516448
0.516448
0.754815
0.754815
0.572602
0.572602
0.520058
0.520058
0.616498
0.616498
0.579944
0.579944
0.669135
0.669135
1.134577
1.134577
0.599255
0.599255
0.376279
0.376279
0.692970
0.692970
0.622897
0.622897
0.726079
0.726079
0.520082
0.520082
0.524565
0.524565
0.629339
0.629339
0.919857
0.919857
0.720205
0.720205
0.752300
0.752300
0.695325
0.695325
0.607893
0.607893
0.613857
0.613857
0.451970
0.451970
0.813911
0.813911
0.825617
0.825617
0.389521
0.389521
0.945465
0.945465
0.643863
0.643863
0.632590
0.632590
0.701230
0.701230
0.599928
0.599928
0.655884
0.655884
0.499576
0.499576
0.625454
0.625454
0.594309
0.594309
0.493773
0.493773
0.610488
0.610488
0.873582
0.873582
0.840539
0.840539
0.794829
0.794829
0.827196
0.827196
0.574655
0.574655
0.655118
0.655118
0.361827
0.361827
0.612372
0.612372
0.889497
0.889497
0.587316
0.587316
0.696703
0.696703
0.701807
0.701807
0.662260
0.662260
0.762016
0.762016
0.537584
0.537584
0.588691
0.588691
0.670762
0.670762
0.567017
0.567017
0.416598
0.416598
0.611929
0.611929
0.437702
0.437702
0.944897
0.944897
0.851639
0.851639
0.802016
0.802016
0.746331
0.746331
0.697407
0.697407
0.489788
0.489788
0.564841
0.564841
0.496602
0.496602
0.505867
0.505867
0.843945
0.843945
0.497529
0.497529
0.800730
0.800730
0.585258
0.585258
0.713009
0.713009
0.610488
0.610488
0.531515
0.531515
0.827695
0.827695
0.494701
0.494701
0.773736
0.773736
0.641445
0.641445
0.954585
0.954585
0.718713
0.718713
0.746881
0.746881
0.538603
0.538603
0.701420
0.701420
0.598411
0.598411
0.593299
0.593299
0.839653
0.839653
0.576060
0.576060
0.875744
0.875744
0.561242
0.561242
0.476847
0.476847
0.667630
0.667630
0.695060
0.695060
0.846247
0.846247
0.492750
0.492750
0.896780
0.896780
0.606953
0.606953
0.593161
0.593161
0.373930
0.373930
0.618129
0.618129
0.644448
0.644448
0.706897
0.706897
0.574212
0.574212
0.644659
0.644659
0.400242
0.400242
0.726707
0.726707
0.611103
0.611103
1.085108
1.085108
0.691786
0.691786
1.186332
1.186332
0.672739
0.672739
0.675036
0.675036
0.743095
0.743095
0.609843
0.609843
0.743976
0.743976
0.452668
0.452668
0.654854
0.654854
0.539232
0.539232
0.628176
0.628176
0.784151
0.784151
0.644839
0.644839
0.885580
0.885580
0.529546
0.529546
0.741689
0.741689
0.696661
0.696661
0.670345
0.670345
0.458944
0.458944
0.623899
0.623899
0.576974
0.576974
0.540034
0.540034
0.588646
0.588646
1.059360
1.059360
0.728291
0.728291
0.584955
0.584955
0.631108
0.631108
0.983134
0.983134
0.635182
0.635182
0.778241
0.778241
0.578944
0.578944
0.902228
0.902228
0.504803
0.504803
0.643947
0.643947
0.512466
0.512466
0.813934
0.813934
0.606200
0.606200
0.539901
0.539901
0.620508
0.620508
0.581823
0.581823
0.556790
0.556790
0.769385
0.769385
0.851604
0.851604
0.679741
0.679741
0.752587
0.752587
0.726310
0.726310
0.711809
0.711809
0.875744
0.875744
0.755146
0.755146
0.705676
0.705676
0.500881
0.500881
0.469179
0.469179
0.506366
0.506366
0.498870
0.498870
0.536388
0.536388
0.574973
0.574973
0.716394
0.716394
0.686630
0.686630
0.708852
0.708852
0.451445
0.451445
0.512612
0.512612
0.679009
0.679009
0.472903
0.472903
0.657725
0.657725
0.822187
0.822187
0.929814
0.929814
0.606130
0.606130
0.650372
0.650372
1.056338
1.056338
0.679493
0.679493
0.661703
0.661703
0.746143
0.746143
0.574289
0.574289
0.518976
0.518976
0.607731
0.607731
0.841573
0.841573
0.579962
0.579962
0.522524
0.522524
0.735097
0.735097
0.510719
0.510719
0.969067
0.969067
1.073440
1.073440
0.737382
0.737382
0.496389
0.496389
0.525165
0.525165
0.851259
0.851259
0.563413
0.563413
0.451999
0.451999
0.587253
0.587253
0.670382
0.670382
0.645443
0.645443
0.583119
0.583119
0.811693
0.811693
0.525679
0.525679
0.509178
0.509178
0.673872
0.673872
0.684554
0.684554
0.480241
0.480241
0.581871
0.581871
0.842396
0.842396
0.674790
0.674790
0.440380
0.440380
0.692236
0.692236
0.870456
0.870456
0.767227
0.767227
0.615910
0.615910
0.742406
0.742406
0.897095
0.897095
0.795105
0.795105
0.857217
0.857217
0.692938
0.692938
0.769302
0.769302
0.740949
0.740949
0.696602
0.696602
0.685817
0.685817
0.543311
0.543311
0.722961
0.722961
0.439628
0.439628
0.443809
0.443809
0.674808
0.674808
0.962601
0.962601
0.681377
0.681377
0.673254
0.673254
0.846144
0.846144
0.683725
0.683725
0.504905
0.504905
0.777813
0.777813
0.554424
0.554424
0.457040
0.457040
0.779175
0.779175
0.524953
0.524953
0.489141
0.489141
0.585771
0.585771
0.482011
0.482011
0.830769
0.830769
0.587856
0.587856
1.014419
1.014419
0.719641
0.719641
0.448115
0.448115
0.556733
0.556733
0.461979
0.461979
0.601668
0.601668
0.630298
0.630298
0.666319
0.666319
0.484297
0.484297
0.795430
0.795430
0.886488
0.886488
1.021117
1.021117
0.869130
0.869130
0.760523
0.760523
0.496352
0.496352
0.499871
0.499871
0.504928
0.504928
0.557294
0.557294
0.779420
0.779420
0.698650
0.698650
0.534995
0.534995
0.796905
0.796905
0.647513
0.647513
0.433470
0.433470
0.524147
0.524147
0.699141
0.699141
0.737595
0.737595
0.646773
0.646773
0.800641
0.800641
0.775906
0.775906
0.791458
0.791458
0.594115
0.594115
0.369299
0.369299
0.524669
0.524669
0.510690
0.510690
0.612009
0.612009
0.825569
0.825569
0.745821
0.745821
0.985068
0.985068
0.734102
0.734102
0.790944
0.790944
0.685993
0.685993
0.750761
0.750761
0.531443
0.531443
0.619563
0.619563
0.533764
0.533764
0.415072
0.415072
0.807195
0.807195
0.643180
0.643180
0.748592
0.748592
0.623053
0.623053
0.541061
0.541061
0.647410
0.647410
0.665051
0.665051
0.670932
0.670932
0.409923
0.409923
0.679034
0.679034
0.811116
0.811116
0.620848
0.620848
0.841235
0.841235
0.755566
0.755566
0.799107
0.799107
0.387591
0.387591
0.522156
0.522156
0.578803
0.578803
0.654681
0.654681
0.700433
0.700433
0.737290
0.737290
0.683281
0.683281
0.376617
0.376617
0.955476
0.955476
0.463095
0.463095
0.793994
0.793994
0.767265
0.767265
0.596392
0.596392
0.474727
0.474727
0.489232
0.489232
0.790023
0.790023
0.793226
0.793226
0.908328
0.908328
0.410034
0.410034
0.566762
0.566762
0.581203
0.581203
0.631003
0.631003
0.483040
0.483040
0.818904
0.818904
0.462701
0.462701
0.498241
0.498241
0.814272
0.814272
0.610484
0.610484
0.843029
0.843029
0.415906
0.415906
0.628396
0.628396
0.925434
0.925434
0.655397
0.655397
0.738199
0.738199
0.555934
0.555934
0.653174
0.653174
0.577656
0.577656
0.676206
0.676206
0.791915
0.791915
0.640825
0.640825
0.699121
0.699121
0.698387
0.698387
0.630062
0.630062
0.516442
0.516442
0.572346
0.572346
0.821392
0.821392
0.718648
0.718648
0.540453
0.540453
0.458770
0.458770
0.808109
0.808109
0.790133
0.790133
0.559385
0.559385
0.668564
0.668564
0.723442
0.723442
0.559598
0.559598
0.495957
0.495957
0.893735
0.893735
0.456044
0.456044
0.518680
0.518680
0.669988
0.669988
0.502520
0.502520
0.606362
0.606362
0.611242
0.611242
0.781133
0.781133
0.654083
0.654083
0.696952
0.696952
0.567264
0.567264
0.677661
0.677661
0.587075
0.587075
0.491149
0.491149
0.776515
0.776515
0.650391
0.650391
0.729544
0.729544
0.587800
0.587800
0.744219
0.744219
0.557213
0.557213
1.122219
1.122219
0.663204
0.663204
0.799777
0.799777
0.743530
0.743530
0.394243
0.394243
0.926749
0.926749
0.425606
0.425606
0.729522
0.729522
0.678468
0.678468
0.601339
0.601339
0.607511
0.607511
0.556444
0.556444
0.827600
0.827600
0.466765
0.466765
0.745477
0.745477
0.862139
0.862139
0.827436
0.827436
0.805918
0.805918
0.751212
0.751212
0.583830
0.583830
0.682156
0.682156
0.425385
0.425385
0.431321
0.431321
0.637042
0.637042
0.610534
0.610534
0.552193
0.552193
0.620237
0.620237
0.739410
0.739410
0.693574
0.693574
0.576114
0.576114
0.716000
0.716000
0.607503
0.607503
0.527908
0.527908
0.773352
0.773352
0.573207
0.573207
0.497478
0.497478
0.731671
0.731671
0.807675
0.807675
0.653503
0.653503
0.629414
0.629414
0.458488
0.458488
1.249326
1.249326
0.559626
0.559626
1.118132
1.118132
0.590841
0.590841
0.665314
0.665314
0.829704
0.829704
0.459396
0.459396
0.856833
0.856833
0.675866
0.675866
0.657946
0.657946
0.438457
0.438457
0.584447
0.584447
0.951603
0.951603
0.740936
0.740936
0.443430
0.443430
0.535218
0.535218
0.619078
0.619078
0.778036
0.778036
0.675485
0.675485
0.573439
0.573439
0.516290
0.516290
0.416683
0.416683
0.590095
0.590095
0.336451
0.336451
0.695434
0.695434
0.700385
0.700385
0.602680
0.602680
0.615098
0.615098
0.608950
0.608950
0.781685
0.781685
0.734151
0.734151
0.767657
0.767657
0.465266
0.465266
0.808530
0.808530
0.537366
0.537366
0.610127
0.610127
0.791080
0.791080
0.721880
0.721880
0.564292
0.564292
0.593284
0.593284
0.601397
0.601397
0.781834
0.781834
0.526636
0.526636
0.761135
0.761135
0.718483
0.718483
0.529912
0.529912
0.795749
0.795749
0.777226
0.777226
0.817369
0.817369
0.708030
0.708030
0.794276
0.794276
0.661129
0.661129
0.672174
0.672174
0.584378
0.584378
0.795828
0.795828
0.766721
0.766721
0.699035
0.699035
0.826308
0.826308
0.696180
0.696180
0.744788
0.744788
0.731368
0.731368
0.624899
0.624899
0.598219
0.598219
0.461158
0.461158
0.520810
0.520810
0.544871
0.544871
0.635295
0.635295
0.569200
0.569200
0.946511
0.946511
0.620412
0.620412
0.841195
0.841195
0.575334
0.575334
0.436205
0.436205
0.486381
0.486381
0.733372
0.733372
0.706842
0.706842
0.530128
0.530128
0.795607
0.795607
0.511186
0.511186
0.756694
0.756694
0.453404
0.453404
0.710079
0.710079
1.327588
1.327588
0.704902
0.704902
0.388048
0.388048
0.489910
0.489910
0.614518
0.614518
0.698655
0.698655
0.324518
0.324518
0.874027
0.874027
0.563904
0.563904
0.607344
0.607344
0.627860
0.627860
0.401734
0.401734
0.436449
0.436449
0.857015
0.857015
0.878621
0.878621
0.778994
0.778994
0.643832
0.643832
0.563461
0.563461
0.450448
0.450448
0.424825
0.424825
0.625521
0.625521
0.551106
0.551106
0.760584
0.760584
0.502308
0.502308
0.617424
0.617424
0.674675
0.674675
0.680466
0.680466
0.667071
0.667071
0.645843
0.645843
0.742364
0.742364
0.579719
0.579719
0.662032
0.662032
0.469450
0.469450
0.484444
0.484444
0.585208
0.585208
0.869080
0.869080
0.839142
0.839142
0.926293
0.926293
0.615268
0.615268
0.591925
0.591925
0.552213
0.552213
0.486353
0.486353
0.370647
0.370647
0.856575
0.856575
0.799312
0.799312
0.996145
0.996145
0.663599
0.663599
0.654801
0.654801
0.566666
0.566666
0.426823
0.426823
0.561931
0.561931
0.543934
0.543934
0.465445
0.465445
0.781064
0.781064
0.782250
0.782250
0.887836
0.887836
0.821157
0.821157
0.648120
0.648120
0.569999
0.569999
0.593324
0.593324
0.635431
0.635431
0.803592
0.803592
0.759736
0.759736
0.501236
0.501236
0.614935
0.614935
0.531312
0.531312
0.612530
0.612530
0.948599
0.948599
0.723301
0.723301
0.509264
0.509264
0.528539
0.528539
0.816973
0.816973
0.575546
0.575546
0.497228
0.497228
0.550072
0.550072
0.510237
0.510237
0.945691
0.945691
0.699863
0.699863
0.466179
0.466179
0.758737
0.758737
0.715233
0.715233
0.428712
0.428712
0.624289
0.624289
0.639638
0.639638
0.636336
0.636336
0.667799
0.667799
0.772481
0.772481
0.583009
0.583009
0.712778
0.712778
0.555815
0.555815
0.524289
0.524289
0.676407
0.676407
0.918899
0.918899
0.542347
0.542347
0.810840
0.810840
0.788758
0.788758
0.586534
0.586534
0.636320
0.636320
0.519333
0.519333
0.654251
0.654251
0.731093
0.731093
0.561262
0.561262
0.524011
0.524011
0.644503
0.644503
0.659748
0.659748
0.840715
0.840715
0.749310
0.749310
0.858468
0.858468
0.486517
0.486517
0.752619
0.752619
0.579488
0.579488
0.495205
0.495205
0.507895
0.507895
0.896028
0.896028
0.759430
0.759430
0.687546
0.687546
0.892022
0.892022
0.708892
0.708892
0.772870
0.772870
0.771513
0.771513
0.583640
0.583640
0.587228
0.587228
0.541523
0.541523
0.551968
0.551968
0.568103
0.568103
0.784916
0.784916
0.638379
0.638379
0.940301
0.940301
0.782861
0.782861
0.835109
0.835109
0.729840
0.729840
0.539629
0.539629
0.790919
0.790919
0.506134
0.506134
0.746982
0.746982
0.682686
0.682686
0.677549
0.677549
0.423714
0.423714
0.937252
0.937252
0.563506
0.563506
0.587431
0.587431
0.703040
0.703040
0.580762
0.580762
0.734521
0.734521
0.829688
0.829688
0.603672
0.603672
0.524607
0.524607
0.603355
0.603355
0.497807
0.497807
0.522772
0.522772
0.394432
0.394432
0.547551
0.547551
0.753603
0.753603
0.873410
0.873410
0.524916
0.524916
0.490271
0.490271
0.342206
0.342206
0.985676
0.985676
0.493279
0.493279
0.628525
0.628525
0.739416
0.739416
0.742406
0.742406
0.474309
0.474309
0.807371
0.807371
0.662299
0.662299
0.644868
0.644868
0.471841
0.471841
0.593434
0.593434
0.712722
0.712722
0.682637
0.682637
0.795438
0.795438
0.600567
0.600567
0.657392
0.657392
0.644224
0.644224
0.497657
0.497657
0.572607
0.572607
0.543101
0.543101
0.559913
0.559913
0.777061
0.777061
0.697787
0.697787
0.737676
0.737676
0.794632
0.794632
0.734631
0.734631
0.617862
0.617862
0.459721
0.459721
0.315323
0.315323
0.498846
0.498846
0.488667
0.488667
0.632359
0.632359
0.652194
0.652194
0.535155
0.535155
0.566398
0.566398
0.532876
0.532876
0.663491
0.663491
0.642862
0.642862
0.558556
0.558556
0.644082
0.644082
0.701292
0.701292
0.549040
0.549040
0.769279
0.769279
0.637159
0.637159
0.597220
0.597220
0.576019
0.576019
0.678061
0.678061
0.603143
0.603143
0.546092
0.546092
0.495077
0.495077
0.507790
0.507790
0.777238
0.777238
0.738432
0.738432
0.574555
0.574555
0.664874
0.664874
0.734964
0.734964
0.892298
0.892298
0.509191
0.509191
0.651792
0.651792
0.577744
0.577744
0.454931
0.454931
0.617448
0.617448
0.648180
0.648180
0.833853
0.833853
0.781176
0.781176
0.708963
0.708963
0.765180
0.765180
0.643116
0.643116
0.635381
0.635381
0.470230
0.470230
0.649910
0.649910
0.511582
0.511582
0.607413
0.607413
0.642891
0.642891
0.708735
0.708735
0.638284
0.638284
0.570450
0.570450
0.906611
0.906611
0.481964
0.481964
0.486101
0.486101
0.667229
0.667229
0.578179
0.578179
0.588001
0.588001
0.504116
0.504116
0.597251
0.597251
0.703986
0.703986
0.642206
0.642206
0.900787
0.900787
0.540358
0.540358
0.376005
0.376005
0.689301
0.689301
0.485795
0.485795
0.723029
0.723029
0.956202
0.956202
0.452954
0.452954
0.405706
0.405706
0.609522
0.609522
0.876662
0.876662
0.623212
0.623212
0.668488
0.668488
0.604327
0.604327
0.605522
0.605522
0.680375
0.680375
0.675088
0.675088
0.521770
0.521770
0.539775
0.539775
0.630590
0.630590
0.532641
0.532641
1.013766
1.013766
0.716217
0.716217
1.177633
1.177633
0.687858
0.687858
0.648232
0.648232
0.655614
0.655614
0.752012
0.752012
0.385379
0.385379
0.726969
0.726969
0.682394
0.682394
0.552499
0.552499
0.607332
0.607332
0.947277
0.947277
0.961036
0.961036
0.915864
0.915864
0.546222
0.546222
0.719851
0.719851
0.666780
0.666780
0.437185
0.437185
0.811899
0.811899
0.427837
0.427837
0.575721
0.575721
0.657017
0.657017
0.555784
0.555784
0.642583
0.642583
0.521582
0.521582
0.593961
0.593961
0.664074
0.664074
0.761549
0.761549
0.485380
0.485380
0.601686
0.601686
0.910514
0.910514
0.770106
0.770106
0.585670
0.585670
1.088779
1.088779
0.523539
0.523539
0.757373
0.757373
0.506509
0.506509
0.803965
0.803965
0.656152
0.656152
0.522795
0.522795
0.651030
0.651030
0.664216
0.664216
0.406503
0.406503
0.902177
0.902177
0.864690
0.864690
0.722402
0.722402
0.693712
0.693712
0.678410
0.678410
0.821440
0.821440
0.613651
0.613651
0.618947
0.618947
0.638914
0.638914
0.551139
0.551139
0.491502
0.491502
0.812822
0.812822
0.604428
0.604428
0.472242
0.472242
0.810105
0.810105
0.690953
0.690953
1.203083
1.203083
0.601723
0.601723
0.709179
0.709179
0.527615
0.527615
0.448881
0.448881
0.623555
0.623555
0.458117
0.458117
0.475711
0.475711
0.464235
0.464235
0.492112
0.492112
0.472965
0.472965
0.915113
0.915113
0.839168
0.839168
0.655968
0.655968
0.513648
0.513648
0.487708
0.487708
0.832855
0.832855
0.692127
0.692127
0.444616
0.444616
0.657193
0.657193
0.778017
0.778017
0.811362
0.811362
0.674759
0.674759
0.566511
0.566511
0.740959
0.740959
0.591171
0.591171
0.866406
0.866406
0.586256
0.586256
0.677553
0.677553
0.367399
0.367399
0.562764
0.562764
0.593809
0.593809
0.722018
0.722018
0.763881
0.763881
0.503239
0.503239
0.705788
0.705788
0.853922
0.853922
0.552781
0.552781
0.594616
0.594616
0.736653
0.736653
0.548778
0.548778
0.657008
0.657008
0.865428
0.865428
0.799467
0.799467
0.556473
0.556473
0.726189
0.726189
0.532486
0.532486
0.598112
0.598112
0.610693
0.610693
0.534700
0.534700
0.979988
0.979988
0.543015
0.543015
0.476917
0.476917
0.474795
0.474795
0.538383
0.538383
0.772092
0.772092
0.693665
0.693665
0.851677
0.851677
0.775233
0.775233
0.725026
0.725026
0.628710
0.628710
0.857744
0.857744
0.559066
0.559066
0.481559
0.481559
0.457974
0.457974
0.645019
0.645019
0.572698
0.572698
0.604853
0.604853
0.599375
0.599375
0.554183
0.554183
0.512710
0.512710
0.567635
0.567635
0.787963
0.787963
0.697597
0.697597
0.656184
0.656184
0.636568
0.636568
0.719922
0.719922
0.794505
0.794505
0.328943
0.328943
0.481376
0.481376
0.825805
0.825805
0.704283
0.704283
0.645590
0.645590
0.476174
0.476174
0.626719
0.626719
0.713443
0.713443
0.560387
0.560387
0.521001
0.521001
0.624557
0.624557
0.589497
0.589497
0.436366
0.436366
0.538526
0.538526
0.539939
0.539939
0.773335
0.773335
0.800039
0.800039
0.689372
0.689372
0.594714
0.594714
0.468535
0.468535
0.541812
0.541812
0.576768
0.576768
0.590010
0.590010
0.850308
0.850308
0.522793
0.522793
0.630946
0.630946
0.518959
0.518959
0.631993
0.631993
1.017462
1.017462
0.683790
0.683790
0.571189
0.571189
0.651096
0.651096
0.482323
0.482323
0.900389
0.900389
0.594037
0.594037
0.650483
0.650483
0.731840
0.731840
0.580675
0.580675
0.870274
0.870274
0.764844
0.764844
0.753757
0.753757
0.658428
0.658428
0.595111
0.595111
0.651445
0.651445
0.903857
0.903857
0.521042
0.521042
0.494661
0.494661
0.399122
0.399122
0.586511
0.586511
0.546147
0.546147
0.491911
0.491911
0.725968
0.725968
0.888384
0.888384
0.640474
0.640474
0.777331
0.777331
0.743928
0.743928
0.855895
0.855895
0.569799
0.569799
0.919511
0.919511
0.589644
0.589644
0.627455
0.627455
0.620546
0.620546
0.584513
0.584513
0.535001
0.535001
0.522638
0.522638
0.546173
0.546173
0.544958
0.544958
0.626009
0.626009
0.807513
0.807513
1.112627
1.112627
0.594146
0.594146
0.680021
0.680021
0.730214
0.730214
0.793400
0.793400
0.664962
0.664962
0.686777
0.686777
0.471519
0.471519
0.588321
0.588321
0.519037
0.519037
0.734443
0.734443
0.808558
0.808558
0.713923
0.713923
0.794935
0.794935
0.438203
0.438203
0.607335
0.607335
0.731451
0.731451
0.580559
0.580559
0.495185
0.495185
0.658924
0.658924
0.656530
0.656530
0.670221
0.670221
0.609480
0.609480
0.436367
0.436367
0.676750
0.676750
0.530904
0.530904
0.586257
0.586257
0.597868
0.597868
0.514762
0.514762
0.757796
0.757796
0.721337
0.721337
0.706134
0.706134
0.793580
0.793580
0.801407
0.801407
0.593287
0.593287
0.616884
0.616884
0.768754
0.768754
0.491725
0.491725
0.539885
0.539885
0.713934
0.713934
0.427763
0.427763
0.424530
0.424530
0.503061
0.503061
0.304920
0.304920
0.694836
0.694836
0.426288
0.426288
0.819028
0.819028
0.576322
0.576322
0.555969
0.555969
0.743354
0.743354
0.728231
0.728231
0.324832
0.324832
0.372213
0.372213
0.736927
0.736927
0.583882
0.583882
0.420247
0.420247
0.480613
0.480613
0.785973
0.785973
1.026672
1.026672
0.704849
0.704849
0.724985
0.724985
0.597323
0.597323
0.441695
0.441695
0.510734
0.510734
0.522863
0.522863
0.313365
0.313365
0.685741
0.685741
0.471843
0.471843
0.590942
0.590942
0.615675
0.615675
0.773304
0.773304
0.631085
0.631085
0.554885
0.554885
0.761089
0.761089
0.535134
0.535134
0.742284
0.742284
0.763355
0.763355
0.611271
0.611271
0.618017
0.618017
0.474092
0.474092
0.558758
0.558758
0.587409
0.587409
0.606838
0.606838
0.516751
0.516751
0.662432
0.662432
0.858400
0.858400
0.427161
0.427161
0.721513
0.721513
0.536061
0.536061
0.768163
0.768163
0.699480
0.699480
0.610642
0.610642
0.693623
0.693623
0.631045
0.631045
0.566273
0.566273
0.646511
0.646511
0.561745
0.561745
0.636021
0.636021
0.708944
0.708944
0.492459
0.492459
0.580100
0.580100
0.696431
0.696431
0.824966
0.824966
0.356879
0.356879
0.576647
0.576647
0.846074
0.846074
0.843096
0.843096
0.964254
0.964254
0.855189
0.855189
0.574227
0.574227
0.737128
0.737128
0.642799
0.642799
0.789161
0.789161
0.407426
0.407426
0.606567
0.606567
0.575010
0.575010
0.773119
0.773119
0.876117
0.876117
0.751852
0.751852
0.544904
0.544904
0.555611
0.555611
0.726484
0.726484
0.781578
0.781578
0.552079
0.552079
0.553143
0.553143
0.607744
0.607744
0.597957
0.597957
0.591297
0.591297
0.615541
0.615541
0.500964
0.500964
0.769934
0.769934
0.667351
0.667351
0.869560
0.869560
0.548519
0.548519
0.367703
0.367703
0.668565
0.668565
0.592811
0.592811
0.764355
0.764355
0.692272
0.692272
0.603448
0.603448
0.503868
0.503868
0.566412
0.566412
0.653788
0.653788
0.825166
0.825166
0.795560
0.795560
0.619613
0.619613
0.597383
0.597383
0.552822
0.552822
0.370358
0.370358
0.720473
0.720473
0.592635
0.592635
0.678823
0.678823
0.538649
0.538649
0.605568
0.605568
0.494974
0.494974
0.928406
0.928406
0.509301
0.509301
0.482422
0.482422
0.642337
0.642337
0.692278
0.692278
0.464102
0.464102
0.604958
0.604958
0.476151
0.476151
0.596181
0.596181
0.632308
0.632308
0.683878
0.683878
0.644696
0.644696
0.608510
0.608510
0.717078
0.717078
0.570432
0.570432
0.754332
0.754332
0.636430
0.636430
0.634929
0.634929
0.521215
0.521215
0.869832
0.869832
0.526816
0.526816
0.778543
0.778543
0.422449
0.422449
0.514060
0.514060
0.532160
0.532160
0.601474
0.601474
0.551909
0.551909
0.814315
0.814315
0.601427
0.601427
0.640675
0.640675
0.734362
0.734362
0.422005
0.422005
0.704614
0.704614
0.539133
0.539133
0.656883
0.656883
0.588978
0.588978
0.794637
0.794637
0.641650
0.641650
0.560838
0.560838
0.160352
0.160352
0.703581
0.703581
0.721027
0.721027
0.856107
0.856107
0.707813
0.707813
0.585640
0.585640
0.839718
0.839718
0.588448
0.588448
0.791200
0.791200
0.629526
0.629526
0.584614
0.584614
0.695078
0.695078
0.421466
0.421466
0.758234
0.758234
0.780533
0.780533
0.733990
0.733990
0.753242
0.753242
0.740195
0.740195
0.587382
0.587382
0.469402
0.469402
0.566851
0.566851
0.651786
0.651786
0.727691
0.727691
0.676408
0.676408
0.383397
0.383397
0.697249
0.697249
0.518123
0.518123
0.435217
0.435217
0.476414
0.476414
0.768583
0.768583
0.509947
0.509947
0.494314
0.494314
0.539498
0.539498
0.573954
0.573954
0.588110
0.588110
0.819588
0.819588
0.606204
0.606204
0.479162
0.479162
0.586914
0.586914
0.576345
0.576345
0.900320
0.900320
0.813634
0.813634
0.648605
0.648605
0.485563
0.485563
0.715557
0.715557
0.463426
0.463426
0.649075
0.649075
0.551500
0.551500
0.302548
0.302548
0.852657
0.852657
0.663432
0.663432
0.479963
0.479963
0.451223
0.451223
0.547061
0.547061
0.722753
0.722753
0.604120
0.604120
0.959507
0.959507
0.624063
0.624063
0.600847
0.600847
0.967365
0.967365
0.538410
0.538410
0.704102
0.704102
0.687499
0.687499
0.595353
0.595353
0.752550
0.752550
0.816231
0.816231
0.547290
0.547290
0.782277
0.782277
0.569555
0.569555
0.338472
0.338472
0.445547
0.445547
0.678215
0.678215
0.941664
0.941664
0.664586
0.664586
0.680141
0.680141
0.674364
0.674364
0.377162
0.377162
0.435086
0.435086
0.687403
0.687403
0.413500
0.413500
0.541515
0.541515
0.800046
0.800046
1.174038
1.174038
0.629324
0.629324
0.582535
0.582535
0.491871
0.491871
0.519652
0.519652
0.501864
0.501864
0.568775
0.568775
0.949697
0.949697
0.682812
0.682812
0.742200
0.742200
0.637893
0.637893
0.645463
0.645463
0.473522
0.473522
0.528585
0.528585
0.438236
0.438236
0.617541
0.617541
0.631553
0.631553
0.661000
0.661000
0.672490
0.672490
0.778430
0.778430
0.710501
0.710501
0.341644
0.341644
0.562201
0.562201
0.609714
0.609714
0.562284
0.562284
0.640774
0.640774
0.610356
0.610356
0.820689
0.820689
0.743400
0.743400
0.924501
0.924501
0.662458
0.662458
0.810343
0.810343
0.612759
0.612759
0.350737
0.350737
0.619672
0.619672
0.533709
0.533709
0.890032
0.890032
0.563183
0.563183
0.598817
0.598817
0.652658
0.652658
0.645485
0.645485
0.516349
0.516349
0.591955
0.591955
0.634363
0.634363
0.787283
0.787283
0.706825
0.706825
0.634530
0.634530
0.278529
0.278529
0.630136
0.630136
0.477643
0.477643
0.493199
0.493199
0.614866
0.614866
0.587638
0.587638
0.619725
0.619725
0.477615
0.477615
0.553280
0.553280
0.784249
0.784249
0.563658
0.563658
0.641111
0.641111
0.687441
0.687441
0.642698
0.642698
0.859397
0.859397
0.500769
0.500769
0.783950
0.783950
0.729113
0.729113
0.711315
0.711315
0.494680
0.494680
0.462675
0.462675
0.595568
0.595568
0.381955
0.381955
0.553159
0.553159
0.674072
0.674072
0.654270
0.654270
0.821761
0.821761
0.570363
0.570363
0.883463
0.883463
0.648907
0.648907
0.541806
0.541806
0.653993
0.653993
0.418973
0.418973
0.681335
0.681335
0.590414
0.590414
0.652090
0.652090
0.835481
0.835481
0.581189
0.581189
0.455090
0.455090
0.960123
0.960123
0.582016
0.582016
0.510910
0.510910
0.709920
0.709920
0.446323
0.446323
0.491228
0.491228
0.565204
0.565204
0.644316
0.644316
0.707981
0.707981
0.575128
0.575128
0.581964
0.581964
0.511514
0.511514
0.578978
0.578978
0.569091
0.569091
0.536176
0.536176
0.648521
0.648521
0.667238
0.667238
0.505796
0.505796
0.448940
0.448940
0.596595
0.596595
0.681374
0.681374
0.734454
0.734454
0.321057
0.321057
0.633619
0.633619
0.791940
0.791940
0.733433
0.733433
0.921883
0.921883
0.627262
0.627262
0.641896
0.641896
0.482979
0.482979
0.833997
0.833997
0.541664
0.541664
0.650386
0.650386
0.483992
0.483992
0.886987
0.886987
0.673152
0.673152
0.650612
0.650612
0.668851
0.668851
0.559435
0.559435
0.745722
0.745722
0.488581
0.488581
0.603152
0.603152
0.544632
0.544632
0.628053
0.628053
0.505500
0.505500
0.561296
0.561296
0.470251
0.470251
0.837755
0.837755
0.576345
0.576345
0.623681
0.623681
0.572095
0.572095
0.628966
0.628966
0.591242
0.591242
1.041573
1.041573
0.847963
0.847963
0.884720
0.884720
0.693768
0.693768
0.349814
0.349814
0.645857
0.645857
0.631406
0.631406
0.558110
0.558110
0.751484
0.751484
0.687305
0.687305
0.508651
0.508651
0.616082
0.616082
0.620797
0.620797
0.463411
0.463411
0.972287
0.972287
0.694417
0.694417
0.847389
0.847389
0.450861
0.450861
0.351205
0.351205
0.442966
0.442966
0.442967
0.442967
0.368623
0.368623
0.447608
0.447608
0.693058
0.693058
0.790080
0.790080
0.604218
0.604218
0.827943
0.827943
0.742773
0.742773
1.003112
1.003112
0.893181
0.893181
0.770358
0.770358
0.672725
0.672725
0.585634
0.585634
0.662500
0.662500
0.662712
0.662712
0.499806
0.499806
0.586162
0.586162
0.504996
0.504996
0.695150
0.695150
0.642038
0.642038
0.639527
0.639527
0.404115
0.404115
0.802273
0.802273
0.648535
0.648535
0.614309
0.614309
0.793541
0.793541
0.635707
0.635707
0.532029
0.532029
0.356275
0.356275
0.580324
0.580324
0.806391
0.806391
0.849903
0.849903
0.632841
0.632841
0.803926
0.803926
0.643584
0.643584
0.599499
0.599499
0.494023
0.494023
0.508649
0.508649
0.590045
0.590045
0.655411
0.655411
0.765388
0.765388
0.769505
0.769505
0.680219
0.680219
0.465378
0.465378
0.723596
0.723596
0.734482
0.734482
0.717024
0.717024
0.612413
0.612413
0.458579
0.458579
0.640788
0.640788
0.587288
0.587288
0.501626
0.501626
0.730871
0.730871
0.679727
0.679727
0.673231
0.673231
0.810583
0.810583
0.589404
0.589404
0.642216
0.642216
0.628776
0.628776
0.433007
0.433007
0.456866
0.456866
0.437657
0.437657
0.523906
0.523906
0.397226
0.397226
0.501514
0.501514
0.762024
0.762024
0.741034
0.741034
0.522926
0.522926
0.659629
0.659629
0.401254
0.401254
0.539294
0.539294
0.428376
0.428376
0.703444
0.703444
0.684806
0.684806
0.575291
0.575291
0.644397
0.644397
0.866192
0.866192
0.894058
0.894058
0.731811
0.731811
0.550514
0.550514
0.362321
0.362321
0.612689
0.612689
0.393044
0.393044
0.722552
0.722552
0.764453
0.764453
0.545230
0.545230
0.641821
0.641821
0.585685
0.585685
0.501129
0.501129
0.524159
0.524159
0.764802
0.764802
0.570519
0.570519
0.548999
0.548999
0.569432
0.569432
0.639341
0.639341
0.650604
0.650604
0.740256
0.740256
0.782008
0.782008
0.772836
0.772836
0.604370
0.604370
0.498684
0.498684
0.532921
0.532921
0.460684
0.460684
0.696336
0.696336
0.704795
0.704795
0.839151
0.839151
0.552446
0.552446
0.543851
0.543851
0.619274
0.619274
0.850465
0.850465
0.597492
0.597492
0.792188
0.792188
0.657673
0.657673
0.546661
0.546661
0.498404
0.498404
0.828147
0.828147
0.736992
0.736992
0.589529
0.589529
0.669656
0.669656
0.556800
0.556800
0.528684
0.528684
0.194520
0.194520
0.631168
0.631168
0.721760
0.721760
0.708597
0.708597
0.505575
0.505575
0.710925
0.710925
0.711802
0.711802
0.591523
0.591523
0.480805
0.480805
0.407518
0.407518
0.587674
0.587674
0.886850
0.886850
0.695645
0.695645
0.558747
0.558747
0.898077
0.898077
0.630570
0.630570
0.494563
0.494563
0.576480
0.576480
0.653674
0.653674
0.657724
0.657724
0.894611
0.894611
0.685668
0.685668
0.861670
0.861670
0.704878
0.704878
0.547919
0.547919
0.681003
0.681003
0.520249
0.520249
0.570064
0.570064
0.412699
0.412699
0.600437
0.600437
0.621579
0.621579
0.398751
0.398751
0.432751
0.432751
0.692527
0.692527
0.488240
0.488240
0.596646
0.596646
1.051426
1.051426
0.679198
0.679198
0.649167
0.649167
0.603669
0.603669
0.662441
0.662441
0.652044
0.652044
0.515174
0.515174
0.592080
0.592080
0.570989
0.570989
0.514933
0.514933
0.480812
0.480812
0.610833
0.610833
0.809017
0.809017
0.628408
0.628408
0.694672
0.694672
1.149895
1.149895
0.832661
0.832661
0.677080
0.677080
0.455817
0.455817
0.383215
0.383215
0.497893
0.497893
0.472155
0.472155
0.643769
0.643769
0.705283
0.705283
0.432569
0.432569
0.502033
0.502033
0.654933
0.654933
0.629759
0.629759
0.629135
0.629135
0.513278
0.513278
0.883729
0.883729
0.732795
0.732795
0.647956
0.647956
0.563757
0.563757
0.558778
0.558778
0.751214
0.751214
0.698499
0.698499
0.553675
0.553675
0.559157
0.559157
0.559957
0.559957
0.575007
0.575007
0.552956
0.552956
0.500630
0.500630
0.982617
0.982617
0.693747
0.693747
0.774333
0.774333
0.532176
0.532176
0.769522
0.769522
0.729049
0.729049
0.654257
0.654257
0.587865
0.587865
0.475258
0.475258
0.429175
0.429175
0.641674
0.641674
0.518156
0.518156
0.566942
0.566942
0.666469
0.666469
0.833973
0.833973
0.851213
0.851213
0.620730
0.620730
0.544093
0.544093
0.637962
0.637962
0.467971
0.467971
0.503534
0.503534
0.612956
0.612956
0.863073
0.863073
0.466766
0.466766
0.562572
0.562572
0.657849
0.657849
0.725718
0.725718
0.699447
0.699447
0.693664
0.693664
0.532150
0.532150
0.676856
0.676856
0.440767
0.440767
0.607101
0.607101
0.379077
0.379077
0.474962
0.474962
0.879431
0.879431
0.617904
0.617904
0.580599
0.580599
0.423143
0.423143
0.580385
0.580385
0.364069
0.364069
0.417478
0.417478
0.579276
0.579276
0.581968
0.581968
0.694865
0.694865
0.598789
0.598789
0.844697
0.844697
0.814406
0.814406
0.528697
0.528697
0.558244
0.558244
0.750132
0.750132
0.556060
0.556060
0.537142
0.537142
0.754353
0.754353
0.574910
0.574910
0.629148
0.629148
0.622240
0.622240
0.869765
0.869765
0.441663
0.441663
0.540310
0.540310
0.563420
0.563420
0.671528
0.671528
0.463227
0.463227
0.722180
0.722180
0.754703
0.754703
0.591773
0.591773
0.687211
0.687211
0.445750
0.445750
0.609896
0.609896
0.485662
0.485662
0.871626
0.871626
0.702216
0.702216
0.547775
0.547775
0.520514
0.520514
0.613958
0.613958
0.316218
0.316218
0.693967
0.693967
0.481739
0.481739
0.624810
0.624810
0.631384
0.631384
0.503418
0.503418
0.523717
0.523717
0.394692
0.394692
0.565340
0.565340
0.449042
0.449042
0.379296
0.379296
0.598422
0.598422
0.745271
0.745271
0.668692
0.668692
0.570782
0.570782
0.554764
0.554764
0.593838
0.593838
0.493569
0.493569
0.690256
0.690256
0.872463
0.872463
0.689607
0.689607
0.548173
0.548173
0.489044
0.489044
0.620105
0.620105
0.367855
0.367855
0.567659
0.567659
0.528791
0.528791
0.591543
0.591543
0.645358
0.645358
0.506673
0.506673
0.673152
0.673152
0.713198
0.713198
0.865010
0.865010
0.505278
0.505278
0.764199
0.764199
0.485558
0.485558
0.756758
0.756758
0.614326
0.614326
0.656631
0.656631
0.598669
0.598669
0.590259
0.590259
0.620000
0.620000
0.587082
0.587082
0.718231
0.718231
0.756402
0.756402
0.749328
0.749328
0.590410
0.590410
0.582258
0.582258
0.336181
0.336181
0.619108
0.619108
0.479384
0.479384
0.549610
0.549610
0.661698
0.661698
0.797838
0.797838
0.562222
0.562222
0.526056
0.526056
0.638765
0.638765
0.817504
0.817504
0.796447
0.796447
0.708344
0.708344
0.605905
0.605905
0.368298
0.368298
0.626136
0.626136
0.547380
0.547380
0.958157
0.958157
0.718294
0.718294
0.810687
0.810687
0.614153
0.614153
0.734650
0.734650
0.339382
0.339382
0.342240
0.342240
0.545435
0.545435
0.636117
0.636117
0.767313
0.767313
0.660030
0.660030
0.466729
0.466729
0.537006
0.537006
0.385107
0.385107
0.437445
0.437445
0.657446
0.657446
0.414413
0.414413
0.683346
0.683346
0.691091
0.691091
0.540077
0.540077
0.664246
0.664246
0.742505
0.742505
0.782166
0.782166
0.386465
0.386465
0.543618
0.543618
0.354188
0.354188
0.563451
0.563451
0.736026
0.736026
0.992836
0.992836
0.910026
0.910026
0.879395
0.879395
0.725620
0.725620
0.471528
0.471528
0.713691
0.713691
0.584051
0.584051
0.633850
0.633850
0.590405
0.590405
0.535661
0.535661
0.738179
0.738179
0.652169
0.652169
0.647406
0.647406
0.687367
0.687367
0.602976
0.602976
0.429039
0.429039
0.526307
0.526307
0.757022
0.757022
0.700645
0.700645
0.515915
0.515915
0.557508
0.557508
0.689688
0.689688
0.546580
0.546580
0.537946
0.537946
0.494508
0.494508
0.654589
0.654589
0.482164
0.482164
0.474859
0.474859
0.508128
0.508128
0.520391
0.520391
0.633224
0.633224
0.490269
0.490269
0.646755
0.646755
0.387623
0.387623
0.846431
0.846431
0.649894
0.649894
0.391074
0.391074
1.594821
1.594821
0.594087
0.594087
0.694773
0.694773
0.474624
0.474624
0.481410
0.481410
0.654044
0.654044
0.664818
0.664818
0.372449
0.372449
0.703124
0.703124
0.639157
0.639157
0.589222
0.589222
0.764179
0.764179
0.879947
0.879947
0.559338
0.559338
0.666983
0.666983
0.626204
0.626204
0.559777
0.559777
0.613630
0.613630
0.589262
0.589262
0.568609
0.568609
0.488944
0.488944
0.493493
0.493493
0.592643
0.592643
0.422682
0.422682
0.556460
0.556460
0.747594
0.747594
0.429072
0.429072
0.614213
0.614213
0.619413
0.619413
0.572558
0.572558
0.601263
0.601263
0.709247
0.709247
0.671950
0.671950
0.763466
0.763466
0.668590
0.668590
0.587688
0.587688
0.420570
0.420570
0.540879
0.540879
0.621069
0.621069
0.655297
0.655297
0.368778
0.368778
0.911965
0.911965
0.712142
0.712142
0.591706
0.591706
0.518862
0.518862
0.498858
0.498858
0.587110
0.587110
0.291703
0.291703
0.320164
0.320164
0.451362
0.451362
0.538576
0.538576
0.785904
0.785904
0.872177
0.872177
0.697649
0.697649
0.552926
0.552926
0.576457
0.576457
0.721616
0.721616
0.534115
0.534115
0.791076
0.791076
0.578562
0.578562
0.562892
0.562892
0.579564
0.579564
0.456260
0.456260
0.452674
0.452674
0.524281
0.524281
0.420515
0.420515
0.735153
0.735153
0.531237
0.531237
0.737694
0.737694
0.766340
0.766340
0.566863
0.566863
0.790672
0.790672
0.568545
0.568545
0.348845
0.348845
0.534345
0.534345
0.520883
0.520883
0.718983
0.718983
0.574009
0.574009
0.638955
0.638955
0.730521
0.730521
0.574452
0.574452
0.647843
0.647843
0.462433
0.462433
0.785790
0.785790
0.350000
0.350000
0.482079
0.482079
0.408753
0.408753
0.511710
0.511710
0.939146
0.939146
0.903291
0.903291
0.668275
0.668275
0.521956
0.521956
0.673661
0.673661
0.525639
0.525639
0.404907
0.404907
0.618749
0.618749
0.635662
0.635662
0.717224
0.717224
0.708230
0.708230
0.540677
0.540677
0.657908
0.657908
0.817398
0.817398
0.352464
0.352464
0.518035
0.518035
0.455261
0.455261
0.750739
0.750739
0.437127
0.437127
0.714957
0.714957
0.414270
0.414270
0.754009
0.754009
0.895041
0.895041
0.486649
0.486649
0.402150
0.402150
0.603230
0.603230
0.622617
0.622617
0.697258
0.697258
0.979949
0.979949
0.816541
0.816541
0.725083
0.725083
0.482806
0.482806
0.570847
0.570847
0.583586
0.583586
1.018387
1.018387
0.532570
0.532570
0.510730
0.510730
0.627255
0.627255
0.495750
0.495750
0.363627
0.363627
0.589955
0.589955
0.790010
0.790010
0.422711
0.422711
0.676143
0.676143
0.662722
0.662722
0.607790
0.607790
0.529501
0.529501
0.664687
0.664687
0.635790
0.635790
0.792029
0.792029
0.772034
0.772034
0.699633
0.699633
0.532288
0.532288
0.476539
0.476539
0.504367
0.504367
0.496409
0.496409
0.577857
0.577857
0.454549
0.454549
0.425660
0.425660
0.727419
0.727419
0.772017
0.772017
0.650154
0.650154
0.862438
0.862438
0.273706
0.273706
0.510400
0.510400
0.788231
0.788231
0.827392
0.827392
0.607091
0.607091
0.717289
0.717289
0.636769
0.636769
0.674442
0.674442
0.479378
0.479378
0.486402
0.486402
0.463875
0.463875
0.631455
0.631455
0.666607
0.666607
0.569492
0.569492
0.637998
0.637998
0.483660
0.483660
0.671237
0.671237
0.457499
0.457499
0.547396
0.547396
0.887710
0.887710
0.410603
0.410603
0.563923
0.563923
0.343353
0.343353
0.647078
0.647078
0.503628
0.503628
0.594020
0.594020
0.800013
0.800013
0.796057
0.796057
0.476246
0.476246
0.527894
0.527894
0.787921
0.787921
0.683511
0.683511
0.697808
0.697808
0.419063
0.419063
0.584570
0.584570
0.576477
0.576477
0.541588
0.541588
0.451499
0.451499
0.501010
0.501010
0.604411
0.604411
0.540946
0.540946
0.551565
0.551565
0.471575
0.471575
0.918656
0.918656
0.643385
0.643385
0.488649
0.488649
0.802505
0.802505
0.688896
0.688896
0.633758
0.633758
0.669766
0.669766
0.379778
0.379778
0.613148
0.613148
0.534808
0.534808
0.742942
0.742942
0.940406
0.940406
0.877277
0.877277
0.663149
0.663149
0.621007
0.621007
0.569901
0.569901
0.552061
0.552061
0.423258
0.423258
0.835022
0.835022
0.406589
0.406589
0.594942
0.594942
0.667692
0.667692
0.796625
0.796625
0.708478
0.708478
0.608206
0.608206
0.906356
0.906356
0.546878
0.546878
0.693413
0.693413
0.459661
0.459661
0.785196
0.785196
0.552918
0.552918
0.551751
0.551751
0.694893
0.694893
0.583820
0.583820
0.474519
0.474519
0.397844
0.397844
0.655299
0.655299
0.476059
0.476059
0.759735
0.759735
0.488563
0.488563
0.581172
0.581172
0.571047
0.571047
0.846371
0.846371
0.571352
0.571352
0.561446
0.561446
0.509098
0.509098
0.552755
0.552755
0.600670
0.600670
0.450974
0.450974
0.700483
0.700483
0.646732
0.646732
0.604380
0.604380
0.675531
0.675531
0.746475
0.746475
0.552508
0.552508
0.476975
0.476975
0.797381
0.797381
0.641134
0.641134
0.534091
0.534091
0.574024
0.574024
0.614296
0.614296
0.684687
0.684687
0.731668
0.731668
0.768970
0.768970
0.351364
0.351364
0.612704
0.612704
0.848592
0.848592
0.768033
0.768033
0.459533
0.459533
0.467209
0.467209
0.588337
0.588337
0.503695
0.503695
0.780837
0.780837
0.364392
0.364392
0.359141
0.359141
0.620232
0.620232
0.692861
0.692861
0.568675
0.568675
0.763722
0.763722
0.450475
0.450475
0.571212
0.571212
0.730156
0.730156
0.648715
0.648715
0.684986
0.684986
0.575602
0.575602
0.739702
0.739702
0.621782
0.621782
0.434315
0.434315
0.583587
0.583587
0.575342
0.575342
0.362242
0.362242
0.612246
0.612246
0.527037
0.527037
0.503898
0.503898
0.605719
0.605719
0.910531
0.910531
0.603652
0.603652
0.545311
0.545311
0.621372
0.621372
0.402371
0.402371
0.429277
0.429277
0.685938
0.685938
0.650867
0.650867
0.545939
0.545939
0.728549
0.728549
0.647884
0.647884
0.716406
0.716406
0.706026
0.706026
0.591085
0.591085
0.529453
0.529453
0.576280
0.576280
0.642846
0.642846
0.545598
0.545598
0.548064
0.548064
0.413667
0.413667
0.767953
0.767953
0.678702
0.678702
0.662544
0.662544
0.733002
0.733002
0.454167
0.454167
0.755064
0.755064
0.505498
0.505498
0.581908
0.581908
0.787515
0.787515
0.623302
0.623302
0.485795
0.485795
0.400652
0.400652
0.701773
0.701773
0.521585
0.521585
0.620110
0.620110
0.747075
0.747075
0.593528
0.593528
0.453885
0.453885
0.617050
0.617050
0.535054
0.535054
0.491053
0.491053
0.660190
0.660190
0.523711
0.523711
0.797718
0.797718
0.700345
0.700345
0.585123
0.585123
0.599080
0.599080
0.668164
0.668164
0.574341
0.574341
0.621138
0.621138
0.562978
0.562978
0.670162
0.670162
0.472919
0.472919
0.658598
0.658598
0.535470
0.535470
0.341429
0.341429
0.642568
0.642568
0.448256
0.448256
0.806451
0.806451
0.568576
0.568576
0.611279
0.611279
0.621778
0.621778
0.520615
0.520615
0.475651
0.475651
0.703561
0.703561
0.558030
0.558030
0.588803
0.588803
0.765365
0.765365
0.675592
0.675592
0.587912
0.587912
0.495065
0.495065
0.449897
0.449897
0.493715
0.493715
0.428573
0.428573
0.538752
0.538752
0.400107
0.400107
0.458807
0.458807
0.572039
0.572039
0.856292
0.856292
0.504479
0.504479
0.615898
0.615898
0.637769
0.637769
0.896077
0.896077
0.755824
0.755824
0.445867
0.445867
0.569184
0.569184
0.559406
0.559406
0.545917
0.545917
0.431981
0.431981
0.741488
0.741488
0.835608
0.835608
0.712501
0.712501
0.492053
0.492053
0.445957
0.445957
0.593947
0.593947
0.499167
0.499167
0.663523
0.663523
0.880140
0.880140
0.343563
0.343563
0.739920
0.739920
0.407330
0.407330
0.538644
0.538644
0.874117
0.874117
0.735052
0.735052
0.702135
0.702135
0.798052
0.798052
0.683898
0.683898
0.397049
0.397049
0.282115
0.282115
0.523492
0.523492
0.551709
0.551709
0.413610
0.413610
0.299241
0.299241
0.660914
0.660914
0.744642
0.744642
0.703209
0.703209
0.506379
0.506379
0.954098
0.954098
0.589390
0.589390
0.432635
0.432635
0.410890
0.410890
0.655364
0.655364
0.326617
0.326617
0.484133
0.484133
0.701347
0.701347
0.559956
0.559956
0.788552
0.788552
0.411224
0.411224
0.538938
0.538938
0.495260
0.495260
0.552119
0.552119
0.584134
0.584134
0.912753
0.912753
0.536000
0.536000
0.802952
0.802952
0.477822
0.477822
0.626373
0.626373
0.544167
0.544167
1.174953
1.174953
0.782835
0.782835
0.761107
0.761107
0.526545
0.526545
0.446756
0.446756
0.709034
0.709034
0.574035
0.574035
0.828352
0.828352
0.392458
0.392458
0.765661
0.765661
0.584995
0.584995
0.434483
0.434483
0.546639
0.546639
0.825951
0.825951
0.676469
0.676469
0.582068
0.582068
0.617986
0.617986
0.345414
0.345414
0.509897
0.509897
0.388061
0.388061
0.542600
0.542600
0.931599
0.931599
0.548042
0.548042
0.619201
0.619201
0.652064
0.652064
0.943053
0.943053
0.579530
0.579530
0.629198
0.629198
0.628897
0.628897
0.436645
0.436645
0.383466
0.383466
0.478552
0.478552
0.362445
0.362445
0.582028
0.582028
0.415683
0.415683
0.640356
0.640356
0.679782
0.679782
0.635704
0.635704
0.764394
0.764394
0.651430
0.651430
0.437977
0.437977
0.526882
0.526882
0.434071
0.434071
0.762502
0.762502
0.388977
0.388977
0.786385
0.786385
0.362826
0.362826
0.497464
0.497464
0.525231
0.525231
0.523771
0.523771
0.839649
0.839649
0.613285
0.613285
0.510224
0.510224
0.382089
0.382089
0.494597
0.494597
0.844320
0.844320
0.477862
0.477862
0.515027
0.515027
0.874251
0.874251
0.600435
0.600435
0.418011
0.418011
0.534620
0.534620
0.436907
0.436907
0.421310
0.421310
0.894907
0.894907
0.806376
0.806376
0.889831
0.889831
0.484289
0.484289
0.563126
0.563126
0.621733
0.621733
0.459076
0.459076
0.667226
0.667226
0.690642
0.690642
0.534764
0.534764
0.505547
0.505547
0.721923
0.721923
0.562998
0.562998
0.441067
0.441067
0.556589
0.556589
0.669324
0.669324
0.686831
0.686831
0.678503
0.678503
0.721000
0.721000
0.747413
0.747413
0.716915
0.716915
0.734007
0.734007
0.728115
0.728115
0.544147
0.544147
0.819378
0.819378
0.856140
0.856140
0.599586
0.599586
0.666212
0.666212
0.563749
0.563749
0.550688
0.550688
0.541023
0.541023
0.317111
0.317111
0.492366
0.492366
0.584867
0.584867
0.486548
0.486548
0.742561
0.742561
0.660292
0.660292
0.617364
0.617364
0.796414
0.796414
0.539636
0.539636
0.699821
0.699821
0.629269
0.629269
0.687699
0.687699
0.457763
0.457763
0.502200
0.502200
0.597141
0.597141
0.386609
0.386609
0.590091
0.590091
0.480171
0.480171
0.489327
0.489327
0.497753
0.497753
0.732234
0.732234
0.530354
0.530354
0.543476
0.543476
0.698708
0.698708
0.607709
0.607709
0.480790
0.480790
0.759683
0.759683
0.609634
0.609634
0.458298
0.458298
0.534634
0.534634
0.361825
0.361825
0.446591
0.446591
0.719777
0.719777
0.476296
0.476296
0.378277
0.378277
1.066213
1.066213
0.556567
0.556567
0.628713
0.628713
0.503413
0.503413
0.469682
0.469682
0.560641
0.560641
0.471437
0.471437
0.495875
0.495875
0.532353
0.532353
0.661990
0.661990
0.651675
0.651675
0.666480
0.666480
0.638011
0.638011
0.796474
0.796474
0.652993
0.652993
0.467814
0.467814
0.555409
0.555409
0.464524
0.464524
0.631023
0.631023
0.464056
0.464056
0.383191
0.383191
0.596948
0.596948
0.709504
0.709504
0.708188
0.708188
0.834478
0.834478
0.598746
0.598746
0.320847
0.320847
0.617356
0.617356
0.344078
0.344078
0.562516
0.562516
0.445328
0.445328
0.631236
0.631236
0.771551
0.771551
0.657556
0.657556
0.634538
0.634538
0.785696
0.785696
0.599324
0.599324
0.965241
0.965241
0.600235
0.600235
0.282429
0.282429
0.418417
0.418417
0.634234
0.634234
0.711147
0.711147
0.730436
0.730436
0.693414
0.693414
0.558669
0.558669
0.960667
0.960667
0.484728
0.484728
0.736810
0.736810
0.755803
0.755803
0.710819
0.710819
0.507272
0.507272
0.824027
0.824027
0.570809
0.570809
0.538942
0.538942
0.554804
0.554804
0.708243
0.708243
0.549728
0.549728
0.406176
0.406176
0.619338
0.619338
0.487063
0.487063
0.488719
0.488719
0.472016
0.472016
0.393021
0.393021
0.723881
0.723881
0.656167
0.656167
0.553876
0.553876
0.602726
0.602726
0.498320
0.498320
0.505467
0.505467
0.517333
0.517333
0.531044
0.531044
0.695875
0.695875
0.359985
0.359985
0.454067
0.454067
0.497693
0.497693
0.694916
0.694916
0.821181
0.821181
0.484070
0.484070
0.685778
0.685778
0.597393
0.597393
0.488920
0.488920
0.730379
0.730379
0.441945
0.441945
0.755730
0.755730
0.706462
0.706462
0.572788
0.572788
0.611972
0.611972
1.455502
1.455502
0.601870
0.601870
0.492551
0.492551
0.521587
0.521587
0.475743
0.475743
0.754933
0.754933
0.952254
0.952254
0.762048
0.762048
0.794882
0.794882
0.405277
0.405277
0.554189
0.554189
0.622140
0.622140
0.346500
0.346500
0.765501
0.765501
0.735449
0.735449
0.632539
0.632539
0.628115
0.628115
0.862445
0.862445
0.492252
0.492252
0.466921
0.466921
0.371700
0.371700
0.589238
0.589238
0.488658
0.488658
0.819023
0.819023
0.417662
0.417662
0.527880
0.527880
0.491841
0.491841
0.572777
0.572777
0.384674
0.384674
0.349036
0.349036
0.584372
0.584372
0.747378
0.747378
0.482783
0.482783
0.453094
0.453094
0.514349
0.514349
0.526123
0.526123
0.515806
0.515806
0.816908
0.816908
0.529984
0.529984
0.535185
0.535185
0.643981
0.643981
0.672185
0.672185
0.697474
0.697474
0.413233
0.413233
0.526328
0.526328
0.714241
0.714241
0.630457
0.630457
0.601395
0.601395
0.587939
0.587939
0.485659
0.485659
0.686713
0.686713
0.480076
0.480076
0.420422
0.420422
0.474927
0.474927
0.653590
0.653590
0.613737
0.613737
0.415841
0.415841
0.624785
0.624785
0.545724
0.545724
0.569132
0.569132
0.606957
0.606957
0.566421
0.566421
0.809467
0.809467
0.466863
0.466863
0.922366
0.922366
0.737934
0.737934
0.551564
0.551564
0.605669
0.605669
0.430875
0.430875
0.857204
0.857204
0.300385
0.300385
0.666683
0.666683
0.708779
0.708779
0.800874
0.800874
0.636391
0.636391
0.759654
0.759654
0.552748
0.552748
0.662867
0.662867
0.597196
0.597196
0.512068
0.512068
0.581825
0.581825
0.553283
0.553283
0.328986
0.328986
0.815222
0.815222
0.528374
0.528374
0.695048
0.695048
0.575133
0.575133
0.344512
0.344512
0.406614
0.406614
0.530369
0.530369
0.561462
0.561462
0.557864
0.557864
0.593904
0.593904
0.463921
0.463921
0.554532
0.554532
0.768408
0.768408
0.464809
0.464809
0.590139
0.590139
0.537347
0.537347
0.662515
0.662515
0.663005
0.663005
0.626202
0.626202
0.595377
0.595377
0.615737
0.615737
0.600006
0.600006
0.639008
0.639008
0.520179
0.520179
0.570692
0.570692
0.553761
0.553761
0.898774
0.898774
0.537487
0.537487
0.930492
0.930492
0.820788
0.820788
0.461607
0.461607
0.453492
0.453492
0.438140
0.438140
0.663270
0.663270
0.804708
0.804708
0.661901
0.661901
0.403462
0.403462
0.758991
0.758991
0.686172
0.686172
0.394724
0.394724
0.737604
0.737604
0.633162
0.633162
0.427222
0.427222
0.611418
0.611418
0.363035
0.363035
0.343440
0.343440
0.433955
0.433955
0.859005
0.859005
0.879486
0.879486
0.290724
0.290724
0.706066
0.706066
0.445284
0.445284
0.555240
0.555240
0.465618
0.465618
0.645562
0.645562
0.552202
0.552202
0.629490
0.629490
0.502096
0.502096
0.597862
0.597862
0.795256
0.795256
0.514959
0.514959
0.455491
0.455491
0.683771
0.683771
0.410421
0.410421
0.479428
0.479428
0.478153
0.478153
0.510374
0.510374
0.525156
0.525156
0.638010
0.638010
0.539516
0.539516
0.562090
0.562090
0.618082
0.618082
0.487026
0.487026
0.300650
0.300650
0.493633
0.493633
0.548332
0.548332
0.518847
0.518847
0.571249
0.571249
0.695759
0.695759
0.693640
0.693640
0.658600
0.658600
0.589486
0.589486
0.641403
0.641403
0.467797
0.467797
0.528086
0.528086
0.421580
0.421580
0.509906
0.509906
0.351981
0.351981
0.863578
0.863578
0.687568
0.687568
0.563838
0.563838
0.651455
0.651455
0.540668
0.540668
0.581056
0.581056
0.571563
0.571563
0.577051
0.577051
0.626003
0.626003
0.624918
0.624918
0.355484
0.355484
0.813321
0.813321
0.459738
0.459738
0.587516
0.587516
0.629390
0.629390
0.553512
0.553512
0.435186
0.435186
0.644217
0.644217
0.604660
0.604660
0.402062
0.402062
0.405046
0.405046
0.597672
0.597672
0.751917
0.751917
0.548450
0.548450
1.077483
1.077483
0.469043
0.469043
0.331564
0.331564
0.538571
0.538571
0.568729
0.568729
0.970655
0.970655
0.668687
0.668687
0.682919
0.682919
0.569161
0.569161
0.388803
0.388803
0.552075
0.552075
0.490270
0.490270
0.490201
0.490201
0.473936
0.473936
0.593762
0.593762
0.550953
0.550953
0.754225
0.754225
0.801275
0.801275
0.570015
0.570015
0.555876
0.555876
0.810629
0.810629
0.549899
0.549899
0.541862
0.541862
0.399369
0.399369
0.767421
0.767421
0.374537
0.374537
0.418842
0.418842
0.725248
0.725248
0.832280
0.832280
0.576439
0.576439
0.688404
0.688404
0.512348
0.512348
0.706425
0.706425
0.814260
0.814260
0.554869
0.554869
0.703937
0.703937
0.347640
0.347640
0.629341
0.629341
0.600568
0.600568
0.551207
0.551207
0.785757
0.785757
1.017148
1.017148
0.703489
0.703489
0.474313
0.474313
0.578949
0.578949
0.644844
0.644844
0.408626
0.408626
0.549566
0.549566
0.711190
0.711190
0.790420
0.790420
0.776612
0.776612
0.745675
0.745675
0.311157
0.311157
0.608087
0.608087
0.486165
0.486165
0.454364
0.454364
0.422350
0.422350
0.776902
0.776902
0.718655
0.718655
0.654443
0.654443
0.474357
0.474357
0.577708
0.577708
0.436055
0.436055
0.439307
0.439307
0.403485
0.403485
0.526180
0.526180
0.650241
0.650241
0.773439
0.773439
0.901973
0.901973
0.409893
0.409893
0.494845
0.494845
0.512858
0.512858
0.764972
0.764972
0.586687
0.586687
0.595475
0.595475
0.342929
0.342929
0.452835
0.452835
0.588523
0.588523
0.498237
0.498237
0.516238
0.516238
0.614864
0.614864
0.496334
0.496334
0.708963
0.708963
0.709090
0.709090
0.381304
0.381304
0.556363
0.556363
0.764571
0.764571
0.718421
0.718421
0.634518
0.634518
0.458925
0.458925
0.498938
0.498938
0.484241
0.484241
0.519690
0.519690
0.495644
0.495644
0.713289
0.713289
0.598029
0.598029
0.547619
0.547619
1.089663
1.089663
0.466847
0.466847
0.463985
0.463985
0.413462
0.413462
0.564287
0.564287
0.547176
0.547176
0.515944
0.515944
0.576774
0.576774
0.681286
0.681286
0.391369
0.391369
0.537884
0.537884
0.679479
0.679479
0.522321
0.522321
0.397370
0.397370
0.649959
0.649959
0.427671
0.427671
0.574108
0.574108
0.331449
0.331449
0.469840
0.469840
0.512648
0.512648
0.854542
0.854542
0.568844
0.568844
0.526496
0.526496
0.301657
0.301657
0.599956
0.599956
0.542448
0.542448
0.640020
0.640020
0.583444
0.583444
0.499231
0.499231
0.843325
0.843325
0.759266
0.759266
0.777414
0.777414
0.685139
0.685139
0.246416
0.246416
0.591628
0.591628
0.674012
0.674012
0.508129
0.508129
0.566619
0.566619
0.515927
0.515927
0.463640
0.463640
0.660065
0.660065
0.463249
0.463249
0.877743
0.877743
0.740125
0.740125
0.380286
0.380286
0.674809
0.674809
0.496958
0.496958
0.402498
0.402498
0.557007
0.557007
0.590992
0.590992
0.652190
0.652190
0.445190
0.445190
0.601262
0.601262
0.748499
0.748499
0.673578
0.673578
0.429746
0.429746
0.838160
0.838160
0.509413
0.509413
0.772792
0.772792
0.792064
0.792064
0.588188
0.588188
0.549805
0.549805
0.721226
0.721226
0.591411
0.591411
0.690392
0.690392
0.607981
0.607981
0.549924
0.549924
0.659202
0.659202
0.678397
0.678397
0.613679
0.613679
0.554387
0.554387
0.491483
0.491483
0.468387
0.468387
0.691575
0.691575
0.484807
0.484807
0.947196
0.947196
0.439846
0.439846
0.619777
0.619777
0.536218
0.536218
0.593877
0.593877
0.494794
0.494794
0.692134
0.692134
0.819370
0.819370
0.637353
0.637353
0.377256
0.377256
0.569046
0.569046
0.520708
0.520708
0.557712
0.557712
0.521811
0.521811
0.671125
0.671125
0.526244
0.526244
0.474949
0.474949
0.497795
0.497795
0.534204
0.534204
0.590368
0.590368
0.909012
0.909012
0.639091
0.639091
0.594494
0.594494
0.460828
0.460828
0.413969
0.413969
0.397918
0.397918
0.465893
0.465893
0.592936
0.592936
0.660056
0.660056
0.504251
0.504251
0.622597
0.622597
0.366276
0.366276
0.434825
0.434825
0.587017
0.587017
0.628731
0.628731
0.542322
0.542322
0.544839
0.544839
0.498428
0.498428
0.548008
0.548008
0.584577
0.584577
0.660688
0.660688
0.593110
0.593110
0.712421
0.712421
0.569106
0.569106
0.368244
0.368244
0.533385
0.533385
0.601894
0.601894
0.498260
0.498260
0.502262
0.502262
0.556348
0.556348
0.687464
0.687464
0.601601
0.601601
0.428324
0.428324
0.541553
0.541553
0.889463
0.889463
0.439158
0.439158
0.981412
0.981412
0.653181
0.653181
0.699564
0.699564
0.574016
0.574016
0.470971
0.470971
0.413141
0.413141
0.702312
0.702312
0.578405
0.578405
0.727801
0.727801
0.460214
0.460214
0.647487
0.647487
0.507786
0.507786
0.516343
0.516343
0.633383
0.633383
0.629604
0.629604
0.614011
0.614011
0.590817
0.590817
0.526605
0.526605
0.561715
0.561715
0.713147
0.713147
0.577074
0.577074
0.670952
0.670952
0.399730
0.399730
0.581018
0.581018
0.521696
0.521696
0.387757
0.387757
0.615626
0.615626
0.640690
0.640690
0.722648
0.722648
0.768615
0.768615
0.444940
0.444940
0.541829
0.541829
0.568232
0.568232
0.567075
0.567075
0.728758
0.728758
0.572283
0.572283
0.506445
0.506445
0.389583
0.389583
0.786521
0.786521
0.419066
0.419066
0.711937
0.711937
0.567932
0.567932
0.714038
0.714038
0.683216
0.683216
0.365944
0.365944
0.462920
0.462920
0.631662
0.631662
0.449723
0.449723
0.339614
0.339614
0.494469
0.494469
0.631319
0.631319
0.603778
0.603778
0.550285
0.550285
0.567032
0.567032
0.520775
0.520775
0.789995
0.789995
0.489160
0.489160
0.555809
0.555809
0.606143
0.606143
0.815947
0.815947
0.484569
0.484569
0.588103
0.588103
0.714637
0.714637
0.555382
0.555382
0.694727
0.694727
0.582365
0.582365
0.475263
0.475263
0.583739
0.583739
0.610034
0.610034
0.900066
0.900066
0.560415
0.560415
0.554029
0.554029
0.428972
0.428972
0.618987
0.618987
0.672182
0.672182
0.676853
0.676853
0.983150
0.983150
0.643254
0.643254
0.615439
0.615439
0.339290
0.339290
0.937896
0.937896
0.605381
0.605381
0.545526
0.545526
0.677091
0.677091
0.396489
0.396489
0.366509
0.366509
0.588539
0.588539
0.734314
0.734314
0.899536
0.899536
0.782508
0.782508
0.519260
0.519260
0.525307
0.525307
0.714445
0.714445
0.237248
0.237248
0.483960
0.483960
0.646682
0.646682
0.544595
0.544595
0.802128
0.802128
0.390401
0.390401
0.463936
0.463936
0.426555
0.426555
0.750885
0.750885
0.611673
0.611673
0.450266
0.450266
0.680580
0.680580
0.769132
0.769132
0.557149
0.557149
0.569321
0.569321
0.438886
0.438886
0.605747
0.605747
0.367971
0.367971
0.637850
0.637850
0.344996
0.344996
0.433932
0.433932
0.579160
0.579160
0.803056
0.803056
0.978125
0.978125
1.033554
1.033554
0.436257
0.436257
0.472963
0.472963
0.388737
0.388737
0.431367
0.431367
0.701908
0.701908
0.653991
0.653991
0.618655
0.618655
0.733763
0.733763
0.711227
0.711227
0.609403
0.609403
0.828277
0.828277
0.510946
0.510946
0.560994
0.560994
0.421399
0.421399
0.447265
0.447265
0.575431
0.575431
0.608944
0.608944
0.663120
0.663120
0.713791
0.713791
0.647933
0.647933
0.538161
0.538161
0.612605
0.612605
0.348680
0.348680
0.628118
0.628118
0.731927
0.731927
0.446500
0.446500
0.666855
0.666855
0.502459
0.502459
0.707056
0.707056
0.525593
0.525593
0.479255
0.479255
0.693592
0.693592
0.593936
0.593936
0.884369
0.884369
0.678994
0.678994
0.716599
0.716599
0.381306
0.381306
0.604220
0.604220
0.435131
0.435131
0.580658
0.580658
0.571826
0.571826
0.618559
0.618559
0.660268
0.660268
0.584700
0.584700
0.363888
0.363888
0.565592
0.565592
0.469879
0.469879
0.944707
0.944707
0.515619
0.515619
0.454084
0.454084
0.498092
0.498092
0.660913
0.660913
0.551655
0.551655
0.515722
0.515722
0.692032
0.692032
0.468403
0.468403
0.457004
0.457004
0.515638
0.515638
0.314721
0.314721
0.464666
0.464666
0.610625
0.610625
0.686852
0.686852
0.678255
0.678255
0.417737
0.417737
0.444914
0.444914
0.492671
0.492671
0.581500
0.581500
0.476898
0.476898
0.425278
0.425278
0.473912
0.473912
0.541790
0.541790
0.544651
0.544651
0.735079
0.735079
0.482408
0.482408
0.679045
0.679045
0.816073
0.816073
0.455027
0.455027
0.521889
0.521889
0.413839
0.413839
0.427833
0.427833
0.552111
0.552111
0.528833
0.528833
0.806546
0.806546
0.729848
0.729848
0.572388
0.572388
0.583419
0.583419
0.399277
0.399277
0.359221
0.359221
0.631481
0.631481
0.619671
0.619671
0.358671
0.358671
0.557617
0.557617
0.444308
0.444308
0.660901
0.660901
0.692893
0.692893
0.627123
0.627123
0.562154
0.562154
0.549236
0.549236
0.498733
0.498733
0.650038
0.650038
0.730108
0.730108
0.688999
0.688999
0.687805
0.687805
0.583591
0.583591
0.535209
0.535209
0.597617
0.597617
0.836447
0.836447
0.313367
0.313367
0.292257
0.292257
0.522366
0.522366
0.693950
0.693950
0.742811
0.742811
0.659281
0.659281
0.636503
0.636503
0.744340
0.744340
0.553658
0.553658
0.528302
0.528302
0.325063
0.325063
0.626689
0.626689
0.419325
0.419325
0.339276
0.339276
0.519458
0.519458
0.800796
0.800796
0.620501
0.620501
0.587412
0.587412
0.675634
0.675634
0.416920
0.416920
0.690687
0.690687
0.477974
0.477974
0.630068
0.630068
0.527700
0.527700
0.417745
0.417745
0.567737
0.567737
0.593841
0.593841
0.621912
0.621912
0.441665
0.441665
0.531842
0.531842
0.673430
0.673430
0.399549
0.399549
0.631153
0.631153
0.463792
0.463792
0.784926
0.784926
0.530019
0.530019
0.522513
0.522513
0.592350
0.592350
0.506019
0.506019
0.443395
0.443395
0.469037
0.469037
0.633475
0.633475
0.578035
0.578035
0.589545
0.589545
0.621197
0.621197
0.597513
0.597513
0.702175
0.702175
0.777941
0.777941
0.298288
0.298288
0.303593
0.303593
0.552481
0.552481
0.513340
0.513340
0.455763
0.455763
0.672097
0.672097
0.655077
0.655077
0.747622
0.747622
0.600906
0.600906
0.379192
0.379192
0.349058
0.349058
0.546879
0.546879
0.690059
0.690059
0.522847
0.522847
0.734002
0.734002
0.373027
0.373027
0.442188
0.442188
0.505367
0.505367
0.449211
0.449211
0.491153
0.491153
0.620517
0.620517
0.573883
0.573883
0.630865
0.630865
0.870359
0.870359
0.468932
0.468932
0.465346
0.465346
0.621326
0.621326
0.703892
0.703892
0.560987
0.560987
0.510995
0.510995
0.698543
0.698543
0.460636
0.460636
0.601656
0.601656
0.614349
0.614349
0.392116
0.392116
0.651964
0.651964
0.547620
0.547620
0.705935
0.705935
0.545591
0.545591
0.529554
0.529554
1.061140
1.061140
0.631743
0.631743
0.452342
0.452342
0.631238
0.631238
0.429450
0.429450
0.726473
0.726473
0.423176
0.423176
0.917605
0.917605
0.344219
0.344219
0.450409
0.450409
0.656967
0.656967
0.848449
0.848449
0.590073
0.590073
0.823631
0.823631
0.601192
0.601192
0.657186
0.657186
0.614515
0.614515
0.564028
0.564028
0.564744
0.564744
0.458854
0.458854
0.379370
0.379370
0.596154
0.596154
0.766552
0.766552
0.393213
0.393213
0.475345
0.475345
0.578598
0.578598
0.497252
0.497252
0.630749
0.630749
0.547857
0.547857
0.526022
0.526022
0.529750
0.529750
0.727057
0.727057
0.651059
0.651059
0.573571
0.573571
0.587945
0.587945
0.566228
0.566228
0.703306
0.703306
0.389701
0.389701
0.141100
0.141100
0.607833
0.607833
0.812923
0.812923
0.763954
0.763954
0.599488
0.599488
0.381924
0.381924
0.581807
0.581807
0.477202
0.477202
0.611251
0.611251
0.724154
0.724154
0.643945
0.643945
0.348445
0.348445
0.701751
0.701751
0.430970
0.430970
0.618917
0.618917
0.447617
0.447617
0.838862
0.838862
0.526602
0.526602
0.547558
0.547558
0.828041
0.828041
0.681529
0.681529
0.571576
0.571576
0.389489
0.389489
0.461219
0.461219
0.361378
0.361378
0.392438
0.392438
0.489160
0.489160
0.404459
0.404459
0.402911
0.402911
0.471719
0.471719
0.807015
0.807015
0.670867
0.670867
0.501914
0.501914
0.576088
0.576088
0.611302
0.611302
0.424436
0.424436
0.355849
0.355849
0.715725
0.715725
0.407408
0.407408
0.727516
0.727516
0.537835
0.537835
0.673423
0.673423
0.495544
0.495544
0.489521
0.489521
0.452544
0.452544
0.601001
0.601001
0.664391
0.664391
0.573008
0.573008
0.537728
0.537728
0.774994
0.774994
0.326038
0.326038
0.353573
0.353573
0.407813
0.407813
0.662380
0.662380
0.494564
0.494564
0.750205
0.750205
0.726646
0.726646
0.505342
0.505342
0.582570
0.582570
0.513787
0.513787
0.554941
0.554941
0.573164
0.573164
0.688069
0.688069
0.341817
0.341817
0.797069
0.797069
0.592297
0.592297
0.654291
0.654291
0.705326
0.705326
0.620948
0.620948
0.783867
0.783867
0.502570
0.502570
0.520518
0.520518
0.673197
0.673197
0.643471
0.643471
0.625294
0.625294
0.777344
0.777344
0.622660
0.622660
0.470589
0.470589
0.584395
0.584395
0.482813
0.482813
0.305202
0.305202
0.419379
0.419379
0.476414
0.476414
0.707045
0.707045
0.489368
0.489368
0.585924
0.585924
0.568106
0.568106
0.520481
0.520481
0.463847
0.463847
0.623044
0.623044
0.497645
0.497645
0.632946
0.632946
0.716879
0.716879
0.543438
0.543438
0.524654
0.524654
0.556777
0.556777
0.381468
0.381468
0.592725
0.592725
0.615054
0.615054
0.680216
0.680216
0.887661
0.887661
0.886530
0.886530
0.625351
0.625351
0.469690
0.469690
0.593453
0.593453
0.549284
0.549284
0.333131
0.333131
0.454622
0.454622
0.743433
0.743433
0.449303
0.449303
0.732944
0.732944
0.749268
0.749268
0.775972
0.775972
0.486272
0.486272
0.471174
0.471174
0.611226
0.611226
0.539964
0.539964
0.626194
0.626194
0.770705
0.770705
0.474882
0.474882
0.611140
0.611140
0.634059
0.634059
0.376298
0.376298
0.442932
0.442932
0.845645
0.845645
0.714086
0.714086
0.707323
0.707323
0.680473
0.680473
0.478929
0.478929
0.411610
0.411610
0.542606
0.542606
0.514404
0.514404
0.569048
0.569048
0.398725
0.398725
0.557747
0.557747
0.495774
0.495774
0.513771
0.513771
0.424681
0.424681
0.604740
0.604740
0.510626
0.510626
0.663414
0.663414
0.691849
0.691849
0.578702
0.578702
0.446718
0.446718
0.357557
0.357557
0.521057
0.521057
0.414523
0.414523
0.601104
0.601104
0.720674
0.720674
0.638849
0.638849
0.722285
0.722285
0.709075
0.709075
0.615978
0.615978
0.492764
0.492764
0.597067
0.597067
0.516594
0.516594
0.426109
0.426109
0.633482
0.633482
0.393109
0.393109
0.633535
0.633535
0.470981
0.470981
0.372414
0.372414
0.706068
0.706068
0.471967
0.471967
0.598305
0.598305
0.741470
0.741470
0.526625
0.526625
0.699221
0.699221
0.567212
0.567212
0.433206
0.433206
0.372564
0.372564
0.616416
0.616416
0.634155
0.634155
0.671181
0.671181
0.279655
0.279655
0.592371
0.592371
0.281011
0.281011
0.727257
0.727257
0.567936
0.567936
0.482360
0.482360
0.595540
0.595540
0.605208
0.605208
0.624660
0.624660
0.660159
0.660159
0.583331
0.583331
0.344844
0.344844
0.507351
0.507351
0.350181
0.350181
0.777845
0.777845
0.584251
0.584251
0.809282
0.809282
0.722127
0.722127
0.657982
0.657982
0.361403
0.361403
0.394850
0.394850
0.853165
0.853165
0.628510
0.628510
0.489705
0.489705
0.748261
0.748261
0.666212
0.666212
0.443382
0.443382
0.573306
0.573306
0.807084
0.807084
0.813117
0.813117
0.502151
0.502151
0.694950
0.694950
0.580708
0.580708
0.385950
0.385950
0.407914
0.407914
0.668930
0.668930
0.653571
0.653571
0.452706
0.452706
0.666788
0.666788
0.394596
0.394596
0.348721
0.348721
0.590554
0.590554
0.613234
0.613234
0.609762
0.609762
0.665333
0.665333
0.526131
0.526131
0.265354
0.265354
0.548980
0.548980
0.619082
0.619082
0.354147
0.354147
0.585714
0.585714
0.788217
0.788217
0.981392
0.981392
0.691350
0.691350
0.664554
0.664554
0.322525
0.322525
0.510328
0.510328
0.540970
0.540970
0.496582
0.496582
0.483045
0.483045
0.527041
0.527041
0.612405
0.612405
0.477137
0.477137
0.850324
0.850324
0.565776
0.565776
0.789090
0.789090
0.577950
0.577950
0.679657
0.679657
0.431368
0.431368
0.601243
0.601243
0.566474
0.566474
0.941779
0.941779
0.409331
0.409331
0.517362
0.517362
0.465626
0.465626
0.717584
0.717584
0.397450
0.397450
0.764797
0.764797
0.535322
0.535322
0.461469
0.461469
0.414182
0.414182
0.520029
0.520029
0.594191
0.594191
0.576271
0.576271
0.525354
0.525354
0.729924
0.729924
0.604753
0.604753
0.471368
0.471368
0.670315
0.670315
0.526704
0.526704
0.291007
0.291007
0.529168
0.529168
0.458746
0.458746
0.684716
0.684716
0.706067
0.706067
0.586928
0.586928
0.687678
0.687678
0.748273
0.748273
0.417151
0.417151
0.552259
0.552259
0.305262
0.305262
0.619363
0.619363
0.390336
0.390336
0.548957
0.548957
0.571653
0.571653
0.337424
0.337424
0.553274
0.553274
0.522851
0.522851
0.573112
0.573112
0.365921
0.365921
0.454421
0.454421
0.537732
0.537732
0.509438
0.509438
0.534341
0.534341
0.443891
0.443891
0.432223
0.432223
0.800724
0.800724
0.615761
0.615761
0.551755
0.551755
0.570545
0.570545
0.615704
0.615704
0.571566
0.571566
0.670066
0.670066
0.450350
0.450350
0.344749
0.344749
0.609035
0.609035
0.430271
0.430271
0.745623
0.745623
0.561524
0.561524
0.796829
0.796829
0.569104
0.569104
0.510774
0.510774
0.441113
0.441113
0.472099
0.472099
0.447476
0.447476
0.445913
0.445913
0.721740
0.721740
0.509988
0.509988
0.885571
0.885571
0.605289
0.605289
0.996261
0.996261
0.494905
0.494905
0.501958
0.501958
0.527348
0.527348
0.531302
0.531302
0.881342
0.881342
0.585124
0.585124
0.461719
0.461719
0.576021
0.576021
0.547460
0.547460
0.642847
0.642847
0.783476
0.783476
0.363859
0.363859
1.110707
1.110707
0.569214
0.569214
0.694481
0.694481
0.449587
0.449587
0.483666
0.483666
0.377215
0.377215
0.380604
0.380604
0.555426
0.555426
0.678065
0.678065
0.585639
0.585639
0.695880
0.695880
0.536684
0.536684
0.536808
0.536808
0.610603
0.610603
0.769960
0.769960
0.569624
0.569624
0.590987
0.590987
0.366867
0.366867
0.489570
0.489570
0.607079
0.607079
0.560596
0.560596
0.758022
0.758022
0.524535
0.524535
0.518431
0.518431
0.592146
0.592146
0.685373
0.685373
0.547210
0.547210
0.523740
0.523740
0.506025
0.506025
0.529435
0.529435
0.739245
0.739245
0.975002
0.975002
0.543759
0.543759
0.573089
0.573089
0.534479
0.534479
0.538577
0.538577
0.624242
0.624242
0.901533
0.901533
0.684099
0.684099
0.860147
0.860147
0.891819
0.891819
0.378364
0.378364
0.645051
0.645051
0.263831
0.263831
0.302739
0.302739
0.387768
0.387768
0.499933
0.499933
0.692791
0.692791
0.665423
0.665423
0.568505
0.568505
0.632796
0.632796
0.444193
0.444193
0.606795
0.606795
0.522524
0.522524
0.545145
0.545145
0.544875
0.544875
0.535362
0.535362
0.612789
0.612789
0.460298
0.460298
0.525272
0.525272
0.103507
0.103507
0.520256
0.520256
0.321895
0.321895
0.543815
0.543815
0.441813
0.441813
0.815867
0.815867
0.694629
0.694629
0.658325
0.658325
0.440033
0.440033
0.515628
0.515628
0.312573
0.312573
0.626260
0.626260
0.656656
0.656656
0.525855
0.525855
0.598758
0.598758
0.509749
0.509749
0.301057
0.301057
0.552605
0.552605
0.524029
0.524029
0.874511
0.874511
0.571670
0.571670
0.500093
0.500093
0.427052
0.427052
0.616336
0.616336
0.395551
0.395551
0.548335
0.548335
0.488657
0.488657
0.521999
0.521999
0.515036
0.515036
0.498477
0.498477
0.617733
0.617733
0.590306
0.590306
0.662630
0.662630
0.654213
0.654213
0.543339
0.543339
0.470393
0.470393
0.404336
0.404336
0.848547
0.848547
0.638719
0.638719
0.447437
0.447437
0.517062
0.517062
0.518336
0.518336
0.706547
0.706547
0.828935
0.828935
0.657837
0.657837
0.537955
0.537955
0.744177
0.744177
0.593719
0.593719
0.380548
0.380548
0.628679
0.628679
0.483855
0.483855
0.462079
0.462079
0.743541
0.743541
0.523542
0.523542
0.553880
0.553880
0.699939
0.699939
0.632943
0.632943
0.431392
0.431392
0.713373
0.713373
0.441561
0.441561
0.516452
0.516452
0.537043
0.537043
0.557009
0.557009
0.356584
0.356584
0.509203
0.509203
0.861273
0.861273
0.542768
0.542768
0.504767
0.504767
0.722917
0.722917
0.532884
0.532884
0.396933
0.396933
0.390181
0.390181
0.494825
0.494825
0.594808
0.594808
0.384930
0.384930
0.520387
0.520387
0.508656
0.508656
0.529839
0.529839
0.935256
0.935256
0.417188
0.417188
0.554978
0.554978
0.704397
0.704397
0.566294
0.566294
0.394523
0.394523
0.525376
0.525376
0.467539
0.467539
0.352372
0.352372
0.408413
0.408413
0.551723
0.551723
0.836781
0.836781
0.575703
0.575703
0.468263
0.468263
0.662796
0.662796
0.716657
0.716657
0.616797
0.616797
0.633619
0.633619
0.619570
0.619570
0.412721
0.412721
0.447187
0.447187
0.533299
0.533299
0.495007
0.495007
0.394178
0.394178
0.600679
0.600679
0.640212
0.640212
1.134740
1.134740
0.526606
0.526606
0.608510
0.608510
0.673660
0.673660
0.624082
0.624082
0.622075
0.622075
0.477429
0.477429
0.468730
0.468730
0.570089
0.570089
0.397210
0.397210
0.444280
0.444280
0.640487
0.640487
0.613331
0.613331
0.582539
0.582539
0.433480
0.433480
0.849881
0.849881
0.523847
0.523847
0.544852
0.544852
0.544071
0.544071
0.600000
0.600000
0.571202
0.571202
0.436294
0.436294
0.651857
0.651857
0.312035
0.312035
0.398342
0.398342
0.160576
0.160576
0.513252
0.513252
0.470355
0.470355
0.506021
0.506021
0.572581
0.572581
0.545770
0.545770
0.345580
0.345580
0.495802
0.495802
0.303769
0.303769
0.345367
0.345367
0.448988
0.448988
0.705717
0.705717
0.551187
0.551187
0.785758
0.785758
0.591695
0.591695
0.668666
0.668666
0.556448
0.556448
0.453784
0.453784
0.490331
0.490331
0.467579
0.467579
0.545463
0.545463
0.468296
0.468296
0.452994
0.452994
0.558254
0.558254
0.525007
0.525007
0.553825
0.553825
0.571584
0.571584
0.547064
0.547064
0.406121
0.406121
0.556893
0.556893
0.600025
0.600025
0.713680
0.713680
0.529325
0.529325
0.592780
0.592780
0.496094
0.496094
0.491710
0.491710
0.663339
0.663339
0.696966
0.696966
0.527121
0.527121
0.489989
0.489989
0.406037
0.406037
0.664892
0.664892
0.503343
0.503343
0.628222
0.628222
0.362173
0.362173
0.784747
0.784747
0.530487
0.530487
0.486977
0.486977
0.830869
0.830869
0.658228
0.658228
0.646855
0.646855
0.335856
0.335856
0.277540
0.277540
0.503818
0.503818
0.447371
0.447371
0.403836
0.403836
0.457881
0.457881
0.614284
0.614284
0.806311
0.806311
0.505765
0.505765
0.752246
0.752246
0.308936
0.308936
0.676122
0.676122
0.450988
0.450988
0.426186
0.426186
0.542159
0.542159
0.994544
0.994544
0.347403
0.347403
0.698427
0.698427
0.379551
0.379551
0.424403
0.424403
0.551477
0.551477
0.469096
0.469096
0.526390
0.526390
0.471234
0.471234
0.945604
0.945604
0.646585
0.646585
0.730410
0.730410
0.602701
0.602701
0.610491
0.610491
0.467276
0.467276
0.584779
0.584779
0.482623
0.482623
0.565044
0.565044
0.525648
0.525648
0.570487
0.570487
0.605907
0.605907
0.745757
0.745757
0.456598
0.456598
0.861930
0.861930
0.665693
0.665693
0.694358
0.694358
0.460167
0.460167
0.759543
0.759543
0.487635
0.487635
0.449849
0.449849
0.491182
0.491182
0.709295
0.709295
0.651101
0.651101
0.739665
0.739665
0.574558
0.574558
0.446058
0.446058
0.652870
0.652870
0.424409
0.424409
0.533782
0.533782
0.476685
0.476685
0.724417
0.724417
0.665376
0.665376
0.510042
0.510042
0.434034
0.434034
0.339540
0.339540
0.529285
0.529285
0.561126
0.561126
0.553691
0.553691
0.760145
0.760145
0.383476
0.383476
0.665932
0.665932
0.808802
0.808802
0.403462
0.403462
0.598677
0.598677
0.613175
0.613175
0.856756
0.856756
0.481159
0.481159
0.367806
0.367806
0.582354
0.582354
0.485493
0.485493
0.411378
0.411378
0.338901
0.338901
0.701379
0.701379
0.580853
0.580853
0.454856
0.454856
0.558176
0.558176
0.809148
0.809148
0.411013
0.411013
0.595752
0.595752
0.371658
0.371658
0.376505
0.376505
0.606918
0.606918
0.413230
0.413230
0.588269
0.588269
0.723001
0.723001
0.628341
0.628341
0.648942
0.648942
0.812384
0.812384
0.385412
0.385412
0.441551
0.441551
0.400017
0.400017
0.395101
0.395101
0.410745
0.410745
0.378144
0.378144
0.605705
0.605705
0.447587
0.447587
0.778351
0.778351
0.735095
0.735095
0.697734
0.697734
0.479652
0.479652
0.547071
0.547071
0.659093
0.659093
0.444547
0.444547
0.539324
0.539324
0.692273
0.692273
0.663346
0.663346
0.609283
0.609283
0.639208
0.639208
0.387129
0.387129
0.322363
0.322363
0.404356
0.404356
0.574155
0.574155
0.613513
0.613513
0.435616
0.435616
0.642202
0.642202
0.697515
0.697515
0.447522
0.447522
0.672807
0.672807
0.591770
0.591770
0.541445
0.541445
0.296035
0.296035
0.422135
0.422135
0.504217
0.504217
0.574646
0.574646
0.559699
0.559699
0.469069
0.469069
0.539274
0.539274
0.493773
0.493773
0.607559
0.607559
0.449844
0.449844
0.443792
0.443792
0.679027
0.679027
0.469208
0.469208
0.536791
0.536791
0.530625
0.530625
0.331643
0.331643
0.464960
0.464960
0.571509
0.571509
0.389849
0.389849
0.352793
0.352793
0.492738
0.492738
0.567116
0.567116
0.586351
0.586351
0.546592
0.546592
0.463620
0.463620
0.522584
0.522584
0.595392
0.595392
0.385243
0.385243
0.510037
0.510037
0.843954
0.843954
0.443218
0.443218
0.734395
0.734395
0.814103
0.814103
0.561767
0.561767
0.478420
0.478420
0.520383
0.520383
0.550502
0.550502
0.411291
0.411291
0.557292
0.557292
0.545005
0.545005
0.480971
0.480971
0.738116
0.738116
0.233322
0.233322
0.653853
0.653853
0.867950
0.867950
0.669103
0.669103
0.650394
0.650394
0.661818
0.661818
0.715129
0.715129
0.546125
0.546125
0.399700
0.399700
0.541108
0.541108
0.536402
0.536402
0.654912
0.654912
0.602095
0.602095
0.472777
0.472777
0.691351
0.691351
0.715391
0.715391
0.646450
0.646450
0.437563
0.437563
0.432756
0.432756
0.580310
0.580310
0.457404
0.457404
0.685096
0.685096
0.616351
0.616351
0.481271
0.481271
0.555618
0.555618
0.633890
0.633890
0.743780
0.743780
0.581757
0.581757
0.383177
0.383177
0.747967
0.747967
0.411170
0.411170
0.476570
0.476570
0.461953
0.461953
0.578588
0.578588
0.915471
0.915471
0.519461
0.519461
0.493439
0.493439
0.464361
0.464361
0.573452
0.573452
0.559684
0.559684
0.501063
0.501063
0.560011
0.560011
0.538726
0.538726
0.419594
0.419594
0.399941
0.399941
0.429991
0.429991
0.628966
0.628966
0.651634
0.651634
0.580654
0.580654
0.402895
0.402895
0.310688
0.310688
0.424482
0.424482
0.365695
0.365695
0.647067
0.647067
0.513655
0.513655
0.820544
0.820544
0.632915
0.632915
0.513456
0.513456
0.573353
0.573353
0.595416
0.595416
0.603738
0.603738
0.482742
0.482742
0.505253
0.505253
0.578560
0.578560
0.536366
0.536366
0.682907
0.682907
0.389327
0.389327
0.477382
0.477382
0.485079
0.485079
0.594488
0.594488
0.578221
0.578221
0.525942
0.525942
0.597017
0.597017
0.653535
0.653535
0.434728
0.434728
0.434761
0.434761
0.593470
0.593470
0.485791
0.485791
0.322177
0.322177
0.441421
0.441421
0.653974
0.653974
0.405202
0.405202
0.693058
0.693058
0.501376
0.501376
0.618990
0.618990
0.622346
0.622346
0.655526
0.655526
0.582379
0.582379
0.526438
0.526438
0.740603
0.740603
0.349937
0.349937
0.485143
0.485143
0.864476
0.864476
0.490224
0.490224
0.568051
0.568051
0.545050
0.545050
0.547734
0.547734
0.924943
0.924943
0.520368
0.520368
0.632215
0.632215
0.523100
0.523100
0.517288
0.517288
0.487710
0.487710
0.553950
0.553950
0.548254
0.548254
0.593623
0.593623
0.621981
0.621981
0.700432
0.700432
0.593632
0.593632
0.516352
0.516352
0.623137
0.623137
0.338506
0.338506
0.403635
0.403635
0.388084
0.388084
0.910225
0.910225
0.469955
0.469955
0.433266
0.433266
0.635990
0.635990
0.393176
0.393176
0.375656
0.375656
0.475115
0.475115
0.977098
0.977098
0.489521
0.489521
0.516449
0.516449
0.748766
0.748766
0.800991
0.800991
0.403037
0.403037
0.452972
0.452972
0.524787
0.524787
0.609070
0.609070
0.554582
0.554582
0.517682
0.517682
0.337576
0.337576
0.309910
0.309910
0.651636
0.651636
0.518690
0.518690
0.569542
0.569542
0.419033
0.419033
0.490821
0.490821
0.581804
0.581804
0.555229
0.555229
0.475119
0.475119
0.822796
0.822796
0.556723
0.556723
0.778092
0.778092
0.913373
0.913373
0.547574
0.547574
0.396138
0.396138
0.451381
0.451381
0.726067
0.726067
0.721998
0.721998
0.513387
0.513387
0.616425
0.616425
0.478736
0.478736
0.326824
0.326824
0.623104
0.623104
0.420420
0.420420
0.610399
0.610399
0.472784
0.472784
0.570986
0.570986
0.479314
0.479314
0.505932
0.505932
0.666386
0.666386
0.308235
0.308235
0.494734
0.494734
0.565533
0.565533
0.428041
0.428041
0.695107
0.695107
0.681787
0.681787
0.572269
0.572269
0.373975
0.373975
0.452303
0.452303
0.846181
0.846181
0.534701
0.534701
0.614521
0.614521
0.555588
0.555588
0.624764
0.624764
0.387404
0.387404
0.610859
0.610859
0.404592
0.404592
0.796040
0.796040
0.465655
0.465655
0.524806
0.524806
0.612869
0.612869
0.491991
0.491991
0.497021
0.497021
0.748586
0.748586
0.474866
0.474866
0.554779
0.554779
0.707948
0.707948
0.451645
0.451645
0.355588
0.355588
0.498481
0.498481
0.504241
0.504241
0.499523
0.499523
0.575904
0.575904
0.484855
0.484855
0.516244
0.516244
0.490353
0.490353
0.640250
0.640250
0.429673
0.429673
0.527376
0.527376
0.577364
0.577364
0.496083
0.496083
0.359191
0.359191
0.481331
0.481331
0.611722
0.611722
0.410834
0.410834
0.632039
0.632039
0.765933
0.765933
0.589109
0.589109
0.451125
0.451125
0.505056
0.505056
0.430924
0.430924
0.477539
0.477539
0.777371
0.777371
0.479012
0.479012
0.605005
0.605005
0.403590
0.403590
0.476513
0.476513
0.561796
0.561796
0.660996
0.660996
0.471119
0.471119
0.461739
0.461739
0.554785
0.554785
0.719425
0.719425
0.607454
0.607454
0.543423
0.543423
0.586261
0.586261
0.489468
0.489468
0.361617
0.361617
0.662718
0.662718
0.400593
0.400593
0.478455
0.478455
0.475589
0.475589
0.575922
0.575922
0.398695
0.398695
0.516128
0.516128
0.731043
0.731043
0.629778
0.629778
0.452343
0.452343
0.405516
0.405516
0.534046
0.534046
0.424150
0.424150
0.644514
0.644514
0.648382
0.648382
0.705621
0.705621
0.752885
0.752885
0.701387
0.701387
0.460566
0.460566
0.401936
0.401936
0.440971
0.440971
0.518492
0.518492
0.663940
0.663940
0.672243
0.672243
0.548042
0.548042
0.207892
0.207892
0.338417
0.338417
0.509352
0.509352
0.671107
0.671107
0.712670
0.712670
0.621976
0.621976
0.536694
0.536694
0.344792
0.344792
0.471671
0.471671
0.406912
0.406912
0.338902
0.338902
0.549655
0.549655
0.571520
0.571520
0.357503
0.357503
0.607189
0.607189
0.445431
0.445431
0.570466
0.570466
0.543852
0.543852
0.468742
0.468742
0.633632
0.633632
0.697221
0.697221
0.392521
0.392521
0.681701
0.681701
0.651007
0.651007
0.555059
0.555059
0.445611
0.445611
0.572612
0.572612
0.498813
0.498813
0.345256
0.345256
0.627578
0.627578
0.523557
0.523557
0.848457
0.848457
0.594501
0.594501
0.535689
0.535689
0.669765
0.669765
0.527795
0.527795
0.570621
0.570621
0.723759
0.723759
0.553984
0.553984
0.638517
0.638517
0.644033
0.644033
0.544209
0.544209
0.498324
0.498324
0.462327
0.462327
0.690329
0.690329
0.433828
0.433828
0.504647
0.504647
0.630645
0.630645
0.400373
0.400373
0.639887
0.639887
0.865761
0.865761
0.892071
0.892071
0.527812
0.527812
0.378263
0.378263
0.370516
0.370516
0.684446
0.684446
0.595949
0.595949
0.576842
0.576842
0.669564
0.669564
0.633979
0.633979
0.619923
0.619923
0.571750
0.571750
0.481823
0.481823
0.672868
0.672868
0.493958
0.493958
0.598630
0.598630
0.768587
0.768587
0.492059
0.492059
0.640545
0.640545
0.538305
0.538305
0.513104
0.513104
0.324619
0.324619
0.611450
0.611450
0.383822
0.383822
0.435117
0.435117
0.665213
0.665213
0.705408
0.705408
0.613762
0.613762
0.594209
0.594209
0.529921
0.529921
0.432012
0.432012
0.491889
0.491889
0.406080
0.406080
0.447779
0.447779
0.428679
0.428679
0.482911
0.482911
0.512808
0.512808
0.572897
0.572897
0.541573
0.541573
0.358311
0.358311
0.437932
0.437932
0.343755
0.343755
0.422314
0.422314
0.613852
0.613852
0.520508
0.520508
0.445717
0.445717
0.670719
0.670719
0.571246
0.571246
0.531963
0.531963
0.474044
0.474044
0.424816
0.424816
0.519738
0.519738
0.491510
0.491510
0.609630
0.609630
0.726256
0.726256
0.670479
0.670479
0.588525
0.588525
0.296717
0.296717
0.570655
0.570655
0.526220
0.526220
0.421991
0.421991
0.469961
0.469961
0.475301
0.475301
0.689866
0.689866
0.669104
0.669104
0.465472
0.465472
0.599570
0.599570
0.565482
0.565482
0.746328
0.746328
0.659478
0.659478
0.521433
0.521433
0.524492
0.524492
0.611785
0.611785
0.515012
0.515012
0.423094
0.423094
0.359985
0.359985
0.576862
0.576862
0.582483
0.582483
0.773638
0.773638
0.773889
0.773889
0.580204
0.580204
0.567556
0.567556
0.784750
0.784750
0.362551
0.362551
0.400338
0.400338
0.433679
0.433679
0.304043
0.304043
0.800937
0.800937
0.571630
0.571630
0.343803
0.343803
0.466015
0.466015
0.533185
0.533185
0.479229
0.479229
0.515057
0.515057
0.586649
0.586649
0.578526
0.578526
0.486643
0.486643
0.434023
0.434023
0.611037
0.611037
0.669963
0.669963
0.362939
0.362939
0.467836
0.467836
0.489721
0.489721
0.672403
0.672403
0.655440
0.655440
0.667996
0.667996
0.593976
0.593976
0.575556
0.575556
0.761679
0.761679
0.490886
0.490886
0.437151
0.437151
0.670804
0.670804
0.452881
0.452881
0.737071
0.737071
0.818936
0.818936
0.417131
0.417131
0.470017
0.470017
0.328353
0.328353
0.319067
0.319067
0.481986
0.481986
0.688484
0.688484
0.404065
0.404065
0.583786
0.583786
0.454903
0.454903
0.507273
0.507273
0.510798
0.510798
0.323071
0.323071
0.662844
0.662844
0.378977
0.378977
0.557050
0.557050
0.605256
0.605256
0.406153
0.406153
0.662687
0.662687
0.402398
0.402398
0.360086
0.360086
0.577215
0.577215
0.441479
0.441479
0.498386
0.498386
0.360505
0.360505
0.597106
0.597106
0.571925
0.571925
0.555085
0.555085
0.781038
0.781038
0.442232
0.442232
0.700504
0.700504
0.299141
0.299141
0.398061
0.398061
0.570933
0.570933
0.396589
0.396589
0.557301
0.557301
0.445208
0.445208
0.603836
0.603836
0.576756
0.576756
0.360991
0.360991
0.399278
0.399278
0.389767
0.389767
0.462263
0.462263
0.902773
0.902773
0.522208
0.522208
0.721395
0.721395
0.430893
0.430893
0.536059
0.536059
0.528820
0.528820
0.636828
0.636828
0.483428
0.483428
0.518306
0.518306
0.370982
0.370982
0.627200
0.627200
0.520902
0.520902
0.485453
0.485453
0.807377
0.807377
0.644835
0.644835
0.796427
0.796427
0.887468
0.887468
0.517159
0.517159
0.489753
0.489753
0.349153
0.349153
0.443502
0.443502
0.350729
0.350729
0.633035
0.633035
0.653273
0.653273
0.550181
0.550181
0.669435
0.669435
0.725370
0.725370
0.630245
0.630245
0.378617
0.378617
0.541819
0.541819
0.594038
0.594038
0.426711
0.426711
0.658839
0.658839
0.480083
0.480083
0.414009
0.414009
0.600333
0.600333
0.483639
0.483639
0.467748
0.467748
0.623830
0.623830
0.602653
0.602653
0.579121
0.579121
0.688643
0.688643
0.381077
0.381077
0.455637
0.455637
0.680837
0.680837
0.599809
0.599809
0.738615
0.738615
0.710958
0.710958
0.459683
0.459683
0.467827
0.467827
0.575511
0.575511
0.523803
0.523803
0.427002
0.427002
0.664524
0.664524
0.461578
0.461578
0.639802
0.639802
0.486465
0.486465
0.617393
0.617393
0.486254
0.486254
0.627900
0.627900
0.682242
0.682242
0.579725
0.579725
0.701274
0.701274
0.365672
0.365672
0.330236
0.330236
0.359143
0.359143
0.543834
0.543834
0.617355
0.617355
0.633142
0.633142
0.495025
0.495025
0.515269
0.515269
0.621910
0.621910
0.269883
0.269883
0.588247
0.588247
0.325161
0.325161
0.704039
0.704039
0.491668
0.491668
0.525848
0.525848
0.451923
0.451923
0.368118
0.368118
0.468707
0.468707
0.587006
0.587006
0.642132
0.642132
0.432729
0.432729
0.501947
0.501947
0.446301
0.446301
0.393927
0.393927
0.585023
0.585023
0.605499
0.605499
0.528831
0.528831
0.496634
0.496634
0.754279
0.754279
0.735828
0.735828
0.348162
0.348162
0.435941
0.435941
0.430458
0.430458
0.488974
0.488974
0.449420
0.449420
0.474112
0.474112
0.502389
0.502389
0.519646
0.519646
0.531195
0.531195
0.520604
0.520604
0.675266
0.675266
0.392946
0.392946
0.725096
0.725096
0.404754
0.404754
0.555448
0.555448
0.468904
0.468904
0.417344
0.417344
0.686990
0.686990
0.439240
0.439240
0.722322
0.722322
0.818052
0.818052
0.530702
0.530702
0.642790
0.642790
0.381497
0.381497
0.471506
0.471506
0.472795
0.472795
0.428797
0.428797
0.481493
0.481493
0.410054
0.410054
0.677388
0.677388
0.467695
0.467695
0.433547
0.433547
0.525765
0.525765
0.540986
0.540986
0.500405
0.500405
0.628372
0.628372
0.337453
0.337453
0.323303
0.323303
0.577657
0.577657
0.349731
0.349731
0.528054
0.528054
0.517457
0.517457
0.613207
0.613207
0.633539
0.633539
0.658767
0.658767
0.443063
0.443063
0.331004
0.331004
0.371855
0.371855
0.705938
0.705938
0.483827
0.483827
0.595178
0.595178
0.668358
0.668358
0.917371
0.917371
0.617145
0.617145
0.539061
0.539061
0.672678
0.672678
0.474587
0.474587
0.597620
0.597620
0.652070
0.652070
0.507443
0.507443
0.572185
0.572185
0.508092
0.508092
0.440245
0.440245
0.716567
0.716567
0.757782
0.757782
0.563950
0.563950
0.400357
0.400357
0.477477
0.477477
0.278003
0.278003
0.514483
0.514483
0.698303
0.698303
0.505151
0.505151
0.524635
0.524635
0.472854
0.472854
0.550012
0.550012
0.449329
0.449329
1.062736
1.062736
0.529136
0.529136
0.334740
0.334740
0.619851
0.619851
0.332545
0.332545
0.329850
0.329850
0.672388
0.672388
0.484226
0.484226
0.778438
0.778438
0.512930
0.512930
0.628440
0.628440
0.466645
0.466645
0.645229
0.645229
0.414233
0.414233
0.308977
0.308977
0.426648
0.426648
0.639894
0.639894
0.583305
0.583305
0.349994
0.349994
0.577198
0.577198
0.470869
0.470869
0.414972
0.414972
0.782568
0.782568
0.956832
0.956832
0.615490
0.615490
0.697296
0.697296
0.498644
0.498644
0.559594
0.559594
0.682821
0.682821
0.434159
0.434159
0.357334
0.357334
0.518912
0.518912
0.535818
0.535818
0.684775
0.684775
0.457870
0.457870
0.644107
0.644107
0.481551
0.481551
0.522650
0.522650
0.453993
0.453993
0.479549
0.479549
0.385848
0.385848
0.517883
0.517883
0.542008
0.542008
0.661869
0.661869
0.601435
0.601435
0.783324
0.783324
0.351298
0.351298
0.545840
0.545840
0.698202
0.698202
0.451445
0.451445
0.435868
0.435868
0.363438
0.363438
0.447696
0.447696
0.576130
0.576130
0.372025
0.372025
0.419936
0.419936
0.579616
0.579616
0.451793
0.451793
0.368374
0.368374
0.457287
0.457287
0.662352
0.662352
0.729371
0.729371
0.548527
0.548527
0.466723
0.466723
0.559912
0.559912
0.648761
0.648761
0.508342
0.508342
0.563465
0.563465
0.511824
0.511824
0.801188
0.801188
0.631069
0.631069
0.646756
0.646756
0.583679
0.583679
0.459971
0.459971
0.470991
0.470991
0.567793
0.567793
0.373762
0.373762
0.535514
0.535514
0.575693
0.575693
0.445931
0.445931
0.568946
0.568946
0.718186
0.718186
0.499417
0.499417
0.513506
0.513506
0.353607
0.353607
0.405997
0.405997
0.370764
0.370764
0.543013
0.543013
0.468823
0.468823
0.826964
0.826964
0.483896
0.483896
0.564849
0.564849
0.382212
0.382212
0.396151
0.396151
0.432631
0.432631
0.342706
0.342706
0.578750
0.578750
0.709038
0.709038
0.789328
0.789328
0.538667
0.538667
0.565669
0.565669
0.465463
0.465463
0.374021
0.374021
0.454579
0.454579
0.538403
0.538403
0.768328
0.768328
0.477178
0.477178
0.570201
0.570201
0.461681
0.461681
0.503989
0.503989
0.598405
0.598405
0.525574
0.525574
0.478995
0.478995
0.437544
0.437544
0.488291
0.488291
0.606484
0.606484
0.437307
0.437307
0.782601
0.782601
0.532656
0.532656
0.333484
0.333484
0.444844
0.444844
0.452441
0.452441
0.592152
0.592152
0.444553
0.444553
0.567867
0.567867
0.651401
0.651401
0.580565
0.580565
0.443802
0.443802
0.491237
0.491237
0.934306
0.934306
0.416085
0.416085
0.628529
0.628529
0.460549
0.460549
0.460121
0.460121
0.634977
0.634977
0.420251
0.420251
0.539396
0.539396
0.418170
0.418170
0.688737
0.688737
0.484934
0.484934
0.636946
0.636946
0.478699
0.478699
0.568884
0.568884
0.369080
0.369080
0.714580
0.714580
0.510367
0.510367
0.470693
0.470693
0.465670
0.465670
0.534679
0.534679
0.478979
0.478979
0.666055
0.666055
0.453352
0.453352
0.372028
0.372028
0.387618
0.387618
0.574247
0.574247
0.530909
0.530909
0.435614
0.435614
0.656319
0.656319
0.465776
0.465776
0.647550
0.647550
0.382061
0.382061
0.471057
0.471057
0.498412
0.498412
0.786570
0.786570
0.826560
0.826560
0.527707
0.527707
0.479293
0.479293
0.613722
0.613722
0.506375
0.506375
0.514198
0.514198
0.526121
0.526121
0.692734
0.692734
0.438916
0.438916
0.485532
0.485532
0.688652
0.688652
0.554058
0.554058
0.498731
0.498731
0.308414
0.308414
0.528812
0.528812
0.609268
0.609268
0.497802
0.497802
0.408057
0.408057
0.382134
0.382134
0.667672
0.667672
0.591140
0.591140
0.520537
0.520537
0.579150
0.579150
0.354826
0.354826
0.396910
0.396910
0.491932
0.491932
0.503548
0.503548
0.553575
0.553575
0.640653
0.640653
0.705929
0.705929
0.442250
0.442250
0.556410
0.556410
0.507042
0.507042
0.580789
0.580789
0.452347
0.452347
0.490363
0.490363
0.495335
0.495335
0.404260
0.404260
0.513962
0.513962
0.352424
0.352424
0.447535
0.447535
0.608119
0.608119
0.486477
0.486477
0.390432
0.390432
0.603866
0.603866
0.483758
0.483758
0.512787
0.512787
0.508165
0.508165
0.472985
0.472985
0.420467
0.420467
0.449208
0.449208
0.438765
0.438765
0.577405
0.577405
0.316788
0.316788
0.623232
0.623232
0.565428
0.565428
0.631752
0.631752
0.595882
0.595882
0.696876
0.696876
0.766829
0.766829
0.594739
0.594739
0.562151
0.562151
0.383311
0.383311
0.344577
0.344577
0.478148
0.478148
0.557047
0.557047
0.409199
0.409199
0.511631
0.511631
0.529255
0.529255
0.726355
0.726355
0.653359
0.653359
0.514151
0.514151
0.617889
0.617889
0.499636
0.499636
0.556744
0.556744
0.393715
0.393715
0.388545
0.388545
0.416336
0.416336
0.567770
0.567770
0.502498
0.502498
0.558833
0.558833
0.493561
0.493561
0.729666
0.729666
0.452752
0.452752
0.510501
0.510501
0.612997
0.612997
0.670894
0.670894
0.427338
0.427338
0.408710
0.408710
0.573091
0.573091
0.367598
0.367598
0.448555
0.448555
0.464063
0.464063
0.555489
0.555489
0.693504
0.693504
0.688698
0.688698
0.680637
0.680637
0.553457
0.553457
0.397437
0.397437
0.931393
0.931393
0.368161
0.368161
0.341269
0.341269
0.534397
0.534397
0.523177
0.523177
0.622287
0.622287
0.558507
0.558507
0.414000
0.414000
0.525510
0.525510
0.415243
0.415243
0.473368
0.473368
0.419269
0.419269
0.591056
0.591056
0.860768
0.860768
0.609111
0.609111
0.657741
0.657741
0.446179
0.446179
0.381975
0.381975
0.493759
0.493759
0.525386
0.525386
0.596371
0.596371
0.689903
0.689903
0.620453
0.620453
0.501843
0.501843
0.496302
0.496302
0.451452
0.451452
0.243496
0.243496
0.481212
0.481212
0.401699
0.401699
0.822024
0.822024
0.529451
0.529451
0.608353
0.608353
0.614178
0.614178
0.460041
0.460041
0.433160
0.433160
0.516486
0.516486
0.597228
0.597228
0.468937
0.468937
0.441437
0.441437
0.556441
0.556441
0.740528
0.740528
0.585226
0.585226
0.725253
0.725253
0.445356
0.445356
0.566879
0.566879
0.420045
0.420045
0.422115
0.422115
0.561812
0.561812
0.623873
0.623873
0.657436
0.657436
0.450332
0.450332
0.582241
0.582241
0.439293
0.439293
0.904429
0.904429
0.503562
0.503562
0.533275
0.533275
0.555033
0.555033
0.633863
0.633863
0.338472
0.338472
0.349771
0.349771
0.358820
0.358820
0.359893
0.359893
0.542718
0.542718
0.509383
0.509383
0.786660
0.786660
0.654660
0.654660
0.617056
0.617056
0.310273
0.310273
0.284515
0.284515
0.412348
0.412348
0.513972
0.513972
0.540832
0.540832
0.469474
0.469474
0.679984
0.679984
0.522802
0.522802
0.465238
0.465238
0.751411
0.751411
0.467818
0.467818
0.447838
0.447838
0.429275
0.429275
0.400023
0.400023
0.534709
0.534709
0.360338
0.360338
0.420332
0.420332
0.491845
0.491845
0.558168
0.558168
0.653492
0.653492
0.485225
0.485225
0.524215
0.524215
0.640590
0.640590
0.560048
0.560048
0.660433
0.660433
0.563601
0.563601
0.329422
0.329422
0.582495
0.582495
0.347644
0.347644
0.440783
0.440783
0.485809
0.485809
0.656564
0.656564
0.635564
0.635564
0.726949
0.726949
0.545340
0.545340
0.471294
0.471294
0.349462
0.349462
0.373636
0.373636
0.614518
0.614518
0.720899
0.720899
0.409085
0.409085
0.453552
0.453552
0.639832
0.639832
0.435083
0.435083
0.721355
0.721355
0.553437
0.553437
0.426138
0.426138
0.568186
0.568186
0.648664
0.648664
0.389865
0.389865
0.414135
0.414135
0.453910
0.453910
0.592119
0.592119
0.462201
0.462201
0.451651
0.451651
0.290704
0.290704
0.314111
0.314111
0.552015
0.552015
0.323967
0.323967
0.317952
0.317952
0.937844
0.937844
0.575546
0.575546
0.550105
0.550105
0.657818
0.657818
0.588368
0.588368
0.511634
0.511634
0.465342
0.465342
0.389245
0.389245
0.325103
0.325103
0.529676
0.529676
0.688761
0.688761
0.853244
0.853244
0.488977
0.488977
0.706409
0.706409
0.453996
0.453996
0.623159
0.623159
0.719444
0.719444
0.736682
0.736682
0.451755
0.451755
0.447611
0.447611
0.376358
0.376358
0.410491
0.410491
0.504800
0.504800
0.487889
0.487889
0.509169
0.509169
0.676413
0.676413
0.545377
0.545377
0.539007
0.539007
0.449207
0.449207
0.679059
0.679059
0.410112
0.410112
0.578444
0.578444
0.511717
0.511717
0.528553
0.528553
0.509288
0.509288
0.683874
0.683874
0.440772
0.440772
0.553938
0.553938
0.386179
0.386179
0.593053
0.593053
0.491701
0.491701
0.402921
0.402921
0.651635
0.651635
0.623577
0.623577
0.553799
0.553799
0.707347
0.707347
0.455158
0.455158
0.311379
0.311379
0.426456
0.426456
0.672635
0.672635
0.952240
0.952240
0.457669
0.457669
0.658768
0.658768
0.491733
0.491733
0.524774
0.524774
0.355413
0.355413
